opportunity,time,cap,extra_cost_bps,tickets,total_R,incremental_R
1769055300007_SELL,2026.01.22 04:15:00,1,0,1,0.4546544,0.0
1769174100008_SELL,2026.01.23 13:15:00,1,0,1,-0.18850644,0.0
1769469300010_SELL,2026.01.26 23:15:00,1,0,1,0.94930612,0.0
1769482200011_SELL,2026.01.27 02:50:00,1,0,1,-1.0022758,0.0
1769721300024_SELL,2026.01.29 21:15:00,1,0,1,-0.26940391,0.0
1769742000015_SELL,2026.01.30 03:00:00,1,0,1,1.96093459,0.0
1769760000047_SELL,2026.01.30 08:00:00,1,0,1,-0.42925066,0.0
1769784600035_SELL,2026.01.30 14:50:00,1,0,1,-1.00058655,0.0
1769792400039_SELL,2026.01.30 17:00:00,1,0,1,0.82644823,0.0
1769813100051_SELL,2026.01.30 22:45:00,1,0,1,0.61194107,0.0
1769994300011_SELL,2026.02.02 01:05:00,1,0,1,2.2096607,0.0
1770000900026_SELL,2026.02.02 02:55:00,1,0,1,0.80688468,0.0
1770008100047_SELL,2026.02.02 04:55:00,1,0,1,0.60498937,0.0
1770060000091_SELL,2026.02.02 19:20:00,1,0,1,0.30882246,0.0
1770073200031_SELL,2026.02.02 23:00:00,1,0,1,-0.41728312,0.0
1770288900046_SELL,2026.02.05 10:55:00,1,0,1,1.35745513,0.0
1770299400010_SELL,2026.02.05 13:50:00,1,0,1,0.24547742,0.0
1770311700035_SELL,2026.02.05 17:15:00,1,0,1,-0.08686913,0.0
1770312300005_SELL,2026.02.05 17:25:00,1,0,1,0.53135513,0.0
1770324900011_SELL,2026.02.05 20:55:00,1,0,1,0.2299469,0.0
1770348000038_SELL,2026.02.06 03:20:00,1,0,1,0.1543075,0.0
1770700500091_SELL,2026.02.10 05:15:00,1,0,1,0.13934681,0.0
1770708000060_SELL,2026.02.10 07:20:00,1,0,1,0.64189115,0.0
1770713700081_SELL,2026.02.10 08:55:00,1,0,1,-0.84701867,0.0
1770754200012_SELL,2026.02.10 20:10:00,1,0,1,1.19525692,0.0
1770767100003_SELL,2026.02.10 23:45:00,1,0,1,-0.34362889,0.0
1770871800022_SELL,2026.02.12 04:50:00,1,0,1,-0.75439739,0.0
1770892800280_SELL,2026.02.12 10:40:00,1,0,1,-0.34051221,0.0
1770913800023_SELL,2026.02.12 16:30:00,1,0,1,-1.01268179,0.0
1770919800044_SELL,2026.02.12 18:10:00,1,0,1,11.77598249,0.0
1770934800047_SELL,2026.02.12 22:20:00,1,0,1,1.30358188,0.0
1770965700033_SELL,2026.02.13 06:55:00,1,0,1,-0.74356846,0.0
1770982200032_SELL,2026.02.13 11:30:00,1,0,1,-0.01980239,0.0
1771292400019_SELL,2026.02.17 01:40:00,1,0,1,-0.57923411,0.0
1771303500080_SELL,2026.02.17 04:45:00,1,0,1,-0.4131007,0.0
1771305300049_SELL,2026.02.17 05:15:00,1,0,1,0.577858,0.0
1771365900046_SELL,2026.02.17 22:05:00,1,0,1,-0.09659001,0.0
1771922100025_SELL,2026.02.24 08:35:00,1,0,1,-0.33137558,0.0
1772533800012_SELL,2026.03.03 10:30:00,1,0,1,1.15976052,0.0
1772550600012_SELL,2026.03.03 15:10:00,1,0,1,-0.89499838,0.0
1772578200046_SELL,2026.03.03 22:50:00,1,0,1,0.49167382,0.0
1772601000125_SELL,2026.03.04 05:10:00,1,0,1,-0.59692736,0.0
1774248900012_SELL,2026.03.23 06:55:00,1,0,1,-1.00217467,0.0
1774250700030_SELL,2026.03.23 07:25:00,1,0,1,1.61605351,0.0
1774330800114_SELL,2026.03.24 05:40:00,1,0,1,0.09807056,0.0
1774487100044_SELL,2026.03.26 01:05:00,1,0,1,-0.31342904,0.0
1774499700030_SELL,2026.03.26 04:35:00,1,0,1,0.37985399,0.0
1774509300030_SELL,2026.03.26 07:15:00,1,0,1,0.7010043,0.0
1774533300023_SELL,2026.03.26 13:55:00,1,0,1,0.15486211,0.0
1774536900013_SELL,2026.03.26 14:55:00,1,0,1,-0.39162894,0.0
1774578300027_SELL,2026.03.27 02:25:00,1,0,1,-0.61289355,0.0
1778600100002_SELL,2026.05.12 15:35:00,1,0,1,-1.00090965,0.0
1778749800032_SELL,2026.05.14 09:10:00,1,0,1,0.32544761,0.0
1778829600067_SELL,2026.05.15 07:20:00,1,0,1,0.51509434,0.0
1778870100003_SELL,2026.05.15 18:35:00,1,0,1,0.21763224,0.0
1778883300079_SELL,2026.05.15 22:15:00,1,0,1,0.04519045,0.0
1779094800031_SELL,2026.05.18 09:00:00,1,0,1,-1.00143356,0.0
1779187500003_SELL,2026.05.19 10:45:00,1,0,1,-1.0055914,0.0
1779976200048_SELL,2026.05.28 13:50:00,1,0,1,-1.00058083,0.0
1779981600010_SELL,2026.05.28 15:20:00,1,0,1,0.525,0.0
1780305300197_SELL,2026.06.01 09:15:00,1,0,1,1.27337681,0.0
1780316700002_SELL,2026.06.01 12:25:00,1,0,1,1.4847066,0.0
1780327500017_SELL,2026.06.01 15:25:00,1,0,1,-1.02306801,0.0
1780329600032_SELL,2026.06.01 16:00:00,1,0,1,0.15757069,0.0
1780353900068_SELL,2026.06.01 22:45:00,1,0,1,1.30021171,0.0
1780368600011_SELL,2026.06.02 02:50:00,1,0,1,-1.01642417,0.0
1780372800001_SELL,2026.06.02 04:00:00,1,0,1,0.30570296,0.0
1780375200009_SELL,2026.06.02 04:40:00,1,0,1,0.70932195,0.0
1780452000017_SELL,2026.06.03 02:00:00,1,0,1,0.49497041,0.0
1780460100006_SELL,2026.06.03 04:15:00,1,0,1,0.66103196,0.0
1780471800004_SELL,2026.06.03 07:30:00,1,0,1,1.59870724,0.0
1780500300041_SELL,2026.06.03 15:25:00,1,0,1,1.20776699,0.0
1780503900034_SELL,2026.06.03 16:25:00,1,0,1,0.20903368,0.0
1780510500038_SELL,2026.06.03 18:15:00,1,0,1,0.32733311,0.0
1780535100018_SELL,2026.06.04 01:05:00,1,0,1,-1.0106225,0.0
1780650300042_SELL,2026.06.05 09:05:00,1,0,1,0.16990087,0.0
1780693500009_SELL,2026.06.05 21:05:00,1,0,1,1.4372816,0.0
1780883400031_SELL,2026.06.08 01:50:00,1,0,1,0.44821601,0.0
1780892100044_SELL,2026.06.08 04:15:00,1,0,1,0.62432432,0.0
1780904700039_SELL,2026.06.08 07:45:00,1,0,1,-1.02312925,0.0
1780916100039_SELL,2026.06.08 10:55:00,1,0,1,0.35173554,0.0
1781043300041_SELL,2026.06.09 22:15:00,1,0,1,0.42923219,0.0
1781087700145_SELL,2026.06.10 10:35:00,1,0,1,0.69751899,0.0
1781100300029_SELL,2026.06.10 14:05:00,1,0,1,-0.80974547,0.0
1781156400033_SELL,2026.06.11 05:40:00,1,0,1,1.11990581,0.0
1781178300012_SELL,2026.06.11 11:45:00,1,0,1,0.49257684,0.0
1781197800031_SELL,2026.06.11 17:10:00,1,0,1,-0.09354537,0.0
1781207700011_SELL,2026.06.11 19:55:00,1,0,1,0.53093309,0.0
1781580000011_SELL,2026.06.16 03:20:00,1,0,1,0.7230893,0.0
1781586000015_SELL,2026.06.16 05:00:00,1,0,1,0.30282609,0.0
1781599200003_SELL,2026.06.16 08:40:00,1,0,1,-0.27614056,0.0
1781688000014_SELL,2026.06.17 09:20:00,1,0,1,-0.12837242,0.0
1781693700050_SELL,2026.06.17 10:55:00,1,0,1,-0.19178829,0.0
1781706900042_SELL,2026.06.17 14:35:00,1,0,1,-0.0907885,0.0
1783337700009_SELL,2026.07.06 11:35:00,1,0,1,1.05644805,0.0
1783351800022_SELL,2026.07.06 15:30:00,1,0,1,1.23747667,0.0
1783422000050_SELL,2026.07.07 11:00:00,1,0,1,-1.01513736,0.0
1783425600028_SELL,2026.07.07 12:00:00,1,0,1,-0.1432949,0.0
1783485000006_SELL,2026.07.08 04:30:00,1,0,1,0.26092212,0.0
1783504500004_SELL,2026.07.08 09:55:00,1,0,1,0.91887906,0.0
1783530600036_SELL,2026.07.08 17:10:00,1,0,1,0.86613595,0.0
1783560000085_SELL,2026.07.09 01:20:00,1,0,1,0.24670391,0.0
1783675800038_SELL,2026.07.10 09:30:00,1,0,1,-0.23243515,0.0
1783693800015_SELL,2026.07.10 14:30:00,1,0,1,0.42824906,0.0
1783698000056_SELL,2026.07.10 15:40:00,1,0,1,-0.12133703,0.0
1783704900028_SELL,2026.07.10 17:35:00,1,0,1,-1.00226125,0.0
1783933200017_SELL,2026.07.13 09:00:00,1,0,1,0.05359477,0.0
1783948200078_SELL,2026.07.13 13:10:00,1,0,1,0.10140577,0.0
1783960500078_SELL,2026.07.13 16:35:00,1,0,1,0.62513309,0.0
1783982400076_SELL,2026.07.13 22:40:00,1,0,1,-0.42238204,0.0
1783995600224_SELL,2026.07.14 02:20:00,1,0,1,0.68146027,0.0
1784002500017_SELL,2026.07.14 04:15:00,1,0,1,-1.00457002,0.0
1784003400048_SELL,2026.07.14 04:30:00,1,0,1,0.00229814,0.0
1784111100010_SELL,2026.07.15 10:25:00,1,0,1,0.36976367,0.0
1786653000045_SELL,2026.08.13 20:30:00,1,0,1,0.26080682,0.0
1786673100025_SELL,2026.08.14 02:05:00,1,0,1,-1.01308411,0.0
1786695000009_SELL,2026.08.14 08:10:00,1,0,1,0.25765871,0.0
1787688600090_SELL,2026.08.25 20:10:00,1,0,1,-1.0200489,0.0
1787899200150_SELL,2026.08.28 06:40:00,1,0,1,0.40627051,0.0
1769055300007_SELL,2026.01.22 04:15:00,1,0.5,1,0.431999615,0.0
1769174100008_SELL,2026.01.23 13:15:00,1,0.5,1,-0.23027081,0.0
1769469300010_SELL,2026.01.26 23:15:00,1,0.5,1,0.931761975,0.0
1769482200011_SELL,2026.01.27 02:50:00,1,0.5,1,-1.029403935,0.0
1769721300024_SELL,2026.01.29 21:15:00,1,0.5,1,-0.27859188,0.0
1769742000015_SELL,2026.01.30 03:00:00,1,0.5,1,1.94780866,0.0
1769760000047_SELL,2026.01.30 08:00:00,1,0.5,1,-0.44237362999999996,0.0
1769784600035_SELL,2026.01.30 14:50:00,1,0.5,1,-1.00953311,0.0
1769792400039_SELL,2026.01.30 17:00:00,1,0.5,1,0.8200527,0.0
1769813100051_SELL,2026.01.30 22:45:00,1,0.5,1,0.6055236900000001,0.0
1769994300011_SELL,2026.02.02 01:05:00,1,0.5,1,2.203432475,0.0
1770000900026_SELL,2026.02.02 02:55:00,1,0.5,1,0.8013868399999999,0.0
1770008100047_SELL,2026.02.02 04:55:00,1,0.5,1,0.59812358,0.0
1770060000091_SELL,2026.02.02 19:20:00,1,0.5,1,0.301988555,0.0
1770073200031_SELL,2026.02.02 23:00:00,1,0.5,1,-0.426092015,0.0
1770288900046_SELL,2026.02.05 10:55:00,1,0.5,1,1.341184545,0.0
1770299400010_SELL,2026.02.05 13:50:00,1,0.5,1,0.227412505,0.0
1770311700035_SELL,2026.02.05 17:15:00,1,0.5,1,-0.094253695,0.0
1770312300005_SELL,2026.02.05 17:25:00,1,0.5,1,0.523576025,0.0
1770324900011_SELL,2026.02.05 20:55:00,1,0.5,1,0.21618735500000003,0.0
1770348000038_SELL,2026.02.06 03:20:00,1,0.5,1,0.1481273,0.0
1770700500091_SELL,2026.02.10 05:15:00,1,0.5,1,0.116304715,0.0
1770708000060_SELL,2026.02.10 07:20:00,1,0.5,1,0.603226905,0.0
1770713700081_SELL,2026.02.10 08:55:00,1,0.5,1,-0.87701812,0.0
1770754200012_SELL,2026.02.10 20:10:00,1,0.5,1,1.162569635,0.0
1770767100003_SELL,2026.02.10 23:45:00,1,0.5,1,-0.38493061500000003,0.0
1770871800022_SELL,2026.02.12 04:50:00,1,0.5,1,-0.787364035,0.0
1770892800280_SELL,2026.02.12 10:40:00,1,0.5,1,-0.382950595,0.0
1770913800023_SELL,2026.02.12 16:30:00,1,0.5,1,-1.03623018,0.0
1770919800044_SELL,2026.02.12 18:10:00,1,0.5,1,11.750195430000002,0.0
1770934800047_SELL,2026.02.12 22:20:00,1,0.5,1,1.281718545,0.0
1770965700033_SELL,2026.02.13 06:55:00,1,0.5,1,-0.77757018,0.0
1770982200032_SELL,2026.02.13 11:30:00,1,0.5,1,-0.04871958999999999,0.0
1771292400019_SELL,2026.02.17 01:40:00,1,0.5,1,-0.61600678,0.0
1771303500080_SELL,2026.02.17 04:45:00,1,0.5,1,-0.45561947999999997,0.0
1771305300049_SELL,2026.02.17 05:15:00,1,0.5,1,0.536063875,0.0
1771365900046_SELL,2026.02.17 22:05:00,1,0.5,1,-0.12367418000000001,0.0
1771922100025_SELL,2026.02.24 08:35:00,1,0.5,1,-0.363316845,0.0
1772533800012_SELL,2026.03.03 10:30:00,1,0.5,1,1.1346748450000002,0.0
1772550600012_SELL,2026.03.03 15:10:00,1,0.5,1,-0.905403745,0.0
1772578200046_SELL,2026.03.03 22:50:00,1,0.5,1,0.47414716,0.0
1772601000125_SELL,2026.03.04 05:10:00,1,0.5,1,-0.615169825,0.0
1774248900012_SELL,2026.03.23 06:55:00,1,0.5,1,-1.01906201,0.0
1774250700030_SELL,2026.03.23 07:25:00,1,0.5,1,1.5994097649999999,0.0
1774330800114_SELL,2026.03.24 05:40:00,1,0.5,1,0.085691745,0.0
1774487100044_SELL,2026.03.26 01:05:00,1,0.5,1,-0.32870874,0.0
1774499700030_SELL,2026.03.26 04:35:00,1,0.5,1,0.35644411499999995,0.0
1774509300030_SELL,2026.03.26 07:15:00,1,0.5,1,0.655722335,0.0
1774533300023_SELL,2026.03.26 13:55:00,1,0.5,1,0.13612866,0.0
1774536900013_SELL,2026.03.26 14:55:00,1,0.5,1,-0.40791336,0.0
1774578300027_SELL,2026.03.27 02:25:00,1,0.5,1,-0.6359282749999999,0.0
1778600100002_SELL,2026.05.12 15:35:00,1,0.5,1,-1.03321356,0.0
1778749800032_SELL,2026.05.14 09:10:00,1,0.5,1,0.28689834000000003,0.0
1778829600067_SELL,2026.05.15 07:20:00,1,0.5,1,0.477005425,0.0
1778870100003_SELL,2026.05.15 18:35:00,1,0.5,1,0.19474181499999998,0.0
1778883300079_SELL,2026.05.15 22:15:00,1,0.5,1,0.0040631650000000005,0.0
1779094800031_SELL,2026.05.18 09:00:00,1,0.5,1,-1.02475029,0.0
1779187500003_SELL,2026.05.19 10:45:00,1,0.5,1,-1.039779475,0.0
1779976200048_SELL,2026.05.28 13:50:00,1,0.5,1,-1.034508655,0.0
1779981600010_SELL,2026.05.28 15:20:00,1,0.5,1,0.48371176000000005,0.0
1780305300197_SELL,2026.06.01 09:15:00,1,0.5,1,1.2375400650000001,0.0
1780316700002_SELL,2026.06.01 12:25:00,1,0.5,1,1.44640006,0.0
1780327500017_SELL,2026.06.01 15:25:00,1,0.5,1,-1.06478676,0.0
1780329600032_SELL,2026.06.01 16:00:00,1,0.5,1,0.12245076,0.0
1780353900068_SELL,2026.06.01 22:45:00,1,0.5,1,1.211617105,0.0
1780368600011_SELL,2026.06.02 02:50:00,1,0.5,1,-1.078308935,0.0
1780372800001_SELL,2026.06.02 04:00:00,1,0.5,1,0.26743569500000003,0.0
1780375200009_SELL,2026.06.02 04:40:00,1,0.5,1,0.68380765,0.0
1780452000017_SELL,2026.06.03 02:00:00,1,0.5,1,0.44853059,0.0
1780460100006_SELL,2026.06.03 04:15:00,1,0.5,1,0.63105517,0.0
1780471800004_SELL,2026.06.03 07:30:00,1,0.5,1,1.531183125,0.0
1780500300041_SELL,2026.06.03 15:25:00,1,0.5,1,1.1644862150000002,0.0
1780503900034_SELL,2026.06.03 16:25:00,1,0.5,1,0.181511245,0.0
1780510500038_SELL,2026.06.03 18:15:00,1,0.5,1,0.29977061,0.0
1780535100018_SELL,2026.06.04 01:05:00,1,0.5,1,-1.05786761,0.0
1780650300042_SELL,2026.06.05 09:05:00,1,0.5,1,0.13257718000000002,0.0
1780693500009_SELL,2026.06.05 21:05:00,1,0.5,1,1.40803879,0.0
1780883400031_SELL,2026.06.08 01:50:00,1,0.5,1,0.428764155,0.0
1780892100044_SELL,2026.06.08 04:15:00,1,0.5,1,0.597036745,0.0
1780904700039_SELL,2026.06.08 07:45:00,1,0.5,1,-1.0622010899999998,0.0
1780916100039_SELL,2026.06.08 10:55:00,1,0.5,1,0.32687964,0.0
1781043300041_SELL,2026.06.09 22:15:00,1,0.5,1,0.397715005,0.0
1781087700145_SELL,2026.06.10 10:35:00,1,0.5,1,0.6677844049999999,0.0
1781100300029_SELL,2026.06.10 14:05:00,1,0.5,1,-0.832825435,0.0
1781156400033_SELL,2026.06.11 05:40:00,1,0.5,1,1.10075189,0.0
1781178300012_SELL,2026.06.11 11:45:00,1,0.5,1,0.464745775,0.0
1781197800031_SELL,2026.06.11 17:10:00,1,0.5,1,-0.108746605,0.0
1781207700011_SELL,2026.06.11 19:55:00,1,0.5,1,0.508084545,0.0
1781580000011_SELL,2026.06.16 03:20:00,1,0.5,1,0.674527095,0.0
1781586000015_SELL,2026.06.16 05:00:00,1,0.5,1,0.270005445,0.0
1781599200003_SELL,2026.06.16 08:40:00,1,0.5,1,-0.323072275,0.0
1781688000014_SELL,2026.06.17 09:20:00,1,0.5,1,-0.171069385,0.0
1781693700050_SELL,2026.06.17 10:55:00,1,0.5,1,-0.23892211000000002,0.0
1781706900042_SELL,2026.06.17 14:35:00,1,0.5,1,-0.150292525,0.0
1783337700009_SELL,2026.07.06 11:35:00,1,0.5,1,1.01358824,0.0
1783351800022_SELL,2026.07.06 15:30:00,1,0.5,1,1.1941468,0.0
1783422000050_SELL,2026.07.07 11:00:00,1,0.5,1,-1.058304035,0.0
1783425600028_SELL,2026.07.07 12:00:00,1,0.5,1,-0.179790785,0.0
1783485000006_SELL,2026.07.08 04:30:00,1,0.5,1,0.23852691999999998,0.0
1783504500004_SELL,2026.07.08 09:55:00,1,0.5,1,0.876290045,0.0
1783530600036_SELL,2026.07.08 17:10:00,1,0.5,1,0.84622839,0.0
1783560000085_SELL,2026.07.09 01:20:00,1,0.5,1,0.21027021,0.0
1783675800038_SELL,2026.07.10 09:30:00,1,0.5,1,-0.27099773,0.0
1783693800015_SELL,2026.07.10 14:30:00,1,0.5,1,0.380276155,0.0
1783698000056_SELL,2026.07.10 15:40:00,1,0.5,1,-0.15168002,0.0
1783704900028_SELL,2026.07.10 17:35:00,1,0.5,1,-1.0206275050000002,0.0
1783933200017_SELL,2026.07.13 09:00:00,1,0.5,1,0.02710098,0.0
1783948200078_SELL,2026.07.13 13:10:00,1,0.5,1,0.04711419,0.0
1783960500078_SELL,2026.07.13 16:35:00,1,0.5,1,0.588469395,0.0
1783982400076_SELL,2026.07.13 22:40:00,1,0.5,1,-0.46162624,0.0
1783995600224_SELL,2026.07.14 02:20:00,1,0.5,1,0.6013014999999999,0.0
1784002500017_SELL,2026.07.14 04:15:00,1,0.5,1,-1.0257828,0.0
1784003400048_SELL,2026.07.14 04:30:00,1,0.5,1,-0.020670704999999998,0.0
1784111100010_SELL,2026.07.15 10:25:00,1,0.5,1,0.32909098000000003,0.0
1786653000045_SELL,2026.08.13 20:30:00,1,0.5,1,0.22073872,0.0
1786673100025_SELL,2026.08.14 02:05:00,1,0.5,1,-1.05373355,0.0
1786695000009_SELL,2026.08.14 08:10:00,1,0.5,1,0.18721188500000002,0.0
1787688600090_SELL,2026.08.25 20:10:00,1,0.5,1,-1.059722125,0.0
1787899200150_SELL,2026.08.28 06:40:00,1,0.5,1,0.359489175,0.0
1769055300007_SELL,2026.01.22 04:15:00,1,1,1,0.40934483,0.0
1769174100008_SELL,2026.01.23 13:15:00,1,1,1,-0.27203518,0.0
1769469300010_SELL,2026.01.26 23:15:00,1,1,1,0.91421783,0.0
1769482200011_SELL,2026.01.27 02:50:00,1,1,1,-1.05653207,0.0
1769721300024_SELL,2026.01.29 21:15:00,1,1,1,-0.28777985,0.0
1769742000015_SELL,2026.01.30 03:00:00,1,1,1,1.93468273,0.0
1769760000047_SELL,2026.01.30 08:00:00,1,1,1,-0.4554966,0.0
1769784600035_SELL,2026.01.30 14:50:00,1,1,1,-1.01847967,0.0
1769792400039_SELL,2026.01.30 17:00:00,1,1,1,0.81365717,0.0
1769813100051_SELL,2026.01.30 22:45:00,1,1,1,0.59910631,0.0
1769994300011_SELL,2026.02.02 01:05:00,1,1,1,2.19720425,0.0
1770000900026_SELL,2026.02.02 02:55:00,1,1,1,0.795889,0.0
1770008100047_SELL,2026.02.02 04:55:00,1,1,1,0.59125779,0.0
1770060000091_SELL,2026.02.02 19:20:00,1,1,1,0.29515465,0.0
1770073200031_SELL,2026.02.02 23:00:00,1,1,1,-0.43490091,0.0
1770288900046_SELL,2026.02.05 10:55:00,1,1,1,1.32491396,0.0
1770299400010_SELL,2026.02.05 13:50:00,1,1,1,0.20934759,0.0
1770311700035_SELL,2026.02.05 17:15:00,1,1,1,-0.10163826,0.0
1770312300005_SELL,2026.02.05 17:25:00,1,1,1,0.51579692,0.0
1770324900011_SELL,2026.02.05 20:55:00,1,1,1,0.20242781,0.0
1770348000038_SELL,2026.02.06 03:20:00,1,1,1,0.1419471,0.0
1770700500091_SELL,2026.02.10 05:15:00,1,1,1,0.09326262,0.0
1770708000060_SELL,2026.02.10 07:20:00,1,1,1,0.56456266,0.0
1770713700081_SELL,2026.02.10 08:55:00,1,1,1,-0.90701757,0.0
1770754200012_SELL,2026.02.10 20:10:00,1,1,1,1.12988235,0.0
1770767100003_SELL,2026.02.10 23:45:00,1,1,1,-0.42623234,0.0
1770871800022_SELL,2026.02.12 04:50:00,1,1,1,-0.82033068,0.0
1770892800280_SELL,2026.02.12 10:40:00,1,1,1,-0.42538898,0.0
1770913800023_SELL,2026.02.12 16:30:00,1,1,1,-1.05977857,0.0
1770919800044_SELL,2026.02.12 18:10:00,1,1,1,11.72440837,0.0
1770934800047_SELL,2026.02.12 22:20:00,1,1,1,1.25985521,0.0
1770965700033_SELL,2026.02.13 06:55:00,1,1,1,-0.8115719,0.0
1770982200032_SELL,2026.02.13 11:30:00,1,1,1,-0.07763679,0.0
1771292400019_SELL,2026.02.17 01:40:00,1,1,1,-0.65277945,0.0
1771303500080_SELL,2026.02.17 04:45:00,1,1,1,-0.49813826,0.0
1771305300049_SELL,2026.02.17 05:15:00,1,1,1,0.49426975,0.0
1771365900046_SELL,2026.02.17 22:05:00,1,1,1,-0.15075835,0.0
1771922100025_SELL,2026.02.24 08:35:00,1,1,1,-0.39525811,0.0
1772533800012_SELL,2026.03.03 10:30:00,1,1,1,1.10958917,0.0
1772550600012_SELL,2026.03.03 15:10:00,1,1,1,-0.91580911,0.0
1772578200046_SELL,2026.03.03 22:50:00,1,1,1,0.4566205,0.0
1772601000125_SELL,2026.03.04 05:10:00,1,1,1,-0.63341229,0.0
1774248900012_SELL,2026.03.23 06:55:00,1,1,1,-1.03594935,0.0
1774250700030_SELL,2026.03.23 07:25:00,1,1,1,1.58276602,0.0
1774330800114_SELL,2026.03.24 05:40:00,1,1,1,0.07331293,0.0
1774487100044_SELL,2026.03.26 01:05:00,1,1,1,-0.34398844,0.0
1774499700030_SELL,2026.03.26 04:35:00,1,1,1,0.33303424,0.0
1774509300030_SELL,2026.03.26 07:15:00,1,1,1,0.61044037,0.0
1774533300023_SELL,2026.03.26 13:55:00,1,1,1,0.11739521,0.0
1774536900013_SELL,2026.03.26 14:55:00,1,1,1,-0.42419778,0.0
1774578300027_SELL,2026.03.27 02:25:00,1,1,1,-0.658963,0.0
1778600100002_SELL,2026.05.12 15:35:00,1,1,1,-1.06551747,0.0
1778749800032_SELL,2026.05.14 09:10:00,1,1,1,0.24834907,0.0
1778829600067_SELL,2026.05.15 07:20:00,1,1,1,0.43891651,0.0
1778870100003_SELL,2026.05.15 18:35:00,1,1,1,0.17185139,0.0
1778883300079_SELL,2026.05.15 22:15:00,1,1,1,-0.03706412,0.0
1779094800031_SELL,2026.05.18 09:00:00,1,1,1,-1.04806702,0.0
1779187500003_SELL,2026.05.19 10:45:00,1,1,1,-1.07396755,0.0
1779976200048_SELL,2026.05.28 13:50:00,1,1,1,-1.06843648,0.0
1779981600010_SELL,2026.05.28 15:20:00,1,1,1,0.44242352,0.0
1780305300197_SELL,2026.06.01 09:15:00,1,1,1,1.20170332,0.0
1780316700002_SELL,2026.06.01 12:25:00,1,1,1,1.40809352,0.0
1780327500017_SELL,2026.06.01 15:25:00,1,1,1,-1.10650551,0.0
1780329600032_SELL,2026.06.01 16:00:00,1,1,1,0.08733083,0.0
1780353900068_SELL,2026.06.01 22:45:00,1,1,1,1.1230225,0.0
1780368600011_SELL,2026.06.02 02:50:00,1,1,1,-1.1401937,0.0
1780372800001_SELL,2026.06.02 04:00:00,1,1,1,0.22916843,0.0
1780375200009_SELL,2026.06.02 04:40:00,1,1,1,0.65829335,0.0
1780452000017_SELL,2026.06.03 02:00:00,1,1,1,0.40209077,0.0
1780460100006_SELL,2026.06.03 04:15:00,1,1,1,0.60107838,0.0
1780471800004_SELL,2026.06.03 07:30:00,1,1,1,1.46365901,0.0
1780500300041_SELL,2026.06.03 15:25:00,1,1,1,1.12120544,0.0
1780503900034_SELL,2026.06.03 16:25:00,1,1,1,0.15398881,0.0
1780510500038_SELL,2026.06.03 18:15:00,1,1,1,0.27220811,0.0
1780535100018_SELL,2026.06.04 01:05:00,1,1,1,-1.10511272,0.0
1780650300042_SELL,2026.06.05 09:05:00,1,1,1,0.09525349,0.0
1780693500009_SELL,2026.06.05 21:05:00,1,1,1,1.37879598,0.0
1780883400031_SELL,2026.06.08 01:50:00,1,1,1,0.4093123,0.0
1780892100044_SELL,2026.06.08 04:15:00,1,1,1,0.56974917,0.0
1780904700039_SELL,2026.06.08 07:45:00,1,1,1,-1.10127293,0.0
1780916100039_SELL,2026.06.08 10:55:00,1,1,1,0.30202374,0.0
1781043300041_SELL,2026.06.09 22:15:00,1,1,1,0.36619782,0.0
1781087700145_SELL,2026.06.10 10:35:00,1,1,1,0.63804982,0.0
1781100300029_SELL,2026.06.10 14:05:00,1,1,1,-0.8559054,0.0
1781156400033_SELL,2026.06.11 05:40:00,1,1,1,1.08159797,0.0
1781178300012_SELL,2026.06.11 11:45:00,1,1,1,0.43691471,0.0
1781197800031_SELL,2026.06.11 17:10:00,1,1,1,-0.12394784,0.0
1781207700011_SELL,2026.06.11 19:55:00,1,1,1,0.485236,0.0
1781580000011_SELL,2026.06.16 03:20:00,1,1,1,0.62596489,0.0
1781586000015_SELL,2026.06.16 05:00:00,1,1,1,0.2371848,0.0
1781599200003_SELL,2026.06.16 08:40:00,1,1,1,-0.37000399,0.0
1781688000014_SELL,2026.06.17 09:20:00,1,1,1,-0.21376635,0.0
1781693700050_SELL,2026.06.17 10:55:00,1,1,1,-0.28605593,0.0
1781706900042_SELL,2026.06.17 14:35:00,1,1,1,-0.20979655,0.0
1783337700009_SELL,2026.07.06 11:35:00,1,1,1,0.97072843,0.0
1783351800022_SELL,2026.07.06 15:30:00,1,1,1,1.15081693,0.0
1783422000050_SELL,2026.07.07 11:00:00,1,1,1,-1.10147071,0.0
1783425600028_SELL,2026.07.07 12:00:00,1,1,1,-0.21628667,0.0
1783485000006_SELL,2026.07.08 04:30:00,1,1,1,0.21613172,0.0
1783504500004_SELL,2026.07.08 09:55:00,1,1,1,0.83370103,0.0
1783530600036_SELL,2026.07.08 17:10:00,1,1,1,0.82632083,0.0
1783560000085_SELL,2026.07.09 01:20:00,1,1,1,0.17383651,0.0
1783675800038_SELL,2026.07.10 09:30:00,1,1,1,-0.30956031,0.0
1783693800015_SELL,2026.07.10 14:30:00,1,1,1,0.33230325,0.0
1783698000056_SELL,2026.07.10 15:40:00,1,1,1,-0.18202301,0.0
1783704900028_SELL,2026.07.10 17:35:00,1,1,1,-1.03899376,0.0
1783933200017_SELL,2026.07.13 09:00:00,1,1,1,0.0006071900000000005,0.0
1783948200078_SELL,2026.07.13 13:10:00,1,1,1,-0.007177390000000006,0.0
1783960500078_SELL,2026.07.13 16:35:00,1,1,1,0.5518057,0.0
1783982400076_SELL,2026.07.13 22:40:00,1,1,1,-0.50087044,0.0
1783995600224_SELL,2026.07.14 02:20:00,1,1,1,0.52114273,0.0
1784002500017_SELL,2026.07.14 04:15:00,1,1,1,-1.04699558,0.0
1784003400048_SELL,2026.07.14 04:30:00,1,1,1,-0.04363955,0.0
1784111100010_SELL,2026.07.15 10:25:00,1,1,1,0.28841829,0.0
1786653000045_SELL,2026.08.13 20:30:00,1,1,1,0.18067062,0.0
1786673100025_SELL,2026.08.14 02:05:00,1,1,1,-1.09438299,0.0
1786695000009_SELL,2026.08.14 08:10:00,1,1,1,0.11676506,0.0
1787688600090_SELL,2026.08.25 20:10:00,1,1,1,-1.09939535,0.0
1787899200150_SELL,2026.08.28 06:40:00,1,1,1,0.31270784,0.0
1769055300007_SELL,2026.01.22 04:15:00,1,1.5,1,0.386690045,0.0
1769174100008_SELL,2026.01.23 13:15:00,1,1.5,1,-0.31379955,0.0
1769469300010_SELL,2026.01.26 23:15:00,1,1.5,1,0.896673685,0.0
1769482200011_SELL,2026.01.27 02:50:00,1,1.5,1,-1.0836602050000002,0.0
1769721300024_SELL,2026.01.29 21:15:00,1,1.5,1,-0.29696782,0.0
1769742000015_SELL,2026.01.30 03:00:00,1,1.5,1,1.9215568,0.0
1769760000047_SELL,2026.01.30 08:00:00,1,1.5,1,-0.46861957,0.0
1769784600035_SELL,2026.01.30 14:50:00,1,1.5,1,-1.02742623,0.0
1769792400039_SELL,2026.01.30 17:00:00,1,1.5,1,0.8072616400000001,0.0
1769813100051_SELL,2026.01.30 22:45:00,1,1.5,1,0.59268893,0.0
1769994300011_SELL,2026.02.02 01:05:00,1,1.5,1,2.190976025,0.0
1770000900026_SELL,2026.02.02 02:55:00,1,1.5,1,0.79039116,0.0
1770008100047_SELL,2026.02.02 04:55:00,1,1.5,1,0.584392,0.0
1770060000091_SELL,2026.02.02 19:20:00,1,1.5,1,0.28832074500000004,0.0
1770073200031_SELL,2026.02.02 23:00:00,1,1.5,1,-0.44370980499999996,0.0
1770288900046_SELL,2026.02.05 10:55:00,1,1.5,1,1.308643375,0.0
1770299400010_SELL,2026.02.05 13:50:00,1,1.5,1,0.191282675,0.0
1770311700035_SELL,2026.02.05 17:15:00,1,1.5,1,-0.10902282499999999,0.0
1770312300005_SELL,2026.02.05 17:25:00,1,1.5,1,0.508017815,0.0
1770324900011_SELL,2026.02.05 20:55:00,1,1.5,1,0.188668265,0.0
1770348000038_SELL,2026.02.06 03:20:00,1,1.5,1,0.1357669,0.0
1770700500091_SELL,2026.02.10 05:15:00,1,1.5,1,0.070220525,0.0
1770708000060_SELL,2026.02.10 07:20:00,1,1.5,1,0.525898415,0.0
1770713700081_SELL,2026.02.10 08:55:00,1,1.5,1,-0.9370170200000001,0.0
1770754200012_SELL,2026.02.10 20:10:00,1,1.5,1,1.0971950649999997,0.0
1770767100003_SELL,2026.02.10 23:45:00,1,1.5,1,-0.46753406499999994,0.0
1770871800022_SELL,2026.02.12 04:50:00,1,1.5,1,-0.853297325,0.0
1770892800280_SELL,2026.02.12 10:40:00,1,1.5,1,-0.46782736500000005,0.0
1770913800023_SELL,2026.02.12 16:30:00,1,1.5,1,-1.08332696,0.0
1770919800044_SELL,2026.02.12 18:10:00,1,1.5,1,11.69862131,0.0
1770934800047_SELL,2026.02.12 22:20:00,1,1.5,1,1.237991875,0.0
1770965700033_SELL,2026.02.13 06:55:00,1,1.5,1,-0.84557362,0.0
1770982200032_SELL,2026.02.13 11:30:00,1,1.5,1,-0.10655398999999999,0.0
1771292400019_SELL,2026.02.17 01:40:00,1,1.5,1,-0.6895521200000001,0.0
1771303500080_SELL,2026.02.17 04:45:00,1,1.5,1,-0.54065704,0.0
1771305300049_SELL,2026.02.17 05:15:00,1,1.5,1,0.45247562500000005,0.0
1771365900046_SELL,2026.02.17 22:05:00,1,1.5,1,-0.17784252,0.0
1771922100025_SELL,2026.02.24 08:35:00,1,1.5,1,-0.427199375,0.0
1772533800012_SELL,2026.03.03 10:30:00,1,1.5,1,1.0845034949999999,0.0
1772550600012_SELL,2026.03.03 15:10:00,1,1.5,1,-0.926214475,0.0
1772578200046_SELL,2026.03.03 22:50:00,1,1.5,1,0.43909383999999996,0.0
1772601000125_SELL,2026.03.04 05:10:00,1,1.5,1,-0.651654755,0.0
1774248900012_SELL,2026.03.23 06:55:00,1,1.5,1,-1.0528366900000001,0.0
1774250700030_SELL,2026.03.23 07:25:00,1,1.5,1,1.5661222750000001,0.0
1774330800114_SELL,2026.03.24 05:40:00,1,1.5,1,0.060934115,0.0
1774487100044_SELL,2026.03.26 01:05:00,1,1.5,1,-0.35926814,0.0
1774499700030_SELL,2026.03.26 04:35:00,1,1.5,1,0.309624365,0.0
1774509300030_SELL,2026.03.26 07:15:00,1,1.5,1,0.5651584049999999,0.0
1774533300023_SELL,2026.03.26 13:55:00,1,1.5,1,0.09866176,0.0
1774536900013_SELL,2026.03.26 14:55:00,1,1.5,1,-0.44048220000000005,0.0
1774578300027_SELL,2026.03.27 02:25:00,1,1.5,1,-0.681997725,0.0
1778600100002_SELL,2026.05.12 15:35:00,1,1.5,1,-1.09782138,0.0
1778749800032_SELL,2026.05.14 09:10:00,1,1.5,1,0.2097998,0.0
1778829600067_SELL,2026.05.15 07:20:00,1,1.5,1,0.400827595,0.0
1778870100003_SELL,2026.05.15 18:35:00,1,1.5,1,0.148960965,0.0
1778883300079_SELL,2026.05.15 22:15:00,1,1.5,1,-0.07819140499999999,0.0
1779094800031_SELL,2026.05.18 09:00:00,1,1.5,1,-1.0713837499999999,0.0
1779187500003_SELL,2026.05.19 10:45:00,1,1.5,1,-1.1081556250000002,0.0
1779976200048_SELL,2026.05.28 13:50:00,1,1.5,1,-1.1023643049999998,0.0
1779981600010_SELL,2026.05.28 15:20:00,1,1.5,1,0.40113528,0.0
1780305300197_SELL,2026.06.01 09:15:00,1,1.5,1,1.165866575,0.0
1780316700002_SELL,2026.06.01 12:25:00,1,1.5,1,1.36978698,0.0
1780327500017_SELL,2026.06.01 15:25:00,1,1.5,1,-1.14822426,0.0
1780329600032_SELL,2026.06.01 16:00:00,1,1.5,1,0.05221089999999999,0.0
1780353900068_SELL,2026.06.01 22:45:00,1,1.5,1,1.034427895,0.0
1780368600011_SELL,2026.06.02 02:50:00,1,1.5,1,-1.202078465,0.0
1780372800001_SELL,2026.06.02 04:00:00,1,1.5,1,0.19090116499999998,0.0
1780375200009_SELL,2026.06.02 04:40:00,1,1.5,1,0.63277905,0.0
1780452000017_SELL,2026.06.03 02:00:00,1,1.5,1,0.35565094999999997,0.0
1780460100006_SELL,2026.06.03 04:15:00,1,1.5,1,0.57110159,0.0
1780471800004_SELL,2026.06.03 07:30:00,1,1.5,1,1.3961348949999999,0.0
1780500300041_SELL,2026.06.03 15:25:00,1,1.5,1,1.0779246649999998,0.0
1780503900034_SELL,2026.06.03 16:25:00,1,1.5,1,0.12646637500000002,0.0
1780510500038_SELL,2026.06.03 18:15:00,1,1.5,1,0.24464561,0.0
1780535100018_SELL,2026.06.04 01:05:00,1,1.5,1,-1.15235783,0.0
1780650300042_SELL,2026.06.05 09:05:00,1,1.5,1,0.05792979999999999,0.0
1780693500009_SELL,2026.06.05 21:05:00,1,1.5,1,1.34955317,0.0
1780883400031_SELL,2026.06.08 01:50:00,1,1.5,1,0.38986044500000006,0.0
1780892100044_SELL,2026.06.08 04:15:00,1,1.5,1,0.542461595,0.0
1780904700039_SELL,2026.06.08 07:45:00,1,1.5,1,-1.14034477,0.0
1780916100039_SELL,2026.06.08 10:55:00,1,1.5,1,0.27716783999999994,0.0
1781043300041_SELL,2026.06.09 22:15:00,1,1.5,1,0.334680635,0.0
1781087700145_SELL,2026.06.10 10:35:00,1,1.5,1,0.6083152350000001,0.0
1781100300029_SELL,2026.06.10 14:05:00,1,1.5,1,-0.8789853650000001,0.0
1781156400033_SELL,2026.06.11 05:40:00,1,1.5,1,1.06244405,0.0
1781178300012_SELL,2026.06.11 11:45:00,1,1.5,1,0.40908364499999994,0.0
1781197800031_SELL,2026.06.11 17:10:00,1,1.5,1,-0.139149075,0.0
1781207700011_SELL,2026.06.11 19:55:00,1,1.5,1,0.462387455,0.0
1781580000011_SELL,2026.06.16 03:20:00,1,1.5,1,0.577402685,0.0
1781586000015_SELL,2026.06.16 05:00:00,1,1.5,1,0.204364155,0.0
1781599200003_SELL,2026.06.16 08:40:00,1,1.5,1,-0.416935705,0.0
1781688000014_SELL,2026.06.17 09:20:00,1,1.5,1,-0.25646331499999997,0.0
1781693700050_SELL,2026.06.17 10:55:00,1,1.5,1,-0.33318975000000006,0.0
1781706900042_SELL,2026.06.17 14:35:00,1,1.5,1,-0.269300575,0.0
1783337700009_SELL,2026.07.06 11:35:00,1,1.5,1,0.9278686199999999,0.0
1783351800022_SELL,2026.07.06 15:30:00,1,1.5,1,1.10748706,0.0
1783422000050_SELL,2026.07.07 11:00:00,1,1.5,1,-1.1446373850000002,0.0
1783425600028_SELL,2026.07.07 12:00:00,1,1.5,1,-0.25278255499999996,0.0
1783485000006_SELL,2026.07.08 04:30:00,1,1.5,1,0.19373652000000002,0.0
1783504500004_SELL,2026.07.08 09:55:00,1,1.5,1,0.791112015,0.0
1783530600036_SELL,2026.07.08 17:10:00,1,1.5,1,0.80641327,0.0
1783560000085_SELL,2026.07.09 01:20:00,1,1.5,1,0.13740281,0.0
1783675800038_SELL,2026.07.10 09:30:00,1,1.5,1,-0.34812289,0.0
1783693800015_SELL,2026.07.10 14:30:00,1,1.5,1,0.284330345,0.0
1783698000056_SELL,2026.07.10 15:40:00,1,1.5,1,-0.212366,0.0
1783704900028_SELL,2026.07.10 17:35:00,1,1.5,1,-1.057360015,0.0
1783933200017_SELL,2026.07.13 09:00:00,1,1.5,1,-0.025886599999999996,0.0
1783948200078_SELL,2026.07.13 13:10:00,1,1.5,1,-0.06146897000000001,0.0
1783960500078_SELL,2026.07.13 16:35:00,1,1.5,1,0.515142005,0.0
1783982400076_SELL,2026.07.13 22:40:00,1,1.5,1,-0.5401146400000001,0.0
1783995600224_SELL,2026.07.14 02:20:00,1,1.5,1,0.44098396,0.0
1784002500017_SELL,2026.07.14 04:15:00,1,1.5,1,-1.0682083599999999,0.0
1784003400048_SELL,2026.07.14 04:30:00,1,1.5,1,-0.06660839499999999,0.0
1784111100010_SELL,2026.07.15 10:25:00,1,1.5,1,0.24774560000000004,0.0
1786653000045_SELL,2026.08.13 20:30:00,1,1.5,1,0.14060252,0.0
1786673100025_SELL,2026.08.14 02:05:00,1,1.5,1,-1.1350324299999999,0.0
1786695000009_SELL,2026.08.14 08:10:00,1,1.5,1,0.046318234999999985,0.0
1787688600090_SELL,2026.08.25 20:10:00,1,1.5,1,-1.139068575,0.0
1787899200150_SELL,2026.08.28 06:40:00,1,1.5,1,0.26592650500000004,0.0
1769055300007_SELL,2026.01.22 04:15:00,1,2,1,0.36403525999999997,0.0
1769174100008_SELL,2026.01.23 13:15:00,1,2,1,-0.35556392,0.0
1769469300010_SELL,2026.01.26 23:15:00,1,2,1,0.87912954,0.0
1769482200011_SELL,2026.01.27 02:50:00,1,2,1,-1.11078834,0.0
1769721300024_SELL,2026.01.29 21:15:00,1,2,1,-0.30615579,0.0
1769742000015_SELL,2026.01.30 03:00:00,1,2,1,1.9084308700000001,0.0
1769760000047_SELL,2026.01.30 08:00:00,1,2,1,-0.48174253999999994,0.0
1769784600035_SELL,2026.01.30 14:50:00,1,2,1,-1.0363727900000002,0.0
1769792400039_SELL,2026.01.30 17:00:00,1,2,1,0.8008661100000001,0.0
1769813100051_SELL,2026.01.30 22:45:00,1,2,1,0.5862715500000001,0.0
1769994300011_SELL,2026.02.02 01:05:00,1,2,1,2.1847478,0.0
1770000900026_SELL,2026.02.02 02:55:00,1,2,1,0.7848933199999999,0.0
1770008100047_SELL,2026.02.02 04:55:00,1,2,1,0.57752621,0.0
1770060000091_SELL,2026.02.02 19:20:00,1,2,1,0.28148684,0.0
1770073200031_SELL,2026.02.02 23:00:00,1,2,1,-0.45251869999999994,0.0
1770288900046_SELL,2026.02.05 10:55:00,1,2,1,1.29237279,0.0
1770299400010_SELL,2026.02.05 13:50:00,1,2,1,0.17321776,0.0
1770311700035_SELL,2026.02.05 17:15:00,1,2,1,-0.11640738999999999,0.0
1770312300005_SELL,2026.02.05 17:25:00,1,2,1,0.50023871,0.0
1770324900011_SELL,2026.02.05 20:55:00,1,2,1,0.17490872000000002,0.0
1770348000038_SELL,2026.02.06 03:20:00,1,2,1,0.1295867,0.0
1770700500091_SELL,2026.02.10 05:15:00,1,2,1,0.04717843000000002,0.0
1770708000060_SELL,2026.02.10 07:20:00,1,2,1,0.48723417,0.0
1770713700081_SELL,2026.02.10 08:55:00,1,2,1,-0.9670164700000001,0.0
1770754200012_SELL,2026.02.10 20:10:00,1,2,1,1.0645077799999998,0.0
1770767100003_SELL,2026.02.10 23:45:00,1,2,1,-0.50883579,0.0
1770871800022_SELL,2026.02.12 04:50:00,1,2,1,-0.88626397,0.0
1770892800280_SELL,2026.02.12 10:40:00,1,2,1,-0.5102657500000001,0.0
1770913800023_SELL,2026.02.12 16:30:00,1,2,1,-1.10687535,0.0
1770919800044_SELL,2026.02.12 18:10:00,1,2,1,11.672834250000001,0.0
1770934800047_SELL,2026.02.12 22:20:00,1,2,1,1.21612854,0.0
1770965700033_SELL,2026.02.13 06:55:00,1,2,1,-0.87957534,0.0
1770982200032_SELL,2026.02.13 11:30:00,1,2,1,-0.13547119,0.0
1771292400019_SELL,2026.02.17 01:40:00,1,2,1,-0.72632479,0.0
1771303500080_SELL,2026.02.17 04:45:00,1,2,1,-0.58317582,0.0
1771305300049_SELL,2026.02.17 05:15:00,1,2,1,0.41068150000000003,0.0
1771365900046_SELL,2026.02.17 22:05:00,1,2,1,-0.20492669000000002,0.0
1771922100025_SELL,2026.02.24 08:35:00,1,2,1,-0.45914064,0.0
1772533800012_SELL,2026.03.03 10:30:00,1,2,1,1.05941782,0.0
1772550600012_SELL,2026.03.03 15:10:00,1,2,1,-0.93661984,0.0
1772578200046_SELL,2026.03.03 22:50:00,1,2,1,0.42156718,0.0
1772601000125_SELL,2026.03.04 05:10:00,1,2,1,-0.66989722,0.0
1774248900012_SELL,2026.03.23 06:55:00,1,2,1,-1.0697240300000002,0.0
1774250700030_SELL,2026.03.23 07:25:00,1,2,1,1.54947853,0.0
1774330800114_SELL,2026.03.24 05:40:00,1,2,1,0.048555299999999996,0.0
1774487100044_SELL,2026.03.26 01:05:00,1,2,1,-0.37454784,0.0
1774499700030_SELL,2026.03.26 04:35:00,1,2,1,0.28621449,0.0
1774509300030_SELL,2026.03.26 07:15:00,1,2,1,0.5198764399999999,0.0
1774533300023_SELL,2026.03.26 13:55:00,1,2,1,0.07992831,0.0
1774536900013_SELL,2026.03.26 14:55:00,1,2,1,-0.45676662000000007,0.0
1774578300027_SELL,2026.03.27 02:25:00,1,2,1,-0.7050324499999999,0.0
1778600100002_SELL,2026.05.12 15:35:00,1,2,1,-1.13012529,0.0
1778749800032_SELL,2026.05.14 09:10:00,1,2,1,0.17125053,0.0
1778829600067_SELL,2026.05.15 07:20:00,1,2,1,0.36273868,0.0
1778870100003_SELL,2026.05.15 18:35:00,1,2,1,0.12607053999999998,0.0
1778883300079_SELL,2026.05.15 22:15:00,1,2,1,-0.11931869,0.0
1779094800031_SELL,2026.05.18 09:00:00,1,2,1,-1.09470048,0.0
1779187500003_SELL,2026.05.19 10:45:00,1,2,1,-1.1423437000000003,0.0
1779976200048_SELL,2026.05.28 13:50:00,1,2,1,-1.1362921299999997,0.0
1779981600010_SELL,2026.05.28 15:20:00,1,2,1,0.35984704,0.0
1780305300197_SELL,2026.06.01 09:15:00,1,2,1,1.13002983,0.0
1780316700002_SELL,2026.06.01 12:25:00,1,2,1,1.33148044,0.0
1780327500017_SELL,2026.06.01 15:25:00,1,2,1,-1.1899430100000001,0.0
1780329600032_SELL,2026.06.01 16:00:00,1,2,1,0.017090969999999983,0.0
1780353900068_SELL,2026.06.01 22:45:00,1,2,1,0.9458332900000002,0.0
1780368600011_SELL,2026.06.02 02:50:00,1,2,1,-1.2639632299999999,0.0
1780372800001_SELL,2026.06.02 04:00:00,1,2,1,0.1526339,0.0
1780375200009_SELL,2026.06.02 04:40:00,1,2,1,0.60726475,0.0
1780452000017_SELL,2026.06.03 02:00:00,1,2,1,0.30921112999999995,0.0
1780460100006_SELL,2026.06.03 04:15:00,1,2,1,0.5411248000000001,0.0
1780471800004_SELL,2026.06.03 07:30:00,1,2,1,1.32861078,0.0
1780500300041_SELL,2026.06.03 15:25:00,1,2,1,1.03464389,0.0
1780503900034_SELL,2026.06.03 16:25:00,1,2,1,0.09894394000000001,0.0
1780510500038_SELL,2026.06.03 18:15:00,1,2,1,0.21708311000000002,0.0
1780535100018_SELL,2026.06.04 01:05:00,1,2,1,-1.19960294,0.0
1780650300042_SELL,2026.06.05 09:05:00,1,2,1,0.020606109999999983,0.0
1780693500009_SELL,2026.06.05 21:05:00,1,2,1,1.3203103600000001,0.0
1780883400031_SELL,2026.06.08 01:50:00,1,2,1,0.37040859000000004,0.0
1780892100044_SELL,2026.06.08 04:15:00,1,2,1,0.51517402,0.0
1780904700039_SELL,2026.06.08 07:45:00,1,2,1,-1.1794166099999999,0.0
1780916100039_SELL,2026.06.08 10:55:00,1,2,1,0.25231193999999996,0.0
1781043300041_SELL,2026.06.09 22:15:00,1,2,1,0.30316345,0.0
1781087700145_SELL,2026.06.10 10:35:00,1,2,1,0.57858065,0.0
1781100300029_SELL,2026.06.10 14:05:00,1,2,1,-0.9020653300000001,0.0
1781156400033_SELL,2026.06.11 05:40:00,1,2,1,1.0432901300000001,0.0
1781178300012_SELL,2026.06.11 11:45:00,1,2,1,0.38125257999999995,0.0
1781197800031_SELL,2026.06.11 17:10:00,1,2,1,-0.15435031,0.0
1781207700011_SELL,2026.06.11 19:55:00,1,2,1,0.43953891,0.0
1781580000011_SELL,2026.06.16 03:20:00,1,2,1,0.52884048,0.0
1781586000015_SELL,2026.06.16 05:00:00,1,2,1,0.17154351,0.0
1781599200003_SELL,2026.06.16 08:40:00,1,2,1,-0.46386742000000003,0.0
1781688000014_SELL,2026.06.17 09:20:00,1,2,1,-0.29916028,0.0
1781693700050_SELL,2026.06.17 10:55:00,1,2,1,-0.38032357000000006,0.0
1781706900042_SELL,2026.06.17 14:35:00,1,2,1,-0.3288046,0.0
1783337700009_SELL,2026.07.06 11:35:00,1,2,1,0.88500881,0.0
1783351800022_SELL,2026.07.06 15:30:00,1,2,1,1.06415719,0.0
1783422000050_SELL,2026.07.07 11:00:00,1,2,1,-1.1878040600000002,0.0
1783425600028_SELL,2026.07.07 12:00:00,1,2,1,-0.28927843999999997,0.0
1783485000006_SELL,2026.07.08 04:30:00,1,2,1,0.17134132000000002,0.0
1783504500004_SELL,2026.07.08 09:55:00,1,2,1,0.7485229999999999,0.0
1783530600036_SELL,2026.07.08 17:10:00,1,2,1,0.78650571,0.0
1783560000085_SELL,2026.07.09 01:20:00,1,2,1,0.10096911,0.0
1783675800038_SELL,2026.07.10 09:30:00,1,2,1,-0.38668547,0.0
1783693800015_SELL,2026.07.10 14:30:00,1,2,1,0.23635743999999997,0.0
1783698000056_SELL,2026.07.10 15:40:00,1,2,1,-0.24270899,0.0
1783704900028_SELL,2026.07.10 17:35:00,1,2,1,-1.07572627,0.0
1783933200017_SELL,2026.07.13 09:00:00,1,2,1,-0.05238039,0.0
1783948200078_SELL,2026.07.13 13:10:00,1,2,1,-0.11576055000000002,0.0
1783960500078_SELL,2026.07.13 16:35:00,1,2,1,0.47847830999999996,0.0
1783982400076_SELL,2026.07.13 22:40:00,1,2,1,-0.57935884,0.0
1783995600224_SELL,2026.07.14 02:20:00,1,2,1,0.36082519,0.0
1784002500017_SELL,2026.07.14 04:15:00,1,2,1,-1.0894211399999998,0.0
1784003400048_SELL,2026.07.14 04:30:00,1,2,1,-0.08957723999999999,0.0
1784111100010_SELL,2026.07.15 10:25:00,1,2,1,0.20707291000000005,0.0
1786653000045_SELL,2026.08.13 20:30:00,1,2,1,0.10053442000000001,0.0
1786673100025_SELL,2026.08.14 02:05:00,1,2,1,-1.1756818699999998,0.0
1786695000009_SELL,2026.08.14 08:10:00,1,2,1,-0.024128590000000005,0.0
1787688600090_SELL,2026.08.25 20:10:00,1,2,1,-1.1787418,0.0
1787899200150_SELL,2026.08.28 06:40:00,1,2,1,0.21914517000000006,0.0
1769055300007_SELL,2026.01.22 04:15:00,1,2.5,1,0.34138047499999996,0.0
1769174100008_SELL,2026.01.23 13:15:00,1,2.5,1,-0.39732829,0.0
1769469300010_SELL,2026.01.26 23:15:00,1,2.5,1,0.861585395,0.0
1769482200011_SELL,2026.01.27 02:50:00,1,2.5,1,-1.137916475,0.0
1769721300024_SELL,2026.01.29 21:15:00,1,2.5,1,-0.31534376,0.0
1769742000015_SELL,2026.01.30 03:00:00,1,2.5,1,1.8953049400000002,0.0
1769760000047_SELL,2026.01.30 08:00:00,1,2.5,1,-0.4948655099999999,0.0
1769784600035_SELL,2026.01.30 14:50:00,1,2.5,1,-1.0453193500000002,0.0
1769792400039_SELL,2026.01.30 17:00:00,1,2.5,1,0.79447058,0.0
1769813100051_SELL,2026.01.30 22:45:00,1,2.5,1,0.5798541700000002,0.0
1769994300011_SELL,2026.02.02 01:05:00,1,2.5,1,2.1785195749999997,0.0
1770000900026_SELL,2026.02.02 02:55:00,1,2.5,1,0.7793954799999998,0.0
1770008100047_SELL,2026.02.02 04:55:00,1,2.5,1,0.5706604200000001,0.0
1770060000091_SELL,2026.02.02 19:20:00,1,2.5,1,0.274652935,0.0
1770073200031_SELL,2026.02.02 23:00:00,1,2.5,1,-0.4613275949999999,0.0
1770288900046_SELL,2026.02.05 10:55:00,1,2.5,1,1.276102205,0.0
1770299400010_SELL,2026.02.05 13:50:00,1,2.5,1,0.15515284499999998,0.0
1770311700035_SELL,2026.02.05 17:15:00,1,2.5,1,-0.12379195499999998,0.0
1770312300005_SELL,2026.02.05 17:25:00,1,2.5,1,0.49245960499999997,0.0
1770324900011_SELL,2026.02.05 20:55:00,1,2.5,1,0.16114917500000003,0.0
1770348000038_SELL,2026.02.06 03:20:00,1,2.5,1,0.1234065,0.0
1770700500091_SELL,2026.02.10 05:15:00,1,2.5,1,0.024136335000000037,0.0
1770708000060_SELL,2026.02.10 07:20:00,1,2.5,1,0.44856992500000004,0.0
1770713700081_SELL,2026.02.10 08:55:00,1,2.5,1,-0.9970159200000002,0.0
1770754200012_SELL,2026.02.10 20:10:00,1,2.5,1,1.0318204949999998,0.0
1770767100003_SELL,2026.02.10 23:45:00,1,2.5,1,-0.550137515,0.0
1770871800022_SELL,2026.02.12 04:50:00,1,2.5,1,-0.919230615,0.0
1770892800280_SELL,2026.02.12 10:40:00,1,2.5,1,-0.5527041350000002,0.0
1770913800023_SELL,2026.02.12 16:30:00,1,2.5,1,-1.13042374,0.0
1770919800044_SELL,2026.02.12 18:10:00,1,2.5,1,11.647047190000002,0.0
1770934800047_SELL,2026.02.12 22:20:00,1,2.5,1,1.1942652049999998,0.0
1770965700033_SELL,2026.02.13 06:55:00,1,2.5,1,-0.91357706,0.0
1770982200032_SELL,2026.02.13 11:30:00,1,2.5,1,-0.16438839,0.0
1771292400019_SELL,2026.02.17 01:40:00,1,2.5,1,-0.76309746,0.0
1771303500080_SELL,2026.02.17 04:45:00,1,2.5,1,-0.6256946,0.0
1771305300049_SELL,2026.02.17 05:15:00,1,2.5,1,0.368887375,0.0
1771365900046_SELL,2026.02.17 22:05:00,1,2.5,1,-0.23201086000000004,0.0
1771922100025_SELL,2026.02.24 08:35:00,1,2.5,1,-0.491081905,0.0
1772533800012_SELL,2026.03.03 10:30:00,1,2.5,1,1.034332145,0.0
1772550600012_SELL,2026.03.03 15:10:00,1,2.5,1,-0.947025205,0.0
1772578200046_SELL,2026.03.03 22:50:00,1,2.5,1,0.40404052,0.0
1772601000125_SELL,2026.03.04 05:10:00,1,2.5,1,-0.6881396849999999,0.0
1774248900012_SELL,2026.03.23 06:55:00,1,2.5,1,-1.0866113700000002,0.0
1774250700030_SELL,2026.03.23 07:25:00,1,2.5,1,1.532834785,0.0
1774330800114_SELL,2026.03.24 05:40:00,1,2.5,1,0.036176484999999994,0.0
1774487100044_SELL,2026.03.26 01:05:00,1,2.5,1,-0.38982754000000003,0.0
1774499700030_SELL,2026.03.26 04:35:00,1,2.5,1,0.26280461499999996,0.0
1774509300030_SELL,2026.03.26 07:15:00,1,2.5,1,0.47459447499999985,0.0
1774533300023_SELL,2026.03.26 13:55:00,1,2.5,1,0.061194860000000004,0.0
1774536900013_SELL,2026.03.26 14:55:00,1,2.5,1,-0.4730510400000001,0.0
1774578300027_SELL,2026.03.27 02:25:00,1,2.5,1,-0.7280671749999998,0.0
1778600100002_SELL,2026.05.12 15:35:00,1,2.5,1,-1.1624292,0.0
1778749800032_SELL,2026.05.14 09:10:00,1,2.5,1,0.13270126000000002,0.0
1778829600067_SELL,2026.05.15 07:20:00,1,2.5,1,0.324649765,0.0
1778870100003_SELL,2026.05.15 18:35:00,1,2.5,1,0.10318011499999998,0.0
1778883300079_SELL,2026.05.15 22:15:00,1,2.5,1,-0.16044597500000002,0.0
1779094800031_SELL,2026.05.18 09:00:00,1,2.5,1,-1.11801721,0.0
1779187500003_SELL,2026.05.19 10:45:00,1,2.5,1,-1.1765317750000004,0.0
1779976200048_SELL,2026.05.28 13:50:00,1,2.5,1,-1.1702199549999996,0.0
1779981600010_SELL,2026.05.28 15:20:00,1,2.5,1,0.31855880000000003,0.0
1780305300197_SELL,2026.06.01 09:15:00,1,2.5,1,1.0941930850000001,0.0
1780316700002_SELL,2026.06.01 12:25:00,1,2.5,1,1.2931739,0.0
1780327500017_SELL,2026.06.01 15:25:00,1,2.5,1,-1.2316617600000002,0.0
1780329600032_SELL,2026.06.01 16:00:00,1,2.5,1,-0.01802896000000004,0.0
1780353900068_SELL,2026.06.01 22:45:00,1,2.5,1,0.8572386850000002,0.0
1780368600011_SELL,2026.06.02 02:50:00,1,2.5,1,-1.3258479949999997,0.0
1780372800001_SELL,2026.06.02 04:00:00,1,2.5,1,0.114366635,0.0
1780375200009_SELL,2026.06.02 04:40:00,1,2.5,1,0.58175045,0.0
1780452000017_SELL,2026.06.03 02:00:00,1,2.5,1,0.2627713099999999,0.0
1780460100006_SELL,2026.06.03 04:15:00,1,2.5,1,0.5111480100000001,0.0
1780471800004_SELL,2026.06.03 07:30:00,1,2.5,1,1.261086665,0.0
1780500300041_SELL,2026.06.03 15:25:00,1,2.5,1,0.9913631149999999,0.0
1780503900034_SELL,2026.06.03 16:25:00,1,2.5,1,0.071421505,0.0
1780510500038_SELL,2026.06.03 18:15:00,1,2.5,1,0.18952061000000003,0.0
1780535100018_SELL,2026.06.04 01:05:00,1,2.5,1,-1.2468480499999999,0.0
1780650300042_SELL,2026.06.05 09:05:00,1,2.5,1,-0.016717580000000037,0.0
1780693500009_SELL,2026.06.05 21:05:00,1,2.5,1,1.2910675500000002,0.0
1780883400031_SELL,2026.06.08 01:50:00,1,2.5,1,0.350956735,0.0
1780892100044_SELL,2026.06.08 04:15:00,1,2.5,1,0.487886445,0.0
1780904700039_SELL,2026.06.08 07:45:00,1,2.5,1,-1.2184884499999997,0.0
1780916100039_SELL,2026.06.08 10:55:00,1,2.5,1,0.22745603999999994,0.0
1781043300041_SELL,2026.06.09 22:15:00,1,2.5,1,0.271646265,0.0
1781087700145_SELL,2026.06.10 10:35:00,1,2.5,1,0.548846065,0.0
1781100300029_SELL,2026.06.10 14:05:00,1,2.5,1,-0.9251452950000001,0.0
1781156400033_SELL,2026.06.11 05:40:00,1,2.5,1,1.0241362100000002,0.0
1781178300012_SELL,2026.06.11 11:45:00,1,2.5,1,0.35342151499999996,0.0
1781197800031_SELL,2026.06.11 17:10:00,1,2.5,1,-0.16955154500000003,0.0
1781207700011_SELL,2026.06.11 19:55:00,1,2.5,1,0.416690365,0.0
1781580000011_SELL,2026.06.16 03:20:00,1,2.5,1,0.4802782749999999,0.0
1781586000015_SELL,2026.06.16 05:00:00,1,2.5,1,0.13872286500000003,0.0
1781599200003_SELL,2026.06.16 08:40:00,1,2.5,1,-0.5107991350000001,0.0
1781688000014_SELL,2026.06.17 09:20:00,1,2.5,1,-0.34185724500000003,0.0
1781693700050_SELL,2026.06.17 10:55:00,1,2.5,1,-0.42745739000000005,0.0
1781706900042_SELL,2026.06.17 14:35:00,1,2.5,1,-0.388308625,0.0
1783337700009_SELL,2026.07.06 11:35:00,1,2.5,1,0.842149,0.0
1783351800022_SELL,2026.07.06 15:30:00,1,2.5,1,1.02082732,0.0
1783422000050_SELL,2026.07.07 11:00:00,1,2.5,1,-1.230970735,0.0
1783425600028_SELL,2026.07.07 12:00:00,1,2.5,1,-0.325774325,0.0
1783485000006_SELL,2026.07.08 04:30:00,1,2.5,1,0.14894612000000002,0.0
1783504500004_SELL,2026.07.08 09:55:00,1,2.5,1,0.7059339849999999,0.0
1783530600036_SELL,2026.07.08 17:10:00,1,2.5,1,0.7665981500000001,0.0
1783560000085_SELL,2026.07.09 01:20:00,1,2.5,1,0.06453540999999999,0.0
1783675800038_SELL,2026.07.10 09:30:00,1,2.5,1,-0.42524805,0.0
1783693800015_SELL,2026.07.10 14:30:00,1,2.5,1,0.18838453499999996,0.0
1783698000056_SELL,2026.07.10 15:40:00,1,2.5,1,-0.27305198,0.0
1783704900028_SELL,2026.07.10 17:35:00,1,2.5,1,-1.0940925250000002,0.0
1783933200017_SELL,2026.07.13 09:00:00,1,2.5,1,-0.07887418,0.0
1783948200078_SELL,2026.07.13 13:10:00,1,2.5,1,-0.17005213000000002,0.0
1783960500078_SELL,2026.07.13 16:35:00,1,2.5,1,0.44181461499999997,0.0
1783982400076_SELL,2026.07.13 22:40:00,1,2.5,1,-0.61860304,0.0
1783995600224_SELL,2026.07.14 02:20:00,1,2.5,1,0.28066642,0.0
1784002500017_SELL,2026.07.14 04:15:00,1,2.5,1,-1.1106339199999997,0.0
1784003400048_SELL,2026.07.14 04:30:00,1,2.5,1,-0.11254608499999999,0.0
1784111100010_SELL,2026.07.15 10:25:00,1,2.5,1,0.16640022000000007,0.0
1786653000045_SELL,2026.08.13 20:30:00,1,2.5,1,0.06046632000000002,0.0
1786673100025_SELL,2026.08.14 02:05:00,1,2.5,1,-1.2163313099999997,0.0
1786695000009_SELL,2026.08.14 08:10:00,1,2.5,1,-0.094575415,0.0
1787688600090_SELL,2026.08.25 20:10:00,1,2.5,1,-1.218415025,0.0
1787899200150_SELL,2026.08.28 06:40:00,1,2.5,1,0.17236383500000008,0.0
1769055300007_SELL,2026.01.22 04:15:00,1,3,1,0.31872568999999995,0.0
1769174100008_SELL,2026.01.23 13:15:00,1,3,1,-0.43909265999999997,0.0
1769469300010_SELL,2026.01.26 23:15:00,1,3,1,0.84404125,0.0
1769482200011_SELL,2026.01.27 02:50:00,1,3,1,-1.16504461,0.0
1769721300024_SELL,2026.01.29 21:15:00,1,3,1,-0.32453172999999996,0.0
1769742000015_SELL,2026.01.30 03:00:00,1,3,1,1.8821790100000002,0.0
1769760000047_SELL,2026.01.30 08:00:00,1,3,1,-0.5079884799999999,0.0
1769784600035_SELL,2026.01.30 14:50:00,1,3,1,-1.0542659100000003,0.0
1769792400039_SELL,2026.01.30 17:00:00,1,3,1,0.7880750500000001,0.0
1769813100051_SELL,2026.01.30 22:45:00,1,3,1,0.5734367900000001,0.0
1769994300011_SELL,2026.02.02 01:05:00,1,3,1,2.1722913499999996,0.0
1770000900026_SELL,2026.02.02 02:55:00,1,3,1,0.7738976399999998,0.0
1770008100047_SELL,2026.02.02 04:55:00,1,3,1,0.5637946300000001,0.0
1770060000091_SELL,2026.02.02 19:20:00,1,3,1,0.26781903,0.0
1770073200031_SELL,2026.02.02 23:00:00,1,3,1,-0.4701364899999999,0.0
1770288900046_SELL,2026.02.05 10:55:00,1,3,1,1.25983162,0.0
1770299400010_SELL,2026.02.05 13:50:00,1,3,1,0.13708793,0.0
1770311700035_SELL,2026.02.05 17:15:00,1,3,1,-0.13117651999999996,0.0
1770312300005_SELL,2026.02.05 17:25:00,1,3,1,0.48468049999999996,0.0
1770324900011_SELL,2026.02.05 20:55:00,1,3,1,0.14738963000000002,0.0
1770348000038_SELL,2026.02.06 03:20:00,1,3,1,0.1172263,0.0
1770700500091_SELL,2026.02.10 05:15:00,1,3,1,0.001094240000000024,0.0
1770708000060_SELL,2026.02.10 07:20:00,1,3,1,0.40990568000000005,0.0
1770713700081_SELL,2026.02.10 08:55:00,1,3,1,-1.0270153700000002,0.0
1770754200012_SELL,2026.02.10 20:10:00,1,3,1,0.9991332099999997,0.0
1770767100003_SELL,2026.02.10 23:45:00,1,3,1,-0.5914392399999999,0.0
1770871800022_SELL,2026.02.12 04:50:00,1,3,1,-0.95219726,0.0
1770892800280_SELL,2026.02.12 10:40:00,1,3,1,-0.5951425200000001,0.0
1770913800023_SELL,2026.02.12 16:30:00,1,3,1,-1.1539721299999999,0.0
1770919800044_SELL,2026.02.12 18:10:00,1,3,1,11.621260130000001,0.0
1770934800047_SELL,2026.02.12 22:20:00,1,3,1,1.1724018699999998,0.0
1770965700033_SELL,2026.02.13 06:55:00,1,3,1,-0.9475787800000001,0.0
1770982200032_SELL,2026.02.13 11:30:00,1,3,1,-0.19330558999999997,0.0
1771292400019_SELL,2026.02.17 01:40:00,1,3,1,-0.7998701300000001,0.0
1771303500080_SELL,2026.02.17 04:45:00,1,3,1,-0.6682133800000001,0.0
1771305300049_SELL,2026.02.17 05:15:00,1,3,1,0.32709325000000006,0.0
1771365900046_SELL,2026.02.17 22:05:00,1,3,1,-0.25909503,0.0
1771922100025_SELL,2026.02.24 08:35:00,1,3,1,-0.52302317,0.0
1772533800012_SELL,2026.03.03 10:30:00,1,3,1,1.00924647,0.0
1772550600012_SELL,2026.03.03 15:10:00,1,3,1,-0.95743057,0.0
1772578200046_SELL,2026.03.03 22:50:00,1,3,1,0.38651386,0.0
1772601000125_SELL,2026.03.04 05:10:00,1,3,1,-0.7063821499999999,0.0
1774248900012_SELL,2026.03.23 06:55:00,1,3,1,-1.1034987100000002,0.0
1774250700030_SELL,2026.03.23 07:25:00,1,3,1,1.51619104,0.0
1774330800114_SELL,2026.03.24 05:40:00,1,3,1,0.023797669999999993,0.0
1774487100044_SELL,2026.03.26 01:05:00,1,3,1,-0.40510724000000004,0.0
1774499700030_SELL,2026.03.26 04:35:00,1,3,1,0.23939474,0.0
1774509300030_SELL,2026.03.26 07:15:00,1,3,1,0.4293125099999998,0.0
1774533300023_SELL,2026.03.26 13:55:00,1,3,1,0.042461410000000005,0.0
1774536900013_SELL,2026.03.26 14:55:00,1,3,1,-0.4893354600000001,0.0
1774578300027_SELL,2026.03.27 02:25:00,1,3,1,-0.7511018999999999,0.0
1778600100002_SELL,2026.05.12 15:35:00,1,3,1,-1.19473311,0.0
1778749800032_SELL,2026.05.14 09:10:00,1,3,1,0.09415199000000002,0.0
1778829600067_SELL,2026.05.15 07:20:00,1,3,1,0.28656085,0.0
1778870100003_SELL,2026.05.15 18:35:00,1,3,1,0.08028968999999997,0.0
1778883300079_SELL,2026.05.15 22:15:00,1,3,1,-0.20157326,0.0
1779094800031_SELL,2026.05.18 09:00:00,1,3,1,-1.14133394,0.0
1779187500003_SELL,2026.05.19 10:45:00,1,3,1,-1.2107198500000005,0.0
1779976200048_SELL,2026.05.28 13:50:00,1,3,1,-1.2041477799999996,0.0
1779981600010_SELL,2026.05.28 15:20:00,1,3,1,0.27727056,0.0
1780305300197_SELL,2026.06.01 09:15:00,1,3,1,1.05835634,0.0
1780316700002_SELL,2026.06.01 12:25:00,1,3,1,1.25486736,0.0
1780327500017_SELL,2026.06.01 15:25:00,1,3,1,-1.2733805100000002,0.0
1780329600032_SELL,2026.06.01 16:00:00,1,3,1,-0.05314889000000003,0.0
1780353900068_SELL,2026.06.01 22:45:00,1,3,1,0.7686440800000003,0.0
1780368600011_SELL,2026.06.02 02:50:00,1,3,1,-1.3877327599999998,0.0
1780372800001_SELL,2026.06.02 04:00:00,1,3,1,0.07609936999999997,0.0
1780375200009_SELL,2026.06.02 04:40:00,1,3,1,0.55623615,0.0
1780452000017_SELL,2026.06.03 02:00:00,1,3,1,0.2163314899999999,0.0
1780460100006_SELL,2026.06.03 04:15:00,1,3,1,0.4811712200000001,0.0
1780471800004_SELL,2026.06.03 07:30:00,1,3,1,1.19356255,0.0
1780500300041_SELL,2026.06.03 15:25:00,1,3,1,0.9480823399999998,0.0
1780503900034_SELL,2026.06.03 16:25:00,1,3,1,0.04389907000000001,0.0
1780510500038_SELL,2026.06.03 18:15:00,1,3,1,0.16195811000000004,0.0
1780535100018_SELL,2026.06.04 01:05:00,1,3,1,-1.2940931599999999,0.0
1780650300042_SELL,2026.06.05 09:05:00,1,3,1,-0.05404127000000003,0.0
1780693500009_SELL,2026.06.05 21:05:00,1,3,1,1.2618247400000002,0.0
1780883400031_SELL,2026.06.08 01:50:00,1,3,1,0.33150488000000006,0.0
1780892100044_SELL,2026.06.08 04:15:00,1,3,1,0.46059887,0.0
1780904700039_SELL,2026.06.08 07:45:00,1,3,1,-1.2575602899999998,0.0
1780916100039_SELL,2026.06.08 10:55:00,1,3,1,0.20260013999999993,0.0
1781043300041_SELL,2026.06.09 22:15:00,1,3,1,0.24012908,0.0
1781087700145_SELL,2026.06.10 10:35:00,1,3,1,0.5191114800000001,0.0
1781100300029_SELL,2026.06.10 14:05:00,1,3,1,-0.9482252600000002,0.0
1781156400033_SELL,2026.06.11 05:40:00,1,3,1,1.0049822900000003,0.0
1781178300012_SELL,2026.06.11 11:45:00,1,3,1,0.3255904499999999,0.0
1781197800031_SELL,2026.06.11 17:10:00,1,3,1,-0.18475278,0.0
1781207700011_SELL,2026.06.11 19:55:00,1,3,1,0.39384182,0.0
1781580000011_SELL,2026.06.16 03:20:00,1,3,1,0.4317160699999999,0.0
1781586000015_SELL,2026.06.16 05:00:00,1,3,1,0.10590222000000002,0.0
1781599200003_SELL,2026.06.16 08:40:00,1,3,1,-0.55773085,0.0
1781688000014_SELL,2026.06.17 09:20:00,1,3,1,-0.38455421,0.0
1781693700050_SELL,2026.06.17 10:55:00,1,3,1,-0.47459121000000004,0.0
1781706900042_SELL,2026.06.17 14:35:00,1,3,1,-0.44781265,0.0
1783337700009_SELL,2026.07.06 11:35:00,1,3,1,0.79928919,0.0
1783351800022_SELL,2026.07.06 15:30:00,1,3,1,0.97749745,0.0
1783422000050_SELL,2026.07.07 11:00:00,1,3,1,-1.2741374100000002,0.0
1783425600028_SELL,2026.07.07 12:00:00,1,3,1,-0.3622702099999999,0.0
1783485000006_SELL,2026.07.08 04:30:00,1,3,1,0.12655092000000004,0.0
1783504500004_SELL,2026.07.08 09:55:00,1,3,1,0.6633449699999999,0.0
1783530600036_SELL,2026.07.08 17:10:00,1,3,1,0.74669059,0.0
1783560000085_SELL,2026.07.09 01:20:00,1,3,1,0.028101710000000002,0.0
1783675800038_SELL,2026.07.10 09:30:00,1,3,1,-0.46381063,0.0
1783693800015_SELL,2026.07.10 14:30:00,1,3,1,0.14041162999999995,0.0
1783698000056_SELL,2026.07.10 15:40:00,1,3,1,-0.30339497000000004,0.0
1783704900028_SELL,2026.07.10 17:35:00,1,3,1,-1.11245878,0.0
1783933200017_SELL,2026.07.13 09:00:00,1,3,1,-0.10536796999999999,0.0
1783948200078_SELL,2026.07.13 13:10:00,1,3,1,-0.22434371000000003,0.0
1783960500078_SELL,2026.07.13 16:35:00,1,3,1,0.40515091999999997,0.0
1783982400076_SELL,2026.07.13 22:40:00,1,3,1,-0.65784724,0.0
1783995600224_SELL,2026.07.14 02:20:00,1,3,1,0.20050765000000004,0.0
1784002500017_SELL,2026.07.14 04:15:00,1,3,1,-1.1318466999999997,0.0
1784003400048_SELL,2026.07.14 04:30:00,1,3,1,-0.13551492999999998,0.0
1784111100010_SELL,2026.07.15 10:25:00,1,3,1,0.1257275300000001,0.0
1786653000045_SELL,2026.08.13 20:30:00,1,3,1,0.020398220000000022,0.0
1786673100025_SELL,2026.08.14 02:05:00,1,3,1,-1.2569807499999996,0.0
1786695000009_SELL,2026.08.14 08:10:00,1,3,1,-0.16502224000000004,0.0
1787688600090_SELL,2026.08.25 20:10:00,1,3,1,-1.2580882500000001,0.0
1787899200150_SELL,2026.08.28 06:40:00,1,3,1,0.1255825000000001,0.0
1769055300007_SELL,2026.01.22 04:15:00,3,0,2,0.42440712,-0.030247279999999988
1769174100008_SELL,2026.01.23 13:15:00,3,0,2,-1.00706596,-0.81855952
1769469300010_SELL,2026.01.26 23:15:00,3,0,3,1.58426784,0.6349617200000001
1769482200011_SELL,2026.01.27 02:50:00,3,0,2,-1.01415622,-0.011880420000000003
1769721300024_SELL,2026.01.29 21:15:00,3,0,1,-0.26940391,0.0
1769742000015_SELL,2026.01.30 03:00:00,3,0,3,3.85001517,1.88908058
1769760000047_SELL,2026.01.30 08:00:00,3,0,1,-0.42925066,0.0
1769784600035_SELL,2026.01.30 14:50:00,3,0,1,-1.00058655,0.0
1769792400039_SELL,2026.01.30 17:00:00,3,0,3,0.67701663,-0.1494316
1769813100051_SELL,2026.01.30 22:45:00,3,0,2,0.58554154,-0.02639952999999995
1769994300011_SELL,2026.02.02 01:05:00,3,0,3,4.31999631,2.1103356099999995
1770000900026_SELL,2026.02.02 02:55:00,3,0,3,0.82730924,0.020424559999999925
1770008100047_SELL,2026.02.02 04:55:00,3,0,2,0.08103314,-0.52395623
1770060000091_SELL,2026.02.02 19:20:00,3,0,2,0.18815673,-0.12066573000000003
1770073200031_SELL,2026.02.02 23:00:00,3,0,2,-0.60812766,-0.19084453999999995
1770288900046_SELL,2026.02.05 10:55:00,3,0,2,2.52582193,1.1683668000000003
1770299400010_SELL,2026.02.05 13:50:00,3,0,2,-0.14461661,-0.39009403
1770311700035_SELL,2026.02.05 17:15:00,3,0,1,-0.08686913,0.0
1770312300005_SELL,2026.02.05 17:25:00,3,0,2,0.69269387,0.16133874000000004
1770324900011_SELL,2026.02.05 20:55:00,3,0,2,-0.08325664,-0.31320354
1770348000038_SELL,2026.02.06 03:20:00,3,0,2,0.02593624,-0.12837126
1770700500091_SELL,2026.02.10 05:15:00,3,0,2,-0.27869362,-0.41804042999999996
1770708000060_SELL,2026.02.10 07:20:00,3,0,2,0.53567894,-0.10621220999999992
1770713700081_SELL,2026.02.10 08:55:00,3,0,2,-0.96768,-0.12066133000000001
1770754200012_SELL,2026.02.10 20:10:00,3,0,3,2.32931876,1.13406184
1770767100003_SELL,2026.02.10 23:45:00,3,0,2,-0.54092777,-0.19729888
1770871800022_SELL,2026.02.12 04:50:00,3,0,1,-0.75439739,0.0
1770892800280_SELL,2026.02.12 10:40:00,3,0,1,-0.34051221,0.0
1770913800023_SELL,2026.02.12 16:30:00,3,0,1,-1.01268179,0.0
1770919800044_SELL,2026.02.12 18:10:00,3,0,3,19.81420626,8.038223769999998
1770934800047_SELL,2026.02.12 22:20:00,3,0,3,2.93837274,1.63479086
1770965700033_SELL,2026.02.13 06:55:00,3,0,1,-0.74356846,0.0
1770982200032_SELL,2026.02.13 11:30:00,3,0,1,-0.01980239,0.0
1771292400019_SELL,2026.02.17 01:40:00,3,0,2,-0.68387946,-0.10464534999999997
1771303500080_SELL,2026.02.17 04:45:00,3,0,1,-0.4131007,0.0
1771305300049_SELL,2026.02.17 05:15:00,3,0,2,0.25776173,-0.32009626999999996
1771365900046_SELL,2026.02.17 22:05:00,3,0,2,-0.41966693,-0.32307692
1771922100025_SELL,2026.02.24 08:35:00,3,0,2,-1.03616692,-0.7047913400000001
1772533800012_SELL,2026.03.03 10:30:00,3,0,3,1.99935914,0.8395986199999999
1772550600012_SELL,2026.03.03 15:10:00,3,0,1,-0.89499838,0.0
1772578200046_SELL,2026.03.03 22:50:00,3,0,2,-0.5095279,-1.00120172
1772601000125_SELL,2026.03.04 05:10:00,3,0,1,-0.59692736,0.0
1774248900012_SELL,2026.03.23 06:55:00,3,0,1,-1.00217467,0.0
1774250700030_SELL,2026.03.23 07:25:00,3,0,2,1.30492117,-0.3111323399999999
1774330800114_SELL,2026.03.24 05:40:00,3,0,2,-0.08723718,-0.18530774
1774487100044_SELL,2026.03.26 01:05:00,3,0,1,-0.31342904,0.0
1774499700030_SELL,2026.03.26 04:35:00,3,0,2,-0.09418723,-0.47404122
1774509300030_SELL,2026.03.26 07:15:00,3,0,2,0.40573888,-0.29526542
1774533300023_SELL,2026.03.26 13:55:00,3,0,2,-0.05246694,-0.20732905
1774536900013_SELL,2026.03.26 14:55:00,3,0,2,-0.48641344,-0.0947845
1774578300027_SELL,2026.03.27 02:25:00,3,0,2,-0.88155922,-0.26866566999999997
1778600100002_SELL,2026.05.12 15:35:00,3,0,1,-1.00090965,0.0
1778749800032_SELL,2026.05.14 09:10:00,3,0,2,0.07725271,-0.2481949
1778829600067_SELL,2026.05.15 07:20:00,3,0,2,0.36981132,-0.14528301999999998
1778870100003_SELL,2026.05.15 18:35:00,3,0,2,0.07254408,-0.14508816000000002
1778883300079_SELL,2026.05.15 22:15:00,3,0,2,-0.23137508,-0.27656553
1779094800031_SELL,2026.05.18 09:00:00,3,0,1,-1.00143356,0.0
1779187500003_SELL,2026.05.19 10:45:00,3,0,1,-1.0055914,0.0
1779976200048_SELL,2026.05.28 13:50:00,3,0,2,-1.03155857,-0.030977739999999976
1779981600010_SELL,2026.05.28 15:20:00,3,0,2,-0.47607527,-1.00107527
1780305300197_SELL,2026.06.01 09:15:00,3,0,3,3.06753615,1.79415934
1780316700002_SELL,2026.06.01 12:25:00,3,0,3,3.24013378,1.7554271799999999
1780327500017_SELL,2026.06.01 15:25:00,3,0,1,-1.02306801,0.0
1780329600032_SELL,2026.06.01 16:00:00,3,0,2,-0.63496309,-0.79253378
1780353900068_SELL,2026.06.01 22:45:00,3,0,2,2.10642202,0.8062103100000002
1780368600011_SELL,2026.06.02 02:50:00,3,0,1,-1.01642417,0.0
1780372800001_SELL,2026.06.02 04:00:00,3,0,1,0.30570296,0.0
1780375200009_SELL,2026.06.02 04:40:00,3,0,2,0.39052557,-0.31879638
1780452000017_SELL,2026.06.03 02:00:00,3,0,2,0.63372781,0.13875739999999998
1780460100006_SELL,2026.06.03 04:15:00,3,0,2,1.12496109,0.46392913
1780471800004_SELL,2026.06.03 07:30:00,3,0,3,2.05720442,0.45849718000000017
1780500300041_SELL,2026.06.03 15:25:00,3,0,2,1.30873786,0.10097086999999982
1780503900034_SELL,2026.06.03 16:25:00,3,0,2,-0.19790171,-0.40693539
1780510500038_SELL,2026.06.03 18:15:00,3,0,2,0.49471936,0.16738625000000001
1780535100018_SELL,2026.06.04 01:05:00,3,0,1,-1.0106225,0.0
1780650300042_SELL,2026.06.05 09:05:00,3,0,1,0.16990087,0.0
1780693500009_SELL,2026.06.05 21:05:00,3,0,3,3.34286059,1.90557899
1780883400031_SELL,2026.06.08 01:50:00,3,0,2,0.38791385,-0.060302159999999994
1780892100044_SELL,2026.06.08 04:15:00,3,0,3,-0.40108108,-1.0254054
1780904700039_SELL,2026.06.08 07:45:00,3,0,1,-1.02312925,0.0
1780916100039_SELL,2026.06.08 10:55:00,3,0,2,-0.27421488,-0.62595042
1781043300041_SELL,2026.06.09 22:15:00,3,0,3,0.56096207,0.13172987999999997
1781087700145_SELL,2026.06.10 10:35:00,3,0,3,1.10724051,0.40972152000000006
1781100300029_SELL,2026.06.10 14:05:00,3,0,1,-0.80974547,0.0
1781156400033_SELL,2026.06.11 05:40:00,3,0,3,1.75568077,0.63577496
1781178300012_SELL,2026.06.11 11:45:00,3,0,2,0.28030616,-0.21227068
1781197800031_SELL,2026.06.11 17:10:00,3,0,2,-0.78877456,-0.69522919
1781207700011_SELL,2026.06.11 19:55:00,3,0,2,0.43908391,-0.09184917999999997
1781580000011_SELL,2026.06.16 03:20:00,3,0,3,0.64199517,-0.0810941300000001
1781586000015_SELL,2026.06.16 05:00:00,3,0,3,-0.26934783,-0.57217392
1781599200003_SELL,2026.06.16 08:40:00,3,0,2,-0.35006795,-0.07392739000000004
1781688000014_SELL,2026.06.17 09:20:00,3,0,2,-0.31401869,-0.18564627
1781693700050_SELL,2026.06.17 10:55:00,3,0,1,-0.19178829,0.0
1781706900042_SELL,2026.06.17 14:35:00,3,0,2,-0.15406534,-0.06327684
1783337700009_SELL,2026.07.06 11:35:00,3,0,2,1.50832719,0.45187913999999996
1783351800022_SELL,2026.07.06 15:30:00,3,0,3,2.11750653,0.88002986
1783422000050_SELL,2026.07.07 11:00:00,3,0,1,-1.01513736,0.0
1783425600028_SELL,2026.07.07 12:00:00,3,0,2,-0.43165377,-0.28835887
1783485000006_SELL,2026.07.08 04:30:00,3,0,3,0.10698899,-0.15393312999999997
1783504500004_SELL,2026.07.08 09:55:00,3,0,2,0.81563422,-0.10324484
1783530600036_SELL,2026.07.08 17:10:00,3,0,2,0.80636865,-0.05976729999999997
1783560000085_SELL,2026.07.09 01:20:00,3,0,2,-0.06793296,-0.31463687
1783675800038_SELL,2026.07.10 09:30:00,3,0,2,-0.55859414,-0.3261589899999999
1783693800015_SELL,2026.07.10 14:30:00,3,0,2,0.46335144,0.03510237999999999
1783698000056_SELL,2026.07.10 15:40:00,3,0,2,-0.43503765,-0.31370062
1783704900028_SELL,2026.07.10 17:35:00,3,0,1,-1.00226125,0.0
1783933200017_SELL,2026.07.13 09:00:00,3,0,2,-1.00522876,-1.05882353
1783948200078_SELL,2026.07.13 13:10:00,3,0,2,-0.37626876,-0.47767453
1783960500078_SELL,2026.07.13 16:35:00,3,0,2,0.47155993,-0.15357315999999993
1783982400076_SELL,2026.07.13 22:40:00,3,0,1,-0.42238204,0.0
1783995600224_SELL,2026.07.14 02:20:00,3,0,2,0.04409449,-0.63736578
1784002500017_SELL,2026.07.14 04:15:00,3,0,1,-1.00457002,0.0
1784003400048_SELL,2026.07.14 04:30:00,3,0,2,-0.14248487,-0.14478301000000002
1784111100010_SELL,2026.07.15 10:25:00,3,0,2,-0.22428288,-0.59404655
1786653000045_SELL,2026.08.13 20:30:00,3,0,3,0.20019679,-0.06061002999999998
1786673100025_SELL,2026.08.14 02:05:00,3,0,1,-1.01308411,0.0
1786695000009_SELL,2026.08.14 08:10:00,3,0,2,0.10110658,-0.15655213
1787688600090_SELL,2026.08.25 20:10:00,3,0,1,-1.0200489,0.0
1787899200150_SELL,2026.08.28 06:40:00,3,0,3,0.50834852,0.10207801
1769055300007_SELL,2026.01.22 04:15:00,3,0.5,2,0.379099015,-0.05290060000000002
1769174100008_SELL,2026.01.23 13:15:00,3,0.5,2,-1.09054867,-0.8602778600000001
1769469300010_SELL,2026.01.26 23:15:00,3,0.5,3,1.531698585,0.59993661
1769482200011_SELL,2026.01.27 02:50:00,3,0.5,2,-1.0683893850000001,-0.0389854500000002
1769721300024_SELL,2026.01.29 21:15:00,3,0.5,1,-0.27859188,0.0
1769742000015_SELL,2026.01.30 03:00:00,3,0.5,3,3.8107390199999998,1.8629303599999998
1769760000047_SELL,2026.01.30 08:00:00,3,0.5,1,-0.44237362999999996,0.0
1769784600035_SELL,2026.01.30 14:50:00,3,0.5,1,-1.00953311,0.0
1769792400039_SELL,2026.01.30 17:00:00,3,0.5,3,0.657922525,-0.16213017499999993
1769813100051_SELL,2026.01.30 22:45:00,3,0.5,2,0.57270794,-0.03281575000000003
1769994300011_SELL,2026.02.02 01:05:00,3,0.5,3,4.301427085,2.09799461
1770000900026_SELL,2026.02.02 02:55:00,3,0.5,3,0.810872955,0.009486115000000073
1770008100047_SELL,2026.02.02 04:55:00,3,0.5,2,0.06732766500000001,-0.530795915
1770060000091_SELL,2026.02.02 19:20:00,3,0.5,2,0.174494755,-0.1274938
1770073200031_SELL,2026.02.02 23:00:00,3,0.5,2,-0.625737275,-0.19964526
1770288900046_SELL,2026.02.05 10:55:00,3,0.5,2,2.493290215,1.15210567
1770299400010_SELL,2026.02.05 13:50:00,3,0.5,2,-0.180731085,-0.40814359
1770311700035_SELL,2026.02.05 17:15:00,3,0.5,1,-0.094253695,0.0
1770312300005_SELL,2026.02.05 17:25:00,3,0.5,2,0.67715416,0.15357813499999995
1770324900011_SELL,2026.02.05 20:55:00,3,0.5,2,-0.11076007000000002,-0.32694742500000007
1770348000038_SELL,2026.02.06 03:20:00,3,0.5,2,0.013582114999999999,-0.13454518499999998
1770700500091_SELL,2026.02.10 05:15:00,3,0.5,2,-0.324749945,-0.44105466
1770708000060_SELL,2026.02.10 07:20:00,3,0.5,2,0.458354685,-0.14487222
1770713700081_SELL,2026.02.10 08:55:00,3,0.5,2,-1.02767347,-0.15065535000000008
1770754200012_SELL,2026.02.10 20:10:00,3,0.5,3,2.23131974,1.068750105
1770767100003_SELL,2026.02.10 23:45:00,3,0.5,2,-0.623521525,-0.23859091
1770871800022_SELL,2026.02.12 04:50:00,3,0.5,1,-0.787364035,0.0
1770892800280_SELL,2026.02.12 10:40:00,3,0.5,1,-0.382950595,0.0
1770913800023_SELL,2026.02.12 16:30:00,3,0.5,1,-1.03623018,0.0
1770919800044_SELL,2026.02.12 18:10:00,3,0.5,3,19.737620755000002,7.987425325
1770934800047_SELL,2026.02.12 22:20:00,3,0.5,3,2.8728313500000002,1.5911128050000003
1770965700033_SELL,2026.02.13 06:55:00,3,0.5,1,-0.77757018,0.0
1770982200032_SELL,2026.02.13 11:30:00,3,0.5,1,-0.04871958999999999,0.0
1771292400019_SELL,2026.02.17 01:40:00,3,0.5,2,-0.7574197149999999,-0.14141293499999996
1771303500080_SELL,2026.02.17 04:45:00,3,0.5,1,-0.45561947999999997,0.0
1771305300049_SELL,2026.02.17 05:15:00,3,0.5,2,0.17418939500000002,-0.36187447999999994
1771365900046_SELL,2026.02.17 22:05:00,3,0.5,2,-0.47381945,-0.35014526999999995
1771922100025_SELL,2026.02.24 08:35:00,3,0.5,2,-1.100040865,-0.73672402
1772533800012_SELL,2026.03.03 10:30:00,3,0.5,3,1.924131195,0.7894563499999998
1772550600012_SELL,2026.03.03 15:10:00,3,0.5,1,-0.905403745,0.0
1772578200046_SELL,2026.03.03 22:50:00,3,0.5,2,-0.54452323,-1.01867039
1772601000125_SELL,2026.03.04 05:10:00,3,0.5,1,-0.615169825,0.0
1774248900012_SELL,2026.03.23 06:55:00,3,0.5,1,-1.01906201,0.0
1774250700030_SELL,2026.03.23 07:25:00,3,0.5,2,1.271730035,-0.32767972999999984
1774330800114_SELL,2026.03.24 05:40:00,3,0.5,2,-0.111985575,-0.19767732
1774487100044_SELL,2026.03.26 01:05:00,3,0.5,1,-0.32870874,0.0
1774499700030_SELL,2026.03.26 04:35:00,3,0.5,2,-0.14096428,-0.49740839499999995
1774509300030_SELL,2026.03.26 07:15:00,3,0.5,2,0.31518931,-0.340533025
1774533300023_SELL,2026.03.26 13:55:00,3,0.5,2,-0.089923645,-0.226052305
1774536900013_SELL,2026.03.26 14:55:00,3,0.5,2,-0.5189775299999999,-0.1110641699999999
1774578300027_SELL,2026.03.27 02:25:00,3,0.5,2,-0.9276157549999999,-0.29168748
1778600100002_SELL,2026.05.12 15:35:00,3,0.5,1,-1.03321356,0.0
1778749800032_SELL,2026.05.14 09:10:00,3,0.5,2,0.00018285500000000954,-0.286715485
1778829600067_SELL,2026.05.15 07:20:00,3,0.5,2,0.29366651,-0.183338915
1778870100003_SELL,2026.05.15 18:35:00,3,0.5,2,0.026770175,-0.16797163999999998
1778883300079_SELL,2026.05.15 22:15:00,3,0.5,2,-0.31361672,-0.317679885
1779094800031_SELL,2026.05.18 09:00:00,3,0.5,1,-1.02475029,0.0
1779187500003_SELL,2026.05.19 10:45:00,3,0.5,1,-1.039779475,0.0
1779976200048_SELL,2026.05.28 13:50:00,3,0.5,2,-1.099411735,-0.06490307999999989
1779981600010_SELL,2026.05.28 15:20:00,3,0.5,2,-0.558583725,-1.042295485
1780305300197_SELL,2026.06.01 09:15:00,3,0.5,3,2.9600635449999997,1.7225234799999996
1780316700002_SELL,2026.06.01 12:25:00,3,0.5,3,3.12527487,1.6788748100000002
1780327500017_SELL,2026.06.01 15:25:00,3,0.5,1,-1.06478676,0.0
1780329600032_SELL,2026.06.01 16:00:00,3,0.5,2,-0.705164185,-0.827614945
1780353900068_SELL,2026.06.01 22:45:00,3,0.5,2,1.929257505,0.7176404000000001
1780368600011_SELL,2026.06.02 02:50:00,3,0.5,1,-1.078308935,0.0
1780372800001_SELL,2026.06.02 04:00:00,3,0.5,1,0.26743569500000003,0.0
1780375200009_SELL,2026.06.02 04:40:00,3,0.5,2,0.33950892499999996,-0.344298725
1780452000017_SELL,2026.06.03 02:00:00,3,0.5,2,0.540865975,0.09233538499999999
1780460100006_SELL,2026.06.03 04:15:00,3,0.5,2,1.0650173600000001,0.43396219000000014
1780471800004_SELL,2026.06.03 07:30:00,3,0.5,3,1.8547326700000002,0.3235495450000001
1780500300041_SELL,2026.06.03 15:25:00,3,0.5,2,1.22223165,0.057745434999999734
1780503900034_SELL,2026.06.03 16:25:00,3,0.5,2,-0.25292723,-0.434438475
1780510500038_SELL,2026.06.03 18:15:00,3,0.5,2,0.439602355,0.139831745
1780535100018_SELL,2026.06.04 01:05:00,3,0.5,1,-1.05786761,0.0
1780650300042_SELL,2026.06.05 09:05:00,3,0.5,1,0.13257718000000002,0.0
1780693500009_SELL,2026.06.05 21:05:00,3,0.5,3,3.255180605,1.847141815
1780883400031_SELL,2026.06.08 01:50:00,3,0.5,2,0.34901253,-0.07975162499999999
1780892100044_SELL,2026.06.08 04:15:00,3,0.5,3,-0.48282809,-1.079864835
1780904700039_SELL,2026.06.08 07:45:00,3,0.5,1,-1.0622010899999998,0.0
1780916100039_SELL,2026.06.08 10:55:00,3,0.5,2,-0.3238955,-0.65077514
1781043300041_SELL,2026.06.09 22:15:00,3,0.5,3,0.466446845,0.06873183999999999
1781087700145_SELL,2026.06.10 10:35:00,3,0.5,3,1.0180588799999999,0.350274475
1781100300029_SELL,2026.06.10 14:05:00,3,0.5,1,-0.832825435,0.0
1781156400033_SELL,2026.06.11 05:40:00,3,0.5,3,1.698299205,0.5975473150000001
1781178300012_SELL,2026.06.11 11:45:00,3,0.5,2,0.22465382,-0.24009195500000002
1781197800031_SELL,2026.06.11 17:10:00,3,0.5,2,-0.8191430900000001,-0.7103964850000001
1781207700011_SELL,2026.06.11 19:55:00,3,0.5,2,0.393391235,-0.11469330999999999
1781580000011_SELL,2026.06.16 03:20:00,3,0.5,3,0.49637535,-0.17815174499999997
1781586000015_SELL,2026.06.16 05:00:00,3,0.5,3,-0.367748045,-0.63775349
1781599200003_SELL,2026.06.16 08:40:00,3,0.5,2,-0.4439291,-0.120856825
1781688000014_SELL,2026.06.17 09:20:00,3,0.5,2,-0.399403335,-0.22833395000000004
1781693700050_SELL,2026.06.17 10:55:00,3,0.5,1,-0.23892211000000002,0.0
1781706900042_SELL,2026.06.17 14:35:00,3,0.5,2,-0.27307035999999996,-0.12277783499999995
1783337700009_SELL,2026.07.06 11:35:00,3,0.5,2,1.422637805,0.4090495649999999
1783351800022_SELL,2026.07.06 15:30:00,3,0.5,3,1.9875966699999998,0.7934498699999999
1783422000050_SELL,2026.07.07 11:00:00,3,0.5,1,-1.058304035,0.0
1783425600028_SELL,2026.07.07 12:00:00,3,0.5,2,-0.504632885,-0.3248421
1783485000006_SELL,2026.07.08 04:30:00,3,0.5,3,0.039837185,-0.19868973499999998
1783504500004_SELL,2026.07.08 09:55:00,3,0.5,2,0.7304603249999999,-0.14582972000000005
1783530600036_SELL,2026.07.08 17:10:00,3,0.5,2,0.7665565249999999,-0.07967186500000012
1783560000085_SELL,2026.07.09 01:20:00,3,0.5,2,-0.140785785,-0.351055995
1783675800038_SELL,2026.07.10 09:30:00,3,0.5,2,-0.635703095,-0.364705365
1783693800015_SELL,2026.07.10 14:30:00,3,0.5,2,0.36742529,-0.012850864999999989
1783698000056_SELL,2026.07.10 15:40:00,3,0.5,2,-0.49570816500000003,-0.344028145
1783704900028_SELL,2026.07.10 17:35:00,3,0.5,1,-1.0206275050000002,0.0
1783933200017_SELL,2026.07.13 09:00:00,3,0.5,2,-1.058163205,-1.085264185
1783948200078_SELL,2026.07.13 13:10:00,3,0.5,2,-0.484830575,-0.531944765
1783960500078_SELL,2026.07.13 16:35:00,3,0.5,2,0.39823995,-0.19022944499999994
1783982400076_SELL,2026.07.13 22:40:00,3,0.5,1,-0.46162624,0.0
1783995600224_SELL,2026.07.14 02:20:00,3,0.5,2,-0.11619217999999999,-0.7174936799999999
1784002500017_SELL,2026.07.14 04:15:00,3,0.5,1,-1.0257828,0.0
1784003400048_SELL,2026.07.14 04:30:00,3,0.5,2,-0.188415785,-0.16774508
1784111100010_SELL,2026.07.15 10:25:00,3,0.5,2,-0.305600375,-0.634691355
1786653000045_SELL,2026.08.13 20:30:00,3,0.5,3,0.080019115,-0.140719605
1786673100025_SELL,2026.08.14 02:05:00,3,0.5,1,-1.05373355,0.0
1786695000009_SELL,2026.08.14 08:10:00,3,0.5,2,-0.03977940499999999,-0.22699129
1787688600090_SELL,2026.08.25 20:10:00,3,0.5,1,-1.059722125,0.0
1787899200150_SELL,2026.08.28 06:40:00,3,0.5,3,0.36804004,0.008550865000000019
1769055300007_SELL,2026.01.22 04:15:00,3,1,2,0.33379091,-0.07555392
1769174100008_SELL,2026.01.23 13:15:00,3,1,2,-1.17403138,-0.9019961999999999
1769469300010_SELL,2026.01.26 23:15:00,3,1,3,1.47912933,0.5649114999999999
1769482200011_SELL,2026.01.27 02:50:00,3,1,2,-1.12262255,-0.06609047999999995
1769721300024_SELL,2026.01.29 21:15:00,3,1,1,-0.28777985,0.0
1769742000015_SELL,2026.01.30 03:00:00,3,1,3,3.77146287,1.8367801400000001
1769760000047_SELL,2026.01.30 08:00:00,3,1,1,-0.4554966,0.0
1769784600035_SELL,2026.01.30 14:50:00,3,1,1,-1.01847967,0.0
1769792400039_SELL,2026.01.30 17:00:00,3,1,3,0.63882842,-0.1748287500000001
1769813100051_SELL,2026.01.30 22:45:00,3,1,2,0.55987434,-0.039231970000000005
1769994300011_SELL,2026.02.02 01:05:00,3,1,3,4.28285786,2.08565361
1770000900026_SELL,2026.02.02 02:55:00,3,1,3,0.79443667,-0.0014523300000000017
1770008100047_SELL,2026.02.02 04:55:00,3,1,2,0.05362219,-0.5376356
1770060000091_SELL,2026.02.02 19:20:00,3,1,2,0.16083278,-0.13432187
1770073200031_SELL,2026.02.02 23:00:00,3,1,2,-0.64334689,-0.20844598000000003
1770288900046_SELL,2026.02.05 10:55:00,3,1,2,2.4607585,1.13584454
1770299400010_SELL,2026.02.05 13:50:00,3,1,2,-0.21684556,-0.42619315
1770311700035_SELL,2026.02.05 17:15:00,3,1,1,-0.10163826,0.0
1770312300005_SELL,2026.02.05 17:25:00,3,1,2,0.66161445,0.14581752999999997
1770324900011_SELL,2026.02.05 20:55:00,3,1,2,-0.1382635,-0.34069131
1770348000038_SELL,2026.02.06 03:20:00,3,1,2,0.0012279899999999982,-0.14071910999999998
1770700500091_SELL,2026.02.10 05:15:00,3,1,2,-0.37080627,-0.46406889
1770708000060_SELL,2026.02.10 07:20:00,3,1,2,0.38103043,-0.18353223000000002
1770713700081_SELL,2026.02.10 08:55:00,3,1,2,-1.08766694,-0.18064937000000003
1770754200012_SELL,2026.02.10 20:10:00,3,1,3,2.13332072,1.00343837
1770767100003_SELL,2026.02.10 23:45:00,3,1,2,-0.70611528,-0.27988294
1770871800022_SELL,2026.02.12 04:50:00,3,1,1,-0.82033068,0.0
1770892800280_SELL,2026.02.12 10:40:00,3,1,1,-0.42538898,0.0
1770913800023_SELL,2026.02.12 16:30:00,3,1,1,-1.05977857,0.0
1770919800044_SELL,2026.02.12 18:10:00,3,1,3,19.66103525,7.93662688
1770934800047_SELL,2026.02.12 22:20:00,3,1,3,2.80728996,1.5474347499999999
1770965700033_SELL,2026.02.13 06:55:00,3,1,1,-0.8115719,0.0
1770982200032_SELL,2026.02.13 11:30:00,3,1,1,-0.07763679,0.0
1771292400019_SELL,2026.02.17 01:40:00,3,1,2,-0.83095997,-0.17818051999999995
1771303500080_SELL,2026.02.17 04:45:00,3,1,1,-0.49813826,0.0
1771305300049_SELL,2026.02.17 05:15:00,3,1,2,0.09061706,-0.40365269000000004
1771365900046_SELL,2026.02.17 22:05:00,3,1,2,-0.52797197,-0.3772136199999999
1771922100025_SELL,2026.02.24 08:35:00,3,1,2,-1.16391481,-0.7686567000000001
1772533800012_SELL,2026.03.03 10:30:00,3,1,3,1.84890325,0.73931408
1772550600012_SELL,2026.03.03 15:10:00,3,1,1,-0.91580911,0.0
1772578200046_SELL,2026.03.03 22:50:00,3,1,2,-0.57951856,-1.03613906
1772601000125_SELL,2026.03.04 05:10:00,3,1,1,-0.63341229,0.0
1774248900012_SELL,2026.03.23 06:55:00,3,1,1,-1.03594935,0.0
1774250700030_SELL,2026.03.23 07:25:00,3,1,2,1.2385389,-0.34422712
1774330800114_SELL,2026.03.24 05:40:00,3,1,2,-0.13673397,-0.2100469
1774487100044_SELL,2026.03.26 01:05:00,3,1,1,-0.34398844,0.0
1774499700030_SELL,2026.03.26 04:35:00,3,1,2,-0.18774133,-0.52077557
1774509300030_SELL,2026.03.26 07:15:00,3,1,2,0.22463974,-0.38580063
1774533300023_SELL,2026.03.26 13:55:00,3,1,2,-0.12738035,-0.24477556
1774536900013_SELL,2026.03.26 14:55:00,3,1,2,-0.55154162,-0.12734383999999993
1774578300027_SELL,2026.03.27 02:25:00,3,1,2,-0.97367229,-0.31470929000000003
1778600100002_SELL,2026.05.12 15:35:00,3,1,1,-1.06551747,0.0
1778749800032_SELL,2026.05.14 09:10:00,3,1,2,-0.07688699999999998,-0.32523607
1778829600067_SELL,2026.05.15 07:20:00,3,1,2,0.2175217,-0.22139480999999997
1778870100003_SELL,2026.05.15 18:35:00,3,1,2,-0.019003729999999996,-0.19085512
1778883300079_SELL,2026.05.15 22:15:00,3,1,2,-0.39585836,-0.35879424000000004
1779094800031_SELL,2026.05.18 09:00:00,3,1,1,-1.04806702,0.0
1779187500003_SELL,2026.05.19 10:45:00,3,1,1,-1.07396755,0.0
1779976200048_SELL,2026.05.28 13:50:00,3,1,2,-1.1672649,-0.09882842000000003
1779981600010_SELL,2026.05.28 15:20:00,3,1,2,-0.64109218,-1.0835157
1780305300197_SELL,2026.06.01 09:15:00,3,1,3,2.85259094,1.6508876199999998
1780316700002_SELL,2026.06.01 12:25:00,3,1,3,3.01041596,1.60232244
1780327500017_SELL,2026.06.01 15:25:00,3,1,1,-1.10650551,0.0
1780329600032_SELL,2026.06.01 16:00:00,3,1,2,-0.77536528,-0.86269611
1780353900068_SELL,2026.06.01 22:45:00,3,1,2,1.75209299,0.6290704899999999
1780368600011_SELL,2026.06.02 02:50:00,3,1,1,-1.1401937,0.0
1780372800001_SELL,2026.06.02 04:00:00,3,1,1,0.22916843,0.0
1780375200009_SELL,2026.06.02 04:40:00,3,1,2,0.28849228,-0.36980107
1780452000017_SELL,2026.06.03 02:00:00,3,1,2,0.44800414,0.04591337000000001
1780460100006_SELL,2026.06.03 04:15:00,3,1,2,1.00507363,0.40399525000000003
1780471800004_SELL,2026.06.03 07:30:00,3,1,3,1.65226092,0.18860191000000004
1780500300041_SELL,2026.06.03 15:25:00,3,1,2,1.13572544,0.014520000000000088
1780503900034_SELL,2026.06.03 16:25:00,3,1,2,-0.30795275,-0.46194156
1780510500038_SELL,2026.06.03 18:15:00,3,1,2,0.38448535,0.11227724
1780535100018_SELL,2026.06.04 01:05:00,3,1,1,-1.10511272,0.0
1780650300042_SELL,2026.06.05 09:05:00,3,1,1,0.09525349,0.0
1780693500009_SELL,2026.06.05 21:05:00,3,1,3,3.16750062,1.7887046400000002
1780883400031_SELL,2026.06.08 01:50:00,3,1,2,0.31011121,-0.09920108999999999
1780892100044_SELL,2026.06.08 04:15:00,3,1,3,-0.5645751,-1.13432427
1780904700039_SELL,2026.06.08 07:45:00,3,1,1,-1.10127293,0.0
1780916100039_SELL,2026.06.08 10:55:00,3,1,2,-0.37357612,-0.6755998599999999
1781043300041_SELL,2026.06.09 22:15:00,3,1,3,0.37193162,0.005733800000000011
1781087700145_SELL,2026.06.10 10:35:00,3,1,3,0.92887725,0.29082743
1781100300029_SELL,2026.06.10 14:05:00,3,1,1,-0.8559054,0.0
1781156400033_SELL,2026.06.11 05:40:00,3,1,3,1.64091764,0.55931967
1781178300012_SELL,2026.06.11 11:45:00,3,1,2,0.16900148,-0.26791323
1781197800031_SELL,2026.06.11 17:10:00,3,1,2,-0.84951162,-0.72556378
1781207700011_SELL,2026.06.11 19:55:00,3,1,2,0.34769856,-0.13753744
1781580000011_SELL,2026.06.16 03:20:00,3,1,3,0.35075553,-0.27520936
1781586000015_SELL,2026.06.16 05:00:00,3,1,3,-0.46614826,-0.70333306
1781599200003_SELL,2026.06.16 08:40:00,3,1,2,-0.53779025,-0.16778626000000002
1781688000014_SELL,2026.06.17 09:20:00,3,1,2,-0.48478798,-0.27102163
1781693700050_SELL,2026.06.17 10:55:00,3,1,1,-0.28605593,0.0
1781706900042_SELL,2026.06.17 14:35:00,3,1,2,-0.39207538,-0.18227882999999998
1783337700009_SELL,2026.07.06 11:35:00,3,1,2,1.33694842,0.36621998999999994
1783351800022_SELL,2026.07.06 15:30:00,3,1,3,1.85768681,0.70686988
1783422000050_SELL,2026.07.07 11:00:00,3,1,1,-1.10147071,0.0
1783425600028_SELL,2026.07.07 12:00:00,3,1,2,-0.577612,-0.36132533
1783485000006_SELL,2026.07.08 04:30:00,3,1,3,-0.02731462000000001,-0.24344634
1783504500004_SELL,2026.07.08 09:55:00,3,1,2,0.64528643,-0.1884146
1783530600036_SELL,2026.07.08 17:10:00,3,1,2,0.7267444,-0.09957643000000005
1783560000085_SELL,2026.07.09 01:20:00,3,1,2,-0.21363861,-0.38747512
1783675800038_SELL,2026.07.10 09:30:00,3,1,2,-0.71281205,-0.40325174
1783693800015_SELL,2026.07.10 14:30:00,3,1,2,0.27149914,-0.06080410999999997
1783698000056_SELL,2026.07.10 15:40:00,3,1,2,-0.55637868,-0.37435567000000003
1783704900028_SELL,2026.07.10 17:35:00,3,1,1,-1.03899376,0.0
1783933200017_SELL,2026.07.13 09:00:00,3,1,2,-1.11109765,-1.11170484
1783948200078_SELL,2026.07.13 13:10:00,3,1,2,-0.59339239,-0.5862149999999999
1783960500078_SELL,2026.07.13 16:35:00,3,1,2,0.32491997,-0.22688572999999995
1783982400076_SELL,2026.07.13 22:40:00,3,1,1,-0.50087044,0.0
1783995600224_SELL,2026.07.14 02:20:00,3,1,2,-0.27647885,-0.7976215799999999
1784002500017_SELL,2026.07.14 04:15:00,3,1,1,-1.04699558,0.0
1784003400048_SELL,2026.07.14 04:30:00,3,1,2,-0.2343467,-0.19070715
1784111100010_SELL,2026.07.15 10:25:00,3,1,2,-0.38691787,-0.6753361600000001
1786653000045_SELL,2026.08.13 20:30:00,3,1,3,-0.04015856000000001,-0.22082918
1786673100025_SELL,2026.08.14 02:05:00,3,1,1,-1.09438299,0.0
1786695000009_SELL,2026.08.14 08:10:00,3,1,2,-0.18066538999999998,-0.29743045
1787688600090_SELL,2026.08.25 20:10:00,3,1,1,-1.09939535,0.0
1787899200150_SELL,2026.08.28 06:40:00,3,1,3,0.22773156,-0.08497628000000002
1769055300007_SELL,2026.01.22 04:15:00,3,1.5,2,0.288482805,-0.09820723999999997
1769174100008_SELL,2026.01.23 13:15:00,3,1.5,2,-1.25751409,-0.94371454
1769469300010_SELL,2026.01.26 23:15:00,3,1.5,3,1.4265600749999998,0.5298863899999998
1769482200011_SELL,2026.01.27 02:50:00,3,1.5,2,-1.1768557149999999,-0.0931955099999997
1769721300024_SELL,2026.01.29 21:15:00,3,1.5,1,-0.29696782,0.0
1769742000015_SELL,2026.01.30 03:00:00,3,1.5,3,3.7321867200000005,1.8106299200000004
1769760000047_SELL,2026.01.30 08:00:00,3,1.5,1,-0.46861957,0.0
1769784600035_SELL,2026.01.30 14:50:00,3,1.5,1,-1.02742623,0.0
1769792400039_SELL,2026.01.30 17:00:00,3,1.5,3,0.6197343149999999,-0.18752732500000024
1769813100051_SELL,2026.01.30 22:45:00,3,1.5,2,0.54704074,-0.04564818999999998
1769994300011_SELL,2026.02.02 01:05:00,3,1.5,3,4.264288635,2.07331261
1770000900026_SELL,2026.02.02 02:55:00,3,1.5,3,0.7780003849999999,-0.012390775000000076
1770008100047_SELL,2026.02.02 04:55:00,3,1.5,2,0.039916715,-0.544475285
1770060000091_SELL,2026.02.02 19:20:00,3,1.5,2,0.14717080500000002,-0.14114994000000003
1770073200031_SELL,2026.02.02 23:00:00,3,1.5,2,-0.660956505,-0.21724670000000007
1770288900046_SELL,2026.02.05 10:55:00,3,1.5,2,2.4282267849999997,1.1195834099999997
1770299400010_SELL,2026.02.05 13:50:00,3,1.5,2,-0.25296003499999997,-0.44424271
1770311700035_SELL,2026.02.05 17:15:00,3,1.5,1,-0.10902282499999999,0.0
1770312300005_SELL,2026.02.05 17:25:00,3,1.5,2,0.64607474,0.138056925
1770324900011_SELL,2026.02.05 20:55:00,3,1.5,2,-0.16576693000000003,-0.35443519500000004
1770348000038_SELL,2026.02.06 03:20:00,3,1.5,2,-0.011126135000000002,-0.146893035
1770700500091_SELL,2026.02.10 05:15:00,3,1.5,2,-0.416862595,-0.48708312
1770708000060_SELL,2026.02.10 07:20:00,3,1.5,2,0.30370617499999997,-0.22219224000000004
1770713700081_SELL,2026.02.10 08:55:00,3,1.5,2,-1.14766041,-0.21064338999999999
1770754200012_SELL,2026.02.10 20:10:00,3,1.5,3,2.0353217,0.9381266350000002
1770767100003_SELL,2026.02.10 23:45:00,3,1.5,2,-0.788709035,-0.32117497000000006
1770871800022_SELL,2026.02.12 04:50:00,3,1.5,1,-0.853297325,0.0
1770892800280_SELL,2026.02.12 10:40:00,3,1.5,1,-0.46782736500000005,0.0
1770913800023_SELL,2026.02.12 16:30:00,3,1.5,1,-1.08332696,0.0
1770919800044_SELL,2026.02.12 18:10:00,3,1.5,3,19.584449745,7.8858284350000005
1770934800047_SELL,2026.02.12 22:20:00,3,1.5,3,2.7417485699999995,1.5037566949999994
1770965700033_SELL,2026.02.13 06:55:00,3,1.5,1,-0.84557362,0.0
1770982200032_SELL,2026.02.13 11:30:00,3,1.5,1,-0.10655398999999999,0.0
1771292400019_SELL,2026.02.17 01:40:00,3,1.5,2,-0.904500225,-0.21494810499999994
1771303500080_SELL,2026.02.17 04:45:00,3,1.5,1,-0.54065704,0.0
1771305300049_SELL,2026.02.17 05:15:00,3,1.5,2,0.007044724999999974,-0.4454309000000001
1771365900046_SELL,2026.02.17 22:05:00,3,1.5,2,-0.58212449,-0.40428197
1771922100025_SELL,2026.02.24 08:35:00,3,1.5,2,-1.2277887550000002,-0.8005893800000001
1772533800012_SELL,2026.03.03 10:30:00,3,1.5,3,1.773675305,0.6891718100000002
1772550600012_SELL,2026.03.03 15:10:00,3,1.5,1,-0.926214475,0.0
1772578200046_SELL,2026.03.03 22:50:00,3,1.5,2,-0.61451389,-1.05360773
1772601000125_SELL,2026.03.04 05:10:00,3,1.5,1,-0.651654755,0.0
1774248900012_SELL,2026.03.23 06:55:00,3,1.5,1,-1.0528366900000001,0.0
1774250700030_SELL,2026.03.23 07:25:00,3,1.5,2,1.205347765,-0.36077451000000016
1774330800114_SELL,2026.03.24 05:40:00,3,1.5,2,-0.16148236500000002,-0.22241648000000003
1774487100044_SELL,2026.03.26 01:05:00,3,1.5,1,-0.35926814,0.0
1774499700030_SELL,2026.03.26 04:35:00,3,1.5,2,-0.23451838000000003,-0.544142745
1774509300030_SELL,2026.03.26 07:15:00,3,1.5,2,0.13409017,-0.4310682349999999
1774533300023_SELL,2026.03.26 13:55:00,3,1.5,2,-0.164837055,-0.263498815
1774536900013_SELL,2026.03.26 14:55:00,3,1.5,2,-0.58410571,-0.14362350999999995
1774578300027_SELL,2026.03.27 02:25:00,3,1.5,2,-1.019728825,-0.33773110000000006
1778600100002_SELL,2026.05.12 15:35:00,3,1.5,1,-1.09782138,0.0
1778749800032_SELL,2026.05.14 09:10:00,3,1.5,2,-0.15395685499999998,-0.363756655
1778829600067_SELL,2026.05.15 07:20:00,3,1.5,2,0.14137689000000003,-0.25945070499999995
1778870100003_SELL,2026.05.15 18:35:00,3,1.5,2,-0.06477763499999999,-0.2137386
1778883300079_SELL,2026.05.15 22:15:00,3,1.5,2,-0.4781,-0.39990859500000003
1779094800031_SELL,2026.05.18 09:00:00,3,1.5,1,-1.0713837499999999,0.0
1779187500003_SELL,2026.05.19 10:45:00,3,1.5,1,-1.1081556250000002,0.0
1779976200048_SELL,2026.05.28 13:50:00,3,1.5,2,-1.235118065,-0.13275376000000016
1779981600010_SELL,2026.05.28 15:20:00,3,1.5,2,-0.723600635,-1.124735915
1780305300197_SELL,2026.06.01 09:15:00,3,1.5,3,2.745118335,1.57925176
1780316700002_SELL,2026.06.01 12:25:00,3,1.5,3,2.89555705,1.5257700699999999
1780327500017_SELL,2026.06.01 15:25:00,3,1.5,1,-1.14822426,0.0
1780329600032_SELL,2026.06.01 16:00:00,3,1.5,2,-0.8455663750000001,-0.897777275
1780353900068_SELL,2026.06.01 22:45:00,3,1.5,2,1.5749284749999999,0.5405005799999998
1780368600011_SELL,2026.06.02 02:50:00,3,1.5,1,-1.202078465,0.0
1780372800001_SELL,2026.06.02 04:00:00,3,1.5,1,0.19090116499999998,0.0
1780375200009_SELL,2026.06.02 04:40:00,3,1.5,2,0.237475635,-0.395303415
1780452000017_SELL,2026.06.03 02:00:00,3,1.5,2,0.355142305,-0.0005086449999999743
1780460100006_SELL,2026.06.03 04:15:00,3,1.5,2,0.9451299000000001,0.37402831000000003
1780471800004_SELL,2026.06.03 07:30:00,3,1.5,3,1.4497891699999998,0.053654274999999974
1780500300041_SELL,2026.06.03 15:25:00,3,1.5,2,1.0492192300000003,-0.028705434999999557
1780503900034_SELL,2026.06.03 16:25:00,3,1.5,2,-0.36297827,-0.489444645
1780510500038_SELL,2026.06.03 18:15:00,3,1.5,2,0.329368345,0.084722735
1780535100018_SELL,2026.06.04 01:05:00,3,1.5,1,-1.15235783,0.0
1780650300042_SELL,2026.06.05 09:05:00,3,1.5,1,0.05792979999999999,0.0
1780693500009_SELL,2026.06.05 21:05:00,3,1.5,3,3.0798206350000004,1.7302674650000003
1780883400031_SELL,2026.06.08 01:50:00,3,1.5,2,0.27120989000000006,-0.11865055499999999
1780892100044_SELL,2026.06.08 04:15:00,3,1.5,3,-0.6463221100000001,-1.188783705
1780904700039_SELL,2026.06.08 07:45:00,3,1.5,1,-1.14034477,0.0
1780916100039_SELL,2026.06.08 10:55:00,3,1.5,2,-0.42325674,-0.70042458
1781043300041_SELL,2026.06.09 22:15:00,3,1.5,3,0.27741639500000004,-0.057264239999999966
1781087700145_SELL,2026.06.10 10:35:00,3,1.5,3,0.83969562,0.2313803849999999
1781100300029_SELL,2026.06.10 14:05:00,3,1.5,1,-0.8789853650000001,0.0
1781156400033_SELL,2026.06.11 05:40:00,3,1.5,3,1.583536075,0.521092025
1781178300012_SELL,2026.06.11 11:45:00,3,1.5,2,0.11334914000000001,-0.2957345049999999
1781197800031_SELL,2026.06.11 17:10:00,3,1.5,2,-0.87988015,-0.740731075
1781207700011_SELL,2026.06.11 19:55:00,3,1.5,2,0.302005885,-0.16038157000000003
1781580000011_SELL,2026.06.16 03:20:00,3,1.5,3,0.20513570999999997,-0.37226697500000006
1781586000015_SELL,2026.06.16 05:00:00,3,1.5,3,-0.564548475,-0.76891263
1781599200003_SELL,2026.06.16 08:40:00,3,1.5,2,-0.6316514,-0.21471569499999998
1781688000014_SELL,2026.06.17 09:20:00,3,1.5,2,-0.5701726250000001,-0.31370931000000013
1781693700050_SELL,2026.06.17 10:55:00,3,1.5,1,-0.33318975000000006,0.0
1781706900042_SELL,2026.06.17 14:35:00,3,1.5,2,-0.5110804,-0.241779825
1783337700009_SELL,2026.07.06 11:35:00,3,1.5,2,1.251259035,0.323390415
1783351800022_SELL,2026.07.06 15:30:00,3,1.5,3,1.72777695,0.62028989
1783422000050_SELL,2026.07.07 11:00:00,3,1.5,1,-1.1446373850000002,0.0
1783425600028_SELL,2026.07.07 12:00:00,3,1.5,2,-0.650591115,-0.39780856000000003
1783485000006_SELL,2026.07.08 04:30:00,3,1.5,3,-0.09446642500000002,-0.28820294500000004
1783504500004_SELL,2026.07.08 09:55:00,3,1.5,2,0.560112535,-0.23099947999999992
1783530600036_SELL,2026.07.08 17:10:00,3,1.5,2,0.686932275,-0.11948099499999998
1783560000085_SELL,2026.07.09 01:20:00,3,1.5,2,-0.286491435,-0.423894245
1783675800038_SELL,2026.07.10 09:30:00,3,1.5,2,-0.7899210050000001,-0.44179811500000005
1783693800015_SELL,2026.07.10 14:30:00,3,1.5,2,0.17557299000000004,-0.10875735499999994
1783698000056_SELL,2026.07.10 15:40:00,3,1.5,2,-0.617049195,-0.404683195
1783704900028_SELL,2026.07.10 17:35:00,3,1.5,1,-1.057360015,0.0
1783933200017_SELL,2026.07.13 09:00:00,3,1.5,2,-1.164032095,-1.138145495
1783948200078_SELL,2026.07.13 13:10:00,3,1.5,2,-0.701954205,-0.6404852350000001
1783960500078_SELL,2026.07.13 16:35:00,3,1.5,2,0.25159999,-0.26354201499999996
1783982400076_SELL,2026.07.13 22:40:00,3,1.5,1,-0.5401146400000001,0.0
1783995600224_SELL,2026.07.14 02:20:00,3,1.5,2,-0.43676552,-0.8777494800000001
1784002500017_SELL,2026.07.14 04:15:00,3,1.5,1,-1.0682083599999999,0.0
1784003400048_SELL,2026.07.14 04:30:00,3,1.5,2,-0.280277615,-0.21366922
1784111100010_SELL,2026.07.15 10:25:00,3,1.5,2,-0.46823536499999996,-0.715980965
1786653000045_SELL,2026.08.13 20:30:00,3,1.5,3,-0.16033623500000005,-0.30093875500000006
1786673100025_SELL,2026.08.14 02:05:00,3,1.5,1,-1.1350324299999999,0.0
1786695000009_SELL,2026.08.14 08:10:00,3,1.5,2,-0.321551375,-0.36786960999999996
1787688600090_SELL,2026.08.25 20:10:00,3,1.5,1,-1.139068575,0.0
1787899200150_SELL,2026.08.28 06:40:00,3,1.5,3,0.08742307999999999,-0.17850342500000005
1769055300007_SELL,2026.01.22 04:15:00,3,2,2,0.24317469999999997,-0.12086056
1769174100008_SELL,2026.01.23 13:15:00,3,2,2,-1.3409967999999999,-0.9854328799999998
1769469300010_SELL,2026.01.26 23:15:00,3,2,3,1.3739908199999997,0.49486127999999974
1769482200011_SELL,2026.01.27 02:50:00,3,2,2,-1.23108888,-0.1203005399999999
1769721300024_SELL,2026.01.29 21:15:00,3,2,1,-0.30615579,0.0
1769742000015_SELL,2026.01.30 03:00:00,3,2,3,3.6929105700000004,1.7844797000000003
1769760000047_SELL,2026.01.30 08:00:00,3,2,1,-0.48174253999999994,0.0
1769784600035_SELL,2026.01.30 14:50:00,3,2,1,-1.0363727900000002,0.0
1769792400039_SELL,2026.01.30 17:00:00,3,2,3,0.6006402099999999,-0.20022590000000018
1769813100051_SELL,2026.01.30 22:45:00,3,2,2,0.53420714,-0.05206441000000006
1769994300011_SELL,2026.02.02 01:05:00,3,2,3,4.24571941,2.0609716100000006
1770000900026_SELL,2026.02.02 02:55:00,3,2,3,0.7615641,-0.02332921999999993
1770008100047_SELL,2026.02.02 04:55:00,3,2,2,0.026211239999999997,-0.5513149700000001
1770060000091_SELL,2026.02.02 19:20:00,3,2,2,0.13350883000000002,-0.14797801
1770073200031_SELL,2026.02.02 23:00:00,3,2,2,-0.67856612,-0.2260474200000001
1770288900046_SELL,2026.02.05 10:55:00,3,2,2,2.3956950699999995,1.1033222799999995
1770299400010_SELL,2026.02.05 13:50:00,3,2,2,-0.28907450999999995,-0.46229226999999995
1770311700035_SELL,2026.02.05 17:15:00,3,2,1,-0.11640738999999999,0.0
1770312300005_SELL,2026.02.05 17:25:00,3,2,2,0.6305350299999999,0.1302963199999999
1770324900011_SELL,2026.02.05 20:55:00,3,2,2,-0.19327036000000003,-0.36817908000000005
1770348000038_SELL,2026.02.06 03:20:00,3,2,2,-0.023480260000000003,-0.15306696
1770700500091_SELL,2026.02.10 05:15:00,3,2,2,-0.46291892,-0.51009735
1770708000060_SELL,2026.02.10 07:20:00,3,2,2,0.2263819199999999,-0.2608522500000001
1770713700081_SELL,2026.02.10 08:55:00,3,2,2,-1.20765388,-0.24063740999999994
1770754200012_SELL,2026.02.10 20:10:00,3,2,3,1.9373226799999999,0.8728149000000001
1770767100003_SELL,2026.02.10 23:45:00,3,2,2,-0.87130279,-0.362467
1770871800022_SELL,2026.02.12 04:50:00,3,2,1,-0.88626397,0.0
1770892800280_SELL,2026.02.12 10:40:00,3,2,1,-0.5102657500000001,0.0
1770913800023_SELL,2026.02.12 16:30:00,3,2,1,-1.10687535,0.0
1770919800044_SELL,2026.02.12 18:10:00,3,2,3,19.507864240000004,7.835029990000002
1770934800047_SELL,2026.02.12 22:20:00,3,2,3,2.6762071799999996,1.4600786399999997
1770965700033_SELL,2026.02.13 06:55:00,3,2,1,-0.87957534,0.0
1770982200032_SELL,2026.02.13 11:30:00,3,2,1,-0.13547119,0.0
1771292400019_SELL,2026.02.17 01:40:00,3,2,2,-0.97804048,-0.25171568999999994
1771303500080_SELL,2026.02.17 04:45:00,3,2,1,-0.58317582,0.0
1771305300049_SELL,2026.02.17 05:15:00,3,2,2,-0.07652761000000002,-0.48720911000000006
1771365900046_SELL,2026.02.17 22:05:00,3,2,2,-0.6362770099999999,-0.4313503199999999
1771922100025_SELL,2026.02.24 08:35:00,3,2,2,-1.2916627,-0.8325220600000001
1772533800012_SELL,2026.03.03 10:30:00,3,2,3,1.69844736,0.6390295400000001
1772550600012_SELL,2026.03.03 15:10:00,3,2,1,-0.93661984,0.0
1772578200046_SELL,2026.03.03 22:50:00,3,2,2,-0.64950922,-1.0710764
1772601000125_SELL,2026.03.04 05:10:00,3,2,1,-0.66989722,0.0
1774248900012_SELL,2026.03.23 06:55:00,3,2,1,-1.0697240300000002,0.0
1774250700030_SELL,2026.03.23 07:25:00,3,2,2,1.17215663,-0.3773219000000001
1774330800114_SELL,2026.03.24 05:40:00,3,2,2,-0.18623076000000002,-0.23478606000000002
1774487100044_SELL,2026.03.26 01:05:00,3,2,1,-0.37454784,0.0
1774499700030_SELL,2026.03.26 04:35:00,3,2,2,-0.28129543,-0.56750992
1774509300030_SELL,2026.03.26 07:15:00,3,2,2,0.043540599999999985,-0.4763358399999999
1774533300023_SELL,2026.03.26 13:55:00,3,2,2,-0.20229376000000002,-0.28222207
1774536900013_SELL,2026.03.26 14:55:00,3,2,2,-0.6166697999999999,-0.15990317999999987
1774578300027_SELL,2026.03.27 02:25:00,3,2,2,-1.06578536,-0.3607529100000001
1778600100002_SELL,2026.05.12 15:35:00,3,2,1,-1.13012529,0.0
1778749800032_SELL,2026.05.14 09:10:00,3,2,2,-0.23102670999999997,-0.40227724
1778829600067_SELL,2026.05.15 07:20:00,3,2,2,0.06523208000000003,-0.29750659999999995
1778870100003_SELL,2026.05.15 18:35:00,3,2,2,-0.11055153999999999,-0.23662207999999996
1778883300079_SELL,2026.05.15 22:15:00,3,2,2,-0.5603416400000001,-0.4410229500000001
1779094800031_SELL,2026.05.18 09:00:00,3,2,1,-1.09470048,0.0
1779187500003_SELL,2026.05.19 10:45:00,3,2,1,-1.1423437000000003,0.0
1779976200048_SELL,2026.05.28 13:50:00,3,2,2,-1.3029712299999998,-0.16667910000000008
1779981600010_SELL,2026.05.28 15:20:00,3,2,2,-0.8061090900000001,-1.16595613
1780305300197_SELL,2026.06.01 09:15:00,3,2,3,2.6376457299999996,1.5076158999999996
1780316700002_SELL,2026.06.01 12:25:00,3,2,3,2.78069814,1.4492177000000002
1780327500017_SELL,2026.06.01 15:25:00,3,2,1,-1.1899430100000001,0.0
1780329600032_SELL,2026.06.01 16:00:00,3,2,2,-0.9157674700000001,-0.9328584400000002
1780353900068_SELL,2026.06.01 22:45:00,3,2,2,1.3977639599999998,0.45193066999999965
1780368600011_SELL,2026.06.02 02:50:00,3,2,1,-1.2639632299999999,0.0
1780372800001_SELL,2026.06.02 04:00:00,3,2,1,0.1526339,0.0
1780375200009_SELL,2026.06.02 04:40:00,3,2,2,0.18645899,-0.42080576000000003
1780452000017_SELL,2026.06.03 02:00:00,3,2,2,0.26228047,-0.04693065999999996
1780460100006_SELL,2026.06.03 04:15:00,3,2,2,0.8851861700000001,0.34406137000000003
1780471800004_SELL,2026.06.03 07:30:00,3,2,3,1.24731742,-0.08129336000000009
1780500300041_SELL,2026.06.03 15:25:00,3,2,2,0.9627130200000003,-0.07193086999999965
1780503900034_SELL,2026.06.03 16:25:00,3,2,2,-0.41800379,-0.51694773
1780510500038_SELL,2026.06.03 18:15:00,3,2,2,0.27425134,0.05716822999999999
1780535100018_SELL,2026.06.04 01:05:00,3,2,1,-1.19960294,0.0
1780650300042_SELL,2026.06.05 09:05:00,3,2,1,0.020606109999999983,0.0
1780693500009_SELL,2026.06.05 21:05:00,3,2,3,2.9921406500000005,1.6718302900000004
1780883400031_SELL,2026.06.08 01:50:00,3,2,2,0.23230857000000005,-0.13810002
1780892100044_SELL,2026.06.08 04:15:00,3,2,3,-0.72806912,-1.2432431400000001
1780904700039_SELL,2026.06.08 07:45:00,3,2,1,-1.1794166099999999,0.0
1780916100039_SELL,2026.06.08 10:55:00,3,2,2,-0.47293736000000003,-0.7252493
1781043300041_SELL,2026.06.09 22:15:00,3,2,3,0.18290117000000006,-0.12026227999999994
1781087700145_SELL,2026.06.10 10:35:00,3,2,3,0.75051399,0.17193333999999993
1781100300029_SELL,2026.06.10 14:05:00,3,2,1,-0.9020653300000001,0.0
1781156400033_SELL,2026.06.11 05:40:00,3,2,3,1.5261545100000002,0.4828643800000001
1781178300012_SELL,2026.06.11 11:45:00,3,2,2,0.05769679999999999,-0.32355577999999996
1781197800031_SELL,2026.06.11 17:10:00,3,2,2,-0.91024868,-0.75589837
1781207700011_SELL,2026.06.11 19:55:00,3,2,2,0.25631320999999996,-0.18322570000000005
1781580000011_SELL,2026.06.16 03:20:00,3,2,3,0.059515890000000016,-0.46932458999999993
1781586000015_SELL,2026.06.16 05:00:00,3,2,3,-0.6629486899999999,-0.8344921999999999
1781599200003_SELL,2026.06.16 08:40:00,3,2,2,-0.72551255,-0.26164513
1781688000014_SELL,2026.06.17 09:20:00,3,2,2,-0.6555572700000001,-0.3563969900000001
1781693700050_SELL,2026.06.17 10:55:00,3,2,1,-0.38032357000000006,0.0
1781706900042_SELL,2026.06.17 14:35:00,3,2,2,-0.6300854199999999,-0.3012808199999999
1783337700009_SELL,2026.07.06 11:35:00,3,2,2,1.16556965,0.2805608399999999
1783351800022_SELL,2026.07.06 15:30:00,3,2,3,1.5978670899999998,0.5337098999999998
1783422000050_SELL,2026.07.07 11:00:00,3,2,1,-1.1878040600000002,0.0
1783425600028_SELL,2026.07.07 12:00:00,3,2,2,-0.72357023,-0.43429179
1783485000006_SELL,2026.07.08 04:30:00,3,2,3,-0.16161823000000003,-0.33295955000000005
1783504500004_SELL,2026.07.08 09:55:00,3,2,2,0.47493863999999997,-0.27358435999999997
1783530600036_SELL,2026.07.08 17:10:00,3,2,2,0.6471201499999999,-0.13938556000000013
1783560000085_SELL,2026.07.09 01:20:00,3,2,2,-0.35934426,-0.46031337000000005
1783675800038_SELL,2026.07.10 09:30:00,3,2,2,-0.8670299600000001,-0.4803444900000001
1783693800015_SELL,2026.07.10 14:30:00,3,2,2,0.07964684000000005,-0.15671059999999992
1783698000056_SELL,2026.07.10 15:40:00,3,2,2,-0.6777197100000001,-0.4350107200000001
1783704900028_SELL,2026.07.10 17:35:00,3,2,1,-1.07572627,0.0
1783933200017_SELL,2026.07.13 09:00:00,3,2,2,-1.21696654,-1.16458615
1783948200078_SELL,2026.07.13 13:10:00,3,2,2,-0.81051602,-0.69475547
1783960500078_SELL,2026.07.13 16:35:00,3,2,2,0.17828001,-0.3001983
1783982400076_SELL,2026.07.13 22:40:00,3,2,1,-0.57935884,0.0
1783995600224_SELL,2026.07.14 02:20:00,3,2,2,-0.59705219,-0.95787738
1784002500017_SELL,2026.07.14 04:15:00,3,2,1,-1.0894211399999998,0.0
1784003400048_SELL,2026.07.14 04:30:00,3,2,2,-0.32620852999999994,-0.23663128999999994
1784111100010_SELL,2026.07.15 10:25:00,3,2,2,-0.54955286,-0.7566257700000001
1786653000045_SELL,2026.08.13 20:30:00,3,2,3,-0.28051391000000003,-0.38104833000000005
1786673100025_SELL,2026.08.14 02:05:00,3,2,1,-1.1756818699999998,0.0
1786695000009_SELL,2026.08.14 08:10:00,3,2,2,-0.46243735999999996,-0.43830876999999996
1787688600090_SELL,2026.08.25 20:10:00,3,2,1,-1.1787418,0.0
1787899200150_SELL,2026.08.28 06:40:00,3,2,3,-0.05288539999999997,-0.27203057
1769055300007_SELL,2026.01.22 04:15:00,3,2.5,2,0.19786659499999995,-0.14351388
1769174100008_SELL,2026.01.23 13:15:00,3,2.5,2,-1.4244795099999998,-1.02715122
1769469300010_SELL,2026.01.26 23:15:00,3,2.5,3,1.3214215649999996,0.45983616999999966
1769482200011_SELL,2026.01.27 02:50:00,3,2.5,2,-1.285322045,-0.1474055700000001
1769721300024_SELL,2026.01.29 21:15:00,3,2.5,1,-0.31534376,0.0
1769742000015_SELL,2026.01.30 03:00:00,3,2.5,3,3.6536344200000004,1.7583294800000002
1769760000047_SELL,2026.01.30 08:00:00,3,2.5,1,-0.4948655099999999,0.0
1769784600035_SELL,2026.01.30 14:50:00,3,2.5,1,-1.0453193500000002,0.0
1769792400039_SELL,2026.01.30 17:00:00,3,2.5,3,0.5815461049999999,-0.2129244750000001
1769813100051_SELL,2026.01.30 22:45:00,3,2.5,2,0.52137354,-0.058480630000000144
1769994300011_SELL,2026.02.02 01:05:00,3,2.5,3,4.227150185000001,2.0486306100000014
1770000900026_SELL,2026.02.02 02:55:00,3,2.5,3,0.745127815,-0.03426766499999978
1770008100047_SELL,2026.02.02 04:55:00,3,2.5,2,0.012505765000000002,-0.558154655
1770060000091_SELL,2026.02.02 19:20:00,3,2.5,2,0.11984685500000003,-0.15480607999999996
1770073200031_SELL,2026.02.02 23:00:00,3,2.5,2,-0.6961757350000001,-0.23484814000000015
1770288900046_SELL,2026.02.05 10:55:00,3,2.5,2,2.3631633549999993,1.0870611499999994
1770299400010_SELL,2026.02.05 13:50:00,3,2.5,2,-0.32518898499999993,-0.4803418299999999
1770311700035_SELL,2026.02.05 17:15:00,3,2.5,1,-0.12379195499999998,0.0
1770312300005_SELL,2026.02.05 17:25:00,3,2.5,2,0.6149953199999998,0.12253571499999982
1770324900011_SELL,2026.02.05 20:55:00,3,2.5,2,-0.22077379000000003,-0.38192296500000006
1770348000038_SELL,2026.02.06 03:20:00,3,2.5,2,-0.035834385,-0.159240885
1770700500091_SELL,2026.02.10 05:15:00,3,2.5,2,-0.508975245,-0.53311158
1770708000060_SELL,2026.02.10 07:20:00,3,2.5,2,0.14905766499999984,-0.2995122600000002
1770713700081_SELL,2026.02.10 08:55:00,3,2.5,2,-1.2676473500000003,-0.2706314300000001
1770754200012_SELL,2026.02.10 20:10:00,3,2.5,3,1.8393236599999998,0.807503165
1770767100003_SELL,2026.02.10 23:45:00,3,2.5,2,-0.953896545,-0.40375903
1770871800022_SELL,2026.02.12 04:50:00,3,2.5,1,-0.919230615,0.0
1770892800280_SELL,2026.02.12 10:40:00,3,2.5,1,-0.5527041350000002,0.0
1770913800023_SELL,2026.02.12 16:30:00,3,2.5,1,-1.13042374,0.0
1770919800044_SELL,2026.02.12 18:10:00,3,2.5,3,19.431278735000006,7.784231545000004
1770934800047_SELL,2026.02.12 22:20:00,3,2.5,3,2.6106657899999997,1.4164005849999999
1770965700033_SELL,2026.02.13 06:55:00,3,2.5,1,-0.91357706,0.0
1770982200032_SELL,2026.02.13 11:30:00,3,2.5,1,-0.16438839,0.0
1771292400019_SELL,2026.02.17 01:40:00,3,2.5,2,-1.051580735,-0.28848327499999993
1771303500080_SELL,2026.02.17 04:45:00,3,2.5,1,-0.6256946,0.0
1771305300049_SELL,2026.02.17 05:15:00,3,2.5,2,-0.16009994500000002,-0.52898732
1771365900046_SELL,2026.02.17 22:05:00,3,2.5,2,-0.6904295299999998,-0.4584186699999998
1771922100025_SELL,2026.02.24 08:35:00,3,2.5,2,-1.355536645,-0.86445474
1772533800012_SELL,2026.03.03 10:30:00,3,2.5,3,1.623219415,0.5888872700000001
1772550600012_SELL,2026.03.03 15:10:00,3,2.5,1,-0.947025205,0.0
1772578200046_SELL,2026.03.03 22:50:00,3,2.5,2,-0.68450455,-1.08854507
1772601000125_SELL,2026.03.04 05:10:00,3,2.5,1,-0.6881396849999999,0.0
1774248900012_SELL,2026.03.23 06:55:00,3,2.5,1,-1.0866113700000002,0.0
1774250700030_SELL,2026.03.23 07:25:00,3,2.5,2,1.1389654949999999,-0.39386929000000004
1774330800114_SELL,2026.03.24 05:40:00,3,2.5,2,-0.21097915500000003,-0.24715564
1774487100044_SELL,2026.03.26 01:05:00,3,2.5,1,-0.38982754000000003,0.0
1774499700030_SELL,2026.03.26 04:35:00,3,2.5,2,-0.32807248000000006,-0.590877095
1774509300030_SELL,2026.03.26 07:15:00,3,2.5,2,-0.04700897000000004,-0.5216034449999999
1774533300023_SELL,2026.03.26 13:55:00,3,2.5,2,-0.23975046500000002,-0.30094532500000004
1774536900013_SELL,2026.03.26 14:55:00,3,2.5,2,-0.6492338899999999,-0.17618284999999978
1774578300027_SELL,2026.03.27 02:25:00,3,2.5,2,-1.111841895,-0.3837747200000001
1778600100002_SELL,2026.05.12 15:35:00,3,2.5,1,-1.1624292,0.0
1778749800032_SELL,2026.05.14 09:10:00,3,2.5,2,-0.30809656499999993,-0.440797825
1778829600067_SELL,2026.05.15 07:20:00,3,2.5,2,-0.010912729999999982,-0.33556249499999996
1778870100003_SELL,2026.05.15 18:35:00,3,2.5,2,-0.156325445,-0.25950555999999997
1778883300079_SELL,2026.05.15 22:15:00,3,2.5,2,-0.64258328,-0.48213730499999996
1779094800031_SELL,2026.05.18 09:00:00,3,2.5,1,-1.11801721,0.0
1779187500003_SELL,2026.05.19 10:45:00,3,2.5,1,-1.1765317750000004,0.0
1779976200048_SELL,2026.05.28 13:50:00,3,2.5,2,-1.3708243949999996,-0.20060444
1779981600010_SELL,2026.05.28 15:20:00,3,2.5,2,-0.888617545,-1.2071763450000002
1780305300197_SELL,2026.06.01 09:15:00,3,2.5,3,2.5301731249999992,1.4359800399999991
1780316700002_SELL,2026.06.01 12:25:00,3,2.5,3,2.6658392300000004,1.3726653300000005
1780327500017_SELL,2026.06.01 15:25:00,3,2.5,1,-1.2316617600000002,0.0
1780329600032_SELL,2026.06.01 16:00:00,3,2.5,2,-0.9859685650000002,-0.9679396050000002
1780353900068_SELL,2026.06.01 22:45:00,3,2.5,2,1.2205994449999997,0.3633607599999995
1780368600011_SELL,2026.06.02 02:50:00,3,2.5,1,-1.3258479949999997,0.0
1780372800001_SELL,2026.06.02 04:00:00,3,2.5,1,0.114366635,0.0
1780375200009_SELL,2026.06.02 04:40:00,3,2.5,2,0.13544234499999996,-0.44630810500000007
1780452000017_SELL,2026.06.03 02:00:00,3,2.5,2,0.16941863499999998,-0.09335267499999994
1780460100006_SELL,2026.06.03 04:15:00,3,2.5,2,0.8252424400000001,0.31409443000000004
1780471800004_SELL,2026.06.03 07:30:00,3,2.5,3,1.04484567,-0.21624099500000016
1780500300041_SELL,2026.06.03 15:25:00,3,2.5,2,0.8762068100000003,-0.11515630499999951
1780503900034_SELL,2026.06.03 16:25:00,3,2.5,2,-0.47302931,-0.544450815
1780510500038_SELL,2026.06.03 18:15:00,3,2.5,2,0.219134335,0.02961372499999998
1780535100018_SELL,2026.06.04 01:05:00,3,2.5,1,-1.2468480499999999,0.0
1780650300042_SELL,2026.06.05 09:05:00,3,2.5,1,-0.016717580000000037,0.0
1780693500009_SELL,2026.06.05 21:05:00,3,2.5,3,2.9044606650000007,1.6133931150000005
1780883400031_SELL,2026.06.08 01:50:00,3,2.5,2,0.19340725000000006,-0.15754948499999996
1780892100044_SELL,2026.06.08 04:15:00,3,2.5,3,-0.80981613,-1.297702575
1780904700039_SELL,2026.06.08 07:45:00,3,2.5,1,-1.2184884499999997,0.0
1780916100039_SELL,2026.06.08 10:55:00,3,2.5,2,-0.52261798,-0.75007402
1781043300041_SELL,2026.06.09 22:15:00,3,2.5,3,0.08838594500000008,-0.18326031999999992
1781087700145_SELL,2026.06.10 10:35:00,3,2.5,3,0.66133236,0.11248629499999996
1781100300029_SELL,2026.06.10 14:05:00,3,2.5,1,-0.9251452950000001,0.0
1781156400033_SELL,2026.06.11 05:40:00,3,2.5,3,1.4687729450000004,0.4446367350000002
1781178300012_SELL,2026.06.11 11:45:00,3,2.5,2,0.00204445999999997,-0.351377055
1781197800031_SELL,2026.06.11 17:10:00,3,2.5,2,-0.9406172100000001,-0.7710656650000001
1781207700011_SELL,2026.06.11 19:55:00,3,2.5,2,0.21062053499999994,-0.20606983000000006
1781580000011_SELL,2026.06.16 03:20:00,3,2.5,3,-0.08610392999999994,-0.5663822049999998
1781586000015_SELL,2026.06.16 05:00:00,3,2.5,3,-0.761348905,-0.90007177
1781599200003_SELL,2026.06.16 08:40:00,3,2.5,2,-0.8193737000000001,-0.308574565
1781688000014_SELL,2026.06.17 09:20:00,3,2.5,2,-0.7409419150000001,-0.39908467000000003
1781693700050_SELL,2026.06.17 10:55:00,3,2.5,1,-0.42745739000000005,0.0
1781706900042_SELL,2026.06.17 14:35:00,3,2.5,2,-0.74909044,-0.360781815
1783337700009_SELL,2026.07.06 11:35:00,3,2.5,2,1.079880265,0.23773126499999986
1783351800022_SELL,2026.07.06 15:30:00,3,2.5,3,1.4679572299999997,0.4471299099999997
1783422000050_SELL,2026.07.07 11:00:00,3,2.5,1,-1.230970735,0.0
1783425600028_SELL,2026.07.07 12:00:00,3,2.5,2,-0.7965493450000001,-0.4707750200000001
1783485000006_SELL,2026.07.08 04:30:00,3,2.5,3,-0.22877003500000004,-0.37771615500000005
1783504500004_SELL,2026.07.08 09:55:00,3,2.5,2,0.38976474499999997,-0.31616923999999996
1783530600036_SELL,2026.07.08 17:10:00,3,2.5,2,0.6073080249999998,-0.15929012500000028
1783560000085_SELL,2026.07.09 01:20:00,3,2.5,2,-0.43219708500000004,-0.49673249500000005
1783675800038_SELL,2026.07.10 09:30:00,3,2.5,2,-0.9441389150000001,-0.5188908650000001
1783693800015_SELL,2026.07.10 14:30:00,3,2.5,2,-0.016279309999999936,-0.2046638449999999
1783698000056_SELL,2026.07.10 15:40:00,3,2.5,2,-0.7383902250000001,-0.46533824500000004
1783704900028_SELL,2026.07.10 17:35:00,3,2.5,1,-1.0940925250000002,0.0
1783933200017_SELL,2026.07.13 09:00:00,3,2.5,2,-1.269900985,-1.1910268050000001
1783948200078_SELL,2026.07.13 13:10:00,3,2.5,2,-0.9190778350000001,-0.749025705
1783960500078_SELL,2026.07.13 16:35:00,3,2.5,2,0.10496002999999998,-0.336854585
1783982400076_SELL,2026.07.13 22:40:00,3,2.5,1,-0.61860304,0.0
1783995600224_SELL,2026.07.14 02:20:00,3,2.5,2,-0.75733886,-1.03800528
1784002500017_SELL,2026.07.14 04:15:00,3,2.5,1,-1.1106339199999997,0.0
1784003400048_SELL,2026.07.14 04:30:00,3,2.5,2,-0.37213944499999996,-0.25959336
1784111100010_SELL,2026.07.15 10:25:00,3,2.5,2,-0.630870355,-0.7972705750000001
1786653000045_SELL,2026.08.13 20:30:00,3,2.5,3,-0.400691585,-0.46115790500000003
1786673100025_SELL,2026.08.14 02:05:00,3,2.5,1,-1.2163313099999997,0.0
1786695000009_SELL,2026.08.14 08:10:00,3,2.5,2,-0.603323345,-0.50874793
1787688600090_SELL,2026.08.25 20:10:00,3,2.5,1,-1.218415025,0.0
1787899200150_SELL,2026.08.28 06:40:00,3,2.5,3,-0.19319387999999993,-0.365557715
1769055300007_SELL,2026.01.22 04:15:00,3,3,2,0.15255848999999994,-0.16616720000000001
1769174100008_SELL,2026.01.23 13:15:00,3,3,2,-1.5079622199999998,-1.0688695599999998
1769469300010_SELL,2026.01.26 23:15:00,3,3,3,1.2688523099999995,0.4248110599999996
1769482200011_SELL,2026.01.27 02:50:00,3,3,2,-1.3395552099999999,-0.17451059999999985
1769721300024_SELL,2026.01.29 21:15:00,3,3,1,-0.32453172999999996,0.0
1769742000015_SELL,2026.01.30 03:00:00,3,3,3,3.6143582700000008,1.7321792600000006
1769760000047_SELL,2026.01.30 08:00:00,3,3,1,-0.5079884799999999,0.0
1769784600035_SELL,2026.01.30 14:50:00,3,3,1,-1.0542659100000003,0.0
1769792400039_SELL,2026.01.30 17:00:00,3,3,3,0.5624519999999998,-0.22562305000000027
1769813100051_SELL,2026.01.30 22:45:00,3,3,2,0.50853994,-0.06489685000000012
1769994300011_SELL,2026.02.02 01:05:00,3,3,3,4.208580960000001,2.036289610000001
1770000900026_SELL,2026.02.02 02:55:00,3,3,3,0.72869153,-0.045206109999999855
1770008100047_SELL,2026.02.02 04:55:00,3,3,2,-0.0011997100000000066,-0.56499434
1770060000091_SELL,2026.02.02 19:20:00,3,3,2,0.10618488000000004,-0.16163414999999998
1770073200031_SELL,2026.02.02 23:00:00,3,3,2,-0.7137853500000001,-0.2436488600000002
1770288900046_SELL,2026.02.05 10:55:00,3,3,2,2.330631639999999,1.0708000199999992
1770299400010_SELL,2026.02.05 13:50:00,3,3,2,-0.36130345999999997,-0.49839139
1770311700035_SELL,2026.02.05 17:15:00,3,3,1,-0.13117651999999996,0.0
1770312300005_SELL,2026.02.05 17:25:00,3,3,2,0.5994556099999998,0.11477510999999985
1770324900011_SELL,2026.02.05 20:55:00,3,3,2,-0.24827722000000002,-0.39566685
1770348000038_SELL,2026.02.06 03:20:00,3,3,2,-0.048188510000000004,-0.16541481000000002
1770700500091_SELL,2026.02.10 05:15:00,3,3,2,-0.55503157,-0.55612581
1770708000060_SELL,2026.02.10 07:20:00,3,3,2,0.07173340999999983,-0.3381722700000002
1770713700081_SELL,2026.02.10 08:55:00,3,3,2,-1.3276408200000003,-0.30062545000000007
1770754200012_SELL,2026.02.10 20:10:00,3,3,3,1.7413246399999998,0.7421914300000001
1770767100003_SELL,2026.02.10 23:45:00,3,3,2,-1.0364903,-0.44505106000000016
1770871800022_SELL,2026.02.12 04:50:00,3,3,1,-0.95219726,0.0
1770892800280_SELL,2026.02.12 10:40:00,3,3,1,-0.5951425200000001,0.0
1770913800023_SELL,2026.02.12 16:30:00,3,3,1,-1.1539721299999999,0.0
1770919800044_SELL,2026.02.12 18:10:00,3,3,3,19.354693230000006,7.7334331000000045
1770934800047_SELL,2026.02.12 22:20:00,3,3,3,2.5451243999999993,1.3727225299999994
1770965700033_SELL,2026.02.13 06:55:00,3,3,1,-0.9475787800000001,0.0
1770982200032_SELL,2026.02.13 11:30:00,3,3,1,-0.19330558999999997,0.0
1771292400019_SELL,2026.02.17 01:40:00,3,3,2,-1.12512099,-0.32525086000000003
1771303500080_SELL,2026.02.17 04:45:00,3,3,1,-0.6682133800000001,0.0
1771305300049_SELL,2026.02.17 05:15:00,3,3,2,-0.24367228000000007,-0.5707655300000001
1771365900046_SELL,2026.02.17 22:05:00,3,3,2,-0.7445820499999999,-0.4854870199999999
1771922100025_SELL,2026.02.24 08:35:00,3,3,2,-1.41941059,-0.89638742
1772533800012_SELL,2026.03.03 10:30:00,3,3,3,1.5479914700000001,0.5387450000000003
1772550600012_SELL,2026.03.03 15:10:00,3,3,1,-0.95743057,0.0
1772578200046_SELL,2026.03.03 22:50:00,3,3,2,-0.71949988,-1.1060137399999999
1772601000125_SELL,2026.03.04 05:10:00,3,3,1,-0.7063821499999999,0.0
1774248900012_SELL,2026.03.23 06:55:00,3,3,1,-1.1034987100000002,0.0
1774250700030_SELL,2026.03.23 07:25:00,3,3,2,1.1057743599999998,-0.4104166800000002
1774330800114_SELL,2026.03.24 05:40:00,3,3,2,-0.23572755000000004,-0.25952522
1774487100044_SELL,2026.03.26 01:05:00,3,3,1,-0.40510724000000004,0.0
1774499700030_SELL,2026.03.26 04:35:00,3,3,2,-0.37484953000000004,-0.61424427
1774509300030_SELL,2026.03.26 07:15:00,3,3,2,-0.13755854,-0.5668710499999998
1774533300023_SELL,2026.03.26 13:55:00,3,3,2,-0.27720717000000006,-0.3196685800000001
1774536900013_SELL,2026.03.26 14:55:00,3,3,2,-0.6817979799999999,-0.1924625199999998
1774578300027_SELL,2026.03.27 02:25:00,3,3,2,-1.15789843,-0.40679653000000005
1778600100002_SELL,2026.05.12 15:35:00,3,3,1,-1.19473311,0.0
1778749800032_SELL,2026.05.14 09:10:00,3,3,2,-0.38516641999999995,-0.47931841
1778829600067_SELL,2026.05.15 07:20:00,3,3,2,-0.08705753999999993,-0.3736183899999999
1778870100003_SELL,2026.05.15 18:35:00,3,3,2,-0.20209934999999996,-0.2823890399999999
1778883300079_SELL,2026.05.15 22:15:00,3,3,2,-0.7248249200000001,-0.5232516600000001
1779094800031_SELL,2026.05.18 09:00:00,3,3,1,-1.14133394,0.0
1779187500003_SELL,2026.05.19 10:45:00,3,3,1,-1.2107198500000005,0.0
1779976200048_SELL,2026.05.28 13:50:00,3,3,2,-1.4386775599999997,-0.23452978000000013
1779981600010_SELL,2026.05.28 15:20:00,3,3,2,-0.971126,-1.24839656
1780305300197_SELL,2026.06.01 09:15:00,3,3,3,2.4227005199999994,1.3643441799999994
1780316700002_SELL,2026.06.01 12:25:00,3,3,3,2.5509803200000003,1.2961129600000003
1780327500017_SELL,2026.06.01 15:25:00,3,3,1,-1.2733805100000002,0.0
1780329600032_SELL,2026.06.01 16:00:00,3,3,2,-1.0561696600000001,-1.00302077
1780353900068_SELL,2026.06.01 22:45:00,3,3,2,1.0434349299999996,0.27479084999999936
1780368600011_SELL,2026.06.02 02:50:00,3,3,1,-1.3877327599999998,0.0
1780372800001_SELL,2026.06.02 04:00:00,3,3,1,0.07609936999999997,0.0
1780375200009_SELL,2026.06.02 04:40:00,3,3,2,0.08442569999999999,-0.47181045000000005
1780452000017_SELL,2026.06.03 02:00:00,3,3,2,0.07655679999999998,-0.13977468999999992
1780460100006_SELL,2026.06.03 04:15:00,3,3,2,0.7652987100000002,0.28412749000000004
1780471800004_SELL,2026.06.03 07:30:00,3,3,3,0.8423739199999998,-0.3511886300000002
1780500300041_SELL,2026.06.03 15:25:00,3,3,2,0.7897006000000004,-0.15838173999999938
1780503900034_SELL,2026.06.03 16:25:00,3,3,2,-0.52805483,-0.5719539
1780510500038_SELL,2026.06.03 18:15:00,3,3,2,0.16401733000000002,0.0020592199999999727
1780535100018_SELL,2026.06.04 01:05:00,3,3,1,-1.2940931599999999,0.0
1780650300042_SELL,2026.06.05 09:05:00,3,3,1,-0.05404127000000003,0.0
1780693500009_SELL,2026.06.05 21:05:00,3,3,3,2.816780680000001,1.5549559400000006
1780883400031_SELL,2026.06.08 01:50:00,3,3,2,0.15450593000000007,-0.17699895
1780892100044_SELL,2026.06.08 04:15:00,3,3,3,-0.89156314,-1.35216201
1780904700039_SELL,2026.06.08 07:45:00,3,3,1,-1.2575602899999998,0.0
1780916100039_SELL,2026.06.08 10:55:00,3,3,2,-0.5722986000000001,-0.77489874
1781043300041_SELL,2026.06.09 22:15:00,3,3,3,-0.006129279999999904,-0.2462583599999999
1781087700145_SELL,2026.06.10 10:35:00,3,3,3,0.5721507299999999,0.05303924999999987
1781100300029_SELL,2026.06.10 14:05:00,3,3,1,-0.9482252600000002,0.0
1781156400033_SELL,2026.06.11 05:40:00,3,3,3,1.4113913800000004,0.40640909000000014
1781178300012_SELL,2026.06.11 11:45:00,3,3,2,-0.05360788,-0.3791983299999999
1781197800031_SELL,2026.06.11 17:10:00,3,3,2,-0.97098574,-0.78623296
1781207700011_SELL,2026.06.11 19:55:00,3,3,2,0.16492785999999993,-0.22891396000000008
1781580000011_SELL,2026.06.16 03:20:00,3,3,3,-0.23172375,-0.6634398199999999
1781586000015_SELL,2026.06.16 05:00:00,3,3,3,-0.85974912,-0.9656513400000001
1781599200003_SELL,2026.06.16 08:40:00,3,3,2,-0.91323485,-0.35550400000000004
1781688000014_SELL,2026.06.17 09:20:00,3,3,2,-0.82632656,-0.44177235000000004
1781693700050_SELL,2026.06.17 10:55:00,3,3,1,-0.47459121000000004,0.0
1781706900042_SELL,2026.06.17 14:35:00,3,3,2,-0.8680954599999999,-0.42028280999999995
1783337700009_SELL,2026.07.06 11:35:00,3,3,2,0.9941908799999999,0.1949016899999999
1783351800022_SELL,2026.07.06 15:30:00,3,3,3,1.3380473699999997,0.36054991999999975
1783422000050_SELL,2026.07.07 11:00:00,3,3,1,-1.2741374100000002,0.0
1783425600028_SELL,2026.07.07 12:00:00,3,3,2,-0.8695284600000001,-0.5072582500000001
1783485000006_SELL,2026.07.08 04:30:00,3,3,3,-0.29592184000000005,-0.4224727600000001
1783504500004_SELL,2026.07.08 09:55:00,3,3,2,0.30459084999999997,-0.35875411999999995
1783530600036_SELL,2026.07.08 17:10:00,3,3,2,0.5674958999999998,-0.1791946900000002
1783560000085_SELL,2026.07.09 01:20:00,3,3,2,-0.5050499100000001,-0.5331516200000002
1783675800038_SELL,2026.07.10 09:30:00,3,3,2,-1.0212478700000003,-0.5574372400000003
1783693800015_SELL,2026.07.10 14:30:00,3,3,2,-0.11220545999999992,-0.2526170899999999
1783698000056_SELL,2026.07.10 15:40:00,3,3,2,-0.79906074,-0.49566577
1783704900028_SELL,2026.07.10 17:35:00,3,3,1,-1.11245878,0.0
1783933200017_SELL,2026.07.13 09:00:00,3,3,2,-1.32283543,-1.21746746
1783948200078_SELL,2026.07.13 13:10:00,3,3,2,-1.02763965,-0.8032959399999999
1783960500078_SELL,2026.07.13 16:35:00,3,3,2,0.031640049999999975,-0.37351087
1783982400076_SELL,2026.07.13 22:40:00,3,3,1,-0.65784724,0.0
1783995600224_SELL,2026.07.14 02:20:00,3,3,2,-0.91762553,-1.11813318
1784002500017_SELL,2026.07.14 04:15:00,3,3,1,-1.1318466999999997,0.0
1784003400048_SELL,2026.07.14 04:30:00,3,3,2,-0.41807036,-0.28255543
1784111100010_SELL,2026.07.15 10:25:00,3,3,2,-0.71218785,-0.8379153800000001
1786653000045_SELL,2026.08.13 20:30:00,3,3,3,-0.5208692600000001,-0.5412674800000001
1786673100025_SELL,2026.08.14 02:05:00,3,3,1,-1.2569807499999996,0.0
1786695000009_SELL,2026.08.14 08:10:00,3,3,2,-0.7442093299999999,-0.5791870899999998
1787688600090_SELL,2026.08.25 20:10:00,3,3,1,-1.2580882500000001,0.0
1787899200150_SELL,2026.08.28 06:40:00,3,3,3,-0.33350236,-0.4590848600000001
1769055300007_SELL,2026.01.22 04:15:00,5,0,2,0.27128028,-0.18337412000000003
1769174100008_SELL,2026.01.23 13:15:00,5,0,2,-0.94932525,-0.76081881
1769469300010_SELL,2026.01.26 23:15:00,5,0,4,1.14864646,0.1993403399999999
1769482200011_SELL,2026.01.27 02:50:00,5,0,2,-1.01847637,-0.01620056999999986
1769721300024_SELL,2026.01.29 21:15:00,5,0,1,-0.26940391,0.0
1769742000015_SELL,2026.01.30 03:00:00,5,0,3,2.79745112,0.8365165299999999
1769760000047_SELL,2026.01.30 08:00:00,5,0,2,-0.59426919,-0.16501853
1769784600035_SELL,2026.01.30 14:50:00,5,0,1,-1.00058655,0.0
1769792400039_SELL,2026.01.30 17:00:00,5,0,3,0.61119557,-0.21525265999999998
1769813100051_SELL,2026.01.30 22:45:00,5,0,2,0.32814614,-0.28379493
1769994300011_SELL,2026.02.02 01:05:00,5,0,3,3.0992007,0.8895399999999998
1770000900026_SELL,2026.02.02 02:55:00,5,0,3,-0.21204819,-1.01893287
1770008100047_SELL,2026.02.02 04:55:00,5,0,2,0.0133603,-0.59162907
1770060000091_SELL,2026.02.02 19:20:00,5,0,2,0.134982,-0.17384046000000003
1770073200031_SELL,2026.02.02 23:00:00,5,0,2,-0.58995199,-0.17266886999999997
1770288900046_SELL,2026.02.05 10:55:00,5,0,2,1.1458089,-0.21164622999999994
1770299400010_SELL,2026.02.05 13:50:00,5,0,3,-0.26401801,-0.5094954300000001
1770311700035_SELL,2026.02.05 17:15:00,5,0,2,-0.10797466,-0.021105529999999997
1770312300005_SELL,2026.02.05 17:25:00,5,0,3,0.99379511,0.46243998
1770324900011_SELL,2026.02.05 20:55:00,5,0,2,-0.03851327,-0.26846017
1770348000038_SELL,2026.02.06 03:20:00,5,0,2,-0.10191107,-0.25621857
1770700500091_SELL,2026.02.10 05:15:00,5,0,3,-0.45654416,-0.5958909699999999
1770708000060_SELL,2026.02.10 07:20:00,5,0,4,0.31709731,-0.32479383999999994
1770713700081_SELL,2026.02.10 08:55:00,5,0,1,-0.84701867,0.0
1770754200012_SELL,2026.02.10 20:10:00,5,0,3,1.52987677,0.33461984999999994
1770767100003_SELL,2026.02.10 23:45:00,5,0,2,-1.04568409,-0.7020552
1770871800022_SELL,2026.02.12 04:50:00,5,0,1,-0.75439739,0.0
1770892800280_SELL,2026.02.12 10:40:00,5,0,1,-0.34051221,0.0
1770913800023_SELL,2026.02.12 16:30:00,5,0,1,-1.01268179,0.0
1770919800044_SELL,2026.02.12 18:10:00,5,0,4,24.77745965,13.00147716
1770934800047_SELL,2026.02.12 22:20:00,5,0,4,2.63284573,1.32926385
1770965700033_SELL,2026.02.13 06:55:00,5,0,1,-0.74356846,0.0
1770982200032_SELL,2026.02.13 11:30:00,5,0,1,-0.01980239,0.0
1771292400019_SELL,2026.02.17 01:40:00,5,0,2,-0.78115542,-0.20192131000000002
1771303500080_SELL,2026.02.17 04:45:00,5,0,1,-0.4131007,0.0
1771305300049_SELL,2026.02.17 05:15:00,5,0,4,-0.17858002,-0.75643802
1771365900046_SELL,2026.02.17 22:05:00,5,0,3,-0.40079302,-0.30420301
1771922100025_SELL,2026.02.24 08:35:00,5,0,2,-1.02503864,-0.69366306
1772533800012_SELL,2026.03.03 10:30:00,5,0,3,1.69147483,0.5317143099999999
1772550600012_SELL,2026.03.03 15:10:00,5,0,1,-0.89499838,0.0
1772578200046_SELL,2026.03.03 22:50:00,5,0,2,0.10506438,-0.38660943999999997
1772601000125_SELL,2026.03.04 05:10:00,5,0,1,-0.59692736,0.0
1774248900012_SELL,2026.03.23 06:55:00,5,0,1,-1.00217467,0.0
1774250700030_SELL,2026.03.23 07:25:00,5,0,2,1.54648829,-0.06956521999999987
1774330800114_SELL,2026.03.24 05:40:00,5,0,3,-0.14026371,-0.23833427000000001
1774487100044_SELL,2026.03.26 01:05:00,5,0,1,-0.31342904,0.0
1774499700030_SELL,2026.03.26 04:35:00,5,0,3,-0.19354958,-0.57340357
1774509300030_SELL,2026.03.26 07:15:00,5,0,2,0.39569584,-0.30530846
1774533300023_SELL,2026.03.26 13:55:00,5,0,2,-0.25302607,-0.40788818
1774536900013_SELL,2026.03.26 14:55:00,5,0,2,-0.60617989,-0.21455095000000007
1774578300027_SELL,2026.03.27 02:25:00,5,0,2,-0.65382309,-0.04092954000000004
1778600100002_SELL,2026.05.12 15:35:00,5,0,1,-1.00090965,0.0
1778749800032_SELL,2026.05.14 09:10:00,5,0,3,0.09697681,-0.2284708
1778829600067_SELL,2026.05.15 07:20:00,5,0,2,0.42099057,-0.09410376999999998
1778870100003_SELL,2026.05.15 18:35:00,5,0,1,0.21763224,0.0
1778883300079_SELL,2026.05.15 22:15:00,5,0,2,-0.06145901,-0.10664946
1779094800031_SELL,2026.05.18 09:00:00,5,0,1,-1.00143356,0.0
1779187500003_SELL,2026.05.19 10:45:00,5,0,1,-1.0055914,0.0
1779976200048_SELL,2026.05.28 13:50:00,5,0,2,-1.04085189,-0.0402710599999998
1779981600010_SELL,2026.05.28 15:20:00,5,0,2,-0.50994624,-1.03494624
1780305300197_SELL,2026.06.01 09:15:00,5,0,4,2.95004253,1.6766657200000001
1780316700002_SELL,2026.06.01 12:25:00,5,0,3,2.60845242,1.12374582
1780327500017_SELL,2026.06.01 15:25:00,5,0,1,-1.02306801,0.0
1780329600032_SELL,2026.06.01 16:00:00,5,0,2,-0.19345313,-0.35102382
1780353900068_SELL,2026.06.01 22:45:00,5,0,3,1.9957657,0.6955539900000001
1780368600011_SELL,2026.06.02 02:50:00,5,0,1,-1.01642417,0.0
1780372800001_SELL,2026.06.02 04:00:00,5,0,2,-1.00933211,-1.31503507
1780375200009_SELL,2026.06.02 04:40:00,5,0,2,0.47819457,-0.23112738
1780452000017_SELL,2026.06.03 02:00:00,5,0,2,0.14497041,-0.35000000000000003
1780460100006_SELL,2026.06.03 04:15:00,5,0,2,0.39420567,-0.26682628999999997
1780471800004_SELL,2026.06.03 07:30:00,5,0,3,2.45838944,0.8596822
1780500300041_SELL,2026.06.03 15:25:00,5,0,3,1.64466019,0.43689319999999987
1780503900034_SELL,2026.06.03 16:25:00,5,0,2,-0.1904804,-0.39951408
1780510500038_SELL,2026.06.03 18:15:00,5,0,3,0.15498727,-0.17234583999999997
1780535100018_SELL,2026.06.04 01:05:00,5,0,1,-1.0106225,0.0
1780650300042_SELL,2026.06.05 09:05:00,5,0,2,0.01682187,-0.15307900000000002
1780693500009_SELL,2026.06.05 21:05:00,5,0,3,2.41571274,0.9784311400000001
1780883400031_SELL,2026.06.08 01:50:00,5,0,3,0.71372549,0.26550947999999996
1780892100044_SELL,2026.06.08 04:15:00,5,0,4,-0.4363964,-1.06072072
1780904700039_SELL,2026.06.08 07:45:00,5,0,1,-1.02312925,0.0
1780916100039_SELL,2026.06.08 10:55:00,5,0,2,0.2938843,-0.057851240000000026
1781043300041_SELL,2026.06.09 22:15:00,5,0,4,0.2693802,-0.15985199
1781087700145_SELL,2026.06.10 10:35:00,5,0,2,0.57559494,-0.12192404999999995
1781100300029_SELL,2026.06.10 14:05:00,5,0,1,-0.80974547,0.0
1781156400033_SELL,2026.06.11 05:40:00,5,0,3,1.35161046,0.23170465000000018
1781178300012_SELL,2026.06.11 11:45:00,5,0,2,0.34425951,-0.14831733000000002
1781197800031_SELL,2026.06.11 17:10:00,5,0,2,-0.46772685,-0.37418148
1781207700011_SELL,2026.06.11 19:55:00,5,0,2,0.23634363,-0.29458945999999997
1781580000011_SELL,2026.06.16 03:20:00,5,0,4,1.22316975,0.50008045
1781586000015_SELL,2026.06.16 05:00:00,5,0,4,-0.15065217,-0.45347826
1781599200003_SELL,2026.06.16 08:40:00,5,0,1,-0.27614056,0.0
1781688000014_SELL,2026.06.17 09:20:00,5,0,2,-0.40289191,-0.27451949000000003
1781693700050_SELL,2026.06.17 10:55:00,5,0,2,-0.41844717,-0.22665887999999998
1781706900042_SELL,2026.06.17 14:35:00,5,0,2,-0.21734218,-0.12655368
1783337700009_SELL,2026.07.06 11:35:00,5,0,2,1.33500368,0.27855563000000005
1783351800022_SELL,2026.07.06 15:30:00,5,0,4,2.93691676,1.69944009
1783422000050_SELL,2026.07.07 11:00:00,5,0,1,-1.01513736,0.0
1783425600028_SELL,2026.07.07 12:00:00,5,0,1,-0.1432949,0.0
1783485000006_SELL,2026.07.08 04:30:00,5,0,3,0.10917243,-0.15174969
1783504500004_SELL,2026.07.08 09:55:00,5,0,2,0.81976401,-0.09911504999999998
1783530600036_SELL,2026.07.08 17:10:00,5,0,3,0.80342927,-0.06270668000000001
1783560000085_SELL,2026.07.09 01:20:00,5,0,2,0.05363128,-0.19307263
1783675800038_SELL,2026.07.10 09:30:00,5,0,2,-0.54922176,-0.31678660999999997
1783693800015_SELL,2026.07.10 14:30:00,5,0,3,0.49377351,0.06552445000000001
1783698000056_SELL,2026.07.10 15:40:00,5,0,3,-0.4010041,-0.27966706999999996
1783704900028_SELL,2026.07.10 17:35:00,5,0,1,-1.00226125,0.0
1783933200017_SELL,2026.07.13 09:00:00,5,0,2,-0.07058824,-0.12418301
1783948200078_SELL,2026.07.13 13:10:00,5,0,3,-0.47767453,-0.5790803
1783960500078_SELL,2026.07.13 16:35:00,5,0,2,0.4661397,-0.15899338999999996
1783982400076_SELL,2026.07.13 22:40:00,5,0,1,-0.42238204,0.0
1783995600224_SELL,2026.07.14 02:20:00,5,0,2,0.32469578,-0.35676449
1784002500017_SELL,2026.07.14 04:15:00,5,0,1,-1.00457002,0.0
1784003400048_SELL,2026.07.14 04:30:00,5,0,2,-0.30335488,-0.30565302
1784111100010_SELL,2026.07.15 10:25:00,5,0,2,-0.29904384,-0.6688075099999999
1786653000045_SELL,2026.08.13 20:30:00,5,0,3,-0.03489669,-0.29570351
1786673100025_SELL,2026.08.14 02:05:00,5,0,1,-1.01308411,0.0
1786695000009_SELL,2026.08.14 08:10:00,5,0,2,0.02283052,-0.23482819000000002
1787688600090_SELL,2026.08.25 20:10:00,5,0,1,-1.0200489,0.0
1787899200150_SELL,2026.08.28 06:40:00,5,0,2,0.13270142,-0.27356908999999996
1769055300007_SELL,2026.01.22 04:15:00,5,0.5,2,0.22597959,-0.206020025
1769174100008_SELL,2026.01.23 13:15:00,5,0.5,2,-1.03281611,-0.8025453
1769469300010_SELL,2026.01.26 23:15:00,5,0.5,4,1.07858854,0.1468265649999999
1769482200011_SELL,2026.01.27 02:50:00,5,0.5,2,-1.07268599,-0.04328205500000015
1769721300024_SELL,2026.01.29 21:15:00,5,0.5,1,-0.27859188,0.0
1769742000015_SELL,2026.01.30 03:00:00,5,0.5,3,2.75818325,0.8103745900000001
1769760000047_SELL,2026.01.30 08:00:00,5,0.5,2,-0.62050698,-0.17813335000000008
1769784600035_SELL,2026.01.30 14:50:00,5,0.5,1,-1.00953311,0.0
1769792400039_SELL,2026.01.30 17:00:00,5,0.5,3,0.592097045,-0.22795565499999992
1769813100051_SELL,2026.01.30 22:45:00,5,0.5,2,0.315325315,-0.29019837500000006
1769994300011_SELL,2026.02.02 01:05:00,5,0.5,3,3.08062945,0.8771969749999999
1770000900026_SELL,2026.02.02 02:55:00,5,0.5,3,-0.228452415,-1.029839255
1770008100047_SELL,2026.02.02 04:55:00,5,0.5,2,-0.00034179500000000064,-0.598465375
1770060000091_SELL,2026.02.02 19:20:00,5,0.5,2,0.12132268499999999,-0.18066587
1770073200031_SELL,2026.02.02 23:00:00,5,0.5,2,-0.607561185,-0.18146917
1770288900046_SELL,2026.02.05 10:55:00,5,0.5,2,1.11327831,-0.22790623499999985
1770299400010_SELL,2026.02.05 13:50:00,5,0.5,3,-0.31817641,-0.545588915
1770311700035_SELL,2026.02.05 17:15:00,5,0.5,2,-0.1227431,-0.028489404999999995
1770312300005_SELL,2026.02.05 17:25:00,5,0.5,3,0.9704878100000001,0.44691178500000006
1770324900011_SELL,2026.02.05 20:55:00,5,0.5,2,-0.066018945,-0.2822063
1770348000038_SELL,2026.02.06 03:20:00,5,0.5,2,-0.1142588,-0.26238609999999996
1770700500091_SELL,2026.02.10 05:15:00,5,0.5,3,-0.52562493,-0.641929645
1770708000060_SELL,2026.02.10 07:20:00,5,0.5,4,0.16255285500000002,-0.44067404999999993
1770713700081_SELL,2026.02.10 08:55:00,5,0.5,1,-0.87701812,0.0
1770754200012_SELL,2026.02.10 20:10:00,5,0.5,3,1.43187495,0.269305315
1770767100003_SELL,2026.02.10 23:45:00,5,0.5,2,-1.128256715,-0.7433261
1770871800022_SELL,2026.02.12 04:50:00,5,0.5,1,-0.787364035,0.0
1770892800280_SELL,2026.02.12 10:40:00,5,0.5,1,-0.382950595,0.0
1770913800023_SELL,2026.02.12 16:30:00,5,0.5,1,-1.03623018,0.0
1770919800044_SELL,2026.02.12 18:10:00,5,0.5,4,24.675313955,12.925118524999998
1770934800047_SELL,2026.02.12 22:20:00,5,0.5,4,2.5454860850000003,1.2637675400000004
1770965700033_SELL,2026.02.13 06:55:00,5,0.5,1,-0.77757018,0.0
1770982200032_SELL,2026.02.13 11:30:00,5,0.5,1,-0.04871958999999999,0.0
1771292400019_SELL,2026.02.17 01:40:00,5,0.5,2,-0.8546960400000001,-0.23868926000000013
1771303500080_SELL,2026.02.17 04:45:00,5,0.5,1,-0.45561947999999997,0.0
1771305300049_SELL,2026.02.17 05:15:00,5,0.5,4,-0.345695545,-0.88175942
1771365900046_SELL,2026.02.17 22:05:00,5,0.5,3,-0.48202294,-0.35834876
1771922100025_SELL,2026.02.24 08:35:00,5,0.5,2,-1.088874125,-0.7255572800000001
1772533800012_SELL,2026.03.03 10:30:00,5,0.5,3,1.6162671,0.4815922549999998
1772550600012_SELL,2026.03.03 15:10:00,5,0.5,1,-0.905403745,0.0
1772578200046_SELL,2026.03.03 22:50:00,5,0.5,2,0.07005497,-0.40409219
1772601000125_SELL,2026.03.04 05:10:00,5,0.5,1,-0.615169825,0.0
1774248900012_SELL,2026.03.23 06:55:00,5,0.5,1,-1.01906201,0.0
1774250700030_SELL,2026.03.23 07:25:00,5,0.5,2,1.51320409,-0.08620567499999998
1774330800114_SELL,2026.03.24 05:40:00,5,0.5,3,-0.177379965,-0.26307171
1774487100044_SELL,2026.03.26 01:05:00,5,0.5,1,-0.32870874,0.0
1774499700030_SELL,2026.03.26 04:35:00,5,0.5,3,-0.26370711,-0.620151225
1774509300030_SELL,2026.03.26 07:15:00,5,0.5,2,0.30514677,-0.350575565
1774533300023_SELL,2026.03.26 13:55:00,5,0.5,2,-0.29047274,-0.4266014
1774536900013_SELL,2026.03.26 14:55:00,5,0.5,2,-0.6387381750000001,-0.23082481500000007
1774578300027_SELL,2026.03.27 02:25:00,5,0.5,2,-0.699891015,-0.06396274000000002
1778600100002_SELL,2026.05.12 15:35:00,5,0.5,1,-1.03321356,0.0
1778749800032_SELL,2026.05.14 09:10:00,5,0.5,3,-0.018624724999999995,-0.30552306500000004
1778829600067_SELL,2026.05.15 07:20:00,5,0.5,2,0.3448432,-0.13216222499999997
1778870100003_SELL,2026.05.15 18:35:00,5,0.5,1,0.19474181499999998,0.0
1778883300079_SELL,2026.05.15 22:15:00,5,0.5,2,-0.143709145,-0.14777231000000002
1779094800031_SELL,2026.05.18 09:00:00,5,0.5,1,-1.02475029,0.0
1779187500003_SELL,2026.05.19 10:45:00,5,0.5,1,-1.039779475,0.0
1779976200048_SELL,2026.05.28 13:50:00,5,0.5,2,-1.10869367,-0.07418501500000008
1779981600010_SELL,2026.05.28 15:20:00,5,0.5,2,-0.59244999,-1.07616175
1780305300197_SELL,2026.06.01 09:15:00,5,0.5,4,2.8068027200000003,1.5692626550000002
1780316700002_SELL,2026.06.01 12:25:00,5,0.5,3,2.4935580049999997,1.0471579449999997
1780327500017_SELL,2026.06.01 15:25:00,5,0.5,1,-1.06478676,0.0
1780329600032_SELL,2026.06.01 16:00:00,5,0.5,2,-0.2636763,-0.38612705999999997
1780353900068_SELL,2026.06.01 22:45:00,5,0.5,3,1.73007712,0.518460015
1780368600011_SELL,2026.06.02 02:50:00,5,0.5,1,-1.078308935,0.0
1780372800001_SELL,2026.06.02 04:00:00,5,0.5,2,-1.08583795,-1.353273645
1780375200009_SELL,2026.06.02 04:40:00,5,0.5,2,0.427173545,-0.256634105
1780452000017_SELL,2026.06.03 02:00:00,5,0.5,2,0.052108165,-0.396422425
1780460100006_SELL,2026.06.03 04:15:00,5,0.5,2,0.33426408500000004,-0.29679108499999995
1780471800004_SELL,2026.06.03 07:30:00,5,0.5,3,2.255885265,0.7247021399999998
1780500300041_SELL,2026.06.03 15:25:00,5,0.5,3,1.514888155,0.3504019399999998
1780503900034_SELL,2026.06.03 16:25:00,5,0.5,2,-0.24550629,-0.42701753499999995
1780510500038_SELL,2026.06.03 18:15:00,5,0.5,3,0.07234111500000001,-0.22742949499999998
1780535100018_SELL,2026.06.04 01:05:00,5,0.5,1,-1.05786761,0.0
1780650300042_SELL,2026.06.05 09:05:00,5,0.5,2,-0.05781827499999999,-0.190395455
1780693500009_SELL,2026.06.05 21:05:00,5,0.5,3,2.3280239199999997,0.9199851299999997
1780883400031_SELL,2026.06.08 01:50:00,5,0.5,3,0.65538545,0.22662129500000006
1780892100044_SELL,2026.06.08 04:15:00,5,0.5,4,-0.54537139,-1.1424081350000002
1780904700039_SELL,2026.06.08 07:45:00,5,0.5,1,-1.0622010899999998,0.0
1780916100039_SELL,2026.06.08 10:55:00,5,0.5,2,0.244174115,-0.08270552500000003
1781043300041_SELL,2026.06.09 22:15:00,5,0.5,4,0.14338383000000002,-0.254331175
1781087700145_SELL,2026.06.10 10:35:00,5,0.5,2,0.5161313750000001,-0.15165302999999986
1781100300029_SELL,2026.06.10 14:05:00,5,0.5,1,-0.832825435,0.0
1781156400033_SELL,2026.06.11 05:40:00,5,0.5,3,1.2942491,0.19349721000000009
1781178300012_SELL,2026.06.11 11:45:00,5,0.5,2,0.28860397,-0.17614180500000004
1781197800031_SELL,2026.06.11 17:10:00,5,0.5,2,-0.49811143,-0.389364825
1781207700011_SELL,2026.06.11 19:55:00,5,0.5,2,0.19066104,-0.317423505
1781580000011_SELL,2026.06.16 03:20:00,5,0.5,4,1.028995045,0.3544679500000001
1781586000015_SELL,2026.06.16 05:00:00,5,0.5,4,-0.281873335,-0.55187878
1781599200003_SELL,2026.06.16 08:40:00,5,0.5,1,-0.323072275,0.0
1781688000014_SELL,2026.06.17 09:20:00,5,0.5,2,-0.48827211000000004,-0.317202725
1781693700050_SELL,2026.06.17 10:55:00,5,0.5,2,-0.5127037,-0.27378158999999996
1781706900042_SELL,2026.06.17 14:35:00,5,0.5,2,-0.33634431,-0.18605178499999997
1783337700009_SELL,2026.07.06 11:35:00,5,0.5,2,1.24932296,0.23573471999999995
1783351800022_SELL,2026.07.06 15:30:00,5,0.5,4,2.76369793,1.5695511300000002
1783422000050_SELL,2026.07.07 11:00:00,5,0.5,1,-1.058304035,0.0
1783425600028_SELL,2026.07.07 12:00:00,5,0.5,1,-0.179790785,0.0
1783485000006_SELL,2026.07.08 04:30:00,5,0.5,3,0.042025215000000005,-0.19650170499999997
1783504500004_SELL,2026.07.08 09:55:00,5,0.5,2,0.73459084,-0.141699205
1783530600036_SELL,2026.07.08 17:10:00,5,0.5,3,0.74376529,-0.10246310000000003
1783560000085_SELL,2026.07.09 01:20:00,5,0.5,2,-0.019227624999999998,-0.229497835
1783675800038_SELL,2026.07.10 09:30:00,5,0.5,2,-0.62633118,-0.35533345
1783693800015_SELL,2026.07.10 14:30:00,5,0.5,3,0.349883345,-0.030392809999999992
1783698000056_SELL,2026.07.10 15:40:00,5,0.5,3,-0.492010275,-0.340330255
1783704900028_SELL,2026.07.10 17:35:00,5,0.5,1,-1.0206275050000002,0.0
1783933200017_SELL,2026.07.13 09:00:00,5,0.5,2,-0.12356974,-0.15067072
1783948200078_SELL,2026.07.13 13:10:00,5,0.5,3,-0.64050564,-0.68761983
1783960500078_SELL,2026.07.13 16:35:00,5,0.5,2,0.39281999,-0.19564940499999994
1783982400076_SELL,2026.07.13 22:40:00,5,0.5,1,-0.46162624,0.0
1783995600224_SELL,2026.07.14 02:20:00,5,0.5,2,0.164395075,-0.43690642499999993
1784002500017_SELL,2026.07.14 04:15:00,5,0.5,1,-1.0257828,0.0
1784003400048_SELL,2026.07.14 04:30:00,5,0.5,2,-0.34927775,-0.328607045
1784111100010_SELL,2026.07.15 10:25:00,5,0.5,2,-0.380357595,-0.709448575
1786653000045_SELL,2026.08.13 20:30:00,5,0.5,3,-0.155065545,-0.37580426499999997
1786673100025_SELL,2026.08.14 02:05:00,5,0.5,1,-1.05373355,0.0
1786695000009_SELL,2026.08.14 08:10:00,5,0.5,2,-0.11805155500000003,-0.30526344000000005
1787688600090_SELL,2026.08.25 20:10:00,5,0.5,1,-1.059722125,0.0
1787899200150_SELL,2026.08.28 06:40:00,5,0.5,2,0.039152019999999996,-0.320337155
1769055300007_SELL,2026.01.22 04:15:00,5,1,2,0.1806789,-0.22866593
1769174100008_SELL,2026.01.23 13:15:00,5,1,2,-1.11630697,-0.8442717899999999
1769469300010_SELL,2026.01.26 23:15:00,5,1,4,1.00853062,0.09431278999999992
1769482200011_SELL,2026.01.27 02:50:00,5,1,2,-1.12689561,-0.07036354
1769721300024_SELL,2026.01.29 21:15:00,5,1,1,-0.28777985,0.0
1769742000015_SELL,2026.01.30 03:00:00,5,1,3,2.71891538,0.7842326499999999
1769760000047_SELL,2026.01.30 08:00:00,5,1,2,-0.64674477,-0.19124817
1769784600035_SELL,2026.01.30 14:50:00,5,1,1,-1.01847967,0.0
1769792400039_SELL,2026.01.30 17:00:00,5,1,3,0.57299852,-0.24065865000000009
1769813100051_SELL,2026.01.30 22:45:00,5,1,2,0.30250449,-0.29660182
1769994300011_SELL,2026.02.02 01:05:00,5,1,3,3.0620582,0.8648539500000001
1770000900026_SELL,2026.02.02 02:55:00,5,1,3,-0.24485664,-1.04074564
1770008100047_SELL,2026.02.02 04:55:00,5,1,2,-0.014043890000000002,-0.60530168
1770060000091_SELL,2026.02.02 19:20:00,5,1,2,0.10766337,-0.18749128000000004
1770073200031_SELL,2026.02.02 23:00:00,5,1,2,-0.62517038,-0.19026947000000005
1770288900046_SELL,2026.02.05 10:55:00,5,1,2,1.08074772,-0.24416623999999998
1770299400010_SELL,2026.02.05 13:50:00,5,1,3,-0.37233481,-0.5816824
1770311700035_SELL,2026.02.05 17:15:00,5,1,2,-0.13751154,-0.035873279999999994
1770312300005_SELL,2026.02.05 17:25:00,5,1,3,0.94718051,0.43138359000000004
1770324900011_SELL,2026.02.05 20:55:00,5,1,2,-0.09352462,-0.29595243000000004
1770348000038_SELL,2026.02.06 03:20:00,5,1,2,-0.12660653,-0.26855363
1770700500091_SELL,2026.02.10 05:15:00,5,1,3,-0.5947057,-0.68796832
1770708000060_SELL,2026.02.10 07:20:00,5,1,4,0.008008400000000027,-0.55655426
1770713700081_SELL,2026.02.10 08:55:00,5,1,1,-0.90701757,0.0
1770754200012_SELL,2026.02.10 20:10:00,5,1,3,1.33387313,0.20399078000000004
1770767100003_SELL,2026.02.10 23:45:00,5,1,2,-1.21082934,-0.7845970000000001
1770871800022_SELL,2026.02.12 04:50:00,5,1,1,-0.82033068,0.0
1770892800280_SELL,2026.02.12 10:40:00,5,1,1,-0.42538898,0.0
1770913800023_SELL,2026.02.12 16:30:00,5,1,1,-1.05977857,0.0
1770919800044_SELL,2026.02.12 18:10:00,5,1,4,24.57316826,12.848759889999998
1770934800047_SELL,2026.02.12 22:20:00,5,1,4,2.45812644,1.19827123
1770965700033_SELL,2026.02.13 06:55:00,5,1,1,-0.8115719,0.0
1770982200032_SELL,2026.02.13 11:30:00,5,1,1,-0.07763679,0.0
1771292400019_SELL,2026.02.17 01:40:00,5,1,2,-0.92823666,-0.27545721
1771303500080_SELL,2026.02.17 04:45:00,5,1,1,-0.49813826,0.0
1771305300049_SELL,2026.02.17 05:15:00,5,1,4,-0.51281107,-1.00708082
1771365900046_SELL,2026.02.17 22:05:00,5,1,3,-0.56325286,-0.4124945099999999
1771922100025_SELL,2026.02.24 08:35:00,5,1,2,-1.15270961,-0.7574515
1772533800012_SELL,2026.03.03 10:30:00,5,1,3,1.54105937,0.4314701999999999
1772550600012_SELL,2026.03.03 15:10:00,5,1,1,-0.91580911,0.0
1772578200046_SELL,2026.03.03 22:50:00,5,1,2,0.03504556,-0.42157493999999995
1772601000125_SELL,2026.03.04 05:10:00,5,1,1,-0.63341229,0.0
1774248900012_SELL,2026.03.23 06:55:00,5,1,1,-1.03594935,0.0
1774250700030_SELL,2026.03.23 07:25:00,5,1,2,1.47991989,-0.10284613000000009
1774330800114_SELL,2026.03.24 05:40:00,5,1,3,-0.21449622,-0.28780914999999996
1774487100044_SELL,2026.03.26 01:05:00,5,1,1,-0.34398844,0.0
1774499700030_SELL,2026.03.26 04:35:00,5,1,3,-0.33386464,-0.66689888
1774509300030_SELL,2026.03.26 07:15:00,5,1,2,0.2145977,-0.39584266999999995
1774533300023_SELL,2026.03.26 13:55:00,5,1,2,-0.32791941,-0.44531462
1774536900013_SELL,2026.03.26 14:55:00,5,1,2,-0.67129646,-0.24709867999999996
1774578300027_SELL,2026.03.27 02:25:00,5,1,2,-0.74595894,-0.08699594
1778600100002_SELL,2026.05.12 15:35:00,5,1,1,-1.06551747,0.0
1778749800032_SELL,2026.05.14 09:10:00,5,1,3,-0.13422626,-0.38257533
1778829600067_SELL,2026.05.15 07:20:00,5,1,2,0.26869583,-0.17022067999999996
1778870100003_SELL,2026.05.15 18:35:00,5,1,1,0.17185139,0.0
1778883300079_SELL,2026.05.15 22:15:00,5,1,2,-0.22595928,-0.18889516
1779094800031_SELL,2026.05.18 09:00:00,5,1,1,-1.04806702,0.0
1779187500003_SELL,2026.05.19 10:45:00,5,1,1,-1.07396755,0.0
1779976200048_SELL,2026.05.28 13:50:00,5,1,2,-1.17653545,-0.10809897000000013
1779981600010_SELL,2026.05.28 15:20:00,5,1,2,-0.67495374,-1.11737726
1780305300197_SELL,2026.06.01 09:15:00,5,1,4,2.66356291,1.46185959
1780316700002_SELL,2026.06.01 12:25:00,5,1,3,2.37866359,0.97057007
1780327500017_SELL,2026.06.01 15:25:00,5,1,1,-1.10650551,0.0
1780329600032_SELL,2026.06.01 16:00:00,5,1,2,-0.33389947,-0.42123029999999995
1780353900068_SELL,2026.06.01 22:45:00,5,1,3,1.46438854,0.34136604000000004
1780368600011_SELL,2026.06.02 02:50:00,5,1,1,-1.1401937,0.0
1780372800001_SELL,2026.06.02 04:00:00,5,1,2,-1.16234379,-1.39151222
1780375200009_SELL,2026.06.02 04:40:00,5,1,2,0.37615252,-0.28214083
1780452000017_SELL,2026.06.03 02:00:00,5,1,2,-0.04075408,-0.44284484999999996
1780460100006_SELL,2026.06.03 04:15:00,5,1,2,0.2743225,-0.32675588
1780471800004_SELL,2026.06.03 07:30:00,5,1,3,2.05338109,0.5897220799999998
1780500300041_SELL,2026.06.03 15:25:00,5,1,3,1.38511612,0.26391067999999995
1780503900034_SELL,2026.06.03 16:25:00,5,1,2,-0.30053218,-0.45452099
1780510500038_SELL,2026.06.03 18:15:00,5,1,3,-0.010305039999999988,-0.28251315
1780535100018_SELL,2026.06.04 01:05:00,5,1,1,-1.10511272,0.0
1780650300042_SELL,2026.06.05 09:05:00,5,1,2,-0.13245842,-0.22771191
1780693500009_SELL,2026.06.05 21:05:00,5,1,3,2.2403351,0.8615391199999998
1780883400031_SELL,2026.06.08 01:50:00,5,1,3,0.59704541,0.18773310999999998
1780892100044_SELL,2026.06.08 04:15:00,5,1,4,-0.65434638,-1.22409555
1780904700039_SELL,2026.06.08 07:45:00,5,1,1,-1.10127293,0.0
1780916100039_SELL,2026.06.08 10:55:00,5,1,2,0.19446393,-0.10755980999999998
1781043300041_SELL,2026.06.09 22:15:00,5,1,4,0.01738746000000002,-0.34881036
1781087700145_SELL,2026.06.10 10:35:00,5,1,2,0.45666781,-0.18138200999999998
1781100300029_SELL,2026.06.10 14:05:00,5,1,1,-0.8559054,0.0
1781156400033_SELL,2026.06.11 05:40:00,5,1,3,1.23688774,0.15528977
1781178300012_SELL,2026.06.11 11:45:00,5,1,2,0.23294843,-0.20396627999999997
1781197800031_SELL,2026.06.11 17:10:00,5,1,2,-0.52849601,-0.40454817
1781207700011_SELL,2026.06.11 19:55:00,5,1,2,0.14497845,-0.34025755
1781580000011_SELL,2026.06.16 03:20:00,5,1,4,0.83482034,0.20885545000000005
1781586000015_SELL,2026.06.16 05:00:00,5,1,4,-0.4130944999999999,-0.6502792999999999
1781599200003_SELL,2026.06.16 08:40:00,5,1,1,-0.37000399,0.0
1781688000014_SELL,2026.06.17 09:20:00,5,1,2,-0.57365231,-0.35988596000000006
1781693700050_SELL,2026.06.17 10:55:00,5,1,2,-0.60696023,-0.3209043
1781706900042_SELL,2026.06.17 14:35:00,5,1,2,-0.45534644,-0.24554989000000002
1783337700009_SELL,2026.07.06 11:35:00,5,1,2,1.16364224,0.19291380999999996
1783351800022_SELL,2026.07.06 15:30:00,5,1,4,2.5904791,1.43966217
1783422000050_SELL,2026.07.07 11:00:00,5,1,1,-1.10147071,0.0
1783425600028_SELL,2026.07.07 12:00:00,5,1,1,-0.21628667,0.0
1783485000006_SELL,2026.07.08 04:30:00,5,1,3,-0.02512199999999999,-0.24125372
1783504500004_SELL,2026.07.08 09:55:00,5,1,2,0.64941767,-0.18428336
1783530600036_SELL,2026.07.08 17:10:00,5,1,3,0.68410131,-0.14221952000000004
1783560000085_SELL,2026.07.09 01:20:00,5,1,2,-0.09208653,-0.26592304
1783675800038_SELL,2026.07.10 09:30:00,5,1,2,-0.7034406,-0.39388028999999997
1783693800015_SELL,2026.07.10 14:30:00,5,1,3,0.20599318,-0.12631007
1783698000056_SELL,2026.07.10 15:40:00,5,1,3,-0.58301645,-0.40099344000000003
1783704900028_SELL,2026.07.10 17:35:00,5,1,1,-1.03899376,0.0
1783933200017_SELL,2026.07.13 09:00:00,5,1,2,-0.17655124,-0.17715843
1783948200078_SELL,2026.07.13 13:10:00,5,1,3,-0.80333675,-0.7961593600000001
1783960500078_SELL,2026.07.13 16:35:00,5,1,2,0.31950028,-0.23230541999999993
1783982400076_SELL,2026.07.13 22:40:00,5,1,1,-0.50087044,0.0
1783995600224_SELL,2026.07.14 02:20:00,5,1,2,0.004094370000000014,-0.51704836
1784002500017_SELL,2026.07.14 04:15:00,5,1,1,-1.04699558,0.0
1784003400048_SELL,2026.07.14 04:30:00,5,1,2,-0.39520062,-0.35156107000000003
1784111100010_SELL,2026.07.15 10:25:00,5,1,2,-0.46167135,-0.75008964
1786653000045_SELL,2026.08.13 20:30:00,5,1,3,-0.2752344,-0.45590502
1786673100025_SELL,2026.08.14 02:05:00,5,1,1,-1.09438299,0.0
1786695000009_SELL,2026.08.14 08:10:00,5,1,2,-0.25893363,-0.37569869
1787688600090_SELL,2026.08.25 20:10:00,5,1,1,-1.09939535,0.0
1787899200150_SELL,2026.08.28 06:40:00,5,1,2,-0.054397379999999995,-0.36710522
1769055300007_SELL,2026.01.22 04:15:00,5,1.5,2,0.13537821,-0.251311835
1769174100008_SELL,2026.01.23 13:15:00,5,1.5,2,-1.1997978299999998,-0.8859982799999999
1769469300010_SELL,2026.01.26 23:15:00,5,1.5,4,0.9384726999999999,0.04179901499999994
1769482200011_SELL,2026.01.27 02:50:00,5,1.5,2,-1.18110523,-0.09744502499999985
1769721300024_SELL,2026.01.29 21:15:00,5,1.5,1,-0.29696782,0.0
1769742000015_SELL,2026.01.30 03:00:00,5,1.5,3,2.6796475099999997,0.7580907099999996
1769760000047_SELL,2026.01.30 08:00:00,5,1.5,2,-0.6729825599999999,-0.2043629899999999
1769784600035_SELL,2026.01.30 14:50:00,5,1.5,1,-1.02742623,0.0
1769792400039_SELL,2026.01.30 17:00:00,5,1.5,3,0.5538999949999999,-0.25336164500000025
1769813100051_SELL,2026.01.30 22:45:00,5,1.5,2,0.28968366500000003,-0.30300526499999997
1769994300011_SELL,2026.02.02 01:05:00,5,1.5,3,3.04348695,0.8525109250000003
1770000900026_SELL,2026.02.02 02:55:00,5,1.5,3,-0.261260865,-1.051652025
1770008100047_SELL,2026.02.02 04:55:00,5,1.5,2,-0.027745985000000008,-0.612137985
1770060000091_SELL,2026.02.02 19:20:00,5,1.5,2,0.094004055,-0.19431669000000004
1770073200031_SELL,2026.02.02 23:00:00,5,1.5,2,-0.642779575,-0.1990697700000001
1770288900046_SELL,2026.02.05 10:55:00,5,1.5,2,1.0482171299999998,-0.2604262450000001
1770299400010_SELL,2026.02.05 13:50:00,5,1.5,3,-0.42649321,-0.617775885
1770311700035_SELL,2026.02.05 17:15:00,5,1.5,2,-0.15227997999999998,-0.04325715499999999
1770312300005_SELL,2026.02.05 17:25:00,5,1.5,3,0.92387321,0.415855395
1770324900011_SELL,2026.02.05 20:55:00,5,1.5,2,-0.121030295,-0.30969856
1770348000038_SELL,2026.02.06 03:20:00,5,1.5,2,-0.13895426,-0.27472116
1770700500091_SELL,2026.02.10 05:15:00,5,1.5,3,-0.66378647,-0.734006995
1770708000060_SELL,2026.02.10 07:20:00,5,1.5,4,-0.14653605499999994,-0.67243447
1770713700081_SELL,2026.02.10 08:55:00,5,1.5,1,-0.9370170200000001,0.0
1770754200012_SELL,2026.02.10 20:10:00,5,1.5,3,1.2358713099999998,0.1386762450000001
1770767100003_SELL,2026.02.10 23:45:00,5,1.5,2,-1.2934019650000002,-0.8258679000000002
1770871800022_SELL,2026.02.12 04:50:00,5,1.5,1,-0.853297325,0.0
1770892800280_SELL,2026.02.12 10:40:00,5,1.5,1,-0.46782736500000005,0.0
1770913800023_SELL,2026.02.12 16:30:00,5,1.5,1,-1.08332696,0.0
1770919800044_SELL,2026.02.12 18:10:00,5,1.5,4,24.471022565,12.772401254999998
1770934800047_SELL,2026.02.12 22:20:00,5,1.5,4,2.3707667949999998,1.1327749199999997
1770965700033_SELL,2026.02.13 06:55:00,5,1.5,1,-0.84557362,0.0
1770982200032_SELL,2026.02.13 11:30:00,5,1.5,1,-0.10655398999999999,0.0
1771292400019_SELL,2026.02.17 01:40:00,5,1.5,2,-1.00177728,-0.3122251599999999
1771303500080_SELL,2026.02.17 04:45:00,5,1.5,1,-0.54065704,0.0
1771305300049_SELL,2026.02.17 05:15:00,5,1.5,4,-0.679926595,-1.13240222
1771365900046_SELL,2026.02.17 22:05:00,5,1.5,3,-0.6444827799999999,-0.4666402599999999
1771922100025_SELL,2026.02.24 08:35:00,5,1.5,2,-1.216545095,-0.78934572
1772533800012_SELL,2026.03.03 10:30:00,5,1.5,3,1.46585164,0.381348145
1772550600012_SELL,2026.03.03 15:10:00,5,1.5,1,-0.926214475,0.0
1772578200046_SELL,2026.03.03 22:50:00,5,1.5,2,3.614999999999868e-05,-0.43905768999999994
1772601000125_SELL,2026.03.04 05:10:00,5,1.5,1,-0.651654755,0.0
1774248900012_SELL,2026.03.23 06:55:00,5,1.5,1,-1.0528366900000001,0.0
1774250700030_SELL,2026.03.23 07:25:00,5,1.5,2,1.44663569,-0.1194865850000002
1774330800114_SELL,2026.03.24 05:40:00,5,1.5,3,-0.25161247499999995,-0.31254658999999996
1774487100044_SELL,2026.03.26 01:05:00,5,1.5,1,-0.35926814,0.0
1774499700030_SELL,2026.03.26 04:35:00,5,1.5,3,-0.40402216999999996,-0.713646535
1774509300030_SELL,2026.03.26 07:15:00,5,1.5,2,0.12404863,-0.4411097749999999
1774533300023_SELL,2026.03.26 13:55:00,5,1.5,2,-0.36536608000000004,-0.46402784
1774536900013_SELL,2026.03.26 14:55:00,5,1.5,2,-0.7038547449999999,-0.26337254499999985
1774578300027_SELL,2026.03.27 02:25:00,5,1.5,2,-0.792026865,-0.11002913999999997
1778600100002_SELL,2026.05.12 15:35:00,5,1.5,1,-1.09782138,0.0
1778749800032_SELL,2026.05.14 09:10:00,5,1.5,3,-0.249827795,-0.459627595
1778829600067_SELL,2026.05.15 07:20:00,5,1.5,2,0.19254846000000003,-0.20827913499999995
1778870100003_SELL,2026.05.15 18:35:00,5,1.5,1,0.148960965,0.0
1778883300079_SELL,2026.05.15 22:15:00,5,1.5,2,-0.308209415,-0.23001801
1779094800031_SELL,2026.05.18 09:00:00,5,1.5,1,-1.0713837499999999,0.0
1779187500003_SELL,2026.05.19 10:45:00,5,1.5,1,-1.1081556250000002,0.0
1779976200048_SELL,2026.05.28 13:50:00,5,1.5,2,-1.24437723,-0.14201292500000018
1779981600010_SELL,2026.05.28 15:20:00,5,1.5,2,-0.75745749,-1.1585927699999998
1780305300197_SELL,2026.06.01 09:15:00,5,1.5,4,2.5203230999999997,1.3544565249999998
1780316700002_SELL,2026.06.01 12:25:00,5,1.5,3,2.263769175,0.8939821950000002
1780327500017_SELL,2026.06.01 15:25:00,5,1.5,1,-1.14822426,0.0
1780329600032_SELL,2026.06.01 16:00:00,5,1.5,2,-0.40412264,-0.45633354
1780353900068_SELL,2026.06.01 22:45:00,5,1.5,3,1.1986999600000001,0.16427206500000002
1780368600011_SELL,2026.06.02 02:50:00,5,1.5,1,-1.202078465,0.0
1780372800001_SELL,2026.06.02 04:00:00,5,1.5,2,-1.23884963,-1.429750795
1780375200009_SELL,2026.06.02 04:40:00,5,1.5,2,0.325131495,-0.307647555
1780452000017_SELL,2026.06.03 02:00:00,5,1.5,2,-0.13361632499999998,-0.48926727499999995
1780460100006_SELL,2026.06.03 04:15:00,5,1.5,2,0.21438091500000003,-0.35672067500000004
1780471800004_SELL,2026.06.03 07:30:00,5,1.5,3,1.8508769149999997,0.45474201999999986
1780500300041_SELL,2026.06.03 15:25:00,5,1.5,3,1.255344085,0.1774194200000001
1780503900034_SELL,2026.06.03 16:25:00,5,1.5,2,-0.35555806999999995,-0.48202444499999997
1780510500038_SELL,2026.06.03 18:15:00,5,1.5,3,-0.09295119499999999,-0.337596805
1780535100018_SELL,2026.06.04 01:05:00,5,1.5,1,-1.15235783,0.0
1780650300042_SELL,2026.06.05 09:05:00,5,1.5,2,-0.20709856499999998,-0.265028365
1780693500009_SELL,2026.06.05 21:05:00,5,1.5,3,2.15264628,0.8030931099999998
1780883400031_SELL,2026.06.08 01:50:00,5,1.5,3,0.53870537,0.1488449249999999
1780892100044_SELL,2026.06.08 04:15:00,5,1.5,4,-0.76332137,-1.3057829650000001
1780904700039_SELL,2026.06.08 07:45:00,5,1.5,1,-1.14034477,0.0
1780916100039_SELL,2026.06.08 10:55:00,5,1.5,2,0.14475374500000002,-0.13241409499999993
1781043300041_SELL,2026.06.09 22:15:00,5,1.5,4,-0.10860891,-0.443289545
1781087700145_SELL,2026.06.10 10:35:00,5,1.5,2,0.397204245,-0.21111099000000005
1781100300029_SELL,2026.06.10 14:05:00,5,1.5,1,-0.8789853650000001,0.0
1781156400033_SELL,2026.06.11 05:40:00,5,1.5,3,1.17952638,0.1170823299999999
1781178300012_SELL,2026.06.11 11:45:00,5,1.5,2,0.17729289000000004,-0.2317907549999999
1781197800031_SELL,2026.06.11 17:10:00,5,1.5,2,-0.55888059,-0.419731515
1781207700011_SELL,2026.06.11 19:55:00,5,1.5,2,0.09929586000000001,-0.363091595
1781580000011_SELL,2026.06.16 03:20:00,5,1.5,4,0.640645635,0.06324295000000002
1781586000015_SELL,2026.06.16 05:00:00,5,1.5,4,-0.544315665,-0.74867982
1781599200003_SELL,2026.06.16 08:40:00,5,1.5,1,-0.416935705,0.0
1781688000014_SELL,2026.06.17 09:20:00,5,1.5,2,-0.6590325100000001,-0.4025691950000001
1781693700050_SELL,2026.06.17 10:55:00,5,1.5,2,-0.70121676,-0.36802700999999993
1781706900042_SELL,2026.06.17 14:35:00,5,1.5,2,-0.57434857,-0.30504799499999996
1783337700009_SELL,2026.07.06 11:35:00,5,1.5,2,1.07796152,0.15009289999999997
1783351800022_SELL,2026.07.06 15:30:00,5,1.5,4,2.41726027,1.30977321
1783422000050_SELL,2026.07.07 11:00:00,5,1.5,1,-1.1446373850000002,0.0
1783425600028_SELL,2026.07.07 12:00:00,5,1.5,1,-0.25278255499999996,0.0
1783485000006_SELL,2026.07.08 04:30:00,5,1.5,3,-0.092269215,-0.28600573500000004
1783504500004_SELL,2026.07.08 09:55:00,5,1.5,2,0.5642444999999999,-0.22686751500000002
1783530600036_SELL,2026.07.08 17:10:00,5,1.5,3,0.6244373299999999,-0.18197594000000006
1783560000085_SELL,2026.07.09 01:20:00,5,1.5,2,-0.164945435,-0.302348245
1783675800038_SELL,2026.07.10 09:30:00,5,1.5,2,-0.78055002,-0.43242712999999994
1783693800015_SELL,2026.07.10 14:30:00,5,1.5,3,0.062103014999999984,-0.22222733
1783698000056_SELL,2026.07.10 15:40:00,5,1.5,3,-0.6740226250000001,-0.4616566250000001
1783704900028_SELL,2026.07.10 17:35:00,5,1.5,1,-1.057360015,0.0
1783933200017_SELL,2026.07.13 09:00:00,5,1.5,2,-0.22953273999999999,-0.20364613999999998
1783948200078_SELL,2026.07.13 13:10:00,5,1.5,3,-0.9661678600000001,-0.9046988900000001
1783960500078_SELL,2026.07.13 16:35:00,5,1.5,2,0.24618057000000004,-0.2689614349999999
1783982400076_SELL,2026.07.13 22:40:00,5,1.5,1,-0.5401146400000001,0.0
1783995600224_SELL,2026.07.14 02:20:00,5,1.5,2,-0.15620633499999997,-0.597190295
1784002500017_SELL,2026.07.14 04:15:00,5,1.5,1,-1.0682083599999999,0.0
1784003400048_SELL,2026.07.14 04:30:00,5,1.5,2,-0.44112349,-0.374515095
1784111100010_SELL,2026.07.15 10:25:00,5,1.5,2,-0.542985105,-0.790730705
1786653000045_SELL,2026.08.13 20:30:00,5,1.5,3,-0.395403255,-0.536005775
1786673100025_SELL,2026.08.14 02:05:00,5,1.5,1,-1.1350324299999999,0.0
1786695000009_SELL,2026.08.14 08:10:00,5,1.5,2,-0.399815705,-0.44613394
1787688600090_SELL,2026.08.25 20:10:00,5,1.5,1,-1.139068575,0.0
1787899200150_SELL,2026.08.28 06:40:00,5,1.5,2,-0.14794677999999997,-0.413873285
1769055300007_SELL,2026.01.22 04:15:00,5,2,2,0.09007752000000002,-0.27395773999999995
1769174100008_SELL,2026.01.23 13:15:00,5,2,2,-1.2832886899999998,-0.9277247699999998
1769469300010_SELL,2026.01.26 23:15:00,5,2,4,0.8684147799999999,-0.010714760000000045
1769482200011_SELL,2026.01.27 02:50:00,5,2,2,-1.2353148500000002,-0.12452651000000015
1769721300024_SELL,2026.01.29 21:15:00,5,2,1,-0.30615579,0.0
1769742000015_SELL,2026.01.30 03:00:00,5,2,3,2.64037964,0.7319487699999998
1769760000047_SELL,2026.01.30 08:00:00,5,2,2,-0.6992203499999999,-0.21747781
1769784600035_SELL,2026.01.30 14:50:00,5,2,1,-1.0363727900000002,0.0
1769792400039_SELL,2026.01.30 17:00:00,5,2,3,0.5348014699999999,-0.2660646400000002
1769813100051_SELL,2026.01.30 22:45:00,5,2,2,0.27686284000000005,-0.30940871000000003
1769994300011_SELL,2026.02.02 01:05:00,5,2,3,3.0249157,0.8401679000000004
1770000900026_SELL,2026.02.02 02:55:00,5,2,3,-0.27766508999999995,-1.0625584099999998
1770008100047_SELL,2026.02.02 04:55:00,5,2,2,-0.041448080000000005,-0.61897429
1770060000091_SELL,2026.02.02 19:20:00,5,2,2,0.08034474,-0.20114210000000002
1770073200031_SELL,2026.02.02 23:00:00,5,2,2,-0.6603887700000001,-0.20787007000000013
1770288900046_SELL,2026.02.05 10:55:00,5,2,2,1.01568654,-0.27668625
1770299400010_SELL,2026.02.05 13:50:00,5,2,3,-0.48065161,-0.65386937
1770311700035_SELL,2026.02.05 17:15:00,5,2,2,-0.16704841999999998,-0.05064102999999999
1770312300005_SELL,2026.02.05 17:25:00,5,2,3,0.9005659100000001,0.4003272000000001
1770324900011_SELL,2026.02.05 20:55:00,5,2,2,-0.14853597000000002,-0.32344469000000003
1770348000038_SELL,2026.02.06 03:20:00,5,2,2,-0.15130199,-0.28088869
1770700500091_SELL,2026.02.10 05:15:00,5,2,3,-0.73286724,-0.78004567
1770708000060_SELL,2026.02.10 07:20:00,5,2,4,-0.30108050999999997,-0.78831468
1770713700081_SELL,2026.02.10 08:55:00,5,2,1,-0.9670164700000001,0.0
1770754200012_SELL,2026.02.10 20:10:00,5,2,3,1.13786949,0.07336171000000014
1770767100003_SELL,2026.02.10 23:45:00,5,2,2,-1.3759745900000002,-0.8671388000000002
1770871800022_SELL,2026.02.12 04:50:00,5,2,1,-0.88626397,0.0
1770892800280_SELL,2026.02.12 10:40:00,5,2,1,-0.5102657500000001,0.0
1770913800023_SELL,2026.02.12 16:30:00,5,2,1,-1.10687535,0.0
1770919800044_SELL,2026.02.12 18:10:00,5,2,4,24.368876869999998,12.696042619999997
1770934800047_SELL,2026.02.12 22:20:00,5,2,4,2.28340715,1.06727861
1770965700033_SELL,2026.02.13 06:55:00,5,2,1,-0.87957534,0.0
1770982200032_SELL,2026.02.13 11:30:00,5,2,1,-0.13547119,0.0
1771292400019_SELL,2026.02.17 01:40:00,5,2,2,-1.0753179,-0.3489931099999999
1771303500080_SELL,2026.02.17 04:45:00,5,2,1,-0.58317582,0.0
1771305300049_SELL,2026.02.17 05:15:00,5,2,4,-0.84704212,-1.2577236200000002
1771365900046_SELL,2026.02.17 22:05:00,5,2,3,-0.7257126999999999,-0.5207860099999999
1771922100025_SELL,2026.02.24 08:35:00,5,2,2,-1.28038058,-0.8212399400000001
1772533800012_SELL,2026.03.03 10:30:00,5,2,3,1.3906439099999999,0.3312260899999999
1772550600012_SELL,2026.03.03 15:10:00,5,2,1,-0.93661984,0.0
1772578200046_SELL,2026.03.03 22:50:00,5,2,2,-0.03497325999999999,-0.45654044
1772601000125_SELL,2026.03.04 05:10:00,5,2,1,-0.66989722,0.0
1774248900012_SELL,2026.03.23 06:55:00,5,2,1,-1.0697240300000002,0.0
1774250700030_SELL,2026.03.23 07:25:00,5,2,2,1.4133514899999997,-0.1361270400000003
1774330800114_SELL,2026.03.24 05:40:00,5,2,3,-0.28872873,-0.33728402999999996
1774487100044_SELL,2026.03.26 01:05:00,5,2,1,-0.37454784,0.0
1774499700030_SELL,2026.03.26 04:35:00,5,2,3,-0.4741797,-0.76039419
1774509300030_SELL,2026.03.26 07:15:00,5,2,2,0.033499559999999984,-0.4863768799999999
1774533300023_SELL,2026.03.26 13:55:00,5,2,2,-0.40281275000000005,-0.48274106000000006
1774536900013_SELL,2026.03.26 14:55:00,5,2,2,-0.7364130299999999,-0.27964640999999985
1774578300027_SELL,2026.03.27 02:25:00,5,2,2,-0.8380947899999999,-0.13306233999999995
1778600100002_SELL,2026.05.12 15:35:00,5,2,1,-1.13012529,0.0
1778749800032_SELL,2026.05.14 09:10:00,5,2,3,-0.36542933,-0.53667986
1778829600067_SELL,2026.05.15 07:20:00,5,2,2,0.11640109000000004,-0.24633758999999994
1778870100003_SELL,2026.05.15 18:35:00,5,2,1,0.12607053999999998,0.0
1778883300079_SELL,2026.05.15 22:15:00,5,2,2,-0.39045955,-0.27114086
1779094800031_SELL,2026.05.18 09:00:00,5,2,1,-1.09470048,0.0
1779187500003_SELL,2026.05.19 10:45:00,5,2,1,-1.1423437000000003,0.0
1779976200048_SELL,2026.05.28 13:50:00,5,2,2,-1.3122190100000002,-0.17592688000000045
1779981600010_SELL,2026.05.28 15:20:00,5,2,2,-0.8399612399999999,-1.19980828
1780305300197_SELL,2026.06.01 09:15:00,5,2,4,2.37708329,1.2470534599999998
1780316700002_SELL,2026.06.01 12:25:00,5,2,3,2.14887476,0.81739432
1780327500017_SELL,2026.06.01 15:25:00,5,2,1,-1.1899430100000001,0.0
1780329600032_SELL,2026.06.01 16:00:00,5,2,2,-0.47434581,-0.49143677999999996
1780353900068_SELL,2026.06.01 22:45:00,5,2,3,0.9330113800000002,-0.012821909999999992
1780368600011_SELL,2026.06.02 02:50:00,5,2,1,-1.2639632299999999,0.0
1780372800001_SELL,2026.06.02 04:00:00,5,2,2,-1.31535547,-1.4679893700000002
1780375200009_SELL,2026.06.02 04:40:00,5,2,2,0.27411047,-0.33315428
1780452000017_SELL,2026.06.03 02:00:00,5,2,2,-0.22647857,-0.5356896999999999
1780460100006_SELL,2026.06.03 04:15:00,5,2,2,0.15443933000000004,-0.38668547000000003
1780471800004_SELL,2026.06.03 07:30:00,5,2,3,1.6483727399999997,0.3197619599999997
1780500300041_SELL,2026.06.03 15:25:00,5,2,3,1.12557205,0.09092816000000004
1780503900034_SELL,2026.06.03 16:25:00,5,2,2,-0.41058395999999997,-0.5095278999999999
1780510500038_SELL,2026.06.03 18:15:00,5,2,3,-0.17559734999999999,-0.39268046
1780535100018_SELL,2026.06.04 01:05:00,5,2,1,-1.19960294,0.0
1780650300042_SELL,2026.06.05 09:05:00,5,2,2,-0.28173870999999995,-0.30234481999999996
1780693500009_SELL,2026.06.05 21:05:00,5,2,3,2.0649574599999996,0.7446470999999995
1780883400031_SELL,2026.06.08 01:50:00,5,2,3,0.48036533000000003,0.10995674
1780892100044_SELL,2026.06.08 04:15:00,5,2,4,-0.87229636,-1.38747038
1780904700039_SELL,2026.06.08 07:45:00,5,2,1,-1.1794166099999999,0.0
1780916100039_SELL,2026.06.08 10:55:00,5,2,2,0.09504356000000003,-0.15726837999999993
1781043300041_SELL,2026.06.09 22:15:00,5,2,4,-0.23460527999999997,-0.53776873
1781087700145_SELL,2026.06.10 10:35:00,5,2,2,0.33774068,-0.24083997000000001
1781100300029_SELL,2026.06.10 14:05:00,5,2,1,-0.9020653300000001,0.0
1781156400033_SELL,2026.06.11 05:40:00,5,2,3,1.12216502,0.07887488999999981
1781178300012_SELL,2026.06.11 11:45:00,5,2,2,0.12163735000000003,-0.2596152299999999
1781197800031_SELL,2026.06.11 17:10:00,5,2,2,-0.58926517,-0.43491486
1781207700011_SELL,2026.06.11 19:55:00,5,2,2,0.05361327000000002,-0.38592563999999996
1781580000011_SELL,2026.06.16 03:20:00,5,2,4,0.44647093000000004,-0.0823695499999999
1781586000015_SELL,2026.06.16 05:00:00,5,2,4,-0.6755368299999999,-0.8470803399999999
1781599200003_SELL,2026.06.16 08:40:00,5,2,1,-0.46386742000000003,0.0
1781688000014_SELL,2026.06.17 09:20:00,5,2,2,-0.7444127100000001,-0.4452524300000001
1781693700050_SELL,2026.06.17 10:55:00,5,2,2,-0.79547329,-0.41514971999999994
1781706900042_SELL,2026.06.17 14:35:00,5,2,2,-0.6933507000000001,-0.3645461000000001
1783337700009_SELL,2026.07.06 11:35:00,5,2,2,0.9922807999999999,0.10727198999999987
1783351800022_SELL,2026.07.06 15:30:00,5,2,4,2.24404144,1.1798842500000002
1783422000050_SELL,2026.07.07 11:00:00,5,2,1,-1.1878040600000002,0.0
1783425600028_SELL,2026.07.07 12:00:00,5,2,1,-0.28927843999999997,0.0
1783485000006_SELL,2026.07.08 04:30:00,5,2,3,-0.15941643,-0.33075775
1783504500004_SELL,2026.07.08 09:55:00,5,2,2,0.4790713299999999,-0.26945167000000003
1783530600036_SELL,2026.07.08 17:10:00,5,2,3,0.56477335,-0.22173236000000007
1783560000085_SELL,2026.07.09 01:20:00,5,2,2,-0.23780434,-0.33877345000000003
1783675800038_SELL,2026.07.10 09:30:00,5,2,2,-0.8576594399999999,-0.47097396999999996
1783693800015_SELL,2026.07.10 14:30:00,5,2,3,-0.08178715000000003,-0.31814459
1783698000056_SELL,2026.07.10 15:40:00,5,2,3,-0.7650288000000001,-0.52231981
1783704900028_SELL,2026.07.10 17:35:00,5,2,1,-1.07572627,0.0
1783933200017_SELL,2026.07.13 09:00:00,5,2,2,-0.28251424,-0.23013385000000003
1783948200078_SELL,2026.07.13 13:10:00,5,2,3,-1.12899897,-1.01323842
1783960500078_SELL,2026.07.13 16:35:00,5,2,2,0.17286086000000006,-0.3056174499999999
1783982400076_SELL,2026.07.13 22:40:00,5,2,1,-0.57935884,0.0
1783995600224_SELL,2026.07.14 02:20:00,5,2,2,-0.31650703999999996,-0.67733223
1784002500017_SELL,2026.07.14 04:15:00,5,2,1,-1.0894211399999998,0.0
1784003400048_SELL,2026.07.14 04:30:00,5,2,2,-0.48704636,-0.39746912
1784111100010_SELL,2026.07.15 10:25:00,5,2,2,-0.6242988599999999,-0.83137177
1786653000045_SELL,2026.08.13 20:30:00,5,2,3,-0.5155721099999999,-0.6161065299999999
1786673100025_SELL,2026.08.14 02:05:00,5,2,1,-1.1756818699999998,0.0
1786695000009_SELL,2026.08.14 08:10:00,5,2,2,-0.5406977800000001,-0.5165691900000001
1787688600090_SELL,2026.08.25 20:10:00,5,2,1,-1.1787418,0.0
1787899200150_SELL,2026.08.28 06:40:00,5,2,2,-0.24149617999999998,-0.46064135000000006
1769055300007_SELL,2026.01.22 04:15:00,5,2.5,2,0.044776830000000045,-0.2966036449999999
1769174100008_SELL,2026.01.23 13:15:00,5,2.5,2,-1.3667795499999997,-0.9694512599999998
1769469300010_SELL,2026.01.26 23:15:00,5,2.5,4,0.79835686,-0.06322853500000003
1769482200011_SELL,2026.01.27 02:50:00,5,2.5,2,-1.2895244700000004,-0.15160799500000044
1769721300024_SELL,2026.01.29 21:15:00,5,2.5,1,-0.31534376,0.0
1769742000015_SELL,2026.01.30 03:00:00,5,2.5,3,2.60111177,0.70580683
1769760000047_SELL,2026.01.30 08:00:00,5,2.5,2,-0.72545814,-0.23059263000000008
1769784600035_SELL,2026.01.30 14:50:00,5,2.5,1,-1.0453193500000002,0.0
1769792400039_SELL,2026.01.30 17:00:00,5,2.5,3,0.5157029449999999,-0.2787676350000001
1769813100051_SELL,2026.01.30 22:45:00,5,2.5,2,0.2640420150000001,-0.3158121550000001
1769994300011_SELL,2026.02.02 01:05:00,5,2.5,3,3.0063444500000003,0.8278248750000006
1770000900026_SELL,2026.02.02 02:55:00,5,2.5,3,-0.294069315,-1.0734647949999998
1770008100047_SELL,2026.02.02 04:55:00,5,2.5,2,-0.055150175,-0.625810595
1770060000091_SELL,2026.02.02 19:20:00,5,2.5,2,0.06668542499999999,-0.20796751
1770073200031_SELL,2026.02.02 23:00:00,5,2.5,2,-0.6779979650000001,-0.21667037000000017
1770288900046_SELL,2026.02.05 10:55:00,5,2.5,2,0.9831559499999999,-0.29294625500000004
1770299400010_SELL,2026.02.05 13:50:00,5,2.5,3,-0.53481001,-0.6899628549999999
1770311700035_SELL,2026.02.05 17:15:00,5,2.5,2,-0.18181685999999997,-0.05802490499999999
1770312300005_SELL,2026.02.05 17:25:00,5,2.5,3,0.8772586100000002,0.3847990050000002
1770324900011_SELL,2026.02.05 20:55:00,5,2.5,2,-0.17604164500000002,-0.33719082000000006
1770348000038_SELL,2026.02.06 03:20:00,5,2.5,2,-0.16364971999999997,-0.28705622
1770700500091_SELL,2026.02.10 05:15:00,5,2.5,3,-0.80194801,-0.826084345
1770708000060_SELL,2026.02.10 07:20:00,5,2.5,4,-0.455624965,-0.9041948900000001
1770713700081_SELL,2026.02.10 08:55:00,5,2.5,1,-0.9970159200000002,0.0
1770754200012_SELL,2026.02.10 20:10:00,5,2.5,3,1.03986767,0.008047175000000184
1770767100003_SELL,2026.02.10 23:45:00,5,2.5,2,-1.4585472150000003,-0.9084097000000003
1770871800022_SELL,2026.02.12 04:50:00,5,2.5,1,-0.919230615,0.0
1770892800280_SELL,2026.02.12 10:40:00,5,2.5,1,-0.5527041350000002,0.0
1770913800023_SELL,2026.02.12 16:30:00,5,2.5,1,-1.13042374,0.0
1770919800044_SELL,2026.02.12 18:10:00,5,2.5,4,24.266731174999997,12.619683984999995
1770934800047_SELL,2026.02.12 22:20:00,5,2.5,4,2.196047505,1.0017823000000003
1770965700033_SELL,2026.02.13 06:55:00,5,2.5,1,-0.91357706,0.0
1770982200032_SELL,2026.02.13 11:30:00,5,2.5,1,-0.16438839,0.0
1771292400019_SELL,2026.02.17 01:40:00,5,2.5,2,-1.14885852,-0.3857610600000001
1771303500080_SELL,2026.02.17 04:45:00,5,2.5,1,-0.6256946,0.0
1771305300049_SELL,2026.02.17 05:15:00,5,2.5,4,-1.014157645,-1.38304502
1771365900046_SELL,2026.02.17 22:05:00,5,2.5,3,-0.8069426199999998,-0.5749317599999998
1771922100025_SELL,2026.02.24 08:35:00,5,2.5,2,-1.3442160650000001,-0.8531341600000002
1772533800012_SELL,2026.03.03 10:30:00,5,2.5,3,1.3154361799999998,0.2811040349999998
1772550600012_SELL,2026.03.03 15:10:00,5,2.5,1,-0.947025205,0.0
1772578200046_SELL,2026.03.03 22:50:00,5,2.5,2,-0.06998266999999998,-0.47402319
1772601000125_SELL,2026.03.04 05:10:00,5,2.5,1,-0.6881396849999999,0.0
1774248900012_SELL,2026.03.23 06:55:00,5,2.5,1,-1.0866113700000002,0.0
1774250700030_SELL,2026.03.23 07:25:00,5,2.5,2,1.3800672899999995,-0.15276749500000042
1774330800114_SELL,2026.03.24 05:40:00,5,2.5,3,-0.3258449849999999,-0.3620214699999999
1774487100044_SELL,2026.03.26 01:05:00,5,2.5,1,-0.38982754000000003,0.0
1774499700030_SELL,2026.03.26 04:35:00,5,2.5,3,-0.54433723,-0.807141845
1774509300030_SELL,2026.03.26 07:15:00,5,2.5,2,-0.057049510000000025,-0.5316439849999999
1774533300023_SELL,2026.03.26 13:55:00,5,2.5,2,-0.44025942000000007,-0.50145428
1774536900013_SELL,2026.03.26 14:55:00,5,2.5,2,-0.7689713149999999,-0.29592027499999984
1774578300027_SELL,2026.03.27 02:25:00,5,2.5,2,-0.8841627149999998,-0.15609553999999992
1778600100002_SELL,2026.05.12 15:35:00,5,2.5,1,-1.1624292,0.0
1778749800032_SELL,2026.05.14 09:10:00,5,2.5,3,-0.4810308649999999,-0.613732125
1778829600067_SELL,2026.05.15 07:20:00,5,2.5,2,0.04025372000000005,-0.28439604499999993
1778870100003_SELL,2026.05.15 18:35:00,5,2.5,1,0.10318011499999998,0.0
1778883300079_SELL,2026.05.15 22:15:00,5,2.5,2,-0.472709685,-0.31226370999999997
1779094800031_SELL,2026.05.18 09:00:00,5,2.5,1,-1.11801721,0.0
1779187500003_SELL,2026.05.19 10:45:00,5,2.5,1,-1.1765317750000004,0.0
1779976200048_SELL,2026.05.28 13:50:00,5,2.5,2,-1.3800607900000004,-0.20984083500000072
1779981600010_SELL,2026.05.28 15:20:00,5,2.5,2,-0.9224649899999999,-1.2410237899999998
1780305300197_SELL,2026.06.01 09:15:00,5,2.5,4,2.23384348,1.1396503949999999
1780316700002_SELL,2026.06.01 12:25:00,5,2.5,3,2.033980345,0.7408064449999998
1780327500017_SELL,2026.06.01 15:25:00,5,2.5,1,-1.2316617600000002,0.0
1780329600032_SELL,2026.06.01 16:00:00,5,2.5,2,-0.54456898,-0.5265400199999999
1780353900068_SELL,2026.06.01 22:45:00,5,2.5,3,0.6673228000000002,-0.189915885
1780368600011_SELL,2026.06.02 02:50:00,5,2.5,1,-1.3258479949999997,0.0
1780372800001_SELL,2026.06.02 04:00:00,5,2.5,2,-1.3918613100000001,-1.506227945
1780375200009_SELL,2026.06.02 04:40:00,5,2.5,2,0.223089445,-0.35866100500000003
1780452000017_SELL,2026.06.03 02:00:00,5,2.5,2,-0.319340815,-0.5821121249999999
1780460100006_SELL,2026.06.03 04:15:00,5,2.5,2,0.09449774500000002,-0.4166502650000001
1780471800004_SELL,2026.06.03 07:30:00,5,2.5,3,1.4458685649999996,0.1847818999999995
1780500300041_SELL,2026.06.03 15:25:00,5,2.5,3,0.9958000149999999,0.004436900000000077
1780503900034_SELL,2026.06.03 16:25:00,5,2.5,2,-0.46560985,-0.537031355
1780510500038_SELL,2026.06.03 18:15:00,5,2.5,3,-0.258243505,-0.447764115
1780535100018_SELL,2026.06.04 01:05:00,5,2.5,1,-1.2468480499999999,0.0
1780650300042_SELL,2026.06.05 09:05:00,5,2.5,2,-0.35637885499999994,-0.3396612749999999
1780693500009_SELL,2026.06.05 21:05:00,5,2.5,3,1.9772686399999995,0.6862010899999993
1780883400031_SELL,2026.06.08 01:50:00,5,2.5,3,0.42202529000000005,0.07106855500000003
1780892100044_SELL,2026.06.08 04:15:00,5,2.5,4,-0.98127135,-1.469157795
1780904700039_SELL,2026.06.08 07:45:00,5,2.5,1,-1.2184884499999997,0.0
1780916100039_SELL,2026.06.08 10:55:00,5,2.5,2,0.04533337500000004,-0.1821226649999999
1781043300041_SELL,2026.06.09 22:15:00,5,2.5,4,-0.36060164999999994,-0.632247915
1781087700145_SELL,2026.06.10 10:35:00,5,2.5,2,0.278277115,-0.27056895
1781100300029_SELL,2026.06.10 14:05:00,5,2.5,1,-0.9251452950000001,0.0
1781156400033_SELL,2026.06.11 05:40:00,5,2.5,3,1.06480366,0.040667449999999716
1781178300012_SELL,2026.06.11 11:45:00,5,2.5,2,0.06598181000000003,-0.28743970499999993
1781197800031_SELL,2026.06.11 17:10:00,5,2.5,2,-0.61964975,-0.450098205
1781207700011_SELL,2026.06.11 19:55:00,5,2.5,2,0.007930680000000023,-0.408759685
1781580000011_SELL,2026.06.16 03:20:00,5,2.5,4,0.25229622500000004,-0.22798204999999988
1781586000015_SELL,2026.06.16 05:00:00,5,2.5,4,-0.8067579949999998,-0.9454808599999998
1781599200003_SELL,2026.06.16 08:40:00,5,2.5,1,-0.5107991350000001,0.0
1781688000014_SELL,2026.06.17 09:20:00,5,2.5,2,-0.8297929100000001,-0.4879356650000001
1781693700050_SELL,2026.06.17 10:55:00,5,2.5,2,-0.88972982,-0.46227242999999996
1781706900042_SELL,2026.06.17 14:35:00,5,2.5,2,-0.81235283,-0.424044205
1783337700009_SELL,2026.07.06 11:35:00,5,2.5,2,0.9066000799999998,0.06445107999999977
1783351800022_SELL,2026.07.06 15:30:00,5,2.5,4,2.0708226100000005,1.0499952900000005
1783422000050_SELL,2026.07.07 11:00:00,5,2.5,1,-1.230970735,0.0
1783425600028_SELL,2026.07.07 12:00:00,5,2.5,1,-0.325774325,0.0
1783485000006_SELL,2026.07.08 04:30:00,5,2.5,3,-0.22656364499999998,-0.375509765
1783504500004_SELL,2026.07.08 09:55:00,5,2.5,2,0.3938981599999999,-0.31203582500000004
1783530600036_SELL,2026.07.08 17:10:00,5,2.5,3,0.50510937,-0.2614887800000001
1783560000085_SELL,2026.07.09 01:20:00,5,2.5,2,-0.31066324500000003,-0.37519865500000005
1783675800038_SELL,2026.07.10 09:30:00,5,2.5,2,-0.9347688599999999,-0.5095208099999999
1783693800015_SELL,2026.07.10 14:30:00,5,2.5,3,-0.225677315,-0.41406184999999995
1783698000056_SELL,2026.07.10 15:40:00,5,2.5,3,-0.856034975,-0.5829829950000001
1783704900028_SELL,2026.07.10 17:35:00,5,2.5,1,-1.0940925250000002,0.0
1783933200017_SELL,2026.07.13 09:00:00,5,2.5,2,-0.33549574000000004,-0.25662156
1783948200078_SELL,2026.07.13 13:10:00,5,2.5,3,-1.2918300800000002,-1.1217779500000002
1783960500078_SELL,2026.07.13 16:35:00,5,2.5,2,0.09954115000000008,-0.3422734649999999
1783982400076_SELL,2026.07.13 22:40:00,5,2.5,1,-0.61860304,0.0
1783995600224_SELL,2026.07.14 02:20:00,5,2.5,2,-0.476807745,-0.7574741650000001
1784002500017_SELL,2026.07.14 04:15:00,5,2.5,1,-1.1106339199999997,0.0
1784003400048_SELL,2026.07.14 04:30:00,5,2.5,2,-0.53296923,-0.420423145
1784111100010_SELL,2026.07.15 10:25:00,5,2.5,2,-0.7056126149999999,-0.872012835
1786653000045_SELL,2026.08.13 20:30:00,5,2.5,3,-0.6357409649999999,-0.6962072849999998
1786673100025_SELL,2026.08.14 02:05:00,5,2.5,1,-1.2163313099999997,0.0
1786695000009_SELL,2026.08.14 08:10:00,5,2.5,2,-0.6815798550000002,-0.5870044400000002
1787688600090_SELL,2026.08.25 20:10:00,5,2.5,1,-1.218415025,0.0
1787899200150_SELL,2026.08.28 06:40:00,5,2.5,2,-0.33504557999999995,-0.507409415
1769055300007_SELL,2026.01.22 04:15:00,5,3,2,-0.0005238599999999871,-0.31924954999999994
1769174100008_SELL,2026.01.23 13:15:00,5,3,2,-1.4502704099999997,-1.0111777499999997
1769469300010_SELL,2026.01.26 23:15:00,5,3,4,0.72829894,-0.11574231000000001
1769482200011_SELL,2026.01.27 02:50:00,5,3,2,-1.3437340900000003,-0.1786894800000003
1769721300024_SELL,2026.01.29 21:15:00,5,3,1,-0.32453172999999996,0.0
1769742000015_SELL,2026.01.30 03:00:00,5,3,3,2.5618439,0.6796648899999997
1769760000047_SELL,2026.01.30 08:00:00,5,3,2,-0.7516959299999999,-0.24370745000000005
1769784600035_SELL,2026.01.30 14:50:00,5,3,1,-1.0542659100000003,0.0
1769792400039_SELL,2026.01.30 17:00:00,5,3,3,0.4966044199999998,-0.2914706300000003
1769813100051_SELL,2026.01.30 22:45:00,5,3,2,0.2512211900000001,-0.32221560000000005
1769994300011_SELL,2026.02.02 01:05:00,5,3,3,2.9877732000000004,0.8154818500000007
1770000900026_SELL,2026.02.02 02:55:00,5,3,3,-0.31047353999999994,-1.0843711799999998
1770008100047_SELL,2026.02.02 04:55:00,5,3,2,-0.06885227000000001,-0.6326469000000001
1770060000091_SELL,2026.02.02 19:20:00,5,3,2,0.05302611,-0.21479292
1770073200031_SELL,2026.02.02 23:00:00,5,3,2,-0.6956071600000001,-0.2254706700000002
1770288900046_SELL,2026.02.05 10:55:00,5,3,2,0.9506253599999999,-0.30920626000000007
1770299400010_SELL,2026.02.05 13:50:00,5,3,3,-0.58896841,-0.72605634
1770311700035_SELL,2026.02.05 17:15:00,5,3,2,-0.19658529999999996,-0.06540878
1770312300005_SELL,2026.02.05 17:25:00,5,3,3,0.8539513100000001,0.36927081000000017
1770324900011_SELL,2026.02.05 20:55:00,5,3,2,-0.20354731999999998,-0.35093695
1770348000038_SELL,2026.02.06 03:20:00,5,3,2,-0.17599744999999997,-0.29322375
1770700500091_SELL,2026.02.10 05:15:00,5,3,3,-0.8710287800000001,-0.8721230200000001
1770708000060_SELL,2026.02.10 07:20:00,5,3,4,-0.6101694199999999,-1.0200751
1770713700081_SELL,2026.02.10 08:55:00,5,3,1,-1.0270153700000002,0.0
1770754200012_SELL,2026.02.10 20:10:00,5,3,3,0.9418658499999999,-0.05726735999999977
1770767100003_SELL,2026.02.10 23:45:00,5,3,2,-1.5411198400000004,-0.9496806000000004
1770871800022_SELL,2026.02.12 04:50:00,5,3,1,-0.95219726,0.0
1770892800280_SELL,2026.02.12 10:40:00,5,3,1,-0.5951425200000001,0.0
1770913800023_SELL,2026.02.12 16:30:00,5,3,1,-1.1539721299999999,0.0
1770919800044_SELL,2026.02.12 18:10:00,5,3,4,24.164585479999996,12.543325349999995
1770934800047_SELL,2026.02.12 22:20:00,5,3,4,2.10868786,0.93628599
1770965700033_SELL,2026.02.13 06:55:00,5,3,1,-0.9475787800000001,0.0
1770982200032_SELL,2026.02.13 11:30:00,5,3,1,-0.19330558999999997,0.0
1771292400019_SELL,2026.02.17 01:40:00,5,3,2,-1.22239914,-0.42252901
1771303500080_SELL,2026.02.17 04:45:00,5,3,1,-0.6682133800000001,0.0
1771305300049_SELL,2026.02.17 05:15:00,5,3,4,-1.18127317,-1.5083664200000002
1771365900046_SELL,2026.02.17 22:05:00,5,3,3,-0.8881725399999999,-0.6290775099999999
1771922100025_SELL,2026.02.24 08:35:00,5,3,2,-1.4080515500000002,-0.8850283800000002
1772533800012_SELL,2026.03.03 10:30:00,5,3,3,1.2402284499999998,0.23098197999999992
1772550600012_SELL,2026.03.03 15:10:00,5,3,1,-0.95743057,0.0
1772578200046_SELL,2026.03.03 22:50:00,5,3,2,-0.10499208,-0.49150594
1772601000125_SELL,2026.03.04 05:10:00,5,3,1,-0.7063821499999999,0.0
1774248900012_SELL,2026.03.23 06:55:00,5,3,1,-1.1034987100000002,0.0
1774250700030_SELL,2026.03.23 07:25:00,5,3,2,1.3467830899999995,-0.16940795000000053
1774330800114_SELL,2026.03.24 05:40:00,5,3,3,-0.36296123999999996,-0.38675890999999996
1774487100044_SELL,2026.03.26 01:05:00,5,3,1,-0.40510724000000004,0.0
1774499700030_SELL,2026.03.26 04:35:00,5,3,3,-0.6144947599999999,-0.8538895
1774509300030_SELL,2026.03.26 07:15:00,5,3,2,-0.14759858000000003,-0.5769110899999998
1774533300023_SELL,2026.03.26 13:55:00,5,3,2,-0.4777060900000001,-0.5201675000000001
1774536900013_SELL,2026.03.26 14:55:00,5,3,2,-0.8015295999999998,-0.31219413999999973
1774578300027_SELL,2026.03.27 02:25:00,5,3,2,-0.9302306399999998,-0.1791287399999999
1778600100002_SELL,2026.05.12 15:35:00,5,3,1,-1.19473311,0.0
1778749800032_SELL,2026.05.14 09:10:00,5,3,3,-0.5966324,-0.6907843899999999
1778829600067_SELL,2026.05.15 07:20:00,5,3,2,-0.035893649999999944,-0.3224544999999999
1778870100003_SELL,2026.05.15 18:35:00,5,3,1,0.08028968999999997,0.0
1778883300079_SELL,2026.05.15 22:15:00,5,3,2,-0.55495982,-0.35338656
1779094800031_SELL,2026.05.18 09:00:00,5,3,1,-1.14133394,0.0
1779187500003_SELL,2026.05.19 10:45:00,5,3,1,-1.2107198500000005,0.0
1779976200048_SELL,2026.05.28 13:50:00,5,3,2,-1.4479025700000003,-0.24375479000000078
1779981600010_SELL,2026.05.28 15:20:00,5,3,2,-1.0049687399999998,-1.2822392999999999
1780305300197_SELL,2026.06.01 09:15:00,5,3,4,2.0906036699999997,1.0322473299999997
1780316700002_SELL,2026.06.01 12:25:00,5,3,3,1.91908593,0.6642185700000001
1780327500017_SELL,2026.06.01 15:25:00,5,3,1,-1.2733805100000002,0.0
1780329600032_SELL,2026.06.01 16:00:00,5,3,2,-0.6147921499999999,-0.5616432599999999
1780353900068_SELL,2026.06.01 22:45:00,5,3,3,0.40163422000000026,-0.36700986
1780368600011_SELL,2026.06.02 02:50:00,5,3,1,-1.3877327599999998,0.0
1780372800001_SELL,2026.06.02 04:00:00,5,3,2,-1.4683671500000002,-1.54446652
1780375200009_SELL,2026.06.02 04:40:00,5,3,2,0.17206842,-0.38416773000000004
1780452000017_SELL,2026.06.03 02:00:00,5,3,2,-0.41220305999999995,-0.6285345499999999
1780460100006_SELL,2026.06.03 04:15:00,5,3,2,0.03455616000000006,-0.44661506000000006
1780471800004_SELL,2026.06.03 07:30:00,5,3,3,1.2433643899999995,0.04980183999999954
1780500300041_SELL,2026.06.03 15:25:00,5,3,3,0.8660279799999999,-0.08205435999999988
1780503900034_SELL,2026.06.03 16:25:00,5,3,2,-0.5206357399999999,-0.5645348099999999
1780510500038_SELL,2026.06.03 18:15:00,5,3,3,-0.34088966,-0.50284777
1780535100018_SELL,2026.06.04 01:05:00,5,3,1,-1.2940931599999999,0.0
1780650300042_SELL,2026.06.05 09:05:00,5,3,2,-0.43101899999999993,-0.3769777299999999
1780693500009_SELL,2026.06.05 21:05:00,5,3,3,1.8895798199999994,0.6277550799999991
1780883400031_SELL,2026.06.08 01:50:00,5,3,3,0.36368525000000007,0.032180370000000014
1780892100044_SELL,2026.06.08 04:15:00,5,3,4,-1.09024634,-1.5508452099999999
1780904700039_SELL,2026.06.08 07:45:00,5,3,1,-1.2575602899999998,0.0
1780916100039_SELL,2026.06.08 10:55:00,5,3,2,-0.004376809999999953,-0.20697694999999988
1781043300041_SELL,2026.06.09 22:15:00,5,3,4,-0.48659802,-0.7267271
1781087700145_SELL,2026.06.10 10:35:00,5,3,2,0.21881355000000002,-0.30029793000000005
1781100300029_SELL,2026.06.10 14:05:00,5,3,1,-0.9482252600000002,0.0
1781156400033_SELL,2026.06.11 05:40:00,5,3,3,1.0074423,0.002460009999999624
1781178300012_SELL,2026.06.11 11:45:00,5,3,2,0.010326270000000082,-0.31526417999999984
1781197800031_SELL,2026.06.11 17:10:00,5,3,2,-0.65003433,-0.46528155
1781207700011_SELL,2026.06.11 19:55:00,5,3,2,-0.03775190999999997,-0.43159373
1781580000011_SELL,2026.06.16 03:20:00,5,3,4,0.05812152000000004,-0.37359454999999986
1781586000015_SELL,2026.06.16 05:00:00,5,3,4,-0.9379791599999998,-1.0438813799999997
1781599200003_SELL,2026.06.16 08:40:00,5,3,1,-0.55773085,0.0
1781688000014_SELL,2026.06.17 09:20:00,5,3,2,-0.9151731100000001,-0.5306189000000001
1781693700050_SELL,2026.06.17 10:55:00,5,3,2,-0.98398635,-0.50939514
1781706900042_SELL,2026.06.17 14:35:00,5,3,2,-0.93135496,-0.48354231
1783337700009_SELL,2026.07.06 11:35:00,5,3,2,0.8209193599999998,0.021630169999999782
1783351800022_SELL,2026.07.06 15:30:00,5,3,4,1.8976037800000003,0.9201063300000003
1783422000050_SELL,2026.07.07 11:00:00,5,3,1,-1.2741374100000002,0.0
1783425600028_SELL,2026.07.07 12:00:00,5,3,1,-0.3622702099999999,0.0
1783485000006_SELL,2026.07.08 04:30:00,5,3,3,-0.29371086,-0.42026178000000003
1783504500004_SELL,2026.07.08 09:55:00,5,3,2,0.30872498999999987,-0.35461998000000006
1783530600036_SELL,2026.07.08 17:10:00,5,3,3,0.44544538999999994,-0.3012452000000001
1783560000085_SELL,2026.07.09 01:20:00,5,3,2,-0.38352215,-0.41162386
1783675800038_SELL,2026.07.10 09:30:00,5,3,2,-1.01187828,-0.5480676499999999
1783693800015_SELL,2026.07.10 14:30:00,5,3,3,-0.36956748000000006,-0.50997911
1783698000056_SELL,2026.07.10 15:40:00,5,3,3,-0.9470411500000001,-0.6436461800000001
1783704900028_SELL,2026.07.10 17:35:00,5,3,1,-1.11245878,0.0
1783933200017_SELL,2026.07.13 09:00:00,5,3,2,-0.38847723999999995,-0.28310926999999997
1783948200078_SELL,2026.07.13 13:10:00,5,3,3,-1.4546611900000002,-1.23031748
1783960500078_SELL,2026.07.13 16:35:00,5,3,2,0.026221440000000096,-0.3789294799999999
1783982400076_SELL,2026.07.13 22:40:00,5,3,1,-0.65784724,0.0
1783995600224_SELL,2026.07.14 02:20:00,5,3,2,-0.6371084499999999,-0.8376161
1784002500017_SELL,2026.07.14 04:15:00,5,3,1,-1.1318466999999997,0.0
1784003400048_SELL,2026.07.14 04:30:00,5,3,2,-0.5788921,-0.44337717000000004
1784111100010_SELL,2026.07.15 10:25:00,5,3,2,-0.78692637,-0.9126539
1786653000045_SELL,2026.08.13 20:30:00,5,3,3,-0.75590982,-0.77630804
1786673100025_SELL,2026.08.14 02:05:00,5,3,1,-1.2569807499999996,0.0
1786695000009_SELL,2026.08.14 08:10:00,5,3,2,-0.8224619300000001,-0.6574396900000001
1787688600090_SELL,2026.08.25 20:10:00,5,3,1,-1.2580882500000001,0.0
1787899200150_SELL,2026.08.28 06:40:00,5,3,2,-0.42859497999999996,-0.5541774800000001
1769055300007_SELL,2026.01.22 04:15:00,7,0,2,0.24197823,-0.21267617000000003
1769174100008_SELL,2026.01.23 13:15:00,7,0,2,-1.02235027,-0.83384383
1769469300010_SELL,2026.01.26 23:15:00,7,0,3,1.4574149,0.50810878
1769482200011_SELL,2026.01.27 02:50:00,7,0,3,-1.01307618,-0.010800380000000054
1769721300024_SELL,2026.01.29 21:15:00,7,0,1,-0.26940391,0.0
1769742000015_SELL,2026.01.30 03:00:00,7,0,3,3.15477914,1.1938445500000001
1769760000047_SELL,2026.01.30 08:00:00,7,0,1,-0.42925066,0.0
1769784600035_SELL,2026.01.30 14:50:00,7,0,1,-1.00058655,0.0
1769792400039_SELL,2026.01.30 17:00:00,7,0,3,0.52606022,-0.30038801000000004
1769813100051_SELL,2026.01.30 22:45:00,7,0,2,0.53696641,-0.07497465999999997
1769994300011_SELL,2026.02.02 01:05:00,7,0,4,5.96698685,3.7573261499999995
1770000900026_SELL,2026.02.02 02:55:00,7,0,3,0.45071715,-0.35616753
1770008100047_SELL,2026.02.02 04:55:00,7,0,3,-0.0673824,-0.6723717699999999
1770060000091_SELL,2026.02.02 19:20:00,7,0,3,0.08823499,-0.22058747
1770073200031_SELL,2026.02.02 23:00:00,7,0,2,-0.47446075,-0.05717762999999998
1770288900046_SELL,2026.02.05 10:55:00,7,0,2,1.25859842,-0.09885670999999996
1770299400010_SELL,2026.02.05 13:50:00,7,0,3,-0.26846775,-0.51394517
1770311700035_SELL,2026.02.05 17:15:00,7,0,2,-0.09359843,-0.006729299999999994
1770312300005_SELL,2026.02.05 17:25:00,7,0,3,0.52813479,-0.0032203400000000437
1770324900011_SELL,2026.02.05 20:55:00,7,0,3,-0.11893805,-0.34888495
1770348000038_SELL,2026.02.06 03:20:00,7,0,2,-0.15980913,-0.31411663
1770700500091_SELL,2026.02.10 05:15:00,7,0,4,-0.55096996,-0.6903167699999999
1770708000060_SELL,2026.02.10 07:20:00,7,0,5,0.89587686,0.25398571000000003
1770713700081_SELL,2026.02.10 08:55:00,7,0,1,-0.84701867,0.0
1770754200012_SELL,2026.02.10 20:10:00,7,0,3,1.80460358,0.6093466599999999
1770767100003_SELL,2026.02.10 23:45:00,7,0,3,-1.0259542,-0.68232531
1770871800022_SELL,2026.02.12 04:50:00,7,0,1,-0.75439739,0.0
1770892800280_SELL,2026.02.12 10:40:00,7,0,1,-0.34051221,0.0
1770913800023_SELL,2026.02.12 16:30:00,7,0,1,-1.01268179,0.0
1770919800044_SELL,2026.02.12 18:10:00,7,0,5,31.22662533,19.45064284
1770934800047_SELL,2026.02.12 22:20:00,7,0,3,2.30695026,1.0033683799999997
1770965700033_SELL,2026.02.13 06:55:00,7,0,2,-1.03197462,-0.28840615999999997
1770982200032_SELL,2026.02.13 11:30:00,7,0,1,-0.01980239,0.0
1771292400019_SELL,2026.02.17 01:40:00,7,0,2,-0.7148309,-0.13559679000000002
1771303500080_SELL,2026.02.17 04:45:00,7,0,1,-0.4131007,0.0
1771305300049_SELL,2026.02.17 05:15:00,7,0,3,0.03706378,-0.54079422
1771365900046_SELL,2026.02.17 22:05:00,7,0,4,-0.5184774,-0.42188739
1771922100025_SELL,2026.02.24 08:35:00,7,0,2,-1.03616692,-0.7047913400000001
1772533800012_SELL,2026.03.03 10:30:00,7,0,3,1.81991736,0.66015684
1772550600012_SELL,2026.03.03 15:10:00,7,0,1,-0.89499838,0.0
1772578200046_SELL,2026.03.03 22:50:00,7,0,3,0.232103,-0.25957082
1772601000125_SELL,2026.03.04 05:10:00,7,0,1,-0.59692736,0.0
1774248900012_SELL,2026.03.23 06:55:00,7,0,1,-1.00217467,0.0
1774250700030_SELL,2026.03.23 07:25:00,7,0,2,1.41194458,-0.20410893000000008
1774330800114_SELL,2026.03.24 05:40:00,7,0,3,-0.10662322,-0.20469378
1774487100044_SELL,2026.03.26 01:05:00,7,0,1,-0.31342904,0.0
1774499700030_SELL,2026.03.26 04:35:00,7,0,4,-0.18630441,-0.5661584
1774509300030_SELL,2026.03.26 07:15:00,7,0,3,0.26714491,-0.43385939
1774533300023_SELL,2026.03.26 13:55:00,7,0,2,-0.45527767,-0.61013978
1774536900013_SELL,2026.03.26 14:55:00,7,0,2,-0.44747097,-0.05584203000000004
1774578300027_SELL,2026.03.27 02:25:00,7,0,2,-0.83748126,-0.22458771
1778600100002_SELL,2026.05.12 15:35:00,7,0,1,-1.00090965,0.0
1778749800032_SELL,2026.05.14 09:10:00,7,0,3,0.07232169,-0.25312592
1778829600067_SELL,2026.05.15 07:20:00,7,0,3,0.14858491,-0.36650943
1778870100003_SELL,2026.05.15 18:35:00,7,0,2,0.13098237,-0.08664987000000002
1778883300079_SELL,2026.05.15 22:15:00,7,0,2,-0.05422853,-0.09941897999999999
1779094800031_SELL,2026.05.18 09:00:00,7,0,1,-1.00143356,0.0
1779187500003_SELL,2026.05.19 10:45:00,7,0,1,-1.0055914,0.0
1779976200048_SELL,2026.05.28 13:50:00,7,0,2,-1.05788964,-0.05730880999999988
1779981600010_SELL,2026.05.28 15:20:00,7,0,2,-0.47795699,-1.00295699
1780305300197_SELL,2026.06.01 09:15:00,7,0,3,1.69571874,0.42234193
1780316700002_SELL,2026.06.01 12:25:00,7,0,3,2.61696564,1.13225904
1780327500017_SELL,2026.06.01 15:25:00,7,0,1,-1.02306801,0.0
1780329600032_SELL,2026.06.01 16:00:00,7,0,2,0.00156011,-0.15601058
1780353900068_SELL,2026.06.01 22:45:00,7,0,3,2.12618207,0.8259703600000001
1780368600011_SELL,2026.06.02 02:50:00,7,0,1,-1.01642417,0.0
1780372800001_SELL,2026.06.02 04:00:00,7,0,2,-1.02470265,-1.3304056100000001
1780375200009_SELL,2026.06.02 04:40:00,7,0,2,0.56586358,-0.14345836999999995
1780452000017_SELL,2026.06.03 02:00:00,7,0,2,0.26094675,-0.23402366000000002
1780460100006_SELL,2026.06.03 04:15:00,7,0,3,0.30436969,-0.35666226999999995
1780471800004_SELL,2026.06.03 07:30:00,7,0,4,3.69512524,2.096418
1780500300041_SELL,2026.06.03 15:25:00,7,0,4,1.41553398,0.20776698999999987
1780503900034_SELL,2026.06.03 16:25:00,7,0,2,-0.09647708,-0.30551076
1780510500038_SELL,2026.06.03 18:15:00,7,0,3,0.2021034,-0.12522971
1780535100018_SELL,2026.06.04 01:05:00,7,0,1,-1.0106225,0.0
1780650300042_SELL,2026.06.05 09:05:00,7,0,1,0.16990087,0.0
1780693500009_SELL,2026.06.05 21:05:00,7,0,6,5.75047596,4.313194360000001
1780883400031_SELL,2026.06.08 01:50:00,7,0,4,1.00173578,0.55351977
1780892100044_SELL,2026.06.08 04:15:00,7,0,4,-0.40990991,-1.03423423
1780904700039_SELL,2026.06.08 07:45:00,7,0,1,-1.02312925,0.0
1780916100039_SELL,2026.06.08 10:55:00,7,0,2,0.2522314,-0.09950414000000002
1781043300041_SELL,2026.06.09 22:15:00,7,0,3,0.34486586,-0.08436632999999999
1781087700145_SELL,2026.06.10 10:35:00,7,0,2,0.55716456,-0.14035442999999992
1781100300029_SELL,2026.06.10 14:05:00,7,0,2,-0.87629989,-0.06655442
1781156400033_SELL,2026.06.11 05:40:00,7,0,3,1.22351358,0.10360777000000021
1781178300012_SELL,2026.06.11 11:45:00,7,0,2,0.38508079,-0.10749605000000001
1781197800031_SELL,2026.06.11 17:10:00,7,0,3,-0.77530402,-0.68175865
1781207700011_SELL,2026.06.11 19:55:00,7,0,2,0.28786879,-0.2430643
1781580000011_SELL,2026.06.16 03:20:00,7,0,2,0.45502816,-0.26806114000000003
1781586000015_SELL,2026.06.16 05:00:00,7,0,5,-0.10956522,-0.41239131
1781599200003_SELL,2026.06.16 08:40:00,7,0,2,-0.44139002,-0.16524946000000001
1781688000014_SELL,2026.06.17 09:20:00,7,0,2,-0.2192206,-0.09084818
1781693700050_SELL,2026.06.17 10:55:00,7,0,2,-0.48165013,-0.28986184000000004
1781706900042_SELL,2026.06.17 14:35:00,7,0,2,-0.22559568,-0.13480718
1783337700009_SELL,2026.07.06 11:35:00,7,0,2,1.33500368,0.27855563000000005
1783351800022_SELL,2026.07.06 15:30:00,7,0,3,1.76215006,0.52467339
1783422000050_SELL,2026.07.07 11:00:00,7,0,1,-1.01513736,0.0
1783425600028_SELL,2026.07.07 12:00:00,7,0,2,-0.28305165,-0.13975674999999999
1783485000006_SELL,2026.07.08 04:30:00,7,0,2,0.23799591,-0.022926209999999975
1783504500004_SELL,2026.07.08 09:55:00,7,0,2,0.88584071,-0.033038349999999994
1783530600036_SELL,2026.07.08 17:10:00,7,0,2,0.39975505,-0.4663809
1783560000085_SELL,2026.07.09 01:20:00,7,0,2,-0.0572067,-0.30391060999999997
1783675800038_SELL,2026.07.10 09:30:00,7,0,3,-0.66731381,-0.43487866
1783693800015_SELL,2026.07.10 14:30:00,7,0,2,0.17551191,-0.25273715
1783698000056_SELL,2026.07.10 15:40:00,7,0,3,-0.3862069,-0.26486987
1783704900028_SELL,2026.07.10 17:35:00,7,0,1,-1.00226125,0.0
1783933200017_SELL,2026.07.13 09:00:00,7,0,2,-0.06797386,-0.12156863
1783948200078_SELL,2026.07.13 13:10:00,7,0,3,-0.41896593,-0.5203717
1783960500078_SELL,2026.07.13 16:35:00,7,0,2,0.33244072,-0.2926923699999999
1783982400076_SELL,2026.07.13 22:40:00,7,0,1,-0.42238204,0.0
1783995600224_SELL,2026.07.14 02:20:00,7,0,2,0.47702219,-0.20443807999999997
1784002500017_SELL,2026.07.14 04:15:00,7,0,1,-1.00457002,0.0
1784003400048_SELL,2026.07.14 04:30:00,7,0,2,-0.50674054,-0.50903868
1784111100010_SELL,2026.07.15 10:25:00,7,0,3,-1.06281797,-1.43258164
1786653000045_SELL,2026.08.13 20:30:00,7,0,3,0.09734339,-0.16346343
1786673100025_SELL,2026.08.14 02:05:00,7,0,1,-1.01308411,0.0
1786695000009_SELL,2026.08.14 08:10:00,7,0,2,-0.06523005,-0.32288876
1787688600090_SELL,2026.08.25 20:10:00,7,0,2,-1.01320293,0.006845969999999868
1787899200150_SELL,2026.08.28 06:40:00,7,0,2,0.02449872,-0.38177178999999994
1769055300007_SELL,2026.01.22 04:15:00,7,0.5,2,0.196679005,-0.23532061
1769174100008_SELL,2026.01.23 13:15:00,7,0.5,2,-1.10583799,-0.87556718
1769469300010_SELL,2026.01.26 23:15:00,7,0.5,3,1.40481787,0.473055895
1769482200011_SELL,2026.01.27 02:50:00,7,0.5,3,-1.094400495,-0.06499655999999998
1769721300024_SELL,2026.01.29 21:15:00,7,0.5,1,-0.27859188,0.0
1769742000015_SELL,2026.01.30 03:00:00,7,0.5,3,3.11547488,1.1676662199999999
1769760000047_SELL,2026.01.30 08:00:00,7,0.5,1,-0.44237362999999996,0.0
1769784600035_SELL,2026.01.30 14:50:00,7,0.5,1,-1.00953311,0.0
1769792400039_SELL,2026.01.30 17:00:00,7,0.5,3,0.50697815,-0.31307454999999995
1769813100051_SELL,2026.01.30 22:45:00,7,0.5,2,0.52413438,-0.08138931000000005
1769994300011_SELL,2026.02.02 01:05:00,7,0.5,4,5.942217534999999,3.738785059999999
1770000900026_SELL,2026.02.02 02:55:00,7,0.5,3,0.434306205,-0.36708063499999993
1770008100047_SELL,2026.02.02 04:55:00,7,0.5,3,-0.087919205,-0.6860427849999999
1770060000091_SELL,2026.02.02 19:20:00,7,0.5,3,0.06774906,-0.234239495
1770073200031_SELL,2026.02.02 23:00:00,7,0.5,2,-0.492077045,-0.06598503
1770288900046_SELL,2026.02.05 10:55:00,7,0.5,2,1.226062195,-0.11512235000000004
1770299400010_SELL,2026.02.05 13:50:00,7,0.5,3,-0.32263138,-0.550043885
1770311700035_SELL,2026.02.05 17:15:00,7,0.5,2,-0.10836722,-0.014113525000000002
1770312300005_SELL,2026.02.05 17:25:00,7,0.5,3,0.504845495,-0.018730530000000023
1770324900011_SELL,2026.02.05 20:55:00,7,0.5,3,-0.160184805,-0.37637216000000007
1770348000038_SELL,2026.02.06 03:20:00,7,0.5,2,-0.172153965,-0.320281265
1770700500091_SELL,2026.02.10 05:15:00,7,0.5,4,-0.6430609700000001,-0.7593656850000001
1770708000060_SELL,2026.02.10 07:20:00,7,0.5,5,0.702675935,0.09944903000000005
1770713700081_SELL,2026.02.10 08:55:00,7,0.5,1,-0.87701812,0.0
1770754200012_SELL,2026.02.10 20:10:00,7,0.5,3,1.706594855,0.54402522
1770767100003_SELL,2026.02.10 23:45:00,7,0.5,3,-1.149828635,-0.76489802
1770871800022_SELL,2026.02.12 04:50:00,7,0.5,1,-0.787364035,0.0
1770892800280_SELL,2026.02.12 10:40:00,7,0.5,1,-0.382950595,0.0
1770913800023_SELL,2026.02.12 16:30:00,7,0.5,1,-1.03623018,0.0
1770919800044_SELL,2026.02.12 18:10:00,7,0.5,5,31.098941295000003,19.348745865
1770934800047_SELL,2026.02.12 22:20:00,7,0.5,3,2.241389435,0.9596708899999999
1770965700033_SELL,2026.02.13 06:55:00,7,0.5,2,-1.099974775,-0.32240459499999996
1770982200032_SELL,2026.02.13 11:30:00,7,0.5,1,-0.04871958999999999,0.0
1771292400019_SELL,2026.02.17 01:40:00,7,0.5,2,-0.788369605,-0.172362825
1771303500080_SELL,2026.02.17 04:45:00,7,0.5,1,-0.45561947999999997,0.0
1771305300049_SELL,2026.02.17 05:15:00,7,0.5,3,-0.08826831500000001,-0.62433219
1771365900046_SELL,2026.02.17 22:05:00,7,0.5,4,-0.626777725,-0.503103545
1771922100025_SELL,2026.02.24 08:35:00,7,0.5,2,-1.0999920250000002,-0.7366751800000002
1772533800012_SELL,2026.03.03 10:30:00,7,0.5,3,1.744699385,0.61002454
1772550600012_SELL,2026.03.03 15:10:00,7,0.5,1,-0.905403745,0.0
1772578200046_SELL,2026.03.03 22:50:00,7,0.5,3,0.17957188000000002,-0.29457528
1772601000125_SELL,2026.03.04 05:10:00,7,0.5,1,-0.615169825,0.0
1774248900012_SELL,2026.03.23 06:55:00,7,0.5,1,-1.01906201,0.0
1774250700030_SELL,2026.03.23 07:25:00,7,0.5,2,1.37866557,-0.22074419499999998
1774330800114_SELL,2026.03.24 05:40:00,7,0.5,3,-0.143744355,-0.22943609999999998
1774487100044_SELL,2026.03.26 01:05:00,7,0.5,1,-0.32870874,0.0
1774499700030_SELL,2026.03.26 04:35:00,7,0.5,4,-0.27983978,-0.6362838949999999
1774509300030_SELL,2026.03.26 07:15:00,7,0.5,3,0.131329945,-0.52439239
1774533300023_SELL,2026.03.26 13:55:00,7,0.5,2,-0.49271423000000003,-0.62884289
1774536900013_SELL,2026.03.26 14:55:00,7,0.5,2,-0.480037965,-0.07212460500000001
1774578300027_SELL,2026.03.27 02:25:00,7,0.5,2,-0.88354,-0.24761172500000006
1778600100002_SELL,2026.05.12 15:35:00,7,0.5,1,-1.03321356,0.0
1778749800032_SELL,2026.05.14 09:10:00,7,0.5,3,-0.043271795,-0.33017013500000003
1778829600067_SELL,2026.05.15 07:20:00,7,0.5,3,0.03439352999999999,-0.442611895
1778870100003_SELL,2026.05.15 18:35:00,7,0.5,2,0.08520483499999999,-0.10953697999999999
1778883300079_SELL,2026.05.15 22:15:00,7,0.5,2,-0.13647903,-0.140542195
1779094800031_SELL,2026.05.18 09:00:00,7,0.5,1,-1.02475029,0.0
1779187500003_SELL,2026.05.19 10:45:00,7,0.5,1,-1.039779475,0.0
1779976200048_SELL,2026.05.28 13:50:00,7,0.5,2,-1.12574095,-0.09123229499999996
1779981600010_SELL,2026.05.28 15:20:00,7,0.5,2,-0.560463375,-1.0441751350000001
1780305300197_SELL,2026.06.01 09:15:00,7,0.5,3,1.58827543,0.3507353649999998
1780316700002_SELL,2026.06.01 12:25:00,7,0.5,3,2.5020770199999998,1.0556769599999998
1780327500017_SELL,2026.06.01 15:25:00,7,0.5,1,-1.06478676,0.0
1780329600032_SELL,2026.06.01 16:00:00,7,0.5,2,-0.06867219,-0.19112295
1780353900068_SELL,2026.06.01 22:45:00,7,0.5,3,1.86048697,0.648869865
1780368600011_SELL,2026.06.02 02:50:00,7,0.5,1,-1.078308935,0.0
1780372800001_SELL,2026.06.02 04:00:00,7,0.5,2,-1.10117988,-1.3686155750000002
1780375200009_SELL,2026.06.02 04:40:00,7,0.5,2,0.51483817,-0.16896948
1780452000017_SELL,2026.06.03 02:00:00,7,0.5,2,0.1680787,-0.28045189000000004
1780460100006_SELL,2026.06.03 04:15:00,7,0.5,3,0.214462235,-0.416592935
1780471800004_SELL,2026.06.03 07:30:00,7,0.5,4,3.4251637600000002,1.8939806350000001
1780500300041_SELL,2026.06.03 15:25:00,7,0.5,4,1.24251806,0.07803184499999993
1780503900034_SELL,2026.06.03 16:25:00,7,0.5,2,-0.151507675,-0.33301892
1780510500038_SELL,2026.06.03 18:15:00,7,0.5,3,0.11945489,-0.18031572
1780535100018_SELL,2026.06.04 01:05:00,7,0.5,1,-1.05786761,0.0
1780650300042_SELL,2026.06.05 09:05:00,7,0.5,1,0.13257718000000002,0.0
1780693500009_SELL,2026.06.05 21:05:00,7,0.5,6,5.575119105000001,4.167080315000001
1780883400031_SELL,2026.06.08 01:50:00,7,0.5,4,0.92395491,0.495190755
1780892100044_SELL,2026.06.08 04:15:00,7,0.5,4,-0.51891725,-1.115953995
1780904700039_SELL,2026.06.08 07:45:00,7,0.5,1,-1.0622010899999998,0.0
1780916100039_SELL,2026.06.08 10:55:00,7,0.5,2,0.20252457499999998,-0.12435506500000004
1781043300041_SELL,2026.06.09 22:15:00,7,0.5,3,0.25035604,-0.147358965
1781087700145_SELL,2026.06.10 10:35:00,7,0.5,2,0.49770191500000005,-0.17008248999999986
1781100300029_SELL,2026.06.10 14:05:00,7,0.5,2,-0.922457045,-0.08963161000000008
1781156400033_SELL,2026.06.11 05:40:00,7,0.5,3,1.166140635,0.06538874500000014
1781178300012_SELL,2026.06.11 11:45:00,7,0.5,2,0.329423215,-0.13532256000000004
1781197800031_SELL,2026.06.11 17:10:00,7,0.5,3,-0.820853245,-0.71210664
1781207700011_SELL,2026.06.11 19:55:00,7,0.5,2,0.24218362,-0.265900925
1781580000011_SELL,2026.06.16 03:20:00,7,0.5,2,0.35791535,-0.31661174499999994
1781586000015_SELL,2026.06.16 05:00:00,7,0.5,5,-0.273593405,-0.54359885
1781599200003_SELL,2026.06.16 08:40:00,7,0.5,2,-0.535245195,-0.21217292
1781688000014_SELL,2026.06.17 09:20:00,7,0.5,2,-0.30461185999999996,-0.13354247499999997
1781693700050_SELL,2026.06.17 10:55:00,7,0.5,2,-0.5759035,-0.33698139
1781706900042_SELL,2026.06.17 14:35:00,7,0.5,2,-0.344596985,-0.19430446
1783337700009_SELL,2026.07.06 11:35:00,7,0.5,2,1.24932296,0.23573471999999995
1783351800022_SELL,2026.07.06 15:30:00,7,0.5,3,1.632206435,0.4380596350000001
1783422000050_SELL,2026.07.07 11:00:00,7,0.5,1,-1.058304035,0.0
1783425600028_SELL,2026.07.07 12:00:00,7,0.5,2,-0.35603819999999997,-0.17624741499999996
1783485000006_SELL,2026.07.08 04:30:00,7,0.5,2,0.19320666,-0.04532025999999997
1783504500004_SELL,2026.07.08 09:55:00,7,0.5,2,0.800664335,-0.07562570999999996
1783530600036_SELL,2026.07.08 17:10:00,7,0.5,2,0.35996321,-0.4862651800000001
1783560000085_SELL,2026.07.09 01:20:00,7,0.5,2,-0.130060065,-0.340330275
1783675800038_SELL,2026.07.10 09:30:00,7,0.5,3,-0.7829672599999999,-0.51196953
1783693800015_SELL,2026.07.10 14:30:00,7,0.5,2,0.07957792,-0.30069823500000004
1783698000056_SELL,2026.07.10 15:40:00,7,0.5,3,-0.47722069500000003,-0.32554067500000006
1783704900028_SELL,2026.07.10 17:35:00,7,0.5,1,-1.0206275050000002,0.0
1783933200017_SELL,2026.07.13 09:00:00,7,0.5,2,-0.12095608,-0.14805706
1783948200078_SELL,2026.07.13 13:10:00,7,0.5,3,-0.581805175,-0.628919365
1783960500078_SELL,2026.07.13 16:35:00,7,0.5,2,0.25912733,-0.32934206499999996
1783982400076_SELL,2026.07.13 22:40:00,7,0.5,1,-0.46162624,0.0
1783995600224_SELL,2026.07.14 02:20:00,7,0.5,2,0.31671387,-0.2845876299999999
1784002500017_SELL,2026.07.14 04:15:00,7,0.5,1,-1.0257828,0.0
1784003400048_SELL,2026.07.14 04:30:00,7,0.5,2,-0.5526532399999999,-0.5319825349999999
1784111100010_SELL,2026.07.15 10:25:00,7,0.5,3,-1.184783,-1.51387398
1786653000045_SELL,2026.08.13 20:30:00,7,0.5,3,-0.022823535000000006,-0.243562255
1786673100025_SELL,2026.08.14 02:05:00,7,0.5,1,-1.05373355,0.0
1786695000009_SELL,2026.08.14 08:10:00,7,0.5,2,-0.20610772,-0.393319605
1787688600090_SELL,2026.08.25 20:10:00,7,0.5,2,-1.092537405,-0.03281528000000011
1787899200150_SELL,2026.08.28 06:40:00,7,0.5,2,-0.069045265,-0.42853443999999996
1769055300007_SELL,2026.01.22 04:15:00,7,1,2,0.15137978,-0.25796505000000003
1769174100008_SELL,2026.01.23 13:15:00,7,1,2,-1.18932571,-0.91729053
1769469300010_SELL,2026.01.26 23:15:00,7,1,3,1.35222084,0.43800300999999997
1769482200011_SELL,2026.01.27 02:50:00,7,1,3,-1.17572481,-0.11919273999999991
1769721300024_SELL,2026.01.29 21:15:00,7,1,1,-0.28777985,0.0
1769742000015_SELL,2026.01.30 03:00:00,7,1,3,3.07617062,1.14148789
1769760000047_SELL,2026.01.30 08:00:00,7,1,1,-0.4554966,0.0
1769784600035_SELL,2026.01.30 14:50:00,7,1,1,-1.01847967,0.0
1769792400039_SELL,2026.01.30 17:00:00,7,1,3,0.48789608,-0.32576109000000003
1769813100051_SELL,2026.01.30 22:45:00,7,1,2,0.51130235,-0.08780396000000001
1769994300011_SELL,2026.02.02 01:05:00,7,1,4,5.91744822,3.72024397
1770000900026_SELL,2026.02.02 02:55:00,7,1,3,0.41789526,-0.37799373999999997
1770008100047_SELL,2026.02.02 04:55:00,7,1,3,-0.10845601,-0.6997138
1770060000091_SELL,2026.02.02 19:20:00,7,1,3,0.04726313,-0.24789152000000003
1770073200031_SELL,2026.02.02 23:00:00,7,1,2,-0.50969334,-0.07479243000000002
1770288900046_SELL,2026.02.05 10:55:00,7,1,2,1.19352597,-0.1313879899999999
1770299400010_SELL,2026.02.05 13:50:00,7,1,3,-0.37679501,-0.5861426
1770311700035_SELL,2026.02.05 17:15:00,7,1,2,-0.12313601,-0.02149775000000001
1770312300005_SELL,2026.02.05 17:25:00,7,1,3,0.4815562,-0.03424072
1770324900011_SELL,2026.02.05 20:55:00,7,1,3,-0.20143156,-0.40385937000000005
1770348000038_SELL,2026.02.06 03:20:00,7,1,2,-0.1844988,-0.32644589999999996
1770700500091_SELL,2026.02.10 05:15:00,7,1,4,-0.73515198,-0.8284146
1770708000060_SELL,2026.02.10 07:20:00,7,1,5,0.50947501,-0.055087650000000044
1770713700081_SELL,2026.02.10 08:55:00,7,1,1,-0.90701757,0.0
1770754200012_SELL,2026.02.10 20:10:00,7,1,3,1.60858613,0.47870378
1770767100003_SELL,2026.02.10 23:45:00,7,1,3,-1.27370307,-0.8474707300000001
1770871800022_SELL,2026.02.12 04:50:00,7,1,1,-0.82033068,0.0
1770892800280_SELL,2026.02.12 10:40:00,7,1,1,-0.42538898,0.0
1770913800023_SELL,2026.02.12 16:30:00,7,1,1,-1.05977857,0.0
1770919800044_SELL,2026.02.12 18:10:00,7,1,5,30.97125726,19.246848890000003
1770934800047_SELL,2026.02.12 22:20:00,7,1,3,2.17582861,0.9159733999999999
1770965700033_SELL,2026.02.13 06:55:00,7,1,2,-1.16797493,-0.35640302999999995
1770982200032_SELL,2026.02.13 11:30:00,7,1,1,-0.07763679,0.0
1771292400019_SELL,2026.02.17 01:40:00,7,1,2,-0.86190831,-0.20912885999999997
1771303500080_SELL,2026.02.17 04:45:00,7,1,1,-0.49813826,0.0
1771305300049_SELL,2026.02.17 05:15:00,7,1,3,-0.21360041000000002,-0.70787016
1771365900046_SELL,2026.02.17 22:05:00,7,1,4,-0.73507805,-0.5843197
1771922100025_SELL,2026.02.24 08:35:00,7,1,2,-1.16381713,-0.76855902
1772533800012_SELL,2026.03.03 10:30:00,7,1,3,1.66948141,0.5598922399999999
1772550600012_SELL,2026.03.03 15:10:00,7,1,1,-0.91580911,0.0
1772578200046_SELL,2026.03.03 22:50:00,7,1,3,0.12704076,-0.32957974
1772601000125_SELL,2026.03.04 05:10:00,7,1,1,-0.63341229,0.0
1774248900012_SELL,2026.03.23 06:55:00,7,1,1,-1.03594935,0.0
1774250700030_SELL,2026.03.23 07:25:00,7,1,2,1.34538656,-0.2373794600000001
1774330800114_SELL,2026.03.24 05:40:00,7,1,3,-0.18086549,-0.25417842
1774487100044_SELL,2026.03.26 01:05:00,7,1,1,-0.34398844,0.0
1774499700030_SELL,2026.03.26 04:35:00,7,1,4,-0.37337515,-0.7064093899999999
1774509300030_SELL,2026.03.26 07:15:00,7,1,3,-0.004485020000000006,-0.61492539
1774533300023_SELL,2026.03.26 13:55:00,7,1,2,-0.53015079,-0.647546
1774536900013_SELL,2026.03.26 14:55:00,7,1,2,-0.51260496,-0.08840717999999997
1774578300027_SELL,2026.03.27 02:25:00,7,1,2,-0.92959874,-0.27063574
1778600100002_SELL,2026.05.12 15:35:00,7,1,1,-1.06551747,0.0
1778749800032_SELL,2026.05.14 09:10:00,7,1,3,-0.15886528,-0.40721435
1778829600067_SELL,2026.05.15 07:20:00,7,1,3,-0.07979785,-0.5187143599999999
1778870100003_SELL,2026.05.15 18:35:00,7,1,2,0.0394273,-0.13242409
1778883300079_SELL,2026.05.15 22:15:00,7,1,2,-0.21872953,-0.18166541
1779094800031_SELL,2026.05.18 09:00:00,7,1,1,-1.04806702,0.0
1779187500003_SELL,2026.05.19 10:45:00,7,1,1,-1.07396755,0.0
1779976200048_SELL,2026.05.28 13:50:00,7,1,2,-1.19359226,-0.12515578000000005
1779981600010_SELL,2026.05.28 15:20:00,7,1,2,-0.64296976,-1.08539328
1780305300197_SELL,2026.06.01 09:15:00,7,1,3,1.48083212,0.27912880000000007
1780316700002_SELL,2026.06.01 12:25:00,7,1,3,2.3871884,0.9790948799999999
1780327500017_SELL,2026.06.01 15:25:00,7,1,1,-1.10650551,0.0
1780329600032_SELL,2026.06.01 16:00:00,7,1,2,-0.13890449,-0.22623532
1780353900068_SELL,2026.06.01 22:45:00,7,1,3,1.59479187,0.47176936999999985
1780368600011_SELL,2026.06.02 02:50:00,7,1,1,-1.1401937,0.0
1780372800001_SELL,2026.06.02 04:00:00,7,1,2,-1.17765711,-1.40682554
1780375200009_SELL,2026.06.02 04:40:00,7,1,2,0.46381276,-0.19448059
1780452000017_SELL,2026.06.03 02:00:00,7,1,2,0.07521064999999999,-0.32688012
1780460100006_SELL,2026.06.03 04:15:00,7,1,3,0.12455478,-0.47652360000000005
1780471800004_SELL,2026.06.03 07:30:00,7,1,4,3.15520228,1.6915432700000002
1780500300041_SELL,2026.06.03 15:25:00,7,1,4,1.06950214,-0.05170330000000001
1780503900034_SELL,2026.06.03 16:25:00,7,1,2,-0.20653827,-0.36052708
1780510500038_SELL,2026.06.03 18:15:00,7,1,3,0.03680638,-0.23540173
1780535100018_SELL,2026.06.04 01:05:00,7,1,1,-1.10511272,0.0
1780650300042_SELL,2026.06.05 09:05:00,7,1,1,0.09525349,0.0
1780693500009_SELL,2026.06.05 21:05:00,7,1,6,5.39976225,4.020966270000001
1780883400031_SELL,2026.06.08 01:50:00,7,1,4,0.84617404,0.43686173999999994
1780892100044_SELL,2026.06.08 04:15:00,7,1,4,-0.62792459,-1.19767376
1780904700039_SELL,2026.06.08 07:45:00,7,1,1,-1.10127293,0.0
1780916100039_SELL,2026.06.08 10:55:00,7,1,2,0.15281775,-0.14920598999999998
1781043300041_SELL,2026.06.09 22:15:00,7,1,3,0.15584622,-0.2103516
1781087700145_SELL,2026.06.10 10:35:00,7,1,2,0.43823927,-0.19981054999999998
1781100300029_SELL,2026.06.10 14:05:00,7,1,2,-0.9686142,-0.11270879999999994
1781156400033_SELL,2026.06.11 05:40:00,7,1,3,1.10876769,0.027169720000000064
1781178300012_SELL,2026.06.11 11:45:00,7,1,2,0.27376564,-0.16314907
1781197800031_SELL,2026.06.11 17:10:00,7,1,3,-0.86640247,-0.74245463
1781207700011_SELL,2026.06.11 19:55:00,7,1,2,0.19649845,-0.28873755
1781580000011_SELL,2026.06.16 03:20:00,7,1,2,0.26080254,-0.36516234999999997
1781586000015_SELL,2026.06.16 05:00:00,7,1,5,-0.43762159,-0.67480639
1781599200003_SELL,2026.06.16 08:40:00,7,1,2,-0.62910037,-0.25909637999999996
1781688000014_SELL,2026.06.17 09:20:00,7,1,2,-0.39000312,-0.17623677
1781693700050_SELL,2026.06.17 10:55:00,7,1,2,-0.67015687,-0.38410094
1781706900042_SELL,2026.06.17 14:35:00,7,1,2,-0.46359829,-0.25380174
1783337700009_SELL,2026.07.06 11:35:00,7,1,2,1.16364224,0.19291380999999996
1783351800022_SELL,2026.07.06 15:30:00,7,1,3,1.50226281,0.35144588
1783422000050_SELL,2026.07.07 11:00:00,7,1,1,-1.10147071,0.0
1783425600028_SELL,2026.07.07 12:00:00,7,1,2,-0.42902475,-0.21273808000000002
1783485000006_SELL,2026.07.08 04:30:00,7,1,2,0.14841741,-0.06771431
1783504500004_SELL,2026.07.08 09:55:00,7,1,2,0.71548796,-0.11821306999999992
1783530600036_SELL,2026.07.08 17:10:00,7,1,2,0.32017137,-0.50614946
1783560000085_SELL,2026.07.09 01:20:00,7,1,2,-0.20291343,-0.37674994
1783675800038_SELL,2026.07.10 09:30:00,7,1,3,-0.89862071,-0.5890603999999999
1783693800015_SELL,2026.07.10 14:30:00,7,1,2,-0.01635607,-0.34865932
1783698000056_SELL,2026.07.10 15:40:00,7,1,3,-0.56823449,-0.38621148000000005
1783704900028_SELL,2026.07.10 17:35:00,7,1,1,-1.03899376,0.0
1783933200017_SELL,2026.07.13 09:00:00,7,1,2,-0.1739383,-0.17454549
1783948200078_SELL,2026.07.13 13:10:00,7,1,3,-0.74464442,-0.7374670299999999
1783960500078_SELL,2026.07.13 16:35:00,7,1,2,0.18581394,-0.36599175999999994
1783982400076_SELL,2026.07.13 22:40:00,7,1,1,-0.50087044,0.0
1783995600224_SELL,2026.07.14 02:20:00,7,1,2,0.15640555,-0.36473718
1784002500017_SELL,2026.07.14 04:15:00,7,1,1,-1.04699558,0.0
1784003400048_SELL,2026.07.14 04:30:00,7,1,2,-0.59856594,-0.55492639
1784111100010_SELL,2026.07.15 10:25:00,7,1,3,-1.30674803,-1.5951663200000001
1786653000045_SELL,2026.08.13 20:30:00,7,1,3,-0.14299046,-0.32366108000000005
1786673100025_SELL,2026.08.14 02:05:00,7,1,1,-1.09438299,0.0
1786695000009_SELL,2026.08.14 08:10:00,7,1,2,-0.34698539,-0.46375045000000004
1787688600090_SELL,2026.08.25 20:10:00,7,1,2,-1.17187188,-0.0724765300000001
1787899200150_SELL,2026.08.28 06:40:00,7,1,2,-0.16258925,-0.47529709
1769055300007_SELL,2026.01.22 04:15:00,7,1.5,2,0.10608055499999999,-0.28060949
1769174100008_SELL,2026.01.23 13:15:00,7,1.5,2,-1.2728134300000002,-0.9590138800000003
1769469300010_SELL,2026.01.26 23:15:00,7,1.5,3,1.29962381,0.40295012499999994
1769482200011_SELL,2026.01.27 02:50:00,7,1.5,3,-1.257049125,-0.17338891999999984
1769721300024_SELL,2026.01.29 21:15:00,7,1.5,1,-0.29696782,0.0
1769742000015_SELL,2026.01.30 03:00:00,7,1.5,3,3.0368663600000003,1.1153095600000003
1769760000047_SELL,2026.01.30 08:00:00,7,1.5,1,-0.46861957,0.0
1769784600035_SELL,2026.01.30 14:50:00,7,1.5,1,-1.02742623,0.0
1769792400039_SELL,2026.01.30 17:00:00,7,1.5,3,0.46881401,-0.3384476300000001
1769813100051_SELL,2026.01.30 22:45:00,7,1.5,2,0.49847032,-0.09421860999999998
1769994300011_SELL,2026.02.02 01:05:00,7,1.5,4,5.892678905,3.7017028800000005
1770000900026_SELL,2026.02.02 02:55:00,7,1.5,3,0.401484315,-0.388906845
1770008100047_SELL,2026.02.02 04:55:00,7,1.5,3,-0.128992815,-0.7133848150000001
1770060000091_SELL,2026.02.02 19:20:00,7,1.5,3,0.0267772,-0.26154354500000004
1770073200031_SELL,2026.02.02 23:00:00,7,1.5,2,-0.5273096349999999,-0.08359982999999999
1770288900046_SELL,2026.02.05 10:55:00,7,1.5,2,1.1609897450000002,-0.14765362999999976
1770299400010_SELL,2026.02.05 13:50:00,7,1.5,3,-0.43095863999999995,-0.6222413149999999
1770311700035_SELL,2026.02.05 17:15:00,7,1.5,2,-0.1379048,-0.028881975000000004
1770312300005_SELL,2026.02.05 17:25:00,7,1.5,3,0.458266905,-0.04975090999999998
1770324900011_SELL,2026.02.05 20:55:00,7,1.5,3,-0.24267831500000003,-0.43134658000000003
1770348000038_SELL,2026.02.06 03:20:00,7,1.5,2,-0.196843635,-0.332610535
1770700500091_SELL,2026.02.10 05:15:00,7,1.5,4,-0.82724299,-0.897463515
1770708000060_SELL,2026.02.10 07:20:00,7,1.5,5,0.31627408499999987,-0.20962433000000014
1770713700081_SELL,2026.02.10 08:55:00,7,1.5,1,-0.9370170200000001,0.0
1770754200012_SELL,2026.02.10 20:10:00,7,1.5,3,1.5105774049999998,0.41338234000000007
1770767100003_SELL,2026.02.10 23:45:00,7,1.5,3,-1.397577505,-0.9300434400000002
1770871800022_SELL,2026.02.12 04:50:00,7,1.5,1,-0.853297325,0.0
1770892800280_SELL,2026.02.12 10:40:00,7,1.5,1,-0.46782736500000005,0.0
1770913800023_SELL,2026.02.12 16:30:00,7,1.5,1,-1.08332696,0.0
1770919800044_SELL,2026.02.12 18:10:00,7,1.5,5,30.843573225,19.144951915
1770934800047_SELL,2026.02.12 22:20:00,7,1.5,3,2.110267785,0.8722759099999999
1770965700033_SELL,2026.02.13 06:55:00,7,1.5,2,-1.235975085,-0.39040146499999995
1770982200032_SELL,2026.02.13 11:30:00,7,1.5,1,-0.10655398999999999,0.0
1771292400019_SELL,2026.02.17 01:40:00,7,1.5,2,-0.935447015,-0.24589489499999995
1771303500080_SELL,2026.02.17 04:45:00,7,1.5,1,-0.54065704,0.0
1771305300049_SELL,2026.02.17 05:15:00,7,1.5,3,-0.33893250500000005,-0.7914081300000001
1771365900046_SELL,2026.02.17 22:05:00,7,1.5,4,-0.8433783750000001,-0.6655358550000001
1771922100025_SELL,2026.02.24 08:35:00,7,1.5,2,-1.2276422349999998,-0.8004428599999998
1772533800012_SELL,2026.03.03 10:30:00,7,1.5,3,1.5942634349999998,0.5097599399999999
1772550600012_SELL,2026.03.03 15:10:00,7,1.5,1,-0.926214475,0.0
1772578200046_SELL,2026.03.03 22:50:00,7,1.5,3,0.07450963999999999,-0.36458419999999997
1772601000125_SELL,2026.03.04 05:10:00,7,1.5,1,-0.651654755,0.0
1774248900012_SELL,2026.03.23 06:55:00,7,1.5,1,-1.0528366900000001,0.0
1774250700030_SELL,2026.03.23 07:25:00,7,1.5,2,1.31210755,-0.2540147250000002
1774330800114_SELL,2026.03.24 05:40:00,7,1.5,3,-0.217986625,-0.27892074
1774487100044_SELL,2026.03.26 01:05:00,7,1.5,1,-0.35926814,0.0
1774499700030_SELL,2026.03.26 04:35:00,7,1.5,4,-0.46691052,-0.776534885
1774509300030_SELL,2026.03.26 07:15:00,7,1.5,3,-0.14029998500000002,-0.70545839
1774533300023_SELL,2026.03.26 13:55:00,7,1.5,2,-0.5675873499999999,-0.66624911
1774536900013_SELL,2026.03.26 14:55:00,7,1.5,2,-0.545171955,-0.104689755
1774578300027_SELL,2026.03.27 02:25:00,7,1.5,2,-0.97565748,-0.29365975499999997
1778600100002_SELL,2026.05.12 15:35:00,7,1.5,1,-1.09782138,0.0
1778749800032_SELL,2026.05.14 09:10:00,7,1.5,3,-0.274458765,-0.484258565
1778829600067_SELL,2026.05.15 07:20:00,7,1.5,3,-0.19398922999999998,-0.594816825
1778870100003_SELL,2026.05.15 18:35:00,7,1.5,2,-0.00635023500000001,-0.1553112
1778883300079_SELL,2026.05.15 22:15:00,7,1.5,2,-0.30098003,-0.22278862500000002
1779094800031_SELL,2026.05.18 09:00:00,7,1.5,1,-1.0713837499999999,0.0
1779187500003_SELL,2026.05.19 10:45:00,7,1.5,1,-1.1081556250000002,0.0
1779976200048_SELL,2026.05.28 13:50:00,7,1.5,2,-1.26144357,-0.15907926500000014
1779981600010_SELL,2026.05.28 15:20:00,7,1.5,2,-0.7254761449999999,-1.1266114249999999
1780305300197_SELL,2026.06.01 09:15:00,7,1.5,3,1.3733888100000002,0.20752223500000033
1780316700002_SELL,2026.06.01 12:25:00,7,1.5,3,2.27229978,0.9025128
1780327500017_SELL,2026.06.01 15:25:00,7,1.5,1,-1.14822426,0.0
1780329600032_SELL,2026.06.01 16:00:00,7,1.5,2,-0.20913679,-0.26134768999999997
1780353900068_SELL,2026.06.01 22:45:00,7,1.5,3,1.3290967699999998,0.2946688749999997
1780368600011_SELL,2026.06.02 02:50:00,7,1.5,1,-1.202078465,0.0
1780372800001_SELL,2026.06.02 04:00:00,7,1.5,2,-1.2541343399999998,-1.4450355049999999
1780375200009_SELL,2026.06.02 04:40:00,7,1.5,2,0.41278735,-0.2199917
1780452000017_SELL,2026.06.03 02:00:00,7,1.5,2,-0.017657400000000045,-0.37330835
1780460100006_SELL,2026.06.03 04:15:00,7,1.5,3,0.03464732500000001,-0.536454265
1780471800004_SELL,2026.06.03 07:30:00,7,1.5,4,2.8852408,1.4891059050000002
1780500300041_SELL,2026.06.03 15:25:00,7,1.5,4,0.89648622,-0.18143844499999984
1780503900034_SELL,2026.06.03 16:25:00,7,1.5,2,-0.261568865,-0.38803524
1780510500038_SELL,2026.06.03 18:15:00,7,1.5,3,-0.04584212999999998,-0.29048774
1780535100018_SELL,2026.06.04 01:05:00,7,1.5,1,-1.15235783,0.0
1780650300042_SELL,2026.06.05 09:05:00,7,1.5,1,0.05792979999999999,0.0
1780693500009_SELL,2026.06.05 21:05:00,7,1.5,6,5.224405395,3.8748522249999997
1780883400031_SELL,2026.06.08 01:50:00,7,1.5,4,0.76839317,0.3785327249999999
1780892100044_SELL,2026.06.08 04:15:00,7,1.5,4,-0.73693193,-1.2793935250000001
1780904700039_SELL,2026.06.08 07:45:00,7,1.5,1,-1.14034477,0.0
1780916100039_SELL,2026.06.08 10:55:00,7,1.5,2,0.10311092500000002,-0.17405691499999992
1781043300041_SELL,2026.06.09 22:15:00,7,1.5,3,0.06133640000000001,-0.273344235
1781087700145_SELL,2026.06.10 10:35:00,7,1.5,2,0.378776625,-0.2295386100000001
1781100300029_SELL,2026.06.10 14:05:00,7,1.5,2,-1.014771355,-0.1357859899999998
1781156400033_SELL,2026.06.11 05:40:00,7,1.5,3,1.051394745,-0.01104930500000001
1781178300012_SELL,2026.06.11 11:45:00,7,1.5,2,0.21810806499999996,-0.19097557999999998
1781197800031_SELL,2026.06.11 17:10:00,7,1.5,3,-0.9119516950000001,-0.77280262
1781207700011_SELL,2026.06.11 19:55:00,7,1.5,2,0.15081328,-0.311574175
1781580000011_SELL,2026.06.16 03:20:00,7,1.5,2,0.16368973000000003,-0.413712955
1781586000015_SELL,2026.06.16 05:00:00,7,1.5,5,-0.6016497749999999,-0.80601393
1781599200003_SELL,2026.06.16 08:40:00,7,1.5,2,-0.722955545,-0.30601984000000004
1781688000014_SELL,2026.06.17 09:20:00,7,1.5,2,-0.47539438,-0.21893106500000004
1781693700050_SELL,2026.06.17 10:55:00,7,1.5,2,-0.76441024,-0.43122048999999996
1781706900042_SELL,2026.06.17 14:35:00,7,1.5,2,-0.582599595,-0.31329902000000004
1783337700009_SELL,2026.07.06 11:35:00,7,1.5,2,1.07796152,0.15009289999999997
1783351800022_SELL,2026.07.06 15:30:00,7,1.5,3,1.3723191849999998,0.26483212499999986
1783422000050_SELL,2026.07.07 11:00:00,7,1.5,1,-1.1446373850000002,0.0
1783425600028_SELL,2026.07.07 12:00:00,7,1.5,2,-0.5020113,-0.24922874500000008
1783485000006_SELL,2026.07.08 04:30:00,7,1.5,2,0.10362816,-0.09010836000000003
1783504500004_SELL,2026.07.08 09:55:00,7,1.5,2,0.6303115850000001,-0.16080042999999988
1783530600036_SELL,2026.07.08 17:10:00,7,1.5,2,0.28037953000000004,-0.5260337399999999
1783560000085_SELL,2026.07.09 01:20:00,7,1.5,2,-0.275766795,-0.413169605
1783675800038_SELL,2026.07.10 09:30:00,7,1.5,3,-1.01427416,-0.6661512700000001
1783693800015_SELL,2026.07.10 14:30:00,7,1.5,2,-0.11229005999999997,-0.39662040499999995
1783698000056_SELL,2026.07.10 15:40:00,7,1.5,3,-0.6592482850000001,-0.4468822850000001
1783704900028_SELL,2026.07.10 17:35:00,7,1.5,1,-1.057360015,0.0
1783933200017_SELL,2026.07.13 09:00:00,7,1.5,2,-0.22692052,-0.20103391999999998
1783948200078_SELL,2026.07.13 13:10:00,7,1.5,3,-0.907483665,-0.846014695
1783960500078_SELL,2026.07.13 16:35:00,7,1.5,2,0.11250055,-0.4026414549999999
1783982400076_SELL,2026.07.13 22:40:00,7,1.5,1,-0.5401146400000001,0.0
1783995600224_SELL,2026.07.14 02:20:00,7,1.5,2,-0.00390277,-0.44488673
1784002500017_SELL,2026.07.14 04:15:00,7,1.5,1,-1.0682083599999999,0.0
1784003400048_SELL,2026.07.14 04:30:00,7,1.5,2,-0.64447864,-0.577870245
1784111100010_SELL,2026.07.15 10:25:00,7,1.5,3,-1.4287130600000002,-1.6764586600000002
1786653000045_SELL,2026.08.13 20:30:00,7,1.5,3,-0.26315738499999997,-0.403759905
1786673100025_SELL,2026.08.14 02:05:00,7,1.5,1,-1.1350324299999999,0.0
1786695000009_SELL,2026.08.14 08:10:00,7,1.5,2,-0.48786306,-0.534181295
1787688600090_SELL,2026.08.25 20:10:00,7,1.5,2,-1.251206355,-0.11213778000000008
1787899200150_SELL,2026.08.28 06:40:00,7,1.5,2,-0.25613323499999996,-0.52205974
1769055300007_SELL,2026.01.22 04:15:00,7,2,2,0.060781329999999995,-0.30325393
1769174100008_SELL,2026.01.23 13:15:00,7,2,2,-1.3563011500000002,-1.0007372300000001
1769469300010_SELL,2026.01.26 23:15:00,7,2,3,1.24702678,0.3678972399999999
1769482200011_SELL,2026.01.27 02:50:00,7,2,3,-1.3383734399999998,-0.22758509999999976
1769721300024_SELL,2026.01.29 21:15:00,7,2,1,-0.30615579,0.0
1769742000015_SELL,2026.01.30 03:00:00,7,2,3,2.9975621,1.08913123
1769760000047_SELL,2026.01.30 08:00:00,7,2,1,-0.48174253999999994,0.0
1769784600035_SELL,2026.01.30 14:50:00,7,2,1,-1.0363727900000002,0.0
1769792400039_SELL,2026.01.30 17:00:00,7,2,3,0.44973194000000005,-0.35113417
1769813100051_SELL,2026.01.30 22:45:00,7,2,2,0.48563829000000003,-0.10063326000000006
1769994300011_SELL,2026.02.02 01:05:00,7,2,4,5.86790959,3.68316179
1770000900026_SELL,2026.02.02 02:55:00,7,2,3,0.38507336999999997,-0.3998199499999999
1770008100047_SELL,2026.02.02 04:55:00,7,2,3,-0.14952962000000003,-0.7270558300000001
1770060000091_SELL,2026.02.02 19:20:00,7,2,3,0.006291270000000002,-0.27519557
1770073200031_SELL,2026.02.02 23:00:00,7,2,2,-0.54492593,-0.09240723000000006
1770288900046_SELL,2026.02.05 10:55:00,7,2,2,1.12845352,-0.16391926999999984
1770299400010_SELL,2026.02.05 13:50:00,7,2,3,-0.48512226999999997,-0.65834003
1770311700035_SELL,2026.02.05 17:15:00,7,2,2,-0.15267359000000003,-0.03626620000000004
1770312300005_SELL,2026.02.05 17:25:00,7,2,3,0.43497761,-0.06526109999999996
1770324900011_SELL,2026.02.05 20:55:00,7,2,3,-0.28392507,-0.45883379
1770348000038_SELL,2026.02.06 03:20:00,7,2,2,-0.20918847,-0.33877517
1770700500091_SELL,2026.02.10 05:15:00,7,2,4,-0.9193340000000001,-0.9665124300000001
1770708000060_SELL,2026.02.10 07:20:00,7,2,5,0.1230731599999999,-0.3641610100000001
1770713700081_SELL,2026.02.10 08:55:00,7,2,1,-0.9670164700000001,0.0
1770754200012_SELL,2026.02.10 20:10:00,7,2,3,1.41256868,0.3480609000000001
1770767100003_SELL,2026.02.10 23:45:00,7,2,3,-1.5214519400000002,-1.0126161500000002
1770871800022_SELL,2026.02.12 04:50:00,7,2,1,-0.88626397,0.0
1770892800280_SELL,2026.02.12 10:40:00,7,2,1,-0.5102657500000001,0.0
1770913800023_SELL,2026.02.12 16:30:00,7,2,1,-1.10687535,0.0
1770919800044_SELL,2026.02.12 18:10:00,7,2,5,30.715889190000002,19.04305494
1770934800047_SELL,2026.02.12 22:20:00,7,2,3,2.04470696,0.8285784200000001
1770965700033_SELL,2026.02.13 06:55:00,7,2,2,-1.30397524,-0.42439989999999994
1770982200032_SELL,2026.02.13 11:30:00,7,2,1,-0.13547119,0.0
1771292400019_SELL,2026.02.17 01:40:00,7,2,2,-1.00898572,-0.28266093000000003
1771303500080_SELL,2026.02.17 04:45:00,7,2,1,-0.58317582,0.0
1771305300049_SELL,2026.02.17 05:15:00,7,2,3,-0.4642646,-0.8749461000000001
1771365900046_SELL,2026.02.17 22:05:00,7,2,4,-0.9516787000000001,-0.74675201
1771922100025_SELL,2026.02.24 08:35:00,7,2,2,-1.2914673399999999,-0.8323266999999999
1772533800012_SELL,2026.03.03 10:30:00,7,2,3,1.5190454599999998,0.4596276399999999
1772550600012_SELL,2026.03.03 15:10:00,7,2,1,-0.93661984,0.0
1772578200046_SELL,2026.03.03 22:50:00,7,2,3,0.02197852,-0.39958866
1772601000125_SELL,2026.03.04 05:10:00,7,2,1,-0.66989722,0.0
1774248900012_SELL,2026.03.23 06:55:00,7,2,1,-1.0697240300000002,0.0
1774250700030_SELL,2026.03.23 07:25:00,7,2,2,1.27882854,-0.2706499900000001
1774330800114_SELL,2026.03.24 05:40:00,7,2,3,-0.25510775999999996,-0.30366306
1774487100044_SELL,2026.03.26 01:05:00,7,2,1,-0.37454784,0.0
1774499700030_SELL,2026.03.26 04:35:00,7,2,4,-0.56044589,-0.84666038
1774509300030_SELL,2026.03.26 07:15:00,7,2,3,-0.27611495,-0.79599139
1774533300023_SELL,2026.03.26 13:55:00,7,2,2,-0.6050239099999999,-0.6849522199999999
1774536900013_SELL,2026.03.26 14:55:00,7,2,2,-0.57773895,-0.1209723299999999
1774578300027_SELL,2026.03.27 02:25:00,7,2,2,-1.02171622,-0.31668377000000014
1778600100002_SELL,2026.05.12 15:35:00,7,2,1,-1.13012529,0.0
1778749800032_SELL,2026.05.14 09:10:00,7,2,3,-0.39005225,-0.56130278
1778829600067_SELL,2026.05.15 07:20:00,7,2,3,-0.30818060999999997,-0.67091929
1778870100003_SELL,2026.05.15 18:35:00,7,2,2,-0.05212776999999999,-0.17819830999999997
1778883300079_SELL,2026.05.15 22:15:00,7,2,2,-0.38323053,-0.26391184
1779094800031_SELL,2026.05.18 09:00:00,7,2,1,-1.09470048,0.0
1779187500003_SELL,2026.05.19 10:45:00,7,2,1,-1.1423437000000003,0.0
1779976200048_SELL,2026.05.28 13:50:00,7,2,2,-1.32929488,-0.19300275000000022
1779981600010_SELL,2026.05.28 15:20:00,7,2,2,-0.8079825299999999,-1.1678295699999999
1780305300197_SELL,2026.06.01 09:15:00,7,2,3,1.2659455000000002,0.13591567000000015
1780316700002_SELL,2026.06.01 12:25:00,7,2,3,2.1574111599999997,0.8259307199999997
1780327500017_SELL,2026.06.01 15:25:00,7,2,1,-1.1899430100000001,0.0
1780329600032_SELL,2026.06.01 16:00:00,7,2,2,-0.27936909,-0.29646005999999997
1780353900068_SELL,2026.06.01 22:45:00,7,2,3,1.0634016699999997,0.11756837999999958
1780368600011_SELL,2026.06.02 02:50:00,7,2,1,-1.2639632299999999,0.0
1780372800001_SELL,2026.06.02 04:00:00,7,2,2,-1.3306115699999999,-1.48324547
1780375200009_SELL,2026.06.02 04:40:00,7,2,2,0.36176193999999995,-0.24550281000000007
1780452000017_SELL,2026.06.03 02:00:00,7,2,2,-0.11052545000000003,-0.41973657999999997
1780460100006_SELL,2026.06.03 04:15:00,7,2,3,-0.05526013000000002,-0.5963849300000001
1780471800004_SELL,2026.06.03 07:30:00,7,2,4,2.6152793200000004,1.2866685400000004
1780500300041_SELL,2026.06.03 15:25:00,7,2,4,0.7234703,-0.3111735899999999
1780503900034_SELL,2026.06.03 16:25:00,7,2,2,-0.31659946,-0.4155434
1780510500038_SELL,2026.06.03 18:15:00,7,2,3,-0.12849064,-0.34557375
1780535100018_SELL,2026.06.04 01:05:00,7,2,1,-1.19960294,0.0
1780650300042_SELL,2026.06.05 09:05:00,7,2,1,0.020606109999999983,0.0
1780693500009_SELL,2026.06.05 21:05:00,7,2,6,5.04904854,3.72873818
1780883400031_SELL,2026.06.08 01:50:00,7,2,4,0.6906123,0.3202037099999999
1780892100044_SELL,2026.06.08 04:15:00,7,2,4,-0.84593927,-1.36111329
1780904700039_SELL,2026.06.08 07:45:00,7,2,1,-1.1794166099999999,0.0
1780916100039_SELL,2026.06.08 10:55:00,7,2,2,0.05340410000000001,-0.19890783999999995
1781043300041_SELL,2026.06.09 22:15:00,7,2,3,-0.03317342000000001,-0.33633687
1781087700145_SELL,2026.06.10 10:35:00,7,2,2,0.31931398,-0.25926667000000003
1781100300029_SELL,2026.06.10 14:05:00,7,2,2,-1.06092851,-0.15886318
1781156400033_SELL,2026.06.11 05:40:00,7,2,3,0.9940218000000001,-0.04926833000000008
1781178300012_SELL,2026.06.11 11:45:00,7,2,2,0.16245048999999995,-0.21880209
1781197800031_SELL,2026.06.11 17:10:00,7,2,3,-0.9575009200000001,-0.8031506100000001
1781207700011_SELL,2026.06.11 19:55:00,7,2,2,0.10512811,-0.3344108
1781580000011_SELL,2026.06.16 03:20:00,7,2,2,0.06657692000000004,-0.4622635599999999
1781586000015_SELL,2026.06.16 05:00:00,7,2,5,-0.76567796,-0.93722147
1781599200003_SELL,2026.06.16 08:40:00,7,2,2,-0.8168107199999999,-0.35294329999999985
1781688000014_SELL,2026.06.17 09:20:00,7,2,2,-0.56078564,-0.26162536
1781693700050_SELL,2026.06.17 10:55:00,7,2,2,-0.85866361,-0.47834003999999997
1781706900042_SELL,2026.06.17 14:35:00,7,2,2,-0.7016009000000001,-0.3727963000000001
1783337700009_SELL,2026.07.06 11:35:00,7,2,2,0.9922807999999999,0.10727198999999987
1783351800022_SELL,2026.07.06 15:30:00,7,2,3,1.24237556,0.17821836999999996
1783422000050_SELL,2026.07.07 11:00:00,7,2,1,-1.1878040600000002,0.0
1783425600028_SELL,2026.07.07 12:00:00,7,2,2,-0.57499785,-0.28571941000000006
1783485000006_SELL,2026.07.08 04:30:00,7,2,2,0.058838909999999994,-0.11250241000000002
1783504500004_SELL,2026.07.08 09:55:00,7,2,2,0.5451352100000001,-0.20338778999999985
1783530600036_SELL,2026.07.08 17:10:00,7,2,2,0.24058769000000002,-0.54591802
1783560000085_SELL,2026.07.09 01:20:00,7,2,2,-0.34862016,-0.44958927000000004
1783675800038_SELL,2026.07.10 09:30:00,7,2,3,-1.12992761,-0.74324214
1783693800015_SELL,2026.07.10 14:30:00,7,2,2,-0.20822405,-0.44458148999999997
1783698000056_SELL,2026.07.10 15:40:00,7,2,3,-0.75026208,-0.50755309
1783704900028_SELL,2026.07.10 17:35:00,7,2,1,-1.07572627,0.0
1783933200017_SELL,2026.07.13 09:00:00,7,2,2,-0.27990274,-0.22752234999999998
1783948200078_SELL,2026.07.13 13:10:00,7,2,3,-1.07032291,-0.9545623599999999
1783960500078_SELL,2026.07.13 16:35:00,7,2,2,0.03918716,-0.43929114999999996
1783982400076_SELL,2026.07.13 22:40:00,7,2,1,-0.57935884,0.0
1783995600224_SELL,2026.07.14 02:20:00,7,2,2,-0.16421109,-0.52503628
1784002500017_SELL,2026.07.14 04:15:00,7,2,1,-1.0894211399999998,0.0
1784003400048_SELL,2026.07.14 04:30:00,7,2,2,-0.6903913399999999,-0.6008140999999999
1784111100010_SELL,2026.07.15 10:25:00,7,2,3,-1.5506780900000001,-1.7577510000000003
1786653000045_SELL,2026.08.13 20:30:00,7,2,3,-0.38332431,-0.48385873
1786673100025_SELL,2026.08.14 02:05:00,7,2,1,-1.1756818699999998,0.0
1786695000009_SELL,2026.08.14 08:10:00,7,2,2,-0.6287407300000001,-0.6046121400000001
1787688600090_SELL,2026.08.25 20:10:00,7,2,2,-1.3305408300000001,-0.15179903000000006
1787899200150_SELL,2026.08.28 06:40:00,7,2,2,-0.34967722,-0.56882239
1769055300007_SELL,2026.01.22 04:15:00,7,2.5,2,0.015482104999999996,-0.32589837
1769174100008_SELL,2026.01.23 13:15:00,7,2.5,2,-1.43978887,-1.0424605800000002
1769469300010_SELL,2026.01.26 23:15:00,7,2.5,3,1.1944297499999998,0.33284435499999987
1769482200011_SELL,2026.01.27 02:50:00,7,2.5,3,-1.4196977549999996,-0.2817812799999997
1769721300024_SELL,2026.01.29 21:15:00,7,2.5,1,-0.31534376,0.0
1769742000015_SELL,2026.01.30 03:00:00,7,2.5,3,2.95825784,1.0629528999999998
1769760000047_SELL,2026.01.30 08:00:00,7,2.5,1,-0.4948655099999999,0.0
1769784600035_SELL,2026.01.30 14:50:00,7,2.5,1,-1.0453193500000002,0.0
1769792400039_SELL,2026.01.30 17:00:00,7,2.5,3,0.4306498700000001,-0.36382070999999994
1769813100051_SELL,2026.01.30 22:45:00,7,2.5,2,0.47280626000000003,-0.10704791000000013
1769994300011_SELL,2026.02.02 01:05:00,7,2.5,4,5.843140275,3.6646207
1770000900026_SELL,2026.02.02 02:55:00,7,2.5,3,0.36866242499999996,-0.41073305499999985
1770008100047_SELL,2026.02.02 04:55:00,7,2.5,3,-0.17006642500000002,-0.7407268450000001
1770060000091_SELL,2026.02.02 19:20:00,7,2.5,3,-0.014194659999999998,-0.288847595
1770073200031_SELL,2026.02.02 23:00:00,7,2.5,2,-0.5625422250000001,-0.10121463000000014
1770288900046_SELL,2026.02.05 10:55:00,7,2.5,2,1.095917295,-0.18018490999999992
1770299400010_SELL,2026.02.05 13:50:00,7,2.5,3,-0.5392859,-0.694438745
1770311700035_SELL,2026.02.05 17:15:00,7,2.5,2,-0.16744238,-0.04365042500000002
1770312300005_SELL,2026.02.05 17:25:00,7,2.5,3,0.411688315,-0.08077128999999994
1770324900011_SELL,2026.02.05 20:55:00,7,2.5,3,-0.325171825,-0.48632100000000006
1770348000038_SELL,2026.02.06 03:20:00,7,2.5,2,-0.22153330499999999,-0.344939805
1770700500091_SELL,2026.02.10 05:15:00,7,2.5,4,-1.0114250100000002,-1.0355613450000003
1770708000060_SELL,2026.02.10 07:20:00,7,2.5,5,-0.07012776500000006,-0.5186976900000001
1770713700081_SELL,2026.02.10 08:55:00,7,2.5,1,-0.9970159200000002,0.0
1770754200012_SELL,2026.02.10 20:10:00,7,2.5,3,1.314559955,0.28273946000000016
1770767100003_SELL,2026.02.10 23:45:00,7,2.5,3,-1.6453263750000002,-1.0951888600000004
1770871800022_SELL,2026.02.12 04:50:00,7,2.5,1,-0.919230615,0.0
1770892800280_SELL,2026.02.12 10:40:00,7,2.5,1,-0.5527041350000002,0.0
1770913800023_SELL,2026.02.12 16:30:00,7,2.5,1,-1.13042374,0.0
1770919800044_SELL,2026.02.12 18:10:00,7,2.5,5,30.588205155000004,18.941157965000002
1770934800047_SELL,2026.02.12 22:20:00,7,2.5,3,1.9791461350000001,0.7848809300000004
1770965700033_SELL,2026.02.13 06:55:00,7,2.5,2,-1.371975395,-0.45839833499999993
1770982200032_SELL,2026.02.13 11:30:00,7,2.5,1,-0.16438839,0.0
1771292400019_SELL,2026.02.17 01:40:00,7,2.5,2,-1.082524425,-0.3194269649999999
1771303500080_SELL,2026.02.17 04:45:00,7,2.5,1,-0.6256946,0.0
1771305300049_SELL,2026.02.17 05:15:00,7,2.5,3,-0.589596695,-0.95848407
1771365900046_SELL,2026.02.17 22:05:00,7,2.5,4,-1.059979025,-0.827968165
1771922100025_SELL,2026.02.24 08:35:00,7,2.5,2,-1.355292445,-0.86421054
1772533800012_SELL,2026.03.03 10:30:00,7,2.5,3,1.443827485,0.4094953399999999
1772550600012_SELL,2026.03.03 15:10:00,7,2.5,1,-0.947025205,0.0
1772578200046_SELL,2026.03.03 22:50:00,7,2.5,3,-0.030552599999999985,-0.43459312
1772601000125_SELL,2026.03.04 05:10:00,7,2.5,1,-0.6881396849999999,0.0
1774248900012_SELL,2026.03.23 06:55:00,7,2.5,1,-1.0866113700000002,0.0
1774250700030_SELL,2026.03.23 07:25:00,7,2.5,2,1.24554953,-0.287285255
1774330800114_SELL,2026.03.24 05:40:00,7,2.5,3,-0.292228895,-0.32840537999999997
1774487100044_SELL,2026.03.26 01:05:00,7,2.5,1,-0.38982754000000003,0.0
1774499700030_SELL,2026.03.26 04:35:00,7,2.5,4,-0.65398126,-0.916785875
1774509300030_SELL,2026.03.26 07:15:00,7,2.5,3,-0.41192991500000004,-0.8865243899999999
1774533300023_SELL,2026.03.26 13:55:00,7,2.5,2,-0.64246047,-0.7036553299999999
1774536900013_SELL,2026.03.26 14:55:00,7,2.5,2,-0.6103059449999999,-0.13725490499999982
1774578300027_SELL,2026.03.27 02:25:00,7,2.5,2,-1.06777496,-0.3397077850000001
1778600100002_SELL,2026.05.12 15:35:00,7,2.5,1,-1.1624292,0.0
1778749800032_SELL,2026.05.14 09:10:00,7,2.5,3,-0.505645735,-0.638346995
1778829600067_SELL,2026.05.15 07:20:00,7,2.5,3,-0.42237199000000003,-0.747021755
1778870100003_SELL,2026.05.15 18:35:00,7,2.5,2,-0.09790530499999997,-0.20108541999999996
1778883300079_SELL,2026.05.15 22:15:00,7,2.5,2,-0.46548103,-0.305035055
1779094800031_SELL,2026.05.18 09:00:00,7,2.5,1,-1.11801721,0.0
1779187500003_SELL,2026.05.19 10:45:00,7,2.5,1,-1.1765317750000004,0.0
1779976200048_SELL,2026.05.28 13:50:00,7,2.5,2,-1.39714619,-0.2269262350000003
1779981600010_SELL,2026.05.28 15:20:00,7,2.5,2,-0.8904889149999998,-1.2090477149999999
1780305300197_SELL,2026.06.01 09:15:00,7,2.5,3,1.15850219,0.06430910499999998
1780316700002_SELL,2026.06.01 12:25:00,7,2.5,3,2.0425225399999993,0.7493486399999993
1780327500017_SELL,2026.06.01 15:25:00,7,2.5,1,-1.2316617600000002,0.0
1780329600032_SELL,2026.06.01 16:00:00,7,2.5,2,-0.34960139,-0.33157243
1780353900068_SELL,2026.06.01 22:45:00,7,2.5,3,0.7977065699999997,-0.05953211500000055
1780368600011_SELL,2026.06.02 02:50:00,7,2.5,1,-1.3258479949999997,0.0
1780372800001_SELL,2026.06.02 04:00:00,7,2.5,2,-1.4070888,-1.521455435
1780375200009_SELL,2026.06.02 04:40:00,7,2.5,2,0.3107365299999999,-0.27101392000000013
1780452000017_SELL,2026.06.03 02:00:00,7,2.5,2,-0.2033935,-0.46616480999999993
1780460100006_SELL,2026.06.03 04:15:00,7,2.5,3,-0.14516758500000004,-0.6563155950000001
1780471800004_SELL,2026.06.03 07:30:00,7,2.5,4,2.3453178400000008,1.0842311750000007
1780500300041_SELL,2026.06.03 15:25:00,7,2.5,4,0.55045438,-0.44090873499999983
1780503900034_SELL,2026.06.03 16:25:00,7,2.5,2,-0.37163005499999996,-0.44305155999999996
1780510500038_SELL,2026.06.03 18:15:00,7,2.5,3,-0.21113915,-0.40065976000000003
1780535100018_SELL,2026.06.04 01:05:00,7,2.5,1,-1.2468480499999999,0.0
1780650300042_SELL,2026.06.05 09:05:00,7,2.5,1,-0.016717580000000037,0.0
1780693500009_SELL,2026.06.05 21:05:00,7,2.5,6,4.873691685000001,3.5826241350000005
1780883400031_SELL,2026.06.08 01:50:00,7,2.5,4,0.61283143,0.26187469499999994
1780892100044_SELL,2026.06.08 04:15:00,7,2.5,4,-0.95494661,-1.442833055
1780904700039_SELL,2026.06.08 07:45:00,7,2.5,1,-1.2184884499999997,0.0
1780916100039_SELL,2026.06.08 10:55:00,7,2.5,2,0.003697275,-0.22375876499999994
1781043300041_SELL,2026.06.09 22:15:00,7,2.5,3,-0.12768324000000003,-0.39932950500000003
1781087700145_SELL,2026.06.10 10:35:00,7,2.5,2,0.259851335,-0.28899473
1781100300029_SELL,2026.06.10 14:05:00,7,2.5,2,-1.107085665,-0.18194036999999996
1781156400033_SELL,2026.06.11 05:40:00,7,2.5,3,0.9366488550000001,-0.08748735500000016
1781178300012_SELL,2026.06.11 11:45:00,7,2.5,2,0.10679291499999993,-0.24662860000000003
1781197800031_SELL,2026.06.11 17:10:00,7,2.5,3,-1.003050145,-0.8334986
1781207700011_SELL,2026.06.11 19:55:00,7,2.5,2,0.05944294,-0.357247425
1781580000011_SELL,2026.06.16 03:20:00,7,2.5,2,-0.030535889999999954,-0.5108141649999999
1781586000015_SELL,2026.06.16 05:00:00,7,2.5,5,-0.929706145,-1.06842901
1781599200003_SELL,2026.06.16 08:40:00,7,2.5,2,-0.910665895,-0.3998667599999999
1781688000014_SELL,2026.06.17 09:20:00,7,2.5,2,-0.6461768999999999,-0.3043196549999999
1781693700050_SELL,2026.06.17 10:55:00,7,2.5,2,-0.95291698,-0.52545959
1781706900042_SELL,2026.06.17 14:35:00,7,2.5,2,-0.820602205,-0.43229358
1783337700009_SELL,2026.07.06 11:35:00,7,2.5,2,0.9066000799999998,0.06445107999999977
1783351800022_SELL,2026.07.06 15:30:00,7,2.5,3,1.112431935,0.09160461500000006
1783422000050_SELL,2026.07.07 11:00:00,7,2.5,1,-1.230970735,0.0
1783425600028_SELL,2026.07.07 12:00:00,7,2.5,2,-0.6479844,-0.32221007500000004
1783485000006_SELL,2026.07.08 04:30:00,7,2.5,2,0.014049659999999992,-0.13489646000000002
1783504500004_SELL,2026.07.08 09:55:00,7,2.5,2,0.4599588350000001,-0.2459751499999998
1783530600036_SELL,2026.07.08 17:10:00,7,2.5,2,0.20079585000000003,-0.5658023000000001
1783560000085_SELL,2026.07.09 01:20:00,7,2.5,2,-0.421473525,-0.486008935
1783675800038_SELL,2026.07.10 09:30:00,7,2.5,3,-1.24558106,-0.8203330099999999
1783693800015_SELL,2026.07.10 14:30:00,7,2.5,2,-0.30415804,-0.492542575
1783698000056_SELL,2026.07.10 15:40:00,7,2.5,3,-0.841275875,-0.568223895
1783704900028_SELL,2026.07.10 17:35:00,7,2.5,1,-1.0940925250000002,0.0
1783933200017_SELL,2026.07.13 09:00:00,7,2.5,2,-0.33288495999999995,-0.25401077999999994
1783948200078_SELL,2026.07.13 13:10:00,7,2.5,3,-1.233162155,-1.063110025
1783960500078_SELL,2026.07.13 16:35:00,7,2.5,2,-0.034126230000000035,-0.475940845
1783982400076_SELL,2026.07.13 22:40:00,7,2.5,1,-0.61860304,0.0
1783995600224_SELL,2026.07.14 02:20:00,7,2.5,2,-0.32451940999999995,-0.6051858299999999
1784002500017_SELL,2026.07.14 04:15:00,7,2.5,1,-1.1106339199999997,0.0
1784003400048_SELL,2026.07.14 04:30:00,7,2.5,2,-0.7363040399999998,-0.6237579549999999
1784111100010_SELL,2026.07.15 10:25:00,7,2.5,3,-1.67264312,-1.8390433400000001
1786653000045_SELL,2026.08.13 20:30:00,7,2.5,3,-0.503491235,-0.563957555
1786673100025_SELL,2026.08.14 02:05:00,7,2.5,1,-1.2163313099999997,0.0
1786695000009_SELL,2026.08.14 08:10:00,7,2.5,2,-0.7696184000000001,-0.6750429850000002
1787688600090_SELL,2026.08.25 20:10:00,7,2.5,2,-1.4098753050000001,-0.19146028000000004
1787899200150_SELL,2026.08.28 06:40:00,7,2.5,2,-0.44322120499999995,-0.61558504
1769055300007_SELL,2026.01.22 04:15:00,7,3,2,-0.029817120000000003,-0.34854281
1769174100008_SELL,2026.01.23 13:15:00,7,3,2,-1.5232765900000003,-1.0841839300000002
1769469300010_SELL,2026.01.26 23:15:00,7,3,3,1.1418327199999998,0.29779146999999984
1769482200011_SELL,2026.01.27 02:50:00,7,3,3,-1.5010220699999997,-0.3359774599999996
1769721300024_SELL,2026.01.29 21:15:00,7,3,1,-0.32453172999999996,0.0
1769742000015_SELL,2026.01.30 03:00:00,7,3,3,2.91895358,1.03677457
1769760000047_SELL,2026.01.30 08:00:00,7,3,1,-0.5079884799999999,0.0
1769784600035_SELL,2026.01.30 14:50:00,7,3,1,-1.0542659100000003,0.0
1769792400039_SELL,2026.01.30 17:00:00,7,3,3,0.4115678000000001,-0.37650725
1769813100051_SELL,2026.01.30 22:45:00,7,3,2,0.45997423000000004,-0.1134625600000001
1769994300011_SELL,2026.02.02 01:05:00,7,3,4,5.81837096,3.6460796100000006
1770000900026_SELL,2026.02.02 02:55:00,7,3,3,0.35225147999999995,-0.4216461599999999
1770008100047_SELL,2026.02.02 04:55:00,7,3,3,-0.19060323,-0.7543978600000001
1770060000091_SELL,2026.02.02 19:20:00,7,3,3,-0.03468059,-0.30249962
1770073200031_SELL,2026.02.02 23:00:00,7,3,2,-0.58015852,-0.1100220300000001
1770288900046_SELL,2026.02.05 10:55:00,7,3,2,1.0633810700000002,-0.19645054999999978
1770299400010_SELL,2026.02.05 13:50:00,7,3,3,-0.59344953,-0.73053746
1770311700035_SELL,2026.02.05 17:15:00,7,3,2,-0.18221117000000003,-0.05103465000000007
1770312300005_SELL,2026.02.05 17:25:00,7,3,3,0.38839902000000004,-0.09628147999999992
1770324900011_SELL,2026.02.05 20:55:00,7,3,3,-0.36641858000000005,-0.5138082100000001
1770348000038_SELL,2026.02.06 03:20:00,7,3,2,-0.23387813999999998,-0.35110443999999996
1770700500091_SELL,2026.02.10 05:15:00,7,3,4,-1.1035160200000003,-1.1046102600000003
1770708000060_SELL,2026.02.10 07:20:00,7,3,5,-0.26332869000000025,-0.6732343700000003
1770713700081_SELL,2026.02.10 08:55:00,7,3,1,-1.0270153700000002,0.0
1770754200012_SELL,2026.02.10 20:10:00,7,3,3,1.2165512299999999,0.2174180200000002
1770767100003_SELL,2026.02.10 23:45:00,7,3,3,-1.7692008100000003,-1.1777615700000004
1770871800022_SELL,2026.02.12 04:50:00,7,3,1,-0.95219726,0.0
1770892800280_SELL,2026.02.12 10:40:00,7,3,1,-0.5951425200000001,0.0
1770913800023_SELL,2026.02.12 16:30:00,7,3,1,-1.1539721299999999,0.0
1770919800044_SELL,2026.02.12 18:10:00,7,3,5,30.460521120000003,18.83926099
1770934800047_SELL,2026.02.12 22:20:00,7,3,3,1.9135853100000002,0.7411834400000004
1770965700033_SELL,2026.02.13 06:55:00,7,3,2,-1.43997555,-0.49239676999999993
1770982200032_SELL,2026.02.13 11:30:00,7,3,1,-0.19330558999999997,0.0
1771292400019_SELL,2026.02.17 01:40:00,7,3,2,-1.15606313,-0.35619299999999987
1771303500080_SELL,2026.02.17 04:45:00,7,3,1,-0.6682133800000001,0.0
1771305300049_SELL,2026.02.17 05:15:00,7,3,3,-0.7149287900000001,-1.0420220400000002
1771365900046_SELL,2026.02.17 22:05:00,7,3,4,-1.1682793500000002,-0.9091843200000002
1771922100025_SELL,2026.02.24 08:35:00,7,3,2,-1.4191175499999997,-0.8960943799999997
1772533800012_SELL,2026.03.03 10:30:00,7,3,3,1.3686095099999998,0.35936303999999986
1772550600012_SELL,2026.03.03 15:10:00,7,3,1,-0.95743057,0.0
1772578200046_SELL,2026.03.03 22:50:00,7,3,3,-0.08308372000000003,-0.46959758
1772601000125_SELL,2026.03.04 05:10:00,7,3,1,-0.7063821499999999,0.0
1774248900012_SELL,2026.03.23 06:55:00,7,3,1,-1.1034987100000002,0.0
1774250700030_SELL,2026.03.23 07:25:00,7,3,2,1.21227052,-0.30392052000000014
1774330800114_SELL,2026.03.24 05:40:00,7,3,3,-0.32935002999999996,-0.35314769999999995
1774487100044_SELL,2026.03.26 01:05:00,7,3,1,-0.40510724000000004,0.0
1774499700030_SELL,2026.03.26 04:35:00,7,3,4,-0.7475166299999999,-0.9869113699999998
1774509300030_SELL,2026.03.26 07:15:00,7,3,3,-0.54774488,-0.9770573899999998
1774533300023_SELL,2026.03.26 13:55:00,7,3,2,-0.6798970299999999,-0.7223584399999999
1774536900013_SELL,2026.03.26 14:55:00,7,3,2,-0.64287294,-0.15353747999999984
1774578300027_SELL,2026.03.27 02:25:00,7,3,2,-1.1138336999999998,-0.36273179999999994
1778600100002_SELL,2026.05.12 15:35:00,7,3,1,-1.19473311,0.0
1778749800032_SELL,2026.05.14 09:10:00,7,3,3,-0.62123922,-0.7153912099999999
1778829600067_SELL,2026.05.15 07:20:00,7,3,3,-0.53656337,-0.82312422
1778870100003_SELL,2026.05.15 18:35:00,7,3,2,-0.14368284,-0.22397252999999998
1778883300079_SELL,2026.05.15 22:15:00,7,3,2,-0.5477315300000001,-0.3461582700000001
1779094800031_SELL,2026.05.18 09:00:00,7,3,1,-1.14133394,0.0
1779187500003_SELL,2026.05.19 10:45:00,7,3,1,-1.2107198500000005,0.0
1779976200048_SELL,2026.05.28 13:50:00,7,3,2,-1.4649975,-0.2608497200000004
1779981600010_SELL,2026.05.28 15:20:00,7,3,2,-0.9729952999999998,-1.2502658599999998
1780305300197_SELL,2026.06.01 09:15:00,7,3,3,1.0510588800000003,-0.007297459999999756
1780316700002_SELL,2026.06.01 12:25:00,7,3,3,1.9276339199999994,0.6727665599999995
1780327500017_SELL,2026.06.01 15:25:00,7,3,1,-1.2733805100000002,0.0
1780329600032_SELL,2026.06.01 16:00:00,7,3,2,-0.41983369,-0.3666847999999999
1780353900068_SELL,2026.06.01 22:45:00,7,3,3,0.5320114699999996,-0.2366326100000007
1780368600011_SELL,2026.06.02 02:50:00,7,3,1,-1.3877327599999998,0.0
1780372800001_SELL,2026.06.02 04:00:00,7,3,2,-1.4835660299999998,-1.5596653999999996
1780375200009_SELL,2026.06.02 04:40:00,7,3,2,0.2597111199999999,-0.29652503000000013
1780452000017_SELL,2026.06.03 02:00:00,7,3,2,-0.2962615500000001,-0.51259304
1780460100006_SELL,2026.06.03 04:15:00,7,3,3,-0.23507504,-0.7162462600000001
1780471800004_SELL,2026.06.03 07:30:00,7,3,4,2.0753563600000007,0.8817938100000007
1780500300041_SELL,2026.06.03 15:25:00,7,3,4,0.37743846000000003,-0.5706438799999998
1780503900034_SELL,2026.06.03 16:25:00,7,3,2,-0.42666065,-0.47055972
1780510500038_SELL,2026.06.03 18:15:00,7,3,3,-0.29378765999999995,-0.45574577
1780535100018_SELL,2026.06.04 01:05:00,7,3,1,-1.2940931599999999,0.0
1780650300042_SELL,2026.06.05 09:05:00,7,3,1,-0.05404127000000003,0.0
1780693500009_SELL,2026.06.05 21:05:00,7,3,6,4.69833483,3.43651009
1780883400031_SELL,2026.06.08 01:50:00,7,3,4,0.53505056,0.2035456799999999
1780892100044_SELL,2026.06.08 04:15:00,7,3,4,-1.0639539500000001,-1.5245528200000003
1780904700039_SELL,2026.06.08 07:45:00,7,3,1,-1.2575602899999998,0.0
1780916100039_SELL,2026.06.08 10:55:00,7,3,2,-0.046009549999999955,-0.24860968999999988
1781043300041_SELL,2026.06.09 22:15:00,7,3,3,-0.22219306,-0.46232214
1781087700145_SELL,2026.06.10 10:35:00,7,3,2,0.20038868999999998,-0.3187227900000001
1781100300029_SELL,2026.06.10 14:05:00,7,3,2,-1.15324282,-0.20501755999999982
1781156400033_SELL,2026.06.11 05:40:00,7,3,3,0.87927591,-0.12570638000000023
1781178300012_SELL,2026.06.11 11:45:00,7,3,2,0.05113533999999992,-0.27445511
1781197800031_SELL,2026.06.11 17:10:00,7,3,3,-1.0485993700000003,-0.8638465900000003
1781207700011_SELL,2026.06.11 19:55:00,7,3,2,0.013757770000000002,-0.38008405
1781580000011_SELL,2026.06.16 03:20:00,7,3,2,-0.12764869999999995,-0.5593647699999998
1781586000015_SELL,2026.06.16 05:00:00,7,3,5,-1.09373433,-1.19963655
1781599200003_SELL,2026.06.16 08:40:00,7,3,2,-1.00452107,-0.44679022
1781688000014_SELL,2026.06.17 09:20:00,7,3,2,-0.73156816,-0.34701395
1781693700050_SELL,2026.06.17 10:55:00,7,3,2,-1.04717035,-0.57257914
1781706900042_SELL,2026.06.17 14:35:00,7,3,2,-0.9396035100000001,-0.4917908600000001
1783337700009_SELL,2026.07.06 11:35:00,7,3,2,0.8209193599999998,0.021630169999999782
1783351800022_SELL,2026.07.06 15:30:00,7,3,3,0.9824883099999999,0.00499085999999993
1783422000050_SELL,2026.07.07 11:00:00,7,3,1,-1.2741374100000002,0.0
1783425600028_SELL,2026.07.07 12:00:00,7,3,2,-0.7209709500000001,-0.3587007400000002
1783485000006_SELL,2026.07.08 04:30:00,7,3,2,-0.03073959000000001,-0.15729051000000005
1783504500004_SELL,2026.07.08 09:55:00,7,3,2,0.37478246000000015,-0.2885625099999998
1783530600036_SELL,2026.07.08 17:10:00,7,3,2,0.16100401000000003,-0.58568658
1783560000085_SELL,2026.07.09 01:20:00,7,3,2,-0.49432689,-0.5224286
1783675800038_SELL,2026.07.10 09:30:00,7,3,3,-1.36123451,-0.8974238800000001
1783693800015_SELL,2026.07.10 14:30:00,7,3,2,-0.40009202999999993,-0.5405036599999999
1783698000056_SELL,2026.07.10 15:40:00,7,3,3,-0.9322896700000001,-0.6288947
1783704900028_SELL,2026.07.10 17:35:00,7,3,1,-1.11245878,0.0
1783933200017_SELL,2026.07.13 09:00:00,7,3,2,-0.38586718,-0.28049921
1783948200078_SELL,2026.07.13 13:10:00,7,3,3,-1.3960013999999998,-1.1716576899999998
1783960500078_SELL,2026.07.13 16:35:00,7,3,2,-0.10743962000000001,-0.5125905399999999
1783982400076_SELL,2026.07.13 22:40:00,7,3,1,-0.65784724,0.0
1783995600224_SELL,2026.07.14 02:20:00,7,3,2,-0.48482773,-0.68533538
1784002500017_SELL,2026.07.14 04:15:00,7,3,1,-1.1318466999999997,0.0
1784003400048_SELL,2026.07.14 04:30:00,7,3,2,-0.7822167399999999,-0.6467018099999999
1784111100010_SELL,2026.07.15 10:25:00,7,3,3,-1.7946081500000002,-1.9203356800000002
1786653000045_SELL,2026.08.13 20:30:00,7,3,3,-0.62365816,-0.64405638
1786673100025_SELL,2026.08.14 02:05:00,7,3,1,-1.2569807499999996,0.0
1786695000009_SELL,2026.08.14 08:10:00,7,3,2,-0.9104960700000001,-0.7454738300000001
1787688600090_SELL,2026.08.25 20:10:00,7,3,2,-1.4892097800000001,-0.23112153000000002
1787899200150_SELL,2026.08.28 06:40:00,7,3,2,-0.53676519,-0.66234769
1769055300007_SELL,2026.01.22 04:15:00,10,0,2,0.27128028,-0.18337412000000003
1769174100008_SELL,2026.01.23 13:15:00,10,0,4,-1.02574678,-0.8372403399999999
1769469300010_SELL,2026.01.26 23:15:00,10,0,3,1.7466675,0.79736138
1769482200011_SELL,2026.01.27 02:50:00,10,0,3,-1.03899711,-0.036721309999999896
1769721300024_SELL,2026.01.29 21:15:00,10,0,1,-0.26940391,0.0
1769742000015_SELL,2026.01.30 03:00:00,10,0,3,2.83532013,0.87438554
1769760000047_SELL,2026.01.30 08:00:00,10,0,2,-0.59426919,-0.16501853
1769784600035_SELL,2026.01.30 14:50:00,10,0,1,-1.00058655,0.0
1769792400039_SELL,2026.01.30 17:00:00,10,0,5,0.81374146,-0.012706769999999978
1769813100051_SELL,2026.01.30 22:45:00,10,0,2,0.50739894,-0.10454213000000001
1769994300011_SELL,2026.02.02 01:05:00,10,0,3,4.08393799,1.8742772899999998
1770000900026_SELL,2026.02.02 02:55:00,10,0,3,1.01755594,0.21067126000000003
1770008100047_SELL,2026.02.02 04:55:00,10,0,2,-0.08509932,-0.69008869
1770060000091_SELL,2026.02.02 19:20:00,10,0,2,0.04879219,-0.26003027
1770073200031_SELL,2026.02.02 23:00:00,10,0,2,-0.58995199,-0.17266886999999997
1770288900046_SELL,2026.02.05 10:55:00,10,0,2,1.1458089,-0.21164622999999994
1770299400010_SELL,2026.02.05 13:50:00,10,0,4,-0.30999868,-0.5554761
1770311700035_SELL,2026.02.05 17:15:00,10,0,2,-0.10797466,-0.021105529999999997
1770312300005_SELL,2026.02.05 17:25:00,10,0,4,0.9860663,0.45471116999999994
1770324900011_SELL,2026.02.05 20:55:00,10,0,3,-0.08722124,-0.31716814000000004
1770348000038_SELL,2026.02.06 03:20:00,10,0,2,0.10557882,-0.04872867999999998
1770700500091_SELL,2026.02.10 05:15:00,10,0,3,-0.45654416,-0.5958909699999999
1770708000060_SELL,2026.02.10 07:20:00,10,0,2,0.61726223,-0.024628919999999943
1770713700081_SELL,2026.02.10 08:55:00,10,0,1,-0.84701867,0.0
1770754200012_SELL,2026.02.10 20:10:00,10,0,3,2.01683329,0.8215763700000001
1770767100003_SELL,2026.02.10 23:45:00,10,0,2,-1.04568409,-0.7020552
1770871800022_SELL,2026.02.12 04:50:00,10,0,1,-0.75439739,0.0
1770892800280_SELL,2026.02.12 10:40:00,10,0,1,-0.34051221,0.0
1770913800023_SELL,2026.02.12 16:30:00,10,0,2,-1.0266434,-0.013961609999999958
1770919800044_SELL,2026.02.12 18:10:00,10,0,6,42.39598796,30.62000547
1770934800047_SELL,2026.02.12 22:20:00,10,0,5,2.47344034,1.1698584599999997
1770965700033_SELL,2026.02.13 06:55:00,10,0,1,-0.74356846,0.0
1770982200032_SELL,2026.02.13 11:30:00,10,0,2,-0.05591264,-0.036110249999999997
1771292400019_SELL,2026.02.17 01:40:00,10,0,2,-0.64261087,-0.06337675999999992
1771303500080_SELL,2026.02.17 04:45:00,10,0,1,-0.4131007,0.0
1771305300049_SELL,2026.02.17 05:15:00,10,0,3,-0.32851986,-0.90637786
1771365900046_SELL,2026.02.17 22:05:00,10,0,2,-0.18207772,-0.08548771
1771922100025_SELL,2026.02.24 08:35:00,10,0,3,-1.06707883,-0.73570325
1772533800012_SELL,2026.03.03 10:30:00,10,0,4,1.79441774,0.63465722
1772550600012_SELL,2026.03.03 15:10:00,10,0,2,-1.01979734,-0.12479896000000001
1772578200046_SELL,2026.03.03 22:50:00,10,0,3,0.10506438,-0.38660943999999997
1772601000125_SELL,2026.03.04 05:10:00,10,0,1,-0.59692736,0.0
1774248900012_SELL,2026.03.23 06:55:00,10,0,2,-1.02311794,-0.020943269999999847
1774250700030_SELL,2026.03.23 07:25:00,10,0,2,1.54648829,-0.06956521999999987
1774330800114_SELL,2026.03.24 05:40:00,10,0,3,-0.14026371,-0.23833427000000001
1774487100044_SELL,2026.03.26 01:05:00,10,0,2,-0.46675147,-0.15332243
1774499700030_SELL,2026.03.26 04:35:00,10,0,3,-0.33017281,-0.7100268
1774509300030_SELL,2026.03.26 07:15:00,10,0,3,0.3615495,-0.3394548
1774533300023_SELL,2026.03.26 13:55:00,10,0,3,-0.25641103,-0.41127314
1774536900013_SELL,2026.03.26 14:55:00,10,0,2,-0.60617989,-0.21455095000000007
1774578300027_SELL,2026.03.27 02:25:00,10,0,3,-1.017991,-0.4050974500000001
1778600100002_SELL,2026.05.12 15:35:00,10,0,1,-1.00090965,0.0
1778749800032_SELL,2026.05.14 09:10:00,10,0,4,0.08875844,-0.23668917
1778829600067_SELL,2026.05.15 07:20:00,10,0,4,0.24929245,-0.26580189
1778870100003_SELL,2026.05.15 18:35:00,10,0,2,0.05440806,-0.16322418
1778883300079_SELL,2026.05.15 22:15:00,10,0,2,-0.00903809,-0.05422854
1779094800031_SELL,2026.05.18 09:00:00,10,0,1,-1.00143356,0.0
1779187500003_SELL,2026.05.19 10:45:00,10,0,1,-1.0055914,0.0
1779976200048_SELL,2026.05.28 13:50:00,10,0,2,-1.04085189,-0.0402710599999998
1779981600010_SELL,2026.05.28 15:20:00,10,0,3,-0.53064516,-1.05564516
1780305300197_SELL,2026.06.01 09:15:00,10,0,2,1.24479728,-0.02857953000000002
1780316700002_SELL,2026.06.01 12:25:00,10,0,2,1.35530556,-0.12940104000000008
1780327500017_SELL,2026.06.01 15:25:00,10,0,1,-1.02306801,0.0
1780329600032_SELL,2026.06.01 16:00:00,10,0,2,-0.43682964,-0.59440033
1780353900068_SELL,2026.06.01 22:45:00,10,0,2,1.09470713,-0.20550457999999994
1780368600011_SELL,2026.06.02 02:50:00,10,0,1,-1.01642417,0.0
1780372800001_SELL,2026.06.02 04:00:00,10,0,3,-1.03665752,-1.3423604800000002
1780375200009_SELL,2026.06.02 04:40:00,10,0,2,0.47819457,-0.23112738
1780452000017_SELL,2026.06.03 02:00:00,10,0,2,0.14497041,-0.35000000000000003
1780460100006_SELL,2026.06.03 04:15:00,10,0,2,0.54437926,-0.11665269999999994
1780471800004_SELL,2026.06.03 07:30:00,10,0,4,3.76148667,2.16277943
1780500300041_SELL,2026.06.03 15:25:00,10,0,5,1.38058252,0.17281552999999983
1780503900034_SELL,2026.06.03 16:25:00,10,0,3,-0.20532303,-0.41435670999999996
1780510500038_SELL,2026.06.03 18:15:00,10,0,3,0.15498727,-0.17234583999999997
1780535100018_SELL,2026.06.04 01:05:00,10,0,1,-1.0106225,0.0
1780650300042_SELL,2026.06.05 09:05:00,10,0,2,0.01682187,-0.15307900000000002
1780693500009_SELL,2026.06.05 21:05:00,10,0,3,2.50478371,1.06750211
1780883400031_SELL,2026.06.08 01:50:00,10,0,3,0.71372549,0.26550947999999996
1780892100044_SELL,2026.06.08 04:15:00,10,0,4,0.44396396,-0.18036036000000005
1780904700039_SELL,2026.06.08 07:45:00,10,0,1,-1.02312925,0.0
1780916100039_SELL,2026.06.08 10:55:00,10,0,2,0.2938843,-0.057851240000000026
1781043300041_SELL,2026.06.09 22:15:00,10,0,4,0.27530065,-0.15393154000000003
1781087700145_SELL,2026.06.10 10:35:00,10,0,2,0.66632911,-0.031189880000000003
1781100300029_SELL,2026.06.10 14:05:00,10,0,1,-0.80974547,0.0
1781156400033_SELL,2026.06.11 05:40:00,10,0,4,1.10200992,-0.017895889999999914
1781178300012_SELL,2026.06.11 11:45:00,10,0,2,0.32112745,-0.17144939000000003
1781197800031_SELL,2026.06.11 17:10:00,10,0,3,-0.77754911,-0.6840037400000001
1781207700011_SELL,2026.06.11 19:55:00,10,0,2,0.23634363,-0.29458945999999997
1781580000011_SELL,2026.06.16 03:20:00,10,0,5,0.86049879,0.1374094899999999
1781586000015_SELL,2026.06.16 05:00:00,10,0,6,0.03956522,-0.26326087
1781599200003_SELL,2026.06.16 08:40:00,10,0,1,-0.27614056,0.0
1781688000014_SELL,2026.06.17 09:20:00,10,0,2,-0.40289191,-0.27451949000000003
1781693700050_SELL,2026.06.17 10:55:00,10,0,2,-0.41844717,-0.22665887999999998
1781706900042_SELL,2026.06.17 14:35:00,10,0,2,-0.16507001,-0.07428151
1783337700009_SELL,2026.07.06 11:35:00,10,0,3,1.33500368,0.27855563000000005
1783351800022_SELL,2026.07.06 15:30:00,10,0,3,2.06315789,0.8256812199999999
1783422000050_SELL,2026.07.07 11:00:00,10,0,1,-1.01513736,0.0
1783425600028_SELL,2026.07.07 12:00:00,10,0,2,-0.2211341,-0.0778392
1783485000006_SELL,2026.07.08 04:30:00,10,0,4,0.18122624,-0.07969587999999997
1783504500004_SELL,2026.07.08 09:55:00,10,0,2,0.86312684,-0.05575222000000002
1783530600036_SELL,2026.07.08 17:10:00,10,0,2,0.67115738,-0.19497856999999996
1783560000085_SELL,2026.07.09 01:20:00,10,0,2,0.05363128,-0.19307263
1783675800038_SELL,2026.07.10 09:30:00,10,0,2,-0.54172385,-0.30928869999999997
1783693800015_SELL,2026.07.10 14:30:00,10,0,2,0.21295445,-0.21529461000000003
1783698000056_SELL,2026.07.10 15:40:00,10,0,2,-0.20568107,-0.08434404
1783704900028_SELL,2026.07.10 17:35:00,10,0,2,-1.01124208,-0.008980829999999829
1783933200017_SELL,2026.07.13 09:00:00,10,0,2,-0.07058824,-0.12418301
1783948200078_SELL,2026.07.13 13:10:00,10,0,3,-0.33624017,-0.43764594
1783960500078_SELL,2026.07.13 16:35:00,10,0,2,0.4661397,-0.15899338999999996
1783982400076_SELL,2026.07.13 22:40:00,10,0,1,-0.42238204,0.0
1783995600224_SELL,2026.07.14 02:20:00,10,0,2,0.26456693,-0.41689334
1784002500017_SELL,2026.07.14 04:15:00,10,0,1,-1.00457002,0.0
1784003400048_SELL,2026.07.14 04:30:00,10,0,2,-0.30335488,-0.30565302
1784111100010_SELL,2026.07.15 10:25:00,10,0,2,0.15962475,-0.21013891999999998
1786653000045_SELL,2026.08.13 20:30:00,10,0,3,-0.03489669,-0.29570351
1786673100025_SELL,2026.08.14 02:05:00,10,0,1,-1.01308411,0.0
1786695000009_SELL,2026.08.14 08:10:00,10,0,2,0.02283052,-0.23482819000000002
1787688600090_SELL,2026.08.25 20:10:00,10,0,1,-1.0200489,0.0
1787899200150_SELL,2026.08.28 06:40:00,10,0,2,0.13270142,-0.27356908999999996
1769055300007_SELL,2026.01.22 04:15:00,10,0.5,2,0.22597959,-0.206020025
1769174100008_SELL,2026.01.23 13:15:00,10,0.5,4,-1.1926914,-0.96242059
1769469300010_SELL,2026.01.26 23:15:00,10,0.5,3,1.6940468750000002,0.7622849000000002
1769482200011_SELL,2026.01.27 02:50:00,10,0.5,3,-1.12031332,-0.09090938500000001
1769721300024_SELL,2026.01.29 21:15:00,10,0.5,1,-0.27859188,0.0
1769742000015_SELL,2026.01.30 03:00:00,10,0.5,3,2.79601548,0.8482068199999999
1769760000047_SELL,2026.01.30 08:00:00,10,0.5,2,-0.62050698,-0.17813335000000008
1769784600035_SELL,2026.01.30 14:50:00,10,0.5,1,-1.00953311,0.0
1769792400039_SELL,2026.01.30 17:00:00,10,0.5,5,0.78193657,-0.038116129999999915
1769813100051_SELL,2026.01.30 22:45:00,10,0.5,2,0.49456906,-0.11095463000000005
1769994300011_SELL,2026.02.02 01:05:00,10,0.5,3,4.06528189,1.8618494149999996
1770000900026_SELL,2026.02.02 02:55:00,10,0.5,3,1.00110522,0.19971837999999997
1770008100047_SELL,2026.02.02 04:55:00,10,0.5,2,-0.09879649,-0.69692007
1770060000091_SELL,2026.02.02 19:20:00,10,0.5,2,0.035137260000000003,-0.266851295
1770073200031_SELL,2026.02.02 23:00:00,10,0.5,2,-0.607561185,-0.18146917
1770288900046_SELL,2026.02.05 10:55:00,10,0.5,2,1.11327831,-0.22790623499999985
1770299400010_SELL,2026.02.05 13:50:00,10,0.5,4,-0.382216095,-0.6096286
1770311700035_SELL,2026.02.05 17:15:00,10,0.5,2,-0.1227431,-0.028489404999999995
1770312300005_SELL,2026.02.05 17:25:00,10,0.5,4,0.955002525,0.43142650000000005
1770324900011_SELL,2026.02.05 20:55:00,10,0.5,3,-0.128470145,-0.34465750000000006
1770348000038_SELL,2026.02.06 03:20:00,10,0.5,2,0.09322074,-0.05490655999999999
1770700500091_SELL,2026.02.10 05:15:00,10,0.5,3,-0.5256067799999999,-0.641911495
1770708000060_SELL,2026.02.10 07:20:00,10,0.5,2,0.53993459,-0.06329231499999999
1770713700081_SELL,2026.02.10 08:55:00,10,0.5,1,-0.87701812,0.0
1770754200012_SELL,2026.02.10 20:10:00,10,0.5,3,1.91880432,0.7562346849999999
1770767100003_SELL,2026.02.10 23:45:00,10,0.5,2,-1.128256715,-0.7433261
1770871800022_SELL,2026.02.12 04:50:00,10,0.5,1,-0.787364035,0.0
1770892800280_SELL,2026.02.12 10:40:00,10,0.5,1,-0.382950595,0.0
1770913800023_SELL,2026.02.12 16:30:00,10,0.5,2,-1.07373571,-0.03750553000000001
1770919800044_SELL,2026.02.12 18:10:00,10,0.5,6,42.242541325000005,30.492345895000003
1770934800047_SELL,2026.02.12 22:20:00,10,0.5,5,2.3642658,1.0825472550000002
1770965700033_SELL,2026.02.13 06:55:00,10,0.5,1,-0.77757018,0.0
1770982200032_SELL,2026.02.13 11:30:00,10,0.5,2,-0.113745235,-0.065025645
1771292400019_SELL,2026.02.17 01:40:00,10,0.5,2,-0.71615304,-0.10014626000000004
1771303500080_SELL,2026.02.17 04:45:00,10,0.5,1,-0.45561947999999997,0.0
1771305300049_SELL,2026.02.17 05:15:00,10,0.5,3,-0.453829965,-0.9898938399999999
1771365900046_SELL,2026.02.17 22:05:00,10,0.5,2,-0.236241785,-0.112567605
1771922100025_SELL,2026.02.24 08:35:00,10,0.5,3,-1.162818675,-0.7995018300000001
1772533800012_SELL,2026.03.03 10:30:00,10,0.5,4,1.6941291500000002,0.559454305
1772550600012_SELL,2026.03.03 15:10:00,10,0.5,2,-1.04059852,-0.1351947750000001
1772578200046_SELL,2026.03.03 22:50:00,10,0.5,3,0.052539505,-0.421607655
1772601000125_SELL,2026.03.04 05:10:00,10,0.5,1,-0.615169825,0.0
1774248900012_SELL,2026.03.23 06:55:00,10,0.5,2,-1.05688987,-0.037827859999999935
1774250700030_SELL,2026.03.23 07:25:00,10,0.5,2,1.51320409,-0.08620567499999998
1774330800114_SELL,2026.03.24 05:40:00,10,0.5,3,-0.177379965,-0.26307171
1774487100044_SELL,2026.03.26 01:05:00,10,0.5,2,-0.49730439000000004,-0.16859565000000004
1774499700030_SELL,2026.03.26 04:35:00,10,0.5,3,-0.40031487,-0.7567589849999999
1774509300030_SELL,2026.03.26 07:15:00,10,0.5,3,0.22572107500000002,-0.43000125999999994
1774533300023_SELL,2026.03.26 13:55:00,10,0.5,3,-0.31258489,-0.44871355
1774536900013_SELL,2026.03.26 14:55:00,10,0.5,2,-0.6387381750000001,-0.23082481500000007
1774578300027_SELL,2026.03.27 02:25:00,10,0.5,3,-1.087079745,-0.4511514700000001
1778600100002_SELL,2026.05.12 15:35:00,10,0.5,1,-1.03321356,0.0
1778749800032_SELL,2026.05.14 09:10:00,10,0.5,4,-0.065367385,-0.35226572500000003
1778829600067_SELL,2026.05.15 07:20:00,10,0.5,4,0.09702462,-0.379980805
1778870100003_SELL,2026.05.15 18:35:00,10,0.5,2,0.008634355000000003,-0.18610745999999997
1778883300079_SELL,2026.05.15 22:15:00,10,0.5,2,-0.091290395,-0.09535356
1779094800031_SELL,2026.05.18 09:00:00,10,0.5,1,-1.02475029,0.0
1779187500003_SELL,2026.05.19 10:45:00,10,0.5,1,-1.039779475,0.0
1779976200048_SELL,2026.05.28 13:50:00,10,0.5,2,-1.10869367,-0.07418501500000008
1779981600010_SELL,2026.05.28 15:20:00,10,0.5,3,-0.654386625,-1.1380983850000002
1780305300197_SELL,2026.06.01 09:15:00,10,0.5,2,1.1731249,-0.06441516500000022
1780316700002_SELL,2026.06.01 12:25:00,10,0.5,2,1.2786989599999998,-0.16770110000000016
1780327500017_SELL,2026.06.01 15:25:00,10,0.5,1,-1.06478676,0.0
1780329600032_SELL,2026.06.01 16:00:00,10,0.5,2,-0.507040645,-0.629491405
1780353900068_SELL,2026.06.01 22:45:00,10,0.5,2,0.9175277900000001,-0.2940893149999999
1780368600011_SELL,2026.06.02 02:50:00,10,0.5,1,-1.078308935,0.0
1780372800001_SELL,2026.06.02 04:00:00,10,0.5,3,-1.15140842,-1.4188441150000002
1780375200009_SELL,2026.06.02 04:40:00,10,0.5,2,0.427173545,-0.256634105
1780452000017_SELL,2026.06.03 02:00:00,10,0.5,2,0.052108165,-0.396422425
1780460100006_SELL,2026.06.03 04:15:00,10,0.5,2,0.48443077,-0.1466244
1780471800004_SELL,2026.06.03 07:30:00,10,0.5,4,3.491468485,1.9602853599999999
1780500300041_SELL,2026.06.03 15:25:00,10,0.5,5,1.16432534,-0.0001608750000001713
1780503900034_SELL,2026.06.03 16:25:00,10,0.5,3,-0.287864245,-0.46937549
1780510500038_SELL,2026.06.03 18:15:00,10,0.5,3,0.07234111500000001,-0.22742949499999998
1780535100018_SELL,2026.06.04 01:05:00,10,0.5,1,-1.05786761,0.0
1780650300042_SELL,2026.06.05 09:05:00,10,0.5,2,-0.05781827499999999,-0.190395455
1780693500009_SELL,2026.06.05 21:05:00,10,0.5,3,2.417080585,1.009041795
1780883400031_SELL,2026.06.08 01:50:00,10,0.5,3,0.65538545,0.22662129500000006
1780892100044_SELL,2026.06.08 04:15:00,10,0.5,4,0.334911465,-0.26212528
1780904700039_SELL,2026.06.08 07:45:00,10,0.5,1,-1.0622010899999998,0.0
1780916100039_SELL,2026.06.08 10:55:00,10,0.5,2,0.244174115,-0.08270552500000003
1781043300041_SELL,2026.06.09 22:15:00,10,0.5,4,0.14930346,-0.248411545
1781087700145_SELL,2026.06.10 10:35:00,10,0.5,2,0.606861295,-0.06092310999999995
1781100300029_SELL,2026.06.10 14:05:00,10,0.5,1,-0.832825435,0.0
1781156400033_SELL,2026.06.11 05:40:00,10,0.5,4,1.0255172,-0.07523469000000005
1781178300012_SELL,2026.06.11 11:45:00,10,0.5,2,0.26547307,-0.19927270500000005
1781197800031_SELL,2026.06.11 17:10:00,10,0.5,3,-0.823102075,-0.71435547
1781207700011_SELL,2026.06.11 19:55:00,10,0.5,2,0.19066104,-0.317423505
1781580000011_SELL,2026.06.16 03:20:00,10,0.5,5,0.61781583,-0.05671126500000001
1781586000015_SELL,2026.06.16 05:00:00,10,0.5,6,-0.15726504000000002,-0.42727048500000003
1781599200003_SELL,2026.06.16 08:40:00,10,0.5,1,-0.323072275,0.0
1781688000014_SELL,2026.06.17 09:20:00,10,0.5,2,-0.48827211000000004,-0.317202725
1781693700050_SELL,2026.06.17 10:55:00,10,0.5,2,-0.5127037,-0.27378158999999996
1781706900042_SELL,2026.06.17 14:35:00,10,0.5,2,-0.28407434,-0.13378181499999997
1783337700009_SELL,2026.07.06 11:35:00,10,0.5,3,1.20649792,0.19290967999999986
1783351800022_SELL,2026.07.06 15:30:00,10,0.5,3,1.9332032949999998,0.7390564949999998
1783422000050_SELL,2026.07.07 11:00:00,10,0.5,1,-1.058304035,0.0
1783425600028_SELL,2026.07.07 12:00:00,10,0.5,2,-0.294122155,-0.11433136999999999
1783485000006_SELL,2026.07.08 04:30:00,10,0.5,4,0.0916918,-0.14683511999999999
1783504500004_SELL,2026.07.08 09:55:00,10,0.5,2,0.777951295,-0.09833874999999992
1783530600036_SELL,2026.07.08 17:10:00,10,0.5,2,0.631351965,-0.21487642500000004
1783560000085_SELL,2026.07.09 01:20:00,10,0.5,2,-0.019227624999999998,-0.229497835
1783675800038_SELL,2026.07.10 09:30:00,10,0.5,2,-0.618833645,-0.34783591500000005
1783693800015_SELL,2026.07.10 14:30:00,10,0.5,2,0.117018585,-0.26325757
1783698000056_SELL,2026.07.10 15:40:00,10,0.5,2,-0.266363125,-0.11468310499999998
1783704900028_SELL,2026.07.10 17:35:00,10,0.5,2,-1.047970105,-0.027342599999999884
1783933200017_SELL,2026.07.13 09:00:00,10,0.5,2,-0.12356974,-0.15067072
1783948200078_SELL,2026.07.13 13:10:00,10,0.5,3,-0.49908381999999996,-0.5461980099999999
1783960500078_SELL,2026.07.13 16:35:00,10,0.5,2,0.39281999,-0.19564940499999994
1783982400076_SELL,2026.07.13 22:40:00,10,0.5,1,-0.46162624,0.0
1783995600224_SELL,2026.07.14 02:20:00,10,0.5,2,0.10426702999999998,-0.49703446999999995
1784002500017_SELL,2026.07.14 04:15:00,10,0.5,1,-1.0257828,0.0
1784003400048_SELL,2026.07.14 04:30:00,10,0.5,2,-0.34927775,-0.328607045
1784111100010_SELL,2026.07.15 10:25:00,10,0.5,2,0.07828907,-0.25080191
1786653000045_SELL,2026.08.13 20:30:00,10,0.5,3,-0.155065545,-0.37580426499999997
1786673100025_SELL,2026.08.14 02:05:00,10,0.5,1,-1.05373355,0.0
1786695000009_SELL,2026.08.14 08:10:00,10,0.5,2,-0.11805155500000003,-0.30526344000000005
1787688600090_SELL,2026.08.25 20:10:00,10,0.5,1,-1.059722125,0.0
1787899200150_SELL,2026.08.28 06:40:00,10,0.5,2,0.039152019999999996,-0.320337155
1769055300007_SELL,2026.01.22 04:15:00,10,1,2,0.1806789,-0.22866593
1769174100008_SELL,2026.01.23 13:15:00,10,1,4,-1.35963602,-1.08760084
1769469300010_SELL,2026.01.26 23:15:00,10,1,3,1.64142625,0.7272084200000001
1769482200011_SELL,2026.01.27 02:50:00,10,1,3,-1.20162953,-0.1450974599999999
1769721300024_SELL,2026.01.29 21:15:00,10,1,1,-0.28777985,0.0
1769742000015_SELL,2026.01.30 03:00:00,10,1,3,2.75671083,0.8220280999999998
1769760000047_SELL,2026.01.30 08:00:00,10,1,2,-0.64674477,-0.19124817
1769784600035_SELL,2026.01.30 14:50:00,10,1,1,-1.01847967,0.0
1769792400039_SELL,2026.01.30 17:00:00,10,1,5,0.75013168,-0.06352549000000007
1769813100051_SELL,2026.01.30 22:45:00,10,1,2,0.48173918,-0.11736713000000004
1769994300011_SELL,2026.02.02 01:05:00,10,1,3,4.04662579,1.8494215400000003
1770000900026_SELL,2026.02.02 02:55:00,10,1,3,0.9846545,0.18876550000000003
1770008100047_SELL,2026.02.02 04:55:00,10,1,2,-0.11249366,-0.70375145
1770060000091_SELL,2026.02.02 19:20:00,10,1,2,0.02148233,-0.27367232
1770073200031_SELL,2026.02.02 23:00:00,10,1,2,-0.62517038,-0.19026947000000005
1770288900046_SELL,2026.02.05 10:55:00,10,1,2,1.08074772,-0.24416623999999998
1770299400010_SELL,2026.02.05 13:50:00,10,1,4,-0.45443351,-0.6637811
1770311700035_SELL,2026.02.05 17:15:00,10,1,2,-0.13751154,-0.035873279999999994
1770312300005_SELL,2026.02.05 17:25:00,10,1,4,0.92393875,0.40814183000000004
1770324900011_SELL,2026.02.05 20:55:00,10,1,3,-0.16971905,-0.37214686
1770348000038_SELL,2026.02.06 03:20:00,10,1,2,0.08086266,-0.06108443999999999
1770700500091_SELL,2026.02.10 05:15:00,10,1,3,-0.5946694,-0.68793202
1770708000060_SELL,2026.02.10 07:20:00,10,1,2,0.46260695,-0.10195570999999998
1770713700081_SELL,2026.02.10 08:55:00,10,1,1,-0.90701757,0.0
1770754200012_SELL,2026.02.10 20:10:00,10,1,3,1.82077535,0.690893
1770767100003_SELL,2026.02.10 23:45:00,10,1,2,-1.21082934,-0.7845970000000001
1770871800022_SELL,2026.02.12 04:50:00,10,1,1,-0.82033068,0.0
1770892800280_SELL,2026.02.12 10:40:00,10,1,1,-0.42538898,0.0
1770913800023_SELL,2026.02.12 16:30:00,10,1,2,-1.12082802,-0.06104945000000006
1770919800044_SELL,2026.02.12 18:10:00,10,1,6,42.08909469,30.364686320000004
1770934800047_SELL,2026.02.12 22:20:00,10,1,5,2.25509126,0.9952360499999999
1770965700033_SELL,2026.02.13 06:55:00,10,1,1,-0.8115719,0.0
1770982200032_SELL,2026.02.13 11:30:00,10,1,2,-0.17157783,-0.09394103999999999
1771292400019_SELL,2026.02.17 01:40:00,10,1,2,-0.78969521,-0.13691575999999994
1771303500080_SELL,2026.02.17 04:45:00,10,1,1,-0.49813826,0.0
1771305300049_SELL,2026.02.17 05:15:00,10,1,3,-0.57914007,-1.07340982
1771365900046_SELL,2026.02.17 22:05:00,10,1,2,-0.29040585,-0.1396475
1771922100025_SELL,2026.02.24 08:35:00,10,1,3,-1.25855852,-0.86330041
1772533800012_SELL,2026.03.03 10:30:00,10,1,4,1.59384056,0.48425139000000006
1772550600012_SELL,2026.03.03 15:10:00,10,1,2,-1.0613997,-0.14559058999999996
1772578200046_SELL,2026.03.03 22:50:00,10,1,3,1.4630000000001586e-05,-0.45660586999999997
1772601000125_SELL,2026.03.04 05:10:00,10,1,1,-0.63341229,0.0
1774248900012_SELL,2026.03.23 06:55:00,10,1,2,-1.0906618,-0.0547124499999998
1774250700030_SELL,2026.03.23 07:25:00,10,1,2,1.47991989,-0.10284613000000009
1774330800114_SELL,2026.03.24 05:40:00,10,1,3,-0.21449622,-0.28780914999999996
1774487100044_SELL,2026.03.26 01:05:00,10,1,2,-0.52785731,-0.18386887000000002
1774499700030_SELL,2026.03.26 04:35:00,10,1,3,-0.47045693,-0.80349117
1774509300030_SELL,2026.03.26 07:15:00,10,1,3,0.08989265000000002,-0.5205477199999999
1774533300023_SELL,2026.03.26 13:55:00,10,1,3,-0.36875875,-0.48615396
1774536900013_SELL,2026.03.26 14:55:00,10,1,2,-0.67129646,-0.24709867999999996
1774578300027_SELL,2026.03.27 02:25:00,10,1,3,-1.15616849,-0.49720549
1778600100002_SELL,2026.05.12 15:35:00,10,1,1,-1.06551747,0.0
1778749800032_SELL,2026.05.14 09:10:00,10,1,4,-0.21949321,-0.46784228
1778829600067_SELL,2026.05.15 07:20:00,10,1,4,-0.05524320999999999,-0.49415971999999997
1778870100003_SELL,2026.05.15 18:35:00,10,1,2,-0.037139349999999995,-0.20899073999999998
1778883300079_SELL,2026.05.15 22:15:00,10,1,2,-0.1735427,-0.13647858
1779094800031_SELL,2026.05.18 09:00:00,10,1,1,-1.04806702,0.0
1779187500003_SELL,2026.05.19 10:45:00,10,1,1,-1.07396755,0.0
1779976200048_SELL,2026.05.28 13:50:00,10,1,2,-1.17653545,-0.10809897000000013
1779981600010_SELL,2026.05.28 15:20:00,10,1,3,-0.77812809,-1.22055161
1780305300197_SELL,2026.06.01 09:15:00,10,1,2,1.10145252,-0.10025079999999997
1780316700002_SELL,2026.06.01 12:25:00,10,1,2,1.20209236,-0.20600116000000002
1780327500017_SELL,2026.06.01 15:25:00,10,1,1,-1.10650551,0.0
1780329600032_SELL,2026.06.01 16:00:00,10,1,2,-0.57725165,-0.66458248
1780353900068_SELL,2026.06.01 22:45:00,10,1,2,0.74034845,-0.38267405
1780368600011_SELL,2026.06.02 02:50:00,10,1,1,-1.1401937,0.0
1780372800001_SELL,2026.06.02 04:00:00,10,1,3,-1.26615932,-1.4953277500000002
1780375200009_SELL,2026.06.02 04:40:00,10,1,2,0.37615252,-0.28214083
1780452000017_SELL,2026.06.03 02:00:00,10,1,2,-0.04075408,-0.44284484999999996
1780460100006_SELL,2026.06.03 04:15:00,10,1,2,0.42448228,-0.17659610000000003
1780471800004_SELL,2026.06.03 07:30:00,10,1,4,3.2214503,1.75779129
1780500300041_SELL,2026.06.03 15:25:00,10,1,5,0.94806816,-0.17313727999999995
1780503900034_SELL,2026.06.03 16:25:00,10,1,3,-0.37040546,-0.52439427
1780510500038_SELL,2026.06.03 18:15:00,10,1,3,-0.010305039999999988,-0.28251315
1780535100018_SELL,2026.06.04 01:05:00,10,1,1,-1.10511272,0.0
1780650300042_SELL,2026.06.05 09:05:00,10,1,2,-0.13245842,-0.22771191
1780693500009_SELL,2026.06.05 21:05:00,10,1,3,2.32937746,0.9505814799999999
1780883400031_SELL,2026.06.08 01:50:00,10,1,3,0.59704541,0.18773310999999998
1780892100044_SELL,2026.06.08 04:15:00,10,1,4,0.22585897,-0.34389020000000003
1780904700039_SELL,2026.06.08 07:45:00,10,1,1,-1.10127293,0.0
1780916100039_SELL,2026.06.08 10:55:00,10,1,2,0.19446393,-0.10755980999999998
1781043300041_SELL,2026.06.09 22:15:00,10,1,4,0.023306270000000018,-0.34289155
1781087700145_SELL,2026.06.10 10:35:00,10,1,2,0.54739348,-0.09065634
1781100300029_SELL,2026.06.10 14:05:00,10,1,1,-0.8559054,0.0
1781156400033_SELL,2026.06.11 05:40:00,10,1,4,0.94902448,-0.13257349000000007
1781178300012_SELL,2026.06.11 11:45:00,10,1,2,0.20981869,-0.22709601999999998
1781197800031_SELL,2026.06.11 17:10:00,10,1,3,-0.86865504,-0.7447072
1781207700011_SELL,2026.06.11 19:55:00,10,1,2,0.14497845,-0.34025755
1781580000011_SELL,2026.06.16 03:20:00,10,1,5,0.37513287,-0.25083202
1781586000015_SELL,2026.06.16 05:00:00,10,1,6,-0.3540953,-0.5912801
1781599200003_SELL,2026.06.16 08:40:00,10,1,1,-0.37000399,0.0
1781688000014_SELL,2026.06.17 09:20:00,10,1,2,-0.57365231,-0.35988596000000006
1781693700050_SELL,2026.06.17 10:55:00,10,1,2,-0.60696023,-0.3209043
1781706900042_SELL,2026.06.17 14:35:00,10,1,2,-0.40307867,-0.19328211999999997
1783337700009_SELL,2026.07.06 11:35:00,10,1,3,1.07799216,0.10726373
1783351800022_SELL,2026.07.06 15:30:00,10,1,3,1.8032487,0.65243177
1783422000050_SELL,2026.07.07 11:00:00,10,1,1,-1.10147071,0.0
1783425600028_SELL,2026.07.07 12:00:00,10,1,2,-0.36711021,-0.15082354
1783485000006_SELL,2026.07.08 04:30:00,10,1,4,0.002157359999999997,-0.21397436
1783504500004_SELL,2026.07.08 09:55:00,10,1,2,0.69277575,-0.14092527999999993
1783530600036_SELL,2026.07.08 17:10:00,10,1,2,0.59154655,-0.23477428
1783560000085_SELL,2026.07.09 01:20:00,10,1,2,-0.09208653,-0.26592304
1783675800038_SELL,2026.07.10 09:30:00,10,1,2,-0.69594344,-0.38638312999999996
1783693800015_SELL,2026.07.10 14:30:00,10,1,2,0.02108272,-0.31122053
1783698000056_SELL,2026.07.10 15:40:00,10,1,2,-0.32704518,-0.14502216999999998
1783704900028_SELL,2026.07.10 17:35:00,10,1,2,-1.08469813,-0.04570436999999994
1783933200017_SELL,2026.07.13 09:00:00,10,1,2,-0.17655124,-0.17715843
1783948200078_SELL,2026.07.13 13:10:00,10,1,3,-0.66192747,-0.6547500799999999
1783960500078_SELL,2026.07.13 16:35:00,10,1,2,0.31950028,-0.23230541999999993
1783982400076_SELL,2026.07.13 22:40:00,10,1,1,-0.50087044,0.0
1783995600224_SELL,2026.07.14 02:20:00,10,1,2,-0.05603287000000001,-0.5771756
1784002500017_SELL,2026.07.14 04:15:00,10,1,1,-1.04699558,0.0
1784003400048_SELL,2026.07.14 04:30:00,10,1,2,-0.39520062,-0.35156107000000003
1784111100010_SELL,2026.07.15 10:25:00,10,1,2,-0.003046610000000005,-0.2914649
1786653000045_SELL,2026.08.13 20:30:00,10,1,3,-0.2752344,-0.45590502
1786673100025_SELL,2026.08.14 02:05:00,10,1,1,-1.09438299,0.0
1786695000009_SELL,2026.08.14 08:10:00,10,1,2,-0.25893363,-0.37569869
1787688600090_SELL,2026.08.25 20:10:00,10,1,1,-1.09939535,0.0
1787899200150_SELL,2026.08.28 06:40:00,10,1,2,-0.054397379999999995,-0.36710522
1769055300007_SELL,2026.01.22 04:15:00,10,1.5,2,0.13537821,-0.251311835
1769174100008_SELL,2026.01.23 13:15:00,10,1.5,4,-1.52658064,-1.21278109
1769469300010_SELL,2026.01.26 23:15:00,10,1.5,3,1.588805625,0.69213194
1769482200011_SELL,2026.01.27 02:50:00,10,1.5,3,-1.28294574,-0.1992855349999998
1769721300024_SELL,2026.01.29 21:15:00,10,1.5,1,-0.29696782,0.0
1769742000015_SELL,2026.01.30 03:00:00,10,1.5,3,2.71740618,0.7958493799999997
1769760000047_SELL,2026.01.30 08:00:00,10,1.5,2,-0.6729825599999999,-0.2043629899999999
1769784600035_SELL,2026.01.30 14:50:00,10,1.5,1,-1.02742623,0.0
1769792400039_SELL,2026.01.30 17:00:00,10,1.5,5,0.7183267899999999,-0.08893485000000023
1769813100051_SELL,2026.01.30 22:45:00,10,1.5,2,0.4689093,-0.12377963000000003
1769994300011_SELL,2026.02.02 01:05:00,10,1.5,3,4.027969690000001,1.836993665000001
1770000900026_SELL,2026.02.02 02:55:00,10,1.5,3,0.96820378,0.17781261999999998
1770008100047_SELL,2026.02.02 04:55:00,10,1.5,2,-0.12619082999999998,-0.71058283
1770060000091_SELL,2026.02.02 19:20:00,10,1.5,2,0.007827399999999998,-0.28049334500000006
1770073200031_SELL,2026.02.02 23:00:00,10,1.5,2,-0.642779575,-0.1990697700000001
1770288900046_SELL,2026.02.05 10:55:00,10,1.5,2,1.0482171299999998,-0.2604262450000001
1770299400010_SELL,2026.02.05 13:50:00,10,1.5,4,-0.526650925,-0.7179336000000001
1770311700035_SELL,2026.02.05 17:15:00,10,1.5,2,-0.15227997999999998,-0.04325715499999999
1770312300005_SELL,2026.02.05 17:25:00,10,1.5,4,0.892874975,0.38485716000000003
1770324900011_SELL,2026.02.05 20:55:00,10,1.5,3,-0.210967955,-0.39963622
1770348000038_SELL,2026.02.06 03:20:00,10,1.5,2,0.06850458000000001,-0.06726231999999999
1770700500091_SELL,2026.02.10 05:15:00,10,1.5,3,-0.6637320200000001,-0.7339525450000001
1770708000060_SELL,2026.02.10 07:20:00,10,1.5,2,0.38527931000000004,-0.14061910499999997
1770713700081_SELL,2026.02.10 08:55:00,10,1.5,1,-0.9370170200000001,0.0
1770754200012_SELL,2026.02.10 20:10:00,10,1.5,3,1.7227463799999998,0.625551315
1770767100003_SELL,2026.02.10 23:45:00,10,1.5,2,-1.2934019650000002,-0.8258679000000002
1770871800022_SELL,2026.02.12 04:50:00,10,1.5,1,-0.853297325,0.0
1770892800280_SELL,2026.02.12 10:40:00,10,1.5,1,-0.46782736500000005,0.0
1770913800023_SELL,2026.02.12 16:30:00,10,1.5,2,-1.16792033,-0.08459337000000011
1770919800044_SELL,2026.02.12 18:10:00,10,1.5,6,41.935648055,30.237026745
1770934800047_SELL,2026.02.12 22:20:00,10,1.5,5,2.1459167199999998,0.9079248449999997
1770965700033_SELL,2026.02.13 06:55:00,10,1.5,1,-0.84557362,0.0
1770982200032_SELL,2026.02.13 11:30:00,10,1.5,2,-0.22941042499999997,-0.12285643499999999
1771292400019_SELL,2026.02.17 01:40:00,10,1.5,2,-0.8632373799999999,-0.17368525999999984
1771303500080_SELL,2026.02.17 04:45:00,10,1.5,1,-0.54065704,0.0
1771305300049_SELL,2026.02.17 05:15:00,10,1.5,3,-0.7044501750000001,-1.1569258000000002
1771365900046_SELL,2026.02.17 22:05:00,10,1.5,2,-0.344569915,-0.166727395
1771922100025_SELL,2026.02.24 08:35:00,10,1.5,3,-1.354298365,-0.92709899
1772533800012_SELL,2026.03.03 10:30:00,10,1.5,4,1.49355197,0.4090484750000001
1772550600012_SELL,2026.03.03 15:10:00,10,1.5,2,-1.0822008799999998,-0.15598640499999983
1772578200046_SELL,2026.03.03 22:50:00,10,1.5,3,-0.052510245,-0.49160408499999997
1772601000125_SELL,2026.03.04 05:10:00,10,1.5,1,-0.651654755,0.0
1774248900012_SELL,2026.03.23 06:55:00,10,1.5,2,-1.1244337299999998,-0.07159703999999967
1774250700030_SELL,2026.03.23 07:25:00,10,1.5,2,1.44663569,-0.1194865850000002
1774330800114_SELL,2026.03.24 05:40:00,10,1.5,3,-0.25161247499999995,-0.31254658999999996
1774487100044_SELL,2026.03.26 01:05:00,10,1.5,2,-0.55841023,-0.19914209
1774499700030_SELL,2026.03.26 04:35:00,10,1.5,3,-0.54059899,-0.850223355
1774509300030_SELL,2026.03.26 07:15:00,10,1.5,3,-0.045935774999999957,-0.6110941799999998
1774533300023_SELL,2026.03.26 13:55:00,10,1.5,3,-0.42493261000000004,-0.5235943700000001
1774536900013_SELL,2026.03.26 14:55:00,10,1.5,2,-0.7038547449999999,-0.26337254499999985
1774578300027_SELL,2026.03.27 02:25:00,10,1.5,3,-1.225257235,-0.54325951
1778600100002_SELL,2026.05.12 15:35:00,10,1.5,1,-1.09782138,0.0
1778749800032_SELL,2026.05.14 09:10:00,10,1.5,4,-0.373619035,-0.583418835
1778829600067_SELL,2026.05.15 07:20:00,10,1.5,4,-0.20751103999999998,-0.608338635
1778870100003_SELL,2026.05.15 18:35:00,10,1.5,2,-0.08291305499999999,-0.23187402
1778883300079_SELL,2026.05.15 22:15:00,10,1.5,2,-0.255795005,-0.17760360000000003
1779094800031_SELL,2026.05.18 09:00:00,10,1.5,1,-1.0713837499999999,0.0
1779187500003_SELL,2026.05.19 10:45:00,10,1.5,1,-1.1081556250000002,0.0
1779976200048_SELL,2026.05.28 13:50:00,10,1.5,2,-1.24437723,-0.14201292500000018
1779981600010_SELL,2026.05.28 15:20:00,10,1.5,3,-0.9018695550000001,-1.303004835
1780305300197_SELL,2026.06.01 09:15:00,10,1.5,2,1.0297801400000002,-0.13608643499999973
1780316700002_SELL,2026.06.01 12:25:00,10,1.5,2,1.1254857600000001,-0.24430121999999987
1780327500017_SELL,2026.06.01 15:25:00,10,1.5,1,-1.14822426,0.0
1780329600032_SELL,2026.06.01 16:00:00,10,1.5,2,-0.647462655,-0.699673555
1780353900068_SELL,2026.06.01 22:45:00,10,1.5,2,0.56316911,-0.47125878500000007
1780368600011_SELL,2026.06.02 02:50:00,10,1.5,1,-1.202078465,0.0
1780372800001_SELL,2026.06.02 04:00:00,10,1.5,3,-1.38091022,-1.5718113850000002
1780375200009_SELL,2026.06.02 04:40:00,10,1.5,2,0.325131495,-0.307647555
1780452000017_SELL,2026.06.03 02:00:00,10,1.5,2,-0.13361632499999998,-0.48926727499999995
1780460100006_SELL,2026.06.03 04:15:00,10,1.5,2,0.36453378999999997,-0.20656780000000008
1780471800004_SELL,2026.06.03 07:30:00,10,1.5,4,2.951432115,1.55529722
1780500300041_SELL,2026.06.03 15:25:00,10,1.5,5,0.7318109800000001,-0.3461136849999997
1780503900034_SELL,2026.06.03 16:25:00,10,1.5,3,-0.4529466750000001,-0.5794130500000001
1780510500038_SELL,2026.06.03 18:15:00,10,1.5,3,-0.09295119499999999,-0.337596805
1780535100018_SELL,2026.06.04 01:05:00,10,1.5,1,-1.15235783,0.0
1780650300042_SELL,2026.06.05 09:05:00,10,1.5,2,-0.20709856499999998,-0.265028365
1780693500009_SELL,2026.06.05 21:05:00,10,1.5,3,2.241674335,0.8921211649999998
1780883400031_SELL,2026.06.08 01:50:00,10,1.5,3,0.53870537,0.1488449249999999
1780892100044_SELL,2026.06.08 04:15:00,10,1.5,4,0.11680647500000002,-0.42565512
1780904700039_SELL,2026.06.08 07:45:00,10,1.5,1,-1.14034477,0.0
1780916100039_SELL,2026.06.08 10:55:00,10,1.5,2,0.14475374500000002,-0.13241409499999993
1781043300041_SELL,2026.06.09 22:15:00,10,1.5,4,-0.10269091999999996,-0.43737155499999997
1781087700145_SELL,2026.06.10 10:35:00,10,1.5,2,0.487925665,-0.12038957000000006
1781100300029_SELL,2026.06.10 14:05:00,10,1.5,1,-0.8789853650000001,0.0
1781156400033_SELL,2026.06.11 05:40:00,10,1.5,4,0.87253176,-0.1899122900000001
1781178300012_SELL,2026.06.11 11:45:00,10,1.5,2,0.15416431000000003,-0.2549193349999999
1781197800031_SELL,2026.06.11 17:10:00,10,1.5,3,-0.9142080050000001,-0.7750589300000001
1781207700011_SELL,2026.06.11 19:55:00,10,1.5,2,0.09929586000000001,-0.363091595
1781580000011_SELL,2026.06.16 03:20:00,10,1.5,5,0.13244991000000006,-0.44495277499999997
1781586000015_SELL,2026.06.16 05:00:00,10,1.5,6,-0.55092556,-0.755289715
1781599200003_SELL,2026.06.16 08:40:00,10,1.5,1,-0.416935705,0.0
1781688000014_SELL,2026.06.17 09:20:00,10,1.5,2,-0.6590325100000001,-0.4025691950000001
1781693700050_SELL,2026.06.17 10:55:00,10,1.5,2,-0.70121676,-0.36802700999999993
1781706900042_SELL,2026.06.17 14:35:00,10,1.5,2,-0.522083,-0.252782425
1783337700009_SELL,2026.07.06 11:35:00,10,1.5,3,0.9494864,0.02161778000000003
1783351800022_SELL,2026.07.06 15:30:00,10,1.5,3,1.673294105,0.5658070450000001
1783422000050_SELL,2026.07.07 11:00:00,10,1.5,1,-1.1446373850000002,0.0
1783425600028_SELL,2026.07.07 12:00:00,10,1.5,2,-0.440098265,-0.18731571000000002
1783485000006_SELL,2026.07.08 04:30:00,10,1.5,4,-0.08737708000000002,-0.2811136000000001
1783504500004_SELL,2026.07.08 09:55:00,10,1.5,2,0.607600205,-0.18351180999999994
1783530600036_SELL,2026.07.08 17:10:00,10,1.5,2,0.551741135,-0.25467213499999997
1783560000085_SELL,2026.07.09 01:20:00,10,1.5,2,-0.164945435,-0.302348245
1783675800038_SELL,2026.07.10 09:30:00,10,1.5,2,-0.7730532349999999,-0.4249303449999999
1783693800015_SELL,2026.07.10 14:30:00,10,1.5,2,-0.07485314499999998,-0.35918348999999994
1783698000056_SELL,2026.07.10 15:40:00,10,1.5,2,-0.38772723499999995,-0.17536123499999995
1783704900028_SELL,2026.07.10 17:35:00,10,1.5,2,-1.121426155,-0.06406614
1783933200017_SELL,2026.07.13 09:00:00,10,1.5,2,-0.22953273999999999,-0.20364613999999998
1783948200078_SELL,2026.07.13 13:10:00,10,1.5,3,-0.8247711199999999,-0.7633021499999999
1783960500078_SELL,2026.07.13 16:35:00,10,1.5,2,0.24618057000000004,-0.2689614349999999
1783982400076_SELL,2026.07.13 22:40:00,10,1.5,1,-0.5401146400000001,0.0
1783995600224_SELL,2026.07.14 02:20:00,10,1.5,2,-0.21633277,-0.65731673
1784002500017_SELL,2026.07.14 04:15:00,10,1.5,1,-1.0682083599999999,0.0
1784003400048_SELL,2026.07.14 04:30:00,10,1.5,2,-0.44112349,-0.374515095
1784111100010_SELL,2026.07.15 10:25:00,10,1.5,2,-0.08438229,-0.33212789000000004
1786653000045_SELL,2026.08.13 20:30:00,10,1.5,3,-0.395403255,-0.536005775
1786673100025_SELL,2026.08.14 02:05:00,10,1.5,1,-1.1350324299999999,0.0
1786695000009_SELL,2026.08.14 08:10:00,10,1.5,2,-0.399815705,-0.44613394
1787688600090_SELL,2026.08.25 20:10:00,10,1.5,1,-1.139068575,0.0
1787899200150_SELL,2026.08.28 06:40:00,10,1.5,2,-0.14794677999999997,-0.413873285
1769055300007_SELL,2026.01.22 04:15:00,10,2,2,0.09007752000000002,-0.27395773999999995
1769174100008_SELL,2026.01.23 13:15:00,10,2,4,-1.69352526,-1.3379613399999999
1769469300010_SELL,2026.01.26 23:15:00,10,2,3,1.5361850000000001,0.6570554600000001
1769482200011_SELL,2026.01.27 02:50:00,10,2,3,-1.36426195,-0.2534736099999999
1769721300024_SELL,2026.01.29 21:15:00,10,2,1,-0.30615579,0.0
1769742000015_SELL,2026.01.30 03:00:00,10,2,3,2.6781015299999997,0.7696706599999996
1769760000047_SELL,2026.01.30 08:00:00,10,2,2,-0.6992203499999999,-0.21747781
1769784600035_SELL,2026.01.30 14:50:00,10,2,1,-1.0363727900000002,0.0
1769792400039_SELL,2026.01.30 17:00:00,10,2,5,0.6865218999999999,-0.11434421000000017
1769813100051_SELL,2026.01.30 22:45:00,10,2,2,0.45607942,-0.13019213000000007
1769994300011_SELL,2026.02.02 01:05:00,10,2,3,4.0093135900000005,1.8245657900000007
1770000900026_SELL,2026.02.02 02:55:00,10,2,3,0.9517530599999999,0.16685974000000003
1770008100047_SELL,2026.02.02 04:55:00,10,2,2,-0.13988799999999998,-0.71741421
1770060000091_SELL,2026.02.02 19:20:00,10,2,2,-0.0058275299999999974,-0.28731437000000004
1770073200031_SELL,2026.02.02 23:00:00,10,2,2,-0.6603887700000001,-0.20787007000000013
1770288900046_SELL,2026.02.05 10:55:00,10,2,2,1.01568654,-0.27668625
1770299400010_SELL,2026.02.05 13:50:00,10,2,4,-0.5988683399999999,-0.7720860999999999
1770311700035_SELL,2026.02.05 17:15:00,10,2,2,-0.16704841999999998,-0.05064102999999999
1770312300005_SELL,2026.02.05 17:25:00,10,2,4,0.8618112000000001,0.36157249000000014
1770324900011_SELL,2026.02.05 20:55:00,10,2,3,-0.25221686,-0.42712558
1770348000038_SELL,2026.02.06 03:20:00,10,2,2,0.0561465,-0.0734402
1770700500091_SELL,2026.02.10 05:15:00,10,2,3,-0.73279464,-0.77997307
1770708000060_SELL,2026.02.10 07:20:00,10,2,2,0.30795167,-0.1792825
1770713700081_SELL,2026.02.10 08:55:00,10,2,1,-0.9670164700000001,0.0
1770754200012_SELL,2026.02.10 20:10:00,10,2,3,1.6247174099999997,0.5602096299999999
1770767100003_SELL,2026.02.10 23:45:00,10,2,2,-1.3759745900000002,-0.8671388000000002
1770871800022_SELL,2026.02.12 04:50:00,10,2,1,-0.88626397,0.0
1770892800280_SELL,2026.02.12 10:40:00,10,2,1,-0.5102657500000001,0.0
1770913800023_SELL,2026.02.12 16:30:00,10,2,2,-1.21501264,-0.10813729000000016
1770919800044_SELL,2026.02.12 18:10:00,10,2,6,41.78220142000001,30.109367170000006
1770934800047_SELL,2026.02.12 22:20:00,10,2,5,2.03674218,0.8206136400000001
1770965700033_SELL,2026.02.13 06:55:00,10,2,1,-0.87957534,0.0
1770982200032_SELL,2026.02.13 11:30:00,10,2,2,-0.28724301999999996,-0.15177182999999997
1771292400019_SELL,2026.02.17 01:40:00,10,2,2,-0.93677955,-0.21045475999999996
1771303500080_SELL,2026.02.17 04:45:00,10,2,1,-0.58317582,0.0
1771305300049_SELL,2026.02.17 05:15:00,10,2,3,-0.82976028,-1.24044178
1771365900046_SELL,2026.02.17 22:05:00,10,2,2,-0.39873398000000004,-0.19380729000000002
1771922100025_SELL,2026.02.24 08:35:00,10,2,3,-1.45003821,-0.99089757
1772533800012_SELL,2026.03.03 10:30:00,10,2,4,1.39326338,0.3338455600000001
1772550600012_SELL,2026.03.03 15:10:00,10,2,2,-1.10300206,-0.16638221999999991
1772578200046_SELL,2026.03.03 22:50:00,10,2,3,-0.10503512,-0.5266023
1772601000125_SELL,2026.03.04 05:10:00,10,2,1,-0.66989722,0.0
1774248900012_SELL,2026.03.23 06:55:00,10,2,2,-1.15820566,-0.08848162999999976
1774250700030_SELL,2026.03.23 07:25:00,10,2,2,1.4133514899999997,-0.1361270400000003
1774330800114_SELL,2026.03.24 05:40:00,10,2,3,-0.28872873,-0.33728402999999996
1774487100044_SELL,2026.03.26 01:05:00,10,2,2,-0.5889631500000001,-0.21441531000000008
1774499700030_SELL,2026.03.26 04:35:00,10,2,3,-0.61074105,-0.89695554
1774509300030_SELL,2026.03.26 07:15:00,10,2,3,-0.1817642,-0.7016406399999999
1774533300023_SELL,2026.03.26 13:55:00,10,2,3,-0.48110647000000006,-0.5610347800000001
1774536900013_SELL,2026.03.26 14:55:00,10,2,2,-0.7364130299999999,-0.27964640999999985
1774578300027_SELL,2026.03.27 02:25:00,10,2,3,-1.29434598,-0.58931353
1778600100002_SELL,2026.05.12 15:35:00,10,2,1,-1.13012529,0.0
1778749800032_SELL,2026.05.14 09:10:00,10,2,4,-0.52774486,-0.69899539
1778829600067_SELL,2026.05.15 07:20:00,10,2,4,-0.35977887,-0.72251755
1778870100003_SELL,2026.05.15 18:35:00,10,2,2,-0.12868675999999998,-0.25475729999999996
1778883300079_SELL,2026.05.15 22:15:00,10,2,2,-0.33804731,-0.21872861999999998
1779094800031_SELL,2026.05.18 09:00:00,10,2,1,-1.09470048,0.0
1779187500003_SELL,2026.05.19 10:45:00,10,2,1,-1.1423437000000003,0.0
1779976200048_SELL,2026.05.28 13:50:00,10,2,2,-1.3122190100000002,-0.17592688000000045
1779981600010_SELL,2026.05.28 15:20:00,10,2,3,-1.0256110200000002,-1.3854580600000002
1780305300197_SELL,2026.06.01 09:15:00,10,2,2,0.9581077600000001,-0.17192206999999993
1780316700002_SELL,2026.06.01 12:25:00,10,2,2,1.04887916,-0.28260127999999995
1780327500017_SELL,2026.06.01 15:25:00,10,2,1,-1.1899430100000001,0.0
1780329600032_SELL,2026.06.01 16:00:00,10,2,2,-0.71767366,-0.7347646299999999
1780353900068_SELL,2026.06.01 22:45:00,10,2,2,0.3859897700000001,-0.55984352
1780368600011_SELL,2026.06.02 02:50:00,10,2,1,-1.2639632299999999,0.0
1780372800001_SELL,2026.06.02 04:00:00,10,2,3,-1.49566112,-1.64829502
1780375200009_SELL,2026.06.02 04:40:00,10,2,2,0.27411047,-0.33315428
1780452000017_SELL,2026.06.03 02:00:00,10,2,2,-0.22647857,-0.5356896999999999
1780460100006_SELL,2026.06.03 04:15:00,10,2,2,0.30458529999999995,-0.23653950000000012
1780471800004_SELL,2026.06.03 07:30:00,10,2,4,2.6814139299999997,1.3528031499999997
1780500300041_SELL,2026.06.03 15:25:00,10,2,5,0.5155538000000002,-0.5190900899999997
1780503900034_SELL,2026.06.03 16:25:00,10,2,3,-0.5354878900000001,-0.63443183
1780510500038_SELL,2026.06.03 18:15:00,10,2,3,-0.17559734999999999,-0.39268046
1780535100018_SELL,2026.06.04 01:05:00,10,2,1,-1.19960294,0.0
1780650300042_SELL,2026.06.05 09:05:00,10,2,2,-0.28173870999999995,-0.30234481999999996
1780693500009_SELL,2026.06.05 21:05:00,10,2,3,2.15397121,0.8336608499999998
1780883400031_SELL,2026.06.08 01:50:00,10,2,3,0.48036533000000003,0.10995674
1780892100044_SELL,2026.06.08 04:15:00,10,2,4,0.007753979999999994,-0.50742004
1780904700039_SELL,2026.06.08 07:45:00,10,2,1,-1.1794166099999999,0.0
1780916100039_SELL,2026.06.08 10:55:00,10,2,2,0.09504356000000003,-0.15726837999999993
1781043300041_SELL,2026.06.09 22:15:00,10,2,4,-0.22868810999999994,-0.53185156
1781087700145_SELL,2026.06.10 10:35:00,10,2,2,0.42845785000000003,-0.1501228
1781100300029_SELL,2026.06.10 14:05:00,10,2,1,-0.9020653300000001,0.0
1781156400033_SELL,2026.06.11 05:40:00,10,2,4,0.7960390399999999,-0.24725109000000023
1781178300012_SELL,2026.06.11 11:45:00,10,2,2,0.09850993000000002,-0.28274264999999993
1781197800031_SELL,2026.06.11 17:10:00,10,2,3,-0.95976097,-0.8054106600000001
1781207700011_SELL,2026.06.11 19:55:00,10,2,2,0.05361327000000002,-0.38592563999999996
1781580000011_SELL,2026.06.16 03:20:00,10,2,5,-0.11023304999999994,-0.6390735299999999
1781586000015_SELL,2026.06.16 05:00:00,10,2,6,-0.7477558200000001,-0.9192993300000001
1781599200003_SELL,2026.06.16 08:40:00,10,2,1,-0.46386742000000003,0.0
1781688000014_SELL,2026.06.17 09:20:00,10,2,2,-0.7444127100000001,-0.4452524300000001
1781693700050_SELL,2026.06.17 10:55:00,10,2,2,-0.79547329,-0.41514971999999994
1781706900042_SELL,2026.06.17 14:35:00,10,2,2,-0.64108733,-0.31228272999999995
1783337700009_SELL,2026.07.06 11:35:00,10,2,3,0.8209806399999999,-0.06402817000000005
1783351800022_SELL,2026.07.06 15:30:00,10,2,3,1.54333951,0.47918232000000005
1783422000050_SELL,2026.07.07 11:00:00,10,2,1,-1.1878040600000002,0.0
1783425600028_SELL,2026.07.07 12:00:00,10,2,2,-0.51308632,-0.22380788000000001
1783485000006_SELL,2026.07.08 04:30:00,10,2,4,-0.17691152000000002,-0.34825284
1783504500004_SELL,2026.07.08 09:55:00,10,2,2,0.5224246600000001,-0.22609833999999984
1783530600036_SELL,2026.07.08 17:10:00,10,2,2,0.51193572,-0.27456999000000004
1783560000085_SELL,2026.07.09 01:20:00,10,2,2,-0.23780434,-0.33877345000000003
1783675800038_SELL,2026.07.10 09:30:00,10,2,2,-0.8501630299999999,-0.46347755999999996
1783693800015_SELL,2026.07.10 14:30:00,10,2,2,-0.17078901,-0.40714644999999994
1783698000056_SELL,2026.07.10 15:40:00,10,2,2,-0.44840928999999996,-0.20570029999999995
1783704900028_SELL,2026.07.10 17:35:00,10,2,2,-1.1581541800000001,-0.08242791000000005
1783933200017_SELL,2026.07.13 09:00:00,10,2,2,-0.28251424,-0.23013385000000003
1783948200078_SELL,2026.07.13 13:10:00,10,2,3,-0.98761477,-0.8718542199999999
1783960500078_SELL,2026.07.13 16:35:00,10,2,2,0.17286086000000006,-0.3056174499999999
1783982400076_SELL,2026.07.13 22:40:00,10,2,1,-0.57935884,0.0
1783995600224_SELL,2026.07.14 02:20:00,10,2,2,-0.37663267,-0.73745786
1784002500017_SELL,2026.07.14 04:15:00,10,2,1,-1.0894211399999998,0.0
1784003400048_SELL,2026.07.14 04:30:00,10,2,2,-0.48704636,-0.39746912
1784111100010_SELL,2026.07.15 10:25:00,10,2,2,-0.16571797000000002,-0.37279088000000005
1786653000045_SELL,2026.08.13 20:30:00,10,2,3,-0.5155721099999999,-0.6161065299999999
1786673100025_SELL,2026.08.14 02:05:00,10,2,1,-1.1756818699999998,0.0
1786695000009_SELL,2026.08.14 08:10:00,10,2,2,-0.5406977800000001,-0.5165691900000001
1787688600090_SELL,2026.08.25 20:10:00,10,2,1,-1.1787418,0.0
1787899200150_SELL,2026.08.28 06:40:00,10,2,2,-0.24149617999999998,-0.46064135000000006
1769055300007_SELL,2026.01.22 04:15:00,10,2.5,2,0.044776830000000045,-0.2966036449999999
1769174100008_SELL,2026.01.23 13:15:00,10,2.5,4,-1.86046988,-1.46314159
1769469300010_SELL,2026.01.26 23:15:00,10,2.5,3,1.4835643750000003,0.6219789800000003
1769482200011_SELL,2026.01.27 02:50:00,10,2.5,3,-1.44557816,-0.307661685
1769721300024_SELL,2026.01.29 21:15:00,10,2.5,1,-0.31534376,0.0
1769742000015_SELL,2026.01.30 03:00:00,10,2.5,3,2.6387968799999997,0.7434919399999995
1769760000047_SELL,2026.01.30 08:00:00,10,2.5,2,-0.72545814,-0.23059263000000008
1769784600035_SELL,2026.01.30 14:50:00,10,2.5,1,-1.0453193500000002,0.0
1769792400039_SELL,2026.01.30 17:00:00,10,2.5,5,0.6547170099999999,-0.1397535700000001
1769813100051_SELL,2026.01.30 22:45:00,10,2.5,2,0.44324954000000005,-0.13660463000000012
1769994300011_SELL,2026.02.02 01:05:00,10,2.5,3,3.9906574900000007,1.812137915000001
1770000900026_SELL,2026.02.02 02:55:00,10,2.5,3,0.9353023399999999,0.1559068600000001
1770008100047_SELL,2026.02.02 04:55:00,10,2.5,2,-0.15358517,-0.72424559
1770060000091_SELL,2026.02.02 19:20:00,10,2.5,2,-0.019482459999999993,-0.29413539499999997
1770073200031_SELL,2026.02.02 23:00:00,10,2.5,2,-0.6779979650000001,-0.21667037000000017
1770288900046_SELL,2026.02.05 10:55:00,10,2.5,2,0.9831559499999999,-0.29294625500000004
1770299400010_SELL,2026.02.05 13:50:00,10,2.5,4,-0.671085755,-0.8262385999999999
1770311700035_SELL,2026.02.05 17:15:00,10,2.5,2,-0.18181685999999997,-0.05802490499999999
1770312300005_SELL,2026.02.05 17:25:00,10,2.5,4,0.8307474250000002,0.33828782000000024
1770324900011_SELL,2026.02.05 20:55:00,10,2.5,3,-0.293465765,-0.45461494
1770348000038_SELL,2026.02.06 03:20:00,10,2.5,2,0.04378842,-0.07961808000000001
1770700500091_SELL,2026.02.10 05:15:00,10,2.5,3,-0.80185726,-0.825993595
1770708000060_SELL,2026.02.10 07:20:00,10,2.5,2,0.23062402999999998,-0.21794589500000006
1770713700081_SELL,2026.02.10 08:55:00,10,2.5,1,-0.9970159200000002,0.0
1770754200012_SELL,2026.02.10 20:10:00,10,2.5,3,1.5266884399999996,0.49486794499999975
1770767100003_SELL,2026.02.10 23:45:00,10,2.5,2,-1.4585472150000003,-0.9084097000000003
1770871800022_SELL,2026.02.12 04:50:00,10,2.5,1,-0.919230615,0.0
1770892800280_SELL,2026.02.12 10:40:00,10,2.5,1,-0.5527041350000002,0.0
1770913800023_SELL,2026.02.12 16:30:00,10,2.5,2,-1.2621049500000001,-0.13168121000000022
1770919800044_SELL,2026.02.12 18:10:00,10,2.5,6,41.62875478500001,29.98170759500001
1770934800047_SELL,2026.02.12 22:20:00,10,2.5,5,1.9275676400000001,0.7333024350000004
1770965700033_SELL,2026.02.13 06:55:00,10,2.5,1,-0.91357706,0.0
1770982200032_SELL,2026.02.13 11:30:00,10,2.5,2,-0.345075615,-0.180687225
1771292400019_SELL,2026.02.17 01:40:00,10,2.5,2,-1.01032172,-0.24722426000000008
1771303500080_SELL,2026.02.17 04:45:00,10,2.5,1,-0.6256946,0.0
1771305300049_SELL,2026.02.17 05:15:00,10,2.5,3,-0.9550703850000001,-1.32395776
1771365900046_SELL,2026.02.17 22:05:00,10,2.5,2,-0.4528980450000001,-0.22088718500000004
1771922100025_SELL,2026.02.24 08:35:00,10,2.5,3,-1.545778055,-1.05469615
1772533800012_SELL,2026.03.03 10:30:00,10,2.5,4,1.2929747900000002,0.2586426450000001
1772550600012_SELL,2026.03.03 15:10:00,10,2.5,2,-1.12380324,-0.176778035
1772578200046_SELL,2026.03.03 22:50:00,10,2.5,3,-0.157559995,-0.5616005150000001
1772601000125_SELL,2026.03.04 05:10:00,10,2.5,1,-0.6881396849999999,0.0
1774248900012_SELL,2026.03.23 06:55:00,10,2.5,2,-1.19197759,-0.10536621999999984
1774250700030_SELL,2026.03.23 07:25:00,10,2.5,2,1.3800672899999995,-0.15276749500000042
1774330800114_SELL,2026.03.24 05:40:00,10,2.5,3,-0.3258449849999999,-0.3620214699999999
1774487100044_SELL,2026.03.26 01:05:00,10,2.5,2,-0.6195160700000001,-0.22968853000000006
1774499700030_SELL,2026.03.26 04:35:00,10,2.5,3,-0.68088311,-0.943687725
1774509300030_SELL,2026.03.26 07:15:00,10,2.5,3,-0.317592625,-0.7921870999999998
1774533300023_SELL,2026.03.26 13:55:00,10,2.5,3,-0.5372803300000001,-0.59847519
1774536900013_SELL,2026.03.26 14:55:00,10,2.5,2,-0.7689713149999999,-0.29592027499999984
1774578300027_SELL,2026.03.27 02:25:00,10,2.5,3,-1.3634347249999998,-0.63536755
1778600100002_SELL,2026.05.12 15:35:00,10,2.5,1,-1.1624292,0.0
1778749800032_SELL,2026.05.14 09:10:00,10,2.5,4,-0.6818706849999999,-0.814571945
1778829600067_SELL,2026.05.15 07:20:00,10,2.5,4,-0.5120467,-0.836696465
1778870100003_SELL,2026.05.15 18:35:00,10,2.5,2,-0.17446046499999998,-0.27764057999999997
1778883300079_SELL,2026.05.15 22:15:00,10,2.5,2,-0.420299615,-0.25985364
1779094800031_SELL,2026.05.18 09:00:00,10,2.5,1,-1.11801721,0.0
1779187500003_SELL,2026.05.19 10:45:00,10,2.5,1,-1.1765317750000004,0.0
1779976200048_SELL,2026.05.28 13:50:00,10,2.5,2,-1.3800607900000004,-0.20984083500000072
1779981600010_SELL,2026.05.28 15:20:00,10,2.5,3,-1.149352485,-1.467911285
1780305300197_SELL,2026.06.01 09:15:00,10,2.5,2,0.8864353800000001,-0.20775770500000001
1780316700002_SELL,2026.06.01 12:25:00,10,2.5,2,0.9722725600000001,-0.3209013399999999
1780327500017_SELL,2026.06.01 15:25:00,10,2.5,1,-1.2316617600000002,0.0
1780329600032_SELL,2026.06.01 16:00:00,10,2.5,2,-0.787884665,-0.7698557049999999
1780353900068_SELL,2026.06.01 22:45:00,10,2.5,2,0.2088104300000002,-0.648428255
1780368600011_SELL,2026.06.02 02:50:00,10,2.5,1,-1.3258479949999997,0.0
1780372800001_SELL,2026.06.02 04:00:00,10,2.5,3,-1.61041202,-1.7247786550000002
1780375200009_SELL,2026.06.02 04:40:00,10,2.5,2,0.223089445,-0.35866100500000003
1780452000017_SELL,2026.06.03 02:00:00,10,2.5,2,-0.319340815,-0.5821121249999999
1780460100006_SELL,2026.06.03 04:15:00,10,2.5,2,0.24463680999999993,-0.26651120000000017
1780471800004_SELL,2026.06.03 07:30:00,10,2.5,4,2.4113957449999996,1.1503090799999995
1780500300041_SELL,2026.06.03 15:25:00,10,2.5,5,0.29929662000000024,-0.6920664949999996
1780503900034_SELL,2026.06.03 16:25:00,10,2.5,3,-0.6180291050000001,-0.6894506100000001
1780510500038_SELL,2026.06.03 18:15:00,10,2.5,3,-0.258243505,-0.447764115
1780535100018_SELL,2026.06.04 01:05:00,10,2.5,1,-1.2468480499999999,0.0
1780650300042_SELL,2026.06.05 09:05:00,10,2.5,2,-0.35637885499999994,-0.3396612749999999
1780693500009_SELL,2026.06.05 21:05:00,10,2.5,3,2.066268085,0.7752005349999997
1780883400031_SELL,2026.06.08 01:50:00,10,2.5,3,0.42202529000000005,0.07106855500000003
1780892100044_SELL,2026.06.08 04:15:00,10,2.5,4,-0.10129851500000003,-0.5891849600000001
1780904700039_SELL,2026.06.08 07:45:00,10,2.5,1,-1.2184884499999997,0.0
1780916100039_SELL,2026.06.08 10:55:00,10,2.5,2,0.04533337500000004,-0.1821226649999999
1781043300041_SELL,2026.06.09 22:15:00,10,2.5,4,-0.3546852999999999,-0.6263315649999999
1781087700145_SELL,2026.06.10 10:35:00,10,2.5,2,0.36899003500000005,-0.17985602999999994
1781100300029_SELL,2026.06.10 14:05:00,10,2.5,1,-0.9251452950000001,0.0
1781156400033_SELL,2026.06.11 05:40:00,10,2.5,4,0.7195463199999999,-0.30458989000000036
1781178300012_SELL,2026.06.11 11:45:00,10,2.5,2,0.04285555000000002,-0.31056596499999994
1781197800031_SELL,2026.06.11 17:10:00,10,2.5,3,-1.005313935,-0.83576239
1781207700011_SELL,2026.06.11 19:55:00,10,2.5,2,0.007930680000000023,-0.408759685
1781580000011_SELL,2026.06.16 03:20:00,10,2.5,5,-0.35291600999999984,-0.8331942849999998
1781586000015_SELL,2026.06.16 05:00:00,10,2.5,6,-0.9445860800000001,-1.0833089450000002
1781599200003_SELL,2026.06.16 08:40:00,10,2.5,1,-0.5107991350000001,0.0
1781688000014_SELL,2026.06.17 09:20:00,10,2.5,2,-0.8297929100000001,-0.4879356650000001
1781693700050_SELL,2026.06.17 10:55:00,10,2.5,2,-0.88972982,-0.46227242999999996
1781706900042_SELL,2026.06.17 14:35:00,10,2.5,2,-0.76009166,-0.37178303499999993
1783337700009_SELL,2026.07.06 11:35:00,10,2.5,3,0.6924748799999999,-0.14967412000000013
1783351800022_SELL,2026.07.06 15:30:00,10,2.5,3,1.413384915,0.392557595
1783422000050_SELL,2026.07.07 11:00:00,10,2.5,1,-1.230970735,0.0
1783425600028_SELL,2026.07.07 12:00:00,10,2.5,2,-0.5860743749999999,-0.26030004999999995
1783485000006_SELL,2026.07.08 04:30:00,10,2.5,4,-0.26644596,-0.41539208
1783504500004_SELL,2026.07.08 09:55:00,10,2.5,2,0.43724911500000013,-0.2686848699999998
1783530600036_SELL,2026.07.08 17:10:00,10,2.5,2,0.472130305,-0.2944678450000001
1783560000085_SELL,2026.07.09 01:20:00,10,2.5,2,-0.31066324500000003,-0.37519865500000005
1783675800038_SELL,2026.07.10 09:30:00,10,2.5,2,-0.927272825,-0.502024775
1783693800015_SELL,2026.07.10 14:30:00,10,2.5,2,-0.266724875,-0.45510940999999994
1783698000056_SELL,2026.07.10 15:40:00,10,2.5,2,-0.509091345,-0.23603936499999995
1783704900028_SELL,2026.07.10 17:35:00,10,2.5,2,-1.1948822050000003,-0.1007896800000001
1783933200017_SELL,2026.07.13 09:00:00,10,2.5,2,-0.33549574000000004,-0.25662156
1783948200078_SELL,2026.07.13 13:10:00,10,2.5,3,-1.1504584199999999,-0.9804062899999999
1783960500078_SELL,2026.07.13 16:35:00,10,2.5,2,0.09954115000000008,-0.3422734649999999
1783982400076_SELL,2026.07.13 22:40:00,10,2.5,1,-0.61860304,0.0
1783995600224_SELL,2026.07.14 02:20:00,10,2.5,2,-0.53693257,-0.81759899
1784002500017_SELL,2026.07.14 04:15:00,10,2.5,1,-1.1106339199999997,0.0
1784003400048_SELL,2026.07.14 04:30:00,10,2.5,2,-0.53296923,-0.420423145
1784111100010_SELL,2026.07.15 10:25:00,10,2.5,2,-0.24705365000000004,-0.4134538700000001
1786653000045_SELL,2026.08.13 20:30:00,10,2.5,3,-0.6357409649999999,-0.6962072849999998
1786673100025_SELL,2026.08.14 02:05:00,10,2.5,1,-1.2163313099999997,0.0
1786695000009_SELL,2026.08.14 08:10:00,10,2.5,2,-0.6815798550000002,-0.5870044400000002
1787688600090_SELL,2026.08.25 20:10:00,10,2.5,1,-1.218415025,0.0
1787899200150_SELL,2026.08.28 06:40:00,10,2.5,2,-0.33504557999999995,-0.507409415
1769055300007_SELL,2026.01.22 04:15:00,10,3,2,-0.0005238599999999871,-0.31924954999999994
1769174100008_SELL,2026.01.23 13:15:00,10,3,4,-2.0274145,-1.5883218399999999
1769469300010_SELL,2026.01.26 23:15:00,10,3,3,1.4309437500000002,0.5869025000000002
1769482200011_SELL,2026.01.27 02:50:00,10,3,3,-1.52689437,-0.3618497599999999
1769721300024_SELL,2026.01.29 21:15:00,10,3,1,-0.32453172999999996,0.0
1769742000015_SELL,2026.01.30 03:00:00,10,3,3,2.5994922299999996,0.7173132199999994
1769760000047_SELL,2026.01.30 08:00:00,10,3,2,-0.7516959299999999,-0.24370745000000005
1769784600035_SELL,2026.01.30 14:50:00,10,3,1,-1.0542659100000003,0.0
1769792400039_SELL,2026.01.30 17:00:00,10,3,5,0.6229121199999998,-0.16516293000000026
1769813100051_SELL,2026.01.30 22:45:00,10,3,2,0.43041966000000004,-0.1430171300000001
1769994300011_SELL,2026.02.02 01:05:00,10,3,3,3.972001390000001,1.7997100400000012
1770000900026_SELL,2026.02.02 02:55:00,10,3,3,0.9188516199999999,0.14495398000000004
1770008100047_SELL,2026.02.02 04:55:00,10,3,2,-0.16728233999999997,-0.73107697
1770060000091_SELL,2026.02.02 19:20:00,10,3,2,-0.03313739,-0.30095642
1770073200031_SELL,2026.02.02 23:00:00,10,3,2,-0.6956071600000001,-0.2254706700000002
1770288900046_SELL,2026.02.05 10:55:00,10,3,2,0.9506253599999999,-0.30920626000000007
1770299400010_SELL,2026.02.05 13:50:00,10,3,4,-0.7433031699999999,-0.8803910999999999
1770311700035_SELL,2026.02.05 17:15:00,10,3,2,-0.19658529999999996,-0.06540878
1770312300005_SELL,2026.02.05 17:25:00,10,3,4,0.7996836500000002,0.31500315000000023
1770324900011_SELL,2026.02.05 20:55:00,10,3,3,-0.33471467,-0.48210430000000004
1770348000038_SELL,2026.02.06 03:20:00,10,3,2,0.03143034,-0.08579596
1770700500091_SELL,2026.02.10 05:15:00,10,3,3,-0.8709198800000001,-0.8720141200000001
1770708000060_SELL,2026.02.10 07:20:00,10,3,2,0.15329639,-0.25660929000000005
1770713700081_SELL,2026.02.10 08:55:00,10,3,1,-1.0270153700000002,0.0
1770754200012_SELL,2026.02.10 20:10:00,10,3,3,1.4286594699999995,0.4295262599999998
1770767100003_SELL,2026.02.10 23:45:00,10,3,2,-1.5411198400000004,-0.9496806000000004
1770871800022_SELL,2026.02.12 04:50:00,10,3,1,-0.95219726,0.0
1770892800280_SELL,2026.02.12 10:40:00,10,3,1,-0.5951425200000001,0.0
1770913800023_SELL,2026.02.12 16:30:00,10,3,2,-1.3091972600000001,-0.15522513000000027
1770919800044_SELL,2026.02.12 18:10:00,10,3,6,41.47530815000001,29.854048020000008
1770934800047_SELL,2026.02.12 22:20:00,10,3,5,1.8183931000000002,0.6459912300000004
1770965700033_SELL,2026.02.13 06:55:00,10,3,1,-0.9475787800000001,0.0
1770982200032_SELL,2026.02.13 11:30:00,10,3,2,-0.40290821,-0.20960262000000002
1771292400019_SELL,2026.02.17 01:40:00,10,3,2,-1.08386389,-0.2839937599999999
1771303500080_SELL,2026.02.17 04:45:00,10,3,1,-0.6682133800000001,0.0
1771305300049_SELL,2026.02.17 05:15:00,10,3,3,-1.08038049,-1.4074737400000001
1771365900046_SELL,2026.02.17 22:05:00,10,3,2,-0.5070621100000001,-0.24796708000000012
1771922100025_SELL,2026.02.24 08:35:00,10,3,3,-1.6415179,-1.11849473
1772533800012_SELL,2026.03.03 10:30:00,10,3,4,1.1926862,0.18343973000000013
1772550600012_SELL,2026.03.03 15:10:00,10,3,2,-1.1446044199999998,-0.18717384999999986
1772578200046_SELL,2026.03.03 22:50:00,10,3,3,-0.21008486999999998,-0.59659873
1772601000125_SELL,2026.03.04 05:10:00,10,3,1,-0.7063821499999999,0.0
1774248900012_SELL,2026.03.23 06:55:00,10,3,2,-1.22574952,-0.12225080999999971
1774250700030_SELL,2026.03.23 07:25:00,10,3,2,1.3467830899999995,-0.16940795000000053
1774330800114_SELL,2026.03.24 05:40:00,10,3,3,-0.36296123999999996,-0.38675890999999996
1774487100044_SELL,2026.03.26 01:05:00,10,3,2,-0.6500689900000001,-0.24496175000000003
1774499700030_SELL,2026.03.26 04:35:00,10,3,3,-0.75102517,-0.99041991
1774509300030_SELL,2026.03.26 07:15:00,10,3,3,-0.45342104999999994,-0.8827335599999997
1774533300023_SELL,2026.03.26 13:55:00,10,3,3,-0.5934541900000001,-0.6359156000000001
1774536900013_SELL,2026.03.26 14:55:00,10,3,2,-0.8015295999999998,-0.31219413999999973
1774578300027_SELL,2026.03.27 02:25:00,10,3,3,-1.4325234699999998,-0.6814215699999999
1778600100002_SELL,2026.05.12 15:35:00,10,3,1,-1.19473311,0.0
1778749800032_SELL,2026.05.14 09:10:00,10,3,4,-0.83599651,-0.9301485
1778829600067_SELL,2026.05.15 07:20:00,10,3,4,-0.66431453,-0.9508753799999999
1778870100003_SELL,2026.05.15 18:35:00,10,3,2,-0.22023416999999998,-0.30052386
1778883300079_SELL,2026.05.15 22:15:00,10,3,2,-0.50255192,-0.30097866000000006
1779094800031_SELL,2026.05.18 09:00:00,10,3,1,-1.14133394,0.0
1779187500003_SELL,2026.05.19 10:45:00,10,3,1,-1.2107198500000005,0.0
1779976200048_SELL,2026.05.28 13:50:00,10,3,2,-1.4479025700000003,-0.24375479000000078
1779981600010_SELL,2026.05.28 15:20:00,10,3,3,-1.2730939500000003,-1.5503645100000003
1780305300197_SELL,2026.06.01 09:15:00,10,3,2,0.8147630000000001,-0.24359333999999988
1780316700002_SELL,2026.06.01 12:25:00,10,3,2,0.8956659600000001,-0.3592013999999999
1780327500017_SELL,2026.06.01 15:25:00,10,3,1,-1.2733805100000002,0.0
1780329600032_SELL,2026.06.01 16:00:00,10,3,2,-0.85809567,-0.80494678
1780353900068_SELL,2026.06.01 22:45:00,10,3,2,0.031631090000000084,-0.7370129900000002
1780368600011_SELL,2026.06.02 02:50:00,10,3,1,-1.3877327599999998,0.0
1780372800001_SELL,2026.06.02 04:00:00,10,3,3,-1.72516292,-1.80126229
1780375200009_SELL,2026.06.02 04:40:00,10,3,2,0.17206842,-0.38416773000000004
1780452000017_SELL,2026.06.03 02:00:00,10,3,2,-0.41220305999999995,-0.6285345499999999
1780460100006_SELL,2026.06.03 04:15:00,10,3,2,0.1846883199999999,-0.2964829000000002
1780471800004_SELL,2026.06.03 07:30:00,10,3,4,2.1413775599999996,0.9478150099999996
1780500300041_SELL,2026.06.03 15:25:00,10,3,5,0.0830394400000003,-0.8650428999999995
1780503900034_SELL,2026.06.03 16:25:00,10,3,3,-0.7005703200000001,-0.7444693900000001
1780510500038_SELL,2026.06.03 18:15:00,10,3,3,-0.34088966,-0.50284777
1780535100018_SELL,2026.06.04 01:05:00,10,3,1,-1.2940931599999999,0.0
1780650300042_SELL,2026.06.05 09:05:00,10,3,2,-0.43101899999999993,-0.3769777299999999
1780693500009_SELL,2026.06.05 21:05:00,10,3,3,1.97856496,0.7167402199999997
1780883400031_SELL,2026.06.08 01:50:00,10,3,3,0.36368525000000007,0.032180370000000014
1780892100044_SELL,2026.06.08 04:15:00,10,3,4,-0.21035100999999995,-0.67094988
1780904700039_SELL,2026.06.08 07:45:00,10,3,1,-1.2575602899999998,0.0
1780916100039_SELL,2026.06.08 10:55:00,10,3,2,-0.004376809999999953,-0.20697694999999988
1781043300041_SELL,2026.06.09 22:15:00,10,3,4,-0.4806824899999999,-0.72081157
1781087700145_SELL,2026.06.10 10:35:00,10,3,2,0.30952222000000007,-0.20958926
1781100300029_SELL,2026.06.10 14:05:00,10,3,1,-0.9482252600000002,0.0
1781156400033_SELL,2026.06.11 05:40:00,10,3,4,0.6430535999999999,-0.3619286900000004
1781178300012_SELL,2026.06.11 11:45:00,10,3,2,-0.012798829999999928,-0.33838927999999985
1781197800031_SELL,2026.06.11 17:10:00,10,3,3,-1.0508669,-0.86611412
1781207700011_SELL,2026.06.11 19:55:00,10,3,2,-0.03775190999999997,-0.43159373
1781580000011_SELL,2026.06.16 03:20:00,10,3,5,-0.5955989699999998,-1.0273150399999997
1781586000015_SELL,2026.06.16 05:00:00,10,3,6,-1.14141634,-1.2473185599999999
1781599200003_SELL,2026.06.16 08:40:00,10,3,1,-0.55773085,0.0
1781688000014_SELL,2026.06.17 09:20:00,10,3,2,-0.9151731100000001,-0.5306189000000001
1781693700050_SELL,2026.06.17 10:55:00,10,3,2,-0.98398635,-0.50939514
1781706900042_SELL,2026.06.17 14:35:00,10,3,2,-0.8790959899999999,-0.43128333999999996
1783337700009_SELL,2026.07.06 11:35:00,10,3,3,0.5639691199999999,-0.2353200700000001
1783351800022_SELL,2026.07.06 15:30:00,10,3,3,1.2834303200000001,0.30593287000000013
1783422000050_SELL,2026.07.07 11:00:00,10,3,1,-1.2741374100000002,0.0
1783425600028_SELL,2026.07.07 12:00:00,10,3,2,-0.65906243,-0.29679222000000005
1783485000006_SELL,2026.07.08 04:30:00,10,3,4,-0.3559804000000001,-0.4825313200000001
1783504500004_SELL,2026.07.08 09:55:00,10,3,2,0.35207357000000017,-0.31127139999999975
1783530600036_SELL,2026.07.08 17:10:00,10,3,2,0.43232488999999996,-0.3143657000000001
1783560000085_SELL,2026.07.09 01:20:00,10,3,2,-0.38352215,-0.41162386
1783675800038_SELL,2026.07.10 09:30:00,10,3,2,-1.00438262,-0.5405719899999999
1783693800015_SELL,2026.07.10 14:30:00,10,3,2,-0.3626607399999999,-0.5030723699999999
1783698000056_SELL,2026.07.10 15:40:00,10,3,2,-0.5697734,-0.26637842999999994
1783704900028_SELL,2026.07.10 17:35:00,10,3,2,-1.2316102300000003,-0.11915145000000016
1783933200017_SELL,2026.07.13 09:00:00,10,3,2,-0.38847723999999995,-0.28310926999999997
1783948200078_SELL,2026.07.13 13:10:00,10,3,3,-1.3133020699999998,-1.0889583599999997
1783960500078_SELL,2026.07.13 16:35:00,10,3,2,0.026221440000000096,-0.3789294799999999
1783982400076_SELL,2026.07.13 22:40:00,10,3,1,-0.65784724,0.0
1783995600224_SELL,2026.07.14 02:20:00,10,3,2,-0.69723247,-0.89774012
1784002500017_SELL,2026.07.14 04:15:00,10,3,1,-1.1318466999999997,0.0
1784003400048_SELL,2026.07.14 04:30:00,10,3,2,-0.5788921,-0.44337717000000004
1784111100010_SELL,2026.07.15 10:25:00,10,3,2,-0.32838933000000003,-0.4541168600000001
1786653000045_SELL,2026.08.13 20:30:00,10,3,3,-0.75590982,-0.77630804
1786673100025_SELL,2026.08.14 02:05:00,10,3,1,-1.2569807499999996,0.0
1786695000009_SELL,2026.08.14 08:10:00,10,3,2,-0.8224619300000001,-0.6574396900000001
1787688600090_SELL,2026.08.25 20:10:00,10,3,1,-1.2580882500000001,0.0
1787899200150_SELL,2026.08.28 06:40:00,10,3,2,-0.42859497999999996,-0.5541774800000001
