view,arm,partition,extra_cost_bps,n,mean,median,positive_rate,negative_rate,trim10,exbest1,extop3,extop5,worst1,stddev,ci95_low,ci95_high
COMMON_DEADLINE,CONTROL,ALL,0,430,2.295941372818686,1.025898833142,0.5372093023255814,0.4627906976744186,0.7726202914473604,1.7690526394889046,1.1687342808910657,0.8258132384818189,-77.807941478057,20.782346143695314,0.16133431317980354,4.753477948958858
COMMON_DEADLINE,CONTROL,ALL,0.5,430,1.795941372818686,0.525898833142,0.5209302325581395,0.4790697674418605,0.27262029144736044,1.2690526394889046,0.6687342808910657,0.3258132384818188,-78.307941478057,20.782346143695314,-0.3386656868201965,4.253477948958858
COMMON_DEADLINE,CONTROL,ALL,1,430,1.295941372818686,0.025898833142000033,0.5023255813953489,0.49767441860465117,-0.22737970855263956,0.7690526394889046,0.1687342808910656,-0.17418676151818116,-78.807941478057,20.782346143695314,-0.8386656868201965,3.7534779489588583
COMMON_DEADLINE,CONTROL,ALL,1.5,430,0.7959413728186862,-0.47410116685799997,0.4744186046511628,0.5255813953488372,-0.7273797085526396,0.2690526394889045,-0.3312657191089344,-0.6741867615181811,-79.307941478057,20.782346143695314,-1.3386656868201965,3.2534779489588583
COMMON_DEADLINE,CONTROL,ALL,2,430,0.2959413728186861,-0.974101166858,0.4558139534883721,0.5441860465116279,-1.2273797085526394,-0.23094736051109552,-0.8312657191089343,-1.1741867615181811,-79.807941478057,20.782346143695314,-1.8386656868201965,2.7534779489588583
COMMON_DEADLINE,DELAY_1,ALL,0,430,1.7480140886328839,0.476918488051,0.5162790697674419,0.4790697674418605,0.6080805518630552,1.2922884082934987,0.7865338091733793,0.5305969140594047,-71.002595118351,18.842875981068193,-0.22235153293109933,4.01476972852452
COMMON_DEADLINE,DELAY_1,ALL,0.5,430,1.2480140886328837,-0.023081511949000016,0.49767441860465117,0.5023255813953489,0.10808055186305517,0.7922884082934988,0.28653380917337934,0.030596914059404658,-71.502595118351,18.842875981068193,-0.7223515329310993,3.51476972852452
COMMON_DEADLINE,DELAY_1,ALL,1,430,0.7480140886328838,-0.523081511949,0.4790697674418605,0.5209302325581395,-0.39191944813694485,0.29228840829349884,-0.21346619082662063,-0.4694030859405954,-72.002595118351,18.842875981068193,-1.2223515329310994,3.01476972852452
COMMON_DEADLINE,DELAY_1,ALL,1.5,430,0.2480140886328837,-1.023081511949,0.45348837209302323,0.5465116279069767,-0.8919194481369448,-0.2077115917065012,-0.7134661908266207,-0.9694030859405953,-72.502595118351,18.842875981068193,-1.7223515329310994,2.51476972852452
COMMON_DEADLINE,DELAY_1,ALL,2,430,-0.2519859113671163,-1.523081511949,0.4325581395348837,0.5674418604651162,-1.3919194481369448,-0.7077115917065012,-1.2134661908266204,-1.4694030859405953,-73.002595118351,18.842875981068193,-2.2223515329310994,2.01476972852452
COMMON_DEADLINE,DELAY_3,ALL,0,430,1.4691274571257582,7.630804049999981e-05,0.5,0.5,0.5024596423078547,1.0881120825376922,0.5912226872944825,0.32671753691672234,-58.960501766887,16.46998555523497,-0.1818516882257506,3.296222353592569
COMMON_DEADLINE,DELAY_3,ALL,0.5,430,0.9691274571257581,-0.4999236919595,0.46744186046511627,0.5325581395348837,0.0024596423078546165,0.5881120825376923,0.09122268729448241,-0.1732824630832777,-59.460501766887,16.46998555523497,-0.6818516882257506,2.796222353592569
COMMON_DEADLINE,DELAY_3,ALL,1,430,0.46912745712575815,-0.9999236919595,0.4441860465116279,0.5558139534883721,-0.49754035769214533,0.08811208253769229,-0.4087773127055176,-0.6732824630832777,-59.960501766887,16.46998555523497,-1.1818516882257506,2.296222353592569
COMMON_DEADLINE,DELAY_3,ALL,1.5,430,-0.030872542874241862,-1.4999236919595,0.41627906976744183,0.5837209302325581,-0.9975403576921454,-0.41188791746230774,-0.9087773127055176,-1.1732824630832777,-60.460501766887,16.46998555523497,-1.6818516882257506,1.7962223535925692
COMMON_DEADLINE,DELAY_3,ALL,2,430,-0.5308725428742419,-1.9999236919595,0.39767441860465114,0.6023255813953489,-1.4975403576921453,-0.9118879174623077,-1.4087773127055176,-1.6732824630832779,-60.960501766887,16.46998555523497,-2.1818516882257506,1.2962223535925692
COMMON_DEADLINE,DELAY_5,ALL,0,430,1.059055683856963,-0.0988143506115,0.4930232558139535,0.5046511627906977,0.36214081221888955,0.7092677712144428,0.4564089321231757,0.22113249286955766,-58.233144686225,13.45533223862584,-0.39755377834572136,2.639786556358438
COMMON_DEADLINE,DELAY_5,ALL,0.5,430,0.5590556838569628,-0.5988143506115,0.4627906976744186,0.5372093023255814,-0.13785918778111045,0.2092677712144429,-0.04359106787682436,-0.27886750713044234,-58.733144686225,13.45533223862584,-0.8975537783457214,2.139786556358438
COMMON_DEADLINE,DELAY_5,ALL,1,430,0.05905568385696278,-1.0988143506115,0.4325581395348837,0.5674418604651162,-0.6378591877811105,-0.2907322287855571,-0.5435910678768243,-0.7788675071304423,-59.233144686225,13.45533223862584,-1.3975537783457215,1.639786556358438
COMMON_DEADLINE,DELAY_5,ALL,1.5,430,-0.44094431614303725,-1.5988143506115,0.4,0.6,-1.1378591877811104,-0.7907322287855572,-1.0435910678768243,-1.2788675071304423,-59.733144686225,13.45533223862584,-1.8975537783457215,1.139786556358438
COMMON_DEADLINE,DELAY_5,ALL,2,430,-0.9409443161430372,-2.0988143506115,0.38372093023255816,0.6162790697674418,-1.6378591877811106,-1.290732228785557,-1.5435910678768243,-1.7788675071304423,-60.233144686225,13.45533223862584,-2.3975537783457215,0.639786556358438
COMMON_DEADLINE,CONTROL,JAN_JUN,0,342,2.681733414115117,0.989272362356,0.5292397660818714,0.47076023391812866,0.8174006252905621,2.02000474972456,1.2653320804006492,0.8334381711279168,-77.807941478057,22.734371731395797,0.0908639277940203,5.700568972810111
COMMON_DEADLINE,CONTROL,JAN_JUN,0.5,342,2.181733414115117,0.489272362356,0.5175438596491229,0.4824561403508772,0.317400625290562,1.5200047497245601,0.765332080400649,0.3334381711279169,-78.307941478057,22.734371731395797,-0.4091360722059797,5.200568972810111
COMMON_DEADLINE,CONTROL,JAN_JUN,1,342,1.681733414115117,-0.010727637643999977,0.5,0.5,-0.18259937470943796,1.0200047497245601,0.265332080400649,-0.16656182887208307,-78.807941478057,22.734371731395797,-0.9091360722059797,4.700568972810111
COMMON_DEADLINE,CONTROL,JAN_JUN,1.5,342,1.181733414115117,-0.510727637644,0.47368421052631576,0.5263157894736842,-0.6825993747094379,0.5200047497245602,-0.234667919599351,-0.666561828872083,-79.307941478057,22.734371731395797,-1.4091360722059796,4.200568972810111
COMMON_DEADLINE,CONTROL,JAN_JUN,2,342,0.681733414115117,-1.010727637644,0.4590643274853801,0.5409356725146199,-1.182599374709438,0.020004749724560175,-0.734667919599351,-1.1665618288720832,-79.807941478057,22.734371731395797,-1.9091360722059796,3.700568972810111
COMMON_DEADLINE,DELAY_1,JAN_JUN,0,342,1.8134736779683656,0.223483371752,0.5058479532163743,0.48830409356725146,0.3399916320230291,1.2403333340497127,0.6029848857524306,0.2791264932590148,-71.002595118351,20.599023851082993,-0.617139549883814,4.5881027129973955
COMMON_DEADLINE,DELAY_1,JAN_JUN,0.5,342,1.3134736779683653,-0.276516628248,0.49122807017543857,0.5087719298245614,-0.16000836797697088,0.7403333340497126,0.10298488575243063,-0.22087350674098524,-71.502595118351,20.599023851082993,-1.117139549883814,4.0881027129973955
COMMON_DEADLINE,DELAY_1,JAN_JUN,1,342,0.8134736779683654,-0.776516628248,0.4678362573099415,0.5321637426900585,-0.6600083679769709,0.24033333404971255,-0.3970151142475694,-0.7208735067409853,-72.002595118351,20.599023851082993,-1.617139549883814,3.5881027129973955
COMMON_DEADLINE,DELAY_1,JAN_JUN,1.5,342,0.31347367796836545,-1.276516628248,0.43859649122807015,0.5614035087719298,-1.160008367976971,-0.2596666659502874,-0.8970151142475693,-1.2208735067409853,-72.502595118351,20.599023851082993,-2.117139549883814,3.0881027129973955
COMMON_DEADLINE,DELAY_1,JAN_JUN,2,342,-0.18652632203163452,-1.776516628248,0.41812865497076024,0.5818713450292398,-1.660008367976971,-0.7596666659502874,-1.3970151142475693,-1.720873506740985,-73.002595118351,20.599023851082993,-2.617139549883814,2.5881027129973955
COMMON_DEADLINE,DELAY_3,JAN_JUN,0,342,1.4372184295809123,-0.4614547887605,0.47953216374269003,0.52046783625731,0.24864051955824812,0.9577829318512199,0.3311385953608849,-0.0039796749489525544,-58.960501766887,18.02848276245524,-0.5603609836052704,3.638005277331306
COMMON_DEADLINE,DELAY_3,JAN_JUN,0.5,342,0.9372184295809123,-0.9614547887605001,0.4502923976608187,0.5497076023391813,-0.2513594804417519,0.4577829318512199,-0.1688614046391151,-0.5039796749489526,-59.460501766887,18.02848276245524,-1.0603609836052703,3.138005277331306
COMMON_DEADLINE,DELAY_3,JAN_JUN,1,342,0.4372184295809122,-1.4614547887604998,0.4239766081871345,0.5760233918128655,-0.7513594804417518,-0.042217068148780096,-0.6688614046391151,-1.0039796749489527,-59.960501766887,18.02848276245524,-1.5603609836052703,2.638005277331306
COMMON_DEADLINE,DELAY_3,JAN_JUN,1.5,342,-0.06278157041908772,-1.9614547887604998,0.40058479532163743,0.5994152046783626,-1.2513594804417518,-0.5422170681487801,-1.168861404639115,-1.5039796749489527,-60.460501766887,18.02848276245524,-2.0603609836052703,2.138005277331306
COMMON_DEADLINE,DELAY_3,JAN_JUN,2,342,-0.5627815704190877,-2.4614547887605003,0.3888888888888889,0.6111111111111112,-1.7513594804417518,-1.0422170681487801,-1.6688614046391153,-2.0039796749489525,-60.960501766887,18.02848276245524,-2.5603609836052703,1.638005277331306
COMMON_DEADLINE,DELAY_5,JAN_JUN,0,342,1.167743331088728,-0.16432420509950002,0.49122807017543857,0.5058479532163743,0.39134125788031027,0.728006302125651,0.40961914215471085,0.11262784760656676,-58.233144686225,14.607980854154041,-0.6090599110233055,3.1052215146671585
COMMON_DEADLINE,DELAY_5,JAN_JUN,0.5,342,0.6677433310887281,-0.6643242050995,0.4678362573099415,0.5321637426900585,-0.10865874211968977,0.228006302125651,-0.0903808578452891,-0.3873721523934332,-58.733144686225,14.607980854154041,-1.1090599110233055,2.6052215146671585
COMMON_DEADLINE,DELAY_5,JAN_JUN,1,342,0.16774333108872805,-1.1643242050995,0.43859649122807015,0.5614035087719298,-0.6086587421196897,-0.27199369787434896,-0.590380857845289,-0.8873721523934333,-59.233144686225,14.607980854154041,-1.6090599110233055,2.1052215146671585
COMMON_DEADLINE,DELAY_5,JAN_JUN,1.5,342,-0.3322566689112719,-1.6643242050995,0.40058479532163743,0.5994152046783626,-1.1086587421196898,-0.7719936978743489,-1.0903808578452892,-1.3873721523934333,-59.733144686225,14.607980854154041,-2.1090599110233055,1.6052215146671585
COMMON_DEADLINE,DELAY_5,JAN_JUN,2,342,-0.8322566689112719,-2.1643242050995,0.3830409356725146,0.6169590643274854,-1.6086587421196898,-1.271993697874349,-1.5903808578452892,-1.8873721523934333,-60.233144686225,14.607980854154041,-2.6090599110233055,1.1052215146671585
COMMON_DEADLINE,CONTROL,JUL_AUG,0,88,0.7966132123257386,1.1776623433164999,0.5681818181818182,0.4318181818181818,0.5994617886303472,0.5297290463008621,0.031477082753905906,-0.47947976348493976,-26.807740677642,10.053018143678432,-1.42036717369316,3.411811787752025
COMMON_DEADLINE,CONTROL,JUL_AUG,0.5,88,0.2966132123257387,0.6776623433165,0.5340909090909091,0.4659090909090909,0.09946178863034723,0.02972904630086209,-0.4685229172460941,-0.9794797634849397,-27.307740677642,10.053018143678432,-1.92036717369316,2.911811787752025
COMMON_DEADLINE,CONTROL,JUL_AUG,1,88,-0.20338678767426133,0.1776623433165,0.5113636363636364,0.48863636363636365,-0.40053821136965273,-0.4702709536991379,-0.9685229172460941,-1.4794797634849397,-27.807740677642,10.053018143678432,-2.42036717369316,2.411811787752025
COMMON_DEADLINE,CONTROL,JUL_AUG,1.5,88,-0.7033867876742613,-0.3223376566835,0.4772727272727273,0.5227272727272727,-0.9005382113696528,-0.970270953699138,-1.468522917246094,-1.9794797634849395,-28.307740677642,10.053018143678432,-2.92036717369316,1.911811787752025
COMMON_DEADLINE,CONTROL,JUL_AUG,2,88,-1.2033867876742614,-0.8223376566835,0.4431818181818182,0.5568181818181818,-1.4005382113696527,-1.470270953699138,-1.9685229172460943,-2.4794797634849397,-28.807740677642,10.053018143678432,-3.42036717369316,1.411811787752025
COMMON_DEADLINE,DELAY_1,JUL_AUG,0,88,1.4936143209881705,1.7221442942965,0.5568181818181818,0.4431818181818182,1.5956006650665555,1.2502103936564828,0.798952314517153,0.3837507136993735,-25.115551099264,9.357490339600377,-0.5012734461507802,3.8619334169037445
COMMON_DEADLINE,DELAY_1,JUL_AUG,0.5,88,0.9936143209881704,1.2221442942965,0.5227272727272727,0.4772727272727273,1.0956006650665555,0.7502103936564828,0.298952314517153,-0.11624928630062649,-25.615551099264,9.357490339600377,-1.0012734461507802,3.3619334169037445
COMMON_DEADLINE,DELAY_1,JUL_AUG,1,88,0.4936143209881705,0.7221442942965,0.5227272727272727,0.4772727272727273,0.5956006650665555,0.2502103936564828,-0.20104768548284702,-0.6162492863006265,-26.115551099264,9.357490339600377,-1.5012734461507802,2.8619334169037445
COMMON_DEADLINE,DELAY_1,JUL_AUG,1.5,88,-0.006385679011829504,0.22214429429649996,0.5113636363636364,0.48863636363636365,0.09560066506655555,-0.2497896063435172,-0.701047685482847,-1.1162492863006266,-26.615551099264,9.357490339600377,-2.00127344615078,2.3619334169037445
COMMON_DEADLINE,DELAY_1,JUL_AUG,2,88,-0.5063856790118295,-0.27785570570350004,0.48863636363636365,0.5113636363636364,-0.4043993349334445,-0.7497896063435172,-1.2010476854828471,-1.6162492863006264,-27.115551099264,9.357490339600377,-2.50127344615078,1.8619334169037445
COMMON_DEADLINE,DELAY_3,JUL_AUG,0,88,1.5931375414477729,1.3616707322335,0.5795454545454546,0.42045454545454547,1.3437760061540696,1.3381015717002642,0.9098324072448706,0.5288374286750602,-21.139948758602,7.976322299082444,-0.21476573213570188,3.7949744650257093
COMMON_DEADLINE,DELAY_3,JUL_AUG,0.5,88,1.0931375414477726,0.8616707322335,0.5340909090909091,0.4659090909090909,0.8437760061540694,0.8381015717002643,0.40983240724487063,0.028837428675060253,-21.639948758602,7.976322299082444,-0.7147657321357019,3.2949744650257093
COMMON_DEADLINE,DELAY_3,JUL_AUG,1,88,0.5931375414477728,0.3616707322335,0.5227272727272727,0.4772727272727273,0.34377600615406945,0.3381015717002644,-0.09016759275512941,-0.47116257132493977,-22.139948758602,7.976322299082444,-1.214765732135702,2.7949744650257093
COMMON_DEADLINE,DELAY_3,JUL_AUG,1.5,88,0.09313754144777273,-0.1383292677665,0.4772727272727273,0.5227272727272727,-0.15622399384593055,-0.16189842829973564,-0.5901675927551294,-0.9711625713249399,-22.639948758602,7.976322299082444,-1.714765732135702,2.2949744650257093
COMMON_DEADLINE,DELAY_3,JUL_AUG,2,88,-0.40686245855222725,-0.6383292677665,0.4318181818181818,0.5681818181818182,-0.6562239938459306,-0.6618984282997357,-1.0901675927551295,-1.4711625713249399,-23.139948758602,7.976322299082444,-2.2147657321357017,1.7949744650257093
COMMON_DEADLINE,DELAY_5,JUL_AUG,0,88,0.6366559639335114,0.0733649104445,0.5,0.5,0.23038931212580557,0.33987096775026443,-0.11493359714476468,-0.48951157852854216,-18.093510214833,7.490936625079671,-0.8282714228728042,2.4757094412896863
COMMON_DEADLINE,DELAY_5,JUL_AUG,0.5,88,0.1366559639335114,-0.4266350895555,0.4431818181818182,0.5568181818181818,-0.2696106878741944,-0.1601290322497356,-0.6149335971447647,-0.9895115785285421,-18.593510214833,7.490936625079671,-1.3282714228728043,1.9757094412896863
COMMON_DEADLINE,DELAY_5,JUL_AUG,1,88,-0.3633440360664886,-0.9266350895555,0.4090909090909091,0.5909090909090909,-0.7696106878741944,-0.6601290322497356,-1.1149335971447647,-1.489511578528542,-19.093510214833,7.490936625079671,-1.8282714228728043,1.4757094412896863
COMMON_DEADLINE,DELAY_5,JUL_AUG,1.5,88,-0.8633440360664886,-1.4266350895555,0.3977272727272727,0.6022727272727273,-1.2696106878741944,-1.1601290322497355,-1.6149335971447647,-1.9895115785285422,-19.593510214833,7.490936625079671,-2.3282714228728043,0.9757094412896863
COMMON_DEADLINE,DELAY_5,JUL_AUG,2,88,-1.3633440360664886,-1.9266350895555,0.38636363636363635,0.6136363636363636,-1.7696106878741944,-1.6601290322497355,-2.1149335971447645,-2.489511578528542,-20.093510214833,7.490936625079671,-2.8282714228728043,0.4757094412896863
COMMON_DEADLINE,CONTROL,JAN_MAR,0,147,6.000273208887435,1.963123809855,0.564625850340136,0.43537414965986393,2.0569050236998234,4.47745858722711,2.7349646481590484,1.7306760404872605,-77.807941478057,31.120708917311262,0.8365316545967502,12.041398424121112
COMMON_DEADLINE,CONTROL,JAN_MAR,0.5,147,5.500273208887435,1.463123809855,0.5510204081632653,0.4489795918367347,1.5569050236998236,3.97745858722711,2.2349646481590484,1.2306760404872605,-78.307941478057,31.120708917311262,0.33653165459675016,11.541398424121112
COMMON_DEADLINE,CONTROL,JAN_MAR,1,147,5.000273208887435,0.9631238098549999,0.5306122448979592,0.46938775510204084,1.0569050236998236,3.4774585872271095,1.7349646481590488,0.7306760404872605,-78.807941478057,31.120708917311262,-0.16346834540324984,11.041398424121112
COMMON_DEADLINE,CONTROL,JAN_MAR,1.5,147,4.500273208887435,0.4631238098549999,0.5102040816326531,0.4897959183673469,0.5569050236998235,2.9774585872271095,1.2349646481590488,0.2306760404872606,-79.307941478057,31.120708917311262,-0.6634683454032498,10.541398424121112
COMMON_DEADLINE,CONTROL,JAN_MAR,2,147,4.000273208887435,-0.0368761901450001,0.4965986394557823,0.5034013605442177,0.05690502369982356,2.4774585872271095,0.7349646481590487,-0.2693239595127394,-79.807941478057,31.120708917311262,-1.16346834540325,10.041398424121112
COMMON_DEADLINE,DELAY_1,JAN_MAR,0,147,5.423593755216279,1.216428738999,0.5102040816326531,0.4897959183673469,2.3106974678878234,4.109684596318932,2.6491122251505974,1.9093374111260564,-71.002595118351,27.580346280425875,0.864854000819891,10.71024554032867
COMMON_DEADLINE,DELAY_1,JAN_MAR,0.5,147,4.923593755216279,0.7164287389990001,0.5102040816326531,0.4897959183673469,1.8106974678878234,3.6096845963189317,2.1491122251505974,1.4093374111260561,-71.502595118351,27.580346280425875,0.36485400081989094,10.21024554032867
COMMON_DEADLINE,DELAY_1,JAN_MAR,1,147,4.423593755216279,0.21642873899900006,0.5102040816326531,0.4897959183673469,1.3106974678878234,3.1096845963189312,1.6491122251505972,0.9093374111260564,-72.002595118351,27.580346280425875,-0.13514599918010906,9.71024554032867
COMMON_DEADLINE,DELAY_1,JAN_MAR,1.5,147,3.923593755216279,-0.28357126100099994,0.48299319727891155,0.5170068027210885,0.8106974678878234,2.6096845963189312,1.1491122251505972,0.40933741112605626,-72.502595118351,27.580346280425875,-0.635145999180109,9.21024554032867
COMMON_DEADLINE,DELAY_1,JAN_MAR,2,147,3.423593755216279,-0.7835712610009999,0.47619047619047616,0.5238095238095238,0.31069746788782343,2.1096845963189312,0.6491122251505971,-0.09066258887394377,-73.002595118351,27.580346280425875,-1.135145999180109,8.71024554032867
COMMON_DEADLINE,DELAY_3,JAN_MAR,0,147,4.398362359765952,1.317431009531,0.5510204081632653,0.4489795918367347,1.5305718031668234,3.298866737878007,1.856156581918493,1.0823198134586338,-58.306751545405,23.87662673144476,0.6540023144200446,8.618555913853593
COMMON_DEADLINE,DELAY_3,JAN_MAR,0.5,147,3.8983623597659522,0.817431009531,0.5374149659863946,0.46258503401360546,1.0305718031668234,2.7988667378780065,1.356156581918493,0.5823198134586337,-58.806751545405,23.87662673144476,0.15400231442004464,8.118555913853593
COMMON_DEADLINE,DELAY_3,JAN_MAR,1,147,3.3983623597659527,0.317431009531,0.5170068027210885,0.48299319727891155,0.5305718031668235,2.298866737878007,0.856156581918493,0.08231981345863375,-59.306751545405,23.87662673144476,-0.34599768557995536,7.6185559138535925
COMMON_DEADLINE,DELAY_3,JAN_MAR,1.5,147,2.8983623597659527,-0.182568990469,0.48299319727891155,0.5170068027210885,0.030571803166823466,1.798866737878007,0.35615658191849303,-0.41768018654136624,-59.806751545405,23.87662673144476,-0.8459976855799554,7.1185559138535925
COMMON_DEADLINE,DELAY_3,JAN_MAR,2,147,2.3983623597659527,-0.682568990469,0.46938775510204084,0.5306122448979592,-0.4694281968331765,1.2988667378780068,-0.143843418081507,-0.9176801865413663,-60.306751545405,23.87662673144476,-1.3459976855799554,6.6185559138535925
COMMON_DEADLINE,DELAY_5,JAN_MAR,0,147,3.7968965182187824,0.87991376845,0.5510204081632653,0.4489795918367347,1.7131312962296723,2.787847383360705,2.066919848168493,1.3854306590790775,-51.665562952834,18.819071744342477,0.46940366332448275,7.6013159606372565
COMMON_DEADLINE,DELAY_5,JAN_MAR,0.5,147,3.2968965182187824,0.37991376845,0.5306122448979592,0.46938775510204084,1.2131312962296723,2.287847383360705,1.5669198481684932,0.8854306590790775,-52.165562952834,18.819071744342477,-0.030596336675517255,7.1013159606372565
COMMON_DEADLINE,DELAY_5,JAN_MAR,1,147,2.7968965182187824,-0.12008623154999998,0.48299319727891155,0.5170068027210885,0.7131312962296723,1.7878473833607054,1.0669198481684932,0.3854306590790774,-52.665562952834,18.819071744342477,-0.5305963366755173,6.6013159606372565
COMMON_DEADLINE,DELAY_5,JAN_MAR,1.5,147,2.2968965182187824,-0.62008623155,0.46938775510204084,0.5306122448979592,0.21313129622967228,1.2878473833607056,0.5669198481684931,-0.11456934092092254,-53.165562952834,18.819071744342477,-1.0305963366755173,6.1013159606372565
COMMON_DEADLINE,DELAY_5,JAN_MAR,2,147,1.7968965182187824,-1.12008623155,0.4489795918367347,0.5510204081632653,-0.28686870377032775,0.7878473833607055,0.06691984816849303,-0.6145693409209225,-53.665562952834,18.819071744342477,-1.5305963366755173,5.6013159606372565
COMMON_DEADLINE,CONTROL,APR_JUN,0,195,0.18006495344060003,0.130600020026,0.5025641025641026,0.49743589743589745,0.1663748987036624,-0.031306585260355645,-0.4402648871473698,-0.7629074593198737,-49.803483353885,12.844507395179484,-1.8421098016869408,2.2239894497890003
COMMON_DEADLINE,CONTROL,APR_JUN,0.5,195,-0.31993504655939997,-0.369399979974,0.49230769230769234,0.5076923076923077,-0.33362510129633755,-0.5313065852603556,-0.9402648871473698,-1.2629074593198737,-50.303483353885,12.844507395179484,-2.3421098016869406,1.7239894497890003
COMMON_DEADLINE,CONTROL,APR_JUN,1,195,-0.8199350465594,-0.869399979974,0.47692307692307695,0.5230769230769231,-0.8336251012963377,-1.0313065852603558,-1.4402648871473698,-1.7629074593198737,-50.803483353885,12.844507395179484,-2.8421098016869406,1.2239894497890003
COMMON_DEADLINE,CONTROL,APR_JUN,1.5,195,-1.3199350465594002,-1.369399979974,0.4461538461538462,0.5538461538461539,-1.3336251012963376,-1.5313065852603556,-1.9402648871473698,-2.2629074593198735,-51.303483353885,12.844507395179484,-3.3421098016869406,0.7239894497890003
COMMON_DEADLINE,CONTROL,APR_JUN,2,195,-1.8199350465594002,-1.869399979974,0.4307692307692308,0.5692307692307692,-1.8336251012963376,-2.0313065852603556,-2.4402648871473698,-2.7629074593198735,-51.803483353885,12.844507395179484,-3.8421098016869406,0.22398944978900026
COMMON_DEADLINE,DELAY_1,APR_JUN,0,195,-0.9080014571877538,0.043533719043,0.5025641025641026,0.48717948717948717,-0.7080910312219236,-1.12397264324267,-1.5402323213846876,-1.8182153673206,-51.42533691424,12.49212611441131,-3.0057974990256926,1.1762955470364742
COMMON_DEADLINE,DELAY_1,APR_JUN,0.5,195,-1.4080014571877537,-0.456466280957,0.47692307692307695,0.5230769230769231,-1.2080910312219235,-1.6239726432426702,-2.040232321384688,-2.3182153673206,-51.92533691424,12.49212611441131,-3.5057974990256926,0.6762955470364742
COMMON_DEADLINE,DELAY_1,APR_JUN,1,195,-1.9080014571877537,-0.956466280957,0.4358974358974359,0.5641025641025641,-1.7080910312219235,-2.1239726432426704,-2.540232321384688,-2.8182153673206,-52.42533691424,12.49212611441131,-4.005797499025693,0.1762955470364742
COMMON_DEADLINE,DELAY_1,APR_JUN,1.5,195,-2.408001457187754,-1.456466280957,0.40512820512820513,0.5948717948717949,-2.2080910312219237,-2.6239726432426704,-3.0402323213846874,-3.3182153673206,-52.92533691424,12.49212611441131,-4.505797499025693,-0.3237044529635258
COMMON_DEADLINE,DELAY_1,APR_JUN,2,195,-2.908001457187754,-1.956466280957,0.37435897435897436,0.6256410256410256,-2.7080910312219237,-3.12397264324267,-3.5402323213846874,-3.8182153673206,-53.42533691424,12.49212611441131,-5.005797499025693,-0.8237044529635258
COMMON_DEADLINE,DELAY_3,APR_JUN,0,195,-0.795028533173964,-1.406732533986,0.4256410256410256,0.5743589743589743,-0.5543327085274714,-0.9612675438522887,-1.2731906408212084,-1.5246372544334421,-58.960501766887,11.428777001023123,-2.6030293207969653,1.0126376368793841
COMMON_DEADLINE,DELAY_3,APR_JUN,0.5,195,-1.2950285331739642,-1.906732533986,0.38461538461538464,0.6153846153846154,-1.0543327085274714,-1.4612675438522886,-1.7731906408212084,-2.024637254433442,-59.460501766887,11.428777001023123,-3.1030293207969653,0.5126376368793841
COMMON_DEADLINE,DELAY_3,APR_JUN,1,195,-1.7950285331739642,-2.406732533986,0.35384615384615387,0.6461538461538462,-1.5543327085274712,-1.9612675438522886,-2.2731906408212086,-2.524637254433442,-59.960501766887,11.428777001023123,-3.6030293207969653,0.012637636879384129
COMMON_DEADLINE,DELAY_3,APR_JUN,1.5,195,-2.295028533173964,-2.906732533986,0.3384615384615385,0.6615384615384615,-2.0543327085274714,-2.461267543852289,-2.7731906408212086,-3.024637254433442,-60.460501766887,11.428777001023123,-4.103029320796965,-0.48736236312061587
COMMON_DEADLINE,DELAY_3,APR_JUN,2,195,-2.7950285331739644,-3.406732533986,0.3282051282051282,0.6717948717948717,-2.5543327085274714,-2.961267543852289,-3.2731906408212086,-3.524637254433442,-60.960501766887,11.428777001023123,-4.603029320796965,-0.9873623631206159
COMMON_DEADLINE,DELAY_5,APR_JUN,0,195,-0.8142336869016205,-0.591469738929,0.4461538461538462,0.5487179487179488,-0.48513859460715286,-1.005417416981541,-1.2871915366470363,-1.4745518187765159,-58.233144686225,9.96848753376015,-2.417235699615323,0.7341236625016537
COMMON_DEADLINE,DELAY_5,APR_JUN,0.5,195,-1.3142336869016207,-1.091469738929,0.4205128205128205,0.5794871794871795,-0.9851385946071528,-1.5054174169815413,-1.7871915366470363,-1.9745518187765159,-58.733144686225,9.96848753376015,-2.917235699615323,0.23412366250165373
COMMON_DEADLINE,DELAY_5,APR_JUN,1,195,-1.8142336869016207,-1.591469738929,0.40512820512820513,0.5948717948717949,-1.4851385946071527,-2.0054174169815413,-2.2871915366470366,-2.474551818776516,-59.233144686225,9.96848753376015,-3.417235699615323,-0.26587633749834627
COMMON_DEADLINE,DELAY_5,APR_JUN,1.5,195,-2.3142336869016207,-2.091469738929,0.3487179487179487,0.6512820512820513,-1.985138594607153,-2.5054174169815413,-2.7871915366470366,-2.974551818776516,-59.733144686225,9.96848753376015,-3.917235699615323,-0.7658763374983463
COMMON_DEADLINE,DELAY_5,APR_JUN,2,195,-2.8142336869016202,-2.591469738929,0.3333333333333333,0.6666666666666666,-2.485138594607153,-3.0054174169815413,-3.2871915366470366,-3.474551818776516,-60.233144686225,9.96848753376015,-4.417235699615323,-1.2658763374983462
COMMON_DEADLINE,CONTROL,2026.01,0,39,7.001167958457334,1.190853347533,0.5128205128205128,0.48717948717948717,3.1143555114793338,5.014799992278711,1.4237237372406113,-0.9739884588854999,-18.71186710593,23.743194756903065,-1.0498785749533912,18.575416999352225
COMMON_DEADLINE,CONTROL,2026.01,0.5,39,6.501167958457334,0.6908533475330001,0.5128205128205128,0.48717948717948717,2.6143555114793338,4.514799992278711,0.9237237372406112,-1.4739884588855,-19.21186710593,23.743194756903065,-1.5498785749533912,18.075416999352225
COMMON_DEADLINE,CONTROL,2026.01,1,39,6.001167958457334,0.1908533475330001,0.5128205128205128,0.48717948717948717,2.1143555114793338,4.014799992278711,0.4237237372406113,-1.9739884588854997,-19.71186710593,23.743194756903065,-2.049878574953391,17.575416999352225
COMMON_DEADLINE,CONTROL,2026.01,1.5,39,5.501167958457334,-0.3091466524669999,0.48717948717948717,0.5128205128205128,1.6143555114793335,3.5147999922787108,-0.07627626275938876,-2.4739884588854997,-20.21186710593,23.743194756903065,-2.549878574953391,17.075416999352225
COMMON_DEADLINE,CONTROL,2026.01,2,39,5.001167958457334,-0.8091466524669999,0.4358974358974359,0.5641025641025641,1.1143555114793335,3.0147999922787108,-0.5762762627593888,-2.9739884588854997,-20.71186710593,23.743194756903065,-3.049878574953391,16.575416999352225
COMMON_DEADLINE,DELAY_1,2026.01,0,39,5.67980491220623,1.3524213796,0.5384615384615384,0.46153846153846156,4.0910572603740905,4.249120264676579,2.1614720934021108,0.362936769094147,-26.675644877239,17.84936901465932,-0.947004180876968,14.624701367960393
COMMON_DEADLINE,DELAY_1,2026.01,0.5,39,5.17980491220623,0.8524213796,0.5384615384615384,0.46153846153846156,3.591057260374091,3.7491202646765784,1.661472093402111,-0.137063230905853,-27.175644877239,17.84936901465932,-1.447004180876968,14.124701367960393
COMMON_DEADLINE,DELAY_1,2026.01,1,39,4.67980491220623,0.3524213796,0.5384615384615384,0.46153846153846156,3.091057260374091,3.2491202646765784,1.161472093402111,-0.637063230905853,-27.675644877239,17.84936901465932,-1.947004180876968,13.624701367960393
COMMON_DEADLINE,DELAY_1,2026.01,1.5,39,4.17980491220623,-0.14757862040000003,0.48717948717948717,0.5128205128205128,2.591057260374091,2.7491202646765784,0.661472093402111,-1.137063230905853,-28.175644877239,17.84936901465932,-2.4470041808769682,13.124701367960393
COMMON_DEADLINE,DELAY_1,2026.01,2,39,3.679804912206231,-0.6475786204,0.46153846153846156,0.5384615384615384,2.091057260374091,2.2491202646765784,0.1614720934021109,-1.637063230905853,-28.675644877239,17.84936901465932,-2.9470041808769682,12.624701367960393
COMMON_DEADLINE,DELAY_3,2026.01,0,39,3.9508296266506155,1.739208998714,0.5641025641025641,0.4358974358974359,2.0880395071336664,2.477818224591842,0.15012620737744445,-1.1082487172234412,-28.993304638929,17.450392272094106,-2.2388779252012223,12.577356309551691
COMMON_DEADLINE,DELAY_3,2026.01,0.5,39,3.4508296266506155,1.239208998714,0.5641025641025641,0.4358974358974359,1.5880395071336668,1.9778182245918423,-0.3498737926225555,-1.6082487172234412,-29.493304638929,17.450392272094106,-2.7388779252012223,12.077356309551691
COMMON_DEADLINE,DELAY_3,2026.01,1,39,2.9508296266506155,0.739208998714,0.5641025641025641,0.4358974358974359,1.0880395071336668,1.477818224591842,-0.8498737926225556,-2.108248717223441,-29.993304638929,17.450392272094106,-3.2388779252012223,11.577356309551691
COMMON_DEADLINE,DELAY_3,2026.01,1.5,39,2.4508296266506155,0.23920899871400003,0.5128205128205128,0.48717948717948717,0.5880395071336667,0.9778182245918421,-1.3498737926225557,-2.608248717223441,-30.493304638929,17.450392272094106,-3.7388779252012223,11.077356309551691
COMMON_DEADLINE,DELAY_3,2026.01,2,39,1.9508296266506153,-0.26079100128599997,0.48717948717948717,0.5128205128205128,0.0880395071336667,0.47781822459184214,-1.8498737926225555,-3.108248717223441,-30.993304638929,17.450392272094106,-4.238877925201223,10.577356309551691
COMMON_DEADLINE,DELAY_5,2026.01,0,39,4.011746825111923,0.676256418983,0.5384615384615384,0.46153846153846156,2.256898005345364,2.7802287204002893,0.33980505759533325,-0.8444476893788824,-30.468602696641,16.49621312362538,-1.8064946890016063,12.027914594603946
COMMON_DEADLINE,DELAY_5,2026.01,0.5,39,3.511746825111923,0.17625641898300004,0.5128205128205128,0.48717948717948717,1.7568980053453636,2.2802287204002893,-0.16019494240466678,-1.3444476893788824,-30.968602696641,16.49621312362538,-2.3064946890016063,11.527914594603946
COMMON_DEADLINE,DELAY_5,2026.01,1,39,3.011746825111923,-0.32374358101699996,0.46153846153846156,0.5384615384615384,1.2568980053453636,1.7802287204002891,-0.6601949424046667,-1.8444476893788824,-31.468602696641,16.49621312362538,-2.8064946890016063,11.027914594603946
COMMON_DEADLINE,DELAY_5,2026.01,1.5,39,2.511746825111923,-0.823743581017,0.46153846153846156,0.5384615384615384,0.7568980053453636,1.2802287204002893,-1.1601949424046667,-2.3444476893788826,-31.968602696641,16.49621312362538,-3.3064946890016063,10.527914594603946
COMMON_DEADLINE,DELAY_5,2026.01,2,39,2.011746825111923,-1.323743581017,0.4358974358974359,0.5641025641025641,0.25689800534536356,0.7802287204002893,-1.6601949424046667,-2.8444476893788826,-32.468602696641,16.49621312362538,-3.8064946890016063,10.027914594603946
COMMON_DEADLINE,CONTROL,2026.02,0,47,14.206068426047255,3.769944456151,0.5957446808510638,0.40425531914893614,5.3478804267683335,9.551174088107087,4.28593590278775,2.4478073195072145,-23.685324770507,43.9838878150653,2.0284245940791337,28.14698249739849
COMMON_DEADLINE,CONTROL,2026.02,0.5,47,13.706068426047255,3.269944456151,0.5957446808510638,0.40425531914893614,4.8478804267683335,9.051174088107087,3.78593590278775,1.9478073195072145,-24.185324770507,43.9838878150653,1.5284245940791337,27.64698249739849
COMMON_DEADLINE,CONTROL,2026.02,1,47,13.206068426047255,2.769944456151,0.5957446808510638,0.40425531914893614,4.3478804267683335,8.551174088107087,3.28593590278775,1.4478073195072145,-24.685324770507,43.9838878150653,1.0284245940791337,27.14698249739849
COMMON_DEADLINE,CONTROL,2026.02,1.5,47,12.706068426047255,2.269944456151,0.574468085106383,0.425531914893617,3.8478804267683335,8.051174088107087,2.78593590278775,0.9478073195072144,-25.185324770507,43.9838878150653,0.5284245940791337,26.64698249739849
COMMON_DEADLINE,CONTROL,2026.02,2,47,12.206068426047255,1.7699444561509998,0.574468085106383,0.425531914893617,3.3478804267683335,7.5511740881070875,2.28593590278775,0.44780731950721436,-25.685324770507,43.9838878150653,0.02842459407913367,26.14698249739849
COMMON_DEADLINE,DELAY_1,2026.02,0,47,12.670152087472214,1.352941972318,0.5106382978723404,0.48936170212765956,4.673520766416103,8.657452546890545,4.137229525070454,1.890733919257905,-17.308365845911,39.26225179132135,1.0194996774837222,25.300055618168656
COMMON_DEADLINE,DELAY_1,2026.02,0.5,47,12.170152087472214,0.8529419723180001,0.5106382978723404,0.48936170212765956,4.173520766416103,8.157452546890545,3.6372295250704543,1.3907339192579047,-17.808365845911,39.26225179132135,0.5194996774837222,24.800055618168656
COMMON_DEADLINE,DELAY_1,2026.02,1,47,11.670152087472214,0.35294197231800006,0.5106382978723404,0.48936170212765956,3.673520766416103,7.6574525468905446,3.1372295250704543,0.8907339192579047,-18.308365845911,39.26225179132135,0.019499677483722166,24.300055618168656
COMMON_DEADLINE,DELAY_1,2026.02,1.5,47,11.170152087472214,-0.14705802768199994,0.48936170212765956,0.5106382978723404,3.1735207664161025,7.1574525468905446,2.6372295250704543,0.39073391925790474,-18.808365845911,39.26225179132135,-0.48050032251627783,23.800055618168656
COMMON_DEADLINE,DELAY_1,2026.02,2,47,10.670152087472212,-0.6470580276819999,0.48936170212765956,0.5106382978723404,2.6735207664161025,6.6574525468905446,2.1372295250704543,-0.1092660807420953,-19.308365845911,39.26225179132135,-0.9805003225162778,23.300055618168656
COMMON_DEADLINE,DELAY_3,2026.02,0,47,9.235714703426298,0.375327918075,0.5106382978723404,0.48936170212765956,2.2976147540911027,5.851171041426739,1.245587999356909,-0.14861187014650007,-31.425572371307,34.622513389727175,0.30738088208865083,18.533253604793558
COMMON_DEADLINE,DELAY_3,2026.02,0.5,47,8.735714703426298,-0.12467208192500001,0.48936170212765956,0.5106382978723404,1.7976147540911025,5.351171041426739,0.7455879993569089,-0.6486118701465001,-31.925572371307,34.622513389727175,-0.19261911791134917,18.033253604793558
COMMON_DEADLINE,DELAY_3,2026.02,1,47,8.235714703426298,-0.624672081925,0.48936170212765956,0.5106382978723404,1.2976147540911025,4.851171041426739,0.24558799935690895,-1.1486118701465,-32.425572371307,34.622513389727175,-0.6926191179113492,17.533253604793558
COMMON_DEADLINE,DELAY_3,2026.02,1.5,47,7.735714703426297,-1.124672081925,0.48936170212765956,0.5106382978723404,0.7976147540911024,4.351171041426739,-0.25441200064309105,-1.6486118701465,-32.925572371307,34.622513389727175,-1.1926191179113492,17.033253604793558
COMMON_DEADLINE,DELAY_3,2026.02,2,47,7.235714703426297,-1.624672081925,0.46808510638297873,0.5319148936170213,0.29761475409110244,3.851171041426739,-0.7544120006430911,-2.1486118701465,-33.425572371307,34.622513389727175,-1.6926191179113492,16.533253604793558
COMMON_DEADLINE,DELAY_5,2026.02,0,47,7.046811744533894,3.325432209518,0.5957446808510638,0.40425531914893614,2.884541664367282,3.914827864904239,2.0490892138819774,0.9747760448236191,-16.731459008999,24.925116936095105,0.11026814286393916,16.079126065287905
COMMON_DEADLINE,DELAY_5,2026.02,0.5,47,6.546811744533894,2.825432209518,0.5957446808510638,0.40425531914893614,2.384541664367282,3.414827864904239,1.5490892138819774,0.47477604482361907,-17.231459008999,24.925116936095105,-0.38973185713606084,15.579126065287905
COMMON_DEADLINE,DELAY_5,2026.02,1,47,6.046811744533894,2.325432209518,0.5531914893617021,0.44680851063829785,1.884541664367282,2.914827864904239,1.0490892138819774,-0.025223955176380916,-17.731459008999,24.925116936095105,-0.8897318571360608,15.079126065287905
COMMON_DEADLINE,DELAY_5,2026.02,1.5,47,5.546811744533894,1.825432209518,0.5319148936170213,0.46808510638297873,1.384541664367282,2.414827864904239,0.5490892138819773,-0.5252239551763809,-18.231459008999,24.925116936095105,-1.3897318571360608,14.579126065287905
COMMON_DEADLINE,DELAY_5,2026.02,2,47,5.046811744533893,1.325432209518,0.5106382978723404,0.48936170212765956,0.884541664367282,1.9148278649042394,0.049089213881977296,-1.025223955176381,-18.731459008999,24.925116936095105,-1.8897318571360608,14.079126065287905
COMMON_DEADLINE,CONTROL,2026.03,0,61,-0.9621410606164591,0.938206149842,0.5737704918032787,0.4262295081967213,0.0687412602173264,-1.9227623170103167,-3.266005677213362,-4.243581380114393,-77.807941478057,20.341703880852496,-4.82260417573,2.6236090280695
COMMON_DEADLINE,CONTROL,2026.03,0.5,61,-1.462141060616459,0.438206149842,0.5409836065573771,0.45901639344262296,-0.43125873978267354,-2.4227623170103167,-3.766005677213362,-4.743581380114393,-78.307941478057,20.341703880852496,-5.32260417573,2.1236090280695
COMMON_DEADLINE,CONTROL,2026.03,1,61,-1.962141060616459,-0.061793850157999985,0.4918032786885246,0.5081967213114754,-0.9312587397826736,-2.9227623170103167,-4.2660056772133625,-5.243581380114393,-78.807941478057,20.341703880852496,-5.82260417573,1.6236090280695001
COMMON_DEADLINE,CONTROL,2026.03,1.5,61,-2.462141060616459,-0.561793850158,0.47540983606557374,0.5245901639344263,-1.4312587397826735,-3.4227623170103167,-4.766005677213362,-5.743581380114393,-79.307941478057,20.341703880852492,-6.32260417573,1.1236090280695001
COMMON_DEADLINE,CONTROL,2026.03,2,61,-2.962141060616459,-1.061793850158,0.47540983606557374,0.5245901639344263,-1.9312587397826735,-3.9227623170103167,-5.266005677213362,-6.243581380114393,-79.807941478057,20.341703880852492,-6.82260417573,0.6236090280695001
COMMON_DEADLINE,DELAY_1,2026.03,0,61,-0.32362717492531146,-0.419940368468,0.4918032786885246,0.5081967213114754,0.44802972070777536,-1.206312613015167,-2.649302023197948,-3.596282022718232,-71.002595118351,19.81421411461217,-3.800269054090037,3.198294287577672
COMMON_DEADLINE,DELAY_1,2026.03,0.5,61,-0.8236271749253115,-0.919940368468,0.4918032786885246,0.5081967213114754,-0.05197027929222469,-1.706312613015167,-3.149302023197948,-4.096282022718232,-71.502595118351,19.81421411461217,-4.3002690540900375,2.698294287577672
COMMON_DEADLINE,DELAY_1,2026.03,1,61,-1.3236271749253115,-1.419940368468,0.4918032786885246,0.5081967213114754,-0.5519702792922246,-2.2063126130151667,-3.649302023197948,-4.596282022718232,-72.002595118351,19.81421411461217,-4.8002690540900375,2.198294287577672
COMMON_DEADLINE,DELAY_1,2026.03,1.5,61,-1.8236271749253115,-1.919940368468,0.47540983606557374,0.5245901639344263,-1.0519702792922248,-2.7063126130151667,-4.149302023197948,-5.096282022718232,-72.502595118351,19.81421411461217,-5.3002690540900375,1.698294287577672
COMMON_DEADLINE,DELAY_1,2026.03,2,61,-2.3236271749253117,-2.419940368468,0.47540983606557374,0.5245901639344263,-1.5519702792922248,-3.2063126130151667,-4.649302023197948,-5.596282022718232,-73.002595118351,19.81421411461217,-5.8002690540900375,1.198294287577672
COMMON_DEADLINE,DELAY_3,2026.03,0,61,0.9573495145112295,1.004772670184,0.5737704918032787,0.4262295081967213,0.7138257255071224,0.15807172365233338,-0.9686275696708793,-1.742163557340625,-58.306751545405,15.647723156291674,-2.506283604495821,4.819160278319846
COMMON_DEADLINE,DELAY_3,2026.03,0.5,61,0.45734951451122946,0.5047726701840001,0.5573770491803278,0.4426229508196721,0.21382572550712242,-0.34192827634766665,-1.4686275696708793,-2.242163557340625,-58.806751545405,15.647723156291674,-3.006283604495821,4.319160278319846
COMMON_DEADLINE,DELAY_3,2026.03,1,61,-0.04265048548877046,0.004772670184000072,0.5081967213114754,0.4918032786885246,-0.2861742744928776,-0.8419282763476665,-1.9686275696708793,-2.742163557340625,-59.306751545405,15.647723156291674,-3.506283604495821,3.8191602783198464
COMMON_DEADLINE,DELAY_3,2026.03,1.5,61,-0.5426504854887705,-0.49522732981599993,0.45901639344262296,0.5409836065573771,-0.7861742744928776,-1.3419282763476665,-2.4686275696708795,-3.242163557340625,-59.806751545405,15.647723156291674,-4.006283604495821,3.3191602783198464
COMMON_DEADLINE,DELAY_3,2026.03,2,61,-1.0426504854887704,-0.9952273298159999,0.45901639344262296,0.5409836065573771,-1.2861742744928775,-1.8419282763476665,-2.9686275696708795,-3.742163557340625,-60.306751545405,15.647723156291674,-4.506283604495821,2.8191602783198464
COMMON_DEADLINE,DELAY_5,2026.03,0,61,1.1555001640279179,0.274850942445,0.5245901639344263,0.47540983606557374,0.8421759896450611,0.30127275248996666,-0.8352082560618621,-1.429751007798,-51.665562952834,14.062007520020487,-2.544338375573444,5.250769353050486
COMMON_DEADLINE,DELAY_5,2026.03,0.5,61,0.655500164027918,-0.22514905755499998,0.4918032786885246,0.5081967213114754,0.34217598964506124,-0.1987272475100333,-1.3352082560618619,-1.929751007798,-52.165562952834,14.062007520020487,-3.044338375573444,4.750769353050486
COMMON_DEADLINE,DELAY_5,2026.03,1,61,0.155500164027918,-0.7251490575549999,0.4426229508196721,0.5573770491803278,-0.15782401035493873,-0.6987272475100333,-1.8352082560618619,-2.429751007798,-52.665562952834,14.062007520020487,-3.544338375573444,4.250769353050486
COMMON_DEADLINE,DELAY_5,2026.03,1.5,61,-0.344499835972082,-1.225149057555,0.4262295081967213,0.5737704918032787,-0.6578240103549386,-1.1987272475100332,-2.335208256061862,-2.929751007798,-53.165562952834,14.062007520020487,-4.044338375573444,3.7507693530504858
COMMON_DEADLINE,DELAY_5,2026.03,2,61,-0.844499835972082,-1.725149057555,0.4098360655737705,0.5901639344262295,-1.1578240103549386,-1.6987272475100332,-2.835208256061862,-3.429751007798,-53.665562952834,14.062007520020487,-4.544338375573444,3.2507693530504858
COMMON_DEADLINE,CONTROL,2026.04,0,66,-2.776291664636864,-2.668995981259,0.30303030303030304,0.696969696969697,-3.0194634009609076,-3.4414321752502,-4.102477209253619,-4.584395305062886,-28.776886744366,10.38466813112103,-4.692572738145521,-0.8627765303895847
COMMON_DEADLINE,CONTROL,2026.04,0.5,66,-3.276291664636864,-3.168995981259,0.2727272727272727,0.7272727272727273,-3.5194634009609076,-3.9414321752502,-4.602477209253619,-5.084395305062886,-29.276886744366,10.38466813112103,-5.192572738145521,-1.3627765303895847
COMMON_DEADLINE,CONTROL,2026.04,1,66,-3.776291664636864,-3.668995981259,0.2727272727272727,0.7272727272727273,-4.019463400960908,-4.4414321752502,-5.102477209253619,-5.584395305062886,-29.776886744366,10.38466813112103,-5.692572738145521,-1.8627765303895847
COMMON_DEADLINE,CONTROL,2026.04,1.5,66,-4.276291664636863,-4.168995981259,0.25757575757575757,0.7424242424242424,-4.519463400960908,-4.9414321752502,-5.602477209253619,-6.084395305062886,-30.276886744366,10.38466813112103,-6.192572738145521,-2.362776530389585
COMMON_DEADLINE,CONTROL,2026.04,2,66,-4.776291664636863,-4.668995981259,0.25757575757575757,0.7424242424242424,-5.019463400960908,-5.4414321752502,-6.102477209253619,-6.584395305062886,-30.776886744366,10.38466813112103,-6.692572738145521,-2.862776530389585
COMMON_DEADLINE,DELAY_1,2026.04,0,66,-4.630822342074954,-3.418910553595,0.3181818181818182,0.6818181818181818,-4.114966540413852,-5.268740569951323,-5.856778440719968,-6.318656579944164,-34.06865204172,11.065623738088949,-7.115055646298027,-2.279826894309042
COMMON_DEADLINE,DELAY_1,2026.04,0.5,66,-5.130822342074954,-3.918910553595,0.25757575757575757,0.7424242424242424,-4.614966540413852,-5.768740569951323,-6.356778440719968,-6.818656579944164,-34.56865204172,11.065623738088949,-7.615055646298027,-2.779826894309042
COMMON_DEADLINE,DELAY_1,2026.04,1,66,-5.630822342074954,-4.4189105535949995,0.24242424242424243,0.7575757575757576,-5.114966540413852,-6.268740569951323,-6.856778440719968,-7.318656579944164,-35.06865204172,11.065623738088949,-8.115055646298027,-3.279826894309042
COMMON_DEADLINE,DELAY_1,2026.04,1.5,66,-6.130822342074954,-4.9189105535949995,0.21212121212121213,0.7878787878787878,-5.614966540413852,-6.768740569951323,-7.3567784407199674,-7.818656579944164,-35.56865204172,11.065623738088949,-8.615055646298027,-3.779826894309042
COMMON_DEADLINE,DELAY_1,2026.04,2,66,-6.630822342074954,-5.4189105535949995,0.18181818181818182,0.8181818181818182,-6.114966540413852,-7.268740569951323,-7.8567784407199674,-8.318656579944165,-36.06865204172,11.065623738088949,-9.115055646298027,-4.279826894309042
COMMON_DEADLINE,DELAY_3,2026.04,0,66,-3.909649436137591,-3.4768944553055,0.3484848484848485,0.6515151515151515,-3.363712735221444,-4.386681269509261,-4.871794490794318,-5.305591208238,-40.003055334286,9.632800743569394,-5.8984773346483665,-2.1959592766071
COMMON_DEADLINE,DELAY_3,2026.04,0.5,66,-4.409649436137591,-3.9768944553054997,0.2878787878787879,0.7121212121212122,-3.863712735221444,-4.886681269509261,-5.371794490794318,-5.805591208238,-40.503055334286,9.632800743569394,-6.3984773346483665,-2.6959592766071
COMMON_DEADLINE,DELAY_3,2026.04,1,66,-4.909649436137591,-4.4768944553055,0.24242424242424243,0.7575757575757576,-4.363712735221444,-5.386681269509261,-5.871794490794318,-6.305591208238,-41.003055334286,9.632800743569394,-6.8984773346483665,-3.1959592766071
COMMON_DEADLINE,DELAY_3,2026.04,1.5,66,-5.409649436137591,-4.9768944553055,0.19696969696969696,0.803030303030303,-4.863712735221445,-5.886681269509261,-6.371794490794318,-6.805591208238,-41.503055334286,9.632800743569394,-7.3984773346483665,-3.6959592766071
COMMON_DEADLINE,DELAY_3,2026.04,2,66,-5.909649436137591,-5.4768944553055,0.19696969696969696,0.803030303030303,-5.363712735221445,-6.386681269509261,-6.871794490794318,-7.305591208238,-42.003055334286,9.632800743569394,-7.8984773346483665,-4.1959592766071
COMMON_DEADLINE,DELAY_5,2026.04,0,66,-2.724162632443333,-2.1973236496824997,0.3787878787878788,0.6212121212121212,-2.6706385628110003,-3.324156056767123,-3.834694917412079,-4.296254972451508,-23.100560705774,9.522455705628694,-4.640330751482407,-1.2514798340590514
COMMON_DEADLINE,DELAY_5,2026.04,0.5,66,-3.224162632443333,-2.6973236496824997,0.3484848484848485,0.6515151515151515,-3.1706385628110003,-3.824156056767123,-4.3346949174120795,-4.796254972451508,-23.600560705774,9.522455705628694,-5.140330751482407,-1.7514798340590514
COMMON_DEADLINE,DELAY_5,2026.04,1,66,-3.724162632443333,-3.1973236496824997,0.3181818181818182,0.6818181818181818,-3.6706385628110003,-4.324156056767123,-4.8346949174120795,-5.296254972451508,-24.100560705774,9.522455705628694,-5.640330751482407,-2.2514798340590514
COMMON_DEADLINE,DELAY_5,2026.04,1.5,66,-4.224162632443334,-3.6973236496824997,0.2727272727272727,0.7272727272727273,-4.170638562811,-4.824156056767123,-5.3346949174120795,-5.796254972451508,-24.600560705774,9.522455705628694,-6.140330751482407,-2.7514798340590514
COMMON_DEADLINE,DELAY_5,2026.04,2,66,-4.724162632443334,-4.1973236496825,0.25757575757575757,0.7424242424242424,-4.670638562811,-5.324156056767123,-5.8346949174120795,-6.296254972451508,-25.100560705774,9.522455705628694,-6.640330751482407,-3.2514798340590514
COMMON_DEADLINE,CONTROL,2026.05,0,66,0.4840686502392273,1.1271023799825,0.5454545454545454,0.45454545454545453,0.35052273037914816,-0.14211711608672306,-1.2448307402266985,-1.9477301366807704,-41.238630939901,14.257939603257439,-3.478477458318964,4.41175461694647
COMMON_DEADLINE,CONTROL,2026.05,0.5,66,-0.01593134976077273,0.6271023799825001,0.5454545454545454,0.45454545454545453,-0.14947726962085184,-0.6421171160867231,-1.7448307402266985,-2.4477301366807707,-41.738630939901,14.257939603257439,-3.978477458318964,3.91175461694647
COMMON_DEADLINE,CONTROL,2026.05,1,66,-0.5159313497607727,0.12710237998250007,0.5151515151515151,0.48484848484848486,-0.649477269620852,-1.1421171160867232,-2.2448307402266985,-2.9477301366807707,-42.238630939901,14.257939603257439,-4.478477458318964,3.41175461694647
COMMON_DEADLINE,CONTROL,2026.05,1.5,66,-1.015931349760773,-0.37289762001749993,0.45454545454545453,0.5454545454545454,-1.149477269620852,-1.6421171160867232,-2.7448307402266985,-3.4477301366807707,-42.738630939901,14.257939603257439,-4.978477458318964,2.91175461694647
COMMON_DEADLINE,CONTROL,2026.05,2,66,-1.515931349760773,-0.8728976200174999,0.4393939393939394,0.5606060606060606,-1.6494772696208517,-2.142117116086723,-3.2448307402266985,-3.9477301366807707,-43.238630939901,14.257939603257439,-5.478477458318964,2.41175461694647
COMMON_DEADLINE,DELAY_1,2026.05,0,66,-0.15926638908410615,0.5098879461604999,0.5151515151515151,0.4696969696969697,-0.537431730814389,-0.7923383125694924,-1.8113725263109206,-2.4452874383853938,-38.775765035363,12.778236427522495,-3.861974677910844,3.5256058349830512
COMMON_DEADLINE,DELAY_1,2026.05,0.5,66,-0.6592663890841062,0.009887946160499983,0.5151515151515151,0.48484848484848486,-1.037431730814389,-1.2923383125694923,-2.3113725263109206,-2.9452874383853938,-39.275765035363,12.778236427522495,-4.361974677910844,3.0256058349830512
COMMON_DEADLINE,DELAY_1,2026.05,1,66,-1.1592663890841062,-0.4901120538395,0.4393939393939394,0.5606060606060606,-1.537431730814389,-1.7923383125694923,-2.8113725263109206,-3.4452874383853938,-39.775765035363,12.778236427522495,-4.861974677910844,2.5256058349830512
COMMON_DEADLINE,DELAY_1,2026.05,1.5,66,-1.6592663890841062,-0.9901120538395001,0.42424242424242425,0.5757575757575758,-2.037431730814389,-2.2923383125694925,-3.3113725263109206,-3.9452874383853938,-40.275765035363,12.778236427522495,-5.361974677910844,2.0256058349830512
COMMON_DEADLINE,DELAY_1,2026.05,2,66,-2.159266389084106,-1.4901120538394999,0.4090909090909091,0.5909090909090909,-2.537431730814389,-2.7923383125694925,-3.8113725263109206,-4.445287438385393,-40.775765035363,12.778236427522495,-5.861974677910844,1.5256058349830512
COMMON_DEADLINE,DELAY_3,2026.05,0,66,-0.26820648465528785,-1.9780339883384999,0.3787878787878788,0.6212121212121212,-0.7797086977885556,-0.7562610388564615,-1.6238442476530157,-2.2714250465116885,-35.508735639356,10.851928773025016,-3.2619954885972184,2.794766333502753
COMMON_DEADLINE,DELAY_3,2026.05,0.5,66,-0.7682064846552878,-2.4780339883385,0.3333333333333333,0.6666666666666666,-1.2797086977885554,-1.2562610388564615,-2.123844247653016,-2.7714250465116885,-36.008735639356,10.851928773025016,-3.7619954885972184,2.294766333502753
COMMON_DEADLINE,DELAY_3,2026.05,1,66,-1.2682064846552878,-2.9780339883385,0.3181818181818182,0.6818181818181818,-1.7797086977885554,-1.7562610388564615,-2.623844247653016,-3.2714250465116885,-36.508735639356,10.851928773025016,-4.261995488597218,1.794766333502753
COMMON_DEADLINE,DELAY_3,2026.05,1.5,66,-1.7682064846552878,-3.4780339883385,0.3181818181818182,0.6818181818181818,-2.2797086977885552,-2.256261038856462,-3.123844247653016,-3.7714250465116885,-37.008735639356,10.851928773025016,-4.761995488597218,1.294766333502753
COMMON_DEADLINE,DELAY_3,2026.05,2,66,-2.2682064846552876,-3.9780339883385003,0.2878787878787879,0.7121212121212122,-2.7797086977885557,-2.756261038856462,-3.623844247653016,-4.2714250465116885,-37.508735639356,10.851928773025016,-5.261995488597218,0.794766333502753
COMMON_DEADLINE,DELAY_5,2026.05,0,66,-0.7305715992067727,-1.7578810067625001,0.36363636363636365,0.6212121212121212,-1.0676712207082222,-1.2485321930099849,-1.7775766146779046,-2.2487003020428196,-22.997359644865,8.510521439238309,-3.247791008177672,1.8680124070797615
COMMON_DEADLINE,DELAY_5,2026.05,0.5,66,-1.2305715992067727,-2.2578810067625,0.3484848484848485,0.6515151515151515,-1.5676712207082222,-1.7485321930099849,-2.277576614677905,-2.7487003020428196,-23.497359644865,8.510521439238309,-3.747791008177672,1.3680124070797615
COMMON_DEADLINE,DELAY_5,2026.05,1,66,-1.7305715992067727,-2.7578810067625,0.3333333333333333,0.6666666666666666,-2.067671220708222,-2.2485321930099844,-2.777576614677905,-3.2487003020428196,-23.997359644865,8.510521439238309,-4.247791008177672,0.8680124070797615
COMMON_DEADLINE,DELAY_5,2026.05,1.5,66,-2.230571599206773,-3.2578810067625,0.2727272727272727,0.7272727272727273,-2.567671220708222,-2.7485321930099844,-3.277576614677905,-3.7487003020428196,-24.497359644865,8.510521439238309,-4.747791008177672,0.36801240707976146
COMMON_DEADLINE,DELAY_5,2026.05,2,66,-2.730571599206773,-3.7578810067625,0.24242424242424243,0.7575757575757576,-3.067671220708222,-3.2485321930099844,-3.777576614677905,-4.24870030204282,-24.997359644865,8.510521439238309,-5.247791008177672,-0.13198759292023854
COMMON_DEADLINE,CONTROL,2026.06,0,63,2.9587203947803333,3.986690971274,0.6666666666666666,0.3333333333333333,3.6990980186473137,2.534919528302726,1.7399399902560333,1.1111274505813966,-49.803483353885,13.145319072699369,-1.0509707598918698,6.525615856105576
COMMON_DEADLINE,CONTROL,2026.06,0.5,63,2.4587203947803333,3.486690971274,0.6666666666666666,0.3333333333333333,3.1990980186473137,2.034919528302726,1.2399399902560333,0.6111274505813966,-50.303483353885,13.145319072699369,-1.5509707598918698,6.025615856105576
COMMON_DEADLINE,CONTROL,2026.06,1,63,1.9587203947803333,2.986690971274,0.6507936507936508,0.3492063492063492,2.6990980186473137,1.5349195283027257,0.7399399902560333,0.11112745058139657,-50.803483353885,13.145319072699369,-2.05097075989187,5.525615856105576
COMMON_DEADLINE,CONTROL,2026.06,1.5,63,1.4587203947803333,2.486690971274,0.6349206349206349,0.36507936507936506,2.1990980186473137,1.0349195283027257,0.23993999025603333,-0.3888725494186034,-51.303483353885,13.145319072699369,-2.55097075989187,5.025615856105576
COMMON_DEADLINE,CONTROL,2026.06,2,63,0.9587203947803334,1.9866909712740002,0.6031746031746031,0.3968253968253968,1.699098018647314,0.5349195283027258,-0.26006000974396665,-0.8888725494186034,-51.803483353885,13.145319072699369,-3.05097075989187,4.525615856105576
COMMON_DEADLINE,DELAY_1,2026.06,0,63,2.207707493728349,2.991047724601,0.6825396825396826,0.30158730158730157,3.0757073684242937,1.7947806435108387,1.1402847508614,0.5545708784680172,-51.42533691424,12.787647883717614,-1.797249738367155,5.652378602419082
COMMON_DEADLINE,DELAY_1,2026.06,0.5,63,1.7077074937283492,2.491047724601,0.6666666666666666,0.3333333333333333,2.5757073684242937,1.2947806435108387,0.6402847508613999,0.054570878468017184,-51.92533691424,12.787647883717614,-2.297249738367155,5.152378602419082
COMMON_DEADLINE,DELAY_1,2026.06,1,63,1.2077074937283492,1.991047724601,0.6349206349206349,0.36507936507936506,2.0757073684242937,0.7947806435108385,0.14028475086139988,-0.44542912153198283,-52.42533691424,12.787647883717614,-2.797249738367155,4.652378602419082
COMMON_DEADLINE,DELAY_1,2026.06,1.5,63,0.7077074937283491,1.491047724601,0.5873015873015873,0.4126984126984127,1.575707368424294,0.2947806435108386,-0.3597152491386001,-0.9454291215319828,-52.92533691424,12.787647883717614,-3.297249738367155,4.152378602419082
COMMON_DEADLINE,DELAY_1,2026.06,2,63,0.20770749372834912,0.9910477246010001,0.5396825396825397,0.4603174603174603,1.075707368424294,-0.2052193564891614,-0.8597152491386002,-1.4454291215319828,-53.42533691424,12.787647883717614,-3.797249738367155,3.6523786024190823
COMMON_DEADLINE,DELAY_3,2026.06,0,63,1.9159988381493176,2.58400360821,0.5555555555555556,0.4444444444444444,3.134415731759059,1.57669986738529,0.9490842755953001,0.3603295519493448,-58.960501766887,13.033452403479608,-1.902295210841448,5.124330194216138
COMMON_DEADLINE,DELAY_3,2026.06,0.5,63,1.4159988381493176,2.08400360821,0.5396825396825397,0.4603174603174603,2.634415731759059,1.07669986738529,0.4490842755953,-0.13967044805065523,-59.460501766887,13.033452403479608,-2.402295210841448,4.624330194216138
COMMON_DEADLINE,DELAY_3,2026.06,1,63,0.9159988381493175,1.5840036082100002,0.5079365079365079,0.49206349206349204,2.134415731759059,0.5766998673852903,-0.05091572440470001,-0.6396704480506552,-59.960501766887,13.033452403479608,-2.902295210841448,4.124330194216138
COMMON_DEADLINE,DELAY_3,2026.06,1.5,63,0.41599883814931743,1.0840036082100002,0.5079365079365079,0.49206349206349204,1.6344157317590586,0.07669986738529025,-0.5509157244047,-1.1396704480506554,-60.460501766887,13.033452403479608,-3.402295210841448,3.624330194216138
COMMON_DEADLINE,DELAY_3,2026.06,2,63,-0.0840011618506826,0.5840036082100002,0.5079365079365079,0.49206349206349204,1.1344157317590589,-0.4233001326147097,-1.0509157244047,-1.6396704480506554,-60.960501766887,13.033452403479608,-3.902295210841448,3.124330194216138
COMMON_DEADLINE,DELAY_5,2026.06,0,63,1.098998259414143,2.072480945984,0.6031746031746031,0.3968253968253968,2.4230986995412747,0.8078058257948548,0.3032040710660333,-0.1569807920618104,-58.233144686225,11.503294002012774,-2.5122653032670472,4.188886469764042
COMMON_DEADLINE,DELAY_5,2026.06,0.5,63,0.5989982594141429,1.5724809459840001,0.5714285714285714,0.42857142857142855,1.9230986995412747,0.3078058257948548,-0.19679592893396672,-0.6569807920618104,-58.733144686225,11.503294002012774,-3.0122653032670472,3.688886469764042
COMMON_DEADLINE,DELAY_5,2026.06,1,63,0.09899825941414282,1.0724809459840001,0.5714285714285714,0.42857142857142855,1.4230986995412747,-0.19219417420514517,-0.6967959289339667,-1.1569807920618105,-59.233144686225,11.503294002012774,-3.5122653032670472,3.188886469764042
COMMON_DEADLINE,DELAY_5,2026.06,1.5,63,-0.4010017405858572,0.5724809459840001,0.5079365079365079,0.49206349206349204,0.9230986995412744,-0.6921941742051452,-1.1967959289339667,-1.6569807920618105,-59.733144686225,11.503294002012774,-4.012265303267047,2.688886469764042
COMMON_DEADLINE,DELAY_5,2026.06,2,63,-0.9010017405858571,0.07248094598400012,0.5079365079365079,0.49206349206349204,0.4230986995412745,-1.1921941742051454,-1.6967959289339667,-2.1569807920618103,-60.233144686225,11.503294002012774,-4.512265303267047,2.188886469764042
COMMON_DEADLINE,CONTROL,2026.07,0,57,-0.29792171702821046,0.93389957139,0.543859649122807,0.45614035087719296,-0.32916787042674467,-0.6917051236787499,-1.3828172467163886,-1.902396376216077,-22.664482530989,9.07322630297906,-2.76954926461935,2.6525055897521366
COMMON_DEADLINE,CONTROL,2026.07,0.5,57,-0.7979217170282105,0.43389957139,0.5087719298245614,0.49122807017543857,-0.8291678704267446,-1.19170512367875,-1.8828172467163886,-2.402396376216077,-23.164482530989,9.07322630297906,-3.26954926461935,2.1525055897521366
COMMON_DEADLINE,CONTROL,2026.07,1,57,-1.2979217170282105,-0.06610042860999998,0.47368421052631576,0.5263157894736842,-1.3291678704267447,-1.69170512367875,-2.382817246716389,-2.902396376216077,-23.664482530989,9.07322630297906,-3.76954926461935,1.6525055897521366
COMMON_DEADLINE,CONTROL,2026.07,1.5,57,-1.7979217170282105,-0.56610042861,0.45614035087719296,0.543859649122807,-1.8291678704267447,-2.19170512367875,-2.882817246716389,-3.402396376216077,-24.164482530989,9.07322630297906,-4.26954926461935,1.1525055897521366
COMMON_DEADLINE,CONTROL,2026.07,2,57,-2.2979217170282107,-1.06610042861,0.42105263157894735,0.5789473684210527,-2.3291678704267444,-2.69170512367875,-3.382817246716389,-3.902396376216077,-24.664482530989,9.07322630297906,-4.76954926461935,0.6525055897521366
COMMON_DEADLINE,DELAY_1,2026.07,0,57,0.9085805447779824,1.178021071852,0.543859649122807,0.45614035087719296,1.2497705136851065,0.6232036314972144,0.1256416057924074,-0.3371204385958654,-25.115551099264,8.206831083003465,-1.2705471256463585,3.5156948279091917
COMMON_DEADLINE,DELAY_1,2026.07,0.5,57,0.40858054477798245,0.6780210718519999,0.5087719298245614,0.49122807017543857,0.7497705136851064,0.12320363149721428,-0.3743583942075926,-0.8371204385958654,-25.615551099264,8.206831083003465,-1.7705471256463585,3.0156948279091917
COMMON_DEADLINE,DELAY_1,2026.07,1,57,-0.09141945522201758,0.1780210718519999,0.5087719298245614,0.49122807017543857,0.24977051368510633,-0.37679636850278575,-0.8743583942075926,-1.3371204385958655,-26.115551099264,8.206831083003465,-2.2705471256463587,2.5156948279091917
COMMON_DEADLINE,DELAY_1,2026.07,1.5,57,-0.5914194552220176,-0.3219789281480001,0.49122807017543857,0.5087719298245614,-0.25022948631489367,-0.8767963685027856,-1.3743583942075928,-1.8371204385958655,-26.615551099264,8.206831083003465,-2.7705471256463587,2.0156948279091917
COMMON_DEADLINE,DELAY_1,2026.07,2,57,-1.0914194552220176,-0.8219789281480001,0.47368421052631576,0.5263157894736842,-0.7502294863148937,-1.3767963685027858,-1.8743583942075928,-2.3371204385958655,-27.115551099264,8.206831083003465,-3.2705471256463587,1.5156948279091917
COMMON_DEADLINE,DELAY_3,2026.07,0,57,0.7612422026551403,0.272650434877,0.543859649122807,0.45614035087719296,0.590528220113383,0.41926467738946427,-0.05846164538240742,-0.46932787624346156,-14.853577440152,6.771655715802701,-1.1608221755606,3.0533589405632036
COMMON_DEADLINE,DELAY_3,2026.07,0.5,57,0.26124220265514037,-0.22734956512299997,0.47368421052631576,0.5263157894736842,0.09052822011338298,-0.0807353226105357,-0.5584616453824074,-0.9693278762434615,-15.353577440152,6.771655715802701,-1.6608221755606,2.5533589405632036
COMMON_DEADLINE,DELAY_3,2026.07,1,57,-0.23875779734485966,-0.727349565123,0.45614035087719296,0.543859649122807,-0.40947177988661704,-0.5807353226105356,-1.0584616453824074,-1.4693278762434616,-15.853577440152,6.771655715802701,-2.1608221755606003,2.0533589405632036
COMMON_DEADLINE,DELAY_3,2026.07,1.5,57,-0.7387577973448597,-1.227349565123,0.42105263157894735,0.5789473684210527,-0.909471779886617,-1.0807353226105358,-1.5584616453824074,-1.9693278762434616,-16.353577440152,6.771655715802701,-2.6608221755606003,1.5533589405632036
COMMON_DEADLINE,DELAY_3,2026.07,2,57,-1.2387577973448598,-1.727349565123,0.40350877192982454,0.5964912280701754,-1.4094717798866172,-1.5807353226105358,-2.0584616453824074,-2.4693278762434616,-16.853577440152,6.771655715802701,-3.1608221755606003,1.0533589405632036
COMMON_DEADLINE,DELAY_5,2026.07,0,57,-0.44417262126991225,-0.515660106324,0.43859649122807015,0.5614035087719298,-0.5344178903174255,-0.7952699003990714,-1.2485406823560925,-1.5649163468963463,-18.093510214833,6.002043299454499,-1.801080212565922,1.2866953844218056
COMMON_DEADLINE,DELAY_5,2026.07,0.5,57,-0.9441726212699123,-1.0156601063239998,0.38596491228070173,0.6140350877192983,-1.0344178903174255,-1.2952699003990715,-1.7485406823560925,-2.064916346896346,-18.593510214833,6.002043299454499,-2.301080212565922,0.7866953844218056
COMMON_DEADLINE,DELAY_5,2026.07,1,57,-1.4441726212699122,-1.5156601063239998,0.3508771929824561,0.6491228070175439,-1.5344178903174255,-1.7952699003990715,-2.2485406823560927,-2.564916346896346,-19.093510214833,6.002043299454499,-2.801080212565922,0.28669538442180564
COMMON_DEADLINE,DELAY_5,2026.07,1.5,57,-1.9441726212699122,-2.015660106324,0.3333333333333333,0.6666666666666666,-2.0344178903174255,-2.295269900399071,-2.7485406823560927,-3.064916346896346,-19.593510214833,6.002043299454499,-3.301080212565922,-0.21330461557819436
COMMON_DEADLINE,DELAY_5,2026.07,2,57,-2.444172621269912,-2.515660106324,0.3157894736842105,0.6842105263157895,-2.5344178903174255,-2.795269900399071,-3.2485406823560927,-3.564916346896346,-20.093510214833,6.002043299454499,-3.801080212565922,-0.7133046155781944
COMMON_DEADLINE,CONTROL,2026.08,0,31,2.809145179202355,1.828746035788,0.6129032258064516,0.3870967741935484,3.00478837611992,2.1022654966261,0.7355568748375357,-0.6823103564458463,-26.807740677642,11.530450287272107,-0.9769628679788858,7.616539568356036
COMMON_DEADLINE,CONTROL,2026.08,0.5,31,2.309145179202355,1.328746035788,0.5806451612903226,0.41935483870967744,2.50478837611992,1.6022654966260998,0.2355568748375357,-1.1823103564458461,-27.307740677642,11.530450287272107,-1.4769628679788858,7.116539568356036
COMMON_DEADLINE,CONTROL,2026.08,1,31,1.8091451792023547,0.8287460357880001,0.5806451612903226,0.41935483870967744,2.00478837611992,1.1022654966260998,-0.2644431251624643,-1.6823103564458464,-27.807740677642,11.530450287272107,-1.9769628679788858,6.616539568356036
COMMON_DEADLINE,CONTROL,2026.08,1.5,31,1.3091451792023547,0.3287460357880001,0.5161290322580645,0.4838709677419355,1.50478837611992,0.6022654966261,-0.7644431251624643,-2.1823103564458464,-28.307740677642,11.530450287272107,-2.4769628679788855,6.116539568356036
COMMON_DEADLINE,CONTROL,2026.08,2,31,0.8091451792023548,-0.1712539642119999,0.4838709677419355,0.5161290322580645,1.00478837611992,0.10226549662609995,-1.2644431251624642,-2.6823103564458464,-28.807740677642,11.530450287272107,-2.9769628679788855,5.616539568356036
COMMON_DEADLINE,DELAY_1,2026.08,0,31,2.569321586923033,2.20921493156,0.5806451612903226,0.41935483870967744,2.6684014689010804,1.8993071065256335,0.5757805600576072,-0.7307689110900768,-23.535306407165,11.241072794989849,-1.0102837085226584,7.215109664546929
COMMON_DEADLINE,DELAY_1,2026.08,0.5,31,2.069321586923033,1.70921493156,0.5483870967741935,0.45161290322580644,2.16840146890108,1.3993071065256335,0.07578056005760725,-1.2307689110900768,-24.035306407165,11.241072794989849,-1.5102837085226584,6.715109664546929
COMMON_DEADLINE,DELAY_1,2026.08,1,31,1.5693215869230324,1.20921493156,0.5483870967741935,0.45161290322580644,1.66840146890108,0.8993071065256334,-0.4242194399423927,-1.730768911090077,-24.535306407165,11.241072794989849,-2.0102837085226586,6.215109664546929
COMMON_DEADLINE,DELAY_1,2026.08,1.5,31,1.0693215869230324,0.70921493156,0.5483870967741935,0.45161290322580644,1.1684014689010802,0.39930710652563345,-0.9242194399423928,-2.230768911090077,-25.035306407165,11.241072794989849,-2.5102837085226586,5.715109664546929
COMMON_DEADLINE,DELAY_1,2026.08,2,31,0.5693215869230325,0.20921493156000004,0.5161290322580645,0.4838709677419355,0.6684014689010802,-0.1006928934743665,-1.4242194399423926,-2.7307689110900766,-25.535306407165,11.241072794989849,-3.0102837085226586,5.215109664546929
COMMON_DEADLINE,DELAY_3,2026.08,0,31,3.122751551485839,1.861765091216,0.6451612903225806,0.3548387096774194,3.13297749877168,2.434134372886,1.2765899593585,0.23753654238330774,-21.139948758602,9.755704827845927,-0.1283701569715134,7.552030479342333
COMMON_DEADLINE,DELAY_3,2026.08,0.5,31,2.6227515514858384,1.361765091216,0.6451612903225806,0.3548387096774194,2.63297749877168,1.934134372886,0.7765899593585,-0.2624634576166923,-21.639948758602,9.755704827845927,-0.6283701569715134,7.052030479342333
COMMON_DEADLINE,DELAY_3,2026.08,1,31,2.1227515514858384,0.861765091216,0.6451612903225806,0.3548387096774194,2.13297749877168,1.4341343728859999,0.27658995935849995,-0.7624634576166923,-22.139948758602,9.755704827845927,-1.1283701569715134,6.552030479342333
COMMON_DEADLINE,DELAY_3,2026.08,1.5,31,1.6227515514858388,0.361765091216,0.5806451612903226,0.41935483870967744,1.63297749877168,0.934134372886,-0.22341004064150005,-1.2624634576166922,-22.639948758602,9.755704827845927,-1.6283701569715134,6.052030479342333
COMMON_DEADLINE,DELAY_3,2026.08,2,31,1.1227515514858388,-0.13823490878400002,0.4838709677419355,0.5161290322580645,1.1329774987716799,0.434134372886,-0.7234100406415,-1.7624634576166922,-23.139948758602,9.755704827845927,-2.1283701569715134,5.552030479342333
COMMON_DEADLINE,DELAY_5,2026.08,0,31,2.623985943178516,2.378873854212,0.6129032258064516,0.3870967741935484,2.2481646022396,1.8295537868886,0.6601379138035358,-0.341282959735423,-17.558641066215,9.443755190430787,-0.2534467202773674,6.397296907369927
COMMON_DEADLINE,DELAY_5,2026.08,0.5,31,2.123985943178516,1.8788738542119998,0.5483870967741935,0.45161290322580644,1.7481646022396,1.3295537868886,0.1601379138035358,-0.841282959735423,-18.058641066215,9.443755190430787,-0.7534467202773674,5.897296907369927
COMMON_DEADLINE,DELAY_5,2026.08,1,31,1.6239859431785162,1.3788738542119998,0.5161290322580645,0.4838709677419355,1.2481646022396,0.8295537868886,-0.33986208619646424,-1.341282959735423,-18.558641066215,9.443755190430787,-1.2534467202773674,5.397296907369927
COMMON_DEADLINE,DELAY_5,2026.08,1.5,31,1.1239859431785162,0.8788738542119998,0.5161290322580645,0.4838709677419355,0.7481646022396,0.3295537868886001,-0.8398620861964642,-1.841282959735423,-19.058641066215,9.443755190430787,-1.7534467202773674,4.897296907369927
COMMON_DEADLINE,DELAY_5,2026.08,2,31,0.6239859431785163,0.3788738542119998,0.5161290322580645,0.4838709677419355,0.24816460223960013,-0.1704462131113999,-1.339862086196464,-2.3412829597354228,-19.558641066215,9.443755190430787,-2.2534467202773674,4.397296907369927
EQUAL_HOLD,CONTROL,ALL,0,428,2.299244831862276,1.025898833142,0.5373831775700935,0.46261682242990654,0.7717836793799737,1.7698959720509577,1.1667565545070684,0.8222047850586099,-77.807941478057,20.827187358390972,0.15641487724310246,4.775142712410409
EQUAL_HOLD,CONTROL,ALL,0.5,428,1.7992448318622758,0.525898833142,0.5210280373831776,0.47897196261682246,0.27178367937997383,1.2698959720509577,0.6667565545070683,0.32220478505860994,-78.307941478057,20.827187358390972,-0.34358512275689757,4.275142712410409
EQUAL_HOLD,CONTROL,ALL,1,428,1.2992448318622758,0.025898833142000033,0.5023364485981309,0.4976635514018692,-0.22821632062002617,0.7698959720509579,0.16675655450706828,-0.17779521494139006,-78.807941478057,20.827187358390972,-0.8435851227568976,3.7751427124104087
EQUAL_HOLD,CONTROL,ALL,1.5,428,0.7992448318622758,-0.47410116685799997,0.4742990654205608,0.5257009345794392,-0.7282163206200262,0.2698959720509579,-0.3332434454929317,-0.6777952149413901,-79.307941478057,20.827187358390972,-1.3435851227568976,3.2751427124104087
EQUAL_HOLD,CONTROL,ALL,2,428,0.2992448318622757,-0.974101166858,0.45560747663551404,0.544392523364486,-1.2282163206200263,-0.2301040279490421,-0.8332434454929317,-1.1777952149413902,-79.807941478057,20.827187358390972,-1.8435851227568976,2.7751427124104087
EQUAL_HOLD,DELAY_1,ALL,0,428,1.7800012973445982,0.603544515158,0.5350467289719626,0.4649532710280374,0.7480060801843895,1.25871476108837,0.6963842134801764,0.41279877055897163,-73.417115217758,20.75033604617738,-0.2379906290511081,4.072479889316889
EQUAL_HOLD,DELAY_1,ALL,0.5,428,1.2800012973445982,0.103544515158,0.5116822429906542,0.4883177570093458,0.24800608018438952,0.7587147610883701,0.19638421348017643,-0.0872012294410284,-73.917115217758,20.75033604617738,-0.7379906290511081,3.572479889316889
EQUAL_HOLD,DELAY_1,ALL,1,428,0.7800012973445981,-0.396455484842,0.48364485981308414,0.5163551401869159,-0.2519939198156105,0.25871476108837,-0.3036157865198235,-0.5872012294410284,-74.417115217758,20.75033604617738,-1.237990629051108,3.072479889316889
EQUAL_HOLD,DELAY_1,ALL,1.5,428,0.2800012973445981,-0.896455484842,0.4719626168224299,0.5280373831775701,-0.7519939198156105,-0.24128523891163,-0.8036157865198236,-1.0872012294410285,-74.917115217758,20.75033604617738,-1.737990629051108,2.572479889316889
EQUAL_HOLD,DELAY_1,ALL,2,428,-0.21999870265540186,-1.3964554848419999,0.4485981308411215,0.5514018691588785,-1.2519939198156105,-0.7412852389116299,-1.3036157865198237,-1.5872012294410285,-75.417115217758,20.75033604617738,-2.237990629051108,2.072479889316889
EQUAL_HOLD,DELAY_3,ALL,0,428,1.4398978723940608,-0.4973336432935,0.48130841121495327,0.5186915887850467,-0.01108235580904941,0.9844953174676369,0.18605010706035993,-0.24191577090666203,-111.829761538326,23.19461084783926,-0.5783121428198154,3.6586945743078005
EQUAL_HOLD,DELAY_3,ALL,0.5,428,0.9398978723940606,-0.9973336432935,0.45560747663551404,0.544392523364486,-0.5110823558090495,0.48449531746763697,-0.31394989293964004,-0.7419157709066619,-112.329761538326,23.19461084783926,-1.0783121428198155,3.1586945743078005
EQUAL_HOLD,DELAY_3,ALL,1,428,0.4398978723940607,-1.4973336432935,0.43457943925233644,0.5654205607476636,-1.0110823558090494,-0.01550468253236308,-0.81394989293964,-1.241915770906662,-112.829761538326,23.19461084783926,-1.5783121428198155,2.6586945743078005
EQUAL_HOLD,DELAY_3,ALL,1.5,428,-0.06010212760593931,-1.9973336432935,0.4205607476635514,0.5794392523364486,-1.5110823558090494,-0.515504682532363,-1.3139498929396403,-1.741915770906662,-113.329761538326,23.19461084783926,-2.0783121428198155,2.1586945743078005
EQUAL_HOLD,DELAY_3,ALL,2,428,-0.5601021276059392,-2.4973336432935,0.4088785046728972,0.5911214953271028,-2.0110823558090494,-1.015504682532363,-1.8139498929396403,-2.241915770906662,-113.829761538326,23.19461084783926,-2.5783121428198155,1.6586945743078005
EQUAL_HOLD,DELAY_5,ALL,0,428,0.9840805999363341,-0.6392646223364999,0.46261682242990654,0.5373831775700935,-0.37619901901768615,0.44503281057332555,-0.3732957349789906,-0.6922778182966359,-86.030901375007,23.004207313374664,-1.116625560682587,3.455204356970591
EQUAL_HOLD,DELAY_5,ALL,0.5,428,0.4840805999363341,-1.1392646223365,0.4439252336448598,0.5560747663551402,-0.8761990190176862,-0.05496718942667447,-0.8732957349789906,-1.192277818296636,-86.530901375007,23.004207313374664,-1.616625560682587,2.955204356970591
EQUAL_HOLD,DELAY_5,ALL,1,428,-0.015919400063665868,-1.6392646223365,0.4205607476635514,0.5794392523364486,-1.376199019017686,-0.5549671894266744,-1.3732957349789905,-1.6922778182966358,-87.030901375007,23.004207313374664,-2.116625560682587,2.455204356970591
EQUAL_HOLD,DELAY_5,ALL,1.5,428,-0.5159194000636659,-2.1392646223365,0.40654205607476634,0.5934579439252337,-1.876199019017686,-1.0549671894266746,-1.8732957349789905,-2.192277818296636,-87.530901375007,23.004207313374664,-2.616625560682587,1.955204356970591
EQUAL_HOLD,DELAY_5,ALL,2,428,-1.0159194000636658,-2.6392646223365,0.39485981308411217,0.6051401869158879,-2.376199019017686,-1.5549671894266743,-2.3732957349789907,-2.692277818296636,-88.030901375007,23.004207313374664,-3.116625560682587,1.455204356970591
EQUAL_HOLD,CONTROL,JAN_JUN,0,340,2.6881612510364383,0.989272362356,0.5294117647058824,0.47058823529411764,0.8117270921126214,2.0225475438970326,1.2634111957888399,0.8289273474481402,-77.807941478057,22.79690448839377,0.09162660276963241,5.722630069605888
EQUAL_HOLD,CONTROL,JAN_JUN,0.5,340,2.1881612510364383,0.489272362356,0.5176470588235295,0.4823529411764706,0.31172709211262134,1.5225475438970326,0.7634111957888399,0.32892734744814034,-78.307941478057,22.79690448839377,-0.4083733972303676,5.222630069605888
EQUAL_HOLD,CONTROL,JAN_JUN,1,340,1.688161251036438,-0.010727637643999977,0.5,0.5,-0.1882729078873787,1.0225475438970326,0.2634111957888398,-0.1710726525518597,-78.807941478057,22.79690448839377,-0.9083733972303676,4.722630069605888
EQUAL_HOLD,CONTROL,JAN_JUN,1.5,340,1.1881612510364383,-0.510727637644,0.47352941176470587,0.5264705882352941,-0.6882729078873786,0.5225475438970325,-0.2365888042111602,-0.6710726525518597,-79.307941478057,22.79690448839377,-1.4083733972303676,4.222630069605888
EQUAL_HOLD,CONTROL,JAN_JUN,2,340,0.6881612510364383,-1.010727637644,0.4588235294117647,0.5411764705882353,-1.1882729078873788,0.022547543897032507,-0.7365888042111601,-1.1710726525518598,-79.807941478057,22.79690448839377,-1.9083733972303676,3.722630069605888
EQUAL_HOLD,DELAY_1,JAN_JUN,0,340,1.8573106283462206,0.42063209157049997,0.5205882352941177,0.47941176470588237,0.4894016365441176,1.200932924362717,0.4914194335409555,0.13211623379305076,-73.417115217758,22.735545471678495,-0.6106223277333511,4.655140342005902
EQUAL_HOLD,DELAY_1,JAN_JUN,0.5,340,1.3573106283462206,-0.0793679084295,0.4970588235294118,0.5029411764705882,-0.010598363455882361,0.7009329243627168,-0.008580566459044531,-0.36788376620694924,-73.917115217758,22.735545471678495,-1.1106223277333511,4.155140342005902
EQUAL_HOLD,DELAY_1,JAN_JUN,1,340,0.8573106283462206,-0.5793679084295,0.47352941176470587,0.5264705882352941,-0.5105983634558824,0.2009329243627168,-0.5085805664590445,-0.8678837662069493,-74.417115217758,22.735545471678495,-1.6106223277333511,3.655140342005902
EQUAL_HOLD,DELAY_1,JAN_JUN,1.5,340,0.3573106283462206,-1.0793679084295,0.46176470588235297,0.538235294117647,-1.0105983634558822,-0.2990670756372832,-1.0085805664590446,-1.3678837662069494,-74.917115217758,22.735545471678495,-2.110622327733351,3.155140342005902
EQUAL_HOLD,DELAY_1,JAN_JUN,2,340,-0.1426893716537794,-1.5793679084295,0.43823529411764706,0.5617647058823529,-1.5105983634558822,-0.7990670756372831,-1.5085805664590446,-1.8678837662069494,-75.417115217758,22.735545471678495,-2.610622327733351,2.655140342005902
EQUAL_HOLD,DELAY_3,JAN_JUN,0,340,1.40117598797385,-0.891823745062,0.45,0.55,-0.4034560158281948,0.8274426167703008,-0.18043073582461727,-0.7230054464688568,-111.829761538326,25.518167253693502,-1.0268781402629907,4.168371496723211
EQUAL_HOLD,DELAY_3,JAN_JUN,0.5,340,0.90117598797385,-1.3918237450620001,0.4294117647058823,0.5705882352941176,-0.9034560158281949,0.3274426167703008,-0.6804307358246172,-1.223005446468857,-112.329761538326,25.518167253693502,-1.5268781402629907,3.6683714967232106
EQUAL_HOLD,DELAY_3,JAN_JUN,1,340,0.40117598797384996,-1.8918237450620001,0.4117647058823529,0.5882352941176471,-1.4034560158281948,-0.17255738322969918,-1.1804307358246173,-1.7230054464688567,-112.829761538326,25.518167253693502,-2.0268781402629905,3.1683714967232106
EQUAL_HOLD,DELAY_3,JAN_JUN,1.5,340,-0.09882401202615004,-2.391823745062,0.39705882352941174,0.6029411764705882,-1.9034560158281948,-0.6725573832296992,-1.6804307358246173,-2.2230054464688567,-113.329761538326,25.518167253693502,-2.5268781402629905,2.6683714967232106
EQUAL_HOLD,DELAY_3,JAN_JUN,2,340,-0.59882401202615,-2.891823745062,0.38823529411764707,0.611764705882353,-2.4034560158281946,-1.1725573832296992,-2.1804307358246175,-2.7230054464688567,-113.829761538326,25.518167253693502,-3.0268781402629905,2.1683714967232106
EQUAL_HOLD,DELAY_5,JAN_JUN,0,340,1.0744530079202355,-0.6842529240285,0.45588235294117646,0.5441176470588235,-0.622407428205353,0.39574199420335987,-0.6365672446467122,-1.0409134066249195,-86.030901375007,25.239947752557523,-1.5336432731786211,4.166943155728003
EQUAL_HOLD,DELAY_5,JAN_JUN,0.5,340,0.5744530079202353,-1.1842529240284998,0.43529411764705883,0.5647058823529412,-1.1224074282053529,-0.10425800579664012,-1.136567244646712,-1.5409134066249195,-86.530901375007,25.239947752557523,-2.033643273178621,3.666943155728003
EQUAL_HOLD,DELAY_5,JAN_JUN,1,340,0.07445300792023535,-1.6842529240284998,0.4117647058823529,0.5882352941176471,-1.6224074282053529,-0.6042580057966401,-1.6365672446467123,-2.0409134066249193,-87.030901375007,25.239947752557523,-2.533643273178621,3.166943155728003
EQUAL_HOLD,DELAY_5,JAN_JUN,1.5,340,-0.4255469920797646,-2.1842529240285,0.39705882352941174,0.6029411764705882,-2.122407428205353,-1.1042580057966402,-2.136567244646712,-2.5409134066249193,-87.530901375007,25.239947752557523,-3.033643273178621,2.666943155728003
EQUAL_HOLD,DELAY_5,JAN_JUN,2,340,-0.9255469920797647,-2.6842529240285,0.3911764705882353,0.6088235294117647,-2.622407428205353,-1.6042580057966402,-2.636567244646712,-3.0409134066249193,-88.030901375007,25.239947752557523,-3.533643273178621,2.166943155728003
EQUAL_HOLD,CONTROL,JUL_AUG,0,88,0.7966132123257386,1.1776623433164999,0.5681818181818182,0.4318181818181818,0.5994617886303472,0.5297290463008621,0.031477082753905906,-0.47947976348493976,-26.807740677642,10.053018143678432,-1.42036717369316,3.411811787752025
EQUAL_HOLD,CONTROL,JUL_AUG,0.5,88,0.2966132123257387,0.6776623433165,0.5340909090909091,0.4659090909090909,0.09946178863034723,0.02972904630086209,-0.4685229172460941,-0.9794797634849397,-27.307740677642,10.053018143678432,-1.92036717369316,2.911811787752025
EQUAL_HOLD,CONTROL,JUL_AUG,1,88,-0.20338678767426133,0.1776623433165,0.5113636363636364,0.48863636363636365,-0.40053821136965273,-0.4702709536991379,-0.9685229172460941,-1.4794797634849397,-27.807740677642,10.053018143678432,-2.42036717369316,2.411811787752025
EQUAL_HOLD,CONTROL,JUL_AUG,1.5,88,-0.7033867876742613,-0.3223376566835,0.4772727272727273,0.5227272727272727,-0.9005382113696528,-0.970270953699138,-1.468522917246094,-1.9794797634849395,-28.307740677642,10.053018143678432,-2.92036717369316,1.911811787752025
EQUAL_HOLD,CONTROL,JUL_AUG,2,88,-1.2033867876742614,-0.8223376566835,0.4431818181818182,0.5568181818181818,-1.4005382113696527,-1.470270953699138,-1.9685229172460943,-2.4794797634849397,-28.807740677642,10.053018143678432,-3.42036717369316,1.411811787752025
EQUAL_HOLD,DELAY_1,JUL_AUG,0,88,1.4813061548383295,1.802662934513,0.5909090909090909,0.4090909090909091,1.6594320562637639,1.2257261234812182,0.7492458967267763,0.3065600044239276,-28.099092709888,9.951292098695733,-0.7381426098314028,4.023435125875393
EQUAL_HOLD,DELAY_1,JUL_AUG,0.5,88,0.9813061548383295,1.302662934513,0.5681818181818182,0.4318181818181818,1.1594320562637639,0.7257261234812182,0.24924589672677638,-0.1934399955760724,-28.599092709888,9.951292098695733,-1.2381426098314028,3.523435125875393
EQUAL_HOLD,DELAY_1,JUL_AUG,1,88,0.4813061548383295,0.802662934513,0.5227272727272727,0.4772727272727273,0.6594320562637638,0.22572612348121832,-0.2507541032732236,-0.6934399955760724,-29.099092709888,9.951292098695733,-1.7381426098314028,3.023435125875393
EQUAL_HOLD,DELAY_1,JUL_AUG,1.5,88,-0.018693845161670528,0.30266293451299997,0.5113636363636364,0.48863636363636365,0.15943205626376386,-0.27427387651878166,-0.7507541032732237,-1.1934399955760724,-29.599092709888,9.951292098695733,-2.238142609831403,2.523435125875393
EQUAL_HOLD,DELAY_1,JUL_AUG,2,88,-0.5186938451616705,-0.19733706548700003,0.48863636363636365,0.5113636363636364,-0.3405679437362361,-0.7742738765187818,-1.2507541032732237,-1.6934399955760722,-30.099092709888,9.951292098695733,-2.738142609831403,2.023435125875393
EQUAL_HOLD,DELAY_3,JUL_AUG,0,88,1.5895051531085114,1.679503728636,0.6022727272727273,0.3977272727272727,1.3461181020260973,1.2135075029434943,0.5887394894135058,0.13964316778318067,-22.378087064439,10.154147125825805,-0.693088720311643,4.131973454074026
EQUAL_HOLD,DELAY_3,JUL_AUG,0.5,88,1.0895051531085114,1.179503728636,0.5568181818181818,0.4431818181818182,0.8461181020260972,0.7135075029434942,0.0887394894135058,-0.36035683221681936,-22.878087064439,10.154147125825805,-1.1930887203116431,3.631973454074026
EQUAL_HOLD,DELAY_3,JUL_AUG,1,88,0.5895051531085113,0.6795037286360001,0.5227272727272727,0.4772727272727273,0.34611810202609716,0.21350750294349416,-0.4112605105864942,-0.8603568322168194,-23.378087064439,10.154147125825805,-1.6930887203116431,3.131973454074026
EQUAL_HOLD,DELAY_3,JUL_AUG,1.5,88,0.08950515310851125,0.17950372863600006,0.5113636363636364,0.48863636363636365,-0.15388189797390284,-0.28649249705650587,-0.9112605105864942,-1.3603568322168194,-23.878087064439,10.154147125825805,-2.193088720311643,2.631973454074026
EQUAL_HOLD,DELAY_3,JUL_AUG,2,88,-0.41049484689148874,-0.32049627136399994,0.48863636363636365,0.5113636363636364,-0.6538818979739028,-0.7864924970565058,-1.4112605105864942,-1.8603568322168194,-24.378087064439,10.154147125825805,-2.693088720311643,2.131973454074026
EQUAL_HOLD,DELAY_5,JUL_AUG,0,88,0.6349144781803523,-0.2219185876475,0.48863636363636365,0.5113636363636364,0.5499769898464861,0.291073460841885,-0.3103725834072941,-0.835331018299723,-30.130631180564,10.716036843519138,-1.8478850290026922,3.5276898610493714
EQUAL_HOLD,DELAY_5,JUL_AUG,0.5,88,0.1349144781803522,-0.7219185876474999,0.4772727272727273,0.5227272727272727,0.04997698984648608,-0.20892653915811502,-0.8103725834072941,-1.335331018299723,-30.630631180564,10.716036843519138,-2.3478850290026925,3.0276898610493714
EQUAL_HOLD,DELAY_5,JUL_AUG,1,88,-0.36508552181964776,-1.2219185876475,0.45454545454545453,0.5454545454545454,-0.4500230101535139,-0.708926539158115,-1.3103725834072941,-1.835331018299723,-31.130631180564,10.716036843519138,-2.8478850290026925,2.5276898610493714
EQUAL_HOLD,DELAY_5,JUL_AUG,1.5,88,-0.8650855218196477,-1.7219185876475,0.4431818181818182,0.5568181818181818,-0.950023010153514,-1.208926539158115,-1.8103725834072941,-2.335331018299723,-31.630631180564,10.716036843519138,-3.3478850290026925,2.0276898610493714
EQUAL_HOLD,DELAY_5,JUL_AUG,2,88,-1.3650855218196478,-2.2219185876475,0.4090909090909091,0.5909090909090909,-1.450023010153514,-1.708926539158115,-2.310372583407294,-2.835331018299723,-32.130631180563995,10.716036843519138,-3.8478850290026925,1.5276898610493714
EQUAL_HOLD,CONTROL,JAN_MAR,0,146,6.069863999125137,1.986474380916,0.5684931506849316,0.4315068493150685,2.109590508356746,4.537027144144655,2.7831810594455946,1.772453758262468,-77.807941478057,31.21635806629536,0.8726985321496948,12.139845592248692
EQUAL_HOLD,CONTROL,JAN_MAR,0.5,146,5.569863999125137,1.486474380916,0.5547945205479452,0.4452054794520548,1.6095905083567459,4.037027144144655,2.2831810594455946,1.272453758262468,-78.307941478057,31.21635806629536,0.37269853214969484,11.639845592248692
EQUAL_HOLD,CONTROL,JAN_MAR,1,146,5.069863999125137,0.9864743809159999,0.5342465753424658,0.4657534246575342,1.1095905083567459,3.537027144144655,1.7831810594455944,0.7724537582624681,-78.807941478057,31.21635806629536,-0.12730146785030516,11.139845592248692
EQUAL_HOLD,CONTROL,JAN_MAR,1.5,146,4.569863999125137,0.4864743809159999,0.5136986301369864,0.4863013698630137,0.6095905083567458,3.0370271441446555,1.2831810594455944,0.27245375826246815,-79.307941478057,31.21635806629536,-0.6273014678503052,10.639845592248692
EQUAL_HOLD,CONTROL,JAN_MAR,2,146,4.069863999125137,-0.013525619084000073,0.5,0.5,0.10959050835674579,2.5370271441446555,0.7831810594455945,-0.22754624173753185,-79.807941478057,31.21635806629536,-1.1273014678503053,10.139845592248692
EQUAL_HOLD,DELAY_1,JAN_MAR,0,146,4.826568416939007,0.6289103724039999,0.541095890410959,0.4589041095890411,1.9146644835374917,3.3124802523747654,1.6699421282425315,0.8931259244169362,-73.417115217758,30.395649982713984,0.16093808495152828,10.168479974572376
EQUAL_HOLD,DELAY_1,JAN_MAR,0.5,146,4.326568416939007,0.128910372404,0.5068493150684932,0.4931506849315068,1.4146644835374917,2.8124802523747654,1.1699421282425315,0.39312592441693617,-73.917115217758,30.395649982713987,-0.3390619150484717,9.668479974572376
EQUAL_HOLD,DELAY_1,JAN_MAR,1,146,3.826568416939007,-0.371089627596,0.4863013698630137,0.5136986301369864,0.9146644835374915,2.3124802523747654,0.6699421282425314,-0.10687407558306387,-74.417115217758,30.395649982713987,-0.8390619150484717,9.168479974572376
EQUAL_HOLD,DELAY_1,JAN_MAR,1.5,146,3.326568416939007,-0.8710896275960001,0.4794520547945205,0.5205479452054794,0.4146644835374915,1.8124802523747654,0.1699421282425314,-0.6068740755830639,-74.917115217758,30.395649982713987,-1.3390619150484717,8.668479974572376
EQUAL_HOLD,DELAY_1,JAN_MAR,2,146,2.826568416939007,-1.371089627596,0.4589041095890411,0.541095890410959,-0.08533551646250843,1.3124802523747656,-0.3300578717574686,-1.106874075583064,-75.417115217758,30.395649982713987,-1.8390619150484717,8.168479974572376
EQUAL_HOLD,DELAY_3,JAN_MAR,0,146,2.964634554309651,-2.076486537016,0.4246575342465753,0.5753424657534246,-0.5770170061223898,1.634067973125738,-0.7298485940894825,-2.026737698928844,-111.829761538326,34.29220893707358,-1.640550695372738,8.307207210595895
EQUAL_HOLD,DELAY_3,JAN_MAR,0.5,146,2.464634554309651,-2.576486537016,0.410958904109589,0.589041095890411,-1.0770170061223898,1.134067973125738,-1.2298485940894825,-2.526737698928844,-112.329761538326,34.29220893707358,-2.1405506953727382,7.8072072105958945
EQUAL_HOLD,DELAY_3,JAN_MAR,1,146,1.9646345543096506,-3.076486537016,0.410958904109589,0.589041095890411,-1.5770170061223898,0.6340679731257378,-1.7298485940894825,-3.026737698928844,-112.829761538326,34.29220893707358,-2.6405506953727382,7.3072072105958945
EQUAL_HOLD,DELAY_3,JAN_MAR,1.5,146,1.4646345543096506,-3.576486537016,0.4041095890410959,0.5958904109589042,-2.07701700612239,0.13406797312573784,-2.2298485940894825,-3.526737698928844,-113.329761538326,34.29220893707358,-3.1405506953727382,6.8072072105958945
EQUAL_HOLD,DELAY_3,JAN_MAR,2,146,0.9646345543096507,-4.076486537016001,0.3972602739726027,0.6027397260273972,-2.57701700612239,-0.3659320268742622,-2.7298485940894825,-4.0267376989288435,-113.829761538326,34.29220893707358,-3.6405506953727382,6.3072072105958945
EQUAL_HOLD,DELAY_5,JAN_MAR,0,146,2.6052438121602672,-1.2656508148030001,0.4520547945205479,0.547945205479452,-0.8388752564951357,1.0290214477066069,-1.394906206737224,-2.3663433853675815,-86.030901375007,34.49752493410675,-2.4673761193570374,9.171958259796442
EQUAL_HOLD,DELAY_5,JAN_MAR,0.5,146,2.1052438121602672,-1.7656508148030001,0.4383561643835616,0.5616438356164384,-1.3388752564951356,0.529021447706607,-1.8949062067372238,-2.8663433853675815,-86.530901375007,34.49752493410675,-2.9673761193570374,8.671958259796442
EQUAL_HOLD,DELAY_5,JAN_MAR,1,146,1.605243812160267,-2.265650814803,0.410958904109589,0.589041095890411,-1.8388752564951356,0.029021447706606914,-2.3949062067372235,-3.3663433853675815,-87.030901375007,34.49752493410675,-3.4673761193570374,8.171958259796442
EQUAL_HOLD,DELAY_5,JAN_MAR,1.5,146,1.1052438121602672,-2.765650814803,0.4041095890410959,0.5958904109589042,-2.3388752564951356,-0.4709785522933931,-2.8949062067372235,-3.866343385367581,-87.530901375007,34.49752493410675,-3.9673761193570374,7.671958259796442
EQUAL_HOLD,DELAY_5,JAN_MAR,2,146,0.6052438121602672,-3.265650814803,0.3972602739726027,0.6027397260273972,-2.8388752564951356,-0.970978552293393,-3.3949062067372235,-4.366343385367581,-88.030901375007,34.49752493410675,-4.467376119357038,7.171958259796442
EQUAL_HOLD,CONTROL,APR_JUN,0,194,0.14316846123772684,0.044387251766999994,0.5,0.5,0.12040304266459614,-0.06948944031765283,-0.48098870561828794,-0.8057693212252592,-49.803483353885,12.867375686098045,-1.8650342294363218,2.186090324456048
EQUAL_HOLD,CONTROL,APR_JUN,0.5,194,-0.3568315387622732,-0.455612748233,0.4896907216494845,0.5103092783505154,-0.37959695733540383,-0.5694894403176528,-0.980988705618288,-1.3057693212252592,-50.303483353885,12.867375686098045,-2.365034229436322,1.686090324456048
EQUAL_HOLD,CONTROL,APR_JUN,1,194,-0.8568315387622732,-0.955612748233,0.4742268041237113,0.5257731958762887,-0.8795969573354038,-1.0694894403176527,-1.4809887056182878,-1.8057693212252595,-50.803483353885,12.867375686098045,-2.865034229436322,1.186090324456048
EQUAL_HOLD,CONTROL,APR_JUN,1.5,194,-1.3568315387622731,-1.455612748233,0.44329896907216493,0.5567010309278351,-1.3795969573354039,-1.569489440317653,-1.9809887056182878,-2.3057693212252595,-51.303483353885,12.867375686098045,-3.365034229436322,0.6860903244560479
EQUAL_HOLD,CONTROL,APR_JUN,2,194,-1.8568315387622731,-1.955612748233,0.42783505154639173,0.5721649484536082,-1.8795969573354039,-2.069489440317653,-2.4809887056182878,-2.805769321225259,-51.803483353885,12.867375686098045,-3.865034229436322,0.1860903244560479
EQUAL_HOLD,DELAY_1,APR_JUN,0,194,-0.37728543935762887,0.23393884266999998,0.5051546391752577,0.4948453608247423,-0.2763302636138205,-0.6925570426680051,-1.172633816847152,-1.5231169269568572,-49.478678903664,14.21704812213686,-2.5903282185485295,1.9912353413518136
EQUAL_HOLD,DELAY_1,APR_JUN,0.5,194,-0.8772854393576288,-0.26606115733,0.4896907216494845,0.5103092783505154,-0.7763302636138205,-1.1925570426680052,-1.672633816847152,-2.023116926956857,-49.978678903664,14.21704812213686,-3.0903282185485295,1.4912353413518136
EQUAL_HOLD,DELAY_1,APR_JUN,1,194,-1.377285439357629,-0.76606115733,0.4639175257731959,0.5360824742268041,-1.2763302636138205,-1.6925570426680052,-2.172633816847152,-2.523116926956857,-50.478678903664,14.21704812213686,-3.5903282185485295,0.9912353413518136
EQUAL_HOLD,DELAY_1,APR_JUN,1.5,194,-1.877285439357629,-1.26606115733,0.4484536082474227,0.5515463917525774,-1.7763302636138205,-2.1925570426680054,-2.672633816847152,-3.023116926956857,-50.978678903664,14.21704812213686,-4.09032821854853,0.49123534135181357
EQUAL_HOLD,DELAY_1,APR_JUN,2,194,-2.377285439357629,-1.76606115733,0.422680412371134,0.5773195876288659,-2.2763302636138203,-2.692557042668005,-3.172633816847152,-3.523116926956857,-51.478678903664,14.21704812213686,-4.59032821854853,-0.00876465864818643
EQUAL_HOLD,DELAY_3,APR_JUN,0,194,0.224552530834536,-0.5234212518715,0.4690721649484536,0.5309278350515464,-0.1609216259923333,-0.15355483281742494,-0.8085575906822462,-1.2787111548383228,-65.203662011214,16.032662540270273,-2.163526066464204,2.685088755490474
EQUAL_HOLD,DELAY_3,APR_JUN,0.5,194,-0.275447469165464,-1.0234212518715,0.44329896907216493,0.5567010309278351,-0.6609216259923333,-0.6535548328174249,-1.3085575906822462,-1.7787111548383228,-65.703662011214,16.032662540270273,-2.663526066464204,2.185088755490474
EQUAL_HOLD,DELAY_3,APR_JUN,1,194,-0.7754474691654639,-1.5234212518715,0.41237113402061853,0.5876288659793815,-1.1609216259923334,-1.153554832817425,-1.808557590682246,-2.278711154838323,-66.203662011214,16.032662540270273,-3.163526066464204,1.685088755490474
EQUAL_HOLD,DELAY_3,APR_JUN,1.5,194,-1.275447469165464,-2.0234212518715,0.3917525773195876,0.6082474226804123,-1.6609216259923334,-1.653554832817425,-2.308557590682246,-2.778711154838323,-66.703662011214,16.032662540270273,-3.663526066464204,1.185088755490474
EQUAL_HOLD,DELAY_3,APR_JUN,2,194,-1.775447469165464,-2.5234212518715,0.38144329896907214,0.6185567010309279,-2.160921625992333,-2.153554832817425,-2.808557590682246,-3.278711154838323,-67.203662011214,16.032662540270273,-4.163526066464204,0.6850887554904741
EQUAL_HOLD,DELAY_5,APR_JUN,0,194,-0.07758543238411854,-0.516009297502,0.4587628865979381,0.5412371134020618,-0.43494766120406414,-0.392916472566373,-0.9354641438912199,-1.348972214793894,-73.394008927796,14.891758735894955,-2.3924550335244836,2.2061754277190837
EQUAL_HOLD,DELAY_5,APR_JUN,0.5,194,-0.5775854323841185,-1.016009297502,0.4329896907216495,0.5670103092783505,-0.9349476612040641,-0.8929164725663731,-1.43546414389122,-1.8489722147938943,-73.894008927796,14.891758735894955,-2.8924550335244836,1.7061754277190837
EQUAL_HOLD,DELAY_5,APR_JUN,1,194,-1.0775854323841185,-1.516009297502,0.41237113402061853,0.5876288659793815,-1.4349476612040641,-1.3929164725663732,-1.93546414389122,-2.3489722147938945,-74.394008927796,14.891758735894955,-3.3924550335244836,1.2061754277190837
EQUAL_HOLD,DELAY_5,APR_JUN,1.5,194,-1.5775854323841185,-2.0160092975020003,0.3917525773195876,0.6082474226804123,-1.934947661204064,-1.8929164725663732,-2.43546414389122,-2.848972214793894,-74.894008927796,14.891758735894955,-3.8924550335244836,0.7061754277190837
EQUAL_HOLD,DELAY_5,APR_JUN,2,194,-2.0775854323841187,-2.5160092975020003,0.3865979381443299,0.6134020618556701,-2.434947661204064,-2.392916472566373,-2.93546414389122,-3.348972214793894,-75.394008927796,14.891758735894955,-4.392455033524484,0.2061754277190837
EQUAL_HOLD,CONTROL,2026.01,0,39,7.001167958457334,1.190853347533,0.5128205128205128,0.48717948717948717,3.1143555114793338,5.014799992278711,1.4237237372406113,-0.9739884588854999,-18.71186710593,23.743194756903065,-1.0498785749533912,18.575416999352225
EQUAL_HOLD,CONTROL,2026.01,0.5,39,6.501167958457334,0.6908533475330001,0.5128205128205128,0.48717948717948717,2.6143555114793338,4.514799992278711,0.9237237372406112,-1.4739884588855,-19.21186710593,23.743194756903065,-1.5498785749533912,18.075416999352225
EQUAL_HOLD,CONTROL,2026.01,1,39,6.001167958457334,0.1908533475330001,0.5128205128205128,0.48717948717948717,2.1143555114793338,4.014799992278711,0.4237237372406113,-1.9739884588854997,-19.71186710593,23.743194756903065,-2.049878574953391,17.575416999352225
EQUAL_HOLD,CONTROL,2026.01,1.5,39,5.501167958457334,-0.3091466524669999,0.48717948717948717,0.5128205128205128,1.6143555114793335,3.5147999922787108,-0.07627626275938876,-2.4739884588854997,-20.21186710593,23.743194756903065,-2.549878574953391,17.075416999352225
EQUAL_HOLD,CONTROL,2026.01,2,39,5.001167958457334,-0.8091466524669999,0.4358974358974359,0.5641025641025641,1.1143555114793335,3.0147999922787108,-0.5762762627593888,-2.9739884588854997,-20.71186710593,23.743194756903065,-3.049878574953391,16.575416999352225
EQUAL_HOLD,DELAY_1,2026.01,0,39,3.7612217634073843,0.739307225639,0.5641025641025641,0.4358974358974359,2.1214434116183334,2.258115052363237,-0.15479337150574993,-1.8074355716252646,-26.21743738495,18.692681554499483,-2.725973212579941,12.132073438579363
EQUAL_HOLD,DELAY_1,2026.01,0.5,39,3.2612217634073843,0.23930722563899998,0.5128205128205128,0.48717948717948717,1.6214434116183334,1.758115052363237,-0.6547933715057499,-2.307435571625265,-26.71743738495,18.692681554499483,-3.225973212579941,11.632073438579363
EQUAL_HOLD,DELAY_1,2026.01,1,39,2.7612217634073843,-0.260692774361,0.48717948717948717,0.5128205128205128,1.1214434116183334,1.2581150523632367,-1.15479337150575,-2.807435571625265,-27.21743738495,18.692681554499483,-3.725973212579941,11.132073438579363
EQUAL_HOLD,DELAY_1,2026.01,1.5,39,2.2612217634073843,-0.760692774361,0.48717948717948717,0.5128205128205128,0.6214434116183334,0.7581150523632368,-1.65479337150575,-3.307435571625265,-27.71743738495,18.692681554499483,-4.225973212579941,10.632073438579363
EQUAL_HOLD,DELAY_1,2026.01,2,39,1.7612217634073846,-1.260692774361,0.48717948717948717,0.5128205128205128,0.12144341161833336,0.25811505236323684,-2.15479337150575,-3.8074355716252652,-28.21743738495,18.692681554499483,-4.725973212579941,10.132073438579363
EQUAL_HOLD,DELAY_3,2026.01,0,39,0.4463991618429742,-1.042712094156,0.46153846153846156,0.5384615384615384,-0.5865463051400001,-2.045285774022658,-4.450348350280501,-5.522526085549,-90.95098785717,25.955278461796265,-4.773547607536384,6.820427771641281
EQUAL_HOLD,DELAY_3,2026.01,0.5,39,-0.05360083815702581,-1.542712094156,0.46153846153846156,0.5384615384615384,-1.0865463051400002,-2.545285774022658,-4.950348350280501,-6.022526085549,-91.45098785717,25.955278461796265,-5.273547607536384,6.320427771641281
EQUAL_HOLD,DELAY_3,2026.01,1,39,-0.5536008381570259,-2.042712094156,0.46153846153846156,0.5384615384615384,-1.5865463051400002,-3.045285774022658,-5.450348350280501,-6.522526085549,-91.95098785717,25.955278461796265,-5.773547607536384,5.820427771641281
EQUAL_HOLD,DELAY_3,2026.01,1.5,39,-1.0536008381570257,-2.542712094156,0.46153846153846156,0.5384615384615384,-2.0865463051399997,-3.545285774022658,-5.950348350280501,-7.022526085549,-92.45098785717,25.955278461796265,-6.273547607536384,5.320427771641281
EQUAL_HOLD,DELAY_3,2026.01,2,39,-1.5536008381570257,-3.042712094156,0.46153846153846156,0.5384615384615384,-2.5865463051399997,-4.045285774022658,-6.450348350280501,-7.522526085549,-92.95098785717,25.955278461796265,-6.773547607536384,4.820427771641281
EQUAL_HOLD,DELAY_5,2026.01,0,39,-0.13877287045825623,-1.194800229402,0.46153846153846156,0.5384615384615384,-2.173599990029515,-4.0462390235685,-5.752950050156194,-7.050409241993147,-83.843817822227,30.231671133077565,-6.473911424868893,7.659446278811153
EQUAL_HOLD,DELAY_5,2026.01,0.5,39,-0.6387728704582561,-1.694800229402,0.4358974358974359,0.5641025641025641,-2.673599990029515,-4.5462390235685,-6.252950050156194,-7.5504092419931474,-84.343817822227,30.231671133077565,-6.973911424868893,7.159446278811153
EQUAL_HOLD,DELAY_5,2026.01,1,39,-1.138772870458256,-2.194800229402,0.38461538461538464,0.6153846153846154,-3.173599990029515,-5.0462390235685,-6.752950050156194,-8.050409241993147,-84.843817822227,30.231671133077565,-7.473911424868893,6.659446278811153
EQUAL_HOLD,DELAY_5,2026.01,1.5,39,-1.638772870458256,-2.694800229402,0.38461538461538464,0.6153846153846154,-3.673599990029515,-5.5462390235685,-7.252950050156195,-8.550409241993147,-85.343817822227,30.231671133077565,-7.973911424868893,6.159446278811153
EQUAL_HOLD,DELAY_5,2026.01,2,39,-2.138772870458256,-3.194800229402,0.358974358974359,0.6410256410256411,-4.173599990029515,-6.0462390235685,-7.752950050156195,-9.050409241993147,-85.843817822227,30.231671133077565,-8.473911424868893,5.659446278811153
EQUAL_HOLD,CONTROL,2026.02,0,46,14.605330395435608,3.8580188635474997,0.6086956521739131,0.391304347826087,5.598087337099526,9.8558664493054,4.482352602057628,2.6089729167102442,-23.685324770507,44.38371701855119,2.1987200406277676,28.473980436518698
EQUAL_HOLD,CONTROL,2026.02,0.5,46,14.105330395435608,3.3580188635474997,0.6086956521739131,0.391304347826087,5.098087337099526,9.3558664493054,3.982352602057628,2.1089729167102442,-24.185324770507,44.38371701855119,1.6987200406277676,27.973980436518698
EQUAL_HOLD,CONTROL,2026.02,1,46,13.605330395435608,2.8580188635474997,0.6086956521739131,0.391304347826087,4.598087337099526,8.8558664493054,3.482352602057628,1.608972916710244,-24.685324770507,44.38371701855119,1.1987200406277676,27.473980436518698
EQUAL_HOLD,CONTROL,2026.02,1.5,46,13.105330395435608,2.3580188635474997,0.5869565217391305,0.41304347826086957,4.098087337099526,8.3558664493054,2.982352602057628,1.108972916710244,-25.185324770507,44.38371701855119,0.6987200406277676,26.973980436518698
EQUAL_HOLD,CONTROL,2026.02,2,46,12.605330395435608,1.8580188635475,0.5869565217391305,0.41304347826086957,3.598087337099526,7.8558664493054,2.482352602057628,0.608972916710244,-25.685324770507,44.38371701855119,0.1987200406277676,26.473980436518698
EQUAL_HOLD,DELAY_1,2026.02,0,46,13.041310745283523,1.5710030295634998,0.5434782608695652,0.45652173913043476,4.135504263375921,8.345132044539733,3.1168146453169534,1.2743096099177804,-22.420177772439,43.81661412424426,0.9635741625664528,25.525181464119548
EQUAL_HOLD,DELAY_1,2026.02,0.5,46,12.541310745283523,1.0710030295634998,0.5217391304347826,0.4782608695652174,3.635504263375921,7.845132044539734,2.6168146453169534,0.7743096099177804,-22.920177772439,43.81661412424426,0.4635741625664528,25.025181464119548
EQUAL_HOLD,DELAY_1,2026.02,1,46,12.041310745283523,0.5710030295634999,0.5217391304347826,0.4782608695652174,3.135504263375921,7.345132044539734,2.1168146453169534,0.2743096099177805,-23.420177772439,43.81661412424426,-0.036425837433547215,24.525181464119548
EQUAL_HOLD,DELAY_1,2026.02,1.5,46,11.541310745283523,0.07100302956349991,0.5217391304347826,0.4782608695652174,2.635504263375921,6.845132044539734,1.6168146453169534,-0.22569039008221947,-23.920177772439,43.81661412424426,-0.5364258374335472,24.025181464119548
EQUAL_HOLD,DELAY_1,2026.02,2,46,11.041310745283521,-0.4289969704365001,0.4782608695652174,0.5217391304347826,2.135504263375921,6.345132044539734,1.1168146453169534,-0.7256903900822196,-24.420177772439,43.81661412424426,-1.0364258374335473,23.525181464119548
EQUAL_HOLD,DELAY_3,2026.02,0,46,11.669906542100087,-2.683600334048,0.391304347826087,0.6086956521739131,1.482532794328763,7.5759758246806,-0.00905332435816295,-3.5116023930852927,-57.516756003338,50.062378177646885,-0.686033043444111,24.01001384871452
EQUAL_HOLD,DELAY_3,2026.02,0.5,46,11.169906542100087,-3.183600334048,0.3695652173913043,0.6304347826086957,0.982532794328763,7.0759758246806,-0.509053324358163,-4.011602393085293,-58.016756003338,50.062378177646885,-1.186033043444111,23.51001384871452
EQUAL_HOLD,DELAY_3,2026.02,1,46,10.669906542100087,-3.683600334048,0.3695652173913043,0.6304347826086957,0.48253279432876306,6.5759758246806,-1.009053324358163,-4.511602393085293,-58.516756003338,50.062378177646885,-1.686033043444111,23.01001384871452
EQUAL_HOLD,DELAY_3,2026.02,1.5,46,10.169906542100087,-4.183600334048,0.34782608695652173,0.6521739130434783,-0.017467205671236958,6.0759758246806,-1.509053324358163,-5.011602393085293,-59.016756003338,50.062378177646885,-2.186033043444111,22.51001384871452
EQUAL_HOLD,DELAY_3,2026.02,2,46,9.669906542100087,-4.683600334048,0.34782608695652173,0.6521739130434783,-0.517467205671237,5.5759758246806,-2.0090533243581628,-5.511602393085293,-59.516756003338,50.062378177646885,-2.686033043444111,22.01001384871452
EQUAL_HOLD,DELAY_5,2026.02,0,46,10.433397181801283,-1.7066955694845,0.43478260869565216,0.5652173913043478,1.9118879523425527,5.528417415664844,-0.4158161348725581,-3.034996606294171,-53.921443898799,49.38713091670458,-1.7802002113707276,28.163604651738183
EQUAL_HOLD,DELAY_5,2026.02,0.5,46,9.933397181801283,-2.2066955694845003,0.41304347826086957,0.5869565217391305,1.4118879523425527,5.028417415664844,-0.9158161348725581,-3.534996606294171,-54.421443898799,49.38713091670458,-2.280200211370728,27.663604651738183
EQUAL_HOLD,DELAY_5,2026.02,1,46,9.433397181801283,-2.7066955694845003,0.41304347826086957,0.5869565217391305,0.9118879523425526,4.528417415664844,-1.415816134872558,-4.034996606294171,-54.921443898799,49.38713091670458,-2.780200211370728,27.163604651738183
EQUAL_HOLD,DELAY_5,2026.02,1.5,46,8.933397181801283,-3.2066955694845003,0.41304347826086957,0.5869565217391305,0.41188795234255265,4.028417415664844,-1.915816134872558,-4.534996606294171,-55.421443898799,49.38713091670458,-3.280200211370728,26.663604651738183
EQUAL_HOLD,DELAY_5,2026.02,2,46,8.433397181801283,-3.7066955694845003,0.41304347826086957,0.5869565217391305,-0.08811204765744733,3.5284174156648445,-2.415816134872558,-5.034996606294171,-55.921443898799,49.38713091670458,-3.780200211370728,26.163604651738183
EQUAL_HOLD,CONTROL,2026.03,0,61,-0.9621410606164591,0.938206149842,0.5737704918032787,0.4262295081967213,0.0687412602173264,-1.9227623170103167,-3.266005677213362,-4.243581380114393,-77.807941478057,20.341703880852496,-4.82260417573,2.6236090280695
EQUAL_HOLD,CONTROL,2026.03,0.5,61,-1.462141060616459,0.438206149842,0.5409836065573771,0.45901639344262296,-0.43125873978267354,-2.4227623170103167,-3.766005677213362,-4.743581380114393,-78.307941478057,20.341703880852496,-5.32260417573,2.1236090280695
EQUAL_HOLD,CONTROL,2026.03,1,61,-1.962141060616459,-0.061793850157999985,0.4918032786885246,0.5081967213114754,-0.9312587397826736,-2.9227623170103167,-4.2660056772133625,-5.243581380114393,-78.807941478057,20.341703880852496,-5.82260417573,1.6236090280695001
EQUAL_HOLD,CONTROL,2026.03,1.5,61,-2.462141060616459,-0.561793850158,0.47540983606557374,0.5245901639344263,-1.4312587397826735,-3.4227623170103167,-4.766005677213362,-5.743581380114393,-79.307941478057,20.341703880852492,-6.32260417573,1.1236090280695001
EQUAL_HOLD,CONTROL,2026.03,2,61,-2.962141060616459,-1.061793850158,0.47540983606557374,0.5245901639344263,-1.9312587397826735,-3.9227623170103167,-5.266005677213362,-6.243581380114393,-79.807941478057,20.341703880852492,-6.82260417573,0.6236090280695001
EQUAL_HOLD,DELAY_1,2026.03,0,61,-0.6870320357841803,0.364425676522,0.5245901639344263,0.47540983606557374,0.5939540823710409,-1.5650107732607335,-3.107636369536086,-4.226095884459893,-73.417115217758,22.094080752746844,-4.45546297658565,2.837308842252123
EQUAL_HOLD,DELAY_1,2026.03,0.5,61,-1.1870320357841804,-0.13557432347800003,0.4918032786885246,0.5081967213114754,0.09395408237104086,-2.0650107732607332,-3.6076363695360865,-4.726095884459893,-73.917115217758,22.094080752746844,-4.95546297658565,2.337308842252123
EQUAL_HOLD,DELAY_1,2026.03,1,61,-1.6870320357841804,-0.635574323478,0.45901639344262296,0.5409836065573771,-0.40604591762895914,-2.5650107732607332,-4.1076363695360865,-5.226095884459893,-74.417115217758,22.094080752746844,-5.45546297658565,1.8373088422521229
EQUAL_HOLD,DELAY_1,2026.03,1.5,61,-2.1870320357841804,-1.135574323478,0.4426229508196721,0.5573770491803278,-0.9060459176289591,-3.0650107732607332,-4.6076363695360865,-5.726095884459893,-74.917115217758,22.094080752746844,-5.95546297658565,1.3373088422521229
EQUAL_HOLD,DELAY_1,2026.03,2,61,-2.6870320357841804,-1.635574323478,0.4262295081967213,0.5737704918032787,-1.406045917628959,-3.5650107732607332,-5.1076363695360865,-6.226095884459893,-75.417115217758,22.094080752746844,-6.45546297658565,0.8373088422521229
EQUAL_HOLD,DELAY_3,2026.03,0,61,-1.9899774314634588,-2.025243535536,0.4262295081967213,0.5737704918032787,-0.9267813724752245,-2.6630829736876,-3.975015618658655,-5.028579191871697,-111.829761538326,21.17477238682892,-5.55041246659572,1.0554140978714517
EQUAL_HOLD,DELAY_3,2026.03,0.5,61,-2.4899774314634593,-2.525243535536,0.4098360655737705,0.5901639344262295,-1.4267813724752245,-3.1630829736876,-4.475015618658656,-5.528579191871697,-112.329761538326,21.17477238682892,-6.05041246659572,0.5554140978714517
EQUAL_HOLD,DELAY_3,2026.03,1,61,-2.9899774314634593,-3.025243535536,0.4098360655737705,0.5901639344262295,-1.9267813724752245,-3.6630829736876,-4.975015618658656,-6.028579191871697,-112.829761538326,21.17477238682892,-6.55041246659572,0.055414097871451684
EQUAL_HOLD,DELAY_3,2026.03,1.5,61,-3.4899774314634593,-3.525243535536,0.4098360655737705,0.5901639344262295,-2.4267813724752245,-4.1630829736876,-5.475015618658656,-6.528579191871697,-113.329761538326,21.17477238682892,-7.05041246659572,-0.4445859021285483
EQUAL_HOLD,DELAY_3,2026.03,2,61,-3.9899774314634593,-4.025243535536,0.39344262295081966,0.6065573770491803,-2.926781372475225,-4.663082973687599,-5.975015618658656,-7.028579191871697,-113.829761538326,21.17477238682892,-7.55041246659572,-0.9445859021285483
EQUAL_HOLD,DELAY_5,2026.03,0,61,-1.5435824891735739,-1.443551135795,0.45901639344262296,0.5409836065573771,-0.9989068380082857,-2.7002873440284336,-3.9148441212705176,-4.785536183256019,-86.030901375007,19.962353531731445,-6.544982788471747,3.0097247283783823
EQUAL_HOLD,DELAY_5,2026.03,0.5,61,-2.043582489173574,-1.943551135795,0.45901639344262296,0.5409836065573771,-1.4989068380082857,-3.2002873440284336,-4.414844121270518,-5.285536183256019,-86.530901375007,19.962353531731445,-7.044982788471747,2.5097247283783823
EQUAL_HOLD,DELAY_5,2026.03,1,61,-2.5435824891735743,-2.443551135795,0.4262295081967213,0.5737704918032787,-1.998906838008286,-3.7002873440284336,-4.914844121270518,-5.785536183256019,-87.030901375007,19.962353531731445,-7.544982788471747,2.0097247283783823
EQUAL_HOLD,DELAY_5,2026.03,1.5,61,-3.0435824891735743,-2.943551135795,0.4098360655737705,0.5901639344262295,-2.4989068380082857,-4.200287344028434,-5.414844121270518,-6.285536183256019,-87.530901375007,19.962353531731445,-8.044982788471746,1.5097247283783823
EQUAL_HOLD,DELAY_5,2026.03,2,61,-3.5435824891735743,-3.443551135795,0.4098360655737705,0.5901639344262295,-2.9989068380082857,-4.700287344028434,-5.914844121270518,-6.785536183256019,-88.030901375007,19.962353531731445,-8.544982788471746,1.0097247283783823
EQUAL_HOLD,CONTROL,2026.04,0,66,-2.776291664636864,-2.668995981259,0.30303030303030304,0.696969696969697,-3.0194634009609076,-3.4414321752502,-4.102477209253619,-4.584395305062886,-28.776886744366,10.38466813112103,-4.692572738145521,-0.8627765303895847
EQUAL_HOLD,CONTROL,2026.04,0.5,66,-3.276291664636864,-3.168995981259,0.2727272727272727,0.7272727272727273,-3.5194634009609076,-3.9414321752502,-4.602477209253619,-5.084395305062886,-29.276886744366,10.38466813112103,-5.192572738145521,-1.3627765303895847
EQUAL_HOLD,CONTROL,2026.04,1,66,-3.776291664636864,-3.668995981259,0.2727272727272727,0.7272727272727273,-4.019463400960908,-4.4414321752502,-5.102477209253619,-5.584395305062886,-29.776886744366,10.38466813112103,-5.692572738145521,-1.8627765303895847
EQUAL_HOLD,CONTROL,2026.04,1.5,66,-4.276291664636863,-4.168995981259,0.25757575757575757,0.7424242424242424,-4.519463400960908,-4.9414321752502,-5.602477209253619,-6.084395305062886,-30.276886744366,10.38466813112103,-6.192572738145521,-2.362776530389585
EQUAL_HOLD,CONTROL,2026.04,2,66,-4.776291664636863,-4.668995981259,0.25757575757575757,0.7424242424242424,-5.019463400960908,-5.4414321752502,-6.102477209253619,-6.584395305062886,-30.776886744366,10.38466813112103,-6.692572738145521,-2.862776530389585
EQUAL_HOLD,DELAY_1,2026.04,0,66,-3.964044004545606,-3.535038742655,0.3787878787878788,0.6212121212121212,-3.5932575750001665,-4.6126556857020775,-5.307661079438698,-5.896115954210705,-39.707531705635,12.469583781584294,-6.502194397897313,-1.3395996063893465
EQUAL_HOLD,DELAY_1,2026.04,0.5,66,-4.464044004545606,-4.035038742655,0.36363636363636365,0.6363636363636364,-4.093257575000167,-5.1126556857020775,-5.807661079438698,-6.396115954210705,-40.207531705635,12.469583781584294,-7.002194397897313,-1.8395996063893465
EQUAL_HOLD,DELAY_1,2026.04,1,66,-4.964044004545606,-4.535038742655,0.3181818181818182,0.6818181818181818,-4.593257575000167,-5.6126556857020775,-6.307661079438698,-6.896115954210705,-40.707531705635,12.469583781584294,-7.502194397897313,-2.3395996063893465
EQUAL_HOLD,DELAY_1,2026.04,1.5,66,-5.464044004545606,-5.035038742655,0.30303030303030304,0.696969696969697,-5.093257575000167,-6.1126556857020775,-6.807661079438698,-7.396115954210705,-41.207531705635,12.469583781584294,-8.002194397897313,-2.8395996063893465
EQUAL_HOLD,DELAY_1,2026.04,2,66,-5.964044004545606,-5.535038742655,0.2727272727272727,0.7272727272727273,-5.593257575000167,-6.6126556857020775,-7.307661079438698,-7.896115954210705,-41.707531705635,12.469583781584294,-8.502194397897313,-3.3395996063893465
EQUAL_HOLD,DELAY_3,2026.04,0,66,-2.636063277500848,-1.4412368714485,0.42424242424242425,0.5757575757575758,-2.394577133534018,-3.2424827808394925,-4.074797465819445,-4.614324528053557,-39.866276995226,12.60832742242255,-5.425881257117164,-0.12334450333813622
EQUAL_HOLD,DELAY_3,2026.04,0.5,66,-3.136063277500848,-1.9412368714485,0.3939393939393939,0.6060606060606061,-2.894577133534018,-3.7424827808394925,-4.574797465819445,-5.114324528053557,-40.366276995226,12.60832742242255,-5.925881257117164,-0.6233445033381362
EQUAL_HOLD,DELAY_3,2026.04,1,66,-3.636063277500848,-2.4412368714485,0.3484848484848485,0.6515151515151515,-3.394577133534018,-4.242482780839492,-5.074797465819445,-5.614324528053557,-40.866276995226,12.60832742242255,-6.425881257117164,-1.1233445033381362
EQUAL_HOLD,DELAY_3,2026.04,1.5,66,-4.136063277500848,-2.9412368714485,0.3333333333333333,0.6666666666666666,-3.894577133534018,-4.742482780839492,-5.574797465819445,-6.114324528053557,-41.366276995226,12.60832742242255,-6.925881257117164,-1.6233445033381362
EQUAL_HOLD,DELAY_3,2026.04,2,66,-4.636063277500848,-3.4412368714485,0.3181818181818182,0.6818181818181818,-4.3945771335340185,-5.242482780839492,-6.074797465819445,-6.614324528053557,-41.866276995226,12.60832742242255,-7.425881257117164,-2.1233445033381364
EQUAL_HOLD,DELAY_5,2026.04,0,66,-1.197103923645106,-1.1165812898665,0.3939393939393939,0.6060606060606061,-1.6546026570363148,-1.9009962877276152,-2.879790777420651,-3.570159047696115,-44.685618409455,13.523819131903668,-4.845982089002485,1.634527778601762
EQUAL_HOLD,DELAY_5,2026.04,0.5,66,-1.697103923645106,-1.6165812898665,0.3787878787878788,0.6212121212121212,-2.154602657036315,-2.400996287727615,-3.379790777420651,-4.070159047696115,-45.185618409455,13.523819131903668,-5.345982089002485,1.134527778601762
EQUAL_HOLD,DELAY_5,2026.04,1,66,-2.1971039236451064,-2.1165812898664997,0.3484848484848485,0.6515151515151515,-2.654602657036315,-2.900996287727615,-3.879790777420651,-4.570159047696115,-45.685618409455,13.523819131903668,-5.845982089002485,0.634527778601762
EQUAL_HOLD,DELAY_5,2026.04,1.5,66,-2.697103923645106,-2.6165812898664997,0.3333333333333333,0.6666666666666666,-3.154602657036315,-3.400996287727615,-4.37979077742065,-5.070159047696115,-46.185618409455,13.523819131903668,-6.345982089002485,0.13452777860176202
EQUAL_HOLD,DELAY_5,2026.04,2,66,-3.197103923645106,-3.1165812898664997,0.3333333333333333,0.6666666666666666,-3.654602657036315,-3.900996287727615,-4.87979077742065,-5.570159047696115,-46.685618409455,13.523819131903668,-6.845982089002485,-0.365472221398238
EQUAL_HOLD,CONTROL,2026.05,0,66,0.4840686502392273,1.1271023799825,0.5454545454545454,0.45454545454545453,0.35052273037914816,-0.14211711608672306,-1.2448307402266985,-1.9477301366807704,-41.238630939901,14.257939603257439,-3.478477458318964,4.41175461694647
EQUAL_HOLD,CONTROL,2026.05,0.5,66,-0.01593134976077273,0.6271023799825001,0.5454545454545454,0.45454545454545453,-0.14947726962085184,-0.6421171160867231,-1.7448307402266985,-2.4477301366807707,-41.738630939901,14.257939603257439,-3.978477458318964,3.91175461694647
EQUAL_HOLD,CONTROL,2026.05,1,66,-0.5159313497607727,0.12710237998250007,0.5151515151515151,0.48484848484848486,-0.649477269620852,-1.1421171160867232,-2.2448307402266985,-2.9477301366807707,-42.238630939901,14.257939603257439,-4.478477458318964,3.41175461694647
EQUAL_HOLD,CONTROL,2026.05,1.5,66,-1.015931349760773,-0.37289762001749993,0.45454545454545453,0.5454545454545454,-1.149477269620852,-1.6421171160867232,-2.7448307402266985,-3.4477301366807707,-42.738630939901,14.257939603257439,-4.978477458318964,2.91175461694647
EQUAL_HOLD,CONTROL,2026.05,2,66,-1.515931349760773,-0.8728976200174999,0.4393939393939394,0.5606060606060606,-1.6494772696208517,-2.142117116086723,-3.2448307402266985,-3.9477301366807707,-43.238630939901,14.257939603257439,-5.478477458318964,2.41175461694647
EQUAL_HOLD,DELAY_1,2026.05,0,66,0.09980626250086372,0.20143168479850002,0.5,0.5,-0.3258301979548704,-0.8289680103767383,-2.1183573694327302,-2.78157673105559,-49.478678903664,15.713804724537264,-4.190319283057846,4.700951493537321
EQUAL_HOLD,DELAY_1,2026.05,0.5,66,-0.4001937374991363,-0.29856831520149996,0.5,0.5,-0.8258301979548704,-1.3289680103767383,-2.6183573694327302,-3.28157673105559,-49.978678903664,15.713804724537264,-4.690319283057846,4.200951493537321
EQUAL_HOLD,DELAY_1,2026.05,1,66,-0.9001937374991362,-0.7985683152015,0.4696969696969697,0.5303030303030303,-1.3258301979548703,-1.8289680103767383,-3.1183573694327302,-3.78157673105559,-50.478678903664,15.713804724537264,-5.190319283057846,3.700951493537321
EQUAL_HOLD,DELAY_1,2026.05,1.5,66,-1.4001937374991362,-1.2985683152015,0.45454545454545453,0.5454545454545454,-1.8258301979548703,-2.3289680103767383,-3.6183573694327302,-4.28157673105559,-50.978678903664,15.713804724537264,-5.690319283057846,3.200951493537321
EQUAL_HOLD,DELAY_1,2026.05,2,66,-1.9001937374991362,-1.7985683152015,0.42424242424242425,0.5757575757575758,-2.3258301979548706,-2.8289680103767383,-4.11835736943273,-4.78157673105559,-51.478678903664,15.713804724537264,-6.190319283057846,2.700951493537321
EQUAL_HOLD,DELAY_3,2026.05,0,66,0.4030616089114242,-1.394857789075,0.3787878787878788,0.6212121212121212,-1.035003437937463,-0.7168801158078308,-2.0846038178873334,-2.9042436908794755,-37.715493221465,16.173543200262568,-3.627060905503274,5.077296588595356
EQUAL_HOLD,DELAY_3,2026.05,0.5,66,-0.09693839108857585,-1.894857789075,0.36363636363636365,0.6363636363636364,-1.535003437937463,-1.2168801158078308,-2.5846038178873334,-3.4042436908794755,-38.215493221465,16.173543200262568,-4.127060905503274,4.577296588595356
EQUAL_HOLD,DELAY_3,2026.05,1,66,-0.5969383910885759,-2.394857789075,0.3484848484848485,0.6515151515151515,-2.035003437937463,-1.7168801158078308,-3.0846038178873334,-3.9042436908794755,-38.715493221465,16.173543200262568,-4.627060905503274,4.077296588595356
EQUAL_HOLD,DELAY_3,2026.05,1.5,66,-1.0969383910885757,-2.894857789075,0.3333333333333333,0.6666666666666666,-2.535003437937463,-2.2168801158078306,-3.5846038178873334,-4.4042436908794755,-39.215493221465,16.173543200262568,-5.127060905503274,3.577296588595356
EQUAL_HOLD,DELAY_3,2026.05,2,66,-1.5969383910885757,-3.394857789075,0.3333333333333333,0.6666666666666666,-3.035003437937463,-2.7168801158078306,-4.084603817887333,-4.9042436908794755,-39.715493221465,16.173543200262568,-5.627060905503274,3.077296588595356
EQUAL_HOLD,DELAY_5,2026.05,0,66,0.2234015040048939,-0.848879243763,0.42424242424242425,0.5757575757575758,-1.2750721674102223,-0.7082585547456616,-2.04410123234554,-2.7105776451311643,-25.891509454965,14.38659017917769,-3.525129754708284,4.8766319844444705
EQUAL_HOLD,DELAY_5,2026.05,0.5,66,-0.2765984959951061,-1.3488792437630002,0.3939393939393939,0.6060606060606061,-1.7750721674102223,-1.2082585547456617,-2.54410123234554,-3.2105776451311643,-26.391509454965,14.38659017917769,-4.025129754708284,4.3766319844444705
EQUAL_HOLD,DELAY_5,2026.05,1,66,-0.7765984959951061,-1.8488792437630002,0.3787878787878788,0.6212121212121212,-2.2750721674102223,-1.7082585547456617,-3.04410123234554,-3.7105776451311643,-26.891509454965,14.38659017917769,-4.525129754708284,3.8766319844444705
EQUAL_HOLD,DELAY_5,2026.05,1.5,66,-1.2765984959951062,-2.348879243763,0.36363636363636365,0.6363636363636364,-2.775072167410222,-2.2082585547456612,-3.54410123234554,-4.210577645131163,-27.391509454965,14.38659017917769,-5.025129754708284,3.3766319844444705
EQUAL_HOLD,DELAY_5,2026.05,2,66,-1.7765984959951062,-2.848879243763,0.3484848484848485,0.6515151515151515,-3.275072167410222,-2.7082585547456612,-4.04410123234554,-4.710577645131163,-27.891509454965,14.38659017917769,-5.525129754708284,2.8766319844444705
EQUAL_HOLD,CONTROL,2026.06,0,62,2.8880871037155322,3.8921024177845,0.6612903225806451,0.3387096774193548,3.6263202902043004,2.4561807592454263,1.6450578809248135,1.0018843454898771,-49.803483353885,13.240571258919369,-1.1474810383998637,6.505350506498759
EQUAL_HOLD,CONTROL,2026.06,0.5,62,2.3880871037155322,3.3921024177845,0.6612903225806451,0.3387096774193548,3.1263202902043004,1.9561807592454263,1.1450578809248135,0.5018843454898773,-50.303483353885,13.240571258919369,-1.6474810383998637,6.005350506498759
EQUAL_HOLD,CONTROL,2026.06,1,62,1.8880871037155322,2.8921024177845,0.6451612903225806,0.3548387096774194,2.6263202902043004,1.4561807592454263,0.6450578809248136,0.0018843454898772106,-50.803483353885,13.240571258919369,-2.1474810383998637,5.505350506498759
EQUAL_HOLD,CONTROL,2026.06,1.5,62,1.3880871037155325,2.3921024177845,0.6290322580645161,0.3709677419354839,2.1263202902043,0.9561807592454263,0.14505788092481356,-0.4981156545101228,-51.303483353885,13.240571258919369,-2.6474810383998637,5.005350506498759
EQUAL_HOLD,CONTROL,2026.06,2,62,0.8880871037155322,1.8921024177845,0.5967741935483871,0.4032258064516129,1.6263202902043,0.4561807592454262,-0.35494211907518647,-0.9981156545101227,-51.803483353885,13.240571258919369,-3.1474810383998637,4.505350506498759
EQUAL_HOLD,DELAY_1,2026.06,0,62,2.9330050925737585,4.2731276034465004,0.6451612903225806,0.3548387096774194,3.5709935448442,2.383771059836902,1.5919017513752036,0.8798142314555439,-44.681030433683,13.61628681773944,-0.8965200526397286,6.428727173343509
EQUAL_HOLD,DELAY_1,2026.06,0.5,62,2.4330050925737585,3.7731276034465,0.6129032258064516,0.3870967741935484,3.0709935448442,1.8837710598369017,1.0919017513752036,0.379814231455544,-45.181030433683,13.61628681773944,-1.3965200526397286,5.928727173343509
EQUAL_HOLD,DELAY_1,2026.06,1,62,1.933005092573758,3.2731276034465,0.6129032258064516,0.3870967741935484,2.5709935448442,1.3837710598369017,0.5919017513752035,-0.12018576854445609,-45.681030433683,13.61628681773944,-1.8965200526397286,5.428727173343509
EQUAL_HOLD,DELAY_1,2026.06,1.5,62,1.433005092573758,2.7731276034465,0.5967741935483871,0.4032258064516129,2.0709935448442,0.8837710598369017,0.0919017513752035,-0.6201857685444561,-46.181030433683,13.61628681773944,-2.396520052639729,4.928727173343509
EQUAL_HOLD,DELAY_1,2026.06,2,62,0.9330050925737581,2.2731276034465,0.5806451612903226,0.41935483870967744,1.5709935448442003,0.3837710598369017,-0.40809824862479654,-1.120185768544456,-46.681030433683,13.61628681773944,-2.896520052639729,4.428727173343509
EQUAL_HOLD,DELAY_3,2026.06,0,62,3.079698404980677,2.063651610012,0.6129032258064516,0.3870967741935484,3.3806048455946,2.0084864349971636,0.6675750717361184,-0.12662137251026334,-65.203662011214,18.65403442731021,-1.8565706206853239,7.571637141517298
EQUAL_HOLD,DELAY_3,2026.06,0.5,62,2.579698404980677,1.5636516100120001,0.5806451612903226,0.41935483870967744,2.8806048455946,1.5084864349971636,0.16757507173611844,-0.6266213725102634,-65.703662011214,18.65403442731021,-2.356570620685324,7.071637141517298
EQUAL_HOLD,DELAY_3,2026.06,1,62,2.079698404980677,1.0636516100120001,0.5483870967741935,0.45161290322580644,2.3806048455946,1.0084864349971636,-0.33242492826388154,-1.1266213725102634,-66.203662011214,18.65403442731021,-2.856570620685324,6.571637141517298
EQUAL_HOLD,DELAY_3,2026.06,1.5,62,1.579698404980677,0.5636516100120001,0.5161290322580645,0.4838709677419355,1.8806048455946,0.5084864349971637,-0.8324249282638816,-1.6266213725102634,-66.703662011214,18.65403442731021,-3.356570620685324,6.071637141517298
EQUAL_HOLD,DELAY_3,2026.06,2,62,1.079698404980677,0.06365161001200015,0.5,0.5,1.3806048455946,0.008486434997163719,-1.3324249282638816,-2.126621372510263,-67.203662011214,18.65403442731021,-3.856570620685324,5.571637141517298
EQUAL_HOLD,DELAY_5,2026.06,0,62,0.7937546098989517,1.3330878139000002,0.5645161290322581,0.43548387096774194,1.86854477076714,0.17859317793514765,-0.8936185242490507,-1.7274623281105614,-73.394008927796,16.8519957919698,-3.5605600260452093,4.535599648364558
EQUAL_HOLD,DELAY_5,2026.06,0.5,62,0.29375460989895175,0.8330878139000001,0.532258064516129,0.46774193548387094,1.36854477076714,-0.3214068220648524,-1.3936185242490506,-2.2274623281105614,-73.894008927796,16.8519957919698,-4.060560026045209,4.035599648364558
EQUAL_HOLD,DELAY_5,2026.06,1,62,-0.20624539010104825,0.3330878139000001,0.5161290322580645,0.4838709677419355,0.8685447707671399,-0.8214068220648523,-1.8936185242490506,-2.7274623281105614,-74.394008927796,16.8519957919698,-4.560560026045209,3.535599648364558
EQUAL_HOLD,DELAY_5,2026.06,1.5,62,-0.7062453901010483,-0.16691218609999992,0.4838709677419355,0.5161290322580645,0.36854477076714,-1.3214068220648525,-2.393618524249051,-3.2274623281105614,-74.894008927796,16.8519957919698,-5.060560026045209,3.035599648364558
EQUAL_HOLD,DELAY_5,2026.06,2,62,-1.2062453901010481,-0.6669121860999999,0.4838709677419355,0.5161290322580645,-0.13145522923286002,-1.8214068220648523,-2.893618524249051,-3.7274623281105614,-75.394008927796,16.8519957919698,-5.560560026045209,2.535599648364558
EQUAL_HOLD,CONTROL,2026.07,0,57,-0.29792171702821046,0.93389957139,0.543859649122807,0.45614035087719296,-0.32916787042674467,-0.6917051236787499,-1.3828172467163886,-1.902396376216077,-22.664482530989,9.07322630297906,-2.76954926461935,2.6525055897521366
EQUAL_HOLD,CONTROL,2026.07,0.5,57,-0.7979217170282105,0.43389957139,0.5087719298245614,0.49122807017543857,-0.8291678704267446,-1.19170512367875,-1.8828172467163886,-2.402396376216077,-23.164482530989,9.07322630297906,-3.26954926461935,2.1525055897521366
EQUAL_HOLD,CONTROL,2026.07,1,57,-1.2979217170282105,-0.06610042860999998,0.47368421052631576,0.5263157894736842,-1.3291678704267447,-1.69170512367875,-2.382817246716389,-2.902396376216077,-23.664482530989,9.07322630297906,-3.76954926461935,1.6525055897521366
EQUAL_HOLD,CONTROL,2026.07,1.5,57,-1.7979217170282105,-0.56610042861,0.45614035087719296,0.543859649122807,-1.8291678704267447,-2.19170512367875,-2.882817246716389,-3.402396376216077,-24.164482530989,9.07322630297906,-4.26954926461935,1.1525055897521366
EQUAL_HOLD,CONTROL,2026.07,2,57,-2.2979217170282107,-1.06610042861,0.42105263157894735,0.5789473684210527,-2.3291678704267444,-2.69170512367875,-3.382817246716389,-3.902396376216077,-24.664482530989,9.07322630297906,-4.76954926461935,0.6525055897521366
EQUAL_HOLD,DELAY_1,2026.07,0,57,0.964492599509649,1.704659154637,0.5789473684210527,0.42105263157894735,1.3982981847514895,0.7163483595904999,0.2115276532149814,-0.2840718602248847,-28.099092709888,8.616191129473947,-1.5191888242998894,3.906578105365983
EQUAL_HOLD,DELAY_1,2026.07,0.5,57,0.46449259950964905,1.204659154637,0.5614035087719298,0.43859649122807015,0.8982981847514893,0.2163483595904999,-0.2884723467850186,-0.7840718602248847,-28.599092709888,8.616191129473947,-2.0191888242998894,3.406578105365983
EQUAL_HOLD,DELAY_1,2026.07,1,57,-0.035507400490350984,0.704659154637,0.5263157894736842,0.47368421052631576,0.39829818475148926,-0.2836516404095001,-0.7884723467850187,-1.2840718602248846,-29.099092709888,8.616191129473947,-2.5191888242998894,2.906578105365983
EQUAL_HOLD,DELAY_1,2026.07,1.5,57,-0.535507400490351,0.20465915463700002,0.5087719298245614,0.49122807017543857,-0.10170181524851074,-0.7836516404095002,-1.2884723467850188,-1.7840718602248846,-29.599092709888,8.616191129473947,-3.0191888242998894,2.406578105365983
EQUAL_HOLD,DELAY_1,2026.07,2,57,-1.035507400490351,-0.295340845363,0.47368421052631576,0.5263157894736842,-0.6017018152485107,-1.2836516404095002,-1.7884723467850188,-2.2840718602248846,-30.099092709888,8.616191129473947,-3.5191888242998894,1.9065781053659832
EQUAL_HOLD,DELAY_3,2026.07,0,57,0.5830113553631228,0.849717468942,0.5964912280701754,0.40350877192982454,0.6268184197955107,0.12631313332082136,-0.4530994103087778,-0.92650672276925,-22.378087064439,8.596856674633882,-2.0444938382039437,3.4731301053841457
EQUAL_HOLD,DELAY_3,2026.07,0.5,57,0.08301135536312275,0.34971746894199995,0.5263157894736842,0.47368421052631576,0.12681841979551065,-0.37368686667917866,-0.9530994103087778,-1.42650672276925,-22.878087064439,8.596856674633882,-2.5444938382039437,2.9731301053841457
EQUAL_HOLD,DELAY_3,2026.07,1,57,-0.41698864463687724,-0.15028253105800005,0.49122807017543857,0.5087719298245614,-0.3731815802044894,-0.8736868666791786,-1.4530994103087778,-1.92650672276925,-23.378087064439,8.596856674633882,-3.0444938382039437,2.4731301053841457
EQUAL_HOLD,DELAY_3,2026.07,1.5,57,-0.9169886446368772,-0.650282531058,0.47368421052631576,0.5263157894736842,-0.8731815802044893,-1.3736868666791786,-1.9530994103087778,-2.42650672276925,-23.878087064439,8.596856674633882,-3.5444938382039437,1.9731301053841457
EQUAL_HOLD,DELAY_3,2026.07,2,57,-1.4169886446368773,-1.150282531058,0.45614035087719296,0.543859649122807,-1.3731815802044893,-1.8736868666791786,-2.453099410308778,-2.92650672276925,-24.378087064439,8.596856674633882,-4.044493838203944,1.4731301053841457
EQUAL_HOLD,DELAY_5,2026.07,0,57,-1.5257184397769825,-2.332645244791,0.40350877192982454,0.5964912280701754,-1.1538427059592766,-1.9916460883455536,-2.7080681641081665,-3.1837241597647883,-30.130631180564,9.811128527281241,-3.988429137551857,1.4192328353424544
EQUAL_HOLD,DELAY_5,2026.07,0.5,57,-2.0257184397769823,-2.832645244791,0.38596491228070173,0.6140350877192983,-1.6538427059592766,-2.491646088345554,-3.2080681641081665,-3.6837241597647883,-30.630631180564,9.811128527281241,-4.488429137551857,0.9192328353424544
EQUAL_HOLD,DELAY_5,2026.07,1,57,-2.5257184397769823,-3.332645244791,0.3684210526315789,0.631578947368421,-2.1538427059592764,-2.991646088345554,-3.7080681641081665,-4.183724159764788,-31.130631180564,9.811128527281241,-4.988429137551857,0.41923283534245437
EQUAL_HOLD,DELAY_5,2026.07,1.5,57,-3.0257184397769823,-3.832645244791,0.3508771929824561,0.6491228070175439,-2.6538427059592764,-3.491646088345554,-4.208068164108166,-4.683724159764788,-31.630631180564,9.811128527281241,-5.488429137551857,-0.08076716465754563
EQUAL_HOLD,DELAY_5,2026.07,2,57,-3.5257184397769823,-4.332645244791,0.3333333333333333,0.6666666666666666,-3.1538427059592764,-3.991646088345554,-4.708068164108166,-5.183724159764789,-32.130631180563995,9.811128527281241,-5.988429137551857,-0.5807671646575456
EQUAL_HOLD,CONTROL,2026.08,0,31,2.809145179202355,1.828746035788,0.6129032258064516,0.3870967741935484,3.00478837611992,2.1022654966261,0.7355568748375357,-0.6823103564458463,-26.807740677642,11.530450287272107,-0.9769628679788858,7.616539568356036
EQUAL_HOLD,CONTROL,2026.08,0.5,31,2.309145179202355,1.328746035788,0.5806451612903226,0.41935483870967744,2.50478837611992,1.6022654966260998,0.2355568748375357,-1.1823103564458461,-27.307740677642,11.530450287272107,-1.4769628679788858,7.116539568356036
EQUAL_HOLD,CONTROL,2026.08,1,31,1.8091451792023547,0.8287460357880001,0.5806451612903226,0.41935483870967744,2.00478837611992,1.1022654966260998,-0.2644431251624643,-1.6823103564458464,-27.807740677642,11.530450287272107,-1.9769628679788858,6.616539568356036
EQUAL_HOLD,CONTROL,2026.08,1.5,31,1.3091451792023547,0.3287460357880001,0.5161290322580645,0.4838709677419355,1.50478837611992,0.6022654966261,-0.7644431251624643,-2.1823103564458464,-28.307740677642,11.530450287272107,-2.4769628679788855,6.116539568356036
EQUAL_HOLD,CONTROL,2026.08,2,31,0.8091451792023548,-0.1712539642119999,0.4838709677419355,0.5161290322580645,1.00478837611992,0.10226549662609995,-1.2644431251624642,-2.6823103564458464,-28.807740677642,11.530450287272107,-2.9769628679788855,5.616539568356036
EQUAL_HOLD,DELAY_1,2026.08,0,31,2.4315762404426775,3.641382678793,0.6129032258064516,0.3870967741935484,2.6178608567057595,1.7220698190272,0.31106510891878564,-1.1358306848024617,-20.915164873556,12.131043899368601,-1.4573599293686055,7.245192921320964
EQUAL_HOLD,DELAY_1,2026.08,0.5,31,1.9315762404426775,3.141382678793,0.5806451612903226,0.41935483870967744,2.11786085670576,1.2220698190272,-0.1889348910812144,-1.6358306848024617,-21.415164873556,12.131043899368601,-1.9573599293686055,6.745192921320964
EQUAL_HOLD,DELAY_1,2026.08,1,31,1.4315762404426775,2.641382678793,0.5161290322580645,0.4838709677419355,1.61786085670576,0.7220698190271999,-0.6889348910812144,-2.1358306848024617,-21.915164873556,12.131043899368601,-2.4573599293686055,6.245192921320964
EQUAL_HOLD,DELAY_1,2026.08,1.5,31,0.9315762404426774,2.141382678793,0.5161290322580645,0.4838709677419355,1.11786085670576,0.22206981902719997,-1.1889348910812143,-2.6358306848024617,-22.415164873556,12.131043899368601,-2.9573599293686055,5.745192921320964
EQUAL_HOLD,DELAY_1,2026.08,2,31,0.4315762404426774,1.6413826787930001,0.5161290322580645,0.4838709677419355,0.61786085670576,-0.27793018097280003,-1.6889348910812143,-3.1358306848024617,-22.915164873556,12.131043899368601,-3.4573599293686055,5.245192921320964
EQUAL_HOLD,DELAY_3,2026.08,0,31,3.440155039285516,4.225362553403,0.6129032258064516,0.3870967741935484,2.97570306222216,2.4114501833462,0.8476030378982141,-0.3648084405981154,-21.254839784464,12.473485988624002,-0.17195503073923088,8.282778769730895
EQUAL_HOLD,DELAY_3,2026.08,0.5,31,2.940155039285516,3.7253625534030004,0.6129032258064516,0.3870967741935484,2.4757030622221596,1.9114501833461999,0.34760303789821423,-0.8648084405981155,-21.754839784464,12.473485988624002,-0.6719550307392309,7.7827787697308946
EQUAL_HOLD,DELAY_3,2026.08,1,31,2.440155039285516,3.2253625534030004,0.5806451612903226,0.41935483870967744,1.9757030622221599,1.4114501833461999,-0.1523969621017858,-1.3648084405981156,-22.254839784464,12.473485988624002,-1.1719550307392308,7.2827787697308946
EQUAL_HOLD,DELAY_3,2026.08,1.5,31,1.9401550392855158,2.7253625534030004,0.5806451612903226,0.41935483870967744,1.4757030622221599,0.9114501833461998,-0.6523969621017859,-1.8648084405981156,-22.754839784464,12.473485988624002,-1.6719550307392308,6.7827787697308946
EQUAL_HOLD,DELAY_3,2026.08,2,31,1.4401550392855158,2.2253625534030004,0.5483870967741935,0.45161290322580644,0.9757030622221599,0.41145018334619987,-1.1523969621017858,-2.3648084405981153,-23.254839784464,12.473485988624002,-2.171955030739231,6.2827787697308946
EQUAL_HOLD,DELAY_5,2026.08,0,31,4.607691133779323,4.932343954605,0.6451612903225806,0.3548387096774194,4.35561672439564,3.7429780720177335,2.3102609709941073,1.1867191789782308,-16.948689210245,11.320602907347297,0.3701630429525665,9.591832630413668
EQUAL_HOLD,DELAY_5,2026.08,0.5,31,4.107691133779323,4.432343954605,0.6451612903225806,0.3548387096774194,3.85561672439564,3.2429780720177335,1.810260970994107,0.6867191789782308,-17.448689210245,11.320602907347297,-0.12983695704743348,9.091832630413668
EQUAL_HOLD,DELAY_5,2026.08,1,31,3.6076911337793227,3.932343954605,0.6129032258064516,0.3870967741935484,3.35561672439564,2.7429780720177335,1.310260970994107,0.1867191789782307,-17.948689210245,11.320602907347297,-0.6298369570474335,8.591832630413668
EQUAL_HOLD,DELAY_5,2026.08,1.5,31,3.1076911337793227,3.432343954605,0.6129032258064516,0.3870967741935484,2.85561672439564,2.2429780720177335,0.8102609709941071,-0.31328082102176924,-18.448689210245,11.320602907347297,-1.1298369570474334,8.091832630413668
EQUAL_HOLD,DELAY_5,2026.08,2,31,2.6076911337793227,2.932343954605,0.5483870967741935,0.45161290322580644,2.35561672439564,1.7429780720177332,0.31026097099410715,-0.8132808210217692,-18.948689210245,11.320602907347297,-1.6298369570474334,7.591832630413668
