view,arm,partition,metric,n,mean,median,positive_rate,negative_rate,trim10,exbest1,extop3,extop5,worst1,stddev,event_days,ci95_low,ci95_high,ci98333_low,ci98333_high
COMMON_DEADLINE,DELAY_1,ALL,gross_executable_bps,430,-0.5479272841858023,-0.10890225413749999,0.4790697674418605,0.5209302325581395,-0.11693744656593902,-0.6014108217034546,-0.6919837784338361,-0.7714290620819672,-38.928051906574005,6.538696088541486,124,-1.1807162182379616,0.08414267954942992,-1.3220253508094988,0.2322596332083694
COMMON_DEADLINE,DELAY_1,ALL,mae_bps,430,-0.28125590757670693,-0.31198070340800044,0.45813953488372094,0.541860465116279,-0.3912113589625377,-0.36897960562194165,-0.47357986059102103,-0.5587293645859105,-22.414739204278,5.493475609944577,124,-0.826027619744562,0.27452044776967727,-0.949991446795827,0.3962224808103694
COMMON_DEADLINE,DELAY_1,ALL,mfe_bps,430,-1.3527845260158096,-0.5441656420395005,0.4116279069767442,0.5767441860465117,-0.6903784712429827,-1.4013975727384804,-1.487365910791993,-1.5576452999998895,-38.926010021343004,6.5481672655943735,124,-2.030957312972914,-0.7035650783093413,-2.1806561030554263,-0.5754277678891583
COMMON_DEADLINE,DELAY_1,ALL,mae_atr,430,-0.02001268205045814,-0.03211919140050001,0.45813953488372094,0.541860465116279,-0.028859449270424418,-0.026597410735906764,-0.033934618734337244,-0.0396524412253153,-2.049797023004,0.39573843644054313,124,-0.06127141129957107,0.02176456059720869,-0.06937574842594406,0.031051303250651578
COMMON_DEADLINE,DELAY_1,ALL,mfe_atr,430,-0.09334412722860931,-0.043931476565999994,0.4116279069767442,0.5720930232558139,-0.05500727311640699,-0.09750075957693476,-0.10163286702590633,-0.10540874361990119,-4.040414507772001,0.451949598994804,124,-0.1426169614918158,-0.046689213178731495,-0.15268940268934547,-0.03852820821609763
COMMON_DEADLINE,DELAY_1,ALL,stop_r,430,-0.025906767240918605,-0.00464885819650003,0.46744186046511627,0.513953488372093,-0.01604366106612791,-0.03311305414081818,-0.0415587874945363,-0.04889099411275059,-2.819289878113,0.44247312430867874,124,-0.06482489968867934,0.014426734197154222,-0.07421819031204319,0.023454703843402775
COMMON_DEADLINE,DELAY_1,ALL,entry_improvement_price,430,-0.2682325581395279,-0.05,0.4790697674418605,0.5209302325581395,-0.05863372093022965,-0.29307692307691374,-0.33807962529273067,-0.37745882352940235,-18.79,3.0957622951730355,124,-0.5669036697247821,0.029444444444437192,-0.6319580419580093,0.09898454746136202
COMMON_DEADLINE,DELAY_1,ALL,entry_improvement_points,430,-26.823255813952994,-4.9999999999955005,0.4790697674418605,0.5209302325581395,-5.863372093024329,-29.307692307691674,-33.8079625292734,-37.74588235294066,-1878.999999999996,309.57622951730417,124,-56.69036697247635,2.9444444444453275,-63.19580419579997,9.898454746138292
COMMON_DEADLINE,DELAY_1,ALL,entry_improvement_bps,430,-0.5497676905765209,-0.108780293666,0.4790697674418605,0.5209302325581395,-0.11702755215285174,-0.6032853071654989,-0.6941893178997517,-0.773857932542953,-39.098345134971,6.551922546640901,124,-1.1844295523631088,0.08414535287765129,-1.3240594855150467,0.23111876072282184
COMMON_DEADLINE,DELAY_3,ALL,gross_executable_bps,430,-0.8268139156929278,-0.08535207953249996,0.4906976744186046,0.5046511627906977,-0.35810100307741577,-0.9137397460426784,-1.0791201520338782,-1.2384914264580846,-84.74922735871999,11.348628227580386,124,-1.8308700856977815,0.11564330550107003,-2.050868880027361,0.3292541815129061
COMMON_DEADLINE,DELAY_3,ALL,mae_bps,430,-1.4445584209738602,-1.170179568509,0.4,0.5953488372093023,-1.2879867736036075,-1.553598523972944,-1.7309867027038992,-1.853757578793734,-36.500898672771,8.556371637024036,124,-2.183989540730318,-0.7206437373729278,-2.356752897341371,-0.5559627596824057
COMMON_DEADLINE,DELAY_3,ALL,mfe_bps,430,-2.9891430606160694,-1.5043330413854994,0.36511627906976746,0.6232558139534884,-2.033362277143811,-3.0712613348935878,-3.2216785170284896,-3.349336701439414,-84.412816659497,10.556695880715088,124,-3.964472434677515,-2.058401978596331,-4.212848894385303,-1.8531488739075237
COMMON_DEADLINE,DELAY_3,ALL,mae_atr,430,-0.11261492113761395,-0.0869930092805,0.4,0.5953488372093023,-0.1059347467873401,-0.11745062821046152,-0.12435033810479625,-0.13094799932349413,-1.989733718319,0.5328966954100312,124,-0.16149438394164206,-0.06516620809227991,-0.17211700915529438,-0.053887627408882074
COMMON_DEADLINE,DELAY_3,ALL,mfe_atr,430,-0.21116833781480232,-0.12086913020199999,0.36511627906976746,0.6209302325581395,-0.15992508629757268,-0.2145595339923077,-0.22082260206751758,-0.22661661639369177,-5.279839518555001,0.6275149348051361,124,-0.26970499541114945,-0.1525178295732283,-0.28274264225002066,-0.14096662110583824
COMMON_DEADLINE,DELAY_3,ALL,stop_r,430,-0.04486047153200466,-0.017353511674500055,0.44883720930232557,0.5441860465116279,-0.0417512691096221,-0.05237810210826807,-0.06440158357866745,-0.07328499554572,-4.2238716148440005,0.634468536951993,124,-0.09841491795541563,0.011118935671048946,-0.11005706965432914,0.023070171397245137
COMMON_DEADLINE,DELAY_3,ALL,entry_improvement_price,430,-0.3985813953488721,-0.040000000000500004,0.4906976744186046,0.5046511627906977,-0.1709302325581715,-0.442051282051317,-0.5233255269321218,-0.6029647058823906,-42.57,5.456168903337859,124,-0.8739082969432707,0.04769406392688125,-0.9808181818181932,0.14366515837102942
COMMON_DEADLINE,DELAY_3,ALL,entry_improvement_points,430,-39.85813953488559,-4.0000000000415,0.4906976744186046,0.5046511627906977,-17.093023255815726,-44.20512820513008,-52.33255269321046,-60.296470588237376,-4256.999999999971,545.616890333785,124,-87.39082969432411,4.769406392691317,-98.08181818181848,14.36651583710305
COMMON_DEADLINE,DELAY_3,ALL,entry_improvement_bps,430,-0.8285742199633209,-0.085331009121,0.4906976744186046,0.5046511627906977,-0.35816103636540986,-0.9154732567465851,-1.0812515406445244,-1.2408242690356588,-84.578903553823,11.369746667322861,124,-1.8349472636937072,0.11592121910718246,-2.051817380570991,0.33065767287515213
COMMON_DEADLINE,DELAY_5,ALL,gross_executable_bps,430,-1.2368856889617232,-0.5428816238195,0.47674418604651164,0.5232558139534884,-0.46897429326614537,-1.3500548658475733,-1.5368006243169343,-1.6942446503001223,-195.38916657460197,15.409858780693233,124,-2.667856512969087,0.027074897444785147,-2.9934000995419177,0.2837292888233908
COMMON_DEADLINE,DELAY_5,ALL,mae_bps,430,-2.506159364896461,-1.3278933491195,0.39767441860465114,0.6023255813953489,-2.071024428342994,-2.6418236231368204,-2.7904215394856067,-2.9123722524466378,-50.498287008448,9.491225521223368,124,-3.3932456043515122,-1.681727932320822,-3.596639428193533,-1.5010981368406733
COMMON_DEADLINE,DELAY_5,ALL,mfe_bps,430,-4.836847267372567,-2.592562967402,0.29767441860465116,0.7,-3.3891148327985205,-4.9582102437945155,-5.128574685150145,-5.237232670834808,-194.556107537936,14.480863686178028,124,-6.228439921231319,-3.59153247652192,-6.597925431423879,-3.3318395562429513
COMMON_DEADLINE,DELAY_5,ALL,mae_atr,430,-0.19467723233919998,-0.13320250785750004,0.39767441860465114,0.6023255813953489,-0.17527468232594767,-0.19971540711479022,-0.20867760824297424,-0.2154219166181247,-2.312757201645,0.6136058484744799,124,-0.25163696596154816,-0.1404402532788889,-0.26402732487243147,-0.12787336154334422
COMMON_DEADLINE,DELAY_5,ALL,mfe_atr,430,-0.340203251425193,-0.22851540464500003,0.29767441860465116,0.7,-0.2711047921910349,-0.3445875972182028,-0.35185353655823653,-0.3583262296222612,-12.637913741222999,0.88231460832635,124,-0.42251075872279364,-0.2642058579367797,-0.44431817421918385,-0.24941047917093023
COMMON_DEADLINE,DELAY_5,ALL,stop_r,430,-0.04084653296064419,-0.02438945377399998,0.46744186046511627,0.5302325581395348,-0.0355443000221628,-0.05100137006256877,-0.06309410749804449,-0.07281996122176235,-12.855439044406,0.9153405536213373,124,-0.12341439982819953,0.03461784369365283,-0.1426710416495894,0.05133673782576303
COMMON_DEADLINE,DELAY_5,ALL,entry_improvement_price,430,-0.5882558139534954,-0.235,0.47674418604651164,0.5232558139534884,-0.21180232558139533,-0.6457808857808928,-0.7357142857142928,-0.8130117647058894,-99.0,7.505294788645985,124,-1.2859070796460288,0.013953488372116291,-1.439126637554572,0.13041570438799308
COMMON_DEADLINE,DELAY_5,ALL,entry_improvement_points,430,-58.82558139535018,-23.499999999967002,0.47674418604651164,0.5232558139534884,-21.18023255814025,-64.57808857808995,-73.57142857143009,-81.3011764705898,-9900.0,750.5294788645995,124,-128.5907079646031,1.3953488372091045,-143.91266375545896,13.041570438800072
COMMON_DEADLINE,DELAY_5,ALL,entry_improvement_bps,430,-1.2377036456644162,-0.54328803618,0.47674418604651164,0.5232558139534884,-0.46859559501706394,-1.3514299981536106,-1.5383556155749276,-1.6961117347290988,-196.03494570426,15.429550622735258,124,-2.6703764795775586,0.028433947243043503,-2.9983737515872964,0.28554617168818264
COMMON_DEADLINE,DELAY_1,JAN_JUN,gross_executable_bps,342,-0.8682597361467514,-0.29656017146900004,0.4678362573099415,0.5321637426900585,-0.3539061404972191,-0.9364848682494898,-1.0525462270015988,-1.1548767031072107,-38.928051906574005,7.018648053876114,93,-1.6582674211229589,-0.12647674224033728,-1.8209597222971823,0.03466953057551097
COMMON_DEADLINE,DELAY_1,JAN_JUN,mae_bps,342,-0.06836750521645313,-0.18377881174350064,0.4678362573099415,0.5321637426900585,-0.19673489436804376,-0.1781052707855014,-0.30873229203070496,-0.4151383574927447,-22.414739204278,5.836082409287888,,,,,
COMMON_DEADLINE,DELAY_1,JAN_JUN,mfe_bps,342,-1.7177920833711815,-0.7036954218294997,0.40350877192982454,0.5906432748538012,-0.9758322614439016,-1.7800208358679004,-1.8905392042310534,-1.9815632012643887,-38.926010021343004,7.090616466448538,,,,,
COMMON_DEADLINE,DELAY_1,JAN_JUN,mae_atr,342,0.003068418219134499,-0.020146307253499973,0.4678362573099415,0.5321637426900585,-0.014272970364244528,-0.005147908777310856,-0.014263215005666671,-0.021357374504801192,-1.4540466392310003,0.39364179192512594,,,,,
COMMON_DEADLINE,DELAY_1,JAN_JUN,mfe_atr,342,-0.12009661737327486,-0.07221217567000002,0.40350877192982454,0.5847953216374269,-0.07178788847699272,-0.12282655118026688,-0.12793769291786433,-0.132635841078184,-4.040414507772001,0.4729466538510454,,,,,
COMMON_DEADLINE,DELAY_1,JAN_JUN,stop_r,342,-0.03883953304166959,-0.005544262568500047,0.4619883040935672,0.52046783625731,-0.026236531351656937,-0.047943432882894425,-0.057852210579106195,-0.06662442265812167,-2.819289878113,0.44536124075446964,,,,,
COMMON_DEADLINE,DELAY_1,JAN_JUN,entry_improvement_price,342,-0.4088304093567076,-0.13499999999950002,0.4678362573099415,0.5321637426900585,-0.16536496350363505,-0.4404985337243197,-0.4980530973451121,-0.548664688427279,-18.79,3.3567630914458726,,,,,
COMMON_DEADLINE,DELAY_1,JAN_JUN,entry_improvement_points,342,-40.88304093567137,-13.499999999976499,0.4678362573099415,0.5321637426900585,-16.536496350365436,-44.04985337243269,-49.80530973451197,-54.866468842728786,-1878.999999999996,335.6763091445874,,,,,
COMMON_DEADLINE,DELAY_1,JAN_JUN,entry_improvement_bps,342,-0.8706294217346929,-0.29685004482300004,0.4678362573099415,0.5321637426900585,-0.35413007956793063,-0.938898979646217,-1.0553805133585694,-1.1579963697807596,-39.098345134971,7.033881944635164,,,,,
COMMON_DEADLINE,DELAY_3,JAN_JUN,gross_executable_bps,342,-1.2445149845342045,-0.19835131310700005,0.4824561403508772,0.5175438596491229,-0.7019637741694855,-1.3550982170529267,-1.56601311469382,-1.769890199428561,-84.74922735871999,12.400484285967968,93,-2.4452470548664955,-0.13159043130880074,-2.7741004508145575,0.0896201556648753
COMMON_DEADLINE,DELAY_3,JAN_JUN,mae_bps,342,-1.2241274406337397,-1.0209690261585003,0.4269005847953216,0.5730994152046783,-1.0353006850795181,-1.3606604998896539,-1.5829580700075043,-1.7369093016774955,-36.500898672771,9.276347396359132,,,,,
COMMON_DEADLINE,DELAY_3,JAN_JUN,mfe_bps,342,-3.6122985870662925,-1.8634831182529998,0.36257309941520466,0.6345029239766082,-2.525148882010774,-3.7174361096220263,-3.9107118804806107,-4.075794358526745,-84.412816659497,11.5464961644365,,,,,
COMMON_DEADLINE,DELAY_3,JAN_JUN,mae_atr,342,-0.08925864666307602,-0.06988254580549999,0.4269005847953216,0.5730994152046783,-0.08517740472980656,-0.09527378466828738,-0.10383373286237758,-0.11203246522873293,-1.989733718319,0.5476617682383796,,,,,
COMMON_DEADLINE,DELAY_3,JAN_JUN,mfe_atr,342,-0.24983616098908187,-0.16523059361050008,0.36257309941520466,0.631578947368421,-0.19116268146774087,-0.25421589994311145,-0.2623387400611534,-0.26983856927795846,-5.279839518555001,0.6673333568740928,,,,,
COMMON_DEADLINE,DELAY_3,JAN_JUN,stop_r,342,-0.06809725774662867,-0.02167460947800004,0.4415204678362573,0.5555555555555556,-0.05716335130845256,-0.07762306508807039,-0.09291662412588791,-0.10428896883535906,-4.2238716148440005,0.6728649093190627,,,,,
COMMON_DEADLINE,DELAY_3,JAN_JUN,entry_improvement_price,342,-0.5854970760234298,-0.09,0.4824561403508772,0.5175438596491229,-0.33343065693435037,-0.6407331378299501,-0.7442772861357345,-0.8460237388724451,-42.57,5.998524859107341,,,,,
COMMON_DEADLINE,DELAY_3,JAN_JUN,entry_improvement_points,342,-58.54970760234111,-9.000000000015,0.4824561403508772,0.5175438596491229,-33.34306569343286,-64.07331378299314,-74.42772861357145,-84.60237388724255,-4256.999999999971,599.8524859107331,,,,,
COMMON_DEADLINE,DELAY_3,JAN_JUN,entry_improvement_bps,342,-1.2466538912800147,-0.1983939478955,0.4824561403508772,0.5175438596491229,-0.701819857755416,-1.3572045260346686,-1.5686227849225634,-1.7727567672809852,-84.578903553823,12.424520536784561,,,,,
COMMON_DEADLINE,DELAY_5,JAN_JUN,gross_executable_bps,342,-1.5139900830263888,-0.38222124922949985,0.4824561403508772,0.5175438596491229,-0.5591585672289818,-1.6571768316425015,-1.8942112941734954,-2.0948894318072284,-195.38916657460197,16.815784273479508,93,-3.2643213659700883,0.021430304059069025,-3.6586736886082867,0.319663288434088
COMMON_DEADLINE,DELAY_5,JAN_JUN,mae_bps,342,-2.5580117753264413,-1.4549887273299997,0.39473684210526316,0.6052631578947368,-2.100182600427748,-2.7288382245802376,-2.9165235917891414,-3.071067381442095,-50.498287008448,10.13104048905276,,,,,
COMMON_DEADLINE,DELAY_5,JAN_JUN,mfe_bps,342,-5.526215592964307,-2.7571270236589998,0.28654970760233917,0.7134502923976608,-3.8526747965410735,-5.680919655165502,-5.899772266615638,-6.041380691182143,-194.556107537936,15.85751419591911,,,,,
COMMON_DEADLINE,DELAY_5,JAN_JUN,mae_atr,342,-0.19066772861415787,-0.1393443278575,0.39473684210526316,0.6052631578947368,-0.1719722137333978,-0.1969943194499443,-0.20826693805290858,-0.2159803642461365,-2.312757201645,0.6233891271713546,,,,,
COMMON_DEADLINE,DELAY_5,JAN_JUN,mfe_atr,342,-0.37406834709576314,-0.22851540464500003,0.28654970760233917,0.7134502923976608,-0.29120071656373353,-0.37968344809538707,-0.3885007014847729,-0.39618884303694063,-12.637913741222999,0.9512585259822608,,,,,
COMMON_DEADLINE,DELAY_5,JAN_JUN,stop_r,342,-0.04434954996624561,-0.0187252926965,0.4678362573099415,0.5292397660818714,-0.03317073013397446,-0.05713526296839003,-0.07240330624496755,-0.08472409624518694,-12.855439044406,0.993156781532334,,,,,
COMMON_DEADLINE,DELAY_5,JAN_JUN,entry_improvement_price,342,-0.7211988304093626,-0.19,0.4824561403508772,0.5175438596491229,-0.2524452554744489,-0.7939589442815308,-0.9081120943952862,-1.0066172106824984,-99.0,8.249687598898042,,,,,
COMMON_DEADLINE,DELAY_5,JAN_JUN,entry_improvement_points,342,-72.1198830409369,-19.000000000005002,0.4824561403508772,0.5175438596491229,-25.24452554744563,-79.39589442815377,-90.81120943952948,-100.66172106825074,-9900.0,824.9687598898045,,,,,
COMMON_DEADLINE,DELAY_5,JAN_JUN,entry_improvement_bps,342,-1.5152216841673949,-0.3823092603735,0.4824561403508772,0.5175438596491229,-0.5588662413807299,-1.6591106086728709,-1.8963749150443776,-2.0974502540338786,-196.03494570426,16.83858604385819,,,,,
COMMON_DEADLINE,DELAY_1,JUL_AUG,gross_executable_bps,88,0.6970011086624318,0.3326741109250002,0.5227272727272727,0.4772727272727273,0.5852492367969306,0.558416347805092,0.3247352728378471,0.14012709029278317,-12.94375804133,3.971270328957598,31,-0.16928696095970125,1.5732532506918864,-0.36186812825084813,1.7409524014012498
COMMON_DEADLINE,DELAY_1,JUL_AUG,mae_bps,88,-1.1086176531131477,-0.7533563605655,0.42045454545454547,0.5795454545454546,-0.9561144938011389,-1.249789561203977,-1.449044189194,-1.5704108622697468,-13.40915492169,3.8000752644863747,,,,,
COMMON_DEADLINE,DELAY_1,JUL_AUG,mfe_bps,88,0.06576757188802261,-0.06999401632600022,0.4431818181818182,0.5227272727272727,0.13198832317583312,-0.06034786987314956,-0.2262839028061884,-0.3634001725498435,-12.940143361006,3.4371612120283106,,,,,
COMMON_DEADLINE,DELAY_1,JUL_AUG,mae_atr,88,-0.1097142308254659,-0.08548065243800003,0.42045454545454547,0.5795454545454546,-0.08634370880168056,-0.12057114372065518,-0.1368553369228353,-0.1502714091250482,-2.049797023004,0.3932721492476447,,,,,
COMMON_DEADLINE,DELAY_1,JUL_AUG,mfe_atr,88,0.010625777651795438,-0.006148360404500008,0.4431818181818182,0.5227272727272727,0.003452771266958313,-0.008675663412011512,-0.022643369023494134,-0.036396562445072306,-0.9703151562710001,0.34167377675799643,,,,,
COMMON_DEADLINE,DELAY_1,JUL_AUG,stop_r,88,0.024354663484727267,0.0,0.48863636363636365,0.48863636363636365,0.021164264569624988,0.0031380162029884993,-0.021623533728047064,-0.03510218060126507,-2.3228978684449997,0.4298485036637064,,,,,
COMMON_DEADLINE,DELAY_1,JUL_AUG,entry_improvement_price,88,0.2781818181817841,0.135,0.5227272727272727,0.4772727272727273,0.24111111111106945,0.2221839080459425,0.1275294117646706,0.05012048192767471,-5.3,1.647191650773623,,,,,
COMMON_DEADLINE,DELAY_1,JUL_AUG,entry_improvement_points,88,27.81818181817977,13.499999999999002,0.5227272727272727,0.4772727272727273,24.111111111109373,22.21839080459553,12.752941176468084,5.012048192768169,-530.000000000018,164.71916507736663,,,,,
COMMON_DEADLINE,DELAY_1,JUL_AUG,entry_improvement_bps,88,0.697217673697284,0.3325163825945,0.5227272727272727,0.4772727272727273,0.5854764603890417,0.5585435543443679,0.32490504727198827,0.14024079793063857,-12.955045990414,3.972299905614467,,,,,
COMMON_DEADLINE,DELAY_3,JUL_AUG,gross_executable_bps,88,0.7965243291220342,0.740752640912,0.5227272727272727,0.45454545454545453,0.6913781593694861,0.5987747995651724,0.33609139653258824,0.101865899832,-12.392527284899002,5.385878550082465,31,-0.38842006319404776,1.939761803162618,-0.7006777482799758,2.192305830111761
COMMON_DEADLINE,DELAY_3,JUL_AUG,mae_bps,88,-2.3012333672956933,-1.5615801378274998,0.29545454545454547,0.6818181818181818,-2.0397561806177085,-2.4228739532560803,-2.6190652897858,-2.7901331882310605,-18.033603146083,4.774536904929081,,,,,
COMMON_DEADLINE,DELAY_3,JUL_AUG,mfe_bps,88,-0.5673340828208864,-0.40219825650350094,0.375,0.5795454545454546,-0.5811485786069167,-0.7260626902917011,-0.9884366551684235,-1.1973382833042168,-12.915619698572,4.4175787624138065,,,,,
COMMON_DEADLINE,DELAY_3,JUL_AUG,mae_atr,88,-0.20338589693638634,-0.18324116136699997,0.29545454545454547,0.6818181818181818,-0.18312386787790277,-0.21539103135406895,-0.23575759016795292,-0.25339602838940967,-1.723951285521,0.4628499723811614,,,,,
COMMON_DEADLINE,DELAY_3,JUL_AUG,mfe_atr,88,-0.06089111593294319,-0.0334743856485,0.375,0.5795454545454546,-0.056760073937375005,-0.07305551722822991,-0.09338252368040001,-0.1127537671971205,-1.313368212159,0.40926004471694716,,,,,
COMMON_DEADLINE,DELAY_3,JUL_AUG,stop_r,88,0.045446129438465904,-0.0012329370325000477,0.4772727272727273,0.5,0.008297364410249995,0.028758179089436776,-0.0037283823312353006,-0.028857833770060244,-0.8805670018130001,0.44727748003136697,,,,,
COMMON_DEADLINE,DELAY_3,JUL_AUG,entry_improvement_price,88,0.32784090909088637,0.3149999999995,0.5227272727272727,0.45454545454545453,0.28499999999998615,0.24885057471262068,0.13717647058821175,0.04024096385539759,-5.75,2.2562441830350988,,,,,
COMMON_DEADLINE,DELAY_3,JUL_AUG,entry_improvement_points,88,32.78409090908924,31.499999999959996,0.5227272727272727,0.45454545454545453,28.49999999999871,24.88505747126237,13.717647058821743,4.0240963855395915,-575.0,225.62441830351227,,,,,
COMMON_DEADLINE,DELAY_3,JUL_AUG,entry_improvement_bps,88,0.7962354117447387,0.74062205617,0.5227272727272727,0.45454545454545453,0.6909758185619722,0.5982424170390229,0.3354943941533882,0.10131647041661443,-12.406947890819,5.3878209824608945,,,,,
COMMON_DEADLINE,DELAY_5,JUL_AUG,gross_executable_bps,88,-0.15995724839222733,-1.1885630053949998,0.45454545454545453,0.5454545454545454,-0.28124502506051396,-0.4222065962632529,-0.8387515223536118,-1.1533490418875423,-30.021529770895,7.8189657420752745,31,-1.8632954169370677,1.3236803194287554,-2.2684108684399718,1.6512498539761267
COMMON_DEADLINE,DELAY_5,JUL_AUG,mae_bps,88,-2.3046420425435796,-1.141788942113,0.4090909090909091,0.5909090909090909,-1.9679314486213195,-2.521686741292184,-2.7563289729400116,-2.984912589172735,-22.880955540345997,6.469839362920553,,,,,
COMMON_DEADLINE,DELAY_5,JUL_AUG,mfe_bps,88,-2.1577112747319434,-1.9878067512825004,0.3409090909090909,0.6477272727272727,-2.1531863591296947,-2.35351256586223,-2.710609538879012,-2.9912316680732896,-31.439903397767,6.2670845292628155,,,,,
COMMON_DEADLINE,DELAY_5,JUL_AUG,mae_atr,88,-0.21025962181606817,-0.1136624271825,0.4090909090909091,0.5909090909090909,-0.18505512678493055,-0.2281300021854368,-0.2524893444393294,-0.2711743576149036,-2.301401869159,0.5771458329181014,,,,,
COMMON_DEADLINE,DELAY_5,JUL_AUG,mfe_atr,88,-0.20859117506911365,-0.22729314371750003,0.3409090909090909,0.6477272727272727,-0.20823857466061113,-0.22532488421045976,-0.2514647141407059,-0.2756089517260723,-2.559075342466,0.519532805389006,,,,,
COMMON_DEADLINE,DELAY_5,JUL_AUG,stop_r,88,-0.027232535052511376,-0.10184133015850003,0.4659090909090909,0.5340909090909091,-0.042727387967375005,-0.046940949672057475,-0.0781725027290706,-0.09699094267043375,-1.7835616438360002,0.5149214039470926,,,,,
COMMON_DEADLINE,DELAY_5,JUL_AUG,entry_improvement_price,88,-0.07159090909092046,-0.5,0.45454545454545453,0.5454545454545454,-0.12791666666666665,-0.18563218390805747,-0.35964705882352943,-0.4944578313253012,-12.21,3.266415268192956,,,,,
COMMON_DEADLINE,DELAY_5,JUL_AUG,entry_improvement_points,88,-7.1590909090926935,-50.0,0.45454545454545453,0.5454545454545454,-12.79166666666675,-18.563218390806817,-35.964705882354764,-49.445783132531744,-1221.000000000004,326.6415268193032,,,,,
COMMON_DEADLINE,DELAY_5,JUL_AUG,entry_improvement_bps,88,-0.15916763239147733,-1.1886865317764999,0.45454545454545453,0.5454545454545454,-0.28105726150384724,-0.42129982642203456,-0.8382974972733883,-1.1526849605104459,-29.967308390846,7.81783774332268,,,,,
COMMON_DEADLINE,DELAY_1,JAN_MAR,gross_executable_bps,147,-0.5766794536711565,0.11618378477600011,0.5034013605442177,0.4965986394557823,-0.11178225402989087,-0.7340300684968972,-1.004445978340368,-1.2466232315112746,-38.928051906574005,8.700911815726156,40,-1.9687192767144308,0.7726291291455746,-2.291487534553662,1.07164386642937
COMMON_DEADLINE,DELAY_1,JAN_MAR,mae_bps,147,-0.8047217605908842,-0.2776674289440004,0.4557823129251701,0.54421768707483,-0.556042096504773,-0.9396253161742395,-1.1590395272258678,-1.3339468481567744,-22.414739204278,6.5514239505887,,,,,
COMMON_DEADLINE,DELAY_1,JAN_MAR,mfe_bps,147,-1.4681466481120342,-0.531676571497,0.46258503401360546,0.5306122448979592,-0.8540018274629159,-1.6117792451402673,-1.8696212152350837,-2.0853483351100284,-38.926010021343004,8.325823539125317,,,,,
COMMON_DEADLINE,DELAY_1,JAN_MAR,mae_atr,147,-0.028584146825340138,-0.024142860384000004,0.4557823129251701,0.54421768707483,-0.03171898674470588,-0.03585139243456164,-0.04872381471469445,-0.05949342009303521,-1.02675231171,0.3504567407069062,,,,,
COMMON_DEADLINE,DELAY_1,JAN_MAR,mfe_atr,147,-0.08064403403656464,-0.040004571950999934,0.46258503401360546,0.5306122448979592,-0.05124630583068068,-0.08674988913826029,-0.09776685060185418,-0.1067072627991479,-2.0437676666360005,0.4161035774478838,,,,,
COMMON_DEADLINE,DELAY_1,JAN_MAR,stop_r,147,-0.0018832508685101904,0.004294478527000045,0.5102040816326531,0.47619047619047616,-0.002714109012159653,-0.02289334377045889,-0.04400325302211804,-0.05712161907260562,-1.6350141333089994,0.4875754789986829,,,,,
COMMON_DEADLINE,DELAY_1,JAN_MAR,entry_improvement_price,147,-0.3048299319727755,0.06,0.5034013605442177,0.4965986394557823,-0.06033613445377311,-0.3780821917808014,-0.5127083333333124,-0.6330281690140634,-18.79,4.266271728005656,,,,,
COMMON_DEADLINE,DELAY_1,JAN_MAR,entry_improvement_points,147,-30.48299319727916,6.00000000004,0.5034013605442177,0.4965986394557823,-6.033613445380664,-37.80821917808204,-51.27083333333326,-63.302816901408654,-1878.999999999996,426.6271728005653,,,,,
COMMON_DEADLINE,DELAY_1,JAN_MAR,entry_improvement_bps,147,-0.583675543168068,0.116115248255,0.5034013605442177,0.4965986394557823,-0.11162960860223528,-0.7411616073411027,-1.0126321988958056,-1.2555621072433591,-39.098345134971,8.734891171284394,,,,,
COMMON_DEADLINE,DELAY_3,JAN_MAR,gross_executable_bps,147,-1.601910849121483,-0.023164929885000074,0.4965986394557823,0.5034013605442177,-0.7481441569562606,-1.8626387816795067,-2.3662167777178125,-2.8613363895604578,-84.74922735871999,16.255117782923115,40,-4.120875105185651,0.5739484880599549,-4.688737541274006,1.024227266912093
COMMON_DEADLINE,DELAY_3,JAN_MAR,mae_bps,147,-1.8910180549508295,-1.5687175453900002,0.4217687074829932,0.5782312925170068,-1.3082363754072353,-2.214474656461678,-2.6389041313051873,-2.918087205323415,-36.500898672771,11.501138233549064,,,,,
COMMON_DEADLINE,DELAY_3,JAN_MAR,mfe_bps,147,-3.8375673649881903,-1.726503852123,0.41496598639455784,0.5850340136054422,-2.542363248282622,-4.084671227792486,-4.5447750927744375,-4.945485807747218,-84.412816659497,14.97663101957654,,,,,
COMMON_DEADLINE,DELAY_3,JAN_MAR,mae_atr,147,-0.10172641049059183,-0.065003641661,0.4217687074829932,0.5782312925170068,-0.1040029109645294,-0.11208392221032193,-0.1297003863159236,-0.14480051401845773,-1.702829137893,0.5265159235543408,,,,,
COMMON_DEADLINE,DELAY_3,JAN_MAR,mfe_atr,147,-0.20292456059747618,-0.118386083595,0.41496598639455784,0.5782312925170068,-0.14459725219936134,-0.21132403764082877,-0.227089082201625,-0.24177465741239437,-5.279839518555001,0.6949192610105792,,,,,
COMMON_DEADLINE,DELAY_3,JAN_MAR,stop_r,147,-0.05304883858779591,-0.0022182610409999803,0.48299319727891155,0.5170068027210885,-0.028785812488899148,-0.07402233567141779,-0.10037436060324305,-0.12154961374793662,-4.2238716148440005,0.7659377743016887,,,,,
COMMON_DEADLINE,DELAY_3,JAN_MAR,entry_improvement_price,147,-0.7812925170068844,-0.01,0.4965986394557823,0.5034013605442177,-0.3705882352942101,-0.9116438356165206,-1.159166666666757,-1.4064788732395284,-42.57,8.03761978944025,,,,,
COMMON_DEADLINE,DELAY_3,JAN_MAR,entry_improvement_points,147,-78.12925170068485,-1.000000000022,0.4965986394557823,0.5034013605442177,-37.058823529416664,-91.16438356164845,-115.91666666667177,-140.64788732394896,-4256.999999999971,803.7619789440208,,,,,
COMMON_DEADLINE,DELAY_3,JAN_MAR,entry_improvement_bps,147,-1.6094165750664966,-0.023157904488,0.4965986394557823,0.5034013605442177,-0.7482185038660001,-1.8701051307865204,-2.3749425680955487,-2.870758002047197,-84.578903553823,16.30227015161489,,,,,
COMMON_DEADLINE,DELAY_5,JAN_MAR,gross_executable_bps,147,-2.203376690668653,-0.05981921229800058,0.4965986394557823,0.5034013605442177,-0.426197466279664,-2.542527840570959,-3.112843012903347,-3.6062641102274853,-195.38916657460197,23.173502635230854,40,-5.868217792617088,1.0257898571822,-6.675323920490497,1.5426160679718737
COMMON_DEADLINE,DELAY_5,JAN_MAR,mae_bps,147,-3.588789194135809,-2.283374066783999,0.3673469387755102,0.6326530612244898,-2.9058464615420925,-3.994834376425904,-4.4542602916169445,-4.746267855269479,-50.498287008448,12.804996255952005,,,,,
COMMON_DEADLINE,DELAY_5,JAN_MAR,mfe_bps,147,-6.350723705883088,-2.4039108587039997,0.3197278911564626,0.6802721088435374,-3.9314128684964285,-6.717700372482582,-7.247315627456404,-7.602365809150725,-194.556107537936,21.946765771362912,,,,,
COMMON_DEADLINE,DELAY_5,JAN_MAR,mae_atr,147,-0.21072819675764626,-0.19295074559500014,0.3673469387755102,0.6326530612244898,-0.2111587789413361,-0.225068263117274,-0.2450417087786458,-0.26055245112482395,-1.941932130393,0.5880184108724174,,,,,
COMMON_DEADLINE,DELAY_5,JAN_MAR,mfe_atr,147,-0.3414995825425578,-0.18110638297799997,0.3197278911564626,0.6802721088435374,-0.23789292272105042,-0.3543912310104932,-0.37479723423849304,-0.3928500283834789,-12.637913741222999,1.2051410252160557,,,,,
COMMON_DEADLINE,DELAY_5,JAN_MAR,stop_r,147,-0.06148334877952379,0.0,0.4965986394557823,0.4965986394557823,0.0018554203320756354,-0.07710280014728765,-0.10499358921437499,-0.13044422907679576,-12.855439044406,1.2461681340619568,,,,,
COMMON_DEADLINE,DELAY_5,JAN_MAR,entry_improvement_price,147,-1.1005442176870748,-0.03,0.4965986394557823,0.5034013605442177,-0.21260504201678146,-1.273082191780822,-1.5484722222222222,-1.7912676056338026,-99.0,11.54373231958287,,,,,
COMMON_DEADLINE,DELAY_5,JAN_MAR,entry_improvement_points,147,-110.05442176871044,-2.999999999975,0.4965986394557823,0.5034013605442177,-21.260504201681655,-127.30821917808528,-154.84722222222575,-179.12676056338395,-9900.0,1154.3732319582875,,,,,
COMMON_DEADLINE,DELAY_5,JAN_MAR,entry_improvement_bps,147,-2.2081031810760408,-0.059847986115,0.4965986394557823,0.5034013605442177,-0.4250903473571765,-2.5489182821258765,-3.1198364432845347,-3.614268220016521,-196.03494570426,23.21503994631605,,,,,
COMMON_DEADLINE,DELAY_1,APR_JUN,gross_executable_bps,195,-1.088066410628354,-0.4524417568489998,0.441025641025641,0.558974358974359,-0.46079778550827394,-1.1507021341708557,-1.2470535205461302,-1.3263831764003315,-37.241227086158,5.431470283717705,53,-1.963332366799294,-0.33013540989370116,-2.2083348869297783,-0.18034752447119357
COMMON_DEADLINE,DELAY_1,APR_JUN,mae_bps,195,0.4867303180658103,-0.1467315321810001,0.47692307692307695,0.5230769230769231,-0.04053397458520384,0.2967020694278557,0.07653305963488025,-0.08656457711536839,-11.074338318007001,5.18131593737342,,,,,
COMMON_DEADLINE,DELAY_1,APR_JUN,mfe_bps,195,-1.9059863345665387,-0.8502623065529997,0.358974358974359,0.6358974358974359,-1.0292515749218853,-1.9585040595827374,-2.044372376005182,-2.12365089299909,-38.501973188873,6.010176936611713,,,,,
COMMON_DEADLINE,DELAY_1,APR_JUN,mae_atr,195,0.026929582637276916,-0.010205321346999974,0.47692307692307695,0.5230769230769231,-0.0018217575137707061,0.012610477784855663,-0.003298751581229175,-0.015766134867331586,-1.4540466392310003,0.42261615061549995,,,,,
COMMON_DEADLINE,DELAY_1,APR_JUN,mfe_atr,195,-0.14983779558094873,-0.080795126643,0.358974358974359,0.6256410256410256,-0.08764057782689173,-0.15436493058878353,-0.16283282773303648,-0.17006639490884737,-4.040414507772001,0.5106814259283351,,,,,
COMMON_DEADLINE,DELAY_1,APR_JUN,stop_r,195,-0.06669888421835898,-0.010414452708999988,0.4256410256410256,0.5538461538461539,-0.04271323741843313,-0.07565041999659794,-0.08982282781779688,-0.09729512090074212,-2.819289878113,0.40977444762239573,,,,,
COMMON_DEADLINE,DELAY_1,APR_JUN,entry_improvement_price,195,-0.4872307692307487,-0.19,0.441025641025641,0.558974358974359,-0.20636942675154138,-0.5170618556700824,-0.5612499999999739,-0.5976315789473474,-17.08,2.468559311691163,,,,,
COMMON_DEADLINE,DELAY_1,APR_JUN,entry_improvement_points,195,-48.72307692307472,-18.99999999996,0.441025641025641,0.558974358974359,-20.636942675155822,-51.70618556700819,-56.12499999999776,-59.763157894735045,-1707.999999999993,246.85593116911713,,,,,
COMMON_DEADLINE,DELAY_1,APR_JUN,entry_improvement_bps,195,-1.0869484994233796,-0.452952535341,0.441025641025641,0.558974358974359,-0.46105863816600634,-1.1495828607879743,-1.2458985539986407,-1.3252429547245106,-37.11478202671,5.4253886863972305,,,,,
COMMON_DEADLINE,DELAY_3,APR_JUN,gross_executable_bps,195,-0.9750934866145641,-0.473655716463,0.4717948717948718,0.5282051282051282,-0.6376213497181593,-1.08806442988366,-1.2863793355780262,-1.4504088350957842,-47.104475678243006,8.442013141635757,53,-2.044997491239087,0.012966032656306579,-2.2834958463910593,0.23043813932187107
COMMON_DEADLINE,DELAY_3,APR_JUN,mae_bps,195,-0.7213945159947025,-0.7496567035549999,0.4307692307692308,0.5692307692307692,-0.9229528108773121,-0.9483310810408865,-1.1568376990073699,-1.3354635766844105,-21.850783637826,7.14946388968571,,,,,
COMMON_DEADLINE,DELAY_3,APR_JUN,mfe_bps,195,-3.442480585248246,-1.955665662117,0.3230769230769231,0.6717948717948717,-2.5485215378676815,-3.533057139015047,-3.6953850671533335,-3.8355874066301685,-46.968459149332,8.091566794980197,,,,,
COMMON_DEADLINE,DELAY_3,APR_JUN,mae_atr,195,-0.07985987085464102,-0.07724764686800001,0.4307692307692308,0.5692307692307692,-0.07032689985010192,-0.09038442386478866,-0.10486447141077604,-0.11713261754039474,-1.989733718319,0.5642403929695644,,,,,
COMMON_DEADLINE,DELAY_3,APR_JUN,mfe_atr,195,-0.2852002905150615,-0.193771626297,0.3230769230769231,0.6717948717948717,-0.22623841040873885,-0.29308098697305157,-0.30782772121303126,-0.3204196106539,-3.41625317014,0.645308961760103,,,,,
COMMON_DEADLINE,DELAY_3,APR_JUN,stop_r,195,-0.0794414506509795,-0.03341708542700017,0.41025641025641024,0.5846153846153846,-0.07741197030247135,-0.09624374186920619,-0.11609998730384898,-0.1303501925122737,-2.733002536112,0.5949787681856176,,,,,
COMMON_DEADLINE,DELAY_3,APR_JUN,entry_improvement_price,195,-0.437897435897441,-0.21,0.4717948717948718,0.5282051282051282,-0.28808917197451595,-0.4891752577319639,-0.5800000000000052,-0.6558421052631684,-22.129999999999,3.818021859191126,,,,,
COMMON_DEADLINE,DELAY_3,APR_JUN,entry_improvement_points,195,-43.789743589743516,-21.000000000004,0.4717948717948718,0.5282051282051282,-28.808917197451077,-48.91752577319591,-58.00000000000005,-65.58421052631631,-2212.99999999992,381.8021859191165,,,,,
COMMON_DEADLINE,DELAY_3,APR_JUN,entry_improvement_bps,195,-0.9731866373486667,-0.473602309375,0.4717948717948718,0.5282051282051282,-0.6373610220109873,-1.086127359969701,-1.284440146462099,-1.4486177467939632,-47.073187852436,8.43539941166412,,,,,
COMMON_DEADLINE,DELAY_5,APR_JUN,gross_executable_bps,195,-0.9942986403422205,-0.6814324517970001,0.4717948717948718,0.5282051282051282,-0.6981550520642548,-1.0997784154331702,-1.3111187152022292,-1.5193458188399263,-62.611948489968,9.605252086664963,53,-2.125278816398884,0.1882755441756043,-2.3916987883445198,0.45153906863125015
COMMON_DEADLINE,DELAY_5,APR_JUN,mae_bps,195,-1.7809641826855331,-1.088896964381,0.4153846153846154,0.5846153846153846,-1.65382778834093,-1.9307356492238248,-2.1119016263457917,-2.263257137451326,-26.708838437565,7.456507784922556,,,,,
COMMON_DEADLINE,DELAY_5,APR_JUN,mfe_bps,195,-4.904663323225534,-2.842436109905,0.26153846153846155,0.7384615384615385,-3.7719878944581335,-4.971894576015459,-5.099037048470516,-5.224416487556068,-68.017841201168,8.86624971083033,,,,,
COMMON_DEADLINE,DELAY_5,APR_JUN,mae_atr,195,-0.1755452218598359,-0.10339734121099997,0.4153846153846154,0.5846153846153846,-0.1433576358515478,-0.1865877216961701,-0.1999005664586927,-0.21276946745350525,-2.312757201645,0.6498685018360953,,,,,
COMMON_DEADLINE,DELAY_5,APR_JUN,mfe_atr,195,-0.39862018498971796,-0.271763057835,0.26153846153846155,0.7384615384615385,-0.33280747303365604,-0.4050576083507268,-0.4177147418600052,-0.4299631866878842,-4.936817730731001,0.7043666965332803,,,,,
COMMON_DEADLINE,DELAY_5,APR_JUN,stop_r,195,-0.03143330163008206,-0.0371059100140001,0.4461538461538462,0.5538461538461539,-0.06077790617647773,-0.053840579389850526,-0.07986543741909376,-0.10060942437078947,-3.3529606351309997,0.7514408672323329,,,,,
COMMON_DEADLINE,DELAY_5,APR_JUN,entry_improvement_price,195,-0.43523076923077947,-0.31,0.4717948717948718,0.5282051282051282,-0.3107006369426943,-0.4838659793814536,-0.5805729166666771,-0.6739473684210632,-29.37,4.375907602244166,,,,,
COMMON_DEADLINE,DELAY_5,APR_JUN,entry_improvement_points,195,-43.523076923076836,-30.999999999995,0.4717948717948718,0.5282051282051282,-31.070063694267905,-48.38659793814425,-58.05729166666677,-67.39473684210533,-2936.999999999989,437.5907602244164,,,,,
COMMON_DEADLINE,DELAY_5,APR_JUN,entry_improvement_bps,195,-0.9928956326516462,-0.681468735492,0.4717948717948718,0.5282051282051282,-0.6977869214237006,-1.0983344486882216,-1.3096955486936146,-1.5179224446839157,-62.473543932493,9.599645152460054,,,,,
COMMON_DEADLINE,DELAY_1,2026.01,gross_executable_bps,39,-1.321363046251103,-0.11334342179999979,0.48717948717948717,0.5128205128205128,-0.33009368844003073,-1.8702736165555003,-2.696407076680723,-3.2831223335740303,-38.928051906574005,10.137361485656983,13,-5.0826207639174115,1.0845263188793497,-6.224654940391801,1.5086542547697666
COMMON_DEADLINE,DELAY_1,2026.01,mae_bps,39,-1.0058845006497692,-0.5635235980660003,0.4358974358974359,0.5641025641025641,-0.5513606372425454,-1.2716187557840526,-1.7759483830856388,-2.2291246486825,-19.660177175959,5.653889963955934,,,,,
COMMON_DEADLINE,DELAY_1,2026.01,mfe_bps,39,-1.6072240233150004,-0.28336377489199993,0.46153846153846156,0.5128205128205128,-0.505466253858606,-2.1627355112446054,-2.8534989691847503,-3.4400541350650005,-38.926010021343004,9.896198991496325,,,,,
COMMON_DEADLINE,DELAY_1,2026.01,mae_atr,39,-0.03975354014871796,-0.031901426280000034,0.4358974358974359,0.5641025641025641,-0.033093559116424254,-0.057056020485815796,-0.08760308387372223,-0.11695680005579413,-0.8108108108109999,0.31743850942421026,,,,,
COMMON_DEADLINE,DELAY_1,2026.01,mfe_atr,39,-0.0627477909353077,-0.024429530201000027,0.46153846153846156,0.5128205128205128,-0.043337704558363666,-0.08573617519178948,-0.12439598958666667,-0.1547334444817059,-1.8917014238459995,0.44851903220064016,,,,,
COMMON_DEADLINE,DELAY_1,2026.01,stop_r,39,0.0076640221520512955,0.016153846154000062,0.5641025641025641,0.4358974358974359,0.008407282789121227,-0.034062969804210516,-0.09288311192822221,-0.1173211684107941,-1.613678652251,0.5448830852171437,,,,,
COMMON_DEADLINE,DELAY_1,2026.01,entry_improvement_price,39,-0.6671794871794359,-0.05,0.48717948717948717,0.5128205128205128,-0.1678787878787273,-0.9457894736841579,-1.3544444444443888,-1.6391176470587943,-18.79,5.019476251100082,,,,,
COMMON_DEADLINE,DELAY_1,2026.01,entry_improvement_points,39,-66.71794871794512,-5.000000000018,0.48717948717948717,0.5128205128205128,-16.78787878787585,-94.57894736841756,-135.44444444444244,-163.91176470588096,-1878.999999999996,501.94762511000926,,,,,
COMMON_DEADLINE,DELAY_1,2026.01,entry_improvement_bps,39,-1.329092997829795,-0.11315596513,0.48717948717948717,0.5128205128205128,-0.33020018626363634,-1.879357132231421,-2.7066016730743887,-3.293882710918941,-39.098345134971,10.168829544370896,,,,,
COMMON_DEADLINE,DELAY_3,2026.01,gross_executable_bps,39,-3.050338331806718,0.4074198485530012,0.5897435897435898,0.41025641025641024,-1.206477416055576,-4.033842072936264,-5.791668686837278,-6.690175675860471,-84.74922735871999,19.91395995309479,13,-8.416062122175637,0.9427398888964698,-10.034121491275481,1.8127005900201925
COMMON_DEADLINE,DELAY_3,2026.01,mae_bps,39,-1.0043746657535126,-1.6012148641799997,0.358974358974359,0.6410256410256411,-1.0250764009127877,-2.223796256053158,-3.551951645755611,-4.4179686046521764,-34.440410272706,13.75900873679124,,,,,
COMMON_DEADLINE,DELAY_3,2026.01,mfe_bps,39,-3.9966106721230257,-0.00010858608199992847,0.48717948717948717,0.5128205128205128,-2.166959170180727,-4.950195074137816,-6.660946007483556,-7.529027650098882,-84.412816659497,19.56290094021654,,,,,
COMMON_DEADLINE,DELAY_3,2026.01,mae_atr,39,-0.036848888235871784,-0.11432160804000002,0.358974358974359,0.6410256410256411,-0.08460663702381817,-0.07493623531023684,-0.14333833134930554,-0.1933442604780588,-0.8258877434130001,0.5241617030561627,,,,,
COMMON_DEADLINE,DELAY_3,2026.01,mfe_atr,39,-0.20434209004987178,0.0,0.48717948717948717,0.48717948717948717,-0.1405641810411515,-0.22951760764102627,-0.2808854644634444,-0.32097723226520586,-2.8642312670789996,0.687514793802709,,,,,
COMMON_DEADLINE,DELAY_3,2026.01,stop_r,39,-0.1118367507562564,0.022901283654000015,0.5897435897435898,0.41025641025641024,-0.03038600377336361,-0.15768308268094736,-0.20585496737711112,-0.2459600261267059,-4.198590536459,0.8360016517107272,,,,,
COMMON_DEADLINE,DELAY_3,2026.01,entry_improvement_price,39,-1.4625641025642564,0.18,0.5897435897435898,0.41025641025641024,-0.6409090909092727,-1.9813157894738422,-2.8777777777779447,-3.314117647059,-42.57,9.948294674795884,,,,,
COMMON_DEADLINE,DELAY_3,2026.01,entry_improvement_points,39,-146.25641025641949,18.000000000029,0.5897435897435898,0.41025641025641024,-64.09090909092177,-198.1315789473779,-287.7777777777889,-331.4117647058939,-4256.999999999971,994.8294674795857,,,,,
COMMON_DEADLINE,DELAY_3,2026.01,entry_improvement_bps,39,-3.044864728215384,0.406919438994,0.5897435897435898,0.41025641025641024,-1.2060269142397575,-4.030003870833474,-5.7911935733532225,-6.69180122230997,-84.578903553823,19.919527803008226,,,,,
COMMON_DEADLINE,DELAY_5,2026.01,gross_executable_bps,39,-2.9894211333454104,0.2615847653160017,0.5641025641025641,0.4358974358974359,-0.4830604889223034,-4.313160931461553,-6.20658904521439,-7.328710215921618,-95.079970880113,23.8713943818018,13,-9.393709035931149,1.8439044264849556,-11.147211720174065,2.755819412712526
COMMON_DEADLINE,DELAY_5,2026.01,mae_bps,39,-3.4366538590896405,-1.6678978325899996,0.3076923076923077,0.6923076923076923,-2.6823066279841212,-4.992718629597737,-6.016865109048862,-7.079897854460588,-50.498287008448,16.524891771612864,,,,,
COMMON_DEADLINE,DELAY_5,2026.01,mfe_bps,39,-5.1088831092704625,-0.8304685841760001,0.38461538461538464,0.6153846153846154,-2.7283261428588785,-6.4861660757681845,-8.34512614664625,-9.584018863986442,-94.702552460114,23.687717206480777,,,,,
COMMON_DEADLINE,DELAY_5,2026.01,mae_atr,39,-0.22023710526828205,-0.20398251578500004,0.3076923076923077,0.6923076923076923,-0.21233596324975756,-0.2492310310186579,-0.3081133792986944,-0.3634426753343529,-1.5712128837439998,0.5955879529906989,,,,,
COMMON_DEADLINE,DELAY_5,2026.01,mfe_atr,39,-0.2467391405149744,-0.08268456375800004,0.38461538461538464,0.6153846153846154,-0.1929262405045455,-0.293776515101579,-0.37203304379641666,-0.4412002529222353,-3.2387458650939998,0.8930927900536759,,,,,
COMMON_DEADLINE,DELAY_5,2026.01,stop_r,39,-0.0019695798130769083,0.00879396985,0.5641025641025641,0.4358974358974359,0.011091811687727283,-0.06041500430589473,-0.14249727964324999,-0.1963173828639706,-2.5909966920759997,0.8280474999869321,,,,,
COMMON_DEADLINE,DELAY_5,2026.01,entry_improvement_price,39,-1.4582051282050512,0.12,0.5641025641025641,0.4358974358974359,-0.3484848484847575,-2.1305263157893948,-3.11583333333325,-3.635294117647,-47.71,11.830209072271634,,,,,
COMMON_DEADLINE,DELAY_5,2026.01,entry_improvement_points,39,-145.8205128205125,11.999999999989,0.5641025641025641,0.4358974358974359,-34.84848484848487,-213.05263157894746,-311.58333333333354,-363.52941176470694,-4771.000000000004,1183.0209072271623,,,,,
COMMON_DEADLINE,DELAY_5,2026.01,entry_improvement_bps,39,-2.9770711765582822,0.261804091998,0.5641025641025641,0.4358974358974359,-0.4852338381235151,-4.306754669946658,-6.202343704711306,-7.325440063416676,-94.791155474582,23.869288260589204,,,,,
COMMON_DEADLINE,DELAY_1,2026.02,gross_executable_bps,47,-1.5359163385750423,-0.5974107032679994,0.44680851063829785,0.5531914893617021,-1.0076062931305643,-1.9591882645255865,-2.733949584071886,-3.3865559893256187,-31.076877017065982,9.730887307913846,9,-3.7403525488789993,1.2870609507784134,-4.219042212905488,2.17501282856275
COMMON_DEADLINE,DELAY_1,2026.02,mae_bps,47,-0.15193268452231903,0.4836009441769997,0.5319148936170213,0.46808510638297873,0.06872218623497443,-0.5659137723288694,-1.142990611702477,-1.711058036246,-21.092042589924997,7.546793120207549,,,,,
COMMON_DEADLINE,DELAY_1,2026.02,mfe_bps,47,-2.3763610196076814,-0.8614091123909997,0.40425531914893614,0.5957446808510638,-2.0282624954192308,-2.817581194271196,-3.6298290384417053,-4.253282896782929,-30.94437799634599,9.561157539387466,,,,,
COMMON_DEADLINE,DELAY_1,2026.02,mae_atr,47,0.024135857097489354,0.025530694205999988,0.5319148936170213,0.46808510638297873,-1.572344802563696e-05,0.002216338510021735,-0.038181237545659094,-0.07318316448316667,-0.78013029316,0.3994031720764051,,,,,
COMMON_DEADLINE,DELAY_1,2026.02,mfe_atr,47,-0.15782813501561702,-0.07922095012499997,0.40425531914893614,0.5957446808510638,-0.10431106565384614,-0.17548407537976088,-0.20510057085879546,-0.23297066862783333,-2.0437676666360005,0.4973312718126714,,,,,
COMMON_DEADLINE,DELAY_1,2026.02,stop_r,47,-0.08493041569655317,-0.032003657561000015,0.44680851063829785,0.5531914893617021,-0.050583524208897425,-0.1003442124405652,-0.1262345565994545,-0.15038206215788094,-1.6350141333089994,0.4133700180716763,,,,,
COMMON_DEADLINE,DELAY_1,2026.02,entry_improvement_price,47,-0.7791489361702129,-0.3,0.44680851063829785,0.5531914893617021,-0.5061538461538718,-0.9854347826086958,-1.3593181818181819,-1.6785714285714526,-16.01,4.803223025621225,,,,,
COMMON_DEADLINE,DELAY_1,2026.02,entry_improvement_points,47,-77.914893617023,-30.000000000018,0.44680851063829785,0.5531914893617021,-50.61538461538877,-98.54347826087141,-135.9318181818212,-167.85714285714724,-1601.000000000022,480.32230256212296,,,,,
COMMON_DEADLINE,DELAY_1,2026.02,entry_improvement_bps,47,-1.5528157949117873,-0.597126626673,0.44680851063829785,0.5531914893617021,-1.0060998552595386,-1.9784965265351522,-2.755939282025341,-3.4102914297221902,-31.702216977023,9.799055152075699,,,,,
COMMON_DEADLINE,DELAY_3,2026.02,gross_executable_bps,47,-4.970353722620957,-2.8960987548600006,0.3191489361702128,0.6808510638297872,-3.006781955659615,-5.827690760831,-7.0233182783491594,-7.787324452552737,-80.68987558563498,17.574694685970364,9,-10.273320171989402,-0.5861449902907843,-11.814047134822,0.019863885230048416
COMMON_DEADLINE,DELAY_3,2026.02,mae_bps,47,0.233851797113532,1.885731006045999,0.5957446808510638,0.40425531914893614,0.7180249241491027,-0.3557522702825868,-1.0525862300968407,-1.6404537773294285,-34.569739119428,9.767091856588527,,,,,
COMMON_DEADLINE,DELAY_3,2026.02,mfe_bps,47,-6.644610811818936,-4.401929012192,0.2553191489361702,0.7446808510638298,-4.889336855985128,-7.424513484159934,-8.692296786135113,-9.434957061993476,-80.34584714637998,17.025507285044405,,,,,
COMMON_DEADLINE,DELAY_3,2026.02,mae_atr,47,0.0012259675385957334,0.130547129536,0.5957446808510638,0.40425531914893614,0.020421574653076917,-0.019246186987891316,-0.050977917427340924,-0.0788070652094524,-1.0233990877310002,0.4525962429074878,,,,,
COMMON_DEADLINE,DELAY_3,2026.02,mfe_atr,47,-0.34002840378951066,-0.30956678700399987,0.2553191489361702,0.7446808510638298,-0.2748916176164615,-0.3696681318660652,-0.42409628274022726,-0.4721689793436905,-5.279839518555001,0.89154260407603,,,,,
COMMON_DEADLINE,DELAY_3,2026.02,stop_r,47,-0.1989308695077021,-0.1578881901739999,0.3191489361702128,0.6808510638297872,-0.1402123235125641,-0.24303591243815217,-0.28665811441304545,-0.32812156374057144,-4.2238716148440005,0.8234276980192932,,,,,
COMMON_DEADLINE,DELAY_3,2026.02,entry_improvement_price,47,-2.436170212765979,-1.49,0.3191489361702128,0.6808510638297872,-1.4743589743590513,-2.8519565217391745,-3.445909090909136,-3.8297619047619764,-41.36,8.731114165963842,,,,,
COMMON_DEADLINE,DELAY_3,2026.02,entry_improvement_points,47,-243.61702127659382,-148.999999999978,0.3191489361702128,0.6808510638297872,-147.4358974358998,-285.19565217391215,-344.59090909090884,-382.9761904761914,-4135.999999999967,873.1114165963777,,,,,
COMMON_DEADLINE,DELAY_3,2026.02,entry_improvement_bps,47,-4.996275291621639,-2.893748919699,0.3191489361702128,0.6808510638297872,-3.011492890030564,-5.856323841866782,-7.057696703629954,-7.823345950279048,-81.899043983113,17.706824195942467,,,,,
COMMON_DEADLINE,DELAY_5,2026.02,gross_executable_bps,47,-7.159256681513361,-1.2367197362229998,0.3829787234042553,0.6170212765957447,-2.696781566282795,-8.026143188669,-9.10780485808234,-10.138980472768523,-195.38916657460197,31.28680782541705,9,-14.920680781376747,0.5278309104406959,-16.596182719911464,1.4715078933860801
COMMON_DEADLINE,DELAY_5,2026.02,mae_bps,47,-0.8553300397994894,0.060171928966999744,0.5106382978723404,0.48936170212765956,-0.9484107902313332,-1.521688915948826,-2.666856466112682,-3.4003707578260713,-35.581047319867004,11.454861595927552,,,,,
COMMON_DEADLINE,DELAY_5,2026.02,mfe_bps,47,-10.757198622485936,-5.437853774498,0.2553191489361702,0.7446808510638298,-6.333701727346231,-11.588511803806934,-12.831777477917614,-13.705924991670429,-194.556107537936,30.63963702652951,,,,,
COMMON_DEADLINE,DELAY_5,2026.02,mae_atr,47,-0.06263905502261703,0.005527043032000023,0.5106382978723404,0.48936170212765956,-0.09166297966471795,-0.10493384951763045,-0.1639983898675,-0.2050501647614762,-1.200698080279,0.6256065925694502,,,,,
COMMON_DEADLINE,DELAY_5,2026.02,mfe_atr,47,-0.5696582693815319,-0.313199105145,0.2553191489361702,0.7446808510638298,-0.3362573910425385,-0.6029086748886087,-0.65659700659275,-0.7086384808290952,-12.637913741222999,1.8696827680428518,,,,,
COMMON_DEADLINE,DELAY_5,2026.02,stop_r,47,-0.32089836728202126,-0.084369114878,0.3829787234042553,0.6170212765957447,-0.08512663393061537,-0.3679786249312826,-0.4224165698998636,-0.47310580913223804,-12.855439044406,1.949885244373436,,,,,
COMMON_DEADLINE,DELAY_5,2026.02,entry_improvement_price,47,-3.5368085106383194,-0.64,0.3829787234042553,0.6170212765957447,-1.3128205128205384,-3.958043478260891,-4.496590909090932,-5.019761904761928,-99.0,15.748191215167896,,,,,
COMMON_DEADLINE,DELAY_5,2026.02,entry_improvement_points,47,-353.68085106383467,-64.000000000033,0.3829787234042553,0.6170212765957447,-131.2820512820579,-395.80434782609234,-449.65909090909594,-501.9761904761969,-9900.0,1574.8191215167897,,,,,
COMMON_DEADLINE,DELAY_5,2026.02,entry_improvement_bps,47,-7.180834257532999,-1.236815355063,0.3829787234042553,0.6170212765957447,-2.6976752996435382,-8.050103670080935,-9.135496254376635,-10.168397964212595,-196.03494570426,31.385582970306814,,,,,
COMMON_DEADLINE,DELAY_1,2026.03,gross_executable_bps,61,0.6385138856911475,1.1292453354929997,0.5573770491803278,0.4426229508196721,0.4833639959906327,0.2758806119378834,-0.21754218854074137,-0.5973257555015714,-16.985482789308,6.629787222738352,18,-1.0611231709109386,2.5198076578635,-1.4447630559255897,2.926983276132915
COMMON_DEADLINE,DELAY_1,2026.03,mae_bps,61,-1.1790781493273768,-1.1296677315549992,0.4098360655737705,0.5901639344262295,-0.9195893691430201,-1.4827533102322663,-1.881385186161517,-2.186020832459714,-22.414739204278,6.326820777916183,,,,,
COMMON_DEADLINE,DELAY_1,2026.03,mfe_bps,61,-0.6794565974036556,0.2512349054340002,0.5081967213114754,0.4918032786885246,-0.381227014166755,-0.9037172744482332,-1.2864005051639826,-1.5853165991516607,-16.95223897214,5.939293535845814,,,,,
COMMON_DEADLINE,DELAY_1,2026.03,mae_atr,61,-0.06206339018208196,-0.045330853226,0.4098360655737705,0.5901639344262295,-0.04769627134991836,-0.07421846719705,-0.09421839763551723,-0.1116213601527857,-1.02675231171,0.33067185942872995,,,,,
COMMON_DEADLINE,DELAY_1,2026.03,mfe_atr,61,-0.03261617723219674,0.012749233129,0.5081967213114754,0.4918032786885246,-0.026296372578510224,-0.04215250976890002,-0.06192214144756898,-0.07906343343667858,-0.8331947139819998,0.31154357433212726,,,,,
COMMON_DEADLINE,DELAY_1,2026.03,stop_r,61,0.055999914690770494,0.016148300721000042,0.5245901639344263,0.4426229508196721,0.010645409724734696,0.005840074722016674,-0.024558568789724133,-0.04213258640078571,-1.020155038759,0.5005684483711496,,,,,
COMMON_DEADLINE,DELAY_1,2026.03,entry_improvement_price,61,0.2922950819672131,0.5,0.5573770491803278,0.4426229508196721,0.23693877551018366,0.12400000000001667,-0.11362068965517243,-0.28232142857142856,-7.79,3.165525440029766,,,,,
COMMON_DEADLINE,DELAY_1,2026.03,entry_improvement_points,61,29.229508196719756,50.0,0.5573770491803278,0.4426229508196721,23.69387755101423,12.399999999999384,-11.362068965518999,-28.232142857145142,-778.999999999996,316.5525440029739,,,,,
COMMON_DEADLINE,DELAY_1,2026.03,entry_improvement_bps,61,0.6396174496804918,1.128016315628,0.5573770491803278,0.4426229508196721,0.4825554089277756,0.27678957674025,-0.21723280889751725,-0.5965946097855535,-16.958044622079,6.628318222910598,,,,,
COMMON_DEADLINE,DELAY_3,2026.03,gross_executable_bps,61,1.9194905751276885,0.568889585918,0.5737704918032787,0.4262295081967213,1.4299153695305307,1.34374262964065,0.45393428239889666,-0.2336168558438572,-23.202655084426,11.495201849629835,18,-0.0028943250769998337,3.9928855862666333,-0.4204613279335666,4.49087903674749
COMMON_DEADLINE,DELAY_3,2026.03,mae_bps,61,-4.09508322258559,-3.134073642512,0.32786885245901637,0.6721311475409836,-3.4001792533484894,-4.432258414082133,-5.092217265602259,-5.71710232141716,-36.500898672771,10.94768661163144,,,,,
COMMON_DEADLINE,DELAY_3,2026.03,mfe_bps,61,-1.5730799718848525,-0.058722134818999905,0.4918032786885246,0.5081967213114754,-1.166815954021102,-1.94902922985475,-2.460773466512379,-2.8629628831195895,-23.577723810802002,8.353448368190255,,,,,
COMMON_DEADLINE,DELAY_3,2026.03,mae_atr,61,-0.22252944549560655,-0.18258034466599998,0.32786885245901637,0.6721311475409836,-0.21840034319479593,-0.24193614101004998,-0.2775403152597241,-0.3101093174134822,-1.702829137893,0.5635947272521299,,,,,
COMMON_DEADLINE,DELAY_3,2026.03,mfe_atr,61,-0.09638088389798362,-0.005102837801999938,0.4918032786885246,0.5081967213114754,-0.06269266648038777,-0.11309178915698334,-0.1422469736504138,-0.1659898095080357,-1.487203206907,0.4899750569969148,,,,,
COMMON_DEADLINE,DELAY_3,2026.03,stop_r,61,0.09693778481885246,0.018798586573000008,0.5409836065573771,0.45901639344262296,0.05389945630226531,0.04840205230548334,-0.001524759278896546,-0.036755901857910715,-1.287356321839,0.6506087647499552,,,,,
COMMON_DEADLINE,DELAY_3,2026.03,entry_improvement_price,61,0.9293442622949999,0.29,0.5737704918032787,0.4262295081967213,0.6655102040815715,0.65933333333325,0.22844827586199995,-0.10892857142864289,-11.3,5.536655689990884,,,,,
COMMON_DEADLINE,DELAY_3,2026.03,entry_improvement_points,61,92.93442622950157,28.999999999996,0.5737704918032787,0.4262295081967213,66.55102040815889,65.9333333333264,22.844827586200612,-10.892857142862669,-1130.000000000018,553.6655689990854,,,,,
COMMON_DEADLINE,DELAY_3,2026.03,entry_improvement_bps,61,1.9178758454400326,0.568882890553,0.5737704918032787,0.4262295081967213,1.429545731464796,1.3423219001964166,0.45204841103481025,-0.23362613141814295,-23.167696096419,11.491101887368181,,,,,
COMMON_DEADLINE,DELAY_5,2026.03,gross_executable_bps,61,2.117641224644377,1.320106389955,0.5409836065573771,0.45901639344262296,1.0488866459857145,1.4602132364443832,0.4522147202598449,-0.4763375612012143,-19.764176724789,12.519606151963512,18,-0.3960425135565968,4.600561487616581,-0.8753883376301538,5.162534970194445
COMMON_DEADLINE,DELAY_5,2026.03,mae_bps,61,-5.792163920703147,-3.3408272809719994,0.29508196721311475,0.7049180327868853,-4.718544577270694,-6.114075720042383,-6.715432794228828,-7.209993220269375,-41.604960207301005,10.70709955189707,,,,,
COMMON_DEADLINE,DELAY_5,2026.03,mfe_bps,61,-3.749534561416836,-1.7248597635300005,0.32786885245901637,0.6721311475409836,-3.169058034125469,-4.10066434408365,-4.5032203434228615,-4.902338017116732,-33.513602896275,8.59324815968166,,,,,
COMMON_DEADLINE,DELAY_5,2026.03,mae_atr,61,-0.31875020052209835,-0.253558664971,0.29508196721311475,0.7049180327868853,-0.29507217845936734,-0.33817013282104996,-0.37210031866972415,-0.400900302561875,-1.941932130393,0.5362297383094942,,,,,
COMMON_DEADLINE,DELAY_5,2026.03,mfe_atr,61,-0.22628972938918032,-0.09440698135599998,0.32786885245901637,0.6721311475409836,-0.18688304883989798,-0.24365300128318335,-0.27121747581560346,-0.29793402442003575,-1.93747714808,0.5373788544218943,,,,,
COMMON_DEADLINE,DELAY_5,2026.03,stop_r,61,0.1003440099077869,0.05462759365099999,0.5409836065573771,0.4426229508196721,0.06554213836697959,0.06933561626195,0.01884388022282759,-0.020539451767642856,-1.312468007313,0.5899207791151305,,,,,
COMMON_DEADLINE,DELAY_5,2026.03,entry_improvement_price,61,1.0052459016393114,0.67,0.5409836065573771,0.45901639344262296,0.5099999999999796,0.7106666666666333,0.23275862068963793,-0.23035714285716072,-8.93,6.020360622243276,,,,,
COMMON_DEADLINE,DELAY_5,2026.03,entry_improvement_points,61,100.5245901639309,67.000000000007,0.5409836065573771,0.45901639344262296,50.999999999997634,71.06666666666258,23.27586206896231,-23.035714285716946,-893.000000000029,602.0360622243302,,,,,
COMMON_DEADLINE,DELAY_5,2026.03,entry_improvement_bps,61,2.114980629043377,1.320226846037,0.5409836065573771,0.45901639344262296,1.0489473330188164,1.4574069620530168,0.44925489294618964,-0.4768086933645179,-19.741176158496,12.514588132535422,,,,,
COMMON_DEADLINE,DELAY_1,2026.04,gross_executable_bps,66,-1.8545306774380907,-0.607052674125999,0.4090909090909091,0.5909090909090909,-0.8120545217752407,-2.053265979500477,-2.289306994211111,-2.515098970083246,-37.241227086158,7.001095390888901,18,-4.036287856380927,-0.06656425523808915,-4.609547668137889,0.17642531930151512
COMMON_DEADLINE,DELAY_1,2026.04,mae_bps,66,1.5530583721927578,0.19123686396950035,0.5606060606060606,0.4393939393939394,0.4642149199356481,1.0023021847829694,0.3603779673239048,-0.03185550238003278,-11.074338318007001,7.050292879474255,,,,,
COMMON_DEADLINE,DELAY_1,2026.04,mfe_bps,66,-3.2690333072532276,-1.1700161755395002,0.3333333333333333,0.6666666666666666,-1.5437063192375187,-3.399796316014631,-3.6377855757658732,-3.8592304942979183,-38.501973188873,8.342606750763801,,,,,
COMMON_DEADLINE,DELAY_1,2026.04,mae_atr,66,0.10560773942662122,0.02227287949950002,0.5606060606060606,0.4393939393939394,0.044169310469333346,0.06408115197153846,0.020036056162603174,-0.010956350562557372,-1.4540466392310003,0.5695064931769142,,,,,
COMMON_DEADLINE,DELAY_1,2026.04,mfe_atr,66,-0.262852228802,-0.09365528458699998,0.3333333333333333,0.6515151515151515,-0.12757430800703706,-0.27474611800627696,-0.295027640338,-0.315535304031623,-4.040414507772001,0.7112592007349029,,,,,
COMMON_DEADLINE,DELAY_1,2026.04,stop_r,66,-0.07013827712692426,-0.00464885819650003,0.4393939393939394,0.5454545454545454,-0.05492313695625928,-0.09336779710213847,-0.10573201798353969,-0.11786634256837707,-1.115875938253,0.33829701752487285,,,,,
COMMON_DEADLINE,DELAY_1,2026.04,entry_improvement_price,66,-0.8628787878787727,-0.28500000000000003,0.4090909090909091,0.5909090909090909,-0.3859259259258704,-0.9576923076922923,-1.0684126984126825,-1.1734426229507868,-17.08,3.245227864538028,,,,,
COMMON_DEADLINE,DELAY_1,2026.04,entry_improvement_points,66,-86.28787878787992,-28.499999999985498,0.4090909090909091,0.5909090909090909,-38.5925925925912,-95.7692307692322,-106.84126984127195,-117.34426229508337,-1707.999999999993,324.52278645380534,,,,,
COMMON_DEADLINE,DELAY_1,2026.04,entry_improvement_bps,66,-1.8505516764722425,-0.6057833047385,0.4090909090909091,0.5909090909090909,-0.8120128941607407,-2.0492388961919383,-2.285114670269365,-2.510748028657656,-37.11478202671,6.98694002466138,,,,,
COMMON_DEADLINE,DELAY_3,2026.04,gross_executable_bps,66,-1.1333577715007275,0.6355288501934997,0.5454545454545454,0.45454545454545453,-0.2469503786290927,-1.4498150343954155,-1.910784376367111,-2.3279430084641803,-47.104475678243006,10.164997544083775,18,-2.9830923432926775,0.7147728763198143,-3.415836321898829,1.1006553232426326
COMMON_DEADLINE,DELAY_3,2026.04,mae_bps,66,0.0678816083894698,-1.0209690261585003,0.4090909090909091,0.5909090909090909,-0.3932798932629629,-0.5972940453732307,-1.0403064525502381,-1.4541530897834753,-19.566163667424,8.456937582075692,,,,,
COMMON_DEADLINE,DELAY_3,2026.04,mfe_bps,66,-4.8929027660232425,-1.907022948133,0.36363636363636365,0.6363636363636364,-2.952420480867611,-5.121280321645216,-5.4895186548418895,-5.83307182276082,-46.968459149332,10.561796352202695,,,,,
COMMON_DEADLINE,DELAY_3,2026.04,mae_atr,66,-0.03041784070690909,-0.08492549873199998,0.4090909090909091,0.5909090909090909,-0.040869820086444436,-0.061068936919538463,-0.09962833229536508,-0.13043360466713114,-1.3936899862820002,0.6134411495002183,,,,,
COMMON_DEADLINE,DELAY_3,2026.04,mfe_atr,66,-0.40438079334484844,-0.20583199349800002,0.36363636363636365,0.6363636363636364,-0.27473739606370373,-0.4228703082136923,-0.4544824981219206,-0.48290371342588523,-3.41625317014,0.8204631490916708,,,,,
COMMON_DEADLINE,DELAY_3,2026.04,stop_r,66,-0.10410216284721213,-0.00880937064350018,0.42424242424242425,0.5606060606060606,-0.062252519804314836,-0.13031485753240002,-0.15785404900534922,-0.18218438817360658,-2.733002536112,0.5730479593034706,,,,,
COMMON_DEADLINE,DELAY_3,2026.04,entry_improvement_price,66,-0.5349999999999848,0.29,0.5454545454545454,0.45454545454545453,-0.12148148148142593,-0.682307692307677,-0.8958730158730158,-1.0934426229508032,-22.129999999999,4.742354251440276,,,,,
COMMON_DEADLINE,DELAY_3,2026.04,entry_improvement_points,66,-53.49999999999784,28.999999999996,0.5454545454545454,0.45454545454545453,-12.148148148143832,-68.23076923076698,-89.58730158730094,-109.34426229508016,-2212.99999999992,474.23542514402885,,,,,
COMMON_DEADLINE,DELAY_3,2026.04,entry_improvement_bps,66,-1.1285794414074242,0.6353212626255,0.5454545454545454,0.45454545454545453,-0.2466026876737222,-1.4452595829312924,-1.9063187600635556,-2.323016190376049,-47.073187852436,10.150523336624476,,,,,
COMMON_DEADLINE,DELAY_5,2026.04,gross_executable_bps,66,0.05212903219353029,0.31586192366599997,0.5454545454545454,0.45454545454545453,0.8571805800751298,-0.19133865930687693,-0.6635666443669842,-1.1080427079871638,-62.611948489968,10.690401274695379,18,-1.5344090188637942,1.6491374603134668,-1.8625224223326362,1.9681933762284844
COMMON_DEADLINE,DELAY_5,2026.04,mae_bps,66,-1.5452630692316667,-1.0140061210464997,0.3939393939393939,0.6060606060606061,-1.851764445704963,-1.9886471214620463,-2.4650576162950792,-2.861732343897574,-17.60251417806,7.856118040609467,,,,,
COMMON_DEADLINE,DELAY_5,2026.04,mfe_bps,66,-5.783325379522818,-2.592562967402,0.25757575757575757,0.7424242424242424,-3.8281361866375367,-5.982512120322693,-6.373233062651461,-6.752043634361705,-68.017841201168,11.704440251798589,,,,,
COMMON_DEADLINE,DELAY_5,2026.04,mae_atr,66,-0.18649257797943938,-0.08633354772300003,0.3939393939393939,0.6060606060606061,-0.17780753748501854,-0.21961861373895386,-0.26020326625373014,-0.29425043652403277,-2.312757201645,0.7136806754078517,,,,,
COMMON_DEADLINE,DELAY_5,2026.04,mfe_atr,66,-0.4659334914890455,-0.25390293203750003,0.25757575757575757,0.7424242424242424,-0.35245429892898145,-0.48538406688833846,-0.5215613455746984,-0.5582499626767049,-4.936817730731001,0.9098662398473963,,,,,
COMMON_DEADLINE,DELAY_5,2026.04,stop_r,66,0.0668966723109697,0.0014476003309998875,0.5151515151515151,0.48484848484848486,0.026995210641907394,0.0015323352116769211,-0.061803596923857146,-0.10180755346180327,-3.3529606351309997,0.9058336587793011,,,,,
COMMON_DEADLINE,DELAY_5,2026.04,entry_improvement_price,66,0.021666666666636362,0.1499999999995,0.5454545454545454,0.45454545454545453,0.39481481481477776,-0.09507692307695385,-0.31825396825400004,-0.5260655737705245,-29.37,5.020286716707384,,,,,
COMMON_DEADLINE,DELAY_5,2026.04,entry_improvement_points,66,2.166666666665769,14.9999999999635,0.5454545454545454,0.45454545454545453,39.48148148147929,-9.507692307692711,-31.82539682539851,-52.60655737705087,-2936.999999999989,502.0286716707354,,,,,
COMMON_DEADLINE,DELAY_5,2026.04,entry_improvement_bps,66,0.05689400287386361,0.3158494844285,0.5454545454545454,0.45454545454545453,0.8581242538541111,-0.18663690209320002,-0.6593561222810159,-1.1039834129516066,-62.473543932493,10.676850600874724,,,,,
COMMON_DEADLINE,DELAY_1,2026.05,gross_executable_bps,66,-0.6433350393233335,-0.3634722481225012,0.48484848484848486,0.5151515151515151,-0.13114210736024084,-0.7808040930980001,-1.0327986636647144,-1.2314369378417214,-18.50048091886,4.925493413838171,16,-1.7364561014482374,0.3675680104711845,-1.9866880211554492,0.5916813923324998
COMMON_DEADLINE,DELAY_1,2026.05,mae_bps,66,-0.14632907022287872,-0.29756773100599965,0.42424242424242425,0.5757575757575758,-0.377546413096,-0.42289877458219993,-0.7098840111472697,-0.9373022457128524,-9.720738706419999,4.19181594560634,,,,,
COMMON_DEADLINE,DELAY_1,2026.05,mfe_bps,66,-1.332558139842879,-0.8051456435874997,0.36363636363636365,0.6363636363636364,-0.8346932850377038,-1.4804813776647079,-1.707792838273524,-1.8830219706693443,-18.494736702119,4.526783063527664,,,,,
COMMON_DEADLINE,DELAY_1,2026.05,mae_atr,66,-0.0036573737004090955,-0.036988254941999865,0.42424242424242425,0.5757575757575758,-0.023349811866722227,-0.025045155002538465,-0.05402700844204762,-0.06918373219811476,-0.783534605896,0.35373077439238215,,,,,
COMMON_DEADLINE,DELAY_1,2026.05,mfe_atr,66,-0.12810105862751517,-0.07940839642099999,0.36363636363636365,0.6212121212121212,-0.077002814910963,-0.14042654295189233,-0.15743854165769844,-0.17310483785598363,-1.998233527645,0.40770355120519947,,,,,
COMMON_DEADLINE,DELAY_1,2026.05,stop_r,66,-0.10397837492924243,-0.016947268283000305,0.42424242424242425,0.5454545454545454,-0.033188559978222225,-0.11637259134598461,-0.1355078523766984,-0.1503232289472623,-2.819289878113,0.5067582698399129,,,,,
COMMON_DEADLINE,DELAY_1,2026.05,entry_improvement_price,66,-0.2866666666666666,-0.16499999999999998,0.48484848484848486,0.5151515151515151,-0.05907407407403703,-0.3509230769230769,-0.46634920634919047,-0.555245901639328,-8.36,2.233621642316775,,,,,
COMMON_DEADLINE,DELAY_1,2026.05,entry_improvement_points,66,-28.666666666666774,-16.4999999999965,0.48484848484848486,0.5151515151515151,-5.907407407406648,-35.09230769230831,-46.63492063492081,-55.52459016393425,-835.999999999967,223.36216423167357,,,,,
COMMON_DEADLINE,DELAY_1,2026.05,entry_improvement_bps,66,-0.6440982186746212,-0.3638885851915,0.48484848484848486,0.5151515151515151,-0.13135937669235187,-0.7817285342894615,-1.0335301325990478,-1.2321472344914919,-18.50343508747,4.925961950724611,,,,,
COMMON_DEADLINE,DELAY_3,2026.05,gross_executable_bps,66,-0.7522751348945151,-1.320614408056,0.3939393939393939,0.6060606060606061,-1.0237034132991665,-1.086021975548123,-1.6063701196239841,-2.0943067940204756,-17.369898718229,7.738825108783586,16,-2.444954514729853,0.8620572740456395,-2.85919900224725,1.1817348243160188
COMMON_DEADLINE,DELAY_3,2026.05,mae_bps,66,-1.5246088834740759,-0.3561346595569995,0.4696969696969697,0.5303030303030303,-1.3233183446506853,-1.8049531367672,-2.246922971089159,-2.578106128003672,-21.850783637826,6.589936936438429,,,,,
COMMON_DEADLINE,DELAY_3,2026.05,mfe_bps,66,-3.0467965047607573,-2.039797351359,0.22727272727272727,0.7727272727272727,-2.8739740478697224,-3.311045233226477,-3.63932841407073,-3.9445454738762624,-17.931092497779,5.74753966840754,,,,,
COMMON_DEADLINE,DELAY_3,2026.05,mae_atr,66,-0.11793092483978788,-0.03248118706449998,0.4696969696969697,0.5303030303030303,-0.08659140732685186,-0.13972364234855386,-0.17407009738960316,-0.20067363171555738,-1.989733718319,0.5827203217883741,,,,,
COMMON_DEADLINE,DELAY_3,2026.05,mfe_atr,66,-0.2856668239337121,-0.21588158505100002,0.22727272727272727,0.7727272727272727,-0.26961676108814814,-0.30795859111713847,-0.3389907825330159,-0.365767159587459,-1.8511424731180002,0.5211373306898809,,,,,
COMMON_DEADLINE,DELAY_3,2026.05,stop_r,66,-0.1556048643540909,-0.0871101214235,0.3484848484848485,0.6515151515151515,-0.1297547981567963,-0.17387412645547692,-0.2059622844723651,-0.2304432733672623,-2.2640059127859997,0.5354836120680271,,,,,
COMMON_DEADLINE,DELAY_3,2026.05,entry_improvement_price,66,-0.34621212121216666,-0.605,0.3939393939393939,0.6060606060606061,-0.47111111111116666,-0.49784615384619996,-0.7368253968254445,-0.9575409836066066,-7.85,3.519620506270278,,,,,
COMMON_DEADLINE,DELAY_3,2026.05,entry_improvement_points,66,-34.62121212121677,-60.500000000001506,0.3939393939393939,0.6060606060606061,-47.111111111117076,-49.78461538462045,-73.68253968254554,-95.75409836066292,-785.000000000036,351.9620506270365,,,,,
COMMON_DEADLINE,DELAY_3,2026.05,entry_improvement_bps,66,-0.7535185465101364,-1.320620052869,0.3939393939393939,0.6060606060606061,-1.0255301980927778,-1.0872236557046306,-1.6077541794178096,-2.0955812691882296,-17.374637013954,7.738149853499413,,,,,
COMMON_DEADLINE,DELAY_5,2026.05,gross_executable_bps,66,-1.214640249446,-2.5085160184625,0.42424242424242425,0.5757575757575758,-1.2674195383235,-1.5328466798575076,-2.1906796018338257,-2.8680938881358853,-29.816591996479,10.566932615575206,16,-3.4639206444138635,1.5458904352118308,-3.93580644120325,2.261529563757825
COMMON_DEADLINE,DELAY_5,2026.05,mae_bps,66,-2.3175692577117273,-0.992454853276,0.4393939393939394,0.5606060606060606,-1.6896862122951666,-2.5371136209702922,-2.9911553587037143,-3.383639652152525,-26.708838437565,8.451845960411069,,,,,
COMMON_DEADLINE,DELAY_5,2026.05,mfe_bps,66,-5.006154169600713,-2.8708865244885002,0.22727272727272727,0.7727272727272727,-4.2580151810760745,-5.19553735354643,-5.558886784546952,-5.843171966720066,-29.764051688184,7.3948299652751315,,,,,
COMMON_DEADLINE,DELAY_5,2026.05,mae_atr,66,-0.18466103374419696,-0.1035381354885,0.4393939393939394,0.5606060606060606,-0.1330738998782037,-0.20338207345992307,-0.24036137551793652,-0.27010560485837704,-1.766935483871,0.6899854046620755,,,,,
COMMON_DEADLINE,DELAY_5,2026.05,mfe_atr,66,-0.4566746537804849,-0.3116806864385,0.22727272727272727,0.7727272727272727,-0.3974863867497778,-0.4723183002371538,-0.5014758482816349,-0.5286963155852787,-2.2736766294560002,0.6296390039661292,,,,,
COMMON_DEADLINE,DELAY_5,2026.05,stop_r,66,-0.15442190429351516,-0.156486356705,0.3939393939393939,0.6060606060606061,-0.13765764353211113,-0.17752770301884616,-0.21610167787698414,-0.25095305172613114,-1.818941303565,0.669785882371318,,,,,
COMMON_DEADLINE,DELAY_5,2026.05,entry_improvement_price,66,-0.5634848484848485,-1.1199999999995,0.42424242424242425,0.5757575757575758,-0.5842592592592593,-0.7106153846153845,-1.0125396825396826,-1.3175409836065575,-13.53,4.8082341208915205,,,,,
COMMON_DEADLINE,DELAY_5,2026.05,entry_improvement_points,66,-56.34848484848695,-111.999999999989,0.42424242424242425,0.5757575757575758,-58.425925925927906,-71.06153846154061,-101.25396825397104,-131.7540983606585,-1352.999999999975,480.82341208915244,,,,,
COMMON_DEADLINE,DELAY_5,2026.05,entry_improvement_bps,66,-1.2154988717121364,-2.5074106783705,0.42424242424242425,0.5757575757575758,-1.2679647271672592,-1.533617849406846,-2.19158448436673,-2.8690744533749837,-29.820679197376,10.56472025430804,,,,,
COMMON_DEADLINE,DELAY_1,2026.06,gross_executable_bps,63,-0.7510129010519843,-0.4524417568489998,0.42857142857142855,0.5714285714285714,-0.53794193939351,-0.8626483715750808,-1.083437231354117,-1.2950177714735864,-12.104412828394,3.812662246573668,19,-1.6973737311958155,-0.004029530822836177,-1.9832961747845763,0.13446122276546765
COMMON_DEADLINE,DELAY_1,2026.06,mae_bps,63,0.03282981099715874,-0.27933987437799956,0.4444444444444444,0.5555555555555556,-0.11449125836121568,-0.16201822799362905,-0.39729537973386664,-0.6144929143515172,-7.136299249348999,3.4091628241557532,,,,,
COMMON_DEADLINE,DELAY_1,2026.06,mfe_bps,63,-1.0787666624147938,-0.7220068760349996,0.38095238095238093,0.6031746031746031,-0.8278539234710197,-1.195615299056726,-1.4183720336391503,-1.6409293937325518,-12.072452350797,3.943906820904627,,,,,
COMMON_DEADLINE,DELAY_1,2026.06,mae_atr,63,-0.023451674978746048,-0.023483365949000135,0.4444444444444444,0.5555555555555556,-0.014047218441333352,-0.03278230313177421,-0.050746080842016685,-0.0660358618777414,-0.8284023668639999,0.2783574790947045,,,,,
COMMON_DEADLINE,DELAY_1,2026.06,mfe_atr,63,-0.05421354234820635,-0.07734806629800006,0.38095238095238093,0.6031746031746031,-0.05973455729294117,-0.06683676715929032,-0.08877320117333334,-0.10479309816422414,-0.6140776699030002,0.29667066746279386,,,,,
COMMON_DEADLINE,DELAY_1,2026.06,stop_r,63,-0.02404100614084128,-0.024778761061000076,0.4126984126984127,0.5714285714285714,-0.04162589438796079,-0.051362620058596785,-0.07908787691361668,-0.09218204678132759,-1.313327233913,0.3644972291164398,,,,,
COMMON_DEADLINE,DELAY_1,2026.06,entry_improvement_price,63,-0.3038095238094762,-0.19,0.42857142857142855,0.5714285714285714,-0.22235294117645096,-0.3535483870967419,-0.44616666666663335,-0.5355172413792758,-4.91,1.6027671923304974,,,,,
COMMON_DEADLINE,DELAY_1,2026.06,entry_improvement_points,63,-30.38095238094427,-18.99999999996,0.42857142857142855,0.5714285714285714,-22.23529411764114,-35.354838709670226,-44.61666666665983,-53.55172413792391,-491.000000000031,160.2767192330532,,,,,
COMMON_DEADLINE,DELAY_1,2026.06,entry_improvement_bps,63,-0.7509216556804127,-0.452952535341,0.42857142857142855,0.5714285714285714,-0.5379267789714902,-0.8626328192167904,-1.0833125188896666,-1.2950385553112413,-12.086064595216,3.813093210502598,,,,,
COMMON_DEADLINE,DELAY_3,2026.06,gross_executable_bps,63,-1.042721556631016,-0.22374468254399815,0.47619047619047616,0.5238095238095238,-0.6022491123773726,-1.2813777595292581,-1.6518065075848,-1.9743610534617415,-29.283693265538002,7.197238856609624,19,-3.0568220972294755,0.5459307425429661,-3.5900656608219355,0.8365923448315672
COMMON_DEADLINE,DELAY_3,2026.06,mae_bps,63,-0.7067925470378255,-1.1675784064599999,0.4126984126984127,0.5873015873015873,-1.0158654578052744,-1.0627087177229033,-1.5304251198680499,-1.8562608605651898,-14.049474519018,6.170964845602401,,,,,
COMMON_DEADLINE,DELAY_3,2026.06,mfe_bps,63,-2.337516861137524,-1.5363477388509992,0.38095238095238093,0.6031746031746031,-1.9334764348730396,-2.5969518589856775,-3.0110074365512003,-3.3316491186204313,-29.26592911707,7.045562767760934,,,,,
COMMON_DEADLINE,DELAY_3,2026.06,mae_atr,63,-0.0917723220725873,-0.10459091456799999,0.4126984126984127,0.5873015873015873,-0.0721884588692157,-0.10665623292462903,-0.1370409897916,-0.16399963381446553,-1.856598984772,0.491304320041862,,,,,
COMMON_DEADLINE,DELAY_3,2026.06,mfe_atr,63,-0.15985577635003173,-0.14915887850500004,0.38095238095238093,0.6031746031746031,-0.1636299863774706,-0.18249304407075806,-0.22293079279561664,-0.2510528959638793,-1.581884720951,0.5305284886343294,,,,,
COMMON_DEADLINE,DELAY_3,2026.06,stop_r,63,0.026183824100714254,-0.03341708542700017,0.4603174603174603,0.5396825396825397,-0.038319352640823555,-0.024687453666774224,-0.08323754363533337,-0.11475430785922416,-1.306495882891,0.666803259161439,,,,,
COMMON_DEADLINE,DELAY_3,2026.06,entry_improvement_price,63,-0.43222222222220635,-0.09,0.47619047619047616,0.5238095238095238,-0.2519607843137255,-0.5288709677419193,-0.6864999999999833,-0.8244827586206724,-11.91,3.0047486312364815,,,,,
COMMON_DEADLINE,DELAY_3,2026.06,entry_improvement_points,63,-43.222222222219365,-9.000000000015,0.47619047619047616,0.5238095238095238,-25.196078431370587,-52.88709677419056,-68.64999999999706,-82.44827586206611,-1191.000000000031,300.474863123651,,,,,
COMMON_DEADLINE,DELAY_3,2026.06,entry_improvement_bps,63,-1.0405226520703335,-0.22412869968,0.47619047619047616,0.5238095238095238,-0.6023399813296862,-1.2794924734800808,-1.65018935387985,-1.9726004568981208,-29.283548841567,7.195324518623765,,,,,
COMMON_DEADLINE,DELAY_5,2026.06,gross_executable_bps,63,-1.8597221353661904,-1.154852350575,0.4444444444444444,0.5555555555555556,-1.4412544599160588,-2.0835140301071937,-2.4779950667413835,-2.8230513369798276,-21.793955648630003,7.05912878947053,19,-3.5813220130119823,-0.2329973850042411,-4.033055978268908,0.11888729879863558
COMMON_DEADLINE,DELAY_5,2026.06,mae_bps,63,-1.4657314610383332,-1.103330981374,0.4126984126984127,0.5873015873015873,-1.6372912623074118,-1.744926802094532,-2.1651269580137336,-2.511305370331017,-12.928182485276,5.823304543884409,,,,,
COMMON_DEADLINE,DELAY_5,2026.06,mfe_bps,63,-3.877836472806762,-3.273872553945,0.30158730158730157,0.6984126984126984,-3.494101661711804,-4.071643508142677,-4.434431947236001,-4.800948439355534,-21.791006370286,6.566435871501863,,,,,
COMMON_DEADLINE,DELAY_5,2026.06,mae_atr,63,-0.15452666490330158,-0.08728179551100002,0.4126984126984127,0.5873015873015873,-0.13352048541843137,-0.17441223011751614,-0.20944162869736666,-0.23938276959096552,-2.060913705584,0.5363904970353132,,,,,
COMMON_DEADLINE,DELAY_5,2026.06,mfe_atr,63,-0.26728251563819044,-0.27214953271000003,0.30158730158730157,0.6984126984126984,-0.27195807783843134,-0.28530707148793544,-0.32170477711505,-0.35042603213231033,-1.444144144144,0.4928825257820681,,,,,
COMMON_DEADLINE,DELAY_5,2026.06,stop_r,63,-0.005600452492349226,-0.05982081323200006,0.42857142857142855,0.5714285714285714,-0.088764187002451,-0.05153980807946776,-0.10999258279275001,-0.14925662589213792,-1.155315315315,0.6397023097864729,,,,,
COMMON_DEADLINE,DELAY_5,2026.06,entry_improvement_price,63,-0.7795238095238095,-0.52,0.4444444444444444,0.5555555555555556,-0.6170588235293921,-0.8754838709677419,-1.04483333333335,-1.1948275862068964,-9.16,2.9825705673026746,,,,,
COMMON_DEADLINE,DELAY_5,2026.06,entry_improvement_points,63,-77.95238095237752,-52.000000000044,0.4444444444444444,0.5555555555555556,-61.705882352936335,-87.54838709677084,-104.48333333333113,-119.48275862068684,-915.999999999985,298.25705673027096,,,,,
COMMON_DEADLINE,DELAY_5,2026.06,entry_improvement_bps,63,-1.859471857519762,-1.154978066523,0.4444444444444444,0.5555555555555556,-1.4411057722845293,-2.0832516188374837,-2.4778482889749,-2.8229700367181034,-21.807912055077,7.059485085814463,,,,,
COMMON_DEADLINE,DELAY_1,2026.07,gross_executable_bps,57,1.206502261806193,1.0921521925479993,0.5789473684210527,0.42105263157894735,1.094832378292383,1.0002991717803928,0.6488338805902962,0.36663615105692304,-12.94375804133,4.3354874867836255,18,0.06396637949412766,2.3813361243319813,-0.1720614380871017,2.6195119153191704
COMMON_DEADLINE,DELAY_1,2026.07,mae_bps,57,-1.498634850216649,-1.1980894956949992,0.38596491228070173,0.6140350877192983,-1.3357234343276172,-1.724920085948893,-1.9962601617742408,-2.1764223453549807,-13.40915492169,4.202326164942971,,,,,
COMMON_DEADLINE,DELAY_1,2026.07,mfe_bps,57,0.3501427696474384,0.0,0.49122807017543857,0.47368421052631576,0.4401519376268934,0.15929155115703555,-0.07615357630242613,-0.26342094455065407,-12.940143361006,3.622477762640658,,,,,
COMMON_DEADLINE,DELAY_1,2026.07,mae_atr,57,-0.15639621355647368,-0.135822807981,0.38596491228070173,0.6140350877192983,-0.11974945856989361,-0.1740968100674107,-0.19609712375394445,-0.2166113406731731,-2.049797023004,0.43784286110666737,,,,,
COMMON_DEADLINE,DELAY_1,2026.07,mfe_atr,57,0.047909181853473676,0.0,0.49122807017543857,0.47368421052631576,0.031167853690425525,0.01858878956151785,-0.0023876191612407474,-0.021922005625480776,-0.9703151562710001,0.35652811206667406,,,,,
COMMON_DEADLINE,DELAY_1,2026.07,stop_r,57,0.048364796662333336,0.029121164847000003,0.5087719298245614,0.45614035087719296,0.049334394299829776,0.015831972013517857,-0.01497100979735185,-0.03354533556111538,-2.3228978684449997,0.484098464485396,,,,,
COMMON_DEADLINE,DELAY_1,2026.07,entry_improvement_price,57,0.48666666666664915,0.44,0.5789473684210527,0.42105263157894735,0.44404255319146807,0.4033928571428393,0.2611111111110926,0.14788461538459616,-5.3,1.7573908555149749,,,,,
COMMON_DEADLINE,DELAY_1,2026.07,entry_improvement_points,57,48.66666666666549,44.000000000005,0.5789473684210527,0.42105263157894735,44.40425531914677,40.33928571428436,26.111111111109263,14.78846153845902,-530.000000000018,175.73908555150032,,,,,
COMMON_DEADLINE,DELAY_1,2026.07,entry_improvement_bps,57,1.20679997764907,1.091342922269,0.5789473684210527,0.42105263157894735,1.095259339514851,1.0004595119392143,0.6490624529399075,0.36677749363228845,-12.955045990414,4.336332916655274,,,,,
COMMON_DEADLINE,DELAY_3,2026.07,gross_executable_bps,57,1.0591639196833509,1.165576201007,0.543859649122807,0.43859649122807015,0.838205210694234,0.7566358932389642,0.38599821279977775,0.03984181689094232,-9.176650012740001,5.300184945606513,18,-0.41445900639132,2.522774479561919,-0.6915774909635957,2.8390504122632105
COMMON_DEADLINE,DELAY_3,2026.07,mae_bps,57,-2.508689004184158,-1.765456854681,0.2631578947368421,0.7192982456140351,-2.218864982730404,-2.7013709080313393,-2.977618007380222,-3.2560891840336543,-18.033603146083,5.1351442576377275,,,,,
COMMON_DEADLINE,DELAY_3,2026.07,mfe_bps,57,-0.6112070713608597,-0.450394997881002,0.3684210526315789,0.5614035087719298,-0.6459412209763618,-0.858586747048375,-1.1748670307341296,-1.3904116367311152,-12.915619698572,4.085462707716234,,,,,
COMMON_DEADLINE,DELAY_3,2026.07,mae_atr,57,-0.2145494974866842,-0.20060790273499995,0.2631578947368421,0.7192982456140351,-0.19491667176146807,-0.23339968132398212,-0.2661251405669444,-0.2931418488266346,-1.723951285521,0.497942009949998,,,,,
COMMON_DEADLINE,DELAY_3,2026.07,mfe_atr,57,-0.0661118109445965,-0.028153278963999995,0.3684210526315789,0.5614035087719298,-0.05747186725825533,-0.08143310971435715,-0.11210324677333335,-0.1336182313348077,-1.313368212159,0.38845957059643044,,,,,
COMMON_DEADLINE,DELAY_3,2026.07,stop_r,57,0.04605670834659648,0.03278048780499998,0.5087719298245614,0.47368421052631576,0.01638077958517021,0.020141688677714282,-0.01759913220014815,-0.0437097698135577,-0.695357406043,0.4160397415037482,,,,,
COMMON_DEADLINE,DELAY_3,2026.07,entry_improvement_price,57,0.4228070175438772,0.47,0.543859649122807,0.43859649122807015,0.3357446808510851,0.30178571428573214,0.1492592592592778,0.010192307692326921,-3.74,2.148227470652046,,,,,
COMMON_DEADLINE,DELAY_3,2026.07,entry_improvement_points,57,42.28070175438573,46.99999999998,0.543859649122807,0.43859649122807015,33.574468085106766,30.178571428570713,14.925925925924926,1.019230769230231,-374.000000000024,214.82274706520755,,,,,
COMMON_DEADLINE,DELAY_3,2026.07,entry_improvement_bps,57,1.0588338326007543,1.166015847891,0.543859649122807,0.43859649122807015,0.837701192038319,0.7559268304839464,0.3854058970527778,0.03910265370324998,-9.179175543143,5.301136990274954,,,,,
COMMON_DEADLINE,DELAY_5,2026.07,gross_executable_bps,57,-0.14625090424170184,-0.5498858121729997,0.47368421052631576,0.5263157894736842,0.062215655034148866,-0.49614778136667864,-0.967006793206352,-1.417361839311654,-30.021529770895,7.961278164038123,18,-2.3444170568143665,1.872606068500569,-2.808865420575075,2.2991999903245106
COMMON_DEADLINE,DELAY_5,2026.07,mae_bps,57,-2.4659004635385267,-1.6629550725319993,0.3508771929824561,0.6491228070175439,-2.3480597432166808,-2.8059745208978755,-3.1759728390078332,-3.536596823252327,-22.880955540345997,6.5539003352819085,,,,,
COMMON_DEADLINE,DELAY_5,2026.07,mfe_bps,57,-2.492562339395263,-1.80353557819,0.3508771929824561,0.631578947368421,-2.0825772463629786,-2.7993769642557855,-3.1049588899645184,-3.38256414980825,-31.439903397767,6.190037955858217,,,,,
COMMON_DEADLINE,DELAY_5,2026.07,mae_atr,57,-0.20945580962415788,-0.15179677819100001,0.3508771929824561,0.6491228070175439,-0.2166373677696383,-0.23720436819457144,-0.27588386492788886,-0.3066078098230769,-1.2132359912769999,0.571423819813387,,,,,
COMMON_DEADLINE,DELAY_5,2026.07,mfe_atr,57,-0.23953449334642105,-0.21217223959599998,0.3508771929824561,0.631578947368421,-0.20360832949704255,-0.25774950760457144,-0.28342372011011113,-0.3051101832866923,-2.559075342466,0.4975803085560859,,,,,
COMMON_DEADLINE,DELAY_5,2026.07,stop_r,57,-0.035876376609789484,-0.02434451840699997,0.47368421052631576,0.5263157894736842,-0.04263087216742554,-0.06435432589817859,-0.09882542095914816,-0.1281419123531154,-1.7835616438360002,0.511630382095736,,,,,
COMMON_DEADLINE,DELAY_5,2026.07,entry_improvement_price,57,-0.06754385964908773,-0.22,0.47368421052631576,0.5263157894736842,0.01957446808514894,-0.2076785714285357,-0.40037037037033335,-0.5823076923076539,-12.21,3.2285873075551805,,,,,
COMMON_DEADLINE,DELAY_5,2026.07,entry_improvement_points,57,-6.754385964912931,-21.99999999998,0.47368421052631576,0.5263157894736842,1.9574468085107666,-20.767857142858162,-40.03703703703854,-58.2307692307705,-1221.000000000004,322.8587307555241,,,,,
COMMON_DEADLINE,DELAY_5,2026.07,entry_improvement_bps,57,-0.14540652127471934,-0.550089389525,0.47368421052631576,0.5263157894736842,0.062062881389319084,-0.4957417813269465,-0.9662797075636668,-1.4164755889506346,-29.967308390846,7.95792942248654,,,,,
COMMON_DEADLINE,DELAY_1,2026.08,gross_executable_bps,31,-0.23982359227932243,-0.5234858935869999,0.41935483870967744,0.5806451612903226,-0.28533213049987977,-0.47415451832953315,-0.8425430910745355,-1.1872615746730768,-6.5764078528839995,3.0412228515508932,13,-1.4958697270192334,0.6214687215387579,-1.8170929811652068,0.753279751420395
COMMON_DEADLINE,DELAY_1,2026.08,mae_bps,31,-0.3914892584389678,-0.1595124636999996,0.4838709677419355,0.5161290322580645,-0.36113130739376004,-0.6238257014433667,-0.900516910288143,-1.1453213236645001,-6.805530991755999,2.8447747573147577,,,,,
COMMON_DEADLINE,DELAY_1,2026.08,mfe_bps,31,-0.45711585625025813,-0.523359047754,0.3548387096774194,0.6129032258064516,-0.5053229455782802,-0.6986506038157001,-1.0747600416968572,-1.4315498968301155,-6.571406232758,3.0544406002026316,,,,,
COMMON_DEADLINE,DELAY_1,2026.08,mae_atr,31,-0.02387961741683872,-0.019144364134000003,0.4838709677419355,0.5161290322580645,-0.03275459985968001,-0.0469919002635,-0.08012772829689287,-0.10630552041657694,-0.550378567268,0.2809218717896407,,,,,
COMMON_DEADLINE,DELAY_1,2026.08,mfe_atr,31,-0.05792757846096778,-0.05062192652600017,0.3548387096774194,0.6129032258064516,-0.04982554499288004,-0.07820444998526671,-0.1150166545753929,-0.15126793560257698,-0.724380914033,0.30622739069906263,,,,,
COMMON_DEADLINE,DELAY_1,2026.08,stop_r,31,-0.019793000745064536,-0.026068162926000005,0.45161290322580644,0.5483870967741935,-0.029547527985040022,-0.053865109079400016,-0.08618769341460716,-0.11588301763326925,-0.6742097845780001,0.30865372728010076,,,,,
COMMON_DEADLINE,DELAY_1,2026.08,entry_improvement_price,31,-0.10516129032264515,-0.24,0.41935483870967744,0.5806451612903226,-0.12680000000008,-0.2133333333334,-0.37892857142864284,-0.5303846153846923,-3.05,1.367079297792087,,,,,
COMMON_DEADLINE,DELAY_1,2026.08,entry_improvement_points,31,-10.51612903226171,-23.999999999978,0.41935483870967744,0.5806451612903226,-12.680000000003961,-21.333333333338203,-37.8928571428625,-53.03846153846842,-305.000000000018,136.70792977921764,,,,,
COMMON_DEADLINE,DELAY_1,2026.08,entry_improvement_bps,31,-0.23975624002051613,-0.523685875755,0.41935483870967744,0.5806451612903226,-0.28541522080184,-0.474446548014,-0.8430225868092499,-1.1875989411708077,-6.571661272877,3.0427985098349604,,,,,
COMMON_DEADLINE,DELAY_3,2026.08,gross_executable_bps,31,0.31360637228348387,0.0,0.4838709677419355,0.4838709677419355,0.39613970354532,-0.08046452517916666,-0.7273326355223572,-1.3208471493691922,-12.392527284899002,5.595705830405038,13,-1.9532471737257604,1.9718713217580714,-2.5005524572754334,2.2954909689260434
COMMON_DEADLINE,DELAY_3,2026.08,mae_bps,31,-1.9197826801136775,-0.9831433205949995,0.3548387096774194,0.6129032258064516,-1.6382037264215998,-2.2172918637921333,-2.548113496479607,-2.8794293862543077,-12.150076370575,4.080858831659611,,,,,
COMMON_DEADLINE,DELAY_3,2026.08,mfe_bps,31,-0.4866643942151289,-0.35400151512599987,0.3870967741935484,0.6129032258064516,-0.42914023640447996,-0.8995729909075666,-1.463821641374857,-1.9294072915876923,-12.392044811095,5.042477642366351,,,,,
COMMON_DEADLINE,DELAY_3,2026.08,mae_atr,31,-0.18285927656970968,-0.07579273008499998,0.3548387096774194,0.6129032258064516,-0.15376852992688,-0.2073599418447,-0.24325649253135714,-0.2766209587981154,-1.028790014093,0.3971927915905372,,,,,
COMMON_DEADLINE,DELAY_3,2026.08,mfe_atr,31,-0.05129177349216131,-0.038795492333,0.3870967741935484,0.6129032258064516,-0.05096452697460001,-0.08624855916713335,-0.1390483576744286,-0.18761390073988465,-1.1007087522660002,0.4515566467666513,,,,,
COMMON_DEADLINE,DELAY_3,2026.08,stop_r,31,0.044323452091258056,-0.005268109125000003,0.41935483870967744,0.5483870967741935,-0.0068994561186000065,-0.0037836247747333423,-0.08099568126360715,-0.12740757181834617,-0.8805670018130001,0.5070149075177628,,,,,
COMMON_DEADLINE,DELAY_3,2026.08,entry_improvement_price,31,0.15322580645151615,0.0,0.4838709677419355,0.4838709677419355,0.18119999999988,-0.019333333333433324,-0.3089285714286785,-0.5676923076924231,-5.75,2.4697697424346132,,,,,
COMMON_DEADLINE,DELAY_3,2026.08,entry_improvement_points,31,15.32258064515697,0.0,0.4838709677419355,0.4838709677419355,18.119999999993603,-1.9333333333375635,-30.892857142863893,-56.769230769236806,-575.0,246.9769742434634,,,,,
COMMON_DEADLINE,DELAY_3,2026.08,entry_improvement_bps,31,0.3133931540417419,0.0,0.4838709677419355,0.4838709677419355,0.39565964478871996,-0.08096305290966674,-0.7285763759857143,-1.3218802192034618,-12.406947890819,5.599454353801393,,,,,
COMMON_DEADLINE,DELAY_5,2026.08,gross_executable_bps,31,-0.18515923602383866,-1.4134938120379994,0.41935483870967744,0.5806451612903226,-0.92695110363848,-0.9465224111041999,-1.9453094718863928,-2.7164574354199997,-11.248250758334997,7.679913196369535,13,-2.6164523500494288,1.7058735722636054,-3.1379928803793598,2.0610908765752094
COMMON_DEADLINE,DELAY_5,2026.08,mae_bps,31,-2.008134623294806,0.25239912660700003,0.5161290322580645,0.4838709677419355,-1.21948124970124,-2.3227660863625332,-2.8445717657368568,-3.285259145277846,-22.655787965382,6.408607915294262,,,,,
COMMON_DEADLINE,DELAY_5,2026.08,mfe_bps,31,-1.5420173816413227,-2.633021826155,0.3225806451612903,0.6774193548387096,-2.08039334546024,-2.089317996149467,-2.974790214748572,-3.7176205917952694,-11.241076348704,6.463156655538452,,,,,
COMMON_DEADLINE,DELAY_5,2026.08,mae_atr,31,-0.21173759907216128,0.020096567923999997,0.5161290322580645,0.4838709677419355,-0.11859106701467999,-0.23167349144556665,-0.2712281436715,-0.3150785881786923,-2.301401869159,0.5970469399339399,,,,,
COMMON_DEADLINE,DELAY_5,2026.08,mfe_atr,31,-0.1516953963011613,-0.24969770253900003,0.3225806451612903,0.6774193548387096,-0.19529001821152003,-0.19832662685213337,-0.2757512350433572,-0.34358134998226925,-1.0522498763800001,0.5616284115091753,,,,,
COMMON_DEADLINE,DELAY_5,2026.08,stop_r,31,-0.011339019931064528,-0.15882352941200006,0.45161290322580644,0.5483870967741935,-0.04290883767128,-0.06796363849036667,-0.11941958009010714,-0.17469572763184615,-0.841799901104,0.5290421134252505,,,,,
COMMON_DEADLINE,DELAY_5,2026.08,entry_improvement_price,31,-0.07903225806461289,-0.57,0.41935483870967744,0.5806451612903226,-0.41920000000007995,-0.41000000000009995,-0.8575000000000713,-1.203076923077,-4.63,3.3887542989901167,,,,,
COMMON_DEADLINE,DELAY_5,2026.08,entry_improvement_points,31,-7.903225806455482,-57.000000000016,0.41935483870967744,0.5806451612903226,-41.920000000000115,-41.0000000000052,-85.75000000000247,-120.30769230769312,-463.000000000011,338.87542989902215,,,,,
COMMON_DEADLINE,DELAY_5,2026.08,entry_improvement_bps,31,-0.18447032057390328,-1.412688420416,0.41935483870967744,0.5806451612903226,-0.926123130143,-0.9454971062019334,-1.9455322896114284,-2.717342217556846,-11.254368471974,7.68306047423696,,,,,
EQUAL_HOLD,DELAY_1,ALL,gross_executable_bps,428,-0.5192435345176776,-0.5812475259690001,0.4532710280373832,0.5467289719626168,-0.2978204101477005,-0.5929272446948665,-0.7142683184161811,-0.8202412445509455,-55.621412614981,8.412890358116144,124,-1.3271111882937323,0.31662843069221974,-1.5355103396959864,0.4686910257561162
EQUAL_HOLD,DELAY_1,ALL,mae_bps,428,0.2818066597706776,0.053364790536000295,0.5046728971962616,0.4953271028037383,0.051961764111438956,0.19499072559255504,0.06477421047997176,-0.030062126760434977,-22.414739204278,5.955834342119063,124,-0.30516522611363966,0.8841537275159327,-0.4447400628329827,1.035029305664472
EQUAL_HOLD,DELAY_1,ALL,mfe_bps,428,-0.44115453744603983,-0.18088657844949996,0.4649532710280374,0.5280373831775701,-0.13011945294425586,-0.5144746052593396,-0.6337165449146165,-0.7412526120077519,-38.501973188873,7.058022199461301,124,-1.1179689217218984,0.2425298076596026,-1.2710542565597447,0.40612596314091876
EQUAL_HOLD,DELAY_1,ALL,mae_atr,428,0.024745564998366824,0.0036488336434999796,0.5046728971962616,0.4953271028037383,0.003958245461613372,0.018234814743077282,0.009021609238858821,0.0017057245592103992,-2.049797023004,0.43594959109663467,124,-0.020648549984714288,0.07116199113394404,-0.03058695446655102,0.0806422084875527
EQUAL_HOLD,DELAY_1,ALL,mfe_atr,428,-0.02285589104992992,-0.018941409962500044,0.4649532710280374,0.5257009345794392,-0.006788917743255822,-0.0287111946280047,-0.03802245780507295,-0.04626944285365722,-3.0151986183070005,0.49376131488018093,124,-0.07276296785309071,0.025891881173501115,-0.08290457350855585,0.03578599624771598
EQUAL_HOLD,DELAY_1,ALL,stop_r,428,-0.00560287695942757,-0.007335562111500105,0.4532710280373832,0.5280373831775701,-0.019352430382363374,-0.013490144453683841,-0.0243444341692,-0.03313648821828605,-2.819289878113,0.5339261023911537,124,-0.05206927266806146,0.04386584951518486,-0.06300594535914879,0.05394083013476513
EQUAL_HOLD,DELAY_1,ALL,entry_improvement_price,428,-0.26761682242989954,-0.045,0.48130841121495327,0.5186915887850467,-0.05828488372092732,-0.29257611241216863,-0.33778823529410823,-0.3773522458628747,-18.79,3.1029831416592315,124,-0.567430730478612,0.03153301886790332,-0.6331707317073171,0.1020096852300678
EQUAL_HOLD,DELAY_1,ALL,entry_improvement_points,428,-26.761682242990116,-4.4999999999845,0.48130841121495327,0.5186915887850467,-5.828488372094128,-29.25761124121712,-33.77882352941111,-37.735224586287856,-1878.999999999996,310.29831416592384,124,-56.74307304785916,3.1533018867919895,-63.3170731707298,10.200968523006619
EQUAL_HOLD,DELAY_1,ALL,entry_improvement_bps,428,-0.5483359465361285,-0.1007084434885,0.48130841121495327,0.5186915887850467,-0.11496874564590115,-0.6021008780879579,-0.6934270986182424,-0.7734687931449503,-39.098345134971,6.567191140650316,124,-1.1857890498762802,0.09003312136556567,-1.3264743713121265,0.2375205454077574
EQUAL_HOLD,DELAY_3,ALL,gross_executable_bps,428,-0.859346959468215,0.3145464756459999,0.5070093457943925,0.4929906542056075,-0.17492909791500008,-1.03993154707322,-1.3069767572739717,-1.5151305122708747,-155.562356040642,16.555168628808357,124,-2.0789957115827207,0.313794088590089,-2.326742690676361,0.5799057349590567
EQUAL_HOLD,DELAY_3,ALL,mae_bps,428,0.34154475353587627,-0.2417228242335002,0.4696261682242991,0.5257009345794392,-0.05562475347873248,0.09671089242923663,-0.09335088183888933,-0.2364144262236122,-34.569739119428,10.244188096217611,124,-0.45580626339043345,1.1482260152666592,-0.6286658165572964,1.3291605402940674
EQUAL_HOLD,DELAY_3,ALL,mfe_bps,428,-0.1607547955981846,-0.15349550097200004,0.4766355140186916,0.5163551401869159,-0.21539610926662797,-0.3173881267853864,-0.5681774887180259,-0.7787125688753712,-84.412816659497,12.68764375613696,124,-1.1502317994379176,0.912165099020057,-1.3521010500385635,1.1299089540802474
EQUAL_HOLD,DELAY_3,ALL,mae_atr,428,0.009392954575189258,-0.016835324767499993,0.4696261682242991,0.5257009345794392,-0.007028848289360462,0.002755116061313822,-0.006095315063098819,-0.013998602073874699,-1.8774462624319999,0.59404190281686,124,-0.04398930439014795,0.061419288067131275,-0.055669122557484914,0.07353005166780884
EQUAL_HOLD,DELAY_3,ALL,mfe_atr,428,-0.005704515519766359,-0.013785867420500017,0.4766355140186916,0.514018691588785,-0.01390882182039535,-0.014696704459117098,-0.029426516914529414,-0.04151131560212766,-4.490927327435999,0.7788874286804672,124,-0.07284911668519124,0.06430767304191731,-0.08743989799903301,0.08084056332330661
EQUAL_HOLD,DELAY_3,ALL,stop_r,428,-0.0017683796751098181,-0.005221426500500087,0.4742990654205608,0.5233644859813084,-0.02645606984527326,-0.013272895549002347,-0.027028036932334125,-0.03836441527294799,-4.198590536459,0.7926374684732337,124,-0.06879041464968676,0.06788622099113546,-0.08230577131723597,0.08523792068423171
EQUAL_HOLD,DELAY_3,ALL,entry_improvement_price,428,-0.3948364485981612,-0.040000000000500004,0.49065420560747663,0.5046728971962616,-0.16656976744188662,-0.4385011709602178,-0.5201411764706212,-0.6001418439716643,-42.57,5.467791981551259,124,-0.8726206896551977,0.053025404157027715,-0.9846838407494708,0.15079229122052887
EQUAL_HOLD,DELAY_3,ALL,entry_improvement_points,428,-39.483644859814625,-4.0000000000415,0.49065420560747663,0.5046728971962616,-16.65697674418729,-43.85011709602028,-52.014117647060516,-60.01418439716487,-4256.999999999971,546.7791981551252,124,-87.2620689655207,5.302540415703023,-98.46838407494654,15.079229122053254
EQUAL_HOLD,DELAY_3,ALL,entry_improvement_bps,428,-0.8214081649554766,-0.085331009121,0.49065420560747663,0.5046728971962616,-0.34774703231627035,-0.908697440658082,-1.07522397146336,-1.2355226816947305,-84.578903553823,11.394184434224867,124,-1.8329334927762837,0.1284856222814053,-2.055343907009691,0.3425468769226059
EQUAL_HOLD,DELAY_5,ALL,gross_executable_bps,428,-1.3151642319259418,-0.31157207995950253,0.48130841121495327,0.5186915887850467,-0.2738456564774274,-1.6877420218243302,-2.000987506468,-2.2124362110496953,-172.00051915745,20.995719063822822,124,-2.9919662337012474,0.2678697569327292,-3.425737877135289,0.5987226531800046
EQUAL_HOLD,DELAY_5,ALL,mae_bps,428,0.6543661264295747,0.5797188037419998,0.5257009345794392,0.4742990654205608,0.39307990923102903,0.3780135784695105,0.19411757520607523,0.053146575407869906,-40.852376403054,11.672460895432671,124,-0.33910120082537804,1.6215540935396673,-0.5740113956826023,1.8201600076663815
EQUAL_HOLD,DELAY_5,ALL,mfe_bps,428,-0.49624355100901874,-0.494404906381,0.4719626168224299,0.5280373831775701,-0.5860974246923896,-0.785864063089979,-1.138774102957106,-1.389395864713863,-182.07408326867898,17.48572056158033,124,-1.9820540343772146,1.023360764273023,-2.3387942746121775,1.3564252486367003
EQUAL_HOLD,DELAY_5,ALL,mae_atr,428,0.02194404633954673,0.04456836526150004,0.5257009345794392,0.4742990654205608,0.02500734592849128,0.015594503298817331,0.006025122651480002,-0.003094817867151298,-2.312757201645,0.6891904165499454,124,-0.04312100303287838,0.08246685211910663,-0.05652861616982258,0.09717057935409391
EQUAL_HOLD,DELAY_5,ALL,mfe_atr,428,-0.03360730009616823,-0.040765364092999995,0.4719626168224299,0.5257009345794392,-0.04091110409864826,-0.04610184222993444,-0.06523518759645178,-0.08011420603591017,-11.849001550104,1.0727812710588451,124,-0.1334836794272975,0.06491083863872488,-0.15557829375287702,0.08427053220058689
EQUAL_HOLD,DELAY_5,ALL,stop_r,428,-0.030147883075507014,-0.011807903848499945,0.4649532710280374,0.5327102803738317,-0.038711077735622094,-0.0420738623108876,-0.06258468746443059,-0.07540343182623167,-12.855439044406,1.100294384848084,124,-0.13049288205689485,0.06464492109984478,-0.1542564846,0.08447607879318243
EQUAL_HOLD,DELAY_5,ALL,entry_improvement_price,428,-0.5895093457943948,-0.235,0.4766355140186916,0.5233644859813084,-0.2113081395348779,-0.647306791569089,-0.7376705882352965,-0.8153427895981111,-99.0,7.5227626778135175,124,-1.2906088992974216,0.016319290465627505,-1.4450413223140435,0.13518427518426537
EQUAL_HOLD,DELAY_5,ALL,entry_improvement_points,428,-58.95093457944031,-23.499999999967002,0.4766355140186916,0.5233644859813084,-21.130813953488804,-64.73067915690976,-73.76705882353065,-81.53427895981214,-9900.0,752.2762677813527,124,-129.06088992974395,1.6319290465625,-144.50413223140612,13.518427518426158
EQUAL_HOLD,DELAY_5,ALL,entry_improvement_bps,428,-1.240589469774306,-0.54328803618,0.4766355140186916,0.5233644859813084,-0.46725085160981106,-1.3548552567578525,-1.5426766430075247,-1.70119908436778,-196.03494570426,15.465453520482312,124,-2.6806583112089113,0.029257822529737788,-3.016469649594764,0.2870935556765416
EQUAL_HOLD,DELAY_1,JAN_JUN,gross_executable_bps,340,-0.8308506226902177,-0.8697023697725006,0.4176470588235294,0.5823529411764706,-0.5822756794771212,-0.9245808626130264,-1.0795757099940206,-1.2155672399586805,-55.621412614981,8.936630425630305,93,-1.8325353311002253,0.1116308211317798,-2.0606231515507876,0.3405214919154163
EQUAL_HOLD,DELAY_1,JAN_JUN,mae_bps,340,0.5601559235028941,0.07642918331799953,0.5147058823529411,0.4852941176470588,0.2961766701366765,0.4516247889001623,0.28892819900036204,0.17051786265513433,-22.414739204278,6.326556238218773,,,,,
EQUAL_HOLD,DELAY_1,JAN_JUN,mfe_bps,340,-0.7881013582978412,-0.4406733276625019,0.45294117647058824,0.5441176470588235,-0.389440024800478,-0.8678457615134809,-1.0107048171570683,-1.1335624694618538,-38.501973188873,7.498316335604877,,,,,
EQUAL_HOLD,DELAY_1,JAN_JUN,mae_atr,340,0.0502202451840147,0.00784562052800003,0.5147058823529411,0.4852941176470588,0.02014202571234559,0.042094535216985245,0.03061710821892878,0.02160648500274925,-1.4540466392310003,0.4344187437603378,,,,,
EQUAL_HOLD,DELAY_1,JAN_JUN,mfe_atr,340,-0.05447946652437354,-0.032838491237500045,0.45294117647058824,0.5411764705882353,-0.028115370711742655,-0.060680606840351044,-0.07164825427009794,-0.07943932640398509,-3.0151986183070005,0.5023660531129813,,,,,
EQUAL_HOLD,DELAY_1,JAN_JUN,stop_r,340,-0.016945343866244116,-0.015255597845999988,0.4264705882352941,0.5558823529411765,-0.032249280329808824,-0.026913502234840708,-0.039599661285273,-0.04985949778736716,-2.819289878113,0.5422609165689498,,,,,
EQUAL_HOLD,DELAY_1,JAN_JUN,entry_improvement_price,340,-0.4088823529411589,-0.12999999999950002,0.47058823529411764,0.5294117647058824,-0.16363970588233823,-0.44073746312682305,-0.49863501483677447,-0.5495522388059493,-18.79,3.366641655020051,,,,,
EQUAL_HOLD,DELAY_1,JAN_JUN,entry_improvement_points,340,-40.88823529411644,-12.9999999999655,0.47058823529411764,0.5294117647058824,-16.363970588235702,-44.07374631268298,-49.863501483678164,-54.95522388059577,-1878.999999999996,336.66416550200523,,,,,
EQUAL_HOLD,DELAY_1,JAN_JUN,entry_improvement_bps,340,-0.8707145305965411,-0.280584970389,0.47058823529411764,0.5294117647058824,-0.3504386763646029,-0.9393871098198201,-1.0565628255136914,-1.1597983724945522,-39.098345134971,7.054572200570817,,,,,
EQUAL_HOLD,DELAY_3,JAN_JUN,gross_executable_bps,340,-1.2869852630625882,-0.6131397824195004,0.47941176470588237,0.5205882352941177,-0.508484558256114,-1.5157087356612065,-1.8553104232353768,-2.121417007401385,-155.562356040642,17.99562655750659,93,-2.732233320101877,0.08099012465211748,-3.0684714913242987,0.3650348050197592
EQUAL_HOLD,DELAY_3,JAN_JUN,mae_bps,340,0.7035086593068471,-0.053574805685999705,0.49411764705882355,0.5058823529411764,0.24815758600063612,0.3961868457765695,0.1582720025799556,-0.02087018698989541,-34.569739119428,11.142713020669593,,,,,
EQUAL_HOLD,DELAY_3,JAN_JUN,mfe_bps,340,-0.6147627474238353,-0.7925449607655011,0.46176470588235297,0.538235294117647,-0.7007647410275368,-0.8133953148833069,-1.1326163629473056,-1.4018259649025762,-84.412816659497,13.9027634877149,,,,,
EQUAL_HOLD,DELAY_3,JAN_JUN,mae_atr,340,0.03254903472476765,-0.004723879520000002,0.49411764705882355,0.5058823529411764,0.011786771671797798,0.024256406508616525,0.013627541908089026,0.00410681924483881,-1.8774462624319999,0.6100858514822542,,,,,
EQUAL_HOLD,DELAY_3,JAN_JUN,mfe_atr,340,-0.04683763972101471,-0.06444398599100003,0.46176470588235297,0.5352941176470588,-0.056428702769125,-0.058285420845805305,-0.07712028056783382,-0.09266433242502985,-4.490927327435999,0.8274087536920504,,,,,
EQUAL_HOLD,DELAY_3,JAN_JUN,stop_r,340,-0.020240442849797063,-0.016801894324000047,0.45294117647058824,0.5441176470588235,-0.044947121289955885,-0.034785871585274346,-0.052260533425002975,-0.06672546784609254,-4.198590536459,0.8218445817495902,,,,,
EQUAL_HOLD,DELAY_3,JAN_JUN,entry_improvement_price,340,-0.5818823529412088,-0.09,0.4823529411764706,0.5176470588235295,-0.32705882352944854,-0.6374336283186165,-0.7415727002967716,-0.8439104477612299,-42.57,6.015018567194912,,,,,
EQUAL_HOLD,DELAY_3,JAN_JUN,entry_improvement_points,340,-58.18823529411915,-9.000000000015,0.4823529411764706,0.5176470588235295,-32.705882352942865,-63.74336283185992,-74.1572700296753,-84.39104477612118,-4256.999999999971,601.5018567194901,,,,,
EQUAL_HOLD,DELAY_3,JAN_JUN,entry_improvement_bps,340,-1.240092384807297,-0.1983939478955,0.4823529411764706,0.5176470588235295,-0.6896118420650735,-1.351275880219876,-1.5639136620340208,-1.769238240568382,-84.578903553823,12.458894098634257,,,,,
EQUAL_HOLD,DELAY_5,JAN_JUN,gross_executable_bps,340,-1.613708243116203,-0.7789676094125,0.47058823529411764,0.5294117647058824,-0.39606671012716926,-2.0838830522542624,-2.4812765627421545,-2.751137399012618,-172.00051915745,22.847845283595216,93,-3.6115685659976657,0.2781812913626311,-4.096471684751601,0.6501778412775616
EQUAL_HOLD,DELAY_5,JAN_JUN,mae_bps,340,0.8015742246175763,0.5680907300919995,0.5235294117647059,0.4764705882352941,0.4726921259509228,0.45391838426135395,0.22245253329584563,0.04461950941984172,-40.852376403054,12.555832447883109,,,,,
EQUAL_HOLD,DELAY_5,JAN_JUN,mfe_bps,340,-0.837280927223012,-0.580996941149,0.45294117647058824,0.5470588235294118,-0.9958829182499781,-1.20308917511323,-1.6506298788745817,-1.9701424662624718,-182.07408326867898,19.199622410313435,,,,,
EQUAL_HOLD,DELAY_5,JAN_JUN,mae_atr,340,0.02205191805735294,0.040251856918000026,0.5235294117647059,0.4764705882352941,0.025488674806180146,0.014054434261855455,0.0020319252938456977,-0.009267743234513431,-2.312757201645,0.6951269695222649,,,,,
EQUAL_HOLD,DELAY_5,JAN_JUN,mfe_atr,340,-0.06518555493401472,-0.05573832760849999,0.45294117647058824,0.5441176470588235,-0.07494488694400736,-0.08101666922887021,-0.10535346873856677,-0.1243805175808806,-11.849001550104,1.1506215982437986,,,,,
EQUAL_HOLD,DELAY_5,JAN_JUN,stop_r,340,-0.03224229017431765,-0.026709997703999955,0.45294117647058824,0.5441176470588235,-0.04051152278213603,-0.047270277019764016,-0.07316788390306825,-0.08941712347894627,-12.855439044406,1.18115006647512,,,,,
EQUAL_HOLD,DELAY_5,JAN_JUN,entry_improvement_price,340,-0.7235588235294117,-0.19,0.4823529411764706,0.5176470588235295,-0.2519485294117536,-0.796755162241888,-0.9116023738872403,-1.0107164179104478,-99.0,8.27385400879007,,,,,
EQUAL_HOLD,DELAY_5,JAN_JUN,entry_improvement_points,340,-72.35588235294205,-19.000000000005002,0.4823529411764706,0.5176470588235295,-25.194852941176396,-79.6755162241897,-91.16023738872512,-101.0716417910459,-9900.0,827.3854008790072,,,,,
EQUAL_HOLD,DELAY_5,JAN_JUN,entry_improvement_bps,340,-1.5204868865086854,-0.3823092603735,0.4823529411764706,0.5176470588235295,-0.5584157189927352,-1.6652402447939618,-1.903949025601626,-2.1062700329466297,-196.03494570426,16.88789172618878,,,,,
EQUAL_HOLD,DELAY_1,JUL_AUG,gross_executable_bps,88,0.6846929425125908,1.0649195001689997,0.5909090909090909,0.4090909090909091,0.6581584047724026,0.5027105586426437,0.15511960889556464,-0.11096536854806031,-21.583500366522,5.859871956815033,31,-0.5587500729004761,2.034181890725434,-0.8054925783720165,2.3373628967806144
EQUAL_HOLD,DELAY_1,JUL_AUG,mae_bps,88,-0.7936336773765227,-0.5738767129475002,0.4659090909090909,0.5340909090909091,-0.7320606165952084,-0.9386054226457128,-1.1845937687766708,-1.3482732382622409,-13.40915492169,4.082237571258053,,,,,
EQUAL_HOLD,DELAY_1,JUL_AUG,mfe_bps,88,0.8993218158450113,0.17919723172700008,0.5113636363636364,0.4659090909090909,0.6821871229245554,0.5548713261554942,0.3457503035337646,0.1855130182531686,-12.940143361006,4.809058780366544,,,,,
EQUAL_HOLD,DELAY_1,JUL_AUG,mae_atr,88,-0.0736793357189091,-0.057937224631000005,0.4659090909090909,0.5340909090909091,-0.059338986256402784,-0.0908413723944023,-0.11067677008649411,-0.12459053071442168,-2.049797023004,0.4302247642108563,,,,,
EQUAL_HOLD,DELAY_1,JUL_AUG,mfe_atr,88,0.09932610510132954,0.022176278398000016,0.5113636363636364,0.4659090909090909,0.07063896171405554,0.07199239669113791,0.04511482526287058,0.030829668707987944,-0.9703151562710001,0.44067595792014025,,,,,
EQUAL_HOLD,DELAY_1,JUL_AUG,stop_r,88,0.03822029063509091,0.029324834224000007,0.5568181818181818,0.42045454545454547,0.0284568590527361,0.012424710941804593,-0.011909873281152944,-0.03101732386114458,-2.3228978684449997,0.5009562329291883,,,,,
EQUAL_HOLD,DELAY_1,JUL_AUG,entry_improvement_price,88,0.2781818181817841,0.135,0.5227272727272727,0.4772727272727273,0.24111111111106945,0.2221839080459425,0.1275294117646706,0.05012048192767471,-5.3,1.647191650773623,,,,,
EQUAL_HOLD,DELAY_1,JUL_AUG,entry_improvement_points,88,27.81818181817977,13.499999999999002,0.5227272727272727,0.4772727272727273,24.111111111109373,22.21839080459553,12.752941176468084,5.012048192768169,-530.000000000018,164.71916507736663,,,,,
EQUAL_HOLD,DELAY_1,JUL_AUG,entry_improvement_bps,88,0.697217673697284,0.3325163825945,0.5227272727272727,0.4772727272727273,0.5854764603890417,0.5585435543443679,0.32490504727198827,0.14024079793063857,-12.955045990414,3.972299905614467,,,,,
EQUAL_HOLD,DELAY_3,JUL_AUG,gross_executable_bps,88,0.7928919407827727,0.7505522645334989,0.6136363636363636,0.38636363636363635,0.9958357403784583,0.5368181878611837,0.11385782903581168,-0.251088922934217,-21.745903533034,8.934235979148038,31,-1.1223618740960752,2.5190445084906363,-1.5600384475291413,2.867293563063895
EQUAL_HOLD,DELAY_3,JUL_AUG,mae_bps,88,-1.0569521551246932,-0.7545600433555,0.375,0.6022727272727273,-0.9321798259038194,-1.241833723377494,-1.5057271962705765,-1.7261903870421325,-18.033603146083,5.364756625545221,,,,,
EQUAL_HOLD,DELAY_3,JUL_AUG,mfe_bps,88,1.593366836455466,1.073545367843,0.5340909090909091,0.4318181818181818,1.2279971272160277,1.3563064910531266,0.9592471216156118,0.6949208181652772,-11.759367663175,5.745355686552906,,,,,
EQUAL_HOLD,DELAY_3,JUL_AUG,mae_atr,88,-0.08007371873000001,-0.0651333728595,0.375,0.6022727272727273,-0.07196932567063889,-0.10174169304740228,-0.12396051700383527,-0.14371372471620483,-1.723951285521,0.52103051708144,,,,,
EQUAL_HOLD,DELAY_3,JUL_AUG,mfe_atr,88,0.1532189188941477,0.08455434756449998,0.5340909090909091,0.4318181818181818,0.1296638154352639,0.1345054960959655,0.1072009684594941,0.08155555010331325,-1.1007087522660002,0.5270521012788227,,,,,
EQUAL_HOLD,DELAY_3,JUL_AUG,stop_r,88,0.069600955318,0.034229803705499995,0.5568181818181818,0.4431818181818182,0.04456452063138889,0.04576873572925288,0.006938496760764707,-0.02889956017557831,-1.36518134715,0.6672860512059693,,,,,
EQUAL_HOLD,DELAY_3,JUL_AUG,entry_improvement_price,88,0.32784090909088637,0.3149999999995,0.5227272727272727,0.45454545454545453,0.28499999999998615,0.24885057471262068,0.13717647058821175,0.04024096385539759,-5.75,2.2562441830350988,,,,,
EQUAL_HOLD,DELAY_3,JUL_AUG,entry_improvement_points,88,32.78409090908924,31.499999999959996,0.5227272727272727,0.45454545454545453,28.49999999999871,24.88505747126237,13.717647058821743,4.0240963855395915,-575.0,225.62441830351227,,,,,
EQUAL_HOLD,DELAY_3,JUL_AUG,entry_improvement_bps,88,0.7962354117447387,0.74062205617,0.5227272727272727,0.45454545454545453,0.6909758185619722,0.5982424170390229,0.3354943941533882,0.10131647041661443,-12.406947890819,5.3878209824608945,,,,,
EQUAL_HOLD,DELAY_5,JUL_AUG,gross_executable_bps,88,-0.1616987341453864,0.48248016821800066,0.5227272727272727,0.4772727272727273,0.1383463196552917,-0.49120383851233335,-1.0818439896538705,-1.549472953016651,-39.696018906173,11.303900141901494,31,-2.7027181206368707,2.171439932032693,-3.3604488989036962,2.6692396323360463
EQUAL_HOLD,DELAY_5,JUL_AUG,mae_bps,88,0.08560756524865905,0.6610424942855015,0.5340909090909091,0.4659090909090909,0.18207131141483332,-0.1942254093120345,-0.525500747706047,-0.8212022330263856,-22.880955540345997,7.34875639987649,,,,,
EQUAL_HOLD,DELAY_5,JUL_AUG,mfe_bps,88,0.8214008570905,0.27110880421449984,0.5454545454545454,0.45454545454545453,0.6689324894292499,0.555623223327862,0.08875803527587049,-0.2609515386380122,-31.439903397767,7.8776983903426,,,,,
EQUAL_HOLD,DELAY_5,JUL_AUG,mae_atr,88,0.021527269248022732,0.04456836526150004,0.5340909090909091,0.4659090909090909,0.02302200448712501,-0.001003855930931027,-0.034032076940694114,-0.06462042709503614,-2.17523364486,0.6696421733355874,,,,,
EQUAL_HOLD,DELAY_5,JUL_AUG,mfe_atr,88,0.08839959359551135,0.029897238595999978,0.5454545454545454,0.45454545454545453,0.075333906146125,0.06734515539451723,0.0325707708647294,0.001793355841168663,-2.559075342466,0.6861168297355972,,,,,
EQUAL_HOLD,DELAY_5,JUL_AUG,stop_r,88,-0.02205585564828411,0.0016819788090000065,0.5113636363636364,0.48863636363636365,-0.032277617967027786,-0.04394944344335634,-0.07946688469124707,-0.11051001700143376,-1.7835616438360002,0.7111200557029506,,,,,
EQUAL_HOLD,DELAY_5,JUL_AUG,entry_improvement_price,88,-0.07159090909092046,-0.5,0.45454545454545453,0.5454545454545454,-0.12791666666666665,-0.18563218390805747,-0.35964705882352943,-0.4944578313253012,-12.21,3.266415268192956,,,,,
EQUAL_HOLD,DELAY_5,JUL_AUG,entry_improvement_points,88,-7.1590909090926935,-50.0,0.45454545454545453,0.5454545454545454,-12.79166666666675,-18.563218390806817,-35.964705882354764,-49.445783132531744,-1221.000000000004,326.6415268193032,,,,,
EQUAL_HOLD,DELAY_5,JUL_AUG,entry_improvement_bps,88,-0.15916763239147733,-1.1886865317764999,0.45454545454545453,0.5454545454545454,-0.28105726150384724,-0.42129982642203456,-0.8382974972733883,-1.1526849605104459,-29.967308390846,7.81783774332268,,,,,
EQUAL_HOLD,DELAY_1,JAN_MAR,gross_executable_bps,146,-1.24329558218613,-1.7616420442295004,0.4041095890410959,0.5958904109589042,-1.029653009979949,-1.4652748669677034,-1.8381045982691326,-2.161689236044709,-55.621412614981,10.889625858965536,40,-2.9975887785419704,0.34833276568002774,-3.425654551989787,0.7063078098087413
EQUAL_HOLD,DELAY_1,JAN_MAR,mae_bps,146,-0.10292867697548634,0.14059935856050032,0.5068493150684932,0.4931506849315068,0.12515875190922032,-0.2375042320705931,-0.492103094473993,-0.6995765608230141,-22.414739204278,6.891116253346852,,,,,
EQUAL_HOLD,DELAY_1,JAN_MAR,mfe_bps,146,-0.24483468734868508,0.26428510801850014,0.5136986301369864,0.4794520547945205,0.017489990245923796,-0.4275249357566346,-0.7580344469480701,-1.0463463106479647,-33.536458231510004,8.885045654801175,,,,,
EQUAL_HOLD,DELAY_1,JAN_MAR,mae_atr,146,0.01599454172323288,0.012748325892500037,0.5068493150684932,0.4931506849315068,0.007783785483966109,0.00898461641014483,-0.0045420889668531415,-0.017063821194028363,-1.02675231171,0.38018524127609055,,,,,
EQUAL_HOLD,DELAY_1,JAN_MAR,mfe_atr,146,-0.015602287381773982,0.016467304515000003,0.5136986301369864,0.4794520547945205,-0.0007370644511356006,-0.02758974184466897,-0.045225351215307706,-0.05758038693856739,-2.0437676666360005,0.45762414559450093,,,,,
EQUAL_HOLD,DELAY_1,JAN_MAR,stop_r,146,0.007677467103945215,-0.043641364916499975,0.4246575342465753,0.5616438356164384,-0.02670040744116948,-0.015457587213186198,-0.03744211113483216,-0.055852630009198566,-1.613678652251,0.5618285178354752,,,,,
EQUAL_HOLD,DELAY_1,JAN_MAR,entry_improvement_price,146,-0.30486301369861646,0.06,0.5068493150684932,0.4931506849315068,-0.058305084745754236,-0.3786206896551517,-0.5141958041957833,-0.6353900709219645,-18.79,4.280957713715801,,,,,
EQUAL_HOLD,DELAY_1,JAN_MAR,entry_improvement_points,146,-30.48630136986314,6.00000000004,0.5068493150684932,0.4931506849315068,-5.830508474578653,-37.86206896551697,-51.419580419580214,-63.53900709219866,-1878.999999999996,428.0957713715797,,,,,
EQUAL_HOLD,DELAY_1,JAN_MAR,entry_improvement_bps,146,-0.58358341245913,0.1235086471275,0.5068493150684932,0.4931506849315068,-0.107515227093161,-0.7421549520353655,-1.0155378322679929,-1.2602318624247093,-39.098345134971,8.764959660728886,,,,,
EQUAL_HOLD,DELAY_3,JAN_MAR,gross_executable_bps,146,-3.1052294448154862,-1.0766350141715004,0.4452054794520548,0.5547945205479452,-1.8255494302668223,-3.652508764765034,-4.457111721840021,-5.0739076818673405,-155.562356040642,23.52146990456451,40,-5.4770157811149485,-0.9786731726482756,-6.0412142301199045,-0.578498779963533
EQUAL_HOLD,DELAY_3,JAN_MAR,mae_bps,146,0.6308556018053906,0.04681605665050004,0.5,0.5,0.41519913383839846,-0.08814265918954464,-0.5112577838709369,-0.9128279721730638,-34.569739119428,14.21333432033079,,,,,
EQUAL_HOLD,DELAY_3,JAN_MAR,mfe_bps,146,-0.2784407814138834,0.056081488972498705,0.5,0.5,-0.44575403882483905,-0.7405105635018207,-1.4917813585703845,-2.05495305352956,-84.412816659497,17.454465025638996,,,,,
EQUAL_HOLD,DELAY_3,JAN_MAR,mae_atr,146,0.017834494792136994,0.00612162910599999,0.5,0.5,0.003357144201872886,0.00645034116807587,-0.014947789065524467,-0.03243414453246099,-1.5716448032289998,0.5680994002095113,,,,,
EQUAL_HOLD,DELAY_3,JAN_MAR,mfe_atr,146,-0.021217816993965743,0.0016434496789999864,0.5,0.4931506849315068,-0.023991959580889833,-0.040227722690455166,-0.07542874430353147,-0.10227882104923404,-4.490927327435999,0.8215837153614018,,,,,
EQUAL_HOLD,DELAY_3,JAN_MAR,stop_r,146,-0.06624739994014384,-0.013169969029499975,0.4452054794520548,0.5547945205479452,-0.08470213965994915,-0.08350096598865517,-0.11782427994804195,-0.14568602568060285,-4.198590536459,0.8174089732453708,,,,,
EQUAL_HOLD,DELAY_3,JAN_MAR,entry_improvement_price,146,-0.7686986301370616,0.005,0.5,0.5,-0.35152542372889833,-0.8998620689655932,-1.148951048951133,-1.397872340425617,-42.57,8.063832601548198,,,,,
EQUAL_HOLD,DELAY_3,JAN_MAR,entry_improvement_points,146,-76.8698630137027,0.49999999996550004,0.5,0.5,-35.15254237288562,-89.98620689655581,-114.89510489510947,-139.78723404255797,-4256.999999999971,806.3832601548155,,,,,
EQUAL_HOLD,DELAY_3,JAN_MAR,entry_improvement_bps,146,-1.584721442889274,0.010226685385,0.5,0.5,-0.7103652210772288,-1.847037539461317,-2.355082684844881,-2.8541328398422765,-84.578903553823,16.3556290373214,,,,,
EQUAL_HOLD,DELAY_5,JAN_MAR,gross_executable_bps,146,-3.4646201869648703,-1.5620002481414998,0.4246575342465753,0.5753424657534246,-1.5516619743372968,-4.576621374838324,-5.5479996243459295,-6.232657966713397,-172.00051915745,31.27632631686487,40,-7.22566527403834,0.06786046804601416,-8.1323288843402,0.75956912495815
EQUAL_HOLD,DELAY_5,JAN_MAR,mae_bps,146,1.1167668613887123,0.660099600533,0.5273972602739726,0.4726027397260274,0.9691545243457457,0.30614522522327575,-0.158397118251119,-0.5524211176870002,-40.852376403054,16.11717451652935,,,,,
EQUAL_HOLD,DELAY_5,JAN_MAR,mfe_bps,146,-0.44001214325032895,-0.524681913868,0.4726027397260274,0.5273972602739726,-0.6864809216387119,-1.2925068139455793,-2.3484512366395665,-3.104704484181816,-182.07408326867898,26.221095911007303,,,,,
EQUAL_HOLD,DELAY_5,JAN_MAR,mae_atr,146,0.027069268346924656,0.050352790040000095,0.5273972602739726,0.4726027397260274,0.035361966879974574,0.01427028749588276,-0.009468612795930068,-0.026569043342751772,-1.5712128837439998,0.6396489920740223,,,,,
EQUAL_HOLD,DELAY_5,JAN_MAR,mfe_atr,146,-0.04718462444810274,-0.04333370593500002,0.4726027397260274,0.5273972602739726,-0.037501890102169505,-0.08407253352031034,-0.13102675854047555,-0.16547047887104965,-11.849001550104,1.367175232936174,,,,,
EQUAL_HOLD,DELAY_5,JAN_MAR,stop_r,146,-0.09876919330899998,-0.07239496888099996,0.4520547945205479,0.541095890410959,-0.04502096880240677,-0.12578299570044826,-0.16099476581933567,-0.191494124281,-12.855439044406,1.3860152890284907,,,,,
EQUAL_HOLD,DELAY_5,JAN_MAR,entry_improvement_price,146,-1.1027397260273903,0.005000000000000001,0.5,0.5,-0.20779661016945758,-1.2764827586206828,-1.5538461538461468,-1.7984397163120496,-99.0,11.583439101046475,,,,,
EQUAL_HOLD,DELAY_5,JAN_MAR,entry_improvement_points,146,-110.27397260274226,0.5000000000105,0.5,0.5,-20.779661016949593,-127.64827586207163,-155.38461538461848,-179.8439716312089,-9900.0,1158.3439101046479,,,,,
EQUAL_HOLD,DELAY_5,JAN_MAR,entry_improvement_bps,146,-2.21259341362211,0.013523665547999997,0.5,0.5,-0.4155357805606271,-2.55578993076571,-3.130796633591769,-3.628890482361674,-196.03494570426,23.294890207294404,,,,,
EQUAL_HOLD,DELAY_1,APR_JUN,gross_executable_bps,194,-0.5204539005953557,-0.31144079261999996,0.42783505154639173,0.5721649484536082,-0.18974031290139098,-0.6300710833453212,-0.8262218144141257,-0.971138585881365,-30.414410127735003,7.138699865453235,53,-1.6857245427849463,0.5966343501313609,-1.9735381043289275,0.8443456073963854
EQUAL_HOLD,DELAY_1,APR_JUN,mae_bps,194,1.0591783547907474,0.07642918331799953,0.520618556701031,0.4793814432989691,0.34586318343383976,0.8711315558320001,0.5884627743536283,0.39011056045805825,-11.074338318007001,5.834679390685395,,,,,
EQUAL_HOLD,DELAY_1,APR_JUN,mfe_bps,194,-1.1969515333420517,-0.6623963751584995,0.4072164948453608,0.5927835051546392,-0.6293009252633527,-1.2944765403232903,-1.428697005200021,-1.5474731046981112,-38.501973188873,6.249470558625155,,,,,
EQUAL_HOLD,DELAY_1,APR_JUN,mae_atr,194,0.07597773335553093,0.006889280477499982,0.520618556701031,0.4793814432989691,0.02862798269601922,0.06183857174593782,0.04179456742506282,0.025941636954121685,-1.4540466392310003,0.47046338030130314,,,,,
EQUAL_HOLD,DELAY_1,APR_JUN,mfe_atr,194,-0.0837375497966392,-0.06326309373649996,0.4072164948453608,0.5876288659793815,-0.04823538096412821,-0.09478130446186529,-0.11018282242143457,-0.11960317404825926,-3.0151986183070005,0.5328648250508746,,,,,
EQUAL_HOLD,DELAY_1,APR_JUN,stop_r,194,-0.03547591294690207,-0.007613923684000046,0.42783505154639173,0.5515463917525774,-0.031397790618294875,-0.047595773201735754,-0.06731065037884817,-0.0834724117330529,-2.819289878113,0.5277645207980924,,,,,
EQUAL_HOLD,DELAY_1,APR_JUN,entry_improvement_price,194,-0.4871649484535876,-0.18,0.44329896907216493,0.5567010309278351,-0.20448717948712822,-0.5171502590673368,-0.5615706806282461,-0.598148148148127,-17.08,2.474946108924637,,,,,
EQUAL_HOLD,DELAY_1,APR_JUN,entry_improvement_points,194,-48.71649484535861,-17.9999999999835,0.44329896907216493,0.5567010309278351,-20.448717948714513,-51.71502590673362,-56.157068062824976,-59.814814814813005,-1707.999999999993,247.49461089246452,,,,,
EQUAL_HOLD,DELAY_1,APR_JUN,entry_improvement_bps,194,-1.086802897854593,-0.41925339080900004,0.44329896907216493,0.5567010309278351,-0.4568654550531731,-1.1497610351766787,-1.2465828647328325,-1.3263543184861852,-37.11478202671,5.439425556056724,,,,,
EQUAL_HOLD,DELAY_3,APR_JUN,gross_executable_bps,194,0.08138406959680924,0.8062001837045,0.5051546391752577,0.4948453608247423,0.4599726457326154,-0.1680252420714456,-0.5647046098629424,-0.7825495072246877,-44.581145763582,12.19744063384826,53,-1.6134384629907759,1.712579073260151,-2.0935610384680308,2.0609501180581047
EQUAL_HOLD,DELAY_3,APR_JUN,mae_bps,194,0.7581857025811392,-0.10850259315799926,0.4896907216494845,0.5103092783505154,0.06587873605848084,0.5377395191594613,0.20165109411274879,-0.054032314203703635,-15.248514041481,8.142567409676387,,,,,
EQUAL_HOLD,DELAY_3,APR_JUN,mfe_bps,194,-0.8678710311220466,-1.2191967103205004,0.4329896907216495,0.5670103092783505,-0.8344629041034617,-1.1014115499352333,-1.5557303795134974,-1.7669533875663175,-46.968459149332,10.51025475036433,,,,,
EQUAL_HOLD,DELAY_3,APR_JUN,mae_atr,194,0.043622863746231956,-0.005972073021499935,0.4896907216494845,0.5103092783505154,0.018627048701903848,0.02911443298844042,0.011009675302623038,-0.004571503554978836,-1.8774462624319999,0.641101515559128,,,,,
EQUAL_HOLD,DELAY_3,APR_JUN,mfe_atr,194,-0.06611853723724742,-0.10882450540900002,0.4329896907216495,0.5670103092783505,-0.08159102725541026,-0.0863261988891658,-0.11772668148538219,-0.13802498007331745,-3.41625317014,0.833365908140899,,,,,
EQUAL_HOLD,DELAY_3,APR_JUN,stop_r,194,0.014383349599639163,-0.0205539881265,0.4587628865979381,0.5360824742268041,-0.014621382587660268,-0.010985958943766853,-0.04079538780872252,-0.06329933387987303,-2.2640059127859997,0.8255814148892909,,,,,
EQUAL_HOLD,DELAY_3,APR_JUN,entry_improvement_price,194,-0.44128865979381443,-0.26,0.4690721649484536,0.5309278350515464,-0.29134615384614104,-0.4928497409326425,-0.5841884816753926,-0.6604761904761958,-22.129999999999,3.8276058737197305,,,,,
EQUAL_HOLD,DELAY_3,APR_JUN,entry_improvement_points,194,-44.12886597938103,-25.999999999999503,0.4690721649484536,0.5309278350515464,-29.13461538461381,-49.28497409326395,-58.41884816753898,-66.04761904761924,-2212.99999999992,382.76058737197695,,,,,
EQUAL_HOLD,DELAY_3,APR_JUN,entry_improvement_bps,194,-0.9807323720239536,-0.609139483195,0.4690721649484536,0.5309278350515464,-0.6445920919575769,-1.0942973768071451,-1.2937340000543456,-1.458878612595291,-47.073187852436,8.456564699787279,,,,,
EQUAL_HOLD,DELAY_5,APR_JUN,gross_executable_bps,194,-0.22075389362184536,0.15293120163549956,0.5051546391752577,0.4948453608247423,0.4452630706860448,-0.40881624113614506,-0.7244512419911675,-0.9709566295034973,-58.844680059249,13.321318403215791,53,-2.126213844043719,1.6138394641938907,-2.56255883943044,2.048064572390726
EQUAL_HOLD,DELAY_5,APR_JUN,mae_bps,194,0.5643673948825978,0.3968789537984999,0.520618556701031,0.4793814432989691,0.19901563427908975,0.3513995511271502,0.043179814743795765,-0.21125694481407412,-26.708838437565,9.034156765238093,,,,,
EQUAL_HOLD,DELAY_5,APR_JUN,mfe_bps,194,-1.1362564038210103,-0.7126572455790001,0.4381443298969072,0.5618556701030928,-1.1684347599367373,-1.405033247403767,-1.7425385571304557,-2.0180223480541537,-68.017841201168,11.433409466695963,,,,,
EQUAL_HOLD,DELAY_5,APR_JUN,mae_atr,194,0.018275974024994843,0.02825327166949998,0.520618556701031,0.4793814432989691,0.018076789659948717,0.0042090157311813455,-0.017106567301701573,-0.035749594298814816,-2.312757201645,0.7357347939632161,,,,,
EQUAL_HOLD,DELAY_5,APR_JUN,mfe_atr,194,-0.07873264694918558,-0.07696331604550005,0.4381443298969072,0.5567010309278351,-0.1048100166171859,-0.10221883808701555,-0.13174888671132462,-0.15460186555562436,-4.936817730731001,0.9595443694247638,,,,,
EQUAL_HOLD,DELAY_5,APR_JUN,stop_r,194,0.017824348267247415,-0.017076752811500007,0.4536082474226804,0.5463917525773195,-0.03670699759825,-0.008312547598891202,-0.04739679243317278,-0.07422048112537037,-3.3529606351309997,1.0006762418098585,,,,,
EQUAL_HOLD,DELAY_5,APR_JUN,entry_improvement_price,194,-0.43819587628866496,-0.315,0.4690721649484536,0.5309278350515464,-0.3135897435897564,-0.48709844559586013,-0.5843455497382251,-0.6782539682539735,-29.37,4.387033100236834,,,,,
EQUAL_HOLD,DELAY_5,APR_JUN,entry_improvement_points,194,-43.8195876288656,-31.499999999983,0.4690721649484536,0.5309278350515464,-31.358974358974375,-48.70984455958511,-58.43455497382179,-67.82539682539658,-2936.999999999989,438.7033100236831,,,,,
EQUAL_HOLD,DELAY_5,APR_JUN,entry_improvement_bps,194,-0.9996232114645619,-0.7229181907675,0.4690721649484536,0.5309278350515464,-0.7042615469267628,-1.1056432005314456,-1.3181874345875813,-1.527605921412688,-62.473543932493,9.624021675743776,,,,,
EQUAL_HOLD,DELAY_1,2026.01,gross_executable_bps,39,-3.2399461950499493,-1.514251060695,0.38461538461538464,0.6153846153846154,-2.0187089365485154,-4.1395158504760525,-4.9433566947166945,-5.550529573866794,-55.621412614981,13.191655854044948,13,-7.461906021697241,-0.5535295342866392,-8.637092049918445,-0.05508831525874278
EQUAL_HOLD,DELAY_1,2026.01,mae_bps,39,-0.4592648109372307,-0.33926809049200024,0.46153846153846156,0.5384615384615384,0.027266952079242623,-0.7310371463659999,-1.2455397595406668,-1.7181969739026763,-19.660177175959,5.926914723872318,,,,,
EQUAL_HOLD,DELAY_1,2026.01,mfe_bps,39,-0.308890756805077,0.2937239044619999,0.5128205128205128,0.46153846153846156,0.2074631277528484,-0.9329042980675792,-1.8918112014199449,-2.5085706366784413,-33.536458231510004,10.09119274342765,,,,,
EQUAL_HOLD,DELAY_1,2026.01,mae_atr,39,0.011222650029179479,-0.024142860384000004,0.46153846153846156,0.5384615384615384,0.010152751770242415,-0.015575907981500006,-0.04796063222761112,-0.07680694765755883,-0.8108108108109999,0.36767697848730413,,,,,
EQUAL_HOLD,DELAY_1,2026.01,mfe_atr,39,-0.011230506686923093,0.03190142628100001,0.5128205128205128,0.46153846153846156,0.006739503501363611,-0.03365232327705264,-0.07127677121530557,-0.10292233902432356,-1.6319574284479996,0.43279118131384364,,,,,
EQUAL_HOLD,DELAY_1,2026.01,stop_r,39,-0.08051104329966666,-0.015390655672999992,0.4358974358974359,0.5641025641025641,-0.0806826078021212,-0.12487310734692103,-0.1857865659508611,-0.21381517815323528,-1.613678652251,0.5771945429761072,,,,,
EQUAL_HOLD,DELAY_1,2026.01,entry_improvement_price,39,-0.6671794871794359,-0.05,0.48717948717948717,0.5128205128205128,-0.1678787878787273,-0.9457894736841579,-1.3544444444443888,-1.6391176470587943,-18.79,5.019476251100082,,,,,
EQUAL_HOLD,DELAY_1,2026.01,entry_improvement_points,39,-66.71794871794512,-5.000000000018,0.48717948717948717,0.5128205128205128,-16.78787878787585,-94.57894736841756,-135.44444444444244,-163.91176470588096,-1878.999999999996,501.94762511000926,,,,,
EQUAL_HOLD,DELAY_1,2026.01,entry_improvement_bps,39,-1.329092997829795,-0.11315596513,0.48717948717948717,0.5128205128205128,-0.33020018626363634,-1.879357132231421,-2.7066016730743887,-3.293882710918941,-39.098345134971,10.168829544370896,,,,,
EQUAL_HOLD,DELAY_3,2026.01,gross_executable_bps,39,-6.554768796614359,-0.392128127446,0.4358974358974359,0.5641025641025641,-2.6183234758551825,-7.705556327673158,-9.364089487616557,-10.473019607076587,-155.562356040642,29.051922643512256,13,-13.254738668681052,-1.4578906255395003,-15.038590681348293,-0.4985957904068465
EQUAL_HOLD,DELAY_3,2026.01,mae_bps,39,1.9360397073483075,-0.06543250875499984,0.48717948717948717,0.5128205128205128,0.5856545591310307,-0.7731593384075525,-2.075448265715444,-2.9128169056543824,-34.440410272706,20.625911895648922,,,,,
EQUAL_HOLD,DELAY_3,2026.01,mfe_bps,39,0.05752360005097433,0.3039928865569994,0.5384615384615384,0.46153846153846156,0.18925719005399996,-1.6967962426144474,-4.305134464354389,-6.078573063792029,-84.412816659497,23.888197328120857,,,,,
EQUAL_HOLD,DELAY_3,2026.01,mae_atr,39,0.12218316290392309,-0.007949125595999806,0.48717948717948717,0.5128205128205128,0.06645132511175758,0.0814896469203158,0.0006603688119722352,-0.05966191408199998,-0.7899455849620001,0.6120591030746524,,,,,
EQUAL_HOLD,DELAY_3,2026.01,mfe_atr,39,-0.04691559381471794,0.03532167958199994,0.5384615384615384,0.4358974358974359,-0.04253156354972727,-0.0967481280583421,-0.18159784261041667,-0.2368582720152647,-2.5249532575869997,0.8104152180317348,,,,,
EQUAL_HOLD,DELAY_3,2026.01,stop_r,39,-0.19495307603189743,-0.0018788793830000206,0.48717948717948717,0.5128205128205128,-0.08421424295127272,-0.22579263577857897,-0.27636840834655557,-0.3235704544002353,-4.198590536459,0.8679063265512184,,,,,
EQUAL_HOLD,DELAY_3,2026.01,entry_improvement_price,39,-1.4625641025642564,0.18,0.5897435897435898,0.41025641025641024,-0.6409090909092727,-1.9813157894738422,-2.8777777777779447,-3.314117647059,-42.57,9.948294674795884,,,,,
EQUAL_HOLD,DELAY_3,2026.01,entry_improvement_points,39,-146.25641025641949,18.000000000029,0.5897435897435898,0.41025641025641024,-64.09090909092177,-198.1315789473779,-287.7777777777889,-331.4117647058939,-4256.999999999971,994.8294674795857,,,,,
EQUAL_HOLD,DELAY_3,2026.01,entry_improvement_bps,39,-3.044864728215384,0.406919438994,0.5897435897435898,0.41025641025641024,-1.2060269142397575,-4.030003870833474,-5.7911935733532225,-6.69180122230997,-84.578903553823,19.919527803008226,,,,,
EQUAL_HOLD,DELAY_5,2026.01,gross_executable_bps,39,-7.13994082891559,-2.708714444031,0.3076923076923077,0.6923076923076923,-3.290417529061061,-9.265938323499526,-11.31176991699886,-12.547897709403205,-148.45518600569898,32.788308796623014,13,-14.907981013056,-1.2228135152724573,-16.982276423911998,-0.1540974429943614
EQUAL_HOLD,DELAY_5,2026.01,mae_bps,39,0.9026034802013586,0.7583120214470007,0.5128205128205128,0.48717948717948717,-0.07065010979433337,-2.1961939046716843,-3.2166776150536114,-4.143810640374059,-40.852376403054,23.375267634211156,,,,,
EQUAL_HOLD,DELAY_5,2026.01,mfe_bps,39,0.5497953068304098,-0.522858167801,0.46153846153846156,0.5384615384615384,0.8309139743814241,-1.8240111422132639,-4.886390129766611,-6.760596325637413,-94.702552460114,29.031848075673587,,,,,
EQUAL_HOLD,DELAY_5,2026.01,mae_atr,39,0.039347336443076926,0.0513018322090002,0.5128205128205128,0.48717948717948717,0.04141610157618183,-0.009056568939052623,-0.06088647385541665,-0.11288461381832353,-1.5712128837439998,0.701099339137675,,,,,
EQUAL_HOLD,DELAY_5,2026.01,mfe_atr,39,-0.008030451162410258,-0.05802249852,0.46153846153846156,0.5384615384615384,0.0005954937299393625,-0.08616133822418422,-0.18521373159558335,-0.26281722720611767,-2.8994678556019995,1.0432167867508497,,,,,
EQUAL_HOLD,DELAY_5,2026.01,stop_r,39,-0.15472950055274357,-0.08512628624900001,0.41025641025641024,0.5897435897435898,-0.09094518894039393,-0.20935721335055263,-0.29520732082369444,-0.3525676516864706,-3.423788292823,0.9261447660792431,,,,,
EQUAL_HOLD,DELAY_5,2026.01,entry_improvement_price,39,-1.4582051282050512,0.12,0.5641025641025641,0.4358974358974359,-0.3484848484847575,-2.1305263157893948,-3.11583333333325,-3.635294117647,-47.71,11.830209072271634,,,,,
EQUAL_HOLD,DELAY_5,2026.01,entry_improvement_points,39,-145.8205128205125,11.999999999989,0.5641025641025641,0.4358974358974359,-34.84848484848487,-213.05263157894746,-311.58333333333354,-363.52941176470694,-4771.000000000004,1183.0209072271623,,,,,
EQUAL_HOLD,DELAY_5,2026.01,entry_improvement_bps,39,-2.9770711765582822,0.261804091998,0.5641025641025641,0.4358974358974359,-0.4852338381235151,-4.306754669946658,-6.202343704711306,-7.325440063416676,-94.791155474582,23.869288260589204,,,,,
EQUAL_HOLD,DELAY_1,2026.02,gross_executable_bps,46,-1.5640196501520864,-2.2453228643824996,0.3695652173913043,0.6304347826086957,-1.4754955061968151,-2.1591074359698883,-3.0207198093893246,-3.7553020460812188,-37.729595127704,10.24523657043325,9,-4.262227531148025,0.7133628716052293,-4.9817660999764515,1.1770524966673432
EQUAL_HOLD,DELAY_1,2026.02,mae_bps,46,0.10255191224913048,0.457175801255,0.5434782608695652,0.45652173913043476,0.25994664397644734,-0.3149735420248666,-0.9870549292414651,-1.5772348857168537,-21.092042589924997,7.867885655892843,,,,,
EQUAL_HOLD,DELAY_1,2026.02,mfe_bps,46,-0.5772526792335658,-0.4560484857955016,0.4782608695652174,0.5217391304347826,-0.2958887422581842,-1.1733083239232893,-2.023905045271512,-2.7707569398407808,-30.94437799634599,10.364590827225134,,,,,
EQUAL_HOLD,DELAY_1,2026.02,mae_atr,46,0.03953143291230434,0.024549858887500012,0.5434782608695652,0.45652173913043476,0.014493900778052644,0.017466937818777777,-0.02404610082267442,-0.06482398085678048,-0.78013029316,0.4144617455952437,,,,,
EQUAL_HOLD,DELAY_1,2026.02,mfe_atr,46,-0.05596283525895651,-0.03049104801649999,0.4782608695652174,0.5217391304347826,-0.019333862521921027,-0.08819273866542221,-0.13046492491148837,-0.1600524249149268,-2.0437676666360005,0.5662325066288832,,,,,
EQUAL_HOLD,DELAY_1,2026.02,stop_r,46,-0.030746396940152167,-0.088769017369,0.3695652173913043,0.6304347826086957,-0.050652208154736825,-0.05492635909279999,-0.09658237586097673,-0.13729901924985363,-0.839204545455,0.42346522738219083,,,,,
EQUAL_HOLD,DELAY_1,2026.02,entry_improvement_price,46,-0.7895652173913044,-0.2799999999995,0.45652173913043476,0.5434782608695652,-0.5115789473684473,-1.0006666666666666,-1.3839534883720932,-1.712195121951244,-16.01,4.855762192841649,,,,,
EQUAL_HOLD,DELAY_1,2026.02,entry_improvement_points,46,-78.95652173913182,-27.9999999999745,0.45652173913043476,0.5434782608695652,-51.15789473684589,-100.06666666666817,-138.39534883721197,-171.21951219512601,-1601.000000000022,485.57621928416535,,,,,
EQUAL_HOLD,DELAY_1,2026.02,entry_improvement_bps,46,-1.5735916463952393,-0.5538496607915,0.45652173913043476,0.5434782608695652,-1.0168623086433948,-2.009193635420978,-2.806144227498651,-3.4789052054063165,-31.702216977023,9.906288652652098,,,,,
EQUAL_HOLD,DELAY_3,2026.02,gross_executable_bps,46,-2.9354238533355215,-2.8154632251355007,0.41304347826086957,0.5869565217391305,-3.6769402342235784,-4.695105982251178,-7.4193715007789764,-8.774559736527316,-77.11425672643199,25.35603341449216,9,-6.684758418080129,-0.41900529985358975,-7.80099076856474,0.028131417082119404
EQUAL_HOLD,DELAY_3,2026.02,mae_bps,46,1.4891091979122175,2.091646769363499,0.6086956521739131,0.391304347826087,1.6557004410811316,0.8945729115208667,-0.12396785720155816,-0.9689891458700244,-34.569739119428,11.074855787037766,,,,,
EQUAL_HOLD,DELAY_3,2026.02,mfe_bps,46,-1.4972396777733474,-2.3166831783255004,0.3695652173913043,0.6304347826086957,-1.118601962367237,-2.6281882956159994,-4.3882323604130695,-5.53690439785278,-68.00746399366298,18.795814844496284,,,,,
EQUAL_HOLD,DELAY_3,2026.02,mae_atr,46,0.04884696958208694,0.1052258465855,0.6086956521739131,0.391304347826087,0.06580429132047368,0.028978122778199986,-0.007484632036279085,-0.043659461702804894,-1.0233990877310002,0.4874542049540056,,,,,
EQUAL_HOLD,DELAY_3,2026.02,mfe_atr,46,-0.0818039821228478,-0.16229942333099998,0.3695652173913043,0.6304347826086957,-0.08115350905942104,-0.14440448192551109,-0.2274416188324186,-0.28672263587712193,-4.490927327435999,0.9997370721389308,,,,,
EQUAL_HOLD,DELAY_3,2026.02,stop_r,46,-0.08558708640136956,-0.1651734627125,0.41304347826086957,0.5869565217391305,-0.12633943252357893,-0.14093836579815552,-0.22806699166651162,-0.28378808423436586,-1.97971830986,0.8501994867426004,,,,,
EQUAL_HOLD,DELAY_3,2026.02,entry_improvement_price,46,-2.4321739130434783,-1.4849999999999999,0.32608695652173914,0.6739130434782609,-1.444210526315842,-2.857111111111134,-3.4651162790697905,-3.8592682926829758,-41.36,8.827550034609128,,,,,
EQUAL_HOLD,DELAY_3,2026.02,entry_improvement_points,46,-243.21739130434412,-148.499999999967,0.32608695652173914,0.6739130434782609,-144.42105263157927,-285.71111111110844,-346.51162790697464,-385.92682926829167,-4135.999999999967,882.7550034609063,,,,,
EQUAL_HOLD,DELAY_3,2026.02,entry_improvement_bps,46,-4.991522452897304,-2.8791787277285,0.32608695652173914,0.6739130434782609,-2.9535083378487106,-5.8705775745095785,-7.100552304343651,-7.8869664399702195,-81.899043983113,17.902455340247258,,,,,
EQUAL_HOLD,DELAY_5,2026.02,gross_executable_bps,46,-4.171933213634326,-3.9199366772950004,0.391304347826087,0.6086956521739131,-2.5723578916964738,-7.770766219597,-10.212340504123397,-11.870332217021708,-172.00051915745,41.09735298909287,9,-12.728035827936184,3.414795117201744,-14.817813643655592,4.745137687224218
EQUAL_HOLD,DELAY_5,2026.02,mae_bps,46,3.742486199418891,3.4718293740714996,0.6521739130434783,0.34782608695652173,3.8712880390701314,2.9979932859789775,1.7846984845208371,0.852610796236512,-35.581047319867004,13.227475011374315,,,,,
EQUAL_HOLD,DELAY_5,2026.02,mfe_bps,46,-1.0976051730062393,0.3137884582285,0.5217391304347826,0.4782608695652174,-0.5558794399574477,-3.8591456236855106,-6.1323818247690465,-7.732611656304073,-182.07408326867898,36.36677786981094,,,,,
EQUAL_HOLD,DELAY_5,2026.02,mae_atr,46,0.1456007703055652,0.2025774845115,0.6521739130434783,0.34782608695652173,0.14781564558534208,0.10699364316239998,0.052892578546023236,0.01309033432178047,-1.200698080279,0.6265273187252093,,,,,
EQUAL_HOLD,DELAY_5,2026.02,mfe_atr,46,-0.13991343051897823,0.01743390150049995,0.5217391304347826,0.4782608695652174,-0.03431752541260526,-0.26083511099766665,-0.35680945564290695,-0.437457617893878,-11.849001550104,2.0492493484937064,,,,,
EQUAL_HOLD,DELAY_5,2026.02,stop_r,46,-0.25871780958586954,-0.2400752825995,0.391304347826087,0.6086956521739131,-0.09873134991502629,-0.34931669765335555,-0.4549165758112325,-0.525645447128317,-12.855439044406,2.109589060779991,,,,,
EQUAL_HOLD,DELAY_5,2026.02,entry_improvement_price,46,-3.5967391304347824,-0.5800000000000001,0.391304347826087,0.6086956521739131,-1.326842105263158,-4.028666666666666,-4.583023255813953,-5.123170731707317,-99.0,15.916789884946843,,,,,
EQUAL_HOLD,DELAY_5,2026.02,entry_improvement_points,46,-359.6739130434819,-57.999999999992994,0.391304347826087,0.6086956521739131,-132.68421052632084,-402.8666666666707,-458.302325581399,-512.3170731707366,-9900.0,1591.678988494684,,,,,
EQUAL_HOLD,DELAY_5,2026.02,entry_improvement_bps,46,-7.303188714667413,-1.1215737533,0.391304347826087,0.6086956521739131,-2.7278107225459998,-8.194494213208289,-9.311844324726092,-10.378541104087292,-196.03494570426,31.721060364811272,,,,,
EQUAL_HOLD,DELAY_1,2026.03,gross_executable_bps,61,0.2751090248322787,-1.3632142202280004,0.4426229508196721,0.5573770491803278,0.012527048029142854,-0.13979201026251661,-0.8678749197511897,-1.4663075938361785,-25.362369842952,9.624321197104033,18,-2.463789079678414,3.045629691816746,-3.121877515606863,3.6024530064692146
EQUAL_HOLD,DELAY_1,2026.03,mae_bps,61,-0.030059789759491962,0.060052685021000585,0.5081967213114754,0.4918032786885246,0.1189001188874284,-0.3540695664524001,-0.8484308682634139,-1.1448854918709108,-22.414739204278,6.779783301235267,,,,,
EQUAL_HOLD,DELAY_1,2026.03,mfe_bps,61,0.04679505585629524,0.372974649503,0.5409836065573771,0.45901639344262296,0.05138959215053076,-0.33582813350763324,-0.8007911946036551,-1.167970335503232,-16.95223897214,6.748726179889502,,,,,
EQUAL_HOLD,DELAY_1,2026.03,mae_atr,61,0.0012962922375082113,0.007290400972000066,0.5081967213114754,0.4918032786885246,0.007333009572387771,-0.012940258920233316,-0.0392557917419655,-0.05950463791567855,-1.02675231171,0.3663275603956044,,,,,
EQUAL_HOLD,DELAY_1,2026.03,mfe_atr,61,0.012038462704311456,0.03582137288599996,0.5409836065573771,0.45901639344262296,0.0018179057321836545,-0.016470539746250016,-0.03544290899531036,-0.05302932833342859,-0.8331947139819998,0.3807452882694919,,,,,
EQUAL_HOLD,DELAY_1,2026.03,stop_r,61,0.0930356581165574,-0.007507708808000002,0.45901639344262296,0.5081967213114754,0.03463967879204082,0.03854858003370001,-0.0036693614521379233,-0.03375267114167856,-1.020155038759,0.6354054209229486,,,,,
EQUAL_HOLD,DELAY_1,2026.03,entry_improvement_price,61,0.2922950819672131,0.5,0.5573770491803278,0.4426229508196721,0.23693877551018366,0.12400000000001667,-0.11362068965517243,-0.28232142857142856,-7.79,3.165525440029766,,,,,
EQUAL_HOLD,DELAY_1,2026.03,entry_improvement_points,61,29.229508196719756,50.0,0.5573770491803278,0.4426229508196721,23.69387755101423,12.399999999999384,-11.362068965518999,-28.232142857145142,-778.999999999996,316.5525440029739,,,,,
EQUAL_HOLD,DELAY_1,2026.03,entry_improvement_bps,61,0.6396174496804918,1.128016315628,0.5573770491803278,0.4426229508196721,0.4825554089277756,0.27678957674025,-0.21723280889751725,-0.5965946097855535,-16.958044622079,6.628318222910598,,,,,
EQUAL_HOLD,DELAY_3,2026.03,gross_executable_bps,61,-1.0278363708469997,-0.8189078637409999,0.47540983606557374,0.5245901639344263,-0.5615122136711019,-1.7262811359703165,-2.772794433589396,-3.7033163920233925,-82.146305588265,17.554517805124387,18,-3.97188709318536,1.8452646657190352,-4.676373254735285,2.5217286918599595
EQUAL_HOLD,DELAY_3,2026.03,mae_bps,61,-0.850813997163262,-0.3678469201489989,0.4262295081967213,0.5737704918032787,-0.7972627776253467,-1.381592919513533,-2.141161226371069,-2.7051417720180533,-27.593146580408998,11.085176016453463,,,,,
EQUAL_HOLD,DELAY_3,2026.03,mfe_bps,61,0.42585656867473776,0.5841805143269987,0.5737704918032787,0.4262295081967213,0.22657097510495908,-0.17328257029918326,-0.9747980860327585,-1.5570334329934463,-23.577723810802002,10.400482715066943,,,,,
EQUAL_HOLD,DELAY_3,2026.03,mae_atr,61,-0.07226668384224588,-0.02815356490000001,0.4262295081967213,0.5737704918032787,-0.07962367345655101,-0.09404878300814998,-0.1363825302416724,-0.17288613773773215,-1.5716448032289998,0.5902654928847586,,,,,
EQUAL_HOLD,DELAY_3,2026.03,mfe_atr,61,0.04089983697222949,0.03223245474699987,0.5737704918032787,0.4262295081967213,0.018397905475448968,-0.0038140892209166766,-0.058011621062500004,-0.09059154696126785,-1.487203206907,0.6771420745706309,,,,,
EQUAL_HOLD,DELAY_3,2026.03,stop_r,61,0.030623861449934425,-0.01051079233099994,0.4426229508196721,0.5573770491803278,-0.049389502851040816,-0.009457735477466664,-0.07911472951263793,-0.13094450581887498,-1.287356321839,0.7582376428750346,,,,,
EQUAL_HOLD,DELAY_3,2026.03,entry_improvement_price,61,0.9293442622949999,0.29,0.5737704918032787,0.4262295081967213,0.6655102040815715,0.65933333333325,0.22844827586199995,-0.10892857142864289,-11.3,5.536655689990884,,,,,
EQUAL_HOLD,DELAY_3,2026.03,entry_improvement_points,61,92.93442622950157,28.999999999996,0.5737704918032787,0.4262295081967213,66.55102040815889,65.9333333333264,22.844827586200612,-10.892857142862669,-1130.000000000018,553.6655689990854,,,,,
EQUAL_HOLD,DELAY_3,2026.03,entry_improvement_bps,61,1.9178758454400326,0.568882890553,0.5737704918032787,0.4262295081967213,1.429545731464796,1.3423219001964166,0.45204841103481025,-0.23362613141814295,-23.167696096419,11.491101887368181,,,,,
EQUAL_HOLD,DELAY_5,2026.03,gross_executable_bps,61,-0.5814414285571151,1.0599345214270002,0.5245901639344263,0.47540983606557374,0.543168692989408,-1.3530755123635672,-2.3983022138691554,-3.459911184838858,-79.29577015119901,19.969102902280447,18,-4.336944547270614,3.3886105645546793,-5.165367183013803,4.37190929445987
EQUAL_HOLD,DELAY_5,2026.03,mae_bps,61,-0.7263596580060655,-1.431969438725,0.4426229508196721,0.5573770491803278,-0.705738861729551,-1.1863007341789833,-2.0904872587743273,-2.8321786306255174,-31.187817986893997,11.904293200440515,,,,,
EQUAL_HOLD,DELAY_5,2026.03,mfe_bps,61,-0.5769500315188033,-0.6742479249929989,0.4426229508196721,0.5573770491803278,-1.0437026490519183,-1.1797490859928668,-2.2302130838366034,-2.8378365383314823,-33.513602896275,11.613398133568923,,,,,
EQUAL_HOLD,DELAY_5,2026.03,mae_atr,61,-0.07016505535549179,-0.127577253984,0.4426229508196721,0.5573770491803278,-0.057262011758428565,-0.09227893837731665,-0.13073888807762069,-0.16572863199712498,-1.546922300706,0.6021531750551741,,,,,
EQUAL_HOLD,DELAY_5,2026.03,mfe_atr,61,-0.002290979839606568,-0.050677034455,0.4426229508196721,0.5573770491803278,-0.03972826986555103,-0.0620852603979,-0.1320165099106552,-0.16261078885403574,-1.917001828153,0.8177370307217432,,,,,
EQUAL_HOLD,DELAY_5,2026.03,stop_r,61,0.057625697367098355,0.004294478527000045,0.5245901639344263,0.45901639344262296,0.026223550015836736,0.014195881754116669,-0.04689609291836207,-0.09867743564664286,-1.455426176059,0.8455651236755045,,,,,
EQUAL_HOLD,DELAY_5,2026.03,entry_improvement_price,61,1.0052459016393114,0.67,0.5409836065573771,0.45901639344262296,0.5099999999999796,0.7106666666666333,0.23275862068963793,-0.23035714285716072,-8.93,6.020360622243276,,,,,
EQUAL_HOLD,DELAY_5,2026.03,entry_improvement_points,61,100.5245901639309,67.000000000007,0.5409836065573771,0.45901639344262296,50.999999999997634,71.06666666666258,23.27586206896231,-23.035714285716946,-893.000000000029,602.0360622243302,,,,,
EQUAL_HOLD,DELAY_5,2026.03,entry_improvement_bps,61,2.114980629043377,1.320226846037,0.5409836065573771,0.45901639344262296,1.0489473330188164,1.4574069620530168,0.44925489294618964,-0.4768086933645179,-19.741176158496,12.514588132535422,,,,,
EQUAL_HOLD,DELAY_1,2026.04,gross_executable_bps,66,-1.1877523399087426,-0.649519342130001,0.4090909090909091,0.5909090909090909,-0.495169724706426,-1.3755878945627078,-1.700333624060127,-2.005231392315705,-30.414410127735003,6.952423202682867,18,-3.247714040485219,0.711360869820739,-3.7636787178120588,1.1731481606398833
EQUAL_HOLD,DELAY_1,2026.04,mae_bps,66,2.252165726572288,0.351224785803,0.6060606060606061,0.3939393939393939,0.9302431558839074,1.7121650369221846,0.8818845559668095,0.4076165450133607,-11.074338318007001,7.768638260835223,,,,,
EQUAL_HOLD,DELAY_1,2026.04,mfe_bps,66,-2.700641542426182,-0.8334804385269998,0.3939393939393939,0.6060606060606061,-1.1867748144582038,-2.917098591398862,-3.1654827481750636,-3.3911517788163117,-38.501973188873,8.052861539333117,,,,,
EQUAL_HOLD,DELAY_1,2026.04,mae_atr,66,0.16899301492733335,0.03230086625999995,0.6060606060606061,0.3939393939393939,0.09350136162922222,0.12844158555687693,0.0769982531802857,0.039846735147983606,-1.4540466392310003,0.6045681057359694,,,,,
EQUAL_HOLD,DELAY_1,2026.04,mfe_atr,66,-0.2115606876353182,-0.08353361292399998,0.3939393939393939,0.6060606060606061,-0.09335495189827778,-0.2245091599506154,-0.24814814612284128,-0.26822257174795083,-3.0151986183070005,0.6477465460962571,,,,,
EQUAL_HOLD,DELAY_1,2026.04,stop_r,66,-0.04465913452321213,-0.004737769848500051,0.45454545454545453,0.5303030303030303,-0.03193682979803705,-0.06742913576975385,-0.08960515317000001,-0.10618592982732789,-1.369432314411,0.3942639492417844,,,,,
EQUAL_HOLD,DELAY_1,2026.04,entry_improvement_price,66,-0.8628787878787727,-0.28500000000000003,0.4090909090909091,0.5909090909090909,-0.3859259259258704,-0.9576923076922923,-1.0684126984126825,-1.1734426229507868,-17.08,3.245227864538028,,,,,
EQUAL_HOLD,DELAY_1,2026.04,entry_improvement_points,66,-86.28787878787992,-28.499999999985498,0.4090909090909091,0.5909090909090909,-38.5925925925912,-95.7692307692322,-106.84126984127195,-117.34426229508337,-1707.999999999993,324.52278645380534,,,,,
EQUAL_HOLD,DELAY_1,2026.04,entry_improvement_bps,66,-1.8505516764722425,-0.6057833047385,0.4090909090909091,0.5909090909090909,-0.8120128941607407,-2.0492388961919383,-2.285114670269365,-2.510748028657656,-37.11478202671,6.98694002466138,,,,,
EQUAL_HOLD,DELAY_3,2026.04,gross_executable_bps,66,0.14022838713601526,0.9276787112189997,0.5454545454545454,0.45454545454545453,0.8989743408320187,-0.1274537491004922,-0.6532419287394603,-1.1685057487087869,-36.931492215752,10.401324520453008,18,-1.9864354438374052,2.476337022917275,-2.366487094931035,3.0916432993114165
EQUAL_HOLD,DELAY_3,2026.04,mae_bps,66,1.8287448486600457,-0.5430438751905,0.4696969696969697,0.5303030303030303,0.8950367221334815,1.1906593985938156,0.45500626267560335,-0.0015289283495408285,-14.460654867539997,9.258291609206726,,,,,
EQUAL_HOLD,DELAY_3,2026.04,mfe_bps,66,-2.7670783336580453,-1.086779517944,0.4393939393939394,0.5606060606060606,-1.160080605085704,-3.0701551613777696,-3.524986456556651,-3.9548043752491804,-46.968459149332,11.01201211220314,,,,,
EQUAL_HOLD,DELAY_3,2026.04,mae_atr,66,0.11472692863969698,-0.05857769848349995,0.4696969696969697,0.5303030303030303,0.08332538974566667,0.08630882887855384,0.04195574162561904,-0.0008996274591803286,-1.3936899862820002,0.6911417391584188,,,,,
EQUAL_HOLD,DELAY_3,2026.04,mfe_atr,66,-0.2111800145884091,-0.11141951017499999,0.4393939393939394,0.5606060606060606,-0.11642284228316668,-0.23560941945806155,-0.2771962861206191,-0.3120479761619672,-3.41625317014,0.8432040377387977,,,,,
EQUAL_HOLD,DELAY_3,2026.04,stop_r,66,-0.02532733845074243,-0.005148030141500115,0.4393939393939394,0.5454545454545454,-0.0046985674556481545,-0.057875523798323086,-0.09419211147819048,-0.12250389588586887,-2.145153820708,0.6314442688576382,,,,,
EQUAL_HOLD,DELAY_3,2026.04,entry_improvement_price,66,-0.5349999999999848,0.29,0.5454545454545454,0.45454545454545453,-0.12148148148142593,-0.682307692307677,-0.8958730158730158,-1.0934426229508032,-22.129999999999,4.742354251440276,,,,,
EQUAL_HOLD,DELAY_3,2026.04,entry_improvement_points,66,-53.49999999999784,28.999999999996,0.5454545454545454,0.45454545454545453,-12.148148148143832,-68.23076923076698,-89.58730158730094,-109.34426229508016,-2212.99999999992,474.23542514402885,,,,,
EQUAL_HOLD,DELAY_3,2026.04,entry_improvement_bps,66,-1.1285794414074242,0.6353212626255,0.5454545454545454,0.45454545454545453,-0.2466026876737222,-1.4452595829312924,-1.9063187600635556,-2.323016190376049,-47.073187852436,10.150523336624476,,,,,
EQUAL_HOLD,DELAY_5,2026.04,gross_executable_bps,66,1.5791877409917576,1.0925611925420005,0.5454545454545454,0.45454545454545453,2.4433257600489076,1.2544653531384153,0.5842871635616507,-0.017912564617688646,-58.844680059249,13.00406168561488,18,-1.3883037042118855,4.313200595787827,-2.0191904461164607,4.862964325736667
EQUAL_HOLD,DELAY_5,2026.04,mae_bps,66,0.8895868506193636,0.37644196749850023,0.5151515151515151,0.48484848484848486,0.27563666889266675,0.43832218982915383,-0.35726998031433327,-0.9070566760980492,-17.60251417806,9.409332888974973,,,,,
EQUAL_HOLD,DELAY_5,2026.04,mfe_bps,66,-1.9759586913400302,-0.49729581558400016,0.4696969696969697,0.5303030303030303,-1.1523050624521667,-2.4812655404308,-3.1373268995118573,-3.6833543194635574,-68.017841201168,12.877296720334687,,,,,
EQUAL_HOLD,DELAY_5,2026.04,mae_atr,66,0.016378959974166662,0.031213307753000047,0.5151515151515151,0.48484848484848486,0.013743135656500014,-0.015929680978523077,-0.07017003368860317,-0.11674288183091802,-2.312757201645,0.8071074474808382,,,,,
EQUAL_HOLD,DELAY_5,2026.04,mfe_atr,66,-0.14520208147153033,-0.052846408069,0.4696969696969697,0.5303030303030303,-0.10710223137527777,-0.17677013713033846,-0.23213191775982542,-0.28606756413716394,-4.936817730731001,1.0221637014271001,,,,,
EQUAL_HOLD,DELAY_5,2026.04,stop_r,66,0.08570765059945454,-0.006709095259000097,0.48484848484848486,0.5151515151515151,0.012032418898240728,0.009145533678953837,-0.06930842428571429,-0.12164316190572132,-3.3529606351309997,1.0830212232111638,,,,,
EQUAL_HOLD,DELAY_5,2026.04,entry_improvement_price,66,0.021666666666636362,0.1499999999995,0.5454545454545454,0.45454545454545453,0.39481481481477776,-0.09507692307695385,-0.31825396825400004,-0.5260655737705245,-29.37,5.020286716707384,,,,,
EQUAL_HOLD,DELAY_5,2026.04,entry_improvement_points,66,2.166666666665769,14.9999999999635,0.5454545454545454,0.45454545454545453,39.48148148147929,-9.507692307692711,-31.82539682539851,-52.60655737705087,-2936.999999999989,502.0286716707354,,,,,
EQUAL_HOLD,DELAY_5,2026.04,entry_improvement_bps,66,0.05689400287386361,0.3158494844285,0.5454545454545454,0.45454545454545453,0.8581242538541111,-0.18663690209320002,-0.6593561222810159,-1.1039834129516066,-62.473543932493,10.676850600874724,,,,,
EQUAL_HOLD,DELAY_1,2026.05,gross_executable_bps,66,-0.3842623877383636,-0.25372772403099997,0.45454545454545453,0.5454545454545454,-0.04098465276975919,-0.6868508942900152,-1.1041532356528572,-1.4361825137840818,-29.378609740842997,7.285626645584559,16,-2.4224790901048388,1.5694794572488389,-2.883243134540071,1.9894493543150134
EQUAL_HOLD,DELAY_1,2026.05,mae_bps,66,0.5714477580063182,0.055913558578500056,0.5,0.5,0.12927516068546294,0.2597039964089231,-0.1790671038107301,-0.44378384570440976,-9.720738706419999,4.957596251737216,,,,,
EQUAL_HOLD,DELAY_1,2026.05,mfe_bps,66,-0.8827517593506062,-0.775534708156,0.3787878787878788,0.6212121212121212,-0.703112798511389,-1.0759954644177079,-1.386662851936,-1.6345054206306557,-17.851927733093,4.723340005730441,,,,,
EQUAL_HOLD,DELAY_1,2026.05,mae_atr,66,0.06460368527387877,0.002627950627000015,0.5,0.5,0.02077478622935185,0.03255891980332307,-0.0067089712370317495,-0.026515708921803282,-0.783534605896,0.4421990762685212,,,,,
EQUAL_HOLD,DELAY_1,2026.05,mfe_atr,66,-0.09044661629748486,-0.07940839642099999,0.3787878787878788,0.6060606060606061,-0.06201334584601853,-0.10548464716621539,-0.12950142454485716,-0.15041949166647542,-1.998233527645,0.42503088844415027,,,,,
EQUAL_HOLD,DELAY_1,2026.05,stop_r,66,-0.06358755180084848,-0.005452928935000045,0.4393939393939394,0.5303030303030303,-0.018842611111962962,-0.10000670053987691,-0.12470331443625396,-0.14831925313180327,-2.819289878113,0.6293627583237095,,,,,
EQUAL_HOLD,DELAY_1,2026.05,entry_improvement_price,66,-0.2866666666666666,-0.16499999999999998,0.48484848484848486,0.5151515151515151,-0.05907407407403703,-0.3509230769230769,-0.46634920634919047,-0.555245901639328,-8.36,2.233621642316775,,,,,
EQUAL_HOLD,DELAY_1,2026.05,entry_improvement_points,66,-28.666666666666774,-16.4999999999965,0.48484848484848486,0.5151515151515151,-5.907407407406648,-35.09230769230831,-46.63492063492081,-55.52459016393425,-835.999999999967,223.36216423167357,,,,,
EQUAL_HOLD,DELAY_1,2026.05,entry_improvement_bps,66,-0.6440982186746212,-0.3638885851915,0.48484848484848486,0.5151515151515151,-0.13135937669235187,-0.7817285342894615,-1.0335301325990478,-1.2321472344914919,-18.50343508747,4.925961950724611,,,,,
EQUAL_HOLD,DELAY_3,2026.05,gross_executable_bps,66,-0.08100704132780301,-1.173533620984,0.4696969696969697,0.5303030303030303,0.1275328547359815,-0.6237876796421846,-1.231623744695254,-1.8261229355493933,-32.402678734175,11.423520316802785,16,-2.901729632022229,2.66810357984342,-3.399476614255343,3.1036128830287164
EQUAL_HOLD,DELAY_3,2026.05,mae_bps,66,0.10045733782098483,0.2551288786804995,0.5303030303030303,0.4696969696969697,-0.24545526090598152,-0.32265857200321535,-0.8386718423473968,-1.2666476512558362,-15.248514041481,7.262985047298018,,,,,
EQUAL_HOLD,DELAY_3,2026.05,mfe_bps,66,-1.013827825578591,-1.5622495651854993,0.3484848484848485,0.6515151515151515,-1.5540316271584445,-1.7095090090463076,-2.2268084709791274,-2.6130227999023936,-17.931092497779,8.540278061653666,,,,,
EQUAL_HOLD,DELAY_3,2026.05,mae_atr,66,0.031933115612287885,0.02660379294549986,0.5303030303030303,0.4696969696969697,0.013255554334833337,-0.011325605685984608,-0.04939756534503174,-0.08271558215036065,-1.8774462624319999,0.6585141320814432,,,,,
EQUAL_HOLD,DELAY_3,2026.05,mfe_atr,66,-0.12049205431486364,-0.17034421960500007,0.3484848484848485,0.6515151515151515,-0.15048973605585184,-0.15818087672684616,-0.20168808911298414,-0.23904359329440983,-1.8511424731180002,0.660141462545446,,,,,
EQUAL_HOLD,DELAY_3,2026.05,stop_r,66,-0.08116262432209093,-0.024188039808499928,0.4696969696969697,0.5303030303030303,-0.060772466559629645,-0.11022614865047693,-0.15674492920750793,-0.19544582999521312,-2.2640059127859997,0.7172257857446059,,,,,
EQUAL_HOLD,DELAY_3,2026.05,entry_improvement_price,66,-0.34621212121216666,-0.605,0.3939393939393939,0.6060606060606061,-0.47111111111116666,-0.49784615384619996,-0.7368253968254445,-0.9575409836066066,-7.85,3.519620506270278,,,,,
EQUAL_HOLD,DELAY_3,2026.05,entry_improvement_points,66,-34.62121212121677,-60.500000000001506,0.3939393939393939,0.6060606060606061,-47.111111111117076,-49.78461538462045,-73.68253968254554,-95.75409836066292,-785.000000000036,351.9620506270365,,,,,
EQUAL_HOLD,DELAY_3,2026.05,entry_improvement_bps,66,-0.7535185465101364,-1.320620052869,0.3939393939393939,0.6060606060606061,-1.0255301980927778,-1.0872236557046306,-1.6077541794178096,-2.0955812691882296,-17.374637013954,7.738149853499413,,,,,
EQUAL_HOLD,DELAY_5,2026.05,gross_executable_bps,66,-0.26066714623433335,0.7061229913904996,0.5303030303030303,0.4696969696969697,0.2703014002949259,-0.6775152924461845,-1.37743333465127,-2.063074517788557,-33.464137419472,13.007315218603068,16,-3.664413757249523,3.173820293693014,-4.33697449825735,3.842622717467
EQUAL_HOLD,DELAY_5,2026.05,mae_bps,66,-0.16290061983589396,0.19451713890000033,0.5151515151515151,0.48484848484848486,0.04920169787564811,-0.5735134760905847,-1.0759697010500318,-1.501031066233082,-26.708838437565,8.959704013562435,,,,,
EQUAL_HOLD,DELAY_5,2026.05,mfe_bps,66,-2.135279831967591,-1.4732252550959992,0.36363636363636365,0.6363636363636364,-1.9026926103572221,-2.6417373857429385,-3.1469727217479204,-3.602405750171262,-29.764051688184,9.435135528715154,,,,,
EQUAL_HOLD,DELAY_5,2026.05,mae_atr,66,0.022872342023393943,0.026359473753999982,0.5151515151515151,0.48484848484848486,0.020514688739111105,-0.018824990018261534,-0.060530331834507935,-0.09523779352052458,-1.734845360825,0.7379138523855743,,,,,
EQUAL_HOLD,DELAY_5,2026.05,mfe_atr,66,-0.21270931168540913,-0.13087426686199996,0.36363636363636365,0.6212121212121212,-0.1876100601767037,-0.24084547908830772,-0.29376399100603173,-0.33460896647072136,-2.2736766294560002,0.788993156818944,,,,,
EQUAL_HOLD,DELAY_5,2026.05,stop_r,66,-0.06371106576300001,-0.008910000219499975,0.4696969696969697,0.5303030303030303,-0.05608188007077778,-0.10061375746263077,-0.15416494473992062,-0.2005375667379836,-2.200035329447,0.8485542370811501,,,,,
EQUAL_HOLD,DELAY_5,2026.05,entry_improvement_price,66,-0.5634848484848485,-1.1199999999995,0.42424242424242425,0.5757575757575758,-0.5842592592592593,-0.7106153846153845,-1.0125396825396826,-1.3175409836065575,-13.53,4.8082341208915205,,,,,
EQUAL_HOLD,DELAY_5,2026.05,entry_improvement_points,66,-56.34848484848695,-111.999999999989,0.42424242424242425,0.5757575757575758,-58.425925925927906,-71.06153846154061,-101.25396825397104,-131.7540983606585,-1352.999999999975,480.82341208915244,,,,,
EQUAL_HOLD,DELAY_5,2026.05,entry_improvement_bps,66,-1.2154988717121364,-2.5074106783705,0.42424242424242425,0.5757575757575758,-1.2679647271672592,-1.533617849406846,-2.19158448436673,-2.8690744533749837,-29.820679197376,10.56472025430804,,,,,
EQUAL_HOLD,DELAY_1,2026.06,gross_executable_bps,62,0.04491798885822583,-0.22393999481049942,0.41935483870967744,0.5806451612903226,0.0410862923517201,-0.292635197720295,-0.7863378800516949,-1.207348132774684,-22.134923324694,7.234903329725766,19,-1.9088120549666563,1.5296761054040546,-2.412488127544064,1.7700342854673492
EQUAL_HOLD,DELAY_1,2026.06,mae_bps,62,0.30842114269704834,-0.22369710092249973,0.45161290322580644,0.5483870967741935,0.09718691646808003,0.04015376501519676,-0.1922578471610169,-0.4164342752628772,-7.136299249348999,3.852605484616255,,,,,
EQUAL_HOLD,DELAY_1,2026.06,mfe_bps,62,0.06928000724048393,-0.3039664284384993,0.45161290322580644,0.5483870967741935,0.06227218660653995,-0.21852482565781967,-0.5579881891502712,-0.8252746315072632,-12.072452350797,5.149131915009892,,,,,
EQUAL_HOLD,DELAY_1,2026.06,mae_atr,62,-0.010930676488822592,-0.020448150636000056,0.45161290322580644,0.5483870967741935,-0.003214418440660017,-0.02147653508450821,-0.040984240724559334,-0.057114614691333346,-0.8284023668639999,0.2920304090047777,,,,,
EQUAL_HOLD,DELAY_1,2026.06,mfe_atr,62,0.05947415159704837,-0.03148977386350005,0.45161290322580644,0.5483870967741935,0.011082098659379995,0.026880168826639333,-0.018854864795406785,-0.03915223711328071,-0.583333333333,0.469280960315282,,,,,
EQUAL_HOLD,DELAY_1,2026.06,stop_r,62,0.0042250675111128976,-0.02539161890400002,0.3870967741935484,0.5967741935483871,-0.04358089603830001,-0.027144217927885256,-0.08293146538001696,-0.11710431765645615,-1.313327233913,0.5394545532610828,,,,,
EQUAL_HOLD,DELAY_1,2026.06,entry_improvement_price,62,-0.3006451612902742,-0.175,0.43548387096774194,0.5645161290322581,-0.21679999999998,-0.35114754098357376,-0.4452542372881017,-0.5361403508771578,-4.91,1.6156528102203298,,,,,
EQUAL_HOLD,DELAY_1,2026.06,entry_improvement_points,62,-30.064516129024014,-17.499999999972502,0.43548387096774194,0.5645161290322581,-21.67999999999396,-35.114754098353345,-44.52542372880661,-53.614035087712054,-491.000000000031,161.56528102203643,,,,,
EQUAL_HOLD,DELAY_1,2026.06,entry_improvement_bps,62,-0.7450462758725485,-0.41925339080900004,0.43548387096774194,0.5645161290322581,-0.52638141047556,-0.8584924522569344,-1.0827721344002035,-1.298193701829544,-12.086064595216,3.843933509002433,,,,,
EQUAL_HOLD,DELAY_3,2026.06,gross_executable_bps,62,0.19161130126514492,0.16999936384999992,0.5,0.5,0.3034629442836199,-0.59569640234641,-1.649734388736695,-2.3579463756652985,-44.581145763582,14.708569180843416,19,-3.9438471305317355,3.3656581420584266,-4.979147950234641,3.8732372032699662
EQUAL_HOLD,DELAY_3,2026.06,mae_bps,62,0.31872067730633874,-0.246240469972,0.46774193548387094,0.532258064516129,-0.40152896841097985,-0.29351958611236056,-0.8775044457121864,-1.2524037888967192,-14.049474519018,7.766735521917843,,,,,
EQUAL_HOLD,DELAY_3,2026.06,mfe_bps,62,1.3092391366442093,0.5319288820029999,0.5161290322580645,0.4838709677419355,0.5362092997535997,0.614070354797426,-0.37583899392606807,-1.013589880878509,-29.26592911707,11.568362733188875,,,,,
EQUAL_HOLD,DELAY_3,2026.06,mae_atr,62,-0.019624634739709677,-0.025130659898999985,0.46774193548387094,0.532258064516129,-0.019383104388920002,-0.04542723811009837,-0.08632277775842373,-0.11570360874359649,-1.856598984772,0.565377889332589,,,,,
EQUAL_HOLD,DELAY_3,2026.06,mfe_atr,62,0.14618323102564515,0.06462718795300001,0.5161290322580645,0.4838709677419355,0.03546165763732,0.08572787150831147,-0.005801782665559315,-0.05905777359233332,-1.581884720951,0.9505748746357435,,,,,
EQUAL_HOLD,DELAY_3,2026.06,stop_r,62,0.15836624782801612,-0.03935661035950003,0.46774193548387094,0.532258064516129,0.05133533205325999,0.08045979453868851,-0.012942059804389845,-0.07292793673135088,-1.663375662266,1.072763903977773,,,,,
EQUAL_HOLD,DELAY_3,2026.06,entry_improvement_price,62,-0.4427419354838387,-0.2,0.46774193548387094,0.532258064516129,-0.26139999999998,-0.5411475409835738,-0.7018644067796271,-0.8428070175438246,-11.91,3.0281077624211963,,,,,
EQUAL_HOLD,DELAY_3,2026.06,entry_improvement_points,62,-44.274193548383145,-20.000000000005002,0.46774193548387094,0.532258064516129,-26.1399999999967,-54.114754098356556,-70.18644067796201,-84.28070175438192,-1191.000000000031,302.8107762421224,,,,,
EQUAL_HOLD,DELAY_3,2026.06,entry_improvement_bps,62,-1.0652195640336772,-0.49823976815500004,0.46774193548387094,0.532258064516129,-0.6242004987494201,-1.3085117909085575,-1.6864753749567458,-2.0158160068376842,-29.283548841567,7.251370328195073,,,,,
EQUAL_HOLD,DELAY_5,2026.06,gross_executable_bps,62,-2.0943324938165806,-2.963158598739,0.43548387096774194,0.5645161290322581,-1.7293900668467401,-2.7200638326764914,-3.6647193624470167,-4.330643892720456,-42.230909578541,13.92515175672924,19,-5.573613868416804,0.8249163387243169,-6.405610671819723,1.3909204947453717
EQUAL_HOLD,DELAY_5,2026.06,mae_bps,62,0.9923545705728224,0.8455319798630002,0.532258064516129,0.46774193548387094,0.1692836322852599,0.325554461243131,-0.33081072635537295,-0.8411077551347018,-12.928182485276,8.80189067443879,,,,,
EQUAL_HOLD,DELAY_5,2026.06,mfe_bps,62,0.8210967773714031,-0.3357381365459998,0.4838709677419355,0.5161290322580645,-0.2423835020941601,0.0027922260553441052,-0.8205259928973222,-1.5104383478628773,-20.629788641462,11.674927863342043,,,,,
EQUAL_HOLD,DELAY_5,2026.06,mae_atr,62,0.015402468209838703,0.05720086032199999,0.532258064516129,0.46774193548387094,0.01763211711772,-0.01652952032514755,-0.06219435203767797,-0.10017168183626317,-2.060913705584,0.6620113446967406,,,,,
EQUAL_HOLD,DELAY_5,2026.06,mfe_atr,62,0.1346454587131613,-0.025245092488000005,0.4838709677419355,0.5161290322580645,-0.016130646206800003,0.06383469176334426,-0.02613365107635593,-0.09699862867468421,-1.409459459459,1.0324606169525152,,,,,
EQUAL_HOLD,DELAY_5,2026.06,stop_r,62,0.032357241365161264,-0.1771519768595,0.4032258064516129,0.5967741935483871,-0.06696718547134001,-0.04604216143513116,-0.13192297331359323,-0.1924787932102281,-1.849730649277,1.0671047376969542,,,,,
EQUAL_HOLD,DELAY_5,2026.06,entry_improvement_price,62,-0.7943548387096613,-0.565,0.43548387096774194,0.5645161290322581,-0.63219999999996,-0.8921311475409672,-1.0649152542372882,-1.2182456140350701,-9.16,3.0045755385923463,,,,,
EQUAL_HOLD,DELAY_5,2026.06,entry_improvement_points,62,-79.43548387096334,-56.5000000000285,0.43548387096774194,0.5645161290322581,-63.219999999993895,-89.213114754094,-106.49152542372559,-121.82456140350487,-915.999999999985,300.457553859238,,,,,
EQUAL_HOLD,DELAY_5,2026.06,entry_improvement_bps,62,-1.8944997045290162,-1.3370362932885,0.43548387096774194,0.5645161290322581,-1.4761729808713,-2.1225222135242294,-2.525138169416068,-2.877973978714105,-21.807912055077,7.111592905659804,,,,,
EQUAL_HOLD,DELAY_1,2026.07,gross_executable_bps,57,1.2624143165378596,1.225609592963,0.631578947368421,0.3684210526315789,1.2096462027059784,0.9900081375617856,0.460922293660611,0.1419334233449422,-21.583500366522,6.175300634433307,18,-0.4394540729345883,3.158864869439,-0.8226617948695556,3.600106473981045
EQUAL_HOLD,DELAY_1,2026.07,mae_bps,57,-1.337086750909614,-1.0921521925479993,0.42105263157894735,0.5789473684210527,-1.1486332843994043,-1.5604871991542322,-1.8257371680612593,-1.9993407749607308,-13.40915492169,4.209097359396712,,,,,
EQUAL_HOLD,DELAY_1,2026.07,mfe_bps,57,0.8050434001967718,0.5382248386989978,0.5614035087719298,0.42105263157894735,0.914700471388383,0.6223154072518927,0.3666699170632221,0.16549792250299983,-12.940143361006,3.8664756703116954,,,,,
EQUAL_HOLD,DELAY_1,2026.07,mae_atr,57,-0.13726974860847369,-0.09196660736300011,0.42105263157894735,0.5789473684210527,-0.09717760639151063,-0.15462880110248214,-0.17590807741994446,-0.19603279769882692,-2.049797023004,0.44116242614403384,,,,,
EQUAL_HOLD,DELAY_1,2026.07,mfe_atr,57,0.10883605760957896,0.04971033451699999,0.5614035087719298,0.42105263157894735,0.0956215191118298,0.08060364524183929,0.05858723024774074,0.038651417636884615,-0.9703151562710001,0.3815583727891584,,,,,
EQUAL_HOLD,DELAY_1,2026.07,stop_r,57,0.07359859832742105,0.04950598023900005,0.5789473684210527,0.38596491228070173,0.06019720976927659,0.034155078227,-0.0033445314837592544,-0.029073054589211535,-2.3228978684449997,0.5624027861924398,,,,,
EQUAL_HOLD,DELAY_1,2026.07,entry_improvement_price,57,0.48666666666664915,0.44,0.5789473684210527,0.42105263157894735,0.44404255319146807,0.4033928571428393,0.2611111111110926,0.14788461538459616,-5.3,1.7573908555149749,,,,,
EQUAL_HOLD,DELAY_1,2026.07,entry_improvement_points,57,48.66666666666549,44.000000000005,0.5789473684210527,0.42105263157894735,44.40425531914677,40.33928571428436,26.111111111109263,14.78846153845902,-530.000000000018,175.73908555150032,,,,,
EQUAL_HOLD,DELAY_1,2026.07,entry_improvement_bps,57,1.20679997764907,1.091342922269,0.5789473684210527,0.42105263157894735,1.095259339514851,1.0004595119392143,0.6490624529399075,0.36677749363228845,-12.955045990414,4.336332916655274,,,,,
EQUAL_HOLD,DELAY_3,2026.07,gross_executable_bps,57,0.8809330723913332,0.655203284400999,0.5614035087719298,0.43859649122807015,0.7852248561580212,0.4846763693097321,-0.15820435511529635,-0.7222020994793653,-18.413390622464,8.443956324982299,18,-1.4587107881718848,3.24523401610958,-1.996907092914702,3.807144738816333
EQUAL_HOLD,DELAY_3,2026.07,mae_bps,57,-1.3086551298850528,-1.3755051416250001,0.3508771929824561,0.631578947368421,-0.9737356962604042,-1.5002022454323036,-1.8250069338607038,-2.119797077577019,-18.033603146083,5.382873511240521,,,,,
EQUAL_HOLD,DELAY_3,2026.07,mfe_bps,57,0.7802052283214209,0.0,0.49122807017543857,0.45614035087719296,0.5681535225128723,0.5023482523544821,0.15129535363435181,-0.17758498130301928,-9.609251085705,4.725668453582649,,,,,
EQUAL_HOLD,DELAY_3,2026.07,mae_atr,57,-0.10006371014105261,-0.17361188694000002,0.3508771929824561,0.631578947368421,-0.07245379103574469,-0.11686950491860713,-0.14696828669557407,-0.17762813303909614,-1.723951285521,0.5097110897158827,,,,,
EQUAL_HOLD,DELAY_3,2026.07,mfe_atr,57,0.08849265148947366,0.0,0.49122807017543857,0.45614035087719296,0.06143549548468085,0.06652754587983928,0.025603164977574068,-0.010942496697750003,-0.9774490348189999,0.47743869171730535,,,,,
EQUAL_HOLD,DELAY_3,2026.07,stop_r,57,0.06898121283140352,0.012035246077999995,0.543859649122807,0.45614035087719296,0.020841838017425535,0.03194509056876786,-0.025467642752592588,-0.06954166889975,-1.198630136986,0.633073611726485,,,,,
EQUAL_HOLD,DELAY_3,2026.07,entry_improvement_price,57,0.4228070175438772,0.47,0.543859649122807,0.43859649122807015,0.3357446808510851,0.30178571428573214,0.1492592592592778,0.010192307692326921,-3.74,2.148227470652046,,,,,
EQUAL_HOLD,DELAY_3,2026.07,entry_improvement_points,57,42.28070175438573,46.99999999998,0.543859649122807,0.43859649122807015,33.574468085106766,30.178571428570713,14.925925925924926,1.019230769230231,-374.000000000024,214.82274706520755,,,,,
EQUAL_HOLD,DELAY_3,2026.07,entry_improvement_bps,57,1.0588338326007543,1.166015847891,0.543859649122807,0.43859649122807015,0.837701192038319,0.7559268304839464,0.3854058970527778,0.03910265370324998,-9.179175543143,5.301136990274954,,,,,
EQUAL_HOLD,DELAY_5,2026.07,gross_executable_bps,57,-1.227796722748772,-0.4483830497509995,0.47368421052631576,0.5263157894736842,-0.7594384070754681,-1.7467701562924645,-2.467137571431204,-3.0822767720358657,-39.696018906173,11.17927290493041,18,-4.21728030787896,1.7720442005682406,-4.857604522799101,2.3846322391617734
EQUAL_HOLD,DELAY_5,2026.07,mae_bps,57,0.20134131118582438,-0.04444112260499988,0.49122807017543857,0.5087719298245614,0.07392952827121267,-0.2313325288292323,-0.688635328387389,-1.144189997341981,-22.880955540345997,7.2017516881366195,,,,,
EQUAL_HOLD,DELAY_5,2026.07,mfe_bps,57,-0.634215583467965,-0.347767333717,0.49122807017543857,0.5087719298245614,-0.4702279869364044,-0.9631613773172144,-1.4803202290251667,-1.8651055888182886,-31.439903397767,7.221589933038249,,,,,
EQUAL_HOLD,DELAY_5,2026.07,mae_atr,57,0.04377052285185966,-0.0032679738559999727,0.49122807017543857,0.5087719298245614,0.03032752791648937,0.009164011477482156,-0.03926710886285184,-0.07836653409796152,-1.2132359912769999,0.6383556135302635,,,,,
EQUAL_HOLD,DELAY_5,2026.07,mfe_atr,57,-0.027014490407122813,-0.039727582292000005,0.49122807017543857,0.5087719298245614,-0.030766805904148948,-0.05568228930142858,-0.10499428020118519,-0.14084508327915385,-2.559075342466,0.6360486666574715,,,,,
EQUAL_HOLD,DELAY_5,2026.07,stop_r,57,-0.08062423298861406,-0.0156133829,0.47368421052631576,0.5263157894736842,-0.09231473475861703,-0.1092754807796786,-0.16239847173864816,-0.20827094769473076,-1.7835616438360002,0.6860534825051254,,,,,
EQUAL_HOLD,DELAY_5,2026.07,entry_improvement_price,57,-0.06754385964908773,-0.22,0.47368421052631576,0.5263157894736842,0.01957446808514894,-0.2076785714285357,-0.40037037037033335,-0.5823076923076539,-12.21,3.2285873075551805,,,,,
EQUAL_HOLD,DELAY_5,2026.07,entry_improvement_points,57,-6.754385964912931,-21.99999999998,0.47368421052631576,0.5263157894736842,1.9574468085107666,-20.767857142858162,-40.03703703703854,-58.2307692307705,-1221.000000000004,322.8587307555241,,,,,
EQUAL_HOLD,DELAY_5,2026.07,entry_improvement_bps,57,-0.14540652127471934,-0.550089389525,0.47368421052631576,0.5263157894736842,0.062062881389319084,-0.4957417813269465,-0.9662797075636668,-1.4164755889506346,-29.967308390846,7.95792942248654,,,,,
EQUAL_HOLD,DELAY_1,2026.08,gross_executable_bps,31,-0.37756893875967745,0.11475958489300098,0.5161290322580645,0.4838709677419355,-0.2736178141782799,-0.8438830619785335,-1.3401069930734641,-1.7458483164763459,-13.003113126433,5.1571532101828765,13,-1.808135210959893,1.0667228505920645,-2.183427017600619,1.4153009332222592
EQUAL_HOLD,DELAY_1,2026.08,mae_bps,31,0.20561874815206455,0.3633193013899998,0.5483870967741935,0.45161290322580644,-0.018989783794160074,-0.1814908989443,-0.5950334070742143,-0.8907937631863461,-6.805530991755999,3.6964558750109067,,,,,
EQUAL_HOLD,DELAY_1,2026.08,mfe_bps,31,1.0726724510691936,-0.04312435434499973,0.41935483870967744,0.5483870967741935,0.25086005727616,0.07954438547706671,-0.3239510044275357,-0.6656593056412308,-6.571406232758,6.254159466459988,,,,,
EQUAL_HOLD,DELAY_1,2026.08,mae_atr,31,0.04324497185222579,0.04931748128499991,0.5483870967741935,0.45161290322580644,0.008114941337879987,-0.0026274575876666776,-0.04363706651335715,-0.07854212712326926,-0.550378567268,0.3894379670032411,,,,,
EQUAL_HOLD,DELAY_1,2026.08,mfe_atr,31,0.08184006339261288,-0.004351204351000004,0.41935483870967744,0.5483870967741935,0.02812267429139996,0.001989440946099967,-0.03753918008500003,-0.07192829499780773,-0.724380914033,0.5393668232744044,,,,,
EQUAL_HOLD,DELAY_1,2026.08,stop_r,31,-0.026830146089516147,0.010225197808999997,0.5161290322580645,0.4838709677419355,-0.030847118295880015,-0.056858417912933355,-0.0973507064534643,-0.12623745448753848,-0.718134715026,0.36139197613600527,,,,,
EQUAL_HOLD,DELAY_1,2026.08,entry_improvement_price,31,-0.10516129032264515,-0.24,0.41935483870967744,0.5806451612903226,-0.12680000000008,-0.2133333333334,-0.37892857142864284,-0.5303846153846923,-3.05,1.367079297792087,,,,,
EQUAL_HOLD,DELAY_1,2026.08,entry_improvement_points,31,-10.51612903226171,-23.999999999978,0.41935483870967744,0.5806451612903226,-12.680000000003961,-21.333333333338203,-37.8928571428625,-53.03846153846842,-305.000000000018,136.70792977921764,,,,,
EQUAL_HOLD,DELAY_1,2026.08,entry_improvement_bps,31,-0.23975624002051613,-0.523685875755,0.41935483870967744,0.5806451612903226,-0.28541522080184,-0.474446548014,-0.8430225868092499,-1.1875989411708077,-6.571661272877,3.0427985098349604,,,,,
EQUAL_HOLD,DELAY_3,2026.08,gross_executable_bps,31,0.6310098600831611,1.6755384645420004,0.7096774193548387,0.2903225806451613,1.30403422479592,0.09201459959293314,-0.9557404165160716,-1.9657220116027694,-21.745903533034,9.916843076315457,13,-2.6173994319382503,2.9281575428461197,-3.6247038319728584,3.346445052949636
EQUAL_HOLD,DELAY_3,2026.08,mae_bps,31,-0.5941434595975806,-0.4290170966479998,0.41935483870967744,0.5483870967741935,-0.85405478963344,-1.1148730510131335,-1.8207492417510716,-2.186449036536308,-12.150076370575,5.3883946703416585,,,,,
EQUAL_HOLD,DELAY_3,2026.08,mfe_bps,31,3.08853495463742,1.935949151552,0.6129032258064516,0.3870967741935484,2.6373615141017606,2.4508988902433666,1.480268545800893,0.7623727272045386,-11.759367663175,7.10448778095662,,,,,
EQUAL_HOLD,DELAY_3,2026.08,mae_atr,31,-0.04331792807096775,-0.043512043512,0.41935483870967744,0.5483870967741935,-0.068317007356,-0.10492986056946667,-0.16228972684157145,-0.20298463737642308,-1.028790014093,0.5478556269370141,,,,,
EQUAL_HOLD,DELAY_3,2026.08,mfe_atr,31,0.2722317331543548,0.252541816989,0.6129032258064516,0.3870967741935484,0.259878826534,0.22192990084829997,0.1567545697510357,0.09704181235430769,-1.1007087522660002,0.5978919332272772,,,,,
EQUAL_HOLD,DELAY_3,2026.08,stop_r,31,0.0707404818256129,0.061764705882000004,0.5806451612903226,0.41935483870967744,0.07766734842296,0.013088508330099998,-0.07021375154853572,-0.1320196182195,-1.36518134715,0.7369912578068634,,,,,
EQUAL_HOLD,DELAY_3,2026.08,entry_improvement_price,31,0.15322580645151615,0.0,0.4838709677419355,0.4838709677419355,0.18119999999988,-0.019333333333433324,-0.3089285714286785,-0.5676923076924231,-5.75,2.4697697424346132,,,,,
EQUAL_HOLD,DELAY_3,2026.08,entry_improvement_points,31,15.32258064515697,0.0,0.4838709677419355,0.4838709677419355,18.119999999993603,-1.9333333333375635,-30.892857142863893,-56.769230769236806,-575.0,246.9769742434634,,,,,
EQUAL_HOLD,DELAY_3,2026.08,entry_improvement_bps,31,0.3133931540417419,0.0,0.4838709677419355,0.4838709677419355,0.39565964478871996,-0.08096305290966674,-0.7285763759857143,-1.3218802192034618,-12.406947890819,5.599454353801393,,,,,
EQUAL_HOLD,DELAY_5,2026.08,gross_executable_bps,31,1.7985459545769678,2.1525419108629995,0.6129032258064516,0.3870967741935484,1.82618160590912,0.9083226415369,-0.4344120702072143,-1.3971940781156154,-23.342362861313,11.451538841550299,13,-2.28990810180365,5.205043042276844,-3.3567614738681666,6.03622228209627
EQUAL_HOLD,DELAY_5,2026.08,mae_bps,31,-0.1271931934099998,0.8053265658640001,0.6129032258064516,0.3870967741935484,0.30262734548168024,-0.6364610890010999,-1.4413062477987142,-2.105155011131038,-21.417068342687003,7.728189044142661,,,,,
EQUAL_HOLD,DELAY_5,2026.08,mfe_bps,31,3.4978568929560647,3.25437105943,0.6451612903225806,0.3548387096774194,3.0559368576877604,2.816316956239933,1.644132849991607,0.8789597973575384,-11.241076348704,8.437500879806965,,,,,
EQUAL_HOLD,DELAY_5,2026.08,mae_atr,31,-0.01937161641064516,0.0826728826719999,0.6129032258064516,0.3870967741935484,0.009287620439920008,-0.0676047563755,-0.1525447361477857,-0.20550672600357694,-2.17523364486,0.7328632925621316,,,,,
EQUAL_HOLD,DELAY_5,2026.08,mfe_atr,31,0.3006125867616451,0.32304400978,0.6451612903225806,0.3548387096774194,0.29722355607744,0.2466284824176333,0.16399302771464283,0.09142476132453844,-1.0522498763800001,0.7336036007891752,,,,,
EQUAL_HOLD,DELAY_5,2026.08,stop_r,31,0.08563438655812901,0.055122129056,0.5806451612903226,0.41935483870967744,0.08853015422667998,0.025732656692633315,-0.05550770737110716,-0.13119241596823078,-1.465284974093,0.7546005154150223,,,,,
EQUAL_HOLD,DELAY_5,2026.08,entry_improvement_price,31,-0.07903225806461289,-0.57,0.41935483870967744,0.5806451612903226,-0.41920000000007995,-0.41000000000009995,-0.8575000000000713,-1.203076923077,-4.63,3.3887542989901167,,,,,
EQUAL_HOLD,DELAY_5,2026.08,entry_improvement_points,31,-7.903225806455482,-57.000000000016,0.41935483870967744,0.5806451612903226,-41.920000000000115,-41.0000000000052,-85.75000000000247,-120.30769230769312,-463.000000000011,338.87542989902215,,,,,
EQUAL_HOLD,DELAY_5,2026.08,entry_improvement_bps,31,-0.18447032057390328,-1.412688420416,0.41935483870967744,0.5806451612903226,-0.926123130143,-0.9454971062019334,-1.9455322896114284,-2.717342217556846,-11.254368471974,7.68306047423696,,,,,
