original_event_time_msc,tick_index,time_msc,bid,ask,flags
1767391200005,0,1767391200005,4318.180000000000,4318.280000000000,130
1767391200005,1,1767391200007,4318.120000000000,4318.280000000000,130
1767391200005,2,1767391200082,4318.120000000000,4318.260000000000,4
1767391200005,3,1767391200117,4318.110000000000,4318.260000000000,130
1767391200005,4,1767391200129,4318.110000000000,4318.270000000000,4
1767391200005,5,1767391200175,4318.110000000000,4318.260000000000,4
1767391200005,6,1767391200218,4318.100000000000,4318.260000000000,130
1767391200005,7,1767391200226,4318.100000000000,4318.230000000000,4
1767391200005,8,1767391200277,4318.100000000000,4318.270000000000,4
1767391200005,9,1767391200318,4318.110000000000,4318.270000000000,130
1767391200005,10,1767391200419,4318.090000000000,4318.270000000000,130
1767391200005,11,1767391200425,4318.090000000000,4318.260000000000,4
1767391200005,12,1767391200471,4318.090000000000,4318.280000000000,4
1767391200005,13,1767391200520,4318.100000000000,4318.280000000000,130
1767391200005,14,1767391200524,4318.120000000000,4318.320000000000,134
1767391200005,15,1767391200578,4318.270000000000,4318.370000000000,134
1767391200005,16,1767391200619,4318.330000000000,4318.470000000000,134
1767391200005,17,1767391200626,4318.330000000000,4318.510000000000,4
1767391200005,18,1767391200674,4318.380000000000,4318.580000000000,134
1767391200005,19,1767391200720,4318.380000000000,4318.560000000000,4
1767391200005,20,1767391200724,4318.350000000000,4318.550000000000,134
1767391200005,21,1767391200821,4318.500000000000,4318.550000000000,130
1767391200005,22,1767391200826,4318.500000000000,4318.680000000000,4
1767391200005,23,1767391200878,4318.500000000000,4318.690000000000,4
1767391200005,24,1767391200921,4318.560000000000,4318.690000000000,130
1767391200005,25,1767391200938,4318.580000000000,4318.780000000000,134
1767391200005,26,1767391200982,4318.560000000000,4318.730000000000,134
1767391200005,27,1767391201021,4318.530000000000,4318.730000000000,130
1767391200005,28,1767391201027,4318.520000000000,4318.720000000000,134
1767391200005,29,1767391201081,4318.520000000000,4318.710000000000,4
1767391200005,30,1767391201126,4318.510000000000,4318.710000000000,130
1767391200005,31,1767391201285,4318.540000000000,4318.740000000000,134
1767391200005,32,1767391201323,4318.560000000000,4318.740000000000,130
1767391200005,33,1767391201333,4318.560000000000,4318.730000000000,4
1767391200005,34,1767391201378,4318.560000000000,4318.740000000000,4
1767391200005,35,1767391201422,4318.550000000000,4318.740000000000,130
1767391200005,36,1767391201429,4318.550000000000,4318.730000000000,4
1767391200005,37,1767391201524,4318.560000000000,4318.730000000000,130
1767391200005,38,1767391201581,4318.660000000000,4318.830000000000,134
1767391200005,39,1767391201624,4318.660000000000,4318.860000000000,4
1767391200005,40,1767391201625,4318.650000000000,4318.850000000000,134
1767391200005,41,1767391201675,4318.640000000000,4318.810000000000,134
1767391200005,42,1767391201723,4318.640000000000,4318.820000000000,4
1767391200005,43,1767391201783,4318.640000000000,4318.750000000000,4
1767391200005,44,1767391201825,4318.640000000000,4318.680000000000,4
1767391200005,45,1767391201827,4318.520000000000,4318.680000000000,130
1767391200005,46,1767391201926,4318.510000000000,4318.680000000000,130
1767391200005,47,1767391201977,4318.510000000000,4318.690000000000,4
1767391200005,48,1767391202027,4318.520000000000,4318.720000000000,134
1767391200005,49,1767391202030,4318.530000000000,4318.720000000000,130
1767391200005,50,1767391202327,4318.530000000000,4318.710000000000,4
1767391200005,51,1767391202477,4318.530000000000,4318.730000000000,4
1767391200005,52,1767391202492,4318.550000000000,4318.730000000000,130
1767391200005,53,1767391202529,4318.550000000000,4318.740000000000,4
1767391200005,54,1767391202589,4318.550000000000,4318.750000000000,4
1767391200005,55,1767391202590,4318.560000000000,4318.750000000000,130
1767391200005,56,1767391202675,4318.560000000000,4318.740000000000,4
1767391200005,57,1767391202831,4318.560000000000,4318.750000000000,4
1767391200005,58,1767391202930,4318.560000000000,4318.740000000000,4
1767391200005,59,1767391203375,4318.560000000000,4318.750000000000,4
1767391200005,60,1767391203457,4318.550000000000,4318.750000000000,130
1767391200005,61,1767391203475,4318.530000000000,4318.640000000000,134
1767391200005,62,1767391203528,4318.510000000000,4318.550000000000,134
1767391200005,63,1767391203563,4318.350000000000,4318.530000000000,134
1767391200005,64,1767391203576,4318.350000000000,4318.520000000000,4
1767391200005,65,1767391204122,4318.340000000000,4318.520000000000,130
1767391200005,66,1767391204127,4318.340000000000,4318.530000000000,4
1767391200005,67,1767391204225,4318.450000000000,4318.530000000000,130
1767391200005,68,1767391204232,4318.480000000000,4318.680000000000,134
1767391200005,69,1767391204328,4318.460000000000,4318.600000000000,134
1767391200005,70,1767391204378,4318.460000000000,4318.590000000000,4
1767391200005,71,1767391204427,4318.400000000000,4318.590000000000,130
1767391200005,72,1767391204675,4318.400000000000,4318.580000000000,4
1767391200005,73,1767391204771,4318.380000000000,4318.530000000000,134
1767391200005,74,1767391204779,4318.270000000000,4318.470000000000,134
1767391200005,75,1767391204829,4318.260000000000,4318.380000000000,134
1767391200005,76,1767391204880,4318.220000000000,4318.380000000000,130
1767391200005,77,1767391204928,4318.220000000000,4318.410000000000,4
1767391200005,78,1767391204977,4318.230000000000,4318.430000000000,134
1767391200005,79,1767391204981,4318.260000000000,4318.430000000000,130
1767391200005,80,1767391205127,4318.260000000000,4318.440000000000,4
1767391200005,81,1767391205179,4318.290000000000,4318.490000000000,134
1767391200005,82,1767391205182,4318.350000000000,4318.490000000000,130
1767391200005,83,1767391205282,4318.290000000000,4318.490000000000,130
1767391200005,84,1767391205375,4318.280000000000,4318.480000000000,134
1767391200005,85,1767391205426,4318.270000000000,4318.460000000000,134
1767391200005,86,1767391205482,4318.270000000000,4318.440000000000,4
1767391200005,87,1767391205484,4318.280000000000,4318.440000000000,130
1767391200005,88,1767391205526,4318.280000000000,4318.400000000000,4
1767391200005,89,1767391205584,4318.240000000000,4318.400000000000,130
1767391200005,90,1767391205729,4318.240000000000,4318.410000000000,4
1767391200005,91,1767391205784,4318.250000000000,4318.410000000000,130
1767391200005,92,1767391205883,4318.250000000000,4318.430000000000,4
1767391200005,93,1767391205885,4318.260000000000,4318.430000000000,130
1767391200005,94,1767391205983,4318.260000000000,4318.420000000000,4
1767391200005,95,1767391206082,4318.260000000000,4318.430000000000,4
1767391200005,96,1767391206283,4318.260000000000,4318.410000000000,4
1767391200005,97,1767391206290,4318.230000000000,4318.410000000000,130
1767391200005,98,1767391206345,4318.230000000000,4318.400000000000,4
1767391200005,99,1767391206395,4318.230000000000,4318.380000000000,4
1767391200005,100,1767391206490,4318.240000000000,4318.380000000000,130
1767391200005,101,1767391206537,4318.240000000000,4318.350000000000,4
1767391200005,102,1767391206581,4318.240000000000,4318.360000000000,4
1767391200005,103,1767391206588,4318.190000000000,4318.360000000000,130
1767391200005,104,1767391207157,4318.160000000000,4318.360000000000,130
1767391200005,105,1767391207633,4318.180000000000,4318.380000000000,134
1767391200005,106,1767391207828,4318.180000000000,4318.370000000000,4
1767391200005,107,1767391207884,4318.160000000000,4318.200000000000,134
1767391200005,108,1767391207934,4318.050000000000,4318.180000000000,134
1767391200005,109,1767391207935,4318.050000000000,4318.190000000000,4
1767391200005,110,1767391208085,4318.050000000000,4318.180000000000,4
1767391200005,111,1767391208133,4318.050000000000,4318.210000000000,4
1767391200005,112,1767391208137,4318.060000000000,4318.210000000000,130
1767391200005,113,1767391208184,4318.060000000000,4318.190000000000,4
1767391200005,114,1767391208240,4318.050000000000,4318.190000000000,130
1767391200005,115,1767391208285,4318.050000000000,4318.200000000000,4
1767391200005,116,1767391208483,4318.050000000000,4318.190000000000,4
1767391200005,117,1767391208550,4318.030000000000,4318.190000000000,130
1767391200005,118,1767391208585,4318.030000000000,4318.170000000000,4
1767391200005,119,1767391208650,4318.000000000000,4318.170000000000,130
1767391200005,120,1767391208732,4318.000000000000,4318.160000000000,4
1767391200005,121,1767391208751,4317.970000000000,4318.160000000000,130
1767391200005,122,1767391208784,4317.970000000000,4318.140000000000,4
1767391200005,123,1767391208851,4317.940000000000,4318.140000000000,130
1767391200005,124,1767391208953,4317.970000000000,4318.140000000000,130
1767391200005,125,1767391209034,4317.970000000000,4318.150000000000,4
1767391200005,126,1767391209051,4317.950000000000,4318.150000000000,130
1767391200005,127,1767391209232,4317.940000000000,4318.140000000000,134
1767391200005,128,1767391209586,4318.030000000000,4318.200000000000,134
1767391200005,129,1767391209691,4318.060000000000,4318.230000000000,134
1767391200005,130,1767391209844,4318.060000000000,4318.180000000000,4
1767391200005,131,1767391209885,4318.000000000000,4318.180000000000,130
1767391200005,132,1767391210079,4317.990000000000,4318.180000000000,130
1767391200005,133,1767391210085,4318.020000000000,4318.220000000000,134
1767391200005,134,1767391210135,4318.290000000000,4318.330000000000,134
1767391200005,135,1767391210187,4318.260000000000,4318.300000000000,134
1767391200005,136,1767391210189,4318.370000000000,4318.500000000000,134
1767391200005,137,1767391210235,4318.370000000000,4318.480000000000,4
1767391200005,138,1767391210285,4318.370000000000,4318.470000000000,4
1767391200005,139,1767391210289,4318.270000000000,4318.470000000000,130
1767391200005,140,1767391210436,4318.270000000000,4318.450000000000,4
1767391200005,141,1767391210520,4318.260000000000,4318.450000000000,130
1767391200005,142,1767391210634,4318.310000000000,4318.510000000000,134
1767391200005,143,1767391210689,4318.270000000000,4318.470000000000,134
1767391200005,144,1767391210886,4318.260000000000,4318.450000000000,134
1767391200005,145,1767391210984,4318.270000000000,4318.470000000000,134
1767391200005,146,1767391211053,4318.280000000000,4318.470000000000,130
1767391200005,147,1767391211084,4318.350000000000,4318.550000000000,134
1767391200005,148,1767391211136,4318.280000000000,4318.480000000000,134
1767391200005,149,1767391211195,4318.270000000000,4318.330000000000,134
1767391200005,150,1767391211244,4318.230000000000,4318.270000000000,134
1767391200005,151,1767391211254,4318.050000000000,4318.230000000000,134
1767391200005,152,1767391211340,4318.050000000000,4318.220000000000,4
1767391200005,153,1767391211356,4318.060000000000,4318.220000000000,130
1767391200005,154,1767391211388,4318.060000000000,4318.250000000000,4
1767391200005,155,1767391211488,4318.180000000000,4318.330000000000,134
1767391200005,156,1767391211535,4318.210000000000,4318.330000000000,130
1767391200005,157,1767391211556,4318.240000000000,4318.410000000000,134
1767391200005,158,1767391211590,4318.240000000000,4318.440000000000,4
1767391200005,159,1767391211645,4318.300000000000,4318.500000000000,134
1767391200005,160,1767391211657,4318.350000000000,4318.500000000000,130
1767391200005,161,1767391211686,4318.350000000000,4318.470000000000,4
1767391200005,162,1767391211736,4318.330000000000,4318.370000000000,134
1767391200005,163,1767391211756,4318.250000000000,4318.350000000000,134
1767391200005,164,1767391211789,4318.250000000000,4318.450000000000,4
1767391200005,165,1767391211835,4318.260000000000,4318.460000000000,134
1767391200005,166,1767391211858,4318.280000000000,4318.460000000000,130
1767391200005,167,1767391211885,4318.280000000000,4318.470000000000,4
1767391200005,168,1767391212078,4318.270000000000,4318.470000000000,130
1767391200005,169,1767391212290,4318.270000000000,4318.450000000000,4
1767391200005,170,1767391212350,4318.250000000000,4318.290000000000,134
1767391200005,171,1767391212375,4318.070000000000,4318.230000000000,134
1767391200005,172,1767391212396,4317.960000000000,4318.150000000000,134
1767391200005,173,1767391212441,4317.960000000000,4318.090000000000,4
1767391200005,174,1767391212490,4317.960000000000,4318.110000000000,4
1767391200005,175,1767391212540,4317.960000000000,4318.120000000000,4
1767391200005,176,1767391212581,4317.950000000000,4318.120000000000,130
1767391200005,177,1767391212587,4317.950000000000,4318.110000000000,4
1767391200005,178,1767391212638,4317.950000000000,4318.080000000000,4
1767391200005,179,1767391212681,4317.910000000000,4318.080000000000,130
1767391200005,180,1767391212739,4317.910000000000,4318.070000000000,4
1767391200005,181,1767391212782,4317.920000000000,4318.070000000000,130
1767391200005,182,1767391212791,4317.920000000000,4318.090000000000,4
1767391200005,183,1767391212836,4317.920000000000,4318.100000000000,4
1767391200005,184,1767391212882,4317.910000000000,4318.100000000000,130
1767391200005,185,1767391212887,4317.910000000000,4318.090000000000,4
1767391200005,186,1767391213393,4318.000000000000,4318.180000000000,134
1767391200005,187,1767391213443,4318.070000000000,4318.180000000000,130
1767391200005,188,1767391213476,4318.100000000000,4318.270000000000,134
1767391200005,189,1767391213491,4318.140000000000,4318.340000000000,134
1767391200005,190,1767391213545,4318.180000000000,4318.370000000000,134
1767391200005,191,1767391213575,4318.180000000000,4318.380000000000,4
1767391200005,192,1767391213592,4318.130000000000,4318.300000000000,134
1767391200005,193,1767391213639,4318.130000000000,4318.250000000000,4
1767391200005,194,1767391213675,4318.050000000000,4318.250000000000,130
1767391200005,195,1767391213688,4318.010000000000,4318.090000000000,134
1767391200005,196,1767391213739,4317.930000000000,4317.970000000000,134
1767391200005,197,1767391213777,4317.720000000000,4317.890000000000,134
1767391200005,198,1767391213786,4317.720000000000,4317.880000000000,4
1767391200005,199,1767391213838,4317.720000000000,4317.860000000000,4
1767391200005,200,1767391213878,4317.700000000000,4317.860000000000,130
1767391200005,201,1767391213976,4317.690000000000,4317.860000000000,130
1767391200005,202,1767391214038,4317.690000000000,4317.890000000000,4
1767391200005,203,1767391214095,4317.650000000000,4317.800000000000,134
1767391200005,204,1767391214144,4317.650000000000,4317.760000000000,4
1767391200005,205,1767391214179,4317.600000000000,4317.760000000000,130
1767391200005,206,1767391214192,4317.600000000000,4317.770000000000,4
1767391200005,207,1767391214245,4317.600000000000,4317.760000000000,4
1767391200005,208,1767391214279,4317.590000000000,4317.760000000000,130
1767391200005,209,1767391214291,4317.590000000000,4317.740000000000,4
1767391200005,210,1767391214339,4317.590000000000,4317.760000000000,4
1767391200005,211,1767391214380,4317.600000000000,4317.760000000000,130
1767391200005,212,1767391214441,4317.600000000000,4317.770000000000,4
1767391200005,213,1767391214480,4317.580000000000,4317.770000000000,130
1767391200005,214,1767391214645,4317.580000000000,4317.750000000000,4
1767391200005,215,1767391214683,4317.600000000000,4317.750000000000,130
1767391200005,216,1767391214690,4317.600000000000,4317.780000000000,4
1767391200005,217,1767391214738,4317.600000000000,4317.790000000000,4
1767391200005,218,1767391214783,4317.720000000000,4317.790000000000,130
1767391200005,219,1767391214883,4317.670000000000,4317.790000000000,130
1767391200005,220,1767391214940,4317.670000000000,4317.760000000000,4
1767391200005,221,1767391214983,4317.570000000000,4317.760000000000,130
1767391200005,222,1767391215038,4317.570000000000,4317.750000000000,4
1767391200005,223,1767391215083,4317.620000000000,4317.750000000000,130
1767391200005,224,1767391215102,4317.640000000000,4317.840000000000,134
1767391200005,225,1767391215144,4317.630000000000,4317.830000000000,134
1767391200005,226,1767391215183,4317.750000000000,4317.830000000000,130
1767391200005,227,1767391215190,4317.750000000000,4317.850000000000,4
1767391200005,228,1767391215284,4317.690000000000,4317.850000000000,130
1767391200005,229,1767391215336,4317.690000000000,4317.840000000000,4
1767391200005,230,1767391215386,4317.640000000000,4317.840000000000,130
1767391200005,231,1767391215486,4317.670000000000,4317.840000000000,130
1767391200005,232,1767391216021,4317.680000000000,4317.840000000000,130
1767391200005,233,1767391216095,4317.680000000000,4317.810000000000,4
1767391200005,234,1767391216125,4317.670000000000,4317.810000000000,130
1767391200005,235,1767391216144,4317.670000000000,4317.850000000000,4
1767391200005,236,1767391216228,4317.690000000000,4317.850000000000,130
1767391200005,237,1767391216288,4317.690000000000,4317.780000000000,4
1767391200005,238,1767391216331,4317.590000000000,4317.780000000000,130
1767391200005,239,1767391216590,4317.610000000000,4317.810000000000,134
1767391200005,240,1767391216631,4317.640000000000,4317.810000000000,130
1767391200005,241,1767391216640,4317.640000000000,4317.780000000000,4
1767391200005,242,1767391216833,4317.650000000000,4317.780000000000,130
1767391200005,243,1767391216838,4317.650000000000,4317.790000000000,4
1767391200005,244,1767391216889,4317.650000000000,4317.780000000000,4
1767391200005,245,1767391216934,4317.590000000000,4317.780000000000,130
1767391200005,246,1767391217091,4317.660000000000,4317.860000000000,134
1767391200005,247,1767391217133,4317.710000000000,4317.860000000000,130
1767391200005,248,1767391217192,4317.710000000000,4317.910000000000,4
1767391200005,249,1767391217234,4317.760000000000,4317.910000000000,130
1767391200005,250,1767391217301,4317.760000000000,4317.870000000000,4
1767391200005,251,1767391217334,4317.720000000000,4317.870000000000,130
1767391200005,252,1767391217396,4317.720000000000,4317.860000000000,4
1767391200005,253,1767391217434,4317.660000000000,4317.860000000000,130
1767391200005,254,1767391217443,4317.650000000000,4317.850000000000,134
1767391200005,255,1767391217537,4317.700000000000,4317.850000000000,130
1767391200005,256,1767391217635,4317.690000000000,4317.850000000000,130
1767391200005,257,1767391217643,4317.690000000000,4317.840000000000,4
1767391200005,258,1767391217736,4317.640000000000,4317.840000000000,130
1767391200005,259,1767391217897,4317.680000000000,4317.880000000000,134
1767391200005,260,1767391217989,4317.720000000000,4317.880000000000,130
1767391200005,261,1767391217993,4317.720000000000,4317.870000000000,4
1767391200005,262,1767391218089,4317.670000000000,4317.870000000000,130
1767391200005,263,1767391218096,4317.660000000000,4317.860000000000,134
1767391200005,264,1767391218146,4317.650000000000,4317.850000000000,134
1767391200005,265,1767391218191,4317.650000000000,4317.800000000000,4
1767391200005,266,1767391218195,4317.530000000000,4317.720000000000,134
1767391200005,267,1767391218292,4317.550000000000,4317.720000000000,130
1767391200005,268,1767391218392,4317.560000000000,4317.720000000000,130
1767391200005,269,1767391218400,4317.560000000000,4317.750000000000,4
1767391200005,270,1767391218492,4317.550000000000,4317.750000000000,130
1767391200005,271,1767391218542,4317.540000000000,4317.740000000000,134
1767391200005,272,1767391218596,4317.520000000000,4317.720000000000,134
1767391200005,273,1767391218652,4317.510000000000,4317.620000000000,134
1767391200005,274,1767391218695,4317.510000000000,4317.660000000000,4
1767391200005,275,1767391218699,4317.470000000000,4317.660000000000,130
1767391200005,276,1767391218744,4317.480000000000,4317.680000000000,134
1767391200005,277,1767391218795,4317.470000000000,4317.650000000000,134
1767391200005,278,1767391218809,4317.480000000000,4317.650000000000,130
1767391200005,279,1767391218899,4317.540000000000,4317.740000000000,134
1767391200005,280,1767391218947,4317.550000000000,4317.750000000000,134
1767391200005,281,1767391218996,4317.520000000000,4317.720000000000,134
1767391200005,282,1767391219145,4317.540000000000,4317.740000000000,134
1767391200005,283,1767391219206,4317.570000000000,4317.740000000000,130
1767391200005,284,1767391219892,4317.660000000000,4317.740000000000,130
1767391200005,285,1767391219893,4317.660000000000,4317.800000000000,4
1767391200005,286,1767391219944,4317.680000000000,4317.880000000000,134
1767391200005,287,1767391219999,4317.720000000000,4317.920000000000,134
1767391200005,288,1767391220043,4317.670000000000,4317.870000000000,134
1767391200005,289,1767391220099,4317.690000000000,4317.870000000000,130
1767391200005,290,1767391220149,4317.690000000000,4317.880000000000,4
1767391200005,291,1767391220194,4317.720000000000,4317.920000000000,134
1767391200005,292,1767391220247,4317.720000000000,4317.870000000000,4
1767391200005,293,1767391220295,4317.720000000000,4317.810000000000,4
1767391200005,294,1767391220299,4317.640000000000,4317.810000000000,130
1767391200005,295,1767391220346,4317.640000000000,4317.760000000000,4
1767391200005,296,1767391220397,4317.640000000000,4317.790000000000,4
1767391200005,297,1767391220400,4317.630000000000,4317.790000000000,130
1767391200005,298,1767391220444,4317.630000000000,4317.770000000000,4
1767391200005,299,1767391220501,4317.620000000000,4317.770000000000,130
1767391200005,300,1767391220934,4317.610000000000,4317.770000000000,130
1767391200005,301,1767391221035,4317.620000000000,4317.770000000000,130
1767391200005,302,1767391221100,4317.620000000000,4317.760000000000,4
1767391200005,303,1767391221543,4317.620000000000,4317.770000000000,4
1767391200005,304,1767391222295,4317.620000000000,4317.800000000000,4
1767391200005,305,1767391222544,4317.620000000000,4317.790000000000,4
1767391200005,306,1767391223247,4317.670000000000,4317.870000000000,134
1767391200005,307,1767391223348,4317.800000000000,4317.930000000000,134
1767391200005,308,1767391223402,4317.850000000000,4317.930000000000,130
1767391200005,309,1767391223406,4317.850000000000,4318.000000000000,4
1767391200005,310,1767391223449,4317.940000000000,4318.000000000000,130
1767391200005,311,1767391223499,4317.820000000000,4318.000000000000,130
1767391200005,312,1767391223507,4317.820000000000,4318.020000000000,4
1767391200005,313,1767391223548,4317.850000000000,4318.030000000000,134
1767391200005,314,1767391223600,4317.810000000000,4318.010000000000,134
1767391200005,315,1767391223651,4317.760000000000,4317.950000000000,134
1767391200005,316,1767391223704,4317.760000000000,4317.860000000000,4
1767391200005,317,1767391223709,4317.680000000000,4317.860000000000,130
1767391200005,318,1767391223749,4317.700000000000,4317.900000000000,134
1767391200005,319,1767391223851,4317.690000000000,4317.870000000000,134
1767391200005,320,1767391223902,4317.700000000000,4317.900000000000,134
1767391200005,321,1767391224614,4317.670000000000,4317.830000000000,134
1767391200005,322,1767391224634,4317.630000000000,4317.830000000000,130
1767391200005,323,1767391224653,4317.610000000000,4317.810000000000,134
1767391200005,324,1767391224754,4317.590000000000,4317.630000000000,134
1767391200005,325,1767391224803,4317.540000000000,4317.580000000000,134
1767391200005,326,1767391224834,4317.320000000000,4317.520000000000,134
1767391200005,327,1767391224852,4317.300000000000,4317.500000000000,134
1767391200005,328,1767391225003,4317.350000000000,4317.550000000000,134
1767391200005,329,1767391225101,4317.330000000000,4317.530000000000,134
1767391200005,330,1767391225204,4317.300000000000,4317.500000000000,134
1767391200005,331,1767391225303,4317.280000000000,4317.480000000000,134
1767391200005,332,1767391225357,4317.240000000000,4317.440000000000,134
1767391200005,333,1767391225455,4317.220000000000,4317.410000000000,134
1767391200005,334,1767391225505,4317.220000000000,4317.380000000000,4
1767391200005,335,1767391225538,4317.180000000000,4317.380000000000,130
1767391200005,336,1767391225604,4317.200000000000,4317.400000000000,134
1767391200005,337,1767391225656,4317.210000000000,4317.410000000000,134
1767391200005,338,1767391225903,4317.230000000000,4317.430000000000,134
1767391200005,339,1767391226007,4317.260000000000,4317.460000000000,134
1767391200005,340,1767391226056,4317.320000000000,4317.490000000000,134
1767391200005,341,1767391226081,4317.320000000000,4317.520000000000,4
1767391200005,342,1767391226107,4317.310000000000,4317.510000000000,134
1767391200005,343,1767391226204,4317.290000000000,4317.490000000000,134
1767391200005,344,1767391226254,4317.310000000000,4317.510000000000,134
1767391200005,345,1767391226457,4317.340000000000,4317.540000000000,134
1767391200005,346,1767391226583,4317.340000000000,4317.510000000000,4
1767391200005,347,1767391226603,4317.400000000000,4317.510000000000,130
1767391200005,348,1767391226653,4317.310000000000,4317.510000000000,130
1767391200005,349,1767391226805,4317.420000000000,4317.550000000000,134
1767391200005,350,1767391226854,4317.470000000000,4317.550000000000,130
1767391200005,351,1767391226884,4317.480000000000,4317.670000000000,134
1767391200005,352,1767391226956,4317.480000000000,4317.640000000000,4
1767391200005,353,1767391226987,4317.470000000000,4317.640000000000,130
1767391200005,354,1767391227057,4317.470000000000,4317.600000000000,4
1767391200005,355,1767391227086,4317.400000000000,4317.600000000000,130
1767391200005,356,1767391227106,4317.410000000000,4317.610000000000,134
1767391200005,357,1767391227157,4317.660000000000,4317.700000000000,134
1767391200005,358,1767391227187,4317.800000000000,4317.890000000000,134
1767391200005,359,1767391227206,4317.830000000000,4318.030000000000,134
1767391200005,360,1767391227258,4317.840000000000,4318.040000000000,134
1767391200005,361,1767391227320,4317.850000000000,4318.050000000000,134
1767391200005,362,1767391227359,4317.790000000000,4317.960000000000,134
1767391200005,363,1767391227389,4317.760000000000,4317.960000000000,130
1767391200005,364,1767391227413,4317.810000000000,4317.970000000000,134
1767391200005,365,1767391227657,4317.700000000000,4317.890000000000,134
1767391200005,366,1767391227690,4317.810000000000,4317.890000000000,130
1767391200005,367,1767391227708,4317.860000000000,4318.060000000000,134
1767391200005,368,1767391227757,4317.830000000000,4318.030000000000,134
1767391200005,369,1767391227790,4317.830000000000,4318.010000000000,4
1767391200005,370,1767391227989,4317.830000000000,4318.000000000000,4
1767391200005,371,1767391228559,4317.860000000000,4318.000000000000,130
1767391200005,372,1767391228559,4317.900000000000,4318.060000000000,134
1767391200005,373,1767391228607,4318.150000000000,4318.190000000000,134
1767391200005,374,1767391228661,4318.030000000000,4318.170000000000,134
1767391200005,375,1767391228662,4318.040000000000,4318.230000000000,134
1767391200005,376,1767391228706,4318.060000000000,4318.260000000000,134
1767391200005,377,1767391228756,4318.080000000000,4318.280000000000,134
1767391200005,378,1767391228858,4318.050000000000,4318.220000000000,134
1767391200005,379,1767391228864,4318.020000000000,4318.220000000000,130
1767391200005,380,1767391228908,4318.030000000000,4318.230000000000,134
1767391200005,381,1767391229106,4318.020000000000,4318.210000000000,134
1767391200005,382,1767391229167,4318.010000000000,4318.210000000000,130
1767391200005,383,1767391229259,4318.010000000000,4318.200000000000,4
1767391200005,384,1767391229322,4318.200000000000,4318.280000000000,134
1767391200005,385,1767391229367,4318.170000000000,4318.280000000000,130
1767391200005,386,1767391229372,4318.170000000000,4318.370000000000,4
1767391200005,387,1767391229417,4318.190000000000,4318.390000000000,134
1767391200005,388,1767391229559,4318.200000000000,4318.400000000000,134
1767391200005,389,1767391229661,4318.340000000000,4318.440000000000,134
1767391200005,390,1767391229670,4318.340000000000,4318.540000000000,4
1767391200005,391,1767391229717,4318.310000000000,4318.510000000000,134
1767391200005,392,1767391229761,4318.320000000000,4318.520000000000,134
1767391200005,393,1767391229858,4318.290000000000,4318.470000000000,134
1767391200005,394,1767391229871,4318.270000000000,4318.460000000000,134
1767391200005,395,1767391229910,4318.190000000000,4318.300000000000,134
1767391200005,396,1767391229971,4318.100000000000,4318.300000000000,130
1767391200005,397,1767391230009,4318.090000000000,4318.290000000000,134
1767391200005,398,1767391230070,4318.100000000000,4318.290000000000,130
1767391200005,399,1767391230111,4318.100000000000,4318.280000000000,4
1767391200005,400,1767391230160,4318.100000000000,4318.200000000000,4
1767391200005,401,1767391230173,4318.040000000000,4318.200000000000,130
1767391200005,402,1767391230263,4318.040000000000,4318.210000000000,4
1767391200005,403,1767391230271,4318.030000000000,4318.210000000000,130
1767391200005,404,1767391230314,4318.030000000000,4318.220000000000,4
1767391200005,405,1767391230360,4318.030000000000,4318.180000000000,4
1767391200005,406,1767391230371,4318.010000000000,4318.180000000000,130
1767391200005,407,1767391230411,4318.030000000000,4318.230000000000,134
1767391200005,408,1767391230470,4318.020000000000,4318.220000000000,134
1767391200005,409,1767391230510,4318.020000000000,4318.210000000000,4
1767391200005,410,1767391230659,4318.110000000000,4318.290000000000,134
1767391200005,411,1767391230673,4318.110000000000,4318.310000000000,4
1767391200005,412,1767391231259,4318.100000000000,4318.300000000000,134
1767391200005,413,1767391231359,4318.070000000000,4318.260000000000,134
1767391200005,414,1767391231447,4318.090000000000,4318.260000000000,130
1767391200005,415,1767391231549,4318.070000000000,4318.260000000000,130
1767391200005,416,1767391231810,4318.070000000000,4318.250000000000,4
1767391200005,417,1767391231951,4318.060000000000,4318.250000000000,130
1767391200005,418,1767391232252,4318.090000000000,4318.250000000000,130
1767391200005,419,1767391232353,4318.070000000000,4318.250000000000,130
1767391200005,420,1767391232452,4318.080000000000,4318.250000000000,130
1767391200005,421,1767391232555,4318.050000000000,4318.250000000000,130
1767391200005,422,1767391232612,4318.040000000000,4318.190000000000,134
1767391200005,423,1767391232653,4318.000000000000,4318.190000000000,130
1767391200005,424,1767391232661,4318.000000000000,4318.180000000000,4
1767391200005,425,1767391232871,4318.000000000000,4318.190000000000,4
1767391200005,426,1767391233087,4318.010000000000,4318.190000000000,130
1767391200005,427,1767391233113,4318.010000000000,4318.210000000000,4
1767391200005,428,1767391233261,4318.010000000000,4318.180000000000,4
1767391200005,429,1767391233286,4317.990000000000,4318.180000000000,130
1767391200005,430,1767391233462,4317.990000000000,4318.100000000000,4
1767391200005,431,1767391233488,4317.930000000000,4318.100000000000,130
1767391200005,432,1767391233631,4317.920000000000,4318.100000000000,130
1767391200005,433,1767391233661,4317.920000000000,4318.090000000000,4
1767391200005,434,1767391233711,4317.920000000000,4318.080000000000,4
1767391200005,435,1767391233813,4317.920000000000,4318.090000000000,4
1767391200005,436,1767391234163,4317.890000000000,4318.090000000000,130
1767391200005,437,1767391234166,4317.870000000000,4318.070000000000,134
1767391200005,438,1767391234215,4317.880000000000,4318.080000000000,134
1767391200005,439,1767391234364,4317.900000000000,4318.080000000000,130
1767391200005,440,1767391234366,4317.900000000000,4318.100000000000,4
1767391200005,441,1767391234416,4317.990000000000,4318.170000000000,134
1767391200005,442,1767391234462,4318.000000000000,4318.170000000000,130
1767391200005,443,1767391234465,4318.000000000000,4318.200000000000,4
1767391200005,444,1767391234516,4318.000000000000,4318.190000000000,4
1767391200005,445,1767391234565,4318.010000000000,4318.190000000000,130
1767391200005,446,1767391234665,4317.990000000000,4318.190000000000,130
1767391200005,447,1767391235016,4317.980000000000,4318.180000000000,134
1767391200005,448,1767391235067,4317.970000000000,4318.160000000000,134
1767391200005,449,1767391235089,4317.980000000000,4318.160000000000,130
1767391200005,450,1767391235165,4317.980000000000,4318.180000000000,4
1767391200005,451,1767391235415,4317.980000000000,4318.170000000000,4
1767391200005,452,1767391235469,4317.980000000000,4318.160000000000,4
1767391200005,453,1767391235489,4317.970000000000,4318.160000000000,130
1767391200005,454,1767391235564,4317.970000000000,4318.150000000000,4
1767391200005,455,1767391235591,4317.960000000000,4318.150000000000,130
1767391200005,456,1767391235620,4317.960000000000,4318.130000000000,4
1767391200005,457,1767391235668,4317.830000000000,4317.870000000000,134
1767391200005,458,1767391235692,4317.530000000000,4317.730000000000,134
1767391200005,459,1767391235715,4317.480000000000,4317.680000000000,134
1767391200005,460,1767391235766,4317.460000000000,4317.640000000000,134
1767391200005,461,1767391235792,4317.530000000000,4317.640000000000,130
1767391200005,462,1767391235816,4317.540000000000,4317.740000000000,134
1767391200005,463,1767391235892,4317.560000000000,4317.740000000000,130
1767391200005,464,1767391235918,4317.570000000000,4317.770000000000,134
1767391200005,465,1767391236072,4317.550000000000,4317.740000000000,134
1767391200005,466,1767391236172,4317.570000000000,4317.770000000000,134
1767391200005,467,1767391236217,4317.590000000000,4317.790000000000,134
1767391200005,468,1767391236425,4317.610000000000,4317.790000000000,130
1767391200005,469,1767391236467,4317.650000000000,4317.850000000000,134
1767391200005,470,1767391236515,4317.690000000000,4317.880000000000,134
1767391200005,471,1767391236526,4317.710000000000,4317.890000000000,134
1767391200005,472,1767391236616,4317.710000000000,4317.870000000000,4
1767391200005,473,1767391236626,4317.670000000000,4317.870000000000,130
1767391200005,474,1767391236669,4317.650000000000,4317.840000000000,134
1767391200005,475,1767391236728,4317.690000000000,4317.840000000000,130
1767391200005,476,1767391236834,4317.670000000000,4317.840000000000,130
1767391200005,477,1767391236929,4317.660000000000,4317.840000000000,130
1767391200005,478,1767391238354,4317.650000000000,4317.840000000000,130
1767391200005,479,1767391238515,4317.790000000000,4317.920000000000,134
1767391200005,480,1767391238558,4317.870000000000,4317.990000000000,134
1767391200005,481,1767391238566,4318.080000000000,4318.140000000000,134
1767391200005,482,1767391238616,4317.950000000000,4318.140000000000,130
1767391200005,483,1767391238658,4317.950000000000,4318.150000000000,4
1767391200005,484,1767391238667,4317.980000000000,4318.180000000000,134
1767391200005,485,1767391239183,4317.980000000000,4318.170000000000,4
1767391200005,486,1767391239217,4317.900000000000,4318.050000000000,134
1767391200005,487,1767391239267,4317.900000000000,4318.090000000000,4
1767391200005,488,1767391239282,4317.890000000000,4318.090000000000,130
1767391200005,489,1767391239369,4317.870000000000,4318.050000000000,134
1767391200005,490,1767391239382,4317.860000000000,4318.050000000000,130
1767391200005,491,1767391239969,4317.910000000000,4318.110000000000,134
1767391200005,492,1767391240018,4317.930000000000,4318.130000000000,134
1767391200005,493,1767391240172,4317.970000000000,4318.170000000000,134
1767391200005,494,1767391240318,4317.900000000000,4318.100000000000,134
1767391200005,495,1767391240419,4317.890000000000,4318.050000000000,134
1767391200005,496,1767391240476,4317.890000000000,4318.030000000000,4
1767391200005,497,1767391240518,4317.830000000000,4318.030000000000,130
1767391200005,498,1767391240569,4317.840000000000,4318.040000000000,134
1767391200005,499,1767391240718,4317.800000000000,4318.000000000000,134
1767391200005,500,1767391240824,4317.780000000000,4317.980000000000,134
1767391200005,501,1767391241037,4317.800000000000,4317.980000000000,130
1767391200005,502,1767391241069,4317.850000000000,4318.050000000000,134
1767391200005,503,1767391242122,4317.840000000000,4317.880000000000,134
1767391200005,504,1767391242136,4317.680000000000,4317.880000000000,130
1767391200005,505,1767391242173,4317.630000000000,4317.780000000000,134
1767391200005,506,1767391242224,4317.630000000000,4317.770000000000,4
1767391200005,507,1767391242235,4317.570000000000,4317.770000000000,130
1767391200005,508,1767391242274,4317.570000000000,4317.750000000000,4
1767391200005,509,1767391242322,4317.570000000000,4317.770000000000,4
1767391200005,510,1767391242371,4317.580000000000,4317.780000000000,134
1767391200005,511,1767391242473,4317.640000000000,4317.840000000000,134
1767391200005,512,1767391242570,4317.630000000000,4317.820000000000,134
1767391200005,513,1767391242621,4317.630000000000,4317.810000000000,4
1767391200005,514,1767391242638,4317.620000000000,4317.810000000000,130
1767391200005,515,1767391242673,4317.620000000000,4317.790000000000,4
1767391200005,516,1767391242721,4317.630000000000,4317.830000000000,134
1767391200005,517,1767391243023,4317.790000000000,4317.900000000000,134
1767391200005,518,1767391243090,4317.790000000000,4317.990000000000,4
1767391200005,519,1767391243122,4317.820000000000,4318.020000000000,134
1767391200005,520,1767391243673,4317.840000000000,4318.040000000000,134
1767391200005,521,1767391243923,4317.820000000000,4318.020000000000,134
1767391200005,522,1767391243974,4317.820000000000,4317.980000000000,4
1767391200005,523,1767391244006,4317.790000000000,4317.980000000000,130
1767391200005,524,1767391244022,4317.790000000000,4317.970000000000,4
1767391200005,525,1767391244104,4317.770000000000,4317.970000000000,130
1767391200005,526,1767391244272,4317.780000000000,4317.980000000000,134
1767391200005,527,1767391244583,4317.820000000000,4318.020000000000,134
1767391200005,528,1767391244624,4317.800000000000,4318.000000000000,134
1767391200005,529,1767391244673,4317.820000000000,4318.020000000000,134
1767391200005,530,1767391244824,4317.760000000000,4317.880000000000,134
1767391200005,531,1767391244870,4317.690000000000,4317.880000000000,130
1767391200005,532,1767391244876,4317.740000000000,4317.940000000000,134
1767391200005,533,1767391245127,4317.820000000000,4317.960000000000,134
1767391200005,534,1767391245171,4317.820000000000,4318.020000000000,4
1767391200005,535,1767391245180,4317.790000000000,4317.990000000000,134
1767391200005,536,1767391245472,4317.800000000000,4317.990000000000,130
1767391200005,537,1767391245574,4317.790000000000,4317.990000000000,130
1767391200005,538,1767391246025,4317.820000000000,4318.020000000000,134
1767391200005,539,1767391246275,4317.800000000000,4318.000000000000,134
1767391200005,540,1767391246325,4317.830000000000,4318.030000000000,134
1767391200005,541,1767391246801,4317.840000000000,4318.030000000000,130
1767391200005,542,1767391246829,4317.920000000000,4318.110000000000,134
1767391200005,543,1767391246885,4318.110000000000,4318.150000000000,134
1767391200005,544,1767391246901,4318.140000000000,4318.330000000000,134
1767391200005,545,1767391246927,4318.150000000000,4318.330000000000,130
1767391200005,546,1767391246983,4318.170000000000,4318.330000000000,130
1767391200005,547,1767391247001,4318.170000000000,4318.340000000000,4
1767391200005,548,1767391247525,4318.170000000000,4318.350000000000,4
1767391200005,549,1767391247766,4318.170000000000,4318.360000000000,4
1767391200005,550,1767391248080,4318.170000000000,4318.340000000000,4
1767391200005,551,1767391248282,4318.240000000000,4318.340000000000,130
1767391200005,552,1767391248296,4318.240000000000,4318.360000000000,4
1767391200005,553,1767391248297,4318.240000000000,4318.440000000000,4
1767391200005,554,1767391248331,4318.190000000000,4318.390000000000,134
1767391200005,555,1767391249328,4318.240000000000,4318.390000000000,130
1767391200005,556,1767391249331,4318.280000000000,4318.480000000000,134
1767391200005,557,1767391249384,4318.240000000000,4318.430000000000,134
1767391200005,558,1767391249429,4318.250000000000,4318.430000000000,130
1767391200005,559,1767391249430,4318.250000000000,4318.450000000000,4
1767391200005,560,1767391250081,4318.230000000000,4318.430000000000,134
1767391200005,561,1767391250189,4318.340000000000,4318.500000000000,134
1767391200005,562,1767391250251,4318.340000000000,4318.540000000000,4
1767391200005,563,1767391250288,4318.330000000000,4318.530000000000,134
1767391200005,564,1767391250341,4318.300000000000,4318.500000000000,134
1767391200005,565,1767391250433,4318.320000000000,4318.520000000000,134
1767391200005,566,1767391250449,4318.320000000000,4318.490000000000,4
1767391200005,567,1767391250552,4318.320000000000,4318.520000000000,4
1767391200005,568,1767391250584,4318.250000000000,4318.430000000000,134
1767391200005,569,1767391250633,4318.250000000000,4318.450000000000,4
1767391200005,570,1767391250750,4318.250000000000,4318.420000000000,4
1767391200005,571,1767391250782,4318.280000000000,4318.420000000000,130
1767391200005,572,1767391250851,4318.280000000000,4318.460000000000,4
1767391200005,573,1767391251098,4318.280000000000,4318.450000000000,4
1767391200005,574,1767391251189,4318.150000000000,4318.190000000000,134
1767391200005,575,1767391251204,4318.010000000000,4318.150000000000,134
1767391200005,576,1767391251237,4318.010000000000,4318.160000000000,4
1767391200005,577,1767391251287,4318.010000000000,4318.170000000000,4
1767391200005,578,1767391251305,4317.970000000000,4318.170000000000,130
1767391200005,579,1767391251335,4317.960000000000,4318.150000000000,134
1767391200005,580,1767391251387,4318.190000000000,4318.230000000000,134
1767391200005,581,1767391251404,4318.190000000000,4318.360000000000,4
1767391200005,582,1767391251437,4318.160000000000,4318.360000000000,130
1767391200005,583,1767391251487,4318.190000000000,4318.360000000000,130
1767391200005,584,1767391251505,4318.190000000000,4318.390000000000,4
1767391200005,585,1767391251587,4318.180000000000,4318.380000000000,134
1767391200005,586,1767391251686,4318.160000000000,4318.360000000000,134
1767391200005,587,1767391251736,4318.190000000000,4318.360000000000,130
1767391200005,588,1767391251985,4318.160000000000,4318.360000000000,130
1767391200005,589,1767391252058,4318.160000000000,4318.350000000000,4
1767391200005,590,1767391252085,4318.140000000000,4318.340000000000,134
1767391200005,591,1767391252186,4318.150000000000,4318.350000000000,134
1767391200005,592,1767391252387,4318.200000000000,4318.400000000000,134
1767391200005,593,1767391252442,4318.180000000000,4318.380000000000,134
1767391200005,594,1767391252460,4318.210000000000,4318.380000000000,130
1767391200005,595,1767391252560,4318.180000000000,4318.380000000000,130
1767391200005,596,1767391252589,4318.220000000000,4318.420000000000,134
1767391200005,597,1767391252939,4318.190000000000,4318.390000000000,134
1767391200005,598,1767391253590,4318.160000000000,4318.360000000000,134
1767391200005,599,1767391253692,4318.190000000000,4318.390000000000,134
1767391200005,600,1767391253746,4318.220000000000,4318.390000000000,130
1767391200005,601,1767391253748,4318.240000000000,4318.440000000000,134
1767391200005,602,1767391253844,4318.230000000000,4318.430000000000,134
1767391200005,603,1767391253848,4318.260000000000,4318.430000000000,130
1767391200005,604,1767391253943,4318.260000000000,4318.460000000000,4
1767391200005,605,1767391253947,4318.270000000000,4318.460000000000,130
1767391200005,606,1767391254245,4318.270000000000,4318.470000000000,4
1767391200005,607,1767391254293,4318.260000000000,4318.300000000000,134
1767391200005,608,1767391254338,4318.090000000000,4318.290000000000,134
1767391200005,609,1767391254342,4318.090000000000,4318.250000000000,4
1767391200005,610,1767391254397,4318.090000000000,4318.240000000000,4
1767391200005,611,1767391254439,4318.070000000000,4318.240000000000,130
1767391200005,612,1767391254447,4318.070000000000,4318.230000000000,4
1767391200005,613,1767391254539,4318.030000000000,4318.230000000000,130
1767391200005,614,1767391254542,4318.040000000000,4318.240000000000,134
1767391200005,615,1767391254847,4318.020000000000,4318.160000000000,134
1767391200005,616,1767391254894,4318.020000000000,4318.150000000000,4
1767391200005,617,1767391254933,4317.950000000000,4318.150000000000,130
1767391200005,618,1767391254943,4318.030000000000,4318.220000000000,134
1767391200005,619,1767391254994,4317.970000000000,4318.170000000000,134
1767391200005,620,1767391255033,4318.010000000000,4318.170000000000,130
1767391200005,621,1767391255045,4318.050000000000,4318.250000000000,134
1767391200005,622,1767391255098,4318.010000000000,4318.210000000000,134
1767391200005,623,1767391255152,4318.040000000000,4318.240000000000,134
1767391200005,624,1767391255196,4318.060000000000,4318.260000000000,134
1767391200005,625,1767391255296,4318.040000000000,4318.240000000000,134
1767391200005,626,1767391255396,4318.030000000000,4318.230000000000,134
1767391200005,627,1767391255446,4318.060000000000,4318.260000000000,134
1767391200005,628,1767391255844,4318.000000000000,4318.200000000000,134
1767391200005,629,1767391256894,4317.990000000000,4318.190000000000,134
1767391200005,630,1767391257212,4318.010000000000,4318.190000000000,130
1767391200005,631,1767391257836,4317.990000000000,4318.190000000000,130
1767391200005,632,1767391257936,4318.010000000000,4318.190000000000,130
1767391200005,633,1767391258200,4318.010000000000,4318.200000000000,4
1767391200005,634,1767391258211,4318.030000000000,4318.200000000000,130
1767391200005,635,1767391258255,4318.060000000000,4318.260000000000,134
1767391200005,636,1767391258299,4318.050000000000,4318.250000000000,134
1767391200005,637,1767391258310,4318.070000000000,4318.250000000000,130
1767391200005,638,1767391258403,4318.070000000000,4318.240000000000,4
1767391200005,639,1767391258409,4318.040000000000,4318.240000000000,130
1767391200005,640,1767391258451,4318.040000000000,4318.220000000000,4
1767391200005,641,1767391258501,4318.040000000000,4318.240000000000,4
1767391200005,642,1767391258553,4318.110000000000,4318.310000000000,134
1767391200005,643,1767391259052,4318.090000000000,4318.290000000000,134
1767391200005,644,1767391259100,4318.070000000000,4318.230000000000,134
1767391200005,645,1767391259164,4318.050000000000,4318.230000000000,130
1767391200005,646,1767391259252,4318.050000000000,4318.200000000000,4
1767391200005,647,1767391259262,4318.000000000000,4318.200000000000,130
1767391200005,648,1767391259302,4317.980000000000,4318.080000000000,134
1767391200005,649,1767391259364,4317.920000000000,4318.080000000000,130
1767391200005,650,1767391259400,4317.920000000000,4318.100000000000,4
1767391200005,651,1767391259451,4317.920000000000,4318.070000000000,4
1767391200005,652,1767391259463,4317.870000000000,4318.070000000000,130
1767391200005,653,1767391259500,4317.850000000000,4318.040000000000,134
1767391200005,654,1767391259564,4317.840000000000,4318.040000000000,130
1767391200005,655,1767391259709,4317.830000000000,4318.030000000000,134
1767391200005,656,1767391260130,4317.830000000000,4318.030000000000,130
1767391200005,657,1767391260154,4317.790000000000,4317.930000000000,134
1767391200005,658,1767391260203,4317.790000000000,4317.830000000000,4
1767391200005,659,1767391260229,4317.660000000000,4317.830000000000,130
1767391200005,660,1767391260254,4317.670000000000,4317.870000000000,134
1767391200005,661,1767391260304,4317.860000000000,4317.930000000000,134
1767391200005,662,1767391260329,4317.860000000000,4318.060000000000,4
1767391200005,663,1767391260356,4317.820000000000,4318.020000000000,134
1767391200005,664,1767391260503,4317.850000000000,4318.050000000000,134
1767391200005,665,1767391261862,4318.110000000000,4318.150000000000,134
1767391200005,666,1767391261877,4318.180000000000,4318.340000000000,134
1767391200005,667,1767391261917,4318.210000000000,4318.340000000000,130
1767391200005,668,1767391261962,4318.320000000000,4318.360000000000,134
1767391200005,669,1767391261980,4318.330000000000,4318.490000000000,134
1767391200005,670,1767391262011,4318.230000000000,4318.430000000000,134
1767391200005,671,1767391262111,4318.200000000000,4318.400000000000,134
1767391200005,672,1767391262208,4318.230000000000,4318.430000000000,134
1767391200005,673,1767391262280,4318.230000000000,4318.410000000000,4
1767391200005,674,1767391262859,4318.210000000000,4318.410000000000,130
1767391200005,675,1767391262911,4318.150000000000,4318.330000000000,134
1767391200005,676,1767391262961,4318.150000000000,4318.350000000000,4
1767391200005,677,1767391263113,4318.180000000000,4318.360000000000,134
1767391200005,678,1767391263160,4318.230000000000,4318.360000000000,130
1767391200005,679,1767391263163,4318.230000000000,4318.400000000000,4
1767391200005,680,1767391263213,4318.220000000000,4318.400000000000,130
1767391200005,681,1767391263264,4318.220000000000,4318.390000000000,4
1767391200005,682,1767391263634,4318.220000000000,4318.400000000000,4
1767391200005,683,1767391263664,4318.200000000000,4318.400000000000,130
1767391200005,684,1767391264213,4318.150000000000,4318.350000000000,134
1767391200005,685,1767391264267,4318.150000000000,4318.340000000000,4
1767391200005,686,1767391264290,4318.140000000000,4318.340000000000,130
1767391200005,687,1767391264413,4318.170000000000,4318.370000000000,134
1767391200005,688,1767391264471,4318.150000000000,4318.350000000000,134
1767391200005,689,1767391264514,4318.110000000000,4318.310000000000,134
1767391200005,690,1767391264564,4318.020000000000,4318.060000000000,134
1767391200005,691,1767391264593,4317.800000000000,4317.980000000000,134
1767391200005,692,1767391264614,4317.800000000000,4317.970000000000,4
1767391200005,693,1767391264693,4317.810000000000,4317.970000000000,130
1767391200005,694,1767391264714,4317.810000000000,4317.960000000000,4
1767391200005,695,1767391264764,4317.810000000000,4318.010000000000,4
1767391200005,696,1767391264821,4317.780000000000,4317.980000000000,134
1767391200005,697,1767391264872,4317.790000000000,4317.990000000000,134
1767391200005,698,1767391264963,4317.780000000000,4317.980000000000,134
1767391200005,699,1767391265014,4317.780000000000,4317.970000000000,4
1767391200005,700,1767391265065,4317.780000000000,4317.980000000000,4
1767391200005,701,1767391265093,4317.790000000000,4317.980000000000,130
1767391200005,702,1767391265113,4317.790000000000,4317.970000000000,4
1767391200005,703,1767391265194,4317.780000000000,4317.970000000000,130
1767391200005,704,1767391265483,4317.770000000000,4317.970000000000,130
1767391200005,705,1767391265520,4317.790000000000,4317.990000000000,134
1767391200005,706,1767391265568,4317.780000000000,4317.980000000000,134
1767391200005,707,1767391265584,4317.790000000000,4317.980000000000,130
1767391200005,708,1767391265833,4317.780000000000,4317.980000000000,130
1767391200005,709,1767391266249,4317.790000000000,4317.980000000000,130
1767391200005,710,1767391266269,4317.800000000000,4318.000000000000,134
1767391200005,711,1767391266613,4317.840000000000,4318.000000000000,130
1767391200005,712,1767391266617,4318.000000000000,4318.110000000000,134
1767391200005,713,1767391266670,4318.120000000000,4318.160000000000,134
1767391200005,714,1767391266713,4318.160000000000,4318.360000000000,134
1767391200005,715,1767391266717,4318.120000000000,4318.320000000000,134
1767391200005,716,1767391266866,4318.090000000000,4318.290000000000,134
1767391200005,717,1767391266971,4318.120000000000,4318.320000000000,134
1767391200005,718,1767391267014,4318.120000000000,4318.310000000000,4
1767391200005,719,1767391267171,4318.140000000000,4318.310000000000,130
1767391200005,720,1767391267969,4318.210000000000,4318.310000000000,130
1767391200005,721,1767391268018,4318.230000000000,4318.310000000000,130
1767391200005,722,1767391268019,4318.230000000000,4318.420000000000,4
1767391200005,723,1767391268410,4318.230000000000,4318.430000000000,4
1767391200005,724,1767391268511,4318.230000000000,4318.390000000000,4
1767391200005,725,1767391268817,4318.190000000000,4318.390000000000,130
1767391200005,726,1767391268873,4318.160000000000,4318.360000000000,134
1767391200005,727,1767391269023,4318.210000000000,4318.400000000000,134
1767391200005,728,1767391269074,4318.170000000000,4318.370000000000,134
1767391200005,729,1767391269122,4318.170000000000,4318.350000000000,4
1767391200005,730,1767391269215,4318.150000000000,4318.340000000000,134
1767391200005,731,1767391269219,4318.070000000000,4318.260000000000,134
1767391200005,732,1767391269269,4318.070000000000,4318.190000000000,4
1767391200005,733,1767391269315,4317.990000000000,4318.190000000000,130
1767391200005,734,1767391269328,4317.970000000000,4318.140000000000,134
1767391200005,735,1767391269371,4317.970000000000,4318.150000000000,4
1767391200005,736,1767391269415,4317.960000000000,4318.150000000000,130
1767391200005,737,1767391269425,4318.020000000000,4318.220000000000,134
1767391200005,738,1767391269471,4317.960000000000,4318.160000000000,134
1767391200005,739,1767391269517,4317.980000000000,4318.160000000000,130
1767391200005,740,1767391269521,4317.980000000000,4318.150000000000,4
1767391200005,741,1767391269618,4317.950000000000,4318.150000000000,130
1767391200005,742,1767391269767,4317.960000000000,4318.160000000000,134
1767391200005,743,1767391269869,4317.970000000000,4318.170000000000,134
1767391200005,744,1767391270271,4317.990000000000,4318.190000000000,134
1767391200005,745,1767391270323,4318.020000000000,4318.220000000000,134
1767391200005,746,1767391270371,4318.000000000000,4318.200000000000,134
1767391200005,747,1767391270426,4318.060000000000,4318.260000000000,134
1767391200005,748,1767391270453,4318.070000000000,4318.260000000000,130
1767391200005,749,1767391270553,4318.060000000000,4318.260000000000,130
1767391200005,750,1767391270672,4318.040000000000,4318.240000000000,134
1767391200005,751,1767391271122,4318.030000000000,4318.180000000000,134
1767391200005,752,1767391271155,4318.000000000000,4318.180000000000,130
1767391200005,753,1767391271169,4318.000000000000,4318.190000000000,4
1767391200005,754,1767391271268,4318.020000000000,4318.220000000000,134
1767391200005,755,1767391271320,4318.000000000000,4318.190000000000,134
1767391200005,756,1767391271355,4318.010000000000,4318.190000000000,130
1767391200005,757,1767391271369,4318.020000000000,4318.220000000000,134
1767391200005,758,1767391271724,4318.070000000000,4318.250000000000,134
1767391200005,759,1767391271730,4318.070000000000,4318.260000000000,4
1767391200005,760,1767391271782,4318.090000000000,4318.260000000000,130
1767391200005,761,1767391271822,4318.070000000000,4318.260000000000,130
1767391200005,762,1767391271829,4318.070000000000,4318.270000000000,4
1767391200005,763,1767391271971,4318.040000000000,4318.240000000000,134
1767391200005,764,1767391272021,4318.070000000000,4318.270000000000,134
1767391200005,765,1767391272075,4318.080000000000,4318.280000000000,134
1767391200005,766,1767391272173,4318.070000000000,4318.270000000000,134
1767391200005,767,1767391272777,4318.100000000000,4318.300000000000,134
1767391200005,768,1767391272825,4318.140000000000,4318.340000000000,134
1767391200005,769,1767391272874,4318.160000000000,4318.350000000000,134
1767391200005,770,1767391272905,4318.160000000000,4318.360000000000,4
1767391200005,771,1767391272972,4318.210000000000,4318.410000000000,134
1767391200005,772,1767391273223,4318.220000000000,4318.420000000000,134
1767391200005,773,1767391273773,4318.200000000000,4318.400000000000,134
1767391200005,774,1767391273872,4318.210000000000,4318.410000000000,134
1767391200005,775,1767391273924,4318.230000000000,4318.430000000000,134
1767391200005,776,1767391274481,4318.220000000000,4318.420000000000,134
1767391200005,777,1767391275125,4318.250000000000,4318.440000000000,134
1767391200005,778,1767391275176,4318.220000000000,4318.420000000000,134
1767391200005,779,1767391275227,4318.190000000000,4318.390000000000,134
1767391200005,780,1767391275274,4318.220000000000,4318.420000000000,134
1767391200005,781,1767391275418,4318.240000000000,4318.420000000000,130
1767391200005,782,1767391275478,4318.240000000000,4318.410000000000,4
1767391200005,783,1767391275518,4318.210000000000,4318.410000000000,130
1767391200005,784,1767391275526,4318.200000000000,4318.390000000000,134
1767391200005,785,1767391275574,4318.200000000000,4318.380000000000,4
1767391200005,786,1767391275619,4318.180000000000,4318.380000000000,130
1767391200005,787,1767391275623,4318.200000000000,4318.400000000000,134
1767391200005,788,1767391275819,4318.240000000000,4318.400000000000,130
1767391200005,789,1767391275978,4318.240000000000,4318.410000000000,4
1767391200005,790,1767391276021,4318.210000000000,4318.410000000000,130
1767391200005,791,1767391276979,4318.190000000000,4318.390000000000,134
1767391200005,792,1767391277078,4318.210000000000,4318.410000000000,134
1767391200005,793,1767391277379,4318.240000000000,4318.410000000000,130
1767391200005,794,1767391277380,4318.290000000000,4318.490000000000,134
1767391200005,795,1767391277429,4318.500000000000,4318.540000000000,134
1767391200005,796,1767391277477,4318.510000000000,4318.550000000000,134
1767391200005,797,1767391277483,4318.580000000000,4318.750000000000,134
1767391200005,798,1767391277578,4318.580000000000,4318.680000000000,4
1767391200005,799,1767391277583,4318.490000000000,4318.680000000000,130
1767391200005,800,1767391277630,4318.490000000000,4318.690000000000,4
1767391200005,801,1767391277730,4318.440000000000,4318.510000000000,134
1767391200005,802,1767391277778,4318.430000000000,4318.470000000000,134
1767391200005,803,1767391277784,4318.250000000000,4318.450000000000,134
1767391200005,804,1767391277932,4318.260000000000,4318.460000000000,134
1767391200005,805,1767391278082,4318.250000000000,4318.450000000000,134
1767391200005,806,1767391278086,4318.270000000000,4318.450000000000,130
1767391200005,807,1767391278229,4318.270000000000,4318.440000000000,4
1767391200005,808,1767391278282,4318.270000000000,4318.460000000000,4
1767391200005,809,1767391278289,4318.260000000000,4318.460000000000,130
1767391200005,810,1767391278479,4318.240000000000,4318.440000000000,134
1767391200005,811,1767391278779,4318.230000000000,4318.420000000000,134
1767391200005,812,1767391278829,4318.240000000000,4318.440000000000,134
1767391200005,813,1767391278890,4318.230000000000,4318.430000000000,134
1767391200005,814,1767391278979,4318.240000000000,4318.440000000000,134
1767391200005,815,1767391279031,4318.230000000000,4318.430000000000,134
1767391200005,816,1767391279530,4318.230000000000,4318.420000000000,4
1767391200005,817,1767391279581,4318.230000000000,4318.390000000000,4
1767391200005,818,1767391279584,4318.210000000000,4318.390000000000,130
1767391200005,819,1767391279685,4318.190000000000,4318.390000000000,130
1767391200005,820,1767391280781,4318.190000000000,4318.380000000000,4
1767391200005,821,1767391280834,4318.190000000000,4318.360000000000,4
1767391200005,822,1767391280873,4318.160000000000,4318.360000000000,130
1767391200005,823,1767391281132,4318.180000000000,4318.380000000000,134
1767391200005,824,1767391281186,4318.170000000000,4318.370000000000,134
1767391200005,825,1767391281433,4318.180000000000,4318.380000000000,134
1767391200005,826,1767391281490,4318.190000000000,4318.390000000000,134
1767391200005,827,1767391281534,4318.180000000000,4318.380000000000,134
1767391200005,828,1767391281591,4318.170000000000,4318.370000000000,134
1767391200005,829,1767391281940,4318.180000000000,4318.380000000000,134
1767391200005,830,1767391281985,4318.160000000000,4318.290000000000,134
1767391200005,831,1767391282026,4318.090000000000,4318.290000000000,130
1767391200005,832,1767391282036,4318.100000000000,4318.300000000000,134
1767391200005,833,1767391282286,4318.130000000000,4318.330000000000,134
1767391200005,834,1767391282334,4318.100000000000,4318.270000000000,134
1767391200005,835,1767391282388,4318.100000000000,4318.290000000000,4
1767391200005,836,1767391282430,4318.120000000000,4318.290000000000,130
1767391200005,837,1767391282484,4318.120000000000,4318.300000000000,4
1767391200005,838,1767391282528,4318.100000000000,4318.300000000000,130
1767391200005,839,1767391282684,4318.090000000000,4318.290000000000,134
1767391200005,840,1767391282786,4318.100000000000,4318.300000000000,134
1767391200005,841,1767391282845,4318.090000000000,4318.250000000000,134
1767391200005,842,1767391282890,4318.090000000000,4318.220000000000,4
1767391200005,843,1767391282933,4318.060000000000,4318.220000000000,130
1767391200005,844,1767391282937,4318.060000000000,4318.250000000000,4
1767391200005,845,1767391282989,4318.060000000000,4318.240000000000,4
1767391200005,846,1767391283034,4318.040000000000,4318.240000000000,130
1767391200005,847,1767391283087,4318.040000000000,4318.230000000000,4
1767391200005,848,1767391283132,4318.030000000000,4318.230000000000,130
1767391200005,849,1767391283292,4318.050000000000,4318.250000000000,134
1767391200005,850,1767391283391,4318.070000000000,4318.270000000000,134
1767391200005,851,1767391283434,4318.100000000000,4318.270000000000,130
1767391200005,852,1767391283451,4318.110000000000,4318.310000000000,134
1767391200005,853,1767391283789,4318.100000000000,4318.270000000000,134
1767391200005,854,1767391283836,4318.070000000000,4318.270000000000,130
1767391200005,855,1767391283841,4318.060000000000,4318.260000000000,134
1767391200005,856,1767391284037,4318.070000000000,4318.260000000000,130
1767391200005,857,1767391284137,4318.060000000000,4318.260000000000,130
1767391200005,858,1767391284341,4318.050000000000,4318.250000000000,134
1767391200005,859,1767391285188,4318.060000000000,4318.260000000000,134
1767391200005,860,1767391285342,4318.090000000000,4318.290000000000,134
1767391200005,861,1767391285392,4318.110000000000,4318.290000000000,130
1767391200005,862,1767391285427,4318.110000000000,4318.310000000000,4
1767391200005,863,1767391285595,4318.080000000000,4318.280000000000,134
1767391200005,864,1767391286639,4318.120000000000,4318.310000000000,134
1767391200005,865,1767391286673,4318.120000000000,4318.320000000000,4
1767391200005,866,1767391286691,4318.130000000000,4318.330000000000,134
1767391200005,867,1767391286973,4318.160000000000,4318.330000000000,130
1767391200005,868,1767391287041,4318.160000000000,4318.310000000000,4
1767391200005,869,1767391287074,4318.110000000000,4318.270000000000,134
1767391200005,870,1767391287092,4318.000000000000,4318.110000000000,134
1767391200005,871,1767391287146,4318.000000000000,4318.100000000000,4
1767391200005,872,1767391287173,4317.940000000000,4318.100000000000,130
1767391200005,873,1767391287191,4317.960000000000,4318.160000000000,134
1767391200005,874,1767391287239,4317.940000000000,4318.130000000000,134
1767391200005,875,1767391287274,4317.930000000000,4318.130000000000,130
1767391200005,876,1767391287494,4317.910000000000,4318.110000000000,134
1767391200005,877,1767391287545,4317.960000000000,4318.160000000000,134
1767391200005,878,1767391287642,4317.950000000000,4318.150000000000,134
1767391200005,879,1767391287694,4317.940000000000,4318.140000000000,134
1767391200005,880,1767391287742,4317.950000000000,4318.150000000000,134
1767391200005,881,1767391287842,4317.930000000000,4318.130000000000,134
1767391200005,882,1767391287892,4317.940000000000,4318.140000000000,134
1767391200005,883,1767391287943,4317.930000000000,4318.130000000000,134
1767391200005,884,1767391288080,4317.940000000000,4318.130000000000,130
1767391200005,885,1767391288091,4317.990000000000,4318.190000000000,134
1767391200005,886,1767391288194,4317.980000000000,4318.180000000000,134
1767391200005,887,1767391288495,4317.990000000000,4318.190000000000,134
1767391200005,888,1767391288895,4317.980000000000,4318.180000000000,134
1767391200005,889,1767391289096,4317.950000000000,4318.150000000000,134
1767391200005,890,1767391289145,4317.950000000000,4318.100000000000,4
1767391200005,891,1767391289198,4317.950000000000,4318.140000000000,4
1767391200005,892,1767391289285,4317.940000000000,4318.140000000000,130
1767391200005,893,1767391289294,4317.940000000000,4318.130000000000,4
1767391200005,894,1767391289386,4317.930000000000,4318.130000000000,130
1767391200005,895,1767391289394,4317.950000000000,4318.150000000000,134
1767391200005,896,1767391289552,4318.010000000000,4318.190000000000,134
1767391200005,897,1767391289587,4318.030000000000,4318.210000000000,134
1767391200005,898,1767391289599,4318.030000000000,4318.230000000000,4
1767391200005,899,1767391289750,4318.020000000000,4318.220000000000,134
1767391200005,900,1767391289848,4318.000000000000,4318.200000000000,134
1767391200005,901,1767391289898,4318.040000000000,4318.240000000000,134
1767391200005,902,1767391289946,4318.010000000000,4318.210000000000,134
1767391200005,903,1767391289995,4318.030000000000,4318.230000000000,134
1767391200005,904,1767391290091,4318.040000000000,4318.230000000000,130
1767391200005,905,1767391290100,4318.040000000000,4318.240000000000,4
1767391200005,906,1767391290149,4318.040000000000,4318.230000000000,4
1767391200005,907,1767391290191,4318.060000000000,4318.230000000000,130
1767391200005,908,1767391290197,4318.060000000000,4318.240000000000,4
1767391200005,909,1767391290246,4318.060000000000,4318.250000000000,4
1767391200005,910,1767391290292,4318.050000000000,4318.250000000000,130
1767391200005,911,1767391290296,4318.040000000000,4318.240000000000,134
1767391200005,912,1767391290397,4318.050000000000,4318.250000000000,134
1767391200005,913,1767391290655,4318.020000000000,4318.210000000000,134
1767391200005,914,1767391290696,4318.050000000000,4318.210000000000,130
1767391200005,915,1767391290703,4318.050000000000,4318.250000000000,4
1767391200005,916,1767391290749,4318.050000000000,4318.240000000000,4
1767391200005,917,1767391290795,4318.040000000000,4318.240000000000,130
1767391200005,918,1767391290846,4318.050000000000,4318.250000000000,134
1767391200005,919,1767391290900,4318.040000000000,4318.240000000000,134
1767391200005,920,1767391291198,4318.030000000000,4318.230000000000,134
1767391200005,921,1767391291398,4318.040000000000,4318.240000000000,134
1767391200005,922,1767391292100,4317.980000000000,4318.180000000000,134
1767391200005,923,1767391292101,4317.990000000000,4318.180000000000,130
1767391200005,924,1767391292149,4317.990000000000,4318.170000000000,4
1767391200005,925,1767391292199,4317.990000000000,4318.140000000000,4
1767391200005,926,1767391292201,4317.960000000000,4318.140000000000,130
1767391200005,927,1767391292250,4317.960000000000,4318.150000000000,4
1767391200005,928,1767391292301,4317.950000000000,4318.150000000000,130
1767391200005,929,1767391292751,4318.030000000000,4318.200000000000,134
1767391200005,930,1767391292820,4318.040000000000,4318.230000000000,134
1767391200005,931,1767391292922,4318.030000000000,4318.230000000000,130
1767391200005,932,1767391292950,4318.050000000000,4318.250000000000,134
1767391200005,933,1767391292998,4318.040000000000,4318.240000000000,134
1767391200005,934,1767391293027,4318.060000000000,4318.240000000000,130
1767391200005,935,1767391293047,4318.060000000000,4318.250000000000,4
1767391200005,936,1767391293099,4318.060000000000,4318.240000000000,4
1767391200005,937,1767391293127,4318.040000000000,4318.240000000000,130
1767391200005,938,1767391293300,4318.050000000000,4318.250000000000,134
1767391200005,939,1767391293350,4318.040000000000,4318.240000000000,134
1767391200005,940,1767391293427,4318.050000000000,4318.240000000000,130
1767391200005,941,1767391293606,4318.050000000000,4318.250000000000,4
1767391200005,942,1767391293851,4318.060000000000,4318.250000000000,130
1767391200005,943,1767391293951,4318.050000000000,4318.250000000000,130
1767391200005,944,1767391293952,4318.010000000000,4318.210000000000,134
1767391200005,945,1767391294001,4318.010000000000,4318.280000000000,4
1767391200005,946,1767391294052,4318.030000000000,4318.300000000000,134
1767391200005,947,1767391294102,4318.050000000000,4318.250000000000,134
1767391200005,948,1767391294151,4318.030000000000,4318.220000000000,134
1767391200005,949,1767391294151,4318.020000000000,4318.220000000000,130
1767391200005,950,1767391294402,4318.040000000000,4318.240000000000,134
1767391200005,951,1767391294906,4318.020000000000,4318.200000000000,134
1767391200005,952,1767391294956,4318.020000000000,4318.160000000000,4
1767391200005,953,1767391294956,4317.960000000000,4318.160000000000,130
1767391200005,954,1767391295055,4317.970000000000,4318.170000000000,134
1767391200005,955,1767391295105,4317.960000000000,4318.160000000000,134
1767391200005,956,1767391295757,4318.000000000000,4318.180000000000,134
1767391200005,957,1767391295847,4318.000000000000,4318.200000000000,4
1767391200005,958,1767391295909,4318.070000000000,4318.200000000000,130
1767391200005,959,1767391295942,4318.070000000000,4318.270000000000,4
1767391200005,960,1767391295958,4318.090000000000,4318.290000000000,134
1767391200005,961,1767391296008,4318.050000000000,4318.250000000000,134
1767391200005,962,1767391296058,4318.080000000000,4318.280000000000,134
1767391200005,963,1767391296158,4318.060000000000,4318.260000000000,134
1767391200005,964,1767391296211,4318.050000000000,4318.250000000000,134
1767391200005,965,1767391296242,4318.060000000000,4318.250000000000,130
1767391200005,966,1767391296259,4318.070000000000,4318.270000000000,134
1767391200005,967,1767391296546,4318.080000000000,4318.270000000000,130
1767391200005,968,1767391296774,4318.070000000000,4318.270000000000,130
1767391200005,969,1767391297311,4318.010000000000,4318.190000000000,134
1767391200005,970,1767391297361,4318.010000000000,4318.150000000000,4
1767391200005,971,1767391297388,4317.970000000000,4318.150000000000,130
1767391200005,972,1767391297601,4317.950000000000,4318.150000000000,130
1767391200005,973,1767391297610,4317.980000000000,4318.180000000000,134
1767391200005,974,1767391297661,4318.040000000000,4318.200000000000,134
1767391200005,975,1767391297704,4318.050000000000,4318.240000000000,134
1767391200005,976,1767391297761,4318.050000000000,4318.150000000000,4
1767391200005,977,1767391297802,4318.000000000000,4318.150000000000,130
1767391200005,978,1767391297816,4318.000000000000,4318.180000000000,4
1767391200005,979,1767391297902,4317.980000000000,4318.180000000000,130
1767391200005,980,1767391297911,4317.950000000000,4318.150000000000,134
1767391200005,981,1767391298001,4317.970000000000,4318.150000000000,130
1767391200005,982,1767391298103,4317.950000000000,4318.150000000000,130
1767391200005,983,1767391298472,4317.930000000000,4318.080000000000,134
1767391200005,984,1767391298512,4317.930000000000,4318.070000000000,4
1767391200005,985,1767391298535,4317.870000000000,4318.070000000000,130
1767391200005,986,1767391298612,4317.860000000000,4318.060000000000,134
1767391200005,987,1767391298634,4317.870000000000,4318.060000000000,130
1767391200005,988,1767391298735,4317.860000000000,4318.060000000000,130
1767391200005,989,1767391299011,4317.840000000000,4318.040000000000,134
1767391200005,990,1767391299063,4317.830000000000,4318.030000000000,134
1767391200005,991,1767391299162,4317.850000000000,4318.050000000000,134
1767391200005,992,1767391299261,4317.860000000000,4318.060000000000,134
1767391200005,993,1767391299412,4317.830000000000,4318.020000000000,134
1767391200005,994,1767391299439,4317.820000000000,4318.020000000000,130
1767391200005,995,1767391299461,4317.810000000000,4318.010000000000,134
1767391200005,996,1767391299511,4317.830000000000,4318.030000000000,134
1767391200005,997,1767391299562,4317.810000000000,4318.010000000000,134
1767391200005,998,1767391299712,4317.830000000000,4318.030000000000,134
1767391200005,999,1767391299762,4317.830000000000,4317.990000000000,4
1767391200005,1000,1767391299844,4317.810000000000,4317.990000000000,130
1767391200005,1001,1767391299862,4317.810000000000,4318.010000000000,4
1767391200005,1002,1767391300161,4317.820000000000,4318.020000000000,134
1767391200005,1003,1767391300212,4317.790000000000,4317.990000000000,134
1767391200005,1004,1767391300262,4317.800000000000,4318.000000000000,134
1767391200005,1005,1767391300364,4317.810000000000,4318.010000000000,134
1767391200005,1006,1767391300413,4317.820000000000,4318.010000000000,130
1767391200005,1007,1767391300424,4317.820000000000,4317.990000000000,4
1767391200005,1008,1767391300464,4317.820000000000,4317.980000000000,4
1767391200005,1009,1767391300513,4317.820000000000,4317.940000000000,4
1767391200005,1010,1767391300515,4317.770000000000,4317.940000000000,130
1767391200005,1011,1767391300564,4317.770000000000,4317.930000000000,4
1767391200005,1012,1767391300618,4317.730000000000,4317.930000000000,130
1767391200005,1013,1767391300662,4317.740000000000,4317.940000000000,134
1767391200005,1014,1767391300712,4317.760000000000,4317.960000000000,134
1767391200005,1015,1767391300716,4317.790000000000,4317.960000000000,130
1767391200005,1016,1767391300816,4317.760000000000,4317.960000000000,130
1767391200005,1017,1767391300913,4317.850000000000,4318.030000000000,134
1767391200005,1018,1767391300919,4317.850000000000,4318.050000000000,4
1767391200005,1019,1767391300962,4317.850000000000,4318.020000000000,4
1767391200005,1020,1767391301016,4317.850000000000,4317.990000000000,4
1767391200005,1021,1767391301072,4317.850000000000,4317.980000000000,4
1767391200005,1022,1767391301119,4317.790000000000,4317.980000000000,130
1767391200005,1023,1767391301219,4317.810000000000,4317.980000000000,130
1767391200005,1024,1767391301319,4317.800000000000,4317.980000000000,130
1767391200005,1025,1767391301370,4317.800000000000,4317.960000000000,4
1767391200005,1026,1767391301419,4318.080000000000,4318.120000000000,134
1767391200005,1027,1767391301420,4318.130000000000,4318.330000000000,134
1767391200005,1028,1767391301467,4318.180000000000,4318.380000000000,134
1767391200005,1029,1767391301521,4318.130000000000,4318.330000000000,134
1767391200005,1030,1767391301521,4318.190000000000,4318.330000000000,130
1767391200005,1031,1767391301573,4318.190000000000,4318.320000000000,4
1767391200005,1032,1767391301612,4318.190000000000,4318.290000000000,4
1767391200005,1033,1767391301622,4318.090000000000,4318.290000000000,130
1767391200005,1034,1767391301663,4318.120000000000,4318.320000000000,134
1767391200005,1035,1767391301723,4318.130000000000,4318.320000000000,130
1767391200005,1036,1767391301812,4318.130000000000,4318.300000000000,4
1767391200005,1037,1767391301823,4318.160000000000,4318.300000000000,130
1767391200005,1038,1767391301924,4318.130000000000,4318.300000000000,130
1767391200005,1039,1767391302025,4318.100000000000,4318.300000000000,130
1767391200005,1040,1767391302065,4318.120000000000,4318.320000000000,134
1767391200005,1041,1767391302122,4318.110000000000,4318.310000000000,134
1767391200005,1042,1767391302168,4318.120000000000,4318.320000000000,134
1767391200005,1043,1767391302217,4318.110000000000,4318.310000000000,134
1767391200005,1044,1767391302417,4318.150000000000,4318.350000000000,134
1767391200005,1045,1767391302918,4318.220000000000,4318.410000000000,134
1767391200005,1046,1767391302983,4318.230000000000,4318.420000000000,134
1767391200005,1047,1767391303189,4318.220000000000,4318.420000000000,130
1767391200005,1048,1767391303316,4318.190000000000,4318.370000000000,134
1767391200005,1049,1767391303369,4318.190000000000,4318.280000000000,4
1767391200005,1050,1767391303402,4318.090000000000,4318.280000000000,130
1767391200005,1051,1767391303418,4318.090000000000,4318.240000000000,4
1767391200005,1052,1767391303566,4318.090000000000,4318.230000000000,4
1767391200005,1053,1767391303603,4318.030000000000,4318.230000000000,130
1767391200005,1054,1767391303616,4318.030000000000,4318.220000000000,4
1767391200005,1055,1767391303704,4318.050000000000,4318.220000000000,130
1767391200005,1056,1767391303916,4318.050000000000,4318.230000000000,4
1767391200005,1057,1767391304326,4318.080000000000,4318.280000000000,134
1767391200005,1058,1767391304367,4318.090000000000,4318.280000000000,130
1767391200005,1059,1767391304375,4318.090000000000,4318.290000000000,4
1767391200005,1060,1767391304422,4318.090000000000,4318.270000000000,4
1767391200005,1061,1767391304467,4318.080000000000,4318.270000000000,130
1767391200005,1062,1767391304567,4318.070000000000,4318.270000000000,130
1767391200005,1063,1767391304570,4318.050000000000,4318.250000000000,134
1767391200005,1064,1767391304619,4318.060000000000,4318.260000000000,134
1767391200005,1065,1767391304668,4318.080000000000,4318.260000000000,130
1767391200005,1066,1767391304720,4318.080000000000,4318.270000000000,4
1767391200005,1067,1767391304769,4318.080000000000,4318.250000000000,4
1767391200005,1068,1767391305068,4318.080000000000,4318.280000000000,4
1767391200005,1069,1767391305119,4318.080000000000,4318.250000000000,4
1767391200005,1070,1767391305167,4318.080000000000,4318.260000000000,4
1767391200005,1071,1767391305268,4318.080000000000,4318.250000000000,4
1767391200005,1072,1767391305419,4318.080000000000,4318.280000000000,4
1767391200005,1073,1767391305471,4318.140000000000,4318.280000000000,130
1767391200005,1074,1767391305476,4318.140000000000,4318.320000000000,4
1767391200005,1075,1767391305573,4318.150000000000,4318.320000000000,130
1767391200005,1076,1767391305672,4318.140000000000,4318.320000000000,130
1767391200005,1077,1767391305774,4318.120000000000,4318.320000000000,130
1767391200005,1078,1767391305821,4318.130000000000,4318.330000000000,134
1767391200005,1079,1767391305974,4318.150000000000,4318.330000000000,130
1767391200005,1080,1767391306147,4318.140000000000,4318.330000000000,130
1767391200005,1081,1767391306247,4318.150000000000,4318.330000000000,130
1767391200005,1082,1767391306270,4318.150000000000,4318.320000000000,4
1767391200005,1083,1767391307243,4318.170000000000,4318.320000000000,130
1767391200005,1084,1767391307274,4318.420000000000,4318.460000000000,134
1767391200005,1085,1767391307328,4318.460000000000,4318.500000000000,134
1767391200005,1086,1767391307342,4318.550000000000,4318.720000000000,134
1767391200005,1087,1767391307443,4318.520000000000,4318.720000000000,130
1767391200005,1088,1767391307844,4318.540000000000,4318.720000000000,130
1767391200005,1089,1767391307947,4318.520000000000,4318.720000000000,130
1767391200005,1090,1767391308148,4318.550000000000,4318.720000000000,130
1767391200005,1091,1767391308424,4318.550000000000,4318.730000000000,4
1767391200005,1092,1767391308691,4318.530000000000,4318.730000000000,130
1767391200005,1093,1767391308723,4318.510000000000,4318.710000000000,134
1767391200005,1094,1767391308791,4318.530000000000,4318.710000000000,130
1767391200005,1095,1767391309062,4318.510000000000,4318.710000000000,130
1767391200005,1096,1767391309645,4318.530000000000,4318.710000000000,130
1767391200005,1097,1767391309675,4318.560000000000,4318.760000000000,134
1767391200005,1098,1767391309745,4318.580000000000,4318.760000000000,130
1767391200005,1099,1767391310319,4318.560000000000,4318.760000000000,130
1767391200005,1100,1767391310326,4318.570000000000,4318.770000000000,134
1767391200005,1101,1767391310377,4318.600000000000,4318.800000000000,134
1767391200005,1102,1767391310527,4318.580000000000,4318.780000000000,134
1767391200005,1103,1767391310626,4318.590000000000,4318.790000000000,134
1767391200005,1104,1767391310779,4318.570000000000,4318.750000000000,134
1767391200005,1105,1767391310820,4318.550000000000,4318.750000000000,130
1767391200005,1106,1767391311834,4318.500000000000,4318.700000000000,134
1767391200005,1107,1767391311891,4318.530000000000,4318.730000000000,134
1767391200005,1108,1767391312185,4318.510000000000,4318.710000000000,134
1767391200005,1109,1767391312231,4318.510000000000,4318.560000000000,4
1767391200005,1110,1767391312250,4318.370000000000,4318.560000000000,130
1767391200005,1111,1767391312331,4318.370000000000,4318.550000000000,4
1767391200005,1112,1767391312349,4318.380000000000,4318.550000000000,130
1767391200005,1113,1767391312436,4318.380000000000,4318.570000000000,4
1767391200005,1114,1767391312746,4318.370000000000,4318.570000000000,130
1767391200005,1115,1767391312790,4318.370000000000,4318.560000000000,4
1767391200005,1116,1767391312834,4318.370000000000,4318.550000000000,4
1767391200005,1117,1767391312845,4318.380000000000,4318.550000000000,130
1767391200005,1118,1767391313211,4318.360000000000,4318.550000000000,130
1767391200005,1119,1767391313232,4318.360000000000,4318.540000000000,4
1767391200005,1120,1767391313380,4318.360000000000,4318.560000000000,4
1767391200005,1121,1767391313414,4318.380000000000,4318.560000000000,130
1767391200005,1122,1767391313435,4318.380000000000,4318.540000000000,4
1767391200005,1123,1767391313516,4318.360000000000,4318.540000000000,130
1767391200005,1124,1767391313778,4318.340000000000,4318.540000000000,130
1767391200005,1125,1767391313783,4318.380000000000,4318.580000000000,134
1767391200005,1126,1767391313832,4318.340000000000,4318.540000000000,134
1767391200005,1127,1767391313879,4318.350000000000,4318.540000000000,130
1767391200005,1128,1767391313980,4318.380000000000,4318.540000000000,130
1767391200005,1129,1767391313980,4318.380000000000,4318.560000000000,4
1767391200005,1130,1767391314361,4318.360000000000,4318.560000000000,130
1767391200005,1131,1767391314389,4318.360000000000,4318.550000000000,4
1767391200005,1132,1767391314467,4318.350000000000,4318.520000000000,134
1767391200005,1133,1767391314484,4318.250000000000,4318.440000000000,134
1767391200005,1134,1767391314533,4318.250000000000,4318.430000000000,4
1767391200005,1135,1767391314572,4318.260000000000,4318.430000000000,130
1767391200005,1136,1767391314672,4318.230000000000,4318.430000000000,130
1767391200005,1137,1767391314688,4318.290000000000,4318.490000000000,134
1767391200005,1138,1767391314735,4318.240000000000,4318.440000000000,134
1767391200005,1139,1767391314840,4318.240000000000,4318.420000000000,4
1767391200005,1140,1767391314874,4318.220000000000,4318.420000000000,130
1767391200005,1141,1767391314891,4318.240000000000,4318.440000000000,134
1767391200005,1142,1767391314939,4318.220000000000,4318.420000000000,134
1767391200005,1143,1767391314982,4318.230000000000,4318.420000000000,130
1767391200005,1144,1767391314988,4318.250000000000,4318.450000000000,134
1767391200005,1145,1767391315186,4318.230000000000,4318.430000000000,134
1767391200005,1146,1767391315234,4318.250000000000,4318.450000000000,134
1767391200005,1147,1767391315436,4318.270000000000,4318.470000000000,134
1767391200005,1148,1767391315487,4318.260000000000,4318.460000000000,134
1767391200005,1149,1767391315987,4318.250000000000,4318.450000000000,134
1767391200005,1150,1767391316290,4318.290000000000,4318.490000000000,134
1767391200005,1151,1767391316351,4318.310000000000,4318.490000000000,130
1767391200005,1152,1767391316438,4318.310000000000,4318.500000000000,4
1767391200005,1153,1767391316452,4318.300000000000,4318.500000000000,130
1767391200005,1154,1767391316553,4318.310000000000,4318.500000000000,130
1767391200005,1155,1767391316892,4318.310000000000,4318.400000000000,4
1767391200005,1156,1767391316942,4318.280000000000,4318.320000000000,134
1767391200005,1157,1767391316959,4318.090000000000,4318.280000000000,134
1767391200005,1158,1767391316991,4318.100000000000,4318.300000000000,134
1767391200005,1159,1767391317042,4318.090000000000,4318.270000000000,134
1767391200005,1160,1767391317094,4318.090000000000,4318.250000000000,4
1767391200005,1161,1767391317140,4318.090000000000,4318.280000000000,4
1767391200005,1162,1767391317159,4318.100000000000,4318.280000000000,130
1767391200005,1163,1767391317260,4318.090000000000,4318.280000000000,130
1767391200005,1164,1767391317288,4318.100000000000,4318.300000000000,134
1767391200005,1165,1767391317359,4318.110000000000,4318.300000000000,130
1767391200005,1166,1767391317440,4318.110000000000,4318.270000000000,4
1767391200005,1167,1767391317461,4318.080000000000,4318.270000000000,130
1767391200005,1168,1767391317490,4318.080000000000,4318.260000000000,4
1767391200005,1169,1767391317541,4318.080000000000,4318.280000000000,4
1767391200005,1170,1767391317591,4318.090000000000,4318.290000000000,134
1767391200005,1171,1767391317642,4318.080000000000,4318.260000000000,134
1767391200005,1172,1767391317661,4318.060000000000,4318.260000000000,130
1767391200005,1173,1767391317690,4318.050000000000,4318.250000000000,134
1767391200005,1174,1767391318345,4318.070000000000,4318.270000000000,134
1767391200005,1175,1767391318360,4318.090000000000,4318.270000000000,130
1767391200005,1176,1767391318400,4318.090000000000,4318.260000000000,4
1767391200005,1177,1767391318467,4318.080000000000,4318.260000000000,130
1767391200005,1178,1767391319277,4318.070000000000,4318.260000000000,130
1767391200005,1179,1767391319298,4318.070000000000,4318.230000000000,4
1767391200005,1180,1767391319344,4318.070000000000,4318.250000000000,4
1767391200005,1181,1767391319380,4318.050000000000,4318.250000000000,130
1767391200005,1182,1767391319398,4318.040000000000,4318.240000000000,134
1767391200005,1183,1767391319446,4318.110000000000,4318.310000000000,134
1767391200005,1184,1767391319482,4318.120000000000,4318.310000000000,130
1767391200005,1185,1767391319582,4318.110000000000,4318.310000000000,130
1767391200005,1186,1767391319599,4318.100000000000,4318.300000000000,134
1767391200005,1187,1767391319647,4318.110000000000,4318.310000000000,134
1767391200005,1188,1767391319696,4318.100000000000,4318.300000000000,134
1767391200005,1189,1767391319796,4318.110000000000,4318.310000000000,134
1767391200005,1190,1767391319849,4318.120000000000,4318.320000000000,134
1767391200005,1191,1767391319896,4318.110000000000,4318.310000000000,134
1767391200005,1192,1767391320149,4318.110000000000,4318.310000000000,130
1767391200005,1193,1767391320899,4318.130000000000,4318.310000000000,130
1767391200005,1194,1767391320999,4318.110000000000,4318.310000000000,130
1767391200005,1195,1767391321314,4318.120000000000,4318.310000000000,130
1767391200005,1196,1767391321352,4318.120000000000,4318.290000000000,4
1767391200005,1197,1767391321746,4318.120000000000,4318.310000000000,4
1767391200005,1198,1767391321754,4318.110000000000,4318.310000000000,130
1767391200005,1199,1767391321802,4318.120000000000,4318.320000000000,134
1767391200005,1200,1767391321854,4318.130000000000,4318.320000000000,130
1767391200005,1201,1767391322191,4318.120000000000,4318.320000000000,130
1767391200005,1202,1767391322198,4318.100000000000,4318.280000000000,134
1767391200005,1203,1767391322247,4318.100000000000,4318.220000000000,4
1767391200005,1204,1767391322297,4318.020000000000,4318.220000000000,130
1767391200005,1205,1767391322297,4318.020000000000,4318.210000000000,4
1767391200005,1206,1767391322399,4318.010000000000,4318.210000000000,130
1767391200005,1207,1767391322650,4318.030000000000,4318.230000000000,134
1767391200005,1208,1767391322897,4318.050000000000,4318.250000000000,134
1767391200005,1209,1767391322948,4318.100000000000,4318.280000000000,134
1767391200005,1210,1767391322992,4318.120000000000,4318.300000000000,134
1767391200005,1211,1767391323053,4318.120000000000,4318.280000000000,4
1767391200005,1212,1767391323093,4318.100000000000,4318.280000000000,130
1767391200005,1213,1767391323151,4318.100000000000,4318.290000000000,4
1767391200005,1214,1767391323194,4318.120000000000,4318.290000000000,130
1767391200005,1215,1767391323292,4318.110000000000,4318.290000000000,130
1767391200005,1216,1767391324052,4318.110000000000,4318.280000000000,4
1767391200005,1217,1767391324059,4318.080000000000,4318.280000000000,130
1767391200005,1218,1767391324204,4318.090000000000,4318.290000000000,134
1767391200005,1219,1767391324501,4318.130000000000,4318.290000000000,130
1767391200005,1220,1767391324504,4318.130000000000,4318.300000000000,4
1767391200005,1221,1767391324655,4318.150000000000,4318.350000000000,134
1767391200005,1222,1767391324702,4318.160000000000,4318.350000000000,130
1767391200005,1223,1767391324706,4318.160000000000,4318.360000000000,4
1767391200005,1224,1767391324754,4318.160000000000,4318.340000000000,4
1767391200005,1225,1767391324804,4318.150000000000,4318.340000000000,130
1767391200005,1226,1767391324852,4318.160000000000,4318.360000000000,134
1767391200005,1227,1767391324904,4318.180000000000,4318.360000000000,130
1767391200005,1228,1767391325126,4318.220000000000,4318.360000000000,130
1767391200005,1229,1767391325157,4318.350000000000,4318.490000000000,134
1767391200005,1230,1767391325205,4318.310000000000,4318.490000000000,130
1767391200005,1231,1767391325227,4318.370000000000,4318.510000000000,134
1767391200005,1232,1767391325261,4318.370000000000,4318.490000000000,4
1767391200005,1233,1767391325327,4318.290000000000,4318.490000000000,130
1767391200005,1234,1767391325355,4318.300000000000,4318.500000000000,134
1767391200005,1235,1767391325754,4318.310000000000,4318.510000000000,134
1767391200005,1236,1767391325804,4318.310000000000,4318.490000000000,4
1767391200005,1237,1767391325852,4318.310000000000,4318.450000000000,4
1767391200005,1238,1767391325867,4318.250000000000,4318.450000000000,130
1767391200005,1239,1767391325903,4318.250000000000,4318.440000000000,4
1767391200005,1240,1767391325968,4318.240000000000,4318.440000000000,130
1767391200005,1241,1767391326002,4318.250000000000,4318.450000000000,134
1767391200005,1242,1767391326053,4318.240000000000,4318.440000000000,134
1767391200005,1243,1767391326067,4318.280000000000,4318.440000000000,130
1767391200005,1244,1767391326112,4318.340000000000,4318.540000000000,134
1767391200005,1245,1767391326172,4318.370000000000,4318.540000000000,130
1767391200005,1246,1767391326372,4318.360000000000,4318.540000000000,130
1767391200005,1247,1767391326473,4318.340000000000,4318.540000000000,130
1767391200005,1248,1767391326749,4318.360000000000,4318.540000000000,130
1767391200005,1249,1767391326756,4318.380000000000,4318.580000000000,134
1767391200005,1250,1767391326805,4318.360000000000,4318.540000000000,134
1767391200005,1251,1767391326852,4318.370000000000,4318.540000000000,130
1767391200005,1252,1767391327007,4318.370000000000,4318.550000000000,4
1767391200005,1253,1767391327054,4318.360000000000,4318.550000000000,130
1767391200005,1254,1767391327153,4318.350000000000,4318.550000000000,130
1767391200005,1255,1767391327454,4318.390000000000,4318.590000000000,134
1767391200005,1256,1767391327505,4318.490000000000,4318.620000000000,134
1767391200005,1257,1767391327515,4318.490000000000,4318.680000000000,4
1767391200005,1258,1767391327555,4318.460000000000,4318.660000000000,134
1767391200005,1259,1767391328282,4318.480000000000,4318.660000000000,130
1767391200005,1260,1767391328314,4318.490000000000,4318.690000000000,134
1767391200005,1261,1767391328359,4318.480000000000,4318.670000000000,134
1767391200005,1262,1767391328381,4318.510000000000,4318.670000000000,130
1767391200005,1263,1767391328409,4318.510000000000,4318.700000000000,4
1767391200005,1264,1767391328458,4318.510000000000,4318.680000000000,4
1767391200005,1265,1767391328480,4318.490000000000,4318.680000000000,130
1767391200005,1266,1767391328508,4318.500000000000,4318.700000000000,134
1767391200005,1267,1767391328558,4318.490000000000,4318.670000000000,134
1767391200005,1268,1767391328582,4318.470000000000,4318.670000000000,130
1767391200005,1269,1767391328863,4318.480000000000,4318.680000000000,134
1767391200005,1270,1767391328920,4318.540000000000,4318.740000000000,134
1767391200005,1271,1767391329098,4318.560000000000,4318.740000000000,130
1767391200005,1272,1767391329113,4318.580000000000,4318.780000000000,134
1767391200005,1273,1767391329163,4318.560000000000,4318.730000000000,134
1767391200005,1274,1767391329360,4318.560000000000,4318.710000000000,4
1767391200005,1275,1767391329406,4318.520000000000,4318.710000000000,130
1767391200005,1276,1767391329687,4318.510000000000,4318.710000000000,130
1767391200005,1277,1767391330261,4318.500000000000,4318.700000000000,134
1767391200005,1278,1767391330290,4318.520000000000,4318.700000000000,130
1767391200005,1279,1767391330391,4318.500000000000,4318.700000000000,130
1767391200005,1280,1767391330761,4318.490000000000,4318.690000000000,134
1767391200005,1281,1767391330814,4318.510000000000,4318.710000000000,134
1767391200005,1282,1767391330864,4318.490000000000,4318.690000000000,134
1767391200005,1283,1767391331134,4318.580000000000,4318.690000000000,130
1767391200005,1284,1767391331165,4318.620000000000,4318.820000000000,134
1767391200005,1285,1767391331214,4318.630000000000,4318.830000000000,134
1767391200005,1286,1767391331236,4318.640000000000,4318.830000000000,130
1767391200005,1287,1767391331313,4318.640000000000,4318.820000000000,4
1767391200005,1288,1767391331337,4318.620000000000,4318.820000000000,130
1767391200005,1289,1767391331413,4318.610000000000,4318.810000000000,134
1767391200005,1290,1767391331435,4318.650000000000,4318.810000000000,130
1767391200005,1291,1767391331463,4318.650000000000,4318.830000000000,4
1767391200005,1292,1767391331538,4318.630000000000,4318.830000000000,130
1767391200005,1293,1767391331562,4318.610000000000,4318.810000000000,134
1767391200005,1294,1767391331763,4318.590000000000,4318.790000000000,134
1767391200005,1295,1767391331814,4318.610000000000,4318.810000000000,134
1767391200005,1296,1767391332017,4318.590000000000,4318.790000000000,134
1767391200005,1297,1767391332070,4318.600000000000,4318.800000000000,134
1767391200005,1298,1767391332116,4318.620000000000,4318.820000000000,134
1767391200005,1299,1767391332166,4318.610000000000,4318.810000000000,134
1767391200005,1300,1767391332221,4318.620000000000,4318.810000000000,130
1767391200005,1301,1767391332267,4318.630000000000,4318.830000000000,134
1767391200005,1302,1767391332371,4318.620000000000,4318.820000000000,134
1767391200005,1303,1767391332685,4318.630000000000,4318.820000000000,130
1767391200005,1304,1767391332783,4318.640000000000,4318.820000000000,130
1767391200005,1305,1767391333279,4318.620000000000,4318.820000000000,130
1767391200005,1306,1767391333315,4318.590000000000,4318.760000000000,134
1767391200005,1307,1767391333364,4318.600000000000,4318.800000000000,134
1767391200005,1308,1767391333379,4318.610000000000,4318.800000000000,130
1767391200005,1309,1767391333479,4318.600000000000,4318.800000000000,130
1767391200005,1310,1767391333579,4318.620000000000,4318.800000000000,130
1767391200005,1311,1767391333679,4318.610000000000,4318.800000000000,130
1767391200005,1312,1767391333801,4318.620000000000,4318.800000000000,130
1767391200005,1313,1767391334002,4318.610000000000,4318.800000000000,130
1767391200005,1314,1767391334076,4318.610000000000,4318.810000000000,4
1767391200005,1315,1767391334166,4318.610000000000,4318.800000000000,4
1767391200005,1316,1767391334213,4318.630000000000,4318.800000000000,130
1767391200005,1317,1767391334215,4318.630000000000,4318.820000000000,4
1767391200005,1318,1767391334305,4318.640000000000,4318.820000000000,130
1767391200005,1319,1767391334319,4318.730000000000,4318.910000000000,134
1767391200005,1320,1767391334406,4318.760000000000,4318.930000000000,134
1767391200005,1321,1767391334505,4318.730000000000,4318.930000000000,130
1767391200005,1322,1767391334575,4318.740000000000,4318.940000000000,134
1767391200005,1323,1767391334607,4318.770000000000,4318.940000000000,130
1767391200005,1324,1767391334616,4318.770000000000,4318.930000000000,4
1767391200005,1325,1767391334674,4318.770000000000,4318.920000000000,4
1767391200005,1326,1767391334707,4318.730000000000,4318.920000000000,130
1767391200005,1327,1767391334718,4318.730000000000,4318.930000000000,4
1767391200005,1328,1767391334870,4319.060000000000,4319.100000000000,134
1767391200005,1329,1767391334907,4319.360000000000,4319.400000000000,134
1767391200005,1330,1767391334927,4319.570000000000,4319.670000000000,134
1767391200005,1331,1767391334973,4319.740000000000,4319.780000000000,134
1767391200005,1332,1767391335008,4319.850000000000,4320.050000000000,134
1767391200005,1333,1767391335071,4319.840000000000,4320.010000000000,134
1767391200005,1334,1767391335108,4319.810000000000,4320.010000000000,130
1767391200005,1335,1767391335120,4319.760000000000,4319.960000000000,134
1767391200005,1336,1767391335209,4319.800000000000,4319.960000000000,130
1767391200005,1337,1767391335269,4319.800000000000,4319.950000000000,4
1767391200005,1338,1767391335309,4319.750000000000,4319.950000000000,130
1767391200005,1339,1767391335670,4319.740000000000,4319.940000000000,134
1767391200005,1340,1767391335768,4319.750000000000,4319.950000000000,134
1767391200005,1341,1767391335920,4319.760000000000,4319.960000000000,134
1767391200005,1342,1767391336070,4319.750000000000,4319.950000000000,134
1767391200005,1343,1767391336222,4319.820000000000,4320.000000000000,134
1767391200005,1344,1767391336264,4319.820000000000,4320.020000000000,4
1767391200005,1345,1767391336273,4319.860000000000,4320.040000000000,134
1767391200005,1346,1767391336321,4319.780000000000,4319.980000000000,134
1767391200005,1347,1767391336372,4319.780000000000,4319.940000000000,4
1767391200005,1348,1767391336372,4319.690000000000,4319.890000000000,134
1767391200005,1349,1767391336423,4319.670000000000,4319.820000000000,134
1767391200005,1350,1767391336465,4319.620000000000,4319.820000000000,130
1767391200005,1351,1767391336483,4319.640000000000,4319.840000000000,134
1767391200005,1352,1767391336530,4319.620000000000,4319.820000000000,134
1767391200005,1353,1767391336932,4319.610000000000,4319.810000000000,134
1767391200005,1354,1767391336972,4319.640000000000,4319.840000000000,134
1767391200005,1355,1767391337030,4319.630000000000,4319.830000000000,134
1767391200005,1356,1767391337321,4319.640000000000,4319.840000000000,134
1767391200005,1357,1767391337522,4319.670000000000,4319.850000000000,134
1767391200005,1358,1767391337598,4319.670000000000,4319.870000000000,4
1767391200005,1359,1767391337721,4319.660000000000,4319.840000000000,134
1767391200005,1360,1767391337801,4319.640000000000,4319.840000000000,130
1767391200005,1361,1767391337821,4319.620000000000,4319.820000000000,134
1767391200005,1362,1767391338021,4319.580000000000,4319.770000000000,134
1767391200005,1363,1767391338103,4319.570000000000,4319.770000000000,130
1767391200005,1364,1767391338172,4319.550000000000,4319.750000000000,134
1767391200005,1365,1767391338275,4319.620000000000,4319.810000000000,134
1767391200005,1366,1767391338303,4319.620000000000,4319.820000000000,4
1767391200005,1367,1767391338324,4319.570000000000,4319.760000000000,134
1767391200005,1368,1767391338403,4319.560000000000,4319.760000000000,130
1767391200005,1369,1767391338874,4319.540000000000,4319.740000000000,134
1767391200005,1370,1767391338975,4319.580000000000,4319.760000000000,134
1767391200005,1371,1767391339024,4319.530000000000,4319.730000000000,134
1767391200005,1372,1767391339329,4319.490000000000,4319.670000000000,134
1767391200005,1373,1767391339377,4319.500000000000,4319.700000000000,134
1767391200005,1374,1767391340127,4319.490000000000,4319.690000000000,134
1767391200005,1375,1767391340142,4319.500000000000,4319.690000000000,130
1767391200005,1376,1767391340177,4319.510000000000,4319.710000000000,134
1767391200005,1377,1767391340529,4319.500000000000,4319.700000000000,134
1767391200005,1378,1767391340578,4319.500000000000,4319.690000000000,4
1767391200005,1379,1767391340636,4319.490000000000,4319.690000000000,130
1767391200005,1380,1767391341079,4319.480000000000,4319.680000000000,134
1767391200005,1381,1767391341282,4319.470000000000,4319.670000000000,134
1767391200005,1382,1767391341330,4319.460000000000,4319.620000000000,134
1767391200005,1383,1767391341339,4319.420000000000,4319.620000000000,130
1767391200005,1384,1767391341381,4319.430000000000,4319.630000000000,134
1767391200005,1385,1767391341444,4319.410000000000,4319.610000000000,134
1767391200005,1386,1767391341583,4319.410000000000,4319.600000000000,4
1767391200005,1387,1767391341640,4319.400000000000,4319.600000000000,130
1767391200005,1388,1767391342187,4319.420000000000,4319.620000000000,134
1767391200005,1389,1767391342239,4319.400000000000,4319.590000000000,134
1767391200005,1390,1767391342288,4319.390000000000,4319.590000000000,130
1767391200005,1391,1767391342339,4319.410000000000,4319.610000000000,134
1767391200005,1392,1767391342388,4319.420000000000,4319.610000000000,130
1767391200005,1393,1767391342441,4319.420000000000,4319.600000000000,4
1767391200005,1394,1767391342608,4319.410000000000,4319.600000000000,130
1767391200005,1395,1767391342861,4319.400000000000,4319.600000000000,130
1767391200005,1396,1767391342891,4319.430000000000,4319.630000000000,134
1767391200005,1397,1767391342937,4319.400000000000,4319.600000000000,134
1767391200005,1398,1767391343039,4319.390000000000,4319.590000000000,134
1767391200005,1399,1767391343409,4319.320000000000,4319.480000000000,134
1767391200005,1400,1767391343439,4319.350000000000,4319.550000000000,134
1767391200005,1401,1767391343493,4319.330000000000,4319.530000000000,134
1767391200005,1402,1767391343544,4319.320000000000,4319.520000000000,134
1767391200005,1403,1767391343590,4319.310000000000,4319.500000000000,134
1767391200005,1404,1767391343595,4319.300000000000,4319.500000000000,130
1767391200005,1405,1767391343640,4319.290000000000,4319.490000000000,134
1767391200005,1406,1767391343691,4319.280000000000,4319.480000000000,134
1767391200005,1407,1767391343742,4319.290000000000,4319.490000000000,134
1767391200005,1408,1767391343796,4319.320000000000,4319.520000000000,134
1767391200005,1409,1767391343845,4319.370000000000,4319.540000000000,134
1767391200005,1410,1767391343896,4319.370000000000,4319.570000000000,4
1767391200005,1411,1767391343997,4319.380000000000,4319.570000000000,130
1767391200005,1412,1767391344096,4319.380000000000,4319.580000000000,4
1767391200005,1413,1767391344144,4319.380000000000,4319.570000000000,4
1767391200005,1414,1767391344199,4319.370000000000,4319.570000000000,130
1767391200005,1415,1767391344792,4319.330000000000,4319.480000000000,134
1767391200005,1416,1767391344881,4319.280000000000,4319.480000000000,130
1767391200005,1417,1767391344891,4319.230000000000,4319.360000000000,134
1767391200005,1418,1767391344941,4319.230000000000,4319.390000000000,4
1767391200005,1419,1767391344993,4319.230000000000,4319.410000000000,4
1767391200005,1420,1767391345043,4319.230000000000,4319.420000000000,4
1767391200005,1421,1767391345082,4319.220000000000,4319.420000000000,130
1767391200005,1422,1767391345095,4319.210000000000,4319.410000000000,134
1767391200005,1423,1767391345198,4319.200000000000,4319.400000000000,134
1767391200005,1424,1767391345248,4319.210000000000,4319.410000000000,134
1767391200005,1425,1767391345492,4319.180000000000,4319.380000000000,134
1767391200005,1426,1767391345543,4319.170000000000,4319.360000000000,134
1767391200005,1427,1767391345591,4319.170000000000,4319.370000000000,4
1767391200005,1428,1767391345642,4319.180000000000,4319.380000000000,134
1767391200005,1429,1767391345647,4319.200000000000,4319.380000000000,130
1767391200005,1430,1767391345740,4319.200000000000,4319.340000000000,4
1767391200005,1431,1767391345746,4319.160000000000,4319.340000000000,130
1767391200005,1432,1767391345794,4319.160000000000,4319.350000000000,4
1767391200005,1433,1767391345847,4319.170000000000,4319.350000000000,130
1767391200005,1434,1767391346094,4319.170000000000,4319.370000000000,4
1767391200005,1435,1767391346145,4319.170000000000,4319.360000000000,4
1767391200005,1436,1767391346166,4319.180000000000,4319.360000000000,130
1767391200005,1437,1767391346242,4319.180000000000,4319.340000000000,4
1767391200005,1438,1767391346268,4319.140000000000,4319.340000000000,130
1767391200005,1439,1767391346292,4319.150000000000,4319.350000000000,134
1767391200005,1440,1767391346340,4319.160000000000,4319.360000000000,134
1767391200005,1441,1767391346395,4319.140000000000,4319.340000000000,134
1767391200005,1442,1767391346743,4319.160000000000,4319.360000000000,134
1767391200005,1443,1767391346942,4319.170000000000,4319.370000000000,134
1767391200005,1444,1767391346991,4319.180000000000,4319.380000000000,134
1767391200005,1445,1767391347393,4319.140000000000,4319.340000000000,134
1767391200005,1446,1767391347446,4319.200000000000,4319.400000000000,134
1767391200005,1447,1767391347465,4319.260000000000,4319.400000000000,130
1767391200005,1448,1767391347501,4319.260000000000,4319.450000000000,4
1767391200005,1449,1767391347548,4319.260000000000,4319.460000000000,4
1767391200005,1450,1767391347566,4319.300000000000,4319.460000000000,130
1767391200005,1451,1767391347645,4319.300000000000,4319.470000000000,4
1767391200005,1452,1767391347666,4319.330000000000,4319.470000000000,130
1767391200005,1453,1767391348047,4319.330000000000,4319.450000000000,4
1767391200005,1454,1767391348058,4319.280000000000,4319.450000000000,130
1767391200005,1455,1767391348160,4319.270000000000,4319.450000000000,130
1767391200005,1456,1767391348577,4319.250000000000,4319.450000000000,130
1767391200005,1457,1767391348605,4319.240000000000,4319.440000000000,134
1767391200005,1458,1767391348801,4319.220000000000,4319.410000000000,134
1767391200005,1459,1767391348855,4319.220000000000,4319.390000000000,4
1767391200005,1460,1767391348881,4319.190000000000,4319.390000000000,130
1767391200005,1461,1767391348950,4319.200000000000,4319.400000000000,134
1767391200005,1462,1767391348981,4319.230000000000,4319.400000000000,130
1767391200005,1463,1767391349082,4319.240000000000,4319.400000000000,130
1767391200005,1464,1767391349103,4319.240000000000,4319.390000000000,4
1767391200005,1465,1767391349148,4319.240000000000,4319.400000000000,4
1767391200005,1466,1767391349184,4319.210000000000,4319.400000000000,130
1767391200005,1467,1767391349197,4319.210000000000,4319.410000000000,4
1767391200005,1468,1767391349247,4319.220000000000,4319.420000000000,134
1767391200005,1469,1767391349425,4319.260000000000,4319.420000000000,130
1767391200005,1470,1767391349450,4319.310000000000,4319.510000000000,134
1767391200005,1471,1767391349497,4319.330000000000,4319.530000000000,134
1767391200005,1472,1767391349547,4319.310000000000,4319.510000000000,134
1767391200005,1473,1767391349599,4319.300000000000,4319.500000000000,134
1767391200005,1474,1767391349801,4319.310000000000,4319.510000000000,134
1767391200005,1475,1767391350100,4319.330000000000,4319.530000000000,134
1767391200005,1476,1767391350186,4319.350000000000,4319.530000000000,130
1767391200005,1477,1767391350200,4319.350000000000,4319.550000000000,4
1767391200005,1478,1767391351250,4319.350000000000,4319.530000000000,4
1767391200005,1479,1767391351256,4319.330000000000,4319.530000000000,130
1767391200005,1480,1767391351301,4319.320000000000,4319.520000000000,134
1767391200005,1481,1767391351354,4319.380000000000,4319.580000000000,134
1767391200005,1482,1767391351450,4319.360000000000,4319.400000000000,134
1767391200005,1483,1767391351455,4319.200000000000,4319.400000000000,130
1767391200005,1484,1767391351502,4319.170000000000,4319.250000000000,134
1767391200005,1485,1767391351555,4319.170000000000,4319.230000000000,4
1767391200005,1486,1767391351558,4319.030000000000,4319.230000000000,130
1767391200005,1487,1767391351654,4319.020000000000,4319.220000000000,134
1767391200005,1488,1767391351702,4319.020000000000,4319.210000000000,4
1767391200005,1489,1767391351759,4319.010000000000,4319.210000000000,130
1767391200005,1490,1767391351759,4319.020000000000,4319.220000000000,134
1767391200005,1491,1767391351807,4319.030000000000,4319.230000000000,134
1767391200005,1492,1767391351850,4319.040000000000,4319.240000000000,134
1767391200005,1493,1767391352051,4319.040000000000,4319.220000000000,4
1767391200005,1494,1767391352209,4319.040000000000,4319.200000000000,4
1767391200005,1495,1767391352255,4319.040000000000,4319.190000000000,4
1767391200005,1496,1767391352260,4319.000000000000,4319.190000000000,130
1767391200005,1497,1767391352303,4319.000000000000,4319.200000000000,4
1767391200005,1498,1767391352362,4319.010000000000,4319.200000000000,130
1767391200005,1499,1767391352403,4319.010000000000,4319.190000000000,4
1767391200005,1500,1767391352461,4319.000000000000,4319.190000000000,130
1767391200005,1501,1767391352551,4319.000000000000,4319.170000000000,4
1767391200005,1502,1767391352653,4319.000000000000,4319.180000000000,4
1767391200005,1503,1767391352703,4319.020000000000,4319.220000000000,134
1767391200005,1504,1767391352753,4319.040000000000,4319.240000000000,134
1767391200005,1505,1767391352813,4319.070000000000,4319.270000000000,134
1767391200005,1506,1767391352854,4319.100000000000,4319.300000000000,134
1767391200005,1507,1767391352952,4319.110000000000,4319.310000000000,134
1767391200005,1508,1767391352964,4319.140000000000,4319.310000000000,130
1767391200005,1509,1767391353053,4319.140000000000,4319.320000000000,4
1767391200005,1510,1767391353065,4319.120000000000,4319.320000000000,130
1767391200005,1511,1767391354202,4319.140000000000,4319.340000000000,134
1767391200005,1512,1767391354253,4319.100000000000,4319.300000000000,134
1767391200005,1513,1767391354304,4319.100000000000,4319.280000000000,4
1767391200005,1514,1767391354312,4319.080000000000,4319.280000000000,130
1767391200005,1515,1767391354353,4319.070000000000,4319.270000000000,134
1767391200005,1516,1767391354402,4319.080000000000,4319.280000000000,134
1767391200005,1517,1767391354806,4319.050000000000,4319.250000000000,134
1767391200005,1518,1767391355057,4319.010000000000,4319.210000000000,134
1767391200005,1519,1767391355703,4319.040000000000,4319.240000000000,134
1767391200005,1520,1767391355754,4319.060000000000,4319.260000000000,134
1767391200005,1521,1767391355853,4319.020000000000,4319.220000000000,134
1767391200005,1522,1767391356204,4319.040000000000,4319.240000000000,134
1767391200005,1523,1767391356304,4319.020000000000,4319.220000000000,134
1767391200005,1524,1767391356354,4319.070000000000,4319.270000000000,134
1767391200005,1525,1767391356411,4319.000000000000,4319.190000000000,134
1767391200005,1526,1767391356483,4318.990000000000,4319.190000000000,130
1767391200005,1527,1767391356513,4318.980000000000,4319.180000000000,134
1767391200005,1528,1767391356559,4318.970000000000,4319.170000000000,134
1767391200005,1529,1767391356754,4318.960000000000,4319.160000000000,134
1767391200005,1530,1767391356805,4318.920000000000,4319.120000000000,134
1767391200005,1531,1767391356854,4318.900000000000,4319.080000000000,134
1767391200005,1532,1767391356885,4318.880000000000,4319.080000000000,130
1767391200005,1533,1767391356904,4318.880000000000,4319.070000000000,4
1767391200005,1534,1767391356985,4318.920000000000,4319.070000000000,130
1767391200005,1535,1767391357086,4318.910000000000,4319.070000000000,130
1767391200005,1536,1767391357198,4318.870000000000,4319.070000000000,130
1767391200005,1537,1767391357955,4318.860000000000,4319.060000000000,134
1767391200005,1538,1767391358106,4318.880000000000,4319.080000000000,134
1767391200005,1539,1767391358132,4318.940000000000,4319.080000000000,130
1767391200005,1540,1767391358156,4318.940000000000,4319.070000000000,4
1767391200005,1541,1767391358232,4318.870000000000,4319.070000000000,130
1767391200005,1542,1767391358333,4318.900000000000,4319.070000000000,130
1767391200005,1543,1767391358907,4318.900000000000,4319.080000000000,4
1767391200005,1544,1767391358996,4318.880000000000,4319.080000000000,130
1767391200005,1545,1767391359096,4318.880000000000,4319.070000000000,4
1767391200005,1546,1767391359113,4318.800000000000,4318.970000000000,134
1767391200005,1547,1767391359162,4318.800000000000,4318.940000000000,4
1767391200005,1548,1767391359196,4318.770000000000,4318.940000000000,130
1767391200005,1549,1767391359212,4318.770000000000,4318.960000000000,4
1767391200005,1550,1767391359309,4318.770000000000,4318.970000000000,4
1767391200005,1551,1767391359363,4318.770000000000,4318.950000000000,4
1767391200005,1552,1767391359397,4318.750000000000,4318.950000000000,130
1767391200005,1553,1767391359411,4318.740000000000,4318.940000000000,134
1767391200005,1554,1767391359465,4318.760000000000,4318.960000000000,134
1767391200005,1555,1767391359512,4318.760000000000,4318.940000000000,4
1767391200005,1556,1767391359560,4318.770000000000,4318.970000000000,134
1767391200005,1557,1767391359610,4318.750000000000,4318.950000000000,134
1767391200005,1558,1767391359659,4318.730000000000,4318.920000000000,134
1767391200005,1559,1767391359701,4318.750000000000,4318.920000000000,130
1767391200005,1560,1767391359759,4318.750000000000,4318.880000000000,4
1767391200005,1561,1767391359809,4318.750000000000,4318.890000000000,4
1767391200005,1562,1767391359867,4318.750000000000,4318.910000000000,4
1767391200005,1563,1767391359910,4318.750000000000,4318.900000000000,4
1767391200005,1564,1767391360104,4318.790000000000,4318.900000000000,130
1767391200005,1565,1767391360113,4318.790000000000,4318.930000000000,4
1767391200005,1566,1767391360268,4318.790000000000,4318.940000000000,4
1767391200005,1567,1767391360311,4318.790000000000,4318.910000000000,4
1767391200005,1568,1767391360360,4318.790000000000,4318.890000000000,4
1767391200005,1569,1767391360405,4318.690000000000,4318.890000000000,130
1767391200005,1570,1767391360410,4318.640000000000,4318.740000000000,134
1767391200005,1571,1767391360463,4318.640000000000,4318.790000000000,4
1767391200005,1572,1767391360506,4318.590000000000,4318.790000000000,130
1767391200005,1573,1767391360510,4318.580000000000,4318.720000000000,134
1767391200005,1574,1767391360559,4318.580000000000,4318.650000000000,4
1767391200005,1575,1767391360607,4318.510000000000,4318.650000000000,130
1767391200005,1576,1767391360609,4318.510000000000,4318.660000000000,4
1767391200005,1577,1767391360661,4318.460000000000,4318.500000000000,134
1767391200005,1578,1767391360707,4318.280000000000,4318.450000000000,134
1767391200005,1579,1767391360712,4318.280000000000,4318.410000000000,4
1767391200005,1580,1767391360763,4318.280000000000,4318.350000000000,4
1767391200005,1581,1767391360806,4318.220000000000,4318.350000000000,130
1767391200005,1582,1767391360863,4318.220000000000,4318.320000000000,4
1767391200005,1583,1767391360906,4318.170000000000,4318.320000000000,130
1767391200005,1584,1767391360909,4318.170000000000,4318.350000000000,4
1767391200005,1585,1767391360960,4318.170000000000,4318.330000000000,4
1767391200005,1586,1767391361007,4318.180000000000,4318.330000000000,130
1767391200005,1587,1767391361109,4318.180000000000,4318.350000000000,4
1767391200005,1588,1767391361233,4318.210000000000,4318.350000000000,130
1767391200005,1589,1767391361260,4318.210000000000,4318.330000000000,4
1767391200005,1590,1767391361308,4318.210000000000,4318.350000000000,4
1767391200005,1591,1767391361339,4318.170000000000,4318.350000000000,130
1767391200005,1592,1767391361358,4318.170000000000,4318.330000000000,4
1767391200005,1593,1767391361440,4318.220000000000,4318.330000000000,130
1767391200005,1594,1767391361460,4318.220000000000,4318.340000000000,4
1767391200005,1595,1767391361511,4318.220000000000,4318.360000000000,4
1767391200005,1596,1767391361538,4318.210000000000,4318.360000000000,130
1767391200005,1597,1767391361560,4318.210000000000,4318.340000000000,4
1767391200005,1598,1767391361608,4318.210000000000,4318.330000000000,4
1767391200005,1599,1767391361659,4318.210000000000,4318.350000000000,4
1767391200005,1600,1767391361710,4318.210000000000,4318.360000000000,4
1767391200005,1601,1767391361811,4318.210000000000,4318.350000000000,4
1767391200005,1602,1767391361842,4318.170000000000,4318.350000000000,130
1767391200005,1603,1767391361861,4318.170000000000,4318.320000000000,4
1767391200005,1604,1767391361922,4318.170000000000,4318.310000000000,4
1767391200005,1605,1767391361941,4318.140000000000,4318.310000000000,130
1767391200005,1606,1767391361960,4318.140000000000,4318.340000000000,4
1767391200005,1607,1767391362066,4318.130000000000,4318.280000000000,134
1767391200005,1608,1767391362113,4318.130000000000,4318.330000000000,4
1767391200005,1609,1767391362143,4318.140000000000,4318.330000000000,130
1767391200005,1610,1767391362163,4318.140000000000,4318.270000000000,4
1767391200005,1611,1767391362313,4318.140000000000,4318.210000000000,4
1767391200005,1612,1767391362355,4318.030000000000,4318.210000000000,130
1767391200005,1613,1767391362357,4318.060000000000,4318.210000000000,130
1767391200005,1614,1767391362371,4318.060000000000,4318.160000000000,4
1767391200005,1615,1767391362446,4318.000000000000,4318.160000000000,130
1767391200005,1616,1767391362473,4318.000000000000,4318.140000000000,4
1767391200005,1617,1767391362614,4318.000000000000,4318.170000000000,4
1767391200005,1618,1767391362647,4318.010000000000,4318.170000000000,130
1767391200005,1619,1767391362662,4318.010000000000,4318.150000000000,4
1767391200005,1620,1767391362747,4318.000000000000,4318.150000000000,130
1767391200005,1621,1767391362855,4317.980000000000,4318.150000000000,130
1767391200005,1622,1767391362861,4317.980000000000,4318.160000000000,4
1767391200005,1623,1767391362915,4317.980000000000,4318.180000000000,4
1767391200005,1624,1767391362945,4318.010000000000,4318.180000000000,130
1767391200005,1625,1767391363019,4318.040000000000,4318.240000000000,134
1767391200005,1626,1767391363047,4318.060000000000,4318.240000000000,130
1767391200005,1627,1767391363068,4318.060000000000,4318.180000000000,4
1767391200005,1628,1767391363117,4318.060000000000,4318.170000000000,4
1767391200005,1629,1767391363149,4318.040000000000,4318.170000000000,130
1767391200005,1630,1767391363318,4318.050000000000,4318.250000000000,134
1767391200005,1631,1767391363355,4318.070000000000,4318.250000000000,130
1767391200005,1632,1767391363366,4318.070000000000,4318.240000000000,4
1767391200005,1633,1767391363419,4318.070000000000,4318.220000000000,4
1767391200005,1634,1767391363451,4318.040000000000,4318.220000000000,130
1767391200005,1635,1767391363742,4318.050000000000,4318.220000000000,130
1767391200005,1636,1767391363762,4318.050000000000,4318.240000000000,4
1767391200005,1637,1767391363814,4318.050000000000,4318.230000000000,4
1767391200005,1638,1767391363842,4318.070000000000,4318.230000000000,130
1767391200005,1639,1767391363941,4318.080000000000,4318.230000000000,130
1767391200005,1640,1767391364013,4318.080000000000,4318.240000000000,4
1767391200005,1641,1767391364042,4318.070000000000,4318.240000000000,130
1767391200005,1642,1767391364143,4318.090000000000,4318.240000000000,130
1767391200005,1643,1767391364245,4318.070000000000,4318.240000000000,130
1767391200005,1644,1767391364418,4318.080000000000,4318.280000000000,134
1767391200005,1645,1767391364446,4318.140000000000,4318.280000000000,130
1767391200005,1646,1767391364469,4318.140000000000,4318.230000000000,4
1767391200005,1647,1767391364516,4318.140000000000,4318.240000000000,4
1767391200005,1648,1767391364545,4318.110000000000,4318.240000000000,130
1767391200005,1649,1767391364567,4318.110000000000,4318.230000000000,4
1767391200005,1650,1767391364663,4318.110000000000,4318.260000000000,4
1767391200005,1651,1767391364714,4318.110000000000,4318.270000000000,4
1767391200005,1652,1767391365117,4318.110000000000,4318.260000000000,4
1767391200005,1653,1767391365314,4318.110000000000,4318.270000000000,4
1767391200005,1654,1767391365390,4318.120000000000,4318.270000000000,130
1767391200005,1655,1767391365616,4318.120000000000,4318.280000000000,4
1767391200005,1656,1767391365668,4318.120000000000,4318.290000000000,4
1767391200005,1657,1767391365814,4318.150000000000,4318.290000000000,130
1767391200005,1658,1767391366063,4318.150000000000,4318.300000000000,4
1767391200005,1659,1767391366424,4318.150000000000,4318.290000000000,4
1767391200005,1660,1767391366587,4318.190000000000,4318.290000000000,130
1767391200005,1661,1767391366615,4318.190000000000,4318.350000000000,4
1767391200005,1662,1767391366664,4318.190000000000,4318.300000000000,4
1767391200005,1663,1767391366687,4318.130000000000,4318.300000000000,130
1767391200005,1664,1767391366716,4318.130000000000,4318.310000000000,4
1767391200005,1665,1767391366888,4318.170000000000,4318.310000000000,130
1767391200005,1666,1767391366918,4318.170000000000,4318.320000000000,4
1767391200005,1667,1767391367019,4318.170000000000,4318.290000000000,4
1767391200005,1668,1767391367071,4318.170000000000,4318.270000000000,4
1767391200005,1669,1767391367089,4318.160000000000,4318.270000000000,130
1767391200005,1670,1767391367216,4318.160000000000,4318.290000000000,4
1767391200005,1671,1767391367219,4318.180000000000,4318.290000000000,130
1767391200005,1672,1767391367267,4318.180000000000,4318.360000000000,4
1767391200005,1673,1767391367318,4318.180000000000,4318.290000000000,4
1767391200005,1674,1767391367319,4318.090000000000,4318.290000000000,130
1767391200005,1675,1767391367366,4318.090000000000,4318.270000000000,4
1767391200005,1676,1767391367416,4318.090000000000,4318.240000000000,4
1767391200005,1677,1767391367420,4318.080000000000,4318.240000000000,130
1767391200005,1678,1767391367467,4318.080000000000,4318.250000000000,4
1767391200005,1679,1767391367519,4318.100000000000,4318.250000000000,130
1767391200005,1680,1767391367619,4318.100000000000,4318.270000000000,4
1767391200005,1681,1767391367721,4318.110000000000,4318.270000000000,130
1767391200005,1682,1767391367823,4318.110000000000,4318.260000000000,4
1767391200005,1683,1767391367823,4318.100000000000,4318.260000000000,130
1767391200005,1684,1767391367866,4318.100000000000,4318.250000000000,4
1767391200005,1685,1767391368069,4318.100000000000,4318.240000000000,4
1767391200005,1686,1767391368467,4318.090000000000,4318.240000000000,130
1767391200005,1687,1767391368518,4318.090000000000,4318.230000000000,4
1767391200005,1688,1767391368569,4318.070000000000,4318.230000000000,130
1767391200005,1689,1767391368619,4318.070000000000,4318.220000000000,4
1767391200005,1690,1767391369846,4318.060000000000,4318.220000000000,130
1767391200005,1691,1767391370081,4318.070000000000,4318.220000000000,130
1767391200005,1692,1767391370120,4318.070000000000,4318.250000000000,4
1767391200005,1693,1767391370177,4318.070000000000,4318.240000000000,4
1767391200005,1694,1767391370186,4318.060000000000,4318.240000000000,130
1767391200005,1695,1767391370320,4318.060000000000,4318.260000000000,4
1767391200005,1696,1767391370371,4318.070000000000,4318.270000000000,134
1767391200005,1697,1767391370388,4318.090000000000,4318.270000000000,130
1767391200005,1698,1767391370422,4318.090000000000,4318.290000000000,4
1767391200005,1699,1767391370772,4318.110000000000,4318.290000000000,130
1767391200005,1700,1767391370870,4318.110000000000,4318.250000000000,4
1767391200005,1701,1767391370871,4318.050000000000,4318.250000000000,130
1767391200005,1702,1767391370922,4318.040000000000,4318.240000000000,134
1767391200005,1703,1767391371276,4318.040000000000,4318.230000000000,4
1767391200005,1704,1767391371371,4318.040000000000,4318.240000000000,4
1767391200005,1705,1767391371520,4318.110000000000,4318.310000000000,134
1767391200005,1706,1767391371524,4318.120000000000,4318.310000000000,130
1767391200005,1707,1767391371570,4318.120000000000,4318.220000000000,4
1767391200005,1708,1767391371625,4318.120000000000,4318.160000000000,4
1767391200005,1709,1767391371626,4317.950000000000,4318.150000000000,134
1767391200005,1710,1767391371671,4317.980000000000,4318.180000000000,134
1767391200005,1711,1767391371721,4317.960000000000,4318.160000000000,134
1767391200005,1712,1767391371727,4317.980000000000,4318.160000000000,130
1767391200005,1713,1767391371772,4317.980000000000,4318.170000000000,4
1767391200005,1714,1767391371821,4317.980000000000,4318.160000000000,4
1767391200005,1715,1767391371827,4317.970000000000,4318.160000000000,130
1767391200005,1716,1767391371870,4317.970000000000,4318.170000000000,4
1767391200005,1717,1767391371920,4317.990000000000,4318.190000000000,134
1767391200005,1718,1767391371927,4318.020000000000,4318.190000000000,130
1767391200005,1719,1767391371980,4318.020000000000,4318.200000000000,4
1767391200005,1720,1767391372021,4318.020000000000,4318.210000000000,4
1767391200005,1721,1767391372071,4318.040000000000,4318.240000000000,134
1767391200005,1722,1767391372122,4318.020000000000,4318.200000000000,134
1767391200005,1723,1767391372128,4318.000000000000,4318.200000000000,130
1767391200005,1724,1767391372171,4317.990000000000,4318.190000000000,134
1767391200005,1725,1767391372229,4318.030000000000,4318.190000000000,130
1767391200005,1726,1767391372273,4318.030000000000,4318.210000000000,4
1767391200005,1727,1767391372329,4318.030000000000,4318.220000000000,4
1767391200005,1728,1767391372421,4318.030000000000,4318.200000000000,4
1767391200005,1729,1767391372524,4318.030000000000,4318.210000000000,4
1767391200005,1730,1767391372530,4318.040000000000,4318.210000000000,130
1767391200005,1731,1767391373725,4318.080000000000,4318.280000000000,134
1767391200005,1732,1767391373733,4318.090000000000,4318.280000000000,130
1767391200005,1733,1767391373778,4318.120000000000,4318.320000000000,134
1767391200005,1734,1767391373825,4318.090000000000,4318.270000000000,134
1767391200005,1735,1767391373837,4318.080000000000,4318.270000000000,130
1767391200005,1736,1767391373926,4318.080000000000,4318.280000000000,4
1767391200005,1737,1767391373938,4318.100000000000,4318.280000000000,130
1767391200005,1738,1767391373979,4318.110000000000,4318.310000000000,134
1767391200005,1739,1767391374039,4318.120000000000,4318.310000000000,130
1767391200005,1740,1767391374079,4318.120000000000,4318.260000000000,4
1767391200005,1741,1767391374127,4318.120000000000,4318.270000000000,4
1767391200005,1742,1767391374139,4318.100000000000,4318.270000000000,130
1767391200005,1743,1767391374187,4318.100000000000,4318.260000000000,4
1767391200005,1744,1767391374231,4318.100000000000,4318.250000000000,4
1767391200005,1745,1767391374240,4318.050000000000,4318.250000000000,130
1767391200005,1746,1767391374278,4318.050000000000,4318.230000000000,4
1767391200005,1747,1767391374328,4318.050000000000,4318.210000000000,4
1767391200005,1748,1767391374339,4318.010000000000,4318.210000000000,130
1767391200005,1749,1767391374385,4318.020000000000,4318.220000000000,134
1767391200005,1750,1767391374477,4318.050000000000,4318.250000000000,134
1767391200005,1751,1767391374529,4318.040000000000,4318.240000000000,134
1767391200005,1752,1767391374541,4318.070000000000,4318.240000000000,130
1767391200005,1753,1767391374576,4318.070000000000,4318.220000000000,4
1767391200005,1754,1767391374642,4318.030000000000,4318.220000000000,130
1767391200005,1755,1767391374727,4318.030000000000,4318.210000000000,4
1767391200005,1756,1767391374844,4318.040000000000,4318.210000000000,130
1767391200005,1757,1767391375086,4318.040000000000,4318.170000000000,4
1767391200005,1758,1767391375139,4318.040000000000,4318.130000000000,4
1767391200005,1759,1767391375157,4317.940000000000,4318.130000000000,130
1767391200005,1760,1767391375237,4317.960000000000,4318.160000000000,134
1767391200005,1761,1767391375258,4317.980000000000,4318.160000000000,130
1767391200005,1762,1767391375288,4317.980000000000,4318.170000000000,4
1767391200005,1763,1767391375333,4317.980000000000,4318.160000000000,4
1767391200005,1764,1767391375357,4318.000000000000,4318.160000000000,130
1767391200005,1765,1767391375432,4318.000000000000,4318.150000000000,4
1767391200005,1766,1767391375457,4317.990000000000,4318.150000000000,130
1767391200005,1767,1767391375531,4317.990000000000,4318.130000000000,4
1767391200005,1768,1767391375557,4317.970000000000,4318.130000000000,130
1767391200005,1769,1767391375583,4317.970000000000,4318.150000000000,4
1767391200005,1770,1767391375657,4317.990000000000,4318.150000000000,130
1767391200005,1771,1767391375758,4317.960000000000,4318.150000000000,130
1767391200005,1772,1767391375786,4317.960000000000,4318.140000000000,4
1767391200005,1773,1767391375858,4317.990000000000,4318.140000000000,130
1767391200005,1774,1767391376138,4317.990000000000,4318.160000000000,4
1767391200005,1775,1767391376343,4317.990000000000,4318.150000000000,4
1767391200005,1776,1767391376438,4317.990000000000,4318.130000000000,4
1767391200005,1777,1767391376451,4317.980000000000,4318.130000000000,130
1767391200005,1778,1767391376490,4317.980000000000,4318.100000000000,4
1767391200005,1779,1767391376537,4317.980000000000,4318.090000000000,4
1767391200005,1780,1767391376552,4317.990000000000,4318.090000000000,130
1767391200005,1781,1767391376737,4317.990000000000,4318.100000000000,4
1767391200005,1782,1767391376753,4317.900000000000,4318.100000000000,130
1767391200005,1783,1767391376788,4317.890000000000,4318.080000000000,134
1767391200005,1784,1767391376837,4317.890000000000,4318.050000000000,4
1767391200005,1785,1767391376854,4317.930000000000,4318.050000000000,130
1767391200005,1786,1767391376892,4317.930000000000,4318.080000000000,4
1767391200005,1787,1767391377036,4317.930000000000,4318.070000000000,4
1767391200005,1788,1767391377136,4317.930000000000,4318.050000000000,4
1767391200005,1789,1767391377155,4317.870000000000,4318.050000000000,130
1767391200005,1790,1767391377237,4317.870000000000,4318.060000000000,4
1767391200005,1791,1767391377256,4317.970000000000,4318.060000000000,130
1767391200005,1792,1767391377287,4317.970000000000,4318.160000000000,4
1767391200005,1793,1767391377337,4318.020000000000,4318.220000000000,134
1767391200005,1794,1767391377393,4318.020000000000,4318.170000000000,4
1767391200005,1795,1767391377461,4318.010000000000,4318.170000000000,130
1767391200005,1796,1767391377558,4318.020000000000,4318.170000000000,130
1767391200005,1797,1767391377938,4318.020000000000,4318.180000000000,4
1767391200005,1798,1767391377961,4318.040000000000,4318.180000000000,130
1767391200005,1799,1767391377990,4318.040000000000,4318.170000000000,4
1767391200005,1800,1767391378040,4318.040000000000,4318.200000000000,4
1767391200005,1801,1767391378087,4318.040000000000,4318.170000000000,4
1767391200005,1802,1767391378237,4318.040000000000,4318.200000000000,4
1767391200005,1803,1767391378301,4318.030000000000,4318.200000000000,130
1767391200005,1804,1767391378935,4318.060000000000,4318.200000000000,130
1767391200005,1805,1767391378936,4318.070000000000,4318.270000000000,134
1767391200005,1806,1767391379002,4318.270000000000,4318.330000000000,134
1767391200005,1807,1767391379036,4318.270000000000,4318.430000000000,4
1767391200005,1808,1767391379038,4318.160000000000,4318.340000000000,134
1767391200005,1809,1767391379086,4318.160000000000,4318.320000000000,4
1767391200005,1810,1767391379136,4318.160000000000,4318.330000000000,4
1767391200005,1811,1767391379238,4318.150000000000,4318.330000000000,130
1767391200005,1812,1767391379238,4318.150000000000,4318.320000000000,4
1767391200005,1813,1767391379338,4318.160000000000,4318.320000000000,130
1767391200005,1814,1767391379488,4318.160000000000,4318.300000000000,4
1767391200005,1815,1767391379538,4318.140000000000,4318.300000000000,130
1767391200005,1816,1767391379586,4318.140000000000,4318.330000000000,4
1767391200005,1817,1767391379637,4318.160000000000,4318.330000000000,130
1767391200005,1818,1767391379638,4318.160000000000,4318.310000000000,4
1767391200005,1819,1767391379740,4318.170000000000,4318.310000000000,130
1767391200005,1820,1767391379837,4318.170000000000,4318.290000000000,4
1767391200005,1821,1767391379842,4318.150000000000,4318.290000000000,130
1767391200005,1822,1767391379887,4318.150000000000,4318.310000000000,4
1767391200005,1823,1767391379943,4318.170000000000,4318.310000000000,130
1767391200005,1824,1767391379987,4318.170000000000,4318.320000000000,4
1767391200005,1825,1767391380038,4318.170000000000,4318.310000000000,134
1767391200005,1826,1767391380042,4318.150000000000,4318.310000000000,130
1767391200005,1827,1767391380093,4318.150000000000,4318.320000000000,4
1767391200005,1828,1767391380141,4318.150000000000,4318.300000000000,4
1767391200005,1829,1767391380192,4318.150000000000,4318.320000000000,4
1767391200005,1830,1767391380241,4318.180000000000,4318.320000000000,130
1767391200005,1831,1767391380241,4318.180000000000,4318.310000000000,4
1767391200005,1832,1767391380291,4318.180000000000,4318.380000000000,4
1767391200005,1833,1767391380340,4318.180000000000,4318.370000000000,4
1767391200005,1834,1767391380342,4318.220000000000,4318.370000000000,130
1767391200005,1835,1767391380438,4318.220000000000,4318.380000000000,4
1767391200005,1836,1767391380442,4318.230000000000,4318.380000000000,130
1767391200005,1837,1767391380487,4318.230000000000,4318.370000000000,4
1767391200005,1838,1767391380639,4318.230000000000,4318.360000000000,4
1767391200005,1839,1767391380642,4318.200000000000,4318.360000000000,130
1767391200005,1840,1767391380698,4318.520000000000,4318.560000000000,134
1767391200005,1841,1767391380745,4318.550000000000,4318.590000000000,134
1767391200005,1842,1767391380746,4318.670000000000,4318.870000000000,134
1767391200005,1843,1767391380794,4318.690000000000,4318.890000000000,134
1767391200005,1844,1767391380843,4318.680000000000,4318.880000000000,134
1767391200005,1845,1767391380845,4318.700000000000,4318.880000000000,130
1767391200005,1846,1767391380946,4318.690000000000,4318.880000000000,130
1767391200005,1847,1767391381045,4318.700000000000,4318.880000000000,130
1767391200005,1848,1767391381091,4318.700000000000,4318.850000000000,4
1767391200005,1849,1767391381147,4318.660000000000,4318.850000000000,130
1767391200005,1850,1767391381192,4318.680000000000,4318.880000000000,134
1767391200005,1851,1767391381241,4318.660000000000,4318.860000000000,134
1767391200005,1852,1767391381247,4318.730000000000,4318.860000000000,130
1767391200005,1853,1767391381292,4318.730000000000,4318.870000000000,4
1767391200005,1854,1767391381346,4318.730000000000,4318.860000000000,4
1767391200005,1855,1767391381347,4318.660000000000,4318.860000000000,130
1767391200005,1856,1767391381841,4318.670000000000,4318.870000000000,134
1767391200005,1857,1767391381860,4318.680000000000,4318.870000000000,130
1767391200005,1858,1767391381891,4318.680000000000,4318.860000000000,4
1767391200005,1859,1767391381960,4318.660000000000,4318.860000000000,130
1767391200005,1860,1767391382042,4318.700000000000,4318.900000000000,134
1767391200005,1861,1767391382061,4318.740000000000,4318.900000000000,130
1767391200005,1862,1767391382093,4318.740000000000,4318.880000000000,4
1767391200005,1863,1767391382142,4318.740000000000,4318.870000000000,4
1767391200005,1864,1767391382162,4318.730000000000,4318.870000000000,130
1767391200005,1865,1767391382263,4318.750000000000,4318.870000000000,130
1767391200005,1866,1767391382292,4318.750000000000,4318.890000000000,4
1767391200005,1867,1767391382344,4318.770000000000,4318.970000000000,134
1767391200005,1868,1767391382364,4318.820000000000,4318.970000000000,130
1767391200005,1869,1767391382394,4318.820000000000,4318.990000000000,4
1767391200005,1870,1767391382454,4318.820000000000,4318.980000000000,4
1767391200005,1871,1767391382464,4318.780000000000,4318.980000000000,130
1767391200005,1872,1767391382563,4318.820000000000,4318.980000000000,130
1767391200005,1873,1767391382642,4318.820000000000,4319.000000000000,4
1767391200005,1874,1767391382667,4318.840000000000,4319.000000000000,130
1767391200005,1875,1767391382744,4318.910000000000,4319.110000000000,134
1767391200005,1876,1767391382765,4318.930000000000,4319.110000000000,130
1767391200005,1877,1767391382865,4318.970000000000,4319.110000000000,130
1767391200005,1878,1767391382893,4318.970000000000,4319.130000000000,4
1767391200005,1879,1767391382941,4318.970000000000,4319.120000000000,4
1767391200005,1880,1767391382967,4318.980000000000,4319.120000000000,130
1767391200005,1881,1767391382993,4318.980000000000,4319.140000000000,4
1767391200005,1882,1767391383053,4318.980000000000,4319.180000000000,4
1767391200005,1883,1767391383066,4319.020000000000,4319.180000000000,130
1767391200005,1884,1767391383144,4319.020000000000,4319.170000000000,4
1767391200005,1885,1767391383244,4319.020000000000,4319.180000000000,4
1767391200005,1886,1767391383369,4319.040000000000,4319.180000000000,130
1767391200005,1887,1767391383398,4319.040000000000,4319.170000000000,4
1767391200005,1888,1767391383469,4319.020000000000,4319.170000000000,130
1767391200005,1889,1767391383545,4319.020000000000,4319.190000000000,4
1767391200005,1890,1767391383569,4319.120000000000,4319.190000000000,130
1767391200005,1891,1767391383596,4319.140000000000,4319.340000000000,134
1767391200005,1892,1767391383701,4319.150000000000,4319.350000000000,134
1767391200005,1893,1767391383761,4319.180000000000,4319.370000000000,134
1767391200005,1894,1767391383770,4319.220000000000,4319.380000000000,134
1767391200005,1895,1767391383806,4319.270000000000,4319.470000000000,134
1767391200005,1896,1767391383950,4319.280000000000,4319.480000000000,134
1767391200005,1897,1767391385198,4319.310000000000,4319.480000000000,130
1767391200005,1898,1767391385201,4319.310000000000,4319.460000000000,4
1767391200005,1899,1767391385299,4319.260000000000,4319.460000000000,130
1767391200005,1900,1767391385403,4319.280000000000,4319.480000000000,134
1767391200005,1901,1767391385454,4319.260000000000,4319.460000000000,134
1767391200005,1902,1767391385553,4319.260000000000,4319.450000000000,4
1767391200005,1903,1767391385601,4319.250000000000,4319.310000000000,134
1767391200005,1904,1767391385611,4319.040000000000,4319.190000000000,134
1767391200005,1905,1767391385661,4319.040000000000,4319.210000000000,4
1767391200005,1906,1767391385709,4319.040000000000,4319.170000000000,4
1767391200005,1907,1767391385761,4319.040000000000,4319.190000000000,4
1767391200005,1908,1767391385802,4318.990000000000,4319.190000000000,130
1767391200005,1909,1767391385809,4318.990000000000,4319.170000000000,4
1767391200005,1910,1767391385954,4318.990000000000,4319.190000000000,4
1767391200005,1911,1767391386004,4319.070000000000,4319.260000000000,134
1767391200005,1912,1767391386004,4319.120000000000,4319.270000000000,134
1767391200005,1913,1767391386204,4319.120000000000,4319.280000000000,4
1767391200005,1914,1767391386453,4319.120000000000,4319.270000000000,4
1767391200005,1915,1767391386657,4319.120000000000,4319.260000000000,4
1767391200005,1916,1767391386803,4319.120000000000,4319.270000000000,4
1767391200005,1917,1767391387309,4319.120000000000,4319.250000000000,4
1767391200005,1918,1767391387359,4319.120000000000,4319.220000000000,4
1767391200005,1919,1767391387391,4319.080000000000,4319.220000000000,130
1767391200005,1920,1767391387455,4319.080000000000,4319.210000000000,4
1767391200005,1921,1767391387493,4319.050000000000,4319.210000000000,130
1767391200005,1922,1767391387505,4319.050000000000,4319.230000000000,4
1767391200005,1923,1767391387555,4319.060000000000,4319.260000000000,134
1767391200005,1924,1767391387592,4319.060000000000,4319.250000000000,4
1767391200005,1925,1767391387605,4319.010000000000,4319.210000000000,134
1767391200005,1926,1767391387656,4319.050000000000,4319.250000000000,134
1767391200005,1927,1767391387706,4319.080000000000,4319.280000000000,134
1767391200005,1928,1767391388258,4319.070000000000,4319.270000000000,134
1767391200005,1929,1767391388965,4319.080000000000,4319.280000000000,134
1767391200005,1930,1767391389008,4319.250000000000,4319.340000000000,134
1767391200005,1931,1767391389035,4319.250000000000,4319.450000000000,4
1767391200005,1932,1767391389411,4319.230000000000,4319.430000000000,134
1767391200005,1933,1767391389441,4319.230000000000,4319.410000000000,4
1767391200005,1934,1767391389458,4319.170000000000,4319.370000000000,134
1767391200005,1935,1767391389560,4319.160000000000,4319.360000000000,134
1767391200005,1936,1767391389609,4319.170000000000,4319.370000000000,134
1767391200005,1937,1767391389659,4319.180000000000,4319.380000000000,134
1767391200005,1938,1767391389758,4319.190000000000,4319.390000000000,134
1767391200005,1939,1767391389808,4319.180000000000,4319.380000000000,134
1767391200005,1940,1767391390063,4319.170000000000,4319.370000000000,134
1767391200005,1941,1767391390114,4319.110000000000,4319.150000000000,134
1767391200005,1942,1767391390126,4318.920000000000,4319.120000000000,134
1767391200005,1943,1767391390161,4318.890000000000,4319.050000000000,134
1767391200005,1944,1767391390212,4318.890000000000,4319.020000000000,4
1767391200005,1945,1767391390227,4318.820000000000,4319.020000000000,130
1767391200005,1946,1767391390362,4318.830000000000,4319.030000000000,134
1767391200005,1947,1767391390412,4318.810000000000,4318.860000000000,134
1767391200005,1948,1767391390426,4318.660000000000,4318.860000000000,130
1767391200005,1949,1767391390461,4318.650000000000,4318.840000000000,134
1767391200005,1950,1767391390511,4318.650000000000,4318.850000000000,4
1767391200005,1951,1767391390527,4318.680000000000,4318.850000000000,130
1767391200005,1952,1767391390563,4318.680000000000,4318.840000000000,4
1767391200005,1953,1767391390613,4318.680000000000,4318.820000000000,4
1767391200005,1954,1767391390628,4318.650000000000,4318.820000000000,130
1767391200005,1955,1767391390674,4318.650000000000,4318.800000000000,4
1767391200005,1956,1767391390729,4318.640000000000,4318.800000000000,130
1767391200005,1957,1767391390828,4318.610000000000,4318.800000000000,130
1767391200005,1958,1767391390915,4318.640000000000,4318.840000000000,134
1767391200005,1959,1767391390973,4318.630000000000,4318.800000000000,134
1767391200005,1960,1767391391014,4318.630000000000,4318.790000000000,4
1767391200005,1961,1767391391031,4318.610000000000,4318.790000000000,130
1767391200005,1962,1767391391163,4318.650000000000,4318.850000000000,134
1767391200005,1963,1767391391213,4318.670000000000,4318.870000000000,134
1767391200005,1964,1767391391261,4318.670000000000,4318.850000000000,4
1767391200005,1965,1767391391431,4318.660000000000,4318.850000000000,130
1767391200005,1966,1767391391532,4318.670000000000,4318.850000000000,130
1767391200005,1967,1767391391562,4318.670000000000,4318.870000000000,4
1767391200005,1968,1767391391618,4318.670000000000,4318.850000000000,4
1767391200005,1969,1767391391634,4318.650000000000,4318.850000000000,130
1767391200005,1970,1767391391775,4318.690000000000,4318.890000000000,134
1767391200005,1971,1767391391815,4318.630000000000,4318.830000000000,134
1767391200005,1972,1767391392021,4318.660000000000,4318.860000000000,134
1767391200005,1973,1767391392069,4318.630000000000,4318.830000000000,134
1767391200005,1974,1767391392268,4318.620000000000,4318.820000000000,134
1767391200005,1975,1767391392317,4318.670000000000,4318.870000000000,134
1767391200005,1976,1767391392366,4318.700000000000,4318.900000000000,134
1767391200005,1977,1767391392416,4318.690000000000,4318.890000000000,134
1767391200005,1978,1767391392473,4318.660000000000,4318.860000000000,134
1767391200005,1979,1767391392518,4318.640000000000,4318.840000000000,134
1767391200005,1980,1767391392567,4318.620000000000,4318.820000000000,134
1767391200005,1981,1767391392617,4318.660000000000,4318.860000000000,134
1767391200005,1982,1767391392716,4318.640000000000,4318.840000000000,134
1767391200005,1983,1767391392768,4318.630000000000,4318.830000000000,134
1767391200005,1984,1767391392816,4318.650000000000,4318.850000000000,134
1767391200005,1985,1767391393116,4318.640000000000,4318.840000000000,134
1767391200005,1986,1767391393177,4318.650000000000,4318.850000000000,134
1767391200005,1987,1767391394069,4318.670000000000,4318.870000000000,134
1767391200005,1988,1767391394224,4318.670000000000,4318.850000000000,4
1767391200005,1989,1767391394272,4318.670000000000,4318.830000000000,4
1767391200005,1990,1767391394309,4318.650000000000,4318.830000000000,130
1767391200005,1991,1767391394320,4318.650000000000,4318.840000000000,4
1767391200005,1992,1767391394374,4318.650000000000,4318.850000000000,4
1767391200005,1993,1767391394469,4318.660000000000,4318.860000000000,134
1767391200005,1994,1767391394569,4318.780000000000,4318.920000000000,134
1767391200005,1995,1767391394611,4318.850000000000,4318.980000000000,134
1767391200005,1996,1767391394620,4318.850000000000,4319.010000000000,4
1767391200005,1997,1767391394670,4318.850000000000,4319.030000000000,4
1767391200005,1998,1767391394711,4318.840000000000,4319.030000000000,130
1767391200005,1999,1767391394718,4318.860000000000,4319.060000000000,134
1767391200005,2000,1767391394819,4318.850000000000,4319.050000000000,134
1767391200005,2001,1767391394922,4318.820000000000,4319.000000000000,134
1767391200005,2002,1767391394970,4318.820000000000,4318.960000000000,4
1767391200005,2003,1767391395013,4318.770000000000,4318.960000000000,130
1767391200005,2004,1767391395113,4318.760000000000,4318.960000000000,130
1767391200005,2005,1767391395419,4318.780000000000,4318.980000000000,134
1767391200005,2006,1767391395568,4318.770000000000,4318.970000000000,134
1767391200005,2007,1767391396020,4318.780000000000,4318.980000000000,134
1767391200005,2008,1767391396074,4318.770000000000,4318.970000000000,134
1767391200005,2009,1767391396122,4318.750000000000,4318.940000000000,134
1767391200005,2010,1767391396150,4318.740000000000,4318.940000000000,130
1767391200005,2011,1767391396172,4318.760000000000,4318.960000000000,134
1767391200005,2012,1767391396221,4318.750000000000,4318.950000000000,134
1767391200005,2013,1767391396273,4318.760000000000,4318.960000000000,134
1767391200005,2014,1767391396924,4318.780000000000,4318.980000000000,134
1767391200005,2015,1767391396974,4318.810000000000,4319.010000000000,134
1767391200005,2016,1767391397124,4318.820000000000,4319.020000000000,134
1767391200005,2017,1767391397273,4318.800000000000,4319.000000000000,134
1767391200005,2018,1767391397425,4318.810000000000,4319.010000000000,134
1767391200005,2019,1767391397577,4318.850000000000,4319.020000000000,134
1767391200005,2020,1767391397578,4318.850000000000,4319.030000000000,4
1767391200005,2021,1767391397630,4318.890000000000,4319.030000000000,130
1767391200005,2022,1767391397678,4318.940000000000,4319.090000000000,134
1767391200005,2023,1767391397679,4318.940000000000,4319.120000000000,4
1767391200005,2024,1767391397733,4318.940000000000,4319.130000000000,4
1767391200005,2025,1767391397779,4318.930000000000,4319.130000000000,130
1767391200005,2026,1767391397783,4318.960000000000,4319.160000000000,134
1767391200005,2027,1767391397924,4318.970000000000,4319.170000000000,134
1767391200005,2028,1767391397977,4318.960000000000,4319.160000000000,134
1767391200005,2029,1767391397981,4318.980000000000,4319.160000000000,130
1767391200005,2030,1767391398075,4318.980000000000,4319.170000000000,4
1767391200005,2031,1767391398081,4319.010000000000,4319.170000000000,130
1767391200005,2032,1767391398129,4319.010000000000,4319.110000000000,4
1767391200005,2033,1767391398181,4319.010000000000,4319.060000000000,4
1767391200005,2034,1767391398183,4318.870000000000,4319.060000000000,130
1767391200005,2035,1767391398225,4318.870000000000,4319.040000000000,4
1767391200005,2036,1767391398277,4318.870000000000,4319.050000000000,4
1767391200005,2037,1767391398282,4318.850000000000,4319.050000000000,130
1767391200005,2038,1767391398373,4318.840000000000,4319.020000000000,134
1767391200005,2039,1767391398475,4318.840000000000,4319.010000000000,4
1767391200005,2040,1767391398483,4318.810000000000,4319.010000000000,130
1767391200005,2041,1767391398924,4318.870000000000,4319.070000000000,134
1767391200005,2042,1767391398985,4318.890000000000,4319.080000000000,134
1767391200005,2043,1767391398995,4318.910000000000,4319.090000000000,134
1767391200005,2044,1767391399034,4318.910000000000,4319.110000000000,4
1767391200005,2045,1767391399083,4318.930000000000,4319.130000000000,134
1767391200005,2046,1767391399127,4318.920000000000,4319.120000000000,134
1767391200005,2047,1767391399180,4318.950000000000,4319.150000000000,134
1767391200005,2048,1767391399197,4318.970000000000,4319.150000000000,130
1767391200005,2049,1767391399231,4318.970000000000,4319.160000000000,4
1767391200005,2050,1767391399376,4318.970000000000,4319.150000000000,4
1767391200005,2051,1767391399398,4318.950000000000,4319.150000000000,130
1767391200005,2052,1767391399426,4318.960000000000,4319.160000000000,134
1767391200005,2053,1767391399476,4318.940000000000,4319.140000000000,134
1767391200005,2054,1767391399537,4318.950000000000,4319.150000000000,134
1767391200005,2055,1767391399576,4318.940000000000,4319.140000000000,134
1767391200005,2056,1767391399627,4318.950000000000,4319.150000000000,134
1767391200005,2057,1767391399675,4318.940000000000,4319.140000000000,134
1767391200005,2058,1767391399724,4318.970000000000,4319.170000000000,134
1767391200005,2059,1767391399777,4318.940000000000,4319.140000000000,134
1767391200005,2060,1767391399828,4318.920000000000,4319.120000000000,134
1767391200005,2061,1767391399874,4318.960000000000,4319.160000000000,134
1767391200005,2062,1767391399924,4318.940000000000,4319.130000000000,134
1767391200005,2063,1767391399976,4318.940000000000,4319.120000000000,4
1767391200005,2064,1767391400001,4318.930000000000,4319.120000000000,130
1767391200005,2065,1767391400026,4318.940000000000,4319.140000000000,134
1767391200005,2066,1767391400177,4318.930000000000,4319.130000000000,134
1767391200005,2067,1767391400277,4318.940000000000,4319.140000000000,134
1767391200005,2068,1767391400302,4318.960000000000,4319.140000000000,130
1767391200005,2069,1767391400325,4318.960000000000,4319.130000000000,4
1767391200005,2070,1767391400374,4318.960000000000,4319.140000000000,4
1767391200005,2071,1767391400403,4318.940000000000,4319.140000000000,130
1767391200005,2072,1767391400428,4318.930000000000,4319.130000000000,134
1767391200005,2073,1767391400476,4318.940000000000,4319.140000000000,134
1767391200005,2074,1767391400503,4318.950000000000,4319.140000000000,130
1767391200005,2075,1767391400530,4318.950000000000,4319.130000000000,4
1767391200005,2076,1767391400574,4318.950000000000,4319.120000000000,4
1767391200005,2077,1767391400604,4318.920000000000,4319.120000000000,130
1767391200005,2078,1767391400625,4318.930000000000,4319.130000000000,134
1767391200005,2079,1767391400824,4318.920000000000,4319.120000000000,134
1767391200005,2080,1767391401081,4318.960000000000,4319.150000000000,134
1767391200005,2081,1767391401129,4318.970000000000,4319.150000000000,130
1767391200005,2082,1767391401148,4318.970000000000,4319.170000000000,4
1767391200005,2083,1767391401326,4318.980000000000,4319.180000000000,134
1767391200005,2084,1767391401377,4318.970000000000,4319.170000000000,134
1767391200005,2085,1767391401428,4318.980000000000,4319.180000000000,134
1767391200005,2086,1767391401478,4318.970000000000,4319.140000000000,134
1767391200005,2087,1767391401649,4318.940000000000,4319.140000000000,130
1767391200005,2088,1767391402278,4318.930000000000,4319.130000000000,134
1767391200005,2089,1767391402329,4318.940000000000,4319.140000000000,134
1767391200005,2090,1767391402353,4318.970000000000,4319.140000000000,130
1767391200005,2091,1767391402695,4318.940000000000,4319.140000000000,130
1767391200005,2092,1767391402780,4318.960000000000,4319.160000000000,134
1767391200005,2093,1767391402795,4318.970000000000,4319.160000000000,130
1767391200005,2094,1767391402829,4318.970000000000,4319.130000000000,4
1767391200005,2095,1767391402878,4318.970000000000,4319.120000000000,4
1767391200005,2096,1767391402896,4318.930000000000,4319.120000000000,130
1767391200005,2097,1767391402927,4318.930000000000,4319.130000000000,4
1767391200005,2098,1767391403027,4318.940000000000,4319.140000000000,134
1767391200005,2099,1767391403280,4318.950000000000,4319.150000000000,134
1767391200005,2100,1767391403330,4318.960000000000,4319.160000000000,134
1767391200005,2101,1767391403431,4318.940000000000,4319.140000000000,134
1767391200005,2102,1767391403479,4318.950000000000,4319.150000000000,134
1767391200005,2103,1767391403883,4318.940000000000,4319.130000000000,134
1767391200005,2104,1767391403930,4318.940000000000,4319.090000000000,4
1767391200005,2105,1767391403961,4318.900000000000,4319.090000000000,130
1767391200005,2106,1767391404031,4318.900000000000,4319.080000000000,4
1767391200005,2107,1767391404063,4318.880000000000,4319.080000000000,130
1767391200005,2108,1767391404083,4318.900000000000,4319.100000000000,134
1767391200005,2109,1767391404131,4318.880000000000,4319.080000000000,134
1767391200005,2110,1767391404233,4318.860000000000,4319.060000000000,134
1767391200005,2111,1767391404279,4318.870000000000,4319.070000000000,134
1767391200005,2112,1767391404380,4318.880000000000,4319.080000000000,134
1767391200005,2113,1767391404466,4318.890000000000,4319.080000000000,130
1767391200005,2114,1767391404480,4318.910000000000,4319.110000000000,134
1767391200005,2115,1767391404530,4318.890000000000,4319.090000000000,134
1767391200005,2116,1767391404567,4318.900000000000,4319.090000000000,130
1767391200005,2117,1767391404579,4318.910000000000,4319.110000000000,134
1767391200005,2118,1767391404631,4318.900000000000,4319.100000000000,134
1767391200005,2119,1767391404666,4318.910000000000,4319.100000000000,130
1767391200005,2120,1767391404688,4318.910000000000,4319.110000000000,4
1767391200005,2121,1767391404732,4318.940000000000,4319.140000000000,134
1767391200005,2122,1767391404829,4318.950000000000,4319.150000000000,134
1767391200005,2123,1767391404867,4318.960000000000,4319.150000000000,130
1767391200005,2124,1767391404879,4318.960000000000,4319.120000000000,4
1767391200005,2125,1767391404968,4318.920000000000,4319.120000000000,130
1767391200005,2126,1767391405230,4318.940000000000,4319.140000000000,134
1767391200005,2127,1767391405430,4318.970000000000,4319.170000000000,134
1767391200005,2128,1767391405482,4319.020000000000,4319.220000000000,134
1767391200005,2129,1767391405571,4319.030000000000,4319.220000000000,130
1767391200005,2130,1767391405673,4319.020000000000,4319.220000000000,130
1767391200005,2131,1767391406035,4319.020000000000,4319.210000000000,4
1767391200005,2132,1767391406074,4319.010000000000,4319.210000000000,130
1767391200005,2133,1767391406184,4319.040000000000,4319.230000000000,134
1767391200005,2134,1767391406274,4319.040000000000,4319.240000000000,4
1767391200005,2135,1767391406332,4319.030000000000,4319.230000000000,134
1767391200005,2136,1767391406582,4319.020000000000,4319.220000000000,134
1767391200005,2137,1767391407379,4319.020000000000,4319.210000000000,4
1767391200005,2138,1767391407383,4318.990000000000,4319.190000000000,134
1767391200005,2139,1767391407433,4318.980000000000,4319.180000000000,134
1767391200005,2140,1767391407533,4319.010000000000,4319.200000000000,134
1767391200005,2141,1767391407587,4319.030000000000,4319.200000000000,130
1767391200005,2142,1767391407682,4319.030000000000,4319.220000000000,4
1767391200005,2143,1767391407914,4319.030000000000,4319.230000000000,4
1767391200005,2144,1767391407935,4319.010000000000,4319.210000000000,134
1767391200005,2145,1767391407994,4319.000000000000,4319.200000000000,134
1767391200005,2146,1767391408083,4318.990000000000,4319.190000000000,134
1767391200005,2147,1767391409143,4319.230000000000,4319.270000000000,134
1767391200005,2148,1767391409174,4319.270000000000,4319.410000000000,134
1767391200005,2149,1767391409190,4319.350000000000,4319.410000000000,130
1767391200005,2150,1767391409241,4319.360000000000,4319.410000000000,130
1767391200005,2151,1767391409279,4319.420000000000,4319.560000000000,134
1767391200005,2152,1767391409291,4319.420000000000,4319.590000000000,4
1767391200005,2153,1767391409342,4319.420000000000,4319.550000000000,4
1767391200005,2154,1767391409373,4319.350000000000,4319.550000000000,130
1767391200005,2155,1767391409387,4319.300000000000,4319.500000000000,134
1767391200005,2156,1767391409452,4319.330000000000,4319.530000000000,134
1767391200005,2157,1767391409487,4319.300000000000,4319.500000000000,134
1767391200005,2158,1767391409540,4319.310000000000,4319.510000000000,134
1767391200005,2159,1767391409589,4319.310000000000,4319.500000000000,4
1767391200005,2160,1767391409637,4319.310000000000,4319.510000000000,4
1767391200005,2161,1767391409675,4319.330000000000,4319.510000000000,130
1767391200005,2162,1767391409685,4319.330000000000,4319.520000000000,4
1767391200005,2163,1767391409785,4319.330000000000,4319.510000000000,4
1767391200005,2164,1767391409837,4319.330000000000,4319.490000000000,4
1767391200005,2165,1767391409875,4319.300000000000,4319.490000000000,130
1767391200005,2166,1767391409935,4319.300000000000,4319.500000000000,4
1767391200005,2167,1767391409984,4319.290000000000,4319.490000000000,134
1767391200005,2168,1767391410088,4319.300000000000,4319.500000000000,134
1767391200005,2169,1767391410177,4319.340000000000,4319.500000000000,130
1767391200005,2170,1767391410184,4319.340000000000,4319.510000000000,4
1767391200005,2171,1767391410237,4319.370000000000,4319.570000000000,134
1767391200005,2172,1767391410276,4319.400000000000,4319.570000000000,130
1767391200005,2173,1767391410285,4319.400000000000,4319.510000000000,4
1767391200005,2174,1767391410339,4319.400000000000,4319.500000000000,4
1767391200005,2175,1767391410377,4319.340000000000,4319.500000000000,130
1767391200005,2176,1767391410387,4319.340000000000,4319.490000000000,4
1767391200005,2177,1767391410435,4319.340000000000,4319.500000000000,4
1767391200005,2178,1767391410476,4319.300000000000,4319.500000000000,130
1767391200005,2179,1767391410535,4319.290000000000,4319.480000000000,134
1767391200005,2180,1767391410577,4319.280000000000,4319.480000000000,130
1767391200005,2181,1767391410587,4319.300000000000,4319.500000000000,134
1767391200005,2182,1767391411136,4319.290000000000,4319.490000000000,134
1767391200005,2183,1767391411186,4319.270000000000,4319.470000000000,134
1767391200005,2184,1767391411336,4319.280000000000,4319.480000000000,134
1767391200005,2185,1767391411390,4319.270000000000,4319.470000000000,134
1767391200005,2186,1767391411487,4319.280000000000,4319.480000000000,134
1767391200005,2187,1767391411542,4319.270000000000,4319.470000000000,134
1767391200005,2188,1767391411788,4319.250000000000,4319.410000000000,134
1767391200005,2189,1767391411824,4319.220000000000,4319.410000000000,130
1767391200005,2190,1767391411836,4319.220000000000,4319.390000000000,4
1767391200005,2191,1767391411889,4319.220000000000,4319.400000000000,4
1767391200005,2192,1767391411924,4319.200000000000,4319.400000000000,130
1767391200005,2193,1767391411938,4319.210000000000,4319.410000000000,134
1767391200005,2194,1767391411990,4319.200000000000,4319.400000000000,134
1767391200005,2195,1767391412044,4319.190000000000,4319.380000000000,134
1767391200005,2196,1767391412087,4319.190000000000,4319.360000000000,4
1767391200005,2197,1767391412137,4319.190000000000,4319.380000000000,4
1767391200005,2198,1767391412190,4319.190000000000,4319.370000000000,4
1767391200005,2199,1767391412327,4319.180000000000,4319.370000000000,130
1767391200005,2200,1767391412394,4319.180000000000,4319.350000000000,4
1767391200005,2201,1767391412428,4319.150000000000,4319.350000000000,130
1767391200005,2202,1767391412442,4319.100000000000,4319.290000000000,134
1767391200005,2203,1767391412496,4319.100000000000,4319.300000000000,4
1767391200005,2204,1767391412738,4319.130000000000,4319.330000000000,134
1767391200005,2205,1767391412791,4319.080000000000,4319.280000000000,134
1767391200005,2206,1767391412828,4319.110000000000,4319.280000000000,130
1767391200005,2207,1767391412840,4319.120000000000,4319.320000000000,134
1767391200005,2208,1767391413139,4319.100000000000,4319.280000000000,134
1767391200005,2209,1767391413291,4319.120000000000,4319.320000000000,134
1767391200005,2210,1767391413338,4319.110000000000,4319.300000000000,134
1767391200005,2211,1767391413394,4319.120000000000,4319.320000000000,134
1767391200005,2212,1767391413549,4319.100000000000,4319.300000000000,134
1767391200005,2213,1767391413594,4319.110000000000,4319.310000000000,134
1767391200005,2214,1767391414394,4319.070000000000,4319.220000000000,134
1767391200005,2215,1767391414445,4319.070000000000,4319.210000000000,4
1767391200005,2216,1767391414458,4319.050000000000,4319.210000000000,130
1767391200005,2217,1767391414492,4319.050000000000,4319.240000000000,4
1767391200005,2218,1767391414557,4319.080000000000,4319.240000000000,130
1767391200005,2219,1767391414644,4319.080000000000,4319.220000000000,4
1767391200005,2220,1767391414658,4319.050000000000,4319.220000000000,130
1767391200005,2221,1767391414941,4319.040000000000,4319.220000000000,130
1767391200005,2222,1767391414943,4319.050000000000,4319.250000000000,134
1767391200005,2223,1767391414994,4319.060000000000,4319.260000000000,134
1767391200005,2224,1767391415094,4319.070000000000,4319.270000000000,134
1767391200005,2225,1767391415140,4319.090000000000,4319.270000000000,130
1767391200005,2226,1767391415193,4319.090000000000,4319.280000000000,4
1767391200005,2227,1767391415293,4319.090000000000,4319.270000000000,4
1767391200005,2228,1767391415342,4319.100000000000,4319.270000000000,130
1767391200005,2229,1767391415393,4319.100000000000,4319.280000000000,4
1767391200005,2230,1767391415441,4319.160000000000,4319.280000000000,130
1767391200005,2231,1767391415445,4319.160000000000,4319.360000000000,4
1767391200005,2232,1767391415493,4319.170000000000,4319.370000000000,134
1767391200005,2233,1767391415543,4319.180000000000,4319.380000000000,134
1767391200005,2234,1767391415593,4319.160000000000,4319.360000000000,134
1767391200005,2235,1767391415692,4319.170000000000,4319.370000000000,134
1767391200005,2236,1767391415743,4319.210000000000,4319.370000000000,130
1767391200005,2237,1767391415748,4319.210000000000,4319.390000000000,4
1767391200005,2238,1767391415944,4319.320000000000,4319.390000000000,130
1767391200005,2239,1767391415945,4319.320000000000,4319.490000000000,4
1767391200005,2240,1767391415999,4319.320000000000,4319.500000000000,4
1767391200005,2241,1767391416045,4319.310000000000,4319.500000000000,130
1767391200005,2242,1767391416145,4319.300000000000,4319.500000000000,130
1767391200005,2243,1767391416146,4319.310000000000,4319.510000000000,134
1767391200005,2244,1767391416193,4319.300000000000,4319.500000000000,134
1767391200005,2245,1767391416743,4319.300000000000,4319.460000000000,4
1767391200005,2246,1767391416909,4319.260000000000,4319.460000000000,130
1767391200005,2247,1767391416942,4319.270000000000,4319.470000000000,134
1767391200005,2248,1767391417248,4319.280000000000,4319.480000000000,134
1767391200005,2249,1767391417298,4319.300000000000,4319.500000000000,134
1767391200005,2250,1767391417342,4319.310000000000,4319.500000000000,130
1767391200005,2251,1767391417346,4319.310000000000,4319.480000000000,4
1767391200005,2252,1767391417401,4319.310000000000,4319.490000000000,4
1767391200005,2253,1767391417448,4319.310000000000,4319.510000000000,4
1767391200005,2254,1767391417496,4319.340000000000,4319.540000000000,134
1767391200005,2255,1767391417542,4319.360000000000,4319.540000000000,130
1767391200005,2256,1767391417593,4319.360000000000,4319.480000000000,4
1767391200005,2257,1767391417643,4319.280000000000,4319.480000000000,130
1767391200005,2258,1767391417695,4319.340000000000,4319.540000000000,134
1767391200005,2259,1767391417793,4319.340000000000,4319.530000000000,4
1767391200005,2260,1767391417844,4319.360000000000,4319.530000000000,130
1767391200005,2261,1767391417944,4319.420000000000,4319.530000000000,130
1767391200005,2262,1767391417948,4319.420000000000,4319.590000000000,4
1767391200005,2263,1767391417997,4319.420000000000,4319.560000000000,4
1767391200005,2264,1767391418046,4319.370000000000,4319.560000000000,130
1767391200005,2265,1767391418146,4319.360000000000,4319.560000000000,130
1767391200005,2266,1767391418702,4319.340000000000,4319.540000000000,134
1767391200005,2267,1767391418753,4319.350000000000,4319.550000000000,134
1767391200005,2268,1767391419002,4319.320000000000,4319.590000000000,134
1767391200005,2269,1767391419053,4319.330000000000,4319.530000000000,134
1767391200005,2270,1767391419110,4319.330000000000,4319.520000000000,4
1767391200005,2271,1767391419153,4319.340000000000,4319.540000000000,134
1767391200005,2272,1767391419204,4319.320000000000,4319.520000000000,134
1767391200005,2273,1767391419283,4319.340000000000,4319.520000000000,130
1767391200005,2274,1767391419303,4319.340000000000,4319.540000000000,4
1767391200005,2275,1767391419356,4319.340000000000,4319.520000000000,4
1767391200005,2276,1767391419575,4319.360000000000,4319.520000000000,130
1767391200005,2277,1767391419602,4319.360000000000,4319.540000000000,4
1767391200005,2278,1767391419754,4319.360000000000,4319.530000000000,4
1767391200005,2279,1767391419804,4319.360000000000,4319.540000000000,4
1767391200005,2280,1767391419814,4319.350000000000,4319.540000000000,130
1767391200005,2281,1767391420065,4319.360000000000,4319.540000000000,130
1767391200005,2282,1767391420206,4319.360000000000,4319.510000000000,4
1767391200005,2283,1767391420209,4319.310000000000,4319.510000000000,130
1767391200005,2284,1767391420256,4319.270000000000,4319.310000000000,134
1767391200005,2285,1767391420308,4319.250000000000,4319.290000000000,134
1767391200005,2286,1767391420309,4319.090000000000,4319.270000000000,134
1767391200005,2287,1767391420356,4319.090000000000,4319.280000000000,4
1767391200005,2288,1767391420579,4319.080000000000,4319.280000000000,130
1767391200005,2289,1767391420612,4319.050000000000,4319.120000000000,134
1767391200005,2290,1767391420678,4318.980000000000,4319.120000000000,130
1767391200005,2291,1767391420708,4318.980000000000,4319.100000000000,4
1767391200005,2292,1767391420779,4318.930000000000,4319.100000000000,130
1767391200005,2293,1767391420814,4318.930000000000,4319.110000000000,4
1767391200005,2294,1767391421103,4318.920000000000,4319.110000000000,130
1767391200005,2295,1767391421201,4318.950000000000,4319.110000000000,130
1767391200005,2296,1767391421403,4318.930000000000,4319.110000000000,130
1767391200005,2297,1767391421613,4318.950000000000,4319.110000000000,130
1767391200005,2298,1767391421659,4318.950000000000,4319.120000000000,4
1767391200005,2299,1767391421814,4318.950000000000,4319.140000000000,4
1767391200005,2300,1767391422661,4318.950000000000,4319.150000000000,4
1767391200005,2301,1767391423233,4318.960000000000,4319.150000000000,130
1767391200005,2302,1767391423312,4318.980000000000,4319.180000000000,134
1767391200005,2303,1767391423463,4318.960000000000,4319.150000000000,134
1767391200005,2304,1767391423513,4318.980000000000,4319.180000000000,134
1767391200005,2305,1767391423614,4318.960000000000,4319.150000000000,134
1767391200005,2306,1767391423666,4318.960000000000,4319.160000000000,4
1767391200005,2307,1767391423715,4318.980000000000,4319.180000000000,134
1767391200005,2308,1767391424920,4318.920000000000,4319.000000000000,134
1767391200005,2309,1767391424969,4318.910000000000,4318.950000000000,134
1767391200005,2310,1767391425003,4318.730000000000,4318.930000000000,134
1767391200005,2311,1767391425020,4318.710000000000,4318.910000000000,134
1767391200005,2312,1767391425069,4318.720000000000,4318.920000000000,134
1767391200005,2313,1767391425103,4318.740000000000,4318.920000000000,130
1767391200005,2314,1767391425119,4318.740000000000,4318.930000000000,4
1767391200005,2315,1767391425204,4318.730000000000,4318.930000000000,130
1767391200005,2316,1767391425304,4318.760000000000,4318.930000000000,130
1767391200005,2317,1767391425367,4318.760000000000,4318.920000000000,4
1767391200005,2318,1767391425578,4318.750000000000,4318.920000000000,130
1767391200005,2319,1767391425719,4318.750000000000,4318.930000000000,4
1767391200005,2320,1767391425881,4318.730000000000,4318.930000000000,130
1767391200005,2321,1767391425989,4318.760000000000,4318.930000000000,130
1767391200005,2322,1767391426424,4318.760000000000,4318.940000000000,4
1767391200005,2323,1767391426458,4318.850000000000,4318.940000000000,130
1767391200005,2324,1767391426472,4318.850000000000,4319.040000000000,4
1767391200005,2325,1767391426523,4318.850000000000,4319.050000000000,4
1767391200005,2326,1767391426561,4318.900000000000,4319.050000000000,130
1767391200005,2327,1767391426662,4318.850000000000,4319.050000000000,130
1767391200005,2328,1767391426762,4318.880000000000,4319.050000000000,130
1767391200005,2329,1767391427173,4318.850000000000,4319.050000000000,130
1767391200005,2330,1767391428089,4318.930000000000,4319.050000000000,130
1767391200005,2331,1767391428126,4318.930000000000,4319.100000000000,4
1767391200005,2332,1767391428176,4318.930000000000,4319.130000000000,4
1767391200005,2333,1767391428225,4318.920000000000,4319.110000000000,134
1767391200005,2334,1767391428289,4318.910000000000,4319.110000000000,130
1767391200005,2335,1767391428332,4318.950000000000,4319.150000000000,134
1767391200005,2336,1767391428388,4318.910000000000,4319.060000000000,134
1767391200005,2337,1767391428391,4318.860000000000,4319.060000000000,130
1767391200005,2338,1767391428436,4318.840000000000,4319.030000000000,134
1767391200005,2339,1767391428490,4318.860000000000,4319.030000000000,130
1767391200005,2340,1767391428592,4318.830000000000,4319.030000000000,130
1767391200005,2341,1767391428776,4318.830000000000,4319.010000000000,4
1767391200005,2342,1767391428792,4318.820000000000,4319.010000000000,130
1767391200005,2343,1767391428826,4318.820000000000,4319.020000000000,4
1767391200005,2344,1767391428879,4318.840000000000,4319.040000000000,134
1767391200005,2345,1767391428894,4318.870000000000,4319.040000000000,130
1767391200005,2346,1767391428975,4318.870000000000,4319.030000000000,4
1767391200005,2347,1767391428993,4318.860000000000,4319.030000000000,130
1767391200005,2348,1767391429025,4318.860000000000,4319.010000000000,4
1767391200005,2349,1767391429195,4318.880000000000,4319.010000000000,130
1767391200005,2350,1767391429226,4318.880000000000,4319.020000000000,4
1767391200005,2351,1767391429295,4318.840000000000,4319.020000000000,130
1767391200005,2352,1767391429759,4318.880000000000,4319.020000000000,130
1767391200005,2353,1767391429779,4319.010000000000,4319.150000000000,134
1767391200005,2354,1767391429825,4319.060000000000,4319.150000000000,130
1767391200005,2355,1767391429858,4319.060000000000,4319.260000000000,4
1767391200005,2356,1767391429925,4319.070000000000,4319.270000000000,134
1767391200005,2357,1767391429975,4319.060000000000,4319.260000000000,134
1767391200005,2358,1767391430835,4319.050000000000,4319.250000000000,134
1767391200005,2359,1767391430886,4319.070000000000,4319.270000000000,134
1767391200005,2360,1767391430932,4319.080000000000,4319.280000000000,134
1767391200005,2361,1767391431034,4319.100000000000,4319.280000000000,130
1767391200005,2362,1767391431130,4319.100000000000,4319.270000000000,4
1767391200005,2363,1767391431228,4319.100000000000,4319.260000000000,4
1767391200005,2364,1767391431235,4319.090000000000,4319.260000000000,130
1767391200005,2365,1767391431282,4319.260000000000,4319.360000000000,134
1767391200005,2366,1767391431334,4319.200000000000,4319.360000000000,130
1767391200005,2367,1767391431338,4319.220000000000,4319.400000000000,134
1767391200005,2368,1767391431385,4319.220000000000,4319.410000000000,4
1767391200005,2369,1767391431437,4319.220000000000,4319.420000000000,4
1767391200005,2370,1767391431578,4319.230000000000,4319.430000000000,134
1767391200005,2371,1767391431627,4319.220000000000,4319.420000000000,134
1767391200005,2372,1767391431731,4319.250000000000,4319.450000000000,134
1767391200005,2373,1767391431779,4319.380000000000,4319.450000000000,130
1767391200005,2374,1767391431784,4319.380000000000,4319.540000000000,4
1767391200005,2375,1767391431880,4319.370000000000,4319.540000000000,130
1767391200005,2376,1767391431881,4319.370000000000,4319.520000000000,4
1767391200005,2377,1767391431929,4319.370000000000,4319.490000000000,4
1767391200005,2378,1767391431980,4319.370000000000,4319.460000000000,4
1767391200005,2379,1767391431981,4319.270000000000,4319.460000000000,130
1767391200005,2380,1767391432030,4319.270000000000,4319.450000000000,4
1767391200005,2381,1767391432081,4319.250000000000,4319.450000000000,130
1767391200005,2382,1767391432555,4319.270000000000,4319.450000000000,130
1767391200005,2383,1767391432579,4319.350000000000,4319.540000000000,134
1767391200005,2384,1767391432630,4319.330000000000,4319.530000000000,134
1767391200005,2385,1767391432662,4319.390000000000,4319.530000000000,130
1767391200005,2386,1767391432680,4319.390000000000,4319.540000000000,4
1767391200005,2387,1767391432765,4319.340000000000,4319.540000000000,130
1767391200005,2388,1767391432964,4319.350000000000,4319.540000000000,130
1767391200005,2389,1767391433248,4319.370000000000,4319.540000000000,130
1767391200005,2390,1767391433283,4319.370000000000,4319.550000000000,4
1767391200005,2391,1767391433331,4319.380000000000,4319.580000000000,134
1767391200005,2392,1767391433348,4319.400000000000,4319.580000000000,130
1767391200005,2393,1767391433383,4319.400000000000,4319.550000000000,4
1767391200005,2394,1767391433433,4319.400000000000,4319.540000000000,4
1767391200005,2395,1767391433447,4319.350000000000,4319.540000000000,130
1767391200005,2396,1767391433588,4319.350000000000,4319.550000000000,4
1767391200005,2397,1767391433649,4319.360000000000,4319.550000000000,130
1767391200005,2398,1767391433732,4319.370000000000,4319.570000000000,134
1767391200005,2399,1767391433785,4319.440000000000,4319.630000000000,134
1767391200005,2400,1767391433837,4319.450000000000,4319.630000000000,130
1767391200005,2401,1767391433850,4319.450000000000,4319.650000000000,4
1767391200005,2402,1767391433982,4319.430000000000,4319.630000000000,134
1767391200005,2403,1767391434184,4319.450000000000,4319.650000000000,134
1767391200005,2404,1767391434240,4319.460000000000,4319.660000000000,134
1767391200005,2405,1767391434708,4319.500000000000,4319.660000000000,130
1767391200005,2406,1767391434737,4319.530000000000,4319.730000000000,134
1767391200005,2407,1767391434787,4319.500000000000,4319.660000000000,134
1767391200005,2408,1767391434804,4319.480000000000,4319.660000000000,130
1767391200005,2409,1767391435004,4319.460000000000,4319.660000000000,130
1767391200005,2410,1767391435260,4319.520000000000,4319.660000000000,130
1767391200005,2411,1767391435287,4319.800000000000,4319.840000000000,134
1767391200005,2412,1767391435360,4319.840000000000,4320.040000000000,134
1767391200005,2413,1767391435390,4319.830000000000,4320.030000000000,134
1767391200005,2414,1767391435459,4319.860000000000,4320.030000000000,130
1767391200005,2415,1767391435487,4319.860000000000,4320.010000000000,4
1767391200005,2416,1767391435536,4319.860000000000,4319.940000000000,4
1767391200005,2417,1767391435560,4319.770000000000,4319.940000000000,130
1767391200005,2418,1767391435660,4319.740000000000,4319.940000000000,130
1767391200005,2419,1767391435736,4319.750000000000,4319.950000000000,134
1767391200005,2420,1767391435785,4319.800000000000,4320.000000000000,134
1767391200005,2421,1767391435837,4319.840000000000,4320.010000000000,134
1767391200005,2422,1767391435879,4319.840000000000,4320.040000000000,4
1767391200005,2423,1767391435987,4319.820000000000,4319.930000000000,134
1767391200005,2424,1767391436036,4319.820000000000,4319.950000000000,4
1767391200005,2425,1767391436082,4319.790000000000,4319.950000000000,130
1767391200005,2426,1767391436088,4319.790000000000,4319.970000000000,4
1767391200005,2427,1767391436139,4319.790000000000,4319.980000000000,4
1767391200005,2428,1767391436182,4319.780000000000,4319.980000000000,130
1767391200005,2429,1767391436190,4319.770000000000,4319.970000000000,134
1767391200005,2430,1767391436239,4319.770000000000,4319.950000000000,4
1767391200005,2431,1767391436283,4319.760000000000,4319.950000000000,130
1767391200005,2432,1767391436336,4319.770000000000,4319.970000000000,134
1767391200005,2433,1767391436383,4319.790000000000,4319.970000000000,130
1767391200005,2434,1767391436484,4319.820000000000,4319.970000000000,130
1767391200005,2435,1767391436486,4319.840000000000,4320.040000000000,134
1767391200005,2436,1767391436584,4319.850000000000,4320.040000000000,130
1767391200005,2437,1767391436585,4319.850000000000,4320.050000000000,4
1767391200005,2438,1767391436684,4319.870000000000,4320.050000000000,130
1767391200005,2439,1767391436785,4319.860000000000,4320.050000000000,130
1767391200005,2440,1767391436937,4319.860000000000,4320.060000000000,4
1767391200005,2441,1767391437437,4319.850000000000,4320.050000000000,134
1767391200005,2442,1767391437537,4319.860000000000,4320.060000000000,134
1767391200005,2443,1767391437740,4319.850000000000,4320.050000000000,134
1767391200005,2444,1767391437839,4319.860000000000,4320.060000000000,134
1767391200005,2445,1767391438437,4319.850000000000,4320.050000000000,134
1767391200005,2446,1767391438692,4319.930000000000,4320.090000000000,134
1767391200005,2447,1767391438696,4319.930000000000,4320.130000000000,4
1767391200005,2448,1767391438744,4319.920000000000,4320.120000000000,134
1767391200005,2449,1767391438793,4319.950000000000,4320.150000000000,134
1767391200005,2450,1767391438891,4319.950000000000,4320.070000000000,4
1767391200005,2451,1767391438897,4319.910000000000,4320.070000000000,130
1767391200005,2452,1767391438940,4319.910000000000,4320.010000000000,4
1767391200005,2453,1767391438997,4319.820000000000,4320.010000000000,130
1767391200005,2454,1767391439040,4319.840000000000,4320.040000000000,134
1767391200005,2455,1767391439092,4319.820000000000,4319.990000000000,134
1767391200005,2456,1767391439097,4319.790000000000,4319.990000000000,130
1767391200005,2457,1767391439146,4319.770000000000,4319.940000000000,134
1767391200005,2458,1767391439199,4319.740000000000,4319.940000000000,130
1767391200005,2459,1767391439290,4319.740000000000,4319.930000000000,4
1767391200005,2460,1767391439298,4319.730000000000,4319.930000000000,130
1767391200005,2461,1767391439447,4319.740000000000,4319.940000000000,134
1767391200005,2462,1767391439891,4319.730000000000,4319.930000000000,134
1767391200005,2463,1767391439941,4319.740000000000,4319.940000000000,134
1767391200005,2464,1767391439992,4319.750000000000,4319.950000000000,134
1767391200005,2465,1767391440062,4319.750000000000,4319.950000000000,130
1767391200005,2466,1767391440092,4319.720000000000,4319.910000000000,134
1767391200005,2467,1767391440162,4319.710000000000,4319.910000000000,130
1767391200005,2468,1767391440197,4319.740000000000,4319.940000000000,134
1767391200005,2469,1767391440297,4319.730000000000,4319.930000000000,134
1767391200005,2470,1767391440593,4319.760000000000,4319.960000000000,134
1767391200005,2471,1767391440642,4319.750000000000,4319.950000000000,134
1767391200005,2472,1767391441245,4319.760000000000,4319.960000000000,134
1767391200005,2473,1767391441400,4319.930000000000,4319.970000000000,134
1767391200005,2474,1767391441402,4320.020000000000,4320.200000000000,134
1767391200005,2475,1767391441458,4320.070000000000,4320.200000000000,130
1767391200005,2476,1767391441500,4320.070000000000,4320.270000000000,4
1767391200005,2477,1767391441502,4320.060000000000,4320.260000000000,134
1767391200005,2478,1767391441549,4320.050000000000,4320.230000000000,134
1767391200005,2479,1767391441602,4320.030000000000,4320.230000000000,130
1767391200005,2480,1767391441647,4320.060000000000,4320.230000000000,130
1767391200005,2481,1767391441702,4320.060000000000,4320.260000000000,4
1767391200005,2482,1767391441846,4320.050000000000,4320.250000000000,134
1767391200005,2483,1767391441904,4320.060000000000,4320.250000000000,130
1767391200005,2484,1767391441949,4320.060000000000,4320.230000000000,4
1767391200005,2485,1767391442003,4320.030000000000,4320.230000000000,130
1767391200005,2486,1767391442051,4320.050000000000,4320.250000000000,134
1767391200005,2487,1767391442100,4320.110000000000,4320.280000000000,134
1767391200005,2488,1767391442105,4320.110000000000,4320.310000000000,4
1767391200005,2489,1767391442345,4320.120000000000,4320.320000000000,134
1767391200005,2490,1767391442449,4320.110000000000,4320.310000000000,134
1767391200005,2491,1767391442497,4320.090000000000,4320.150000000000,134
1767391200005,2492,1767391442546,4320.090000000000,4320.230000000000,4
1767391200005,2493,1767391442546,4320.060000000000,4320.230000000000,130
1767391200005,2494,1767391442647,4320.060000000000,4320.220000000000,4
1767391200005,2495,1767391442647,4320.030000000000,4320.220000000000,130
1767391200005,2496,1767391442898,4320.030000000000,4320.230000000000,4
1767391200005,2497,1767391442945,4320.030000000000,4320.220000000000,4
1767391200005,2498,1767391442969,4320.020000000000,4320.220000000000,130
1767391200005,2499,1767391443047,4320.010000000000,4320.140000000000,134
1767391200005,2500,1767391443069,4319.940000000000,4320.140000000000,130
1767391200005,2501,1767391443100,4319.950000000000,4320.150000000000,134
1767391200005,2502,1767391443148,4320.040000000000,4320.180000000000,134
1767391200005,2503,1767391443169,4320.040000000000,4320.240000000000,4
1767391200005,2504,1767391443246,4320.030000000000,4320.230000000000,134
1767391200005,2505,1767391443298,4320.120000000000,4320.300000000000,134
1767391200005,2506,1767391443346,4320.110000000000,4320.300000000000,130
1767391200005,2507,1767391443373,4320.110000000000,4320.310000000000,4
1767391200005,2508,1767391443449,4320.090000000000,4320.250000000000,134
1767391200005,2509,1767391443498,4320.110000000000,4320.310000000000,134
1767391200005,2510,1767391444085,4320.110000000000,4320.280000000000,4
1767391200005,2511,1767391444100,4320.100000000000,4320.280000000000,130
1767391200005,2512,1767391444153,4320.110000000000,4320.280000000000,130
1767391200005,2513,1767391444185,4320.110000000000,4320.310000000000,4
1767391200005,2514,1767391444400,4320.090000000000,4320.290000000000,134
1767391200005,2515,1767391444451,4320.100000000000,4320.300000000000,134
1767391200005,2516,1767391444651,4320.110000000000,4320.310000000000,134
1767391200005,2517,1767391444749,4320.120000000000,4320.320000000000,134
1767391200005,2518,1767391444804,4320.110000000000,4320.310000000000,134
1767391200005,2519,1767391444848,4320.090000000000,4320.130000000000,134
1767391200005,2520,1767391444852,4319.850000000000,4320.050000000000,134
1767391200005,2521,1767391444951,4319.860000000000,4320.060000000000,134
1767391200005,2522,1767391445051,4319.850000000000,4320.050000000000,134
1767391200005,2523,1767391445102,4319.860000000000,4320.060000000000,134
1767391200005,2524,1767391445201,4319.910000000000,4320.100000000000,134
1767391200005,2525,1767391445251,4319.930000000000,4320.110000000000,134
1767391200005,2526,1767391445255,4319.950000000000,4320.150000000000,134
1767391200005,2527,1767391445305,4319.970000000000,4320.170000000000,134
1767391200005,2528,1767391445351,4319.950000000000,4320.150000000000,134
1767391200005,2529,1767391445402,4319.960000000000,4320.160000000000,134
1767391200005,2530,1767391445452,4319.970000000000,4320.170000000000,134
1767391200005,2531,1767391445708,4319.960000000000,4320.160000000000,134
1767391200005,2532,1767391445757,4319.970000000000,4320.170000000000,134
1767391200005,2533,1767391445809,4320.030000000000,4320.220000000000,134
1767391200005,2534,1767391445856,4320.040000000000,4320.220000000000,130
1767391200005,2535,1767391445883,4320.040000000000,4320.240000000000,4
1767391200005,2536,1767391445908,4320.030000000000,4320.200000000000,134
1767391200005,2537,1767391445986,4320.000000000000,4320.190000000000,134
1767391200005,2538,1767391446007,4319.960000000000,4320.160000000000,134
1767391200005,2539,1767391446086,4319.970000000000,4320.160000000000,130
1767391200005,2540,1767391446108,4319.970000000000,4320.170000000000,4
1767391200005,2541,1767391446155,4319.970000000000,4320.150000000000,4
1767391200005,2542,1767391446187,4319.980000000000,4320.150000000000,130
1767391200005,2543,1767391446287,4319.950000000000,4320.150000000000,130
1767391200005,2544,1767391446306,4319.960000000000,4320.160000000000,134
1767391200005,2545,1767391446357,4319.950000000000,4320.150000000000,134
1767391200005,2546,1767391446389,4319.960000000000,4320.150000000000,130
1767391200005,2547,1767391446606,4319.960000000000,4320.140000000000,4
1767391200005,2548,1767391446656,4319.960000000000,4320.150000000000,4
1767391200005,2549,1767391446688,4319.950000000000,4320.150000000000,130
1767391200005,2550,1767391446906,4319.970000000000,4320.170000000000,134
1767391200005,2551,1767391447659,4319.930000000000,4320.100000000000,134
1767391200005,2552,1767391447714,4319.900000000000,4320.100000000000,130
1767391200005,2553,1767391447758,4319.920000000000,4320.120000000000,134
1767391200005,2554,1767391448008,4319.900000000000,4320.100000000000,134
1767391200005,2555,1767391448063,4319.910000000000,4320.110000000000,134
1767391200005,2556,1767391448111,4319.900000000000,4320.090000000000,134
1767391200005,2557,1767391448116,4319.890000000000,4320.090000000000,130
1767391200005,2558,1767391448259,4319.910000000000,4320.110000000000,134
1767391200005,2559,1767391448316,4319.920000000000,4320.110000000000,130
1767391200005,2560,1767391448358,4319.920000000000,4320.120000000000,4
1767391200005,2561,1767391448412,4319.920000000000,4320.110000000000,4
1767391200005,2562,1767391448418,4319.910000000000,4320.110000000000,130
1767391200005,2563,1767391448463,4319.900000000000,4320.100000000000,134
1767391200005,2564,1767391448758,4319.960000000000,4320.120000000000,134
1767391200005,2565,1767391448809,4319.950000000000,4320.120000000000,130
1767391200005,2566,1767391448822,4319.950000000000,4320.150000000000,4
1767391200005,2567,1767391448960,4320.040000000000,4320.190000000000,134
1767391200005,2568,1767391449023,4320.040000000000,4320.240000000000,4
1767391200005,2569,1767391449410,4320.010000000000,4320.140000000000,134
1767391200005,2570,1767391449423,4319.950000000000,4320.140000000000,130
1767391200005,2571,1767391449459,4319.950000000000,4320.150000000000,4
1767391200005,2572,1767391449558,4319.960000000000,4320.160000000000,134
1767391200005,2573,1767391449611,4319.910000000000,4320.090000000000,134
1767391200005,2574,1767391449626,4319.900000000000,4320.090000000000,130
1767391200005,2575,1767391449659,4319.910000000000,4320.110000000000,134
1767391200005,2576,1767391449711,4319.970000000000,4320.170000000000,134
1767391200005,2577,1767391449911,4319.950000000000,4320.110000000000,134
1767391200005,2578,1767391449927,4319.910000000000,4320.110000000000,130
1767391200005,2579,1767391449966,4319.880000000000,4320.080000000000,134
1767391200005,2580,1767391450011,4319.910000000000,4320.110000000000,134
1767391200005,2581,1767391450062,4319.900000000000,4320.100000000000,134
1767391200005,2582,1767391450112,4319.890000000000,4320.090000000000,134
1767391200005,2583,1767391450162,4319.900000000000,4320.100000000000,134
1767391200005,2584,1767391450265,4319.910000000000,4320.110000000000,134
1767391200005,2585,1767391450530,4319.940000000000,4320.110000000000,130
1767391200005,2586,1767391450560,4319.940000000000,4320.120000000000,4
1767391200005,2587,1767391450611,4319.940000000000,4320.110000000000,4
1767391200005,2588,1767391450630,4319.910000000000,4320.110000000000,130
1767391200005,2589,1767391450660,4319.910000000000,4320.090000000000,4
1767391200005,2590,1767391450729,4319.900000000000,4320.090000000000,130
1767391200005,2591,1767391450768,4319.900000000000,4320.100000000000,4
1767391200005,2592,1767391450978,4319.910000000000,4320.100000000000,130
1767391200005,2593,1767391451010,4319.910000000000,4320.110000000000,4
1767391200005,2594,1767391451161,4319.920000000000,4320.120000000000,134
1767391200005,2595,1767391452018,4319.910000000000,4320.110000000000,134
1767391200005,2596,1767391452160,4319.920000000000,4320.120000000000,134
1767391200005,2597,1767391452190,4319.950000000000,4320.120000000000,130
1767391200005,2598,1767391452212,4319.950000000000,4320.150000000000,4
1767391200005,2599,1767391452261,4320.040000000000,4320.220000000000,134
1767391200005,2600,1767391452289,4320.040000000000,4320.240000000000,4
1767391200005,2601,1767391452313,4320.050000000000,4320.250000000000,134
1767391200005,2602,1767391452361,4320.030000000000,4320.230000000000,134
1767391200005,2603,1767391453962,4320.130000000000,4320.290000000000,134
1767391200005,2604,1767391454038,4320.130000000000,4320.330000000000,4
1767391200005,2605,1767391454315,4320.180000000000,4320.360000000000,134
1767391200005,2606,1767391454341,4320.180000000000,4320.380000000000,4
1767391200005,2607,1767391454364,4320.190000000000,4320.380000000000,130
1767391200005,2608,1767391454442,4320.190000000000,4320.390000000000,4
1767391200005,2609,1767391454476,4320.180000000000,4320.380000000000,134
1767391200005,2610,1767391454515,4320.190000000000,4320.390000000000,134
1767391200005,2611,1767391455017,4320.180000000000,4320.380000000000,134
1767391200005,2612,1767391455216,4320.190000000000,4320.390000000000,134
1767391200005,2613,1767391455317,4320.170000000000,4320.370000000000,134
1767391200005,2614,1767391455342,4320.220000000000,4320.370000000000,130
1767391200005,2615,1767391455367,4320.220000000000,4320.380000000000,4
1767391200005,2616,1767391455420,4320.230000000000,4320.430000000000,134
1767391200005,2617,1767391455516,4320.230000000000,4320.420000000000,4
1767391200005,2618,1767391455569,4320.250000000000,4320.450000000000,134
1767391200005,2619,1767391455619,4320.230000000000,4320.320000000000,134
1767391200005,2620,1767391455648,4320.120000000000,4320.320000000000,130
1767391200005,2621,1767391455667,4320.160000000000,4320.360000000000,134
1767391200005,2622,1767391455748,4320.170000000000,4320.360000000000,130
1767391200005,2623,1767391455814,4320.170000000000,4320.370000000000,4
1767391200005,2624,1767391455848,4320.200000000000,4320.370000000000,130
1767391200005,2625,1767391455949,4320.210000000000,4320.370000000000,130
1767391200005,2626,1767391455969,4320.210000000000,4320.380000000000,4
1767391200005,2627,1767391456020,4320.210000000000,4320.400000000000,4
1767391200005,2628,1767391456050,4320.200000000000,4320.400000000000,130
1767391200005,2629,1767391456070,4320.200000000000,4320.390000000000,4
1767391200005,2630,1767391456149,4320.190000000000,4320.390000000000,130
1767391200005,2631,1767391456220,4320.260000000000,4320.460000000000,134
1767391200005,2632,1767391456250,4320.280000000000,4320.460000000000,130
1767391200005,2633,1767391456276,4320.280000000000,4320.440000000000,4
1767391200005,2634,1767391456326,4320.280000000000,4320.480000000000,4
1767391200005,2635,1767391456375,4320.280000000000,4320.390000000000,4
1767391200005,2636,1767391456470,4320.210000000000,4320.390000000000,130
1767391200005,2637,1767391456470,4320.190000000000,4320.390000000000,130
1767391200005,2638,1767391456552,4320.210000000000,4320.390000000000,130
1767391200005,2639,1767391456748,4320.240000000000,4320.390000000000,130
1767391200005,2640,1767391456782,4320.250000000000,4320.450000000000,134
1767391200005,2641,1767391456825,4320.280000000000,4320.480000000000,134
1767391200005,2642,1767391456875,4320.290000000000,4320.490000000000,134
1767391200005,2643,1767391456922,4320.260000000000,4320.460000000000,134
1767391200005,2644,1767391456945,4320.270000000000,4320.460000000000,130
1767391200005,2645,1767391457048,4320.280000000000,4320.460000000000,130
1767391200005,2646,1767391457277,4320.430000000000,4320.550000000000,134
1767391200005,2647,1767391457323,4320.360000000000,4320.550000000000,130
1767391200005,2648,1767391457336,4320.360000000000,4320.560000000000,4
1767391200005,2649,1767391457376,4320.360000000000,4320.540000000000,4
1767391200005,2650,1767391457538,4320.340000000000,4320.540000000000,130
1767391200005,2651,1767391457577,4320.350000000000,4320.550000000000,134
1767391200005,2652,1767391457673,4320.330000000000,4320.490000000000,134
1767391200005,2653,1767391457722,4320.330000000000,4320.480000000000,4
1767391200005,2654,1767391457741,4320.310000000000,4320.480000000000,130
1767391200005,2655,1767391457841,4320.280000000000,4320.480000000000,130
1767391200005,2656,1767391457872,4320.330000000000,4320.530000000000,134
1767391200005,2657,1767391457922,4320.350000000000,4320.550000000000,134
1767391200005,2658,1767391457943,4320.380000000000,4320.550000000000,130
1767391200005,2659,1767391458042,4320.350000000000,4320.550000000000,130
1767391200005,2660,1767391458627,4320.320000000000,4320.480000000000,134
1767391200005,2661,1767391458675,4320.320000000000,4320.470000000000,4
1767391200005,2662,1767391458695,4320.310000000000,4320.470000000000,130
1767391200005,2663,1767391458775,4320.310000000000,4320.490000000000,4
1767391200005,2664,1767391458795,4320.290000000000,4320.490000000000,130
1767391200005,2665,1767391458825,4320.290000000000,4320.470000000000,4
1767391200005,2666,1767391458896,4320.300000000000,4320.470000000000,130
1767391200005,2667,1767391458977,4320.300000000000,4320.490000000000,4
1767391200005,2668,1767391458997,4320.320000000000,4320.490000000000,130
1767391200005,2669,1767391459025,4320.400000000000,4320.590000000000,134
1767391200005,2670,1767391459097,4320.410000000000,4320.600000000000,134
1767391200005,2671,1767391459197,4320.400000000000,4320.600000000000,130
1767391200005,2672,1767391459227,4320.330000000000,4320.530000000000,134
1767391200005,2673,1767391459275,4320.330000000000,4320.470000000000,4
1767391200005,2674,1767391459298,4320.290000000000,4320.470000000000,130
1767391200005,2675,1767391459325,4320.290000000000,4320.460000000000,4
1767391200005,2676,1767391459397,4320.280000000000,4320.460000000000,130
1767391200005,2677,1767391459500,4320.310000000000,4320.460000000000,130
1767391200005,2678,1767391459528,4320.310000000000,4320.450000000000,4
1767391200005,2679,1767391459598,4320.250000000000,4320.450000000000,130
1767391200005,2680,1767391459679,4320.250000000000,4320.420000000000,4
1767391200005,2681,1767391459700,4320.300000000000,4320.420000000000,130
1767391200005,2682,1767391459730,4320.300000000000,4320.450000000000,4
1767391200005,2683,1767391459778,4320.300000000000,4320.460000000000,4
1767391200005,2684,1767391459800,4320.260000000000,4320.460000000000,130
1767391200005,2685,1767391460029,4320.250000000000,4320.430000000000,134
1767391200005,2686,1767391460080,4320.250000000000,4320.420000000000,4
1767391200005,2687,1767391460112,4320.230000000000,4320.420000000000,130
1767391200005,2688,1767391460129,4320.230000000000,4320.410000000000,4
1767391200005,2689,1767391460179,4320.230000000000,4320.420000000000,4
1767391200005,2690,1767391460213,4320.220000000000,4320.420000000000,130
1767391200005,2691,1767391460280,4320.240000000000,4320.440000000000,134
1767391200005,2692,1767391460314,4320.260000000000,4320.440000000000,130
1767391200005,2693,1767391460545,4320.250000000000,4320.440000000000,130
1767391200005,2694,1767391460780,4320.260000000000,4320.460000000000,134
1767391200005,2695,1767391460879,4320.260000000000,4320.430000000000,4
1767391200005,2696,1767391460929,4320.260000000000,4320.450000000000,4
1767391200005,2697,1767391460976,4320.270000000000,4320.450000000000,130
1767391200005,2698,1767391461030,4320.270000000000,4320.420000000000,4
1767391200005,2699,1767391461078,4320.220000000000,4320.420000000000,130
1767391200005,2700,1767391461139,4320.200000000000,4320.400000000000,134
1767391200005,2701,1767391461179,4320.190000000000,4320.390000000000,134
1767391200005,2702,1767391461477,4320.200000000000,4320.400000000000,134
1767391200005,2703,1767391461534,4320.340000000000,4320.450000000000,134
1767391200005,2704,1767391461534,4320.340000000000,4320.540000000000,4
1767391200005,2705,1767391461578,4320.330000000000,4320.530000000000,134
1767391200005,2706,1767391461630,4320.340000000000,4320.540000000000,134
1767391200005,2707,1767391461679,4320.350000000000,4320.550000000000,134
1767391200005,2708,1767391461780,4320.330000000000,4320.530000000000,134
1767391200005,2709,1767391461833,4320.320000000000,4320.520000000000,134
1767391200005,2710,1767391461878,4320.310000000000,4320.510000000000,134
1767391200005,2711,1767391462131,4320.330000000000,4320.510000000000,130
1767391200005,2712,1767391462180,4320.330000000000,4320.500000000000,4
1767391200005,2713,1767391462330,4320.330000000000,4320.510000000000,4
1767391200005,2714,1767391462437,4320.320000000000,4320.510000000000,130
1767391200005,2715,1767391462480,4320.320000000000,4320.520000000000,4
1767391200005,2716,1767391462630,4320.320000000000,4320.500000000000,4
1767391200005,2717,1767391462957,4320.300000000000,4320.500000000000,130
1767391200005,2718,1767391462983,4320.380000000000,4320.560000000000,134
1767391200005,2719,1767391463057,4320.380000000000,4320.580000000000,4
1767391200005,2720,1767391463086,4320.360000000000,4320.530000000000,134
1767391200005,2721,1767391463157,4320.330000000000,4320.530000000000,130
1767391200005,2722,1767391464285,4320.270000000000,4320.460000000000,134
1767391200005,2723,1767391464334,4320.270000000000,4320.450000000000,4
1767391200005,2724,1767391464375,4320.250000000000,4320.450000000000,130
1767391200005,2725,1767391464385,4320.260000000000,4320.460000000000,134
1767391200005,2726,1767391464434,4320.280000000000,4320.480000000000,134
1767391200005,2727,1767391464475,4320.290000000000,4320.480000000000,130
1767391200005,2728,1767391464576,4320.280000000000,4320.480000000000,130
1767391200005,2729,1767391464676,4320.310000000000,4320.480000000000,130
1767391200005,2730,1767391464785,4320.310000000000,4320.500000000000,4
1767391200005,2731,1767391464843,4320.310000000000,4320.490000000000,4
1767391200005,2732,1767391465019,4320.290000000000,4320.490000000000,130
1767391200005,2733,1767391465421,4320.300000000000,4320.490000000000,130
1767391200005,2734,1767391465436,4320.310000000000,4320.510000000000,134
1767391200005,2735,1767391465586,4320.310000000000,4320.490000000000,4
1767391200005,2736,1767391465685,4320.310000000000,4320.500000000000,4
1767391200005,2737,1767391465723,4320.300000000000,4320.500000000000,130
1767391200005,2738,1767391465736,4320.310000000000,4320.510000000000,134
1767391200005,2739,1767391466188,4320.290000000000,4320.490000000000,134
1767391200005,2740,1767391466285,4320.310000000000,4320.490000000000,130
1767391200005,2741,1767391466386,4320.290000000000,4320.490000000000,130
1767391200005,2742,1767391466487,4320.300000000000,4320.500000000000,134
1767391200005,2743,1767391466647,4320.290000000000,4320.490000000000,134
1767391200005,2744,1767391467787,4320.300000000000,4320.500000000000,134
1767391200005,2745,1767391467794,4320.330000000000,4320.500000000000,130
1767391200005,2746,1767391467839,4320.360000000000,4320.560000000000,134
1767391200005,2747,1767391469691,4320.330000000000,4320.420000000000,134
1767391200005,2748,1767391469735,4320.220000000000,4320.420000000000,130
1767391200005,2749,1767391469741,4320.190000000000,4320.380000000000,134
1767391200005,2750,1767391469791,4320.190000000000,4320.370000000000,4
1767391200005,2751,1767391469835,4320.170000000000,4320.370000000000,130
1767391200005,2752,1767391470036,4320.180000000000,4320.370000000000,130
1767391200005,2753,1767391470039,4320.180000000000,4320.380000000000,4
1767391200005,2754,1767391470091,4320.080000000000,4320.120000000000,134
1767391200005,2755,1767391470137,4319.810000000000,4320.010000000000,134
1767391200005,2756,1767391470143,4319.790000000000,4319.930000000000,134
1767391200005,2757,1767391470195,4319.680000000000,4319.720000000000,134
1767391200005,2758,1767391470239,4319.570000000000,4319.610000000000,134
1767391200005,2759,1767391470248,4319.570000000000,4319.730000000000,4
1767391200005,2760,1767391470296,4319.570000000000,4319.740000000000,4
1767391200005,2761,1767391470339,4319.540000000000,4319.740000000000,130
1767391200005,2762,1767391470343,4319.540000000000,4319.730000000000,4
1767391200005,2763,1767391470392,4319.540000000000,4319.720000000000,4
1767391200005,2764,1767391470439,4319.570000000000,4319.720000000000,130
1767391200005,2765,1767391470440,4319.570000000000,4319.740000000000,4
1767391200005,2766,1767391470496,4319.570000000000,4319.760000000000,4
1767391200005,2767,1767391470541,4319.570000000000,4319.750000000000,4
1767391200005,2768,1767391470590,4319.570000000000,4319.760000000000,4
1767391200005,2769,1767391470640,4319.570000000000,4319.750000000000,4
1767391200005,2770,1767391470690,4319.570000000000,4319.760000000000,4
1767391200005,2771,1767391470743,4319.570000000000,4319.740000000000,4
1767391200005,2772,1767391470841,4319.550000000000,4319.740000000000,130
1767391200005,2773,1767391470941,4319.560000000000,4319.740000000000,130
1767391200005,2774,1767391470995,4319.560000000000,4319.750000000000,4
1767391200005,2775,1767391471041,4319.570000000000,4319.750000000000,130
1767391200005,2776,1767391471142,4319.550000000000,4319.750000000000,130
1767391200005,2777,1767391471145,4319.530000000000,4319.710000000000,134
1767391200005,2778,1767391471242,4319.530000000000,4319.680000000000,4
1767391200005,2779,1767391471249,4319.520000000000,4319.680000000000,130
1767391200005,2780,1767391471343,4319.480000000000,4319.680000000000,130
1767391200005,2781,1767391471343,4319.470000000000,4319.660000000000,134
1767391200005,2782,1767391471393,4319.470000000000,4319.670000000000,4
1767391200005,2783,1767391471496,4319.450000000000,4319.640000000000,134
1767391200005,2784,1767391471693,4319.450000000000,4319.650000000000,4
1767391200005,2785,1767391471931,4319.460000000000,4319.650000000000,130
1767391200005,2786,1767391472106,4319.450000000000,4319.650000000000,130
1767391200005,2787,1767391472148,4319.450000000000,4319.640000000000,4
1767391200005,2788,1767391472245,4319.450000000000,4319.620000000000,4
1767391200005,2789,1767391472293,4319.450000000000,4319.610000000000,4
1767391200005,2790,1767391472309,4319.430000000000,4319.610000000000,130
1767391200005,2791,1767391472344,4319.430000000000,4319.620000000000,4
1767391200005,2792,1767391472393,4319.430000000000,4319.610000000000,4
1767391200005,2793,1767391472408,4319.450000000000,4319.610000000000,130
1767391200005,2794,1767391472449,4319.460000000000,4319.660000000000,134
1767391200005,2795,1767391472548,4319.450000000000,4319.650000000000,134
1767391200005,2796,1767391472612,4319.460000000000,4319.650000000000,130
1767391200005,2797,1767391472720,4319.470000000000,4319.650000000000,130
1767391200005,2798,1767391472742,4319.470000000000,4319.640000000000,4
1767391200005,2799,1767391472792,4319.470000000000,4319.650000000000,4
1767391200005,2800,1767391472820,4319.570000000000,4319.650000000000,130
1767391200005,2801,1767391472845,4319.570000000000,4319.680000000000,4
1767391200005,2802,1767391472893,4319.570000000000,4319.700000000000,4
1767391200005,2803,1767391472923,4319.530000000000,4319.700000000000,130
1767391200005,2804,1767391472946,4319.530000000000,4319.690000000000,4
1767391200005,2805,1767391472993,4319.530000000000,4319.680000000000,4
1767391200005,2806,1767391473021,4319.500000000000,4319.680000000000,130
1767391200005,2807,1767391473128,4319.510000000000,4319.680000000000,130
1767391200005,2808,1767391473284,4319.490000000000,4319.680000000000,130
1767391200005,2809,1767391473385,4319.500000000000,4319.680000000000,130
1767391200005,2810,1767391473392,4319.500000000000,4319.690000000000,4
1767391200005,2811,1767391473484,4319.510000000000,4319.690000000000,130
1767391200005,2812,1767391473746,4319.510000000000,4319.700000000000,4
1767391200005,2813,1767391473796,4319.510000000000,4319.690000000000,4
1767391200005,2814,1767391473814,4319.490000000000,4319.690000000000,130
1767391200005,2815,1767391473846,4319.490000000000,4319.680000000000,4
1767391200005,2816,1767391473916,4319.500000000000,4319.680000000000,130
1767391200005,2817,1767391473949,4319.500000000000,4319.660000000000,4
1767391200005,2818,1767391474096,4319.500000000000,4319.670000000000,4
1767391200005,2819,1767391474443,4319.500000000000,4319.660000000000,4
1767391200005,2820,1767391474553,4319.490000000000,4319.660000000000,130
1767391200005,2821,1767391474644,4319.510000000000,4319.710000000000,134
1767391200005,2822,1767391474659,4319.570000000000,4319.710000000000,130
1767391200005,2823,1767391474745,4319.570000000000,4319.690000000000,4
1767391200005,2824,1767391474761,4319.540000000000,4319.690000000000,130
1767391200005,2825,1767391474794,4319.540000000000,4319.680000000000,4
1767391200005,2826,1767391474862,4319.490000000000,4319.680000000000,130
1767391200005,2827,1767391474899,4319.490000000000,4319.660000000000,4
1767391200005,2828,1767391474950,4319.490000000000,4319.670000000000,4
1767391200005,2829,1767391474960,4319.520000000000,4319.670000000000,130
1767391200005,2830,1767391475049,4319.520000000000,4319.680000000000,4
1767391200005,2831,1767391475100,4319.520000000000,4319.670000000000,4
1767391200005,2832,1767391475151,4319.520000000000,4319.660000000000,4
1767391200005,2833,1767391475161,4319.500000000000,4319.660000000000,130
1767391200005,2834,1767391475202,4319.500000000000,4319.700000000000,4
1767391200005,2835,1767391475262,4319.520000000000,4319.700000000000,130
1767391200005,2836,1767391475295,4319.520000000000,4319.680000000000,4
1767391200005,2837,1767391475395,4319.520000000000,4319.670000000000,4
1767391200005,2838,1767391475446,4319.570000000000,4319.770000000000,134
1767391200005,2839,1767391475465,4319.610000000000,4319.770000000000,130
1767391200005,2840,1767391475497,4319.610000000000,4319.720000000000,4
1767391200005,2841,1767391475546,4319.610000000000,4319.700000000000,4
1767391200005,2842,1767391475565,4319.520000000000,4319.700000000000,130
1767391200005,2843,1767391475693,4319.520000000000,4319.710000000000,4
1767391200005,2844,1767391475745,4319.520000000000,4319.700000000000,4
1767391200005,2845,1767391475766,4319.510000000000,4319.700000000000,130
1767391200005,2846,1767391475992,4319.510000000000,4319.710000000000,4
1767391200005,2847,1767391476743,4319.520000000000,4319.710000000000,130
1767391200005,2848,1767391476745,4319.550000000000,4319.750000000000,134
1767391200005,2849,1767391476800,4319.560000000000,4319.760000000000,134
1767391200005,2850,1767391476845,4319.570000000000,4319.770000000000,134
1767391200005,2851,1767391477353,4319.580000000000,4319.780000000000,134
1767391200005,2852,1767391477619,4319.600000000000,4319.780000000000,130
1767391200005,2853,1767391477649,4319.790000000000,4319.870000000000,134
1767391200005,2854,1767391477697,4319.770000000000,4319.870000000000,130
1767391200005,2855,1767391477727,4319.770000000000,4319.970000000000,4
1767391200005,2856,1767391477826,4319.790000000000,4319.970000000000,130
1767391200005,2857,1767391477933,4319.770000000000,4319.970000000000,130
1767391200005,2858,1767391478593,4319.800000000000,4319.970000000000,130
1767391200005,2859,1767391478598,4319.810000000000,4320.010000000000,134
1767391200005,2860,1767391478651,4320.080000000000,4320.120000000000,134
1767391200005,2861,1767391478691,4320.130000000000,4320.330000000000,134
1767391200005,2862,1767391478699,4320.120000000000,4320.320000000000,134
1767391200005,2863,1767391478749,4320.140000000000,4320.340000000000,134
1767391200005,2864,1767391478799,4320.130000000000,4320.330000000000,134
1767391200005,2865,1767391478900,4320.120000000000,4320.320000000000,134
1767391200005,2866,1767391479000,4320.100000000000,4320.300000000000,134
1767391200005,2867,1767391479570,4320.100000000000,4320.290000000000,4
1767391200005,2868,1767391479606,4320.020000000000,4320.080000000000,134
1767391200005,2869,1767391479654,4319.980000000000,4320.020000000000,134
1767391200005,2870,1767391479668,4319.820000000000,4319.980000000000,134
1767391200005,2871,1767391479702,4319.820000000000,4319.970000000000,4
1767391200005,2872,1767391479767,4319.810000000000,4319.970000000000,130
1767391200005,2873,1767391479802,4319.810000000000,4319.980000000000,4
1767391200005,2874,1767391479869,4319.790000000000,4319.980000000000,130
1767391200005,2875,1767391480607,4319.790000000000,4319.990000000000,4
1767391200005,2876,1767391480654,4319.790000000000,4319.980000000000,4
1767391200005,2877,1767391480707,4319.820000000000,4320.020000000000,134
1767391200005,2878,1767391480753,4319.800000000000,4319.990000000000,134
1767391200005,2879,1767391480822,4319.790000000000,4319.990000000000,130
1767391200005,2880,1767391480855,4319.790000000000,4319.970000000000,4
1767391200005,2881,1767391480904,4319.790000000000,4319.980000000000,4
1767391200005,2882,1767391480963,4319.790000000000,4319.990000000000,4
1767391200005,2883,1767391481004,4319.790000000000,4319.960000000000,4
1767391200005,2884,1767391481023,4319.760000000000,4319.960000000000,130
1767391200005,2885,1767391481053,4319.760000000000,4319.940000000000,4
1767391200005,2886,1767391481338,4319.750000000000,4319.940000000000,130
1767391200005,2887,1767391481362,4319.780000000000,4319.980000000000,134
1767391200005,2888,1767391481415,4319.750000000000,4319.880000000000,134
1767391200005,2889,1767391481447,4319.680000000000,4319.880000000000,130
1767391200005,2890,1767391481466,4319.670000000000,4319.860000000000,134
1767391200005,2891,1767391481515,4319.670000000000,4319.870000000000,4
1767391200005,2892,1767391481547,4319.680000000000,4319.870000000000,130
1767391200005,2893,1767391481649,4319.670000000000,4319.870000000000,130
1767391200005,2894,1767391481661,4319.660000000000,4319.820000000000,134
1767391200005,2895,1767391481715,4319.660000000000,4319.720000000000,4
1767391200005,2896,1767391481752,4319.520000000000,4319.720000000000,130
1767391200005,2897,1767391481759,4319.500000000000,4319.680000000000,134
1767391200005,2898,1767391481817,4319.500000000000,4319.660000000000,4
1767391200005,2899,1767391481910,4319.500000000000,4319.670000000000,4
1767391200005,2900,1767391481949,4319.480000000000,4319.670000000000,130
1767391200005,2901,1767391482150,4319.540000000000,4319.670000000000,130
1767391200005,2902,1767391482161,4319.540000000000,4319.730000000000,4
1767391200005,2903,1767391482252,4319.550000000000,4319.730000000000,130
1767391200005,2904,1767391482409,4319.550000000000,4319.710000000000,4
1767391200005,2905,1767391482463,4319.550000000000,4319.680000000000,4
1767391200005,2906,1767391482473,4319.530000000000,4319.680000000000,130
1767391200005,2907,1767391482653,4319.520000000000,4319.680000000000,130
1767391200005,2908,1767391482658,4319.520000000000,4319.690000000000,4
1767391200005,2909,1767391482753,4319.530000000000,4319.690000000000,130
1767391200005,2910,1767391482959,4319.530000000000,4319.700000000000,4
1767391200005,2911,1767391483309,4319.530000000000,4319.720000000000,4
1767391200005,2912,1767391483364,4319.530000000000,4319.680000000000,4
1767391200005,2913,1767391483408,4319.530000000000,4319.690000000000,4
1767391200005,2914,1767391483460,4319.530000000000,4319.680000000000,4
1767391200005,2915,1767391483507,4319.510000000000,4319.680000000000,130
1767391200005,2916,1767391483565,4319.510000000000,4319.670000000000,4
1767391200005,2917,1767391483609,4319.500000000000,4319.670000000000,130
1767391200005,2918,1767391483612,4319.500000000000,4319.680000000000,4
1767391200005,2919,1767391484311,4319.500000000000,4319.700000000000,4
1767391200005,2920,1767391484361,4319.500000000000,4319.680000000000,4
1767391200005,2921,1767391484385,4319.510000000000,4319.680000000000,130
1767391200005,2922,1767391484412,4319.510000000000,4319.710000000000,4
1767391200005,2923,1767391484484,4319.530000000000,4319.710000000000,130
1767391200005,2924,1767391484561,4319.530000000000,4319.720000000000,4
1767391200005,2925,1767391484583,4319.520000000000,4319.720000000000,130
1767391200005,2926,1767391484611,4319.520000000000,4319.710000000000,4
1767391200005,2927,1767391484663,4319.520000000000,4319.700000000000,4
1767391200005,2928,1767391484684,4319.500000000000,4319.700000000000,130
1767391200005,2929,1767391484760,4319.510000000000,4319.710000000000,134
1767391200005,2930,1767391485163,4319.500000000000,4319.700000000000,134
1767391200005,2931,1767391485429,4319.510000000000,4319.700000000000,130
1767391200005,2932,1767391485529,4319.500000000000,4319.700000000000,130
1767391200005,2933,1767391485639,4319.510000000000,4319.700000000000,130
1767391200005,2934,1767391485664,4319.510000000000,4319.710000000000,4
1767391200005,2935,1767391485761,4319.500000000000,4319.680000000000,134
1767391200005,2936,1767391485848,4319.520000000000,4319.680000000000,130
1767391200005,2937,1767391485863,4319.570000000000,4319.770000000000,134
1767391200005,2938,1767391485919,4319.520000000000,4319.720000000000,134
1767391200005,2939,1767391485963,4319.510000000000,4319.710000000000,134
1767391200005,2940,1767391486415,4319.500000000000,4319.700000000000,134
1767391200005,2941,1767391486465,4319.480000000000,4319.680000000000,134
1767391200005,2942,1767391486514,4319.470000000000,4319.630000000000,134
1767391200005,2943,1767391486563,4319.430000000000,4319.630000000000,130
1767391200005,2944,1767391486565,4319.410000000000,4319.600000000000,134
1767391200005,2945,1767391486665,4319.420000000000,4319.620000000000,134
1767391200005,2946,1767391486721,4319.410000000000,4319.610000000000,134
1767391200005,2947,1767391487365,4319.410000000000,4319.590000000000,4
1767391200005,2948,1767391487398,4319.400000000000,4319.590000000000,130
1767391200005,2949,1767391488736,4319.420000000000,4319.590000000000,130
1767391200005,2950,1767391488770,4319.460000000000,4319.660000000000,134
1767391200005,2951,1767391488869,4319.430000000000,4319.600000000000,134
1767391200005,2952,1767391488943,4319.420000000000,4319.600000000000,130
1767391200005,2953,1767391488967,4319.420000000000,4319.590000000000,4
1767391200005,2954,1767391489046,4319.400000000000,4319.590000000000,130
1767391200005,2955,1767391489146,4319.410000000000,4319.590000000000,130
1767391200005,2956,1767391489247,4319.400000000000,4319.590000000000,130
1767391200005,2957,1767391489543,4319.410000000000,4319.590000000000,130
1767391200005,2958,1767391489649,4319.400000000000,4319.590000000000,130
1767391200005,2959,1767391489670,4319.410000000000,4319.610000000000,134
1767391200005,2960,1767391489718,4319.400000000000,4319.600000000000,134
1767391200005,2961,1767391489748,4319.430000000000,4319.600000000000,130
1767391200005,2962,1767391489769,4319.430000000000,4319.610000000000,4
1767391200005,2963,1767391489849,4319.450000000000,4319.610000000000,130
1767391200005,2964,1767391489982,4319.430000000000,4319.610000000000,130
1767391200005,2965,1767391490080,4319.440000000000,4319.610000000000,130
1767391200005,2966,1767391490183,4319.410000000000,4319.610000000000,130
1767391200005,2967,1767391490421,4319.410000000000,4319.580000000000,4
1767391200005,2968,1767391490683,4319.400000000000,4319.580000000000,130
1767391200005,2969,1767391490784,4319.410000000000,4319.580000000000,130
1767391200005,2970,1767391490920,4319.450000000000,4319.650000000000,134
1767391200005,2971,1767391490970,4319.440000000000,4319.640000000000,134
1767391200005,2972,1767391491509,4319.460000000000,4319.640000000000,130
1767391200005,2973,1767391491523,4319.460000000000,4319.650000000000,4
1767391200005,2974,1767391491609,4319.490000000000,4319.650000000000,130
1767391200005,2975,1767391491771,4319.490000000000,4319.600000000000,4
1767391200005,2976,1767391491815,4319.410000000000,4319.600000000000,130
1767391200005,2977,1767391491823,4319.410000000000,4319.580000000000,4
1767391200005,2978,1767391491879,4319.410000000000,4319.590000000000,4
1767391200005,2979,1767391492070,4319.410000000000,4319.570000000000,4
1767391200005,2980,1767391492111,4319.370000000000,4319.570000000000,130
1767391200005,2981,1767391492120,4319.350000000000,4319.550000000000,134
1767391200005,2982,1767391492175,4319.340000000000,4319.500000000000,134
1767391200005,2983,1767391492212,4319.350000000000,4319.500000000000,130
1767391200005,2984,1767391492227,4319.350000000000,4319.520000000000,4
1767391200005,2985,1767391492271,4319.350000000000,4319.540000000000,4
1767391200005,2986,1767391492322,4319.350000000000,4319.550000000000,4
1767391200005,2987,1767391492372,4319.350000000000,4319.540000000000,4
1767391200005,2988,1767391492413,4319.340000000000,4319.540000000000,130
1767391200005,2989,1767391492427,4319.360000000000,4319.560000000000,134
1767391200005,2990,1767391492513,4319.390000000000,4319.560000000000,130
1767391200005,2991,1767391492525,4319.390000000000,4319.570000000000,4
1767391200005,2992,1767391492614,4319.370000000000,4319.570000000000,130
1767391200005,2993,1767391492772,4319.400000000000,4319.600000000000,134
1767391200005,2994,1767391492814,4319.410000000000,4319.600000000000,130
1767391200005,2995,1767391492821,4319.410000000000,4319.590000000000,4
1767391200005,2996,1767391492872,4319.410000000000,4319.580000000000,4
1767391200005,2997,1767391493016,4319.380000000000,4319.580000000000,130
1767391200005,2998,1767391493023,4319.380000000000,4319.540000000000,4
1767391200005,2999,1767391493117,4319.370000000000,4319.540000000000,130
1767391200005,3000,1767391493121,4319.370000000000,4319.530000000000,4
1767391200005,3001,1767391493222,4319.370000000000,4319.520000000000,4
1767391200005,3002,1767391493367,4319.360000000000,4319.520000000000,130
1767391200005,3003,1767391493424,4319.360000000000,4319.530000000000,4
1767391200005,3004,1767391493821,4319.360000000000,4319.520000000000,4
1767391200005,3005,1767391493872,4319.360000000000,4319.540000000000,4
1767391200005,3006,1767391493882,4319.340000000000,4319.540000000000,130
1767391200005,3007,1767391493931,4319.360000000000,4319.560000000000,134
1767391200005,3008,1767391493971,4319.340000000000,4319.540000000000,134
1767391200005,3009,1767391493982,4319.370000000000,4319.540000000000,130
1767391200005,3010,1767391494124,4319.370000000000,4319.530000000000,4
1767391200005,3011,1767391494173,4319.370000000000,4319.520000000000,4
1767391200005,3012,1767391494182,4319.330000000000,4319.520000000000,130
1767391200005,3013,1767391494283,4319.340000000000,4319.520000000000,130
1767391200005,3014,1767391494323,4319.340000000000,4319.510000000000,4
1767391200005,3015,1767391494384,4319.330000000000,4319.510000000000,130
1767391200005,3016,1767391494424,4319.330000000000,4319.520000000000,4
1767391200005,3017,1767391494573,4319.330000000000,4319.530000000000,4
1767391200005,3018,1767391494586,4319.370000000000,4319.530000000000,130
1767391200005,3019,1767391494946,4319.390000000000,4319.530000000000,130
1767391200005,3020,1767391495023,4319.390000000000,4319.510000000000,4
1767391200005,3021,1767391495048,4319.360000000000,4319.510000000000,130
1767391200005,3022,1767391495076,4319.360000000000,4319.520000000000,4
1767391200005,3023,1767391495128,4319.360000000000,4319.530000000000,4
1767391200005,3024,1767391495148,4319.390000000000,4319.530000000000,130
1767391200005,3025,1767391495248,4319.370000000000,4319.530000000000,130
1767391200005,3026,1767391495348,4319.360000000000,4319.530000000000,130
1767391200005,3027,1767391495472,4319.330000000000,4319.530000000000,130
1767391200005,3028,1767391495476,4319.330000000000,4319.510000000000,4
1767391200005,3029,1767391495573,4319.380000000000,4319.510000000000,130
1767391200005,3030,1767391495576,4319.380000000000,4319.530000000000,4
1767391200005,3031,1767391495774,4319.380000000000,4319.520000000000,4
1767391200005,3032,1767391495781,4319.330000000000,4319.520000000000,130
1767391200005,3033,1767391495835,4319.280000000000,4319.320000000000,134
1767391200005,3034,1767391495875,4319.270000000000,4319.310000000000,134
1767391200005,3035,1767391495882,4319.050000000000,4319.250000000000,134
1767391200005,3036,1767391495982,4319.070000000000,4319.250000000000,130
1767391200005,3037,1767391496025,4319.070000000000,4319.190000000000,4
1767391200005,3038,1767391496074,4319.070000000000,4319.250000000000,4
1767391200005,3039,1767391496083,4319.080000000000,4319.250000000000,130
1767391200005,3040,1767391496232,4319.080000000000,4319.240000000000,4
1767391200005,3041,1767391496280,4319.080000000000,4319.250000000000,4
1767391200005,3042,1767391496327,4319.080000000000,4319.270000000000,4
1767391200005,3043,1767391496383,4319.070000000000,4319.270000000000,130
1767391200005,3044,1767391496429,4319.070000000000,4319.260000000000,4
1767391200005,3045,1767391496486,4319.120000000000,4319.260000000000,130
1767391200005,3046,1767391496581,4319.180000000000,4319.380000000000,134
1767391200005,3047,1767391496628,4319.170000000000,4319.370000000000,134
1767391200005,3048,1767391496680,4319.180000000000,4319.380000000000,134
1767391200005,3049,1767391496686,4319.200000000000,4319.380000000000,130
1767391200005,3050,1767391496779,4319.200000000000,4319.360000000000,4
1767391200005,3051,1767391496787,4319.190000000000,4319.360000000000,130
1767391200005,3052,1767391496828,4319.190000000000,4319.340000000000,4
1767391200005,3053,1767391496882,4319.190000000000,4319.290000000000,4
1767391200005,3054,1767391496887,4319.110000000000,4319.290000000000,130
1767391200005,3055,1767391496977,4319.110000000000,4319.280000000000,4
1767391200005,3056,1767391496987,4319.100000000000,4319.280000000000,130
1767391200005,3057,1767391497894,4319.090000000000,4319.280000000000,130
1767391200005,3058,1767391497933,4319.080000000000,4319.120000000000,134
1767391200005,3059,1767391497981,4319.000000000000,4319.040000000000,134
1767391200005,3060,1767391498003,4318.750000000000,4318.950000000000,134
1767391200005,3061,1767391498080,4318.740000000000,4318.940000000000,134
1767391200005,3062,1767391498131,4318.720000000000,4318.920000000000,134
1767391200005,3063,1767391498202,4318.760000000000,4318.920000000000,130
1767391200005,3064,1767391498230,4318.760000000000,4318.950000000000,4
1767391200005,3065,1767391498302,4318.780000000000,4318.950000000000,130
1767391200005,3066,1767391498830,4318.780000000000,4318.960000000000,4
1767391200005,3067,1767391498886,4318.780000000000,4318.950000000000,4
1767391200005,3068,1767391498990,4318.780000000000,4318.960000000000,4
1767391200005,3069,1767391499208,4318.790000000000,4318.960000000000,130
1767391200005,3070,1767391499234,4318.790000000000,4318.970000000000,4
1767391200005,3071,1767391499602,4318.780000000000,4318.970000000000,130
1767391200005,3072,1767391499688,4318.780000000000,4318.940000000000,4
1767391200005,3073,1767391499701,4318.770000000000,4318.940000000000,130
1767391200005,3074,1767391499783,4318.770000000000,4318.950000000000,4
1767391200005,3075,1767391499802,4318.750000000000,4318.950000000000,130
1767391200005,3076,1767391499933,4318.750000000000,4318.940000000000,4
1767391200005,3077,1767391499983,4318.750000000000,4318.930000000000,4
1767391200005,3078,1767391500002,4318.760000000000,4318.930000000000,130
1767391200005,3079,1767391500036,4318.760000000000,4318.940000000000,4
1767391200005,3080,1767391500186,4318.760000000000,4318.930000000000,4
1767391200005,3081,1767391500202,4318.740000000000,4318.930000000000,130
1767391200005,3082,1767391500570,4318.730000000000,4318.930000000000,130
1767391200005,3083,1767391500592,4318.720000000000,4318.840000000000,134
1767391200005,3084,1767391500636,4318.720000000000,4318.820000000000,4
1767391200005,3085,1767391500668,4318.620000000000,4318.820000000000,130
1767391200005,3086,1767391500687,4318.640000000000,4318.840000000000,134
1767391200005,3087,1767391500736,4318.610000000000,4318.810000000000,134
1767391200005,3088,1767391500769,4318.670000000000,4318.810000000000,130
1767391200005,3089,1767391500785,4318.670000000000,4318.860000000000,4
1767391200005,3090,1767391500836,4318.670000000000,4318.840000000000,4
1767391200005,3091,1767391500868,4318.640000000000,4318.840000000000,130
1767391200005,3092,1767391500885,4318.650000000000,4318.850000000000,134
1767391200005,3093,1767391500936,4318.640000000000,4318.840000000000,134
1767391200005,3094,1767391500989,4318.650000000000,4318.850000000000,134
1767391200005,3095,1767391501095,4318.640000000000,4318.810000000000,134
1767391200005,3096,1767391501140,4318.650000000000,4318.850000000000,134
1767391200005,3097,1767391501564,4318.670000000000,4318.850000000000,130
1767391200005,3098,1767391501643,4318.800000000000,4318.940000000000,134
1767391200005,3099,1767391501663,4318.940000000000,4319.000000000000,134
1767391200005,3100,1767391501696,4319.010000000000,4319.210000000000,134
1767391200005,3101,1767391501739,4319.000000000000,4319.200000000000,134
1767391200005,3102,1767391501766,4319.010000000000,4319.200000000000,130
1767391200005,3103,1767391501799,4319.010000000000,4319.180000000000,4
1767391200005,3104,1767391501837,4319.010000000000,4319.200000000000,4
1767391200005,3105,1767391501864,4319.030000000000,4319.200000000000,130
1767391200005,3106,1767391501942,4319.160000000000,4319.300000000000,134
1767391200005,3107,1767391501972,4319.160000000000,4319.360000000000,4
1767391200005,3108,1767391501988,4319.180000000000,4319.380000000000,134
1767391200005,3109,1767391502038,4319.190000000000,4319.390000000000,134
1767391200005,3110,1767391502094,4319.220000000000,4319.420000000000,134
1767391200005,3111,1767391502188,4319.220000000000,4319.410000000000,4
1767391200005,3112,1767391502237,4319.230000000000,4319.430000000000,134
1767391200005,3113,1767391502297,4319.240000000000,4319.440000000000,134
1767391200005,3114,1767391502339,4319.230000000000,4319.430000000000,134
1767391200005,3115,1767391502441,4319.360000000000,4319.490000000000,134
1767391200005,3116,1767391502467,4319.390000000000,4319.560000000000,134
1767391200005,3117,1767391502492,4319.410000000000,4319.610000000000,134
1767391200005,3118,1767391502546,4319.440000000000,4319.640000000000,134
1767391200005,3119,1767391502591,4319.440000000000,4319.630000000000,4
1767391200005,3120,1767391502881,4319.430000000000,4319.630000000000,130
1767391200005,3121,1767391502889,4319.420000000000,4319.620000000000,134
1767391200005,3122,1767391502948,4319.420000000000,4319.600000000000,4
1767391200005,3123,1767391502981,4319.410000000000,4319.600000000000,130
1767391200005,3124,1767391502992,4319.410000000000,4319.550000000000,4
1767391200005,3125,1767391503041,4319.410000000000,4319.590000000000,4
1767391200005,3126,1767391503082,4319.390000000000,4319.590000000000,130
1767391200005,3127,1767391503090,4319.370000000000,4319.560000000000,134
1767391200005,3128,1767391503140,4319.370000000000,4319.540000000000,4
1767391200005,3129,1767391503182,4319.360000000000,4319.540000000000,130
1767391200005,3130,1767391503283,4319.380000000000,4319.540000000000,130
1767391200005,3131,1767391503488,4319.380000000000,4319.570000000000,4
1767391200005,3132,1767391503492,4319.390000000000,4319.570000000000,130
1767391200005,3133,1767391503538,4319.390000000000,4319.580000000000,4
1767391200005,3134,1767391503593,4319.390000000000,4319.590000000000,4
1767391200005,3135,1767391503694,4319.450000000000,4319.590000000000,130
1767391200005,3136,1767391503792,4319.540000000000,4319.590000000000,130
1767391200005,3137,1767391503795,4319.540000000000,4319.690000000000,4
1767391200005,3138,1767391503845,4319.540000000000,4319.700000000000,4
1767391200005,3139,1767391503894,4319.510000000000,4319.700000000000,130
1767391200005,3140,1767391503994,4319.500000000000,4319.700000000000,130
1767391200005,3141,1767391504039,4319.480000000000,4319.680000000000,134
1767391200005,3142,1767391504193,4319.470000000000,4319.670000000000,134
1767391200005,3143,1767391504195,4319.480000000000,4319.670000000000,130
1767391200005,3144,1767391504292,4319.480000000000,4319.680000000000,4
1767391200005,3145,1767391504297,4319.530000000000,4319.680000000000,130
1767391200005,3146,1767391504340,4319.530000000000,4319.700000000000,4
1767391200005,3147,1767391504390,4319.530000000000,4319.690000000000,4
1767391200005,3148,1767391504396,4319.500000000000,4319.690000000000,130
1767391200005,3149,1767391504490,4319.500000000000,4319.660000000000,4
1767391200005,3150,1767391504496,4319.470000000000,4319.660000000000,130
1767391200005,3151,1767391504544,4319.470000000000,4319.630000000000,4
1767391200005,3152,1767391504589,4319.470000000000,4319.580000000000,4
1767391200005,3153,1767391504599,4319.430000000000,4319.580000000000,130
1767391200005,3154,1767391504700,4319.410000000000,4319.580000000000,130
1767391200005,3155,1767391504740,4319.410000000000,4319.510000000000,4
1767391200005,3156,1767391504799,4319.410000000000,4319.560000000000,4
1767391200005,3157,1767391504800,4319.380000000000,4319.560000000000,130
1767391200005,3158,1767391504839,4319.380000000000,4319.580000000000,4
1767391200005,3159,1767391505091,4319.400000000000,4319.600000000000,134
1767391200005,3160,1767391505140,4319.380000000000,4319.570000000000,134
1767391200005,3161,1767391505533,4319.460000000000,4319.570000000000,130
1767391200005,3162,1767391505543,4319.470000000000,4319.670000000000,134
1767391200005,3163,1767391505592,4319.480000000000,4319.680000000000,134
1767391200005,3164,1767391505643,4319.490000000000,4319.690000000000,134
1767391200005,3165,1767391505691,4319.480000000000,4319.680000000000,134
1767391200005,3166,1767391505739,4319.490000000000,4319.680000000000,130
1767391200005,3167,1767391506095,4319.480000000000,4319.680000000000,130
1767391200005,3168,1767391506538,4319.500000000000,4319.680000000000,130
1767391200005,3169,1767391506691,4319.500000000000,4319.660000000000,4
1767391200005,3170,1767391506697,4319.470000000000,4319.660000000000,130
1767391200005,3171,1767391506741,4319.470000000000,4319.650000000000,4
1767391200005,3172,1767391507010,4319.450000000000,4319.650000000000,130
1767391200005,3173,1767391507053,4319.530000000000,4319.720000000000,134
1767391200005,3174,1767391507113,4319.530000000000,4319.730000000000,4
1767391200005,3175,1767391507245,4319.510000000000,4319.710000000000,134
1767391200005,3176,1767391507645,4319.520000000000,4319.720000000000,134
1767391200005,3177,1767391508430,4319.650000000000,4319.720000000000,130
1767391200005,3178,1767391508447,4319.700000000000,4319.900000000000,134
1767391200005,3179,1767391508495,4319.740000000000,4319.920000000000,134
1767391200005,3180,1767391508530,4319.780000000000,4319.940000000000,134
1767391200005,3181,1767391508546,4319.780000000000,4319.920000000000,4
1767391200005,3182,1767391508629,4319.720000000000,4319.920000000000,130
1767391200005,3183,1767391508648,4319.730000000000,4319.930000000000,134
1767391200005,3184,1767391508698,4319.740000000000,4319.940000000000,134
1767391200005,3185,1767391508798,4319.740000000000,4319.920000000000,4
1767391200005,3186,1767391508832,4319.720000000000,4319.920000000000,130
1767391200005,3187,1767391509047,4319.750000000000,4319.950000000000,134
1767391200005,3188,1767391509102,4319.720000000000,4319.920000000000,134
1767391200005,3189,1767391509148,4319.750000000000,4319.950000000000,134
1767391200005,3190,1767391509197,4319.720000000000,4319.920000000000,134
1767391200005,3191,1767391509434,4319.730000000000,4319.920000000000,130
1767391200005,3192,1767391509451,4319.750000000000,4319.950000000000,134
1767391200005,3193,1767391509698,4319.720000000000,4319.920000000000,134
1767391200005,3194,1767391509803,4319.710000000000,4319.910000000000,134
1767391200005,3195,1767391509847,4319.720000000000,4319.920000000000,134
1767391200005,3196,1767391509998,4319.750000000000,4319.950000000000,134
1767391200005,3197,1767391510104,4319.740000000000,4319.940000000000,134
1767391200005,3198,1767391510248,4319.760000000000,4319.960000000000,134
1767391200005,3199,1767391510347,4319.780000000000,4319.970000000000,134
1767391200005,3200,1767391510397,4319.850000000000,4319.970000000000,130
1767391200005,3201,1767391510439,4319.850000000000,4320.050000000000,4
1767391200005,3202,1767391510597,4319.840000000000,4320.040000000000,134
1767391200005,3203,1767391510741,4319.860000000000,4320.040000000000,130
1767391200005,3204,1767391510893,4319.850000000000,4320.040000000000,130
1767391200005,3205,1767391510993,4319.840000000000,4320.040000000000,130
1767391200005,3206,1767391511817,4319.860000000000,4320.040000000000,130
1767391200005,3207,1767391511852,4319.860000000000,4320.060000000000,4
1767391200005,3208,1767391512017,4319.870000000000,4320.060000000000,130
1767391200005,3209,1767391512801,4319.880000000000,4320.080000000000,134
1767391200005,3210,1767391512851,4319.860000000000,4320.060000000000,134
1767391200005,3211,1767391512915,4319.870000000000,4320.060000000000,130
1767391200005,3212,1767391513003,4319.870000000000,4320.070000000000,4
1767391200005,3213,1767391513054,4319.880000000000,4320.080000000000,134
1767391200005,3214,1767391513106,4319.920000000000,4320.120000000000,134
1767391200005,3215,1767391513160,4319.950000000000,4320.150000000000,134
1767391200005,3216,1767391513804,4319.910000000000,4320.100000000000,134
1767391200005,3217,1767391513854,4319.910000000000,4320.050000000000,4
1767391200005,3218,1767391513897,4319.850000000000,4320.050000000000,130
1767391200005,3219,1767391513904,4319.840000000000,4320.040000000000,134
1767391200005,3220,1767391514004,4319.850000000000,4320.050000000000,134
1767391200005,3221,1767391514204,4319.840000000000,4320.040000000000,134
1767391200005,3222,1767391514405,4319.850000000000,4320.050000000000,134
1767391200005,3223,1767391514856,4319.840000000000,4320.040000000000,134
1767391200005,3224,1767391515408,4319.890000000000,4320.090000000000,134
1767391200005,3225,1767391515495,4319.910000000000,4320.090000000000,130
1767391200005,3226,1767391515513,4319.910000000000,4320.110000000000,4
1767391200005,3227,1767391515657,4319.940000000000,4320.140000000000,134
1767391200005,3228,1767391515707,4319.920000000000,4320.120000000000,134
1767391200005,3229,1767391515806,4319.910000000000,4320.110000000000,134
1767391200005,3230,1767391516811,4319.920000000000,4320.120000000000,134
1767391200005,3231,1767391517061,4320.040000000000,4320.170000000000,134
1767391200005,3232,1767391517095,4320.050000000000,4320.240000000000,134
1767391200005,3233,1767391517109,4320.050000000000,4320.250000000000,4
1767391200005,3234,1767391517197,4320.060000000000,4320.250000000000,130
1767391200005,3235,1767391517259,4320.060000000000,4320.260000000000,4
1767391200005,3236,1767391517296,4320.120000000000,4320.260000000000,130
1767391200005,3237,1767391517309,4320.120000000000,4320.280000000000,4
1767391200005,3238,1767391517360,4320.120000000000,4320.300000000000,4
1767391200005,3239,1767391517396,4320.130000000000,4320.300000000000,130
1767391200005,3240,1767391517410,4320.160000000000,4320.360000000000,134
1767391200005,3241,1767391517511,4320.150000000000,4320.350000000000,134
1767391200005,3242,1767391517565,4320.140000000000,4320.340000000000,134
1767391200005,3243,1767391517597,4320.150000000000,4320.340000000000,130
1767391200005,3244,1767391517661,4320.180000000000,4320.380000000000,134
1767391200005,3245,1767391517696,4320.200000000000,4320.380000000000,130
1767391200005,3246,1767391517765,4320.200000000000,4320.360000000000,4
1767391200005,3247,1767391517799,4320.180000000000,4320.360000000000,130
1767391200005,3248,1767391517814,4320.190000000000,4320.390000000000,134
1767391200005,3249,1767391517900,4320.200000000000,4320.390000000000,130
1767391200005,3250,1767391517918,4320.200000000000,4320.380000000000,4
1767391200005,3251,1767391517964,4320.260000000000,4320.460000000000,134
1767391200005,3252,1767391518010,4320.250000000000,4320.450000000000,134
1767391200005,3253,1767391518312,4320.240000000000,4320.440000000000,134
1767391200005,3254,1767391518363,4320.220000000000,4320.400000000000,134
1767391200005,3255,1767391518411,4320.200000000000,4320.400000000000,130
1767391200005,3256,1767391518467,4320.190000000000,4320.380000000000,134
1767391200005,3257,1767391518513,4320.180000000000,4320.380000000000,130
1767391200005,3258,1767391519767,4320.170000000000,4320.340000000000,134
1767391200005,3259,1767391519816,4320.170000000000,4320.330000000000,4
1767391200005,3260,1767391519831,4320.160000000000,4320.330000000000,130
1767391200005,3261,1767391520070,4320.160000000000,4320.340000000000,4
1767391200005,3262,1767391520251,4320.150000000000,4320.340000000000,130
1767391200005,3263,1767391520352,4320.160000000000,4320.340000000000,130
1767391200005,3264,1767391520620,4320.160000000000,4320.330000000000,4
1767391200005,3265,1767391521520,4320.130000000000,4320.170000000000,134
1767391200005,3266,1767391521522,4320.020000000000,4320.160000000000,134
1767391200005,3267,1767391521577,4319.460000000000,4319.500000000000,134
1767391200005,3268,1767391521620,4319.020000000000,4319.070000000000,134
1767391200005,3269,1767391521628,4319.020000000000,4319.180000000000,4
1767391200005,3270,1767391521683,4319.020000000000,4319.060000000000,4
1767391200005,3271,1767391521721,4318.940000000000,4319.060000000000,130
1767391200005,3272,1767391521771,4318.940000000000,4319.040000000000,4
1767391200005,3273,1767391521820,4318.940000000000,4319.000000000000,4
1767391200005,3274,1767391521872,4318.940000000000,4319.070000000000,4
1767391200005,3275,1767391521922,4318.940000000000,4319.040000000000,4
1767391200005,3276,1767391521927,4318.840000000000,4319.040000000000,130
1767391200005,3277,1767391521927,4318.890000000000,4319.040000000000,130
1767391200005,3278,1767391521974,4318.910000000000,4319.110000000000,134
1767391200005,3279,1767391522021,4318.920000000000,4319.120000000000,134
1767391200005,3280,1767391522080,4318.910000000000,4319.090000000000,134
1767391200005,3281,1767391522123,4318.910000000000,4319.100000000000,4
1767391200005,3282,1767391522124,4318.900000000000,4319.100000000000,130
1767391200005,3283,1767391522220,4318.910000000000,4319.110000000000,134
1767391200005,3284,1767391522270,4318.920000000000,4319.120000000000,134
1767391200005,3285,1767391522420,4318.950000000000,4319.150000000000,134
1767391200005,3286,1767391522471,4318.900000000000,4319.100000000000,134
1767391200005,3287,1767391522520,4318.890000000000,4319.090000000000,134
1767391200005,3288,1767391522619,4318.920000000000,4319.120000000000,134
1767391200005,3289,1767391522643,4318.940000000000,4319.120000000000,130
1767391200005,3290,1767391522671,4319.070000000000,4319.210000000000,134
1767391200005,3291,1767391522721,4319.040000000000,4319.210000000000,130
1767391200005,3292,1767391522746,4319.100000000000,4319.240000000000,134
1767391200005,3293,1767391522874,4319.100000000000,4319.250000000000,4
1767391200005,3294,1767391522921,4319.100000000000,4319.180000000000,4
1767391200005,3295,1767391522946,4319.050000000000,4319.180000000000,130
1767391200005,3296,1767391522971,4319.050000000000,4319.190000000000,4
1767391200005,3297,1767391523026,4319.100000000000,4319.300000000000,134
1767391200005,3298,1767391523071,4319.090000000000,4319.290000000000,134
1767391200005,3299,1767391523127,4319.100000000000,4319.300000000000,134
1767391200005,3300,1767391523147,4319.130000000000,4319.300000000000,130
1767391200005,3301,1767391523172,4319.130000000000,4319.310000000000,4
1767391200005,3302,1767391523248,4319.120000000000,4319.310000000000,130
1767391200005,3303,1767391523271,4319.120000000000,4319.290000000000,4
1767391200005,3304,1767391523346,4319.090000000000,4319.290000000000,130
1767391200005,3305,1767391523620,4319.120000000000,4319.320000000000,134
1767391200005,3306,1767391523630,4319.200000000000,4319.320000000000,130
1767391200005,3307,1767391523673,4319.350000000000,4319.470000000000,134
1767391200005,3308,1767391523732,4319.380000000000,4319.550000000000,134
1767391200005,3309,1767391523829,4319.350000000000,4319.550000000000,130
1767391200005,3310,1767391523871,4319.310000000000,4319.510000000000,134
1767391200005,3311,1767391523923,4319.310000000000,4319.480000000000,4
1767391200005,3312,1767391523930,4319.290000000000,4319.480000000000,130
1767391200005,3313,1767391523971,4319.290000000000,4319.470000000000,4
1767391200005,3314,1767391524031,4319.320000000000,4319.470000000000,130
1767391200005,3315,1767391524133,4319.300000000000,4319.470000000000,130
1767391200005,3316,1767391524183,4319.340000000000,4319.540000000000,134
1767391200005,3317,1767391524226,4319.310000000000,4319.510000000000,134
1767391200005,3318,1767391524283,4319.300000000000,4319.500000000000,134
1767391200005,3319,1767391524324,4319.310000000000,4319.510000000000,134
1767391200005,3320,1767391524522,4319.370000000000,4319.550000000000,134
1767391200005,3321,1767391524534,4319.370000000000,4319.570000000000,4
1767391200005,3322,1767391524575,4319.350000000000,4319.550000000000,134
1767391200005,3323,1767391524623,4319.370000000000,4319.570000000000,134
1767391200005,3324,1767391525286,4319.400000000000,4319.570000000000,130
1767391200005,3325,1767391525374,4319.400000000000,4319.560000000000,4
1767391200005,3326,1767391525389,4319.410000000000,4319.560000000000,130
1767391200005,3327,1767391525428,4319.410000000000,4319.570000000000,4
1767391200005,3328,1767391525489,4319.430000000000,4319.570000000000,130
1767391200005,3329,1767391525528,4319.430000000000,4319.560000000000,4
1767391200005,3330,1767391525589,4319.410000000000,4319.560000000000,130
1767391200005,3331,1767391526127,4319.410000000000,4319.550000000000,4
1767391200005,3332,1767391526130,4319.360000000000,4319.550000000000,130
1767391200005,3333,1767391526227,4319.360000000000,4319.540000000000,4
1767391200005,3334,1767391526230,4319.340000000000,4319.540000000000,130
1767391200005,3335,1767391526926,4319.350000000000,4319.550000000000,134
1767391200005,3336,1767391526976,4319.360000000000,4319.560000000000,134
1767391200005,3337,1767391527026,4319.370000000000,4319.570000000000,134
1767391200005,3338,1767391527328,4319.380000000000,4319.580000000000,134
1767391200005,3339,1767391528129,4319.390000000000,4319.590000000000,134
1767391200005,3340,1767391528180,4319.360000000000,4319.560000000000,134
1767391200005,3341,1767391528231,4319.360000000000,4319.550000000000,4
1767391200005,3342,1767391528272,4319.350000000000,4319.550000000000,130
1767391200005,3343,1767391528331,4319.360000000000,4319.560000000000,134
1767391200005,3344,1767391528537,4319.380000000000,4319.580000000000,134
1767391200005,3345,1767391528582,4319.370000000000,4319.570000000000,134
1767391200005,3346,1767391528683,4319.360000000000,4319.560000000000,134
1767391200005,3347,1767391528732,4319.360000000000,4319.540000000000,4
1767391200005,3348,1767391528746,4319.340000000000,4319.540000000000,130
1767391200005,3349,1767391529185,4319.330000000000,4319.510000000000,134
1767391200005,3350,1767391529189,4319.310000000000,4319.510000000000,130
1767391200005,3351,1767391529233,4319.360000000000,4319.560000000000,134
1767391200005,3352,1767391529288,4319.380000000000,4319.560000000000,130
1767391200005,3353,1767391529289,4319.380000000000,4319.580000000000,4
1767391200005,3354,1767391529336,4319.320000000000,4319.480000000000,134
1767391200005,3355,1767391529386,4319.320000000000,4319.490000000000,4
1767391200005,3356,1767391529389,4319.290000000000,4319.490000000000,130
1767391200005,3357,1767391529433,4319.330000000000,4319.530000000000,134
1767391200005,3358,1767391529483,4319.320000000000,4319.520000000000,134
1767391200005,3359,1767391529533,4319.330000000000,4319.530000000000,134
1767391200005,3360,1767391530283,4319.320000000000,4319.520000000000,134
1767391200005,3361,1767391530436,4319.380000000000,4319.560000000000,134
1767391200005,3362,1767391530497,4319.380000000000,4319.580000000000,4
1767391200005,3363,1767391530534,4319.370000000000,4319.570000000000,134
1767391200005,3364,1767391530963,4319.370000000000,4319.510000000000,4
1767391200005,3365,1767391530988,4319.080000000000,4319.120000000000,134
1767391200005,3366,1767391531043,4319.040000000000,4319.080000000000,134
1767391200005,3367,1767391531063,4318.680000000000,4318.880000000000,134
1767391200005,3368,1767391531091,4318.630000000000,4318.800000000000,134
1767391200005,3369,1767391531139,4318.630000000000,4318.830000000000,4
1767391200005,3370,1767391531186,4318.640000000000,4318.840000000000,134
1767391200005,3371,1767391531234,4318.610000000000,4318.810000000000,134
1767391200005,3372,1767391531288,4318.640000000000,4318.840000000000,134
1767391200005,3373,1767391531333,4318.660000000000,4318.860000000000,134
1767391200005,3374,1767391531363,4318.670000000000,4318.860000000000,130
1767391200005,3375,1767391531436,4318.670000000000,4318.870000000000,4
1767391200005,3376,1767391531488,4318.660000000000,4318.860000000000,134
1767391200005,3377,1767391531641,4318.670000000000,4318.870000000000,134
1767391200005,3378,1767391531695,4318.670000000000,4318.830000000000,4
1767391200005,3379,1767391531739,4318.670000000000,4318.840000000000,4
1767391200005,3380,1767391531766,4318.640000000000,4318.840000000000,130
1767391200005,3381,1767391531790,4318.650000000000,4318.850000000000,134
1767391200005,3382,1767391531838,4318.670000000000,4318.870000000000,134
1767391200005,3383,1767391531889,4318.650000000000,4318.850000000000,134
1767391200005,3384,1767391531987,4318.650000000000,4318.840000000000,4
1767391200005,3385,1767391532067,4318.660000000000,4318.840000000000,130
1767391200005,3386,1767391532085,4318.660000000000,4318.850000000000,4
1767391200005,3387,1767391532136,4318.660000000000,4318.830000000000,4
1767391200005,3388,1767391532236,4318.670000000000,4318.870000000000,134
1767391200005,3389,1767391532285,4318.670000000000,4318.860000000000,4
1767391200005,3390,1767391532369,4318.660000000000,4318.860000000000,130
1767391200005,3391,1767391532637,4318.670000000000,4318.870000000000,134
1767391200005,3392,1767391532786,4318.660000000000,4318.860000000000,134
1767391200005,3393,1767391532984,4318.710000000000,4318.860000000000,130
1767391200005,3394,1767391533038,4318.710000000000,4318.880000000000,4
1767391200005,3395,1767391533085,4318.680000000000,4318.880000000000,130
1767391200005,3396,1767391533089,4318.670000000000,4318.870000000000,134
1767391200005,3397,1767391533138,4318.690000000000,4318.890000000000,134
1767391200005,3398,1767391533184,4318.710000000000,4318.890000000000,130
1767391200005,3399,1767391533283,4318.690000000000,4318.890000000000,130
1767391200005,3400,1767391533285,4318.680000000000,4318.880000000000,134
1767391200005,3401,1767391533636,4318.690000000000,4318.890000000000,134
1767391200005,3402,1767391534941,4318.710000000000,4318.890000000000,130
1767391200005,3403,1767391534989,4318.960000000000,4319.000000000000,134
1767391200005,3404,1767391535040,4319.020000000000,4319.060000000000,134
1767391200005,3405,1767391535043,4319.100000000000,4319.300000000000,134
1767391200005,3406,1767391535089,4319.110000000000,4319.310000000000,134
1767391200005,3407,1767391535189,4319.100000000000,4319.190000000000,134
1767391200005,3408,1767391535239,4319.100000000000,4319.170000000000,4
1767391200005,3409,1767391535245,4318.990000000000,4319.170000000000,130
1767391200005,3410,1767391535293,4318.990000000000,4319.120000000000,4
1767391200005,3411,1767391535341,4318.990000000000,4319.060000000000,4
1767391200005,3412,1767391535345,4318.880000000000,4319.060000000000,130
1767391200005,3413,1767391535396,4318.880000000000,4319.070000000000,4
1767391200005,3414,1767391535438,4318.910000000000,4319.110000000000,134
1767391200005,3415,1767391536191,4318.960000000000,4319.110000000000,130
1767391200005,3416,1767391536244,4318.960000000000,4319.100000000000,4
1767391200005,3417,1767391536290,4318.960000000000,4319.040000000000,4
1767391200005,3418,1767391536291,4318.890000000000,4319.040000000000,130
1767391200005,3419,1767391536343,4318.890000000000,4319.060000000000,4
1767391200005,3420,1767391536391,4318.890000000000,4319.070000000000,4
1767391200005,3421,1767391536392,4318.880000000000,4319.070000000000,130
1767391200005,3422,1767391536441,4318.880000000000,4319.060000000000,4
1767391200005,3423,1767391536492,4318.890000000000,4319.060000000000,130
1767391200005,3424,1767391536645,4318.890000000000,4319.070000000000,4
1767391200005,3425,1767391536704,4318.900000000000,4319.070000000000,130
1767391200005,3426,1767391536803,4318.880000000000,4319.070000000000,130
1767391200005,3427,1767391536957,4318.890000000000,4319.070000000000,130
1767391200005,3428,1767391537057,4318.920000000000,4319.070000000000,130
1767391200005,3429,1767391537093,4318.920000000000,4319.080000000000,4
1767391200005,3430,1767391537143,4318.920000000000,4319.070000000000,4
1767391200005,3431,1767391537192,4318.920000000000,4319.080000000000,4
1767391200005,3432,1767391537256,4318.910000000000,4319.080000000000,130
1767391200005,3433,1767391537342,4318.910000000000,4319.070000000000,4
1767391200005,3434,1767391537357,4318.920000000000,4319.070000000000,130
1767391200005,3435,1767391537393,4318.920000000000,4319.090000000000,4
1767391200005,3436,1767391537492,4318.920000000000,4319.050000000000,4
1767391200005,3437,1767391537543,4319.080000000000,4319.190000000000,134
1767391200005,3438,1767391537561,4319.180000000000,4319.280000000000,134
1767391200005,3439,1767391537595,4319.260000000000,4319.450000000000,134
1767391200005,3440,1767391537642,4319.250000000000,4319.450000000000,130
1767391200005,3441,1767391537743,4319.330000000000,4319.520000000000,134
1767391200005,3442,1767391537760,4319.350000000000,4319.530000000000,134
1767391200005,3443,1767391537844,4319.350000000000,4319.540000000000,4
1767391200005,3444,1767391537861,4319.360000000000,4319.540000000000,130
1767391200005,3445,1767391537942,4319.360000000000,4319.530000000000,4
1767391200005,3446,1767391537960,4319.350000000000,4319.530000000000,130
1767391200005,3447,1767391538060,4319.370000000000,4319.530000000000,130
1767391200005,3448,1767391538162,4319.350000000000,4319.530000000000,130
1767391200005,3449,1767391538262,4319.340000000000,4319.530000000000,130
1767391200005,3450,1767391538348,4319.340000000000,4319.480000000000,4
1767391200005,3451,1767391538365,4319.280000000000,4319.480000000000,130
1767391200005,3452,1767391538401,4319.260000000000,4319.460000000000,134
1767391200005,3453,1767391538744,4319.250000000000,4319.450000000000,134
1767391200005,3454,1767391539057,4319.270000000000,4319.450000000000,130
1767391200005,3455,1767391539101,4319.280000000000,4319.480000000000,134
1767391200005,3456,1767391539296,4319.270000000000,4319.470000000000,134
1767391200005,3457,1767391539360,4319.310000000000,4319.470000000000,130
1767391200005,3458,1767391539459,4319.280000000000,4319.470000000000,130
1767391200005,3459,1767391539747,4319.340000000000,4319.540000000000,134
1767391200005,3460,1767391539797,4319.350000000000,4319.550000000000,134
1767391200005,3461,1767391539809,4319.360000000000,4319.550000000000,130
1767391200005,3462,1767391540347,4319.350000000000,4319.550000000000,130
1767391200005,3463,1767391540447,4319.370000000000,4319.570000000000,134
1767391200005,3464,1767391540500,4319.350000000000,4319.550000000000,134
1767391200005,3465,1767391540952,4319.370000000000,4319.570000000000,134
1767391200005,3466,1767391541301,4319.360000000000,4319.560000000000,134
1767391200005,3467,1767391541549,4319.370000000000,4319.570000000000,134
1767391200005,3468,1767391542804,4319.350000000000,4319.550000000000,134
1767391200005,3469,1767391542855,4319.340000000000,4319.540000000000,134
1767391200005,3470,1767391543006,4319.330000000000,4319.520000000000,134
1767391200005,3471,1767391543010,4319.320000000000,4319.520000000000,130
1767391200005,3472,1767391543455,4319.310000000000,4319.510000000000,134
1767391200005,3473,1767391543655,4319.320000000000,4319.520000000000,134
1767391200005,3474,1767391544105,4319.330000000000,4319.530000000000,134
1767391200005,3475,1767391544155,4319.320000000000,4319.520000000000,134
1767391200005,3476,1767391545708,4319.310000000000,4319.510000000000,134
1767391200005,3477,1767391545764,4319.330000000000,4319.530000000000,134
1767391200005,3478,1767391546162,4319.270000000000,4319.380000000000,134
1767391200005,3479,1767391546211,4319.270000000000,4319.420000000000,4
1767391200005,3480,1767391546248,4319.250000000000,4319.420000000000,130
1767391200005,3481,1767391546259,4319.270000000000,4319.470000000000,134
1767391200005,3482,1767391546310,4319.330000000000,4319.520000000000,134
1767391200005,3483,1767391546349,4319.330000000000,4319.530000000000,4
1767391200005,3484,1767391547713,4319.350000000000,4319.550000000000,134
1767391200005,3485,1767391547764,4319.480000000000,4319.580000000000,134
1767391200005,3486,1767391547788,4319.480000000000,4319.680000000000,4
1767391200005,3487,1767391547815,4319.550000000000,4319.750000000000,134
1767391200005,3488,1767391547864,4319.520000000000,4319.720000000000,134
1767391200005,3489,1767391548114,4319.530000000000,4319.730000000000,134
1767391200005,3490,1767391548213,4319.530000000000,4319.710000000000,4
1767391200005,3491,1767391548270,4319.530000000000,4319.650000000000,4
1767391200005,3492,1767391548290,4319.450000000000,4319.650000000000,130
1767391200005,3493,1767391548318,4319.460000000000,4319.660000000000,134
1767391200005,3494,1767391548614,4319.470000000000,4319.670000000000,134
1767391200005,3495,1767391548663,4319.460000000000,4319.660000000000,134
1767391200005,3496,1767391548863,4319.490000000000,4319.660000000000,130
1767391200005,3497,1767391548871,4319.490000000000,4319.670000000000,4
1767391200005,3498,1767391548917,4319.530000000000,4319.730000000000,134
1767391200005,3499,1767391548963,4319.530000000000,4319.710000000000,4
1767391200005,3500,1767391548965,4319.470000000000,4319.670000000000,134
1767391200005,3501,1767391549065,4319.460000000000,4319.660000000000,134
1767391200005,3502,1767391549114,4319.470000000000,4319.670000000000,134
1767391200005,3503,1767391549768,4319.460000000000,4319.660000000000,134
1767391200005,3504,1767391550074,4319.550000000000,4319.720000000000,134
1767391200005,3505,1767391550124,4319.580000000000,4319.720000000000,130
1767391200005,3506,1767391550148,4319.580000000000,4319.780000000000,4
1767391200005,3507,1767391550469,4319.600000000000,4319.800000000000,134
1767391200005,3508,1767391550517,4319.590000000000,4319.790000000000,134
1767391200005,3509,1767391550783,4319.590000000000,4319.740000000000,4
1767391200005,3510,1767391550820,4319.470000000000,4319.670000000000,134
1767391200005,3511,1767391550882,4319.480000000000,4319.670000000000,130
1767391200005,3512,1767391550920,4319.480000000000,4319.650000000000,4
1767391200005,3513,1767391550970,4319.480000000000,4319.680000000000,4
1767391200005,3514,1767391551119,4319.490000000000,4319.690000000000,134
1767391200005,3515,1767391551186,4319.510000000000,4319.690000000000,130
1767391200005,3516,1767391551219,4319.510000000000,4319.680000000000,4
1767391200005,3517,1767391551285,4319.480000000000,4319.680000000000,130
1767391200005,3518,1767391551538,4319.490000000000,4319.680000000000,130
1767391200005,3519,1767391551638,4319.500000000000,4319.680000000000,130
1767391200005,3520,1767391551949,4319.480000000000,4319.680000000000,130
1767391200005,3521,1767391553472,4319.450000000000,4319.650000000000,134
1767391200005,3522,1767391553523,4319.440000000000,4319.640000000000,134
1767391200005,3523,1767391553624,4319.470000000000,4319.660000000000,134
1767391200005,3524,1767391553678,4319.490000000000,4319.670000000000,134
1767391200005,3525,1767391553728,4319.490000000000,4319.630000000000,4
1767391200005,3526,1767391553773,4319.490000000000,4319.620000000000,4
1767391200005,3527,1767391553779,4319.420000000000,4319.620000000000,130
1767391200005,3528,1767391554276,4319.410000000000,4319.610000000000,134
1767391200005,3529,1767391554312,4319.420000000000,4319.610000000000,130
1767391200005,3530,1767391554326,4319.430000000000,4319.630000000000,134
1767391200005,3531,1767391554376,4319.420000000000,4319.620000000000,134
1767391200005,3532,1767391554628,4319.420000000000,4319.610000000000,4
1767391200005,3533,1767391554633,4319.410000000000,4319.610000000000,130
1767391200005,3534,1767391554685,4319.400000000000,4319.510000000000,134
1767391200005,3535,1767391554733,4319.330000000000,4319.510000000000,130
1767391200005,3536,1767391554781,4319.330000000000,4319.500000000000,4
1767391200005,3537,1767391555078,4319.330000000000,4319.520000000000,4
1767391200005,3538,1767391555086,4319.320000000000,4319.520000000000,130
1767391200005,3539,1767391555132,4319.260000000000,4319.450000000000,134
1767391200005,3540,1767391555177,4319.260000000000,4319.460000000000,4
1767391200005,3541,1767391555187,4319.270000000000,4319.460000000000,130
1767391200005,3542,1767391555282,4319.270000000000,4319.430000000000,4
1767391200005,3543,1767391555292,4319.240000000000,4319.430000000000,130
1767391200005,3544,1767391555337,4319.240000000000,4319.360000000000,4
1767391200005,3545,1767391555387,4319.160000000000,4319.360000000000,130
1767391200005,3546,1767391555433,4319.140000000000,4319.340000000000,134
1767391200005,3547,1767391555684,4319.140000000000,4319.330000000000,4
1767391200005,3548,1767391555688,4319.130000000000,4319.330000000000,130
1767391200005,3549,1767391555877,4319.150000000000,4319.350000000000,134
1767391200005,3550,1767391556120,4319.150000000000,4319.340000000000,4
1767391200005,3551,1767391556126,4319.090000000000,4319.290000000000,134
1767391200005,3552,1767391556175,4319.070000000000,4319.250000000000,134
1767391200005,3553,1767391556223,4319.140000000000,4319.250000000000,130
1767391200005,3554,1767391556233,4319.140000000000,4319.310000000000,4
1767391200005,3555,1767391556288,4319.140000000000,4319.280000000000,4
1767391200005,3556,1767391556323,4319.080000000000,4319.280000000000,130
1767391200005,3557,1767391556377,4319.070000000000,4319.270000000000,134
1767391200005,3558,1767391556428,4319.080000000000,4319.280000000000,134
1767391200005,3559,1767391556477,4319.090000000000,4319.290000000000,134
1767391200005,3560,1767391556628,4319.080000000000,4319.280000000000,134
1767391200005,3561,1767391557181,4319.070000000000,4319.270000000000,134
1767391200005,3562,1767391557235,4319.080000000000,4319.280000000000,134
1767391200005,3563,1767391557269,4319.090000000000,4319.280000000000,130
1767391200005,3564,1767391557333,4319.100000000000,4319.300000000000,134
1767391200005,3565,1767391557374,4319.160000000000,4319.300000000000,130
1767391200005,3566,1767391557384,4319.160000000000,4319.330000000000,4
1767391200005,3567,1767391557488,4319.160000000000,4319.360000000000,4
1767391200005,3568,1767391557683,4319.140000000000,4319.340000000000,134
1767391200005,3569,1767391560040,4319.140000000000,4319.340000000000,130
1767391200005,3570,1767391560146,4319.090000000000,4319.290000000000,134
1767391200005,3571,1767391560195,4319.080000000000,4319.270000000000,134
1767391200005,3572,1767391560225,4319.070000000000,4319.270000000000,130
1767391200005,3573,1767391560248,4319.050000000000,4319.250000000000,134
1767391200005,3574,1767391560324,4319.060000000000,4319.250000000000,130
1767391200005,3575,1767391560528,4319.070000000000,4319.250000000000,130
1767391200005,3576,1767391560593,4319.130000000000,4319.330000000000,134
1767391200005,3577,1767391560940,4319.150000000000,4319.350000000000,134
1767391200005,3578,1767391561297,4319.160000000000,4319.360000000000,134
1767391200005,3579,1767391561347,4319.170000000000,4319.370000000000,134
1767391200005,3580,1767391561394,4319.150000000000,4319.350000000000,134
1767391200005,3581,1767391561600,4319.160000000000,4319.350000000000,130
1767391200005,3582,1767391561645,4319.240000000000,4319.430000000000,134
1767391200005,3583,1767391561693,4319.250000000000,4319.430000000000,130
1767391200005,3584,1767391561701,4319.250000000000,4319.450000000000,4
1767391200005,3585,1767391562193,4319.240000000000,4319.440000000000,134
1767391200005,3586,1767391562245,4319.250000000000,4319.450000000000,134
1767391200005,3587,1767391562503,4319.240000000000,4319.440000000000,134
1767391200005,3588,1767391562550,4319.210000000000,4319.370000000000,134
1767391200005,3589,1767391562595,4319.210000000000,4319.360000000000,4
1767391200005,3590,1767391562605,4319.180000000000,4319.360000000000,130
1767391200005,3591,1767391562692,4319.180000000000,4319.370000000000,4
1767391200005,3592,1767391562706,4319.190000000000,4319.370000000000,130
1767391200005,3593,1767391562806,4319.170000000000,4319.370000000000,130
1767391200005,3594,1767391562946,4319.130000000000,4319.330000000000,134
1767391200005,3595,1767391563044,4319.110000000000,4319.220000000000,134
1767391200005,3596,1767391563092,4319.110000000000,4319.240000000000,4
1767391200005,3597,1767391563116,4319.050000000000,4319.240000000000,130
1767391200005,3598,1767391563144,4319.060000000000,4319.260000000000,134
1767391200005,3599,1767391563196,4319.050000000000,4319.240000000000,134
1767391200005,3600,1767391563219,4319.070000000000,4319.240000000000,130
1767391200005,3601,1767391563248,4319.070000000000,4319.230000000000,4
1767391200005,3602,1767391563297,4319.070000000000,4319.240000000000,4
1767391200005,3603,1767391563320,4319.040000000000,4319.240000000000,130
1767391200005,3604,1767391563891,4319.050000000000,4319.240000000000,130
1767391200005,3605,1767391564092,4319.040000000000,4319.240000000000,130
1767391200005,3606,1767391564193,4319.050000000000,4319.240000000000,130
1767391200005,3607,1767391565046,4319.050000000000,4319.230000000000,4
1767391200005,3608,1767391565097,4319.050000000000,4319.190000000000,4
1767391200005,3609,1767391565145,4319.050000000000,4319.200000000000,4
1767391200005,3610,1767391565158,4319.010000000000,4319.200000000000,130
1767391200005,3611,1767391565196,4319.010000000000,4319.190000000000,4
1767391200005,3612,1767391565259,4318.990000000000,4319.190000000000,130
1767391200005,3613,1767391565296,4319.020000000000,4319.220000000000,134
1767391200005,3614,1767391565348,4319.010000000000,4319.210000000000,134
1767391200005,3615,1767391565359,4319.050000000000,4319.210000000000,130
1767391200005,3616,1767391565452,4319.050000000000,4319.200000000000,4
1767391200005,3617,1767391565459,4319.030000000000,4319.200000000000,130
1767391200005,3618,1767391565498,4319.030000000000,4319.170000000000,4
1767391200005,3619,1767391565549,4319.030000000000,4319.180000000000,4
1767391200005,3620,1767391565561,4319.000000000000,4319.180000000000,130
1767391200005,3621,1767391565598,4319.040000000000,4319.240000000000,134
1767391200005,3622,1767391565647,4319.060000000000,4319.260000000000,134
1767391200005,3623,1767391565697,4319.050000000000,4319.240000000000,134
1767391200005,3624,1767391565760,4319.040000000000,4319.240000000000,130
1767391200005,3625,1767391565848,4319.070000000000,4319.270000000000,134
1767391200005,3626,1767391565900,4319.070000000000,4319.240000000000,4
1767391200005,3627,1767391566047,4319.070000000000,4319.250000000000,4
1767391200005,3628,1767391566163,4319.050000000000,4319.250000000000,130
1767391200005,3629,1767391567304,4319.050000000000,4319.200000000000,4
1767391200005,3630,1767391567349,4319.050000000000,4319.150000000000,4
1767391200005,3631,1767391567380,4318.970000000000,4319.150000000000,130
1767391200005,3632,1767391567581,4318.960000000000,4319.150000000000,130
1767391200005,3633,1767391567681,4318.970000000000,4319.150000000000,130
1767391200005,3634,1767391567836,4318.950000000000,4319.150000000000,130
1767391200005,3635,1767391567900,4318.910000000000,4319.070000000000,134
1767391200005,3636,1767391567951,4318.910000000000,4319.080000000000,4
1767391200005,3637,1767391568001,4318.910000000000,4319.180000000000,4
1767391200005,3638,1767391568044,4318.970000000000,4319.240000000000,134
1767391200005,3639,1767391568244,4318.950000000000,4319.220000000000,134
1767391200005,3640,1767391568344,4318.960000000000,4319.230000000000,134
1767391200005,3641,1767391568444,4318.950000000000,4319.220000000000,134
1767391200005,3642,1767391568752,4318.950000000000,4319.140000000000,4
1767391200005,3643,1767391568858,4318.950000000000,4319.100000000000,4
1767391200005,3644,1767391568858,4318.900000000000,4319.100000000000,130
1767391200005,3645,1767391568907,4318.900000000000,4319.090000000000,4
1767391200005,3646,1767391569115,4318.900000000000,4319.080000000000,4
1767391200005,3647,1767391569162,4318.900000000000,4319.020000000000,4
1767391200005,3648,1767391569198,4318.830000000000,4319.020000000000,130
1767391200005,3649,1767391569298,4318.840000000000,4319.020000000000,130
1767391200005,3650,1767391569400,4318.820000000000,4319.020000000000,130
1767391200005,3651,1767391569406,4318.780000000000,4318.970000000000,134
1767391200005,3652,1767391569453,4318.780000000000,4318.950000000000,4
1767391200005,3653,1767391569502,4318.780000000000,4318.970000000000,4
1767391200005,3654,1767391569599,4318.790000000000,4318.970000000000,130
1767391200005,3655,1767391569608,4318.790000000000,4318.960000000000,4
1767391200005,3656,1767391569656,4318.790000000000,4318.940000000000,4
1767391200005,3657,1767391569905,4318.790000000000,4318.950000000000,4
1767391200005,3658,1767391569958,4318.790000000000,4318.940000000000,4
1767391200005,3659,1767391569973,4318.770000000000,4318.940000000000,130
1767391200005,3660,1767391570010,4318.770000000000,4318.930000000000,4
1767391200005,3661,1767391570074,4318.730000000000,4318.930000000000,130
1767391200005,3662,1767391570308,4318.800000000000,4319.000000000000,134
1767391200005,3663,1767391570359,4318.780000000000,4318.980000000000,134
1767391200005,3664,1767391570408,4318.770000000000,4318.960000000000,134
1767391200005,3665,1767391570463,4318.730000000000,4318.770000000000,134
1767391200005,3666,1767391570477,4318.520000000000,4318.560000000000,134
1767391200005,3667,1767391570515,4318.240000000000,4318.280000000000,134
1767391200005,3668,1767391570557,4318.220000000000,4318.260000000000,134
1767391200005,3669,1767391570578,4318.020000000000,4318.210000000000,134
1767391200005,3670,1767391570609,4318.200000000000,4318.290000000000,134
1767391200005,3671,1767391570662,4318.320000000000,4318.360000000000,134
1767391200005,3672,1767391570677,4318.450000000000,4318.580000000000,134
1767391200005,3673,1767391570712,4318.500000000000,4318.700000000000,134
1767391200005,3674,1767391570763,4318.450000000000,4318.650000000000,134
1767391200005,3675,1767391570779,4318.460000000000,4318.650000000000,130
1767391200005,3676,1767391570882,4318.450000000000,4318.650000000000,130
1767391200005,3677,1767391570912,4318.440000000000,4318.600000000000,134
1767391200005,3678,1767391570955,4318.440000000000,4318.570000000000,4
1767391200005,3679,1767391570980,4318.370000000000,4318.570000000000,130
1767391200005,3680,1767391571006,4318.350000000000,4318.550000000000,134
1767391200005,3681,1767391571057,4318.370000000000,4318.570000000000,134
1767391200005,3682,1767391571106,4318.400000000000,4318.600000000000,134
1767391200005,3683,1767391571158,4318.360000000000,4318.560000000000,134
1767391200005,3684,1767391571206,4318.370000000000,4318.570000000000,134
1767391200005,3685,1767391571523,4318.390000000000,4318.570000000000,130
1767391200005,3686,1767391571556,4318.460000000000,4318.660000000000,134
1767391200005,3687,1767391571609,4318.450000000000,4318.650000000000,134
1767391200005,3688,1767391571866,4318.390000000000,4318.530000000000,134
1767391200005,3689,1767391571924,4318.340000000000,4318.530000000000,130
1767391200005,3690,1767391572060,4318.340000000000,4318.540000000000,4
1767391200005,3691,1767391572549,4318.350000000000,4318.540000000000,130
1767391200005,3692,1767391572649,4318.340000000000,4318.540000000000,130
1767391200005,3693,1767391572658,4318.370000000000,4318.570000000000,134
1767391200005,3694,1767391572710,4318.460000000000,4318.610000000000,134
1767391200005,3695,1767391572748,4318.460000000000,4318.660000000000,4
1767391200005,3696,1767391572757,4318.440000000000,4318.640000000000,134
1767391200005,3697,1767391572807,4318.440000000000,4318.600000000000,4
1767391200005,3698,1767391572850,4318.400000000000,4318.600000000000,130
1767391200005,3699,1767391572858,4318.410000000000,4318.610000000000,134
1767391200005,3700,1767391572909,4318.420000000000,4318.620000000000,134
1767391200005,3701,1767391572960,4318.420000000000,4318.610000000000,4
1767391200005,3702,1767391573051,4318.410000000000,4318.610000000000,130
1767391200005,3703,1767391573056,4318.420000000000,4318.620000000000,134
1767391200005,3704,1767391573107,4318.430000000000,4318.630000000000,134
1767391200005,3705,1767391573149,4318.460000000000,4318.630000000000,130
1767391200005,3706,1767391573166,4318.460000000000,4318.660000000000,4
1767391200005,3707,1767391573210,4318.490000000000,4318.690000000000,134
1767391200005,3708,1767391573260,4318.480000000000,4318.680000000000,134
1767391200005,3709,1767391573308,4318.470000000000,4318.670000000000,134
1767391200005,3710,1767391573457,4318.480000000000,4318.680000000000,134
1767391200005,3711,1767391573553,4318.490000000000,4318.680000000000,130
1767391200005,3712,1767391573564,4318.550000000000,4318.750000000000,134
1767391200005,3713,1767391573612,4318.540000000000,4318.740000000000,134
1767391200005,3714,1767391573862,4318.550000000000,4318.750000000000,134
1767391200005,3715,1767391574260,4318.530000000000,4318.730000000000,134
1767391200005,3716,1767391574514,4318.510000000000,4318.600000000000,134
1767391200005,3717,1767391574560,4318.510000000000,4318.610000000000,4
1767391200005,3718,1767391574580,4318.430000000000,4318.610000000000,130
1767391200005,3719,1767391574612,4318.430000000000,4318.590000000000,4
1767391200005,3720,1767391574662,4318.430000000000,4318.600000000000,4
1767391200005,3721,1767391574780,4318.450000000000,4318.600000000000,130
1767391200005,3722,1767391574813,4318.450000000000,4318.640000000000,4
1767391200005,3723,1767391574866,4318.460000000000,4318.660000000000,134
1767391200005,3724,1767391574920,4318.450000000000,4318.650000000000,134
1767391200005,3725,1767391574981,4318.480000000000,4318.650000000000,130
1767391200005,3726,1767391575065,4318.480000000000,4318.680000000000,4
1767391200005,3727,1767391575114,4318.460000000000,4318.660000000000,134
1767391200005,3728,1767391575162,4318.480000000000,4318.680000000000,134
1767391200005,3729,1767391575364,4318.470000000000,4318.670000000000,134
1767391200005,3730,1767391575717,4318.490000000000,4318.690000000000,134
1767391200005,3731,1767391576014,4318.480000000000,4318.680000000000,134
1767391200005,3732,1767391576163,4318.490000000000,4318.690000000000,134
1767391200005,3733,1767391576464,4318.470000000000,4318.670000000000,134
1767391200005,3734,1767391578470,4318.440000000000,4318.640000000000,134
1767391200005,3735,1767391578519,4318.450000000000,4318.650000000000,134
1767391200005,3736,1767391578718,4318.460000000000,4318.660000000000,134
1767391200005,3737,1767391578819,4318.480000000000,4318.680000000000,134
1767391200005,3738,1767391578919,4318.490000000000,4318.690000000000,134
1767391200005,3739,1767391578971,4318.560000000000,4318.760000000000,134
1767391200005,3740,1767391579042,4318.560000000000,4318.730000000000,4
1767391200005,3741,1767391579072,4318.530000000000,4318.730000000000,130
1767391200005,3742,1767391579120,4318.510000000000,4318.710000000000,134
1767391200005,3743,1767391579273,4318.480000000000,4318.680000000000,134
1767391200005,3744,1767391579497,4318.520000000000,4318.680000000000,130
1767391200005,3745,1767391579521,4318.670000000000,4318.790000000000,134
1767391200005,3746,1767391579576,4318.770000000000,4318.810000000000,134
1767391200005,3747,1767391579597,4318.810000000000,4318.980000000000,134
1767391200005,3748,1767391579623,4318.810000000000,4318.990000000000,4
1767391200005,3749,1767391579673,4318.810000000000,4318.950000000000,4
1767391200005,3750,1767391579699,4318.750000000000,4318.950000000000,130
1767391200005,3751,1767391579722,4318.780000000000,4318.980000000000,134
1767391200005,3752,1767391581075,4318.710000000000,4318.890000000000,134
1767391200005,3753,1767391581123,4318.710000000000,4318.870000000000,4
1767391200005,3754,1767391581156,4318.670000000000,4318.870000000000,130
1767391200005,3755,1767391581374,4318.680000000000,4318.880000000000,134
1767391200005,3756,1767391581434,4318.690000000000,4318.890000000000,134
1767391200005,3757,1767391581601,4318.720000000000,4318.890000000000,130
1767391200005,3758,1767391581628,4318.750000000000,4318.950000000000,134
1767391200005,3759,1767391581685,4318.740000000000,4318.940000000000,134
1767391200005,3760,1767391581725,4318.750000000000,4318.950000000000,134
1767391200005,3761,1767391581775,4318.770000000000,4318.970000000000,134
1767391200005,3762,1767391581825,4318.750000000000,4318.950000000000,134
1767391200005,3763,1767391582229,4318.740000000000,4318.940000000000,134
1767391200005,3764,1767391582580,4318.860000000000,4318.960000000000,134
1767391200005,3765,1767391582614,4318.900000000000,4319.060000000000,134
1767391200005,3766,1767391582633,4318.990000000000,4319.170000000000,134
1767391200005,3767,1767391582678,4318.970000000000,4319.170000000000,130
1767391200005,3768,1767391582730,4318.950000000000,4319.150000000000,134
1767391200005,3769,1767391582878,4318.970000000000,4319.170000000000,134
1767391200005,3770,1767391582916,4318.990000000000,4319.170000000000,130
1767391200005,3771,1767391582981,4318.990000000000,4319.150000000000,4
1767391200005,3772,1767391583017,4318.950000000000,4319.150000000000,130
1767391200005,3773,1767391583128,4318.960000000000,4319.160000000000,134
1767391200005,3774,1767391583178,4318.950000000000,4319.150000000000,134
1767391200005,3775,1767391583230,4318.930000000000,4319.130000000000,134
1767391200005,3776,1767391583377,4318.940000000000,4319.140000000000,134
1767391200005,3777,1767391583417,4319.040000000000,4319.140000000000,130
1767391200005,3778,1767391583430,4319.040000000000,4319.240000000000,4
1767391200005,3779,1767391583629,4319.150000000000,4319.310000000000,134
1767391200005,3780,1767391583680,4319.180000000000,4319.310000000000,130
1767391200005,3781,1767391583720,4319.180000000000,4319.380000000000,4
1767391200005,3782,1767391584030,4319.160000000000,4319.350000000000,134
1767391200005,3783,1767391584122,4319.150000000000,4319.340000000000,134
1767391200005,3784,1767391584129,4319.090000000000,4319.290000000000,134
1767391200005,3785,1767391584228,4319.100000000000,4319.300000000000,134
1767391200005,3786,1767391584281,4319.090000000000,4319.290000000000,134
1767391200005,3787,1767391585083,4319.070000000000,4319.110000000000,134
1767391200005,3788,1767391585119,4318.900000000000,4319.030000000000,134
1767391200005,3789,1767391585135,4318.810000000000,4319.010000000000,134
1767391200005,3790,1767391585183,4318.770000000000,4318.970000000000,134
1767391200005,3791,1767391585282,4318.780000000000,4318.980000000000,134
1767391200005,3792,1767391585336,4318.770000000000,4318.970000000000,134
1767391200005,3793,1767391585483,4318.830000000000,4319.010000000000,134
1767391200005,3794,1767391585535,4318.840000000000,4319.010000000000,130
1767391200005,3795,1767391585550,4318.840000000000,4319.040000000000,4
1767391200005,3796,1767391587032,4318.850000000000,4319.050000000000,134
1767391200005,3797,1767391587068,4318.870000000000,4319.050000000000,130
1767391200005,3798,1767391587091,4318.870000000000,4319.040000000000,4
1767391200005,3799,1767391587169,4318.840000000000,4319.040000000000,130
1767391200005,3800,1767391587371,4318.860000000000,4319.040000000000,130
1767391200005,3801,1767391587449,4318.860000000000,4319.010000000000,4
1767391200005,3802,1767391587471,4318.810000000000,4319.010000000000,130
1767391200005,3803,1767391587492,4318.790000000000,4318.960000000000,134
1767391200005,3804,1767391587571,4318.770000000000,4318.960000000000,130
1767391200005,3805,1767391587671,4318.780000000000,4318.960000000000,130
1767391200005,3806,1767391588103,4318.830000000000,4318.960000000000,130
1767391200005,3807,1767391588136,4318.830000000000,4319.030000000000,4
1767391200005,3808,1767391588207,4318.840000000000,4319.030000000000,130
1767391200005,3809,1767391588489,4318.840000000000,4319.010000000000,4
1767391200005,3810,1767391588569,4318.820000000000,4319.010000000000,130
1767391200005,3811,1767391588693,4318.920000000000,4319.090000000000,134
1767391200005,3812,1767391588738,4319.040000000000,4319.090000000000,130
1767391200005,3813,1767391588770,4319.040000000000,4319.240000000000,4
1767391200005,3814,1767391588796,4319.030000000000,4319.230000000000,134
1767391200005,3815,1767391588847,4319.000000000000,4319.160000000000,134
1767391200005,3816,1767391588870,4318.960000000000,4319.160000000000,130
1767391200005,3817,1767391588886,4318.970000000000,4319.170000000000,134
1767391200005,3818,1767391588986,4318.960000000000,4319.160000000000,134
1767391200005,3819,1767391589037,4318.960000000000,4319.150000000000,4
1767391200005,3820,1767391589072,4318.950000000000,4319.150000000000,130
1767391200005,3821,1767391589337,4318.960000000000,4319.160000000000,134
1767391200005,3822,1767391589789,4318.950000000000,4319.150000000000,134
1767391200005,3823,1767391590139,4318.960000000000,4319.160000000000,134
1767391200005,3824,1767391590245,4318.950000000000,4319.150000000000,134
1767391200005,3825,1767391590289,4318.940000000000,4319.140000000000,134
1767391200005,3826,1767391590336,4318.950000000000,4319.140000000000,130
1767391200005,3827,1767391590489,4318.950000000000,4319.150000000000,4
1767391200005,3828,1767391590543,4318.960000000000,4319.160000000000,134
1767391200005,3829,1767391591992,4318.960000000000,4319.140000000000,4
1767391200005,3830,1767391592040,4318.960000000000,4319.160000000000,4
1767391200005,3831,1767391592495,4318.950000000000,4319.140000000000,134
1767391200005,3832,1767391592509,4318.940000000000,4319.140000000000,130
1767391200005,3833,1767391593343,4318.950000000000,4319.150000000000,134
1767391200005,3834,1767391593392,4318.970000000000,4319.170000000000,134
1767391200005,3835,1767391593446,4318.960000000000,4319.150000000000,134
1767391200005,3836,1767391593495,4318.960000000000,4319.160000000000,4
1767391200005,3837,1767391593544,4318.960000000000,4319.140000000000,4
1767391200005,3838,1767391593545,4318.970000000000,4319.140000000000,130
1767391200005,3839,1767391593594,4318.970000000000,4319.150000000000,4
1767391200005,3840,1767391594054,4319.040000000000,4319.240000000000,134
1767391200005,3841,1767391594087,4319.100000000000,4319.240000000000,130
1767391200005,3842,1767391594108,4319.130000000000,4319.330000000000,134
1767391200005,3843,1767391594157,4319.140000000000,4319.340000000000,134
1767391200005,3844,1767391594188,4319.170000000000,4319.340000000000,130
1767391200005,3845,1767391594209,4319.230000000000,4319.430000000000,134
1767391200005,3846,1767391594257,4319.250000000000,4319.440000000000,134
1767391200005,3847,1767391594289,4319.250000000000,4319.450000000000,4
1767391200005,3848,1767391594309,4319.190000000000,4319.380000000000,134
1767391200005,3849,1767391594350,4319.190000000000,4319.250000000000,4
1767391200005,3850,1767391594390,4319.050000000000,4319.250000000000,130
1767391200005,3851,1767391594399,4319.050000000000,4319.230000000000,4
1767391200005,3852,1767391594491,4319.060000000000,4319.230000000000,130
1767391200005,3853,1767391594499,4319.060000000000,4319.220000000000,4
1767391200005,3854,1767391594549,4319.060000000000,4319.230000000000,4
1767391200005,3855,1767391594590,4319.040000000000,4319.230000000000,130
1767391200005,3856,1767391594646,4319.040000000000,4319.220000000000,4
1767391200005,3857,1767391594791,4319.020000000000,4319.220000000000,130
1767391200005,3858,1767391594795,4319.020000000000,4319.170000000000,4
1767391200005,3859,1767391594846,4319.020000000000,4319.180000000000,4
1767391200005,3860,1767391594892,4319.000000000000,4319.180000000000,130
1767391200005,3861,1767391594895,4319.000000000000,4319.160000000000,4
1767391200005,3862,1767391594945,4319.000000000000,4319.170000000000,4
1767391200005,3863,1767391594992,4319.020000000000,4319.170000000000,130
1767391200005,3864,1767391594997,4319.020000000000,4319.150000000000,4
1767391200005,3865,1767391595092,4318.990000000000,4319.150000000000,130
1767391200005,3866,1767391595098,4318.990000000000,4319.160000000000,4
1767391200005,3867,1767391595194,4319.010000000000,4319.160000000000,130
1767391200005,3868,1767391595196,4319.020000000000,4319.220000000000,134
1767391200005,3869,1767391596898,4318.990000000000,4319.080000000000,134
1767391200005,3870,1767391596962,4318.980000000000,4319.020000000000,134
1767391200005,3871,1767391596996,4318.800000000000,4319.000000000000,134
1767391200005,3872,1767391597006,4318.750000000000,4318.950000000000,134
1767391200005,3873,1767391597063,4318.750000000000,4318.930000000000,4
1767391200005,3874,1767391597095,4318.760000000000,4318.930000000000,130
1767391200005,3875,1767391597101,4318.760000000000,4318.950000000000,4
1767391200005,3876,1767391597160,4318.760000000000,4318.940000000000,4
1767391200005,3877,1767391597194,4318.740000000000,4318.940000000000,130
1767391200005,3878,1767391597201,4318.750000000000,4318.950000000000,134
1767391200005,3879,1767391597247,4318.740000000000,4318.930000000000,134
1767391200005,3880,1767391597294,4318.750000000000,4318.930000000000,130
1767391200005,3881,1767391597497,4318.740000000000,4318.930000000000,130
1767391200005,3882,1767391597500,4318.740000000000,4318.940000000000,4
1767391200005,3883,1767391597548,4318.740000000000,4318.930000000000,4
1767391200005,3884,1767391597599,4318.730000000000,4318.930000000000,130
1767391200005,3885,1767391597798,4318.740000000000,4318.940000000000,134
1767391200005,3886,1767391597848,4319.050000000000,4319.090000000000,134
1767391200005,3887,1767391597899,4319.060000000000,4319.100000000000,134
1767391200005,3888,1767391597899,4319.160000000000,4319.360000000000,134
1767391200005,3889,1767391597947,4319.140000000000,4319.280000000000,134
1767391200005,3890,1767391597999,4319.140000000000,4319.260000000000,4
1767391200005,3891,1767391597999,4319.080000000000,4319.260000000000,130
1767391200005,3892,1767391598048,4319.080000000000,4319.250000000000,4
1767391200005,3893,1767391598099,4319.050000000000,4319.250000000000,130
1767391200005,3894,1767391598196,4319.060000000000,4319.260000000000,134
1767391200005,3895,1767391598198,4319.080000000000,4319.260000000000,130
1767391200005,3896,1767391598599,4319.080000000000,4319.250000000000,4
1767391200005,3897,1767391598603,4319.060000000000,4319.250000000000,130
1767391200005,3898,1767391598649,4319.060000000000,4319.260000000000,4
1767391200005,3899,1767391598849,4319.060000000000,4319.250000000000,4
1767391200005,3900,1767391599026,4319.050000000000,4319.250000000000,130
1767391200005,3901,1767391599050,4319.050000000000,4319.210000000000,4
1767391200005,3902,1767391599124,4319.020000000000,4319.210000000000,130
1767391200005,3903,1767391599205,4319.050000000000,4319.250000000000,134
1767391200005,3904,1767391599226,4319.060000000000,4319.250000000000,130
1767391200005,3905,1767391599300,4319.060000000000,4319.260000000000,4
1767391200005,3906,1767391599349,4319.060000000000,4319.250000000000,4
1767391200005,3907,1767391599426,4319.050000000000,4319.250000000000,130
1767391200005,3908,1767391599903,4319.060000000000,4319.260000000000,134
1767391200005,3909,1767391600104,4319.080000000000,4319.280000000000,134
1767391200005,3910,1767391600201,4319.100000000000,4319.300000000000,134
1767391200005,3911,1767391600250,4319.090000000000,4319.290000000000,134
1767391200005,3912,1767391600352,4319.070000000000,4319.260000000000,134
1767391200005,3913,1767391600410,4319.060000000000,4319.260000000000,130
1767391200005,3914,1767391600451,4319.070000000000,4319.270000000000,134
1767391200005,3915,1767391600707,4319.140000000000,4319.330000000000,134
1767391200005,3916,1767391600759,4319.080000000000,4319.280000000000,134
1767391200005,3917,1767391601204,4319.070000000000,4319.270000000000,134
1767391200005,3918,1767391602205,4319.060000000000,4319.260000000000,134
1767391200005,3919,1767391603759,4319.080000000000,4319.280000000000,134
1767391200005,3920,1767391603809,4319.070000000000,4319.260000000000,134
1767391200005,3921,1767391603872,4319.060000000000,4319.260000000000,130
1767391200005,3922,1767391604010,4319.060000000000,4319.240000000000,4
1767391200005,3923,1767391604059,4319.060000000000,4319.250000000000,4
1767391200005,3924,1767391604405,4319.130000000000,4319.250000000000,130
1767391200005,3925,1767391604410,4319.130000000000,4319.300000000000,4
1767391200005,3926,1767391604458,4319.130000000000,4319.320000000000,4
1767391200005,3927,1767391604505,4319.120000000000,4319.320000000000,130
1767391200005,3928,1767391604763,4319.120000000000,4319.250000000000,4
1767391200005,3929,1767391604819,4319.120000000000,4319.230000000000,4
1767391200005,3930,1767391604838,4319.040000000000,4319.230000000000,130
1767391200005,3931,1767391605531,4319.030000000000,4319.230000000000,130
1767391200005,3932,1767391605710,4319.020000000000,4319.220000000000,134
1767391200005,3933,1767391605731,4319.030000000000,4319.220000000000,130
1767391200005,3934,1767391605761,4319.030000000000,4319.230000000000,4
1767391200005,3935,1767391605913,4319.030000000000,4319.220000000000,4
1767391200005,3936,1767391606216,4319.090000000000,4319.290000000000,134
1767391200005,3937,1767391606263,4319.100000000000,4319.300000000000,134
1767391200005,3938,1767391606675,4319.120000000000,4319.320000000000,134
1767391200005,3939,1767391606763,4319.130000000000,4319.330000000000,134
1767391200005,3940,1767391606863,4319.130000000000,4319.310000000000,4
1767391200005,3941,1767391606889,4319.120000000000,4319.310000000000,130
1767391200005,3942,1767391606914,4319.140000000000,4319.340000000000,134
1767391200005,3943,1767391606967,4319.120000000000,4319.320000000000,134
1767391200005,3944,1767391606989,4319.130000000000,4319.320000000000,130
1767391200005,3945,1767391607090,4319.120000000000,4319.320000000000,130
1767391200005,3946,1767391607190,4319.150000000000,4319.320000000000,130
1767391200005,3947,1767391607292,4319.120000000000,4319.320000000000,130
1767391200005,3948,1767391607316,4319.210000000000,4319.390000000000,134
1767391200005,3949,1767391607366,4319.240000000000,4319.390000000000,130
1767391200005,3950,1767391607391,4319.240000000000,4319.430000000000,4
1767391200005,3951,1767391607424,4319.180000000000,4319.380000000000,134
1767391200005,3952,1767391607615,4319.150000000000,4319.350000000000,134
1767391200005,3953,1767391607676,4319.140000000000,4319.340000000000,134
1767391200005,3954,1767391607714,4319.120000000000,4319.310000000000,134
1767391200005,3955,1767391607766,4319.120000000000,4319.250000000000,4
1767391200005,3956,1767391607793,4319.060000000000,4319.250000000000,130
1767391200005,3957,1767391607894,4319.050000000000,4319.250000000000,130
1767391200005,3958,1767391608015,4319.060000000000,4319.260000000000,134
1767391200005,3959,1767391608066,4319.050000000000,4319.250000000000,134
1767391200005,3960,1767391608216,4319.060000000000,4319.260000000000,134
1767391200005,3961,1767391608269,4319.050000000000,4319.250000000000,134
1767391200005,3962,1767391608316,4319.060000000000,4319.260000000000,134
1767391200005,3963,1767391608466,4319.050000000000,4319.250000000000,134
1767391200005,3964,1767391608616,4319.070000000000,4319.260000000000,134
1767391200005,3965,1767391608676,4318.990000000000,4319.170000000000,134
1767391200005,3966,1767391608697,4318.970000000000,4319.170000000000,130
1767391200005,3967,1767391608722,4318.960000000000,4319.160000000000,134
1767391200005,3968,1767391608767,4318.980000000000,4319.180000000000,134
1767391200005,3969,1767391608876,4318.970000000000,4319.170000000000,134
1767391200005,3970,1767391608918,4318.960000000000,4319.160000000000,134
1767391200005,3971,1767391609019,4318.970000000000,4319.170000000000,134
1767391200005,3972,1767391609067,4318.960000000000,4319.160000000000,134
1767391200005,3973,1767391609171,4318.980000000000,4319.180000000000,134
1767391200005,3974,1767391609217,4318.960000000000,4319.160000000000,134
1767391200005,3975,1767391609267,4318.970000000000,4319.170000000000,134
1767391200005,3976,1767391609418,4318.960000000000,4319.160000000000,134
1767391200005,3977,1767391609519,4318.950000000000,4319.150000000000,134
1767391200005,3978,1767391609579,4318.960000000000,4319.160000000000,134
1767391200005,3979,1767391609612,4318.970000000000,4319.160000000000,130
1767391200005,3980,1767391609618,4318.970000000000,4319.150000000000,4
1767391200005,3981,1767391609667,4318.970000000000,4319.160000000000,4
1767391200005,3982,1767391609712,4318.960000000000,4319.160000000000,130
1767391200005,3983,1767391609768,4318.970000000000,4319.170000000000,134
1767391200005,3984,1767391609869,4318.960000000000,4319.160000000000,134
1767391200005,3985,1767391609914,4319.000000000000,4319.160000000000,130
1767391200005,3986,1767391609920,4319.040000000000,4319.240000000000,134
1767391200005,3987,1767391609969,4319.020000000000,4319.220000000000,134
1767391200005,3988,1767391610019,4319.040000000000,4319.240000000000,134
1767391200005,3989,1767391610369,4319.030000000000,4319.220000000000,134
1767391200005,3990,1767391610378,4319.020000000000,4319.220000000000,130
1767391200005,3991,1767391610421,4319.010000000000,4319.180000000000,134
1767391200005,3992,1767391610469,4319.010000000000,4319.170000000000,4
1767391200005,3993,1767391610769,4319.010000000000,4319.050000000000,4
1767391200005,3994,1767391610779,4318.850000000000,4319.040000000000,134
1767391200005,3995,1767391610869,4318.850000000000,4319.050000000000,4
1767391200005,3996,1767391610926,4318.830000000000,4319.030000000000,134
1767391200005,3997,1767391610980,4318.860000000000,4319.030000000000,130
1767391200005,3998,1767391611069,4318.900000000000,4319.100000000000,134
1767391200005,3999,1767391611080,4318.910000000000,4319.100000000000,130
1767391200005,4000,1767391611120,4318.910000000000,4319.060000000000,4
1767391200005,4001,1767391611177,4318.910000000000,4319.070000000000,4
1767391200005,4002,1767391611183,4318.870000000000,4319.070000000000,130
1767391200005,4003,1767391611221,4318.880000000000,4319.080000000000,134
1767391200005,4004,1767391611573,4318.860000000000,4319.040000000000,134
1767391200005,4005,1767391611674,4318.870000000000,4319.070000000000,134
1767391200005,4006,1767391611972,4318.860000000000,4319.050000000000,134
1767391200005,4007,1767391611978,4318.880000000000,4319.050000000000,130
1767391200005,4008,1767391612021,4318.880000000000,4319.080000000000,4
1767391200005,4009,1767391612522,4318.870000000000,4319.070000000000,134
1767391200005,4010,1767391612577,4318.880000000000,4319.080000000000,134
1767391200005,4011,1767391612676,4318.860000000000,4319.050000000000,134
1767391200005,4012,1767391612726,4319.040000000000,4319.130000000000,134
1767391200005,4013,1767391612769,4319.040000000000,4319.240000000000,4
1767391200005,4014,1767391612773,4319.030000000000,4319.120000000000,134
1767391200005,4015,1767391612821,4319.020000000000,4319.060000000000,134
1767391200005,4016,1767391612872,4318.860000000000,4319.050000000000,134
1767391200005,4017,1767391612931,4318.860000000000,4318.930000000000,4
1767391200005,4018,1767391612972,4318.730000000000,4318.870000000000,134
1767391200005,4019,1767391612979,4318.600000000000,4318.800000000000,134
1767391200005,4020,1767391613074,4318.560000000000,4318.760000000000,134
1767391200005,4021,1767391613126,4318.580000000000,4318.780000000000,134
1767391200005,4022,1767391614188,4318.590000000000,4318.780000000000,130
1767391200005,4023,1767391614225,4318.630000000000,4318.830000000000,134
1767391200005,4024,1767391614576,4318.640000000000,4318.840000000000,134
1767391200005,4025,1767391614875,4318.650000000000,4318.850000000000,134
1767391200005,4026,1767391614924,4318.630000000000,4318.830000000000,134
1767391200005,4027,1767391614975,4318.620000000000,4318.790000000000,134
1767391200005,4028,1767391615053,4318.590000000000,4318.790000000000,130
1767391200005,4029,1767391615076,4318.590000000000,4318.730000000000,4
1767391200005,4030,1767391615140,4318.590000000000,4318.750000000000,4
1767391200005,4031,1767391615154,4318.580000000000,4318.750000000000,130
1767391200005,4032,1767391615858,4318.550000000000,4318.750000000000,130
1767391200005,4033,1767391615887,4318.540000000000,4318.730000000000,134
1767391200005,4034,1767391615932,4318.810000000000,4318.850000000000,134
1767391200005,4035,1767391615957,4318.900000000000,4319.040000000000,134
1767391200005,4036,1767391615981,4318.920000000000,4319.120000000000,134
1767391200005,4037,1767391616031,4318.960000000000,4319.160000000000,134
1767391200005,4038,1767391616079,4318.890000000000,4319.050000000000,134
1767391200005,4039,1767391616128,4318.890000000000,4319.040000000000,4
1767391200005,4040,1767391616159,4318.840000000000,4319.040000000000,130
1767391200005,4041,1767391616259,4318.860000000000,4319.040000000000,130
1767391200005,4042,1767391616531,4318.860000000000,4319.050000000000,4
1767391200005,4043,1767391616629,4318.860000000000,4319.060000000000,4
1767391200005,4044,1767391616679,4318.850000000000,4319.050000000000,134
1767391200005,4045,1767391616781,4318.860000000000,4319.060000000000,134
1767391200005,4046,1767391616832,4318.940000000000,4319.110000000000,134
1767391200005,4047,1767391616872,4318.940000000000,4319.140000000000,4
1767391200005,4048,1767391616881,4318.930000000000,4319.130000000000,134
1767391200005,4049,1767391617033,4318.970000000000,4319.170000000000,134
1767391200005,4050,1767391617082,4318.940000000000,4319.140000000000,134
1767391200005,4051,1767391617590,4318.920000000000,4319.110000000000,134
1767391200005,4052,1767391617620,4318.910000000000,4319.110000000000,130
1767391200005,4053,1767391617646,4318.880000000000,4319.080000000000,134
1767391200005,4054,1767391617698,4318.870000000000,4319.050000000000,134
1767391200005,4055,1767391617837,4318.870000000000,4319.070000000000,4
1767391200005,4056,1767391617918,4318.880000000000,4319.070000000000,130
1767391200005,4057,1767391618234,4318.880000000000,4319.080000000000,4
1767391200005,4058,1767391618287,4318.880000000000,4319.070000000000,4
1767391200005,4059,1767391618463,4318.870000000000,4319.070000000000,130
1767391200005,4060,1767391618935,4318.940000000000,4319.090000000000,134
1767391200005,4061,1767391618986,4318.930000000000,4319.090000000000,130
1767391200005,4062,1767391619014,4318.930000000000,4319.130000000000,4
1767391200005,4063,1767391619034,4318.940000000000,4319.140000000000,134
1767391200005,4064,1767391620539,4318.940000000000,4319.140000000000,130
1767391200005,4065,1767391620639,4318.920000000000,4319.120000000000,134
1767391200005,4066,1767391620693,4318.900000000000,4319.050000000000,134
1767391200005,4067,1767391620741,4318.900000000000,4319.040000000000,4
1767391200005,4068,1767391620743,4318.840000000000,4319.040000000000,130
1767391200005,4069,1767391620842,4318.830000000000,4318.970000000000,134
1767391200005,4070,1767391620844,4318.820000000000,4318.970000000000,130
1767391200005,4071,1767391620899,4318.820000000000,4318.940000000000,4
1767391200005,4072,1767391620945,4318.740000000000,4318.940000000000,130
1767391200005,4073,1767391621043,4318.730000000000,4318.800000000000,134
1767391200005,4074,1767391621044,4318.630000000000,4318.800000000000,130
1767391200005,4075,1767391621095,4318.640000000000,4318.840000000000,134
1767391200005,4076,1767391621144,4318.660000000000,4318.840000000000,130
1767391200005,4077,1767391621145,4318.660000000000,4318.830000000000,4
1767391200005,4078,1767391621345,4318.650000000000,4318.830000000000,130
1767391200005,4079,1767391621393,4318.650000000000,4318.840000000000,4
1767391200005,4080,1767391621446,4318.640000000000,4318.840000000000,130
1767391200005,4081,1767391621498,4318.750000000000,4318.900000000000,134
1767391200005,4082,1767391621547,4318.790000000000,4318.950000000000,134
1767391200005,4083,1767391621551,4318.820000000000,4319.020000000000,134
1767391200005,4084,1767391621647,4318.790000000000,4318.930000000000,134
1767391200005,4085,1767391621649,4318.780000000000,4318.930000000000,130
1767391200005,4086,1767391621748,4318.730000000000,4318.930000000000,130
1767391200005,4087,1767391621895,4318.750000000000,4318.950000000000,134
1767391200005,4088,1767391621945,4318.730000000000,4318.920000000000,134
1767391200005,4089,1767391621951,4318.740000000000,4318.920000000000,130
1767391200005,4090,1767391621997,4318.740000000000,4318.940000000000,4
1767391200005,4091,1767391622050,4318.740000000000,4318.920000000000,4
1767391200005,4092,1767391622243,4318.740000000000,4318.940000000000,4
1767391200005,4093,1767391622493,4318.740000000000,4318.920000000000,4
1767391200005,4094,1767391622797,4318.740000000000,4318.940000000000,4
1767391200005,4095,1767391622797,4318.790000000000,4318.940000000000,130
1767391200005,4096,1767391622848,4318.940000000000,4319.060000000000,134
1767391200005,4097,1767391622897,4318.940000000000,4319.140000000000,4
1767391200005,4098,1767391623249,4318.930000000000,4319.130000000000,134
1767391200005,4099,1767391624737,4318.980000000000,4319.130000000000,130
1767391200005,4100,1767391624751,4319.150000000000,4319.250000000000,134
1767391200005,4101,1767391624800,4319.120000000000,4319.250000000000,130
1767391200005,4102,1767391624837,4319.120000000000,4319.320000000000,4
1767391200005,4103,1767391624848,4319.130000000000,4319.330000000000,134
1767391200005,4104,1767391624948,4319.120000000000,4319.320000000000,134
1767391200005,4105,1767391625100,4319.140000000000,4319.340000000000,134
1767391200005,4106,1767391626201,4319.110000000000,4319.310000000000,134
1767391200005,4107,1767391626545,4319.120000000000,4319.310000000000,130
1767391200005,4108,1767391626646,4319.110000000000,4319.310000000000,130
1767391200005,4109,1767391626746,4319.130000000000,4319.310000000000,130
1767391200005,4110,1767391626902,4319.130000000000,4319.330000000000,4
1767391200005,4111,1767391626965,4319.120000000000,4319.310000000000,134
1767391200005,4112,1767391627048,4319.110000000000,4319.310000000000,130
1767391200005,4113,1767391627149,4319.130000000000,4319.310000000000,130
1767391200005,4114,1767391627251,4319.120000000000,4319.310000000000,130
1767391200005,4115,1767391627251,4319.130000000000,4319.330000000000,134
1767391200005,4116,1767391627302,4319.120000000000,4319.310000000000,134
1767391200005,4117,1767391627351,4319.110000000000,4319.310000000000,130
1767391200005,4118,1767391627537,4319.180000000000,4319.310000000000,130
1767391200005,4119,1767391627554,4319.220000000000,4319.420000000000,134
1767391200005,4120,1767391627801,4319.210000000000,4319.410000000000,134
1767391200005,4121,1767391627854,4319.220000000000,4319.420000000000,134
1767391200005,4122,1767391627952,4319.230000000000,4319.430000000000,134
1767391200005,4123,1767391628452,4319.220000000000,4319.420000000000,134
1767391200005,4124,1767391628747,4319.230000000000,4319.420000000000,130
1767391200005,4125,1767391628751,4319.330000000000,4319.500000000000,134
1767391200005,4126,1767391628802,4319.290000000000,4319.490000000000,134
1767391200005,4127,1767391629502,4319.300000000000,4319.500000000000,134
1767391200005,4128,1767391629552,4319.290000000000,4319.490000000000,134
1767391200005,4129,1767391629602,4319.410000000000,4319.540000000000,134
1767391200005,4130,1767391629653,4319.410000000000,4319.610000000000,4
1767391200005,4131,1767391630051,4319.400000000000,4319.600000000000,134
1767391200005,4132,1767391631119,4319.500000000000,4319.670000000000,134
1767391200005,4133,1767391631182,4319.500000000000,4319.700000000000,4
1767391200005,4134,1767391632304,4319.480000000000,4319.570000000000,134
1767391200005,4135,1767391632368,4319.370000000000,4319.570000000000,130
1767391200005,4136,1767391632468,4319.380000000000,4319.570000000000,130
1767391200005,4137,1767391632568,4319.370000000000,4319.570000000000,130
1767391200005,4138,1767391632707,4319.380000000000,4319.580000000000,134
1767391200005,4139,1767391632805,4319.370000000000,4319.550000000000,134
1767391200005,4140,1767391632855,4319.370000000000,4319.570000000000,4
1767391200005,4141,1767391632903,4319.300000000000,4319.500000000000,134
1767391200005,4142,1767391632955,4319.300000000000,4319.490000000000,4
1767391200005,4143,1767391632980,4319.290000000000,4319.490000000000,130
1767391200005,4144,1767391633105,4319.300000000000,4319.500000000000,134
1767391200005,4145,1767391633167,4319.280000000000,4319.480000000000,134
1767391200005,4146,1767391633181,4319.290000000000,4319.480000000000,130
1767391200005,4147,1767391633254,4319.310000000000,4319.510000000000,134
1767391200005,4148,1767391633305,4319.330000000000,4319.530000000000,134
1767391200005,4149,1767391633355,4319.310000000000,4319.420000000000,134
1767391200005,4150,1767391633384,4319.220000000000,4319.420000000000,130
1767391200005,4151,1767391633404,4319.240000000000,4319.440000000000,134
1767391200005,4152,1767391633458,4319.330000000000,4319.490000000000,134
1767391200005,4153,1767391633484,4319.330000000000,4319.530000000000,4
1767391200005,4154,1767391633707,4319.310000000000,4319.510000000000,134
1767391200005,4155,1767391633755,4319.330000000000,4319.530000000000,134
1767391200005,4156,1767391633856,4319.320000000000,4319.520000000000,134
1767391200005,4157,1767391633914,4319.300000000000,4319.460000000000,134
1767391200005,4158,1767391633916,4319.260000000000,4319.460000000000,130
1767391200005,4159,1767391633966,4319.250000000000,4319.450000000000,134
1767391200005,4160,1767391634204,4319.260000000000,4319.460000000000,134
1767391200005,4161,1767391635363,4319.400000000000,4319.510000000000,134
1767391200005,4162,1767391635411,4319.430000000000,4319.510000000000,130
1767391200005,4163,1767391635426,4319.430000000000,4319.630000000000,4
1767391200005,4164,1767391635563,4319.410000000000,4319.610000000000,134
1767391200005,4165,1767391635608,4319.420000000000,4319.620000000000,134
1767391200005,4166,1767391636107,4319.470000000000,4319.620000000000,130
1767391200005,4167,1767391636110,4319.500000000000,4319.700000000000,134
1767391200005,4168,1767391636158,4319.510000000000,4319.710000000000,134
1767391200005,4169,1767391636209,4319.520000000000,4319.710000000000,130
1767391200005,4170,1767391636217,4319.540000000000,4319.740000000000,134
1767391200005,4171,1767391636308,4319.520000000000,4319.690000000000,134
1767391200005,4172,1767391636308,4319.490000000000,4319.690000000000,130
1767391200005,4173,1767391636513,4319.500000000000,4319.700000000000,134
1767391200005,4174,1767391636569,4319.480000000000,4319.600000000000,134
1767391200005,4175,1767391636611,4319.470000000000,4319.600000000000,130
1767391200005,4176,1767391636614,4319.510000000000,4319.710000000000,134
1767391200005,4177,1767391637013,4319.510000000000,4319.700000000000,4
1767391200005,4178,1767391637014,4319.500000000000,4319.700000000000,130
1767391200005,4179,1767391637115,4319.490000000000,4319.690000000000,134
1767391200005,4180,1767391637164,4319.490000000000,4319.610000000000,4
1767391200005,4181,1767391637214,4319.410000000000,4319.610000000000,130
1767391200005,4182,1767391637262,4319.420000000000,4319.620000000000,134
1767391200005,4183,1767391637310,4319.410000000000,4319.610000000000,134
1767391200005,4184,1767391637315,4319.440000000000,4319.610000000000,130
1767391200005,4185,1767391637364,4319.440000000000,4319.540000000000,4
1767391200005,4186,1767391637414,4319.440000000000,4319.530000000000,4
1767391200005,4187,1767391637415,4319.330000000000,4319.530000000000,130
1767391200005,4188,1767391637513,4319.410000000000,4319.580000000000,134
1767391200005,4189,1767391637516,4319.410000000000,4319.610000000000,4
1767391200005,4190,1767391637861,4319.500000000000,4319.680000000000,134
1767391200005,4191,1767391637917,4319.500000000000,4319.700000000000,4
1767391200005,4192,1767391638111,4319.510000000000,4319.710000000000,134
1767391200005,4193,1767391638362,4319.500000000000,4319.700000000000,134
1767391200005,4194,1767391638411,4319.460000000000,4319.600000000000,134
1767391200005,4195,1767391638470,4319.400000000000,4319.600000000000,130
1767391200005,4196,1767391638510,4319.410000000000,4319.610000000000,134
1767391200005,4197,1767391639112,4319.420000000000,4319.620000000000,134
1767391200005,4198,1767391639164,4319.400000000000,4319.600000000000,134
1767391200005,4199,1767391639514,4319.410000000000,4319.610000000000,134
1767391200005,4200,1767391640220,4319.430000000000,4319.630000000000,134
1767391200005,4201,1767391640616,4319.410000000000,4319.610000000000,134
1767391200005,4202,1767391640726,4319.410000000000,4319.510000000000,4
1767391200005,4203,1767391640768,4319.410000000000,4319.460000000000,4
1767391200005,4204,1767391640794,4319.260000000000,4319.460000000000,130
1767391200005,4205,1767391640818,4319.280000000000,4319.480000000000,134
1767391200005,4206,1767391640868,4319.270000000000,4319.470000000000,134
1767391200005,4207,1767391640918,4319.260000000000,4319.460000000000,134
1767391200005,4208,1767391641921,4319.330000000000,4319.510000000000,134
1767391200005,4209,1767391642012,4319.330000000000,4319.530000000000,4
1767391200005,4210,1767391642720,4319.340000000000,4319.540000000000,134
1767391200005,4211,1767391643375,4319.410000000000,4319.570000000000,134
1767391200005,4212,1767391643439,4319.410000000000,4319.610000000000,4
1767391200005,4213,1767391644074,4319.430000000000,4319.630000000000,134
1767391200005,4214,1767391644577,4319.400000000000,4319.600000000000,134
1767391200005,4215,1767391644637,4319.400000000000,4319.560000000000,4
1767391200005,4216,1767391644662,4319.360000000000,4319.560000000000,130
1767391200005,4217,1767391644928,4319.340000000000,4319.480000000000,134
1767391200005,4218,1767391644980,4319.340000000000,4319.470000000000,4
1767391200005,4219,1767391645013,4319.270000000000,4319.470000000000,130
1767391200005,4220,1767391645026,4319.240000000000,4319.440000000000,134
1767391200005,4221,1767391645078,4319.220000000000,4319.420000000000,134
1767391200005,4222,1767391645224,4319.230000000000,4319.430000000000,134
1767391200005,4223,1767391645272,4319.210000000000,4319.410000000000,134
1767391200005,4224,1767391645373,4319.190000000000,4319.320000000000,134
1767391200005,4225,1767391645421,4319.120000000000,4319.320000000000,130
1767391200005,4226,1767391645423,4319.110000000000,4319.310000000000,134
1767391200005,4227,1767391645521,4319.130000000000,4319.310000000000,130
1767391200005,4228,1767391645620,4319.110000000000,4319.310000000000,130
1767391200005,4229,1767391645675,4319.100000000000,4319.300000000000,134
1767391200005,4230,1767391645877,4319.160000000000,4319.360000000000,134
1767391200005,4231,1767391645921,4319.190000000000,4319.360000000000,130
1767391200005,4232,1767391645926,4319.230000000000,4319.430000000000,134
1767391200005,4233,1767391645975,4319.210000000000,4319.410000000000,134
1767391200005,4234,1767391646032,4319.200000000000,4319.400000000000,134
1767391200005,4235,1767391646231,4319.190000000000,4319.390000000000,134
1767391200005,4236,1767391646280,4319.200000000000,4319.400000000000,134
1767391200005,4237,1767391646325,4319.200000000000,4319.380000000000,4
1767391200005,4238,1767391646330,4319.120000000000,4319.320000000000,134
1767391200005,4239,1767391646776,4319.130000000000,4319.330000000000,134
1767391200005,4240,1767391647529,4319.160000000000,4319.360000000000,134
1767391200005,4241,1767391647532,4319.250000000000,4319.360000000000,130
1767391200005,4242,1767391647583,4319.330000000000,4319.520000000000,134
1767391200005,4243,1767391647631,4319.330000000000,4319.530000000000,4
1767391200005,4244,1767391647684,4319.310000000000,4319.510000000000,134
1767391200005,4245,1767391647928,4319.320000000000,4319.520000000000,134
1767391200005,4246,1767391648781,4319.300000000000,4319.500000000000,134
1767391200005,4247,1767391648828,4319.300000000000,4319.470000000000,4
1767391200005,4248,1767391648832,4319.220000000000,4319.420000000000,134
1767391200005,4249,1767391648880,4319.210000000000,4319.410000000000,134
1767391200005,4250,1767391648931,4319.220000000000,4319.420000000000,134
1767391200005,4251,1767391649132,4319.210000000000,4319.410000000000,134
1767391200005,4252,1767391649184,4319.220000000000,4319.420000000000,134
1767391200005,4253,1767391649231,4319.240000000000,4319.440000000000,134
1767391200005,4254,1767391649530,4319.200000000000,4319.400000000000,134
1767391200005,4255,1767391649592,4319.160000000000,4319.360000000000,134
1767391200005,4256,1767391649730,4319.160000000000,4319.340000000000,4
1767391200005,4257,1767391649736,4319.150000000000,4319.340000000000,130
1767391200005,4258,1767391649784,4319.230000000000,4319.420000000000,134
1767391200005,4259,1767391649835,4319.230000000000,4319.430000000000,4
1767391200005,4260,1767391649986,4319.210000000000,4319.410000000000,134
1767391200005,4261,1767391650036,4319.210000000000,4319.400000000000,4
1767391200005,4262,1767391650037,4319.220000000000,4319.400000000000,130
1767391200005,4263,1767391650140,4319.220000000000,4319.420000000000,4
1767391200005,4264,1767391650233,4319.200000000000,4319.240000000000,134
1767391200005,4265,1767391650240,4319.030000000000,4319.230000000000,134
1767391200005,4266,1767391650335,4319.020000000000,4319.220000000000,134
1767391200005,4267,1767391650339,4319.050000000000,4319.220000000000,130
1767391200005,4268,1767391650391,4319.050000000000,4319.230000000000,4
1767391200005,4269,1767391650439,4319.030000000000,4319.230000000000,130
1767391200005,4270,1767391650741,4319.050000000000,4319.230000000000,130
1767391200005,4271,1767391650936,4319.050000000000,4319.140000000000,4
1767391200005,4272,1767391650941,4318.960000000000,4319.140000000000,130
1767391200005,4273,1767391650984,4318.960000000000,4319.120000000000,4
1767391200005,4274,1767391651041,4318.950000000000,4319.120000000000,130
1767391200005,4275,1767391651136,4318.970000000000,4319.170000000000,134
1767391200005,4276,1767391651183,4318.920000000000,4319.120000000000,134
1767391200005,4277,1767391651233,4318.930000000000,4319.130000000000,134
1767391200005,4278,1767391651242,4318.960000000000,4319.130000000000,130
1767391200005,4279,1767391651343,4318.930000000000,4319.130000000000,130
1767391200005,4280,1767391651384,4318.960000000000,4319.160000000000,134
1767391200005,4281,1767391651430,4318.940000000000,4319.140000000000,134
1767391200005,4282,1767391651487,4319.020000000000,4319.210000000000,134
1767391200005,4283,1767391651546,4319.020000000000,4319.220000000000,4
1767391200005,4284,1767391651634,4319.050000000000,4319.250000000000,134
1767391200005,4285,1767391651682,4319.010000000000,4319.210000000000,134
1767391200005,4286,1767391652137,4319.050000000000,4319.250000000000,134
1767391200005,4287,1767391652182,4319.030000000000,4319.230000000000,134
1767391200005,4288,1767391652914,4319.030000000000,4319.220000000000,4
1767391200005,4289,1767391652934,4318.900000000000,4318.940000000000,134
1767391200005,4290,1767391652985,4318.820000000000,4318.860000000000,134
1767391200005,4291,1767391653013,4318.550000000000,4318.720000000000,134
1767391200005,4292,1767391653090,4318.550000000000,4318.730000000000,4
1767391200005,4293,1767391653113,4318.530000000000,4318.730000000000,130
1767391200005,4294,1767391653144,4318.520000000000,4318.720000000000,134
1767391200005,4295,1767391653192,4318.520000000000,4318.710000000000,4
1767391200005,4296,1767391653214,4318.510000000000,4318.710000000000,130
1767391200005,4297,1767391653336,4318.500000000000,4318.690000000000,134
1767391200005,4298,1767391653387,4318.500000000000,4318.700000000000,4
1767391200005,4299,1767391653884,4318.510000000000,4318.710000000000,134
1767391200005,4300,1767391653928,4318.520000000000,4318.710000000000,130
1767391200005,4301,1767391653986,4318.520000000000,4318.720000000000,4
1767391200005,4302,1767391654034,4318.520000000000,4318.700000000000,4
1767391200005,4303,1767391654335,4318.530000000000,4318.730000000000,134
1767391200005,4304,1767391654385,4318.520000000000,4318.700000000000,134
1767391200005,4305,1767391654436,4318.520000000000,4318.720000000000,4
1767391200005,4306,1767391654485,4318.520000000000,4318.690000000000,4
1767391200005,4307,1767391654490,4318.510000000000,4318.690000000000,130
1767391200005,4308,1767391654835,4318.520000000000,4318.720000000000,134
1767391200005,4309,1767391654885,4318.510000000000,4318.700000000000,134
1767391200005,4310,1767391654904,4318.520000000000,4318.700000000000,130
1767391200005,4311,1767391655004,4318.510000000000,4318.700000000000,130
1767391200005,4312,1767391655366,4318.520000000000,4318.700000000000,130
1767391200005,4313,1767391655566,4318.510000000000,4318.700000000000,130
1767391200005,4314,1767391655668,4318.520000000000,4318.700000000000,130
1767391200005,4315,1767391655738,4318.520000000000,4318.720000000000,4
1767391200005,4316,1767391656628,4318.560000000000,4318.720000000000,130
1767391200005,4317,1767391656646,4318.600000000000,4318.800000000000,134
1767391200005,4318,1767391656702,4318.570000000000,4318.770000000000,134
1767391200005,4319,1767391656747,4318.560000000000,4318.710000000000,134
1767391200005,4320,1767391656793,4318.560000000000,4318.730000000000,4
1767391200005,4321,1767391656826,4318.530000000000,4318.730000000000,130
1767391200005,4322,1767391658000,4318.520000000000,4318.720000000000,134
1767391200005,4323,1767391658043,4318.510000000000,4318.710000000000,134
1767391200005,4324,1767391658273,4318.520000000000,4318.710000000000,130
1767391200005,4325,1767391658374,4318.510000000000,4318.710000000000,130
1767391200005,4326,1767391658492,4318.520000000000,4318.720000000000,134
1767391200005,4327,1767391658594,4318.510000000000,4318.710000000000,134
1767391200005,4328,1767391658951,4318.520000000000,4318.720000000000,134
1767391200005,4329,1767391658997,4318.510000000000,4318.710000000000,134
1767391200005,4330,1767391660842,4318.520000000000,4318.720000000000,134
1767391200005,4331,1767391661197,4318.540000000000,4318.740000000000,134
1767391200005,4332,1767391663056,4318.550000000000,4318.750000000000,134
1767391200005,4333,1767391663513,4318.620000000000,4318.780000000000,134
1767391200005,4334,1767391663553,4318.620000000000,4318.810000000000,4
1767391200005,4335,1767391663604,4318.640000000000,4318.810000000000,130
1767391200005,4336,1767391663652,4318.640000000000,4318.840000000000,4
1767391200005,4337,1767391663654,4318.620000000000,4318.780000000000,134
1767391200005,4338,1767391663703,4318.620000000000,4318.820000000000,4
1767391200005,4339,1767391663751,4318.660000000000,4318.820000000000,130
1767391200005,4340,1767391663853,4318.640000000000,4318.820000000000,130
1767391200005,4341,1767391663900,4318.640000000000,4318.840000000000,4
1767391200005,4342,1767391664001,4318.630000000000,4318.820000000000,134
1767391200005,4343,1767391664053,4318.620000000000,4318.820000000000,130
1767391200005,4344,1767391664255,4318.640000000000,4318.820000000000,130
1767391200005,4345,1767391664354,4318.620000000000,4318.820000000000,130
1767391200005,4346,1767391664408,4318.620000000000,4318.730000000000,4
1767391200005,4347,1767391664452,4318.620000000000,4318.810000000000,4
1767391200005,4348,1767391664455,4318.610000000000,4318.810000000000,130
1767391200005,4349,1767391664557,4318.630000000000,4318.830000000000,134
1767391200005,4350,1767391665552,4318.650000000000,4318.850000000000,134
1767391200005,4351,1767391665607,4318.690000000000,4318.890000000000,134
1767391200005,4352,1767391665656,4318.670000000000,4318.870000000000,134
1767391200005,4353,1767391665704,4318.700000000000,4318.900000000000,134
1767391200005,4354,1767391665753,4318.680000000000,4318.880000000000,134
1767391200005,4355,1767391665805,4318.680000000000,4318.870000000000,4
1767391200005,4356,1767391665862,4318.670000000000,4318.870000000000,130
1767391200005,4357,1767391665954,4318.670000000000,4318.860000000000,4
1767391200005,4358,1767391666014,4318.670000000000,4318.840000000000,4
1767391200005,4359,1767391666064,4318.640000000000,4318.840000000000,130
1767391200005,4360,1767391666064,4318.640000000000,4318.790000000000,4
1767391200005,4361,1767391666111,4318.640000000000,4318.760000000000,4
1767391200005,4362,1767391666162,4318.560000000000,4318.760000000000,130
1767391200005,4363,1767391666205,4318.550000000000,4318.750000000000,134
1767391200005,4364,1767391666257,4318.570000000000,4318.770000000000,134
1767391200005,4365,1767391666308,4318.620000000000,4318.820000000000,134
1767391200005,4366,1767391666355,4318.630000000000,4318.830000000000,134
1767391200005,4367,1767391666655,4318.610000000000,4318.810000000000,134
1767391200005,4368,1767391666665,4318.640000000000,4318.810000000000,130
1767391200005,4369,1767391666766,4318.610000000000,4318.810000000000,130
1767391200005,4370,1767391666956,4318.610000000000,4318.750000000000,4
1767391200005,4371,1767391666967,4318.580000000000,4318.750000000000,130
1767391200005,4372,1767391667007,4318.580000000000,4318.770000000000,4
1767391200005,4373,1767391667073,4318.570000000000,4318.770000000000,130
1767391200005,4374,1767391667108,4318.580000000000,4318.780000000000,134
1767391200005,4375,1767391667158,4318.560000000000,4318.760000000000,134
1767391200005,4376,1767391667259,4318.580000000000,4318.780000000000,134
1767391200005,4377,1767391667308,4318.560000000000,4318.760000000000,134
1767391200005,4378,1767391667459,4318.600000000000,4318.800000000000,134
1767391200005,4379,1767391667509,4318.600000000000,4318.790000000000,4
1767391200005,4380,1767391667571,4318.590000000000,4318.790000000000,130
1767391200005,4381,1767391667660,4318.580000000000,4318.720000000000,134
1767391200005,4382,1767391667671,4318.550000000000,4318.720000000000,130
1767391200005,4383,1767391667760,4318.570000000000,4318.770000000000,134
1767391200005,4384,1767391667808,4318.560000000000,4318.750000000000,134
1767391200005,4385,1767391667862,4318.560000000000,4318.740000000000,4
1767391200005,4386,1767391667910,4318.560000000000,4318.720000000000,4
1767391200005,4387,1767391667958,4318.560000000000,4318.710000000000,4
1767391200005,4388,1767391667974,4318.510000000000,4318.710000000000,130
1767391200005,4389,1767391668008,4318.530000000000,4318.730000000000,134
1767391200005,4390,1767391668259,4318.550000000000,4318.750000000000,134
1767391200005,4391,1767391670564,4318.570000000000,4318.770000000000,134
1767391200005,4392,1767391670615,4318.650000000000,4318.800000000000,134
1767391200005,4393,1767391670668,4318.650000000000,4318.850000000000,4
1767391200005,4394,1767391671017,4318.470000000000,4318.670000000000,134
1767391200005,4395,1767391671066,4318.420000000000,4318.620000000000,134
1767391200005,4396,1767391671115,4318.440000000000,4318.640000000000,134
1767391200005,4397,1767391671364,4318.450000000000,4318.650000000000,134
1767391200005,4398,1767391671619,4318.440000000000,4318.610000000000,134
1767391200005,4399,1767391671666,4318.440000000000,4318.640000000000,4
1767391200005,4400,1767391671964,4318.430000000000,4318.620000000000,134
1767391200005,4401,1767391671994,4318.420000000000,4318.620000000000,130
1767391200005,4402,1767391672023,4318.440000000000,4318.640000000000,134
1767391200005,4403,1767391672065,4318.430000000000,4318.630000000000,134
1767391200005,4404,1767391672121,4318.450000000000,4318.650000000000,134
1767391200005,4405,1767391672318,4318.440000000000,4318.640000000000,134
1767391200005,4406,1767391673466,4318.420000000000,4318.620000000000,134
1767391200005,4407,1767391674019,4318.360000000000,4318.430000000000,134
1767391200005,4408,1767391674069,4318.330000000000,4318.370000000000,134
1767391200005,4409,1767391674088,4318.140000000000,4318.340000000000,134
1767391200005,4410,1767391674188,4318.150000000000,4318.340000000000,130
1767391200005,4411,1767391674288,4318.140000000000,4318.340000000000,130
1767391200005,4412,1767391674387,4318.150000000000,4318.340000000000,130
1767391200005,4413,1767391674471,4318.240000000000,4318.420000000000,134
1767391200005,4414,1767391674488,4318.240000000000,4318.440000000000,4
1767391200005,4415,1767391674588,4318.260000000000,4318.440000000000,130
1767391200005,4416,1767391674618,4318.260000000000,4318.450000000000,4
1767391200005,4417,1767391674667,4318.260000000000,4318.430000000000,4
1767391200005,4418,1767391674690,4318.240000000000,4318.430000000000,130
1767391200005,4419,1767391674790,4318.230000000000,4318.430000000000,130
1767391200005,4420,1767391674891,4318.280000000000,4318.430000000000,130
1767391200005,4421,1767391674920,4318.280000000000,4318.440000000000,4
1767391200005,4422,1767391674992,4318.270000000000,4318.440000000000,130
1767391200005,4423,1767391675019,4318.270000000000,4318.430000000000,4
1767391200005,4424,1767391675169,4318.270000000000,4318.420000000000,4
1767391200005,4425,1767391675192,4318.260000000000,4318.420000000000,130
1767391200005,4426,1767391675221,4318.260000000000,4318.430000000000,4
1767391200005,4427,1767391675277,4318.290000000000,4318.490000000000,134
1767391200005,4428,1767391675320,4318.290000000000,4318.450000000000,4
1767391200005,4429,1767391675370,4318.290000000000,4318.440000000000,4
1767391200005,4430,1767391675392,4318.250000000000,4318.440000000000,130
1767391200005,4431,1767391675426,4318.260000000000,4318.460000000000,134
1767391200005,4432,1767391675469,4318.410000000000,4318.520000000000,134
1767391200005,4433,1767391675494,4318.410000000000,4318.610000000000,4
1767391200005,4434,1767391675524,4318.420000000000,4318.620000000000,134
1767391200005,4435,1767391675720,4318.410000000000,4318.580000000000,134
1767391200005,4436,1767391675772,4318.410000000000,4318.520000000000,4
1767391200005,4437,1767391675796,4318.320000000000,4318.520000000000,130
1767391200005,4438,1767391675823,4318.290000000000,4318.470000000000,134
1767391200005,4439,1767391675897,4318.270000000000,4318.470000000000,130
1767391200005,4440,1767391675974,4318.260000000000,4318.460000000000,134
1767391200005,4441,1767391675997,4318.270000000000,4318.460000000000,130
1767391200005,4442,1767391676097,4318.260000000000,4318.460000000000,130
1767391200005,4443,1767391676340,4318.270000000000,4318.470000000000,134
1767391200005,4444,1767391676369,4318.260000000000,4318.460000000000,134
1767391200005,4445,1767391676419,4318.270000000000,4318.460000000000,130
1767391200005,4446,1767391676426,4318.270000000000,4318.470000000000,4
1767391200005,4447,1767391676669,4318.260000000000,4318.460000000000,134
1767391200005,4448,1767391676670,4318.270000000000,4318.460000000000,130
1767391200005,4449,1767391676872,4318.290000000000,4318.490000000000,134
1767391200005,4450,1767391676876,4318.320000000000,4318.490000000000,130
1767391200005,4451,1767391676920,4318.320000000000,4318.470000000000,4
1767391200005,4452,1767391676970,4318.320000000000,4318.480000000000,4
1767391200005,4453,1767391676973,4318.340000000000,4318.480000000000,130
1767391200005,4454,1767391677021,4318.340000000000,4318.500000000000,4
1767391200005,4455,1767391677069,4318.340000000000,4318.470000000000,4
1767391200005,4456,1767391677073,4318.280000000000,4318.470000000000,130
1767391200005,4457,1767391677173,4318.270000000000,4318.470000000000,130
1767391200005,4458,1767391677175,4318.270000000000,4318.460000000000,4
1767391200005,4459,1767391677230,4318.270000000000,4318.450000000000,4
1767391200005,4460,1767391677273,4318.260000000000,4318.450000000000,130
1767391200005,4461,1767391677284,4318.260000000000,4318.460000000000,4
1767391200005,4462,1767391677332,4318.260000000000,4318.430000000000,4
1767391200005,4463,1767391677373,4318.250000000000,4318.430000000000,130
1767391200005,4464,1767391677474,4318.260000000000,4318.430000000000,130
1767391200005,4465,1767391677574,4318.230000000000,4318.430000000000,130
1767391200005,4466,1767391677674,4318.250000000000,4318.430000000000,130
1767391200005,4467,1767391677776,4318.230000000000,4318.430000000000,130
1767391200005,4468,1767391678178,4318.270000000000,4318.430000000000,130
1767391200005,4469,1767391678279,4318.230000000000,4318.430000000000,130
1767391200005,4470,1767391678378,4318.290000000000,4318.430000000000,130
1767391200005,4471,1767391678421,4318.290000000000,4318.420000000000,4
1767391200005,4472,1767391678485,4318.220000000000,4318.420000000000,130
1767391200005,4473,1767391678620,4318.230000000000,4318.430000000000,134
1767391200005,4474,1767391678672,4318.320000000000,4318.470000000000,134
1767391200005,4475,1767391678680,4318.360000000000,4318.520000000000,134
1767391200005,4476,1767391678780,4318.320000000000,4318.520000000000,130
1767391200005,4477,1767391678882,4318.330000000000,4318.520000000000,130
1767391200005,4478,1767391680320,4318.330000000000,4318.520000000000,130
1767391200005,4479,1767391680329,4318.330000000000,4318.530000000000,4
1767391200005,4480,1767391680825,4318.350000000000,4318.550000000000,134
1767391200005,4481,1767391680834,4318.410000000000,4318.550000000000,130
1767391200005,4482,1767391680887,4318.430000000000,4318.630000000000,134
1767391200005,4483,1767391680932,4318.450000000000,4318.630000000000,130
1767391200005,4484,1767391680976,4318.510000000000,4318.710000000000,134
1767391200005,4485,1767391681033,4318.600000000000,4318.710000000000,130
1767391200005,4486,1767391681035,4318.640000000000,4318.840000000000,134
1767391200005,4487,1767391681082,4318.650000000000,4318.850000000000,134
1767391200005,4488,1767391681132,4318.660000000000,4318.860000000000,134
1767391200005,4489,1767391681183,4318.650000000000,4318.850000000000,134
1767391200005,4490,1767391681227,4318.640000000000,4318.840000000000,134
1767391200005,4491,1767391681288,4318.650000000000,4318.850000000000,134
1767391200005,4492,1767391681333,4318.640000000000,4318.840000000000,134
1767391200005,4493,1767391681429,4318.630000000000,4318.830000000000,134
1767391200005,4494,1767391681435,4318.660000000000,4318.830000000000,130
1767391200005,4495,1767391681534,4318.640000000000,4318.830000000000,130
1767391200005,4496,1767391681646,4318.630000000000,4318.830000000000,130
1767391200005,4497,1767391681946,4318.640000000000,4318.830000000000,130
1767391200005,4498,1767391682080,4318.640000000000,4318.840000000000,4
1767391200005,4499,1767391682128,4318.720000000000,4318.910000000000,134
1767391200005,4500,1767391682164,4318.720000000000,4318.920000000000,4
1767391200005,4501,1767391682177,4318.710000000000,4318.910000000000,134
1767391200005,4502,1767391682428,4318.700000000000,4318.900000000000,134
1767391200005,4503,1767391682885,4318.720000000000,4318.920000000000,134
1767391200005,4504,1767391682947,4318.800000000000,4318.960000000000,134
1767391200005,4505,1767391682977,4318.800000000000,4319.000000000000,4
1767391200005,4506,1767391683081,4318.820000000000,4319.020000000000,134
1767391200005,4507,1767391683131,4318.790000000000,4318.990000000000,134
1767391200005,4508,1767391683430,4318.780000000000,4318.980000000000,134
1767391200005,4509,1767391683630,4318.800000000000,4319.000000000000,134
1767391200005,4510,1767391684191,4319.060000000000,4319.100000000000,134
1767391200005,4511,1767391684196,4319.310000000000,4319.350000000000,134
1767391200005,4512,1767391684240,4319.500000000000,4319.610000000000,134
1767391200005,4513,1767391684301,4319.500000000000,4319.700000000000,4
1767391200005,4514,1767391684434,4319.450000000000,4319.540000000000,134
1767391200005,4515,1767391684482,4319.440000000000,4319.480000000000,134
1767391200005,4516,1767391684501,4319.260000000000,4319.460000000000,134
1767391200005,4517,1767391684688,4319.330000000000,4319.480000000000,134
1767391200005,4518,1767391684702,4319.330000000000,4319.530000000000,4
1767391200005,4519,1767391684732,4319.320000000000,4319.520000000000,134
1767391200005,4520,1767391684781,4319.330000000000,4319.530000000000,134
1767391200005,4521,1767391684981,4319.310000000000,4319.510000000000,134
1767391200005,4522,1767391685089,4319.320000000000,4319.520000000000,134
1767391200005,4523,1767391685184,4319.310000000000,4319.510000000000,134
1767391200005,4524,1767391685237,4319.320000000000,4319.520000000000,134
1767391200005,4525,1767391685335,4319.420000000000,4319.560000000000,134
1767391200005,4526,1767391685405,4319.420000000000,4319.620000000000,4
1767391200005,4527,1767391685433,4319.410000000000,4319.610000000000,134
1767391200005,4528,1767391685637,4319.430000000000,4319.630000000000,134
1767391200005,4529,1767391686033,4319.370000000000,4319.500000000000,134
1767391200005,4530,1767391686039,4319.300000000000,4319.500000000000,130
1767391200005,4531,1767391686087,4319.330000000000,4319.530000000000,134
1767391200005,4532,1767391686134,4319.310000000000,4319.510000000000,134
1767391200005,4533,1767391686289,4319.240000000000,4319.400000000000,134
1767391200005,4534,1767391686335,4319.240000000000,4319.410000000000,4
1767391200005,4535,1767391686362,4319.210000000000,4319.410000000000,130
1767391200005,4536,1767391686384,4319.230000000000,4319.430000000000,134
1767391200005,4537,1767391686435,4319.200000000000,4319.400000000000,134
1767391200005,4538,1767391686462,4319.220000000000,4319.400000000000,130
1767391200005,4539,1767391686486,4319.230000000000,4319.430000000000,134
1767391200005,4540,1767391686586,4319.220000000000,4319.420000000000,134
1767391200005,4541,1767391687235,4319.210000000000,4319.410000000000,134
1767391200005,4542,1767391687335,4319.180000000000,4319.360000000000,134
1767391200005,4543,1767391687392,4319.180000000000,4319.320000000000,4
1767391200005,4544,1767391687418,4319.120000000000,4319.320000000000,130
1767391200005,4545,1767391687537,4319.110000000000,4319.310000000000,134
1767391200005,4546,1767391687686,4319.120000000000,4319.320000000000,134
1767391200005,4547,1767391687737,4319.130000000000,4319.330000000000,134
1767391200005,4548,1767391687788,4319.100000000000,4319.250000000000,134
1767391200005,4549,1767391687819,4319.050000000000,4319.250000000000,130
1767391200005,4550,1767391687836,4319.040000000000,4319.240000000000,134
1767391200005,4551,1767391687940,4319.020000000000,4319.220000000000,134
1767391200005,4552,1767391688096,4319.140000000000,4319.260000000000,134
1767391200005,4553,1767391688120,4319.140000000000,4319.330000000000,4
1767391200005,4554,1767391688141,4319.120000000000,4319.320000000000,134
1767391200005,4555,1767391688239,4319.140000000000,4319.340000000000,134
1767391200005,4556,1767391688290,4319.110000000000,4319.310000000000,134
1767391200005,4557,1767391688321,4319.190000000000,4319.310000000000,130
1767391200005,4558,1767391688344,4319.410000000000,4319.460000000000,134
1767391200005,4559,1767391688387,4319.430000000000,4319.470000000000,134
1767391200005,4560,1767391688421,4319.430000000000,4319.630000000000,4
1767391200005,4561,1767391688522,4319.430000000000,4319.570000000000,4
1767391200005,4562,1767391688538,4319.350000000000,4319.550000000000,134
1767391200005,4563,1767391688587,4319.360000000000,4319.560000000000,134
1767391200005,4564,1767391688989,4319.340000000000,4319.540000000000,134
1767391200005,4565,1767391689238,4319.370000000000,4319.570000000000,134
1767391200005,4566,1767391689288,4319.350000000000,4319.550000000000,134
1767391200005,4567,1767391689639,4319.340000000000,4319.540000000000,134
1767391200005,4568,1767391689748,4319.310000000000,4319.460000000000,134
1767391200005,4569,1767391689757,4319.260000000000,4319.460000000000,130
1767391200005,4570,1767391689993,4319.270000000000,4319.470000000000,134
1767391200005,4571,1767391690049,4319.260000000000,4319.460000000000,134
1767391200005,4572,1767391690291,4319.270000000000,4319.470000000000,134
1767391200005,4573,1767391690343,4319.260000000000,4319.460000000000,134
1767391200005,4574,1767391690391,4319.270000000000,4319.470000000000,134
1767391200005,4575,1767391690543,4319.240000000000,4319.410000000000,134
1767391200005,4576,1767391690563,4319.210000000000,4319.410000000000,130
1767391200005,4577,1767391690642,4319.250000000000,4319.450000000000,134
1767391200005,4578,1767391690691,4319.260000000000,4319.450000000000,130
1767391200005,4579,1767391690740,4319.270000000000,4319.450000000000,130
1767391200005,4580,1767391690763,4319.270000000000,4319.470000000000,4
1767391200005,4581,1767391690794,4319.250000000000,4319.450000000000,134
1767391200005,4582,1767391691046,4319.240000000000,4319.440000000000,134
1767391200005,4583,1767391691392,4319.250000000000,4319.450000000000,134
1767391200005,4584,1767391692046,4319.240000000000,4319.440000000000,134
1767391200005,4585,1767391692148,4319.250000000000,4319.450000000000,134
1767391200005,4586,1767391692397,4319.200000000000,4319.400000000000,134
1767391200005,4587,1767391692447,4319.220000000000,4319.420000000000,134
1767391200005,4588,1767391692647,4319.200000000000,4319.400000000000,134
1767391200005,4589,1767391692702,4319.220000000000,4319.420000000000,134
1767391200005,4590,1767391692748,4319.210000000000,4319.410000000000,134
1767391200005,4591,1767391693249,4319.200000000000,4319.400000000000,134
1767391200005,4592,1767391693400,4319.140000000000,4319.280000000000,134
1767391200005,4593,1767391693449,4319.140000000000,4319.290000000000,4
1767391200005,4594,1767391693467,4319.090000000000,4319.290000000000,130
1767391200005,4595,1767391693499,4319.080000000000,4319.280000000000,134
1767391200005,4596,1767391693549,4319.090000000000,4319.290000000000,134
1767391200005,4597,1767391693601,4319.080000000000,4319.280000000000,134
1767391200005,4598,1767391693656,4319.070000000000,4319.270000000000,134
1767391200005,4599,1767391693749,4319.130000000000,4319.320000000000,134
1767391200005,4600,1767391693771,4319.130000000000,4319.330000000000,4
1767391200005,4601,1767391693799,4319.150000000000,4319.350000000000,134
1767391200005,4602,1767391694168,4319.140000000000,4319.340000000000,134
1767391200005,4603,1767391694209,4319.170000000000,4319.370000000000,134
1767391200005,4604,1767391694256,4319.160000000000,4319.360000000000,134
1767391200005,4605,1767391694408,4319.120000000000,4319.290000000000,134
1767391200005,4606,1767391694472,4319.100000000000,4319.290000000000,130
1767391200005,4607,1767391694702,4319.100000000000,4319.280000000000,4
1767391200005,4608,1767391694752,4319.110000000000,4319.310000000000,134
1767391200005,4609,1767391694803,4319.120000000000,4319.320000000000,134
1767391200005,4610,1767391694854,4319.140000000000,4319.340000000000,134
1767391200005,4611,1767391694903,4319.100000000000,4319.290000000000,134
1767391200005,4612,1767391694953,4319.110000000000,4319.310000000000,134
1767391200005,4613,1767391695104,4319.100000000000,4319.300000000000,134
1767391200005,4614,1767391695252,4319.090000000000,4319.290000000000,134
1767391200005,4615,1767391695302,4319.110000000000,4319.310000000000,134
1767391200005,4616,1767391696155,4319.080000000000,4319.260000000000,134
1767391200005,4617,1767391696161,4319.060000000000,4319.260000000000,130
1767391200005,4618,1767391696554,4319.090000000000,4319.290000000000,134
1767391200005,4619,1767391696654,4319.100000000000,4319.300000000000,134
1767391200005,4620,1767391696704,4319.080000000000,4319.280000000000,134
1767391200005,4621,1767391696763,4319.090000000000,4319.290000000000,134
1767391200005,4622,1767391696857,4319.080000000000,4319.280000000000,134
1767391200005,4623,1767391697054,4319.090000000000,4319.290000000000,134
1767391200005,4624,1767391697113,4319.070000000000,4319.270000000000,134
1767391200005,4625,1767391697810,4319.140000000000,4319.340000000000,134
1767391200005,4626,1767391698305,4319.140000000000,4319.330000000000,4
1767391200005,4627,1767391698310,4319.060000000000,4319.250000000000,134
1767391200005,4628,1767391698360,4319.060000000000,4319.210000000000,4
1767391200005,4629,1767391698404,4319.010000000000,4319.210000000000,130
1767391200005,4630,1767391698411,4318.980000000000,4319.180000000000,134
1767391200005,4631,1767391698460,4319.010000000000,4319.210000000000,134
1767391200005,4632,1767391698504,4319.010000000000,4319.200000000000,4
1767391200005,4633,1767391698510,4318.990000000000,4319.190000000000,134
1767391200005,4634,1767391698615,4319.010000000000,4319.210000000000,134
1767391200005,4635,1767391698660,4318.980000000000,4319.180000000000,134
1767391200005,4636,1767391698710,4318.990000000000,4319.190000000000,134
1767391200005,4637,1767391698761,4318.980000000000,4319.180000000000,134
1767391200005,4638,1767391698909,4319.000000000000,4319.200000000000,134
1767391200005,4639,1767391698958,4318.970000000000,4319.160000000000,134
1767391200005,4640,1767391699007,4318.980000000000,4319.160000000000,130
1767391200005,4641,1767391699011,4318.980000000000,4319.170000000000,4
1767391200005,4642,1767391699061,4318.980000000000,4319.160000000000,4
1767391200005,4643,1767391699108,4318.960000000000,4319.160000000000,130
1767391200005,4644,1767391699111,4318.970000000000,4319.170000000000,134
1767391200005,4645,1767391699213,4318.960000000000,4319.160000000000,134
1767391200005,4646,1767391699312,4319.010000000000,4319.200000000000,134
1767391200005,4647,1767391699364,4318.960000000000,4319.160000000000,134
1767391200005,4648,1767391699411,4318.980000000000,4319.180000000000,134
1767391200005,4649,1767391699460,4318.970000000000,4319.170000000000,134
1767391200005,4650,1767391699510,4318.940000000000,4319.140000000000,134
1767391200005,4651,1767391699561,4318.930000000000,4319.100000000000,134
1767391200005,4652,1767391699609,4318.900000000000,4319.100000000000,130
1767391200005,4653,1767391699659,4318.910000000000,4319.110000000000,134
1767391200005,4654,1767391699711,4318.900000000000,4319.090000000000,134
1767391200005,4655,1767391699711,4318.910000000000,4319.090000000000,130
1767391200005,4656,1767391699761,4318.920000000000,4319.120000000000,134
1767391200005,4657,1767391699810,4318.900000000000,4319.100000000000,134
1767391200005,4658,1767391700263,4318.960000000000,4319.150000000000,134
1767391200005,4659,1767391700343,4318.960000000000,4319.160000000000,4
1767391200005,4660,1767391701012,4318.930000000000,4319.130000000000,134
1767391200005,4661,1767391701062,4318.940000000000,4319.140000000000,134
1767391200005,4662,1767391701114,4318.930000000000,4319.130000000000,134
1767391200005,4663,1767391701215,4318.950000000000,4319.150000000000,134
1767391200005,4664,1767391701314,4318.940000000000,4319.140000000000,134
1767391200005,4665,1767391701562,4318.950000000000,4319.150000000000,134
1767391200005,4666,1767391702221,4318.940000000000,4319.140000000000,134
1767391200005,4667,1767391702665,4318.950000000000,4319.150000000000,134
1767391200005,4668,1767391703166,4318.880000000000,4319.060000000000,134
1767391200005,4669,1767391703219,4318.880000000000,4319.070000000000,4
1767391200005,4670,1767391703261,4318.870000000000,4319.070000000000,130
1767391200005,4671,1767391703267,4318.890000000000,4319.090000000000,134
1767391200005,4672,1767391703319,4318.900000000000,4319.100000000000,134
1767391200005,4673,1767391703361,4318.920000000000,4319.100000000000,130
1767391200005,4674,1767391703367,4318.930000000000,4319.130000000000,134
1767391200005,4675,1767391703520,4318.940000000000,4319.140000000000,134
1767391200005,4676,1767391703560,4318.950000000000,4319.140000000000,130
1767391200005,4677,1767391703720,4318.950000000000,4319.150000000000,4
1767391200005,4678,1767391703764,4318.970000000000,4319.150000000000,130
1767391200005,4679,1767391703768,4318.980000000000,4319.180000000000,134
1767391200005,4680,1767391703867,4318.970000000000,4319.160000000000,134
1767391200005,4681,1767391703917,4319.020000000000,4319.220000000000,134
1767391200005,4682,1767391703967,4319.000000000000,4319.200000000000,134
1767391200005,4683,1767391704017,4318.970000000000,4319.160000000000,134
1767391200005,4684,1767391704063,4318.960000000000,4319.160000000000,130
1767391200005,4685,1767391704162,4318.970000000000,4319.160000000000,130
1767391200005,4686,1767391704167,4318.970000000000,4319.170000000000,4
1767391200005,4687,1767391704216,4318.970000000000,4319.160000000000,4
1767391200005,4688,1767391704262,4319.000000000000,4319.160000000000,130
1767391200005,4689,1767391704265,4319.010000000000,4319.210000000000,134
1767391200005,4690,1767391704324,4319.020000000000,4319.220000000000,134
1767391200005,4691,1767391704374,4318.980000000000,4319.170000000000,134
1767391200005,4692,1767391704419,4318.980000000000,4319.160000000000,4
1767391200005,4693,1767391704465,4318.960000000000,4319.160000000000,130
1767391200005,4694,1767391704471,4318.970000000000,4319.170000000000,134
1767391200005,4695,1767391704519,4318.960000000000,4319.160000000000,134
1767391200005,4696,1767391705118,4318.950000000000,4319.150000000000,134
1767391200005,4697,1767391705178,4318.960000000000,4319.160000000000,134
1767391200005,4698,1767391705233,4318.950000000000,4319.150000000000,134
1767391200005,4699,1767391705526,4318.940000000000,4319.140000000000,134
1767391200005,4700,1767391706128,4318.960000000000,4319.160000000000,134
1767391200005,4701,1767391707224,4319.020000000000,4319.190000000000,134
1767391200005,4702,1767391707274,4319.060000000000,4319.190000000000,130
1767391200005,4703,1767391707298,4319.060000000000,4319.260000000000,4
1767391200005,4704,1767391707377,4319.070000000000,4319.270000000000,134
1767391200005,4705,1767391707398,4319.120000000000,4319.270000000000,130
1767391200005,4706,1767391707424,4319.140000000000,4319.340000000000,134
1767391200005,4707,1767391707822,4319.130000000000,4319.330000000000,134
1767391200005,4708,1767391707871,4319.150000000000,4319.350000000000,134
1767391200005,4709,1767391707922,4319.160000000000,4319.360000000000,134
1767391200005,4710,1767391708471,4319.150000000000,4319.350000000000,134
1767391200005,4711,1767391708515,4319.310000000000,4319.350000000000,130
1767391200005,4712,1767391708525,4319.340000000000,4319.540000000000,134
1767391200005,4713,1767391708574,4319.330000000000,4319.530000000000,134
1767391200005,4714,1767391709273,4319.330000000000,4319.470000000000,4
1767391200005,4715,1767391709320,4319.270000000000,4319.470000000000,130
1767391200005,4716,1767391709324,4319.260000000000,4319.460000000000,134
1767391200005,4717,1767391709372,4319.240000000000,4319.440000000000,134
1767391200005,4718,1767391709420,4319.270000000000,4319.440000000000,130
1767391200005,4719,1767391709423,4319.270000000000,4319.450000000000,4
1767391200005,4720,1767391709521,4319.250000000000,4319.450000000000,130
1767391200005,4721,1767391709524,4319.260000000000,4319.460000000000,134
1767391200005,4722,1767391709575,4319.250000000000,4319.450000000000,134
1767391200005,4723,1767391709673,4319.260000000000,4319.460000000000,134
1767391200005,4724,1767391709875,4319.290000000000,4319.490000000000,134
1767391200005,4725,1767391709923,4319.330000000000,4319.490000000000,130
1767391200005,4726,1767391709931,4319.330000000000,4319.530000000000,4
1767391200005,4727,1767391709978,4319.350000000000,4319.550000000000,134
1767391200005,4728,1767391710323,4319.360000000000,4319.560000000000,134
1767391200005,4729,1767391710429,4319.350000000000,4319.550000000000,134
1767391200005,4730,1767391710577,4319.420000000000,4319.590000000000,134
1767391200005,4731,1767391710625,4319.430000000000,4319.590000000000,130
1767391200005,4732,1767391710627,4319.430000000000,4319.630000000000,4
1767391200005,4733,1767391710677,4319.400000000000,4319.600000000000,134
1767391200005,4734,1767391710725,4319.390000000000,4319.540000000000,134
1767391200005,4735,1767391710728,4319.340000000000,4319.540000000000,130
1767391200005,4736,1767391711276,4319.420000000000,4319.590000000000,134
1767391200005,4737,1767391711332,4319.420000000000,4319.620000000000,4
1767391200005,4738,1767391711477,4319.400000000000,4319.470000000000,134
1767391200005,4739,1767391711526,4319.400000000000,4319.450000000000,4
1767391200005,4740,1767391711531,4319.250000000000,4319.450000000000,130
1767391200005,4741,1767391711626,4319.260000000000,4319.460000000000,134
1767391200005,4742,1767391711827,4319.240000000000,4319.440000000000,134
1767391200005,4743,1767391712679,4319.220000000000,4319.410000000000,134
1767391200005,4744,1767391712730,4319.220000000000,4319.420000000000,4
1767391200005,4745,1767391712929,4319.230000000000,4319.430000000000,134
1767391200005,4746,1767391713533,4319.200000000000,4319.270000000000,134
1767391200005,4747,1767391713579,4319.200000000000,4319.290000000000,4
1767391200005,4748,1767391713594,4319.090000000000,4319.290000000000,130
1767391200005,4749,1767391714501,4319.140000000000,4319.290000000000,130
1767391200005,4750,1767391714536,4319.180000000000,4319.380000000000,134
1767391200005,4751,1767391714583,4319.240000000000,4319.410000000000,134
1767391200005,4752,1767391714609,4319.240000000000,4319.440000000000,4
1767391200005,4753,1767391715030,4319.250000000000,4319.450000000000,134
1767391200005,4754,1767391715532,4319.230000000000,4319.430000000000,134
1767391200005,4755,1767391715584,4319.190000000000,4319.350000000000,134
1767391200005,4756,1767391715643,4319.150000000000,4319.350000000000,130
1767391200005,4757,1767391715732,4319.250000000000,4319.390000000000,134
1767391200005,4758,1767391715743,4319.250000000000,4319.450000000000,4
1767391200005,4759,1767391716032,4319.240000000000,4319.440000000000,134
1767391200005,4760,1767391716083,4319.220000000000,4319.420000000000,134
1767391200005,4761,1767391716134,4319.340000000000,4319.460000000000,134
1767391200005,4762,1767391716145,4319.340000000000,4319.540000000000,4
1767391200005,4763,1767391716386,4319.320000000000,4319.520000000000,134
1767391200005,4764,1767391716584,4319.300000000000,4319.450000000000,134
1767391200005,4765,1767391716650,4319.250000000000,4319.450000000000,130
1767391200005,4766,1767391716791,4319.310000000000,4319.480000000000,134
1767391200005,4767,1767391716851,4319.310000000000,4319.510000000000,4
1767391200005,4768,1767391717083,4319.320000000000,4319.520000000000,134
1767391200005,4769,1767391717138,4319.330000000000,4319.530000000000,134
1767391200005,4770,1767391717264,4319.340000000000,4319.530000000000,130
1767391200005,4771,1767391717283,4319.340000000000,4319.540000000000,4
1767391200005,4772,1767391717363,4319.360000000000,4319.540000000000,130
1767391200005,4773,1767391717383,4319.360000000000,4319.520000000000,4
1767391200005,4774,1767391717432,4319.360000000000,4319.530000000000,4
1767391200005,4775,1767391717464,4319.330000000000,4319.530000000000,130
1767391200005,4776,1767391717766,4319.340000000000,4319.530000000000,130
1767391200005,4777,1767391717793,4319.340000000000,4319.520000000000,4
1767391200005,4778,1767391717834,4319.340000000000,4319.510000000000,4
1767391200005,4779,1767391717865,4319.320000000000,4319.510000000000,130
1767391200005,4780,1767391718434,4319.330000000000,4319.530000000000,134
1767391200005,4781,1767391718477,4319.360000000000,4319.530000000000,130
1767391200005,4782,1767391718482,4319.360000000000,4319.510000000000,4
1767391200005,4783,1767391718577,4319.330000000000,4319.510000000000,130
1767391200005,4784,1767391718961,4319.350000000000,4319.510000000000,130
1767391200005,4785,1767391719063,4319.320000000000,4319.510000000000,130
1767391200005,4786,1767391719096,4319.320000000000,4319.490000000000,4
1767391200005,4787,1767391719146,4319.320000000000,4319.440000000000,4
1767391200005,4788,1767391719163,4319.240000000000,4319.440000000000,130
1767391200005,4789,1767391719190,4319.260000000000,4319.460000000000,134
1767391200005,4790,1767391719237,4319.250000000000,4319.450000000000,134
1767391200005,4791,1767391719291,4319.260000000000,4319.460000000000,134
1767391200005,4792,1767391719334,4319.270000000000,4319.470000000000,134
1767391200005,4793,1767391719386,4319.250000000000,4319.450000000000,134
1767391200005,4794,1767391719439,4319.260000000000,4319.460000000000,134
1767391200005,4795,1767391719488,4319.240000000000,4319.430000000000,134
1767391200005,4796,1767391719535,4319.260000000000,4319.460000000000,134
1767391200005,4797,1767391719591,4319.250000000000,4319.450000000000,134
1767391200005,4798,1767391719785,4319.260000000000,4319.460000000000,134
1767391200005,4799,1767391719837,4319.250000000000,4319.450000000000,134
1767391200005,4800,1767391720035,4319.260000000000,4319.460000000000,134
1767391200005,4801,1767391720095,4319.230000000000,4319.430000000000,134
1767391200005,4802,1767391720140,4319.320000000000,4319.490000000000,134
1767391200005,4803,1767391720169,4319.320000000000,4319.520000000000,4
1767391200005,4804,1767391720240,4319.340000000000,4319.540000000000,134
1767391200005,4805,1767391720369,4319.390000000000,4319.540000000000,130
1767391200005,4806,1767391720390,4319.410000000000,4319.610000000000,134
1767391200005,4807,1767391720470,4319.420000000000,4319.610000000000,130
1767391200005,4808,1767391720692,4319.420000000000,4319.620000000000,4
1767391200005,4809,1767391720841,4319.410000000000,4319.610000000000,134
1767391200005,4810,1767391721093,4319.420000000000,4319.620000000000,134
1767391200005,4811,1767391721390,4319.410000000000,4319.610000000000,134
1767391200005,4812,1767391721441,4319.430000000000,4319.630000000000,134
1767391200005,4813,1767391721642,4319.420000000000,4319.620000000000,134
1767391200005,4814,1767391721992,4319.410000000000,4319.610000000000,134
1767391200005,4815,1767391722098,4319.490000000000,4319.660000000000,134
1767391200005,4816,1767391722127,4319.490000000000,4319.690000000000,4
1767391200005,4817,1767391722146,4319.520000000000,4319.720000000000,134
1767391200005,4818,1767391722291,4319.510000000000,4319.710000000000,134
1767391200005,4819,1767391722592,4319.530000000000,4319.730000000000,134
1767391200005,4820,1767391722841,4319.510000000000,4319.710000000000,134
1767391200005,4821,1767391722941,4319.530000000000,4319.730000000000,134
1767391200005,4822,1767391723003,4319.510000000000,4319.710000000000,134
1767391200005,4823,1767391723242,4319.530000000000,4319.730000000000,134
1767391200005,4824,1767391723295,4319.610000000000,4319.740000000000,134
1767391200005,4825,1767391723324,4319.620000000000,4319.810000000000,134
1767391200005,4826,1767391723345,4319.680000000000,4319.880000000000,134
1767391200005,4827,1767391723398,4319.620000000000,4319.760000000000,134
1767391200005,4828,1767391723425,4319.580000000000,4319.760000000000,130
1767391200005,4829,1767391723444,4319.660000000000,4319.850000000000,134
1767391200005,4830,1767391723495,4319.640000000000,4319.840000000000,134
1767391200005,4831,1767391723624,4319.640000000000,4319.830000000000,4
1767391200005,4832,1767391724885,4319.640000000000,4319.840000000000,4
1767391200005,4833,1767391724899,4319.730000000000,4319.860000000000,134
1767391200005,4834,1767391724950,4319.710000000000,4319.860000000000,130
1767391200005,4835,1767391724984,4319.710000000000,4319.910000000000,4
1767391200005,4836,1767391725049,4319.720000000000,4319.920000000000,134
1767391200005,4837,1767391725101,4319.710000000000,4319.910000000000,134
1767391200005,4838,1767391725148,4319.690000000000,4319.890000000000,134
1767391200005,4839,1767391725248,4319.700000000000,4319.900000000000,134
1767391200005,4840,1767391725448,4319.750000000000,4319.950000000000,134
1767391200005,4841,1767391725948,4319.730000000000,4319.930000000000,134
1767391200005,4842,1767391725998,4319.740000000000,4319.940000000000,134
1767391200005,4843,1767391726200,4319.720000000000,4319.880000000000,134
1767391200005,4844,1767391726252,4319.720000000000,4319.900000000000,4
1767391200005,4845,1767391726279,4319.700000000000,4319.900000000000,130
1767391200005,4846,1767391726554,4319.820000000000,4319.940000000000,134
1767391200005,4847,1767391726581,4319.920000000000,4320.020000000000,134
1767391200005,4848,1767391726603,4319.920000000000,4320.100000000000,4
1767391200005,4849,1767391726653,4319.920000000000,4320.110000000000,4
1767391200005,4850,1767391726706,4319.990000000000,4320.190000000000,134
1767391200005,4851,1767391726753,4320.010000000000,4320.190000000000,130
1767391200005,4852,1767391726783,4320.010000000000,4320.210000000000,4
1767391200005,4853,1767391726902,4320.000000000000,4320.200000000000,134
1767391200005,4854,1767391727052,4319.990000000000,4320.190000000000,134
1767391200005,4855,1767391727203,4319.970000000000,4320.170000000000,134
1767391200005,4856,1767391727612,4319.960000000000,4320.160000000000,134
1767391200005,4857,1767391728220,4319.970000000000,4320.160000000000,130
1767391200005,4858,1767391728266,4319.970000000000,4320.170000000000,4
1767391200005,4859,1767391728360,4319.960000000000,4320.160000000000,134
1767391200005,4860,1767391728406,4320.000000000000,4320.200000000000,134
1767391200005,4861,1767391728455,4319.970000000000,4320.170000000000,134
1767391200005,4862,1767391728706,4319.940000000000,4320.100000000000,134
1767391200005,4863,1767391728773,4319.900000000000,4320.100000000000,130
1767391200005,4864,1767391728812,4319.910000000000,4320.110000000000,134
1767391200005,4865,1767391729055,4319.940000000000,4320.140000000000,134
1767391200005,4866,1767391729161,4319.920000000000,4320.120000000000,134
1767391200005,4867,1767391729315,4320.000000000000,4320.180000000000,134
1767391200005,4868,1767391729355,4319.920000000000,4320.120000000000,134
1767391200005,4869,1767391729706,4319.940000000000,4320.140000000000,134
1767391200005,4870,1767391729758,4319.920000000000,4320.120000000000,134
1767391200005,4871,1767391730334,4319.920000000000,4320.100000000000,4
1767391200005,4872,1767391730366,4319.850000000000,4320.050000000000,134
1767391200005,4873,1767391730416,4319.830000000000,4319.920000000000,134
1767391200005,4874,1767391730441,4319.720000000000,4319.920000000000,130
1767391200005,4875,1767391730521,4319.740000000000,4319.940000000000,134
1767391200005,4876,1767391730564,4319.730000000000,4319.930000000000,134
1767391200005,4877,1767391730760,4319.740000000000,4319.940000000000,134
1767391200005,4878,1767391730812,4319.830000000000,4319.980000000000,134
1767391200005,4879,1767391730847,4319.830000000000,4320.030000000000,4
1767391200005,4880,1767391730861,4319.810000000000,4320.010000000000,134
1767391200005,4881,1767391731349,4319.820000000000,4320.010000000000,130
1767391200005,4882,1767391731361,4319.910000000000,4320.090000000000,134
1767391200005,4883,1767391731411,4319.980000000000,4320.090000000000,130
1767391200005,4884,1767391731447,4319.980000000000,4320.180000000000,4
1767391200005,4885,1767391731561,4319.930000000000,4319.990000000000,134
1767391200005,4886,1767391731648,4319.790000000000,4319.990000000000,130
1767391200005,4887,1767391731758,4319.780000000000,4319.980000000000,134
1767391200005,4888,1767391731810,4319.740000000000,4319.920000000000,134
1767391200005,4889,1767391731850,4319.720000000000,4319.920000000000,130
1767391200005,4890,1767391732016,4319.740000000000,4319.940000000000,134
1767391200005,4891,1767391732511,4319.790000000000,4319.960000000000,134
1767391200005,4892,1767391732563,4319.790000000000,4319.990000000000,4
1767391200005,4893,1767391732909,4319.800000000000,4320.000000000000,134
1767391200005,4894,1767391733261,4319.780000000000,4319.980000000000,134
1767391200005,4895,1767391733764,4319.720000000000,4319.900000000000,134
1767391200005,4896,1767391733841,4319.700000000000,4319.880000000000,134
1767391200005,4897,1767391733918,4319.710000000000,4319.880000000000,130
1767391200005,4898,1767391733939,4319.710000000000,4319.910000000000,4
1767391200005,4899,1767391734038,4319.710000000000,4319.780000000000,4
1767391200005,4900,1767391734065,4319.560000000000,4319.760000000000,134
1767391200005,4901,1767391734113,4319.570000000000,4319.770000000000,134
1767391200005,4902,1767391734162,4319.540000000000,4319.740000000000,134
1767391200005,4903,1767391734211,4319.530000000000,4319.730000000000,134
1767391200005,4904,1767391734265,4319.550000000000,4319.750000000000,134
1767391200005,4905,1767391734317,4319.510000000000,4319.700000000000,134
1767391200005,4906,1767391734341,4319.500000000000,4319.600000000000,134
1767391200005,4907,1767391734366,4319.350000000000,4319.550000000000,134
1767391200005,4908,1767391734411,4319.360000000000,4319.560000000000,134
1767391200005,4909,1767391734463,4319.350000000000,4319.550000000000,134
1767391200005,4910,1767391734510,4319.360000000000,4319.560000000000,134
1767391200005,4911,1767391734616,4319.360000000000,4319.550000000000,4
1767391200005,4912,1767391734644,4319.380000000000,4319.550000000000,130
1767391200005,4913,1767391734710,4319.440000000000,4319.640000000000,134
1767391200005,4914,1767391734960,4319.450000000000,4319.650000000000,134
1767391200005,4915,1767391735113,4319.450000000000,4319.630000000000,4
1767391200005,4916,1767391735146,4319.440000000000,4319.630000000000,130
1767391200005,4917,1767391735314,4319.510000000000,4319.710000000000,134
1767391200005,4918,1767391735413,4319.540000000000,4319.740000000000,134
1767391200005,4919,1767391735471,4319.530000000000,4319.730000000000,134
1767391200005,4920,1767391735512,4319.540000000000,4319.740000000000,134
1767391200005,4921,1767391735562,4319.560000000000,4319.760000000000,134
1767391200005,4922,1767391735612,4319.570000000000,4319.770000000000,134
1767391200005,4923,1767391735761,4319.560000000000,4319.760000000000,134
1767391200005,4924,1767391736264,4319.520000000000,4319.710000000000,134
1767391200005,4925,1767391736331,4319.510000000000,4319.710000000000,130
1767391200005,4926,1767391736363,4319.500000000000,4319.700000000000,134
1767391200005,4927,1767391736462,4319.510000000000,4319.710000000000,134
1767391200005,4928,1767391736514,4319.530000000000,4319.730000000000,134
1767391200005,4929,1767391736563,4319.500000000000,4319.700000000000,134
1767391200005,4930,1767391736763,4319.510000000000,4319.710000000000,134
1767391200005,4931,1767391737117,4319.600000000000,4319.750000000000,134
1767391200005,4932,1767391737147,4319.600000000000,4319.800000000000,4
1767391200005,4933,1767391737164,4319.610000000000,4319.810000000000,134
1767391200005,4934,1767391737215,4319.540000000000,4319.580000000000,134
1767391200005,4935,1767391737246,4319.340000000000,4319.520000000000,134
1767391200005,4936,1767391737264,4319.330000000000,4319.520000000000,130
1767391200005,4937,1767391737312,4319.360000000000,4319.520000000000,130
1767391200005,4938,1767391737347,4319.360000000000,4319.560000000000,4
1767391200005,4939,1767391737365,4319.400000000000,4319.600000000000,134
1767391200005,4940,1767391737413,4319.350000000000,4319.530000000000,134
1767391200005,4941,1767391737448,4319.330000000000,4319.530000000000,130
1767391200005,4942,1767391737513,4319.360000000000,4319.560000000000,134
1767391200005,4943,1767391737563,4319.340000000000,4319.540000000000,134
1767391200005,4944,1767391737648,4319.390000000000,4319.540000000000,130
1767391200005,4945,1767391737663,4319.390000000000,4319.550000000000,4
1767391200005,4946,1767391737714,4319.390000000000,4319.580000000000,4
1767391200005,4947,1767391737748,4319.380000000000,4319.580000000000,130
1767391200005,4948,1767391738117,4319.400000000000,4319.600000000000,134
1767391200005,4949,1767391738166,4319.370000000000,4319.550000000000,134
1767391200005,4950,1767391738190,4319.350000000000,4319.550000000000,130
1767391200005,4951,1767391738316,4319.350000000000,4319.540000000000,4
1767391200005,4952,1767391738717,4319.370000000000,4319.570000000000,134
1767391200005,4953,1767391738770,4319.350000000000,4319.550000000000,134
1767391200005,4954,1767391739019,4319.350000000000,4319.540000000000,4
1767391200005,4955,1767391739096,4319.370000000000,4319.540000000000,130
1767391200005,4956,1767391739121,4319.370000000000,4319.570000000000,4
1767391200005,4957,1767391739569,4319.370000000000,4319.560000000000,4
1767391200005,4958,1767391739618,4319.370000000000,4319.540000000000,4
1767391200005,4959,1767391739669,4319.350000000000,4319.540000000000,130
1767391200005,4960,1767391739780,4319.340000000000,4319.540000000000,130
1767391200005,4961,1767391739823,4319.330000000000,4319.430000000000,134
1767391200005,4962,1767391739872,4319.330000000000,4319.370000000000,4
1767391200005,4963,1767391739879,4319.170000000000,4319.370000000000,130
1767391200005,4964,1767391739923,4319.180000000000,4319.380000000000,134
1767391200005,4965,1767391739975,4319.150000000000,4319.350000000000,134
1767391200005,4966,1767391740029,4319.180000000000,4319.380000000000,134
1767391200005,4967,1767391740082,4319.160000000000,4319.360000000000,134
1767391200005,4968,1767391740082,4319.180000000000,4319.360000000000,130
1767391200005,4969,1767391740131,4319.180000000000,4319.380000000000,4
1767391200005,4970,1767391740172,4319.180000000000,4319.360000000000,4
1767391200005,4971,1767391740280,4319.190000000000,4319.390000000000,134
1767391200005,4972,1767391740280,4319.200000000000,4319.390000000000,130
1767391200005,4973,1767391740320,4319.200000000000,4319.400000000000,4
1767391200005,4974,1767391740470,4319.230000000000,4319.430000000000,134
1767391200005,4975,1767391740823,4319.210000000000,4319.370000000000,134
1767391200005,4976,1767391740873,4319.210000000000,4319.350000000000,4
1767391200005,4977,1767391740916,4319.150000000000,4319.350000000000,130
1767391200005,4978,1767391740972,4319.120000000000,4319.320000000000,134
1767391200005,4979,1767391741018,4319.130000000000,4319.320000000000,130
1767391200005,4980,1767391741071,4319.140000000000,4319.340000000000,134
1767391200005,4981,1767391741120,4319.130000000000,4319.330000000000,134
1767391200005,4982,1767391741271,4319.140000000000,4319.340000000000,134
1767391200005,4983,1767391741321,4319.130000000000,4319.330000000000,134
1767391200005,4984,1767391741373,4319.170000000000,4319.370000000000,134
1767391200005,4985,1767391741423,4319.160000000000,4319.360000000000,134
1767391200005,4986,1767391741472,4319.180000000000,4319.380000000000,134
1767391200005,4987,1767391741503,4319.220000000000,4319.380000000000,130
1767391200005,4988,1767391741522,4319.220000000000,4319.370000000000,4
1767391200005,4989,1767391741581,4319.220000000000,4319.350000000000,4
1767391200005,4990,1767391741604,4319.190000000000,4319.350000000000,130
1767391200005,4991,1767391741621,4319.200000000000,4319.400000000000,134
1767391200005,4992,1767391741672,4319.190000000000,4319.390000000000,134
1767391200005,4993,1767391741705,4319.200000000000,4319.390000000000,130
1767391200005,4994,1767391742329,4319.300000000000,4319.470000000000,134
1767391200005,4995,1767391742333,4319.300000000000,4319.500000000000,4
1767391200005,4996,1767391742377,4319.340000000000,4319.540000000000,134
1767391200005,4997,1767391742431,4319.370000000000,4319.540000000000,130
1767391200005,4998,1767391742432,4319.370000000000,4319.570000000000,4
1767391200005,4999,1767391742482,4319.360000000000,4319.560000000000,134
1767391200005,5000,1767391742522,4319.380000000000,4319.580000000000,134
1767391200005,5001,1767391742531,4319.400000000000,4319.580000000000,130
1767391200005,5002,1767391742573,4319.400000000000,4319.570000000000,4
1767391200005,5003,1767391742621,4319.400000000000,4319.580000000000,4
1767391200005,5004,1767391742635,4319.410000000000,4319.580000000000,130
1767391200005,5005,1767391742671,4319.410000000000,4319.560000000000,4
1767391200005,5006,1767391742720,4319.410000000000,4319.480000000000,4
1767391200005,5007,1767391742736,4319.290000000000,4319.480000000000,130
1767391200005,5008,1767391742771,4319.290000000000,4319.460000000000,4
1767391200005,5009,1767391742821,4319.290000000000,4319.480000000000,4
1767391200005,5010,1767391742882,4319.290000000000,4319.460000000000,4
1767391200005,5011,1767391742922,4319.320000000000,4319.520000000000,134
1767391200005,5012,1767391742973,4319.300000000000,4319.500000000000,134
1767391200005,5013,1767391743023,4319.290000000000,4319.480000000000,134
1767391200005,5014,1767391743036,4319.280000000000,4319.480000000000,130
1767391200005,5015,1767391743071,4319.270000000000,4319.430000000000,134
1767391200005,5016,1767391743137,4319.230000000000,4319.430000000000,130
1767391200005,5017,1767391743173,4319.240000000000,4319.440000000000,134
1767391200005,5018,1767391743478,4319.250000000000,4319.450000000000,134
1767391200005,5019,1767391743674,4319.290000000000,4319.490000000000,134
1767391200005,5020,1767391743734,4319.280000000000,4319.480000000000,134
1767391200005,5021,1767391743823,4319.290000000000,4319.490000000000,134
1767391200005,5022,1767391743859,4319.300000000000,4319.490000000000,130
1767391200005,5023,1767391743877,4319.300000000000,4319.440000000000,4
1767391200005,5024,1767391743924,4319.300000000000,4319.430000000000,4
1767391200005,5025,1767391743961,4319.230000000000,4319.430000000000,130
1767391200005,5026,1767391743981,4319.240000000000,4319.440000000000,134
1767391200005,5027,1767391744025,4319.280000000000,4319.470000000000,134
1767391200005,5028,1767391744061,4319.280000000000,4319.480000000000,4
1767391200005,5029,1767391744077,4319.250000000000,4319.450000000000,134
1767391200005,5030,1767391744124,4319.230000000000,4319.430000000000,134
1767391200005,5031,1767391744181,4319.250000000000,4319.450000000000,134
1767391200005,5032,1767391744228,4319.240000000000,4319.440000000000,134
1767391200005,5033,1767391744276,4319.200000000000,4319.400000000000,134
1767391200005,5034,1767391744374,4319.210000000000,4319.410000000000,134
1767391200005,5035,1767391744424,4319.240000000000,4319.440000000000,134
1767391200005,5036,1767391744477,4319.230000000000,4319.410000000000,134
1767391200005,5037,1767391744525,4319.230000000000,4319.400000000000,4
1767391200005,5038,1767391744565,4319.240000000000,4319.400000000000,130
1767391200005,5039,1767391744624,4319.240000000000,4319.410000000000,4
1767391200005,5040,1767391744675,4319.240000000000,4319.420000000000,4
1767391200005,5041,1767391744735,4319.240000000000,4319.430000000000,4
1767391200005,5042,1767391744766,4319.250000000000,4319.430000000000,130
1767391200005,5043,1767391744874,4319.250000000000,4319.440000000000,4
1767391200005,5044,1767391745025,4319.250000000000,4319.430000000000,4
1767391200005,5045,1767391745067,4319.270000000000,4319.430000000000,130
1767391200005,5046,1767391745075,4319.270000000000,4319.420000000000,4
1767391200005,5047,1767391745165,4319.240000000000,4319.420000000000,130
1767391200005,5048,1767391745226,4319.240000000000,4319.430000000000,4
1767391200005,5049,1767391745267,4319.230000000000,4319.430000000000,130
1767391200005,5050,1767391745277,4319.200000000000,4319.330000000000,134
1767391200005,5051,1767391745368,4319.150000000000,4319.330000000000,130
1767391200005,5052,1767391745378,4319.150000000000,4319.320000000000,4
1767391200005,5053,1767391745427,4319.180000000000,4319.380000000000,134
1767391200005,5054,1767391745671,4319.220000000000,4319.380000000000,130
1767391200005,5055,1767391745679,4319.220000000000,4319.410000000000,4
1767391200005,5056,1767391745778,4319.220000000000,4319.420000000000,4
1767391200005,5057,1767391745780,4319.250000000000,4319.420000000000,130
1767391200005,5058,1767391745879,4319.220000000000,4319.420000000000,130
1767391200005,5059,1767391745927,4319.220000000000,4319.410000000000,4
1767391200005,5060,1767391745978,4319.220000000000,4319.390000000000,4
1767391200005,5061,1767391745980,4319.210000000000,4319.390000000000,130
1767391200005,5062,1767391746028,4319.220000000000,4319.420000000000,134
1767391200005,5063,1767391746082,4319.260000000000,4319.420000000000,130
1767391200005,5064,1767391746183,4319.250000000000,4319.420000000000,130
1767391200005,5065,1767391746229,4319.250000000000,4319.440000000000,4
1767391200005,5066,1767391746282,4319.260000000000,4319.460000000000,134
1767391200005,5067,1767391746284,4319.300000000000,4319.460000000000,130
1767391200005,5068,1767391746327,4319.300000000000,4319.440000000000,4
1767391200005,5069,1767391746377,4319.300000000000,4319.460000000000,4
1767391200005,5070,1767391746382,4319.260000000000,4319.460000000000,130
1767391200005,5071,1767391746427,4319.230000000000,4319.430000000000,134
1767391200005,5072,1767391746485,4319.240000000000,4319.430000000000,130
1767391200005,5073,1767391746528,4319.260000000000,4319.460000000000,134
1767391200005,5074,1767391746628,4319.260000000000,4319.450000000000,4
1767391200005,5075,1767391746830,4319.260000000000,4319.430000000000,4
1767391200005,5076,1767391746932,4319.260000000000,4319.410000000000,4
1767391200005,5077,1767391746937,4319.210000000000,4319.410000000000,130
1767391200005,5078,1767391747038,4319.220000000000,4319.410000000000,130
1767391200005,5079,1767391747079,4319.260000000000,4319.460000000000,134
1767391200005,5080,1767391747128,4319.280000000000,4319.480000000000,134
1767391200005,5081,1767391747140,4319.290000000000,4319.480000000000,130
1767391200005,5082,1767391747180,4319.290000000000,4319.440000000000,4
1767391200005,5083,1767391747279,4319.290000000000,4319.450000000000,4
1767391200005,5084,1767391747330,4319.290000000000,4319.440000000000,4
1767391200005,5085,1767391747340,4319.240000000000,4319.440000000000,130
1767391200005,5086,1767391747389,4319.230000000000,4319.430000000000,134
1767391200005,5087,1767391747439,4319.240000000000,4319.430000000000,130
1767391200005,5088,1767391747481,4319.240000000000,4319.420000000000,4
1767391200005,5089,1767391747530,4319.240000000000,4319.430000000000,4
1767391200005,5090,1767391747539,4319.230000000000,4319.430000000000,130
1767391200005,5091,1767391747591,4319.230000000000,4319.420000000000,4
1767391200005,5092,1767391747630,4319.230000000000,4319.430000000000,4
1767391200005,5093,1767391747682,4319.210000000000,4319.400000000000,134
1767391200005,5094,1767391747732,4319.220000000000,4319.420000000000,134
1767391200005,5095,1767391747839,4319.240000000000,4319.420000000000,130
1767391200005,5096,1767391748204,4319.220000000000,4319.420000000000,130
1767391200005,5097,1767391748232,4319.220000000000,4319.410000000000,4
1767391200005,5098,1767391748285,4319.220000000000,4319.340000000000,4
1767391200005,5099,1767391748304,4319.140000000000,4319.340000000000,130
1767391200005,5100,1767391748332,4319.120000000000,4319.320000000000,134
1767391200005,5101,1767391748382,4319.100000000000,4319.290000000000,134
1767391200005,5102,1767391748434,4319.100000000000,4319.300000000000,4
1767391200005,5103,1767391748504,4319.110000000000,4319.300000000000,130
1767391200005,5104,1767391748582,4319.120000000000,4319.320000000000,134
1767391200005,5105,1767391748632,4319.110000000000,4319.300000000000,134
1767391200005,5106,1767391748707,4319.100000000000,4319.300000000000,130
1767391200005,5107,1767391748878,4319.110000000000,4319.300000000000,130
1767391200005,5108,1767391748881,4319.110000000000,4319.310000000000,4
1767391200005,5109,1767391748935,4319.110000000000,4319.300000000000,4
1767391200005,5110,1767391748982,4319.110000000000,4319.310000000000,4
1767391200005,5111,1767391749078,4319.120000000000,4319.310000000000,130
1767391200005,5112,1767391749082,4319.130000000000,4319.330000000000,134
1767391200005,5113,1767391749136,4319.170000000000,4319.370000000000,134
1767391200005,5114,1767391749187,4319.150000000000,4319.350000000000,134
1767391200005,5115,1767391749278,4319.160000000000,4319.350000000000,130
1767391200005,5116,1767391749379,4319.150000000000,4319.350000000000,130
1767391200005,5117,1767391749432,4319.150000000000,4319.330000000000,4
1767391200005,5118,1767391749480,4319.160000000000,4319.330000000000,130
1767391200005,5119,1767391749483,4319.160000000000,4319.360000000000,4
1767391200005,5120,1767391749639,4319.160000000000,4319.340000000000,4
1767391200005,5121,1767391749681,4319.170000000000,4319.340000000000,130
1767391200005,5122,1767391749687,4319.170000000000,4319.370000000000,4
1767391200005,5123,1767391749746,4319.170000000000,4319.340000000000,4
1767391200005,5124,1767391749782,4319.160000000000,4319.340000000000,130
1767391200005,5125,1767391749795,4319.170000000000,4319.370000000000,134
1767391200005,5126,1767391749933,4319.170000000000,4319.340000000000,4
1767391200005,5127,1767391749979,4319.150000000000,4319.340000000000,130
1767391200005,5128,1767391750035,4319.170000000000,4319.370000000000,134
1767391200005,5129,1767391750085,4319.170000000000,4319.350000000000,4
1767391200005,5130,1767391750136,4319.190000000000,4319.390000000000,134
1767391200005,5131,1767391750184,4319.200000000000,4319.400000000000,134
1767391200005,5132,1767391750235,4319.220000000000,4319.420000000000,134
1767391200005,5133,1767391750340,4319.240000000000,4319.440000000000,134
1767391200005,5134,1767391750486,4319.240000000000,4319.430000000000,4
1767391200005,5135,1767391750585,4319.230000000000,4319.430000000000,130
1767391200005,5136,1767391750636,4319.250000000000,4319.450000000000,134
1767391200005,5137,1767391750745,4319.260000000000,4319.460000000000,134
1767391200005,5138,1767391751688,4319.250000000000,4319.450000000000,134
1767391200005,5139,1767391752490,4319.280000000000,4319.450000000000,130
1767391200005,5140,1767391752492,4319.290000000000,4319.490000000000,134
1767391200005,5141,1767391752543,4319.310000000000,4319.510000000000,134
1767391200005,5142,1767391752640,4319.340000000000,4319.540000000000,134
1767391200005,5143,1767391752690,4319.330000000000,4319.530000000000,134
1767391200005,5144,1767391752790,4319.360000000000,4319.560000000000,134
1767391200005,5145,1767391752954,4319.440000000000,4319.580000000000,134
1767391200005,5146,1767391752987,4319.460000000000,4319.640000000000,134
1767391200005,5147,1767391752995,4319.500000000000,4319.700000000000,134
1767391200005,5148,1767391753046,4319.490000000000,4319.690000000000,134
1767391200005,5149,1767391753088,4319.500000000000,4319.690000000000,130
1767391200005,5150,1767391753097,4319.500000000000,4319.680000000000,4
1767391200005,5151,1767391753146,4319.500000000000,4319.690000000000,4
1767391200005,5152,1767391753187,4319.490000000000,4319.690000000000,130
1767391200005,5153,1767391753195,4319.470000000000,4319.670000000000,134
1767391200005,5154,1767391753293,4319.490000000000,4319.690000000000,134
1767391200005,5155,1767391753394,4319.470000000000,4319.670000000000,134
1767391200005,5156,1767391753621,4319.490000000000,4319.670000000000,130
1767391200005,5157,1767391753693,4319.490000000000,4319.660000000000,4
1767391200005,5158,1767391753723,4319.460000000000,4319.660000000000,130
1767391200005,5159,1767391754144,4319.450000000000,4319.650000000000,134
1767391200005,5160,1767391754194,4319.430000000000,4319.630000000000,134
1767391200005,5161,1767391754435,4319.440000000000,4319.630000000000,130
1767391200005,5162,1767391754444,4319.450000000000,4319.650000000000,134
1767391200005,5163,1767391754547,4319.430000000000,4319.630000000000,134
1767391200005,5164,1767391754845,4319.420000000000,4319.620000000000,134
1767391200005,5165,1767391754947,4319.480000000000,4319.660000000000,134
1767391200005,5166,1767391754996,4319.470000000000,4319.660000000000,130
1767391200005,5167,1767391754999,4319.510000000000,4319.670000000000,134
1767391200005,5168,1767391755046,4319.510000000000,4319.630000000000,4
1767391200005,5169,1767391755097,4319.510000000000,4319.650000000000,4
1767391200005,5170,1767391755099,4319.450000000000,4319.650000000000,130
1767391200005,5171,1767391755198,4319.430000000000,4319.630000000000,134
1767391200005,5172,1767391755246,4319.450000000000,4319.650000000000,134
1767391200005,5173,1767391755396,4319.430000000000,4319.630000000000,134
1767391200005,5174,1767391755804,4319.390000000000,4319.590000000000,134
1767391200005,5175,1767391755905,4319.380000000000,4319.580000000000,134
1767391200005,5176,1767391756004,4319.370000000000,4319.570000000000,134
1767391200005,5177,1767391756451,4319.410000000000,4319.610000000000,134
1767391200005,5178,1767391756495,4319.430000000000,4319.610000000000,130
1767391200005,5179,1767391756503,4319.450000000000,4319.650000000000,134
1767391200005,5180,1767391756602,4319.440000000000,4319.640000000000,134
1767391200005,5181,1767391756654,4319.420000000000,4319.620000000000,134
1767391200005,5182,1767391756695,4319.420000000000,4319.600000000000,4
1767391200005,5183,1767391756703,4319.380000000000,4319.580000000000,134
1767391200005,5184,1767391756751,4319.370000000000,4319.570000000000,134
1767391200005,5185,1767391756851,4319.360000000000,4319.560000000000,134
1767391200005,5186,1767391756904,4319.370000000000,4319.570000000000,134
1767391200005,5187,1767391757502,4319.380000000000,4319.580000000000,134
1767391200005,5188,1767391758006,4319.390000000000,4319.590000000000,134
1767391200005,5189,1767391758054,4319.380000000000,4319.580000000000,134
1767391200005,5190,1767391758409,4319.370000000000,4319.570000000000,134
1767391200005,5191,1767391758455,4319.360000000000,4319.560000000000,134
1767391200005,5192,1767391758506,4319.350000000000,4319.510000000000,134
1767391200005,5193,1767391758557,4319.350000000000,4319.480000000000,4
1767391200005,5194,1767391758577,4319.280000000000,4319.480000000000,130
1767391200005,5195,1767391758656,4319.290000000000,4319.490000000000,134
1767391200005,5196,1767391758906,4319.280000000000,4319.480000000000,134
1767391200005,5197,1767391758959,4319.280000000000,4319.330000000000,4
1767391200005,5198,1767391759007,4319.270000000000,4319.310000000000,134
1767391200005,5199,1767391759009,4319.100000000000,4319.300000000000,134
1767391200005,5200,1767391759207,4319.110000000000,4319.310000000000,134
1767391200005,5201,1767391759257,4319.120000000000,4319.320000000000,134
1767391200005,5202,1767391759306,4319.110000000000,4319.300000000000,134
1767391200005,5203,1767391759380,4319.100000000000,4319.300000000000,130
1767391200005,5204,1767391759408,4319.100000000000,4319.290000000000,4
1767391200005,5205,1767391759456,4319.110000000000,4319.310000000000,134
1767391200005,5206,1767391759507,4319.110000000000,4319.290000000000,4
1767391200005,5207,1767391759582,4319.100000000000,4319.290000000000,130
1767391200005,5208,1767391759961,4319.100000000000,4319.300000000000,4
1767391200005,5209,1767391760059,4319.090000000000,4319.290000000000,134
1767391200005,5210,1767391760111,4319.100000000000,4319.300000000000,134
1767391200005,5211,1767391760862,4319.140000000000,4319.340000000000,134
1767391200005,5212,1767391760911,4319.160000000000,4319.360000000000,134
1767391200005,5213,1767391760976,4319.160000000000,4319.350000000000,4
1767391200005,5214,1767391761031,4319.150000000000,4319.350000000000,130
1767391200005,5215,1767391761113,4319.150000000000,4319.340000000000,4
1767391200005,5216,1767391761131,4319.140000000000,4319.340000000000,130
1767391200005,5217,1767391761162,4319.130000000000,4319.330000000000,134
1767391200005,5218,1767391761861,4319.110000000000,4319.310000000000,134
1767391200005,5219,1767391762013,4319.120000000000,4319.320000000000,134
1767391200005,5220,1767391762562,4319.160000000000,4319.360000000000,134
1767391200005,5221,1767391762613,4319.100000000000,4319.270000000000,134
1767391200005,5222,1767391762660,4319.090000000000,4319.270000000000,130
1767391200005,5223,1767391763161,4319.100000000000,4319.270000000000,130
1767391200005,5224,1767391763164,4319.110000000000,4319.310000000000,134
1767391200005,5225,1767391763215,4319.100000000000,4319.190000000000,134
1767391200005,5226,1767391763262,4318.990000000000,4319.120000000000,134
1767391200005,5227,1767391763265,4318.880000000000,4319.080000000000,134
1767391200005,5228,1767391763317,4318.920000000000,4319.120000000000,134
1767391200005,5229,1767391763366,4318.890000000000,4319.090000000000,134
1767391200005,5230,1767391763468,4318.890000000000,4319.080000000000,4
1767391200005,5231,1767391763513,4318.900000000000,4319.100000000000,134
1767391200005,5232,1767391763564,4318.910000000000,4319.100000000000,130
1767391200005,5233,1767391763735,4318.900000000000,4319.100000000000,130
1767391200005,5234,1767391763765,4318.840000000000,4318.940000000000,134
1767391200005,5235,1767391763823,4318.840000000000,4318.980000000000,4
1767391200005,5236,1767391763834,4318.780000000000,4318.980000000000,130
1767391200005,5237,1767391763864,4318.760000000000,4318.960000000000,134
1767391200005,5238,1767391763914,4318.740000000000,4318.940000000000,134
1767391200005,5239,1767391763935,4318.800000000000,4318.940000000000,130
1767391200005,5240,1767391763964,4318.800000000000,4318.990000000000,4
1767391200005,5241,1767391764014,4318.800000000000,4318.980000000000,4
1767391200005,5242,1767391764034,4318.780000000000,4318.980000000000,130
1767391200005,5243,1767391764064,4318.770000000000,4318.970000000000,134
1767391200005,5244,1767391764165,4318.790000000000,4318.990000000000,134
1767391200005,5245,1767391764216,4318.770000000000,4318.970000000000,134
1767391200005,5246,1767391764366,4318.790000000000,4318.990000000000,134
1767391200005,5247,1767391764418,4318.830000000000,4319.030000000000,134
1767391200005,5248,1767391764438,4318.860000000000,4319.030000000000,130
1767391200005,5249,1767391764514,4318.860000000000,4319.050000000000,4
1767391200005,5250,1767391764538,4318.850000000000,4319.050000000000,130
1767391200005,5251,1767391764564,4318.850000000000,4319.030000000000,4
1767391200005,5252,1767391764615,4318.870000000000,4319.070000000000,134
1767391200005,5253,1767391764665,4318.850000000000,4319.030000000000,134
1767391200005,5254,1767391764740,4318.840000000000,4319.030000000000,130
1767391200005,5255,1767391764766,4318.850000000000,4319.050000000000,134
1767391200005,5256,1767391764818,4318.840000000000,4319.020000000000,134
1767391200005,5257,1767391764840,4318.820000000000,4319.020000000000,130
1767391200005,5258,1767391764866,4318.830000000000,4319.030000000000,134
1767391200005,5259,1767391765116,4318.860000000000,4319.060000000000,134
1767391200005,5260,1767391765141,4318.890000000000,4319.060000000000,130
1767391200005,5261,1767391765165,4318.890000000000,4319.050000000000,4
1767391200005,5262,1767391765242,4318.850000000000,4319.050000000000,130
1767391200005,5263,1767391765518,4318.840000000000,4319.040000000000,134
1767391200005,5264,1767391765565,4318.830000000000,4319.020000000000,134
1767391200005,5265,1767391765664,4318.840000000000,4319.040000000000,134
1767391200005,5266,1767391765715,4318.830000000000,4319.020000000000,134
1767391200005,5267,1767391765774,4318.820000000000,4319.020000000000,130
1767391200005,5268,1767391765967,4318.810000000000,4318.970000000000,134
1767391200005,5269,1767391765975,4318.770000000000,4318.970000000000,130
1767391200005,5270,1767391766025,4318.780000000000,4318.980000000000,134
1767391200005,5271,1767391766066,4318.760000000000,4318.960000000000,134
1767391200005,5272,1767391766077,4318.790000000000,4318.960000000000,130
1767391200005,5273,1767391766117,4318.790000000000,4318.970000000000,4
1767391200005,5274,1767391766178,4318.770000000000,4318.970000000000,130
1767391200005,5275,1767391766267,4318.820000000000,4319.010000000000,134
1767391200005,5276,1767391766277,4318.840000000000,4319.020000000000,134
1767391200005,5277,1767391766317,4318.840000000000,4319.010000000000,4
1767391200005,5278,1767391766378,4318.810000000000,4319.010000000000,130
1767391200005,5279,1767391766418,4318.810000000000,4319.000000000000,4
1767391200005,5280,1767391766516,4318.810000000000,4318.990000000000,4
1767391200005,5281,1767391766568,4318.810000000000,4319.010000000000,4
1767391200005,5282,1767391766617,4318.810000000000,4318.990000000000,4
1767391200005,5283,1767391766668,4318.820000000000,4319.020000000000,134
1767391200005,5284,1767391766727,4318.810000000000,4319.010000000000,134
1767391200005,5285,1767391766776,4318.830000000000,4319.030000000000,134
1767391200005,5286,1767391766818,4318.810000000000,4318.990000000000,134
1767391200005,5287,1767391766819,4318.820000000000,4318.990000000000,130
1767391200005,5288,1767391766867,4318.820000000000,4319.000000000000,4
1767391200005,5289,1767391766880,4318.800000000000,4319.000000000000,130
1767391200005,5290,1767391766917,4318.790000000000,4318.990000000000,134
1767391200005,5291,1767391766966,4318.800000000000,4319.000000000000,134
1767391200005,5292,1767391767030,4318.800000000000,4318.970000000000,4
1767391200005,5293,1767391767076,4318.800000000000,4318.980000000000,4
1767391200005,5294,1767391767085,4318.780000000000,4318.980000000000,130
1767391200005,5295,1767391767121,4318.770000000000,4318.970000000000,134
1767391200005,5296,1767391767178,4318.830000000000,4319.020000000000,134
1767391200005,5297,1767391767182,4318.900000000000,4319.030000000000,134
1767391200005,5298,1767391767221,4318.900000000000,4319.040000000000,4
1767391200005,5299,1767391767271,4318.900000000000,4319.030000000000,4
1767391200005,5300,1767391767285,4318.840000000000,4319.030000000000,130
1767391200005,5301,1767391767321,4318.840000000000,4319.020000000000,4
1767391200005,5302,1767391767385,4318.820000000000,4319.020000000000,130
1767391200005,5303,1767391767873,4318.830000000000,4319.030000000000,134
1767391200005,5304,1767391768023,4318.820000000000,4319.020000000000,134
1767391200005,5305,1767391768072,4318.830000000000,4319.030000000000,134
1767391200005,5306,1767391768378,4318.800000000000,4319.000000000000,134
1767391200005,5307,1767391768672,4318.810000000000,4319.010000000000,134
1767391200005,5308,1767391768722,4318.830000000000,4319.030000000000,134
1767391200005,5309,1767391768778,4318.810000000000,4319.010000000000,134
1767391200005,5310,1767391768824,4318.800000000000,4318.970000000000,134
1767391200005,5311,1767391768831,4318.770000000000,4318.970000000000,130
1767391200005,5312,1767391768871,4318.760000000000,4318.960000000000,134
1767391200005,5313,1767391768972,4318.750000000000,4318.890000000000,134
1767391200005,5314,1767391769023,4318.750000000000,4318.790000000000,4
1767391200005,5315,1767391769031,4318.590000000000,4318.790000000000,130
1767391200005,5316,1767391769173,4318.620000000000,4318.820000000000,134
1767391200005,5317,1767391769222,4318.600000000000,4318.800000000000,134
1767391200005,5318,1767391770323,4318.590000000000,4318.790000000000,134
1767391200005,5319,1767391770374,4318.600000000000,4318.800000000000,134
1767391200005,5320,1767391770825,4318.630000000000,4318.830000000000,134
1767391200005,5321,1767391770877,4318.610000000000,4318.810000000000,134
1767391200005,5322,1767391770924,4318.620000000000,4318.820000000000,134
1767391200005,5323,1767391770935,4318.640000000000,4318.820000000000,130
1767391200005,5324,1767391770980,4318.680000000000,4318.880000000000,134
1767391200005,5325,1767391771276,4318.690000000000,4318.890000000000,134
1767391200005,5326,1767391771324,4318.680000000000,4318.880000000000,134
1767391200005,5327,1767391771375,4318.700000000000,4318.900000000000,134
1767391200005,5328,1767391771475,4318.690000000000,4318.890000000000,134
1767391200005,5329,1767391771524,4318.700000000000,4318.900000000000,134
1767391200005,5330,1767391771576,4318.670000000000,4318.870000000000,134
1767391200005,5331,1767391771626,4318.680000000000,4318.880000000000,134
1767391200005,5332,1767391772148,4318.710000000000,4318.880000000000,130
1767391200005,5333,1767391772176,4318.710000000000,4318.890000000000,4
1767391200005,5334,1767391772226,4318.720000000000,4318.920000000000,134
1767391200005,5335,1767391772277,4318.710000000000,4318.910000000000,134
1767391200005,5336,1767391773052,4318.740000000000,4318.910000000000,130
1767391200005,5337,1767391773079,4318.780000000000,4318.980000000000,134
1767391200005,5338,1767391773128,4318.740000000000,4318.900000000000,134
1767391200005,5339,1767391773152,4318.700000000000,4318.900000000000,130
1767391200005,5340,1767391773178,4318.720000000000,4318.910000000000,134
1767391200005,5341,1767391773252,4318.720000000000,4318.900000000000,4
1767391200005,5342,1767391773278,4318.680000000000,4318.880000000000,134
1767391200005,5343,1767391773332,4319.040000000000,4319.080000000000,134
1767391200005,5344,1767391773354,4319.280000000000,4319.410000000000,134
1767391200005,5345,1767391773381,4319.280000000000,4319.460000000000,4
1767391200005,5346,1767391773436,4319.280000000000,4319.420000000000,4
1767391200005,5347,1767391773455,4319.220000000000,4319.420000000000,130
1767391200005,5348,1767391773481,4319.240000000000,4319.440000000000,134
1767391200005,5349,1767391773581,4319.230000000000,4319.420000000000,134
1767391200005,5350,1767391773630,4319.240000000000,4319.440000000000,134
1767391200005,5351,1767391773680,4319.240000000000,4319.340000000000,4
1767391200005,5352,1767391773729,4319.240000000000,4319.300000000000,4
1767391200005,5353,1767391773757,4319.100000000000,4319.300000000000,130
1767391200005,5354,1767391773785,4319.130000000000,4319.330000000000,134
1767391200005,5355,1767391773834,4319.120000000000,4319.320000000000,134
1767391200005,5356,1767391773881,4319.110000000000,4319.310000000000,134
1767391200005,5357,1767391774083,4319.110000000000,4319.280000000000,4
1767391200005,5358,1767391774157,4319.090000000000,4319.280000000000,130
1767391200005,5359,1767391774179,4319.090000000000,4319.270000000000,4
1767391200005,5360,1767391774229,4319.130000000000,4319.330000000000,134
1767391200005,5361,1767391774430,4319.090000000000,4319.270000000000,134
1767391200005,5362,1767391774479,4319.090000000000,4319.220000000000,4
1767391200005,5363,1767391774511,4319.020000000000,4319.220000000000,130
1767391200005,5364,1767391774540,4319.040000000000,4319.240000000000,134
1767391200005,5365,1767391774587,4319.030000000000,4319.230000000000,134
1767391200005,5366,1767391774731,4319.010000000000,4319.210000000000,134
1767391200005,5367,1767391774790,4319.020000000000,4319.220000000000,134
1767391200005,5368,1767391774831,4319.050000000000,4319.250000000000,134
1767391200005,5369,1767391774930,4319.070000000000,4319.270000000000,134
1767391200005,5370,1767391774980,4319.050000000000,4319.250000000000,134
1767391200005,5371,1767391775012,4319.080000000000,4319.250000000000,130
1767391200005,5372,1767391775030,4319.080000000000,4319.240000000000,4
1767391200005,5373,1767391775081,4319.080000000000,4319.230000000000,4
1767391200005,5374,1767391775112,4319.040000000000,4319.230000000000,130
1767391200005,5375,1767391775213,4319.030000000000,4319.230000000000,130
1767391200005,5376,1767391775231,4318.980000000000,4319.170000000000,134
1767391200005,5377,1767391775281,4319.020000000000,4319.220000000000,134
1767391200005,5378,1767391775314,4319.060000000000,4319.220000000000,130
1767391200005,5379,1767391775331,4319.080000000000,4319.280000000000,134
1767391200005,5380,1767391775432,4319.090000000000,4319.290000000000,134
1767391200005,5381,1767391775482,4319.080000000000,4319.280000000000,134
1767391200005,5382,1767391775513,4319.100000000000,4319.280000000000,130
1767391200005,5383,1767391775531,4319.100000000000,4319.290000000000,4
1767391200005,5384,1767391777114,4319.090000000000,4319.290000000000,130
1767391200005,5385,1767391777135,4319.090000000000,4319.280000000000,4
1767391200005,5386,1767391777186,4319.090000000000,4319.290000000000,4
1767391200005,5387,1767391777214,4319.100000000000,4319.290000000000,130
1767391200005,5388,1767391777983,4319.100000000000,4319.280000000000,4
1767391200005,5389,1767391778032,4319.100000000000,4319.290000000000,4
1767391200005,5390,1767391778128,4319.090000000000,4319.290000000000,130
1767391200005,5391,1767391778136,4319.070000000000,4319.270000000000,134
1767391200005,5392,1767391778184,4319.100000000000,4319.300000000000,134
1767391200005,5393,1767391778226,4319.150000000000,4319.300000000000,130
1767391200005,5394,1767391778329,4319.140000000000,4319.300000000000,130
1767391200005,5395,1767391778428,4319.100000000000,4319.300000000000,130
1767391200005,5396,1767391779841,4319.050000000000,4319.220000000000,134
1767391200005,5397,1767391779885,4319.050000000000,4319.230000000000,4
1767391200005,5398,1767391779896,4319.060000000000,4319.230000000000,130
1767391200005,5399,1767391779945,4319.060000000000,4319.250000000000,4
1767391200005,5400,1767391779985,4319.060000000000,4319.210000000000,4
1767391200005,5401,1767391779997,4319.010000000000,4319.210000000000,130
1767391200005,5402,1767391780036,4319.030000000000,4319.230000000000,134
1767391200005,5403,1767391780092,4319.070000000000,4319.260000000000,134
1767391200005,5404,1767391780097,4319.070000000000,4319.270000000000,4
1767391200005,5405,1767391780187,4319.070000000000,4319.240000000000,4
1767391200005,5406,1767391780199,4319.060000000000,4319.240000000000,130
1767391200005,5407,1767391780236,4319.060000000000,4319.260000000000,4
1767391200005,5408,1767391780285,4319.060000000000,4319.250000000000,4
1767391200005,5409,1767391780297,4319.050000000000,4319.250000000000,130
1767391200005,5410,1767391780334,4319.060000000000,4319.260000000000,134
1767391200005,5411,1767391780398,4319.070000000000,4319.260000000000,130
1767391200005,5412,1767391780436,4319.070000000000,4319.230000000000,4
1767391200005,5413,1767391780488,4319.070000000000,4319.190000000000,4
1767391200005,5414,1767391780499,4318.990000000000,4319.190000000000,130
1767391200005,5415,1767391780538,4318.980000000000,4319.170000000000,134
1767391200005,5416,1767391780585,4319.010000000000,4319.210000000000,134
1767391200005,5417,1767391780639,4318.990000000000,4319.190000000000,134
1767391200005,5418,1767391780685,4319.000000000000,4319.200000000000,134
1767391200005,5419,1767391780736,4318.960000000000,4319.160000000000,134
1767391200005,5420,1767391780835,4319.020000000000,4319.200000000000,134
1767391200005,5421,1767391780888,4319.000000000000,4319.200000000000,130
1767391200005,5422,1767391780946,4318.990000000000,4319.190000000000,134
1767391200005,5423,1767391780987,4319.010000000000,4319.210000000000,134
1767391200005,5424,1767391781036,4318.990000000000,4319.190000000000,134
1767391200005,5425,1767391781092,4318.980000000000,4319.180000000000,134
1767391200005,5426,1767391781490,4318.990000000000,4319.190000000000,134
1767391200005,5427,1767391781538,4319.000000000000,4319.200000000000,134
1767391200005,5428,1767391781592,4319.020000000000,4319.220000000000,134
1767391200005,5429,1767391781640,4319.000000000000,4319.130000000000,134
1767391200005,5430,1767391781668,4318.930000000000,4319.130000000000,130
1767391200005,5431,1767391781690,4318.880000000000,4319.080000000000,134
1767391200005,5432,1767391782641,4318.880000000000,4319.060000000000,4
1767391200005,5433,1767391782689,4318.910000000000,4319.110000000000,134
1767391200005,5434,1767391782742,4318.870000000000,4319.070000000000,134
1767391200005,5435,1767391782790,4318.920000000000,4319.120000000000,134
1767391200005,5436,1767391782842,4318.870000000000,4319.010000000000,134
1767391200005,5437,1767391782892,4318.870000000000,4318.990000000000,4
1767391200005,5438,1767391782934,4318.820000000000,4318.990000000000,130
1767391200005,5439,1767391783292,4318.870000000000,4319.070000000000,134
1767391200005,5440,1767391783341,4318.830000000000,4319.030000000000,134
1767391200005,5441,1767391783391,4318.860000000000,4319.060000000000,134
1767391200005,5442,1767391783442,4318.830000000000,4319.030000000000,134
1767391200005,5443,1767391783455,4318.870000000000,4319.030000000000,130
1767391200005,5444,1767391783491,4318.870000000000,4319.020000000000,4
1767391200005,5445,1767391783540,4318.870000000000,4319.030000000000,4
1767391200005,5446,1767391783556,4318.880000000000,4319.030000000000,130
1767391200005,5447,1767391783591,4318.880000000000,4319.060000000000,4
1767391200005,5448,1767391783644,4318.880000000000,4319.040000000000,4
1767391200005,5449,1767391783655,4318.840000000000,4319.040000000000,130
1767391200005,5450,1767391783690,4318.840000000000,4319.030000000000,4
1767391200005,5451,1767391783740,4318.840000000000,4319.020000000000,4
1767391200005,5452,1767391783756,4318.830000000000,4319.020000000000,130
1767391200005,5453,1767391783851,4318.830000000000,4319.010000000000,4
1767391200005,5454,1767391783857,4318.860000000000,4319.010000000000,130
1767391200005,5455,1767391783898,4318.860000000000,4319.030000000000,4
1767391200005,5456,1767391783959,4318.840000000000,4319.030000000000,130
1767391200005,5457,1767391783959,4318.910000000000,4319.110000000000,134
1767391200005,5458,1767391784060,4318.930000000000,4319.110000000000,130
1767391200005,5459,1767391784104,4318.930000000000,4319.130000000000,4
1767391200005,5460,1767391784153,4318.940000000000,4319.140000000000,134
1767391200005,5461,1767391784249,4318.960000000000,4319.160000000000,134
1767391200005,5462,1767391784299,4319.010000000000,4319.170000000000,134
1767391200005,5463,1767391784360,4319.010000000000,4319.210000000000,4
1767391200005,5464,1767391784445,4319.030000000000,4319.230000000000,134
1767391200005,5465,1767391784496,4319.010000000000,4319.180000000000,134
1767391200005,5466,1767391784548,4319.010000000000,4319.170000000000,4
1767391200005,5467,1767391784561,4318.970000000000,4319.170000000000,130
1767391200005,5468,1767391784599,4318.950000000000,4319.150000000000,134
1767391200005,5469,1767391784644,4318.960000000000,4319.160000000000,134
1767391200005,5470,1767391784662,4318.990000000000,4319.160000000000,130
1767391200005,5471,1767391784742,4318.990000000000,4319.170000000000,4
1767391200005,5472,1767391784766,4318.970000000000,4319.170000000000,130
1767391200005,5473,1767391784793,4318.970000000000,4319.150000000000,4
1767391200005,5474,1767391784847,4318.970000000000,4319.140000000000,4
1767391200005,5475,1767391784863,4318.940000000000,4319.140000000000,130
1767391200005,5476,1767391784893,4318.930000000000,4319.130000000000,134
1767391200005,5477,1767391784949,4318.960000000000,4319.160000000000,134
1767391200005,5478,1767391784994,4318.950000000000,4319.150000000000,134
1767391200005,5479,1767391785043,4318.950000000000,4319.140000000000,4
1767391200005,5480,1767391785063,4318.990000000000,4319.140000000000,130
1767391200005,5481,1767391785095,4318.990000000000,4319.120000000000,4
1767391200005,5482,1767391785143,4318.990000000000,4319.130000000000,4
1767391200005,5483,1767391785165,4318.970000000000,4319.130000000000,130
1767391200005,5484,1767391785202,4318.970000000000,4319.160000000000,4
1767391200005,5485,1767391785242,4318.970000000000,4319.140000000000,4
1767391200005,5486,1767391785265,4318.940000000000,4319.140000000000,130
1767391200005,5487,1767391785294,4318.930000000000,4319.120000000000,134
1767391200005,5488,1767391785342,4318.930000000000,4319.080000000000,4
1767391200005,5489,1767391785365,4318.880000000000,4319.080000000000,130
1767391200005,5490,1767391785393,4318.870000000000,4319.070000000000,134
1767391200005,5491,1767391785451,4318.870000000000,4319.060000000000,4
1767391200005,5492,1767391785465,4318.860000000000,4319.060000000000,130
1767391200005,5493,1767391785499,4318.870000000000,4319.070000000000,134
1767391200005,5494,1767391785541,4318.890000000000,4319.090000000000,134
1767391200005,5495,1767391785793,4318.900000000000,4319.100000000000,134
1767391200005,5496,1767391785842,4318.880000000000,4319.080000000000,134
1767391200005,5497,1767391785866,4318.900000000000,4319.080000000000,130
1767391200005,5498,1767391785892,4318.900000000000,4319.100000000000,4
1767391200005,5499,1767391786042,4318.900000000000,4319.090000000000,4
1767391200005,5500,1767391786069,4318.890000000000,4319.090000000000,130
1767391200005,5501,1767391786145,4318.890000000000,4319.080000000000,4
1767391200005,5502,1767391786168,4318.880000000000,4319.080000000000,130
1767391200005,5503,1767391786344,4318.880000000000,4319.060000000000,4
1767391200005,5504,1767391786453,4318.880000000000,4319.070000000000,4
1767391200005,5505,1767391786493,4318.890000000000,4319.090000000000,134
1767391200005,5506,1767391786643,4318.890000000000,4319.070000000000,4
1767391200005,5507,1767391786711,4318.880000000000,4319.070000000000,130
1767391200005,5508,1767391786897,4318.890000000000,4319.090000000000,134
1767391200005,5509,1767391786945,4318.910000000000,4319.110000000000,134
1767391200005,5510,1767391786962,4318.920000000000,4319.110000000000,130
1767391200005,5511,1767391787046,4318.920000000000,4319.100000000000,4
1767391200005,5512,1767391787063,4318.900000000000,4319.100000000000,130
1767391200005,5513,1767391787097,4318.870000000000,4319.060000000000,134
1767391200005,5514,1767391787146,4318.900000000000,4319.100000000000,134
1767391200005,5515,1767391787195,4318.900000000000,4319.070000000000,4
1767391200005,5516,1767391787247,4318.900000000000,4319.080000000000,4
1767391200005,5517,1767391787265,4318.880000000000,4319.080000000000,130
1767391200005,5518,1767391787365,4318.920000000000,4319.080000000000,130
1767391200005,5519,1767391787407,4318.920000000000,4319.090000000000,4
1767391200005,5520,1767391787449,4318.920000000000,4318.980000000000,4
1767391200005,5521,1767391787466,4318.800000000000,4318.980000000000,130
1767391200005,5522,1767391787566,4318.810000000000,4318.980000000000,130
1767391200005,5523,1767391787595,4318.810000000000,4319.000000000000,4
1767391200005,5524,1767391787667,4318.840000000000,4319.000000000000,130
1767391200005,5525,1767391788241,4318.820000000000,4319.000000000000,130
1767391200005,5526,1767391788246,4318.840000000000,4319.040000000000,134
1767391200005,5527,1767391788298,4318.820000000000,4319.000000000000,134
1767391200005,5528,1767391788341,4318.860000000000,4319.000000000000,130
1767391200005,5529,1767391788347,4318.860000000000,4319.010000000000,4
1767391200005,5530,1767391788399,4318.860000000000,4318.990000000000,4
1767391200005,5531,1767391788440,4318.850000000000,4318.990000000000,130
1767391200005,5532,1767391788539,4318.810000000000,4318.990000000000,130
1767391200005,5533,1767391788748,4318.820000000000,4319.020000000000,134
1767391200005,5534,1767391788758,4318.840000000000,4319.020000000000,130
1767391200005,5535,1767391788797,4318.840000000000,4318.990000000000,4
1767391200005,5536,1767391788852,4318.840000000000,4319.000000000000,4
1767391200005,5537,1767391788861,4318.810000000000,4319.000000000000,130
1767391200005,5538,1767391788961,4318.850000000000,4319.000000000000,130
1767391200005,5539,1767391789245,4318.850000000000,4318.980000000000,4
1767391200005,5540,1767391789264,4318.800000000000,4318.980000000000,130
1767391200005,5541,1767391789296,4318.810000000000,4319.010000000000,134
1767391200005,5542,1767391789346,4318.840000000000,4319.040000000000,134
1767391200005,5543,1767391789366,4318.870000000000,4319.040000000000,130
1767391200005,5544,1767391789397,4318.870000000000,4319.020000000000,4
1767391200005,5545,1767391789453,4318.870000000000,4319.010000000000,4
1767391200005,5546,1767391789465,4318.810000000000,4319.010000000000,130
1767391200005,5547,1767391789501,4318.860000000000,4319.060000000000,134
1767391200005,5548,1767391789566,4318.880000000000,4319.060000000000,130
1767391200005,5549,1767391789606,4318.880000000000,4319.050000000000,4
1767391200005,5550,1767391789651,4318.880000000000,4319.070000000000,4
1767391200005,5551,1767391789749,4318.880000000000,4319.060000000000,4
1767391200005,5552,1767391789767,4318.890000000000,4319.060000000000,130
1767391200005,5553,1767391789846,4318.890000000000,4319.080000000000,4
1767391200005,5554,1767391789867,4318.880000000000,4319.080000000000,130
1767391200005,5555,1767391789897,4318.860000000000,4319.060000000000,134
1767391200005,5556,1767391789947,4318.870000000000,4319.070000000000,134
1767391200005,5557,1767391789969,4318.900000000000,4319.070000000000,130
1767391200005,5558,1767391789999,4318.900000000000,4319.010000000000,4
1767391200005,5559,1767391790048,4318.900000000000,4318.980000000000,4
1767391200005,5560,1767391790069,4318.820000000000,4318.980000000000,130
1767391200005,5561,1767391790149,4318.820000000000,4318.990000000000,4
1767391200005,5562,1767391790169,4318.790000000000,4318.990000000000,130
1767391200005,5563,1767391790199,4318.780000000000,4318.970000000000,134
1767391200005,5564,1767391790249,4318.800000000000,4319.000000000000,134
1767391200005,5565,1767391790271,4318.810000000000,4319.000000000000,130
1767391200005,5566,1767391790300,4318.810000000000,4318.990000000000,4
1767391200005,5567,1767391790349,4318.810000000000,4318.970000000000,4
1767391200005,5568,1767391790402,4318.810000000000,4318.980000000000,4
1767391200005,5569,1767391790460,4318.840000000000,4319.040000000000,134
1767391200005,5570,1767391790471,4318.860000000000,4319.040000000000,130
1767391200005,5571,1767391790503,4318.860000000000,4319.010000000000,4
1767391200005,5572,1767391790552,4318.860000000000,4319.030000000000,4
1767391200005,5573,1767391790571,4318.870000000000,4319.030000000000,130
1767391200005,5574,1767391791052,4318.870000000000,4319.010000000000,4
1767391200005,5575,1767391791052,4318.830000000000,4319.010000000000,130
1767391200005,5576,1767391791104,4318.830000000000,4318.980000000000,4
1767391200005,5577,1767391791151,4318.830000000000,4319.010000000000,4
1767391200005,5578,1767391791155,4318.820000000000,4319.010000000000,130
1767391200005,5579,1767391791252,4318.840000000000,4319.010000000000,130
1767391200005,5580,1767391791508,4318.850000000000,4319.010000000000,130
1767391200005,5581,1767391791553,4318.850000000000,4319.030000000000,4
1767391200005,5582,1767391791604,4318.850000000000,4319.020000000000,4
1767391200005,5583,1767391791616,4318.870000000000,4319.020000000000,130
1767391200005,5584,1767391791938,4318.820000000000,4319.020000000000,130
1767391200005,5585,1767391791951,4318.810000000000,4318.990000000000,134
1767391200005,5586,1767391792038,4318.800000000000,4318.990000000000,130
1767391200005,5587,1767391792054,4318.800000000000,4319.000000000000,4
1767391200005,5588,1767391792154,4318.780000000000,4318.980000000000,134
1767391200005,5589,1767391792203,4318.790000000000,4318.990000000000,134
1767391200005,5590,1767391792439,4318.810000000000,4318.990000000000,130
1767391200005,5591,1767391792456,4318.810000000000,4318.970000000000,4
1767391200005,5592,1767391792506,4318.810000000000,4318.910000000000,4
1767391200005,5593,1767391792542,4318.710000000000,4318.910000000000,130
1767391200005,5594,1767391792568,4318.690000000000,4318.890000000000,134
1767391200005,5595,1767391792606,4318.710000000000,4318.910000000000,134
1767391200005,5596,1767391792654,4318.730000000000,4318.930000000000,134
1767391200005,5597,1767391792706,4318.720000000000,4318.920000000000,134
1767391200005,5598,1767391792805,4318.700000000000,4318.900000000000,134
1767391200005,5599,1767391792842,4318.720000000000,4318.900000000000,130
1767391200005,5600,1767391792854,4318.740000000000,4318.940000000000,134
1767391200005,5601,1767391792904,4318.720000000000,4318.920000000000,134
1767391200005,5602,1767391793154,4318.780000000000,4318.970000000000,134
1767391200005,5603,1767391793184,4318.780000000000,4318.980000000000,4
1767391200005,5604,1767391793203,4318.760000000000,4318.960000000000,134
1767391200005,5605,1767391793406,4318.750000000000,4318.950000000000,134
1767391200005,5606,1767391793505,4318.760000000000,4318.960000000000,134
1767391200005,5607,1767391793686,4318.770000000000,4318.960000000000,130
1767391200005,5608,1767391793757,4318.780000000000,4318.980000000000,134
1767391200005,5609,1767391793787,4318.860000000000,4318.980000000000,130
1767391200005,5610,1767391793813,4318.860000000000,4319.020000000000,4
1767391200005,5611,1767391793887,4318.880000000000,4319.020000000000,130
1767391200005,5612,1767391794056,4318.880000000000,4319.030000000000,4
1767391200005,5613,1767391794075,4318.920000000000,4319.030000000000,130
1767391200005,5614,1767391794116,4319.190000000000,4319.230000000000,134
1767391200005,5615,1767391794167,4319.280000000000,4319.320000000000,134
1767391200005,5616,1767391794173,4319.400000000000,4319.600000000000,134
1767391200005,5617,1767391794219,4319.420000000000,4319.620000000000,134
1767391200005,5618,1767391794264,4319.490000000000,4319.650000000000,134
1767391200005,5619,1767391794272,4319.490000000000,4319.690000000000,4
1767391200005,5620,1767391794309,4319.480000000000,4319.650000000000,134
1767391200005,5621,1767391794359,4319.490000000000,4319.690000000000,134
1767391200005,5622,1767391794371,4319.490000000000,4319.640000000000,4
1767391200005,5623,1767391794415,4319.510000000000,4319.640000000000,130
1767391200005,5624,1767391794458,4319.480000000000,4319.640000000000,130
1767391200005,5625,1767391794474,4319.480000000000,4319.680000000000,4
1767391200005,5626,1767391794510,4319.430000000000,4319.630000000000,134
1767391200005,5627,1767391794606,4319.440000000000,4319.640000000000,134
1767391200005,5628,1767391794957,4319.450000000000,4319.640000000000,130
1767391200005,5629,1767391795015,4319.450000000000,4319.650000000000,4
1767391200005,5630,1767391795113,4319.430000000000,4319.630000000000,134
1767391200005,5631,1767391795160,4319.390000000000,4319.580000000000,134
1767391200005,5632,1767391795210,4319.390000000000,4319.560000000000,4
1767391200005,5633,1767391795214,4319.360000000000,4319.560000000000,130
1767391200005,5634,1767391795258,4319.380000000000,4319.580000000000,134
1767391200005,5635,1767391795306,4319.360000000000,4319.560000000000,134
1767391200005,5636,1767391795460,4319.380000000000,4319.580000000000,134
1767391200005,5637,1767391795757,4319.350000000000,4319.550000000000,134
1767391200005,5638,1767391795907,4319.380000000000,4319.580000000000,134
1767391200005,5639,1767391796058,4319.400000000000,4319.600000000000,134
1767391200005,5640,1767391796108,4319.380000000000,4319.580000000000,134
1767391200005,5641,1767391796859,4319.400000000000,4319.600000000000,134
1767391200005,5642,1767391796904,4319.400000000000,4319.550000000000,4
1767391200005,5643,1767391796911,4319.310000000000,4319.510000000000,134
1767391200005,5644,1767391796961,4319.330000000000,4319.530000000000,134
1767391200005,5645,1767391797004,4319.330000000000,4319.510000000000,4
1767391200005,5646,1767391797014,4319.310000000000,4319.510000000000,130
1767391200005,5647,1767391797064,4319.320000000000,4319.510000000000,130
1767391200005,5648,1767391797104,4319.320000000000,4319.490000000000,4
1767391200005,5649,1767391797113,4319.280000000000,4319.480000000000,134
1767391200005,5650,1767391797162,4319.290000000000,4319.490000000000,134
1767391200005,5651,1767391797261,4319.310000000000,4319.510000000000,134
1767391200005,5652,1767391797306,4319.310000000000,4319.490000000000,4
1767391200005,5653,1767391797312,4319.330000000000,4319.490000000000,130
1767391200005,5654,1767391797405,4319.330000000000,4319.500000000000,4
1767391200005,5655,1767391797408,4319.310000000000,4319.500000000000,130
1767391200005,5656,1767391797459,4319.280000000000,4319.480000000000,134
1767391200005,5657,1767391797506,4319.280000000000,4319.470000000000,4
1767391200005,5658,1767391797509,4319.330000000000,4319.470000000000,130
1767391200005,5659,1767391797570,4319.300000000000,4319.470000000000,130
1767391200005,5660,1767391797607,4319.300000000000,4319.500000000000,4
1767391200005,5661,1767391797609,4319.280000000000,4319.480000000000,134
1767391200005,5662,1767391797659,4319.320000000000,4319.510000000000,134
1767391200005,5663,1767391797707,4319.320000000000,4319.520000000000,4
1767391200005,5664,1767391797808,4319.320000000000,4319.490000000000,4
1767391200005,5665,1767391797810,4319.280000000000,4319.480000000000,134
1767391200005,5666,1767391797867,4319.290000000000,4319.490000000000,134
1767391200005,5667,1767391797908,4319.290000000000,4319.480000000000,4
1767391200005,5668,1767391797910,4319.280000000000,4319.480000000000,130
1767391200005,5669,1767391798261,4319.280000000000,4319.450000000000,4
1767391200005,5670,1767391799213,4319.310000000000,4319.450000000000,130
1767391200005,5671,1767391799219,4319.310000000000,4319.470000000000,4
1767391200005,5672,1767391799261,4319.280000000000,4319.470000000000,130
1767391200005,5673,1767391799309,4319.290000000000,4319.470000000000,130
1767391200005,5674,1767391799318,4319.290000000000,4319.490000000000,4
1767391200005,5675,1767391799559,4319.260000000000,4319.460000000000,134
1767391200005,5676,1767391799609,4319.290000000000,4319.490000000000,134
1767391200005,5677,1767391799758,4319.270000000000,4319.460000000000,134
1767391200005,5678,1767391799808,4319.280000000000,4319.480000000000,134
1767391200005,5679,1767391800110,4319.280000000000,4319.480000000000,130
1767391200005,5680,1767391800211,4319.370000000000,4319.480000000000,130
1767391200005,5681,1767391800213,4319.510000000000,4319.640000000000,134
1767391200005,5682,1767391800263,4319.520000000000,4319.640000000000,130
1767391200005,5683,1767391800311,4319.520000000000,4319.720000000000,4
1767391200005,5684,1767391800312,4319.510000000000,4319.710000000000,134
1767391200005,5685,1767391800366,4319.530000000000,4319.720000000000,134
1767391200005,5686,1767391800414,4319.530000000000,4319.730000000000,4
1767391200005,5687,1767391800675,4319.540000000000,4319.740000000000,134
1767391200005,5688,1767391800731,4319.550000000000,4319.750000000000,134
1767391200005,5689,1767391801115,4319.580000000000,4319.760000000000,134
1767391200005,5690,1767391801117,4319.580000000000,4319.770000000000,4
1767391200005,5691,1767391801165,4319.620000000000,4319.770000000000,130
1767391200005,5692,1767391801213,4319.650000000000,4319.770000000000,130
1767391200005,5693,1767391801223,4319.650000000000,4319.810000000000,4
1767391200005,5694,1767391801263,4319.620000000000,4319.810000000000,130
1767391200005,5695,1767391801315,4319.650000000000,4319.810000000000,130
1767391200005,5696,1767391801327,4319.650000000000,4319.850000000000,4
1767391200005,5697,1767391801363,4319.610000000000,4319.810000000000,134
1767391200005,5698,1767391801416,4319.610000000000,4319.790000000000,4
1767391200005,5699,1767391801428,4319.600000000000,4319.790000000000,130
1767391200005,5700,1767391801517,4319.610000000000,4319.810000000000,134
1767391200005,5701,1767391801815,4319.620000000000,4319.820000000000,134
1767391200005,5702,1767391801831,4319.630000000000,4319.820000000000,130
1767391200005,5703,1767391801866,4319.630000000000,4319.800000000000,4
1767391200005,5704,1767391801915,4319.630000000000,4319.780000000000,4
1767391200005,5705,1767391801931,4319.600000000000,4319.780000000000,130
1767391200005,5706,1767391801965,4319.600000000000,4319.800000000000,4
1767391200005,5707,1767391802018,4319.610000000000,4319.810000000000,134
1767391200005,5708,1767391802064,4319.610000000000,4319.780000000000,4
1767391200005,5709,1767391802115,4319.610000000000,4319.760000000000,4
1767391200005,5710,1767391802132,4319.580000000000,4319.760000000000,130
1767391200005,5711,1767391802164,4319.580000000000,4319.780000000000,4
1767391200005,5712,1767391802214,4319.590000000000,4319.790000000000,134
1767391200005,5713,1767391802265,4319.580000000000,4319.780000000000,134
1767391200005,5714,1767391802318,4319.590000000000,4319.790000000000,134
1767391200005,5715,1767391802367,4319.570000000000,4319.770000000000,134
1767391200005,5716,1767391803921,4319.560000000000,4319.760000000000,134
1767391200005,5717,1767391804221,4319.570000000000,4319.770000000000,134
1767391200005,5718,1767391804272,4319.650000000000,4319.780000000000,134
1767391200005,5719,1767391804327,4319.750000000000,4319.790000000000,134
1767391200005,5720,1767391804335,4319.750000000000,4319.950000000000,4
1767391200005,5721,1767391804374,4319.770000000000,4319.970000000000,134
1767391200005,5722,1767391804420,4319.760000000000,4319.960000000000,134
1767391200005,5723,1767391804471,4319.770000000000,4319.970000000000,134
1767391200005,5724,1767391804523,4319.760000000000,4319.960000000000,134
1767391200005,5725,1767391804623,4319.780000000000,4319.980000000000,134
1767391200005,5726,1767391804671,4319.760000000000,4319.960000000000,134
1767391200005,5727,1767391804723,4319.750000000000,4319.950000000000,134
1767391200005,5728,1767391804822,4319.740000000000,4319.940000000000,134
1767391200005,5729,1767391804920,4319.750000000000,4319.950000000000,134
1767391200005,5730,1767391805071,4319.760000000000,4319.960000000000,134
1767391200005,5731,1767391805126,4319.750000000000,4319.950000000000,134
1767391200005,5732,1767391805175,4319.830000000000,4320.000000000000,134
1767391200005,5733,1767391805188,4319.830000000000,4320.030000000000,4
1767391200005,5734,1767391805272,4319.840000000000,4320.040000000000,134
1767391200005,5735,1767391805322,4319.840000000000,4320.020000000000,4
1767391200005,5736,1767391805373,4319.840000000000,4320.010000000000,4
1767391200005,5737,1767391805398,4319.810000000000,4320.010000000000,130
1767391200005,5738,1767391805485,4319.800000000000,4320.000000000000,134
1767391200005,5739,1767391805529,4319.840000000000,4320.040000000000,134
1767391200005,5740,1767391805579,4319.860000000000,4320.050000000000,134
1767391200005,5741,1767391805590,4319.860000000000,4320.060000000000,4
1767391200005,5742,1767391805630,4319.850000000000,4320.050000000000,134
1767391200005,5743,1767391805683,4319.860000000000,4320.060000000000,134
1767391200005,5744,1767391805779,4319.820000000000,4320.000000000000,134
1767391200005,5745,1767391805791,4319.800000000000,4320.000000000000,130
1767391200005,5746,1767391805830,4319.860000000000,4320.050000000000,134
1767391200005,5747,1767391805878,4319.840000000000,4320.040000000000,134
1767391200005,5748,1767391805929,4319.850000000000,4320.050000000000,134
1767391200005,5749,1767391805974,4319.810000000000,4320.010000000000,134
1767391200005,5750,1767391806031,4319.820000000000,4320.020000000000,134
1767391200005,5751,1767391806075,4319.840000000000,4320.040000000000,134
1767391200005,5752,1767391806132,4319.830000000000,4320.030000000000,134
1767391200005,5753,1767391806777,4319.930000000000,4320.040000000000,134
1767391200005,5754,1767391806779,4319.930000000000,4320.060000000000,4
1767391200005,5755,1767391806826,4320.010000000000,4320.060000000000,130
1767391200005,5756,1767391806878,4320.010000000000,4320.210000000000,4
1767391200005,5757,1767391806975,4320.000000000000,4320.200000000000,134
1767391200005,5758,1767391807176,4320.070000000000,4320.230000000000,134
1767391200005,5759,1767391807178,4320.070000000000,4320.250000000000,4
1767391200005,5760,1767391807226,4320.060000000000,4320.250000000000,130
1767391200005,5761,1767391807287,4320.080000000000,4320.260000000000,134
1767391200005,5762,1767391807331,4320.140000000000,4320.340000000000,134
1767391200005,5763,1767391807380,4320.130000000000,4320.330000000000,134
1767391200005,5764,1767391807432,4320.150000000000,4320.350000000000,134
1767391200005,5765,1767391807478,4320.160000000000,4320.360000000000,134
1767391200005,5766,1767391807778,4320.180000000000,4320.380000000000,134
1767391200005,5767,1767391807830,4320.260000000000,4320.420000000000,134
1767391200005,5768,1767391807833,4320.260000000000,4320.460000000000,4
1767391200005,5769,1767391807877,4320.220000000000,4320.420000000000,134
1767391200005,5770,1767391807978,4320.250000000000,4320.450000000000,134
1767391200005,5771,1767391808033,4320.280000000000,4320.450000000000,130
1767391200005,5772,1767391808078,4320.280000000000,4320.420000000000,4
1767391200005,5773,1767391808126,4320.280000000000,4320.440000000000,4
1767391200005,5774,1767391808133,4320.260000000000,4320.440000000000,130
1767391200005,5775,1767391808178,4320.260000000000,4320.410000000000,4
1767391200005,5776,1767391808227,4320.260000000000,4320.440000000000,4
1767391200005,5777,1767391808234,4320.240000000000,4320.440000000000,130
1767391200005,5778,1767391808283,4320.240000000000,4320.430000000000,4
1767391200005,5779,1767391808334,4320.260000000000,4320.430000000000,130
1767391200005,5780,1767391808428,4320.260000000000,4320.440000000000,4
1767391200005,5781,1767391808477,4320.270000000000,4320.470000000000,134
1767391200005,5782,1767391808529,4320.260000000000,4320.440000000000,134
1767391200005,5783,1767391808732,4320.260000000000,4320.460000000000,4
1767391200005,5784,1767391808828,4320.340000000000,4320.530000000000,134
1767391200005,5785,1767391808838,4320.340000000000,4320.540000000000,4
1767391200005,5786,1767391808883,4320.300000000000,4320.500000000000,134
1767391200005,5787,1767391808934,4320.290000000000,4320.460000000000,134
1767391200005,5788,1767391808938,4320.260000000000,4320.460000000000,130
1767391200005,5789,1767391809035,4320.260000000000,4320.360000000000,4
1767391200005,5790,1767391809038,4320.190000000000,4320.360000000000,130
1767391200005,5791,1767391809131,4320.190000000000,4320.270000000000,4
1767391200005,5792,1767391809140,4320.120000000000,4320.270000000000,130
1767391200005,5793,1767391809188,4320.120000000000,4320.290000000000,4
1767391200005,5794,1767391809241,4320.110000000000,4320.290000000000,130
1767391200005,5795,1767391809286,4320.110000000000,4320.300000000000,4
1767391200005,5796,1767391809335,4320.110000000000,4320.290000000000,4
1767391200005,5797,1767391809340,4320.090000000000,4320.290000000000,130
1767391200005,5798,1767391809391,4320.090000000000,4320.280000000000,4
1767391200005,5799,1767391809435,4320.170000000000,4320.360000000000,134
1767391200005,5800,1767391809443,4320.170000000000,4320.370000000000,4
1767391200005,5801,1767391809486,4320.110000000000,4320.310000000000,134
1767391200005,5802,1767391809583,4320.110000000000,4320.300000000000,4
1767391200005,5803,1767391809634,4320.140000000000,4320.340000000000,134
1767391200005,5804,1767391809683,4320.100000000000,4320.300000000000,134
1767391200005,5805,1767391809731,4320.150000000000,4320.350000000000,134
1767391200005,5806,1767391809782,4320.100000000000,4320.300000000000,134
1767391200005,5807,1767391810266,4320.100000000000,4320.290000000000,4
1767391200005,5808,1767391810288,4320.020000000000,4320.190000000000,134
1767391200005,5809,1767391810336,4320.020000000000,4320.110000000000,4
1767391200005,5810,1767391810366,4319.960000000000,4320.110000000000,130
1767391200005,5811,1767391810391,4319.960000000000,4320.100000000000,4
1767391200005,5812,1767391810435,4319.960000000000,4320.120000000000,4
1767391200005,5813,1767391810466,4319.920000000000,4320.120000000000,130
1767391200005,5814,1767391810484,4319.900000000000,4320.100000000000,134
1767391200005,5815,1767391810538,4319.900000000000,4320.090000000000,4
1767391200005,5816,1767391810567,4319.890000000000,4320.090000000000,130
1767391200005,5817,1767391811086,4319.890000000000,4320.020000000000,4
1767391200005,5818,1767391811098,4319.840000000000,4320.020000000000,130
1767391200005,5819,1767391811133,4319.840000000000,4320.010000000000,4
1767391200005,5820,1767391811184,4319.840000000000,4319.980000000000,4
1767391200005,5821,1767391811201,4319.850000000000,4319.980000000000,130
1767391200005,5822,1767391811233,4319.850000000000,4320.000000000000,4
1767391200005,5823,1767391811384,4319.850000000000,4319.990000000000,4
1767391200005,5824,1767391811401,4319.830000000000,4319.990000000000,130
1767391200005,5825,1767391811434,4319.830000000000,4320.000000000000,4
1767391200005,5826,1767391811502,4319.850000000000,4320.000000000000,130
1767391200005,5827,1767391811585,4319.850000000000,4320.040000000000,4
1767391200005,5828,1767391811604,4319.870000000000,4320.040000000000,130
1767391200005,5829,1767391811635,4319.870000000000,4320.050000000000,4
1767391200005,5830,1767391811735,4319.870000000000,4320.040000000000,4
1767391200005,5831,1767391811785,4319.870000000000,4320.030000000000,4
1767391200005,5832,1767391811804,4319.850000000000,4320.030000000000,130
1767391200005,5833,1767391811837,4319.890000000000,4320.090000000000,134
1767391200005,5834,1767391811896,4319.850000000000,4320.050000000000,134
1767391200005,5835,1767391811905,4319.860000000000,4320.050000000000,130
1767391200005,5836,1767391811994,4319.860000000000,4320.040000000000,4
1767391200005,5837,1767391812239,4319.860000000000,4320.020000000000,4
1767391200005,5838,1767391812327,4319.850000000000,4320.020000000000,130
1767391200005,5839,1767391812427,4319.860000000000,4320.020000000000,130
1767391200005,5840,1767391812487,4319.860000000000,4320.010000000000,4
1767391200005,5841,1767391812637,4319.860000000000,4320.040000000000,4
1767391200005,5842,1767391812736,4319.860000000000,4320.020000000000,4
1767391200005,5843,1767391812786,4319.860000000000,4320.040000000000,4
1767391200005,5844,1767391812843,4319.890000000000,4320.090000000000,134
1767391200005,5845,1767391812900,4319.880000000000,4320.080000000000,134
1767391200005,5846,1767391813088,4319.870000000000,4320.070000000000,134
1767391200005,5847,1767391813139,4319.870000000000,4320.050000000000,4
1767391200005,5848,1767391813159,4319.850000000000,4320.050000000000,130
1767391200005,5849,1767391813187,4319.840000000000,4320.040000000000,134
1767391200005,5850,1767391813291,4319.840000000000,4320.010000000000,4
1767391200005,5851,1767391813337,4319.840000000000,4320.030000000000,4
1767391200005,5852,1767391813486,4319.840000000000,4320.020000000000,4
1767391200005,5853,1767391813540,4319.840000000000,4320.010000000000,4
1767391200005,5854,1767391813588,4319.840000000000,4320.000000000000,4
1767391200005,5855,1767391813636,4319.840000000000,4319.990000000000,4
1767391200005,5856,1767391813687,4319.840000000000,4319.980000000000,4
1767391200005,5857,1767391813727,4319.820000000000,4319.980000000000,130
1767391200005,5858,1767391813727,4319.830000000000,4319.980000000000,130
1767391200005,5859,1767391813741,4319.830000000000,4320.000000000000,4
1767391200005,5860,1767391813792,4319.840000000000,4320.040000000000,134
1767391200005,5861,1767391813839,4319.830000000000,4320.020000000000,134
1767391200005,5862,1767391813863,4319.840000000000,4320.020000000000,130
1767391200005,5863,1767391813891,4319.840000000000,4320.040000000000,4
1767391200005,5864,1767391813938,4319.840000000000,4320.020000000000,4
1767391200005,5865,1767391814087,4319.840000000000,4320.030000000000,4
1767391200005,5866,1767391814190,4319.840000000000,4320.020000000000,4
1767391200005,5867,1767391814243,4319.840000000000,4320.000000000000,4
1767391200005,5868,1767391814266,4319.830000000000,4320.000000000000,130
1767391200005,5869,1767391814291,4319.860000000000,4320.060000000000,134
1767391200005,5870,1767391814338,4319.880000000000,4320.080000000000,134
1767391200005,5871,1767391814390,4319.880000000000,4320.070000000000,4
1767391200005,5872,1767391814440,4319.880000000000,4320.080000000000,4
1767391200005,5873,1767391814743,4319.880000000000,4320.060000000000,4
1767391200005,5874,1767391814769,4319.870000000000,4320.060000000000,130
1767391200005,5875,1767391814842,4319.870000000000,4320.050000000000,4
1767391200005,5876,1767391814870,4319.860000000000,4320.050000000000,130
1767391200005,5877,1767391814892,4319.860000000000,4320.040000000000,4
1767391200005,5878,1767391814941,4319.860000000000,4320.050000000000,4
1767391200005,5879,1767391815041,4319.860000000000,4320.060000000000,4
1767391200005,5880,1767391815245,4319.870000000000,4320.070000000000,134
1767391200005,5881,1767391815994,4319.870000000000,4320.060000000000,4
1767391200005,5882,1767391816043,4319.870000000000,4320.070000000000,4
1767391200005,5883,1767391816300,4319.850000000000,4320.030000000000,134
1767391200005,5884,1767391816344,4319.850000000000,4320.020000000000,4
1767391200005,5885,1767391816446,4319.850000000000,4320.000000000000,4
1767391200005,5886,1767391816468,4319.830000000000,4320.000000000000,130
1767391200005,5887,1767391816569,4319.840000000000,4320.000000000000,130
1767391200005,5888,1767391816719,4319.800000000000,4320.000000000000,130
1767391200005,5889,1767391816745,4319.780000000000,4319.980000000000,134
1767391200005,5890,1767391816794,4319.780000000000,4319.970000000000,4
1767391200005,5891,1767391816842,4319.790000000000,4319.990000000000,134
1767391200005,5892,1767391816894,4319.780000000000,4319.960000000000,134
1767391200005,5893,1767391816920,4319.760000000000,4319.960000000000,130
1767391200005,5894,1767391817021,4319.780000000000,4319.960000000000,130
1767391200005,5895,1767391817121,4319.760000000000,4319.960000000000,130
1767391200005,5896,1767391817146,4319.760000000000,4319.950000000000,4
1767391200005,5897,1767391817194,4319.780000000000,4319.980000000000,134
1767391200005,5898,1767391817294,4319.800000000000,4320.000000000000,134
1767391200005,5899,1767391817346,4319.810000000000,4320.010000000000,134
1767391200005,5900,1767391817393,4319.840000000000,4320.040000000000,134
1767391200005,5901,1767391817445,4319.900000000000,4320.090000000000,134
1767391200005,5902,1767391817495,4319.890000000000,4320.090000000000,130
1767391200005,5903,1767391817600,4319.910000000000,4320.110000000000,134
1767391200005,5904,1767391818055,4319.990000000000,4320.150000000000,134
1767391200005,5905,1767391818127,4319.990000000000,4320.190000000000,4
1767391200005,5906,1767391818147,4320.000000000000,4320.200000000000,134
1767391200005,5907,1767391818198,4320.020000000000,4320.220000000000,134
1767391200005,5908,1767391818248,4320.000000000000,4320.200000000000,134
1767391200005,5909,1767391818346,4319.990000000000,4320.190000000000,134
1767391200005,5910,1767391818397,4320.010000000000,4320.210000000000,134
1767391200005,5911,1767391818497,4320.030000000000,4320.220000000000,134
1767391200005,5912,1767391818529,4320.030000000000,4320.230000000000,4
1767391200005,5913,1767391818547,4320.010000000000,4320.210000000000,134
1767391200005,5914,1767391819110,4320.010000000000,4320.200000000000,4
1767391200005,5915,1767391819181,4320.000000000000,4320.200000000000,130
1767391200005,5916,1767391819554,4319.980000000000,4320.180000000000,134
1767391200005,5917,1767391819658,4319.970000000000,4320.170000000000,134
1767391200005,5918,1767391819704,4319.960000000000,4320.160000000000,134
1767391200005,5919,1767391819903,4320.000000000000,4320.200000000000,134
1767391200005,5920,1767391819952,4319.990000000000,4320.190000000000,134
1767391200005,5921,1767391820003,4320.010000000000,4320.210000000000,134
1767391200005,5922,1767391820053,4320.020000000000,4320.220000000000,134
1767391200005,5923,1767391820104,4320.010000000000,4320.210000000000,134
1767391200005,5924,1767391820156,4320.040000000000,4320.230000000000,134
1767391200005,5925,1767391820197,4320.040000000000,4320.240000000000,4
1767391200005,5926,1767391820204,4320.060000000000,4320.260000000000,134
1767391200005,5927,1767391820253,4320.110000000000,4320.310000000000,134
1767391200005,5928,1767391820304,4320.120000000000,4320.320000000000,134
1767391200005,5929,1767391820353,4320.110000000000,4320.310000000000,134
1767391200005,5930,1767391820398,4320.110000000000,4320.300000000000,4
1767391200005,5931,1767391820404,4320.090000000000,4320.290000000000,134
1767391200005,5932,1767391820453,4320.100000000000,4320.300000000000,134
1767391200005,5933,1767391820852,4320.090000000000,4320.290000000000,134
1767391200005,5934,1767391821554,4320.080000000000,4320.280000000000,134
1767391200005,5935,1767391821607,4320.040000000000,4320.240000000000,134
1767391200005,5936,1767391821655,4320.030000000000,4320.190000000000,134
1767391200005,5937,1767391821685,4319.990000000000,4320.190000000000,130
1767391200005,5938,1767391821705,4320.020000000000,4320.220000000000,134
1767391200005,5939,1767391821757,4320.060000000000,4320.250000000000,134
1767391200005,5940,1767391821786,4320.060000000000,4320.260000000000,4
1767391200005,5941,1767391821814,4320.080000000000,4320.280000000000,134
1767391200005,5942,1767391821857,4320.240000000000,4320.280000000000,130
1767391200005,5943,1767391821886,4320.240000000000,4320.440000000000,4
1767391200005,5944,1767391821955,4320.250000000000,4320.450000000000,134
1767391200005,5945,1767391821986,4320.250000000000,4320.440000000000,4
1767391200005,5946,1767391822007,4320.240000000000,4320.440000000000,130
1767391200005,5947,1767391822054,4320.190000000000,4320.390000000000,134
1767391200005,5948,1767391822106,4320.180000000000,4320.360000000000,134
1767391200005,5949,1767391822158,4320.180000000000,4320.380000000000,4
1767391200005,5950,1767391822207,4320.240000000000,4320.440000000000,134
1767391200005,5951,1767391822257,4320.180000000000,4320.380000000000,134
1767391200005,5952,1767391822310,4320.320000000000,4320.390000000000,134
1767391200005,5953,1767391822388,4320.320000000000,4320.520000000000,4
1767391200005,5954,1767391822406,4320.310000000000,4320.510000000000,134
1767391200005,5955,1767391822506,4320.300000000000,4320.500000000000,134
1767391200005,5956,1767391822557,4320.310000000000,4320.510000000000,134
1767391200005,5957,1767391822606,4320.320000000000,4320.520000000000,134
1767391200005,5958,1767391823064,4320.340000000000,4320.530000000000,134
1767391200005,5959,1767391823101,4320.340000000000,4320.540000000000,4
1767391200005,5960,1767391823159,4320.330000000000,4320.530000000000,134
1767391200005,5961,1767391823303,4320.340000000000,4320.530000000000,130
1767391200005,5962,1767391823311,4320.480000000000,4320.610000000000,134
1767391200005,5963,1767391823360,4320.470000000000,4320.610000000000,130
1767391200005,5964,1767391823403,4320.470000000000,4320.670000000000,4
1767391200005,5965,1767391823415,4320.500000000000,4320.700000000000,134
1767391200005,5966,1767391823469,4320.510000000000,4320.710000000000,134
1767391200005,5967,1767391823518,4320.500000000000,4320.700000000000,134
1767391200005,5968,1767391823612,4320.470000000000,4320.670000000000,134
1767391200005,5969,1767391823663,4320.460000000000,4320.650000000000,134
1767391200005,5970,1767391823705,4320.470000000000,4320.650000000000,130
1767391200005,5971,1767391823712,4320.470000000000,4320.670000000000,4
1767391200005,5972,1767391823817,4320.460000000000,4320.660000000000,134
1767391200005,5973,1767391823866,4320.450000000000,4320.650000000000,134
1767391200005,5974,1767391823961,4320.460000000000,4320.660000000000,134
1767391200005,5975,1767391824011,4320.470000000000,4320.670000000000,134
1767391200005,5976,1767391824312,4320.460000000000,4320.660000000000,134
1767391200005,5977,1767391824616,4320.470000000000,4320.670000000000,134
1767391200005,5978,1767391825112,4320.460000000000,4320.640000000000,134
1767391200005,5979,1767391825124,4320.440000000000,4320.640000000000,130
1767391200005,5980,1767391825170,4320.390000000000,4320.560000000000,134
1767391200005,5981,1767391825216,4320.390000000000,4320.520000000000,4
1767391200005,5982,1767391825223,4320.340000000000,4320.520000000000,130
1767391200005,5983,1767391825265,4320.340000000000,4320.540000000000,4
1767391200005,5984,1767391825420,4320.320000000000,4320.480000000000,134
1767391200005,5985,1767391825425,4320.290000000000,4320.480000000000,130
1767391200005,5986,1767391825469,4320.290000000000,4320.440000000000,4
1767391200005,5987,1767391825517,4320.290000000000,4320.420000000000,4
1767391200005,5988,1767391825524,4320.230000000000,4320.420000000000,130
1767391200005,5989,1767391825568,4320.250000000000,4320.450000000000,134
1767391200005,5990,1767391825633,4320.260000000000,4320.450000000000,130
1767391200005,5991,1767391825714,4320.260000000000,4320.440000000000,4
1767391200005,5992,1767391825726,4320.250000000000,4320.440000000000,130
1767391200005,5993,1767391825762,4320.250000000000,4320.420000000000,4
1767391200005,5994,1767391825812,4320.250000000000,4320.450000000000,4
1767391200005,5995,1767391825864,4320.230000000000,4320.420000000000,134
1767391200005,5996,1767391825912,4320.230000000000,4320.430000000000,4
1767391200005,5997,1767391825964,4320.230000000000,4320.420000000000,4
1767391200005,5998,1767391826012,4320.230000000000,4320.410000000000,4
1767391200005,5999,1767391826113,4320.230000000000,4320.420000000000,4
1767391200005,6000,1767391826164,4320.230000000000,4320.430000000000,4
1767391200005,6001,1767391826214,4320.240000000000,4320.440000000000,134
1767391200005,6002,1767391826263,4320.240000000000,4320.430000000000,4
1767391200005,6003,1767391826315,4320.240000000000,4320.410000000000,4
1767391200005,6004,1767391826339,4320.210000000000,4320.410000000000,130
1767391200005,6005,1767391826416,4320.240000000000,4320.440000000000,134
1767391200005,6006,1767391826466,4320.260000000000,4320.460000000000,134
1767391200005,6007,1767391826516,4320.230000000000,4320.410000000000,134
1767391200005,6008,1767391826538,4320.220000000000,4320.410000000000,130
1767391200005,6009,1767391826568,4320.220000000000,4320.400000000000,4
1767391200005,6010,1767391826618,4320.220000000000,4320.420000000000,4
1767391200005,6011,1767391826639,4320.230000000000,4320.420000000000,130
1767391200005,6012,1767391826669,4320.230000000000,4320.430000000000,4
1767391200005,6013,1767391826715,4320.350000000000,4320.500000000000,134
1767391200005,6014,1767391826740,4320.350000000000,4320.510000000000,4
1767391200005,6015,1767391826766,4320.390000000000,4320.510000000000,130
1767391200005,6016,1767391826815,4320.380000000000,4320.510000000000,130
1767391200005,6017,1767391826839,4320.380000000000,4320.580000000000,4
1767391200005,6018,1767391826865,4320.380000000000,4320.530000000000,4
1767391200005,6019,1767391826940,4320.360000000000,4320.530000000000,130
1767391200005,6020,1767391826965,4320.360000000000,4320.500000000000,4
1767391200005,6021,1767391827013,4320.360000000000,4320.490000000000,4
1767391200005,6022,1767391827041,4320.310000000000,4320.490000000000,130
1767391200005,6023,1767391827064,4320.310000000000,4320.500000000000,4
1767391200005,6024,1767391827114,4320.310000000000,4320.510000000000,4
1767391200005,6025,1767391827166,4320.310000000000,4320.500000000000,4
1767391200005,6026,1767391827217,4320.310000000000,4320.510000000000,4
1767391200005,6027,1767391827266,4320.310000000000,4320.490000000000,4
1767391200005,6028,1767391827315,4320.310000000000,4320.500000000000,4
1767391200005,6029,1767391827366,4320.340000000000,4320.540000000000,134
1767391200005,6030,1767391827417,4320.370000000000,4320.570000000000,134
1767391200005,6031,1767391827716,4320.390000000000,4320.590000000000,134
1767391200005,6032,1767391827967,4320.380000000000,4320.580000000000,134
1767391200005,6033,1767391828018,4320.360000000000,4320.560000000000,134
1767391200005,6034,1767391828071,4320.330000000000,4320.530000000000,134
1767391200005,6035,1767391828167,4320.320000000000,4320.510000000000,134
1767391200005,6036,1767391828267,4320.330000000000,4320.530000000000,134
1767391200005,6037,1767391828318,4320.360000000000,4320.560000000000,134
1767391200005,6038,1767391828367,4320.320000000000,4320.510000000000,134
1767391200005,6039,1767391828427,4320.320000000000,4320.480000000000,4
1767391200005,6040,1767391828458,4320.310000000000,4320.480000000000,130
1767391200005,6041,1767391828559,4320.300000000000,4320.480000000000,130
1767391200005,6042,1767391828618,4320.300000000000,4320.450000000000,4
1767391200005,6043,1767391828660,4320.260000000000,4320.450000000000,130
1767391200005,6044,1767391828668,4320.260000000000,4320.460000000000,4
1767391200005,6045,1767391828720,4320.290000000000,4320.490000000000,134
1767391200005,6046,1767391828761,4320.320000000000,4320.490000000000,130
1767391200005,6047,1767391828769,4320.350000000000,4320.550000000000,134
1767391200005,6048,1767391828860,4320.370000000000,4320.550000000000,130
1767391200005,6049,1767391828962,4320.350000000000,4320.550000000000,130
1767391200005,6050,1767391829061,4320.360000000000,4320.550000000000,130
1767391200005,6051,1767391829118,4320.360000000000,4320.460000000000,4
1767391200005,6052,1767391829163,4320.260000000000,4320.460000000000,130
1767391200005,6053,1767391829168,4320.230000000000,4320.400000000000,134
1767391200005,6054,1767391829217,4320.230000000000,4320.390000000000,4
1767391200005,6055,1767391829262,4320.190000000000,4320.390000000000,130
1767391200005,6056,1767391829277,4320.200000000000,4320.400000000000,134
1767391200005,6057,1767391829367,4320.210000000000,4320.410000000000,134
1767391200005,6058,1767391829419,4320.220000000000,4320.420000000000,134
1767391200005,6059,1767391829469,4320.210000000000,4320.410000000000,134
1767391200005,6060,1767391829524,4320.190000000000,4320.390000000000,134
1767391200005,6061,1767391829676,4320.170000000000,4320.370000000000,134
1767391200005,6062,1767391829722,4320.160000000000,4320.360000000000,134
1767391200005,6063,1767391829769,4320.170000000000,4320.370000000000,134
1767391200005,6064,1767391829869,4320.170000000000,4320.350000000000,4
1767391200005,6065,1767391829925,4320.170000000000,4320.330000000000,4
1767391200005,6066,1767391829969,4320.170000000000,4320.360000000000,4
1767391200005,6067,1767391830021,4320.170000000000,4320.220000000000,4
1767391200005,6068,1767391830068,4320.020000000000,4320.220000000000,130
1767391200005,6069,1767391830069,4320.030000000000,4320.230000000000,134
1767391200005,6070,1767391830134,4320.060000000000,4320.260000000000,134
1767391200005,6071,1767391830169,4320.080000000000,4320.260000000000,130
1767391200005,6072,1767391830172,4320.120000000000,4320.320000000000,134
1767391200005,6073,1767391830221,4320.130000000000,4320.330000000000,134
1767391200005,6074,1767391830276,4320.110000000000,4320.310000000000,134
1767391200005,6075,1767391830321,4320.110000000000,4320.300000000000,4
1767391200005,6076,1767391830829,4320.220000000000,4320.380000000000,134
1767391200005,6077,1767391830874,4320.230000000000,4320.380000000000,130
1767391200005,6078,1767391830895,4320.230000000000,4320.430000000000,4
1767391200005,6079,1767391830924,4320.260000000000,4320.430000000000,130
1767391200005,6080,1767391830994,4320.260000000000,4320.450000000000,4
1767391200005,6081,1767391831120,4320.260000000000,4320.440000000000,4
1767391200005,6082,1767391831121,4320.250000000000,4320.440000000000,130
1767391200005,6083,1767391831170,4320.260000000000,4320.440000000000,130
1767391200005,6084,1767391831221,4320.240000000000,4320.440000000000,130
1767391200005,6085,1767391831271,4320.260000000000,4320.460000000000,134
1767391200005,6086,1767391831321,4320.270000000000,4320.460000000000,130
1767391200005,6087,1767391831324,4320.270000000000,4320.470000000000,4
1767391200005,6088,1767391831421,4320.230000000000,4320.400000000000,134
1767391200005,6089,1767391831425,4320.200000000000,4320.400000000000,130
1767391200005,6090,1767391831473,4320.230000000000,4320.430000000000,134
1767391200005,6091,1767391831519,4320.200000000000,4320.400000000000,134
1767391200005,6092,1767391831625,4320.240000000000,4320.440000000000,134
1767391200005,6093,1767391831671,4320.230000000000,4320.430000000000,134
1767391200005,6094,1767391831771,4320.270000000000,4320.470000000000,134
1767391200005,6095,1767391832170,4320.260000000000,4320.460000000000,134
1767391200005,6096,1767391832221,4320.270000000000,4320.470000000000,134
1767391200005,6097,1767391832320,4320.260000000000,4320.460000000000,134
1767391200005,6098,1767391832424,4320.250000000000,4320.450000000000,134
1767391200005,6099,1767391832472,4320.240000000000,4320.440000000000,134
1767391200005,6100,1767391833222,4320.310000000000,4320.510000000000,134
1767391200005,6101,1767391833322,4320.300000000000,4320.500000000000,134
1767391200005,6102,1767391833523,4320.260000000000,4320.460000000000,134
1767391200005,6103,1767391833672,4320.270000000000,4320.470000000000,134
1767391200005,6104,1767391833924,4320.230000000000,4320.430000000000,134
1767391200005,6105,1767391833977,4320.230000000000,4320.410000000000,4
1767391200005,6106,1767391833998,4320.210000000000,4320.410000000000,130
1767391200005,6107,1767391834181,4320.240000000000,4320.440000000000,134
1767391200005,6108,1767391834274,4320.240000000000,4320.430000000000,4
1767391200005,6109,1767391834324,4320.240000000000,4320.440000000000,4
1767391200005,6110,1767391834400,4320.250000000000,4320.440000000000,130
1767391200005,6111,1767391834425,4320.250000000000,4320.450000000000,4
1767391200005,6112,1767391834524,4320.240000000000,4320.440000000000,134
1767391200005,6113,1767391834601,4320.250000000000,4320.440000000000,130
1767391200005,6114,1767391834630,4320.260000000000,4320.460000000000,134
1767391200005,6115,1767391834676,4320.270000000000,4320.470000000000,134
1767391200005,6116,1767391834726,4320.250000000000,4320.450000000000,134
1767391200005,6117,1767391834775,4320.240000000000,4320.430000000000,134
1767391200005,6118,1767391834803,4320.230000000000,4320.430000000000,130
1767391200005,6119,1767391834831,4320.240000000000,4320.440000000000,134
1767391200005,6120,1767391834927,4320.230000000000,4320.430000000000,134
1767391200005,6121,1767391834989,4320.220000000000,4320.420000000000,134
1767391200005,6122,1767391835031,4320.240000000000,4320.440000000000,134
1767391200005,6123,1767391835087,4320.230000000000,4320.430000000000,134
1767391200005,6124,1767391835130,4320.240000000000,4320.440000000000,134
1767391200005,6125,1767391835184,4320.220000000000,4320.420000000000,134
1767391200005,6126,1767391835205,4320.230000000000,4320.420000000000,130
1767391200005,6127,1767391835227,4320.250000000000,4320.450000000000,134
1767391200005,6128,1767391835290,4320.240000000000,4320.440000000000,134
1767391200005,6129,1767391835328,4320.250000000000,4320.450000000000,134
1767391200005,6130,1767391835439,4320.240000000000,4320.440000000000,134
1767391200005,6131,1767391835581,4320.250000000000,4320.450000000000,134
1767391200005,6132,1767391835630,4320.240000000000,4320.440000000000,134
1767391200005,6133,1767391835680,4320.250000000000,4320.450000000000,134
1767391200005,6134,1767391835882,4320.220000000000,4320.410000000000,134
1767391200005,6135,1767391835908,4320.210000000000,4320.410000000000,130
1767391200005,6136,1767391835932,4320.190000000000,4320.370000000000,134
1767391200005,6137,1767391835982,4320.190000000000,4320.390000000000,4
1767391200005,6138,1767391836031,4320.160000000000,4320.340000000000,134
1767391200005,6139,1767391836081,4320.180000000000,4320.380000000000,134
1767391200005,6140,1767391836131,4320.170000000000,4320.350000000000,134
1767391200005,6141,1767391836188,4320.170000000000,4320.340000000000,4
1767391200005,6142,1767391836209,4320.140000000000,4320.340000000000,130
1767391200005,6143,1767391836234,4320.160000000000,4320.360000000000,134
1767391200005,6144,1767391836285,4320.220000000000,4320.400000000000,134
1767391200005,6145,1767391836310,4320.220000000000,4320.420000000000,4
1767391200005,6146,1767391836333,4320.240000000000,4320.440000000000,134
1767391200005,6147,1767391836440,4320.250000000000,4320.450000000000,134
1767391200005,6148,1767391836485,4320.230000000000,4320.430000000000,134
1767391200005,6149,1767391836585,4320.240000000000,4320.440000000000,134
1767391200005,6150,1767391836633,4320.220000000000,4320.420000000000,134
1767391200005,6151,1767391836683,4320.240000000000,4320.440000000000,134
1767391200005,6152,1767391836832,4320.230000000000,4320.430000000000,134
1767391200005,6153,1767391836934,4320.220000000000,4320.420000000000,134
1767391200005,6154,1767391836995,4320.230000000000,4320.430000000000,134
1767391200005,6155,1767391837035,4320.220000000000,4320.420000000000,134
1767391200005,6156,1767391837085,4320.230000000000,4320.430000000000,134
1767391200005,6157,1767391837334,4320.230000000000,4320.420000000000,4
1767391200005,6158,1767391837415,4320.220000000000,4320.420000000000,130
1767391200005,6159,1767391837635,4320.210000000000,4320.410000000000,134
1767391200005,6160,1767391837684,4320.220000000000,4320.420000000000,134
1767391200005,6161,1767391838188,4320.190000000000,4320.360000000000,134
1767391200005,6162,1767391838243,4320.190000000000,4320.370000000000,4
1767391200005,6163,1767391838284,4320.170000000000,4320.370000000000,130
1767391200005,6164,1767391838286,4320.170000000000,4320.340000000000,4
1767391200005,6165,1767391838338,4320.170000000000,4320.350000000000,4
1767391200005,6166,1767391838390,4320.180000000000,4320.350000000000,130
1767391200005,6167,1767391838399,4320.180000000000,4320.320000000000,4
1767391200005,6168,1767391838436,4320.180000000000,4320.310000000000,4
1767391200005,6169,1767391838491,4320.180000000000,4320.330000000000,4
1767391200005,6170,1767391838591,4320.160000000000,4320.330000000000,130
1767391200005,6171,1767391838639,4320.160000000000,4320.350000000000,4
1767391200005,6172,1767391838692,4320.150000000000,4320.350000000000,130
1767391200005,6173,1767391838741,4320.140000000000,4320.340000000000,134
1767391200005,6174,1767391839037,4320.140000000000,4320.330000000000,4
1767391200005,6175,1767391839044,4320.130000000000,4320.330000000000,130
1767391200005,6176,1767391839087,4320.230000000000,4320.400000000000,134
1767391200005,6177,1767391839136,4320.210000000000,4320.400000000000,130
1767391200005,6178,1767391839142,4320.210000000000,4320.410000000000,4
1767391200005,6179,1767391839193,4320.220000000000,4320.420000000000,134
1767391200005,6180,1767391839294,4320.230000000000,4320.430000000000,134
1767391200005,6181,1767391839336,4320.250000000000,4320.450000000000,134
1767391200005,6182,1767391839344,4320.290000000000,4320.450000000000,130
1767391200005,6183,1767391839439,4320.290000000000,4320.420000000000,4
1767391200005,6184,1767391839446,4320.220000000000,4320.420000000000,130
1767391200005,6185,1767391839489,4320.220000000000,4320.410000000000,4
1767391200005,6186,1767391839537,4320.220000000000,4320.420000000000,4
1767391200005,6187,1767391839546,4320.240000000000,4320.420000000000,130
1767391200005,6188,1767391839591,4320.280000000000,4320.480000000000,134
1767391200005,6189,1767391839640,4320.390000000000,4320.510000000000,134
1767391200005,6190,1767391839646,4320.390000000000,4320.590000000000,4
1767391200005,6191,1767391839738,4320.370000000000,4320.570000000000,134
1767391200005,6192,1767391839789,4320.390000000000,4320.590000000000,134
1767391200005,6193,1767391839838,4320.370000000000,4320.560000000000,134
1767391200005,6194,1767391839888,4320.410000000000,4320.610000000000,134
1767391200005,6195,1767391839939,4320.400000000000,4320.600000000000,134
1767391200005,6196,1767391839990,4320.390000000000,4320.580000000000,134
1767391200005,6197,1767391840040,4320.420000000000,4320.620000000000,134
1767391200005,6198,1767391840092,4320.440000000000,4320.630000000000,134
1767391200005,6199,1767391840148,4320.470000000000,4320.630000000000,130
1767391200005,6200,1767391840150,4320.520000000000,4320.670000000000,134
1767391200005,6201,1767391840194,4320.520000000000,4320.680000000000,4
1767391200005,6202,1767391840351,4320.530000000000,4320.680000000000,130
1767391200005,6203,1767391840438,4320.530000000000,4320.670000000000,4
1767391200005,6204,1767391840488,4320.530000000000,4320.700000000000,4
1767391200005,6205,1767391840539,4320.530000000000,4320.710000000000,4
1767391200005,6206,1767391840652,4320.520000000000,4320.710000000000,130
1767391200005,6207,1767391840915,4320.550000000000,4320.710000000000,130
1767391200005,6208,1767391840941,4320.600000000000,4320.800000000000,134
1767391200005,6209,1767391840988,4320.610000000000,4320.810000000000,134
1767391200005,6210,1767391841014,4320.660000000000,4320.810000000000,130
1767391200005,6211,1767391841039,4320.660000000000,4320.840000000000,4
1767391200005,6212,1767391841090,4320.660000000000,4320.820000000000,4
1767391200005,6213,1767391841115,4320.630000000000,4320.820000000000,130
1767391200005,6214,1767391841240,4320.640000000000,4320.840000000000,134
1767391200005,6215,1767391841490,4320.660000000000,4320.860000000000,134
1767391200005,6216,1767391841589,4320.670000000000,4320.860000000000,130
1767391200005,6217,1767391841591,4320.670000000000,4320.870000000000,4
1767391200005,6218,1767391841640,4320.740000000000,4320.940000000000,134
1767391200005,6219,1767391841689,4320.760000000000,4320.960000000000,134
1767391200005,6220,1767391841739,4320.740000000000,4320.940000000000,134
1767391200005,6221,1767391841791,4320.750000000000,4320.950000000000,134
1767391200005,6222,1767391841843,4320.740000000000,4320.940000000000,134
1767391200005,6223,1767391841890,4320.760000000000,4320.960000000000,134
1767391200005,6224,1767391841947,4320.800000000000,4321.000000000000,134
1767391200005,6225,1767391841990,4320.810000000000,4321.010000000000,134
1767391200005,6226,1767391842089,4320.870000000000,4321.010000000000,130
1767391200005,6227,1767391842092,4320.910000000000,4321.110000000000,134
1767391200005,6228,1767391842141,4320.920000000000,4321.120000000000,134
1767391200005,6229,1767391842194,4320.910000000000,4321.110000000000,134
1767391200005,6230,1767391842241,4320.870000000000,4321.070000000000,134
1767391200005,6231,1767391842292,4320.860000000000,4321.060000000000,134
1767391200005,6232,1767391842390,4320.880000000000,4321.060000000000,130
1767391200005,6233,1767391843185,4320.860000000000,4321.060000000000,130
1767391200005,6234,1767391843192,4320.850000000000,4321.020000000000,134
1767391200005,6235,1767391843243,4320.850000000000,4320.950000000000,4
1767391200005,6236,1767391843286,4320.760000000000,4320.950000000000,130
1767391200005,6237,1767391843292,4320.760000000000,4320.920000000000,4
1767391200005,6238,1767391843342,4320.760000000000,4320.930000000000,4
1767391200005,6239,1767391843386,4320.730000000000,4320.930000000000,130
1767391200005,6240,1767391843442,4320.790000000000,4320.970000000000,134
1767391200005,6241,1767391843487,4320.790000000000,4320.990000000000,4
1767391200005,6242,1767391843491,4320.810000000000,4321.010000000000,134
1767391200005,6243,1767391843542,4320.880000000000,4321.040000000000,134
1767391200005,6244,1767391843587,4320.880000000000,4321.080000000000,4
1767391200005,6245,1767391843643,4320.860000000000,4321.060000000000,134
1767391200005,6246,1767391843841,4320.870000000000,4321.070000000000,134
1767391200005,6247,1767391844043,4320.860000000000,4321.060000000000,134
1767391200005,6248,1767391844442,4320.870000000000,4321.070000000000,134
1767391200005,6249,1767391844592,4320.910000000000,4321.110000000000,134
1767391200005,6250,1767391844634,4320.920000000000,4321.110000000000,130
1767391200005,6251,1767391844735,4320.910000000000,4321.110000000000,130
1767391200005,6252,1767391844945,4320.900000000000,4321.100000000000,134
1767391200005,6253,1767391845946,4320.910000000000,4321.110000000000,134
1767391200005,6254,1767391846645,4320.900000000000,4321.100000000000,134
1767391200005,6255,1767391846899,4320.920000000000,4321.120000000000,134
1767391200005,6256,1767391846949,4320.900000000000,4321.100000000000,134
1767391200005,6257,1767391847346,4320.910000000000,4321.110000000000,134
1767391200005,6258,1767391847597,4320.920000000000,4321.120000000000,134
1767391200005,6259,1767391847696,4320.930000000000,4321.130000000000,134
1767391200005,6260,1767391848246,4320.960000000000,4321.160000000000,134
1767391200005,6261,1767391848300,4321.050000000000,4321.170000000000,134
1767391200005,6262,1767391848343,4321.050000000000,4321.250000000000,4
1767391200005,6263,1767391848347,4321.020000000000,4321.220000000000,134
1767391200005,6264,1767391848445,4321.010000000000,4321.200000000000,134
1767391200005,6265,1767391848496,4321.010000000000,4321.190000000000,4
1767391200005,6266,1767391848544,4320.990000000000,4321.190000000000,130
1767391200005,6267,1767391848597,4321.000000000000,4321.200000000000,134
1767391200005,6268,1767391848646,4321.020000000000,4321.200000000000,130
1767391200005,6269,1767391848654,4321.020000000000,4321.190000000000,4
1767391200005,6270,1767391848877,4321.010000000000,4321.190000000000,130
1767391200005,6271,1767391848899,4321.020000000000,4321.220000000000,134
1767391200005,6272,1767391849002,4320.990000000000,4321.160000000000,134
1767391200005,6273,1767391849049,4320.990000000000,4321.140000000000,4
1767391200005,6274,1767391849076,4320.960000000000,4321.140000000000,130
1767391200005,6275,1767391849099,4320.960000000000,4321.130000000000,4
1767391200005,6276,1767391849150,4320.960000000000,4321.150000000000,4
1767391200005,6277,1767391849177,4320.950000000000,4321.150000000000,130
1767391200005,6278,1767391849348,4320.970000000000,4321.170000000000,134
1767391200005,6279,1767391849398,4320.950000000000,4321.150000000000,134
1767391200005,6280,1767391849449,4320.970000000000,4321.170000000000,134
1767391200005,6281,1767391849478,4320.980000000000,4321.170000000000,130
1767391200005,6282,1767391849499,4320.980000000000,4321.160000000000,4
1767391200005,6283,1767391849549,4320.980000000000,4321.150000000000,4
1767391200005,6284,1767391849580,4320.950000000000,4321.150000000000,130
1767391200005,6285,1767391849600,4320.970000000000,4321.170000000000,134
1767391200005,6286,1767391849650,4320.980000000000,4321.180000000000,134
1767391200005,6287,1767391849850,4320.970000000000,4321.170000000000,134
1767391200005,6288,1767391850152,4320.980000000000,4321.180000000000,134
1767391200005,6289,1767391850245,4320.990000000000,4321.180000000000,130
1767391200005,6290,1767391850252,4321.010000000000,4321.210000000000,134
1767391200005,6291,1767391850303,4321.000000000000,4321.200000000000,134
1767391200005,6292,1767391850444,4321.020000000000,4321.200000000000,130
1767391200005,6293,1767391850451,4321.020000000000,4321.220000000000,4
1767391200005,6294,1767391850904,4321.040000000000,4321.240000000000,134
1767391200005,6295,1767391850927,4321.100000000000,4321.240000000000,130
1767391200005,6296,1767391850951,4321.100000000000,4321.290000000000,4
1767391200005,6297,1767391851028,4321.090000000000,4321.290000000000,130
1767391200005,6298,1767391851052,4321.100000000000,4321.300000000000,134
1767391200005,6299,1767391851202,4321.130000000000,4321.330000000000,134
1767391200005,6300,1767391851251,4321.180000000000,4321.380000000000,134
1767391200005,6301,1767391851453,4321.170000000000,4321.370000000000,134
1767391200005,6302,1767391851652,4321.150000000000,4321.350000000000,134
1767391200005,6303,1767391851702,4321.130000000000,4321.330000000000,134
1767391200005,6304,1767391852056,4321.090000000000,4321.270000000000,134
1767391200005,6305,1767391852085,4321.070000000000,4321.270000000000,130
1767391200005,6306,1767391852104,4321.060000000000,4321.200000000000,134
1767391200005,6307,1767391852155,4321.060000000000,4321.100000000000,4
1767391200005,6308,1767391852186,4320.940000000000,4321.100000000000,130
1767391200005,6309,1767391852203,4320.940000000000,4321.120000000000,4
1767391200005,6310,1767391852252,4320.940000000000,4321.110000000000,4
1767391200005,6311,1767391852285,4320.910000000000,4321.110000000000,130
1767391200005,6312,1767391852303,4320.930000000000,4321.130000000000,134
1767391200005,6313,1767391852352,4320.910000000000,4321.110000000000,134
1767391200005,6314,1767391852453,4320.900000000000,4321.100000000000,134
1767391200005,6315,1767391853005,4320.910000000000,4321.110000000000,134
1767391200005,6316,1767391853054,4320.890000000000,4321.090000000000,134
1767391200005,6317,1767391853359,4320.850000000000,4321.010000000000,134
1767391200005,6318,1767391853409,4320.850000000000,4320.890000000000,4
1767391200005,6319,1767391853450,4320.680000000000,4320.880000000000,134
1767391200005,6320,1767391853456,4320.660000000000,4320.820000000000,134
1767391200005,6321,1767391853514,4320.660000000000,4320.840000000000,4
1767391200005,6322,1767391853551,4320.640000000000,4320.840000000000,130
1767391200005,6323,1767391853611,4320.680000000000,4320.880000000000,134
1767391200005,6324,1767391853671,4320.660000000000,4320.860000000000,134
1767391200005,6325,1767391853752,4320.680000000000,4320.860000000000,130
1767391200005,6326,1767391853853,4320.660000000000,4320.860000000000,130
1767391200005,6327,1767391853957,4320.670000000000,4320.870000000000,134
1767391200005,6328,1767391854007,4320.660000000000,4320.860000000000,134
1767391200005,6329,1767391854106,4320.650000000000,4320.850000000000,134
1767391200005,6330,1767391854159,4320.670000000000,4320.870000000000,134
1767391200005,6331,1767391854258,4320.650000000000,4320.850000000000,134
1767391200005,6332,1767391854306,4320.630000000000,4320.830000000000,134
1767391200005,6333,1767391854355,4320.660000000000,4320.860000000000,134
1767391200005,6334,1767391854406,4320.650000000000,4320.850000000000,134
1767391200005,6335,1767391854456,4320.640000000000,4320.840000000000,134
1767391200005,6336,1767391854608,4320.660000000000,4320.860000000000,134
1767391200005,6337,1767391854656,4320.670000000000,4320.860000000000,130
1767391200005,6338,1767391854658,4320.670000000000,4320.870000000000,4
1767391200005,6339,1767391854758,4320.680000000000,4320.870000000000,130
1767391200005,6340,1767391855069,4320.720000000000,4320.920000000000,134
1767391200005,6341,1767391855110,4320.710000000000,4320.910000000000,134
1767391200005,6342,1767391855118,4320.750000000000,4320.910000000000,130
1767391200005,6343,1767391855174,4320.750000000000,4320.940000000000,4
1767391200005,6344,1767391855208,4320.750000000000,4320.920000000000,4
1767391200005,6345,1767391855322,4320.740000000000,4320.920000000000,130
1767391200005,6346,1767391855409,4320.740000000000,4320.900000000000,4
1767391200005,6347,1767391855422,4320.730000000000,4320.900000000000,130
1767391200005,6348,1767391855458,4320.730000000000,4320.920000000000,4
1767391200005,6349,1767391855509,4320.730000000000,4320.900000000000,4
1767391200005,6350,1767391855664,4320.720000000000,4320.900000000000,130
1767391200005,6351,1767391855708,4320.720000000000,4320.890000000000,4
1767391200005,6352,1767391855769,4320.700000000000,4320.890000000000,130
1767391200005,6353,1767391855809,4320.700000000000,4320.900000000000,4
1767391200005,6354,1767391855859,4320.710000000000,4320.910000000000,134
1767391200005,6355,1767391855872,4320.730000000000,4320.910000000000,130
1767391200005,6356,1767391855912,4320.730000000000,4320.920000000000,4
1767391200005,6357,1767391855974,4320.740000000000,4320.920000000000,130
1767391200005,6358,1767391856075,4320.760000000000,4320.920000000000,130
1767391200005,6359,1767391857212,4320.780000000000,4320.980000000000,134
1767391200005,6360,1767391857240,4320.820000000000,4320.980000000000,130
1767391200005,6361,1767391857270,4320.820000000000,4320.970000000000,4
1767391200005,6362,1767391857319,4320.820000000000,4320.960000000000,4
1767391200005,6363,1767391857341,4320.760000000000,4320.960000000000,130
1767391200005,6364,1767391857367,4320.760000000000,4320.930000000000,4
1767391200005,6365,1767391857412,4320.760000000000,4320.910000000000,4
1767391200005,6366,1767391857442,4320.720000000000,4320.910000000000,130
1767391200005,6367,1767391857915,4320.750000000000,4320.950000000000,134
1767391200005,6368,1767391857963,4320.730000000000,4320.930000000000,134
1767391200005,6369,1767391857983,4320.760000000000,4320.930000000000,130
1767391200005,6370,1767391858014,4320.760000000000,4320.950000000000,4
1767391200005,6371,1767391858196,4320.800000000000,4320.950000000000,130
1767391200005,6372,1767391858216,4320.820000000000,4321.020000000000,134
1767391200005,6373,1767391858267,4320.850000000000,4321.050000000000,134
1767391200005,6374,1767391858326,4320.870000000000,4321.070000000000,134
1767391200005,6375,1767391858365,4320.850000000000,4321.050000000000,134
1767391200005,6376,1767391858396,4320.860000000000,4321.050000000000,130
1767391200005,6377,1767391858421,4320.860000000000,4321.060000000000,4
1767391200005,6378,1767391858467,4320.860000000000,4320.990000000000,4
1767391200005,6379,1767391858496,4320.820000000000,4320.990000000000,130
1767391200005,6380,1767391858515,4320.820000000000,4320.980000000000,4
1767391200005,6381,1767391858564,4320.820000000000,4320.970000000000,4
1767391200005,6382,1767391858598,4320.780000000000,4320.970000000000,130
1767391200005,6383,1767391858616,4320.780000000000,4320.950000000000,4
1767391200005,6384,1767391858666,4320.780000000000,4320.900000000000,4
1767391200005,6385,1767391858697,4320.740000000000,4320.900000000000,130
1767391200005,6386,1767391858717,4320.740000000000,4320.890000000000,4
1767391200005,6387,1767391858766,4320.740000000000,4320.920000000000,4
1767391200005,6388,1767391858798,4320.730000000000,4320.920000000000,130
1767391200005,6389,1767391858866,4320.730000000000,4320.910000000000,4
1767391200005,6390,1767391858899,4320.720000000000,4320.910000000000,130
1767391200005,6391,1767391859000,4320.730000000000,4320.910000000000,130
1767391200005,6392,1767391859067,4320.730000000000,4320.930000000000,4
1767391200005,6393,1767391859369,4320.750000000000,4320.950000000000,134
1767391200005,6394,1767391859441,4320.760000000000,4320.950000000000,130
1767391200005,6395,1767391859474,4320.760000000000,4320.940000000000,4
1767391200005,6396,1767391859528,4320.760000000000,4320.920000000000,4
1767391200005,6397,1767391859573,4320.760000000000,4320.930000000000,4
1767391200005,6398,1767391859643,4320.750000000000,4320.930000000000,130
1767391200005,6399,1767391859719,4320.750000000000,4320.940000000000,4
1767391200005,6400,1767391859743,4320.770000000000,4320.940000000000,130
1767391200005,6401,1767391860070,4320.770000000000,4320.940000000000,130
1767391200005,6402,1767391860557,4320.740000000000,4320.940000000000,130
1767391200005,6403,1767391860569,4320.740000000000,4320.910000000000,4
1767391200005,6404,1767391860620,4320.740000000000,4320.900000000000,4
1767391200005,6405,1767391860669,4320.740000000000,4320.870000000000,4
1767391200005,6406,1767391860727,4320.740000000000,4320.880000000000,4
1767391200005,6407,1767391860759,4320.680000000000,4320.880000000000,130
1767391200005,6408,1767391860777,4320.680000000000,4320.860000000000,4
1767391200005,6409,1767391860858,4320.700000000000,4320.860000000000,130
1767391200005,6410,1767391860927,4320.700000000000,4320.870000000000,4
1767391200005,6411,1767391860966,4320.720000000000,4320.870000000000,130
1767391200005,6412,1767391860967,4320.720000000000,4320.880000000000,4
1767391200005,6413,1767391861026,4320.720000000000,4320.890000000000,4
1767391200005,6414,1767391861059,4320.740000000000,4320.890000000000,130
1767391200005,6415,1767391861068,4320.740000000000,4320.900000000000,4
1767391200005,6416,1767391861118,4320.740000000000,4320.880000000000,4
1767391200005,6417,1767391861171,4320.740000000000,4320.890000000000,4
1767391200005,6418,1767391861364,4320.770000000000,4320.890000000000,130
1767391200005,6419,1767391861371,4320.770000000000,4320.910000000000,4
1767391200005,6420,1767391861468,4320.770000000000,4320.900000000000,4
1767391200005,6421,1767391861470,4320.720000000000,4320.900000000000,130
1767391200005,6422,1767391861519,4320.730000000000,4320.930000000000,134
1767391200005,6423,1767391861567,4320.720000000000,4320.920000000000,134
1767391200005,6424,1767391861571,4320.760000000000,4320.920000000000,130
1767391200005,6425,1767391861720,4320.760000000000,4320.930000000000,4
1767391200005,6426,1767391861769,4320.760000000000,4320.960000000000,4
1767391200005,6427,1767391861773,4320.820000000000,4320.960000000000,130
1767391200005,6428,1767391861827,4320.820000000000,4320.950000000000,4
1767391200005,6429,1767391861872,4320.790000000000,4320.950000000000,130
1767391200005,6430,1767391861975,4320.800000000000,4320.950000000000,130
1767391200005,6431,1767391862073,4320.800000000000,4320.960000000000,4
1767391200005,6432,1767391862075,4320.810000000000,4320.960000000000,130
1767391200005,6433,1767391862350,4320.860000000000,4320.960000000000,130
1767391200005,6434,1767391862368,4320.860000000000,4321.020000000000,4
1767391200005,6435,1767391862419,4320.860000000000,4321.040000000000,4
1767391200005,6436,1767391862455,4320.900000000000,4321.040000000000,130
1767391200005,6437,1767391862470,4320.900000000000,4321.050000000000,4
1767391200005,6438,1767391862560,4320.890000000000,4321.050000000000,130
1767391200005,6439,1767391863003,4320.870000000000,4321.050000000000,130
1767391200005,6440,1767391863108,4320.890000000000,4321.050000000000,130
1767391200005,6441,1767391863122,4320.890000000000,4321.060000000000,4
1767391200005,6442,1767391863211,4320.880000000000,4321.060000000000,130
1767391200005,6443,1767391863419,4320.880000000000,4321.030000000000,4
1767391200005,6444,1767391863423,4320.860000000000,4321.030000000000,130
1767391200005,6445,1767391863520,4320.860000000000,4321.020000000000,4
1767391200005,6446,1767391863524,4320.840000000000,4321.020000000000,130
1767391200005,6447,1767391864168,4320.840000000000,4321.030000000000,4
1767391200005,6448,1767391864522,4320.860000000000,4321.030000000000,130
1767391200005,6449,1767391864524,4320.860000000000,4321.040000000000,4
1767391200005,6450,1767391864576,4320.860000000000,4321.060000000000,4
1767391200005,6451,1767391864630,4320.870000000000,4321.060000000000,130
1767391200005,6452,1767391864724,4320.870000000000,4321.030000000000,4
1767391200005,6453,1767391864733,4320.860000000000,4321.030000000000,130
1767391200005,6454,1767391864820,4320.860000000000,4321.050000000000,4
1767391200005,6455,1767391864831,4320.900000000000,4321.050000000000,130
1767391200005,6456,1767391864920,4320.900000000000,4321.040000000000,4
1767391200005,6457,1767391864932,4320.860000000000,4321.040000000000,130
1767391200005,6458,1767391864969,4320.860000000000,4321.020000000000,4
1767391200005,6459,1767391865020,4320.860000000000,4321.050000000000,4
1767391200005,6460,1767391865032,4320.880000000000,4321.050000000000,130
1767391200005,6461,1767391865122,4320.880000000000,4321.060000000000,4
1767391200005,6462,1767391865171,4320.880000000000,4321.050000000000,4
1767391200005,6463,1767391865221,4320.960000000000,4321.150000000000,134
1767391200005,6464,1767391865233,4320.970000000000,4321.160000000000,134
1767391200005,6465,1767391865272,4321.080000000000,4321.240000000000,134
1767391200005,6466,1767391865322,4321.050000000000,4321.240000000000,130
1767391200005,6467,1767391865333,4321.090000000000,4321.250000000000,134
1767391200005,6468,1767391865376,4321.090000000000,4321.240000000000,4
1767391200005,6469,1767391865424,4321.090000000000,4321.260000000000,4
1767391200005,6470,1767391865434,4321.100000000000,4321.260000000000,130
1767391200005,6471,1767391865473,4321.100000000000,4321.270000000000,4
1767391200005,6472,1767391865620,4321.100000000000,4321.250000000000,4
1767391200005,6473,1767391865635,4321.050000000000,4321.250000000000,130
1767391200005,6474,1767391865672,4321.050000000000,4321.240000000000,4
1767391200005,6475,1767391865727,4321.050000000000,4321.250000000000,4
1767391200005,6476,1767391865735,4321.080000000000,4321.250000000000,130
1767391200005,6477,1767391865848,4321.120000000000,4321.250000000000,130
1767391200005,6478,1767391865871,4321.130000000000,4321.330000000000,134
1767391200005,6479,1767391865922,4321.150000000000,4321.350000000000,134
1767391200005,6480,1767391865947,4321.160000000000,4321.350000000000,130
1767391200005,6481,1767391866047,4321.170000000000,4321.350000000000,130
1767391200005,6482,1767391866374,4321.170000000000,4321.320000000000,4
1767391200005,6483,1767391866423,4321.170000000000,4321.290000000000,4
1767391200005,6484,1767391866461,4321.090000000000,4321.290000000000,130
1767391200005,6485,1767391866474,4321.060000000000,4321.220000000000,134
1767391200005,6486,1767391866523,4321.060000000000,4321.140000000000,4
1767391200005,6487,1767391866560,4320.960000000000,4321.140000000000,130
1767391200005,6488,1767391866579,4320.960000000000,4321.120000000000,4
1767391200005,6489,1767391866625,4320.960000000000,4321.140000000000,4
1767391200005,6490,1767391866660,4320.980000000000,4321.140000000000,130
1767391200005,6491,1767391866679,4320.980000000000,4321.160000000000,4
1767391200005,6492,1767391866723,4320.980000000000,4321.140000000000,4
1767391200005,6493,1767391866761,4320.990000000000,4321.140000000000,130
1767391200005,6494,1767391866773,4320.990000000000,4321.170000000000,4
1767391200005,6495,1767391866830,4320.990000000000,4321.150000000000,4
1767391200005,6496,1767391866861,4320.960000000000,4321.150000000000,130
1767391200005,6497,1767391866874,4320.960000000000,4321.140000000000,4
1767391200005,6498,1767391866924,4320.960000000000,4321.160000000000,4
1767391200005,6499,1767391866960,4321.000000000000,4321.160000000000,130
1767391200005,6500,1767391867474,4321.000000000000,4321.150000000000,4
1767391200005,6501,1767391867506,4320.990000000000,4321.150000000000,130
1767391200005,6502,1767391867735,4321.000000000000,4321.150000000000,130
1767391200005,6503,1767391867780,4321.000000000000,4321.130000000000,4
1767391200005,6504,1767391867825,4321.000000000000,4321.110000000000,4
1767391200005,6505,1767391867836,4321.010000000000,4321.110000000000,130
1767391200005,6506,1767391868653,4320.960000000000,4321.110000000000,130
1767391200005,6507,1767391868677,4321.110000000000,4321.230000000000,134
1767391200005,6508,1767391868727,4321.100000000000,4321.230000000000,130
1767391200005,6509,1767391868751,4321.120000000000,4321.300000000000,134
1767391200005,6510,1767391868782,4321.160000000000,4321.360000000000,134
1767391200005,6511,1767391868827,4321.120000000000,4321.290000000000,134
1767391200005,6512,1767391868852,4321.090000000000,4321.290000000000,130
1767391200005,6513,1767391868877,4321.080000000000,4321.260000000000,134
1767391200005,6514,1767391868927,4321.080000000000,4321.280000000000,4
1767391200005,6515,1767391868953,4321.150000000000,4321.280000000000,130
1767391200005,6516,1767391868975,4321.150000000000,4321.350000000000,4
1767391200005,6517,1767391869026,4321.150000000000,4321.310000000000,4
1767391200005,6518,1767391869051,4321.110000000000,4321.310000000000,130
1767391200005,6519,1767391869082,4321.100000000000,4321.300000000000,134
1767391200005,6520,1767391869152,4321.140000000000,4321.300000000000,130
1767391200005,6521,1767391869181,4321.140000000000,4321.320000000000,4
1767391200005,6522,1767391869237,4321.160000000000,4321.360000000000,134
1767391200005,6523,1767391869260,4321.180000000000,4321.360000000000,130
1767391200005,6524,1767391869325,4321.180000000000,4321.350000000000,4
1767391200005,6525,1767391869354,4321.190000000000,4321.350000000000,130
1767391200005,6526,1767391869386,4321.190000000000,4321.370000000000,4
1767391200005,6527,1767391869428,4321.190000000000,4321.350000000000,4
1767391200005,6528,1767391869454,4321.210000000000,4321.350000000000,130
1767391200005,6529,1767391869697,4321.180000000000,4321.350000000000,130
1767391200005,6530,1767391869727,4321.180000000000,4321.380000000000,4
1767391200005,6531,1767391869804,4321.230000000000,4321.380000000000,130
1767391200005,6532,1767391869826,4321.230000000000,4321.410000000000,4
1767391200005,6533,1767391869876,4321.230000000000,4321.420000000000,4
1767391200005,6534,1767391869898,4321.260000000000,4321.420000000000,130
1767391200005,6535,1767391870824,4321.250000000000,4321.420000000000,130
1767391200005,6536,1767391870830,4321.250000000000,4321.410000000000,4
1767391200005,6537,1767391871188,4321.270000000000,4321.410000000000,130
1767391200005,6538,1767391871296,4321.240000000000,4321.410000000000,130
1767391200005,6539,1767391871333,4321.240000000000,4321.420000000000,4
1767391200005,6540,1767391871383,4321.240000000000,4321.410000000000,4
1767391200005,6541,1767391871394,4321.260000000000,4321.410000000000,130
1767391200005,6542,1767391871884,4321.260000000000,4321.370000000000,4
1767391200005,6543,1767391871936,4321.260000000000,4321.380000000000,4
1767391200005,6544,1767391871948,4321.210000000000,4321.380000000000,130
1767391200005,6545,1767391872350,4321.200000000000,4321.380000000000,130
1767391200005,6546,1767391872386,4321.200000000000,4321.320000000000,4
1767391200005,6547,1767391872435,4321.200000000000,4321.300000000000,4
1767391200005,6548,1767391872453,4321.150000000000,4321.300000000000,130
1767391200005,6549,1767391872490,4321.150000000000,4321.340000000000,4
1767391200005,6550,1767391872534,4321.150000000000,4321.310000000000,4
1767391200005,6551,1767391872550,4321.130000000000,4321.310000000000,130
1767391200005,6552,1767391872589,4321.130000000000,4321.320000000000,4
1767391200005,6553,1767391872652,4321.140000000000,4321.320000000000,130
1767391200005,6554,1767391872694,4321.160000000000,4321.360000000000,134
1767391200005,6555,1767391872735,4321.140000000000,4321.340000000000,134
1767391200005,6556,1767391872753,4321.170000000000,4321.340000000000,130
1767391200005,6557,1767391872853,4321.180000000000,4321.340000000000,130
1767391200005,6558,1767391872936,4321.180000000000,4321.360000000000,4
1767391200005,6559,1767391872954,4321.190000000000,4321.360000000000,130
1767391200005,6560,1767391872986,4321.190000000000,4321.340000000000,4
1767391200005,6561,1767391873053,4321.180000000000,4321.340000000000,130
1767391200005,6562,1767391873388,4321.180000000000,4321.320000000000,4
1767391200005,6563,1767391873437,4321.180000000000,4321.370000000000,4
1767391200005,6564,1767391873466,4321.220000000000,4321.370000000000,130
1767391200005,6565,1767391873490,4321.220000000000,4321.390000000000,4
1767391200005,6566,1767391873538,4321.220000000000,4321.370000000000,4
1767391200005,6567,1767391873566,4321.190000000000,4321.370000000000,130
1767391200005,6568,1767391873588,4321.190000000000,4321.360000000000,4
1767391200005,6569,1767391873643,4321.190000000000,4321.370000000000,4
1767391200005,6570,1767391873667,4321.180000000000,4321.370000000000,130
1767391200005,6571,1767391873745,4321.180000000000,4321.340000000000,4
1767391200005,6572,1767391873767,4321.170000000000,4321.340000000000,130
1767391200005,6573,1767391873793,4321.170000000000,4321.360000000000,4
1767391200005,6574,1767391873839,4321.170000000000,4321.370000000000,4
1767391200005,6575,1767391873868,4321.180000000000,4321.370000000000,130
1767391200005,6576,1767391874240,4321.180000000000,4321.350000000000,4
1767391200005,6577,1767391874291,4321.180000000000,4321.360000000000,4
1767391200005,6578,1767391874340,4321.180000000000,4321.330000000000,4
1767391200005,6579,1767391874392,4321.180000000000,4321.350000000000,4
1767391200005,6580,1767391874450,4321.190000000000,4321.350000000000,130
1767391200005,6581,1767391875115,4321.180000000000,4321.350000000000,130
1767391200005,6582,1767391875145,4321.180000000000,4321.360000000000,4
1767391200005,6583,1767391875292,4321.180000000000,4321.330000000000,4
1767391200005,6584,1767391875325,4321.160000000000,4321.330000000000,130
1767391200005,6585,1767391875350,4321.160000000000,4321.350000000000,4
1767391200005,6586,1767391875426,4321.190000000000,4321.350000000000,130
1767391200005,6587,1767391875443,4321.190000000000,4321.380000000000,4
1767391200005,6588,1767391875495,4321.190000000000,4321.370000000000,4
1767391200005,6589,1767391875792,4321.190000000000,4321.380000000000,4
1767391200005,6590,1767391875827,4321.180000000000,4321.380000000000,130
1767391200005,6591,1767391875842,4321.180000000000,4321.370000000000,4
1767391200005,6592,1767391875892,4321.180000000000,4321.350000000000,4
1767391200005,6593,1767391875928,4321.170000000000,4321.350000000000,130
1767391200005,6594,1767391875998,4321.170000000000,4321.340000000000,4
1767391200005,6595,1767391876028,4321.200000000000,4321.340000000000,130
1767391200005,6596,1767391876057,4321.200000000000,4321.360000000000,4
1767391200005,6597,1767391876129,4321.190000000000,4321.360000000000,130
1767391200005,6598,1767391876228,4321.180000000000,4321.360000000000,130
1767391200005,6599,1767391876382,4321.170000000000,4321.360000000000,130
1767391200005,6600,1767391876393,4321.180000000000,4321.380000000000,134
1767391200005,6601,1767391876442,4321.200000000000,4321.400000000000,134
1767391200005,6602,1767391876495,4321.190000000000,4321.390000000000,134
1767391200005,6603,1767391876581,4321.200000000000,4321.390000000000,130
1767391200005,6604,1767391876643,4321.200000000000,4321.400000000000,4
1767391200005,6605,1767391876745,4321.200000000000,4321.390000000000,4
1767391200005,6606,1767391876783,4321.190000000000,4321.390000000000,130
1767391200005,6607,1767391876797,4321.230000000000,4321.430000000000,134
1767391200005,6608,1767391876844,4321.290000000000,4321.450000000000,134
1767391200005,6609,1767391876884,4321.290000000000,4321.490000000000,4
1767391200005,6610,1767391876895,4321.300000000000,4321.500000000000,134
1767391200005,6611,1767391877979,4321.330000000000,4321.500000000000,130
1767391200005,6612,1767391877995,4321.330000000000,4321.510000000000,4
1767391200005,6613,1767391878080,4321.320000000000,4321.510000000000,130
1767391200005,6614,1767391878299,4321.320000000000,4321.460000000000,4
1767391200005,6615,1767391878310,4321.260000000000,4321.460000000000,130
1767391200005,6616,1767391878495,4321.270000000000,4321.470000000000,134
1767391200005,6617,1767391879066,4321.280000000000,4321.470000000000,130
1767391200005,6618,1767391879097,4321.280000000000,4321.480000000000,4
1767391200005,6619,1767391879144,4321.280000000000,4321.440000000000,4
1767391200005,6620,1767391879164,4321.240000000000,4321.440000000000,130
1767391200005,6621,1767391879196,4321.240000000000,4321.430000000000,4
1767391200005,6622,1767391879244,4321.240000000000,4321.420000000000,4
1767391200005,6623,1767391879264,4321.220000000000,4321.420000000000,130
1767391200005,6624,1767391879298,4321.230000000000,4321.430000000000,134
1767391200005,6625,1767391879393,4321.250000000000,4321.450000000000,134
1767391200005,6626,1767391879449,4321.240000000000,4321.440000000000,134
1767391200005,6627,1767391879504,4321.220000000000,4321.420000000000,134
1767391200005,6628,1767391879555,4321.220000000000,4321.370000000000,4
1767391200005,6629,1767391879566,4321.170000000000,4321.370000000000,130
1767391200005,6630,1767391879597,4321.180000000000,4321.380000000000,134
1767391200005,6631,1767391879695,4321.170000000000,4321.350000000000,134
1767391200005,6632,1767391880445,4321.170000000000,4321.320000000000,4
1767391200005,6633,1767391880546,4321.170000000000,4321.300000000000,4
1767391200005,6634,1767391880624,4321.150000000000,4321.300000000000,130
1767391200005,6635,1767391881277,4321.140000000000,4321.300000000000,130
1767391200005,6636,1767391881298,4321.140000000000,4321.280000000000,4
1767391200005,6637,1767391881357,4321.140000000000,4321.240000000000,4
1767391200005,6638,1767391881377,4321.040000000000,4321.240000000000,130
1767391200005,6639,1767391881447,4321.040000000000,4321.230000000000,4
1767391200005,6640,1767391881477,4321.050000000000,4321.230000000000,130
1767391200005,6641,1767391881578,4321.040000000000,4321.230000000000,130
1767391200005,6642,1767391881597,4321.040000000000,4321.180000000000,4
1767391200005,6643,1767391881663,4321.040000000000,4321.200000000000,4
1767391200005,6644,1767391881698,4321.040000000000,4321.190000000000,4
1767391200005,6645,1767391881747,4321.040000000000,4321.210000000000,4
1767391200005,6646,1767391881780,4321.050000000000,4321.210000000000,130
1767391200005,6647,1767391881798,4321.050000000000,4321.200000000000,4
1767391200005,6648,1767391881856,4321.050000000000,4321.130000000000,4
1767391200005,6649,1767391881880,4320.930000000000,4321.060000000000,134
1767391200005,6650,1767391881913,4320.870000000000,4321.060000000000,130
1767391200005,6651,1767391881956,4320.880000000000,4321.060000000000,130
1767391200005,6652,1767391881980,4320.890000000000,4321.080000000000,134
1767391200005,6653,1767391881998,4320.890000000000,4321.060000000000,4
1767391200005,6654,1767391882057,4320.900000000000,4321.100000000000,134
1767391200005,6655,1767391882081,4320.930000000000,4321.100000000000,130
1767391200005,6656,1767391882152,4320.930000000000,4321.080000000000,4
1767391200005,6657,1767391882181,4320.900000000000,4321.080000000000,130
1767391200005,6658,1767391882197,4320.900000000000,4321.090000000000,4
1767391200005,6659,1767391882563,4320.890000000000,4321.090000000000,130
1767391200005,6660,1767391882602,4320.880000000000,4321.010000000000,134
1767391200005,6661,1767391882649,4320.880000000000,4321.020000000000,4
1767391200005,6662,1767391882665,4320.850000000000,4321.020000000000,130
1767391200005,6663,1767391882697,4320.850000000000,4321.010000000000,4
1767391200005,6664,1767391882765,4320.840000000000,4321.010000000000,130
1767391200005,6665,1767391882803,4320.840000000000,4321.030000000000,4
1767391200005,6666,1767391882848,4320.840000000000,4321.020000000000,4
1767391200005,6667,1767391882868,4320.870000000000,4321.020000000000,130
1767391200005,6668,1767391883053,4320.870000000000,4321.000000000000,4
1767391200005,6669,1767391883067,4320.810000000000,4321.000000000000,130
1767391200005,6670,1767391883110,4320.810000000000,4320.940000000000,4
1767391200005,6671,1767391883153,4320.810000000000,4320.900000000000,4
1767391200005,6672,1767391883167,4320.730000000000,4320.900000000000,130
1767391200005,6673,1767391883249,4320.730000000000,4320.920000000000,4
1767391200005,6674,1767391883268,4320.770000000000,4320.920000000000,130
1767391200005,6675,1767391883367,4320.760000000000,4320.920000000000,130
1767391200005,6676,1767391883800,4320.890000000000,4321.030000000000,134
1767391200005,6677,1767391883851,4320.960000000000,4321.090000000000,134
1767391200005,6678,1767391883949,4320.960000000000,4321.070000000000,4
1767391200005,6679,1767391883951,4320.890000000000,4321.070000000000,130
1767391200005,6680,1767391884051,4320.890000000000,4321.080000000000,4
1767391200005,6681,1767391884052,4320.910000000000,4321.080000000000,130
1767391200005,6682,1767391884699,4320.910000000000,4321.070000000000,4
1767391200005,6683,1767391884707,4320.890000000000,4321.070000000000,130
1767391200005,6684,1767391884815,4320.900000000000,4321.070000000000,130
1767391200005,6685,1767391884852,4320.900000000000,4321.060000000000,4
1767391200005,6686,1767391884900,4320.900000000000,4321.080000000000,4
1767391200005,6687,1767391884916,4320.910000000000,4321.080000000000,130
1767391200005,6688,1767391884950,4320.910000000000,4321.050000000000,4
1767391200005,6689,1767391885004,4320.910000000000,4321.040000000000,4
1767391200005,6690,1767391885017,4320.880000000000,4321.040000000000,130
1767391200005,6691,1767391885123,4320.870000000000,4321.040000000000,130
1767391200005,6692,1767391885360,4320.890000000000,4321.040000000000,130
1767391200005,6693,1767391885449,4320.890000000000,4321.080000000000,4
1767391200005,6694,1767391885460,4320.910000000000,4321.080000000000,130
1767391200005,6695,1767391885850,4320.910000000000,4321.100000000000,4
1767391200005,6696,1767391885899,4320.920000000000,4321.120000000000,134
1767391200005,6697,1767391885950,4320.910000000000,4321.100000000000,134
1767391200005,6698,1767391885953,4320.900000000000,4321.100000000000,130
1767391200005,6699,1767391886402,4320.900000000000,4321.080000000000,4
1767391200005,6700,1767391886896,4320.880000000000,4321.080000000000,130
1767391200005,6701,1767391886957,4320.860000000000,4320.920000000000,134
1767391200005,6702,1767391886998,4320.720000000000,4320.920000000000,130
1767391200005,6703,1767391887006,4320.720000000000,4320.890000000000,4
1767391200005,6704,1767391887057,4320.740000000000,4320.940000000000,134
1767391200005,6705,1767391887098,4320.760000000000,4320.940000000000,130
1767391200005,6706,1767391887107,4320.760000000000,4320.960000000000,4
1767391200005,6707,1767391887156,4320.760000000000,4320.950000000000,4
1767391200005,6708,1767391887200,4320.790000000000,4320.950000000000,130
1767391200005,6709,1767391887252,4320.790000000000,4320.960000000000,4
1767391200005,6710,1767391887308,4320.790000000000,4320.970000000000,4
1767391200005,6711,1767391887461,4320.800000000000,4320.970000000000,130
1767391200005,6712,1767391887505,4320.800000000000,4320.950000000000,4
1767391200005,6713,1767391887560,4320.800000000000,4320.930000000000,4
1767391200005,6714,1767391887560,4320.770000000000,4320.930000000000,130
1767391200005,6715,1767391887604,4320.770000000000,4320.910000000000,4
1767391200005,6716,1767391887655,4320.770000000000,4320.950000000000,4
1767391200005,6717,1767391887662,4320.790000000000,4320.950000000000,130
1767391200005,6718,1767391887704,4320.790000000000,4320.930000000000,4
1767391200005,6719,1767391887762,4320.770000000000,4320.930000000000,130
1767391200005,6720,1767391887857,4320.770000000000,4320.950000000000,4
1767391200005,6721,1767391887862,4320.750000000000,4320.950000000000,130
1767391200005,6722,1767391887912,4320.760000000000,4320.960000000000,134
1767391200005,6723,1767391887962,4320.810000000000,4320.960000000000,130
1767391200005,6724,1767391888063,4320.760000000000,4320.960000000000,130
1767391200005,6725,1767391888171,4320.780000000000,4320.960000000000,130
1767391200005,6726,1767391888264,4320.760000000000,4320.960000000000,130
1767391200005,6727,1767391888456,4320.780000000000,4320.980000000000,134
1767391200005,6728,1767391888507,4320.780000000000,4320.960000000000,4
1767391200005,6729,1767391888607,4320.770000000000,4320.960000000000,130
1767391200005,6730,1767391888859,4320.770000000000,4320.850000000000,4
1767391200005,6731,1767391888907,4320.770000000000,4320.860000000000,4
1767391200005,6732,1767391888908,4320.670000000000,4320.860000000000,130
1767391200005,6733,1767391888960,4320.690000000000,4320.890000000000,134
1767391200005,6734,1767391889007,4320.680000000000,4320.880000000000,134
1767391200005,6735,1767391889056,4320.680000000000,4320.840000000000,4
1767391200005,6736,1767391889110,4320.700000000000,4320.900000000000,134
1767391200005,6737,1767391889158,4320.680000000000,4320.870000000000,134
1767391200005,6738,1767391889207,4320.680000000000,4320.830000000000,4
1767391200005,6739,1767391889209,4320.650000000000,4320.830000000000,130
1767391200005,6740,1767391889258,4320.650000000000,4320.850000000000,4
1767391200005,6741,1767391889310,4320.660000000000,4320.850000000000,130
1767391200005,6742,1767391889408,4320.670000000000,4320.850000000000,130
1767391200005,6743,1767391889506,4320.670000000000,4320.860000000000,4
1767391200005,6744,1767391889809,4320.670000000000,4320.870000000000,4
1767391200005,6745,1767391889857,4320.710000000000,4320.910000000000,134
1767391200005,6746,1767391889903,4320.730000000000,4320.910000000000,130
1767391200005,6747,1767391889910,4320.730000000000,4320.900000000000,4
1767391200005,6748,1767391890004,4320.760000000000,4320.900000000000,130
1767391200005,6749,1767391890105,4320.730000000000,4320.900000000000,130
1767391200005,6750,1767391890467,4320.710000000000,4320.900000000000,130
1767391200005,6751,1767391890507,4320.710000000000,4320.910000000000,4
1767391200005,6752,1767391890566,4320.740000000000,4320.910000000000,130
1767391200005,6753,1767391890606,4320.740000000000,4320.900000000000,4
1767391200005,6754,1767391890667,4320.730000000000,4320.900000000000,130
1767391200005,6755,1767391890768,4320.750000000000,4320.900000000000,130
1767391200005,6756,1767391890857,4320.750000000000,4320.910000000000,4
1767391200005,6757,1767391890868,4320.740000000000,4320.910000000000,130
1767391200005,6758,1767391890908,4320.740000000000,4320.920000000000,4
1767391200005,6759,1767391890969,4320.760000000000,4320.920000000000,130
1767391200005,6760,1767391891071,4320.770000000000,4320.920000000000,130
1767391200005,6761,1767391891107,4320.770000000000,4320.900000000000,4
1767391200005,6762,1767391891157,4320.770000000000,4320.920000000000,4
1767391200005,6763,1767391891171,4320.780000000000,4320.920000000000,130
1767391200005,6764,1767391891342,4320.730000000000,4320.920000000000,130
1767391200005,6765,1767391891360,4320.730000000000,4320.870000000000,4
1767391200005,6766,1767391891408,4320.730000000000,4320.820000000000,4
1767391200005,6767,1767391891442,4320.660000000000,4320.820000000000,130
1767391200005,6768,1767391891458,4320.660000000000,4320.830000000000,4
1767391200005,6769,1767391891507,4320.660000000000,4320.810000000000,4
1767391200005,6770,1767391891556,4320.660000000000,4320.820000000000,4
1767391200005,6771,1767391891729,4320.650000000000,4320.820000000000,130
1767391200005,6772,1767391891757,4320.650000000000,4320.800000000000,4
1767391200005,6773,1767391891807,4320.650000000000,4320.780000000000,4
1767391200005,6774,1767391891835,4320.620000000000,4320.780000000000,130
1767391200005,6775,1767391891935,4320.630000000000,4320.780000000000,130
1767391200005,6776,1767391891956,4320.630000000000,4320.790000000000,4
1767391200005,6777,1767391892008,4320.630000000000,4320.780000000000,4
1767391200005,6778,1767391892035,4320.620000000000,4320.780000000000,130
1767391200005,6779,1767391892138,4320.640000000000,4320.780000000000,130
1767391200005,6780,1767391892307,4320.640000000000,4320.790000000000,4
1767391200005,6781,1767391892338,4320.650000000000,4320.790000000000,130
1767391200005,6782,1767391892360,4320.650000000000,4320.830000000000,4
1767391200005,6783,1767391892408,4320.650000000000,4320.820000000000,4
1767391200005,6784,1767391892438,4320.630000000000,4320.820000000000,130
1767391200005,6785,1767391892638,4320.640000000000,4320.820000000000,130
1767391200005,6786,1767391892658,4320.640000000000,4320.830000000000,4
1767391200005,6787,1767391892739,4320.630000000000,4320.830000000000,130
1767391200005,6788,1767391892758,4320.630000000000,4320.820000000000,4
1767391200005,6789,1767391892808,4320.630000000000,4320.810000000000,4
1767391200005,6790,1767391892848,4320.610000000000,4320.800000000000,134
1767391200005,6791,1767391892858,4320.540000000000,4320.740000000000,134
1767391200005,6792,1767391892909,4320.550000000000,4320.750000000000,134
1767391200005,6793,1767391892959,4320.540000000000,4320.740000000000,134
1767391200005,6794,1767391893011,4320.550000000000,4320.750000000000,134
1767391200005,6795,1767391893060,4320.510000000000,4320.710000000000,134
1767391200005,6796,1767391893164,4320.510000000000,4320.660000000000,4
1767391200005,6797,1767391893209,4320.510000000000,4320.710000000000,4
1767391200005,6798,1767391893261,4320.530000000000,4320.730000000000,134
1767391200005,6799,1767391893309,4320.500000000000,4320.700000000000,134
1767391200005,6800,1767391893360,4320.490000000000,4320.690000000000,134
1767391200005,6801,1767391893409,4320.520000000000,4320.720000000000,134
1767391200005,6802,1767391893459,4320.500000000000,4320.700000000000,134
1767391200005,6803,1767391893611,4320.530000000000,4320.730000000000,134
1767391200005,6804,1767391893662,4320.510000000000,4320.710000000000,134
1767391200005,6805,1767391893709,4320.520000000000,4320.720000000000,134
1767391200005,6806,1767391894761,4320.510000000000,4320.710000000000,134
1767391200005,6807,1767391894811,4320.520000000000,4320.720000000000,134
1767391200005,6808,1767391894860,4320.510000000000,4320.710000000000,134
1767391200005,6809,1767391895105,4320.540000000000,4320.710000000000,130
1767391200005,6810,1767391895119,4320.600000000000,4320.800000000000,134
1767391200005,6811,1767391895161,4320.590000000000,4320.790000000000,134
1767391200005,6812,1767391895262,4320.600000000000,4320.800000000000,134
1767391200005,6813,1767391895462,4320.620000000000,4320.820000000000,134
1767391200005,6814,1767391895511,4320.610000000000,4320.810000000000,134
1767391200005,6815,1767391895563,4320.620000000000,4320.820000000000,134
1767391200005,6816,1767391895612,4320.590000000000,4320.790000000000,134
1767391200005,6817,1767391895664,4320.590000000000,4320.780000000000,4
1767391200005,6818,1767391895895,4320.580000000000,4320.780000000000,130
1767391200005,6819,1767391896562,4320.580000000000,4320.760000000000,4
1767391200005,6820,1767391896599,4320.590000000000,4320.760000000000,130
1767391200005,6821,1767391897030,4320.580000000000,4320.760000000000,130
1767391200005,6822,1767391897263,4320.560000000000,4320.760000000000,130
1767391200005,6823,1767391897265,4320.550000000000,4320.750000000000,134
1767391200005,6824,1767391897314,4320.550000000000,4320.720000000000,4
1767391200005,6825,1767391897363,4320.520000000000,4320.720000000000,130
1767391200005,6826,1767391897363,4320.510000000000,4320.710000000000,134
1767391200005,6827,1767391897513,4320.490000000000,4320.690000000000,134
1767391200005,6828,1767391897814,4320.480000000000,4320.680000000000,134
1767391200005,6829,1767391898015,4320.490000000000,4320.690000000000,134
1767391200005,6830,1767391898065,4320.500000000000,4320.700000000000,134
1767391200005,6831,1767391898124,4320.490000000000,4320.690000000000,134
1767391200005,6832,1767391898227,4320.500000000000,4320.690000000000,130
1767391200005,6833,1767391898328,4320.490000000000,4320.690000000000,130
1767391200005,6834,1767391898617,4320.520000000000,4320.720000000000,134
1767391200005,6835,1767391899069,4320.530000000000,4320.730000000000,134
1767391200005,6836,1767391899768,4320.540000000000,4320.740000000000,134
1767391200005,6837,1767391899820,4320.590000000000,4320.740000000000,130
1767391200005,6838,1767391899856,4320.620000000000,4320.790000000000,134
1767391200005,6839,1767391899956,4320.630000000000,4320.790000000000,130
1767391200005,6840,1767391900317,4320.630000000000,4320.810000000000,4
1767391200005,6841,1767391900368,4320.860000000000,4320.900000000000,134
1767391200005,6842,1767391900417,4320.870000000000,4320.910000000000,134
1767391200005,6843,1767391900425,4320.870000000000,4321.070000000000,4
1767391200005,6844,1767391900467,4320.860000000000,4321.060000000000,134
1767391200005,6845,1767391900518,4320.860000000000,4321.050000000000,4
1767391200005,6846,1767391900568,4320.880000000000,4321.080000000000,134
1767391200005,6847,1767391900868,4320.900000000000,4321.100000000000,134
1767391200005,6848,1767391900933,4320.940000000000,4321.100000000000,130
1767391200005,6849,1767391901019,4320.950000000000,4321.150000000000,134
1767391200005,6850,1767391901034,4320.970000000000,4321.150000000000,130
1767391200005,6851,1767391901068,4320.970000000000,4321.160000000000,4
1767391200005,6852,1767391901135,4320.960000000000,4321.160000000000,130
1767391200005,6853,1767391901517,4320.970000000000,4321.170000000000,134
1767391200005,6854,1767391901536,4321.030000000000,4321.170000000000,130
1767391200005,6855,1767391901639,4320.970000000000,4321.170000000000,130
1767391200005,6856,1767391901671,4321.000000000000,4321.200000000000,134
1767391200005,6857,1767391901972,4320.960000000000,4321.130000000000,134
1767391200005,6858,1767391902022,4320.960000000000,4321.030000000000,4
1767391200005,6859,1767391902042,4320.830000000000,4321.030000000000,130
1767391200005,6860,1767391902073,4320.820000000000,4321.020000000000,134
1767391200005,6861,1767391902123,4320.820000000000,4321.010000000000,4
1767391200005,6862,1767391902220,4320.840000000000,4321.040000000000,134
1767391200005,6863,1767391902269,4320.830000000000,4321.030000000000,134
1767391200005,6864,1767391902319,4320.820000000000,4321.020000000000,134
1767391200005,6865,1767391902755,4320.850000000000,4321.020000000000,130
1767391200005,6866,1767391902771,4320.920000000000,4321.120000000000,134
1767391200005,6867,1767391902822,4320.890000000000,4321.090000000000,134
1767391200005,6868,1767391902924,4321.060000000000,4321.140000000000,134
1767391200005,6869,1767391902955,4321.100000000000,4321.260000000000,134
1767391200005,6870,1767391902974,4321.100000000000,4321.280000000000,4
1767391200005,6871,1767391903022,4321.100000000000,4321.290000000000,4
1767391200005,6872,1767391903056,4321.090000000000,4321.290000000000,130
1767391200005,6873,1767391903074,4321.090000000000,4321.280000000000,4
1767391200005,6874,1767391903121,4321.090000000000,4321.290000000000,4
1767391200005,6875,1767391903221,4321.160000000000,4321.350000000000,134
1767391200005,6876,1767391903271,4321.110000000000,4321.310000000000,134
1767391200005,6877,1767391903520,4321.100000000000,4321.300000000000,134
1767391200005,6878,1767391904940,4321.120000000000,4321.320000000000,134
1767391200005,6879,1767391904979,4321.090000000000,4321.290000000000,134
1767391200005,6880,1767391904997,4321.100000000000,4321.290000000000,130
1767391200005,6881,1767391905028,4321.100000000000,4321.270000000000,4
1767391200005,6882,1767391905081,4321.140000000000,4321.340000000000,134
1767391200005,6883,1767391906138,4321.150000000000,4321.350000000000,134
1767391200005,6884,1767391906183,4321.160000000000,4321.350000000000,130
1767391200005,6885,1767391906185,4321.160000000000,4321.340000000000,4
1767391200005,6886,1767391906354,4321.200000000000,4321.340000000000,130
1767391200005,6887,1767391906403,4321.290000000000,4321.470000000000,134
1767391200005,6888,1767391906443,4321.470000000000,4321.510000000000,134
1767391200005,6889,1767391906454,4321.510000000000,4321.700000000000,134
1767391200005,6890,1767391906494,4321.500000000000,4321.700000000000,130
1767391200005,6891,1767391906538,4321.480000000000,4321.680000000000,134
1767391200005,6892,1767391906556,4321.480000000000,4321.670000000000,4
1767391200005,6893,1767391906588,4321.400000000000,4321.520000000000,134
1767391200005,6894,1767391906639,4321.370000000000,4321.410000000000,134
1767391200005,6895,1767391906656,4321.180000000000,4321.380000000000,134
1767391200005,6896,1767391906734,4321.220000000000,4321.420000000000,134
1767391200005,6897,1767391906786,4321.210000000000,4321.410000000000,134
1767391200005,6898,1767391906903,4321.220000000000,4321.420000000000,134
1767391200005,6899,1767391906934,4321.330000000000,4321.450000000000,134
1767391200005,6900,1767391906956,4321.330000000000,4321.530000000000,4
1767391200005,6901,1767391907084,4321.310000000000,4321.510000000000,134
1767391200005,6902,1767391907135,4321.330000000000,4321.530000000000,134
1767391200005,6903,1767391907743,4321.330000000000,4321.510000000000,4
1767391200005,6904,1767391907789,4321.320000000000,4321.510000000000,130
1767391200005,6905,1767391908136,4321.350000000000,4321.510000000000,130
1767391200005,6906,1767391908165,4321.350000000000,4321.540000000000,4
1767391200005,6907,1767391908186,4321.320000000000,4321.520000000000,134
1767391200005,6908,1767391908236,4321.270000000000,4321.380000000000,134
1767391200005,6909,1767391908265,4321.180000000000,4321.380000000000,130
1767391200005,6910,1767391908386,4321.190000000000,4321.390000000000,134
1767391200005,6911,1767391908535,4321.220000000000,4321.420000000000,134
1767391200005,6912,1767391908586,4321.210000000000,4321.410000000000,134
1767391200005,6913,1767391908685,4321.200000000000,4321.400000000000,134
1767391200005,6914,1767391908785,4321.210000000000,4321.410000000000,134
1767391200005,6915,1767391909288,4321.200000000000,4321.400000000000,134
1767391200005,6916,1767391909339,4321.210000000000,4321.400000000000,130
1767391200005,6917,1767391909347,4321.210000000000,4321.380000000000,4
1767391200005,6918,1767391909397,4321.210000000000,4321.370000000000,4
1767391200005,6919,1767391909408,4321.170000000000,4321.370000000000,130
1767391200005,6920,1767391909440,4321.130000000000,4321.330000000000,134
1767391200005,6921,1767391909589,4321.160000000000,4321.350000000000,134
1767391200005,6922,1767391909610,4321.160000000000,4321.360000000000,4
1767391200005,6923,1767391909648,4321.150000000000,4321.350000000000,134
1767391200005,6924,1767391909690,4321.130000000000,4321.330000000000,134
1767391200005,6925,1767391909749,4321.140000000000,4321.340000000000,134
1767391200005,6926,1767391910141,4321.150000000000,4321.350000000000,134
1767391200005,6927,1767391910191,4321.130000000000,4321.330000000000,134
1767391200005,6928,1767391910244,4321.120000000000,4321.320000000000,134
1767391200005,6929,1767391910494,4321.140000000000,4321.320000000000,130
1767391200005,6930,1767391910534,4321.140000000000,4321.340000000000,4
1767391200005,6931,1767391910545,4321.140000000000,4321.320000000000,4
1767391200005,6932,1767391910594,4321.150000000000,4321.350000000000,134
1767391200005,6933,1767391910643,4321.140000000000,4321.340000000000,134
1767391200005,6934,1767391910745,4321.120000000000,4321.300000000000,134
1767391200005,6935,1767391910793,4321.120000000000,4321.290000000000,4
1767391200005,6936,1767391910836,4321.090000000000,4321.290000000000,130
1767391200005,6937,1767391910845,4321.100000000000,4321.300000000000,134
1767391200005,6938,1767391910936,4321.110000000000,4321.300000000000,130
1767391200005,6939,1767391910942,4321.170000000000,4321.370000000000,134
1767391200005,6940,1767391911242,4321.170000000000,4321.330000000000,4
1767391200005,6941,1767391911293,4321.170000000000,4321.300000000000,4
1767391200005,6942,1767391911310,4321.100000000000,4321.300000000000,130
1767391200005,6943,1767391911442,4321.110000000000,4321.310000000000,134
1767391200005,6944,1767391911511,4321.120000000000,4321.310000000000,130
1767391200005,6945,1767391911543,4321.120000000000,4321.320000000000,4
1767391200005,6946,1767391911648,4321.110000000000,4321.310000000000,134
1767391200005,6947,1767391911711,4321.130000000000,4321.310000000000,130
1767391200005,6948,1767391911811,4321.120000000000,4321.310000000000,130
1767391200005,6949,1767391912045,4321.140000000000,4321.340000000000,134
1767391200005,6950,1767391912145,4321.130000000000,4321.330000000000,134
1767391200005,6951,1767391912195,4321.130000000000,4321.320000000000,4
1767391200005,6952,1767391912244,4321.130000000000,4321.330000000000,4
1767391200005,6953,1767391912296,4321.140000000000,4321.340000000000,134
1767391200005,6954,1767391912498,4321.140000000000,4321.330000000000,4
1767391200005,6955,1767391912535,4321.130000000000,4321.330000000000,130
1767391200005,6956,1767391912605,4321.140000000000,4321.340000000000,134
1767391200005,6957,1767391912646,4321.120000000000,4321.320000000000,134
1767391200005,6958,1767391912695,4321.130000000000,4321.330000000000,134
1767391200005,6959,1767391912747,4321.130000000000,4321.320000000000,4
1767391200005,6960,1767391912796,4321.140000000000,4321.340000000000,134
1767391200005,6961,1767391912845,4321.130000000000,4321.320000000000,134
1767391200005,6962,1767391912897,4321.130000000000,4321.330000000000,4
1767391200005,6963,1767391912995,4321.120000000000,4321.320000000000,134
1767391200005,6964,1767391913039,4321.140000000000,4321.320000000000,130
1767391200005,6965,1767391913045,4321.140000000000,4321.340000000000,4
1767391200005,6966,1767391913097,4321.140000000000,4321.320000000000,4
1767391200005,6967,1767391913139,4321.120000000000,4321.320000000000,130
1767391200005,6968,1767391913146,4321.110000000000,4321.300000000000,134
1767391200005,6969,1767391913195,4321.130000000000,4321.330000000000,134
1767391200005,6970,1767391913240,4321.140000000000,4321.330000000000,130
1767391200005,6971,1767391913245,4321.140000000000,4321.340000000000,4
1767391200005,6972,1767391913294,4321.140000000000,4321.320000000000,4
1767391200005,6973,1767391913341,4321.120000000000,4321.320000000000,130
1767391200005,6974,1767391913395,4321.130000000000,4321.330000000000,134
1767391200005,6975,1767391913546,4321.160000000000,4321.350000000000,134
1767391200005,6976,1767391913596,4321.190000000000,4321.350000000000,130
1767391200005,6977,1767391913641,4321.190000000000,4321.390000000000,4
1767391200005,6978,1767391913646,4321.180000000000,4321.380000000000,134
1767391200005,6979,1767391913696,4321.160000000000,4321.360000000000,134
1767391200005,6980,1767391913740,4321.170000000000,4321.360000000000,130
1767391200005,6981,1767391913747,4321.170000000000,4321.370000000000,4
1767391200005,6982,1767391913845,4321.140000000000,4321.340000000000,134
1767391200005,6983,1767391913895,4321.190000000000,4321.370000000000,134
1767391200005,6984,1767391913942,4321.190000000000,4321.390000000000,4
1767391200005,6985,1767391913944,4321.170000000000,4321.370000000000,134
1767391200005,6986,1767391913995,4321.160000000000,4321.350000000000,134
1767391200005,6987,1767391914044,4321.150000000000,4321.350000000000,130
1767391200005,6988,1767391914095,4321.170000000000,4321.370000000000,134
1767391200005,6989,1767391914345,4321.180000000000,4321.380000000000,134
1767391200005,6990,1767391914395,4321.170000000000,4321.370000000000,134
1767391200005,6991,1767391914750,4321.160000000000,4321.360000000000,134
1767391200005,6992,1767391914797,4321.150000000000,4321.350000000000,134
1767391200005,6993,1767391914798,4321.180000000000,4321.350000000000,130
1767391200005,6994,1767391914900,4321.170000000000,4321.350000000000,130
1767391200005,6995,1767391914900,4321.170000000000,4321.360000000000,4
1767391200005,6996,1767391914946,4321.170000000000,4321.350000000000,4
1767391200005,6997,1767391914997,4321.170000000000,4321.340000000000,4
1767391200005,6998,1767391914999,4321.140000000000,4321.340000000000,130
1767391200005,6999,1767391915046,4321.150000000000,4321.350000000000,134
1767391200005,7000,1767391915097,4321.140000000000,4321.340000000000,134
1767391200005,7001,1767391915101,4321.180000000000,4321.340000000000,130
1767391200005,7002,1767391915147,4321.200000000000,4321.400000000000,134
1767391200005,7003,1767391915200,4321.220000000000,4321.400000000000,130
1767391200005,7004,1767391915249,4321.220000000000,4321.410000000000,4
1767391200005,7005,1767391915398,4321.220000000000,4321.420000000000,4
1767391200005,7006,1767391915553,4321.240000000000,4321.420000000000,130
1767391200005,7007,1767391915554,4321.240000000000,4321.430000000000,4
1767391200005,7008,1767391915604,4321.260000000000,4321.460000000000,134
1767391200005,7009,1767391915654,4321.290000000000,4321.460000000000,130
1767391200005,7010,1767391915700,4321.290000000000,4321.470000000000,4
1767391200005,7011,1767391915752,4321.290000000000,4321.420000000000,4
1767391200005,7012,1767391915755,4321.230000000000,4321.420000000000,130
1767391200005,7013,1767391915801,4321.240000000000,4321.440000000000,134
1767391200005,7014,1767391915851,4321.300000000000,4321.500000000000,134
1767391200005,7015,1767391915854,4321.310000000000,4321.500000000000,130
1767391200005,7016,1767391915901,4321.350000000000,4321.550000000000,134
1767391200005,7017,1767391915949,4321.360000000000,4321.560000000000,134
1767391200005,7018,1767391916009,4321.350000000000,4321.550000000000,134
1767391200005,7019,1767391916050,4321.410000000000,4321.610000000000,134
1767391200005,7020,1767391916299,4321.390000000000,4321.590000000000,134
1767391200005,7021,1767391916898,4321.380000000000,4321.580000000000,134
1767391200005,7022,1767391917148,4321.390000000000,4321.590000000000,134
1767391200005,7023,1767391917751,4321.380000000000,4321.580000000000,134
1767391200005,7024,1767391917903,4321.400000000000,4321.590000000000,134
1767391200005,7025,1767391917954,4321.370000000000,4321.570000000000,134
1767391200005,7026,1767391918153,4321.340000000000,4321.520000000000,134
1767391200005,7027,1767391918175,4321.320000000000,4321.520000000000,130
1767391200005,7028,1767391918201,4321.330000000000,4321.530000000000,134
1767391200005,7029,1767391918251,4321.320000000000,4321.520000000000,134
1767391200005,7030,1767391919555,4321.280000000000,4321.480000000000,134
1767391200005,7031,1767391919604,4321.270000000000,4321.460000000000,134
1767391200005,7032,1767391919613,4321.260000000000,4321.460000000000,130
1767391200005,7033,1767391919712,4321.220000000000,4321.420000000000,134
1767391200005,7034,1767391919757,4321.260000000000,4321.460000000000,134
1767391200005,7035,1767391919812,4321.490000000000,4321.530000000000,134
1767391200005,7036,1767391919813,4321.540000000000,4321.740000000000,134
1767391200005,7037,1767391919859,4321.520000000000,4321.710000000000,134
1767391200005,7038,1767391919907,4321.520000000000,4321.700000000000,4
1767391200005,7039,1767391919914,4321.500000000000,4321.700000000000,130
1767391200005,7040,1767391920014,4321.500000000000,4321.700000000000,130
1767391200005,7041,1767391920208,4321.490000000000,4321.680000000000,134
1767391200005,7042,1767391920216,4321.480000000000,4321.680000000000,130
1767391200005,7043,1767391920255,4321.480000000000,4321.610000000000,4
1767391200005,7044,1767391920306,4321.470000000000,4321.510000000000,134
1767391200005,7045,1767391920316,4321.320000000000,4321.490000000000,134
1767391200005,7046,1767391920355,4321.320000000000,4321.520000000000,4
1767391200005,7047,1767391920454,4321.310000000000,4321.510000000000,134
1767391200005,7048,1767391920504,4321.320000000000,4321.520000000000,134
1767391200005,7049,1767391920517,4321.330000000000,4321.520000000000,130
1767391200005,7050,1767391920554,4321.330000000000,4321.530000000000,4
1767391200005,7051,1767391920603,4321.330000000000,4321.520000000000,4
1767391200005,7052,1767391920654,4321.330000000000,4321.510000000000,4
1767391200005,7053,1767391920706,4321.330000000000,4321.490000000000,4
1767391200005,7054,1767391920718,4321.310000000000,4321.490000000000,130
1767391200005,7055,1767391920754,4321.310000000000,4321.510000000000,4
1767391200005,7056,1767391920807,4321.380000000000,4321.580000000000,134
1767391200005,7057,1767391920819,4321.410000000000,4321.580000000000,130
1767391200005,7058,1767391920858,4321.410000000000,4321.600000000000,4
1767391200005,7059,1767391920918,4321.400000000000,4321.600000000000,130
1767391200005,7060,1767391920954,4321.410000000000,4321.610000000000,134
1767391200005,7061,1767391921008,4321.400000000000,4321.600000000000,134
1767391200005,7062,1767391921119,4321.430000000000,4321.600000000000,130
1767391200005,7063,1767391921220,4321.400000000000,4321.600000000000,130
1767391200005,7064,1767391922156,4321.400000000000,4321.590000000000,4
1767391200005,7065,1767391922167,4321.390000000000,4321.590000000000,130
1767391200005,7066,1767391922212,4321.380000000000,4321.550000000000,134
1767391200005,7067,1767391922261,4321.380000000000,4321.520000000000,4
1767391200005,7068,1767391922267,4321.340000000000,4321.520000000000,130
1767391200005,7069,1767391922305,4321.340000000000,4321.540000000000,4
1767391200005,7070,1767391922355,4321.340000000000,4321.530000000000,4
1767391200005,7071,1767391922367,4321.330000000000,4321.530000000000,130
1767391200005,7072,1767391922404,4321.320000000000,4321.510000000000,134
1767391200005,7073,1767391922454,4321.320000000000,4321.520000000000,4
1767391200005,7074,1767391922504,4321.330000000000,4321.530000000000,134
1767391200005,7075,1767391922554,4321.320000000000,4321.520000000000,134
1767391200005,7076,1767391922566,4321.330000000000,4321.520000000000,130
1767391200005,7077,1767391922668,4321.320000000000,4321.520000000000,130
1767391200005,7078,1767391922707,4321.310000000000,4321.510000000000,134
1767391200005,7079,1767391922870,4321.320000000000,4321.510000000000,130
1767391200005,7080,1767391922971,4321.310000000000,4321.510000000000,130
1767391200005,7081,1767391923255,4321.310000000000,4321.500000000000,4
1767391200005,7082,1767391923305,4321.320000000000,4321.520000000000,134
1767391200005,7083,1767391923355,4321.310000000000,4321.500000000000,134
1767391200005,7084,1767391923408,4321.320000000000,4321.520000000000,134
1767391200005,7085,1767391923456,4321.300000000000,4321.500000000000,134
1767391200005,7086,1767391923512,4321.320000000000,4321.520000000000,134
1767391200005,7087,1767391923612,4321.320000000000,4321.460000000000,4
1767391200005,7088,1767391923615,4321.270000000000,4321.460000000000,130
1767391200005,7089,1767391923664,4321.270000000000,4321.410000000000,4
1767391200005,7090,1767391923714,4321.210000000000,4321.410000000000,130
1767391200005,7091,1767391923758,4321.230000000000,4321.430000000000,134
1767391200005,7092,1767391923807,4321.210000000000,4321.410000000000,134
1767391200005,7093,1767391923861,4321.180000000000,4321.340000000000,134
1767391200005,7094,1767391923912,4321.150000000000,4321.190000000000,134
1767391200005,7095,1767391923917,4320.960000000000,4321.160000000000,134
1767391200005,7096,1767391923961,4320.940000000000,4321.140000000000,134
1767391200005,7097,1767391924008,4320.930000000000,4320.990000000000,134
1767391200005,7098,1767391924018,4320.790000000000,4320.990000000000,130
1767391200005,7099,1767391924057,4320.840000000000,4321.040000000000,134
1767391200005,7100,1767391924106,4320.830000000000,4321.030000000000,134
1767391200005,7101,1767391924117,4320.830000000000,4320.990000000000,4
1767391200005,7102,1767391924159,4320.800000000000,4320.990000000000,130
1767391200005,7103,1767391924216,4320.790000000000,4320.990000000000,130
1767391200005,7104,1767391924219,4320.800000000000,4320.990000000000,130
1767391200005,7105,1767391924258,4320.800000000000,4321.000000000000,4
1767391200005,7106,1767391924309,4320.800000000000,4320.980000000000,4
1767391200005,7107,1767391924317,4320.780000000000,4320.980000000000,130
1767391200005,7108,1767391924359,4320.770000000000,4320.970000000000,134
1767391200005,7109,1767391924409,4320.760000000000,4320.960000000000,134
1767391200005,7110,1767391924464,4320.780000000000,4320.980000000000,134
1767391200005,7111,1767391924506,4320.740000000000,4320.940000000000,134
1767391200005,7112,1767391924557,4320.780000000000,4320.980000000000,134
1767391200005,7113,1767391924610,4320.790000000000,4320.990000000000,134
1767391200005,7114,1767391924662,4320.810000000000,4321.010000000000,134
1767391200005,7115,1767391924915,4320.800000000000,4320.990000000000,134
1767391200005,7116,1767391924923,4320.790000000000,4320.990000000000,130
1767391200005,7117,1767391925011,4320.770000000000,4320.970000000000,134
1767391200005,7118,1767391925060,4320.800000000000,4321.000000000000,134
1767391200005,7119,1767391925110,4320.770000000000,4320.970000000000,134
1767391200005,7120,1767391925217,4320.800000000000,4321.000000000000,134
1767391200005,7121,1767391925513,4320.800000000000,4320.960000000000,4
1767391200005,7122,1767391925515,4320.790000000000,4320.960000000000,130
1767391200005,7123,1767391925574,4320.790000000000,4320.990000000000,4
1767391200005,7124,1767391925612,4320.810000000000,4321.010000000000,134
1767391200005,7125,1767391925761,4320.810000000000,4320.960000000000,4
1767391200005,7126,1767391925812,4320.810000000000,4320.950000000000,4
1767391200005,7127,1767391925817,4320.770000000000,4320.950000000000,130
1767391200005,7128,1767391925861,4320.770000000000,4320.960000000000,4
1767391200005,7129,1767391925911,4320.770000000000,4320.950000000000,4
1767391200005,7130,1767391925918,4320.760000000000,4320.950000000000,130
1767391200005,7131,1767391926030,4320.780000000000,4320.950000000000,130
1767391200005,7132,1767391926060,4320.790000000000,4320.990000000000,134
1767391200005,7133,1767391926366,4320.800000000000,4321.000000000000,134
1767391200005,7134,1767391927257,4320.850000000000,4321.000000000000,130
1767391200005,7135,1767391927262,4320.890000000000,4321.090000000000,134
1767391200005,7136,1767391927312,4320.950000000000,4321.120000000000,134
1767391200005,7137,1767391927364,4320.860000000000,4321.060000000000,134
1767391200005,7138,1767391927413,4320.900000000000,4321.100000000000,134
1767391200005,7139,1767391927465,4320.910000000000,4321.100000000000,130
1767391200005,7140,1767391927465,4320.910000000000,4321.110000000000,4
1767391200005,7141,1767391927560,4320.920000000000,4321.120000000000,134
1767391200005,7142,1767391928213,4320.910000000000,4321.110000000000,134
1767391200005,7143,1767391928412,4320.920000000000,4321.120000000000,134
1767391200005,7144,1767391928561,4320.930000000000,4321.130000000000,134
1767391200005,7145,1767391928621,4320.920000000000,4321.120000000000,134
1767391200005,7146,1767391928661,4320.930000000000,4321.130000000000,134
1767391200005,7147,1767391928712,4320.910000000000,4321.110000000000,134
1767391200005,7148,1767391928761,4320.920000000000,4321.120000000000,134
1767391200005,7149,1767391928811,4320.930000000000,4321.130000000000,134
1767391200005,7150,1767391930813,4320.940000000000,4321.140000000000,134
1767391200005,7151,1767391930861,4320.930000000000,4321.130000000000,134
1767391200005,7152,1767391930984,4320.950000000000,4321.130000000000,130
1767391200005,7153,1767391931012,4320.960000000000,4321.160000000000,134
1767391200005,7154,1767391931062,4320.950000000000,4321.140000000000,134
1767391200005,7155,1767391931085,4320.940000000000,4321.140000000000,130
1767391200005,7156,1767391931714,4320.960000000000,4321.150000000000,134
1767391200005,7157,1767391931765,4321.000000000000,4321.150000000000,130
1767391200005,7158,1767391931808,4321.000000000000,4321.180000000000,4
1767391200005,7159,1767391931816,4320.930000000000,4321.130000000000,134
1767391200005,7160,1767391931872,4320.910000000000,4321.110000000000,134
1767391200005,7161,1767391931909,4320.930000000000,4321.110000000000,130
1767391200005,7162,1767391931915,4320.940000000000,4321.140000000000,134
1767391200005,7163,1767391931966,4320.930000000000,4321.130000000000,134
1767391200005,7164,1767391932118,4320.920000000000,4321.120000000000,134
1767391200005,7165,1767391932166,4320.940000000000,4321.140000000000,134
1767391200005,7166,1767391932224,4320.910000000000,4321.110000000000,134
1767391200005,7167,1767391932268,4320.930000000000,4321.130000000000,134
1767391200005,7168,1767391932470,4320.940000000000,4321.140000000000,134
1767391200005,7169,1767391932523,4320.930000000000,4321.130000000000,134
1767391200005,7170,1767391932869,4320.940000000000,4321.140000000000,134
1767391200005,7171,1767391933046,4320.950000000000,4321.140000000000,130
1767391200005,7172,1767391933323,4320.960000000000,4321.160000000000,134
1767391200005,7173,1767391933371,4320.980000000000,4321.180000000000,134
1767391200005,7174,1767391933430,4320.970000000000,4321.170000000000,134
1767391200005,7175,1767391933471,4320.980000000000,4321.180000000000,134
1767391200005,7176,1767391933530,4320.990000000000,4321.190000000000,134
1767391200005,7177,1767391933577,4320.980000000000,4321.180000000000,134
1767391200005,7178,1767391933724,4320.990000000000,4321.190000000000,134
1767391200005,7179,1767391933771,4320.980000000000,4321.180000000000,134
1767391200005,7180,1767391934070,4320.990000000000,4321.190000000000,134
1767391200005,7181,1767391934621,4321.000000000000,4321.200000000000,134
1767391200005,7182,1767391934771,4320.990000000000,4321.190000000000,134
1767391200005,7183,1767391934872,4321.130000000000,4321.260000000000,134
1767391200005,7184,1767391934921,4321.140000000000,4321.260000000000,130
1767391200005,7185,1767391934945,4321.140000000000,4321.340000000000,4
1767391200005,7186,1767391934972,4321.130000000000,4321.330000000000,134
1767391200005,7187,1767391935021,4321.090000000000,4321.290000000000,134
1767391200005,7188,1767391935080,4321.130000000000,4321.330000000000,134
1767391200005,7189,1767391935125,4321.110000000000,4321.310000000000,134
1767391200005,7190,1767391935171,4321.130000000000,4321.330000000000,134
1767391200005,7191,1767391935225,4321.120000000000,4321.320000000000,134
1767391200005,7192,1767391935274,4321.140000000000,4321.340000000000,134
1767391200005,7193,1767391935374,4321.100000000000,4321.290000000000,134
1767391200005,7194,1767391935422,4321.100000000000,4321.250000000000,4
1767391200005,7195,1767391935447,4321.070000000000,4321.250000000000,130
1767391200005,7196,1767391935472,4321.070000000000,4321.260000000000,4
1767391200005,7197,1767391935621,4321.080000000000,4321.280000000000,134
1767391200005,7198,1767391935678,4321.090000000000,4321.290000000000,134
1767391200005,7199,1767391935772,4321.080000000000,4321.280000000000,134
1767391200005,7200,1767391935821,4321.050000000000,4321.250000000000,134
1767391200005,7201,1767391936121,4321.060000000000,4321.260000000000,134
1767391200005,7202,1767391936152,4321.070000000000,4321.260000000000,130
1767391200005,7203,1767391936181,4321.070000000000,4321.270000000000,4
1767391200005,7204,1767391936229,4321.070000000000,4321.250000000000,4
1767391200005,7205,1767391936252,4321.050000000000,4321.250000000000,130
1767391200005,7206,1767391936473,4321.060000000000,4321.260000000000,134
1767391200005,7207,1767391936573,4321.070000000000,4321.270000000000,134
1767391200005,7208,1767391936623,4321.050000000000,4321.230000000000,134
1767391200005,7209,1767391936653,4321.030000000000,4321.210000000000,134
1767391200005,7210,1767391936674,4320.980000000000,4321.180000000000,134
1767391200005,7211,1767391936782,4321.000000000000,4321.180000000000,130
1767391200005,7212,1767391936854,4321.020000000000,4321.200000000000,134
1767391200005,7213,1767391936973,4321.020000000000,4321.210000000000,4
1767391200005,7214,1767391937022,4321.020000000000,4321.200000000000,4
1767391200005,7215,1767391937057,4321.000000000000,4321.200000000000,130
1767391200005,7216,1767391937125,4321.010000000000,4321.210000000000,134
1767391200005,7217,1767391937157,4321.020000000000,4321.210000000000,130
1767391200005,7218,1767391937226,4321.020000000000,4321.220000000000,4
1767391200005,7219,1767391937274,4321.000000000000,4321.200000000000,134
1767391200005,7220,1767391937473,4321.010000000000,4321.210000000000,134
1767391200005,7221,1767391937523,4321.000000000000,4321.200000000000,134
1767391200005,7222,1767391937584,4321.010000000000,4321.210000000000,134
1767391200005,7223,1767391937625,4321.020000000000,4321.220000000000,134
1767391200005,7224,1767391937775,4321.010000000000,4321.210000000000,134
1767391200005,7225,1767391938827,4320.990000000000,4321.190000000000,134
1767391200005,7226,1767391938895,4321.000000000000,4321.190000000000,130
1767391200005,7227,1767391938978,4321.000000000000,4321.200000000000,4
1767391200005,7228,1767391939028,4320.990000000000,4321.190000000000,134
1767391200005,7229,1767391939077,4320.980000000000,4321.180000000000,134
1767391200005,7230,1767391939127,4320.990000000000,4321.190000000000,134
1767391200005,7231,1767391939182,4321.000000000000,4321.200000000000,134
1767391200005,7232,1767391939196,4321.040000000000,4321.200000000000,130
1767391200005,7233,1767391939228,4321.070000000000,4321.270000000000,134
1767391200005,7234,1767391939328,4321.080000000000,4321.280000000000,134
1767391200005,7235,1767391939380,4321.250000000000,4321.290000000000,134
1767391200005,7236,1767391939397,4321.250000000000,4321.450000000000,4
1767391200005,7237,1767391939428,4321.330000000000,4321.470000000000,134
1767391200005,7238,1767391939477,4321.350000000000,4321.470000000000,130
1767391200005,7239,1767391939498,4321.350000000000,4321.550000000000,4
1767391200005,7240,1767391939578,4321.330000000000,4321.530000000000,134
1767391200005,7241,1767391939679,4321.350000000000,4321.550000000000,134
1767391200005,7242,1767391939728,4321.330000000000,4321.530000000000,134
1767391200005,7243,1767391939828,4321.320000000000,4321.520000000000,134
1767391200005,7244,1767391939883,4321.310000000000,4321.480000000000,134
1767391200005,7245,1767391939902,4321.280000000000,4321.480000000000,130
1767391200005,7246,1767391939931,4321.320000000000,4321.520000000000,134
1767391200005,7247,1767391939980,4321.310000000000,4321.510000000000,134
1767391200005,7248,1767391940002,4321.320000000000,4321.510000000000,130
1767391200005,7249,1767391940129,4321.320000000000,4321.490000000000,4
1767391200005,7250,1767391940203,4321.310000000000,4321.490000000000,130
1767391200005,7251,1767391940233,4321.310000000000,4321.500000000000,4
1767391200005,7252,1767391940305,4321.300000000000,4321.500000000000,130
1767391200005,7253,1767391940383,4321.310000000000,4321.510000000000,134
1767391200005,7254,1767391940529,4321.330000000000,4321.530000000000,134
1767391200005,7255,1767391940681,4321.340000000000,4321.540000000000,134
1767391200005,7256,1767391940734,4321.310000000000,4321.510000000000,134
1767391200005,7257,1767391940784,4321.330000000000,4321.530000000000,134
1767391200005,7258,1767391940838,4321.310000000000,4321.510000000000,134
1767391200005,7259,1767391940880,4321.330000000000,4321.530000000000,134
1767391200005,7260,1767391940980,4321.310000000000,4321.510000000000,134
1767391200005,7261,1767391941082,4321.310000000000,4321.500000000000,4
1767391200005,7262,1767391941220,4321.300000000000,4321.500000000000,130
1767391200005,7263,1767391941382,4321.320000000000,4321.520000000000,134
1767391200005,7264,1767391941430,4321.310000000000,4321.500000000000,134
1767391200005,7265,1767391941824,4321.300000000000,4321.500000000000,130
1767391200005,7266,1767391941922,4321.310000000000,4321.500000000000,130
1767391200005,7267,1767391942021,4321.300000000000,4321.500000000000,130
1767391200005,7268,1767391942032,4321.310000000000,4321.510000000000,134
1767391200005,7269,1767391942183,4321.310000000000,4321.500000000000,4
1767391200005,7270,1767391942233,4321.310000000000,4321.510000000000,4
1767391200005,7271,1767391942283,4321.310000000000,4321.500000000000,4
1767391200005,7272,1767391942323,4321.300000000000,4321.500000000000,130
1767391200005,7273,1767391942385,4321.290000000000,4321.490000000000,134
1767391200005,7274,1767391942424,4321.300000000000,4321.490000000000,130
1767391200005,7275,1767391942626,4321.290000000000,4321.490000000000,130
1767391200005,7276,1767391942762,4321.310000000000,4321.490000000000,130
1767391200005,7277,1767391942785,4321.320000000000,4321.520000000000,134
1767391200005,7278,1767391942837,4321.310000000000,4321.510000000000,134
1767391200005,7279,1767391942888,4321.320000000000,4321.520000000000,134
1767391200005,7280,1767391942935,4321.310000000000,4321.510000000000,134
1767391200005,7281,1767391942984,4321.320000000000,4321.520000000000,134
1767391200005,7282,1767391943134,4321.310000000000,4321.510000000000,134
1767391200005,7283,1767391943235,4321.310000000000,4321.460000000000,4
1767391200005,7284,1767391943269,4321.260000000000,4321.420000000000,134
1767391200005,7285,1767391943295,4321.160000000000,4321.360000000000,134
1767391200005,7286,1767391943385,4321.150000000000,4321.320000000000,134
1767391200005,7287,1767391943434,4321.150000000000,4321.340000000000,4
1767391200005,7288,1767391943471,4321.140000000000,4321.340000000000,130
1767391200005,7289,1767391943535,4321.120000000000,4321.320000000000,134
1767391200005,7290,1767391943571,4321.150000000000,4321.320000000000,130
1767391200005,7291,1767391943595,4321.150000000000,4321.330000000000,4
1767391200005,7292,1767391943670,4321.140000000000,4321.330000000000,130
1767391200005,7293,1767391943737,4321.140000000000,4321.320000000000,4
1767391200005,7294,1767391943771,4321.130000000000,4321.320000000000,130
1767391200005,7295,1767391943786,4321.130000000000,4321.310000000000,4
1767391200005,7296,1767391943837,4321.130000000000,4321.320000000000,4
1767391200005,7297,1767391943873,4321.140000000000,4321.320000000000,130
1767391200005,7298,1767391943972,4321.150000000000,4321.320000000000,130
1767391200005,7299,1767391944001,4321.150000000000,4321.330000000000,4
1767391200005,7300,1767391944038,4321.150000000000,4321.340000000000,4
1767391200005,7301,1767391944072,4321.160000000000,4321.340000000000,130
1767391200005,7302,1767391944174,4321.150000000000,4321.340000000000,130
1767391200005,7303,1767391944436,4321.160000000000,4321.340000000000,130
1767391200005,7304,1767391945053,4321.140000000000,4321.340000000000,130
1767391200005,7305,1767391945088,4321.120000000000,4321.320000000000,134
1767391200005,7306,1767391945361,4321.160000000000,4321.320000000000,130
1767391200005,7307,1767391945441,4321.160000000000,4321.310000000000,4
1767391200005,7308,1767391945461,4321.110000000000,4321.310000000000,130
1767391200005,7309,1767391945561,4321.130000000000,4321.310000000000,130
1767391200005,7310,1767391945663,4321.160000000000,4321.310000000000,130
1767391200005,7311,1767391945696,4321.160000000000,4321.260000000000,4
1767391200005,7312,1767391945740,4321.160000000000,4321.240000000000,4
1767391200005,7313,1767391945762,4321.050000000000,4321.240000000000,130
1767391200005,7314,1767391945792,4321.050000000000,4321.250000000000,4
1767391200005,7315,1767391945842,4321.050000000000,4321.240000000000,4
1767391200005,7316,1767391945862,4321.060000000000,4321.240000000000,130
1767391200005,7317,1767391945943,4321.060000000000,4321.260000000000,4
1767391200005,7318,1767391946093,4321.050000000000,4321.250000000000,134
1767391200005,7319,1767391946242,4321.060000000000,4321.260000000000,134
1767391200005,7320,1767391946342,4321.030000000000,4321.230000000000,134
1767391200005,7321,1767391946367,4321.050000000000,4321.230000000000,130
1767391200005,7322,1767391946468,4321.040000000000,4321.230000000000,130
1767391200005,7323,1767391946694,4321.050000000000,4321.250000000000,134
1767391200005,7324,1767391946744,4321.080000000000,4321.280000000000,134
1767391200005,7325,1767391946799,4321.110000000000,4321.280000000000,130
1767391200005,7326,1767391946844,4321.110000000000,4321.270000000000,4
1767391200005,7327,1767391946893,4321.110000000000,4321.250000000000,4
1767391200005,7328,1767391946900,4321.050000000000,4321.250000000000,130
1767391200005,7329,1767391947099,4321.050000000000,4321.240000000000,4
1767391200005,7330,1767391947100,4321.060000000000,4321.240000000000,130
1767391200005,7331,1767391947150,4321.060000000000,4321.250000000000,4
1767391200005,7332,1767391947201,4321.060000000000,4321.240000000000,4
1767391200005,7333,1767391947250,4321.060000000000,4321.250000000000,4
1767391200005,7334,1767391947400,4321.050000000000,4321.250000000000,130
1767391200005,7335,1767391947445,4321.010000000000,4321.210000000000,134
1767391200005,7336,1767391947495,4321.020000000000,4321.220000000000,134
1767391200005,7337,1767391947552,4321.030000000000,4321.230000000000,134
1767391200005,7338,1767391947594,4321.020000000000,4321.220000000000,134
1767391200005,7339,1767391947703,4321.040000000000,4321.220000000000,130
1767391200005,7340,1767391947744,4321.040000000000,4321.240000000000,4
1767391200005,7341,1767391947803,4321.060000000000,4321.240000000000,130
1767391200005,7342,1767391947847,4321.060000000000,4321.250000000000,4
1767391200005,7343,1767391947901,4321.060000000000,4321.240000000000,4
1767391200005,7344,1767391947996,4321.060000000000,4321.220000000000,4
1767391200005,7345,1767391948004,4321.030000000000,4321.220000000000,130
1767391200005,7346,1767391948047,4321.040000000000,4321.240000000000,134
1767391200005,7347,1767391948147,4321.030000000000,4321.210000000000,134
1767391200005,7348,1767391948203,4321.030000000000,4321.220000000000,4
1767391200005,7349,1767391948344,4321.030000000000,4321.230000000000,4
1767391200005,7350,1767391948709,4321.050000000000,4321.230000000000,130
1767391200005,7351,1767391948796,4321.050000000000,4321.240000000000,4
1767391200005,7352,1767391948809,4321.040000000000,4321.240000000000,130
1767391200005,7353,1767391949025,4321.100000000000,4321.240000000000,130
1767391200005,7354,1767391949049,4321.110000000000,4321.310000000000,134
1767391200005,7355,1767391949121,4321.130000000000,4321.310000000000,130
1767391200005,7356,1767391949222,4321.160000000000,4321.310000000000,130
1767391200005,7357,1767391949322,4321.130000000000,4321.310000000000,130
1767391200005,7358,1767391949523,4321.110000000000,4321.310000000000,130
1767391200005,7359,1767391949596,4321.100000000000,4321.300000000000,134
1767391200005,7360,1767391949624,4321.110000000000,4321.300000000000,130
1767391200005,7361,1767391949746,4321.110000000000,4321.310000000000,4
1767391200005,7362,1767391949802,4321.110000000000,4321.290000000000,4
1767391200005,7363,1767391949824,4321.090000000000,4321.290000000000,130
1767391200005,7364,1767391949849,4321.060000000000,4321.260000000000,134
1767391200005,7365,1767391949955,4321.040000000000,4321.240000000000,134
1767391200005,7366,1767391950001,4321.030000000000,4321.300000000000,134
1767391200005,7367,1767391950025,4321.040000000000,4321.310000000000,134
1767391200005,7368,1767391950050,4321.040000000000,4321.240000000000,4
1767391200005,7369,1767391950099,4321.120000000000,4321.310000000000,134
1767391200005,7370,1767391950125,4321.120000000000,4321.320000000000,4
1767391200005,7371,1767391950235,4321.130000000000,4321.320000000000,130
1767391200005,7372,1767391950256,4321.130000000000,4321.310000000000,4
1767391200005,7373,1767391950327,4321.110000000000,4321.310000000000,130
1767391200005,7374,1767391950428,4321.130000000000,4321.310000000000,130
1767391200005,7375,1767391950528,4321.120000000000,4321.310000000000,130
1767391200005,7376,1767391950702,4321.120000000000,4321.280000000000,4
1767391200005,7377,1767391950730,4321.080000000000,4321.280000000000,130
1767391200005,7378,1767391950750,4321.080000000000,4321.240000000000,4
1767391200005,7379,1767391950808,4321.080000000000,4321.260000000000,4
1767391200005,7380,1767391950830,4321.060000000000,4321.260000000000,130
1767391200005,7381,1767391951149,4321.060000000000,4321.250000000000,4
1767391200005,7382,1767391951200,4321.060000000000,4321.180000000000,4
1767391200005,7383,1767391951231,4320.980000000000,4321.180000000000,130
1767391200005,7384,1767391951252,4320.970000000000,4321.170000000000,134
1767391200005,7385,1767391951332,4320.990000000000,4321.170000000000,130
1767391200005,7386,1767391951399,4320.990000000000,4321.160000000000,4
1767391200005,7387,1767391951432,4320.960000000000,4321.160000000000,130
1767391200005,7388,1767391951634,4320.980000000000,4321.160000000000,130
1767391200005,7389,1767391951733,4320.960000000000,4321.160000000000,130
1767391200005,7390,1767391951937,4320.980000000000,4321.160000000000,130
1767391200005,7391,1767391952067,4320.970000000000,4321.160000000000,130
1767391200005,7392,1767391952101,4321.000000000000,4321.200000000000,134
1767391200005,7393,1767391952151,4320.970000000000,4321.160000000000,134
1767391200005,7394,1767391952167,4320.960000000000,4321.160000000000,130
1767391200005,7395,1767391952249,4320.980000000000,4321.180000000000,134
1767391200005,7396,1767391952370,4321.030000000000,4321.180000000000,130
1767391200005,7397,1767391952451,4321.030000000000,4321.190000000000,4
1767391200005,7398,1767391952469,4321.010000000000,4321.190000000000,130
1767391200005,7399,1767391952502,4321.010000000000,4321.180000000000,4
1767391200005,7400,1767391952589,4321.030000000000,4321.180000000000,130
1767391200005,7401,1767391952603,4321.030000000000,4321.200000000000,4
1767391200005,7402,1767391952731,4321.000000000000,4321.200000000000,130
1767391200005,7403,1767391952991,4321.030000000000,4321.200000000000,130
1767391200005,7404,1767391953301,4321.050000000000,4321.200000000000,130
1767391200005,7405,1767391953302,4321.050000000000,4321.210000000000,4
1767391200005,7406,1767391953404,4321.010000000000,4321.210000000000,130
1767391200005,7407,1767391953605,4321.000000000000,4321.200000000000,134
1767391200005,7408,1767391953858,4321.000000000000,4321.140000000000,4
1767391200005,7409,1767391953903,4320.940000000000,4321.100000000000,134
1767391200005,7410,1767391953909,4320.900000000000,4321.100000000000,130
1767391200005,7411,1767391953955,4320.930000000000,4321.100000000000,130
1767391200005,7412,1767391954055,4320.910000000000,4321.100000000000,130
1767391200005,7413,1767391954104,4320.940000000000,4321.100000000000,130
1767391200005,7414,1767391954108,4320.940000000000,4321.130000000000,4
1767391200005,7415,1767391954155,4320.960000000000,4321.130000000000,130
1767391200005,7416,1767391954206,4320.950000000000,4321.130000000000,130
1767391200005,7417,1767391954256,4320.960000000000,4321.130000000000,130
1767391200005,7418,1767391954307,4320.960000000000,4321.140000000000,4
1767391200005,7419,1767391954407,4320.960000000000,4321.130000000000,4
1767391200005,7420,1767391954522,4320.960000000000,4321.160000000000,4
1767391200005,7421,1767391954557,4320.970000000000,4321.170000000000,134
1767391200005,7422,1767391954606,4320.980000000000,4321.170000000000,130
1767391200005,7423,1767391954620,4320.980000000000,4321.180000000000,4
1767391200005,7424,1767391954808,4320.930000000000,4321.120000000000,134
1767391200005,7425,1767391954911,4320.930000000000,4321.130000000000,4
1767391200005,7426,1767391954961,4320.940000000000,4321.130000000000,130
1767391200005,7427,1767391955057,4320.940000000000,4321.120000000000,4
1767391200005,7428,1767391955162,4320.960000000000,4321.120000000000,130
1767391200005,7429,1767391955606,4320.960000000000,4321.130000000000,4
1767391200005,7430,1767391955664,4320.930000000000,4321.130000000000,130
1767391200005,7431,1767391956608,4320.920000000000,4321.120000000000,134
1767391200005,7432,1767391956621,4320.930000000000,4321.120000000000,130
1767391200005,7433,1767391956658,4320.930000000000,4321.100000000000,4
1767391200005,7434,1767391956709,4320.940000000000,4321.140000000000,134
1767391200005,7435,1767391956721,4320.950000000000,4321.140000000000,130
1767391200005,7436,1767391956759,4320.960000000000,4321.160000000000,134
1767391200005,7437,1767391956860,4320.950000000000,4321.150000000000,134
1767391200005,7438,1767391956922,4320.980000000000,4321.150000000000,130
1767391200005,7439,1767391956961,4320.980000000000,4321.130000000000,4
1767391200005,7440,1767391957021,4320.980000000000,4321.140000000000,4
1767391200005,7441,1767391957022,4320.940000000000,4321.140000000000,130
1767391200005,7442,1767391957312,4320.930000000000,4321.130000000000,134
1767391200005,7443,1767391957363,4320.940000000000,4321.140000000000,134
1767391200005,7444,1767391957558,4320.950000000000,4321.150000000000,134
1767391200005,7445,1767391957610,4320.940000000000,4321.140000000000,134
1767391200005,7446,1767391957626,4320.990000000000,4321.140000000000,130
1767391200005,7447,1767391957710,4320.990000000000,4321.150000000000,4
1767391200005,7448,1767391957861,4320.990000000000,4321.130000000000,4
1767391200005,7449,1767391957928,4320.930000000000,4321.130000000000,130
1767391200005,7450,1767391957961,4320.920000000000,4321.100000000000,134
1767391200005,7451,1767391958011,4320.920000000000,4321.080000000000,4
1767391200005,7452,1767391958028,4320.900000000000,4321.080000000000,130
1767391200005,7453,1767391958111,4320.910000000000,4321.110000000000,134
1767391200005,7454,1767391958169,4320.940000000000,4321.140000000000,134
1767391200005,7455,1767391958213,4320.950000000000,4321.150000000000,134
1767391200005,7456,1767391958266,4320.940000000000,4321.100000000000,134
1767391200005,7457,1767391958315,4320.940000000000,4321.060000000000,4
1767391200005,7458,1767391958331,4320.860000000000,4321.060000000000,130
1767391200005,7459,1767391958411,4320.870000000000,4321.070000000000,134
1767391200005,7460,1767391958611,4320.870000000000,4321.060000000000,4
1767391200005,7461,1767391958962,4320.870000000000,4321.050000000000,4
1767391200005,7462,1767391958986,4320.850000000000,4321.050000000000,130
1767391200005,7463,1767391959113,4320.860000000000,4321.060000000000,134
1767391200005,7464,1767391959162,4320.840000000000,4321.040000000000,134
1767391200005,7465,1767391959213,4320.860000000000,4321.060000000000,134
1767391200005,7466,1767391959313,4320.850000000000,4321.050000000000,134
1767391200005,7467,1767391959386,4320.860000000000,4321.050000000000,130
1767391200005,7468,1767391959413,4320.860000000000,4321.060000000000,4
1767391200005,7469,1767391959465,4320.860000000000,4321.040000000000,4
1767391200005,7470,1767391959561,4320.860000000000,4321.060000000000,4
1767391200005,7471,1767391959715,4320.850000000000,4321.050000000000,134
1767391200005,7472,1767391960221,4320.870000000000,4321.050000000000,130
1767391200005,7473,1767391960265,4320.870000000000,4321.040000000000,4
1767391200005,7474,1767391960317,4320.870000000000,4321.050000000000,4
1767391200005,7475,1767391960320,4320.850000000000,4321.050000000000,130
1767391200005,7476,1767391960415,4320.860000000000,4321.060000000000,134
1767391200005,7477,1767391960767,4320.850000000000,4321.050000000000,134
1767391200005,7478,1767391960816,4320.840000000000,4321.030000000000,134
1767391200005,7479,1767391960918,4320.840000000000,4321.020000000000,4
1767391200005,7480,1767391961075,4320.840000000000,4320.970000000000,4
1767391200005,7481,1767391961105,4320.780000000000,4320.970000000000,130
1767391200005,7482,1767391961122,4320.780000000000,4320.930000000000,4
1767391200005,7483,1767391961171,4320.780000000000,4320.970000000000,4
1767391200005,7484,1767391961222,4320.780000000000,4320.950000000000,4
1767391200005,7485,1767391961267,4320.780000000000,4320.930000000000,4
1767391200005,7486,1767391961306,4320.770000000000,4320.930000000000,130
1767391200005,7487,1767391961320,4320.770000000000,4320.960000000000,4
1767391200005,7488,1767391961407,4320.780000000000,4320.960000000000,130
1767391200005,7489,1767391961616,4320.780000000000,4320.950000000000,4
1767391200005,7490,1767391961718,4320.780000000000,4320.960000000000,4
1767391200005,7491,1767391962120,4320.830000000000,4321.030000000000,134
1767391200005,7492,1767391962169,4320.800000000000,4321.000000000000,134
1767391200005,7493,1767391962192,4320.850000000000,4321.000000000000,130
1767391200005,7494,1767391962221,4320.850000000000,4321.010000000000,4
1767391200005,7495,1767391962269,4320.850000000000,4321.030000000000,4
1767391200005,7496,1767391962293,4320.830000000000,4321.030000000000,130
1767391200005,7497,1767391962328,4320.820000000000,4321.020000000000,134
1767391200005,7498,1767391962393,4320.850000000000,4321.020000000000,130
1767391200005,7499,1767391963119,4320.850000000000,4321.000000000000,4
1767391200005,7500,1767391963319,4320.850000000000,4321.030000000000,4
1767391200005,7501,1767391963671,4320.850000000000,4321.010000000000,4
1767391200005,7502,1767391964464,4320.840000000000,4321.010000000000,130
1767391200005,7503,1767391964722,4320.840000000000,4320.960000000000,4
1767391200005,7504,1767391964770,4320.840000000000,4320.980000000000,4
1767391200005,7505,1767391964785,4320.790000000000,4320.980000000000,130
1767391200005,7506,1767391964821,4320.790000000000,4320.970000000000,4
1767391200005,7507,1767391965171,4320.790000000000,4320.940000000000,4
1767391200005,7508,1767391965226,4320.800000000000,4321.000000000000,134
1767391200005,7509,1767391965271,4320.790000000000,4320.990000000000,134
1767391200005,7510,1767391965309,4320.800000000000,4320.990000000000,130
1767391200005,7511,1767391965413,4320.790000000000,4320.990000000000,130
1767391200005,7512,1767391965429,4320.800000000000,4321.000000000000,134
1767391200005,7513,1767391965477,4320.840000000000,4321.040000000000,134
1767391200005,7514,1767391965512,4320.850000000000,4321.040000000000,130
1767391200005,7515,1767391965581,4320.850000000000,4321.020000000000,4
1767391200005,7516,1767391965612,4320.820000000000,4321.020000000000,130
1767391200005,7517,1767391965626,4320.790000000000,4320.990000000000,134
1767391200005,7518,1767391965674,4320.800000000000,4321.000000000000,134
1767391200005,7519,1767391965722,4320.760000000000,4320.950000000000,134
1767391200005,7520,1767391965772,4320.760000000000,4320.960000000000,4
1767391200005,7521,1767391965814,4320.770000000000,4320.960000000000,130
1767391200005,7522,1767391965823,4320.800000000000,4321.000000000000,134
1767391200005,7523,1767391965923,4320.760000000000,4320.960000000000,134
1767391200005,7524,1767391966014,4320.850000000000,4320.960000000000,130
1767391200005,7525,1767391966026,4320.850000000000,4321.020000000000,4
1767391200005,7526,1767391966073,4320.850000000000,4321.010000000000,4
1767391200005,7527,1767391966115,4320.900000000000,4321.010000000000,130
1767391200005,7528,1767391966177,4320.900000000000,4321.020000000000,4
1767391200005,7529,1767391966216,4320.860000000000,4321.020000000000,130
1767391200005,7530,1767391966224,4320.860000000000,4321.000000000000,4
1767391200005,7531,1767391966273,4320.860000000000,4321.030000000000,4
1767391200005,7532,1767391966320,4320.840000000000,4321.030000000000,130
1767391200005,7533,1767391966324,4320.840000000000,4321.020000000000,4
1767391200005,7534,1767391966415,4320.830000000000,4321.020000000000,130
1767391200005,7535,1767391966422,4320.830000000000,4321.030000000000,4
1767391200005,7536,1767391966479,4320.830000000000,4321.010000000000,4
1767391200005,7537,1767391966515,4320.850000000000,4321.010000000000,130
1767391200005,7538,1767391966524,4320.850000000000,4321.000000000000,4
1767391200005,7539,1767391966724,4320.850000000000,4320.990000000000,4
1767391200005,7540,1767391967018,4320.840000000000,4320.990000000000,130
1767391200005,7541,1767391967274,4320.840000000000,4320.980000000000,4
1767391200005,7542,1767391967324,4320.840000000000,4321.020000000000,4
1767391200005,7543,1767391967350,4320.850000000000,4321.020000000000,130
1767391200005,7544,1767391967376,4320.850000000000,4321.030000000000,4
1767391200005,7545,1767391967449,4320.870000000000,4321.030000000000,130
1767391200005,7546,1767391967551,4320.880000000000,4321.030000000000,130
1767391200005,7547,1767391967874,4320.900000000000,4321.030000000000,130
1767391200005,7548,1767391967875,4320.900000000000,4321.040000000000,4
1767391200005,7549,1767391967974,4320.890000000000,4321.040000000000,130
1767391200005,7550,1767391968196,4320.870000000000,4321.040000000000,130
1767391200005,7551,1767391968226,4320.870000000000,4320.970000000000,4
1767391200005,7552,1767391968278,4320.870000000000,4320.980000000000,4
1767391200005,7553,1767391968296,4320.780000000000,4320.980000000000,130
1767391200005,7554,1767391968377,4320.780000000000,4320.830000000000,4
1767391200005,7555,1767391968397,4320.700000000000,4320.830000000000,130
1767391200005,7556,1767391968426,4320.700000000000,4320.860000000000,4
1767391200005,7557,1767391968477,4320.710000000000,4320.910000000000,134
1767391200005,7558,1767391968525,4320.700000000000,4320.870000000000,134
1767391200005,7559,1767391968577,4320.700000000000,4320.850000000000,4
1767391200005,7560,1767391968598,4320.670000000000,4320.850000000000,130
1767391200005,7561,1767391968676,4320.670000000000,4320.800000000000,4
1767391200005,7562,1767391968699,4320.690000000000,4320.800000000000,130
1767391200005,7563,1767391968727,4320.690000000000,4320.850000000000,4
1767391200005,7564,1767391968799,4320.710000000000,4320.850000000000,130
1767391200005,7565,1767391968876,4320.710000000000,4320.840000000000,4
1767391200005,7566,1767391968900,4320.660000000000,4320.840000000000,130
1767391200005,7567,1767391968927,4320.660000000000,4320.830000000000,4
1767391200005,7568,1767391969000,4320.680000000000,4320.830000000000,130
1767391200005,7569,1767391969129,4320.730000000000,4320.930000000000,134
1767391200005,7570,1767391969178,4320.810000000000,4320.950000000000,134
1767391200005,7571,1767391969201,4320.860000000000,4321.010000000000,134
1767391200005,7572,1767391969302,4320.930000000000,4321.010000000000,130
1767391200005,7573,1767391969328,4320.930000000000,4321.040000000000,4
1767391200005,7574,1767391969403,4320.910000000000,4321.040000000000,130
1767391200005,7575,1767391969478,4320.910000000000,4321.060000000000,4
1767391200005,7576,1767391969503,4320.870000000000,4321.060000000000,130
1767391200005,7577,1767391969528,4320.870000000000,4321.030000000000,4
1767391200005,7578,1767391969604,4320.910000000000,4321.030000000000,130
1767391200005,7579,1767391969679,4320.910000000000,4321.010000000000,4
1767391200005,7580,1767391969705,4320.900000000000,4321.010000000000,130
1767391200005,7581,1767391969727,4320.900000000000,4321.020000000000,4
1767391200005,7582,1767391969828,4320.900000000000,4321.060000000000,4
1767391200005,7583,1767391969878,4320.900000000000,4321.040000000000,4
1767391200005,7584,1767391969917,4320.860000000000,4321.040000000000,130
1767391200005,7585,1767391969988,4320.870000000000,4321.070000000000,134
1767391200005,7586,1767391970017,4320.940000000000,4321.070000000000,130
1767391200005,7587,1767391970029,4320.940000000000,4321.040000000000,4
1767391200005,7588,1767391970130,4320.940000000000,4321.030000000000,4
1767391200005,7589,1767391970236,4320.940000000000,4321.040000000000,4
1767391200005,7590,1767391970249,4320.950000000000,4321.040000000000,130
1767391200005,7591,1767391970282,4320.950000000000,4321.070000000000,4
1767391200005,7592,1767391970442,4320.950000000000,4320.990000000000,4
1767391200005,7593,1767391970449,4320.800000000000,4320.980000000000,134
1767391200005,7594,1767391970483,4320.800000000000,4320.930000000000,4
1767391200005,7595,1767391970551,4320.770000000000,4320.930000000000,130
1767391200005,7596,1767391970581,4320.770000000000,4320.940000000000,4
1767391200005,7597,1767391970632,4320.770000000000,4320.970000000000,4
1767391200005,7598,1767391970652,4320.780000000000,4320.970000000000,130
1767391200005,7599,1767391970688,4320.780000000000,4320.950000000000,4
1767391200005,7600,1767391970752,4320.800000000000,4320.950000000000,130
1767391200005,7601,1767391970851,4320.790000000000,4320.950000000000,130
1767391200005,7602,1767391970881,4320.790000000000,4320.930000000000,4
1767391200005,7603,1767391970953,4320.800000000000,4320.930000000000,130
1767391200005,7604,1767391971381,4320.800000000000,4320.950000000000,4
1767391200005,7605,1767391971387,4320.780000000000,4320.950000000000,130
1767391200005,7606,1767391971483,4320.780000000000,4320.910000000000,4
1767391200005,7607,1767391971495,4320.710000000000,4320.910000000000,130
1767391200005,7608,1767391971533,4320.690000000000,4320.870000000000,134
1767391200005,7609,1767391971586,4320.690000000000,4320.860000000000,4
1767391200005,7610,1767391971596,4320.660000000000,4320.860000000000,130
1767391200005,7611,1767391971681,4320.650000000000,4320.820000000000,134
1767391200005,7612,1767391971697,4320.630000000000,4320.820000000000,130
1767391200005,7613,1767391971734,4320.660000000000,4320.860000000000,134
1767391200005,7614,1767391971782,4320.670000000000,4320.870000000000,134
1767391200005,7615,1767391972482,4320.690000000000,4320.870000000000,130
1767391200005,7616,1767391972534,4320.690000000000,4320.860000000000,4
1767391200005,7617,1767391972581,4320.670000000000,4320.860000000000,130
1767391200005,7618,1767391972584,4320.670000000000,4320.850000000000,4
1767391200005,7619,1767391972640,4320.670000000000,4320.840000000000,4
1767391200005,7620,1767391972681,4320.640000000000,4320.840000000000,130
1767391200005,7621,1767391972734,4320.660000000000,4320.860000000000,134
1767391200005,7622,1767391972781,4320.680000000000,4320.860000000000,130
1767391200005,7623,1767391973016,4320.660000000000,4320.860000000000,130
1767391200005,7624,1767391973034,4320.670000000000,4320.870000000000,134
1767391200005,7625,1767391973095,4320.700000000000,4320.900000000000,134
1767391200005,7626,1767391973121,4320.730000000000,4320.900000000000,130
1767391200005,7627,1767391973224,4320.710000000000,4320.900000000000,130
1767391200005,7628,1767391973324,4320.720000000000,4320.900000000000,130
1767391200005,7629,1767391973343,4320.720000000000,4320.910000000000,4
1767391200005,7630,1767391973382,4320.720000000000,4320.890000000000,4
1767391200005,7631,1767391973425,4320.710000000000,4320.890000000000,130
1767391200005,7632,1767391973433,4320.730000000000,4320.930000000000,134
1767391200005,7633,1767391973483,4320.720000000000,4320.920000000000,134
1767391200005,7634,1767391973584,4320.750000000000,4320.950000000000,134
1767391200005,7635,1767391973635,4320.720000000000,4320.920000000000,134
1767391200005,7636,1767391973727,4320.740000000000,4320.920000000000,130
1767391200005,7637,1767391974135,4320.740000000000,4320.930000000000,4
1767391200005,7638,1767391974186,4320.760000000000,4320.960000000000,134
1767391200005,7639,1767391974200,4320.770000000000,4320.960000000000,130
1767391200005,7640,1767391974387,4320.770000000000,4320.940000000000,4
1767391200005,7641,1767391974437,4320.770000000000,4320.950000000000,4
1767391200005,7642,1767391974486,4320.790000000000,4320.990000000000,134
1767391200005,7643,1767391974503,4320.840000000000,4320.990000000000,130
1767391200005,7644,1767391974538,4320.840000000000,4321.010000000000,4
1767391200005,7645,1767391974587,4320.840000000000,4321.040000000000,4
1767391200005,7646,1767391974604,4320.850000000000,4321.040000000000,130
1767391200005,7647,1767391974739,4320.850000000000,4321.030000000000,4
1767391200005,7648,1767391974986,4320.850000000000,4321.040000000000,4
1767391200005,7649,1767391975087,4320.850000000000,4321.030000000000,4
1767391200005,7650,1767391975136,4320.860000000000,4321.030000000000,130
1767391200005,7651,1767391975187,4320.860000000000,4321.040000000000,4
1767391200005,7652,1767391975237,4320.930000000000,4321.040000000000,130
1767391200005,7653,1767391975239,4320.930000000000,4321.050000000000,4
1767391200005,7654,1767391975336,4320.850000000000,4321.050000000000,130
1767391200005,7655,1767391975336,4320.850000000000,4321.030000000000,4
1767391200005,7656,1767391975497,4320.850000000000,4321.040000000000,4
1767391200005,7657,1767391975537,4320.850000000000,4321.010000000000,4
1767391200005,7658,1767391975591,4320.850000000000,4321.030000000000,4
1767391200005,7659,1767391975639,4320.830000000000,4321.030000000000,130
1767391200005,7660,1767391975739,4320.860000000000,4321.030000000000,130
1767391200005,7661,1767391975790,4320.860000000000,4321.040000000000,4
1767391200005,7662,1767391976132,4320.850000000000,4321.040000000000,130
1767391200005,7663,1767391976140,4320.850000000000,4321.030000000000,4
1767391200005,7664,1767391977643,4320.850000000000,4321.040000000000,4
1767391200005,7665,1767391977667,4320.840000000000,4321.040000000000,130
1767391200005,7666,1767391977695,4320.830000000000,4321.030000000000,134
1767391200005,7667,1767391977771,4320.860000000000,4321.030000000000,130
1767391200005,7668,1767391977800,4320.860000000000,4321.040000000000,4
1767391200005,7669,1767391977845,4320.860000000000,4321.020000000000,4
1767391200005,7670,1767391977870,4320.820000000000,4321.020000000000,130
1767391200005,7671,1767391977899,4320.830000000000,4321.030000000000,134
1767391200005,7672,1767391977972,4320.860000000000,4321.030000000000,130
1767391200005,7673,1767391978648,4320.860000000000,4321.040000000000,4
1767391200005,7674,1767391978685,4320.920000000000,4321.040000000000,130
1767391200005,7675,1767391978699,4320.920000000000,4321.080000000000,4
1767391200005,7676,1767391978749,4320.920000000000,4321.090000000000,4
1767391200005,7677,1767391979000,4320.930000000000,4321.130000000000,134
1767391200005,7678,1767391979099,4320.940000000000,4321.140000000000,134
1767391200005,7679,1767391979147,4320.950000000000,4321.150000000000,134
1767391200005,7680,1767391979199,4320.940000000000,4321.140000000000,134
1767391200005,7681,1767391979248,4320.960000000000,4321.160000000000,134
1767391200005,7682,1767391979299,4320.950000000000,4321.150000000000,134
1767391200005,7683,1767391979399,4320.970000000000,4321.170000000000,134
1767391200005,7684,1767391979459,4320.980000000000,4321.180000000000,134
1767391200005,7685,1767391980002,4320.970000000000,4321.240000000000,134
1767391200005,7686,1767391980603,4321.020000000000,4321.220000000000,134
1767391200005,7687,1767391980664,4321.080000000000,4321.240000000000,134
1767391200005,7688,1767391980665,4321.090000000000,4321.280000000000,134
1767391200005,7689,1767391980708,4321.150000000000,4321.350000000000,134
1767391200005,7690,1767391980751,4321.190000000000,4321.360000000000,134
1767391200005,7691,1767391980767,4321.190000000000,4321.390000000000,4
1767391200005,7692,1767391980801,4321.180000000000,4321.380000000000,134
1767391200005,7693,1767391980868,4321.190000000000,4321.380000000000,130
1767391200005,7694,1767391980951,4321.200000000000,4321.400000000000,134
1767391200005,7695,1767391981003,4321.200000000000,4321.370000000000,4
1767391200005,7696,1767391981051,4321.200000000000,4321.360000000000,4
1767391200005,7697,1767391981068,4321.190000000000,4321.360000000000,130
1767391200005,7698,1767391981153,4321.190000000000,4321.320000000000,4
1767391200005,7699,1767391981170,4321.120000000000,4321.320000000000,130
1767391200005,7700,1767391981207,4321.080000000000,4321.280000000000,134
1767391200005,7701,1767391981253,4321.110000000000,4321.310000000000,134
1767391200005,7702,1767391981303,4321.120000000000,4321.320000000000,134
1767391200005,7703,1767391981412,4321.160000000000,4321.360000000000,134
1767391200005,7704,1767391981463,4321.220000000000,4321.360000000000,130
1767391200005,7705,1767391981471,4321.220000000000,4321.420000000000,4
1767391200005,7706,1767391981571,4321.250000000000,4321.420000000000,130
1767391200005,7707,1767391981671,4321.220000000000,4321.420000000000,130
1767391200005,7708,1767391981852,4321.240000000000,4321.440000000000,134
1767391200005,7709,1767391981873,4321.280000000000,4321.440000000000,130
1767391200005,7710,1767391981902,4321.280000000000,4321.460000000000,4
1767391200005,7711,1767391981952,4321.280000000000,4321.450000000000,4
1767391200005,7712,1767391981972,4321.250000000000,4321.450000000000,130
1767391200005,7713,1767391982004,4321.240000000000,4321.430000000000,134
1767391200005,7714,1767391982053,4321.240000000000,4321.400000000000,4
1767391200005,7715,1767391982108,4321.240000000000,4321.440000000000,4
1767391200005,7716,1767391982906,4321.240000000000,4321.430000000000,4
1767391200005,7717,1767391983384,4321.230000000000,4321.430000000000,130
1767391200005,7718,1767391983410,4321.220000000000,4321.370000000000,134
1767391200005,7719,1767391983493,4321.170000000000,4321.370000000000,130
1767391200005,7720,1767391983508,4321.160000000000,4321.350000000000,134
1767391200005,7721,1767391983556,4321.160000000000,4321.360000000000,4
1767391200005,7722,1767391983607,4321.140000000000,4321.340000000000,134
1767391200005,7723,1767391983807,4321.160000000000,4321.360000000000,134
1767391200005,7724,1767391983857,4321.150000000000,4321.350000000000,134
1767391200005,7725,1767391983908,4321.180000000000,4321.380000000000,134
1767391200005,7726,1767391983963,4321.280000000000,4321.400000000000,134
1767391200005,7727,1767391983994,4321.280000000000,4321.480000000000,4
1767391200005,7728,1767391984009,4321.290000000000,4321.490000000000,134
1767391200005,7729,1767391984059,4321.300000000000,4321.500000000000,134
1767391200005,7730,1767391984108,4321.310000000000,4321.510000000000,134
1767391200005,7731,1767391984160,4321.270000000000,4321.450000000000,134
1767391200005,7732,1767391984197,4321.250000000000,4321.450000000000,130
1767391200005,7733,1767391984259,4321.260000000000,4321.460000000000,134
1767391200005,7734,1767391984310,4321.270000000000,4321.470000000000,134
1767391200005,7735,1767391984359,4321.280000000000,4321.480000000000,134
1767391200005,7736,1767391984409,4321.270000000000,4321.470000000000,134
1767391200005,7737,1767391984510,4321.280000000000,4321.480000000000,134
1767391200005,7738,1767391984560,4321.290000000000,4321.490000000000,134
1767391200005,7739,1767391985009,4321.280000000000,4321.480000000000,134
1767391200005,7740,1767391985462,4321.280000000000,4321.430000000000,4
1767391200005,7741,1767391985503,4321.230000000000,4321.430000000000,130
1767391200005,7742,1767391985512,4321.220000000000,4321.420000000000,134
1767391200005,7743,1767391985562,4321.210000000000,4321.410000000000,134
1767391200005,7744,1767391985663,4321.190000000000,4321.390000000000,134
1767391200005,7745,1767391985703,4321.210000000000,4321.390000000000,130
1767391200005,7746,1767391985713,4321.210000000000,4321.410000000000,4
1767391200005,7747,1767391985762,4321.210000000000,4321.390000000000,4
1767391200005,7748,1767391985803,4321.190000000000,4321.390000000000,130
1767391200005,7749,1767391985812,4321.200000000000,4321.400000000000,134
1767391200005,7750,1767391985864,4321.170000000000,4321.370000000000,134
1767391200005,7751,1767391985917,4321.190000000000,4321.390000000000,134
1767391200005,7752,1767391985960,4321.180000000000,4321.380000000000,134
1767391200005,7753,1767391986011,4321.200000000000,4321.400000000000,134
1767391200005,7754,1767391986062,4321.180000000000,4321.380000000000,134
1767391200005,7755,1767391986105,4321.240000000000,4321.380000000000,130
1767391200005,7756,1767391986111,4321.240000000000,4321.420000000000,4
1767391200005,7757,1767391986162,4321.240000000000,4321.440000000000,4
1767391200005,7758,1767391986205,4321.250000000000,4321.440000000000,130
1767391200005,7759,1767391986311,4321.250000000000,4321.430000000000,4
1767391200005,7760,1767391986509,4321.240000000000,4321.430000000000,130
1767391200005,7761,1767391986562,4321.240000000000,4321.420000000000,4
1767391200005,7762,1767391986608,4321.260000000000,4321.420000000000,130
1767391200005,7763,1767391986668,4321.260000000000,4321.430000000000,4
1767391200005,7764,1767391986707,4321.230000000000,4321.430000000000,130
1767391200005,7765,1767391986713,4321.220000000000,4321.420000000000,134
1767391200005,7766,1767391986764,4321.220000000000,4321.390000000000,4
1767391200005,7767,1767391986810,4321.240000000000,4321.390000000000,130
1767391200005,7768,1767391986815,4321.240000000000,4321.420000000000,4
1767391200005,7769,1767391986871,4321.240000000000,4321.390000000000,4
1767391200005,7770,1767391986920,4321.240000000000,4321.410000000000,4
1767391200005,7771,1767391986971,4321.240000000000,4321.420000000000,4
1767391200005,7772,1767391987011,4321.260000000000,4321.420000000000,130
1767391200005,7773,1767391987015,4321.260000000000,4321.440000000000,4
1767391200005,7774,1767391987065,4321.260000000000,4321.430000000000,4
1767391200005,7775,1767391987112,4321.230000000000,4321.430000000000,130
1767391200005,7776,1767391987115,4321.220000000000,4321.420000000000,134
1767391200005,7777,1767391987168,4321.210000000000,4321.350000000000,134
1767391200005,7778,1767391987212,4321.170000000000,4321.350000000000,130
1767391200005,7779,1767391987214,4321.170000000000,4321.360000000000,4
1767391200005,7780,1767391987264,4321.190000000000,4321.390000000000,134
1767391200005,7781,1767391987815,4321.160000000000,4321.360000000000,134
1767391200005,7782,1767391987865,4321.180000000000,4321.380000000000,134
1767391200005,7783,1767391987965,4321.160000000000,4321.350000000000,134
1767391200005,7784,1767391987975,4321.150000000000,4321.350000000000,130
1767391200005,7785,1767391988318,4321.130000000000,4321.310000000000,134
1767391200005,7786,1767391988373,4321.130000000000,4321.300000000000,4
1767391200005,7787,1767391988384,4321.100000000000,4321.300000000000,130
1767391200005,7788,1767391988418,4321.090000000000,4321.290000000000,134
1767391200005,7789,1767391988517,4321.100000000000,4321.300000000000,134
1767391200005,7790,1767391988715,4321.080000000000,4321.280000000000,134
1767391200005,7791,1767391988766,4321.090000000000,4321.290000000000,134
1767391200005,7792,1767391989767,4321.060000000000,4321.260000000000,134
1767391200005,7793,1767391990067,4321.050000000000,4321.250000000000,134
1767391200005,7794,1767391990610,4321.160000000000,4321.250000000000,130
1767391200005,7795,1767391990619,4321.160000000000,4321.320000000000,4
1767391200005,7796,1767391990678,4321.290000000000,4321.430000000000,134
1767391200005,7797,1767391990710,4321.290000000000,4321.490000000000,4
1767391200005,7798,1767391990720,4321.280000000000,4321.460000000000,134
1767391200005,7799,1767391990771,4321.290000000000,4321.490000000000,134
1767391200005,7800,1767391991071,4321.280000000000,4321.480000000000,134
1767391200005,7801,1767391991222,4321.270000000000,4321.470000000000,134
1767391200005,7802,1767391991272,4321.260000000000,4321.460000000000,134
1767391200005,7803,1767391991315,4321.270000000000,4321.460000000000,130
1767391200005,7804,1767391991320,4321.270000000000,4321.450000000000,4
1767391200005,7805,1767391991371,4321.270000000000,4321.470000000000,4
1767391200005,7806,1767391991416,4321.300000000000,4321.470000000000,130
1767391200005,7807,1767391992125,4321.300000000000,4321.460000000000,4
1767391200005,7808,1767391992211,4321.310000000000,4321.460000000000,130
1767391200005,7809,1767391992224,4321.310000000000,4321.480000000000,4
1767391200005,7810,1767391992274,4321.310000000000,4321.490000000000,4
1767391200005,7811,1767391992319,4321.320000000000,4321.490000000000,130
1767391200005,7812,1767391992411,4321.330000000000,4321.490000000000,130
1767391200005,7813,1767391992510,4321.310000000000,4321.490000000000,130
1767391200005,7814,1767391992523,4321.310000000000,4321.480000000000,4
1767391200005,7815,1767391992612,4321.330000000000,4321.480000000000,130
1767391200005,7816,1767391992623,4321.330000000000,4321.510000000000,4
1767391200005,7817,1767391992674,4321.330000000000,4321.490000000000,4
1767391200005,7818,1767391992711,4321.320000000000,4321.490000000000,130
1767391200005,7819,1767391992737,4321.320000000000,4321.510000000000,4
1767391200005,7820,1767391992825,4321.320000000000,4321.500000000000,4
1767391200005,7821,1767391992876,4321.320000000000,4321.510000000000,4
1767391200005,7822,1767391993457,4321.310000000000,4321.510000000000,130
1767391200005,7823,1767391993479,4321.260000000000,4321.450000000000,134
1767391200005,7824,1767391993526,4321.260000000000,4321.430000000000,4
1767391200005,7825,1767391993556,4321.240000000000,4321.430000000000,130
1767391200005,7826,1767391993576,4321.240000000000,4321.440000000000,4
1767391200005,7827,1767391993627,4321.240000000000,4321.360000000000,4
1767391200005,7828,1767391993656,4321.160000000000,4321.360000000000,130
1767391200005,7829,1767391993778,4321.140000000000,4321.310000000000,134
1767391200005,7830,1767391993858,4321.110000000000,4321.310000000000,130
1767391200005,7831,1767391993883,4321.140000000000,4321.340000000000,134
1767391200005,7832,1767391993930,4321.110000000000,4321.290000000000,134
1767391200005,7833,1767391993959,4321.100000000000,4321.290000000000,130
1767391200005,7834,1767391993981,4321.100000000000,4321.300000000000,4
1767391200005,7835,1767391994029,4321.110000000000,4321.310000000000,134
1767391200005,7836,1767391994079,4321.130000000000,4321.330000000000,134
1767391200005,7837,1767391994139,4321.140000000000,4321.340000000000,134
1767391200005,7838,1767391994231,4321.150000000000,4321.350000000000,134
1767391200005,7839,1767391994680,4321.140000000000,4321.340000000000,134
1767391200005,7840,1767391994787,4321.190000000000,4321.380000000000,134
1767391200005,7841,1767391994793,4321.210000000000,4321.390000000000,134
1767391200005,7842,1767391994832,4321.210000000000,4321.400000000000,4
1767391200005,7843,1767391994883,4321.220000000000,4321.420000000000,134
1767391200005,7844,1767391994932,4321.230000000000,4321.430000000000,134
1767391200005,7845,1767391995030,4321.240000000000,4321.440000000000,134
1767391200005,7846,1767391995080,4321.220000000000,4321.420000000000,134
1767391200005,7847,1767391995096,4321.230000000000,4321.420000000000,130
1767391200005,7848,1767391995136,4321.230000000000,4321.410000000000,4
1767391200005,7849,1767391995180,4321.230000000000,4321.300000000000,4
1767391200005,7850,1767391995197,4321.110000000000,4321.300000000000,130
1767391200005,7851,1767391995230,4321.140000000000,4321.340000000000,134
1767391200005,7852,1767391995279,4321.110000000000,4321.300000000000,134
1767391200005,7853,1767391995296,4321.100000000000,4321.300000000000,130
1767391200005,7854,1767391996781,4321.110000000000,4321.310000000000,134
1767391200005,7855,1767391996932,4321.130000000000,4321.310000000000,130
1767391200005,7856,1767391997818,4321.140000000000,4321.310000000000,130
1767391200005,7857,1767391998434,4321.150000000000,4321.310000000000,130
1767391200005,7858,1767391998435,4321.150000000000,4321.330000000000,4
1767391200005,7859,1767391998484,4321.160000000000,4321.360000000000,134
1767391200005,7860,1767391998532,4321.210000000000,4321.360000000000,130
1767391200005,7861,1767391998633,4321.180000000000,4321.360000000000,130
1767391200005,7862,1767391998686,4321.180000000000,4321.370000000000,4
1767391200005,7863,1767391998734,4321.190000000000,4321.370000000000,130
1767391200005,7864,1767391998784,4321.270000000000,4321.460000000000,134
1767391200005,7865,1767391998833,4321.280000000000,4321.460000000000,130
1767391200005,7866,1767391998836,4321.280000000000,4321.480000000000,4
1767391200005,7867,1767391998897,4321.290000000000,4321.490000000000,134
1767391200005,7868,1767391998933,4321.310000000000,4321.490000000000,130
1767391200005,7869,1767391999035,4321.310000000000,4321.500000000000,4
1767391200005,7870,1767391999037,4321.350000000000,4321.500000000000,130
1767391200005,7871,1767391999136,4321.350000000000,4321.490000000000,4
1767391200005,7872,1767391999146,4321.310000000000,4321.490000000000,130
1767391200005,7873,1767391999286,4321.310000000000,4321.470000000000,4
1767391200005,7874,1767391999337,4321.280000000000,4321.470000000000,130
1767391200005,7875,1767391999435,4321.280000000000,4321.460000000000,4
1767391200005,7876,1767391999438,4321.300000000000,4321.460000000000,130
1767391200005,7877,1767391999486,4321.300000000000,4321.470000000000,4
1767391200005,7878,1767391999541,4321.310000000000,4321.470000000000,130
1767391200005,7879,1767391999640,4321.290000000000,4321.470000000000,130
1767391200005,7880,1767391999737,4321.290000000000,4321.460000000000,4
1767391200005,7881,1767391999739,4321.280000000000,4321.460000000000,130
1767391200005,7882,1767391999786,4321.280000000000,4321.480000000000,4
1767391200005,7883,1767391999836,4321.280000000000,4321.460000000000,4
1767391200005,7884,1767391999840,4321.290000000000,4321.460000000000,130
1767391200005,7885,1767391999937,4321.290000000000,4321.470000000000,4
1767391200005,7886,1767392000092,4321.290000000000,4321.480000000000,4
1767391200005,7887,1767392000232,4321.300000000000,4321.480000000000,130
1767391200005,7888,1767392000288,4321.300000000000,4321.410000000000,4
1767391200005,7889,1767392000332,4321.210000000000,4321.410000000000,130
1767391200005,7890,1767392000337,4321.190000000000,4321.370000000000,134
1767391200005,7891,1767392000388,4321.190000000000,4321.390000000000,4
1767391200005,7892,1767392000436,4321.170000000000,4321.370000000000,134
1767391200005,7893,1767392000586,4321.180000000000,4321.380000000000,134
1767391200005,7894,1767392001090,4321.160000000000,4321.340000000000,134
1767391200005,7895,1767392001177,4321.140000000000,4321.340000000000,130
1767391200005,7896,1767392001408,4321.150000000000,4321.340000000000,130
1767391200005,7897,1767392001511,4321.140000000000,4321.340000000000,130
1767391200005,7898,1767392001642,4321.130000000000,4321.330000000000,134
1767391200005,7899,1767392001692,4321.140000000000,4321.340000000000,134
1767391200005,7900,1767392001742,4321.130000000000,4321.330000000000,134
1767391200005,7901,1767392002000,4321.140000000000,4321.340000000000,134
1767391200005,7902,1767392002112,4321.180000000000,4321.340000000000,130
1767391200005,7903,1767392002141,4321.190000000000,4321.390000000000,134
1767391200005,7904,1767392002193,4321.200000000000,4321.400000000000,134
1767391200005,7905,1767392002212,4321.210000000000,4321.400000000000,130
1767391200005,7906,1767392002313,4321.200000000000,4321.400000000000,130
1767391200005,7907,1767392002397,4321.170000000000,4321.340000000000,134
1767391200005,7908,1767392002412,4321.140000000000,4321.340000000000,130
1767391200005,7909,1767392002444,4321.120000000000,4321.310000000000,134
1767391200005,7910,1767392002514,4321.110000000000,4321.310000000000,130
1767391200005,7911,1767392002543,4321.200000000000,4321.370000000000,134
1767391200005,7912,1767392002592,4321.210000000000,4321.370000000000,130
1767391200005,7913,1767392002615,4321.210000000000,4321.410000000000,4
1767391200005,7914,1767392002741,4321.200000000000,4321.400000000000,134
1767391200005,7915,1767392002791,4321.210000000000,4321.410000000000,134
1767391200005,7916,1767392002814,4321.250000000000,4321.410000000000,130
1767391200005,7917,1767392002851,4321.250000000000,4321.400000000000,4
1767391200005,7918,1767392002902,4321.250000000000,4321.430000000000,4
1767391200005,7919,1767392002916,4321.230000000000,4321.430000000000,130
1767391200005,7920,1767392003227,4321.270000000000,4321.430000000000,130
1767391200005,7921,1767392003247,4321.270000000000,4321.440000000000,4
1767391200005,7922,1767392003301,4321.270000000000,4321.450000000000,4
1767391200005,7923,1767392003328,4321.290000000000,4321.450000000000,130
1767391200005,7924,1767392003344,4321.290000000000,4321.440000000000,4
1767391200005,7925,1767392003447,4321.290000000000,4321.450000000000,4
1767391200005,7926,1767392003545,4321.290000000000,4321.440000000000,4
1767391200005,7927,1767392003596,4321.290000000000,4321.430000000000,4
1767391200005,7928,1767392003629,4321.270000000000,4321.430000000000,130
1767391200005,7929,1767392003646,4321.270000000000,4321.450000000000,4
1767391200005,7930,1767392003745,4321.270000000000,4321.440000000000,4
1767391200005,7931,1767392003800,4321.270000000000,4321.430000000000,4
1767391200005,7932,1767392003830,4321.250000000000,4321.430000000000,130
1767391200005,7933,1767392003845,4321.250000000000,4321.440000000000,4
1767391200005,7934,1767392003929,4321.260000000000,4321.440000000000,130
1767391200005,7935,1767392003952,4321.260000000000,4321.450000000000,4
1767391200005,7936,1767392004002,4321.260000000000,4321.530000000000,4
1767391200005,7937,1767392004030,4321.160000000000,4321.430000000000,134
1767391200005,7938,1767392004048,4321.200000000000,4321.400000000000,134
1767391200005,7939,1767392004146,4321.180000000000,4321.380000000000,134
1767391200005,7940,1767392004197,4321.200000000000,4321.400000000000,134
1767391200005,7941,1767392004252,4321.180000000000,4321.380000000000,134
1767391200005,7942,1767392004296,4321.180000000000,4321.350000000000,4
1767391200005,7943,1767392004334,4321.150000000000,4321.350000000000,130
1767391200005,7944,1767392004346,4321.180000000000,4321.380000000000,134
1767391200005,7945,1767392004399,4321.150000000000,4321.350000000000,134
1767391200005,7946,1767392004448,4321.140000000000,4321.340000000000,134
1767391200005,7947,1767392004599,4321.150000000000,4321.350000000000,134
1767391200005,7948,1767392004653,4321.140000000000,4321.340000000000,134
1767391200005,7949,1767392004748,4321.150000000000,4321.350000000000,134
1767391200005,7950,1767392004797,4321.140000000000,4321.340000000000,134
1767391200005,7951,1767392004898,4321.160000000000,4321.360000000000,134
1767391200005,7952,1767392004937,4321.220000000000,4321.360000000000,130
1767391200005,7953,1767392004947,4321.220000000000,4321.400000000000,4
1767391200005,7954,1767392004999,4321.250000000000,4321.450000000000,134
1767391200005,7955,1767392005038,4321.260000000000,4321.450000000000,130
1767391200005,7956,1767392005339,4321.270000000000,4321.450000000000,130
1767391200005,7957,1767392005441,4321.260000000000,4321.450000000000,130
1767391200005,7958,1767392005541,4321.270000000000,4321.450000000000,130
1767391200005,7959,1767392005642,4321.250000000000,4321.450000000000,130
1767391200005,7960,1767392005697,4321.250000000000,4321.440000000000,4
1767391200005,7961,1767392005843,4321.240000000000,4321.440000000000,130
1767391200005,7962,1767392006146,4321.260000000000,4321.440000000000,130
1767391200005,7963,1767392006245,4321.280000000000,4321.440000000000,130
1767391200005,7964,1767392006256,4321.280000000000,4321.450000000000,4
1767391200005,7965,1767392006346,4321.260000000000,4321.450000000000,130
1767391200005,7966,1767392006399,4321.320000000000,4321.520000000000,134
1767391200005,7967,1767392006446,4321.330000000000,4321.520000000000,130
1767391200005,7968,1767392006498,4321.330000000000,4321.490000000000,4
1767391200005,7969,1767392006548,4321.290000000000,4321.490000000000,130
1767391200005,7970,1767392006897,4321.280000000000,4321.470000000000,134
1767391200005,7971,1767392006948,4321.270000000000,4321.470000000000,130
1767391200005,7972,1767392007149,4321.290000000000,4321.470000000000,130
1767391200005,7973,1767392007250,4321.270000000000,4321.470000000000,130
1767391200005,7974,1767392007450,4321.290000000000,4321.490000000000,134
1767391200005,7975,1767392007498,4321.270000000000,4321.470000000000,134
1767391200005,7976,1767392007851,4321.260000000000,4321.390000000000,134
1767391200005,7977,1767392007852,4321.190000000000,4321.390000000000,130
1767391200005,7978,1767392007901,4321.180000000000,4321.280000000000,134
1767391200005,7979,1767392007950,4321.180000000000,4321.290000000000,4
1767391200005,7980,1767392007954,4321.090000000000,4321.290000000000,130
1767391200005,7981,1767392007998,4321.080000000000,4321.280000000000,134
1767391200005,7982,1767392008098,4321.100000000000,4321.300000000000,134
1767391200005,7983,1767392008147,4321.070000000000,4321.270000000000,134
1767391200005,7984,1767392008204,4321.080000000000,4321.280000000000,134
1767391200005,7985,1767392008248,4321.090000000000,4321.290000000000,134
1767391200005,7986,1767392008448,4321.100000000000,4321.300000000000,134
1767391200005,7987,1767392008498,4321.090000000000,4321.290000000000,134
1767391200005,7988,1767392008550,4321.100000000000,4321.300000000000,134
1767391200005,7989,1767392008608,4321.090000000000,4321.290000000000,134
1767391200005,7990,1767392009200,4321.080000000000,4321.280000000000,134
1767391200005,7991,1767392009249,4321.070000000000,4321.270000000000,134
1767391200005,7992,1767392009499,4321.060000000000,4321.260000000000,134
1767391200005,7993,1767392009552,4321.070000000000,4321.270000000000,134
1767391200005,7994,1767392009732,4321.080000000000,4321.270000000000,130
1767391200005,7995,1767392010056,4321.070000000000,4321.270000000000,130
1767391200005,7996,1767392010101,4321.050000000000,4321.090000000000,134
1767391200005,7997,1767392010152,4321.040000000000,4321.080000000000,134
1767391200005,7998,1767392010156,4320.870000000000,4321.070000000000,134
1767391200005,7999,1767392010202,4320.870000000000,4321.050000000000,4
1767391200005,8000,1767392010354,4320.880000000000,4321.080000000000,134
1767391200005,8001,1767392010506,4320.890000000000,4321.090000000000,134
1767391200005,8002,1767392010551,4320.900000000000,4321.100000000000,134
1767391200005,8003,1767392010600,4320.890000000000,4321.090000000000,134
1767391200005,8004,1767392010849,4320.880000000000,4321.080000000000,134
1767391200005,8005,1767392010902,4320.860000000000,4321.060000000000,134
1767391200005,8006,1767392010951,4320.870000000000,4321.070000000000,134
1767391200005,8007,1767392011058,4320.860000000000,4321.060000000000,134
1767391200005,8008,1767392011105,4320.850000000000,4321.050000000000,134
1767391200005,8009,1767392011203,4320.830000000000,4321.030000000000,134
1767391200005,8010,1767392011250,4320.830000000000,4321.010000000000,4
1767391200005,8011,1767392011260,4320.780000000000,4320.980000000000,134
1767391200005,8012,1767392011354,4320.760000000000,4320.960000000000,134
1767391200005,8013,1767392011404,4320.790000000000,4320.990000000000,134
1767391200005,8014,1767392011451,4320.770000000000,4320.970000000000,134
1767391200005,8015,1767392011501,4320.740000000000,4320.940000000000,134
1767391200005,8016,1767392011553,4320.750000000000,4320.950000000000,134
1767391200005,8017,1767392012007,4320.810000000000,4321.010000000000,134
1767391200005,8018,1767392012306,4320.790000000000,4320.990000000000,134
1767391200005,8019,1767392012355,4320.790000000000,4320.980000000000,4
1767391200005,8020,1767392012569,4320.780000000000,4320.980000000000,130
1767391200005,8021,1767392012605,4320.780000000000,4320.970000000000,4
1767391200005,8022,1767392012658,4320.780000000000,4320.960000000000,4
1767391200005,8023,1767392012670,4320.760000000000,4320.960000000000,130
1767391200005,8024,1767392012806,4320.740000000000,4320.940000000000,134
1767391200005,8025,1767392012856,4320.760000000000,4320.960000000000,134
1767391200005,8026,1767392013254,4320.750000000000,4320.950000000000,134
1767391200005,8027,1767392013355,4320.740000000000,4320.940000000000,134
1767391200005,8028,1767392013406,4320.760000000000,4320.960000000000,134
1767391200005,8029,1767392013456,4320.740000000000,4320.940000000000,134
1767391200005,8030,1767392013505,4320.750000000000,4320.950000000000,134
1767391200005,8031,1767392013557,4320.740000000000,4320.940000000000,134
1767391200005,8032,1767392013608,4320.760000000000,4320.960000000000,134
1767391200005,8033,1767392013660,4320.750000000000,4320.950000000000,134
1767391200005,8034,1767392013911,4320.740000000000,4320.920000000000,134
1767391200005,8035,1767392013964,4320.740000000000,4320.910000000000,4
1767391200005,8036,1767392013986,4320.720000000000,4320.910000000000,130
1767391200005,8037,1767392014356,4320.720000000000,4320.920000000000,4
1767391200005,8038,1767392014507,4320.720000000000,4320.910000000000,4
1767391200005,8039,1767392014511,4320.710000000000,4320.910000000000,130
1767391200005,8040,1767392014556,4320.690000000000,4320.890000000000,134
1767391200005,8041,1767392014810,4320.680000000000,4320.880000000000,134
1767391200005,8042,1767392014908,4320.690000000000,4320.890000000000,134
1767391200005,8043,1767392015457,4320.670000000000,4320.870000000000,134
1767391200005,8044,1767392015509,4320.690000000000,4320.890000000000,134
1767391200005,8045,1767392015659,4320.680000000000,4320.880000000000,134
1767391200005,8046,1767392015708,4320.690000000000,4320.890000000000,134
1767391200005,8047,1767392015760,4320.680000000000,4320.880000000000,134
1767391200005,8048,1767392015810,4320.680000000000,4320.850000000000,4
1767391200005,8049,1767392015816,4320.660000000000,4320.850000000000,130
1767391200005,8050,1767392016080,4320.680000000000,4320.850000000000,130
1767391200005,8051,1767392016171,4320.680000000000,4320.860000000000,4
1767391200005,8052,1767392016178,4320.660000000000,4320.860000000000,130
1767391200005,8053,1767392016262,4320.680000000000,4320.880000000000,134
1767391200005,8054,1767392016313,4320.660000000000,4320.860000000000,134
1767391200005,8055,1767392016369,4320.670000000000,4320.870000000000,134
1767391200005,8056,1767392016409,4320.670000000000,4320.860000000000,4
1767391200005,8057,1767392016459,4320.670000000000,4320.830000000000,4
1767391200005,8058,1767392016480,4320.630000000000,4320.830000000000,130
1767391200005,8059,1767392016510,4320.640000000000,4320.840000000000,134
1767391200005,8060,1767392016561,4320.620000000000,4320.820000000000,134
1767391200005,8061,1767392016579,4320.650000000000,4320.820000000000,130
1767391200005,8062,1767392016616,4320.660000000000,4320.860000000000,134
1767391200005,8063,1767392016680,4320.670000000000,4320.860000000000,130
1767391200005,8064,1767392016710,4320.670000000000,4320.850000000000,4
1767391200005,8065,1767392016780,4320.650000000000,4320.850000000000,130
1767391200005,8066,1767392016961,4320.680000000000,4320.880000000000,134
1767391200005,8067,1767392017019,4320.680000000000,4320.870000000000,4
1767391200005,8068,1767392017082,4320.670000000000,4320.870000000000,130
1767391200005,8069,1767392017161,4320.670000000000,4320.860000000000,4
1767391200005,8070,1767392017181,4320.660000000000,4320.860000000000,130
1767391200005,8071,1767392017220,4320.690000000000,4320.890000000000,134
1767391200005,8072,1767392017360,4320.680000000000,4320.880000000000,134
1767391200005,8073,1767392017411,4320.670000000000,4320.870000000000,134
1767391200005,8074,1767392017461,4320.660000000000,4320.860000000000,134
1767391200005,8075,1767392017512,4320.640000000000,4320.840000000000,134
1767391200005,8076,1767392017563,4320.650000000000,4320.850000000000,134
1767391200005,8077,1767392017661,4320.660000000000,4320.860000000000,134
1767391200005,8078,1767392017713,4320.670000000000,4320.870000000000,134
1767391200005,8079,1767392017763,4320.660000000000,4320.860000000000,134
1767391200005,8080,1767392017811,4320.700000000000,4320.900000000000,134
1767391200005,8081,1767392017910,4320.720000000000,4320.920000000000,134
1767391200005,8082,1767392018112,4320.710000000000,4320.910000000000,134
1767391200005,8083,1767392018361,4320.700000000000,4320.900000000000,134
1767391200005,8084,1767392018411,4320.710000000000,4320.910000000000,134
1767391200005,8085,1767392018912,4320.690000000000,4320.890000000000,134
1767391200005,8086,1767392019064,4320.680000000000,4320.880000000000,134
1767391200005,8087,1767392019115,4320.690000000000,4320.890000000000,134
1767391200005,8088,1767392019165,4320.700000000000,4320.890000000000,130
1767391200005,8089,1767392019166,4320.700000000000,4320.870000000000,4
1767391200005,8090,1767392019217,4320.700000000000,4320.890000000000,4
1767391200005,8091,1767392019265,4320.690000000000,4320.890000000000,130
1767391200005,8092,1767392019564,4320.680000000000,4320.880000000000,134
1767391200005,8093,1767392019620,4320.690000000000,4320.890000000000,134
1767391200005,8094,1767392019714,4320.700000000000,4320.900000000000,134
1767391200005,8095,1767392019864,4320.680000000000,4320.880000000000,134
1767391200005,8096,1767392020064,4320.700000000000,4320.900000000000,134
1767391200005,8097,1767392020415,4320.690000000000,4320.890000000000,134
1767391200005,8098,1767392020766,4320.700000000000,4320.900000000000,134
1767391200005,8099,1767392020817,4320.690000000000,4320.890000000000,134
1767391200005,8100,1767392021017,4320.700000000000,4320.900000000000,134
1767391200005,8101,1767392021066,4320.680000000000,4320.880000000000,134
1767391200005,8102,1767392021118,4320.730000000000,4320.930000000000,134
1767391200005,8103,1767392021172,4320.740000000000,4320.940000000000,134
1767391200005,8104,1767392021268,4320.760000000000,4320.960000000000,134
1767391200005,8105,1767392021323,4320.740000000000,4320.940000000000,134
1767391200005,8106,1767392021468,4320.730000000000,4320.910000000000,134
1767391200005,8107,1767392021506,4320.710000000000,4320.910000000000,130
1767391200005,8108,1767392021666,4320.710000000000,4320.890000000000,4
1767391200005,8109,1767392021708,4320.740000000000,4320.890000000000,130
1767391200005,8110,1767392021818,4320.740000000000,4320.910000000000,4
1767391200005,8111,1767392021867,4320.740000000000,4320.920000000000,4
1767391200005,8112,1767392021908,4320.750000000000,4320.920000000000,130
1767391200005,8113,1767392021917,4320.750000000000,4320.910000000000,4
1767391200005,8114,1767392021967,4320.750000000000,4320.900000000000,4
1767391200005,8115,1767392022009,4320.740000000000,4320.900000000000,130
1767391200005,8116,1767392022150,4320.720000000000,4320.900000000000,130
1767391200005,8117,1767392022822,4320.700000000000,4320.900000000000,130
1767391200005,8118,1767392022918,4320.730000000000,4320.930000000000,134
1767391200005,8119,1767392022923,4320.740000000000,4320.930000000000,130
1767391200005,8120,1767392022967,4320.740000000000,4320.910000000000,4
1767391200005,8121,1767392023024,4320.710000000000,4320.910000000000,130
1767391200005,8122,1767392023124,4320.730000000000,4320.910000000000,130
1767391200005,8123,1767392023177,4320.730000000000,4320.900000000000,4
1767391200005,8124,1767392023224,4320.700000000000,4320.900000000000,130
1767391200005,8125,1767392023326,4320.730000000000,4320.900000000000,130
1767391200005,8126,1767392023370,4320.740000000000,4320.940000000000,134
1767391200005,8127,1767392023419,4320.730000000000,4320.900000000000,134
1767391200005,8128,1767392023425,4320.720000000000,4320.900000000000,130
1767391200005,8129,1767392023519,4320.720000000000,4320.910000000000,4
1767391200005,8130,1767392023657,4320.740000000000,4320.910000000000,130
1767391200005,8131,1767392023669,4320.790000000000,4320.990000000000,134
1767391200005,8132,1767392023726,4320.760000000000,4320.960000000000,134
1767391200005,8133,1767392023773,4320.770000000000,4320.970000000000,134
1767391200005,8134,1767392023919,4320.760000000000,4320.960000000000,134
1767391200005,8135,1767392024269,4320.750000000000,4320.950000000000,134
1767391200005,8136,1767392024330,4320.830000000000,4320.990000000000,134
1767391200005,8137,1767392024371,4320.840000000000,4320.990000000000,130
1767391200005,8138,1767392024371,4320.870000000000,4321.040000000000,134
1767391200005,8139,1767392024420,4320.870000000000,4321.020000000000,4
1767391200005,8140,1767392024470,4320.870000000000,4321.040000000000,4
1767391200005,8141,1767392024471,4320.880000000000,4321.040000000000,130
1767391200005,8142,1767392024568,4320.880000000000,4321.060000000000,4
1767391200005,8143,1767392024795,4320.890000000000,4321.060000000000,130
1767391200005,8144,1767392025622,4320.890000000000,4321.080000000000,4
1767391200005,8145,1767392025676,4320.890000000000,4321.060000000000,4
1767391200005,8146,1767392025824,4320.890000000000,4321.070000000000,4
1767391200005,8147,1767392028630,4320.890000000000,4321.060000000000,4
1767391200005,8148,1767392028727,4320.860000000000,4321.060000000000,130
1767391200005,8149,1767392028729,4320.850000000000,4321.050000000000,134
1767391200005,8150,1767392028778,4320.840000000000,4321.040000000000,134
1767391200005,8151,1767392028832,4320.770000000000,4320.920000000000,134
1767391200005,8152,1767392028883,4320.730000000000,4320.770000000000,134
1767391200005,8153,1767392028926,4320.520000000000,4320.720000000000,134
1767391200005,8154,1767392028987,4320.580000000000,4320.780000000000,134
1767391200005,8155,1767392029026,4320.580000000000,4320.750000000000,4
1767391200005,8156,1767392029034,4320.520000000000,4320.720000000000,134
1767391200005,8157,1767392029079,4320.570000000000,4320.750000000000,134
1767391200005,8158,1767392029128,4320.570000000000,4320.770000000000,4
1767391200005,8159,1767392029136,4320.530000000000,4320.730000000000,134
1767391200005,8160,1767392029180,4320.550000000000,4320.750000000000,134
1767391200005,8161,1767392029230,4320.530000000000,4320.730000000000,134
1767391200005,8162,1767392029280,4320.550000000000,4320.750000000000,134
1767391200005,8163,1767392029332,4320.540000000000,4320.740000000000,134
1767391200005,8164,1767392029733,4320.510000000000,4320.700000000000,134
1767391200005,8165,1767392029799,4320.500000000000,4320.700000000000,130
1767391200005,8166,1767392029834,4320.460000000000,4320.660000000000,134
1767391200005,8167,1767392029884,4320.490000000000,4320.690000000000,134
1767391200005,8168,1767392029899,4320.510000000000,4320.690000000000,130
1767391200005,8169,1767392029932,4320.510000000000,4320.660000000000,4
1767391200005,8170,1767392029986,4320.510000000000,4320.650000000000,4
1767391200005,8171,1767392030000,4320.450000000000,4320.650000000000,130
1767391200005,8172,1767392030034,4320.270000000000,4320.470000000000,134
1767391200005,8173,1767392030090,4320.230000000000,4320.430000000000,134
1767391200005,8174,1767392030135,4320.250000000000,4320.450000000000,134
1767391200005,8175,1767392030184,4320.230000000000,4320.410000000000,134
1767391200005,8176,1767392030202,4320.240000000000,4320.410000000000,130
1767391200005,8177,1767392030236,4320.260000000000,4320.460000000000,134
1767391200005,8178,1767392030284,4320.250000000000,4320.450000000000,134
1767391200005,8179,1767392030384,4320.260000000000,4320.460000000000,134
1767391200005,8180,1767392030434,4320.280000000000,4320.480000000000,134
1767391200005,8181,1767392030483,4320.320000000000,4320.490000000000,134
1767391200005,8182,1767392030504,4320.320000000000,4320.520000000000,4
1767391200005,8183,1767392030594,4320.310000000000,4320.510000000000,134
1767391200005,8184,1767392030638,4320.360000000000,4320.560000000000,134
1767391200005,8185,1767392030695,4320.440000000000,4320.580000000000,134
1767391200005,8186,1767392030706,4320.440000000000,4320.640000000000,4
1767391200005,8187,1767392030746,4320.440000000000,4320.630000000000,4
1767391200005,8188,1767392030837,4320.450000000000,4320.650000000000,134
1767391200005,8189,1767392030886,4320.440000000000,4320.630000000000,134
1767391200005,8190,1767392030935,4320.440000000000,4320.640000000000,4
1767391200005,8191,1767392030986,4320.450000000000,4320.650000000000,134
1767391200005,8192,1767392031085,4320.440000000000,4320.620000000000,134
1767391200005,8193,1767392031107,4320.420000000000,4320.620000000000,130
1767391200005,8194,1767392031184,4320.430000000000,4320.630000000000,134
1767391200005,8195,1767392031343,4320.420000000000,4320.620000000000,134
1767391200005,8196,1767392031437,4320.430000000000,4320.630000000000,134
1767391200005,8197,1767392031510,4320.450000000000,4320.630000000000,130
1767391200005,8198,1767392031540,4320.460000000000,4320.660000000000,134
1767391200005,8199,1767392031588,4320.470000000000,4320.670000000000,134
1767391200005,8200,1767392031611,4320.500000000000,4320.670000000000,130
1767391200005,8201,1767392031638,4320.500000000000,4320.680000000000,4
1767391200005,8202,1767392031712,4320.480000000000,4320.680000000000,130
1767391200005,8203,1767392031736,4320.460000000000,4320.660000000000,134
1767391200005,8204,1767392031941,4320.450000000000,4320.650000000000,134
1767391200005,8205,1767392031984,4320.450000000000,4320.640000000000,4
1767391200005,8206,1767392032014,4320.440000000000,4320.640000000000,130
1767391200005,8207,1767392032336,4320.430000000000,4320.630000000000,134
1767391200005,8208,1767392032395,4320.440000000000,4320.640000000000,134
1767391200005,8209,1767392032516,4320.450000000000,4320.640000000000,130
1767391200005,8210,1767392032718,4320.440000000000,4320.640000000000,130
1767391200005,8211,1767392032886,4320.440000000000,4320.630000000000,4
1767391200005,8212,1767392032917,4320.430000000000,4320.630000000000,130
1767391200005,8213,1767392032936,4320.440000000000,4320.640000000000,134
1767391200005,8214,1767392033096,4320.440000000000,4320.630000000000,4
1767391200005,8215,1767392033118,4320.450000000000,4320.630000000000,130
1767391200005,8216,1767392033138,4320.450000000000,4320.650000000000,4
1767391200005,8217,1767392033186,4320.470000000000,4320.670000000000,134
1767391200005,8218,1767392033220,4320.510000000000,4320.670000000000,130
1767391200005,8219,1767392033421,4320.470000000000,4320.670000000000,130
1767391200005,8220,1767392033522,4320.480000000000,4320.670000000000,130
1767391200005,8221,1767392033539,4320.480000000000,4320.640000000000,4
1767391200005,8222,1767392033590,4320.480000000000,4320.670000000000,4
1767391200005,8223,1767392033621,4320.470000000000,4320.670000000000,130
1767391200005,8224,1767392033741,4320.480000000000,4320.680000000000,134
1767391200005,8225,1767392033924,4320.500000000000,4320.680000000000,130
1767391200005,8226,1767392033942,4320.500000000000,4320.660000000000,4
1767391200005,8227,1767392033991,4320.500000000000,4320.690000000000,4
1767391200005,8228,1767392034023,4320.490000000000,4320.690000000000,130
1767391200005,8229,1767392034040,4320.480000000000,4320.680000000000,134
1767391200005,8230,1767392034540,4320.480000000000,4320.670000000000,4
1767391200005,8231,1767392034594,4320.480000000000,4320.610000000000,4
1767391200005,8232,1767392034618,4320.410000000000,4320.600000000000,134
1767391200005,8233,1767392034641,4320.340000000000,4320.540000000000,134
1767391200005,8234,1767392034691,4320.360000000000,4320.560000000000,134
1767391200005,8235,1767392034719,4320.370000000000,4320.560000000000,130
1767391200005,8236,1767392034747,4320.380000000000,4320.580000000000,134
1767391200005,8237,1767392034790,4320.370000000000,4320.570000000000,134
1767391200005,8238,1767392034849,4320.380000000000,4320.580000000000,134
1767391200005,8239,1767392034891,4320.390000000000,4320.590000000000,134
1767391200005,8240,1767392034949,4320.380000000000,4320.580000000000,134
1767391200005,8241,1767392035039,4320.350000000000,4320.550000000000,134
1767391200005,8242,1767392035088,4320.380000000000,4320.580000000000,134
1767391200005,8243,1767392035139,4320.360000000000,4320.560000000000,134
1767391200005,8244,1767392035189,4320.380000000000,4320.580000000000,134
1767391200005,8245,1767392035291,4320.360000000000,4320.560000000000,134
1767391200005,8246,1767392035341,4320.330000000000,4320.530000000000,134
1767391200005,8247,1767392035391,4320.340000000000,4320.540000000000,134
1767391200005,8248,1767392035490,4320.340000000000,4320.530000000000,4
1767391200005,8249,1767392035525,4320.330000000000,4320.530000000000,130
1767391200005,8250,1767392035590,4320.340000000000,4320.540000000000,134
1767391200005,8251,1767392035640,4320.350000000000,4320.550000000000,134
1767391200005,8252,1767392035740,4320.370000000000,4320.570000000000,134
1767391200005,8253,1767392035789,4320.380000000000,4320.580000000000,134
1767391200005,8254,1767392036040,4320.390000000000,4320.590000000000,134
1767391200005,8255,1767392036092,4320.400000000000,4320.600000000000,134
1767391200005,8256,1767392038651,4320.410000000000,4320.610000000000,134
1767391200005,8257,1767392038699,4320.390000000000,4320.580000000000,134
1767391200005,8258,1767392038741,4320.380000000000,4320.580000000000,130
1767391200005,8259,1767392038748,4320.400000000000,4320.600000000000,134
1767391200005,8260,1767392038802,4320.380000000000,4320.570000000000,134
1767391200005,8261,1767392038840,4320.370000000000,4320.570000000000,130
1767391200005,8262,1767392038901,4320.380000000000,4320.580000000000,134
1767391200005,8263,1767392038942,4320.390000000000,4320.580000000000,130
1767391200005,8264,1767392039144,4320.400000000000,4320.580000000000,130
1767391200005,8265,1767392039245,4320.380000000000,4320.580000000000,130
1767391200005,8266,1767392039448,4320.370000000000,4320.570000000000,134
1767391200005,8267,1767392039600,4320.400000000000,4320.600000000000,134
1767391200005,8268,1767392039646,4320.440000000000,4320.600000000000,130
1767391200005,8269,1767392039650,4320.440000000000,4320.610000000000,4
1767391200005,8270,1767392039699,4320.440000000000,4320.590000000000,4
1767391200005,8271,1767392039747,4320.400000000000,4320.590000000000,130
1767391200005,8272,1767392039801,4320.400000000000,4320.580000000000,4
1767391200005,8273,1767392039846,4320.380000000000,4320.580000000000,130
1767391200005,8274,1767392039851,4320.390000000000,4320.590000000000,134
1767391200005,8275,1767392040001,4320.380000000000,4320.650000000000,134
1767391200005,8276,1767392040048,4320.400000000000,4320.670000000000,134
1767391200005,8277,1767392040052,4320.400000000000,4320.590000000000,4
1767391200005,8278,1767392040249,4320.390000000000,4320.590000000000,130
1767391200005,8279,1767392040349,4320.420000000000,4320.590000000000,130
1767391200005,8280,1767392040656,4320.410000000000,4320.590000000000,130
1767391200005,8281,1767392040703,4320.410000000000,4320.580000000000,4
1767391200005,8282,1767392040752,4320.380000000000,4320.580000000000,130
1767391200005,8283,1767392040854,4320.370000000000,4320.570000000000,134
1767391200005,8284,1767392040902,4320.380000000000,4320.580000000000,134
1767391200005,8285,1767392041053,4320.400000000000,4320.580000000000,130
1767391200005,8286,1767392041154,4320.380000000000,4320.580000000000,130
1767391200005,8287,1767392041769,4320.400000000000,4320.580000000000,130
1767391200005,8288,1767392041827,4320.450000000000,4320.650000000000,134
1767391200005,8289,1767392042006,4320.580000000000,4320.720000000000,134
1767391200005,8290,1767392042058,4320.560000000000,4320.720000000000,130
1767391200005,8291,1767392042072,4320.560000000000,4320.760000000000,4
1767391200005,8292,1767392042109,4320.570000000000,4320.770000000000,134
1767391200005,8293,1767392042204,4320.560000000000,4320.760000000000,134
1767391200005,8294,1767392042260,4320.550000000000,4320.740000000000,134
1767391200005,8295,1767392042273,4320.540000000000,4320.740000000000,130
1767391200005,8296,1767392042307,4320.530000000000,4320.690000000000,134
1767391200005,8297,1767392042372,4320.490000000000,4320.690000000000,130
1767391200005,8298,1767392042961,4320.520000000000,4320.720000000000,134
1767391200005,8299,1767392042995,4320.530000000000,4320.720000000000,130
1767391200005,8300,1767392043207,4320.530000000000,4320.710000000000,4
1767391200005,8301,1767392043257,4320.530000000000,4320.720000000000,4
1767391200005,8302,1767392043379,4320.520000000000,4320.720000000000,130
1767391200005,8303,1767392043411,4320.510000000000,4320.700000000000,134
1767391200005,8304,1767392043468,4320.510000000000,4320.640000000000,4
1767391200005,8305,1767392043486,4320.440000000000,4320.640000000000,130
1767391200005,8306,1767392043510,4320.420000000000,4320.620000000000,134
1767391200005,8307,1767392043613,4320.420000000000,4320.570000000000,4
1767391200005,8308,1767392043659,4320.420000000000,4320.560000000000,4
1767391200005,8309,1767392043687,4320.360000000000,4320.560000000000,130
1767391200005,8310,1767392043807,4320.370000000000,4320.570000000000,134
1767391200005,8311,1767392043856,4320.390000000000,4320.590000000000,134
1767391200005,8312,1767392043909,4320.390000000000,4320.580000000000,4
1767391200005,8313,1767392043991,4320.380000000000,4320.580000000000,130
1767391200005,8314,1767392044009,4320.370000000000,4320.570000000000,134
1767391200005,8315,1767392044064,4320.360000000000,4320.550000000000,134
1767391200005,8316,1767392044091,4320.350000000000,4320.550000000000,130
1767391200005,8317,1767392044567,4320.360000000000,4320.560000000000,134
1767391200005,8318,1767392044610,4320.350000000000,4320.550000000000,134
1767391200005,8319,1767392044659,4320.360000000000,4320.560000000000,134
1767391200005,8320,1767392044757,4320.350000000000,4320.550000000000,134
1767391200005,8321,1767392044794,4320.450000000000,4320.550000000000,130
1767391200005,8322,1767392044808,4320.450000000000,4320.590000000000,4
1767391200005,8323,1767392044894,4320.410000000000,4320.590000000000,130
1767391200005,8324,1767392045014,4320.410000000000,4320.600000000000,4
1767391200005,8325,1767392045064,4320.410000000000,4320.590000000000,4
1767391200005,8326,1767392045094,4320.390000000000,4320.590000000000,130
1767391200005,8327,1767392045109,4320.360000000000,4320.560000000000,134
1767391200005,8328,1767392045158,4320.350000000000,4320.550000000000,134
1767391200005,8329,1767392045258,4320.370000000000,4320.570000000000,134
1767391200005,8330,1767392045308,4320.360000000000,4320.560000000000,134
1767391200005,8331,1767392045358,4320.370000000000,4320.570000000000,134
1767391200005,8332,1767392045408,4320.380000000000,4320.580000000000,134
1767391200005,8333,1767392045497,4320.440000000000,4320.580000000000,130
1767391200005,8334,1767392045509,4320.440000000000,4320.600000000000,4
1767391200005,8335,1767392045558,4320.440000000000,4320.610000000000,4
1767391200005,8336,1767392045603,4320.460000000000,4320.610000000000,130
1767391200005,8337,1767392045700,4320.420000000000,4320.610000000000,130
1767391200005,8338,1767392045757,4320.420000000000,4320.600000000000,4
1767391200005,8339,1767392045799,4320.450000000000,4320.600000000000,130
1767391200005,8340,1767392045812,4320.450000000000,4320.620000000000,4
1767391200005,8341,1767392045900,4320.430000000000,4320.620000000000,130
1767391200005,8342,1767392046000,4320.420000000000,4320.620000000000,130
1767391200005,8343,1767392046101,4320.430000000000,4320.620000000000,130
1767391200005,8344,1767392046211,4320.430000000000,4320.610000000000,4
1767391200005,8345,1767392046410,4320.430000000000,4320.620000000000,4
1767391200005,8346,1767392047077,4320.420000000000,4320.620000000000,130
1767391200005,8347,1767392047112,4320.410000000000,4320.610000000000,134
1767391200005,8348,1767392047164,4320.410000000000,4320.590000000000,4
1767391200005,8349,1767392047177,4320.390000000000,4320.590000000000,130
1767391200005,8350,1767392047213,4320.360000000000,4320.560000000000,134
1767391200005,8351,1767392047261,4320.350000000000,4320.550000000000,134
1767391200005,8352,1767392047312,4320.370000000000,4320.570000000000,134
1767391200005,8353,1767392047361,4320.360000000000,4320.560000000000,134
1767391200005,8354,1767392047379,4320.370000000000,4320.560000000000,130
1767391200005,8355,1767392047411,4320.370000000000,4320.570000000000,4
1767391200005,8356,1767392047462,4320.370000000000,4320.560000000000,4
1767391200005,8357,1767392047512,4320.380000000000,4320.580000000000,134
1767391200005,8358,1767392047563,4320.370000000000,4320.570000000000,134
1767391200005,8359,1767392047613,4320.400000000000,4320.600000000000,134
1767391200005,8360,1767392047663,4320.410000000000,4320.610000000000,134
1767391200005,8361,1767392047679,4320.440000000000,4320.610000000000,130
1767391200005,8362,1767392047881,4320.480000000000,4320.610000000000,130
1767391200005,8363,1767392048305,4320.450000000000,4320.610000000000,130
1767391200005,8364,1767392050218,4320.450000000000,4320.620000000000,4
1767391200005,8365,1767392050268,4320.450000000000,4320.640000000000,4
1767391200005,8366,1767392050567,4320.450000000000,4320.630000000000,4
1767391200005,8367,1767392050619,4320.450000000000,4320.570000000000,4
1767391200005,8368,1767392050665,4320.370000000000,4320.570000000000,130
1767391200005,8369,1767392050717,4320.380000000000,4320.580000000000,134
1767391200005,8370,1767392050766,4320.430000000000,4320.580000000000,130
1767391200005,8371,1767392050769,4320.440000000000,4320.640000000000,134
1767391200005,8372,1767392050866,4320.470000000000,4320.640000000000,130
1767391200005,8373,1767392050919,4320.470000000000,4320.620000000000,4
1767391200005,8374,1767392050965,4320.430000000000,4320.620000000000,130
1767391200005,8375,1767392051023,4320.430000000000,4320.610000000000,4
1767391200005,8376,1767392051067,4320.430000000000,4320.620000000000,4
1767391200005,8377,1767392051118,4320.430000000000,4320.610000000000,4
1767391200005,8378,1767392051169,4320.410000000000,4320.610000000000,130
1767391200005,8379,1767392051170,4320.400000000000,4320.600000000000,134
1767391200005,8380,1767392051219,4320.390000000000,4320.580000000000,134
1767391200005,8381,1767392051269,4320.460000000000,4320.580000000000,130
1767391200005,8382,1767392051273,4320.460000000000,4320.600000000000,4
1767391200005,8383,1767392051368,4320.460000000000,4320.590000000000,4
1767391200005,8384,1767392051369,4320.490000000000,4320.590000000000,130
1767391200005,8385,1767392051470,4320.460000000000,4320.590000000000,130
1767391200005,8386,1767392051520,4320.460000000000,4320.610000000000,4
1767391200005,8387,1767392051570,4320.420000000000,4320.610000000000,130
1767391200005,8388,1767392051618,4320.420000000000,4320.590000000000,4
1767391200005,8389,1767392051671,4320.420000000000,4320.610000000000,4
1767391200005,8390,1767392051870,4320.430000000000,4320.610000000000,130
1767391200005,8391,1767392051970,4320.460000000000,4320.660000000000,134
1767391200005,8392,1767392051972,4320.470000000000,4320.660000000000,130
1767391200005,8393,1767392052019,4320.470000000000,4320.650000000000,4
1767391200005,8394,1767392053139,4320.520000000000,4320.650000000000,130
1767391200005,8395,1767392053170,4320.520000000000,4320.660000000000,4
1767391200005,8396,1767392053364,4320.480000000000,4320.660000000000,130
1767391200005,8397,1767392053470,4320.510000000000,4320.660000000000,130
1767391200005,8398,1767392053570,4320.520000000000,4320.660000000000,130
1767391200005,8399,1767392054588,4320.470000000000,4320.660000000000,130
1767391200005,8400,1767392054721,4320.480000000000,4320.680000000000,134
1767391200005,8401,1767392054775,4320.560000000000,4320.740000000000,134
1767391200005,8402,1767392054787,4320.560000000000,4320.760000000000,4
1767391200005,8403,1767392054823,4320.560000000000,4320.740000000000,4
1767391200005,8404,1767392054875,4320.560000000000,4320.730000000000,4
1767391200005,8405,1767392054889,4320.530000000000,4320.730000000000,130
1767391200005,8406,1767392054921,4320.570000000000,4320.770000000000,134
1767391200005,8407,1767392054972,4320.630000000000,4320.780000000000,134
1767391200005,8408,1767392054989,4320.630000000000,4320.830000000000,4
1767391200005,8409,1767392055071,4320.630000000000,4320.790000000000,4
1767391200005,8410,1767392055090,4320.590000000000,4320.790000000000,130
1767391200005,8411,1767392055122,4320.570000000000,4320.760000000000,134
1767391200005,8412,1767392055189,4320.560000000000,4320.760000000000,130
1767391200005,8413,1767392056710,4320.590000000000,4320.760000000000,130
1767391200005,8414,1767392056730,4320.590000000000,4320.780000000000,4
1767391200005,8415,1767392056780,4320.620000000000,4320.820000000000,134
1767391200005,8416,1767392056833,4320.590000000000,4320.740000000000,134
1767391200005,8417,1767392056920,4320.540000000000,4320.740000000000,130
1767391200005,8418,1767392057077,4320.520000000000,4320.720000000000,134
1767391200005,8419,1767392057121,4320.570000000000,4320.720000000000,130
1767391200005,8420,1767392057323,4320.570000000000,4320.730000000000,4
1767391200005,8421,1767392057623,4320.570000000000,4320.720000000000,4
1767391200005,8422,1767392057750,4320.520000000000,4320.720000000000,130
1767391200005,8423,1767392057824,4320.530000000000,4320.730000000000,134
1767391200005,8424,1767392058623,4320.540000000000,4320.740000000000,134
1767391200005,8425,1767392059958,4320.580000000000,4320.740000000000,130
1767391200005,8426,1767392059977,4320.700000000000,4320.850000000000,134
1767391200005,8427,1767392060027,4320.710000000000,4320.850000000000,130
1767391200005,8428,1767392060056,4320.710000000000,4320.910000000000,4
1767391200005,8429,1767392060134,4320.680000000000,4320.880000000000,134
1767391200005,8430,1767392060156,4320.680000000000,4320.840000000000,4
1767391200005,8431,1767392060179,4320.570000000000,4320.750000000000,134
1767391200005,8432,1767392060227,4320.570000000000,4320.770000000000,4
1767391200005,8433,1767392060327,4320.560000000000,4320.740000000000,134
1767391200005,8434,1767392060355,4320.550000000000,4320.740000000000,130
1767391200005,8435,1767392060377,4320.550000000000,4320.750000000000,4
1767391200005,8436,1767392060427,4320.590000000000,4320.790000000000,134
1767391200005,8437,1767392060477,4320.560000000000,4320.760000000000,134
1767391200005,8438,1767392060526,4320.530000000000,4320.730000000000,134
1767391200005,8439,1767392060558,4320.610000000000,4320.730000000000,130
1767391200005,8440,1767392060580,4320.610000000000,4320.780000000000,4
1767391200005,8441,1767392060627,4320.610000000000,4320.750000000000,4
1767391200005,8442,1767392060659,4320.550000000000,4320.750000000000,130
1767391200005,8443,1767392060727,4320.560000000000,4320.760000000000,134
1767391200005,8444,1767392061535,4320.550000000000,4320.750000000000,134
1767391200005,8445,1767392061633,4320.600000000000,4320.800000000000,134
1767391200005,8446,1767392061686,4320.550000000000,4320.750000000000,134
1767391200005,8447,1767392061737,4320.500000000000,4320.610000000000,134
1767391200005,8448,1767392061781,4320.500000000000,4320.560000000000,4
1767391200005,8449,1767392061806,4320.360000000000,4320.560000000000,130
1767391200005,8450,1767392061834,4320.380000000000,4320.580000000000,134
1767391200005,8451,1767392061879,4320.410000000000,4320.610000000000,134
1767391200005,8452,1767392061942,4320.390000000000,4320.590000000000,134
1767391200005,8453,1767392062081,4320.380000000000,4320.580000000000,134
1767391200005,8454,1767392062479,4320.360000000000,4320.540000000000,134
1767391200005,8455,1767392062530,4320.360000000000,4320.520000000000,4
1767391200005,8456,1767392062550,4320.320000000000,4320.520000000000,130
1767391200005,8457,1767392062580,4320.330000000000,4320.530000000000,134
1767391200005,8458,1767392062630,4320.340000000000,4320.540000000000,134
1767391200005,8459,1767392062681,4320.360000000000,4320.560000000000,134
1767391200005,8460,1767392062781,4320.350000000000,4320.550000000000,134
1767391200005,8461,1767392062940,4320.330000000000,4320.530000000000,134
1767391200005,8462,1767392062981,4320.300000000000,4320.500000000000,134
1767391200005,8463,1767392063034,4320.370000000000,4320.560000000000,134
1767391200005,8464,1767392063054,4320.370000000000,4320.570000000000,4
1767391200005,8465,1767392063081,4320.390000000000,4320.590000000000,134
1767391200005,8466,1767392063141,4320.380000000000,4320.580000000000,134
1767391200005,8467,1767392063255,4320.420000000000,4320.580000000000,130
1767391200005,8468,1767392063280,4320.420000000000,4320.570000000000,4
1767391200005,8469,1767392063355,4320.390000000000,4320.570000000000,130
1767391200005,8470,1767392063380,4320.400000000000,4320.600000000000,134
1767391200005,8471,1767392063429,4320.390000000000,4320.590000000000,134
1767391200005,8472,1767392063485,4320.410000000000,4320.610000000000,134
1767391200005,8473,1767392063530,4320.390000000000,4320.580000000000,134
1767391200005,8474,1767392063556,4320.380000000000,4320.580000000000,130
1767391200005,8475,1767392063582,4320.400000000000,4320.600000000000,134
1767391200005,8476,1767392063631,4320.380000000000,4320.580000000000,134
1767391200005,8477,1767392063681,4320.360000000000,4320.560000000000,134
1767391200005,8478,1767392063730,4320.370000000000,4320.570000000000,134
1767391200005,8479,1767392063833,4320.400000000000,4320.600000000000,134
1767391200005,8480,1767392063883,4320.390000000000,4320.580000000000,134
1767391200005,8481,1767392063931,4320.390000000000,4320.570000000000,4
1767391200005,8482,1767392063959,4320.370000000000,4320.570000000000,130
1767391200005,8483,1767392063983,4320.400000000000,4320.600000000000,134
1767391200005,8484,1767392064042,4320.410000000000,4320.610000000000,134
1767391200005,8485,1767392064082,4320.390000000000,4320.590000000000,134
1767391200005,8486,1767392064633,4320.400000000000,4320.600000000000,134
1767391200005,8487,1767392064683,4320.390000000000,4320.590000000000,134
1767391200005,8488,1767392064785,4320.400000000000,4320.600000000000,134
1767391200005,8489,1767392064836,4320.400000000000,4320.580000000000,4
1767391200005,8490,1767392064914,4320.390000000000,4320.580000000000,130
1767391200005,8491,1767392064937,4320.420000000000,4320.620000000000,134
1767391200005,8492,1767392064984,4320.410000000000,4320.610000000000,134
1767391200005,8493,1767392065036,4320.430000000000,4320.630000000000,134
1767391200005,8494,1767392065335,4320.430000000000,4320.610000000000,4
1767391200005,8495,1767392065414,4320.410000000000,4320.610000000000,130
1767391200005,8496,1767392065434,4320.420000000000,4320.620000000000,134
1767391200005,8497,1767392065486,4320.430000000000,4320.630000000000,134
1767391200005,8498,1767392065518,4320.460000000000,4320.630000000000,130
1767391200005,8499,1767392065543,4320.470000000000,4320.670000000000,134
1767391200005,8500,1767392065617,4320.500000000000,4320.670000000000,130
1767391200005,8501,1767392065687,4320.500000000000,4320.680000000000,4
1767391200005,8502,1767392065717,4320.490000000000,4320.680000000000,130
1767391200005,8503,1767392065817,4320.480000000000,4320.680000000000,130
1767391200005,8504,1767392066237,4320.440000000000,4320.640000000000,134
1767391200005,8505,1767392066285,4320.440000000000,4320.630000000000,4
1767391200005,8506,1767392066333,4320.430000000000,4320.630000000000,130
1767391200005,8507,1767392066387,4320.450000000000,4320.650000000000,134
1767391200005,8508,1767392066531,4320.470000000000,4320.650000000000,130
1767391200005,8509,1767392066586,4320.470000000000,4320.660000000000,4
1767391200005,8510,1767392066632,4320.460000000000,4320.660000000000,130
1767391200005,8511,1767392067385,4320.470000000000,4320.670000000000,134
1767391200005,8512,1767392069539,4320.460000000000,4320.660000000000,134
1767391200005,8513,1767392069590,4320.440000000000,4320.640000000000,134
1767391200005,8514,1767392070044,4320.380000000000,4320.550000000000,134
1767391200005,8515,1767392070093,4320.390000000000,4320.590000000000,134
1767391200005,8516,1767392070143,4320.380000000000,4320.580000000000,134
1767391200005,8517,1767392070192,4320.410000000000,4320.610000000000,134
1767391200005,8518,1767392070242,4320.420000000000,4320.620000000000,134
1767391200005,8519,1767392070293,4320.400000000000,4320.600000000000,134
1767391200005,8520,1767392070341,4320.420000000000,4320.620000000000,134
1767391200005,8521,1767392070391,4320.410000000000,4320.610000000000,134
1767391200005,8522,1767392070440,4320.350000000000,4320.550000000000,134
1767391200005,8523,1767392070491,4320.410000000000,4320.610000000000,134
1767391200005,8524,1767392070540,4320.430000000000,4320.630000000000,134
1767391200005,8525,1767392070741,4320.420000000000,4320.620000000000,134
1767391200005,8526,1767392070804,4320.430000000000,4320.620000000000,130
1767391200005,8527,1767392070842,4320.450000000000,4320.650000000000,134
1767391200005,8528,1767392070906,4320.460000000000,4320.650000000000,130
1767391200005,8529,1767392071007,4320.450000000000,4320.650000000000,130
1767391200005,8530,1767392071141,4320.460000000000,4320.660000000000,134
1767391200005,8531,1767392071593,4320.450000000000,4320.650000000000,134
1767391200005,8532,1767392071894,4320.460000000000,4320.660000000000,134
1767391200005,8533,1767392071996,4320.450000000000,4320.650000000000,134
1767391200005,8534,1767392072156,4320.460000000000,4320.660000000000,134
1767391200005,8535,1767392074195,4320.470000000000,4320.670000000000,134
1767391200005,8536,1767392074596,4320.480000000000,4320.680000000000,134
1767391200005,8537,1767392075201,4320.490000000000,4320.690000000000,134
1767391200005,8538,1767392075249,4320.570000000000,4320.760000000000,134
1767391200005,8539,1767392075327,4320.570000000000,4320.770000000000,4
1767391200005,8540,1767392076451,4320.560000000000,4320.760000000000,134
1767391200005,8541,1767392076550,4320.530000000000,4320.730000000000,134
1767391200005,8542,1767392076650,4320.540000000000,4320.740000000000,134
1767391200005,8543,1767392076665,4320.540000000000,4320.730000000000,4
1767391200005,8544,1767392076699,4320.530000000000,4320.730000000000,130
1767391200005,8545,1767392076767,4320.530000000000,4320.720000000000,4
1767391200005,8546,1767392077686,4320.530000000000,4320.710000000000,4
1767391200005,8547,1767392079155,4320.510000000000,4320.710000000000,130
1767391200005,8548,1767392079208,4320.510000000000,4320.700000000000,4
1767391200005,8549,1767392079413,4320.510000000000,4320.710000000000,4
1767391200005,8550,1767392080455,4320.500000000000,4320.700000000000,134
1767391200005,8551,1767392081360,4320.460000000000,4320.660000000000,134
1767391200005,8552,1767392081408,4320.440000000000,4320.630000000000,134
1767391200005,8553,1767392081421,4320.430000000000,4320.630000000000,130
1767391200005,8554,1767392081458,4320.440000000000,4320.640000000000,134
1767391200005,8555,1767392081507,4320.460000000000,4320.660000000000,134
1767391200005,8556,1767392081622,4320.470000000000,4320.660000000000,130
1767391200005,8557,1767392081657,4320.470000000000,4320.630000000000,4
1767391200005,8558,1767392081709,4320.470000000000,4320.620000000000,4
1767391200005,8559,1767392081722,4320.420000000000,4320.620000000000,130
1767391200005,8560,1767392081757,4320.430000000000,4320.630000000000,134
1767391200005,8561,1767392081813,4320.440000000000,4320.640000000000,134
1767391200005,8562,1767392081913,4320.450000000000,4320.650000000000,134
1767391200005,8563,1767392081924,4320.460000000000,4320.650000000000,130
1767391200005,8564,1767392081970,4320.510000000000,4320.710000000000,134
1767391200005,8565,1767392082008,4320.500000000000,4320.700000000000,134
1767391200005,8566,1767392082108,4320.490000000000,4320.690000000000,134
1767391200005,8567,1767392082158,4320.480000000000,4320.680000000000,134
1767391200005,8568,1767392082208,4320.490000000000,4320.690000000000,134
1767391200005,8569,1767392082308,4320.500000000000,4320.700000000000,134
1767391200005,8570,1767392082458,4320.520000000000,4320.720000000000,134
1767391200005,8571,1767392083209,4320.490000000000,4320.690000000000,134
1767391200005,8572,1767392083261,4320.470000000000,4320.670000000000,134
1767391200005,8573,1767392083316,4320.480000000000,4320.680000000000,134
1767391200005,8574,1767392083360,4320.490000000000,4320.690000000000,134
1767391200005,8575,1767392083411,4320.500000000000,4320.700000000000,134
1767391200005,8576,1767392083510,4320.490000000000,4320.690000000000,134
1767391200005,8577,1767392085465,4320.530000000000,4320.730000000000,134
1767391200005,8578,1767392085502,4320.600000000000,4320.730000000000,130
1767391200005,8579,1767392085513,4320.630000000000,4320.830000000000,134
1767391200005,8580,1767392086114,4320.620000000000,4320.820000000000,134
1767391200005,8581,1767392086465,4320.650000000000,4320.850000000000,134
1767391200005,8582,1767392087180,4320.620000000000,4320.680000000000,134
1767391200005,8583,1767392087221,4320.620000000000,4320.670000000000,4
1767391200005,8584,1767392087224,4320.470000000000,4320.670000000000,130
1767391200005,8585,1767392087368,4320.480000000000,4320.680000000000,134
1767391200005,8586,1767392087616,4320.470000000000,4320.670000000000,134
1767391200005,8587,1767392088270,4320.460000000000,4320.660000000000,134
1767391200005,8588,1767392088369,4320.480000000000,4320.680000000000,134
1767391200005,8589,1767392088420,4320.470000000000,4320.670000000000,134
1767391200005,8590,1767392088623,4320.460000000000,4320.660000000000,134
1767391200005,8591,1767392088718,4320.470000000000,4320.670000000000,134
1767391200005,8592,1767392088818,4320.490000000000,4320.690000000000,134
1767391200005,8593,1767392088920,4320.500000000000,4320.700000000000,134
1767391200005,8594,1767392089020,4320.490000000000,4320.690000000000,134
1767391200005,8595,1767392089069,4320.500000000000,4320.700000000000,134
1767391200005,8596,1767392089472,4320.490000000000,4320.690000000000,134
1767391200005,8597,1767392090519,4320.500000000000,4320.700000000000,134
1767391200005,8598,1767392091319,4320.490000000000,4320.690000000000,134
1767391200005,8599,1767392091565,4320.530000000000,4320.690000000000,130
1767391200005,8600,1767392091665,4320.490000000000,4320.690000000000,130
1767391200005,8601,1767392091671,4320.460000000000,4320.660000000000,134
1767391200005,8602,1767392091729,4320.430000000000,4320.620000000000,134
1767391200005,8603,1767392091766,4320.420000000000,4320.620000000000,130
1767391200005,8604,1767392091918,4320.390000000000,4320.590000000000,134
1767391200005,8605,1767392092018,4320.420000000000,4320.620000000000,134
1767391200005,8606,1767392092068,4320.440000000000,4320.640000000000,134
1767391200005,8607,1767392092269,4320.420000000000,4320.620000000000,134
1767391200005,8608,1767392093020,4320.440000000000,4320.640000000000,134
1767391200005,8609,1767392093071,4320.450000000000,4320.650000000000,134
1767391200005,8610,1767392093268,4320.450000000000,4320.640000000000,4
1767391200005,8611,1767392093328,4320.440000000000,4320.640000000000,130
1767391200005,8612,1767392093479,4320.430000000000,4320.630000000000,134
1767391200005,8613,1767392093578,4320.420000000000,4320.620000000000,134
1767391200005,8614,1767392093869,4320.430000000000,4320.630000000000,134
1767391200005,8615,1767392093919,4320.420000000000,4320.620000000000,134
1767391200005,8616,1767392095075,4320.410000000000,4320.610000000000,134
1767391200005,8617,1767392095168,4320.430000000000,4320.630000000000,134
1767391200005,8618,1767392095269,4320.440000000000,4320.640000000000,134
1767391200005,8619,1767392095522,4320.420000000000,4320.530000000000,134
1767391200005,8620,1767392095570,4320.420000000000,4320.540000000000,4
1767391200005,8621,1767392095576,4320.340000000000,4320.540000000000,130
1767391200005,8622,1767392095620,4320.330000000000,4320.530000000000,134
1767391200005,8623,1767392095671,4320.340000000000,4320.540000000000,134
1767391200005,8624,1767392095726,4320.320000000000,4320.520000000000,134
1767391200005,8625,1767392095869,4320.330000000000,4320.530000000000,134
1767391200005,8626,1767392096573,4320.400000000000,4320.590000000000,134
1767391200005,8627,1767392096611,4320.400000000000,4320.600000000000,4
1767391200005,8628,1767392096623,4320.430000000000,4320.630000000000,134
1767391200005,8629,1767392096675,4320.440000000000,4320.640000000000,134
1767391200005,8630,1767392096726,4320.440000000000,4320.630000000000,4
1767391200005,8631,1767392096773,4320.440000000000,4320.640000000000,4
1767391200005,8632,1767392096923,4320.450000000000,4320.650000000000,134
1767391200005,8633,1767392097922,4320.440000000000,4320.640000000000,134
1767391200005,8634,1767392098824,4320.430000000000,4320.630000000000,134
1767391200005,8635,1767392098873,4320.440000000000,4320.640000000000,134
1767391200005,8636,1767392099076,4320.430000000000,4320.630000000000,134
1767391200005,8637,1767392099180,4320.410000000000,4320.540000000000,134
1767391200005,8638,1767392099184,4320.340000000000,4320.530000000000,134
1767391200005,8639,1767392099238,4320.260000000000,4320.430000000000,134
1767391200005,8640,1767392099281,4320.260000000000,4320.420000000000,4
1767391200005,8641,1767392099285,4320.220000000000,4320.420000000000,130
1767391200005,8642,1767392099330,4320.180000000000,4320.320000000000,134
1767391200005,8643,1767392099385,4320.180000000000,4320.230000000000,4
1767391200005,8644,1767392099386,4320.030000000000,4320.230000000000,130
1767391200005,8645,1767392099481,4320.050000000000,4320.250000000000,134
1767391200005,8646,1767392099528,4320.030000000000,4320.230000000000,134
1767391200005,8647,1767392099677,4319.990000000000,4320.190000000000,134
1767391200005,8648,1767392099732,4320.020000000000,4320.220000000000,134
1767391200005,8649,1767392099776,4319.990000000000,4320.190000000000,134
1767391200005,8650,1767392099824,4320.010000000000,4320.210000000000,134
1767391200005,8651,1767392100033,4320.010000000000,4320.210000000000,130
1767391200005,8652,1767392100128,4320.000000000000,4320.200000000000,134
1767391200005,8653,1767392100177,4320.010000000000,4320.210000000000,134
1767391200005,8654,1767392100329,4319.990000000000,4320.190000000000,134
1767391200005,8655,1767392100389,4319.870000000000,4319.910000000000,134
1767391200005,8656,1767392100390,4319.630000000000,4319.780000000000,134
1767391200005,8657,1767392100429,4319.490000000000,4319.530000000000,134
1767391200005,8658,1767392100480,4319.510000000000,4319.590000000000,134
1767391200005,8659,1767392100494,4319.410000000000,4319.590000000000,130
1767391200005,8660,1767392100525,4319.410000000000,4319.600000000000,4
1767391200005,8661,1767392100575,4319.410000000000,4319.610000000000,4
1767391200005,8662,1767392100631,4319.400000000000,4319.600000000000,134
1767391200005,8663,1767392100674,4319.410000000000,4319.610000000000,134
1767391200005,8664,1767392100724,4319.390000000000,4319.590000000000,134
1767391200005,8665,1767392100774,4319.380000000000,4319.580000000000,134
1767391200005,8666,1767392100794,4319.390000000000,4319.580000000000,130
1767391200005,8667,1767392100823,4319.410000000000,4319.610000000000,134
1767391200005,8668,1767392100872,4319.390000000000,4319.560000000000,134
1767391200005,8669,1767392100894,4319.360000000000,4319.560000000000,130
1767391200005,8670,1767392100923,4319.370000000000,4319.570000000000,134
1767391200005,8671,1767392100983,4319.350000000000,4319.550000000000,134
1767391200005,8672,1767392101023,4319.300000000000,4319.500000000000,134
1767391200005,8673,1767392101081,4319.350000000000,4319.550000000000,134
1767391200005,8674,1767392101128,4319.320000000000,4319.520000000000,134
1767391200005,8675,1767392101181,4319.400000000000,4319.580000000000,134
1767391200005,8676,1767392101195,4319.400000000000,4319.600000000000,4
1767391200005,8677,1767392101232,4319.410000000000,4319.610000000000,134
1767391200005,8678,1767392101277,4319.390000000000,4319.580000000000,134
1767391200005,8679,1767392101296,4319.380000000000,4319.580000000000,130
1767391200005,8680,1767392101386,4319.620000000000,4319.660000000000,134
1767391200005,8681,1767392101397,4319.630000000000,4319.820000000000,134
1767391200005,8682,1767392101427,4319.720000000000,4319.900000000000,134
1767391200005,8683,1767392101479,4319.750000000000,4319.900000000000,130
1767391200005,8684,1767392101497,4319.760000000000,4319.950000000000,134
1767391200005,8685,1767392101524,4319.760000000000,4319.960000000000,4
1767391200005,8686,1767392101578,4319.760000000000,4319.940000000000,4
1767391200005,8687,1767392101597,4319.740000000000,4319.940000000000,130
1767391200005,8688,1767392101626,4319.680000000000,4319.880000000000,134
1767391200005,8689,1767392101676,4319.680000000000,4319.870000000000,4
1767391200005,8690,1767392101699,4319.670000000000,4319.870000000000,130
1767391200005,8691,1767392101874,4319.660000000000,4319.860000000000,134
1767391200005,8692,1767392101974,4319.710000000000,4319.910000000000,134
1767391200005,8693,1767392101999,4319.730000000000,4319.910000000000,130
1767391200005,8694,1767392102023,4319.740000000000,4319.940000000000,134
1767391200005,8695,1767392102076,4319.730000000000,4319.930000000000,134
1767391200005,8696,1767392102129,4319.720000000000,4319.900000000000,134
1767391200005,8697,1767392102177,4319.720000000000,4319.860000000000,4
1767391200005,8698,1767392102202,4319.660000000000,4319.860000000000,130
1767391200005,8699,1767392102227,4319.680000000000,4319.880000000000,134
1767391200005,8700,1767392102278,4319.740000000000,4319.930000000000,134
1767391200005,8701,1767392102303,4319.740000000000,4319.940000000000,4
1767391200005,8702,1767392102325,4319.710000000000,4319.910000000000,134
1767391200005,8703,1767392102476,4319.750000000000,4319.940000000000,134
1767391200005,8704,1767392102504,4319.750000000000,4319.950000000000,4
1767391200005,8705,1767392102585,4319.740000000000,4319.940000000000,134
1767391200005,8706,1767392102682,4319.730000000000,4319.930000000000,134
1767391200005,8707,1767392102728,4319.740000000000,4319.940000000000,134
1767391200005,8708,1767392102776,4319.750000000000,4319.950000000000,134
1767391200005,8709,1767392103131,4319.770000000000,4319.970000000000,134
1767391200005,8710,1767392103177,4319.880000000000,4319.990000000000,134
1767391200005,8711,1767392103210,4319.880000000000,4320.060000000000,4
1767391200005,8712,1767392103229,4319.860000000000,4320.060000000000,130
1767391200005,8713,1767392103275,4319.890000000000,4320.060000000000,130
1767391200005,8714,1767392103310,4319.890000000000,4320.080000000000,4
1767391200005,8715,1767392103327,4319.870000000000,4320.070000000000,134
1767391200005,8716,1767392103411,4319.870000000000,4320.060000000000,4
1767391200005,8717,1767392103425,4319.850000000000,4320.050000000000,134
1767391200005,8718,1767392103477,4319.860000000000,4320.060000000000,134
1767391200005,8719,1767392103528,4319.850000000000,4320.050000000000,134
1767391200005,8720,1767392103578,4319.880000000000,4320.080000000000,134
1767391200005,8721,1767392103611,4319.880000000000,4320.060000000000,4
1767391200005,8722,1767392103627,4319.860000000000,4320.060000000000,130
1767391200005,8723,1767392103679,4319.870000000000,4320.060000000000,130
1767391200005,8724,1767392103711,4319.870000000000,4320.070000000000,4
1767391200005,8725,1767392103727,4319.860000000000,4320.060000000000,134
1767391200005,8726,1767392103927,4319.880000000000,4320.080000000000,134
1767391200005,8727,1767392103975,4319.870000000000,4320.070000000000,134
1767391200005,8728,1767392104530,4319.880000000000,4320.080000000000,134
1767391200005,8729,1767392104679,4319.870000000000,4320.070000000000,134
1767391200005,8730,1767392104728,4319.880000000000,4320.080000000000,134
1767391200005,8731,1767392105382,4319.850000000000,4320.030000000000,134
1767391200005,8732,1767392105431,4319.850000000000,4320.010000000000,4
1767391200005,8733,1767392105442,4319.810000000000,4320.010000000000,130
1767391200005,8734,1767392105480,4319.820000000000,4320.020000000000,134
1767391200005,8735,1767392106230,4319.840000000000,4320.040000000000,134
1767391200005,8736,1767392106285,4319.820000000000,4320.020000000000,134
1767391200005,8737,1767392106380,4319.810000000000,4320.010000000000,134
1767391200005,8738,1767392106481,4319.840000000000,4320.040000000000,134
1767391200005,8739,1767392106632,4319.820000000000,4320.020000000000,134
1767391200005,8740,1767392106683,4319.810000000000,4320.010000000000,134
1767391200005,8741,1767392106736,4319.870000000000,4320.070000000000,134
1767391200005,8742,1767392106933,4319.860000000000,4320.060000000000,134
1767391200005,8743,1767392107482,4319.870000000000,4320.070000000000,134
1767391200005,8744,1767392107534,4319.850000000000,4320.050000000000,134
1767391200005,8745,1767392107582,4319.860000000000,4320.060000000000,134
1767391200005,8746,1767392107684,4319.880000000000,4320.080000000000,134
1767391200005,8747,1767392107733,4319.860000000000,4320.060000000000,134
1767391200005,8748,1767392107833,4319.880000000000,4320.080000000000,134
1767391200005,8749,1767392107883,4319.860000000000,4320.060000000000,134
1767391200005,8750,1767392108035,4319.850000000000,4320.050000000000,134
1767391200005,8751,1767392108185,4319.870000000000,4320.070000000000,134
1767391200005,8752,1767392108238,4319.850000000000,4320.050000000000,134
1767391200005,8753,1767392108784,4319.860000000000,4320.060000000000,134
1767391200005,8754,1767392109036,4319.850000000000,4320.050000000000,134
1767391200005,8755,1767392109087,4319.860000000000,4320.060000000000,134
1767391200005,8756,1767392109638,4319.870000000000,4320.070000000000,134
1767391200005,8757,1767392109687,4319.850000000000,4320.050000000000,134
1767391200005,8758,1767392110066,4319.860000000000,4320.050000000000,130
1767391200005,8759,1767392110090,4319.870000000000,4320.070000000000,134
1767391200005,8760,1767392110140,4319.860000000000,4320.060000000000,134
1767391200005,8761,1767392110190,4319.870000000000,4320.070000000000,134
1767391200005,8762,1767392110238,4319.880000000000,4320.080000000000,134
1767391200005,8763,1767392110538,4319.850000000000,4320.040000000000,134
1767391200005,8764,1767392110941,4319.840000000000,4320.040000000000,130
1767391200005,8765,1767392111189,4319.860000000000,4320.060000000000,134
1767391200005,8766,1767392111237,4319.850000000000,4320.050000000000,134
1767391200005,8767,1767392111489,4319.860000000000,4320.060000000000,134
1767391200005,8768,1767392111504,4319.870000000000,4320.060000000000,130
1767391200005,8769,1767392111540,4319.870000000000,4320.050000000000,4
1767391200005,8770,1767392111593,4319.870000000000,4320.060000000000,4
1767391200005,8771,1767392111604,4319.860000000000,4320.060000000000,130
1767391200005,8772,1767392111641,4319.840000000000,4320.040000000000,134
1767391200005,8773,1767392111840,4319.860000000000,4320.060000000000,134
1767391200005,8774,1767392112189,4319.840000000000,4320.040000000000,134
1767391200005,8775,1767392112240,4319.860000000000,4320.060000000000,134
1767391200005,8776,1767392112297,4319.820000000000,4320.010000000000,134
1767391200005,8777,1767392112318,4319.810000000000,4320.010000000000,130
1767391200005,8778,1767392112440,4319.840000000000,4320.040000000000,134
1767391200005,8779,1767392112590,4319.830000000000,4320.030000000000,134
1767391200005,8780,1767392113594,4319.840000000000,4320.040000000000,134
1767391200005,8781,1767392113797,4319.820000000000,4320.020000000000,134
1767391200005,8782,1767392113847,4319.830000000000,4320.030000000000,134
1767391200005,8783,1767392113948,4319.840000000000,4320.040000000000,134
1767391200005,8784,1767392113998,4319.850000000000,4320.050000000000,134
1767391200005,8785,1767392114059,4319.800000000000,4319.840000000000,134
1767391200005,8786,1767392114087,4319.600000000000,4319.770000000000,134
1767391200005,8787,1767392114104,4319.500000000000,4319.630000000000,134
1767391200005,8788,1767392114153,4319.500000000000,4319.660000000000,4
1767391200005,8789,1767392114186,4319.460000000000,4319.660000000000,130
1767391200005,8790,1767392114208,4319.450000000000,4319.650000000000,134
1767391200005,8791,1767392114249,4319.460000000000,4319.660000000000,134
1767391200005,8792,1767392114297,4319.470000000000,4319.670000000000,134
1767391200005,8793,1767392114344,4319.440000000000,4319.640000000000,134
1767391200005,8794,1767392114389,4319.550000000000,4319.640000000000,130
1767391200005,8795,1767392114398,4319.550000000000,4319.700000000000,4
1767391200005,8796,1767392114450,4319.540000000000,4319.580000000000,134
1767391200005,8797,1767392114489,4319.370000000000,4319.570000000000,134
1767391200005,8798,1767392114495,4319.370000000000,4319.560000000000,4
1767391200005,8799,1767392114545,4319.370000000000,4319.550000000000,4
1767391200005,8800,1767392114589,4319.400000000000,4319.550000000000,130
1767391200005,8801,1767392114648,4319.400000000000,4319.540000000000,4
1767391200005,8802,1767392114689,4319.350000000000,4319.540000000000,130
1767391200005,8803,1767392114698,4319.350000000000,4319.550000000000,4
1767391200005,8804,1767392114749,4319.360000000000,4319.560000000000,134
1767391200005,8805,1767392114791,4319.420000000000,4319.560000000000,130
1767391200005,8806,1767392114795,4319.420000000000,4319.550000000000,4
1767391200005,8807,1767392114890,4319.360000000000,4319.550000000000,130
1767391200005,8808,1767392114949,4319.360000000000,4319.520000000000,4
1767391200005,8809,1767392114990,4319.340000000000,4319.520000000000,130
1767391200005,8810,1767392115006,4319.340000000000,4319.490000000000,4
1767391200005,8811,1767392115051,4319.340000000000,4319.470000000000,4
1767391200005,8812,1767392115092,4319.290000000000,4319.470000000000,130
1767391200005,8813,1767392115098,4319.300000000000,4319.500000000000,134
1767391200005,8814,1767392115152,4319.290000000000,4319.490000000000,134
1767391200005,8815,1767392115206,4319.240000000000,4319.440000000000,134
1767391200005,8816,1767392115252,4319.220000000000,4319.410000000000,134
1767391200005,8817,1767392115292,4319.210000000000,4319.410000000000,130
1767391200005,8818,1767392115298,4319.160000000000,4319.360000000000,134
1767391200005,8819,1767392115347,4319.190000000000,4319.390000000000,134
1767391200005,8820,1767392115397,4319.210000000000,4319.410000000000,134
1767391200005,8821,1767392115448,4319.200000000000,4319.400000000000,134
1767391200005,8822,1767392115498,4319.190000000000,4319.390000000000,134
1767391200005,8823,1767392115546,4319.220000000000,4319.420000000000,134
1767391200005,8824,1767392115601,4319.210000000000,4319.400000000000,134
1767391200005,8825,1767392115646,4319.210000000000,4319.380000000000,4
1767391200005,8826,1767392115695,4319.220000000000,4319.380000000000,130
1767391200005,8827,1767392115707,4319.230000000000,4319.430000000000,134
1767391200005,8828,1767392115796,4319.240000000000,4319.430000000000,130
1767391200005,8829,1767392115847,4319.240000000000,4319.420000000000,4
1767391200005,8830,1767392115998,4319.240000000000,4319.400000000000,4
1767391200005,8831,1767392116007,4319.200000000000,4319.400000000000,130
1767391200005,8832,1767392116149,4319.210000000000,4319.410000000000,134
1767391200005,8833,1767392116299,4319.200000000000,4319.390000000000,134
1767391200005,8834,1767392116309,4319.190000000000,4319.390000000000,130
1767391200005,8835,1767392116350,4319.180000000000,4319.380000000000,134
1767391200005,8836,1767392116501,4319.190000000000,4319.390000000000,134
1767391200005,8837,1767392116551,4319.200000000000,4319.400000000000,134
1767391200005,8838,1767392116608,4319.210000000000,4319.400000000000,130
1767391200005,8839,1767392116821,4319.200000000000,4319.400000000000,130
1767391200005,8840,1767392116858,4319.200000000000,4319.390000000000,4
1767391200005,8841,1767392116902,4319.200000000000,4319.330000000000,4
1767391200005,8842,1767392116922,4319.170000000000,4319.330000000000,130
1767391200005,8843,1767392117150,4319.170000000000,4319.340000000000,4
1767391200005,8844,1767392117195,4319.140000000000,4319.340000000000,130
1767391200005,8845,1767392117203,4319.150000000000,4319.350000000000,134
1767391200005,8846,1767392117252,4319.160000000000,4319.360000000000,134
1767391200005,8847,1767392117300,4319.150000000000,4319.330000000000,134
1767391200005,8848,1767392117353,4319.150000000000,4319.340000000000,4
1767391200005,8849,1767392117403,4319.150000000000,4319.330000000000,4
1767391200005,8850,1767392117454,4319.150000000000,4319.350000000000,4
1767391200005,8851,1767392117495,4319.160000000000,4319.350000000000,130
1767391200005,8852,1767392117501,4319.160000000000,4319.360000000000,4
1767391200005,8853,1767392117549,4319.180000000000,4319.380000000000,134
1767391200005,8854,1767392117595,4319.220000000000,4319.380000000000,130
1767391200005,8855,1767392117600,4319.220000000000,4319.370000000000,4
1767391200005,8856,1767392117649,4319.220000000000,4319.350000000000,4
1767391200005,8857,1767392117696,4319.210000000000,4319.350000000000,130
1767391200005,8858,1767392117700,4319.210000000000,4319.370000000000,4
1767391200005,8859,1767392117751,4319.210000000000,4319.320000000000,4
1767391200005,8860,1767392117797,4319.170000000000,4319.320000000000,130
1767391200005,8861,1767392117800,4319.170000000000,4319.340000000000,4
1767391200005,8862,1767392117854,4319.170000000000,4319.360000000000,4
1767391200005,8863,1767392117900,4319.180000000000,4319.360000000000,130
1767391200005,8864,1767392117902,4319.180000000000,4319.350000000000,4
1767391200005,8865,1767392117950,4319.180000000000,4319.370000000000,4
1767391200005,8866,1767392117997,4319.220000000000,4319.370000000000,130
1767391200005,8867,1767392118099,4319.180000000000,4319.370000000000,130
1767391200005,8868,1767392118102,4319.180000000000,4319.330000000000,4
1767391200005,8869,1767392118150,4319.180000000000,4319.340000000000,4
1767391200005,8870,1767392118200,4319.150000000000,4319.340000000000,130
1767391200005,8871,1767392118203,4319.150000000000,4319.320000000000,4
1767391200005,8872,1767392118249,4319.150000000000,4319.330000000000,4
1767391200005,8873,1767392118300,4319.180000000000,4319.330000000000,130
1767391200005,8874,1767392118309,4319.180000000000,4319.340000000000,4
1767391200005,8875,1767392118400,4319.180000000000,4319.310000000000,4
1767391200005,8876,1767392118400,4319.110000000000,4319.310000000000,130
1767391200005,8877,1767392118450,4319.130000000000,4319.330000000000,134
1767391200005,8878,1767392118500,4319.160000000000,4319.330000000000,130
1767391200005,8879,1767392118550,4319.160000000000,4319.310000000000,4
1767391200005,8880,1767392118607,4319.190000000000,4319.310000000000,130
1767391200005,8881,1767392118607,4319.190000000000,4319.340000000000,4
1767391200005,8882,1767392118650,4319.190000000000,4319.360000000000,4
1767391200005,8883,1767392118701,4319.190000000000,4319.350000000000,4
1767391200005,8884,1767392118703,4319.200000000000,4319.350000000000,130
1767391200005,8885,1767392118751,4319.200000000000,4319.340000000000,4
1767391200005,8886,1767392118800,4319.200000000000,4319.330000000000,4
1767391200005,8887,1767392118804,4319.170000000000,4319.330000000000,130
1767391200005,8888,1767392118852,4319.170000000000,4319.340000000000,4
1767391200005,8889,1767392118904,4319.200000000000,4319.340000000000,130
1767391200005,8890,1767392119152,4319.200000000000,4319.370000000000,4
1767391200005,8891,1767392119201,4319.200000000000,4319.340000000000,4
1767391200005,8892,1767392119205,4319.140000000000,4319.340000000000,130
1767391200005,8893,1767392119252,4319.150000000000,4319.350000000000,134
1767391200005,8894,1767392119302,4319.140000000000,4319.340000000000,134
1767391200005,8895,1767392119452,4319.130000000000,4319.330000000000,134
1767391200005,8896,1767392119502,4319.110000000000,4319.290000000000,134
1767391200005,8897,1767392119507,4319.090000000000,4319.290000000000,130
1767391200005,8898,1767392119552,4319.080000000000,4319.280000000000,134
1767391200005,8899,1767392119607,4319.080000000000,4319.270000000000,4
1767391200005,8900,1767392119607,4319.070000000000,4319.270000000000,130
1767391200005,8901,1767392119653,4319.080000000000,4319.280000000000,134
1767391200005,8902,1767392120202,4319.090000000000,4319.290000000000,134
1767391200005,8903,1767392120262,4319.070000000000,4319.260000000000,134
1767391200005,8904,1767392120305,4319.070000000000,4319.270000000000,4
1767391200005,8905,1767392121304,4319.060000000000,4319.250000000000,134
1767391200005,8906,1767392121347,4319.050000000000,4319.250000000000,130
1767391200005,8907,1767392121355,4319.060000000000,4319.260000000000,134
1767391200005,8908,1767392121456,4319.050000000000,4319.250000000000,134
1767391200005,8909,1767392121648,4319.060000000000,4319.250000000000,130
1767391200005,8910,1767392121657,4319.140000000000,4319.330000000000,134
1767391200005,8911,1767392121748,4319.140000000000,4319.340000000000,4
1767391200005,8912,1767392122055,4319.120000000000,4319.320000000000,134
1767391200005,8913,1767392122106,4319.170000000000,4319.370000000000,134
1767391200005,8914,1767392122158,4319.150000000000,4319.350000000000,134
1767391200005,8915,1767392122207,4319.140000000000,4319.310000000000,134
1767391200005,8916,1767392122254,4319.110000000000,4319.310000000000,130
1767391200005,8917,1767392122310,4319.080000000000,4319.280000000000,134
1767391200005,8918,1767392122357,4319.120000000000,4319.320000000000,134
1767391200005,8919,1767392122507,4319.140000000000,4319.340000000000,134
1767391200005,8920,1767392122555,4319.150000000000,4319.350000000000,134
1767391200005,8921,1767392122854,4319.130000000000,4319.310000000000,134
1767391200005,8922,1767392122910,4319.130000000000,4319.320000000000,4
1767391200005,8923,1767392122914,4319.120000000000,4319.320000000000,130
1767391200005,8924,1767392123014,4319.150000000000,4319.320000000000,130
1767391200005,8925,1767392123057,4319.150000000000,4319.300000000000,4
1767391200005,8926,1767392123107,4319.150000000000,4319.320000000000,4
1767391200005,8927,1767392123115,4319.120000000000,4319.320000000000,130
1767391200005,8928,1767392123207,4319.120000000000,4319.280000000000,4
1767391200005,8929,1767392123217,4319.080000000000,4319.280000000000,130
1767391200005,8930,1767392123258,4319.070000000000,4319.230000000000,134
1767391200005,8931,1767392123307,4319.070000000000,4319.220000000000,4
1767391200005,8932,1767392123316,4319.050000000000,4319.220000000000,130
1767391200005,8933,1767392123356,4319.050000000000,4319.240000000000,4
1767391200005,8934,1767392123457,4319.050000000000,4319.250000000000,4
1767391200005,8935,1767392123510,4319.060000000000,4319.260000000000,134
1767391200005,8936,1767392123558,4319.090000000000,4319.290000000000,134
1767391200005,8937,1767392123806,4319.120000000000,4319.320000000000,134
1767391200005,8938,1767392123860,4319.110000000000,4319.300000000000,134
1767391200005,8939,1767392123906,4319.110000000000,4319.310000000000,4
1767391200005,8940,1767392124156,4319.120000000000,4319.320000000000,134
1767391200005,8941,1767392124207,4319.110000000000,4319.290000000000,134
1767391200005,8942,1767392124223,4319.150000000000,4319.290000000000,130
1767391200005,8943,1767392124257,4319.150000000000,4319.320000000000,4
1767391200005,8944,1767392124312,4319.150000000000,4319.340000000000,4
1767391200005,8945,1767392124368,4319.150000000000,4319.330000000000,4
1767391200005,8946,1767392124423,4319.140000000000,4319.330000000000,130
1767391200005,8947,1767392124608,4319.140000000000,4319.310000000000,4
1767391200005,8948,1767392124658,4319.140000000000,4319.320000000000,4
1767391200005,8949,1767392124725,4319.120000000000,4319.320000000000,130
1767391200005,8950,1767392124808,4319.090000000000,4319.290000000000,134
1767391200005,8951,1767392124824,4319.110000000000,4319.290000000000,130
1767391200005,8952,1767392124860,4319.110000000000,4319.310000000000,4
1767391200005,8953,1767392124924,4319.130000000000,4319.310000000000,130
1767391200005,8954,1767392125024,4319.150000000000,4319.310000000000,130
1767391200005,8955,1767392125061,4319.150000000000,4319.300000000000,4
1767391200005,8956,1767392125111,4319.150000000000,4319.310000000000,4
1767391200005,8957,1767392125125,4319.110000000000,4319.310000000000,130
1767391200005,8958,1767392125158,4319.110000000000,4319.270000000000,4
1767391200005,8959,1767392125226,4319.130000000000,4319.270000000000,130
1767391200005,8960,1767392125258,4319.130000000000,4319.240000000000,4
1767391200005,8961,1767392125310,4319.130000000000,4319.250000000000,4
1767391200005,8962,1767392125327,4319.070000000000,4319.250000000000,130
1767391200005,8963,1767392125360,4319.070000000000,4319.240000000000,4
1767391200005,8964,1767392125428,4319.100000000000,4319.240000000000,130
1767391200005,8965,1767392125461,4319.100000000000,4319.280000000000,4
1767391200005,8966,1767392125511,4319.100000000000,4319.270000000000,4
1767391200005,8967,1767392125529,4319.110000000000,4319.270000000000,130
1767391200005,8968,1767392125628,4319.080000000000,4319.270000000000,130
1767391200005,8969,1767392125728,4319.070000000000,4319.270000000000,130
1767391200005,8970,1767392125831,4319.090000000000,4319.270000000000,130
1767391200005,8971,1767392125931,4319.080000000000,4319.270000000000,130
1767391200005,8972,1767392126114,4319.060000000000,4319.100000000000,134
1767391200005,8973,1767392126140,4318.940000000000,4319.070000000000,134
1767391200005,8974,1767392126163,4318.940000000000,4319.080000000000,4
1767391200005,8975,1767392126218,4318.940000000000,4319.090000000000,4
1767391200005,8976,1767392126231,4318.900000000000,4319.090000000000,130
1767391200005,8977,1767392126312,4318.900000000000,4319.100000000000,4
1767391200005,8978,1767392126369,4318.880000000000,4319.080000000000,134
1767391200005,8979,1767392126413,4318.870000000000,4319.070000000000,134
1767391200005,8980,1767392126432,4318.910000000000,4319.070000000000,130
1767391200005,8981,1767392126462,4318.940000000000,4319.140000000000,134
1767391200005,8982,1767392126512,4319.060000000000,4319.180000000000,134
1767391200005,8983,1767392126533,4319.060000000000,4319.260000000000,4
1767391200005,8984,1767392126563,4319.090000000000,4319.290000000000,134
1767391200005,8985,1767392126614,4319.040000000000,4319.220000000000,134
1767391200005,8986,1767392126632,4319.020000000000,4319.220000000000,130
1767391200005,8987,1767392126666,4319.050000000000,4319.250000000000,134
1767391200005,8988,1767392126764,4318.980000000000,4319.180000000000,134
1767391200005,8989,1767392126818,4318.980000000000,4319.160000000000,4
1767391200005,8990,1767392126837,4318.960000000000,4319.160000000000,130
1767391200005,8991,1767392126864,4318.940000000000,4319.140000000000,134
1767391200005,8992,1767392126921,4318.910000000000,4319.090000000000,134
1767391200005,8993,1767392126936,4318.890000000000,4319.090000000000,130
1767391200005,8994,1767392126965,4318.900000000000,4319.100000000000,134
1767391200005,8995,1767392127013,4318.920000000000,4319.120000000000,134
1767391200005,8996,1767392127064,4318.900000000000,4319.100000000000,134
1767391200005,8997,1767392127164,4318.880000000000,4319.070000000000,134
1767391200005,8998,1767392127236,4318.870000000000,4319.070000000000,130
1767391200005,8999,1767392127266,4318.860000000000,4319.060000000000,134
1767391200005,9000,1767392127316,4318.870000000000,4319.070000000000,134
1767391200005,9001,1767392127621,4318.860000000000,4319.060000000000,134
1767391200005,9002,1767392127764,4318.890000000000,4319.090000000000,134
1767391200005,9003,1767392127964,4318.880000000000,4319.080000000000,134
1767391200005,9004,1767392128020,4318.870000000000,4319.070000000000,134
1767391200005,9005,1767392128065,4318.850000000000,4319.030000000000,134
1767391200005,9006,1767392128116,4318.850000000000,4319.040000000000,4
1767391200005,9007,1767392128141,4318.840000000000,4319.040000000000,130
1767391200005,9008,1767392128166,4318.850000000000,4319.050000000000,134
1767391200005,9009,1767392128215,4318.870000000000,4319.070000000000,134
1767391200005,9010,1767392128266,4318.890000000000,4319.090000000000,134
1767391200005,9011,1767392128342,4318.900000000000,4319.090000000000,130
1767391200005,9012,1767392128371,4318.900000000000,4319.080000000000,4
1767391200005,9013,1767392128416,4318.900000000000,4319.100000000000,4
1767391200005,9014,1767392128465,4318.890000000000,4319.070000000000,134
1767391200005,9015,1767392128517,4318.900000000000,4319.100000000000,134
1767391200005,9016,1767392128544,4318.920000000000,4319.100000000000,130
1767391200005,9017,1767392128566,4318.920000000000,4319.120000000000,4
1767391200005,9018,1767392128673,4318.930000000000,4319.130000000000,134
1767391200005,9019,1767392128916,4319.020000000000,4319.180000000000,134
1767391200005,9020,1767392128946,4319.050000000000,4319.220000000000,134
1767391200005,9021,1767392128964,4319.070000000000,4319.270000000000,134
1767391200005,9022,1767392129016,4319.110000000000,4319.310000000000,134
1767391200005,9023,1767392129045,4319.110000000000,4319.290000000000,4
1767391200005,9024,1767392129065,4319.060000000000,4319.260000000000,134
1767391200005,9025,1767392129115,4319.080000000000,4319.280000000000,134
1767391200005,9026,1767392129215,4319.080000000000,4319.240000000000,4
1767391200005,9027,1767392129247,4319.060000000000,4319.240000000000,130
1767391200005,9028,1767392129264,4319.060000000000,4319.260000000000,4
1767391200005,9029,1767392129315,4319.080000000000,4319.280000000000,134
1767391200005,9030,1767392129348,4319.250000000000,4319.290000000000,134
1767391200005,9031,1767392129367,4319.480000000000,4319.530000000000,134
1767391200005,9032,1767392129415,4319.510000000000,4319.550000000000,134
1767391200005,9033,1767392129448,4319.620000000000,4319.720000000000,134
1767391200005,9034,1767392129466,4319.640000000000,4319.840000000000,134
1767391200005,9035,1767392129517,4319.630000000000,4319.830000000000,134
1767391200005,9036,1767392129568,4319.610000000000,4319.780000000000,134
1767391200005,9037,1767392129619,4319.610000000000,4319.770000000000,4
1767391200005,9038,1767392129650,4319.590000000000,4319.770000000000,130
1767391200005,9039,1767392129666,4319.620000000000,4319.820000000000,134
1767391200005,9040,1767392129716,4319.630000000000,4319.830000000000,134
1767391200005,9041,1767392129768,4319.630000000000,4319.800000000000,4
1767391200005,9042,1767392129818,4319.660000000000,4319.860000000000,134
1767391200005,9043,1767392129868,4319.630000000000,4319.830000000000,134
1767391200005,9044,1767392129967,4319.620000000000,4319.810000000000,134
1767391200005,9045,1767392130019,4319.630000000000,4319.830000000000,134
1767391200005,9046,1767392130067,4319.620000000000,4319.810000000000,134
1767391200005,9047,1767392130121,4319.620000000000,4319.820000000000,4
1767391200005,9048,1767392130151,4319.660000000000,4319.820000000000,130
1767391200005,9049,1767392130218,4319.660000000000,4319.800000000000,4
1767391200005,9050,1767392130253,4319.640000000000,4319.800000000000,130
1767391200005,9051,1767392130271,4319.640000000000,4319.810000000000,4
1767391200005,9052,1767392130318,4319.640000000000,4319.800000000000,4
1767391200005,9053,1767392130424,4319.660000000000,4319.860000000000,134
1767391200005,9054,1767392130472,4319.630000000000,4319.830000000000,134
1767391200005,9055,1767392130573,4319.620000000000,4319.800000000000,134
1767391200005,9056,1767392130620,4319.620000000000,4319.760000000000,4
1767391200005,9057,1767392130656,4319.580000000000,4319.760000000000,130
1767391200005,9058,1767392130675,4319.580000000000,4319.780000000000,4
1767391200005,9059,1767392130724,4319.580000000000,4319.770000000000,4
1767391200005,9060,1767392130756,4319.570000000000,4319.770000000000,130
1767391200005,9061,1767392130769,4319.560000000000,4319.750000000000,134
1767391200005,9062,1767392130920,4319.560000000000,4319.760000000000,4
1767391200005,9063,1767392130970,4319.550000000000,4319.750000000000,134
1767391200005,9064,1767392131019,4319.560000000000,4319.760000000000,134
1767391200005,9065,1767392131421,4319.630000000000,4319.830000000000,134
1767391200005,9066,1767392131473,4319.600000000000,4319.800000000000,134
1767391200005,9067,1767392131569,4319.580000000000,4319.780000000000,134
1767391200005,9068,1767392131620,4319.550000000000,4319.730000000000,134
1767391200005,9069,1767392131770,4319.820000000000,4319.860000000000,134
1767391200005,9070,1767392131792,4319.850000000000,4320.050000000000,134
1767391200005,9071,1767392131829,4320.040000000000,4320.100000000000,134
1767391200005,9072,1767392131896,4320.040000000000,4320.240000000000,4
1767391200005,9073,1767392131934,4320.010000000000,4320.210000000000,134
1767391200005,9074,1767392131973,4320.220000000000,4320.260000000000,134
1767391200005,9075,1767392131993,4320.240000000000,4320.440000000000,134
1767391200005,9076,1767392132075,4320.190000000000,4320.300000000000,134
1767391200005,9077,1767392132094,4320.100000000000,4320.300000000000,130
1767391200005,9078,1767392132120,4320.050000000000,4320.230000000000,134
1767391200005,9079,1767392132171,4320.120000000000,4320.320000000000,134
1767391200005,9080,1767392132193,4320.120000000000,4320.300000000000,4
1767391200005,9081,1767392132219,4320.040000000000,4320.240000000000,134
1767391200005,9082,1767392132430,4320.030000000000,4320.230000000000,134
1767391200005,9083,1767392132771,4320.040000000000,4320.240000000000,134
1767391200005,9084,1767392132796,4320.140000000000,4320.240000000000,130
1767391200005,9085,1767392132820,4320.140000000000,4320.270000000000,4
1767391200005,9086,1767392132897,4320.070000000000,4320.270000000000,130
1767391200005,9087,1767392132920,4320.130000000000,4320.290000000000,134
1767391200005,9088,1767392132969,4320.110000000000,4320.290000000000,130
1767391200005,9089,1767392132998,4320.110000000000,4320.310000000000,4
1767391200005,9090,1767392133369,4320.160000000000,4320.360000000000,134
1767391200005,9091,1767392133471,4320.260000000000,4320.410000000000,134
1767391200005,9092,1767392133501,4320.260000000000,4320.460000000000,4
1767391200005,9093,1767392133521,4320.200000000000,4320.400000000000,134
1767391200005,9094,1767392133571,4320.230000000000,4320.430000000000,134
1767391200005,9095,1767392133923,4320.190000000000,4320.390000000000,134
1767391200005,9096,1767392133972,4320.220000000000,4320.420000000000,134
1767391200005,9097,1767392134022,4320.200000000000,4320.400000000000,134
1767391200005,9098,1767392134073,4320.180000000000,4320.380000000000,134
1767391200005,9099,1767392134124,4320.220000000000,4320.420000000000,134
1767391200005,9100,1767392134175,4320.200000000000,4320.400000000000,134
1767391200005,9101,1767392134233,4320.210000000000,4320.400000000000,130
1767391200005,9102,1767392134335,4320.200000000000,4320.390000000000,134
1767391200005,9103,1767392134427,4320.290000000000,4320.390000000000,130
1767391200005,9104,1767392134435,4320.290000000000,4320.490000000000,4
1767391200005,9105,1767392134476,4320.280000000000,4320.480000000000,134
1767391200005,9106,1767392134536,4320.280000000000,4320.470000000000,4
1767391200005,9107,1767392134848,4320.280000000000,4320.480000000000,4
1767391200005,9108,1767392135128,4320.270000000000,4320.470000000000,134
1767391200005,9109,1767392135378,4320.290000000000,4320.490000000000,134
1767391200005,9110,1767392135398,4320.290000000000,4320.470000000000,4
1767391200005,9111,1767392135430,4320.270000000000,4320.470000000000,130
1767391200005,9112,1767392135500,4320.270000000000,4320.430000000000,4
1767391200005,9113,1767392135528,4320.260000000000,4320.430000000000,130
1767391200005,9114,1767392135577,4320.320000000000,4320.430000000000,130
1767391200005,9115,1767392135600,4320.320000000000,4320.520000000000,4
1767391200005,9116,1767392135629,4320.310000000000,4320.510000000000,134
1767391200005,9117,1767392135680,4320.300000000000,4320.500000000000,134
1767391200005,9118,1767392136428,4320.260000000000,4320.460000000000,134
1767391200005,9119,1767392136486,4320.260000000000,4320.450000000000,4
1767391200005,9120,1767392137229,4320.260000000000,4320.420000000000,4
1767391200005,9121,1767392137432,4320.260000000000,4320.450000000000,4
1767391200005,9122,1767392137678,4320.240000000000,4320.440000000000,134
1767391200005,9123,1767392137732,4320.390000000000,4320.450000000000,134
1767391200005,9124,1767392137788,4320.400000000000,4320.450000000000,130
1767391200005,9125,1767392137826,4320.390000000000,4320.430000000000,134
1767391200005,9126,1767392137827,4320.400000000000,4320.600000000000,134
1767391200005,9127,1767392137853,4320.410000000000,4320.600000000000,130
1767391200005,9128,1767392137956,4320.400000000000,4320.590000000000,134
1767391200005,9129,1767392138029,4320.460000000000,4320.590000000000,130
1767391200005,9130,1767392138055,4320.460000000000,4320.660000000000,4
1767391200005,9131,1767392138129,4320.440000000000,4320.640000000000,134
1767391200005,9132,1767392138155,4320.440000000000,4320.610000000000,4
1767391200005,9133,1767392138180,4320.420000000000,4320.610000000000,130
1767391200005,9134,1767392138255,4320.420000000000,4320.620000000000,4
1767391200005,9135,1767392138431,4320.460000000000,4320.620000000000,130
1767391200005,9136,1767392138455,4320.460000000000,4320.660000000000,4
1767391200005,9137,1767392138899,4320.460000000000,4320.620000000000,4
1767391200005,9138,1767392138937,4320.410000000000,4320.610000000000,134
1767391200005,9139,1767392138985,4320.450000000000,4320.620000000000,134
1767391200005,9140,1767392139003,4320.450000000000,4320.630000000000,4
1767391200005,9141,1767392139085,4320.460000000000,4320.630000000000,130
1767391200005,9142,1767392139110,4320.460000000000,4320.660000000000,4
1767391200005,9143,1767392139138,4320.420000000000,4320.620000000000,134
1767391200005,9144,1767392139186,4320.410000000000,4320.590000000000,134
1767391200005,9145,1767392139210,4320.390000000000,4320.590000000000,130
1767391200005,9146,1767392139332,4320.450000000000,4320.650000000000,134
1767391200005,9147,1767392139380,4320.440000000000,4320.640000000000,134
1767391200005,9148,1767392139679,4320.420000000000,4320.620000000000,134
1767391200005,9149,1767392139729,4320.480000000000,4320.640000000000,134
1767391200005,9150,1767392139784,4320.470000000000,4320.640000000000,130
1767391200005,9151,1767392139880,4320.460000000000,4320.640000000000,130
1767391200005,9152,1767392139930,4320.470000000000,4320.640000000000,130
1767391200005,9153,1767392140023,4320.470000000000,4320.660000000000,4
1767391200005,9154,1767392140091,4320.460000000000,4320.660000000000,130
1767391200005,9155,1767392140130,4320.450000000000,4320.650000000000,134
1767391200005,9156,1767392140181,4320.390000000000,4320.590000000000,134
1767391200005,9157,1767392140231,4320.380000000000,4320.580000000000,134
1767391200005,9158,1767392140431,4320.390000000000,4320.590000000000,134
1767391200005,9159,1767392140526,4320.390000000000,4320.580000000000,4
1767391200005,9160,1767392140541,4320.380000000000,4320.580000000000,130
1767391200005,9161,1767392141081,4320.350000000000,4320.550000000000,134
1767391200005,9162,1767392141280,4320.380000000000,4320.580000000000,134
1767391200005,9163,1767392141332,4320.360000000000,4320.560000000000,134
1767391200005,9164,1767392141463,4320.360000000000,4320.550000000000,4
1767391200005,9165,1767392141882,4320.350000000000,4320.550000000000,130
1767391200005,9166,1767392142038,4320.400000000000,4320.550000000000,130
1767391200005,9167,1767392142094,4320.400000000000,4320.600000000000,4
1767391200005,9168,1767392142151,4320.440000000000,4320.600000000000,130
1767391200005,9169,1767392142191,4320.480000000000,4320.600000000000,130
1767391200005,9170,1767392142195,4320.480000000000,4320.680000000000,4
1767391200005,9171,1767392142233,4320.500000000000,4320.700000000000,134
1767391200005,9172,1767392142286,4320.490000000000,4320.690000000000,134
1767391200005,9173,1767392142545,4320.490000000000,4320.660000000000,4
1767391200005,9174,1767392142588,4320.430000000000,4320.630000000000,134
1767391200005,9175,1767392142640,4320.410000000000,4320.610000000000,134
1767391200005,9176,1767392142683,4320.400000000000,4320.600000000000,134
1767391200005,9177,1767392143634,4320.450000000000,4320.630000000000,134
1767391200005,9178,1767392143693,4320.450000000000,4320.650000000000,4
1767391200005,9179,1767392143734,4320.470000000000,4320.670000000000,134
1767391200005,9180,1767392143793,4320.410000000000,4320.600000000000,134
1767391200005,9181,1767392143794,4320.400000000000,4320.600000000000,130
1767391200005,9182,1767392143836,4320.390000000000,4320.590000000000,134
1767391200005,9183,1767392143985,4320.370000000000,4320.570000000000,134
1767391200005,9184,1767392143997,4320.370000000000,4320.560000000000,4
1767391200005,9185,1767392144530,4320.370000000000,4320.570000000000,4
1767391200005,9186,1767392144586,4320.460000000000,4320.570000000000,130
1767391200005,9187,1767392144628,4320.460000000000,4320.660000000000,4
1767391200005,9188,1767392144784,4320.480000000000,4320.680000000000,134
1767391200005,9189,1767392144837,4320.500000000000,4320.700000000000,134
1767391200005,9190,1767392145436,4320.580000000000,4320.710000000000,134
1767391200005,9191,1767392145454,4320.580000000000,4320.780000000000,4
1767391200005,9192,1767392145486,4320.540000000000,4320.740000000000,134
1767391200005,9193,1767392145685,4320.550000000000,4320.750000000000,134
1767391200005,9194,1767392145835,4320.570000000000,4320.770000000000,134
1767391200005,9195,1767392145906,4320.610000000000,4320.800000000000,134
1767391200005,9196,1767392145954,4320.640000000000,4320.800000000000,130
1767391200005,9197,1767392145958,4320.640000000000,4320.840000000000,4
1767391200005,9198,1767392146096,4320.680000000000,4320.870000000000,134
1767391200005,9199,1767392146157,4320.680000000000,4320.850000000000,4
1767391200005,9200,1767392146391,4320.620000000000,4320.820000000000,134
1767391200005,9201,1767392146440,4320.600000000000,4320.800000000000,134
1767391200005,9202,1767392146489,4320.610000000000,4320.810000000000,134
1767391200005,9203,1767392146537,4320.630000000000,4320.830000000000,134
1767391200005,9204,1767392146589,4320.610000000000,4320.810000000000,134
1767391200005,9205,1767392146639,4320.670000000000,4320.860000000000,134
1767391200005,9206,1767392146688,4320.720000000000,4320.860000000000,130
1767391200005,9207,1767392146739,4320.730000000000,4320.860000000000,130
1767391200005,9208,1767392147066,4320.730000000000,4320.930000000000,4
1767391200005,9209,1767392147091,4320.740000000000,4320.930000000000,130
1767391200005,9210,1767392147139,4320.720000000000,4320.920000000000,134
1767391200005,9211,1767392147173,4320.720000000000,4320.890000000000,4
1767391200005,9212,1767392147198,4320.630000000000,4320.830000000000,134
1767391200005,9213,1767392147239,4320.620000000000,4320.810000000000,134
1767391200005,9214,1767392147273,4320.610000000000,4320.810000000000,130
1767391200005,9215,1767392147290,4320.600000000000,4320.800000000000,134
1767391200005,9216,1767392147585,4320.650000000000,4320.800000000000,130
1767391200005,9217,1767392147589,4320.680000000000,4320.880000000000,134
1767391200005,9218,1767392147642,4320.690000000000,4320.890000000000,134
1767391200005,9219,1767392147739,4320.620000000000,4320.810000000000,134
1767391200005,9220,1767392147786,4320.610000000000,4320.810000000000,130
1767391200005,9221,1767392148245,4320.550000000000,4320.740000000000,134
1767391200005,9222,1767392148299,4320.550000000000,4320.680000000000,4
1767391200005,9223,1767392148309,4320.480000000000,4320.680000000000,130
1767391200005,9224,1767392148342,4320.500000000000,4320.700000000000,134
1767391200005,9225,1767392148394,4320.510000000000,4320.710000000000,134
1767391200005,9226,1767392148541,4320.500000000000,4320.700000000000,134
1767391200005,9227,1767392149196,4320.460000000000,4320.660000000000,134
1767391200005,9228,1767392149293,4320.450000000000,4320.650000000000,134
1767391200005,9229,1767392149342,4320.440000000000,4320.640000000000,134
1767391200005,9230,1767392149392,4320.460000000000,4320.660000000000,134
1767391200005,9231,1767392149439,4320.450000000000,4320.650000000000,134
1767391200005,9232,1767392149644,4320.540000000000,4320.650000000000,130
1767391200005,9233,1767392149665,4320.540000000000,4320.740000000000,4
1767391200005,9234,1767392149692,4320.530000000000,4320.730000000000,134
1767391200005,9235,1767392149743,4320.500000000000,4320.640000000000,134
1767391200005,9236,1767392149765,4320.440000000000,4320.640000000000,130
1767391200005,9237,1767392149793,4320.420000000000,4320.570000000000,134
1767391200005,9238,1767392149865,4320.370000000000,4320.570000000000,130
1767391200005,9239,1767392149894,4320.400000000000,4320.600000000000,134
1767391200005,9240,1767392149942,4320.360000000000,4320.560000000000,134
1767391200005,9241,1767392149992,4320.430000000000,4320.620000000000,134
1767391200005,9242,1767392150042,4320.420000000000,4320.620000000000,130
1767391200005,9243,1767392150093,4320.440000000000,4320.640000000000,134
1767391200005,9244,1767392150142,4320.420000000000,4320.620000000000,134
1767391200005,9245,1767392150601,4320.410000000000,4320.610000000000,134
1767391200005,9246,1767392150654,4320.400000000000,4320.560000000000,134
1767391200005,9247,1767392150671,4320.360000000000,4320.560000000000,130
1767391200005,9248,1767392150798,4320.390000000000,4320.590000000000,134
1767391200005,9249,1767392150844,4320.360000000000,4320.560000000000,134
1767391200005,9250,1767392151192,4320.420000000000,4320.600000000000,134
1767391200005,9251,1767392151242,4320.350000000000,4320.550000000000,134
1767391200005,9252,1767392151341,4320.360000000000,4320.560000000000,134
1767391200005,9253,1767392151393,4320.340000000000,4320.540000000000,134
1767391200005,9254,1767392151492,4320.350000000000,4320.550000000000,134
1767391200005,9255,1767392151643,4320.330000000000,4320.530000000000,134
1767391200005,9256,1767392151694,4320.340000000000,4320.540000000000,134
1767391200005,9257,1767392151743,4320.330000000000,4320.530000000000,134
1767391200005,9258,1767392151942,4320.340000000000,4320.540000000000,134
1767391200005,9259,1767392152196,4320.330000000000,4320.530000000000,134
1767391200005,9260,1767392152343,4320.390000000000,4320.580000000000,134
1767391200005,9261,1767392152394,4320.410000000000,4320.580000000000,130
1767391200005,9262,1767392152432,4320.410000000000,4320.610000000000,4
1767391200005,9263,1767392152549,4320.380000000000,4320.580000000000,134
1767391200005,9264,1767392152592,4320.370000000000,4320.570000000000,134
1767391200005,9265,1767392152650,4320.370000000000,4320.560000000000,4
1767391200005,9266,1767392152744,4320.370000000000,4320.540000000000,4
1767391200005,9267,1767392152834,4320.340000000000,4320.540000000000,130
1767391200005,9268,1767392152942,4320.360000000000,4320.560000000000,134
1767391200005,9269,1767392152993,4320.350000000000,4320.550000000000,134
1767391200005,9270,1767392153043,4320.360000000000,4320.560000000000,134
1767391200005,9271,1767392153545,4320.390000000000,4320.590000000000,134
1767391200005,9272,1767392153595,4320.350000000000,4320.550000000000,134
1767391200005,9273,1767392153653,4320.420000000000,4320.590000000000,134
1767391200005,9274,1767392153703,4320.440000000000,4320.590000000000,130
1767391200005,9275,1767392153736,4320.440000000000,4320.640000000000,4
1767391200005,9276,1767392153797,4320.450000000000,4320.650000000000,134
1767391200005,9277,1767392153847,4320.460000000000,4320.660000000000,134
1767391200005,9278,1767392153998,4320.490000000000,4320.690000000000,134
1767391200005,9279,1767392154046,4320.500000000000,4320.700000000000,134
1767391200005,9280,1767392154747,4320.490000000000,4320.690000000000,134
1767391200005,9281,1767392154799,4320.500000000000,4320.700000000000,134
1767391200005,9282,1767392154900,4320.490000000000,4320.690000000000,134
1767391200005,9283,1767392154944,4320.490000000000,4320.680000000000,4
1767391200005,9284,1767392154950,4320.450000000000,4320.650000000000,134
1767391200005,9285,1767392155099,4320.460000000000,4320.660000000000,134
1767391200005,9286,1767392155148,4320.440000000000,4320.640000000000,134
1767391200005,9287,1767392155198,4320.390000000000,4320.580000000000,134
1767391200005,9288,1767392155245,4320.380000000000,4320.580000000000,130
1767391200005,9289,1767392155256,4320.370000000000,4320.570000000000,134
1767391200005,9290,1767392155553,4320.440000000000,4320.610000000000,134
1767391200005,9291,1767392155597,4320.450000000000,4320.610000000000,130
1767391200005,9292,1767392155646,4320.430000000000,4320.610000000000,130
1767391200005,9293,1767392155647,4320.430000000000,4320.630000000000,4
1767391200005,9294,1767392155949,4320.430000000000,4320.620000000000,4
1767391200005,9295,1767392156149,4320.430000000000,4320.630000000000,4
1767391200005,9296,1767392156347,4320.500000000000,4320.630000000000,130
1767391200005,9297,1767392156350,4320.500000000000,4320.700000000000,4
1767391200005,9298,1767392156552,4320.500000000000,4320.680000000000,4
1767391200005,9299,1767392156698,4320.480000000000,4320.680000000000,130
1767391200005,9300,1767392156747,4320.470000000000,4320.670000000000,134
1767391200005,9301,1767392156802,4320.460000000000,4320.660000000000,134
1767391200005,9302,1767392157248,4320.490000000000,4320.690000000000,134
1767391200005,9303,1767392157348,4320.460000000000,4320.660000000000,134
1767391200005,9304,1767392157366,4320.460000000000,4320.650000000000,4
1767391200005,9305,1767392157467,4320.460000000000,4320.660000000000,4
1767391200005,9306,1767392157500,4320.440000000000,4320.640000000000,134
1767391200005,9307,1767392157648,4320.420000000000,4320.620000000000,134
1767391200005,9308,1767392158153,4320.450000000000,4320.650000000000,134
1767391200005,9309,1767392158199,4320.450000000000,4320.640000000000,4
1767391200005,9310,1767392158300,4320.450000000000,4320.650000000000,4
1767391200005,9311,1767392160003,4320.450000000000,4320.650000000000,130
