signal_id,symbol,timeframe,magic,signal_time,signal_time_msc,signal_bar_time,side,horizon_minutes,target_time,target_time_msc,observed_time,observed_time_msc,delay_milliseconds,status,entry_bid,entry_ask,entry_mid,entry_spread_points,entry_spread_bps,future_bid,future_ask,future_mid,future_spread_points,future_spread_bps,mid_return_points,executable_return_points,mid_return_bps,executable_return_bps,spread_drag_bps,fast_ema_bar2,slow_ema_bar2,fast_ema_bar1,slow_ema_bar1
1,XAUUSD,PERIOD_M5,26090401,2026.01.02 01:00:01,1767315601203,2026.01.02 01:00:00,BUY,1,2026.01.02 01:01:01,1767315661203,2026.01.02 01:01:01,1767315661325,122,OK,4318.72,4319.16,4318.94,44.0,1.0188,4329.45,4329.89,4329.67,44.0,1.0162,1073.0,1029.0,24.8441,23.8241,1.0200,4313.94225756,4313.99244075,4314.91780605,4314.43130977
1,XAUUSD,PERIOD_M5,26090401,2026.01.02 01:00:01,1767315601203,2026.01.02 01:00:00,BUY,3,2026.01.02 01:03:01,1767315781203,2026.01.02 01:03:01,1767315781663,460,OK,4318.72,4319.16,4318.94,44.0,1.0188,4330.60,4331.04,4330.82,44.0,1.0160,1188.0,1144.0,27.5067,26.4866,1.0201,4313.94225756,4313.99244075,4314.91780605,4314.43130977
1,XAUUSD,PERIOD_M5,26090401,2026.01.02 01:00:01,1767315601203,2026.01.02 01:00:00,BUY,5,2026.01.02 01:05:01,1767315901203,2026.01.02 01:05:01,1767315901661,458,OK,4318.72,4319.16,4318.94,44.0,1.0188,4327.65,4327.74,4327.69,9.0,0.2080,875.5,849.0,20.2712,19.6566,0.6146,4313.94225756,4313.99244075,4314.91780605,4314.43130977
1,XAUUSD,PERIOD_M5,26090401,2026.01.02 01:00:01,1767315601203,2026.01.02 01:00:00,BUY,10,2026.01.02 01:10:01,1767316201203,2026.01.02 01:10:01,1767316201436,233,OK,4318.72,4319.16,4318.94,44.0,1.0188,4333.16,4333.35,4333.26,19.0,0.4385,1431.5,1400.0,33.1447,32.4137,0.7310,4313.94225756,4313.99244075,4314.91780605,4314.43130977
1,XAUUSD,PERIOD_M5,26090401,2026.01.02 01:00:01,1767315601203,2026.01.02 01:00:00,BUY,15,2026.01.02 01:15:01,1767316501203,2026.01.02 01:15:01,1767316501248,45,OK,4318.72,4319.16,4318.94,44.0,1.0188,4330.72,4330.86,4330.79,14.0,0.3233,1185.0,1156.0,27.4373,26.7645,0.6728,4313.94225756,4313.99244075,4314.91780605,4314.43130977
1,XAUUSD,PERIOD_M5,26090401,2026.01.02 01:00:01,1767315601203,2026.01.02 01:00:00,BUY,30,2026.01.02 01:30:01,1767317401203,2026.01.02 01:30:01,1767317401228,25,OK,4318.72,4319.16,4318.94,44.0,1.0188,4341.45,4341.61,4341.53,16.0,0.3685,2259.0,2229.0,52.3045,51.6073,0.6972,4313.94225756,4313.99244075,4314.91780605,4314.43130977
1,XAUUSD,PERIOD_M5,26090401,2026.01.02 01:00:01,1767315601203,2026.01.02 01:00:00,BUY,60,2026.01.02 02:00:01,1767319201203,2026.01.02 02:00:01,1767319201205,2,OK,4318.72,4319.16,4318.94,44.0,1.0188,4349.01,4349.05,4349.03,4.0,0.0920,3009.0,2985.0,69.6699,69.1107,0.5592,4313.94225756,4313.99244075,4314.91780605,4314.43130977
2,XAUUSD,PERIOD_M5,26090401,2026.01.02 08:55:00,1767344100162,2026.01.02 08:55:00,SELL,1,2026.01.02 08:56:00,1767344160162,2026.01.02 08:56:00,1767344160243,81,OK,4374.40,4374.56,4374.48,16.0,0.3658,4375.02,4375.18,4375.10,16.0,0.3657,-62.0,-78.0,-1.4173,-1.7831,0.3658,4376.86217899,4376.62345809,4376.36974319,4376.42132554
2,XAUUSD,PERIOD_M5,26090401,2026.01.02 08:55:00,1767344100162,2026.01.02 08:55:00,SELL,3,2026.01.02 08:58:00,1767344280162,2026.01.02 08:58:00,1767344280831,669,OK,4374.40,4374.56,4374.48,16.0,0.3658,4374.07,4374.24,4374.15,17.0,0.3886,32.5,16.0,0.7429,0.3658,0.3772,4376.86217899,4376.62345809,4376.36974319,4376.42132554
2,XAUUSD,PERIOD_M5,26090401,2026.01.02 08:55:00,1767344100162,2026.01.02 08:55:00,SELL,5,2026.01.02 09:00:00,1767344400162,2026.01.02 09:00:00,1767344400175,13,OK,4374.40,4374.56,4374.48,16.0,0.3658,4374.83,4374.97,4374.90,14.0,0.3200,-42.0,-57.0,-0.9601,-1.3030,0.3429,4376.86217899,4376.62345809,4376.36974319,4376.42132554
2,XAUUSD,PERIOD_M5,26090401,2026.01.02 08:55:00,1767344100162,2026.01.02 08:55:00,SELL,10,2026.01.02 09:05:00,1767344700162,2026.01.02 09:05:00,1767344700218,56,OK,4374.40,4374.56,4374.48,16.0,0.3658,4373.96,4374.10,4374.03,14.0,0.3201,45.0,30.0,1.0287,0.6858,0.3429,4376.86217899,4376.62345809,4376.36974319,4376.42132554
2,XAUUSD,PERIOD_M5,26090401,2026.01.02 08:55:00,1767344100162,2026.01.02 08:55:00,SELL,15,2026.01.02 09:10:00,1767345000162,2026.01.02 09:10:00,1767345000181,19,OK,4374.40,4374.56,4374.48,16.0,0.3658,4373.00,4373.11,4373.06,11.0,0.2515,142.5,129.0,3.2575,2.9490,0.3086,4376.86217899,4376.62345809,4376.36974319,4376.42132554
2,XAUUSD,PERIOD_M5,26090401,2026.01.02 08:55:00,1767344100162,2026.01.02 08:55:00,SELL,30,2026.01.02 09:25:00,1767345900162,2026.01.02 09:25:00,1767345900162,0,OK,4374.40,4374.56,4374.48,16.0,0.3658,4372.55,4372.73,4372.64,18.0,0.4117,184.0,167.0,4.2062,3.8177,0.3885,4376.86217899,4376.62345809,4376.36974319,4376.42132554
3,XAUUSD,PERIOD_M5,26090401,2026.01.02 09:40:00,1767346800005,2026.01.02 09:40:00,BUY,1,2026.01.02 09:41:00,1767346860005,2026.01.02 09:41:00,1767346860045,40,OK,4379.76,4379.89,4379.83,13.0,0.2968,4377.47,4377.61,4377.54,14.0,0.3198,-228.5,-242.0,-5.2171,-5.5253,0.3081,4375.51054308,4375.70749660,4376.36043446,4376.07590600
3,XAUUSD,PERIOD_M5,26090401,2026.01.02 09:40:00,1767346800005,2026.01.02 09:40:00,BUY,3,2026.01.02 09:43:00,1767346980005,2026.01.02 09:43:00,1767346980034,29,OK,4379.76,4379.89,4379.83,13.0,0.2968,4376.30,4376.40,4376.35,10.0,0.2285,-347.5,-359.0,-7.9341,-8.1966,0.2624,4375.51054308,4375.70749660,4376.36043446,4376.07590600
3,XAUUSD,PERIOD_M5,26090401,2026.01.02 09:40:00,1767346800005,2026.01.02 09:40:00,BUY,5,2026.01.02 09:45:00,1767347100005,2026.01.02 09:45:00,1767347100146,141,OK,4379.76,4379.89,4379.83,13.0,0.2968,4375.80,4375.92,4375.86,12.0,0.2742,-396.5,-409.0,-9.0529,-9.3381,0.2853,4375.51054308,4375.70749660,4376.36043446,4376.07590600
3,XAUUSD,PERIOD_M5,26090401,2026.01.02 09:40:00,1767346800005,2026.01.02 09:40:00,BUY,10,2026.01.02 09:50:00,1767347400005,2026.01.02 09:50:00,1767347400019,14,OK,4379.76,4379.89,4379.83,13.0,0.2968,4377.09,4377.21,4377.15,12.0,0.2742,-267.5,-280.0,-6.1075,-6.3929,0.2853,4375.51054308,4375.70749660,4376.36043446,4376.07590600
3,XAUUSD,PERIOD_M5,26090401,2026.01.02 09:40:00,1767346800005,2026.01.02 09:40:00,BUY,15,2026.01.02 09:55:00,1767347700005,2026.01.02 09:55:00,1767347700023,18,OK,4379.76,4379.89,4379.83,13.0,0.2968,4380.45,4380.58,4380.51,13.0,0.2968,69.0,56.0,1.5754,1.2786,0.2968,4375.51054308,4375.70749660,4376.36043446,4376.07590600
2,XAUUSD,PERIOD_M5,26090401,2026.01.02 08:55:00,1767344100162,2026.01.02 08:55:00,SELL,60,2026.01.02 09:55:00,1767347700162,2026.01.02 09:55:00,1767347700224,62,OK,4374.40,4374.56,4374.48,16.0,0.3658,4380.48,4380.59,4380.53,11.0,0.2511,-605.5,-619.0,-13.8416,-14.1505,0.3089,4376.86217899,4376.62345809,4376.36974319,4376.42132554
3,XAUUSD,PERIOD_M5,26090401,2026.01.02 09:40:00,1767346800005,2026.01.02 09:40:00,BUY,30,2026.01.02 10:10:00,1767348600005,2026.01.02 10:10:00,1767348600039,34,OK,4379.76,4379.89,4379.83,13.0,0.2968,4385.99,4386.09,4386.04,10.0,0.2280,621.5,610.0,14.1901,13.9273,0.2628,4375.51054308,4375.70749660,4376.36043446,4376.07590600
3,XAUUSD,PERIOD_M5,26090401,2026.01.02 09:40:00,1767346800005,2026.01.02 09:40:00,BUY,60,2026.01.02 10:40:00,1767350400005,2026.01.02 10:40:00,1767350400009,4,OK,4379.76,4379.89,4379.83,13.0,0.2968,4388.71,4388.90,4388.81,19.0,0.4329,898.0,882.0,20.5031,20.1375,0.3656,4375.51054308,4375.70749660,4376.36043446,4376.07590600
4,XAUUSD,PERIOD_M5,26090401,2026.01.02 14:45:00,1767365100039,2026.01.02 14:45:00,SELL,1,2026.01.02 14:46:00,1767365160039,2026.01.02 14:46:00,1767365160170,131,OK,4388.12,4388.28,4388.20,16.0,0.3646,4387.20,4387.28,4387.24,8.0,0.1823,96.0,84.0,2.1877,1.9143,0.2734,4394.14132579,4393.81885132,4392.93706064,4393.30077393
4,XAUUSD,PERIOD_M5,26090401,2026.01.02 14:45:00,1767365100039,2026.01.02 14:45:00,SELL,3,2026.01.02 14:48:00,1767365280039,2026.01.02 14:48:00,1767365280045,6,OK,4388.12,4388.28,4388.20,16.0,0.3646,4387.37,4387.51,4387.44,14.0,0.3191,76.0,61.0,1.7319,1.3901,0.3418,4394.14132579,4393.81885132,4392.93706064,4393.30077393
4,XAUUSD,PERIOD_M5,26090401,2026.01.02 14:45:00,1767365100039,2026.01.02 14:45:00,SELL,5,2026.01.02 14:50:00,1767365400039,2026.01.02 14:50:01,1767365401262,1223,OK,4388.12,4388.28,4388.20,16.0,0.3646,4387.91,4388.09,4388.00,18.0,0.4102,20.0,3.0,0.4558,0.0684,0.3874,4394.14132579,4393.81885132,4392.93706064,4393.30077393
4,XAUUSD,PERIOD_M5,26090401,2026.01.02 14:45:00,1767365100039,2026.01.02 14:45:00,SELL,10,2026.01.02 14:55:00,1767365700039,2026.01.02 14:55:00,1767365700087,48,OK,4388.12,4388.28,4388.20,16.0,0.3646,4389.98,4390.12,4390.05,14.0,0.3189,-185.0,-200.0,-4.2159,-4.5578,0.3419,4394.14132579,4393.81885132,4392.93706064,4393.30077393
4,XAUUSD,PERIOD_M5,26090401,2026.01.02 14:45:00,1767365100039,2026.01.02 14:45:00,SELL,15,2026.01.02 15:00:00,1767366000039,2026.01.02 15:00:00,1767366000071,32,OK,4388.12,4388.28,4388.20,16.0,0.3646,4394.39,4394.57,4394.48,18.0,0.4096,-628.0,-645.0,-14.3111,-14.6988,0.3877,4394.14132579,4393.81885132,4392.93706064,4393.30077393
5,XAUUSD,PERIOD_M5,26090401,2026.01.02 15:05:00,1767366300346,2026.01.02 15:05:00,BUY,1,2026.01.02 15:06:00,1767366360346,2026.01.02 15:06:00,1767366360539,193,OK,4397.55,4397.71,4397.63,16.0,0.3638,4397.66,4397.83,4397.74,17.0,0.3866,11.5,-5.0,0.2615,-0.1137,0.3752,4392.11033505,4392.72017575,4393.19626804,4393.15834159
5,XAUUSD,PERIOD_M5,26090401,2026.01.02 15:05:00,1767366300346,2026.01.02 15:05:00,BUY,3,2026.01.02 15:08:00,1767366480346,2026.01.02 15:08:00,1767366480668,322,OK,4397.55,4397.71,4397.63,16.0,0.3638,4397.19,4397.38,4397.28,19.0,0.4321,-34.5,-52.0,-0.7845,-1.1824,0.3979,4392.11033505,4392.72017575,4393.19626804,4393.15834159
5,XAUUSD,PERIOD_M5,26090401,2026.01.02 15:05:00,1767366300346,2026.01.02 15:05:00,BUY,5,2026.01.02 15:10:00,1767366600346,2026.01.02 15:10:00,1767366600403,57,OK,4397.55,4397.71,4397.63,16.0,0.3638,4397.23,4397.42,4397.32,19.0,0.4321,-30.5,-48.0,-0.6936,-1.0915,0.3979,4392.11033505,4392.72017575,4393.19626804,4393.15834159
5,XAUUSD,PERIOD_M5,26090401,2026.01.02 15:05:00,1767366300346,2026.01.02 15:05:00,BUY,10,2026.01.02 15:15:00,1767366900346,2026.01.02 15:15:00,1767366900351,5,OK,4397.55,4397.71,4397.63,16.0,0.3638,4399.76,4399.90,4399.83,14.0,0.3182,220.0,205.0,5.0027,4.6615,0.3412,4392.11033505,4392.72017575,4393.19626804,4393.15834159
4,XAUUSD,PERIOD_M5,26090401,2026.01.02 14:45:00,1767365100039,2026.01.02 14:45:00,SELL,30,2026.01.02 15:15:00,1767366900039,2026.01.02 15:15:00,1767366900062,23,OK,4388.12,4388.28,4388.20,16.0,0.3646,4399.83,4399.94,4399.89,11.0,0.2500,-1168.5,-1182.0,-26.6282,-26.9364,0.3081,4394.14132579,4393.81885132,4392.93706064,4393.30077393
5,XAUUSD,PERIOD_M5,26090401,2026.01.02 15:05:00,1767366300346,2026.01.02 15:05:00,BUY,15,2026.01.02 15:20:00,1767367200346,2026.01.02 15:20:00,1767367200379,33,OK,4397.55,4397.71,4397.63,16.0,0.3638,4399.00,4399.05,4399.02,5.0,0.1137,139.5,129.0,3.1722,2.9333,0.2388,4392.11033505,4392.72017575,4393.19626804,4393.15834159
6,XAUUSD,PERIOD_M5,26090401,2026.01.02 15:25:00,1767367500039,2026.01.02 15:25:00,SELL,1,2026.01.02 15:26:00,1767367560039,2026.01.02 15:26:00,1767367560175,136,OK,4381.48,4381.63,4381.56,15.0,0.3423,4382.21,4382.40,4382.31,19.0,0.4336,-75.0,-92.0,-1.7117,-2.0997,0.3880,4395.90872923,4394.53486972,4393.02298339,4393.34806338
6,XAUUSD,PERIOD_M5,26090401,2026.01.02 15:25:00,1767367500039,2026.01.02 15:25:00,SELL,3,2026.01.02 15:28:00,1767367680039,2026.01.02 15:28:00,1767367680070,31,OK,4381.48,4381.63,4381.56,15.0,0.3423,4380.53,4380.69,4380.61,16.0,0.3652,94.5,79.0,2.1568,1.8030,0.3537,4395.90872923,4394.53486972,4393.02298339,4393.34806338
6,XAUUSD,PERIOD_M5,26090401,2026.01.02 15:25:00,1767367500039,2026.01.02 15:25:00,SELL,5,2026.01.02 15:30:00,1767367800039,2026.01.02 15:30:00,1767367800047,8,OK,4381.48,4381.63,4381.56,15.0,0.3423,4374.50,4374.62,4374.56,12.0,0.2743,699.5,686.0,15.9647,15.6568,0.3078,4395.90872923,4394.53486972,4393.02298339,4393.34806338
6,XAUUSD,PERIOD_M5,26090401,2026.01.02 15:25:00,1767367500039,2026.01.02 15:25:00,SELL,10,2026.01.02 15:35:00,1767368100039,2026.01.02 15:35:00,1767368100111,72,OK,4381.48,4381.63,4381.56,15.0,0.3423,4372.96,4373.08,4373.02,12.0,0.2744,853.5,840.0,19.4794,19.1716,0.3078,4395.90872923,4394.53486972,4393.02298339,4393.34806338
5,XAUUSD,PERIOD_M5,26090401,2026.01.02 15:05:00,1767366300346,2026.01.02 15:05:00,BUY,30,2026.01.02 15:35:00,1767368100346,2026.01.02 15:35:00,1767368100361,15,OK,4397.55,4397.71,4397.63,16.0,0.3638,4373.15,4373.19,4373.17,4.0,0.0915,-2446.0,-2456.0,-55.6209,-55.8472,0.2264,4392.11033505,4392.72017575,4393.19626804,4393.15834159
6,XAUUSD,PERIOD_M5,26090401,2026.01.02 15:25:00,1767367500039,2026.01.02 15:25:00,SELL,15,2026.01.02 15:40:00,1767368400039,2026.01.02 15:40:00,1767368400071,32,OK,4381.48,4381.63,4381.56,15.0,0.3423,4369.67,4369.81,4369.74,14.0,0.3204,1181.5,1167.0,26.9653,26.6348,0.3305,4395.90872923,4394.53486972,4393.02298339,4393.34806338
4,XAUUSD,PERIOD_M5,26090401,2026.01.02 14:45:00,1767365100039,2026.01.02 14:45:00,SELL,60,2026.01.02 15:45:00,1767368700039,2026.01.02 15:45:00,1767368700073,34,OK,4388.12,4388.28,4388.20,16.0,0.3646,4372.63,4372.79,4372.71,16.0,0.3659,1549.0,1533.0,35.2992,34.9352,0.3640,4394.14132579,4393.81885132,4392.93706064,4393.30077393
6,XAUUSD,PERIOD_M5,26090401,2026.01.02 15:25:00,1767367500039,2026.01.02 15:25:00,SELL,30,2026.01.02 15:55:00,1767369300039,2026.01.02 15:55:00,1767369300047,8,OK,4381.48,4381.63,4381.56,15.0,0.3423,4366.74,4366.90,4366.82,16.0,0.3664,1473.5,1458.0,33.6296,33.2764,0.3532,4395.90872923,4394.53486972,4393.02298339,4393.34806338
5,XAUUSD,PERIOD_M5,26090401,2026.01.02 15:05:00,1767366300346,2026.01.02 15:05:00,BUY,60,2026.01.02 16:05:00,1767369900346,2026.01.02 16:05:00,1767369900410,64,OK,4397.55,4397.71,4397.63,16.0,0.3638,4371.56,4371.74,4371.65,18.0,0.4117,-2598.0,-2615.0,-59.0773,-59.4628,0.3855,4392.11033505,4392.72017575,4393.19626804,4393.15834159
6,XAUUSD,PERIOD_M5,26090401,2026.01.02 15:25:00,1767367500039,2026.01.02 15:25:00,SELL,60,2026.01.02 16:25:00,1767371100039,2026.01.02 16:25:00,1767371100128,89,OK,4381.48,4381.63,4381.56,15.0,0.3423,4368.73,4368.77,4368.75,4.0,0.0916,1280.5,1271.0,29.2248,29.0085,0.2163,4395.90872923,4394.53486972,4393.02298339,4393.34806338
7,XAUUSD,PERIOD_M5,26090401,2026.01.02 21:45:00,1767390300060,2026.01.02 21:45:00,BUY,1,2026.01.02 21:46:00,1767390360060,2026.01.02 21:46:00,1767390360074,14,OK,4322.79,4322.88,4322.84,9.0,0.2082,4320.30,4320.44,4320.37,14.0,0.3240,-246.5,-258.0,-5.7023,-5.9682,0.2660,4319.98495772,4320.24172573,4320.54596617,4320.47338703
7,XAUUSD,PERIOD_M5,26090401,2026.01.02 21:45:00,1767390300060,2026.01.02 21:45:00,BUY,3,2026.01.02 21:48:00,1767390480060,2026.01.02 21:48:00,1767390480369,309,OK,4322.79,4322.88,4322.84,9.0,0.2082,4321.80,4321.94,4321.87,14.0,0.3239,-96.5,-108.0,-2.2323,-2.4983,0.2660,4319.98495772,4320.24172573,4320.54596617,4320.47338703
7,XAUUSD,PERIOD_M5,26090401,2026.01.02 21:45:00,1767390300060,2026.01.02 21:45:00,BUY,5,2026.01.02 21:50:00,1767390600060,2026.01.02 21:50:00,1767390600098,38,OK,4322.79,4322.88,4322.84,9.0,0.2082,4321.13,4321.31,4321.22,18.0,0.4165,-161.5,-175.0,-3.7360,-4.0482,0.3123,4319.98495772,4320.24172573,4320.54596617,4320.47338703
7,XAUUSD,PERIOD_M5,26090401,2026.01.02 21:45:00,1767390300060,2026.01.02 21:45:00,BUY,10,2026.01.02 21:55:00,1767390900060,2026.01.02 21:55:00,1767390900124,64,OK,4322.79,4322.88,4322.84,9.0,0.2082,4319.92,4320.09,4320.01,17.0,0.3935,-283.0,-296.0,-6.5466,-6.8473,0.3007,4319.98495772,4320.24172573,4320.54596617,4320.47338703
8,XAUUSD,PERIOD_M5,26090401,2026.01.02 22:00:00,1767391200005,2026.01.02 22:00:00,SELL,1,2026.01.02 22:01:00,1767391260005,2026.01.02 22:01:00,1767391260130,125,OK,4318.18,4318.28,4318.23,10.0,0.2316,4317.83,4318.03,4317.93,20.0,0.4632,30.0,15.0,0.6947,0.3474,0.3474,4320.52821835,4320.48370829,4320.05857468,4320.27428026
8,XAUUSD,PERIOD_M5,26090401,2026.01.02 22:00:00,1767391200005,2026.01.02 22:00:00,SELL,3,2026.01.02 22:03:00,1767391380005,2026.01.02 22:03:00,1767391380038,33,OK,4318.18,4318.28,4318.23,10.0,0.2316,4318.17,4318.31,4318.24,14.0,0.3242,-1.0,-13.0,-0.0232,-0.3011,0.2779,4320.52821835,4320.48370829,4320.05857468,4320.27428026
7,XAUUSD,PERIOD_M5,26090401,2026.01.02 21:45:00,1767390300060,2026.01.02 21:45:00,BUY,15,2026.01.02 22:00:00,1767391200060,2026.01.02 22:00:00,1767391200082,22,OK,4322.79,4322.88,4322.84,9.0,0.2082,4318.12,4318.26,4318.19,14.0,0.3242,-464.5,-476.0,-10.7453,-11.0112,0.2659,4319.98495772,4320.24172573,4320.54596617,4320.47338703
8,XAUUSD,PERIOD_M5,26090401,2026.01.02 22:00:00,1767391200005,2026.01.02 22:00:00,SELL,5,2026.01.02 22:05:00,1767391500005,2026.01.02 22:05:00,1767391500036,31,OK,4318.18,4318.28,4318.23,10.0,0.2316,4318.76,4318.94,4318.85,18.0,0.4168,-62.0,-76.0,-1.4358,-1.7600,0.3242,4320.52821835,4320.48370829,4320.05857468,4320.27428026
8,XAUUSD,PERIOD_M5,26090401,2026.01.02 22:00:00,1767391200005,2026.01.02 22:00:00,SELL,10,2026.01.02 22:10:00,1767391800005,2026.01.02 22:10:00,1767391800110,105,OK,4318.18,4318.28,4318.23,10.0,0.2316,4319.28,4319.48,4319.38,20.0,0.4630,-115.0,-130.0,-2.6631,-3.0105,0.3474,4320.52821835,4320.48370829,4320.05857468,4320.27428026
8,XAUUSD,PERIOD_M5,26090401,2026.01.02 22:00:00,1767391200005,2026.01.02 22:00:00,SELL,15,2026.01.02 22:15:00,1767392100005,2026.01.02 22:15:00,1767392100033,28,OK,4318.18,4318.28,4318.23,10.0,0.2316,4320.01,4320.21,4320.11,20.0,0.4630,-188.0,-203.0,-4.3536,-4.7011,0.3474,4320.52821835,4320.48370829,4320.05857468,4320.27428026
7,XAUUSD,PERIOD_M5,26090401,2026.01.02 21:45:00,1767390300060,2026.01.02 21:45:00,BUY,30,2026.01.02 22:15:00,1767392100060,2026.01.02 22:15:00,1767392100128,68,OK,4322.79,4322.88,4322.84,9.0,0.2082,4320.00,4320.20,4320.10,20.0,0.4630,-273.5,-288.0,-6.3269,-6.6622,0.3354,4319.98495772,4320.24172573,4320.54596617,4320.47338703
9,XAUUSD,PERIOD_M5,26090401,2026.01.02 22:20:00,1767392400008,2026.01.02 22:20:00,BUY,1,2026.01.02 22:21:00,1767392460008,2026.01.02 22:21:00,1767392460043,35,OK,4322.37,4322.57,4322.47,20.0,0.4627,4324.75,4324.95,4324.85,20.0,0.4624,238.0,218.0,5.5061,5.0433,0.4628,4319.75679024,4320.05356143,4320.27543219,4320.26232857
9,XAUUSD,PERIOD_M5,26090401,2026.01.02 22:20:00,1767392400008,2026.01.02 22:20:00,BUY,3,2026.01.02 22:23:00,1767392580008,2026.01.02 22:23:00,1767392580039,31,OK,4322.37,4322.57,4322.47,20.0,0.4627,4325.26,4325.46,4325.36,20.0,0.4624,289.0,269.0,6.6860,6.2231,0.4628,4319.75679024,4320.05356143,4320.27543219,4320.26232857
9,XAUUSD,PERIOD_M5,26090401,2026.01.02 22:20:00,1767392400008,2026.01.02 22:20:00,BUY,5,2026.01.02 22:25:00,1767392700008,2026.01.02 22:25:00,1767392700026,18,OK,4322.37,4322.57,4322.47,20.0,0.4627,4326.27,4326.47,4326.37,20.0,0.4623,390.0,370.0,9.0226,8.5597,0.4629,4319.75679024,4320.05356143,4320.27543219,4320.26232857
9,XAUUSD,PERIOD_M5,26090401,2026.01.02 22:20:00,1767392400008,2026.01.02 22:20:00,BUY,10,2026.01.02 22:30:00,1767393000008,2026.01.02 22:30:00,1767393000009,1,OK,4322.37,4322.57,4322.47,20.0,0.4627,4328.52,4328.70,4328.61,18.0,0.4158,614.0,595.0,14.2048,13.7650,0.4399,4319.75679024,4320.05356143,4320.27543219,4320.26232857
8,XAUUSD,PERIOD_M5,26090401,2026.01.02 22:00:00,1767391200005,2026.01.02 22:00:00,SELL,30,2026.01.02 22:30:00,1767393000005,2026.01.02 22:30:00,1767393000009,4,OK,4318.18,4318.28,4318.23,10.0,0.2316,4328.52,4328.70,4328.61,18.0,0.4158,-1038.0,-1052.0,-24.0376,-24.3621,0.3245,4320.52821835,4320.48370829,4320.05857468,4320.27428026
9,XAUUSD,PERIOD_M5,26090401,2026.01.02 22:20:00,1767392400008,2026.01.02 22:20:00,BUY,15,2026.01.02 22:35:00,1767393300008,2026.01.02 22:35:00,1767393300195,187,OK,4322.37,4322.57,4322.47,20.0,0.4627,4327.77,4327.97,4327.87,20.0,0.4621,540.0,520.0,12.4929,12.0299,0.4630,4319.75679024,4320.05356143,4320.27543219,4320.26232857
7,XAUUSD,PERIOD_M5,26090401,2026.01.02 21:45:00,1767390300060,2026.01.02 21:45:00,BUY,60,2026.01.02 22:45:00,1767393900060,2026.01.02 22:45:00,1767393900077,17,OK,4322.79,4322.88,4322.84,9.0,0.2082,4327.00,4327.20,4327.10,20.0,0.4622,426.5,412.0,9.8662,9.5307,0.3355,4319.98495772,4320.24172573,4320.54596617,4320.47338703
9,XAUUSD,PERIOD_M5,26090401,2026.01.02 22:20:00,1767392400008,2026.01.02 22:20:00,BUY,30,2026.01.02 22:50:00,1767394200008,2026.01.02 22:50:00,1767394200011,3,OK,4322.37,4322.57,4322.47,20.0,0.4627,4327.27,4327.42,4327.35,15.0,0.3466,487.5,470.0,11.2783,10.8732,0.4051,4319.75679024,4320.05356143,4320.27543219,4320.26232857
8,XAUUSD,PERIOD_M5,26090401,2026.01.02 22:00:00,1767391200005,2026.01.02 22:00:00,SELL,60,2026.01.02 23:00:00,1767394800005,2026.01.02 23:00:00,1767394800027,22,OK,4318.18,4318.28,4318.23,10.0,0.2316,4331.52,4331.67,4331.60,15.0,0.3463,-1336.5,-1349.0,-30.9502,-31.2400,0.2898,4320.52821835,4320.48370829,4320.05857468,4320.27428026
9,XAUUSD,PERIOD_M5,26090401,2026.01.02 22:20:00,1767392400008,2026.01.02 22:20:00,BUY,60,2026.01.02 23:20:00,1767396000008,2026.01.02 23:20:00,1767396000959,951,OK,4322.37,4322.57,4322.47,20.0,0.4627,4328.43,4328.70,4328.57,27.0,0.6238,609.5,586.0,14.1007,13.5567,0.5440,4319.75679024,4320.05356143,4320.27543219,4320.26232857
10,XAUUSD,PERIOD_M5,26090401,2026.01.05 06:15:00,1767593700076,2026.01.05 06:15:00,SELL,1,2026.01.05 06:16:00,1767593760076,2026.01.05 06:16:00,1767593760089,13,OK,4400.10,4400.20,4400.15,10.0,0.2273,4402.33,4402.38,4402.35,5.0,0.1136,-220.5,-228.0,-5.0112,-5.1817,0.1705,4404.27339790,4403.95015827,4403.43871832,4403.60014388
10,XAUUSD,PERIOD_M5,26090401,2026.01.05 06:15:00,1767593700076,2026.01.05 06:15:00,SELL,3,2026.01.05 06:18:00,1767593880076,2026.01.05 06:18:00,1767593880142,66,OK,4400.10,4400.20,4400.15,10.0,0.2273,4403.35,4403.57,4403.46,22.0,0.4996,-331.0,-347.0,-7.5225,-7.8862,0.3637,4404.27339790,4403.95015827,4403.43871832,4403.60014388
10,XAUUSD,PERIOD_M5,26090401,2026.01.05 06:15:00,1767593700076,2026.01.05 06:15:00,SELL,5,2026.01.05 06:20:00,1767594000076,2026.01.05 06:20:00,1767594000397,321,OK,4400.10,4400.20,4400.15,10.0,0.2273,4403.02,4403.21,4403.11,19.0,0.4315,-296.5,-311.0,-6.7384,-7.0680,0.3296,4404.27339790,4403.95015827,4403.43871832,4403.60014388
11,XAUUSD,PERIOD_M5,26090401,2026.01.05 06:25:00,1767594300072,2026.01.05 06:25:00,BUY,1,2026.01.05 06:26:00,1767594360072,2026.01.05 06:26:00,1767594360106,34,OK,4405.24,4405.32,4405.28,8.0,0.1816,4405.06,4405.17,4405.11,11.0,0.2497,-16.5,-26.0,-0.3746,-0.5902,0.2156,4403.35497466,4403.54740353,4403.73197972,4403.70127594
11,XAUUSD,PERIOD_M5,26090401,2026.01.05 06:25:00,1767594300072,2026.01.05 06:25:00,BUY,3,2026.01.05 06:28:00,1767594480072,2026.01.05 06:28:00,1767594480245,173,OK,4405.24,4405.32,4405.28,8.0,0.1816,4405.39,4405.51,4405.45,12.0,0.2724,17.0,7.0,0.3859,0.1589,0.2270,4403.35497466,4403.54740353,4403.73197972,4403.70127594
10,XAUUSD,PERIOD_M5,26090401,2026.01.05 06:15:00,1767593700076,2026.01.05 06:15:00,SELL,10,2026.01.05 06:25:00,1767594300076,2026.01.05 06:25:00,1767594300076,0,OK,4400.10,4400.20,4400.15,10.0,0.2273,4405.29,4405.33,4405.31,4.0,0.0908,-516.0,-523.0,-11.7269,-11.8861,0.1592,4404.27339790,4403.95015827,4403.43871832,4403.60014388
11,XAUUSD,PERIOD_M5,26090401,2026.01.05 06:25:00,1767594300072,2026.01.05 06:25:00,BUY,5,2026.01.05 06:30:00,1767594600072,2026.01.05 06:30:00,1767594600093,21,OK,4405.24,4405.32,4405.28,8.0,0.1816,4404.88,4405.07,4404.98,19.0,0.4313,-30.5,-44.0,-0.6924,-0.9988,0.3064,4403.35497466,4403.54740353,4403.73197972,4403.70127594
10,XAUUSD,PERIOD_M5,26090401,2026.01.05 06:15:00,1767593700076,2026.01.05 06:15:00,SELL,15,2026.01.05 06:30:00,1767594600076,2026.01.05 06:30:00,1767594600093,17,OK,4400.10,4400.20,4400.15,10.0,0.2273,4404.88,4405.07,4404.98,19.0,0.4313,-482.5,-497.0,-10.9655,-11.2952,0.3297,4404.27339790,4403.95015827,4403.43871832,4403.60014388
11,XAUUSD,PERIOD_M5,26090401,2026.01.05 06:25:00,1767594300072,2026.01.05 06:25:00,BUY,10,2026.01.05 06:35:00,1767594900072,2026.01.05 06:35:00,1767594900080,8,OK,4405.24,4405.32,4405.28,8.0,0.1816,4405.08,4405.19,4405.14,11.0,0.2497,-14.5,-24.0,-0.3292,-0.5448,0.2156,4403.35497466,4403.54740353,4403.73197972,4403.70127594
11,XAUUSD,PERIOD_M5,26090401,2026.01.05 06:25:00,1767594300072,2026.01.05 06:25:00,BUY,15,2026.01.05 06:40:00,1767595200072,2026.01.05 06:40:00,1767595200415,343,OK,4405.24,4405.32,4405.28,8.0,0.1816,4405.64,4405.85,4405.75,21.0,0.4767,46.5,32.0,1.0556,0.7264,0.3292,4403.35497466,4403.54740353,4403.73197972,4403.70127594
10,XAUUSD,PERIOD_M5,26090401,2026.01.05 06:15:00,1767593700076,2026.01.05 06:15:00,SELL,30,2026.01.05 06:45:00,1767595500076,2026.01.05 06:45:00,1767595500094,18,OK,4400.10,4400.20,4400.15,10.0,0.2273,4405.79,4405.94,4405.86,15.0,0.3405,-571.5,-584.0,-12.9882,-13.2724,0.2842,4404.27339790,4403.95015827,4403.43871832,4403.60014388
11,XAUUSD,PERIOD_M5,26090401,2026.01.05 06:25:00,1767594300072,2026.01.05 06:25:00,BUY,30,2026.01.05 06:55:00,1767596100072,2026.01.05 06:55:00,1767596100088,16,OK,4405.24,4405.32,4405.28,8.0,0.1816,4403.78,4403.95,4403.86,17.0,0.3860,-141.5,-154.0,-3.2121,-3.4958,0.2837,4403.35497466,4403.54740353,4403.73197972,4403.70127594
10,XAUUSD,PERIOD_M5,26090401,2026.01.05 06:15:00,1767593700076,2026.01.05 06:15:00,SELL,60,2026.01.05 07:15:00,1767597300076,2026.01.05 07:15:00,1767597300266,190,OK,4400.10,4400.20,4400.15,10.0,0.2273,4408.23,4408.38,4408.31,15.0,0.3403,-815.5,-828.0,-18.5335,-18.8178,0.2843,4404.27339790,4403.95015827,4403.43871832,4403.60014388
11,XAUUSD,PERIOD_M5,26090401,2026.01.05 06:25:00,1767594300072,2026.01.05 06:25:00,BUY,60,2026.01.05 07:25:00,1767597900072,2026.01.05 07:25:00,1767597900118,46,OK,4405.24,4405.32,4405.28,8.0,0.1816,4408.22,4408.37,4408.30,15.0,0.3403,301.5,290.0,6.8441,6.5829,0.2611,4403.35497466,4403.54740353,4403.73197972,4403.70127594
12,XAUUSD,PERIOD_M5,26090401,2026.01.05 13:20:00,1767619200021,2026.01.05 13:20:00,SELL,1,2026.01.05 13:21:00,1767619260021,2026.01.05 13:21:00,1767619260036,15,OK,4427.69,4427.83,4427.76,14.0,0.3162,4430.12,4430.26,4430.19,14.0,0.3160,-243.0,-257.0,-5.4881,-5.8044,0.3163,4434.08935124,4433.45910513,4432.79748099,4432.92918649
12,XAUUSD,PERIOD_M5,26090401,2026.01.05 13:20:00,1767619200021,2026.01.05 13:20:00,SELL,3,2026.01.05 13:23:00,1767619380021,2026.01.05 13:23:00,1767619380087,66,OK,4427.69,4427.83,4427.76,14.0,0.3162,4430.51,4430.64,4430.58,13.0,0.2934,-281.5,-295.0,-6.3576,-6.6626,0.3050,4434.08935124,4433.45910513,4432.79748099,4432.92918649
12,XAUUSD,PERIOD_M5,26090401,2026.01.05 13:20:00,1767619200021,2026.01.05 13:20:00,SELL,5,2026.01.05 13:25:00,1767619500021,2026.01.05 13:25:00,1767619500138,117,OK,4427.69,4427.83,4427.76,14.0,0.3162,4427.89,4428.03,4427.96,14.0,0.3162,-20.0,-34.0,-0.4517,-0.7679,0.3162,4434.08935124,4433.45910513,4432.79748099,4432.92918649
12,XAUUSD,PERIOD_M5,26090401,2026.01.05 13:20:00,1767619200021,2026.01.05 13:20:00,SELL,10,2026.01.05 13:30:00,1767619800021,2026.01.05 13:30:00,1767619800102,81,OK,4427.69,4427.83,4427.76,14.0,0.3162,4417.22,4417.40,4417.31,18.0,0.4075,1045.0,1029.0,23.6011,23.2401,0.3610,4434.08935124,4433.45910513,4432.79748099,4432.92918649
12,XAUUSD,PERIOD_M5,26090401,2026.01.05 13:20:00,1767619200021,2026.01.05 13:20:00,SELL,15,2026.01.05 13:35:00,1767620100021,2026.01.05 13:35:00,1767620100258,237,OK,4427.69,4427.83,4427.76,14.0,0.3162,4420.01,4420.19,4420.10,18.0,0.4072,766.0,750.0,17.2999,16.9389,0.3611,4434.08935124,4433.45910513,4432.79748099,4432.92918649
12,XAUUSD,PERIOD_M5,26090401,2026.01.05 13:20:00,1767619200021,2026.01.05 13:20:00,SELL,30,2026.01.05 13:50:00,1767621000021,2026.01.05 13:50:00,1767621000093,72,OK,4427.69,4427.83,4427.76,14.0,0.3162,4425.96,4426.07,4426.01,11.0,0.2485,174.5,162.0,3.9410,3.6588,0.2823,4434.08935124,4433.45910513,4432.79748099,4432.92918649
12,XAUUSD,PERIOD_M5,26090401,2026.01.05 13:20:00,1767619200021,2026.01.05 13:20:00,SELL,60,2026.01.05 14:20:00,1767622800021,2026.01.05 14:20:00,1767622800229,208,OK,4427.69,4427.83,4427.76,14.0,0.3162,4418.03,4418.16,4418.09,13.0,0.2942,966.5,953.0,21.8282,21.5236,0.3046,4434.08935124,4433.45910513,4432.79748099,4432.92918649
13,XAUUSD,PERIOD_M5,26090401,2026.01.05 16:05:00,1767629100008,2026.01.05 16:05:00,BUY,1,2026.01.05 16:06:00,1767629160008,2026.01.05 16:06:00,1767629160047,39,OK,4422.51,4422.60,4422.56,9.0,0.2035,4421.47,4421.66,4421.57,19.0,0.4297,-99.0,-113.0,-2.2385,-2.5551,0.3165,4412.14447276,4413.19143842,4414.21757821,4414.03858038
13,XAUUSD,PERIOD_M5,26090401,2026.01.05 16:05:00,1767629100008,2026.01.05 16:05:00,BUY,3,2026.01.05 16:08:00,1767629280008,2026.01.05 16:08:00,1767629280038,30,OK,4422.51,4422.60,4422.56,9.0,0.2035,4423.38,4423.47,4423.43,9.0,0.2035,87.0,78.0,1.9672,1.7637,0.2035,4412.14447276,4413.19143842,4414.21757821,4414.03858038
13,XAUUSD,PERIOD_M5,26090401,2026.01.05 16:05:00,1767629100008,2026.01.05 16:05:00,BUY,5,2026.01.05 16:10:00,1767629400008,2026.01.05 16:10:00,1767629400057,49,OK,4422.51,4422.60,4422.56,9.0,0.2035,4423.34,4423.47,4423.41,13.0,0.2939,85.0,74.0,1.9220,1.6732,0.2487,4412.14447276,4413.19143842,4414.21757821,4414.03858038
13,XAUUSD,PERIOD_M5,26090401,2026.01.05 16:05:00,1767629100008,2026.01.05 16:05:00,BUY,10,2026.01.05 16:15:00,1767629700008,2026.01.05 16:15:00,1767629700068,60,OK,4422.51,4422.60,4422.56,9.0,0.2035,4426.26,4426.41,4426.34,15.0,0.3389,378.0,366.0,8.5471,8.2757,0.2714,4412.14447276,4413.19143842,4414.21757821,4414.03858038
13,XAUUSD,PERIOD_M5,26090401,2026.01.05 16:05:00,1767629100008,2026.01.05 16:05:00,BUY,15,2026.01.05 16:20:00,1767630000008,2026.01.05 16:20:00,1767630000030,22,OK,4422.51,4422.60,4422.56,9.0,0.2035,4427.20,4427.31,4427.26,11.0,0.2485,470.0,460.0,10.6273,10.4011,0.2262,4412.14447276,4413.19143842,4414.21757821,4414.03858038
13,XAUUSD,PERIOD_M5,26090401,2026.01.05 16:05:00,1767629100008,2026.01.05 16:05:00,BUY,30,2026.01.05 16:35:00,1767630900008,2026.01.05 16:35:00,1767630900041,33,OK,4422.51,4422.60,4422.56,9.0,0.2035,4425.77,4425.82,4425.80,5.0,0.1130,324.0,317.0,7.3261,7.1677,0.1584,4412.14447276,4413.19143842,4414.21757821,4414.03858038
13,XAUUSD,PERIOD_M5,26090401,2026.01.05 16:05:00,1767629100008,2026.01.05 16:05:00,BUY,60,2026.01.05 17:05:00,1767632700008,2026.01.05 17:05:00,1767632700043,35,OK,4422.51,4422.60,4422.56,9.0,0.2035,4451.89,4452.06,4451.98,17.0,0.3819,2942.0,2929.0,66.5226,66.2280,0.2946,4412.14447276,4413.19143842,4414.21757821,4414.03858038
14,XAUUSD,PERIOD_M5,26090401,2026.01.05 21:15:00,1767647700434,2026.01.05 21:15:00,SELL,1,2026.01.05 21:16:00,1767647760434,2026.01.05 21:16:00,1767647760446,12,OK,4440.05,4440.21,4440.13,16.0,0.3603,4439.27,4439.39,4439.33,12.0,0.2703,80.0,66.0,1.8017,1.4865,0.3153,4444.33128610,4444.30373699,4443.47302888,4443.91612453
14,XAUUSD,PERIOD_M5,26090401,2026.01.05 21:15:00,1767647700434,2026.01.05 21:15:00,SELL,3,2026.01.05 21:18:00,1767647880434,2026.01.05 21:18:00,1767647880556,122,OK,4440.05,4440.21,4440.13,16.0,0.3603,4438.26,4438.44,4438.35,18.0,0.4056,178.0,161.0,4.0089,3.6261,0.3828,4444.33128610,4444.30373699,4443.47302888,4443.91612453
14,XAUUSD,PERIOD_M5,26090401,2026.01.05 21:15:00,1767647700434,2026.01.05 21:15:00,SELL,5,2026.01.05 21:20:00,1767648000434,2026.01.05 21:20:00,1767648000530,96,OK,4440.05,4440.21,4440.13,16.0,0.3603,4440.05,4440.20,4440.13,15.0,0.3378,0.5,-15.0,0.0113,-0.3378,0.3491,4444.33128610,4444.30373699,4443.47302888,4443.91612453
14,XAUUSD,PERIOD_M5,26090401,2026.01.05 21:15:00,1767647700434,2026.01.05 21:15:00,SELL,10,2026.01.05 21:25:00,1767648300434,2026.01.05 21:25:02,1767648302170,1736,OK,4440.05,4440.21,4440.13,16.0,0.3603,4441.13,4441.28,4441.20,15.0,0.3377,-107.5,-123.0,-2.4211,-2.7702,0.3491,4444.33128610,4444.30373699,4443.47302888,4443.91612453
14,XAUUSD,PERIOD_M5,26090401,2026.01.05 21:15:00,1767647700434,2026.01.05 21:15:00,SELL,15,2026.01.05 21:30:00,1767648600434,2026.01.05 21:30:00,1767648600434,0,OK,4440.05,4440.21,4440.13,16.0,0.3603,4441.63,4441.67,4441.65,4.0,0.0901,-152.0,-162.0,-3.4233,-3.6486,0.2253,4444.33128610,4444.30373699,4443.47302888,4443.91612453
14,XAUUSD,PERIOD_M5,26090401,2026.01.05 21:15:00,1767647700434,2026.01.05 21:15:00,SELL,30,2026.01.05 21:45:00,1767649500434,2026.01.05 21:45:00,1767649500684,250,OK,4440.05,4440.21,4440.13,16.0,0.3603,4442.66,4442.78,4442.72,12.0,0.2701,-259.0,-273.0,-5.8332,-6.1486,0.3154,4444.33128610,4444.30373699,4443.47302888,4443.91612453
14,XAUUSD,PERIOD_M5,26090401,2026.01.05 21:15:00,1767647700434,2026.01.05 21:15:00,SELL,60,2026.01.05 22:15:00,1767651300434,2026.01.05 22:15:00,1767651300473,39,OK,4440.05,4440.21,4440.13,16.0,0.3603,4444.09,4444.29,4444.19,20.0,0.4500,-406.0,-424.0,-9.1439,-9.5494,0.4056,4444.33128610,4444.30373699,4443.47302888,4443.91612453
15,XAUUSD,PERIOD_M5,26090401,2026.01.05 22:25:00,1767651900259,2026.01.05 22:25:00,BUY,1,2026.01.05 22:26:00,1767651960259,2026.01.05 22:26:00,1767651960273,14,OK,4444.69,4444.89,4444.79,20.0,0.4500,4443.95,4444.12,4444.03,17.0,0.3825,-75.5,-94.0,-1.6986,-2.1148,0.4162,4442.99504012,4443.08005986,4443.33403209,4443.22641805
15,XAUUSD,PERIOD_M5,26090401,2026.01.05 22:25:00,1767651900259,2026.01.05 22:25:00,BUY,3,2026.01.05 22:28:00,1767652080259,2026.01.05 22:28:00,1767652080354,95,OK,4444.69,4444.89,4444.79,20.0,0.4500,4445.55,4445.74,4445.65,19.0,0.4274,85.5,66.0,1.9236,1.4849,0.4387,4442.99504012,4443.08005986,4443.33403209,4443.22641805
15,XAUUSD,PERIOD_M5,26090401,2026.01.05 22:25:00,1767651900259,2026.01.05 22:25:00,BUY,5,2026.01.05 22:30:00,1767652200259,2026.01.05 22:30:00,1767652200284,25,OK,4444.69,4444.89,4444.79,20.0,0.4500,4445.52,4445.72,4445.62,20.0,0.4499,83.0,63.0,1.8674,1.4174,0.4500,4442.99504012,4443.08005986,4443.33403209,4443.22641805
15,XAUUSD,PERIOD_M5,26090401,2026.01.05 22:25:00,1767651900259,2026.01.05 22:25:00,BUY,10,2026.01.05 22:35:00,1767652500259,2026.01.05 22:35:00,1767652500283,24,OK,4444.69,4444.89,4444.79,20.0,0.4500,4441.58,4441.74,4441.66,16.0,0.3602,-313.0,-331.0,-7.0420,-7.4468,0.4048,4442.99504012,4443.08005986,4443.33403209,4443.22641805
16,XAUUSD,PERIOD_M5,26090401,2026.01.05 22:40:00,1767652800093,2026.01.05 22:40:00,SELL,1,2026.01.05 22:41:00,1767652860093,2026.01.05 22:41:00,1767652860180,87,OK,4441.08,4441.28,4441.18,20.0,0.4503,4438.68,4438.87,4438.77,19.0,0.4280,240.5,221.0,5.4152,4.9763,0.4390,4443.32858054,4443.26439509,4442.87886443,4443.06581371
16,XAUUSD,PERIOD_M5,26090401,2026.01.05 22:40:00,1767652800093,2026.01.05 22:40:00,SELL,3,2026.01.05 22:43:00,1767652980093,2026.01.05 22:43:00,1767652980118,25,OK,4441.08,4441.28,4441.18,20.0,0.4503,4440.38,4440.42,4440.40,4.0,0.0901,78.0,66.0,1.7563,1.4861,0.2702,4443.32858054,4443.26439509,4442.87886443,4443.06581371
15,XAUUSD,PERIOD_M5,26090401,2026.01.05 22:25:00,1767651900259,2026.01.05 22:25:00,BUY,15,2026.01.05 22:40:00,1767652800259,2026.01.05 22:40:00,1767652800265,6,OK,4444.69,4444.89,4444.79,20.0,0.4500,4441.12,4441.28,4441.20,16.0,0.3603,-359.0,-377.0,-8.0769,-8.4816,0.4048,4442.99504012,4443.08005986,4443.33403209,4443.22641805
16,XAUUSD,PERIOD_M5,26090401,2026.01.05 22:40:00,1767652800093,2026.01.05 22:40:00,SELL,5,2026.01.05 22:45:00,1767653100093,2026.01.05 22:45:00,1767653100133,40,OK,4441.08,4441.28,4441.18,20.0,0.4503,4438.16,4438.36,4438.26,20.0,0.4506,292.0,272.0,6.5748,6.1246,0.4502,4443.32858054,4443.26439509,4442.87886443,4443.06581371
16,XAUUSD,PERIOD_M5,26090401,2026.01.05 22:40:00,1767652800093,2026.01.05 22:40:00,SELL,10,2026.01.05 22:50:00,1767653400093,2026.01.05 22:50:00,1767653400116,23,OK,4441.08,4441.28,4441.18,20.0,0.4503,4440.59,4440.77,4440.68,18.0,0.4053,50.0,31.0,1.1258,0.6980,0.4278,4443.32858054,4443.26439509,4442.87886443,4443.06581371
16,XAUUSD,PERIOD_M5,26090401,2026.01.05 22:40:00,1767652800093,2026.01.05 22:40:00,SELL,15,2026.01.05 22:55:00,1767653700093,2026.01.05 22:55:00,1767653700142,49,OK,4441.08,4441.28,4441.18,20.0,0.4503,4442.19,4442.23,4442.21,4.0,0.0900,-103.0,-115.0,-2.3192,-2.5895,0.2703,4443.32858054,4443.26439509,4442.87886443,4443.06581371
15,XAUUSD,PERIOD_M5,26090401,2026.01.05 22:25:00,1767651900259,2026.01.05 22:25:00,BUY,30,2026.01.05 22:55:00,1767653700259,2026.01.05 22:55:00,1767653700284,25,OK,4444.69,4444.89,4444.79,20.0,0.4500,4442.30,4442.47,4442.39,17.0,0.3827,-240.5,-259.0,-5.4108,-5.8269,0.4161,4442.99504012,4443.08005986,4443.33403209,4443.22641805
17,XAUUSD,PERIOD_M5,26090401,2026.01.05 23:05:00,1767654300052,2026.01.05 23:05:00,BUY,1,2026.01.05 23:06:00,1767654360052,2026.01.05 23:06:00,1767654360302,250,OK,4446.37,4446.64,4446.51,27.0,0.6072,4445.65,4445.92,4445.78,27.0,0.6073,-72.0,-99.0,-1.6192,-2.2264,0.6072,4442.32446287,4442.60115000,4443.13357030,4442.94377273
17,XAUUSD,PERIOD_M5,26090401,2026.01.05 23:05:00,1767654300052,2026.01.05 23:05:00,BUY,3,2026.01.05 23:08:00,1767654480052,2026.01.05 23:08:00,1767654480201,149,OK,4446.37,4446.64,4446.51,27.0,0.6072,4445.82,4446.09,4445.95,27.0,0.6073,-55.0,-82.0,-1.2369,-1.8441,0.6072,4442.32446287,4442.60115000,4443.13357030,4442.94377273
17,XAUUSD,PERIOD_M5,26090401,2026.01.05 23:05:00,1767654300052,2026.01.05 23:05:00,BUY,5,2026.01.05 23:10:00,1767654600052,2026.01.05 23:10:00,1767654600159,107,OK,4446.37,4446.64,4446.51,27.0,0.6072,4447.38,4447.65,4447.51,27.0,0.6071,101.0,74.0,2.2714,1.6642,0.6073,4442.32446287,4442.60115000,4443.13357030,4442.94377273
16,XAUUSD,PERIOD_M5,26090401,2026.01.05 22:40:00,1767652800093,2026.01.05 22:40:00,SELL,30,2026.01.05 23:10:00,1767654600093,2026.01.05 23:10:00,1767654600159,66,OK,4441.08,4441.28,4441.18,20.0,0.4503,4447.38,4447.65,4447.51,27.0,0.6071,-633.5,-657.0,-14.2642,-14.7937,0.5295,4443.32858054,4443.26439509,4442.87886443,4443.06581371
17,XAUUSD,PERIOD_M5,26090401,2026.01.05 23:05:00,1767654300052,2026.01.05 23:05:00,BUY,10,2026.01.05 23:15:00,1767654900052,2026.01.05 23:15:00,1767654900181,129,OK,4446.37,4446.64,4446.51,27.0,0.6072,4446.96,4447.23,4447.09,27.0,0.6071,59.0,32.0,1.3269,0.7196,0.6072,4442.32446287,4442.60115000,4443.13357030,4442.94377273
17,XAUUSD,PERIOD_M5,26090401,2026.01.05 23:05:00,1767654300052,2026.01.05 23:05:00,BUY,15,2026.01.05 23:20:00,1767655200052,2026.01.05 23:20:00,1767655200555,503,OK,4446.37,4446.64,4446.51,27.0,0.6072,4443.67,4443.94,4443.81,27.0,0.6076,-270.0,-297.0,-6.0722,-6.6792,0.6070,4442.32446287,4442.60115000,4443.13357030,4442.94377273
15,XAUUSD,PERIOD_M5,26090401,2026.01.05 22:25:00,1767651900259,2026.01.05 22:25:00,BUY,60,2026.01.05 23:25:00,1767655500259,2026.01.05 23:25:01,1767655501632,1373,OK,4444.69,4444.89,4444.79,20.0,0.4500,4444.30,4444.57,4444.43,27.0,0.6075,-35.5,-59.0,-0.7987,-1.3274,0.5287,4442.99504012,4443.08005986,4443.33403209,4443.22641805
17,XAUUSD,PERIOD_M5,26090401,2026.01.05 23:05:00,1767654300052,2026.01.05 23:05:00,BUY,30,2026.01.05 23:35:00,1767656100052,2026.01.05 23:35:00,1767656100454,402,OK,4446.37,4446.64,4446.51,27.0,0.6072,4447.61,4447.97,4447.79,36.0,0.8094,128.5,97.0,2.8899,2.1814,0.7085,4442.32446287,4442.60115000,4443.13357030,4442.94377273
16,XAUUSD,PERIOD_M5,26090401,2026.01.05 22:40:00,1767652800093,2026.01.05 22:40:00,SELL,60,2026.01.05 23:40:00,1767656400093,2026.01.05 23:40:00,1767656400250,157,OK,4441.08,4441.28,4441.18,20.0,0.4503,4446.09,4446.43,4446.26,34.0,0.7647,-508.0,-535.0,-11.4384,-12.0466,0.6082,4443.32858054,4443.26439509,4442.87886443,4443.06581371
17,XAUUSD,PERIOD_M5,26090401,2026.01.05 23:05:00,1767654300052,2026.01.05 23:05:00,BUY,60,2026.01.06 00:05:00,1767657900052,,,,NO_TICK_NEAR_TARGET,4446.37,4446.64,4446.51,27.0,0.6072,,,,,,,,,,,4442.32446287,4442.60115000,4443.13357030,4442.94377273
18,XAUUSD,PERIOD_M5,26090401,2026.01.06 01:45:00,1767663900037,2026.01.06 01:45:00,SELL,1,2026.01.06 01:46:00,1767663960037,2026.01.06 01:46:00,1767663960040,3,OK,4442.95,4443.16,4443.06,21.0,0.4726,4442.59,4442.82,4442.70,23.0,0.5177,35.0,13.0,0.7877,0.2926,0.4951,4447.66095476,4447.42172932,4446.72076381,4447.01611757
18,XAUUSD,PERIOD_M5,26090401,2026.01.06 01:45:00,1767663900037,2026.01.06 01:45:00,SELL,3,2026.01.06 01:48:00,1767664080037,2026.01.06 01:48:00,1767664080112,75,OK,4442.95,4443.16,4443.06,21.0,0.4726,4440.76,4440.95,4440.85,19.0,0.4278,220.0,200.0,4.9515,4.5015,0.4500,4447.66095476,4447.42172932,4446.72076381,4447.01611757
18,XAUUSD,PERIOD_M5,26090401,2026.01.06 01:45:00,1767663900037,2026.01.06 01:45:00,SELL,5,2026.01.06 01:50:00,1767664200037,2026.01.06 01:50:00,1767664200210,173,OK,4442.95,4443.16,4443.06,21.0,0.4726,4441.26,4441.45,4441.35,19.0,0.4278,170.0,150.0,3.8262,3.3761,0.4501,4447.66095476,4447.42172932,4446.72076381,4447.01611757
18,XAUUSD,PERIOD_M5,26090401,2026.01.06 01:45:00,1767663900037,2026.01.06 01:45:00,SELL,10,2026.01.06 01:55:00,1767664500037,2026.01.06 01:55:00,1767664500315,278,OK,4442.95,4443.16,4443.06,21.0,0.4726,4439.49,4439.71,4439.60,22.0,0.4955,345.5,324.0,7.7762,7.2925,0.4837,4447.66095476,4447.42172932,4446.72076381,4447.01611757
18,XAUUSD,PERIOD_M5,26090401,2026.01.06 01:45:00,1767663900037,2026.01.06 01:45:00,SELL,15,2026.01.06 02:00:00,1767664800037,2026.01.06 02:00:00,1767664800045,8,OK,4442.95,4443.16,4443.06,21.0,0.4726,4440.52,4440.73,4440.63,21.0,0.4729,243.0,222.0,5.4692,4.9967,0.4725,4447.66095476,4447.42172932,4446.72076381,4447.01611757
18,XAUUSD,PERIOD_M5,26090401,2026.01.06 01:45:00,1767663900037,2026.01.06 01:45:00,SELL,30,2026.01.06 02:15:00,1767665700037,2026.01.06 02:15:00,1767665700071,34,OK,4442.95,4443.16,4443.06,21.0,0.4726,4440.48,4440.65,4440.56,17.0,0.3828,249.0,230.0,5.6043,5.1767,0.4275,4447.66095476,4447.42172932,4446.72076381,4447.01611757
18,XAUUSD,PERIOD_M5,26090401,2026.01.06 01:45:00,1767663900037,2026.01.06 01:45:00,SELL,60,2026.01.06 02:45:00,1767667500037,2026.01.06 02:45:00,1767667500054,17,OK,4442.95,4443.16,4443.06,21.0,0.4726,4436.55,4436.64,4436.60,9.0,0.2029,646.0,631.0,14.5395,14.2023,0.3373,4447.66095476,4447.42172932,4446.72076381,4447.01611757
19,XAUUSD,PERIOD_M5,26090401,2026.01.06 03:55:00,1767671700040,2026.01.06 03:55:00,BUY,1,2026.01.06 03:56:00,1767671760040,2026.01.06 03:56:00,1767671760074,34,OK,4447.64,4447.85,4447.75,21.0,0.4721,4448.80,4449.02,4448.91,22.0,0.4945,116.5,95.0,2.6193,2.1359,0.4834,4438.55266759,4439.01959887,4440.37413408,4439.80508988
19,XAUUSD,PERIOD_M5,26090401,2026.01.06 03:55:00,1767671700040,2026.01.06 03:55:00,BUY,3,2026.01.06 03:58:00,1767671880040,2026.01.06 03:58:00,1767671880094,54,OK,4447.64,4447.85,4447.75,21.0,0.4721,4451.21,4451.40,4451.31,19.0,0.4268,356.0,336.0,8.0041,7.5542,0.4498,4438.55266759,4439.01959887,4440.37413408,4439.80508988
19,XAUUSD,PERIOD_M5,26090401,2026.01.06 03:55:00,1767671700040,2026.01.06 03:55:00,BUY,5,2026.01.06 04:00:00,1767672000040,2026.01.06 04:00:00,1767672000090,50,OK,4447.64,4447.85,4447.75,21.0,0.4721,4450.61,4450.73,4450.67,12.0,0.2696,292.5,276.0,6.5764,6.2052,0.3711,4438.55266759,4439.01959887,4440.37413408,4439.80508988
19,XAUUSD,PERIOD_M5,26090401,2026.01.06 03:55:00,1767671700040,2026.01.06 03:55:00,BUY,10,2026.01.06 04:05:00,1767672300040,2026.01.06 04:05:00,1767672300133,93,OK,4447.64,4447.85,4447.75,21.0,0.4721,4452.90,4453.10,4453.00,20.0,0.4491,525.5,505.0,11.8150,11.3538,0.4612,4438.55266759,4439.01959887,4440.37413408,4439.80508988
19,XAUUSD,PERIOD_M5,26090401,2026.01.06 03:55:00,1767671700040,2026.01.06 03:55:00,BUY,15,2026.01.06 04:10:00,1767672600040,2026.01.06 04:10:00,1767672600049,9,OK,4447.64,4447.85,4447.75,21.0,0.4721,4457.16,4457.39,4457.27,23.0,0.5160,953.0,931.0,21.4266,20.9315,0.4951,4438.55266759,4439.01959887,4440.37413408,4439.80508988
19,XAUUSD,PERIOD_M5,26090401,2026.01.06 03:55:00,1767671700040,2026.01.06 03:55:00,BUY,30,2026.01.06 04:25:00,1767673500040,2026.01.06 04:25:00,1767673500087,47,OK,4447.64,4447.85,4447.75,21.0,0.4721,4459.86,4460.04,4459.95,18.0,0.4036,1220.5,1201.0,27.4409,27.0018,0.4391,4438.55266759,4439.01959887,4440.37413408,4439.80508988
19,XAUUSD,PERIOD_M5,26090401,2026.01.06 03:55:00,1767671700040,2026.01.06 03:55:00,BUY,60,2026.01.06 04:55:00,1767675300040,2026.01.06 04:55:00,1767675300055,15,OK,4447.64,4447.85,4447.75,21.0,0.4721,4454.64,4454.77,4454.70,13.0,0.2918,696.0,679.0,15.6484,15.2658,0.3826,4438.55266759,4439.01959887,4440.37413408,4439.80508988
20,XAUUSD,PERIOD_M5,26090401,2026.01.06 07:50:00,1767685800037,2026.01.06 07:50:00,SELL,1,2026.01.06 07:51:00,1767685860037,2026.01.06 07:51:00,1767685860132,95,OK,4459.83,4459.99,4459.91,16.0,0.3588,4456.96,4457.12,4457.04,16.0,0.3590,287.0,271.0,6.4351,6.0765,0.3586,4466.70306355,4465.99525324,4465.33445084,4465.43750295
20,XAUUSD,PERIOD_M5,26090401,2026.01.06 07:50:00,1767685800037,2026.01.06 07:50:00,SELL,3,2026.01.06 07:53:00,1767685980037,2026.01.06 07:53:00,1767685980081,44,OK,4459.83,4459.99,4459.91,16.0,0.3588,4457.68,4457.87,4457.77,19.0,0.4262,213.5,196.0,4.7871,4.3948,0.3923,4466.70306355,4465.99525324,4465.33445084,4465.43750295
20,XAUUSD,PERIOD_M5,26090401,2026.01.06 07:50:00,1767685800037,2026.01.06 07:50:00,SELL,5,2026.01.06 07:55:00,1767686100037,2026.01.06 07:55:00,1767686100039,2,OK,4459.83,4459.99,4459.91,16.0,0.3588,4455.93,4456.11,4456.02,18.0,0.4039,389.0,372.0,8.7221,8.3411,0.3810,4466.70306355,4465.99525324,4465.33445084,4465.43750295
20,XAUUSD,PERIOD_M5,26090401,2026.01.06 07:50:00,1767685800037,2026.01.06 07:50:00,SELL,10,2026.01.06 08:00:00,1767686400037,2026.01.06 08:00:00,1767686400065,28,OK,4459.83,4459.99,4459.91,16.0,0.3588,4452.76,4452.88,4452.82,12.0,0.2695,709.0,695.0,15.8972,15.5836,0.3136,4466.70306355,4465.99525324,4465.33445084,4465.43750295
20,XAUUSD,PERIOD_M5,26090401,2026.01.06 07:50:00,1767685800037,2026.01.06 07:50:00,SELL,15,2026.01.06 08:05:00,1767686700037,2026.01.06 08:05:00,1767686700064,27,OK,4459.83,4459.99,4459.91,16.0,0.3588,4455.31,4455.35,4455.33,4.0,0.0898,458.0,448.0,10.2693,10.0452,0.2240,4466.70306355,4465.99525324,4465.33445084,4465.43750295
20,XAUUSD,PERIOD_M5,26090401,2026.01.06 07:50:00,1767685800037,2026.01.06 07:50:00,SELL,30,2026.01.06 08:20:00,1767687600037,2026.01.06 08:20:00,1767687600201,164,OK,4459.83,4459.99,4459.91,16.0,0.3588,4457.96,4458.15,4458.06,19.0,0.4262,185.5,168.0,4.1593,3.7670,0.3923,4466.70306355,4465.99525324,4465.33445084,4465.43750295
20,XAUUSD,PERIOD_M5,26090401,2026.01.06 07:50:00,1767685800037,2026.01.06 07:50:00,SELL,60,2026.01.06 08:50:00,1767689400037,2026.01.06 08:50:00,1767689400066,29,OK,4459.83,4459.99,4459.91,16.0,0.3588,4463.22,4463.40,4463.31,18.0,0.4033,-340.0,-357.0,-7.6235,-8.0048,0.3813,4466.70306355,4465.99525324,4465.33445084,4465.43750295
21,XAUUSD,PERIOD_M5,26090401,2026.01.06 08:55:00,1767689700032,2026.01.06 08:55:00,BUY,1,2026.01.06 08:56:00,1767689760032,2026.01.06 08:56:00,1767689760032,0,OK,4464.76,4464.93,4464.85,17.0,0.3808,4466.13,4466.27,4466.20,14.0,0.3135,135.5,120.0,3.0348,2.6876,0.3472,4461.83045599,4461.90865720,4462.41436479,4462.16696109
21,XAUUSD,PERIOD_M5,26090401,2026.01.06 08:55:00,1767689700032,2026.01.06 08:55:00,BUY,3,2026.01.06 08:58:00,1767689880032,2026.01.06 08:58:00,1767689880335,303,OK,4464.76,4464.93,4464.85,17.0,0.3808,4466.27,4466.42,4466.35,15.0,0.3358,150.0,134.0,3.3596,3.0012,0.3584,4461.83045599,4461.90865720,4462.41436479,4462.16696109
21,XAUUSD,PERIOD_M5,26090401,2026.01.06 08:55:00,1767689700032,2026.01.06 08:55:00,BUY,5,2026.01.06 09:00:00,1767690000032,2026.01.06 09:00:00,1767690000051,19,OK,4464.76,4464.93,4464.85,17.0,0.3808,4465.86,4465.90,4465.88,4.0,0.0896,103.5,93.0,2.3181,2.0829,0.2352,4461.83045599,4461.90865720,4462.41436479,4462.16696109
21,XAUUSD,PERIOD_M5,26090401,2026.01.06 08:55:00,1767689700032,2026.01.06 08:55:00,BUY,10,2026.01.06 09:05:00,1767690300032,2026.01.06 09:05:00,1767690300402,370,OK,4464.76,4464.93,4464.85,17.0,0.3808,4465.31,4465.47,4465.39,16.0,0.3583,54.5,38.0,1.2206,0.8511,0.3696,4461.83045599,4461.90865720,4462.41436479,4462.16696109
21,XAUUSD,PERIOD_M5,26090401,2026.01.06 08:55:00,1767689700032,2026.01.06 08:55:00,BUY,15,2026.01.06 09:10:00,1767690600032,2026.01.06 09:10:00,1767690600045,13,OK,4464.76,4464.93,4464.85,17.0,0.3808,4469.17,4469.33,4469.25,16.0,0.3580,440.5,424.0,9.8660,9.4962,0.3697,4461.83045599,4461.90865720,4462.41436479,4462.16696109
21,XAUUSD,PERIOD_M5,26090401,2026.01.06 08:55:00,1767689700032,2026.01.06 08:55:00,BUY,30,2026.01.06 09:25:00,1767691500032,2026.01.06 09:25:00,1767691500052,20,OK,4464.76,4464.93,4464.85,17.0,0.3808,4463.44,4463.58,4463.51,14.0,0.3137,-133.5,-149.0,-2.9900,-3.3371,0.3471,4461.83045599,4461.90865720,4462.41436479,4462.16696109
21,XAUUSD,PERIOD_M5,26090401,2026.01.06 08:55:00,1767689700032,2026.01.06 08:55:00,BUY,60,2026.01.06 09:55:00,1767693300032,2026.01.06 09:55:00,1767693300043,11,OK,4464.76,4464.93,4464.85,17.0,0.3808,4461.13,4461.25,4461.19,12.0,0.2690,-365.5,-380.0,-8.1862,-8.5108,0.3246,4461.83045599,4461.90865720,4462.41436479,4462.16696109
22,XAUUSD,PERIOD_M5,26090401,2026.01.06 10:00:00,1767693600008,2026.01.06 10:00:00,SELL,1,2026.01.06 10:01:00,1767693660008,2026.01.06 10:01:00,1767693660248,240,OK,4459.57,4459.64,4459.60,7.0,0.1570,4458.50,4458.59,4458.55,9.0,0.2019,106.0,98.0,2.3769,2.1975,0.1794,4464.40828560,4464.17459067,4463.44062848,4463.75599152
22,XAUUSD,PERIOD_M5,26090401,2026.01.06 10:00:00,1767693600008,2026.01.06 10:00:00,SELL,3,2026.01.06 10:03:00,1767693780008,2026.01.06 10:03:00,1767693780022,14,OK,4459.57,4459.64,4459.60,7.0,0.1570,4458.71,4458.88,4458.80,17.0,0.3813,81.0,69.0,1.8163,1.5472,0.2691,4464.40828560,4464.17459067,4463.44062848,4463.75599152
22,XAUUSD,PERIOD_M5,26090401,2026.01.06 10:00:00,1767693600008,2026.01.06 10:00:00,SELL,5,2026.01.06 10:05:00,1767693900008,2026.01.06 10:05:00,1767693900033,25,OK,4459.57,4459.64,4459.60,7.0,0.1570,4461.23,4461.27,4461.25,4.0,0.0897,-164.5,-170.0,-3.6887,-3.8120,0.1234,4464.40828560,4464.17459067,4463.44062848,4463.75599152
22,XAUUSD,PERIOD_M5,26090401,2026.01.06 10:00:00,1767693600008,2026.01.06 10:00:00,SELL,10,2026.01.06 10:10:00,1767694200008,2026.01.06 10:10:00,1767694200115,107,OK,4459.57,4459.64,4459.60,7.0,0.1570,4463.04,4463.13,4463.09,9.0,0.2017,-348.0,-356.0,-7.8034,-7.9828,0.1795,4464.40828560,4464.17459067,4463.44062848,4463.75599152
22,XAUUSD,PERIOD_M5,26090401,2026.01.06 10:00:00,1767693600008,2026.01.06 10:00:00,SELL,15,2026.01.06 10:15:00,1767694500008,2026.01.06 10:15:00,1767694500213,205,OK,4459.57,4459.64,4459.60,7.0,0.1570,4461.98,4462.08,4462.03,10.0,0.2241,-242.5,-251.0,-5.4377,-5.6283,0.1906,4464.40828560,4464.17459067,4463.44062848,4463.75599152
23,XAUUSD,PERIOD_M5,26090401,2026.01.06 10:25:00,1767695100200,2026.01.06 10:25:00,BUY,1,2026.01.06 10:26:00,1767695160200,2026.01.06 10:26:00,1767695160462,262,OK,4469.29,4469.40,4469.34,11.0,0.2461,4471.22,4471.37,4471.30,15.0,0.3355,195.0,182.0,4.3631,4.0721,0.2909,4463.44155343,4463.58792331,4464.61124274,4464.10629392
23,XAUUSD,PERIOD_M5,26090401,2026.01.06 10:25:00,1767695100200,2026.01.06 10:25:00,BUY,3,2026.01.06 10:28:00,1767695280200,2026.01.06 10:28:00,1767695280221,21,OK,4469.29,4469.40,4469.34,11.0,0.2461,4473.68,4473.81,4473.75,13.0,0.2906,440.0,428.0,9.8448,9.5762,0.2686,4463.44155343,4463.58792331,4464.61124274,4464.10629392
23,XAUUSD,PERIOD_M5,26090401,2026.01.06 10:25:00,1767695100200,2026.01.06 10:25:00,BUY,5,2026.01.06 10:30:00,1767695400200,2026.01.06 10:30:00,1767695400249,49,OK,4469.29,4469.40,4469.34,11.0,0.2461,4470.97,4471.01,4470.99,4.0,0.0895,164.5,157.0,3.6806,3.5128,0.1679,4463.44155343,4463.58792331,4464.61124274,4464.10629392
22,XAUUSD,PERIOD_M5,26090401,2026.01.06 10:00:00,1767693600008,2026.01.06 10:00:00,SELL,30,2026.01.06 10:30:00,1767695400008,2026.01.06 10:30:00,1767695400036,28,OK,4459.57,4459.64,4459.60,7.0,0.1570,4471.02,4471.09,4471.06,7.0,0.1566,-1145.0,-1152.0,-25.6749,-25.8321,0.1572,4464.40828560,4464.17459067,4463.44062848,4463.75599152
23,XAUUSD,PERIOD_M5,26090401,2026.01.06 10:25:00,1767695100200,2026.01.06 10:25:00,BUY,10,2026.01.06 10:35:00,1767695700200,2026.01.06 10:35:00,1767695700204,4,OK,4469.29,4469.40,4469.34,11.0,0.2461,4467.16,4467.35,4467.26,19.0,0.4253,-209.0,-224.0,-4.6763,-5.0119,0.3356,4463.44155343,4463.58792331,4464.61124274,4464.10629392
23,XAUUSD,PERIOD_M5,26090401,2026.01.06 10:25:00,1767695100200,2026.01.06 10:25:00,BUY,15,2026.01.06 10:40:00,1767696000200,2026.01.06 10:40:00,1767696000242,42,OK,4469.29,4469.40,4469.34,11.0,0.2461,4466.93,4467.09,4467.01,16.0,0.3582,-233.5,-247.0,-5.2245,-5.5265,0.3020,4463.44155343,4463.58792331,4464.61124274,4464.10629392
23,XAUUSD,PERIOD_M5,26090401,2026.01.06 10:25:00,1767695100200,2026.01.06 10:25:00,BUY,30,2026.01.06 10:55:00,1767696900200,2026.01.06 10:55:00,1767696900295,95,OK,4469.29,4469.40,4469.34,11.0,0.2461,4467.05,4467.09,4467.07,4.0,0.0895,-227.5,-235.0,-5.0902,-5.2580,0.1677,4463.44155343,4463.58792331,4464.61124274,4464.10629392
22,XAUUSD,PERIOD_M5,26090401,2026.01.06 10:00:00,1767693600008,2026.01.06 10:00:00,SELL,60,2026.01.06 11:00:00,1767697200008,2026.01.06 11:00:00,1767697200012,4,OK,4459.57,4459.64,4459.60,7.0,0.1570,4468.36,4468.47,4468.41,11.0,0.2462,-881.0,-890.0,-19.7551,-19.9571,0.2020,4464.40828560,4464.17459067,4463.44062848,4463.75599152
24,XAUUSD,PERIOD_M5,26090401,2026.01.06 11:15:00,1767698100018,2026.01.06 11:15:00,SELL,1,2026.01.06 11:16:00,1767698160018,2026.01.06 11:16:00,1767698160027,9,OK,4457.96,4458.15,4458.06,19.0,0.4262,4452.45,4452.59,4452.52,14.0,0.3144,553.5,537.0,12.4157,12.0459,0.3699,4465.30193615,4465.20584421,4463.83554892,4464.54804019
24,XAUUSD,PERIOD_M5,26090401,2026.01.06 11:15:00,1767698100018,2026.01.06 11:15:00,SELL,3,2026.01.06 11:18:00,1767698280018,2026.01.06 11:18:00,1767698280090,72,OK,4457.96,4458.15,4458.06,19.0,0.4262,4456.87,4457.03,4456.95,16.0,0.3590,110.5,93.0,2.4787,2.0862,0.3925,4465.30193615,4465.20584421,4463.83554892,4464.54804019
24,XAUUSD,PERIOD_M5,26090401,2026.01.06 11:15:00,1767698100018,2026.01.06 11:15:00,SELL,5,2026.01.06 11:20:00,1767698400018,2026.01.06 11:20:00,1767698400326,308,OK,4457.96,4458.15,4458.06,19.0,0.4262,4454.18,4454.26,4454.22,8.0,0.1796,383.5,370.0,8.6024,8.2998,0.3026,4465.30193615,4465.20584421,4463.83554892,4464.54804019
24,XAUUSD,PERIOD_M5,26090401,2026.01.06 11:15:00,1767698100018,2026.01.06 11:15:00,SELL,10,2026.01.06 11:25:00,1767698700018,2026.01.06 11:25:00,1767698700019,1,OK,4457.96,4458.15,4458.06,19.0,0.4262,4457.25,4457.43,4457.34,18.0,0.4038,71.5,53.0,1.6038,1.1889,0.4150,4465.30193615,4465.20584421,4463.83554892,4464.54804019
23,XAUUSD,PERIOD_M5,26090401,2026.01.06 10:25:00,1767695100200,2026.01.06 10:25:00,BUY,60,2026.01.06 11:25:00,1767698700200,2026.01.06 11:25:00,1767698700232,32,OK,4469.29,4469.40,4469.34,11.0,0.2461,4457.25,4457.38,4457.32,13.0,0.2917,-1203.0,-1215.0,-26.9167,-27.1849,0.2682,4463.44155343,4463.58792331,4464.61124274,4464.10629392
24,XAUUSD,PERIOD_M5,26090401,2026.01.06 11:15:00,1767698100018,2026.01.06 11:15:00,SELL,15,2026.01.06 11:30:00,1767699000018,2026.01.06 11:30:00,1767699000023,5,OK,4457.96,4458.15,4458.06,19.0,0.4262,4456.77,4456.94,4456.85,17.0,0.3814,120.0,102.0,2.6918,2.2880,0.4037,4465.30193615,4465.20584421,4463.83554892,4464.54804019
24,XAUUSD,PERIOD_M5,26090401,2026.01.06 11:15:00,1767698100018,2026.01.06 11:15:00,SELL,30,2026.01.06 11:45:00,1767699900018,2026.01.06 11:45:00,1767699900093,75,OK,4457.96,4458.15,4458.06,19.0,0.4262,4455.99,4456.15,4456.07,16.0,0.3591,198.5,181.0,4.4526,4.0602,0.3925,4465.30193615,4465.20584421,4463.83554892,4464.54804019
24,XAUUSD,PERIOD_M5,26090401,2026.01.06 11:15:00,1767698100018,2026.01.06 11:15:00,SELL,60,2026.01.06 12:15:00,1767701700018,2026.01.06 12:15:00,1767701700101,83,OK,4457.96,4458.15,4458.06,19.0,0.4262,4450.23,4450.29,4450.26,6.0,0.1348,779.5,767.0,17.4852,17.2052,0.2800,4465.30193615,4465.20584421,4463.83554892,4464.54804019
25,XAUUSD,PERIOD_M5,26090401,2026.01.06 13:35:00,1767706500037,2026.01.06 13:35:00,BUY,1,2026.01.06 13:36:00,1767706560037,2026.01.06 13:36:00,1767706560050,13,OK,4460.51,4460.69,4460.60,18.0,0.4035,4461.29,4461.46,4461.38,17.0,0.3810,77.5,60.0,1.7374,1.3451,0.3924,4452.49064230,4452.89980090,4454.09451384,4453.59163718
25,XAUUSD,PERIOD_M5,26090401,2026.01.06 13:35:00,1767706500037,2026.01.06 13:35:00,BUY,3,2026.01.06 13:38:00,1767706680037,2026.01.06 13:38:00,1767706680102,65,OK,4460.51,4460.69,4460.60,18.0,0.4035,4459.31,4459.49,4459.40,18.0,0.4036,-120.0,-138.0,-2.6902,-3.0937,0.4035,4452.49064230,4452.89980090,4454.09451384,4453.59163718
25,XAUUSD,PERIOD_M5,26090401,2026.01.06 13:35:00,1767706500037,2026.01.06 13:35:00,BUY,5,2026.01.06 13:40:00,1767706800037,2026.01.06 13:40:00,1767706800116,79,OK,4460.51,4460.69,4460.60,18.0,0.4035,4459.47,4459.63,4459.55,16.0,0.3588,-105.0,-122.0,-2.3539,-2.7350,0.3811,4452.49064230,4452.89980090,4454.09451384,4453.59163718
25,XAUUSD,PERIOD_M5,26090401,2026.01.06 13:35:00,1767706500037,2026.01.06 13:35:00,BUY,10,2026.01.06 13:45:00,1767707100037,2026.01.06 13:45:00,1767707100046,9,OK,4460.51,4460.69,4460.60,18.0,0.4035,4462.17,4462.33,4462.25,16.0,0.3586,165.0,148.0,3.6991,3.3179,0.3812,4452.49064230,4452.89980090,4454.09451384,4453.59163718
25,XAUUSD,PERIOD_M5,26090401,2026.01.06 13:35:00,1767706500037,2026.01.06 13:35:00,BUY,15,2026.01.06 13:50:00,1767707400037,2026.01.06 13:50:00,1767707400043,6,OK,4460.51,4460.69,4460.60,18.0,0.4035,4460.48,4460.67,4460.57,19.0,0.4260,-2.5,-21.0,-0.0560,-0.4708,0.4147,4452.49064230,4452.89980090,4454.09451384,4453.59163718
25,XAUUSD,PERIOD_M5,26090401,2026.01.06 13:35:00,1767706500037,2026.01.06 13:35:00,BUY,30,2026.01.06 14:05:00,1767708300037,2026.01.06 14:05:00,1767708300080,43,OK,4460.51,4460.69,4460.60,18.0,0.4035,4461.93,4462.04,4461.99,11.0,0.2465,138.5,124.0,3.1050,2.7798,0.3251,4452.49064230,4452.89980090,4454.09451384,4453.59163718
25,XAUUSD,PERIOD_M5,26090401,2026.01.06 13:35:00,1767706500037,2026.01.06 13:35:00,BUY,60,2026.01.06 14:35:00,1767710100037,2026.01.06 14:35:00,1767710100084,47,OK,4460.51,4460.69,4460.60,18.0,0.4035,4461.03,4461.14,4461.09,11.0,0.2466,48.5,34.0,1.0873,0.7622,0.3251,4452.49064230,4452.89980090,4454.09451384,4453.59163718
26,XAUUSD,PERIOD_M5,26090401,2026.01.06 15:50:00,1767714600039,2026.01.06 15:50:00,SELL,1,2026.01.06 15:51:00,1767714660039,2026.01.06 15:51:00,1767714660088,49,OK,4458.19,4458.38,4458.28,19.0,0.4262,4458.22,4458.36,4458.29,14.0,0.3140,-0.5,-17.0,-0.0112,-0.3813,0.3701,4461.25459663,4461.24678844,4460.63967731,4460.96798949
26,XAUUSD,PERIOD_M5,26090401,2026.01.06 15:50:00,1767714600039,2026.01.06 15:50:00,SELL,3,2026.01.06 15:53:00,1767714780039,2026.01.06 15:53:00,1767714780067,28,OK,4458.19,4458.38,4458.28,19.0,0.4262,4460.23,4460.37,4460.30,14.0,0.3139,-201.5,-218.0,-4.5197,-4.8899,0.3702,4461.25459663,4461.24678844,4460.63967731,4460.96798949
27,XAUUSD,PERIOD_M5,26090401,2026.01.06 15:55:00,1767714900100,2026.01.06 15:55:00,BUY,1,2026.01.06 15:56:00,1767714960100,2026.01.06 15:56:00,1767714960123,23,OK,4465.08,4465.23,4465.15,15.0,0.3359,4466.74,4466.83,4466.78,9.0,0.2015,163.0,151.0,3.6505,3.3817,0.2688,4460.63967731,4460.96798949,4461.52774185,4461.34180863
27,XAUUSD,PERIOD_M5,26090401,2026.01.06 15:55:00,1767714900100,2026.01.06 15:55:00,BUY,3,2026.01.06 15:58:00,1767715080100,2026.01.06 15:58:00,1767715080146,46,OK,4465.08,4465.23,4465.15,15.0,0.3359,4466.25,4466.32,4466.28,7.0,0.1567,113.0,102.0,2.5307,2.2843,0.2464,4460.63967731,4460.96798949,4461.52774185,4461.34180863
26,XAUUSD,PERIOD_M5,26090401,2026.01.06 15:50:00,1767714600039,2026.01.06 15:50:00,SELL,5,2026.01.06 15:55:00,1767714900039,2026.01.06 15:55:00,1767714900100,61,OK,4458.19,4458.38,4458.28,19.0,0.4262,4465.08,4465.23,4465.15,15.0,0.3359,-687.0,-704.0,-15.4095,-15.7912,0.3816,4461.25459663,4461.24678844,4460.63967731,4460.96798949
27,XAUUSD,PERIOD_M5,26090401,2026.01.06 15:55:00,1767714900100,2026.01.06 15:55:00,BUY,5,2026.01.06 16:00:00,1767715200100,2026.01.06 16:00:00,1767715200140,40,OK,4465.08,4465.23,4465.15,15.0,0.3359,4467.99,4468.17,4468.08,18.0,0.4029,292.5,276.0,6.5507,6.1811,0.3696,4460.63967731,4460.96798949,4461.52774185,4461.34180863
26,XAUUSD,PERIOD_M5,26090401,2026.01.06 15:50:00,1767714600039,2026.01.06 15:50:00,SELL,10,2026.01.06 16:00:00,1767715200039,2026.01.06 16:00:00,1767715200140,101,OK,4458.19,4458.38,4458.28,19.0,0.4262,4467.99,4468.17,4468.08,18.0,0.4029,-979.5,-998.0,-21.9703,-22.3858,0.4154,4461.25459663,4461.24678844,4460.63967731,4460.96798949
27,XAUUSD,PERIOD_M5,26090401,2026.01.06 15:55:00,1767714900100,2026.01.06 15:55:00,BUY,10,2026.01.06 16:05:00,1767715500100,2026.01.06 16:05:00,1767715500214,114,OK,4465.08,4465.23,4465.15,15.0,0.3359,4467.49,4467.65,4467.57,16.0,0.3581,241.5,226.0,5.4085,5.0613,0.3472,4460.63967731,4460.96798949,4461.52774185,4461.34180863
26,XAUUSD,PERIOD_M5,26090401,2026.01.06 15:50:00,1767714600039,2026.01.06 15:50:00,SELL,15,2026.01.06 16:05:00,1767715500039,2026.01.06 16:05:00,1767715500040,1,OK,4458.19,4458.38,4458.28,19.0,0.4262,4467.48,4467.65,4467.56,17.0,0.3805,-928.0,-946.0,-20.8152,-21.2194,0.4042,4461.25459663,4461.24678844,4460.63967731,4460.96798949
27,XAUUSD,PERIOD_M5,26090401,2026.01.06 15:55:00,1767714900100,2026.01.06 15:55:00,BUY,15,2026.01.06 16:10:00,1767715800100,2026.01.06 16:10:00,1767715800150,50,OK,4465.08,4465.23,4465.15,15.0,0.3359,4471.35,4471.47,4471.41,12.0,0.2684,625.5,612.0,14.0085,13.7059,0.3026,4460.63967731,4460.96798949,4461.52774185,4461.34180863
26,XAUUSD,PERIOD_M5,26090401,2026.01.06 15:50:00,1767714600039,2026.01.06 15:50:00,SELL,30,2026.01.06 16:20:00,1767716400039,2026.01.06 16:20:00,1767716400096,57,OK,4458.19,4458.38,4458.28,19.0,0.4262,4467.34,4467.38,4467.36,4.0,0.0895,-907.5,-919.0,-20.3554,-20.6137,0.2584,4461.25459663,4461.24678844,4460.63967731,4460.96798949
27,XAUUSD,PERIOD_M5,26090401,2026.01.06 15:55:00,1767714900100,2026.01.06 15:55:00,BUY,30,2026.01.06 16:25:00,1767716700100,2026.01.06 16:25:00,1767716700115,15,OK,4465.08,4465.23,4465.15,15.0,0.3359,4466.32,4466.43,4466.38,11.0,0.2463,122.0,109.0,2.7323,2.4411,0.2912,4460.63967731,4460.96798949,4461.52774185,4461.34180863
26,XAUUSD,PERIOD_M5,26090401,2026.01.06 15:50:00,1767714600039,2026.01.06 15:50:00,SELL,60,2026.01.06 16:50:00,1767718200039,2026.01.06 16:50:00,1767718200089,50,OK,4458.19,4458.38,4458.28,19.0,0.4262,4482.14,4482.32,4482.23,18.0,0.4016,-2394.5,-2413.0,-53.7090,-54.1251,0.4161,4461.25459663,4461.24678844,4460.63967731,4460.96798949
27,XAUUSD,PERIOD_M5,26090401,2026.01.06 15:55:00,1767714900100,2026.01.06 15:55:00,BUY,60,2026.01.06 16:55:00,1767718500100,2026.01.06 16:55:00,1767718500115,15,OK,4465.08,4465.23,4465.15,15.0,0.3359,4487.95,4488.11,4488.03,16.0,0.3565,2287.5,2272.0,51.2300,50.8820,0.3480,4460.63967731,4460.96798949,4461.52774185,4461.34180863
28,XAUUSD,PERIOD_M5,26090401,2026.01.06 21:10:00,1767733800047,2026.01.06 21:10:00,SELL,1,2026.01.06 21:11:00,1767733860047,2026.01.06 21:11:01,1767733861547,1500,OK,4483.75,4483.94,4483.84,19.0,0.4237,4484.36,4484.56,4484.46,20.0,0.4460,-61.5,-81.0,-1.3716,-1.8065,0.4349,4487.28453216,4487.03142559,4486.57562573,4486.73220509
28,XAUUSD,PERIOD_M5,26090401,2026.01.06 21:10:00,1767733800047,2026.01.06 21:10:00,SELL,3,2026.01.06 21:13:00,1767733980047,2026.01.06 21:13:00,1767733980133,86,OK,4483.75,4483.94,4483.84,19.0,0.4237,4482.79,4482.94,4482.86,15.0,0.3346,98.0,81.0,2.1856,1.8065,0.3791,4487.28453216,4487.03142559,4486.57562573,4486.73220509
28,XAUUSD,PERIOD_M5,26090401,2026.01.06 21:10:00,1767733800047,2026.01.06 21:10:00,SELL,5,2026.01.06 21:15:00,1767734100047,2026.01.06 21:15:00,1767734100194,147,OK,4483.75,4483.94,4483.84,19.0,0.4237,4482.09,4482.29,4482.19,20.0,0.4462,165.5,146.0,3.6910,3.2562,0.4348,4487.28453216,4487.03142559,4486.57562573,4486.73220509
28,XAUUSD,PERIOD_M5,26090401,2026.01.06 21:10:00,1767733800047,2026.01.06 21:10:00,SELL,10,2026.01.06 21:20:00,1767734400047,2026.01.06 21:20:00,1767734400051,4,OK,4483.75,4483.94,4483.84,19.0,0.4237,4482.12,4482.24,4482.18,12.0,0.2677,166.5,151.0,3.7133,3.3677,0.3456,4487.28453216,4487.03142559,4486.57562573,4486.73220509
28,XAUUSD,PERIOD_M5,26090401,2026.01.06 21:10:00,1767733800047,2026.01.06 21:10:00,SELL,15,2026.01.06 21:25:00,1767734700047,2026.01.06 21:25:00,1767734700071,24,OK,4483.75,4483.94,4483.84,19.0,0.4237,4482.39,4482.55,4482.47,16.0,0.3569,137.5,120.0,3.0666,2.6763,0.3902,4487.28453216,4487.03142559,4486.57562573,4486.73220509
28,XAUUSD,PERIOD_M5,26090401,2026.01.06 21:10:00,1767733800047,2026.01.06 21:10:00,SELL,30,2026.01.06 21:40:00,1767735600047,2026.01.06 21:40:00,1767735600124,77,OK,4483.75,4483.94,4483.84,19.0,0.4237,4482.12,4482.26,4482.19,14.0,0.3123,165.5,149.0,3.6910,3.3231,0.3679,4487.28453216,4487.03142559,4486.57562573,4486.73220509
28,XAUUSD,PERIOD_M5,26090401,2026.01.06 21:10:00,1767733800047,2026.01.06 21:10:00,SELL,60,2026.01.06 22:10:00,1767737400047,2026.01.06 22:10:00,1767737400225,178,OK,4483.75,4483.94,4483.84,19.0,0.4237,4483.76,4483.96,4483.86,20.0,0.4460,-1.5,-21.0,-0.0335,-0.4684,0.4349,4487.28453216,4487.03142559,4486.57562573,4486.73220509
29,XAUUSD,PERIOD_M5,26090401,2026.01.06 22:25:00,1767738300009,2026.01.06 22:25:00,BUY,1,2026.01.06 22:26:00,1767738360009,2026.01.06 22:26:00,1767738360221,212,OK,4486.28,4486.43,4486.35,15.0,0.3343,4486.97,4487.17,4487.07,20.0,0.4457,71.5,54.0,1.5937,1.2036,0.3901,4483.93796834,4484.01083298,4484.40637467,4484.21712089
29,XAUUSD,PERIOD_M5,26090401,2026.01.06 22:25:00,1767738300009,2026.01.06 22:25:00,BUY,3,2026.01.06 22:28:00,1767738480009,2026.01.06 22:28:00,1767738480408,399,OK,4486.28,4486.43,4486.35,15.0,0.3343,4485.81,4486.00,4485.91,19.0,0.4235,-45.0,-62.0,-1.0030,-1.3819,0.3789,4483.93796834,4484.01083298,4484.40637467,4484.21712089
29,XAUUSD,PERIOD_M5,26090401,2026.01.06 22:25:00,1767738300009,2026.01.06 22:25:00,BUY,5,2026.01.06 22:30:00,1767738600009,2026.01.06 22:30:00,1767738600189,180,OK,4486.28,4486.43,4486.35,15.0,0.3343,4485.57,4485.77,4485.67,20.0,0.4459,-68.5,-86.0,-1.5269,-1.9169,0.3900,4483.93796834,4484.01083298,4484.40637467,4484.21712089
29,XAUUSD,PERIOD_M5,26090401,2026.01.06 22:25:00,1767738300009,2026.01.06 22:25:00,BUY,10,2026.01.06 22:35:00,1767738900009,2026.01.06 22:35:00,1767738900012,3,OK,4486.28,4486.43,4486.35,15.0,0.3343,4485.15,4485.27,4485.21,12.0,0.2675,-114.5,-128.0,-2.5522,-2.8530,0.3009,4483.93796834,4484.01083298,4484.40637467,4484.21712089
29,XAUUSD,PERIOD_M5,26090401,2026.01.06 22:25:00,1767738300009,2026.01.06 22:25:00,BUY,15,2026.01.06 22:40:00,1767739200009,2026.01.06 22:40:00,1767739200096,87,OK,4486.28,4486.43,4486.35,15.0,0.3343,4486.64,4486.83,4486.74,19.0,0.4235,38.0,21.0,0.8470,0.4681,0.3789,4483.93796834,4484.01083298,4484.40637467,4484.21712089
29,XAUUSD,PERIOD_M5,26090401,2026.01.06 22:25:00,1767738300009,2026.01.06 22:25:00,BUY,30,2026.01.06 22:55:00,1767740100009,2026.01.06 22:55:00,1767740100026,17,OK,4486.28,4486.43,4486.35,15.0,0.3343,4490.24,4490.44,4490.34,20.0,0.4454,398.5,381.0,8.8825,8.4923,0.3902,4483.93796834,4484.01083298,4484.40637467,4484.21712089
29,XAUUSD,PERIOD_M5,26090401,2026.01.06 22:25:00,1767738300009,2026.01.06 22:25:00,BUY,60,2026.01.06 23:25:00,1767741900009,2026.01.06 23:25:00,1767741900038,29,OK,4486.28,4486.43,4486.35,15.0,0.3343,4493.07,4493.34,4493.20,27.0,0.6009,685.0,664.0,15.2685,14.8002,0.4683,4483.93796834,4484.01083298,4484.40637467,4484.21712089
30,XAUUSD,PERIOD_M5,26090401,2026.01.07 02:10:00,1767751800365,2026.01.07 02:10:00,SELL,1,2026.01.07 02:11:00,1767751860365,2026.01.07 02:11:00,1767751860392,27,OK,4492.17,4492.37,4492.27,20.0,0.4452,4493.76,4493.95,4493.85,19.0,0.4228,-158.5,-178.0,-3.5283,-3.9625,0.4342,4495.19289176,4494.94383153,4494.58831341,4494.69166503
30,XAUUSD,PERIOD_M5,26090401,2026.01.07 02:10:00,1767751800365,2026.01.07 02:10:00,SELL,3,2026.01.07 02:13:00,1767751980365,2026.01.07 02:13:00,1767751980746,381,OK,4492.17,4492.37,4492.27,20.0,0.4452,4493.34,4493.55,4493.44,21.0,0.4673,-117.5,-138.0,-2.6156,-3.0720,0.4564,4495.19289176,4494.94383153,4494.58831341,4494.69166503
30,XAUUSD,PERIOD_M5,26090401,2026.01.07 02:10:00,1767751800365,2026.01.07 02:10:00,SELL,5,2026.01.07 02:15:00,1767752100365,2026.01.07 02:15:00,1767752100714,349,OK,4492.17,4492.37,4492.27,20.0,0.4452,4493.24,4493.40,4493.32,16.0,0.3561,-105.0,-123.0,-2.3373,-2.7381,0.4007,4495.19289176,4494.94383153,4494.58831341,4494.69166503
30,XAUUSD,PERIOD_M5,26090401,2026.01.07 02:10:00,1767751800365,2026.01.07 02:10:00,SELL,10,2026.01.07 02:20:00,1767752400365,2026.01.07 02:20:00,1767752400557,192,OK,4492.17,4492.37,4492.27,20.0,0.4452,4490.51,4490.67,4490.59,16.0,0.3563,168.0,150.0,3.7398,3.3391,0.4006,4495.19289176,4494.94383153,4494.58831341,4494.69166503
30,XAUUSD,PERIOD_M5,26090401,2026.01.07 02:10:00,1767751800365,2026.01.07 02:10:00,SELL,15,2026.01.07 02:25:00,1767752700365,2026.01.07 02:25:01,1767752701600,1235,OK,4492.17,4492.37,4492.27,20.0,0.4452,4491.29,4491.51,4491.40,22.0,0.4898,87.0,66.0,1.9367,1.4692,0.4674,4495.19289176,4494.94383153,4494.58831341,4494.69166503
30,XAUUSD,PERIOD_M5,26090401,2026.01.07 02:10:00,1767751800365,2026.01.07 02:10:00,SELL,30,2026.01.07 02:40:00,1767753600365,2026.01.07 02:40:00,1767753600371,6,OK,4492.17,4492.37,4492.27,20.0,0.4452,4489.49,4489.72,4489.60,23.0,0.5123,266.5,245.0,5.9324,5.4539,0.4785,4495.19289176,4494.94383153,4494.58831341,4494.69166503
30,XAUUSD,PERIOD_M5,26090401,2026.01.07 02:10:00,1767751800365,2026.01.07 02:10:00,SELL,60,2026.01.07 03:10:00,1767755400365,2026.01.07 03:10:00,1767755400630,265,OK,4492.17,4492.37,4492.27,20.0,0.4452,4475.58,4475.74,4475.66,16.0,0.3575,1661.0,1643.0,36.9746,36.5748,0.3999,4495.19289176,4494.94383153,4494.58831341,4494.69166503
31,XAUUSD,PERIOD_M5,26090401,2026.01.07 05:20:00,1767763200069,2026.01.07 05:20:00,BUY,1,2026.01.07 05:21:00,1767763260069,2026.01.07 05:21:00,1767763260413,344,OK,4479.83,4480.04,4479.93,21.0,0.4688,4478.43,4478.56,4478.50,13.0,0.2903,-144.0,-161.0,-3.2143,-3.5937,0.3794,4475.16427284,4475.42629857,4476.09541827,4475.82572597
31,XAUUSD,PERIOD_M5,26090401,2026.01.07 05:20:00,1767763200069,2026.01.07 05:20:00,BUY,3,2026.01.07 05:23:00,1767763380069,2026.01.07 05:23:00,1767763380150,81,OK,4479.83,4480.04,4479.93,21.0,0.4688,4478.36,4478.58,4478.47,22.0,0.4912,-146.5,-168.0,-3.2701,-3.7500,0.4798,4475.16427284,4475.42629857,4476.09541827,4475.82572597
31,XAUUSD,PERIOD_M5,26090401,2026.01.07 05:20:00,1767763200069,2026.01.07 05:20:00,BUY,5,2026.01.07 05:25:00,1767763500069,2026.01.07 05:25:00,1767763500072,3,OK,4479.83,4480.04,4479.93,21.0,0.4688,4479.21,4479.41,4479.31,20.0,0.4465,-62.5,-83.0,-1.3951,-1.8527,0.4576,4475.16427284,4475.42629857,4476.09541827,4475.82572597
31,XAUUSD,PERIOD_M5,26090401,2026.01.07 05:20:00,1767763200069,2026.01.07 05:20:00,BUY,10,2026.01.07 05:30:00,1767763800069,2026.01.07 05:30:00,1767763800133,64,OK,4479.83,4480.04,4479.93,21.0,0.4688,4476.43,4476.64,4476.53,21.0,0.4691,-340.0,-361.0,-7.5894,-8.0580,0.4686,4475.16427284,4475.42629857,4476.09541827,4475.82572597
31,XAUUSD,PERIOD_M5,26090401,2026.01.07 05:20:00,1767763200069,2026.01.07 05:20:00,BUY,15,2026.01.07 05:35:00,1767764100069,2026.01.07 05:35:00,1767764100089,20,OK,4479.83,4480.04,4479.93,21.0,0.4688,4476.65,4476.85,4476.75,20.0,0.4468,-318.5,-339.0,-7.1095,-7.5669,0.4574,4475.16427284,4475.42629857,4476.09541827,4475.82572597
31,XAUUSD,PERIOD_M5,26090401,2026.01.07 05:20:00,1767763200069,2026.01.07 05:20:00,BUY,30,2026.01.07 05:50:00,1767765000069,2026.01.07 05:50:00,1767765000666,597,OK,4479.83,4480.04,4479.93,21.0,0.4688,4476.89,4477.09,4476.99,20.0,0.4467,-294.5,-315.0,-6.5738,-7.0312,0.4574,4475.16427284,4475.42629857,4476.09541827,4475.82572597
32,XAUUSD,PERIOD_M5,26090401,2026.01.07 06:05:00,1767765900054,2026.01.07 06:05:00,SELL,1,2026.01.07 06:06:00,1767765960054,2026.01.07 06:06:00,1767765960164,110,OK,4473.10,4473.26,4473.18,16.0,0.3577,4471.75,4471.90,4471.82,15.0,0.3354,135.5,120.0,3.0292,2.6827,0.3465,4476.45576223,4476.34346392,4475.78460979,4476.04860357
32,XAUUSD,PERIOD_M5,26090401,2026.01.07 06:05:00,1767765900054,2026.01.07 06:05:00,SELL,3,2026.01.07 06:08:00,1767766080054,2026.01.07 06:08:00,1767766080412,358,OK,4473.10,4473.26,4473.18,16.0,0.3577,4471.84,4472.03,4471.93,19.0,0.4249,124.5,107.0,2.7833,2.3921,0.3912,4476.45576223,4476.34346392,4475.78460979,4476.04860357
32,XAUUSD,PERIOD_M5,26090401,2026.01.07 06:05:00,1767765900054,2026.01.07 06:05:00,SELL,5,2026.01.07 06:10:00,1767766200054,2026.01.07 06:10:00,1767766200285,231,OK,4473.10,4473.26,4473.18,16.0,0.3577,4471.44,4471.65,4471.55,21.0,0.4696,163.5,145.0,3.6551,3.2416,0.4135,4476.45576223,4476.34346392,4475.78460979,4476.04860357
32,XAUUSD,PERIOD_M5,26090401,2026.01.07 06:05:00,1767765900054,2026.01.07 06:05:00,SELL,10,2026.01.07 06:15:00,1767766500054,2026.01.07 06:15:00,1767766500136,82,OK,4473.10,4473.26,4473.18,16.0,0.3577,4470.38,4470.56,4470.47,18.0,0.4026,271.0,254.0,6.0583,5.6784,0.3799,4476.45576223,4476.34346392,4475.78460979,4476.04860357
32,XAUUSD,PERIOD_M5,26090401,2026.01.07 06:05:00,1767765900054,2026.01.07 06:05:00,SELL,15,2026.01.07 06:20:00,1767766800054,2026.01.07 06:20:00,1767766800261,207,OK,4473.10,4473.26,4473.18,16.0,0.3577,4468.65,4468.79,4468.72,14.0,0.3133,446.0,431.0,9.9705,9.6354,0.3352,4476.45576223,4476.34346392,4475.78460979,4476.04860357
31,XAUUSD,PERIOD_M5,26090401,2026.01.07 05:20:00,1767763200069,2026.01.07 05:20:00,BUY,60,2026.01.07 06:20:00,1767766800069,2026.01.07 06:20:00,1767766800261,192,OK,4479.83,4480.04,4479.93,21.0,0.4688,4468.65,4468.79,4468.72,14.0,0.3133,-1121.5,-1139.0,-25.0338,-25.4239,0.3900,4475.16427284,4475.42629857,4476.09541827,4475.82572597
32,XAUUSD,PERIOD_M5,26090401,2026.01.07 06:05:00,1767765900054,2026.01.07 06:05:00,SELL,30,2026.01.07 06:35:00,1767767700054,2026.01.07 06:35:00,1767767700054,0,OK,4473.10,4473.26,4473.18,16.0,0.3577,4467.44,4467.65,4467.55,21.0,0.4701,563.5,545.0,12.5973,12.1839,0.4134,4476.45576223,4476.34346392,4475.78460979,4476.04860357
32,XAUUSD,PERIOD_M5,26090401,2026.01.07 06:05:00,1767765900054,2026.01.07 06:05:00,SELL,60,2026.01.07 07:05:00,1767769500054,2026.01.07 07:05:00,1767769500095,41,OK,4473.10,4473.26,4473.18,16.0,0.3577,4463.92,4464.08,4464.00,16.0,0.3584,918.0,902.0,20.5223,20.1650,0.3573,4476.45576223,4476.34346392,4475.78460979,4476.04860357
33,XAUUSD,PERIOD_M5,26090401,2026.01.07 09:45:00,1767779100029,2026.01.07 09:45:00,BUY,1,2026.01.07 09:46:00,1767779160029,2026.01.07 09:46:00,1767779160126,97,OK,4458.92,4459.04,4458.98,12.0,0.2691,4459.44,4459.58,4459.51,14.0,0.3139,53.0,40.0,1.1886,0.8971,0.2916,4453.31428396,4453.54136316,4454.43542717,4454.03033014
33,XAUUSD,PERIOD_M5,26090401,2026.01.07 09:45:00,1767779100029,2026.01.07 09:45:00,BUY,3,2026.01.07 09:48:00,1767779280029,2026.01.07 09:48:00,1767779280118,89,OK,4458.92,4459.04,4458.98,12.0,0.2691,4463.43,4463.59,4463.51,16.0,0.3585,453.0,439.0,10.1593,9.8452,0.3141,4453.31428396,4453.54136316,4454.43542717,4454.03033014
33,XAUUSD,PERIOD_M5,26090401,2026.01.07 09:45:00,1767779100029,2026.01.07 09:45:00,BUY,5,2026.01.07 09:50:00,1767779400029,2026.01.07 09:50:00,1767779400174,145,OK,4458.92,4459.04,4458.98,12.0,0.2691,4462.13,4462.30,4462.22,17.0,0.3810,323.5,309.0,7.2550,6.9297,0.3253,4453.31428396,4453.54136316,4454.43542717,4454.03033014
33,XAUUSD,PERIOD_M5,26090401,2026.01.07 09:45:00,1767779100029,2026.01.07 09:45:00,BUY,10,2026.01.07 09:55:00,1767779700029,2026.01.07 09:55:00,1767779700129,100,OK,4458.92,4459.04,4458.98,12.0,0.2691,4463.39,4463.55,4463.47,16.0,0.3585,449.0,435.0,10.0696,9.7555,0.3141,4453.31428396,4453.54136316,4454.43542717,4454.03033014
33,XAUUSD,PERIOD_M5,26090401,2026.01.07 09:45:00,1767779100029,2026.01.07 09:45:00,BUY,15,2026.01.07 10:00:00,1767780000029,2026.01.07 10:00:00,1767780000083,54,OK,4458.92,4459.04,4458.98,12.0,0.2691,4461.20,4461.24,4461.22,4.0,0.0897,224.0,216.0,5.0236,4.8441,0.1795,4453.31428396,4453.54136316,4454.43542717,4454.03033014
33,XAUUSD,PERIOD_M5,26090401,2026.01.07 09:45:00,1767779100029,2026.01.07 09:45:00,BUY,30,2026.01.07 10:15:00,1767780900029,2026.01.07 10:15:00,1767780900115,86,OK,4458.92,4459.04,4458.98,12.0,0.2691,4465.80,4465.97,4465.89,17.0,0.3807,690.5,676.0,15.4856,15.1602,0.3254,4453.31428396,4453.54136316,4454.43542717,4454.03033014
33,XAUUSD,PERIOD_M5,26090401,2026.01.07 09:45:00,1767779100029,2026.01.07 09:45:00,BUY,60,2026.01.07 10:45:00,1767782700029,2026.01.07 10:45:00,1767782700594,565,OK,4458.92,4459.04,4458.98,12.0,0.2691,4466.88,4467.05,4466.97,17.0,0.3806,798.5,784.0,17.9077,17.5823,0.3254,4453.31428396,4453.54136316,4454.43542717,4454.03033014
34,XAUUSD,PERIOD_M5,26090401,2026.01.07 12:30:00,1767789000507,2026.01.07 12:30:00,SELL,1,2026.01.07 12:31:00,1767789060507,2026.01.07 12:31:00,1767789060763,256,OK,4459.88,4460.05,4459.97,17.0,0.3812,4459.65,4459.82,4459.73,17.0,0.3812,23.0,6.0,0.5157,0.1345,0.3812,4464.21898855,4463.96485719,4463.35719084,4463.59623381
34,XAUUSD,PERIOD_M5,26090401,2026.01.07 12:30:00,1767789000507,2026.01.07 12:30:00,SELL,3,2026.01.07 12:33:00,1767789180507,2026.01.07 12:33:00,1767789180650,143,OK,4459.88,4460.05,4459.97,17.0,0.3812,4461.26,4461.43,4461.35,17.0,0.3811,-138.0,-155.0,-3.0942,-3.4754,0.3812,4464.21898855,4463.96485719,4463.35719084,4463.59623381
34,XAUUSD,PERIOD_M5,26090401,2026.01.07 12:30:00,1767789000507,2026.01.07 12:30:00,SELL,5,2026.01.07 12:35:00,1767789300507,2026.01.07 12:35:00,1767789300853,346,OK,4459.88,4460.05,4459.97,17.0,0.3812,4464.11,4464.28,4464.19,17.0,0.3808,-423.0,-440.0,-9.4844,-9.8657,0.3814,4464.21898855,4463.96485719,4463.35719084,4463.59623381
34,XAUUSD,PERIOD_M5,26090401,2026.01.07 12:30:00,1767789000507,2026.01.07 12:30:00,SELL,10,2026.01.07 12:40:00,1767789600507,2026.01.07 12:40:00,1767789600984,477,OK,4459.88,4460.05,4459.97,17.0,0.3812,4464.78,4464.96,4464.87,18.0,0.4031,-490.5,-508.0,-10.9978,-11.3904,0.3926,4464.21898855,4463.96485719,4463.35719084,4463.59623381
35,XAUUSD,PERIOD_M5,26090401,2026.01.07 12:45:00,1767789900275,2026.01.07 12:45:00,BUY,1,2026.01.07 12:46:00,1767789960275,2026.01.07 12:46:00,1767789960731,456,OK,4466.08,4466.25,4466.16,17.0,0.3806,4466.86,4467.03,4466.94,17.0,0.3806,78.0,61.0,1.7465,1.3658,0.3807,4463.67380214,4463.70176348,4464.15904171,4463.91978498
35,XAUUSD,PERIOD_M5,26090401,2026.01.07 12:45:00,1767789900275,2026.01.07 12:45:00,BUY,3,2026.01.07 12:48:00,1767790080275,2026.01.07 12:48:00,1767790080614,339,OK,4466.08,4466.25,4466.16,17.0,0.3806,4467.59,4467.76,4467.68,17.0,0.3805,151.0,134.0,3.3810,3.0003,0.3807,4463.67380214,4463.70176348,4464.15904171,4463.91978498
34,XAUUSD,PERIOD_M5,26090401,2026.01.07 12:30:00,1767789000507,2026.01.07 12:30:00,SELL,15,2026.01.07 12:45:00,1767789900507,2026.01.07 12:45:00,1767789900793,286,OK,4459.88,4460.05,4459.97,17.0,0.3812,4465.95,4466.12,4466.03,17.0,0.3807,-607.0,-624.0,-13.6100,-13.9914,0.3814,4464.21898855,4463.96485719,4463.35719084,4463.59623381
35,XAUUSD,PERIOD_M5,26090401,2026.01.07 12:45:00,1767789900275,2026.01.07 12:45:00,BUY,5,2026.01.07 12:50:00,1767790200275,2026.01.07 12:50:00,1767790200699,424,OK,4466.08,4466.25,4466.16,17.0,0.3806,4466.29,4466.46,4466.38,17.0,0.3806,21.0,4.0,0.4702,0.0896,0.3806,4463.67380214,4463.70176348,4464.15904171,4463.91978498
35,XAUUSD,PERIOD_M5,26090401,2026.01.07 12:45:00,1767789900275,2026.01.07 12:45:00,BUY,10,2026.01.07 12:55:00,1767790500275,2026.01.07 12:55:00,1767790500609,334,OK,4466.08,4466.25,4466.16,17.0,0.3806,4465.16,4465.33,4465.24,17.0,0.3807,-92.0,-109.0,-2.0599,-2.4405,0.3806,4463.67380214,4463.70176348,4464.15904171,4463.91978498
35,XAUUSD,PERIOD_M5,26090401,2026.01.07 12:45:00,1767789900275,2026.01.07 12:45:00,BUY,15,2026.01.07 13:00:00,1767790800275,2026.01.07 13:00:00,1767790800982,707,OK,4466.08,4466.25,4466.16,17.0,0.3806,4464.54,4464.71,4464.63,17.0,0.3808,-154.0,-171.0,-3.4481,-3.8287,0.3806,4463.67380214,4463.70176348,4464.15904171,4463.91978498
34,XAUUSD,PERIOD_M5,26090401,2026.01.07 12:30:00,1767789000507,2026.01.07 12:30:00,SELL,30,2026.01.07 13:00:00,1767790800507,2026.01.07 13:00:00,1767790800982,475,OK,4459.88,4460.05,4459.97,17.0,0.3812,4464.54,4464.71,4464.63,17.0,0.3808,-466.0,-483.0,-10.4485,-10.8299,0.3814,4464.21898855,4463.96485719,4463.35719084,4463.59623381
36,XAUUSD,PERIOD_M5,26090401,2026.01.07 13:15:00,1767791700254,2026.01.07 13:15:00,SELL,1,2026.01.07 13:16:00,1767791760254,2026.01.07 13:16:00,1767791760683,429,OK,4461.78,4461.95,4461.86,17.0,0.3810,4460.70,4460.88,4460.79,18.0,0.4035,107.5,90.0,2.4093,2.0171,0.3922,4464.16208599,4464.09668712,4463.70566879,4463.89517011
36,XAUUSD,PERIOD_M5,26090401,2026.01.07 13:15:00,1767791700254,2026.01.07 13:15:00,SELL,3,2026.01.07 13:18:00,1767791880254,2026.01.07 13:18:00,1767791880346,92,OK,4461.78,4461.95,4461.86,17.0,0.3810,4462.78,4462.95,4462.86,17.0,0.3809,-100.0,-117.0,-2.2412,-2.6223,0.3811,4464.16208599,4464.09668712,4463.70566879,4463.89517011
35,XAUUSD,PERIOD_M5,26090401,2026.01.07 12:45:00,1767789900275,2026.01.07 12:45:00,BUY,30,2026.01.07 13:15:00,1767791700275,2026.01.07 13:15:00,1767791700751,476,OK,4466.08,4466.25,4466.16,17.0,0.3806,4461.72,4461.89,4461.81,17.0,0.3810,-436.0,-453.0,-9.7623,-10.1427,0.3804,4463.67380214,4463.70176348,4464.15904171,4463.91978498
36,XAUUSD,PERIOD_M5,26090401,2026.01.07 13:15:00,1767791700254,2026.01.07 13:15:00,SELL,5,2026.01.07 13:20:00,1767792000254,2026.01.07 13:20:00,1767792000646,392,OK,4461.78,4461.95,4461.86,17.0,0.3810,4462.73,4462.90,4462.81,17.0,0.3809,-95.0,-112.0,-2.1292,-2.5102,0.3811,4464.16208599,4464.09668712,4463.70566879,4463.89517011
36,XAUUSD,PERIOD_M5,26090401,2026.01.07 13:15:00,1767791700254,2026.01.07 13:15:00,SELL,10,2026.01.07 13:25:00,1767792300254,2026.01.07 13:25:00,1767792300255,1,OK,4461.78,4461.95,4461.86,17.0,0.3810,4459.59,4459.76,4459.68,17.0,0.3812,219.0,202.0,4.9083,4.5273,0.3809,4464.16208599,4464.09668712,4463.70566879,4463.89517011
36,XAUUSD,PERIOD_M5,26090401,2026.01.07 13:15:00,1767791700254,2026.01.07 13:15:00,SELL,15,2026.01.07 13:30:00,1767792600254,2026.01.07 13:30:00,1767792600478,224,OK,4461.78,4461.95,4461.86,17.0,0.3810,4459.20,4459.37,4459.28,17.0,0.3812,258.0,241.0,5.7823,5.4014,0.3809,4464.16208599,4464.09668712,4463.70566879,4463.89517011
34,XAUUSD,PERIOD_M5,26090401,2026.01.07 12:30:00,1767789000507,2026.01.07 12:30:00,SELL,60,2026.01.07 13:30:00,1767792600507,2026.01.07 13:30:00,1767792600999,492,OK,4459.88,4460.05,4459.97,17.0,0.3812,4459.05,4459.22,4459.14,17.0,0.3812,83.0,66.0,1.8610,1.4799,0.3811,4464.21898855,4463.96485719,4463.35719084,4463.59623381
36,XAUUSD,PERIOD_M5,26090401,2026.01.07 13:15:00,1767791700254,2026.01.07 13:15:00,SELL,30,2026.01.07 13:45:00,1767793500254,2026.01.07 13:45:00,1767793500531,277,OK,4461.78,4461.95,4461.86,17.0,0.3810,4450.66,4450.83,4450.74,17.0,0.3820,1112.0,1095.0,24.9223,24.5418,0.3805,4464.16208599,4464.09668712,4463.70566879,4463.89517011
35,XAUUSD,PERIOD_M5,26090401,2026.01.07 12:45:00,1767789900275,2026.01.07 12:45:00,BUY,60,2026.01.07 13:45:00,1767793500275,2026.01.07 13:45:00,1767793500531,256,OK,4466.08,4466.25,4466.16,17.0,0.3806,4450.66,4450.83,4450.74,17.0,0.3820,-1542.0,-1559.0,-34.5263,-34.9062,0.3800,4463.67380214,4463.70176348,4464.15904171,4463.91978498
36,XAUUSD,PERIOD_M5,26090401,2026.01.07 13:15:00,1767791700254,2026.01.07 13:15:00,SELL,60,2026.01.07 14:15:00,1767795300254,2026.01.07 14:15:00,1767795300297,43,OK,4461.78,4461.95,4461.86,17.0,0.3810,4445.62,4445.78,4445.70,16.0,0.3599,1616.5,1600.0,36.2292,35.8601,0.3691,4464.16208599,4464.09668712,4463.70566879,4463.89517011
37,XAUUSD,PERIOD_M5,26090401,2026.01.07 16:05:00,1767801900023,2026.01.07 16:05:00,BUY,1,2026.01.07 16:06:00,1767801960023,2026.01.07 16:06:00,1767801960056,33,OK,4452.72,4452.76,4452.74,4.0,0.0898,4451.96,4452.14,4452.05,18.0,0.4043,-69.0,-80.0,-1.5496,-1.7966,0.2470,4446.32855877,4446.48561759,4447.60684702,4447.05237962
37,XAUUSD,PERIOD_M5,26090401,2026.01.07 16:05:00,1767801900023,2026.01.07 16:05:00,BUY,3,2026.01.07 16:08:00,1767802080023,2026.01.07 16:08:00,1767802080034,11,OK,4452.72,4452.76,4452.74,4.0,0.0898,4453.21,4453.39,4453.30,18.0,0.4042,56.0,45.0,1.2577,1.0106,0.2470,4446.32855877,4446.48561759,4447.60684702,4447.05237962
37,XAUUSD,PERIOD_M5,26090401,2026.01.07 16:05:00,1767801900023,2026.01.07 16:05:00,BUY,5,2026.01.07 16:10:00,1767802200023,2026.01.07 16:10:00,1767802200063,40,OK,4452.72,4452.76,4452.74,4.0,0.0898,4448.71,4448.83,4448.77,12.0,0.2697,-397.0,-405.0,-8.9159,-9.0955,0.1796,4446.32855877,4446.48561759,4447.60684702,4447.05237962
37,XAUUSD,PERIOD_M5,26090401,2026.01.07 16:05:00,1767801900023,2026.01.07 16:05:00,BUY,10,2026.01.07 16:15:00,1767802500023,2026.01.07 16:15:00,1767802500134,111,OK,4452.72,4452.76,4452.74,4.0,0.0898,4447.19,4447.28,4447.23,9.0,0.2024,-550.5,-557.0,-12.3632,-12.5091,0.1459,4446.32855877,4446.48561759,4447.60684702,4447.05237962
37,XAUUSD,PERIOD_M5,26090401,2026.01.07 16:05:00,1767801900023,2026.01.07 16:05:00,BUY,15,2026.01.07 16:20:00,1767802800023,2026.01.07 16:20:00,1767802800067,44,OK,4452.72,4452.76,4452.74,4.0,0.0898,4449.86,4450.03,4449.94,17.0,0.3820,-279.5,-290.0,-6.2770,-6.5128,0.2358,4446.32855877,4446.48561759,4447.60684702,4447.05237962
38,XAUUSD,PERIOD_M5,26090401,2026.01.07 16:30:00,1767803400041,2026.01.07 16:30:00,SELL,1,2026.01.07 16:31:00,1767803460041,2026.01.07 16:31:00,1767803460127,86,OK,4444.65,4444.80,4444.73,15.0,0.3375,4449.75,4449.93,4449.84,18.0,0.4045,-511.5,-528.0,-11.5080,-11.8795,0.3714,4447.60250054,4447.26524734,4447.01200043,4447.02749758
38,XAUUSD,PERIOD_M5,26090401,2026.01.07 16:30:00,1767803400041,2026.01.07 16:30:00,SELL,3,2026.01.07 16:33:00,1767803580041,2026.01.07 16:33:00,1767803580071,30,OK,4444.65,4444.80,4444.73,15.0,0.3375,4444.70,4444.89,4444.80,19.0,0.4275,-7.0,-24.0,-0.1575,-0.5400,0.3825,4447.60250054,4447.26524734,4447.01200043,4447.02749758
39,XAUUSD,PERIOD_M5,26090401,2026.01.07 16:35:00,1767803700016,2026.01.07 16:35:00,BUY,1,2026.01.07 16:36:00,1767803760016,2026.01.07 16:36:00,1767803760024,8,OK,4449.39,4449.52,4449.45,13.0,0.2922,4450.49,4450.53,4450.51,4.0,0.0899,105.5,97.0,2.3711,2.1800,0.1911,4447.01200043,4447.02749758,4447.50360034,4447.24954325
39,XAUUSD,PERIOD_M5,26090401,2026.01.07 16:35:00,1767803700016,2026.01.07 16:35:00,BUY,3,2026.01.07 16:38:00,1767803880016,2026.01.07 16:38:00,1767803880027,11,OK,4449.39,4449.52,4449.45,13.0,0.2922,4438.36,4438.52,4438.44,16.0,0.3605,-1101.5,-1116.0,-24.7558,-25.0814,0.3255,4447.01200043,4447.02749758,4447.50360034,4447.24954325
38,XAUUSD,PERIOD_M5,26090401,2026.01.07 16:30:00,1767803400041,2026.01.07 16:30:00,SELL,5,2026.01.07 16:35:00,1767803700041,2026.01.07 16:35:00,1767803700078,37,OK,4444.65,4444.80,4444.73,15.0,0.3375,4449.39,4449.49,4449.44,10.0,0.2247,-471.5,-484.0,-10.6081,-10.8895,0.2814,4447.60250054,4447.26524734,4447.01200043,4447.02749758
37,XAUUSD,PERIOD_M5,26090401,2026.01.07 16:05:00,1767801900023,2026.01.07 16:05:00,BUY,30,2026.01.07 16:35:00,1767803700023,2026.01.07 16:35:00,1767803700078,55,OK,4452.72,4452.76,4452.74,4.0,0.0898,4449.39,4449.49,4449.44,10.0,0.2247,-330.0,-337.0,-7.4112,-7.5683,0.1572,4446.32855877,4446.48561759,4447.60684702,4447.05237962
40,XAUUSD,PERIOD_M5,26090401,2026.01.07 16:40:00,1767804000018,2026.01.07 16:40:00,SELL,1,2026.01.07 16:41:00,1767804060018,2026.01.07 16:41:00,1767804060106,88,OK,4441.04,4441.22,4441.13,18.0,0.4053,4442.43,4442.57,4442.50,14.0,0.3151,-137.0,-153.0,-3.0848,-3.4451,0.3603,4447.50360034,4447.24954325,4446.21888028,4446.68867568
40,XAUUSD,PERIOD_M5,26090401,2026.01.07 16:40:00,1767804000018,2026.01.07 16:40:00,SELL,3,2026.01.07 16:43:00,1767804180018,2026.01.07 16:43:00,1767804180022,4,OK,4441.04,4441.22,4441.13,18.0,0.4053,4440.05,4440.09,4440.07,4.0,0.0901,106.0,95.0,2.3868,2.1391,0.2476,4447.50360034,4447.24954325,4446.21888028,4446.68867568
39,XAUUSD,PERIOD_M5,26090401,2026.01.07 16:35:00,1767803700016,2026.01.07 16:35:00,BUY,5,2026.01.07 16:40:00,1767804000016,2026.01.07 16:40:00,1767804000018,2,OK,4449.39,4449.52,4449.45,13.0,0.2922,4441.04,4441.22,4441.13,18.0,0.4053,-832.5,-848.0,-18.7102,-19.0582,0.3481,4447.01200043,4447.02749758,4447.50360034,4447.24954325
38,XAUUSD,PERIOD_M5,26090401,2026.01.07 16:30:00,1767803400041,2026.01.07 16:30:00,SELL,10,2026.01.07 16:40:00,1767804000041,2026.01.07 16:40:00,1767804000066,25,OK,4444.65,4444.80,4444.73,15.0,0.3375,4441.11,4441.22,4441.16,11.0,0.2477,356.0,343.0,8.0095,7.7171,0.2924,4447.60250054,4447.26524734,4447.01200043,4447.02749758
40,XAUUSD,PERIOD_M5,26090401,2026.01.07 16:40:00,1767804000018,2026.01.07 16:40:00,SELL,5,2026.01.07 16:45:00,1767804300018,2026.01.07 16:45:00,1767804300080,62,OK,4441.04,4441.22,4441.13,18.0,0.4053,4444.21,4444.37,4444.29,16.0,0.3600,-316.0,-333.0,-7.1153,-7.4982,0.3829,4447.50360034,4447.24954325,4446.21888028,4446.68867568
39,XAUUSD,PERIOD_M5,26090401,2026.01.07 16:35:00,1767803700016,2026.01.07 16:35:00,BUY,10,2026.01.07 16:45:00,1767804300016,2026.01.07 16:45:00,1767804300080,64,OK,4449.39,4449.52,4449.45,13.0,0.2922,4444.21,4444.37,4444.29,16.0,0.3600,-516.5,-531.0,-11.6082,-11.9339,0.3257,4447.01200043,4447.02749758,4447.50360034,4447.24954325
38,XAUUSD,PERIOD_M5,26090401,2026.01.07 16:30:00,1767803400041,2026.01.07 16:30:00,SELL,15,2026.01.07 16:45:00,1767804300041,2026.01.07 16:45:00,1767804300080,39,OK,4444.65,4444.80,4444.73,15.0,0.3375,4444.21,4444.37,4444.29,16.0,0.3600,43.5,28.0,0.9787,0.6300,0.3487,4447.60250054,4447.26524734,4447.01200043,4447.02749758
40,XAUUSD,PERIOD_M5,26090401,2026.01.07 16:40:00,1767804000018,2026.01.07 16:40:00,SELL,10,2026.01.07 16:50:00,1767804600018,2026.01.07 16:50:00,1767804600035,17,OK,4441.04,4441.22,4441.13,18.0,0.4053,4442.83,4442.95,4442.89,12.0,0.2701,-176.0,-191.0,-3.9630,-4.3008,0.3378,4447.50360034,4447.24954325,4446.21888028,4446.68867568
39,XAUUSD,PERIOD_M5,26090401,2026.01.07 16:35:00,1767803700016,2026.01.07 16:35:00,BUY,15,2026.01.07 16:50:00,1767804600016,2026.01.07 16:50:00,1767804600035,19,OK,4449.39,4449.52,4449.45,13.0,0.2922,4442.83,4442.95,4442.89,12.0,0.2701,-656.5,-669.0,-14.7546,-15.0353,0.2807,4447.01200043,4447.02749758,4447.50360034,4447.24954325
40,XAUUSD,PERIOD_M5,26090401,2026.01.07 16:40:00,1767804000018,2026.01.07 16:40:00,SELL,15,2026.01.07 16:55:00,1767804900018,2026.01.07 16:55:00,1767804900048,30,OK,4441.04,4441.22,4441.13,18.0,0.4053,4446.69,4446.85,4446.77,16.0,0.3598,-564.0,-581.0,-12.6995,-13.0825,0.3831,4447.50360034,4447.24954325,4446.21888028,4446.68867568
38,XAUUSD,PERIOD_M5,26090401,2026.01.07 16:30:00,1767803400041,2026.01.07 16:30:00,SELL,30,2026.01.07 17:00:00,1767805200041,2026.01.07 17:00:00,1767805200058,17,OK,4444.65,4444.80,4444.73,15.0,0.3375,4444.99,4446.09,4445.54,110.0,2.4744,-81.5,-144.0,-1.8336,-3.2399,1.4062,4447.60250054,4447.26524734,4447.01200043,4447.02749758
39,XAUUSD,PERIOD_M5,26090401,2026.01.07 16:35:00,1767803700016,2026.01.07 16:35:00,BUY,30,2026.01.07 17:05:00,1767805500016,2026.01.07 17:05:00,1767805500030,14,OK,4449.39,4449.52,4449.45,13.0,0.2922,4441.45,4441.58,4441.51,13.0,0.2927,-794.0,-807.0,-17.8449,-18.1368,0.2919,4447.01200043,4447.02749758,4447.50360034,4447.24954325
37,XAUUSD,PERIOD_M5,26090401,2026.01.07 16:05:00,1767801900023,2026.01.07 16:05:00,BUY,60,2026.01.07 17:05:00,1767805500023,2026.01.07 17:05:00,1767805500030,7,OK,4452.72,4452.76,4452.74,4.0,0.0898,4441.45,4441.58,4441.51,13.0,0.2927,-1122.5,-1131.0,-25.2092,-25.4000,0.1908,4446.32855877,4446.48561759,4447.60684702,4447.05237962
40,XAUUSD,PERIOD_M5,26090401,2026.01.07 16:40:00,1767804000018,2026.01.07 16:40:00,SELL,30,2026.01.07 17:10:00,1767805800018,2026.01.07 17:10:00,1767805800029,11,OK,4441.04,4441.22,4441.13,18.0,0.4053,4441.46,4441.57,4441.51,11.0,0.2477,-38.5,-53.0,-0.8669,-1.1934,0.3265,4447.50360034,4447.24954325,4446.21888028,4446.68867568
38,XAUUSD,PERIOD_M5,26090401,2026.01.07 16:30:00,1767803400041,2026.01.07 16:30:00,SELL,60,2026.01.07 17:30:00,1767807000041,2026.01.07 17:30:00,1767807000053,12,OK,4444.65,4444.80,4444.73,15.0,0.3375,4442.11,4442.23,4442.17,12.0,0.2701,255.5,242.0,5.7484,5.4447,0.3036,4447.60250054,4447.26524734,4447.01200043,4447.02749758
39,XAUUSD,PERIOD_M5,26090401,2026.01.07 16:35:00,1767803700016,2026.01.07 16:35:00,BUY,60,2026.01.07 17:35:00,1767807300016,2026.01.07 17:35:00,1767807300030,14,OK,4449.39,4449.52,4449.45,13.0,0.2922,4448.71,4448.80,4448.76,9.0,0.2023,-70.0,-81.0,-1.5732,-1.8204,0.2472,4447.01200043,4447.02749758,4447.50360034,4447.24954325
40,XAUUSD,PERIOD_M5,26090401,2026.01.07 16:40:00,1767804000018,2026.01.07 16:40:00,SELL,60,2026.01.07 17:40:00,1767807600018,2026.01.07 17:40:00,1767807600034,16,OK,4441.04,4441.22,4441.13,18.0,0.4053,4448.51,4448.55,4448.53,4.0,0.0899,-740.0,-751.0,-16.6624,-16.9105,0.2480,4447.50360034,4447.24954325,4446.21888028,4446.68867568
41,XAUUSD,PERIOD_M5,26090401,2026.01.07 18:00:00,1767808800043,2026.01.07 18:00:00,BUY,1,2026.01.07 18:01:00,1767808860043,2026.01.07 18:01:00,1767808860136,93,OK,4446.07,4446.23,4446.15,16.0,0.3599,4448.74,4448.93,4448.84,19.0,0.4271,268.5,251.0,6.0389,5.6452,0.3937,4442.56049278,4442.67945673,4443.26439422,4442.98859703
41,XAUUSD,PERIOD_M5,26090401,2026.01.07 18:00:00,1767808800043,2026.01.07 18:00:00,BUY,3,2026.01.07 18:03:00,1767808980043,2026.01.07 18:03:00,1767808980112,69,OK,4446.07,4446.23,4446.15,16.0,0.3599,4446.46,4446.63,4446.55,17.0,0.3823,39.5,23.0,0.8884,0.5173,0.3711,4442.56049278,4442.67945673,4443.26439422,4442.98859703
41,XAUUSD,PERIOD_M5,26090401,2026.01.07 18:00:00,1767808800043,2026.01.07 18:00:00,BUY,5,2026.01.07 18:05:00,1767809100043,2026.01.07 18:05:00,1767809100123,80,OK,4446.07,4446.23,4446.15,16.0,0.3599,4446.43,4446.59,4446.51,16.0,0.3598,36.0,20.0,0.8097,0.4498,0.3599,4442.56049278,4442.67945673,4443.26439422,4442.98859703
41,XAUUSD,PERIOD_M5,26090401,2026.01.07 18:00:00,1767808800043,2026.01.07 18:00:00,BUY,10,2026.01.07 18:10:00,1767809400043,2026.01.07 18:10:00,1767809400058,15,OK,4446.07,4446.23,4446.15,16.0,0.3599,4447.40,4447.53,4447.47,13.0,0.2923,131.5,117.0,2.9576,2.6314,0.3262,4442.56049278,4442.67945673,4443.26439422,4442.98859703
41,XAUUSD,PERIOD_M5,26090401,2026.01.07 18:00:00,1767808800043,2026.01.07 18:00:00,BUY,15,2026.01.07 18:15:00,1767809700043,2026.01.07 18:15:00,1767809700073,30,OK,4446.07,4446.23,4446.15,16.0,0.3599,4447.13,4447.26,4447.19,13.0,0.2923,104.5,90.0,2.3503,2.0242,0.3262,4442.56049278,4442.67945673,4443.26439422,4442.98859703
41,XAUUSD,PERIOD_M5,26090401,2026.01.07 18:00:00,1767808800043,2026.01.07 18:00:00,BUY,30,2026.01.07 18:30:00,1767810600043,2026.01.07 18:30:00,1767810600047,4,OK,4446.07,4446.23,4446.15,16.0,0.3599,4457.92,4458.08,4458.00,16.0,0.3589,1185.0,1169.0,26.6523,26.2919,0.3603,4442.56049278,4442.67945673,4443.26439422,4442.98859703
41,XAUUSD,PERIOD_M5,26090401,2026.01.07 18:00:00,1767808800043,2026.01.07 18:00:00,BUY,60,2026.01.07 19:00:00,1767812400043,2026.01.07 19:00:00,1767812400121,78,OK,4446.07,4446.23,4446.15,16.0,0.3599,4464.21,4464.34,4464.27,13.0,0.2912,1812.5,1798.0,40.7656,40.4388,0.3269,4442.56049278,4442.67945673,4443.26439422,4442.98859703
42,XAUUSD,PERIOD_M5,26090401,2026.01.07 20:05:00,1767816300014,2026.01.07 20:05:00,SELL,1,2026.01.07 20:06:00,1767816360014,2026.01.07 20:06:00,1767816360058,44,OK,4450.59,4450.74,4450.66,15.0,0.3370,4451.93,4452.06,4452.00,13.0,0.2920,-133.0,-147.0,-2.9883,-3.3029,0.3146,4456.86176333,4456.76500570,4455.60741066,4456.20364155
42,XAUUSD,PERIOD_M5,26090401,2026.01.07 20:05:00,1767816300014,2026.01.07 20:05:00,SELL,3,2026.01.07 20:08:00,1767816480014,2026.01.07 20:08:00,1767816480031,17,OK,4450.59,4450.74,4450.66,15.0,0.3370,4451.40,4451.55,4451.48,15.0,0.3370,-81.0,-96.0,-1.8200,-2.1570,0.3371,4456.86176333,4456.76500570,4455.60741066,4456.20364155
42,XAUUSD,PERIOD_M5,26090401,2026.01.07 20:05:00,1767816300014,2026.01.07 20:05:00,SELL,5,2026.01.07 20:10:00,1767816600014,2026.01.07 20:10:00,1767816600088,74,OK,4450.59,4450.74,4450.66,15.0,0.3370,4450.21,4450.38,4450.30,17.0,0.3820,37.0,21.0,0.8313,0.4718,0.3595,4456.86176333,4456.76500570,4455.60741066,4456.20364155
42,XAUUSD,PERIOD_M5,26090401,2026.01.07 20:05:00,1767816300014,2026.01.07 20:05:00,SELL,10,2026.01.07 20:15:00,1767816900014,2026.01.07 20:15:00,1767816900024,10,OK,4450.59,4450.74,4450.66,15.0,0.3370,4449.90,4450.06,4449.98,16.0,0.3596,68.5,53.0,1.5391,1.1909,0.3482,4456.86176333,4456.76500570,4455.60741066,4456.20364155
42,XAUUSD,PERIOD_M5,26090401,2026.01.07 20:05:00,1767816300014,2026.01.07 20:05:00,SELL,15,2026.01.07 20:20:00,1767817200014,2026.01.07 20:20:00,1767817200048,34,OK,4450.59,4450.74,4450.66,15.0,0.3370,4450.27,4450.33,4450.30,6.0,0.1348,36.5,26.0,0.8201,0.5842,0.2359,4456.86176333,4456.76500570,4455.60741066,4456.20364155
42,XAUUSD,PERIOD_M5,26090401,2026.01.07 20:05:00,1767816300014,2026.01.07 20:05:00,SELL,30,2026.01.07 20:35:00,1767818100014,2026.01.07 20:35:00,1767818100039,25,OK,4450.59,4450.74,4450.66,15.0,0.3370,4456.12,4456.27,4456.19,15.0,0.3366,-553.0,-568.0,-12.4251,-12.7624,0.3372,4456.86176333,4456.76500570,4455.60741066,4456.20364155
42,XAUUSD,PERIOD_M5,26090401,2026.01.07 20:05:00,1767816300014,2026.01.07 20:05:00,SELL,60,2026.01.07 21:05:00,1767819900014,2026.01.07 21:05:00,1767819900103,89,OK,4450.59,4450.74,4450.66,15.0,0.3370,4455.02,4455.15,4455.09,13.0,0.2918,-442.0,-456.0,-9.9311,-10.2458,0.3147,4456.86176333,4456.76500570,4455.60741066,4456.20364155
43,XAUUSD,PERIOD_M5,26090401,2026.01.07 21:55:00,1767822900076,2026.01.07 21:55:00,BUY,1,2026.01.07 21:56:00,1767822960076,2026.01.07 21:56:00,1767822960096,20,OK,4457.63,4457.67,4457.65,4.0,0.0897,4457.46,4457.50,4457.48,4.0,0.0897,-17.0,-21.0,-0.3814,-0.4711,0.0897,4452.76912529,4453.07328164,4453.74130023,4453.48752876
43,XAUUSD,PERIOD_M5,26090401,2026.01.07 21:55:00,1767822900076,2026.01.07 21:55:00,BUY,3,2026.01.07 21:58:00,1767823080076,2026.01.07 21:58:00,1767823080078,2,OK,4457.63,4457.67,4457.65,4.0,0.0897,4456.86,4456.97,4456.91,11.0,0.2468,-73.5,-81.0,-1.6489,-1.8171,0.1682,4452.76912529,4453.07328164,4453.74130023,4453.48752876
43,XAUUSD,PERIOD_M5,26090401,2026.01.07 21:55:00,1767822900076,2026.01.07 21:55:00,BUY,5,2026.01.07 22:00:00,1767823200076,2026.01.07 22:00:00,1767823200084,8,OK,4457.63,4457.67,4457.65,4.0,0.0897,4456.97,4457.08,4457.02,11.0,0.2468,-62.5,-70.0,-1.4021,-1.5703,0.1682,4452.76912529,4453.07328164,4453.74130023,4453.48752876
43,XAUUSD,PERIOD_M5,26090401,2026.01.07 21:55:00,1767822900076,2026.01.07 21:55:00,BUY,10,2026.01.07 22:05:00,1767823500076,2026.01.07 22:05:00,1767823500202,126,OK,4457.63,4457.67,4457.65,4.0,0.0897,4458.53,4458.72,4458.63,19.0,0.4261,97.5,86.0,2.1873,1.9293,0.2580,4452.76912529,4453.07328164,4453.74130023,4453.48752876
43,XAUUSD,PERIOD_M5,26090401,2026.01.07 21:55:00,1767822900076,2026.01.07 21:55:00,BUY,15,2026.01.07 22:10:00,1767823800076,2026.01.07 22:10:00,1767823800391,315,OK,4457.63,4457.67,4457.65,4.0,0.0897,4455.74,4455.94,4455.84,20.0,0.4488,-181.0,-193.0,-4.0604,-4.3296,0.2692,4452.76912529,4453.07328164,4453.74130023,4453.48752876
43,XAUUSD,PERIOD_M5,26090401,2026.01.07 21:55:00,1767822900076,2026.01.07 21:55:00,BUY,30,2026.01.07 22:25:00,1767824700076,2026.01.07 22:25:00,1767824700353,277,OK,4457.63,4457.67,4457.65,4.0,0.0897,4459.05,4459.25,4459.15,20.0,0.4485,150.0,138.0,3.3650,3.0958,0.2692,4452.76912529,4453.07328164,4453.74130023,4453.48752876
43,XAUUSD,PERIOD_M5,26090401,2026.01.07 21:55:00,1767822900076,2026.01.07 21:55:00,BUY,60,2026.01.07 22:55:00,1767826500076,2026.01.07 22:55:00,1767826500106,30,OK,4457.63,4457.67,4457.65,4.0,0.0897,4458.68,4458.88,4458.78,20.0,0.4486,113.0,101.0,2.5350,2.2658,0.2692,4452.76912529,4453.07328164,4453.74130023,4453.48752876
44,XAUUSD,PERIOD_M5,26090401,2026.01.07 23:10:00,1767827400165,2026.01.07 23:10:00,SELL,1,2026.01.07 23:11:00,1767827460165,2026.01.07 23:11:00,1767827460392,227,OK,4452.91,4453.18,4453.05,27.0,0.6063,4453.32,4453.59,4453.45,27.0,0.6063,-41.0,-68.0,-0.9207,-1.5271,0.6064,4455.93651929,4455.88262767,4455.33121544,4455.61238879
44,XAUUSD,PERIOD_M5,26090401,2026.01.07 23:10:00,1767827400165,2026.01.07 23:10:00,SELL,3,2026.01.07 23:13:00,1767827580165,2026.01.07 23:13:01,1767827581511,1346,OK,4452.91,4453.18,4453.05,27.0,0.6063,4454.08,4454.35,4454.22,27.0,0.6062,-117.0,-144.0,-2.6274,-3.2338,0.6064,4455.93651929,4455.88262767,4455.33121544,4455.61238879
44,XAUUSD,PERIOD_M5,26090401,2026.01.07 23:10:00,1767827400165,2026.01.07 23:10:00,SELL,5,2026.01.07 23:15:00,1767827700165,2026.01.07 23:15:00,1767827700180,15,OK,4452.91,4453.18,4453.05,27.0,0.6063,4453.91,4454.18,4454.05,27.0,0.6062,-100.0,-127.0,-2.2457,-2.8521,0.6064,4455.93651929,4455.88262767,4455.33121544,4455.61238879
44,XAUUSD,PERIOD_M5,26090401,2026.01.07 23:10:00,1767827400165,2026.01.07 23:10:00,SELL,10,2026.01.07 23:20:00,1767828000165,2026.01.07 23:20:01,1767828001934,1769,OK,4452.91,4453.18,4453.05,27.0,0.6063,4453.88,4454.15,4454.01,27.0,0.6062,-97.0,-124.0,-2.1783,-2.7847,0.6064,4455.93651929,4455.88262767,4455.33121544,4455.61238879
44,XAUUSD,PERIOD_M5,26090401,2026.01.07 23:10:00,1767827400165,2026.01.07 23:10:00,SELL,15,2026.01.07 23:25:00,1767828300165,2026.01.07 23:25:01,1767828301289,1124,OK,4452.91,4453.18,4453.05,27.0,0.6063,4453.50,4453.77,4453.64,27.0,0.6062,-59.0,-86.0,-1.3249,-1.9313,0.6064,4455.93651929,4455.88262767,4455.33121544,4455.61238879
44,XAUUSD,PERIOD_M5,26090401,2026.01.07 23:10:00,1767827400165,2026.01.07 23:10:00,SELL,30,2026.01.07 23:40:00,1767829200165,2026.01.07 23:40:00,1767829200234,69,OK,4452.91,4453.18,4453.05,27.0,0.6063,4453.98,4454.42,4454.20,44.0,0.9878,-115.5,-151.0,-2.5937,-3.3910,0.7973,4455.93651929,4455.88262767,4455.33121544,4455.61238879
44,XAUUSD,PERIOD_M5,26090401,2026.01.07 23:10:00,1767827400165,2026.01.07 23:10:00,SELL,60,2026.01.08 00:10:00,1767831000165,,,,NO_TICK_NEAR_TARGET,4452.91,4453.18,4453.05,27.0,0.6063,,,,,,,,,,,4455.93651929,4455.88262767,4455.33121544,4455.61238879
45,XAUUSD,PERIOD_M5,26090401,2026.01.08 01:05:00,1767834300018,2026.01.08 01:05:00,BUY,1,2026.01.08 01:06:00,1767834360018,2026.01.08 01:06:00,1767834360845,827,OK,4462.12,4462.39,4462.26,27.0,0.6051,4462.16,4462.37,4462.26,21.0,0.4706,1.0,-23.0,0.0224,-0.5154,0.5378,4454.44257712,4454.64343999,4455.96006170,4455.31494545
45,XAUUSD,PERIOD_M5,26090401,2026.01.08 01:05:00,1767834300018,2026.01.08 01:05:00,BUY,3,2026.01.08 01:08:00,1767834480018,2026.01.08 01:08:00,1767834480050,32,OK,4462.12,4462.39,4462.26,27.0,0.6051,4461.44,4461.62,4461.53,18.0,0.4034,-72.5,-95.0,-1.6247,-2.1289,0.5042,4454.44257712,4454.64343999,4455.96006170,4455.31494545
45,XAUUSD,PERIOD_M5,26090401,2026.01.08 01:05:00,1767834300018,2026.01.08 01:05:00,BUY,5,2026.01.08 01:10:00,1767834600018,2026.01.08 01:10:00,1767834600106,88,OK,4462.12,4462.39,4462.26,27.0,0.6051,4459.86,4460.09,4459.98,23.0,0.5157,-228.0,-253.0,-5.1095,-5.6696,0.5601,4454.44257712,4454.64343999,4455.96006170,4455.31494545
45,XAUUSD,PERIOD_M5,26090401,2026.01.08 01:05:00,1767834300018,2026.01.08 01:05:00,BUY,10,2026.01.08 01:15:00,1767834900018,2026.01.08 01:15:00,1767834900024,6,OK,4462.12,4462.39,4462.26,27.0,0.6051,4459.77,4460.00,4459.89,23.0,0.5157,-237.0,-262.0,-5.3112,-5.8713,0.5601,4454.44257712,4454.64343999,4455.96006170,4455.31494545
45,XAUUSD,PERIOD_M5,26090401,2026.01.08 01:05:00,1767834300018,2026.01.08 01:05:00,BUY,15,2026.01.08 01:20:00,1767835200018,2026.01.08 01:20:00,1767835200037,19,OK,4462.12,4462.39,4462.26,27.0,0.6051,4461.90,4462.04,4461.97,14.0,0.3138,-28.5,-49.0,-0.6387,-1.0981,0.4594,4454.44257712,4454.64343999,4455.96006170,4455.31494545
45,XAUUSD,PERIOD_M5,26090401,2026.01.08 01:05:00,1767834300018,2026.01.08 01:05:00,BUY,30,2026.01.08 01:35:00,1767836100018,2026.01.08 01:35:00,1767836100059,41,OK,4462.12,4462.39,4462.26,27.0,0.6051,4461.38,4461.55,4461.47,17.0,0.3810,-79.0,-101.0,-1.7704,-2.2634,0.4930,4454.44257712,4454.64343999,4455.96006170,4455.31494545
45,XAUUSD,PERIOD_M5,26090401,2026.01.08 01:05:00,1767834300018,2026.01.08 01:05:00,BUY,60,2026.01.08 02:05:00,1767837900018,2026.01.08 02:05:00,1767837900344,326,OK,4462.12,4462.39,4462.26,27.0,0.6051,4463.88,4464.01,4463.94,13.0,0.2912,169.0,149.0,3.7873,3.3390,0.4483,4454.44257712,4454.64343999,4455.96006170,4455.31494545
46,XAUUSD,PERIOD_M5,26090401,2026.01.08 02:40:00,1767840000064,2026.01.08 02:40:00,SELL,1,2026.01.08 02:41:00,1767840060064,2026.01.08 02:41:00,1767840060086,22,OK,4454.06,4454.10,4454.08,4.0,0.0898,4451.35,4451.51,4451.43,16.0,0.3594,265.0,255.0,5.9496,5.7251,0.2245,4460.63809123,4460.28896329,4459.32247298,4459.72269390
46,XAUUSD,PERIOD_M5,26090401,2026.01.08 02:40:00,1767840000064,2026.01.08 02:40:00,SELL,3,2026.01.08 02:43:00,1767840180064,2026.01.08 02:43:00,1767840180184,120,OK,4454.06,4454.10,4454.08,4.0,0.0898,4452.00,4452.15,4452.07,15.0,0.3369,200.5,191.0,4.5015,4.2882,0.2133,4460.63809123,4460.28896329,4459.32247298,4459.72269390
46,XAUUSD,PERIOD_M5,26090401,2026.01.08 02:40:00,1767840000064,2026.01.08 02:40:00,SELL,5,2026.01.08 02:45:00,1767840300064,2026.01.08 02:45:00,1767840300082,18,OK,4454.06,4454.10,4454.08,4.0,0.0898,4451.46,4451.62,4451.54,16.0,0.3594,254.0,244.0,5.7026,5.4781,0.2245,4460.63809123,4460.28896329,4459.32247298,4459.72269390
46,XAUUSD,PERIOD_M5,26090401,2026.01.08 02:40:00,1767840000064,2026.01.08 02:40:00,SELL,10,2026.01.08 02:50:00,1767840600064,2026.01.08 02:50:00,1767840600092,28,OK,4454.06,4454.10,4454.08,4.0,0.0898,4447.34,4447.48,4447.41,14.0,0.3148,667.0,658.0,14.9750,14.7730,0.2020,4460.63809123,4460.28896329,4459.32247298,4459.72269390
46,XAUUSD,PERIOD_M5,26090401,2026.01.08 02:40:00,1767840000064,2026.01.08 02:40:00,SELL,15,2026.01.08 02:55:00,1767840900064,2026.01.08 02:55:00,1767840900075,11,OK,4454.06,4454.10,4454.08,4.0,0.0898,4450.83,4450.99,4450.91,16.0,0.3595,317.0,307.0,7.1171,6.8926,0.2245,4460.63809123,4460.28896329,4459.32247298,4459.72269390
46,XAUUSD,PERIOD_M5,26090401,2026.01.08 02:40:00,1767840000064,2026.01.08 02:40:00,SELL,30,2026.01.08 03:10:00,1767841800064,2026.01.08 03:10:00,1767841800119,55,OK,4454.06,4454.10,4454.08,4.0,0.0898,4459.29,4459.51,4459.40,22.0,0.4933,-532.0,-545.0,-11.9441,-12.2360,0.2919,4460.63809123,4460.28896329,4459.32247298,4459.72269390
46,XAUUSD,PERIOD_M5,26090401,2026.01.08 02:40:00,1767840000064,2026.01.08 02:40:00,SELL,60,2026.01.08 03:40:00,1767843600064,2026.01.08 03:40:00,1767843600268,204,OK,4454.06,4454.10,4454.08,4.0,0.0898,4455.70,4455.92,4455.81,22.0,0.4937,-173.0,-186.0,-3.8841,-4.1760,0.2919,4460.63809123,4460.28896329,4459.32247298,4459.72269390
47,XAUUSD,PERIOD_M5,26090401,2026.01.08 08:45:00,1767861900105,2026.01.08 08:45:00,BUY,1,2026.01.08 08:46:00,1767861960105,2026.01.08 08:46:00,1767861960123,18,OK,4435.77,4435.92,4435.85,15.0,0.3382,4431.65,4431.81,4431.73,16.0,0.3610,-411.5,-427.0,-9.2767,-9.6260,0.3493,4426.92139193,4427.07142793,4428.69111355,4427.86220721
47,XAUUSD,PERIOD_M5,26090401,2026.01.08 08:45:00,1767861900105,2026.01.08 08:45:00,BUY,3,2026.01.08 08:48:00,1767862080105,2026.01.08 08:48:00,1767862080194,89,OK,4435.77,4435.92,4435.85,15.0,0.3382,4433.42,4433.57,4433.49,15.0,0.3383,-235.0,-250.0,-5.2978,-5.6358,0.3381,4426.92139193,4427.07142793,4428.69111355,4427.86220721
47,XAUUSD,PERIOD_M5,26090401,2026.01.08 08:45:00,1767861900105,2026.01.08 08:45:00,BUY,5,2026.01.08 08:50:00,1767862200105,2026.01.08 08:50:00,1767862200144,39,OK,4435.77,4435.92,4435.85,15.0,0.3382,4433.58,4433.76,4433.67,18.0,0.4060,-217.5,-234.0,-4.9032,-5.2751,0.3719,4426.92139193,4427.07142793,4428.69111355,4427.86220721
47,XAUUSD,PERIOD_M5,26090401,2026.01.08 08:45:00,1767861900105,2026.01.08 08:45:00,BUY,10,2026.01.08 08:55:00,1767862500105,2026.01.08 08:55:00,1767862500152,47,OK,4435.77,4435.92,4435.85,15.0,0.3382,4435.26,4435.34,4435.30,8.0,0.1804,-54.5,-66.0,-1.2286,-1.4879,0.2592,4426.92139193,4427.07142793,4428.69111355,4427.86220721
47,XAUUSD,PERIOD_M5,26090401,2026.01.08 08:45:00,1767861900105,2026.01.08 08:45:00,BUY,15,2026.01.08 09:00:00,1767862800105,2026.01.08 09:00:00,1767862800132,27,OK,4435.77,4435.92,4435.85,15.0,0.3382,4433.36,4433.51,4433.43,15.0,0.3383,-241.0,-256.0,-5.4330,-5.7711,0.3381,4426.92139193,4427.07142793,4428.69111355,4427.86220721
47,XAUUSD,PERIOD_M5,26090401,2026.01.08 08:45:00,1767861900105,2026.01.08 08:45:00,BUY,30,2026.01.08 09:15:00,1767863700105,2026.01.08 09:15:00,1767863700151,46,OK,4435.77,4435.92,4435.85,15.0,0.3382,4435.95,4436.13,4436.04,18.0,0.4058,19.5,3.0,0.4396,0.0676,0.3720,4426.92139193,4427.07142793,4428.69111355,4427.86220721
47,XAUUSD,PERIOD_M5,26090401,2026.01.08 08:45:00,1767861900105,2026.01.08 08:45:00,BUY,60,2026.01.08 09:45:00,1767865500105,2026.01.08 09:45:00,1767865500106,1,OK,4435.77,4435.92,4435.85,15.0,0.3382,4431.44,4431.60,4431.52,16.0,0.3610,-432.5,-448.0,-9.7501,-10.0994,0.3493,4426.92139193,4427.07142793,4428.69111355,4427.86220721
48,XAUUSD,PERIOD_M5,26090401,2026.01.08 10:05:00,1767866700025,2026.01.08 10:05:00,SELL,1,2026.01.08 10:06:00,1767866760025,2026.01.08 10:06:00,1767866760099,74,OK,4425.75,4425.94,4425.84,19.0,0.4293,4429.11,4429.25,4429.18,14.0,0.3161,-333.5,-350.0,-7.5353,-7.9083,0.3730,4432.33791981,4431.88336660,4431.03233585,4431.33124236
48,XAUUSD,PERIOD_M5,26090401,2026.01.08 10:05:00,1767866700025,2026.01.08 10:05:00,SELL,3,2026.01.08 10:08:00,1767866880025,2026.01.08 10:08:00,1767866880038,13,OK,4425.75,4425.94,4425.84,19.0,0.4293,4427.63,4427.79,4427.71,16.0,0.3614,-186.5,-204.0,-4.2139,-4.6094,0.3955,4432.33791981,4431.88336660,4431.03233585,4431.33124236
48,XAUUSD,PERIOD_M5,26090401,2026.01.08 10:05:00,1767866700025,2026.01.08 10:05:00,SELL,5,2026.01.08 10:10:00,1767867000025,2026.01.08 10:10:00,1767867000055,30,OK,4425.75,4425.94,4425.84,19.0,0.4293,4432.44,4432.60,4432.52,16.0,0.3610,-667.5,-685.0,-15.0819,-15.4776,0.3957,4432.33791981,4431.88336660,4431.03233585,4431.33124236
48,XAUUSD,PERIOD_M5,26090401,2026.01.08 10:05:00,1767866700025,2026.01.08 10:05:00,SELL,10,2026.01.08 10:15:00,1767867300025,2026.01.08 10:15:00,1767867300088,63,OK,4425.75,4425.94,4425.84,19.0,0.4293,4425.82,4425.97,4425.90,15.0,0.3389,-5.0,-22.0,-0.1130,-0.4971,0.3841,4432.33791981,4431.88336660,4431.03233585,4431.33124236
48,XAUUSD,PERIOD_M5,26090401,2026.01.08 10:05:00,1767866700025,2026.01.08 10:05:00,SELL,15,2026.01.08 10:20:00,1767867600025,2026.01.08 10:20:00,1767867600042,17,OK,4425.75,4425.94,4425.84,19.0,0.4293,4429.00,4429.12,4429.06,12.0,0.2709,-321.5,-337.0,-7.2641,-7.6145,0.3504,4432.33791981,4431.88336660,4431.03233585,4431.33124236
48,XAUUSD,PERIOD_M5,26090401,2026.01.08 10:05:00,1767866700025,2026.01.08 10:05:00,SELL,30,2026.01.08 10:35:00,1767868500025,2026.01.08 10:35:00,1767868500025,0,OK,4425.75,4425.94,4425.84,19.0,0.4293,4424.32,4424.48,4424.40,16.0,0.3616,144.5,127.0,3.2649,2.8696,0.3953,4432.33791981,4431.88336660,4431.03233585,4431.33124236
48,XAUUSD,PERIOD_M5,26090401,2026.01.08 10:05:00,1767866700025,2026.01.08 10:05:00,SELL,60,2026.01.08 11:05:00,1767870300025,2026.01.08 11:05:00,1767870300035,10,OK,4425.75,4425.94,4425.84,19.0,0.4293,4431.42,4431.56,4431.49,14.0,0.3159,-564.5,-581.0,-12.7546,-13.1277,0.3731,4432.33791981,4431.88336660,4431.03233585,4431.33124236
49,XAUUSD,PERIOD_M5,26090401,2026.01.08 11:10:00,1767870600130,2026.01.08 11:10:00,BUY,1,2026.01.08 11:11:00,1767870660130,2026.01.08 11:11:00,1767870660149,19,OK,4432.88,4433.05,4432.97,17.0,0.3835,4432.76,4432.90,4432.83,14.0,0.3158,-13.5,-29.0,-0.3045,-0.6542,0.3496,4427.82206153,4428.40429177,4428.83364922,4428.81117434
49,XAUUSD,PERIOD_M5,26090401,2026.01.08 11:10:00,1767870600130,2026.01.08 11:10:00,BUY,3,2026.01.08 11:13:00,1767870780130,2026.01.08 11:13:00,1767870780182,52,OK,4432.88,4433.05,4432.97,17.0,0.3835,4433.26,4433.30,4433.28,4.0,0.0902,31.5,21.0,0.7106,0.4737,0.2369,4427.82206153,4428.40429177,4428.83364922,4428.81117434
49,XAUUSD,PERIOD_M5,26090401,2026.01.08 11:10:00,1767870600130,2026.01.08 11:10:00,BUY,5,2026.01.08 11:15:00,1767870900130,2026.01.08 11:15:00,1767870900158,28,OK,4432.88,4433.05,4432.97,17.0,0.3835,4431.01,4431.10,4431.06,9.0,0.2031,-191.0,-204.0,-4.3086,-4.6018,0.2932,4427.82206153,4428.40429177,4428.83364922,4428.81117434
50,XAUUSD,PERIOD_M5,26090401,2026.01.08 11:20:00,1767871200003,2026.01.08 11:20:00,SELL,1,2026.01.08 11:21:00,1767871260003,2026.01.08 11:21:00,1767871260066,63,OK,4426.51,4426.61,4426.56,10.0,0.2259,4428.08,4428.23,4428.15,15.0,0.3387,-159.5,-172.0,-3.6032,-3.8857,0.2824,4429.25691938,4429.00561303,4428.74153550,4428.79419367
50,XAUUSD,PERIOD_M5,26090401,2026.01.08 11:20:00,1767871200003,2026.01.08 11:20:00,SELL,3,2026.01.08 11:23:00,1767871380003,2026.01.08 11:23:00,1767871380039,36,OK,4426.51,4426.61,4426.56,10.0,0.2259,4427.27,4427.41,4427.34,14.0,0.3162,-78.0,-90.0,-1.7621,-2.0332,0.2711,4429.25691938,4429.00561303,4428.74153550,4428.79419367
49,XAUUSD,PERIOD_M5,26090401,2026.01.08 11:10:00,1767870600130,2026.01.08 11:10:00,BUY,10,2026.01.08 11:20:00,1767871200130,2026.01.08 11:20:00,1767871200202,72,OK,4432.88,4433.05,4432.97,17.0,0.3835,4426.46,4426.62,4426.54,16.0,0.3615,-642.5,-659.0,-14.4937,-14.8656,0.3719,4427.82206153,4428.40429177,4428.83364922,4428.81117434
50,XAUUSD,PERIOD_M5,26090401,2026.01.08 11:20:00,1767871200003,2026.01.08 11:20:00,SELL,5,2026.01.08 11:25:00,1767871500003,2026.01.08 11:25:00,1767871500172,169,OK,4426.51,4426.61,4426.56,10.0,0.2259,4427.60,4427.79,4427.69,19.0,0.4291,-113.5,-128.0,-2.5641,-2.8917,0.3276,4429.25691938,4429.00561303,4428.74153550,4428.79419367
49,XAUUSD,PERIOD_M5,26090401,2026.01.08 11:10:00,1767870600130,2026.01.08 11:10:00,BUY,15,2026.01.08 11:25:00,1767871500130,2026.01.08 11:25:00,1767871500172,42,OK,4432.88,4433.05,4432.97,17.0,0.3835,4427.60,4427.79,4427.69,19.0,0.4291,-527.0,-545.0,-11.8882,-12.2940,0.4058,4427.82206153,4428.40429177,4428.83364922,4428.81117434
51,XAUUSD,PERIOD_M5,26090401,2026.01.08 11:30:00,1767871800018,2026.01.08 11:30:00,BUY,1,2026.01.08 11:31:00,1767871860018,2026.01.08 11:31:00,1767871860029,11,OK,4430.37,4430.43,4430.40,6.0,0.1354,4430.44,4430.55,4430.49,11.0,0.2483,9.5,1.0,0.2144,0.0226,0.1919,4428.51322840,4428.68563061,4428.88458272,4428.83875510
51,XAUUSD,PERIOD_M5,26090401,2026.01.08 11:30:00,1767871800018,2026.01.08 11:30:00,BUY,3,2026.01.08 11:33:00,1767871980018,2026.01.08 11:33:00,1767871980018,0,OK,4430.37,4430.43,4430.40,6.0,0.1354,4433.64,4433.76,4433.70,12.0,0.2707,330.0,321.0,7.4485,7.2453,0.2032,4428.51322840,4428.68563061,4428.88458272,4428.83875510
50,XAUUSD,PERIOD_M5,26090401,2026.01.08 11:20:00,1767871200003,2026.01.08 11:20:00,SELL,10,2026.01.08 11:30:00,1767871800003,2026.01.08 11:30:00,1767871800018,15,OK,4426.51,4426.61,4426.56,10.0,0.2259,4430.37,4430.43,4430.40,6.0,0.1354,-384.0,-392.0,-8.6749,-8.8557,0.1808,4429.25691938,4429.00561303,4428.74153550,4428.79419367
51,XAUUSD,PERIOD_M5,26090401,2026.01.08 11:30:00,1767871800018,2026.01.08 11:30:00,BUY,5,2026.01.08 11:35:00,1767872100018,2026.01.08 11:35:00,1767872100047,29,OK,4430.37,4430.43,4430.40,6.0,0.1354,4434.46,4434.54,4434.50,8.0,0.1804,410.0,403.0,9.2542,9.0962,0.1581,4428.51322840,4428.68563061,4428.88458272,4428.83875510
50,XAUUSD,PERIOD_M5,26090401,2026.01.08 11:20:00,1767871200003,2026.01.08 11:20:00,SELL,15,2026.01.08 11:35:00,1767872100003,2026.01.08 11:35:00,1767872100047,44,OK,4426.51,4426.61,4426.56,10.0,0.2259,4434.46,4434.54,4434.50,8.0,0.1804,-794.0,-803.0,-17.9372,-18.1407,0.2035,4429.25691938,4429.00561303,4428.74153550,4428.79419367
51,XAUUSD,PERIOD_M5,26090401,2026.01.08 11:30:00,1767871800018,2026.01.08 11:30:00,BUY,10,2026.01.08 11:40:00,1767872400018,2026.01.08 11:40:00,1767872400044,26,OK,4430.37,4430.43,4430.40,6.0,0.1354,4432.60,4432.75,4432.68,15.0,0.3384,227.5,217.0,5.1350,4.8979,0.2370,4428.51322840,4428.68563061,4428.88458272,4428.83875510
49,XAUUSD,PERIOD_M5,26090401,2026.01.08 11:10:00,1767870600130,2026.01.08 11:10:00,BUY,30,2026.01.08 11:40:00,1767872400130,2026.01.08 11:40:00,1767872400258,128,OK,4432.88,4433.05,4432.97,17.0,0.3835,4432.60,4432.76,4432.68,16.0,0.3610,-28.5,-45.0,-0.6429,-1.0151,0.3722,4427.82206153,4428.40429177,4428.83364922,4428.81117434
51,XAUUSD,PERIOD_M5,26090401,2026.01.08 11:30:00,1767871800018,2026.01.08 11:30:00,BUY,15,2026.01.08 11:45:00,1767872700018,2026.01.08 11:45:00,1767872700040,22,OK,4430.37,4430.43,4430.40,6.0,0.1354,4433.21,4433.32,4433.26,11.0,0.2481,286.5,278.0,6.4667,6.2748,0.1919,4428.51322840,4428.68563061,4428.88458272,4428.83875510
50,XAUUSD,PERIOD_M5,26090401,2026.01.08 11:20:00,1767871200003,2026.01.08 11:20:00,SELL,30,2026.01.08 11:50:00,1767873000003,2026.01.08 11:50:00,1767873000055,52,OK,4426.51,4426.61,4426.56,10.0,0.2259,4430.96,4431.08,4431.02,12.0,0.2708,-446.0,-457.0,-10.0755,-10.3242,0.2486,4429.25691938,4429.00561303,4428.74153550,4428.79419367
51,XAUUSD,PERIOD_M5,26090401,2026.01.08 11:30:00,1767871800018,2026.01.08 11:30:00,BUY,30,2026.01.08 12:00:00,1767873600018,2026.01.08 12:00:00,1767873600065,47,OK,4430.37,4430.43,4430.40,6.0,0.1354,4432.64,4432.80,4432.72,16.0,0.3610,232.0,221.0,5.2365,4.9882,0.2483,4428.51322840,4428.68563061,4428.88458272,4428.83875510
49,XAUUSD,PERIOD_M5,26090401,2026.01.08 11:10:00,1767870600130,2026.01.08 11:10:00,BUY,60,2026.01.08 12:10:00,1767874200130,2026.01.08 12:10:00,1767874200201,71,OK,4432.88,4433.05,4432.97,17.0,0.3835,4428.71,4428.83,4428.77,12.0,0.2710,-419.5,-434.0,-9.4632,-9.7901,0.3269,4427.82206153,4428.40429177,4428.83364922,4428.81117434
52,XAUUSD,PERIOD_M5,26090401,2026.01.08 12:20:00,1767874800039,2026.01.08 12:20:00,SELL,1,2026.01.08 12:21:00,1767874860039,2026.01.08 12:21:00,1767874860064,25,OK,4424.39,4424.53,4424.46,14.0,0.3164,4424.54,4424.64,4424.59,10.0,0.2260,-13.0,-25.0,-0.2938,-0.5650,0.2712,4430.44534514,4430.17728291,4429.23427611,4429.65116628
52,XAUUSD,PERIOD_M5,26090401,2026.01.08 12:20:00,1767874800039,2026.01.08 12:20:00,SELL,3,2026.01.08 12:23:00,1767874980039,2026.01.08 12:23:00,1767874980073,34,OK,4424.39,4424.53,4424.46,14.0,0.3164,4425.44,4425.59,4425.51,15.0,0.3389,-105.5,-120.0,-2.3845,-2.7122,0.3278,4430.44534514,4430.17728291,4429.23427611,4429.65116628
50,XAUUSD,PERIOD_M5,26090401,2026.01.08 11:20:00,1767871200003,2026.01.08 11:20:00,SELL,60,2026.01.08 12:20:00,1767874800003,2026.01.08 12:20:00,1767874800039,36,OK,4426.51,4426.61,4426.56,10.0,0.2259,4424.39,4424.53,4424.46,14.0,0.3164,210.0,198.0,4.7441,4.4730,0.2710,4429.25691938,4429.00561303,4428.74153550,4428.79419367
52,XAUUSD,PERIOD_M5,26090401,2026.01.08 12:20:00,1767874800039,2026.01.08 12:20:00,SELL,5,2026.01.08 12:25:00,1767875100039,2026.01.08 12:25:00,1767875100281,242,OK,4424.39,4424.53,4424.46,14.0,0.3164,4425.96,4426.14,4426.05,18.0,0.4067,-159.0,-175.0,-3.5937,-3.9553,0.3617,4430.44534514,4430.17728291,4429.23427611,4429.65116628
52,XAUUSD,PERIOD_M5,26090401,2026.01.08 12:20:00,1767874800039,2026.01.08 12:20:00,SELL,10,2026.01.08 12:30:00,1767875400039,2026.01.08 12:30:00,1767875400067,28,OK,4424.39,4424.53,4424.46,14.0,0.3164,4424.65,4424.79,4424.72,14.0,0.3164,-26.0,-40.0,-0.5876,-0.9041,0.3164,4430.44534514,4430.17728291,4429.23427611,4429.65116628
51,XAUUSD,PERIOD_M5,26090401,2026.01.08 11:30:00,1767871800018,2026.01.08 11:30:00,BUY,60,2026.01.08 12:30:00,1767875400018,2026.01.08 12:30:00,1767875400067,49,OK,4430.37,4430.43,4430.40,6.0,0.1354,4424.65,4424.79,4424.72,14.0,0.3164,-568.0,-578.0,-12.8205,-13.0461,0.2256,4428.51322840,4428.68563061,4428.88458272,4428.83875510
52,XAUUSD,PERIOD_M5,26090401,2026.01.08 12:20:00,1767874800039,2026.01.08 12:20:00,SELL,15,2026.01.08 12:35:00,1767875700039,2026.01.08 12:35:00,1767875700105,66,OK,4424.39,4424.53,4424.46,14.0,0.3164,4431.33,4431.48,4431.40,15.0,0.3385,-694.5,-709.0,-15.6968,-16.0248,0.3280,4430.44534514,4430.17728291,4429.23427611,4429.65116628
53,XAUUSD,PERIOD_M5,26090401,2026.01.08 12:45:00,1767876300247,2026.01.08 12:45:00,BUY,1,2026.01.08 12:46:00,1767876360247,2026.01.08 12:46:00,1767876360325,78,OK,4432.61,4432.77,4432.69,16.0,0.3610,4431.77,4431.93,4431.85,16.0,0.3610,-84.0,-100.0,-1.8950,-2.2559,0.3609,4429.23906349,4429.39294193,4429.91325080,4429.68540176
53,XAUUSD,PERIOD_M5,26090401,2026.01.08 12:45:00,1767876300247,2026.01.08 12:45:00,BUY,3,2026.01.08 12:48:00,1767876480247,2026.01.08 12:48:00,1767876480504,257,OK,4432.61,4432.77,4432.69,16.0,0.3610,4432.42,4432.50,4432.46,8.0,0.1805,-23.0,-35.0,-0.5189,-0.7896,0.2707,4429.23906349,4429.39294193,4429.91325080,4429.68540176
53,XAUUSD,PERIOD_M5,26090401,2026.01.08 12:45:00,1767876300247,2026.01.08 12:45:00,BUY,5,2026.01.08 12:50:00,1767876600247,2026.01.08 12:50:00,1767876600400,153,OK,4432.61,4432.77,4432.69,16.0,0.3610,4431.30,4431.49,4431.40,19.0,0.4288,-129.5,-147.0,-2.9215,-3.3162,0.3947,4429.23906349,4429.39294193,4429.91325080,4429.68540176
52,XAUUSD,PERIOD_M5,26090401,2026.01.08 12:20:00,1767874800039,2026.01.08 12:20:00,SELL,30,2026.01.08 12:50:00,1767876600039,2026.01.08 12:50:00,1767876600093,54,OK,4424.39,4424.53,4424.46,14.0,0.3164,4431.32,4431.43,4431.38,11.0,0.2482,-691.5,-704.0,-15.6290,-15.9118,0.2828,4430.44534514,4430.17728291,4429.23427611,4429.65116628
53,XAUUSD,PERIOD_M5,26090401,2026.01.08 12:45:00,1767876300247,2026.01.08 12:45:00,BUY,10,2026.01.08 12:55:00,1767876900247,2026.01.08 12:55:00,1767876900247,0,OK,4432.61,4432.77,4432.69,16.0,0.3610,4431.00,4431.19,4431.09,19.0,0.4288,-159.5,-177.0,-3.5983,-3.9930,0.3947,4429.23906349,4429.39294193,4429.91325080,4429.68540176
53,XAUUSD,PERIOD_M5,26090401,2026.01.08 12:45:00,1767876300247,2026.01.08 12:45:00,BUY,15,2026.01.08 13:00:00,1767877200247,2026.01.08 13:00:00,1767877200255,8,OK,4432.61,4432.77,4432.69,16.0,0.3610,4433.08,4433.12,4433.10,4.0,0.0902,41.0,31.0,0.9249,0.6993,0.2256,4429.23906349,4429.39294193,4429.91325080,4429.68540176
53,XAUUSD,PERIOD_M5,26090401,2026.01.08 12:45:00,1767876300247,2026.01.08 12:45:00,BUY,30,2026.01.08 13:15:00,1767878100247,2026.01.08 13:15:00,1767878100271,24,OK,4432.61,4432.77,4432.69,16.0,0.3610,4428.31,4428.48,4428.40,17.0,0.3839,-429.5,-446.0,-9.6894,-10.0614,0.3721,4429.23906349,4429.39294193,4429.91325080,4429.68540176
54,XAUUSD,PERIOD_M5,26090401,2026.01.08 13:20:00,1767878400132,2026.01.08 13:20:00,SELL,1,2026.01.08 13:21:00,1767878460132,2026.01.08 13:21:00,1767878460163,31,OK,4428.81,4428.98,4428.90,17.0,0.3838,4428.56,4428.67,4428.61,11.0,0.2484,28.0,14.0,0.6322,0.3161,0.3161,4430.29905634,4430.13063737,4430.00124507,4430.01057943
54,XAUUSD,PERIOD_M5,26090401,2026.01.08 13:20:00,1767878400132,2026.01.08 13:20:00,SELL,3,2026.01.08 13:23:00,1767878580132,2026.01.08 13:23:00,1767878580306,174,OK,4428.81,4428.98,4428.90,17.0,0.3838,4427.30,4427.46,4427.38,16.0,0.3614,151.5,135.0,3.4207,3.0482,0.3725,4430.29905634,4430.13063737,4430.00124507,4430.01057943
52,XAUUSD,PERIOD_M5,26090401,2026.01.08 12:20:00,1767874800039,2026.01.08 12:20:00,SELL,60,2026.01.08 13:20:00,1767878400039,2026.01.08 13:20:00,1767878400132,93,OK,4424.39,4424.53,4424.46,14.0,0.3164,4428.81,4428.98,4428.90,17.0,0.3838,-443.5,-459.0,-10.0238,-10.3743,0.3505,4430.44534514,4430.17728291,4429.23427611,4429.65116628
54,XAUUSD,PERIOD_M5,26090401,2026.01.08 13:20:00,1767878400132,2026.01.08 13:20:00,SELL,5,2026.01.08 13:25:00,1767878700132,2026.01.08 13:25:00,1767878700173,41,OK,4428.81,4428.98,4428.90,17.0,0.3838,4425.80,4425.91,4425.85,11.0,0.2485,304.0,290.0,6.8640,6.5480,0.3160,4430.29905634,4430.13063737,4430.00124507,4430.01057943
54,XAUUSD,PERIOD_M5,26090401,2026.01.08 13:20:00,1767878400132,2026.01.08 13:20:00,SELL,10,2026.01.08 13:30:00,1767879000132,2026.01.08 13:30:00,1767879000205,73,OK,4428.81,4428.98,4428.90,17.0,0.3838,4426.38,4426.53,4426.45,15.0,0.3389,244.0,228.0,5.5093,5.1481,0.3612,4430.29905634,4430.13063737,4430.00124507,4430.01057943
54,XAUUSD,PERIOD_M5,26090401,2026.01.08 13:20:00,1767878400132,2026.01.08 13:20:00,SELL,15,2026.01.08 13:35:00,1767879300132,2026.01.08 13:35:00,1767879300163,31,OK,4428.81,4428.98,4428.90,17.0,0.3838,4425.03,4425.14,4425.09,11.0,0.2486,381.0,367.0,8.6026,8.2867,0.3159,4430.29905634,4430.13063737,4430.00124507,4430.01057943
53,XAUUSD,PERIOD_M5,26090401,2026.01.08 12:45:00,1767876300247,2026.01.08 12:45:00,BUY,60,2026.01.08 13:45:00,1767879900247,2026.01.08 13:45:00,1767879900721,474,OK,4432.61,4432.77,4432.69,16.0,0.3610,4426.46,4426.60,4426.53,14.0,0.3163,-616.0,-631.0,-13.8968,-14.2349,0.3381,4429.23906349,4429.39294193,4429.91325080,4429.68540176
54,XAUUSD,PERIOD_M5,26090401,2026.01.08 13:20:00,1767878400132,2026.01.08 13:20:00,SELL,30,2026.01.08 13:50:00,1767880200132,2026.01.08 13:50:00,1767880200164,32,OK,4428.81,4428.98,4428.90,17.0,0.3838,4424.84,4424.94,4424.89,10.0,0.2260,400.5,387.0,9.0429,8.7382,0.3046,4430.29905634,4430.13063737,4430.00124507,4430.01057943
54,XAUUSD,PERIOD_M5,26090401,2026.01.08 13:20:00,1767878400132,2026.01.08 13:20:00,SELL,60,2026.01.08 14:20:00,1767882000132,2026.01.08 14:20:00,1767882000280,148,OK,4428.81,4428.98,4428.90,17.0,0.3838,4413.86,4413.97,4413.91,11.0,0.2492,1498.0,1484.0,33.8233,33.5079,0.3155,4430.29905634,4430.13063737,4430.00124507,4430.01057943
55,XAUUSD,PERIOD_M5,26090401,2026.01.08 14:50:00,1767883800008,2026.01.08 14:50:00,BUY,1,2026.01.08 14:51:00,1767883860008,2026.01.08 14:51:00,1767883860037,29,OK,4428.51,4428.63,4428.57,12.0,0.2710,4427.59,4427.67,4427.63,8.0,0.1807,-94.0,-104.0,-2.1226,-2.3484,0.2258,4423.10410138,4423.75048561,4424.18928111,4424.18498692
55,XAUUSD,PERIOD_M5,26090401,2026.01.08 14:50:00,1767883800008,2026.01.08 14:50:00,BUY,3,2026.01.08 14:53:00,1767883980008,2026.01.08 14:53:00,1767883980069,61,OK,4428.51,4428.63,4428.57,12.0,0.2710,4428.97,4429.16,4429.07,19.0,0.4290,49.5,34.0,1.1177,0.7677,0.3500,4423.10410138,4423.75048561,4424.18928111,4424.18498692
55,XAUUSD,PERIOD_M5,26090401,2026.01.08 14:50:00,1767883800008,2026.01.08 14:50:00,BUY,5,2026.01.08 14:55:00,1767884100008,2026.01.08 14:55:00,1767884100018,10,OK,4428.51,4428.63,4428.57,12.0,0.2710,4427.29,4427.44,4427.36,15.0,0.3388,-120.5,-134.0,-2.7210,-3.0258,0.3048,4423.10410138,4423.75048561,4424.18928111,4424.18498692
55,XAUUSD,PERIOD_M5,26090401,2026.01.08 14:50:00,1767883800008,2026.01.08 14:50:00,BUY,10,2026.01.08 15:00:00,1767884400008,2026.01.08 15:00:00,1767884400030,22,OK,4428.51,4428.63,4428.57,12.0,0.2710,4427.73,4427.86,4427.80,13.0,0.2936,-77.5,-90.0,-1.7500,-2.0322,0.2822,4423.10410138,4423.75048561,4424.18928111,4424.18498692
55,XAUUSD,PERIOD_M5,26090401,2026.01.08 14:50:00,1767883800008,2026.01.08 14:50:00,BUY,15,2026.01.08 15:05:00,1767884700008,2026.01.08 15:05:00,1767884700090,82,OK,4428.51,4428.63,4428.57,12.0,0.2710,4423.81,4423.97,4423.89,16.0,0.3617,-468.0,-482.0,-10.5677,-10.8837,0.3160,4423.10410138,4423.75048561,4424.18928111,4424.18498692
56,XAUUSD,PERIOD_M5,26090401,2026.01.08 15:10:00,1767885000010,2026.01.08 15:10:00,SELL,1,2026.01.08 15:11:00,1767885060010,2026.01.08 15:11:00,1767885060014,4,OK,4418.68,4418.82,4418.75,14.0,0.3168,4418.63,4418.82,4418.73,19.0,0.4300,2.5,-14.0,0.0566,-0.3168,0.3734,4425.07171193,4424.67415245,4423.79336954,4424.12922950
56,XAUUSD,PERIOD_M5,26090401,2026.01.08 15:10:00,1767885000010,2026.01.08 15:10:00,SELL,3,2026.01.08 15:13:00,1767885180010,2026.01.08 15:13:00,1767885180021,11,OK,4418.68,4418.82,4418.75,14.0,0.3168,4419.76,4419.80,4419.78,4.0,0.0905,-103.0,-112.0,-2.3310,-2.5347,0.2037,4425.07171193,4424.67415245,4423.79336954,4424.12922950
56,XAUUSD,PERIOD_M5,26090401,2026.01.08 15:10:00,1767885000010,2026.01.08 15:10:00,SELL,5,2026.01.08 15:15:00,1767885300010,2026.01.08 15:15:00,1767885300030,20,OK,4418.68,4418.82,4418.75,14.0,0.3168,4420.51,4420.67,4420.59,16.0,0.3619,-184.0,-199.0,-4.1641,-4.5036,0.3395,4425.07171193,4424.67415245,4423.79336954,4424.12922950
56,XAUUSD,PERIOD_M5,26090401,2026.01.08 15:10:00,1767885000010,2026.01.08 15:10:00,SELL,10,2026.01.08 15:20:00,1767885600010,2026.01.08 15:20:00,1767885600054,44,OK,4418.68,4418.82,4418.75,14.0,0.3168,4425.77,4425.95,4425.86,18.0,0.4067,-711.0,-727.0,-16.0905,-16.4529,0.3624,4425.07171193,4424.67415245,4423.79336954,4424.12922950
55,XAUUSD,PERIOD_M5,26090401,2026.01.08 14:50:00,1767883800008,2026.01.08 14:50:00,BUY,30,2026.01.08 15:20:00,1767885600008,2026.01.08 15:20:00,1767885600054,46,OK,4428.51,4428.63,4428.57,12.0,0.2710,4425.77,4425.95,4425.86,18.0,0.4067,-271.0,-286.0,-6.1194,-6.4580,0.3386,4423.10410138,4423.75048561,4424.18928111,4424.18498692
57,XAUUSD,PERIOD_M5,26090401,2026.01.08 15:25:00,1767885900026,2026.01.08 15:25:00,BUY,1,2026.01.08 15:26:00,1767885960026,2026.01.08 15:26:00,1767885960039,13,OK,4432.23,4432.27,4432.25,4.0,0.0902,4434.55,4434.70,4434.63,15.0,0.3382,237.5,228.0,5.3585,5.1441,0.2144,4423.66335651,4423.97928058,4425.37668521,4424.72934598
57,XAUUSD,PERIOD_M5,26090401,2026.01.08 15:25:00,1767885900026,2026.01.08 15:25:00,BUY,3,2026.01.08 15:28:00,1767886080026,2026.01.08 15:28:00,1767886080039,13,OK,4432.23,4432.27,4432.25,4.0,0.0902,4431.11,4431.30,4431.20,19.0,0.4288,-104.5,-116.0,-2.3577,-2.6172,0.2595,4423.66335651,4423.97928058,4425.37668521,4424.72934598
56,XAUUSD,PERIOD_M5,26090401,2026.01.08 15:10:00,1767885000010,2026.01.08 15:10:00,SELL,15,2026.01.08 15:25:00,1767885900010,2026.01.08 15:25:00,1767885900026,16,OK,4418.68,4418.82,4418.75,14.0,0.3168,4432.23,4432.27,4432.25,4.0,0.0902,-1350.0,-1359.0,-30.5516,-30.7558,0.2042,4425.07171193,4424.67415245,4423.79336954,4424.12922950
57,XAUUSD,PERIOD_M5,26090401,2026.01.08 15:25:00,1767885900026,2026.01.08 15:25:00,BUY,5,2026.01.08 15:30:00,1767886200026,2026.01.08 15:30:00,1767886200098,72,OK,4432.23,4432.27,4432.25,4.0,0.0902,4434.53,4434.72,4434.63,19.0,0.4284,237.5,226.0,5.3585,5.0990,0.2595,4423.66335651,4423.97928058,4425.37668521,4424.72934598
57,XAUUSD,PERIOD_M5,26090401,2026.01.08 15:25:00,1767885900026,2026.01.08 15:25:00,BUY,10,2026.01.08 15:35:00,1767886500026,2026.01.08 15:35:00,1767886500027,1,OK,4432.23,4432.27,4432.25,4.0,0.0902,4427.03,4427.22,4427.13,19.0,0.4292,-512.5,-524.0,-11.5630,-11.8224,0.2594,4423.66335651,4423.97928058,4425.37668521,4424.72934598
57,XAUUSD,PERIOD_M5,26090401,2026.01.08 15:25:00,1767885900026,2026.01.08 15:25:00,BUY,15,2026.01.08 15:40:00,1767886800026,2026.01.08 15:40:00,1767886800039,13,OK,4432.23,4432.27,4432.25,4.0,0.0902,4429.03,4429.16,4429.09,13.0,0.2935,-315.5,-324.0,-7.1183,-7.3100,0.1917,4423.66335651,4423.97928058,4425.37668521,4424.72934598
56,XAUUSD,PERIOD_M5,26090401,2026.01.08 15:10:00,1767885000010,2026.01.08 15:10:00,SELL,30,2026.01.08 15:40:00,1767886800010,2026.01.08 15:40:00,1767886800039,29,OK,4418.68,4418.82,4418.75,14.0,0.3168,4429.03,4429.16,4429.09,13.0,0.2935,-1034.5,-1048.0,-23.4116,-23.7175,0.3059,4425.07171193,4424.67415245,4423.79336954,4424.12922950
55,XAUUSD,PERIOD_M5,26090401,2026.01.08 14:50:00,1767883800008,2026.01.08 14:50:00,BUY,60,2026.01.08 15:50:00,1767887400008,2026.01.08 15:50:00,1767887400037,29,OK,4428.51,4428.63,4428.57,12.0,0.2710,4429.72,4429.86,4429.79,14.0,0.3160,122.0,109.0,2.7548,2.4613,0.2936,4423.10410138,4423.75048561,4424.18928111,4424.18498692
57,XAUUSD,PERIOD_M5,26090401,2026.01.08 15:25:00,1767885900026,2026.01.08 15:25:00,BUY,30,2026.01.08 15:55:00,1767887700026,2026.01.08 15:55:00,1767887700057,31,OK,4432.23,4432.27,4432.25,4.0,0.0902,4425.05,4425.24,4425.15,19.0,0.4294,-710.5,-722.0,-16.0302,-16.2896,0.2594,4423.66335651,4423.97928058,4425.37668521,4424.72934598
56,XAUUSD,PERIOD_M5,26090401,2026.01.08 15:10:00,1767885000010,2026.01.08 15:10:00,SELL,60,2026.01.08 16:10:00,1767888600010,2026.01.08 16:10:00,1767888600036,26,OK,4418.68,4418.82,4418.75,14.0,0.3168,4423.76,4423.93,4423.85,17.0,0.3843,-509.5,-525.0,-11.5304,-11.8814,0.3510,4425.07171193,4424.67415245,4423.79336954,4424.12922950
58,XAUUSD,PERIOD_M5,26090401,2026.01.08 16:15:00,1767888900003,2026.01.08 16:15:00,SELL,1,2026.01.08 16:16:00,1767888960003,2026.01.08 16:16:00,1767888960029,26,OK,4423.48,4423.58,4423.53,10.0,0.2261,4422.93,4423.06,4423.00,13.0,0.2939,53.5,42.0,1.2094,0.9495,0.2600,4426.10553228,4426.10444568,4425.58042582,4425.86585971
58,XAUUSD,PERIOD_M5,26090401,2026.01.08 16:15:00,1767888900003,2026.01.08 16:15:00,SELL,3,2026.01.08 16:18:00,1767889080003,2026.01.08 16:18:00,1767889080006,3,OK,4423.48,4423.58,4423.53,10.0,0.2261,4423.66,4423.79,4423.73,13.0,0.2939,-19.5,-31.0,-0.4408,-0.7008,0.2600,4426.10553228,4426.10444568,4425.58042582,4425.86585971
58,XAUUSD,PERIOD_M5,26090401,2026.01.08 16:15:00,1767888900003,2026.01.08 16:15:00,SELL,5,2026.01.08 16:20:00,1767889200003,2026.01.08 16:20:00,1767889200042,39,OK,4423.48,4423.58,4423.53,10.0,0.2261,4427.37,4427.55,4427.46,18.0,0.4066,-393.0,-407.0,-8.8843,-9.2009,0.3166,4426.10553228,4426.10444568,4425.58042582,4425.86585971
59,XAUUSD,PERIOD_M5,26090401,2026.01.08 16:25:00,1767889500014,2026.01.08 16:25:00,BUY,1,2026.01.08 16:26:00,1767889560014,2026.01.08 16:26:00,1767889560029,15,OK,4429.00,4429.10,4429.05,10.0,0.2258,4429.59,4429.72,4429.66,13.0,0.2935,60.5,49.0,1.3660,1.1063,0.2597,4425.93834066,4426.00259974,4426.55267253,4426.27599976
59,XAUUSD,PERIOD_M5,26090401,2026.01.08 16:25:00,1767889500014,2026.01.08 16:25:00,BUY,3,2026.01.08 16:28:00,1767889680014,2026.01.08 16:28:00,1767889680044,30,OK,4429.00,4429.10,4429.05,10.0,0.2258,4427.62,4427.81,4427.72,19.0,0.4291,-133.5,-148.0,-3.0142,-3.3415,0.3273,4425.93834066,4426.00259974,4426.55267253,4426.27599976
58,XAUUSD,PERIOD_M5,26090401,2026.01.08 16:15:00,1767888900003,2026.01.08 16:15:00,SELL,10,2026.01.08 16:25:00,1767889500003,2026.01.08 16:25:00,1767889500014,11,OK,4423.48,4423.58,4423.53,10.0,0.2261,4429.00,4429.10,4429.05,10.0,0.2258,-552.0,-562.0,-12.4787,-12.7049,0.2262,4426.10553228,4426.10444568,4425.58042582,4425.86585971
57,XAUUSD,PERIOD_M5,26090401,2026.01.08 15:25:00,1767885900026,2026.01.08 15:25:00,BUY,60,2026.01.08 16:25:00,1767889500026,2026.01.08 16:25:00,1767889500088,62,OK,4432.23,4432.27,4432.25,4.0,0.0902,4429.00,4429.11,4429.06,11.0,0.2484,-319.5,-327.0,-7.2085,-7.3777,0.1692,4423.66335651,4423.97928058,4425.37668521,4424.72934598
59,XAUUSD,PERIOD_M5,26090401,2026.01.08 16:25:00,1767889500014,2026.01.08 16:25:00,BUY,5,2026.01.08 16:30:00,1767889800014,2026.01.08 16:30:00,1767889800053,39,OK,4429.00,4429.10,4429.05,10.0,0.2258,4427.75,4427.94,4427.84,19.0,0.4291,-120.5,-135.0,-2.7207,-3.0480,0.3273,4425.93834066,4426.00259974,4426.55267253,4426.27599976
58,XAUUSD,PERIOD_M5,26090401,2026.01.08 16:15:00,1767888900003,2026.01.08 16:15:00,SELL,15,2026.01.08 16:30:00,1767889800003,2026.01.08 16:30:00,1767889800053,50,OK,4423.48,4423.58,4423.53,10.0,0.2261,4427.75,4427.94,4427.84,19.0,0.4291,-431.5,-446.0,-9.7547,-10.0826,0.3279,4426.10553228,4426.10444568,4425.58042582,4425.86585971
59,XAUUSD,PERIOD_M5,26090401,2026.01.08 16:25:00,1767889500014,2026.01.08 16:25:00,BUY,10,2026.01.08 16:35:00,1767890100014,2026.01.08 16:35:00,1767890100056,42,OK,4429.00,4429.10,4429.05,10.0,0.2258,4430.69,4430.84,4430.76,15.0,0.3385,171.5,159.0,3.8722,3.5899,0.2823,4425.93834066,4426.00259974,4426.55267253,4426.27599976
59,XAUUSD,PERIOD_M5,26090401,2026.01.08 16:25:00,1767889500014,2026.01.08 16:25:00,BUY,15,2026.01.08 16:40:00,1767890400014,2026.01.08 16:40:00,1767890400041,27,OK,4429.00,4429.10,4429.05,10.0,0.2258,4429.40,4429.57,4429.48,17.0,0.3838,43.5,30.0,0.9822,0.6773,0.3048,4425.93834066,4426.00259974,4426.55267253,4426.27599976
58,XAUUSD,PERIOD_M5,26090401,2026.01.08 16:15:00,1767888900003,2026.01.08 16:15:00,SELL,30,2026.01.08 16:45:00,1767890700003,2026.01.08 16:45:00,1767890700005,2,OK,4423.48,4423.58,4423.53,10.0,0.2261,4426.02,4426.17,4426.10,15.0,0.3389,-256.5,-269.0,-5.7985,-6.0812,0.2826,4426.10553228,4426.10444568,4425.58042582,4425.86585971
59,XAUUSD,PERIOD_M5,26090401,2026.01.08 16:25:00,1767889500014,2026.01.08 16:25:00,BUY,30,2026.01.08 16:55:00,1767891300014,2026.01.08 16:55:00,1767891300037,23,OK,4429.00,4429.10,4429.05,10.0,0.2258,4434.99,4435.10,4435.05,11.0,0.2480,599.5,589.0,13.5356,13.2984,0.2372,4425.93834066,4426.00259974,4426.55267253,4426.27599976
58,XAUUSD,PERIOD_M5,26090401,2026.01.08 16:15:00,1767888900003,2026.01.08 16:15:00,SELL,60,2026.01.08 17:15:00,1767892500003,2026.01.08 17:15:00,1767892500008,5,OK,4423.48,4423.58,4423.53,10.0,0.2261,4447.99,4448.18,4448.09,19.0,0.4272,-2455.5,-2470.0,-55.5100,-55.8384,0.3284,4426.10553228,4426.10444568,4425.58042582,4425.86585971
59,XAUUSD,PERIOD_M5,26090401,2026.01.08 16:25:00,1767889500014,2026.01.08 16:25:00,BUY,60,2026.01.08 17:25:00,1767893100014,2026.01.08 17:25:00,1767893100037,23,OK,4429.00,4429.10,4429.05,10.0,0.2258,4447.16,4447.32,4447.24,16.0,0.3598,1819.0,1806.0,41.0698,40.7758,0.2940,4425.93834066,4426.00259974,4426.55267253,4426.27599976
60,XAUUSD,PERIOD_M5,26090401,2026.01.08 20:20:00,1767903600015,2026.01.08 20:20:00,SELL,1,2026.01.08 20:21:00,1767903660015,2026.01.08 20:21:00,1767903660089,74,OK,4453.29,4453.37,4453.33,8.0,0.1796,4452.39,4452.52,4452.45,13.0,0.2920,87.5,77.0,1.9648,1.7291,0.2358,4458.53929036,4457.97278508,4457.48943228,4457.54707735
60,XAUUSD,PERIOD_M5,26090401,2026.01.08 20:20:00,1767903600015,2026.01.08 20:20:00,SELL,3,2026.01.08 20:23:00,1767903780015,2026.01.08 20:23:00,1767903780041,26,OK,4453.29,4453.37,4453.33,8.0,0.1796,4452.88,4452.93,4452.91,5.0,0.1123,42.5,36.0,0.9543,0.8084,0.1460,4458.53929036,4457.97278508,4457.48943228,4457.54707735
60,XAUUSD,PERIOD_M5,26090401,2026.01.08 20:20:00,1767903600015,2026.01.08 20:20:00,SELL,5,2026.01.08 20:25:00,1767903900015,2026.01.08 20:25:00,1767903900043,28,OK,4453.29,4453.37,4453.33,8.0,0.1796,4454.86,4454.90,4454.88,4.0,0.0898,-155.0,-161.0,-3.4805,-3.6153,0.1348,4458.53929036,4457.97278508,4457.48943228,4457.54707735
60,XAUUSD,PERIOD_M5,26090401,2026.01.08 20:20:00,1767903600015,2026.01.08 20:20:00,SELL,10,2026.01.08 20:30:00,1767904200015,2026.01.08 20:30:00,1767904200038,23,OK,4453.29,4453.37,4453.33,8.0,0.1796,4452.14,4452.29,4452.22,15.0,0.3369,111.5,100.0,2.5037,2.2455,0.2582,4458.53929036,4457.97278508,4457.48943228,4457.54707735
60,XAUUSD,PERIOD_M5,26090401,2026.01.08 20:20:00,1767903600015,2026.01.08 20:20:00,SELL,15,2026.01.08 20:35:00,1767904500015,2026.01.08 20:35:00,1767904500080,65,OK,4453.29,4453.37,4453.33,8.0,0.1796,4451.97,4452.13,4452.05,16.0,0.3594,128.0,116.0,2.8743,2.6048,0.2694,4458.53929036,4457.97278508,4457.48943228,4457.54707735
60,XAUUSD,PERIOD_M5,26090401,2026.01.08 20:20:00,1767903600015,2026.01.08 20:20:00,SELL,30,2026.01.08 20:50:00,1767905400015,2026.01.08 20:50:00,1767905400570,555,OK,4453.29,4453.37,4453.33,8.0,0.1796,4453.52,4453.64,4453.58,12.0,0.2694,-25.0,-35.0,-0.5614,-0.7859,0.2246,4458.53929036,4457.97278508,4457.48943228,4457.54707735
60,XAUUSD,PERIOD_M5,26090401,2026.01.08 20:20:00,1767903600015,2026.01.08 20:20:00,SELL,60,2026.01.08 21:20:00,1767907200015,2026.01.08 21:20:00,1767907200022,7,OK,4453.29,4453.37,4453.33,8.0,0.1796,4448.52,4448.66,4448.59,14.0,0.3147,474.0,463.0,10.6437,10.3968,0.2469,4458.53929036,4457.97278508,4457.48943228,4457.54707735
61,XAUUSD,PERIOD_M5,26090401,2026.01.08 22:05:00,1767909900033,2026.01.08 22:05:00,BUY,1,2026.01.08 22:06:00,1767909960033,2026.01.08 22:06:00,1767909960241,208,OK,4458.06,4458.26,4458.16,20.0,0.4486,4458.13,4458.33,4458.23,20.0,0.4486,7.0,-13.0,0.1570,-0.2916,0.4486,4450.99131632,4451.62529745,4452.40505305,4452.21027041
61,XAUUSD,PERIOD_M5,26090401,2026.01.08 22:05:00,1767909900033,2026.01.08 22:05:00,BUY,3,2026.01.08 22:08:00,1767910080033,2026.01.08 22:08:00,1767910080118,85,OK,4458.06,4458.26,4458.16,20.0,0.4486,4457.20,4457.40,4457.30,20.0,0.4487,-86.0,-106.0,-1.9290,-2.3776,0.4486,4450.99131632,4451.62529745,4452.40505305,4452.21027041
61,XAUUSD,PERIOD_M5,26090401,2026.01.08 22:05:00,1767909900033,2026.01.08 22:05:00,BUY,5,2026.01.08 22:10:00,1767910200033,2026.01.08 22:10:00,1767910200198,165,OK,4458.06,4458.26,4458.16,20.0,0.4486,4456.93,4457.13,4457.03,20.0,0.4487,-113.0,-133.0,-2.5347,-2.9832,0.4485,4450.99131632,4451.62529745,4452.40505305,4452.21027041
61,XAUUSD,PERIOD_M5,26090401,2026.01.08 22:05:00,1767909900033,2026.01.08 22:05:00,BUY,10,2026.01.08 22:15:00,1767910500033,2026.01.08 22:15:00,1767910500077,44,OK,4458.06,4458.26,4458.16,20.0,0.4486,4458.10,4458.30,4458.20,20.0,0.4486,4.0,-16.0,0.0897,-0.3589,0.4486,4450.99131632,4451.62529745,4452.40505305,4452.21027041
61,XAUUSD,PERIOD_M5,26090401,2026.01.08 22:05:00,1767909900033,2026.01.08 22:05:00,BUY,15,2026.01.08 22:20:00,1767910800033,2026.01.08 22:20:00,1767910800153,120,OK,4458.06,4458.26,4458.16,20.0,0.4486,4459.32,4459.52,4459.42,20.0,0.4485,126.0,106.0,2.8263,2.3776,0.4487,4450.99131632,4451.62529745,4452.40505305,4452.21027041
61,XAUUSD,PERIOD_M5,26090401,2026.01.08 22:05:00,1767909900033,2026.01.08 22:05:00,BUY,30,2026.01.08 22:35:00,1767911700033,2026.01.08 22:35:00,1767911700050,17,OK,4458.06,4458.26,4458.16,20.0,0.4486,4476.16,4476.36,4476.26,20.0,0.4468,1810.0,1790.0,40.5997,40.1502,0.4495,4450.99131632,4451.62529745,4452.40505305,4452.21027041
61,XAUUSD,PERIOD_M5,26090401,2026.01.08 22:05:00,1767909900033,2026.01.08 22:05:00,BUY,60,2026.01.08 23:05:00,1767913500033,2026.01.08 23:05:00,1767913500048,15,OK,4458.06,4458.26,4458.16,20.0,0.4486,4478.49,4478.76,4478.63,27.0,0.6029,2046.5,2023.0,45.9046,45.3764,0.5281,4450.99131632,4451.62529745,4452.40505305,4452.21027041
62,XAUUSD,PERIOD_M5,26090401,2026.01.09 02:20:00,1767925200050,2026.01.09 02:20:00,SELL,1,2026.01.09 02:21:00,1767925260050,2026.01.09 02:21:00,1767925260109,59,OK,4471.76,4471.96,4471.86,20.0,0.4472,4469.72,4469.83,4469.77,11.0,0.2461,208.5,193.0,4.6625,4.3160,0.3465,4474.70459488,4474.50040084,4474.11567590,4474.25127349
62,XAUUSD,PERIOD_M5,26090401,2026.01.09 02:20:00,1767925200050,2026.01.09 02:20:00,SELL,3,2026.01.09 02:23:00,1767925380050,2026.01.09 02:23:00,1767925380273,223,OK,4471.76,4471.96,4471.86,20.0,0.4472,4469.63,4469.80,4469.72,17.0,0.3803,214.5,196.0,4.7967,4.3831,0.4136,4474.70459488,4474.50040084,4474.11567590,4474.25127349
62,XAUUSD,PERIOD_M5,26090401,2026.01.09 02:20:00,1767925200050,2026.01.09 02:20:00,SELL,5,2026.01.09 02:25:00,1767925500050,2026.01.09 02:25:00,1767925500247,197,OK,4471.76,4471.96,4471.86,20.0,0.4472,4468.41,4468.61,4468.51,20.0,0.4476,335.0,315.0,7.4913,7.0442,0.4471,4474.70459488,4474.50040084,4474.11567590,4474.25127349
62,XAUUSD,PERIOD_M5,26090401,2026.01.09 02:20:00,1767925200050,2026.01.09 02:20:00,SELL,10,2026.01.09 02:30:00,1767925800050,2026.01.09 02:30:00,1767925800060,10,OK,4471.76,4471.96,4471.86,20.0,0.4472,4465.80,4466.02,4465.91,22.0,0.4926,595.0,574.0,13.3054,12.8361,0.4693,4474.70459488,4474.50040084,4474.11567590,4474.25127349
62,XAUUSD,PERIOD_M5,26090401,2026.01.09 02:20:00,1767925200050,2026.01.09 02:20:00,SELL,15,2026.01.09 02:35:00,1767926100050,2026.01.09 02:35:00,1767926100079,29,OK,4471.76,4471.96,4471.86,20.0,0.4472,4468.35,4468.58,4468.47,23.0,0.5147,339.5,318.0,7.5919,7.1113,0.4806,4474.70459488,4474.50040084,4474.11567590,4474.25127349
62,XAUUSD,PERIOD_M5,26090401,2026.01.09 02:20:00,1767925200050,2026.01.09 02:20:00,SELL,30,2026.01.09 02:50:00,1767927000050,2026.01.09 02:50:00,1767927000245,195,OK,4471.76,4471.96,4471.86,20.0,0.4472,4464.55,4464.75,4464.65,20.0,0.4480,721.0,701.0,16.1230,15.6762,0.4469,4474.70459488,4474.50040084,4474.11567590,4474.25127349
62,XAUUSD,PERIOD_M5,26090401,2026.01.09 02:20:00,1767925200050,2026.01.09 02:20:00,SELL,60,2026.01.09 03:20:00,1767928800050,2026.01.09 03:20:00,1767928800316,266,OK,4471.76,4471.96,4471.86,20.0,0.4472,4453.44,4453.63,4453.53,19.0,0.4266,1832.5,1813.0,40.9785,40.5433,0.4352,4474.70459488,4474.50040084,4474.11567590,4474.25127349
63,XAUUSD,PERIOD_M5,26090401,2026.01.09 04:05:00,1767931500034,2026.01.09 04:05:00,BUY,1,2026.01.09 04:06:00,1767931560034,2026.01.09 04:06:00,1767931560034,0,OK,4475.44,4475.66,4475.55,22.0,0.4916,4474.29,4474.49,4474.39,20.0,0.4470,-116.0,-137.0,-2.5919,-3.0610,0.4691,4463.49506392,4464.17001926,4465.88405113,4465.19456297
63,XAUUSD,PERIOD_M5,26090401,2026.01.09 04:05:00,1767931500034,2026.01.09 04:05:00,BUY,3,2026.01.09 04:08:00,1767931680034,2026.01.09 04:08:00,1767931680560,526,OK,4475.44,4475.66,4475.55,22.0,0.4916,4474.20,4474.42,4474.31,22.0,0.4917,-124.0,-146.0,-2.7706,-3.2621,0.4915,4463.49506392,4464.17001926,4465.88405113,4465.19456297
63,XAUUSD,PERIOD_M5,26090401,2026.01.09 04:05:00,1767931500034,2026.01.09 04:05:00,BUY,5,2026.01.09 04:10:00,1767931800034,2026.01.09 04:10:00,1767931800073,39,OK,4475.44,4475.66,4475.55,22.0,0.4916,4474.02,4474.24,4474.13,22.0,0.4917,-142.0,-164.0,-3.1728,-3.6643,0.4915,4463.49506392,4464.17001926,4465.88405113,4465.19456297
63,XAUUSD,PERIOD_M5,26090401,2026.01.09 04:05:00,1767931500034,2026.01.09 04:05:00,BUY,10,2026.01.09 04:15:00,1767932100034,2026.01.09 04:15:00,1767932100168,134,OK,4475.44,4475.66,4475.55,22.0,0.4916,4471.85,4472.06,4471.95,21.0,0.4696,-359.5,-381.0,-8.0325,-8.5127,0.4802,4463.49506392,4464.17001926,4465.88405113,4465.19456297
63,XAUUSD,PERIOD_M5,26090401,2026.01.09 04:05:00,1767931500034,2026.01.09 04:05:00,BUY,15,2026.01.09 04:20:00,1767932400034,2026.01.09 04:20:00,1767932400601,567,OK,4475.44,4475.66,4475.55,22.0,0.4916,4470.64,4470.76,4470.70,12.0,0.2684,-485.0,-502.0,-10.8367,-11.2162,0.3796,4463.49506392,4464.17001926,4465.88405113,4465.19456297
63,XAUUSD,PERIOD_M5,26090401,2026.01.09 04:05:00,1767931500034,2026.01.09 04:05:00,BUY,30,2026.01.09 04:35:00,1767933300034,2026.01.09 04:35:00,1767933300095,61,OK,4475.44,4475.66,4475.55,22.0,0.4916,4471.54,4471.77,4471.66,23.0,0.5144,-389.5,-412.0,-8.7028,-9.2053,0.5025,4463.49506392,4464.17001926,4465.88405113,4465.19456297
63,XAUUSD,PERIOD_M5,26090401,2026.01.09 04:05:00,1767931500034,2026.01.09 04:05:00,BUY,60,2026.01.09 05:05:00,1767935100034,2026.01.09 05:05:00,1767935100104,70,OK,4475.44,4475.66,4475.55,22.0,0.4916,4466.43,4466.64,4466.53,21.0,0.4702,-901.5,-923.0,-20.1428,-20.6227,0.4799,4463.49506392,4464.17001926,4465.88405113,4465.19456297
64,XAUUSD,PERIOD_M5,26090401,2026.01.09 05:15:00,1767935700009,2026.01.09 05:15:00,SELL,1,2026.01.09 05:16:00,1767935760009,2026.01.09 05:16:00,1767935760030,21,OK,4464.31,4464.51,4464.41,20.0,0.4480,4464.01,4464.20,4464.10,19.0,0.4256,30.5,11.0,0.6832,0.2464,0.4368,4468.39480053,4468.27004816,4467.57784043,4467.91004378
64,XAUUSD,PERIOD_M5,26090401,2026.01.09 05:15:00,1767935700009,2026.01.09 05:15:00,SELL,3,2026.01.09 05:18:00,1767935880009,2026.01.09 05:18:00,1767935880162,153,OK,4464.31,4464.51,4464.41,20.0,0.4480,4463.81,4463.99,4463.90,18.0,0.4032,51.0,32.0,1.1424,0.7168,0.4256,4468.39480053,4468.27004816,4467.57784043,4467.91004378
64,XAUUSD,PERIOD_M5,26090401,2026.01.09 05:15:00,1767935700009,2026.01.09 05:15:00,SELL,5,2026.01.09 05:20:00,1767936000009,2026.01.09 05:20:00,1767936000020,11,OK,4464.31,4464.51,4464.41,20.0,0.4480,4464.75,4464.95,4464.85,20.0,0.4479,-44.0,-64.0,-0.9856,-1.4336,0.4480,4468.39480053,4468.27004816,4467.57784043,4467.91004378
64,XAUUSD,PERIOD_M5,26090401,2026.01.09 05:15:00,1767935700009,2026.01.09 05:15:00,SELL,10,2026.01.09 05:25:00,1767936300009,2026.01.09 05:25:00,1767936300034,25,OK,4464.31,4464.51,4464.41,20.0,0.4480,4463.30,4463.47,4463.39,17.0,0.3809,102.5,84.0,2.2959,1.8816,0.4143,4468.39480053,4468.27004816,4467.57784043,4467.91004378
64,XAUUSD,PERIOD_M5,26090401,2026.01.09 05:15:00,1767935700009,2026.01.09 05:15:00,SELL,15,2026.01.09 05:30:00,1767936600009,2026.01.09 05:30:00,1767936600075,66,OK,4464.31,4464.51,4464.41,20.0,0.4480,4463.45,4463.66,4463.56,21.0,0.4705,85.5,65.0,1.9151,1.4560,0.4592,4468.39480053,4468.27004816,4467.57784043,4467.91004378
64,XAUUSD,PERIOD_M5,26090401,2026.01.09 05:15:00,1767935700009,2026.01.09 05:15:00,SELL,30,2026.01.09 05:45:00,1767937500009,2026.01.09 05:45:00,1767937500111,102,OK,4464.31,4464.51,4464.41,20.0,0.4480,4463.83,4464.04,4463.93,21.0,0.4704,47.5,27.0,1.0640,0.6048,0.4592,4468.39480053,4468.27004816,4467.57784043,4467.91004378
64,XAUUSD,PERIOD_M5,26090401,2026.01.09 05:15:00,1767935700009,2026.01.09 05:15:00,SELL,60,2026.01.09 06:15:00,1767939300009,2026.01.09 06:15:00,1767939300014,5,OK,4464.31,4464.51,4464.41,20.0,0.4480,4462.53,4462.75,4462.64,22.0,0.4930,177.0,156.0,3.9647,3.4944,0.4703,4468.39480053,4468.27004816,4467.57784043,4467.91004378
65,XAUUSD,PERIOD_M5,26090401,2026.01.09 07:35:00,1767944100036,2026.01.09 07:35:00,BUY,1,2026.01.09 07:36:00,1767944160036,2026.01.09 07:36:00,1767944160048,12,OK,4470.94,4471.12,4471.03,18.0,0.4026,4471.48,4471.63,4471.56,15.0,0.3355,52.5,36.0,1.1742,0.8052,0.3691,4463.06494528,4463.64290687,4464.63995622,4464.30627897
65,XAUUSD,PERIOD_M5,26090401,2026.01.09 07:35:00,1767944100036,2026.01.09 07:35:00,BUY,3,2026.01.09 07:38:00,1767944280036,2026.01.09 07:38:00,1767944280184,148,OK,4470.94,4471.12,4471.03,18.0,0.4026,4469.13,4469.29,4469.21,16.0,0.3580,-182.0,-199.0,-4.0707,-4.4508,0.3801,4463.06494528,4463.64290687,4464.63995622,4464.30627897
65,XAUUSD,PERIOD_M5,26090401,2026.01.09 07:35:00,1767944100036,2026.01.09 07:35:00,BUY,5,2026.01.09 07:40:00,1767944400036,2026.01.09 07:40:00,1767944400049,13,OK,4470.94,4471.12,4471.03,18.0,0.4026,4470.43,4470.54,4470.49,11.0,0.2461,-54.5,-69.0,-1.2190,-1.5432,0.3243,4463.06494528,4463.64290687,4464.63995622,4464.30627897
65,XAUUSD,PERIOD_M5,26090401,2026.01.09 07:35:00,1767944100036,2026.01.09 07:35:00,BUY,10,2026.01.09 07:45:00,1767944700036,2026.01.09 07:45:00,1767944700075,39,OK,4470.94,4471.12,4471.03,18.0,0.4026,4467.45,4467.65,4467.55,20.0,0.4477,-348.0,-367.0,-7.7834,-8.2082,0.4248,4463.06494528,4463.64290687,4464.63995622,4464.30627897
65,XAUUSD,PERIOD_M5,26090401,2026.01.09 07:35:00,1767944100036,2026.01.09 07:35:00,BUY,15,2026.01.09 07:50:00,1767945000036,2026.01.09 07:50:00,1767945000140,104,OK,4470.94,4471.12,4471.03,18.0,0.4026,4466.23,4466.35,4466.29,12.0,0.2687,-474.0,-489.0,-10.6016,-10.9369,0.3353,4463.06494528,4463.64290687,4464.63995622,4464.30627897
65,XAUUSD,PERIOD_M5,26090401,2026.01.09 07:35:00,1767944100036,2026.01.09 07:35:00,BUY,30,2026.01.09 08:05:00,1767945900036,2026.01.09 08:05:00,1767945900043,7,OK,4470.94,4471.12,4471.03,18.0,0.4026,4470.16,4470.36,4470.26,20.0,0.4474,-77.0,-96.0,-1.7222,-2.1471,0.4249,4463.06494528,4463.64290687,4464.63995622,4464.30627897
65,XAUUSD,PERIOD_M5,26090401,2026.01.09 07:35:00,1767944100036,2026.01.09 07:35:00,BUY,60,2026.01.09 08:35:00,1767947700036,2026.01.09 08:35:00,1767947700152,116,OK,4470.94,4471.12,4471.03,18.0,0.4026,4474.57,4474.75,4474.66,18.0,0.4023,363.0,345.0,8.1189,7.7162,0.4027,4463.06494528,4463.64290687,4464.63995622,4464.30627897
66,XAUUSD,PERIOD_M5,26090401,2026.01.09 10:40:00,1767955200030,2026.01.09 10:40:00,SELL,1,2026.01.09 10:41:00,1767955260030,2026.01.09 10:41:00,1767955260087,57,OK,4466.73,4466.92,4466.82,19.0,0.4254,4466.06,4466.19,4466.13,13.0,0.2911,70.0,54.0,1.5671,1.2089,0.3582,4472.41335417,4471.97757496,4471.27668333,4471.50052269
66,XAUUSD,PERIOD_M5,26090401,2026.01.09 10:40:00,1767955200030,2026.01.09 10:40:00,SELL,3,2026.01.09 10:43:00,1767955380030,2026.01.09 10:43:00,1767955380097,67,OK,4466.73,4466.92,4466.82,19.0,0.4254,4467.40,4467.55,4467.48,15.0,0.3358,-65.0,-82.0,-1.4552,-1.8358,0.3806,4472.41335417,4471.97757496,4471.27668333,4471.50052269
66,XAUUSD,PERIOD_M5,26090401,2026.01.09 10:40:00,1767955200030,2026.01.09 10:40:00,SELL,5,2026.01.09 10:45:00,1767955500030,2026.01.09 10:45:00,1767955500126,96,OK,4466.73,4466.92,4466.82,19.0,0.4254,4466.76,4466.91,4466.84,15.0,0.3358,-1.0,-18.0,-0.0224,-0.4030,0.3806,4472.41335417,4471.97757496,4471.27668333,4471.50052269
66,XAUUSD,PERIOD_M5,26090401,2026.01.09 10:40:00,1767955200030,2026.01.09 10:40:00,SELL,10,2026.01.09 10:50:00,1767955800030,2026.01.09 10:50:00,1767955800071,41,OK,4466.73,4466.92,4466.82,19.0,0.4254,4466.96,4467.10,4467.03,14.0,0.3134,-20.5,-37.0,-0.4589,-0.8283,0.3694,4472.41335417,4471.97757496,4471.27668333,4471.50052269
66,XAUUSD,PERIOD_M5,26090401,2026.01.09 10:40:00,1767955200030,2026.01.09 10:40:00,SELL,15,2026.01.09 10:55:00,1767956100030,2026.01.09 10:55:00,1767956100059,29,OK,4466.73,4466.92,4466.82,19.0,0.4254,4467.19,4467.38,4467.28,19.0,0.4253,-46.0,-65.0,-1.0298,-1.4552,0.4254,4472.41335417,4471.97757496,4471.27668333,4471.50052269
66,XAUUSD,PERIOD_M5,26090401,2026.01.09 10:40:00,1767955200030,2026.01.09 10:40:00,SELL,30,2026.01.09 11:10:00,1767957000030,2026.01.09 11:10:00,1767957000528,498,OK,4466.73,4466.92,4466.82,19.0,0.4254,4471.46,4471.65,4471.56,19.0,0.4249,-473.0,-492.0,-10.5892,-11.0148,0.4256,4472.41335417,4471.97757496,4471.27668333,4471.50052269
67,XAUUSD,PERIOD_M5,26090401,2026.01.09 11:15:00,1767957300002,2026.01.09 11:15:00,BUY,1,2026.01.09 11:16:00,1767957360002,2026.01.09 11:16:00,1767957360137,135,OK,4474.74,4474.93,4474.84,19.0,0.4246,4473.74,4473.90,4473.82,16.0,0.3576,-101.5,-119.0,-2.2682,-2.6593,0.3910,4469.79802144,4470.36106872,4470.78641715,4470.75915338
67,XAUUSD,PERIOD_M5,26090401,2026.01.09 11:15:00,1767957300002,2026.01.09 11:15:00,BUY,3,2026.01.09 11:18:00,1767957480002,2026.01.09 11:18:00,1767957480003,1,OK,4474.74,4474.93,4474.84,19.0,0.4246,4474.04,4474.22,4474.13,18.0,0.4023,-70.5,-89.0,-1.5755,-1.9889,0.4134,4469.79802144,4470.36106872,4470.78641715,4470.75915338
67,XAUUSD,PERIOD_M5,26090401,2026.01.09 11:15:00,1767957300002,2026.01.09 11:15:00,BUY,5,2026.01.09 11:20:00,1767957600002,2026.01.09 11:20:00,1767957600009,7,OK,4474.74,4474.93,4474.84,19.0,0.4246,4476.03,4476.16,4476.09,13.0,0.2904,126.0,110.0,2.8157,2.4581,0.3576,4469.79802144,4470.36106872,4470.78641715,4470.75915338
67,XAUUSD,PERIOD_M5,26090401,2026.01.09 11:15:00,1767957300002,2026.01.09 11:15:00,BUY,10,2026.01.09 11:25:00,1767957900002,2026.01.09 11:25:00,1767957900169,167,OK,4474.74,4474.93,4474.84,19.0,0.4246,4474.72,4474.88,4474.80,16.0,0.3576,-3.5,-21.0,-0.0782,-0.4693,0.3911,4469.79802144,4470.36106872,4470.78641715,4470.75915338
67,XAUUSD,PERIOD_M5,26090401,2026.01.09 11:15:00,1767957300002,2026.01.09 11:15:00,BUY,15,2026.01.09 11:30:00,1767958200002,2026.01.09 11:30:00,1767958200017,15,OK,4474.74,4474.93,4474.84,19.0,0.4246,4473.88,4474.07,4473.98,19.0,0.4247,-86.0,-105.0,-1.9219,-2.3464,0.4245,4469.79802144,4470.36106872,4470.78641715,4470.75915338
66,XAUUSD,PERIOD_M5,26090401,2026.01.09 10:40:00,1767955200030,2026.01.09 10:40:00,SELL,60,2026.01.09 11:40:00,1767958800030,2026.01.09 11:40:00,1767958800045,15,OK,4466.73,4466.92,4466.82,19.0,0.4254,4473.11,4473.27,4473.19,16.0,0.3577,-636.5,-654.0,-14.2495,-14.6416,0.3921,4472.41335417,4471.97757496,4471.27668333,4471.50052269
67,XAUUSD,PERIOD_M5,26090401,2026.01.09 11:15:00,1767957300002,2026.01.09 11:15:00,BUY,30,2026.01.09 11:45:00,1767959100002,2026.01.09 11:45:00,1767959100097,95,OK,4474.74,4474.93,4474.84,19.0,0.4246,4471.74,4471.88,4471.81,14.0,0.3131,-302.5,-319.0,-6.7600,-7.1286,0.3686,4469.79802144,4470.36106872,4470.78641715,4470.75915338
67,XAUUSD,PERIOD_M5,26090401,2026.01.09 11:15:00,1767957300002,2026.01.09 11:15:00,BUY,60,2026.01.09 12:15:00,1767960900002,2026.01.09 12:15:00,1767960900176,174,OK,4474.74,4474.93,4474.84,19.0,0.4246,4472.01,4472.10,4472.06,9.0,0.2012,-278.0,-292.0,-6.2125,-6.5252,0.3127,4469.79802144,4470.36106872,4470.78641715,4470.75915338
68,XAUUSD,PERIOD_M5,26090401,2026.01.09 12:30:00,1767961800054,2026.01.09 12:30:00,SELL,1,2026.01.09 12:31:00,1767961860054,2026.01.09 12:31:00,1767961860236,182,OK,4469.07,4469.25,4469.16,18.0,0.4028,4468.68,4468.85,4468.77,17.0,0.3804,39.5,22.0,0.8838,0.4923,0.3916,4472.35990872,4472.11999842,4471.70192698,4471.84272584
68,XAUUSD,PERIOD_M5,26090401,2026.01.09 12:30:00,1767961800054,2026.01.09 12:30:00,SELL,3,2026.01.09 12:33:00,1767961980054,2026.01.09 12:33:00,1767961980058,4,OK,4469.07,4469.25,4469.16,18.0,0.4028,4470.48,4470.64,4470.56,16.0,0.3579,-140.0,-157.0,-3.1326,-3.5130,0.3805,4472.35990872,4472.11999842,4471.70192698,4471.84272584
68,XAUUSD,PERIOD_M5,26090401,2026.01.09 12:30:00,1767961800054,2026.01.09 12:30:00,SELL,5,2026.01.09 12:35:00,1767962100054,2026.01.09 12:35:00,1767962100058,4,OK,4469.07,4469.25,4469.16,18.0,0.4028,4470.69,4470.86,4470.77,17.0,0.3802,-161.5,-179.0,-3.6137,-4.0053,0.3917,4472.35990872,4472.11999842,4471.70192698,4471.84272584
68,XAUUSD,PERIOD_M5,26090401,2026.01.09 12:30:00,1767961800054,2026.01.09 12:30:00,SELL,10,2026.01.09 12:40:00,1767962400054,2026.01.09 12:40:00,1767962400169,115,OK,4469.07,4469.25,4469.16,18.0,0.4028,4470.55,4470.71,4470.63,16.0,0.3579,-147.0,-164.0,-3.2892,-3.6697,0.3805,4472.35990872,4472.11999842,4471.70192698,4471.84272584
68,XAUUSD,PERIOD_M5,26090401,2026.01.09 12:30:00,1767961800054,2026.01.09 12:30:00,SELL,15,2026.01.09 12:45:00,1767962700054,2026.01.09 12:45:00,1767962700210,156,OK,4469.07,4469.25,4469.16,18.0,0.4028,4469.21,4469.39,4469.30,18.0,0.4027,-14.0,-32.0,-0.3133,-0.7160,0.4028,4472.35990872,4472.11999842,4471.70192698,4471.84272584
68,XAUUSD,PERIOD_M5,26090401,2026.01.09 12:30:00,1767961800054,2026.01.09 12:30:00,SELL,30,2026.01.09 13:00:00,1767963600054,2026.01.09 13:00:00,1767963600092,38,OK,4469.07,4469.25,4469.16,18.0,0.4028,4472.62,4472.76,4472.69,14.0,0.3130,-353.0,-369.0,-7.8986,-8.2568,0.3582,4472.35990872,4472.11999842,4471.70192698,4471.84272584
69,XAUUSD,PERIOD_M5,26090401,2026.01.09 13:05:00,1767963900127,2026.01.09 13:05:00,BUY,1,2026.01.09 13:06:00,1767963960127,2026.01.09 13:06:00,1767963960473,346,OK,4473.70,4473.88,4473.79,18.0,0.4023,4473.29,4473.38,4473.34,9.0,0.2012,-45.5,-59.0,-1.0170,-1.3188,0.3017,4471.07936979,4471.33716325,4471.60349583,4471.55196659
69,XAUUSD,PERIOD_M5,26090401,2026.01.09 13:05:00,1767963900127,2026.01.09 13:05:00,BUY,3,2026.01.09 13:08:00,1767964080127,2026.01.09 13:08:00,1767964080137,10,OK,4473.70,4473.88,4473.79,18.0,0.4023,4471.89,4472.08,4471.99,19.0,0.4249,-180.5,-199.0,-4.0346,-4.4480,0.4134,4471.07936979,4471.33716325,4471.60349583,4471.55196659
70,XAUUSD,PERIOD_M5,26090401,2026.01.09 13:10:00,1767964200029,2026.01.09 13:10:00,SELL,1,2026.01.09 13:11:00,1767964260029,2026.01.09 13:11:00,1767964260114,85,OK,4470.25,4470.41,4470.33,16.0,0.3579,4471.49,4471.65,4471.57,16.0,0.3578,-124.0,-140.0,-2.7738,-3.1318,0.3580,4471.60349583,4471.55196659,4471.33279666,4471.43360599
70,XAUUSD,PERIOD_M5,26090401,2026.01.09 13:10:00,1767964200029,2026.01.09 13:10:00,SELL,3,2026.01.09 13:13:00,1767964380029,2026.01.09 13:13:00,1767964380029,0,OK,4470.25,4470.41,4470.33,16.0,0.3579,4471.83,4472.01,4471.92,18.0,0.4025,-159.0,-176.0,-3.5568,-3.9371,0.3804,4471.60349583,4471.55196659,4471.33279666,4471.43360599
69,XAUUSD,PERIOD_M5,26090401,2026.01.09 13:05:00,1767963900127,2026.01.09 13:05:00,BUY,5,2026.01.09 13:10:00,1767964200127,2026.01.09 13:10:01,1767964201132,1005,OK,4473.70,4473.88,4473.79,18.0,0.4023,4470.30,4470.45,4470.38,15.0,0.3355,-341.5,-358.0,-7.6333,-8.0020,0.3687,4471.07936979,4471.33716325,4471.60349583,4471.55196659
70,XAUUSD,PERIOD_M5,26090401,2026.01.09 13:10:00,1767964200029,2026.01.09 13:10:00,SELL,5,2026.01.09 13:15:00,1767964500029,2026.01.09 13:15:00,1767964500063,34,OK,4470.25,4470.41,4470.33,16.0,0.3579,4472.10,4472.24,4472.17,14.0,0.3130,-184.0,-199.0,-4.1160,-4.4517,0.3356,4471.60349583,4471.55196659,4471.33279666,4471.43360599
69,XAUUSD,PERIOD_M5,26090401,2026.01.09 13:05:00,1767963900127,2026.01.09 13:05:00,BUY,10,2026.01.09 13:15:00,1767964500127,2026.01.09 13:15:00,1767964500145,18,OK,4473.70,4473.88,4473.79,18.0,0.4023,4472.10,4472.24,4472.17,14.0,0.3130,-162.0,-178.0,-3.6211,-3.9786,0.3576,4471.07936979,4471.33716325,4471.60349583,4471.55196659
71,XAUUSD,PERIOD_M5,26090401,2026.01.09 13:20:00,1767964800010,2026.01.09 13:20:00,BUY,1,2026.01.09 13:21:00,1767964860010,2026.01.09 13:21:00,1767964860084,74,OK,4472.28,4472.44,4472.36,16.0,0.3578,4472.05,4472.16,4472.10,11.0,0.2460,-25.5,-39.0,-0.5702,-0.8720,0.3018,4471.48623733,4471.49418726,4471.64498986,4471.56562478
71,XAUUSD,PERIOD_M5,26090401,2026.01.09 13:20:00,1767964800010,2026.01.09 13:20:00,BUY,3,2026.01.09 13:23:00,1767964980010,2026.01.09 13:23:00,1767964980232,222,OK,4472.28,4472.44,4472.36,16.0,0.3578,4472.16,4472.31,4472.24,15.0,0.3354,-12.5,-28.0,-0.2795,-0.6261,0.3466,4471.48623733,4471.49418726,4471.64498986,4471.56562478
70,XAUUSD,PERIOD_M5,26090401,2026.01.09 13:10:00,1767964200029,2026.01.09 13:10:00,SELL,10,2026.01.09 13:20:00,1767964800029,2026.01.09 13:20:00,1767964800085,56,OK,4470.25,4470.41,4470.33,16.0,0.3579,4472.33,4472.45,4472.39,12.0,0.2683,-206.0,-220.0,-4.6082,-4.9214,0.3133,4471.60349583,4471.55196659,4471.33279666,4471.43360599
69,XAUUSD,PERIOD_M5,26090401,2026.01.09 13:05:00,1767963900127,2026.01.09 13:05:00,BUY,15,2026.01.09 13:20:00,1767964800127,2026.01.09 13:20:00,1767964800184,57,OK,4473.70,4473.88,4473.79,18.0,0.4023,4472.34,4472.45,4472.40,11.0,0.2460,-139.5,-154.0,-3.1182,-3.4422,0.3240,4471.07936979,4471.33716325,4471.60349583,4471.55196659
71,XAUUSD,PERIOD_M5,26090401,2026.01.09 13:20:00,1767964800010,2026.01.09 13:20:00,BUY,5,2026.01.09 13:25:00,1767965100010,2026.01.09 13:25:00,1767965100226,216,OK,4472.28,4472.44,4472.36,16.0,0.3578,4472.34,4472.53,4472.43,19.0,0.4248,7.5,-10.0,0.1677,-0.2236,0.3913,4471.48623733,4471.49418726,4471.64498986,4471.56562478
70,XAUUSD,PERIOD_M5,26090401,2026.01.09 13:10:00,1767964200029,2026.01.09 13:10:00,SELL,15,2026.01.09 13:25:00,1767965100029,2026.01.09 13:25:00,1767965100226,197,OK,4470.25,4470.41,4470.33,16.0,0.3579,4472.34,4472.53,4472.43,19.0,0.4248,-210.5,-228.0,-4.7088,-5.1004,0.3916,4471.60349583,4471.55196659,4471.33279666,4471.43360599
71,XAUUSD,PERIOD_M5,26090401,2026.01.09 13:20:00,1767964800010,2026.01.09 13:20:00,BUY,10,2026.01.09 13:30:00,1767965400010,2026.01.09 13:30:00,1767965400043,33,OK,4472.28,4472.44,4472.36,16.0,0.3578,4470.66,4470.82,4470.74,16.0,0.3579,-162.0,-178.0,-3.6222,-3.9799,0.3577,4471.48623733,4471.49418726,4471.64498986,4471.56562478
68,XAUUSD,PERIOD_M5,26090401,2026.01.09 12:30:00,1767961800054,2026.01.09 12:30:00,SELL,60,2026.01.09 13:30:00,1767965400054,2026.01.09 13:30:00,1767965400106,52,OK,4469.07,4469.25,4469.16,18.0,0.4028,4470.72,4470.82,4470.77,10.0,0.2237,-161.0,-175.0,-3.6025,-3.9158,0.3133,4472.35990872,4472.11999842,4471.70192698,4471.84272584
72,XAUUSD,PERIOD_M5,26090401,2026.01.09 13:35:00,1767965700163,2026.01.09 13:35:00,SELL,1,2026.01.09 13:36:00,1767965760163,2026.01.09 13:36:00,1767965760251,88,OK,4470.79,4470.94,4470.86,15.0,0.3355,4470.53,4470.67,4470.60,14.0,0.3132,26.5,12.0,0.5927,0.2684,0.3243,4471.55919351,4471.54729321,4471.40535481,4471.47844837
72,XAUUSD,PERIOD_M5,26090401,2026.01.09 13:35:00,1767965700163,2026.01.09 13:35:00,SELL,3,2026.01.09 13:38:00,1767965880163,2026.01.09 13:38:00,1767965880509,346,OK,4470.79,4470.94,4470.86,15.0,0.3355,4470.49,4470.65,4470.57,16.0,0.3579,29.5,14.0,0.6598,0.3131,0.3467,4471.55919351,4471.54729321,4471.40535481,4471.47844837
71,XAUUSD,PERIOD_M5,26090401,2026.01.09 13:20:00,1767964800010,2026.01.09 13:20:00,BUY,15,2026.01.09 13:35:00,1767965700010,2026.01.09 13:35:00,1767965700163,153,OK,4472.28,4472.44,4472.36,16.0,0.3578,4470.79,4470.94,4470.86,15.0,0.3355,-149.5,-165.0,-3.3428,-3.6893,0.3465,4471.48623733,4471.49418726,4471.64498986,4471.56562478
69,XAUUSD,PERIOD_M5,26090401,2026.01.09 13:05:00,1767963900127,2026.01.09 13:05:00,BUY,30,2026.01.09 13:35:00,1767965700127,2026.01.09 13:35:00,1767965700163,36,OK,4473.70,4473.88,4473.79,18.0,0.4023,4470.79,4470.94,4470.86,15.0,0.3355,-292.5,-309.0,-6.5381,-6.9068,0.3687,4471.07936979,4471.33716325,4471.60349583,4471.55196659
72,XAUUSD,PERIOD_M5,26090401,2026.01.09 13:35:00,1767965700163,2026.01.09 13:35:00,SELL,5,2026.01.09 13:40:00,1767966000163,2026.01.09 13:40:00,1767966000444,281,OK,4470.79,4470.94,4470.86,15.0,0.3355,4471.87,4472.03,4471.95,16.0,0.3578,-108.5,-124.0,-2.4268,-2.7736,0.3467,4471.55919351,4471.54729321,4471.40535481,4471.47844837
70,XAUUSD,PERIOD_M5,26090401,2026.01.09 13:10:00,1767964200029,2026.01.09 13:10:00,SELL,30,2026.01.09 13:40:00,1767966000029,2026.01.09 13:40:00,1767966000035,6,OK,4470.25,4470.41,4470.33,16.0,0.3579,4471.88,4472.05,4471.97,17.0,0.3801,-163.5,-180.0,-3.6574,-4.0266,0.3692,4471.60349583,4471.55196659,4471.33279666,4471.43360599
72,XAUUSD,PERIOD_M5,26090401,2026.01.09 13:35:00,1767965700163,2026.01.09 13:35:00,SELL,10,2026.01.09 13:45:00,1767966300163,2026.01.09 13:45:00,1767966300169,6,OK,4470.79,4470.94,4470.86,15.0,0.3355,4470.56,4470.60,4470.58,4.0,0.0895,28.5,19.0,0.6375,0.4250,0.2125,4471.55919351,4471.54729321,4471.40535481,4471.47844837
73,XAUUSD,PERIOD_M5,26090401,2026.01.09 13:50:00,1767966600073,2026.01.09 13:50:00,BUY,1,2026.01.09 13:51:00,1767966660073,2026.01.09 13:51:00,1767966660081,8,OK,4472.33,4472.49,4472.41,16.0,0.3577,4472.90,4473.06,4472.98,16.0,0.3577,57.0,41.0,1.2745,0.9167,0.3578,4471.33222708,4471.43723006,4471.53178166,4471.51839096
73,XAUUSD,PERIOD_M5,26090401,2026.01.09 13:50:00,1767966600073,2026.01.09 13:50:00,BUY,3,2026.01.09 13:53:00,1767966780073,2026.01.09 13:53:00,1767966780478,405,OK,4472.33,4472.49,4472.41,16.0,0.3577,4471.81,4471.95,4471.88,14.0,0.3131,-53.0,-68.0,-1.1850,-1.5204,0.3354,4471.33222708,4471.43723006,4471.53178166,4471.51839096
72,XAUUSD,PERIOD_M5,26090401,2026.01.09 13:35:00,1767965700163,2026.01.09 13:35:00,SELL,15,2026.01.09 13:50:00,1767966600163,2026.01.09 13:50:00,1767966600174,11,OK,4470.79,4470.94,4470.86,15.0,0.3355,4472.38,4472.55,4472.47,17.0,0.3801,-160.0,-176.0,-3.5787,-3.9367,0.3579,4471.55919351,4471.54729321,4471.40535481,4471.47844837
71,XAUUSD,PERIOD_M5,26090401,2026.01.09 13:20:00,1767964800010,2026.01.09 13:20:00,BUY,30,2026.01.09 13:50:00,1767966600010,2026.01.09 13:50:00,1767966600073,63,OK,4472.28,4472.44,4472.36,16.0,0.3578,4472.33,4472.49,4472.41,16.0,0.3577,5.0,-11.0,0.1118,-0.2460,0.3577,4471.48623733,4471.49418726,4471.64498986,4471.56562478
73,XAUUSD,PERIOD_M5,26090401,2026.01.09 13:50:00,1767966600073,2026.01.09 13:50:00,BUY,5,2026.01.09 13:55:00,1767966900073,2026.01.09 13:55:00,1767966900086,13,OK,4472.33,4472.49,4472.41,16.0,0.3577,4473.57,4473.66,4473.61,9.0,0.2012,120.5,108.0,2.6943,2.4148,0.2795,4471.33222708,4471.43723006,4471.53178166,4471.51839096
73,XAUUSD,PERIOD_M5,26090401,2026.01.09 13:50:00,1767966600073,2026.01.09 13:50:00,BUY,10,2026.01.09 14:00:00,1767967200073,2026.01.09 14:00:00,1767967200080,7,OK,4472.33,4472.49,4472.41,16.0,0.3577,4475.38,4475.53,4475.45,15.0,0.3352,304.5,289.0,6.8084,6.4617,0.3467,4471.33222708,4471.43723006,4471.53178166,4471.51839096
73,XAUUSD,PERIOD_M5,26090401,2026.01.09 13:50:00,1767966600073,2026.01.09 13:50:00,BUY,15,2026.01.09 14:05:00,1767967500073,2026.01.09 14:05:00,1767967500270,197,OK,4472.33,4472.49,4472.41,16.0,0.3577,4477.14,4477.30,4477.22,16.0,0.3574,481.0,465.0,10.7548,10.3969,0.3579,4471.33222708,4471.43723006,4471.53178166,4471.51839096
72,XAUUSD,PERIOD_M5,26090401,2026.01.09 13:35:00,1767965700163,2026.01.09 13:35:00,SELL,30,2026.01.09 14:05:00,1767967500163,2026.01.09 14:05:00,1767967500270,107,OK,4470.79,4470.94,4470.86,15.0,0.3355,4477.14,4477.30,4477.22,16.0,0.3574,-635.5,-651.0,-14.2143,-14.5612,0.3469,4471.55919351,4471.54729321,4471.40535481,4471.47844837
69,XAUUSD,PERIOD_M5,26090401,2026.01.09 13:05:00,1767963900127,2026.01.09 13:05:00,BUY,60,2026.01.09 14:05:00,1767967500127,2026.01.09 14:05:00,1767967500270,143,OK,4473.70,4473.88,4473.79,18.0,0.4023,4477.14,4477.30,4477.22,16.0,0.3574,343.0,326.0,7.6669,7.2867,0.3801,4471.07936979,4471.33716325,4471.60349583,4471.55196659
70,XAUUSD,PERIOD_M5,26090401,2026.01.09 13:10:00,1767964200029,2026.01.09 13:10:00,SELL,60,2026.01.09 14:10:00,1767967800029,2026.01.09 14:10:00,1767967800049,20,OK,4470.25,4470.41,4470.33,16.0,0.3579,4477.58,4477.75,4477.66,17.0,0.3797,-733.5,-750.0,-16.4082,-16.7776,0.3694,4471.60349583,4471.55196659,4471.33279666,4471.43360599
73,XAUUSD,PERIOD_M5,26090401,2026.01.09 13:50:00,1767966600073,2026.01.09 13:50:00,BUY,30,2026.01.09 14:20:00,1767968400073,2026.01.09 14:20:00,1767968400195,122,OK,4472.33,4472.49,4472.41,16.0,0.3577,4473.67,4473.85,4473.76,18.0,0.4023,135.0,118.0,3.0185,2.6384,0.3802,4471.33222708,4471.43723006,4471.53178166,4471.51839096
71,XAUUSD,PERIOD_M5,26090401,2026.01.09 13:20:00,1767964800010,2026.01.09 13:20:00,BUY,60,2026.01.09 14:20:00,1767968400010,2026.01.09 14:20:00,1767968400195,185,OK,4472.28,4472.44,4472.36,16.0,0.3578,4473.67,4473.85,4473.76,18.0,0.4023,140.0,123.0,3.1303,2.7502,0.3802,4471.48623733,4471.49418726,4471.64498986,4471.56562478
74,XAUUSD,PERIOD_M5,26090401,2026.01.09 14:30:00,1767969000039,2026.01.09 14:30:00,SELL,1,2026.01.09 14:31:00,1767969060039,2026.01.09 14:31:00,1767969060139,100,OK,4467.70,4467.88,4467.79,18.0,0.4029,4467.32,4467.51,4467.41,19.0,0.4253,37.5,19.0,0.8393,0.4253,0.4141,4473.48391399,4472.90852121,4472.33113120,4472.43683747
74,XAUUSD,PERIOD_M5,26090401,2026.01.09 14:30:00,1767969000039,2026.01.09 14:30:00,SELL,3,2026.01.09 14:33:00,1767969180039,2026.01.09 14:33:00,1767969180057,18,OK,4467.70,4467.88,4467.79,18.0,0.4029,4465.48,4465.63,4465.56,15.0,0.3359,223.5,207.0,5.0025,4.6333,0.3692,4473.48391399,4472.90852121,4472.33113120,4472.43683747
74,XAUUSD,PERIOD_M5,26090401,2026.01.09 14:30:00,1767969000039,2026.01.09 14:30:00,SELL,5,2026.01.09 14:35:00,1767969300039,2026.01.09 14:35:00,1767969300076,37,OK,4467.70,4467.88,4467.79,18.0,0.4029,4464.73,4464.90,4464.81,17.0,0.3808,297.5,280.0,6.6588,6.2672,0.3916,4473.48391399,4472.90852121,4472.33113120,4472.43683747
72,XAUUSD,PERIOD_M5,26090401,2026.01.09 13:35:00,1767965700163,2026.01.09 13:35:00,SELL,60,2026.01.09 14:35:00,1767969300163,2026.01.09 14:35:00,1767969300517,354,OK,4470.79,4470.94,4470.86,15.0,0.3355,4464.73,4464.89,4464.81,16.0,0.3584,605.5,590.0,13.5432,13.1968,0.3465,4471.55919351,4471.54729321,4471.40535481,4471.47844837
74,XAUUSD,PERIOD_M5,26090401,2026.01.09 14:30:00,1767969000039,2026.01.09 14:30:00,SELL,10,2026.01.09 14:40:00,1767969600039,2026.01.09 14:40:00,1767969600719,680,OK,4467.70,4467.88,4467.79,18.0,0.4029,4465.89,4466.07,4465.98,18.0,0.4030,181.0,163.0,4.0512,3.6484,0.4028,4473.48391399,4472.90852121,4472.33113120,4472.43683747
74,XAUUSD,PERIOD_M5,26090401,2026.01.09 14:30:00,1767969000039,2026.01.09 14:30:00,SELL,15,2026.01.09 14:45:00,1767969900039,2026.01.09 14:45:00,1767969900111,72,OK,4467.70,4467.88,4467.79,18.0,0.4029,4466.04,4466.23,4466.14,19.0,0.4254,165.5,147.0,3.7043,3.2903,0.4140,4473.48391399,4472.90852121,4472.33113120,4472.43683747
73,XAUUSD,PERIOD_M5,26090401,2026.01.09 13:50:00,1767966600073,2026.01.09 13:50:00,BUY,60,2026.01.09 14:50:00,1767970200073,2026.01.09 14:50:00,1767970200088,15,OK,4472.33,4472.49,4472.41,16.0,0.3577,4467.69,4467.81,4467.75,12.0,0.2686,-466.0,-480.0,-10.4194,-10.7323,0.3128,4471.33222708,4471.43723006,4471.53178166,4471.51839096
74,XAUUSD,PERIOD_M5,26090401,2026.01.09 14:30:00,1767969000039,2026.01.09 14:30:00,SELL,30,2026.01.09 15:00:00,1767970800039,2026.01.09 15:00:00,1767970800063,24,OK,4467.70,4467.88,4467.79,18.0,0.4029,4466.07,4466.21,4466.14,14.0,0.3135,165.0,149.0,3.6931,3.3350,0.3581,4473.48391399,4472.90852121,4472.33113120,4472.43683747
74,XAUUSD,PERIOD_M5,26090401,2026.01.09 14:30:00,1767969000039,2026.01.09 14:30:00,SELL,60,2026.01.09 15:30:00,1767972600039,2026.01.09 15:30:00,1767972600111,72,OK,4467.70,4467.88,4467.79,18.0,0.4029,4472.56,4472.90,4472.73,34.0,0.7602,-494.0,-520.0,-11.0569,-11.6391,0.5822,4473.48391399,4472.90852121,4472.33113120,4472.43683747
75,XAUUSD,PERIOD_M5,26090401,2026.01.09 15:35:00,1767972900013,2026.01.09 15:35:00,BUY,1,2026.01.09 15:36:00,1767972960013,2026.01.09 15:36:00,1767972960033,20,OK,4487.04,4487.23,4487.14,19.0,0.4234,4483.60,4483.77,4483.69,17.0,0.3792,-345.0,-363.0,-7.6886,-8.0896,0.4010,4469.12399272,4469.48812989,4472.70719418,4471.08375444
75,XAUUSD,PERIOD_M5,26090401,2026.01.09 15:35:00,1767972900013,2026.01.09 15:35:00,BUY,3,2026.01.09 15:38:00,1767973080013,2026.01.09 15:38:00,1767973080021,8,OK,4487.04,4487.23,4487.14,19.0,0.4234,4489.03,4489.18,4489.10,15.0,0.3341,197.0,180.0,4.3903,4.0114,0.3789,4469.12399272,4469.48812989,4472.70719418,4471.08375444
75,XAUUSD,PERIOD_M5,26090401,2026.01.09 15:35:00,1767972900013,2026.01.09 15:35:00,BUY,5,2026.01.09 15:40:00,1767973200013,2026.01.09 15:40:00,1767973200033,20,OK,4487.04,4487.23,4487.14,19.0,0.4234,4488.61,4488.80,4488.70,19.0,0.4233,157.0,138.0,3.4989,3.0754,0.4235,4469.12399272,4469.48812989,4472.70719418,4471.08375444
75,XAUUSD,PERIOD_M5,26090401,2026.01.09 15:35:00,1767972900013,2026.01.09 15:35:00,BUY,10,2026.01.09 15:45:00,1767973500013,2026.01.09 15:45:00,1767973500032,19,OK,4487.04,4487.23,4487.14,19.0,0.4234,4486.98,4487.15,4487.06,17.0,0.3789,-7.0,-25.0,-0.1560,-0.5571,0.4011,4469.12399272,4469.48812989,4472.70719418,4471.08375444
75,XAUUSD,PERIOD_M5,26090401,2026.01.09 15:35:00,1767972900013,2026.01.09 15:35:00,BUY,15,2026.01.09 15:50:00,1767973800013,2026.01.09 15:50:00,1767973800037,24,OK,4487.04,4487.23,4487.14,19.0,0.4234,4483.49,4483.60,4483.55,11.0,0.2453,-359.0,-374.0,-8.0007,-8.3348,0.3341,4469.12399272,4469.48812989,4472.70719418,4471.08375444
75,XAUUSD,PERIOD_M5,26090401,2026.01.09 15:35:00,1767972900013,2026.01.09 15:35:00,BUY,30,2026.01.09 16:05:00,1767974700013,2026.01.09 16:05:00,1767974700050,37,OK,4487.04,4487.23,4487.14,19.0,0.4234,4485.44,4485.57,4485.50,13.0,0.2898,-163.0,-179.0,-3.6326,-3.9891,0.3565,4469.12399272,4469.48812989,4472.70719418,4471.08375444
75,XAUUSD,PERIOD_M5,26090401,2026.01.09 15:35:00,1767972900013,2026.01.09 15:35:00,BUY,60,2026.01.09 16:35:00,1767976500013,2026.01.09 16:35:00,1767976500035,22,OK,4487.04,4487.23,4487.14,19.0,0.4234,4489.69,4489.85,4489.77,16.0,0.3564,263.5,246.0,5.8723,5.4822,0.3901,4469.12399272,4469.48812989,4472.70719418,4471.08375444
76,XAUUSD,PERIOD_M5,26090401,2026.01.09 19:50:00,1767988200071,2026.01.09 19:50:00,SELL,1,2026.01.09 19:51:00,1767988260071,2026.01.09 19:51:00,1767988260103,32,OK,4497.72,4497.92,4497.82,20.0,0.4447,4497.35,4497.49,4497.42,14.0,0.3113,40.0,23.0,0.8893,0.5114,0.3779,4505.56954504,4505.19392915,4503.99963604,4504.51448105
76,XAUUSD,PERIOD_M5,26090401,2026.01.09 19:50:00,1767988200071,2026.01.09 19:50:00,SELL,3,2026.01.09 19:53:00,1767988380071,2026.01.09 19:53:00,1767988380076,5,OK,4497.72,4497.92,4497.82,20.0,0.4447,4493.86,4494.02,4493.94,16.0,0.3560,388.0,370.0,8.6264,8.2264,0.4000,4505.56954504,4505.19392915,4503.99963604,4504.51448105
76,XAUUSD,PERIOD_M5,26090401,2026.01.09 19:50:00,1767988200071,2026.01.09 19:50:00,SELL,5,2026.01.09 19:55:00,1767988500071,2026.01.09 19:55:00,1767988500077,6,OK,4497.72,4497.92,4497.82,20.0,0.4447,4487.37,4487.53,4487.45,16.0,0.3565,1037.0,1019.0,23.0556,22.6559,0.3997,4505.56954504,4505.19392915,4503.99963604,4504.51448105
76,XAUUSD,PERIOD_M5,26090401,2026.01.09 19:50:00,1767988200071,2026.01.09 19:50:00,SELL,10,2026.01.09 20:00:00,1767988800071,2026.01.09 20:00:00,1767988800082,11,OK,4497.72,4497.92,4497.82,20.0,0.4447,4484.37,4484.41,4484.39,4.0,0.0892,1343.0,1331.0,29.8589,29.5928,0.2661,4505.56954504,4505.19392915,4503.99963604,4504.51448105
76,XAUUSD,PERIOD_M5,26090401,2026.01.09 19:50:00,1767988200071,2026.01.09 19:50:00,SELL,15,2026.01.09 20:05:00,1767989100071,2026.01.09 20:05:00,1767989100125,54,OK,4497.72,4497.92,4497.82,20.0,0.4447,4486.11,4486.22,4486.16,11.0,0.2452,1165.5,1150.0,25.9126,25.5685,0.3440,4505.56954504,4505.19392915,4503.99963604,4504.51448105
76,XAUUSD,PERIOD_M5,26090401,2026.01.09 19:50:00,1767988200071,2026.01.09 19:50:00,SELL,30,2026.01.09 20:20:00,1767990000071,2026.01.09 20:20:00,1767990000129,58,OK,4497.72,4497.92,4497.82,20.0,0.4447,4492.03,4492.21,4492.12,18.0,0.4007,570.0,551.0,12.6728,12.2507,0.4222,4505.56954504,4505.19392915,4503.99963604,4504.51448105
76,XAUUSD,PERIOD_M5,26090401,2026.01.09 19:50:00,1767988200071,2026.01.09 19:50:00,SELL,60,2026.01.09 20:50:00,1767991800071,2026.01.09 20:50:00,1767991800372,301,OK,4497.72,4497.92,4497.82,20.0,0.4447,4498.61,4498.77,4498.69,16.0,0.3557,-87.0,-105.0,-1.9343,-2.3345,0.4002,4505.56954504,4505.19392915,4503.99963604,4504.51448105
77,XAUUSD,PERIOD_M5,26090401,2026.01.09 21:30:00,1767994200018,2026.01.09 21:30:00,BUY,1,2026.01.09 21:31:00,1767994260018,2026.01.09 21:31:00,1767994260034,16,OK,4498.87,4499.04,4498.95,17.0,0.3779,4497.40,4497.47,4497.43,7.0,0.1556,-152.0,-164.0,-3.3786,-3.6452,0.2667,4497.68458813,4497.71408210,4497.92167050,4497.81916555
77,XAUUSD,PERIOD_M5,26090401,2026.01.09 21:30:00,1767994200018,2026.01.09 21:30:00,BUY,3,2026.01.09 21:33:00,1767994380018,2026.01.09 21:33:00,1767994380031,13,OK,4498.87,4499.04,4498.95,17.0,0.3779,4497.56,4497.72,4497.64,16.0,0.3557,-131.5,-148.0,-2.9229,-3.2896,0.3667,4497.68458813,4497.71408210,4497.92167050,4497.81916555
77,XAUUSD,PERIOD_M5,26090401,2026.01.09 21:30:00,1767994200018,2026.01.09 21:30:00,BUY,5,2026.01.09 21:35:00,1767994500018,2026.01.09 21:35:00,1767994500077,59,OK,4498.87,4499.04,4498.95,17.0,0.3779,4498.16,4498.32,4498.24,16.0,0.3557,-71.5,-88.0,-1.5893,-1.9560,0.3667,4497.68458813,4497.71408210,4497.92167050,4497.81916555
77,XAUUSD,PERIOD_M5,26090401,2026.01.09 21:30:00,1767994200018,2026.01.09 21:30:00,BUY,10,2026.01.09 21:40:00,1767994800018,2026.01.09 21:40:00,1767994800345,327,OK,4498.87,4499.04,4498.95,17.0,0.3779,4499.71,4499.90,4499.81,19.0,0.4222,85.0,67.0,1.8893,1.4892,0.4001,4497.68458813,4497.71408210,4497.92167050,4497.81916555
77,XAUUSD,PERIOD_M5,26090401,2026.01.09 21:30:00,1767994200018,2026.01.09 21:30:00,BUY,15,2026.01.09 21:45:00,1767995100018,2026.01.09 21:45:00,1767995100081,63,OK,4498.87,4499.04,4498.95,17.0,0.3779,4496.81,4497.01,4496.91,20.0,0.4447,-204.5,-223.0,-4.5455,-4.9566,0.4111,4497.68458813,4497.71408210,4497.92167050,4497.81916555
77,XAUUSD,PERIOD_M5,26090401,2026.01.09 21:30:00,1767994200018,2026.01.09 21:30:00,BUY,30,2026.01.09 22:00:00,1767996000018,2026.01.09 22:00:00,1767996000029,11,OK,4498.87,4499.04,4498.95,17.0,0.3779,4499.28,4499.48,4499.38,20.0,0.4445,42.5,24.0,0.9447,0.5334,0.4112,4497.68458813,4497.71408210,4497.92167050,4497.81916555
77,XAUUSD,PERIOD_M5,26090401,2026.01.09 21:30:00,1767994200018,2026.01.09 21:30:00,BUY,60,2026.01.09 22:30:00,1767997800018,2026.01.09 22:30:00,1767997800036,18,OK,4498.87,4499.04,4498.95,17.0,0.3779,4505.36,4505.56,4505.46,20.0,0.4439,650.5,632.0,14.4589,14.0474,0.4115,4497.68458813,4497.71408210,4497.92167050,4497.81916555
78,XAUUSD,PERIOD_M5,26090401,2026.01.12 04:25:00,1768191900156,2026.01.12 04:25:00,SELL,1,2026.01.12 04:26:00,1768191960156,2026.01.12 04:26:00,1768191960920,764,OK,4567.40,4567.55,4567.48,15.0,0.3284,4568.42,4568.62,4568.52,20.0,0.4378,-104.5,-122.0,-2.2879,-2.6711,0.3832,4571.10560507,4570.91252262,4570.36448406,4570.59320238
78,XAUUSD,PERIOD_M5,26090401,2026.01.12 04:25:00,1768191900156,2026.01.12 04:25:00,SELL,3,2026.01.12 04:28:00,1768192080156,2026.01.12 04:28:00,1768192080180,24,OK,4567.40,4567.55,4567.48,15.0,0.3284,4569.23,4569.42,4569.32,19.0,0.4158,-185.0,-202.0,-4.0504,-4.4226,0.3723,4571.10560507,4570.91252262,4570.36448406,4570.59320238
78,XAUUSD,PERIOD_M5,26090401,2026.01.12 04:25:00,1768191900156,2026.01.12 04:25:00,SELL,5,2026.01.12 04:30:00,1768192200156,2026.01.12 04:30:00,1768192200188,32,OK,4567.40,4567.55,4567.48,15.0,0.3284,4566.13,4566.28,4566.20,15.0,0.3285,127.0,112.0,2.7805,2.4522,0.3284,4571.10560507,4570.91252262,4570.36448406,4570.59320238
78,XAUUSD,PERIOD_M5,26090401,2026.01.12 04:25:00,1768191900156,2026.01.12 04:25:00,SELL,10,2026.01.12 04:35:00,1768192500156,2026.01.12 04:35:00,1768192500205,49,OK,4567.40,4567.55,4567.48,15.0,0.3284,4570.34,4570.55,4570.44,21.0,0.4595,-297.0,-315.0,-6.5025,-6.8967,0.3942,4571.10560507,4570.91252262,4570.36448406,4570.59320238
78,XAUUSD,PERIOD_M5,26090401,2026.01.12 04:25:00,1768191900156,2026.01.12 04:25:00,SELL,15,2026.01.12 04:40:00,1768192800156,2026.01.12 04:40:00,1768192800261,105,OK,4567.40,4567.55,4567.48,15.0,0.3284,4573.62,4573.76,4573.69,14.0,0.3061,-621.5,-636.0,-13.6071,-13.9248,0.3177,4571.10560507,4570.91252262,4570.36448406,4570.59320238
79,XAUUSD,PERIOD_M5,26090401,2026.01.12 04:45:00,1768193100045,2026.01.12 04:45:00,BUY,1,2026.01.12 04:46:00,1768193160045,2026.01.12 04:46:00,1768193160066,21,OK,4578.77,4578.97,4578.87,20.0,0.4368,4579.67,4579.88,4579.77,21.0,0.4585,90.5,70.0,1.9765,1.5287,0.4477,4570.46405584,4570.50946836,4572.11924467,4571.25769851
79,XAUUSD,PERIOD_M5,26090401,2026.01.12 04:45:00,1768193100045,2026.01.12 04:45:00,BUY,3,2026.01.12 04:48:00,1768193280045,2026.01.12 04:48:00,1768193280067,22,OK,4578.77,4578.97,4578.87,20.0,0.4368,4579.35,4579.50,4579.43,15.0,0.3276,55.5,38.0,1.2121,0.8299,0.3822,4570.46405584,4570.50946836,4572.11924467,4571.25769851
79,XAUUSD,PERIOD_M5,26090401,2026.01.12 04:45:00,1768193100045,2026.01.12 04:45:00,BUY,5,2026.01.12 04:50:00,1768193400045,2026.01.12 04:50:00,1768193400074,29,OK,4578.77,4578.97,4578.87,20.0,0.4368,4578.05,4578.28,4578.16,23.0,0.5024,-70.5,-92.0,-1.5397,-2.0092,0.4695,4570.46405584,4570.50946836,4572.11924467,4571.25769851
79,XAUUSD,PERIOD_M5,26090401,2026.01.12 04:45:00,1768193100045,2026.01.12 04:45:00,BUY,10,2026.01.12 04:55:00,1768193700045,2026.01.12 04:55:00,1768193700051,6,OK,4578.77,4578.97,4578.87,20.0,0.4368,4577.47,4577.63,4577.55,16.0,0.3495,-132.0,-150.0,-2.8828,-3.2758,0.3930,4570.46405584,4570.50946836,4572.11924467,4571.25769851
78,XAUUSD,PERIOD_M5,26090401,2026.01.12 04:25:00,1768191900156,2026.01.12 04:25:00,SELL,30,2026.01.12 04:55:00,1768193700156,2026.01.12 04:55:00,1768193700166,10,OK,4567.40,4567.55,4567.48,15.0,0.3284,4577.41,4577.62,4577.51,21.0,0.4588,-1004.0,-1022.0,-21.9815,-22.3760,0.3945,4571.10560507,4570.91252262,4570.36448406,4570.59320238
79,XAUUSD,PERIOD_M5,26090401,2026.01.12 04:45:00,1768193100045,2026.01.12 04:45:00,BUY,15,2026.01.12 05:00:00,1768194000045,2026.01.12 05:00:00,1768194000085,40,OK,4578.77,4578.97,4578.87,20.0,0.4368,4577.42,4577.60,4577.51,18.0,0.3932,-136.0,-155.0,-2.9702,-3.3850,0.4149,4570.46405584,4570.50946836,4572.11924467,4571.25769851
79,XAUUSD,PERIOD_M5,26090401,2026.01.12 04:45:00,1768193100045,2026.01.12 04:45:00,BUY,30,2026.01.12 05:15:00,1768194900045,2026.01.12 05:15:00,1768194900089,44,OK,4578.77,4578.97,4578.87,20.0,0.4368,4578.67,4578.88,4578.77,21.0,0.4586,-9.5,-30.0,-0.2075,-0.6552,0.4477,4570.46405584,4570.50946836,4572.11924467,4571.25769851
78,XAUUSD,PERIOD_M5,26090401,2026.01.12 04:25:00,1768191900156,2026.01.12 04:25:00,SELL,60,2026.01.12 05:25:00,1768195500156,2026.01.12 05:25:00,1768195500188,32,OK,4567.40,4567.55,4567.48,15.0,0.3284,4578.68,4578.77,4578.73,9.0,0.1966,-1125.0,-1137.0,-24.6307,-24.8938,0.2631,4571.10560507,4570.91252262,4570.36448406,4570.59320238
79,XAUUSD,PERIOD_M5,26090401,2026.01.12 04:45:00,1768193100045,2026.01.12 04:45:00,BUY,60,2026.01.12 05:45:00,1768196700045,2026.01.12 05:45:00,1768196700252,207,OK,4578.77,4578.97,4578.87,20.0,0.4368,4572.83,4573.05,4572.94,22.0,0.4811,-593.0,-614.0,-12.9508,-13.4091,0.4583,4570.46405584,4570.50946836,4572.11924467,4571.25769851
80,XAUUSD,PERIOD_M5,26090401,2026.01.12 06:00:00,1768197600009,2026.01.12 06:00:00,SELL,1,2026.01.12 06:01:00,1768197660009,2026.01.12 06:01:00,1768197660017,8,OK,4570.68,4570.89,4570.78,21.0,0.4594,4569.83,4570.05,4569.94,22.0,0.4814,84.5,63.0,1.8487,1.3784,0.4703,4574.92138008,4574.75487632,4574.06910406,4574.38261484
80,XAUUSD,PERIOD_M5,26090401,2026.01.12 06:00:00,1768197600009,2026.01.12 06:00:00,SELL,3,2026.01.12 06:03:00,1768197780009,2026.01.12 06:03:00,1768197780537,528,OK,4570.68,4570.89,4570.78,21.0,0.4594,4566.37,4566.59,4566.48,22.0,0.4818,430.5,409.0,9.4185,8.9483,0.4702,4574.92138008,4574.75487632,4574.06910406,4574.38261484
80,XAUUSD,PERIOD_M5,26090401,2026.01.12 06:00:00,1768197600009,2026.01.12 06:00:00,SELL,5,2026.01.12 06:05:00,1768197900009,2026.01.12 06:05:00,1768197900085,76,OK,4570.68,4570.89,4570.78,21.0,0.4594,4567.29,4567.51,4567.40,22.0,0.4817,338.5,317.0,7.4057,6.9355,0.4702,4574.92138008,4574.75487632,4574.06910406,4574.38261484
80,XAUUSD,PERIOD_M5,26090401,2026.01.12 06:00:00,1768197600009,2026.01.12 06:00:00,SELL,10,2026.01.12 06:10:00,1768198200009,2026.01.12 06:10:00,1768198200052,43,OK,4570.68,4570.89,4570.78,21.0,0.4594,4568.16,4568.38,4568.27,22.0,0.4816,251.5,230.0,5.5023,5.0321,0.4703,4574.92138008,4574.75487632,4574.06910406,4574.38261484
80,XAUUSD,PERIOD_M5,26090401,2026.01.12 06:00:00,1768197600009,2026.01.12 06:00:00,SELL,15,2026.01.12 06:15:00,1768198500009,2026.01.12 06:15:00,1768198500251,242,OK,4570.68,4570.89,4570.78,21.0,0.4594,4568.73,4568.95,4568.84,22.0,0.4815,194.5,173.0,4.2553,3.7850,0.4703,4574.92138008,4574.75487632,4574.06910406,4574.38261484
80,XAUUSD,PERIOD_M5,26090401,2026.01.12 06:00:00,1768197600009,2026.01.12 06:00:00,SELL,30,2026.01.12 06:30:00,1768199400009,2026.01.12 06:30:00,1768199400016,7,OK,4570.68,4570.89,4570.78,21.0,0.4594,4568.59,4568.78,4568.68,19.0,0.4159,210.0,190.0,4.5944,4.1569,0.4375,4574.92138008,4574.75487632,4574.06910406,4574.38261484
80,XAUUSD,PERIOD_M5,26090401,2026.01.12 06:00:00,1768197600009,2026.01.12 06:00:00,SELL,60,2026.01.12 07:00:00,1768201200009,2026.01.12 07:00:00,1768201200043,34,OK,4570.68,4570.89,4570.78,21.0,0.4594,4568.51,4568.67,4568.59,16.0,0.3502,219.5,201.0,4.8022,4.3976,0.4046,4574.92138008,4574.75487632,4574.06910406,4574.38261484
81,XAUUSD,PERIOD_M5,26090401,2026.01.12 07:30:00,1768203000080,2026.01.12 07:30:00,BUY,1,2026.01.12 07:31:00,1768203060080,2026.01.12 07:31:00,1768203060236,156,OK,4572.53,4572.72,4572.63,19.0,0.4155,4574.84,4574.99,4574.91,15.0,0.3279,229.0,212.0,5.0081,4.6362,0.3719,4570.22428965,4570.32542090,4570.68743172,4570.52674627
81,XAUUSD,PERIOD_M5,26090401,2026.01.12 07:30:00,1768203000080,2026.01.12 07:30:00,BUY,3,2026.01.12 07:33:00,1768203180080,2026.01.12 07:33:01,1768203181154,1074,OK,4572.53,4572.72,4572.63,19.0,0.4155,4575.94,4576.04,4575.99,10.0,0.2185,336.5,322.0,7.3590,7.0418,0.3173,4570.22428965,4570.32542090,4570.68743172,4570.52674627
81,XAUUSD,PERIOD_M5,26090401,2026.01.12 07:30:00,1768203000080,2026.01.12 07:30:00,BUY,5,2026.01.12 07:35:00,1768203300080,2026.01.12 07:35:00,1768203300108,28,OK,4572.53,4572.72,4572.63,19.0,0.4155,4577.22,4577.37,4577.30,15.0,0.3277,467.0,450.0,10.2130,9.8410,0.3720,4570.22428965,4570.32542090,4570.68743172,4570.52674627
81,XAUUSD,PERIOD_M5,26090401,2026.01.12 07:30:00,1768203000080,2026.01.12 07:30:00,BUY,10,2026.01.12 07:40:00,1768203600080,2026.01.12 07:40:00,1768203600175,95,OK,4572.53,4572.72,4572.63,19.0,0.4155,4578.13,4578.28,4578.20,15.0,0.3276,558.0,541.0,12.2031,11.8310,0.3720,4570.22428965,4570.32542090,4570.68743172,4570.52674627
81,XAUUSD,PERIOD_M5,26090401,2026.01.12 07:30:00,1768203000080,2026.01.12 07:30:00,BUY,15,2026.01.12 07:45:00,1768203900080,2026.01.12 07:45:00,1768203900166,86,OK,4572.53,4572.72,4572.63,19.0,0.4155,4581.86,4581.95,4581.90,9.0,0.1964,928.0,914.0,20.2947,19.9881,0.3066,4570.22428965,4570.32542090,4570.68743172,4570.52674627
81,XAUUSD,PERIOD_M5,26090401,2026.01.12 07:30:00,1768203000080,2026.01.12 07:30:00,BUY,30,2026.01.12 08:00:00,1768204800080,2026.01.12 08:00:00,1768204800163,83,OK,4572.53,4572.72,4572.63,19.0,0.4155,4580.84,4581.00,4580.92,16.0,0.3493,829.5,812.0,18.1406,17.7575,0.3831,4570.22428965,4570.32542090,4570.68743172,4570.52674627
81,XAUUSD,PERIOD_M5,26090401,2026.01.12 07:30:00,1768203000080,2026.01.12 07:30:00,BUY,60,2026.01.12 08:30:00,1768206600080,2026.01.12 08:30:00,1768206600126,46,OK,4572.53,4572.72,4572.63,19.0,0.4155,4573.64,4573.81,4573.73,17.0,0.3717,110.0,92.0,2.4056,2.0119,0.3937,4570.22428965,4570.32542090,4570.68743172,4570.52674627
82,XAUUSD,PERIOD_M5,26090401,2026.01.12 12:35:00,1768221300028,2026.01.12 12:35:00,SELL,1,2026.01.12 12:36:00,1768221360028,2026.01.12 12:36:00,1768221360042,14,OK,4587.52,4587.67,4587.60,15.0,0.3270,4588.15,4588.32,4588.23,17.0,0.3705,-64.0,-80.0,-1.3951,-1.7439,0.3488,4591.33639269,4591.09013791,4590.57311415,4590.76557992
82,XAUUSD,PERIOD_M5,26090401,2026.01.12 12:35:00,1768221300028,2026.01.12 12:35:00,SELL,3,2026.01.12 12:38:00,1768221480028,2026.01.12 12:38:00,1768221480317,289,OK,4587.52,4587.67,4587.60,15.0,0.3270,4588.90,4589.06,4588.98,16.0,0.3487,-138.5,-154.0,-3.0190,-3.3569,0.3379,4591.33639269,4591.09013791,4590.57311415,4590.76557992
82,XAUUSD,PERIOD_M5,26090401,2026.01.12 12:35:00,1768221300028,2026.01.12 12:35:00,SELL,5,2026.01.12 12:40:00,1768221600028,2026.01.12 12:40:00,1768221600216,188,OK,4587.52,4587.67,4587.60,15.0,0.3270,4591.96,4592.14,4592.05,18.0,0.3920,-445.5,-462.0,-9.7110,-10.0708,0.3598,4591.33639269,4591.09013791,4590.57311415,4590.76557992
82,XAUUSD,PERIOD_M5,26090401,2026.01.12 12:35:00,1768221300028,2026.01.12 12:35:00,SELL,10,2026.01.12 12:45:00,1768221900028,2026.01.12 12:45:00,1768221900072,44,OK,4587.52,4587.67,4587.60,15.0,0.3270,4589.77,4589.85,4589.81,8.0,0.1743,-221.5,-233.0,-4.8282,-5.0790,0.2508,4591.33639269,4591.09013791,4590.57311415,4590.76557992
83,XAUUSD,PERIOD_M5,26090401,2026.01.12 12:50:00,1768222200092,2026.01.12 12:50:00,BUY,1,2026.01.12 12:51:00,1768222260092,2026.01.12 12:51:00,1768222260119,27,OK,4592.34,4592.48,4592.41,14.0,0.3049,4593.71,4593.79,4593.75,8.0,0.1741,134.0,123.0,2.9179,2.6783,0.2396,4590.63439306,4590.77378506,4590.96751445,4590.91253187
83,XAUUSD,PERIOD_M5,26090401,2026.01.12 12:50:00,1768222200092,2026.01.12 12:50:00,BUY,3,2026.01.12 12:53:00,1768222380092,2026.01.12 12:53:00,1768222380278,186,OK,4592.34,4592.48,4592.41,14.0,0.3049,4593.15,4593.34,4593.24,19.0,0.4137,83.5,67.0,1.8182,1.4589,0.3593,4590.63439306,4590.77378506,4590.96751445,4590.91253187
82,XAUUSD,PERIOD_M5,26090401,2026.01.12 12:35:00,1768221300028,2026.01.12 12:35:00,SELL,15,2026.01.12 12:50:00,1768222200028,2026.01.12 12:50:00,1768222200092,64,OK,4587.52,4587.67,4587.60,15.0,0.3270,4592.34,4592.48,4592.41,14.0,0.3049,-481.5,-496.0,-10.4957,-10.8119,0.3162,4591.33639269,4591.09013791,4590.57311415,4590.76557992
83,XAUUSD,PERIOD_M5,26090401,2026.01.12 12:50:00,1768222200092,2026.01.12 12:50:00,BUY,5,2026.01.12 12:55:00,1768222500092,2026.01.12 12:55:00,1768222500096,4,OK,4592.34,4592.48,4592.41,14.0,0.3049,4593.61,4593.80,4593.70,19.0,0.4136,129.5,113.0,2.8199,2.4605,0.3593,4590.63439306,4590.77378506,4590.96751445,4590.91253187
83,XAUUSD,PERIOD_M5,26090401,2026.01.12 12:50:00,1768222200092,2026.01.12 12:50:00,BUY,10,2026.01.12 13:00:00,1768222800092,2026.01.12 13:00:00,1768222800113,21,OK,4592.34,4592.48,4592.41,14.0,0.3049,4594.20,4594.39,4594.30,19.0,0.4136,188.5,172.0,4.1046,3.7453,0.3593,4590.63439306,4590.77378506,4590.96751445,4590.91253187
83,XAUUSD,PERIOD_M5,26090401,2026.01.12 12:50:00,1768222200092,2026.01.12 12:50:00,BUY,15,2026.01.12 13:05:00,1768223100092,2026.01.12 13:05:00,1768223100375,283,OK,4592.34,4592.48,4592.41,14.0,0.3049,4592.77,4592.96,4592.86,19.0,0.4137,45.5,29.0,0.9908,0.6315,0.3593,4590.63439306,4590.77378506,4590.96751445,4590.91253187
82,XAUUSD,PERIOD_M5,26090401,2026.01.12 12:35:00,1768221300028,2026.01.12 12:35:00,SELL,30,2026.01.12 13:05:00,1768223100028,2026.01.12 13:05:00,1768223100081,53,OK,4587.52,4587.67,4587.60,15.0,0.3270,4592.77,4592.95,4592.86,18.0,0.3919,-526.5,-543.0,-11.4766,-11.8365,0.3599,4591.33639269,4591.09013791,4590.57311415,4590.76557992
83,XAUUSD,PERIOD_M5,26090401,2026.01.12 12:50:00,1768222200092,2026.01.12 12:50:00,BUY,30,2026.01.12 13:20:00,1768224000092,2026.01.12 13:20:00,1768224000455,363,OK,4592.34,4592.48,4592.41,14.0,0.3049,4589.87,4589.99,4589.93,12.0,0.2614,-248.0,-261.0,-5.4002,-5.6832,0.2830,4590.63439306,4590.77378506,4590.96751445,4590.91253187
84,XAUUSD,PERIOD_M5,26090401,2026.01.12 13:25:00,1768224300041,2026.01.12 13:25:00,SELL,1,2026.01.12 13:26:00,1768224360041,2026.01.12 13:26:00,1768224360163,122,OK,4588.22,4588.40,4588.31,18.0,0.3923,4584.03,4584.23,4584.13,20.0,0.4363,418.0,399.0,9.1101,8.6962,0.4139,4591.52735547,4591.40124243,4590.86988437,4591.11385675
84,XAUUSD,PERIOD_M5,26090401,2026.01.12 13:25:00,1768224300041,2026.01.12 13:25:00,SELL,3,2026.01.12 13:28:00,1768224480041,2026.01.12 13:28:00,1768224480083,42,OK,4588.22,4588.40,4588.31,18.0,0.3923,4586.18,4586.34,4586.26,16.0,0.3489,205.0,188.0,4.4679,4.0974,0.3704,4591.52735547,4591.40124243,4590.86988437,4591.11385675
84,XAUUSD,PERIOD_M5,26090401,2026.01.12 13:25:00,1768224300041,2026.01.12 13:25:00,SELL,5,2026.01.12 13:30:00,1768224600041,2026.01.12 13:30:00,1768224600068,27,OK,4588.22,4588.40,4588.31,18.0,0.3923,4585.28,4585.47,4585.38,19.0,0.4144,293.5,275.0,6.3967,5.9936,0.4031,4591.52735547,4591.40124243,4590.86988437,4591.11385675
84,XAUUSD,PERIOD_M5,26090401,2026.01.12 13:25:00,1768224300041,2026.01.12 13:25:00,SELL,10,2026.01.12 13:35:00,1768224900041,2026.01.12 13:35:00,1768224900211,170,OK,4588.22,4588.40,4588.31,18.0,0.3923,4587.53,4587.68,4587.60,15.0,0.3270,70.5,54.0,1.5365,1.1769,0.3596,4591.52735547,4591.40124243,4590.86988437,4591.11385675
82,XAUUSD,PERIOD_M5,26090401,2026.01.12 12:35:00,1768221300028,2026.01.12 12:35:00,SELL,60,2026.01.12 13:35:00,1768224900028,2026.01.12 13:35:00,1768224900211,183,OK,4587.52,4587.67,4587.60,15.0,0.3270,4587.53,4587.68,4587.60,15.0,0.3270,-1.0,-16.0,-0.0218,-0.3488,0.3270,4591.33639269,4591.09013791,4590.57311415,4590.76557992
84,XAUUSD,PERIOD_M5,26090401,2026.01.12 13:25:00,1768224300041,2026.01.12 13:25:00,SELL,15,2026.01.12 13:40:00,1768225200041,2026.01.12 13:40:00,1768225200070,29,OK,4588.22,4588.40,4588.31,18.0,0.3923,4590.14,4590.30,4590.22,16.0,0.3486,-191.0,-208.0,-4.1628,-4.5333,0.3706,4591.52735547,4591.40124243,4590.86988437,4591.11385675
83,XAUUSD,PERIOD_M5,26090401,2026.01.12 12:50:00,1768222200092,2026.01.12 12:50:00,BUY,60,2026.01.12 13:50:00,1768225800092,2026.01.12 13:50:00,1768225800537,445,OK,4592.34,4592.48,4592.41,14.0,0.3049,4586.36,4586.49,4586.42,13.0,0.2834,-598.5,-612.0,-13.0324,-13.3261,0.2938,4590.63439306,4590.77378506,4590.96751445,4590.91253187
84,XAUUSD,PERIOD_M5,26090401,2026.01.12 13:25:00,1768224300041,2026.01.12 13:25:00,SELL,30,2026.01.12 13:55:00,1768226100041,2026.01.12 13:55:00,1768226100142,101,OK,4588.22,4588.40,4588.31,18.0,0.3923,4585.51,4585.60,4585.56,9.0,0.1963,275.5,262.0,6.0044,5.7103,0.2941,4591.52735547,4591.40124243,4590.86988437,4591.11385675
84,XAUUSD,PERIOD_M5,26090401,2026.01.12 13:25:00,1768224300041,2026.01.12 13:25:00,SELL,60,2026.01.12 14:25:00,1768227900041,2026.01.12 14:25:00,1768227900258,217,OK,4588.22,4588.40,4588.31,18.0,0.3923,4582.31,4582.47,4582.39,16.0,0.3492,592.0,575.0,12.9024,12.5321,0.3703,4591.52735547,4591.40124243,4590.86988437,4591.11385675
85,XAUUSD,PERIOD_M5,26090401,2026.01.12 15:00:00,1768230000020,2026.01.12 15:00:00,BUY,1,2026.01.12 15:01:00,1768230060020,2026.01.12 15:01:00,1768230060066,46,OK,4590.45,4590.57,4590.51,12.0,0.2614,4591.54,4591.65,4591.59,11.0,0.2396,108.5,97.0,2.3636,2.1130,0.2505,4585.76733922,4586.32738943,4586.70387138,4586.70217221
85,XAUUSD,PERIOD_M5,26090401,2026.01.12 15:00:00,1768230000020,2026.01.12 15:00:00,BUY,3,2026.01.12 15:03:00,1768230180020,2026.01.12 15:03:00,1768230180044,24,OK,4590.45,4590.57,4590.51,12.0,0.2614,4592.27,4592.43,4592.35,16.0,0.3484,184.0,170.0,4.0083,3.7032,0.3050,4585.76733922,4586.32738943,4586.70387138,4586.70217221
85,XAUUSD,PERIOD_M5,26090401,2026.01.12 15:00:00,1768230000020,2026.01.12 15:00:00,BUY,5,2026.01.12 15:05:00,1768230300020,2026.01.12 15:05:00,1768230300040,20,OK,4590.45,4590.57,4590.51,12.0,0.2614,4596.10,4596.23,4596.16,13.0,0.2828,565.5,553.0,12.3189,12.0464,0.2725,4585.76733922,4586.32738943,4586.70387138,4586.70217221
85,XAUUSD,PERIOD_M5,26090401,2026.01.12 15:00:00,1768230000020,2026.01.12 15:00:00,BUY,10,2026.01.12 15:10:00,1768230600020,2026.01.12 15:10:00,1768230600104,84,OK,4590.45,4590.57,4590.51,12.0,0.2614,4601.15,4601.33,4601.24,18.0,0.3912,1073.0,1058.0,23.3743,23.0472,0.3271,4585.76733922,4586.32738943,4586.70387138,4586.70217221
85,XAUUSD,PERIOD_M5,26090401,2026.01.12 15:00:00,1768230000020,2026.01.12 15:00:00,BUY,15,2026.01.12 15:15:00,1768230900020,2026.01.12 15:15:00,1768230900094,74,OK,4590.45,4590.57,4590.51,12.0,0.2614,4606.57,4606.74,4606.65,17.0,0.3690,1614.5,1600.0,35.1704,34.8541,0.3163,4585.76733922,4586.32738943,4586.70387138,4586.70217221
85,XAUUSD,PERIOD_M5,26090401,2026.01.12 15:00:00,1768230000020,2026.01.12 15:00:00,BUY,30,2026.01.12 15:30:00,1768231800020,2026.01.12 15:30:00,1768231800104,84,OK,4590.45,4590.57,4590.51,12.0,0.2614,4605.00,4605.04,4605.02,4.0,0.0869,1451.0,1443.0,31.6087,31.4340,0.1747,4585.76733922,4586.32738943,4586.70387138,4586.70217221
85,XAUUSD,PERIOD_M5,26090401,2026.01.12 15:00:00,1768230000020,2026.01.12 15:00:00,BUY,60,2026.01.12 16:00:00,1768233600020,2026.01.12 16:00:00,1768233600026,6,OK,4590.45,4590.57,4590.51,12.0,0.2614,4615.88,4616.04,4615.96,16.0,0.3466,2545.0,2531.0,55.4405,55.1348,0.3057,4585.76733922,4586.32738943,4586.70387138,4586.70217221
86,XAUUSD,PERIOD_M5,26090401,2026.01.12 16:30:00,1768235400012,2026.01.12 16:30:00,SELL,1,2026.01.12 16:31:00,1768235460012,2026.01.12 16:31:00,1768235460069,57,OK,4586.56,4586.61,4586.59,5.0,0.1090,4590.98,4591.17,4591.07,19.0,0.4138,-449.0,-461.0,-9.7894,-10.0511,0.2617,4601.81899962,4600.94556092,4598.76719970,4599.63778265
86,XAUUSD,PERIOD_M5,26090401,2026.01.12 16:30:00,1768235400012,2026.01.12 16:30:00,SELL,3,2026.01.12 16:33:00,1768235580012,2026.01.12 16:33:00,1768235580098,86,OK,4586.56,4586.61,4586.59,5.0,0.1090,4599.17,4599.27,4599.22,10.0,0.2174,-1263.5,-1271.0,-27.5477,-27.7114,0.1637,4601.81899962,4600.94556092,4598.76719970,4599.63778265
86,XAUUSD,PERIOD_M5,26090401,2026.01.12 16:30:00,1768235400012,2026.01.12 16:30:00,SELL,5,2026.01.12 16:35:00,1768235700012,2026.01.12 16:35:00,1768235700019,7,OK,4586.56,4586.61,4586.59,5.0,0.1090,4598.09,4598.21,4598.15,12.0,0.2610,-1156.5,-1165.0,-25.2148,-25.4003,0.1855,4601.81899962,4600.94556092,4598.76719970,4599.63778265
87,XAUUSD,PERIOD_M5,26090401,2026.01.12 16:40:00,1768236000035,2026.01.12 16:40:00,BUY,1,2026.01.12 16:41:00,1768236060035,2026.01.12 16:41:00,1768236060052,17,OK,4610.79,4610.93,4610.86,14.0,0.3036,4606.86,4607.01,4606.93,15.0,0.3256,-392.5,-407.0,-8.5125,-8.8269,0.3143,4598.63175976,4599.49707514,4601.06340781,4600.52370467
87,XAUUSD,PERIOD_M5,26090401,2026.01.12 16:40:00,1768236000035,2026.01.12 16:40:00,BUY,3,2026.01.12 16:43:00,1768236180035,2026.01.12 16:43:00,1768236180080,45,OK,4610.79,4610.93,4610.86,14.0,0.3036,4607.54,4607.64,4607.59,10.0,0.2170,-327.0,-339.0,-7.0920,-7.3521,0.2601,4598.63175976,4599.49707514,4601.06340781,4600.52370467
86,XAUUSD,PERIOD_M5,26090401,2026.01.12 16:30:00,1768235400012,2026.01.12 16:30:00,SELL,10,2026.01.12 16:40:00,1768236000012,2026.01.12 16:40:00,1768236000035,23,OK,4586.56,4586.61,4586.59,5.0,0.1090,4610.79,4610.93,4610.86,14.0,0.3036,-2427.5,-2437.0,-52.9261,-53.1335,0.2074,4601.81899962,4600.94556092,4598.76719970,4599.63778265
87,XAUUSD,PERIOD_M5,26090401,2026.01.12 16:40:00,1768236000035,2026.01.12 16:40:00,BUY,5,2026.01.12 16:45:00,1768236300035,2026.01.12 16:45:00,1768236300059,24,OK,4610.79,4610.93,4610.86,14.0,0.3036,4604.16,4604.35,4604.26,19.0,0.4127,-660.5,-677.0,-14.3249,-14.6825,0.3576,4598.63175976,4599.49707514,4601.06340781,4600.52370467
86,XAUUSD,PERIOD_M5,26090401,2026.01.12 16:30:00,1768235400012,2026.01.12 16:30:00,SELL,15,2026.01.12 16:45:00,1768236300012,2026.01.12 16:45:00,1768236300026,14,OK,4586.56,4586.61,4586.59,5.0,0.1090,4604.15,4604.33,4604.24,18.0,0.3909,-1765.5,-1777.0,-38.4927,-38.7436,0.2509,4601.81899962,4600.94556092,4598.76719970,4599.63778265
87,XAUUSD,PERIOD_M5,26090401,2026.01.12 16:40:00,1768236000035,2026.01.12 16:40:00,BUY,10,2026.01.12 16:50:00,1768236600035,2026.01.12 16:50:00,1768236600065,30,OK,4610.79,4610.93,4610.86,14.0,0.3036,4602.01,4602.11,4602.06,10.0,0.2173,-880.0,-892.0,-19.0854,-19.3453,0.2600,4598.63175976,4599.49707514,4601.06340781,4600.52370467
87,XAUUSD,PERIOD_M5,26090401,2026.01.12 16:40:00,1768236000035,2026.01.12 16:40:00,BUY,15,2026.01.12 16:55:00,1768236900035,2026.01.12 16:55:00,1768236900045,10,OK,4610.79,4610.93,4610.86,14.0,0.3036,4604.66,4604.82,4604.74,16.0,0.3475,-612.0,-627.0,-13.2730,-13.5981,0.3251,4598.63175976,4599.49707514,4601.06340781,4600.52370467
86,XAUUSD,PERIOD_M5,26090401,2026.01.12 16:30:00,1768235400012,2026.01.12 16:30:00,SELL,30,2026.01.12 17:00:00,1768237200012,2026.01.12 17:00:00,1768237200118,106,OK,4586.56,4586.61,4586.59,5.0,0.1090,4601.91,4602.09,4602.00,18.0,0.3911,-1541.5,-1553.0,-33.6089,-33.8598,0.2509,4601.81899962,4600.94556092,4598.76719970,4599.63778265
87,XAUUSD,PERIOD_M5,26090401,2026.01.12 16:40:00,1768236000035,2026.01.12 16:40:00,BUY,30,2026.01.12 17:10:00,1768237800035,2026.01.12 17:10:00,1768237800037,2,OK,4610.79,4610.93,4610.86,14.0,0.3036,4615.50,4615.66,4615.58,16.0,0.3467,472.0,457.0,10.2367,9.9112,0.3255,4598.63175976,4599.49707514,4601.06340781,4600.52370467
86,XAUUSD,PERIOD_M5,26090401,2026.01.12 16:30:00,1768235400012,2026.01.12 16:30:00,SELL,60,2026.01.12 17:30:00,1768239000012,2026.01.12 17:30:00,1768239000080,68,OK,4586.56,4586.61,4586.59,5.0,0.1090,4619.72,4619.83,4619.77,11.0,0.2381,-3319.0,-3327.0,-72.3632,-72.5380,0.1748,4601.81899962,4600.94556092,4598.76719970,4599.63778265
87,XAUUSD,PERIOD_M5,26090401,2026.01.12 16:40:00,1768236000035,2026.01.12 16:40:00,BUY,60,2026.01.12 17:40:00,1768239600035,2026.01.12 17:40:00,1768239600105,70,OK,4610.79,4610.93,4610.86,14.0,0.3036,4626.68,4626.79,4626.74,11.0,0.2377,1587.5,1575.0,34.4296,34.1580,0.2716,4598.63175976,4599.49707514,4601.06340781,4600.52370467
88,XAUUSD,PERIOD_M5,26090401,2026.01.12 19:10:00,1768245000002,2026.01.12 19:10:00,SELL,1,2026.01.12 19:11:00,1768245060002,2026.01.12 19:11:00,1768245060006,4,OK,4614.19,4614.39,4614.29,20.0,0.4334,4615.67,4615.87,4615.77,20.0,0.4333,-148.0,-168.0,-3.2074,-3.6409,0.4335,4617.58376833,4617.50404856,4616.90501467,4617.20277141
88,XAUUSD,PERIOD_M5,26090401,2026.01.12 19:10:00,1768245000002,2026.01.12 19:10:00,SELL,3,2026.01.12 19:13:00,1768245180002,2026.01.12 19:13:00,1768245180024,22,OK,4614.19,4614.39,4614.29,20.0,0.4334,4615.96,4616.12,4616.04,16.0,0.3466,-175.0,-193.0,-3.7926,-4.1827,0.3902,4617.58376833,4617.50404856,4616.90501467,4617.20277141
88,XAUUSD,PERIOD_M5,26090401,2026.01.12 19:10:00,1768245000002,2026.01.12 19:10:00,SELL,5,2026.01.12 19:15:00,1768245300002,2026.01.12 19:15:00,1768245300017,15,OK,4614.19,4614.39,4614.29,20.0,0.4334,4615.54,4615.68,4615.61,14.0,0.3033,-132.0,-149.0,-2.8607,-3.2292,0.3685,4617.58376833,4617.50404856,4616.90501467,4617.20277141
88,XAUUSD,PERIOD_M5,26090401,2026.01.12 19:10:00,1768245000002,2026.01.12 19:10:00,SELL,10,2026.01.12 19:20:00,1768245600002,2026.01.12 19:20:00,1768245600031,29,OK,4614.19,4614.39,4614.29,20.0,0.4334,4615.79,4615.93,4615.86,14.0,0.3033,-157.0,-174.0,-3.4025,-3.7710,0.3685,4617.58376833,4617.50404856,4616.90501467,4617.20277141
88,XAUUSD,PERIOD_M5,26090401,2026.01.12 19:10:00,1768245000002,2026.01.12 19:10:00,SELL,15,2026.01.12 19:25:00,1768245900002,2026.01.12 19:25:00,1768245900020,18,OK,4614.19,4614.39,4614.29,20.0,0.4334,4616.34,4616.50,4616.42,16.0,0.3466,-213.0,-231.0,-4.6161,-5.0063,0.3902,4617.58376833,4617.50404856,4616.90501467,4617.20277141
88,XAUUSD,PERIOD_M5,26090401,2026.01.12 19:10:00,1768245000002,2026.01.12 19:10:00,SELL,30,2026.01.12 19:40:00,1768246800002,2026.01.12 19:40:00,1768246800030,28,OK,4614.19,4614.39,4614.29,20.0,0.4334,4613.54,4613.65,4613.59,11.0,0.2384,69.5,54.0,1.5062,1.1703,0.3359,4617.58376833,4617.50404856,4616.90501467,4617.20277141
88,XAUUSD,PERIOD_M5,26090401,2026.01.12 19:10:00,1768245000002,2026.01.12 19:10:00,SELL,60,2026.01.12 20:10:00,1768248600002,2026.01.12 20:10:00,1768248600046,44,OK,4614.19,4614.39,4614.29,20.0,0.4334,4614.88,4615.06,4614.97,18.0,0.3900,-68.0,-87.0,-1.4737,-1.8855,0.4118,4617.58376833,4617.50404856,4616.90501467,4617.20277141
89,XAUUSD,PERIOD_M5,26090401,2026.01.12 21:25:00,1768253100024,2026.01.12 21:25:00,BUY,1,2026.01.12 21:26:00,1768253160024,2026.01.12 21:26:00,1768253160142,118,OK,4614.81,4614.99,4614.90,18.0,0.3900,4614.39,4614.55,4614.47,16.0,0.3467,-43.0,-60.0,-0.9318,-1.3001,0.3683,4611.16251249,4611.36914466,4611.89200999,4611.68194969
89,XAUUSD,PERIOD_M5,26090401,2026.01.12 21:25:00,1768253100024,2026.01.12 21:25:00,BUY,3,2026.01.12 21:28:00,1768253280024,2026.01.12 21:28:00,1768253280062,38,OK,4614.81,4614.99,4614.90,18.0,0.3900,4614.28,4614.43,4614.35,15.0,0.3251,-54.5,-71.0,-1.1810,-1.5385,0.3575,4611.16251249,4611.36914466,4611.89200999,4611.68194969
89,XAUUSD,PERIOD_M5,26090401,2026.01.12 21:25:00,1768253100024,2026.01.12 21:25:00,BUY,5,2026.01.12 21:30:00,1768253400024,2026.01.12 21:30:00,1768253400044,20,OK,4614.81,4614.99,4614.90,18.0,0.3900,4616.86,4617.06,4616.96,20.0,0.4332,206.0,187.0,4.4638,4.0520,0.4118,4611.16251249,4611.36914466,4611.89200999,4611.68194969
89,XAUUSD,PERIOD_M5,26090401,2026.01.12 21:25:00,1768253100024,2026.01.12 21:25:00,BUY,10,2026.01.12 21:35:00,1768253700024,2026.01.12 21:35:00,1768253700344,320,OK,4614.81,4614.99,4614.90,18.0,0.3900,4616.17,4616.31,4616.24,14.0,0.3033,134.0,118.0,2.9036,2.5569,0.3468,4611.16251249,4611.36914466,4611.89200999,4611.68194969
89,XAUUSD,PERIOD_M5,26090401,2026.01.12 21:25:00,1768253100024,2026.01.12 21:25:00,BUY,15,2026.01.12 21:40:00,1768254000024,2026.01.12 21:40:00,1768254000099,75,OK,4614.81,4614.99,4614.90,18.0,0.3900,4616.36,4616.52,4616.44,16.0,0.3466,154.0,137.0,3.3370,2.9686,0.3684,4611.16251249,4611.36914466,4611.89200999,4611.68194969
89,XAUUSD,PERIOD_M5,26090401,2026.01.12 21:25:00,1768253100024,2026.01.12 21:25:00,BUY,30,2026.01.12 21:55:00,1768254900024,2026.01.12 21:55:00,1768254900070,46,OK,4614.81,4614.99,4614.90,18.0,0.3900,4612.89,4613.07,4612.98,18.0,0.3902,-192.0,-210.0,-4.1604,-4.5504,0.3900,4611.16251249,4611.36914466,4611.89200999,4611.68194969
90,XAUUSD,PERIOD_M5,26090401,2026.01.12 22:05:00,1768255500020,2026.01.12 22:05:00,SELL,1,2026.01.12 22:06:00,1768255560020,2026.01.12 22:06:00,1768255560488,468,OK,4604.07,4604.27,4604.17,20.0,0.4344,4604.99,4605.12,4605.06,13.0,0.2823,-88.5,-105.0,-1.9222,-2.2806,0.3584,4613.45849410,4612.98860535,4611.58079528,4612.17782304
90,XAUUSD,PERIOD_M5,26090401,2026.01.12 22:05:00,1768255500020,2026.01.12 22:05:00,SELL,3,2026.01.12 22:08:00,1768255680020,2026.01.12 22:08:00,1768255680021,1,OK,4604.07,4604.27,4604.17,20.0,0.4344,4603.36,4603.56,4603.46,20.0,0.4345,71.0,51.0,1.5421,1.1077,0.4344,4613.45849410,4612.98860535,4611.58079528,4612.17782304
90,XAUUSD,PERIOD_M5,26090401,2026.01.12 22:05:00,1768255500020,2026.01.12 22:05:00,SELL,5,2026.01.12 22:10:00,1768255800020,2026.01.12 22:10:00,1768255800029,9,OK,4604.07,4604.27,4604.17,20.0,0.4344,4600.57,4600.77,4600.67,20.0,0.4347,350.0,330.0,7.6018,7.1676,0.4342,4613.45849410,4612.98860535,4611.58079528,4612.17782304
90,XAUUSD,PERIOD_M5,26090401,2026.01.12 22:05:00,1768255500020,2026.01.12 22:05:00,SELL,10,2026.01.12 22:15:00,1768256100020,2026.01.12 22:15:00,1768256100021,1,OK,4604.07,4604.27,4604.17,20.0,0.4344,4603.00,4603.20,4603.10,20.0,0.4345,107.0,87.0,2.3240,1.8896,0.4343,4613.45849410,4612.98860535,4611.58079528,4612.17782304
90,XAUUSD,PERIOD_M5,26090401,2026.01.12 22:05:00,1768255500020,2026.01.12 22:05:00,SELL,15,2026.01.12 22:20:00,1768256400020,2026.01.12 22:20:00,1768256400097,77,OK,4604.07,4604.27,4604.17,20.0,0.4344,4601.69,4601.89,4601.79,20.0,0.4346,238.0,218.0,5.1692,4.7349,0.4343,4613.45849410,4612.98860535,4611.58079528,4612.17782304
89,XAUUSD,PERIOD_M5,26090401,2026.01.12 21:25:00,1768253100024,2026.01.12 21:25:00,BUY,60,2026.01.12 22:25:00,1768256700024,2026.01.12 22:25:00,1768256700100,76,OK,4614.81,4614.99,4614.90,18.0,0.3900,4602.62,4602.79,4602.70,17.0,0.3693,-1219.5,-1237.0,-26.4253,-26.8040,0.3787,4611.16251249,4611.36914466,4611.89200999,4611.68194969
90,XAUUSD,PERIOD_M5,26090401,2026.01.12 22:05:00,1768255500020,2026.01.12 22:05:00,SELL,30,2026.01.12 22:35:00,1768257300020,2026.01.12 22:35:00,1768257300119,99,OK,4604.07,4604.27,4604.17,20.0,0.4344,4602.80,4602.98,4602.89,18.0,0.3911,128.0,109.0,2.7801,2.3675,0.4126,4613.45849410,4612.98860535,4611.58079528,4612.17782304
90,XAUUSD,PERIOD_M5,26090401,2026.01.12 22:05:00,1768255500020,2026.01.12 22:05:00,SELL,60,2026.01.12 23:05:00,1768259100020,2026.01.12 23:05:00,1768259100109,89,OK,4604.07,4604.27,4604.17,20.0,0.4344,4592.22,4592.49,4592.35,27.0,0.5879,1181.5,1158.0,25.6615,25.1517,0.5099,4613.45849410,4612.98860535,4611.58079528,4612.17782304
91,XAUUSD,PERIOD_M5,26090401,2026.01.13 02:20:00,1768270800155,2026.01.13 02:20:00,BUY,1,2026.01.13 02:21:00,1768270860155,2026.01.13 02:21:00,1768270860342,187,OK,4594.64,4594.85,4594.75,21.0,0.4570,4595.14,4595.36,4595.25,22.0,0.4788,50.5,29.0,1.0991,0.6311,0.4679,4592.09522762,4592.23930986,4592.60418209,4592.45755442
91,XAUUSD,PERIOD_M5,26090401,2026.01.13 02:20:00,1768270800155,2026.01.13 02:20:00,BUY,3,2026.01.13 02:23:00,1768270980155,2026.01.13 02:23:00,1768270980277,122,OK,4594.64,4594.85,4594.75,21.0,0.4570,4591.94,4592.16,4592.05,22.0,0.4791,-269.5,-291.0,-5.8654,-6.3332,0.4678,4592.09522762,4592.23930986,4592.60418209,4592.45755442
91,XAUUSD,PERIOD_M5,26090401,2026.01.13 02:20:00,1768270800155,2026.01.13 02:20:00,BUY,5,2026.01.13 02:25:00,1768271100155,2026.01.13 02:25:00,1768271100339,184,OK,4594.64,4594.85,4594.75,21.0,0.4570,4592.56,4592.76,4592.66,20.0,0.4355,-208.5,-229.0,-4.5378,-4.9838,0.4460,4592.09522762,4592.23930986,4592.60418209,4592.45755442
92,XAUUSD,PERIOD_M5,26090401,2026.01.13 02:30:00,1768271400116,2026.01.13 02:30:00,SELL,1,2026.01.13 02:31:00,1768271460116,2026.01.13 02:31:00,1768271460160,44,OK,4588.31,4588.53,4588.42,22.0,0.4795,4589.39,4589.62,4589.51,23.0,0.5011,-108.5,-131.0,-2.3646,-2.8551,0.4904,4592.59934568,4592.46868584,4591.74147654,4592.09062349
92,XAUUSD,PERIOD_M5,26090401,2026.01.13 02:30:00,1768271400116,2026.01.13 02:30:00,SELL,3,2026.01.13 02:33:00,1768271580116,2026.01.13 02:33:00,1768271580202,86,OK,4588.31,4588.53,4588.42,22.0,0.4795,4589.12,4589.34,4589.23,22.0,0.4794,-81.0,-103.0,-1.7653,-2.2448,0.4795,4592.59934568,4592.46868584,4591.74147654,4592.09062349
91,XAUUSD,PERIOD_M5,26090401,2026.01.13 02:20:00,1768270800155,2026.01.13 02:20:00,BUY,10,2026.01.13 02:30:00,1768271400155,2026.01.13 02:30:00,1768271400315,160,OK,4594.64,4594.85,4594.75,21.0,0.4570,4588.31,4588.49,4588.40,18.0,0.3923,-634.5,-654.0,-13.8093,-14.2333,0.4241,4592.09522762,4592.23930986,4592.60418209,4592.45755442
92,XAUUSD,PERIOD_M5,26090401,2026.01.13 02:30:00,1768271400116,2026.01.13 02:30:00,SELL,5,2026.01.13 02:35:00,1768271700116,2026.01.13 02:35:00,1768271700917,801,OK,4588.31,4588.53,4588.42,22.0,0.4795,4588.09,4588.13,4588.11,4.0,0.0872,31.0,18.0,0.6756,0.3923,0.2833,4592.59934568,4592.46868584,4591.74147654,4592.09062349
91,XAUUSD,PERIOD_M5,26090401,2026.01.13 02:20:00,1768270800155,2026.01.13 02:20:00,BUY,15,2026.01.13 02:35:00,1768271700155,2026.01.13 02:35:00,1768271700917,762,OK,4594.64,4594.85,4594.75,21.0,0.4570,4588.09,4588.13,4588.11,4.0,0.0872,-663.5,-676.0,-14.4404,-14.7121,0.2717,4592.09522762,4592.23930986,4592.60418209,4592.45755442
92,XAUUSD,PERIOD_M5,26090401,2026.01.13 02:30:00,1768271400116,2026.01.13 02:30:00,SELL,10,2026.01.13 02:40:00,1768272000116,2026.01.13 02:40:00,1768272000238,122,OK,4588.31,4588.53,4588.42,22.0,0.4795,4585.25,4585.48,4585.36,23.0,0.5016,305.5,283.0,6.6581,6.1678,0.4902,4592.59934568,4592.46868584,4591.74147654,4592.09062349
92,XAUUSD,PERIOD_M5,26090401,2026.01.13 02:30:00,1768271400116,2026.01.13 02:30:00,SELL,15,2026.01.13 02:45:00,1768272300116,2026.01.13 02:45:00,1768272300585,469,OK,4588.31,4588.53,4588.42,22.0,0.4795,4586.30,4586.52,4586.41,22.0,0.4797,201.0,179.0,4.3806,3.9012,0.4794,4592.59934568,4592.46868584,4591.74147654,4592.09062349
91,XAUUSD,PERIOD_M5,26090401,2026.01.13 02:20:00,1768270800155,2026.01.13 02:20:00,BUY,30,2026.01.13 02:50:00,1768272600155,2026.01.13 02:50:00,1768272600320,165,OK,4594.64,4594.85,4594.75,21.0,0.4570,4588.99,4589.21,4589.10,22.0,0.4794,-564.5,-586.0,-12.2858,-12.7534,0.4676,4592.09522762,4592.23930986,4592.60418209,4592.45755442
92,XAUUSD,PERIOD_M5,26090401,2026.01.13 02:30:00,1768271400116,2026.01.13 02:30:00,SELL,30,2026.01.13 03:00:00,1768273200116,2026.01.13 03:00:00,1768273200168,52,OK,4588.31,4588.53,4588.42,22.0,0.4795,4587.46,4587.65,4587.56,19.0,0.4142,86.5,66.0,1.8852,1.4384,0.4467,4592.59934568,4592.46868584,4591.74147654,4592.09062349
91,XAUUSD,PERIOD_M5,26090401,2026.01.13 02:20:00,1768270800155,2026.01.13 02:20:00,BUY,60,2026.01.13 03:20:00,1768274400155,2026.01.13 03:20:00,1768274400195,40,OK,4594.64,4594.85,4594.75,21.0,0.4570,4586.87,4587.07,4586.97,20.0,0.4360,-777.5,-798.0,-16.9215,-17.3673,0.4458,4592.09522762,4592.23930986,4592.60418209,4592.45755442
92,XAUUSD,PERIOD_M5,26090401,2026.01.13 02:30:00,1768271400116,2026.01.13 02:30:00,SELL,60,2026.01.13 03:30:00,1768275000116,2026.01.13 03:30:00,1768275000152,36,OK,4588.31,4588.53,4588.42,22.0,0.4795,4581.87,4582.10,4581.99,23.0,0.5020,643.5,621.0,14.0244,13.5344,0.4900,4592.59934568,4592.46868584,4591.74147654,4592.09062349
93,XAUUSD,PERIOD_M5,26090401,2026.01.13 04:45:00,1768279500029,2026.01.13 04:45:00,BUY,1,2026.01.13 04:46:00,1768279560029,2026.01.13 04:46:00,1768279560047,18,OK,4589.23,4589.45,4589.34,22.0,0.4794,4592.34,4592.46,4592.40,12.0,0.2613,306.0,289.0,6.6676,6.2971,0.3706,4585.76638401,4585.81770767,4586.45910721,4586.12791607
93,XAUUSD,PERIOD_M5,26090401,2026.01.13 04:45:00,1768279500029,2026.01.13 04:45:00,BUY,3,2026.01.13 04:48:00,1768279680029,2026.01.13 04:48:00,1768279680082,53,OK,4589.23,4589.45,4589.34,22.0,0.4794,4592.93,4593.13,4593.03,20.0,0.4354,369.0,348.0,8.0404,7.5826,0.4578,4585.76638401,4585.81770767,4586.45910721,4586.12791607
93,XAUUSD,PERIOD_M5,26090401,2026.01.13 04:45:00,1768279500029,2026.01.13 04:45:00,BUY,5,2026.01.13 04:50:00,1768279800029,2026.01.13 04:50:00,1768279800033,4,OK,4589.23,4589.45,4589.34,22.0,0.4794,4592.07,4592.29,4592.18,22.0,0.4791,284.0,262.0,6.1883,5.7087,0.4795,4585.76638401,4585.81770767,4586.45910721,4586.12791607
93,XAUUSD,PERIOD_M5,26090401,2026.01.13 04:45:00,1768279500029,2026.01.13 04:45:00,BUY,10,2026.01.13 04:55:00,1768280100029,2026.01.13 04:55:00,1768280100259,230,OK,4589.23,4589.45,4589.34,22.0,0.4794,4593.40,4593.62,4593.51,22.0,0.4789,417.0,395.0,9.0863,8.6067,0.4796,4585.76638401,4585.81770767,4586.45910721,4586.12791607
93,XAUUSD,PERIOD_M5,26090401,2026.01.13 04:45:00,1768279500029,2026.01.13 04:45:00,BUY,15,2026.01.13 05:00:00,1768280400029,2026.01.13 05:00:00,1768280400069,40,OK,4589.23,4589.45,4589.34,22.0,0.4794,4594.13,4594.33,4594.23,20.0,0.4353,489.0,468.0,10.6551,10.1973,0.4578,4585.76638401,4585.81770767,4586.45910721,4586.12791607
93,XAUUSD,PERIOD_M5,26090401,2026.01.13 04:45:00,1768279500029,2026.01.13 04:45:00,BUY,30,2026.01.13 05:15:00,1768281300029,2026.01.13 05:15:00,1768281300328,299,OK,4589.23,4589.45,4589.34,22.0,0.4794,4597.88,4598.09,4597.99,21.0,0.4567,864.5,843.0,18.8371,18.3682,0.4689,4585.76638401,4585.81770767,4586.45910721,4586.12791607
93,XAUUSD,PERIOD_M5,26090401,2026.01.13 04:45:00,1768279500029,2026.01.13 04:45:00,BUY,60,2026.01.13 05:45:00,1768283100029,2026.01.13 05:45:00,1768283100055,26,OK,4589.23,4589.45,4589.34,22.0,0.4794,4593.98,4594.16,4594.07,18.0,0.3918,473.0,453.0,10.3065,9.8705,0.4360,4585.76638401,4585.81770767,4586.45910721,4586.12791607
94,XAUUSD,PERIOD_M5,26090401,2026.01.13 07:40:00,1768290000012,2026.01.13 07:40:00,SELL,1,2026.01.13 07:41:00,1768290060012,2026.01.13 07:41:00,1768290060107,95,OK,4590.72,4590.85,4590.78,13.0,0.2832,4590.63,4590.74,4590.68,11.0,0.2396,10.0,-2.0,0.2178,-0.0436,0.2614,4596.09673950,4595.86389935,4595.02139160,4595.39627213
94,XAUUSD,PERIOD_M5,26090401,2026.01.13 07:40:00,1768290000012,2026.01.13 07:40:00,SELL,3,2026.01.13 07:43:00,1768290180012,2026.01.13 07:43:00,1768290180127,115,OK,4590.72,4590.85,4590.78,13.0,0.2832,4594.30,4594.50,4594.40,20.0,0.4353,-361.5,-378.0,-7.8745,-8.2340,0.3595,4596.09673950,4595.86389935,4595.02139160,4595.39627213
94,XAUUSD,PERIOD_M5,26090401,2026.01.13 07:40:00,1768290000012,2026.01.13 07:40:00,SELL,5,2026.01.13 07:45:00,1768290300012,2026.01.13 07:45:00,1768290300032,20,OK,4590.72,4590.85,4590.78,13.0,0.2832,4594.30,4594.36,4594.33,6.0,0.1306,-354.5,-364.0,-7.7220,-7.9290,0.2070,4596.09673950,4595.86389935,4595.02139160,4595.39627213
94,XAUUSD,PERIOD_M5,26090401,2026.01.13 07:40:00,1768290000012,2026.01.13 07:40:00,SELL,10,2026.01.13 07:50:00,1768290600012,2026.01.13 07:50:00,1768290600068,56,OK,4590.72,4590.85,4590.78,13.0,0.2832,4593.14,4593.34,4593.24,20.0,0.4354,-245.5,-262.0,-5.3477,-5.7072,0.3595,4596.09673950,4595.86389935,4595.02139160,4595.39627213
94,XAUUSD,PERIOD_M5,26090401,2026.01.13 07:40:00,1768290000012,2026.01.13 07:40:00,SELL,15,2026.01.13 07:55:00,1768290900012,2026.01.13 07:55:00,1768290900031,19,OK,4590.72,4590.85,4590.78,13.0,0.2832,4593.33,4593.49,4593.41,16.0,0.3483,-262.5,-277.0,-5.7180,-6.0339,0.3159,4596.09673950,4595.86389935,4595.02139160,4595.39627213
94,XAUUSD,PERIOD_M5,26090401,2026.01.13 07:40:00,1768290000012,2026.01.13 07:40:00,SELL,30,2026.01.13 08:10:00,1768291800012,2026.01.13 08:10:00,1768291800028,16,OK,4590.72,4590.85,4590.78,13.0,0.2832,4588.90,4589.06,4588.98,16.0,0.3487,180.5,166.0,3.9318,3.6160,0.3158,4596.09673950,4595.86389935,4595.02139160,4595.39627213
94,XAUUSD,PERIOD_M5,26090401,2026.01.13 07:40:00,1768290000012,2026.01.13 07:40:00,SELL,60,2026.01.13 08:40:00,1768293600012,2026.01.13 08:40:00,1768293600035,23,OK,4590.72,4590.85,4590.78,13.0,0.2832,4577.85,4578.03,4577.94,18.0,0.3932,1284.5,1269.0,27.9800,27.6427,0.3372,4596.09673950,4595.86389935,4595.02139160,4595.39627213
95,XAUUSD,PERIOD_M5,26090401,2026.01.13 10:20:00,1768299600015,2026.01.13 10:20:00,BUY,1,2026.01.13 10:21:00,1768299660015,2026.01.13 10:21:00,1768299660133,118,OK,4587.23,4587.39,4587.31,16.0,0.3488,4589.59,4589.76,4589.68,17.0,0.3704,236.5,220.0,5.1555,4.7958,0.3598,4583.95637077,4584.13614805,4584.61109661,4584.41740732
95,XAUUSD,PERIOD_M5,26090401,2026.01.13 10:20:00,1768299600015,2026.01.13 10:20:00,BUY,3,2026.01.13 10:23:00,1768299780015,2026.01.13 10:23:00,1768299780016,1,OK,4587.23,4587.39,4587.31,16.0,0.3488,4587.25,4587.44,4587.34,19.0,0.4142,3.5,-14.0,0.0763,-0.3052,0.3815,4583.95637077,4584.13614805,4584.61109661,4584.41740732
95,XAUUSD,PERIOD_M5,26090401,2026.01.13 10:20:00,1768299600015,2026.01.13 10:20:00,BUY,5,2026.01.13 10:25:00,1768299900015,2026.01.13 10:25:00,1768299900046,31,OK,4587.23,4587.39,4587.31,16.0,0.3488,4589.34,4589.43,4589.39,9.0,0.1961,207.5,195.0,4.5233,4.2508,0.2726,4583.95637077,4584.13614805,4584.61109661,4584.41740732
95,XAUUSD,PERIOD_M5,26090401,2026.01.13 10:20:00,1768299600015,2026.01.13 10:20:00,BUY,10,2026.01.13 10:30:00,1768300200015,2026.01.13 10:30:00,1768300200017,2,OK,4587.23,4587.39,4587.31,16.0,0.3488,4589.91,4590.10,4590.01,19.0,0.4139,269.5,252.0,5.8749,5.4933,0.3816,4583.95637077,4584.13614805,4584.61109661,4584.41740732
95,XAUUSD,PERIOD_M5,26090401,2026.01.13 10:20:00,1768299600015,2026.01.13 10:20:00,BUY,15,2026.01.13 10:35:00,1768300500015,2026.01.13 10:35:00,1768300500222,207,OK,4587.23,4587.39,4587.31,16.0,0.3488,4593.71,4593.90,4593.81,19.0,0.4136,649.5,632.0,14.1586,13.7769,0.3817,4583.95637077,4584.13614805,4584.61109661,4584.41740732
95,XAUUSD,PERIOD_M5,26090401,2026.01.13 10:20:00,1768299600015,2026.01.13 10:20:00,BUY,30,2026.01.13 10:50:00,1768301400015,2026.01.13 10:50:00,1768301400058,43,OK,4587.23,4587.39,4587.31,16.0,0.3488,4593.81,4593.97,4593.89,16.0,0.3483,658.0,642.0,14.3439,13.9949,0.3490,4583.95637077,4584.13614805,4584.61109661,4584.41740732
95,XAUUSD,PERIOD_M5,26090401,2026.01.13 10:20:00,1768299600015,2026.01.13 10:20:00,BUY,60,2026.01.13 11:20:00,1768303200015,2026.01.13 11:20:00,1768303200071,56,OK,4587.23,4587.39,4587.31,16.0,0.3488,4592.67,4592.85,4592.76,18.0,0.3919,545.0,528.0,11.8806,11.5098,0.3708,4583.95637077,4584.13614805,4584.61109661,4584.41740732
96,XAUUSD,PERIOD_M5,26090401,2026.01.13 11:55:00,1768305300296,2026.01.13 11:55:00,SELL,1,2026.01.13 11:56:00,1768305360296,2026.01.13 11:56:00,1768305360346,50,OK,4585.97,4586.10,4586.03,13.0,0.2835,4586.32,4586.51,4586.41,19.0,0.4143,-38.0,-54.0,-0.8286,-1.1775,0.3489,4590.31682425,4589.98154890,4589.44745940,4589.61686264
96,XAUUSD,PERIOD_M5,26090401,2026.01.13 11:55:00,1768305300296,2026.01.13 11:55:00,SELL,3,2026.01.13 11:58:00,1768305480296,2026.01.13 11:58:00,1768305480390,94,OK,4585.97,4586.10,4586.03,13.0,0.2835,4585.99,4586.18,4586.09,19.0,0.4143,-5.0,-21.0,-0.1090,-0.4579,0.3489,4590.31682425,4589.98154890,4589.44745940,4589.61686264
96,XAUUSD,PERIOD_M5,26090401,2026.01.13 11:55:00,1768305300296,2026.01.13 11:55:00,SELL,5,2026.01.13 12:00:00,1768305600296,2026.01.13 12:00:00,1768305600357,61,OK,4585.97,4586.10,4586.03,13.0,0.2835,4586.13,4586.29,4586.21,16.0,0.3489,-17.5,-32.0,-0.3816,-0.6978,0.3162,4590.31682425,4589.98154890,4589.44745940,4589.61686264
96,XAUUSD,PERIOD_M5,26090401,2026.01.13 11:55:00,1768305300296,2026.01.13 11:55:00,SELL,10,2026.01.13 12:05:00,1768305900296,2026.01.13 12:05:00,1768305900381,85,OK,4585.97,4586.10,4586.03,13.0,0.2835,4582.91,4583.10,4583.01,19.0,0.4146,303.0,287.0,6.6070,6.2582,0.3488,4590.31682425,4589.98154890,4589.44745940,4589.61686264
96,XAUUSD,PERIOD_M5,26090401,2026.01.13 11:55:00,1768305300296,2026.01.13 11:55:00,SELL,15,2026.01.13 12:10:00,1768306200296,2026.01.13 12:10:01,1768306201047,751,OK,4585.97,4586.10,4586.03,13.0,0.2835,4583.61,4583.79,4583.70,18.0,0.3927,233.5,218.0,5.0915,4.7536,0.3379,4590.31682425,4589.98154890,4589.44745940,4589.61686264
96,XAUUSD,PERIOD_M5,26090401,2026.01.13 11:55:00,1768305300296,2026.01.13 11:55:00,SELL,30,2026.01.13 12:25:00,1768307100296,2026.01.13 12:25:01,1768307101207,911,OK,4585.97,4586.10,4586.03,13.0,0.2835,4583.90,4584.03,4583.97,13.0,0.2836,207.0,194.0,4.5137,4.2303,0.2834,4590.31682425,4589.98154890,4589.44745940,4589.61686264
96,XAUUSD,PERIOD_M5,26090401,2026.01.13 11:55:00,1768305300296,2026.01.13 11:55:00,SELL,60,2026.01.13 12:55:00,1768308900296,2026.01.13 12:55:00,1768308900309,13,OK,4585.97,4586.10,4586.03,13.0,0.2835,4585.95,4586.13,4586.04,18.0,0.3925,-0.5,-16.0,-0.0109,-0.3489,0.3380,4590.31682425,4589.98154890,4589.44745940,4589.61686264
97,XAUUSD,PERIOD_M5,26090401,2026.01.13 13:45:00,1768311900009,2026.01.13 13:45:00,BUY,1,2026.01.13 13:46:00,1768311960009,2026.01.13 13:46:00,1768311960084,75,OK,4589.78,4589.94,4589.86,16.0,0.3486,4590.21,4590.35,4590.28,14.0,0.3050,42.0,27.0,0.9151,0.5882,0.3268,4585.91511990,4586.10953831,4586.68809592,4586.44321665
97,XAUUSD,PERIOD_M5,26090401,2026.01.13 13:45:00,1768311900009,2026.01.13 13:45:00,BUY,3,2026.01.13 13:48:00,1768312080009,2026.01.13 13:48:00,1768312080015,6,OK,4589.78,4589.94,4589.86,16.0,0.3486,4587.53,4587.70,4587.61,17.0,0.3706,-224.5,-241.0,-4.8912,-5.2506,0.3594,4585.91511990,4586.10953831,4586.68809592,4586.44321665
97,XAUUSD,PERIOD_M5,26090401,2026.01.13 13:45:00,1768311900009,2026.01.13 13:45:00,BUY,5,2026.01.13 13:50:00,1768312200009,2026.01.13 13:50:00,1768312200021,12,OK,4589.78,4589.94,4589.86,16.0,0.3486,4588.49,4588.68,4588.59,19.0,0.4141,-127.5,-145.0,-2.7779,-3.1591,0.3812,4585.91511990,4586.10953831,4586.68809592,4586.44321665
97,XAUUSD,PERIOD_M5,26090401,2026.01.13 13:45:00,1768311900009,2026.01.13 13:45:00,BUY,10,2026.01.13 13:55:00,1768312500009,2026.01.13 13:55:00,1768312500029,20,OK,4589.78,4589.94,4589.86,16.0,0.3486,4586.74,4586.87,4586.81,13.0,0.2834,-305.5,-320.0,-6.6560,-6.9718,0.3158,4585.91511990,4586.10953831,4586.68809592,4586.44321665
97,XAUUSD,PERIOD_M5,26090401,2026.01.13 13:45:00,1768311900009,2026.01.13 13:45:00,BUY,15,2026.01.13 14:00:00,1768312800009,2026.01.13 14:00:00,1768312800159,150,OK,4589.78,4589.94,4589.86,16.0,0.3486,4588.53,4588.72,4588.63,19.0,0.4141,-123.5,-141.0,-2.6907,-3.0719,0.3812,4585.91511990,4586.10953831,4586.68809592,4586.44321665
98,XAUUSD,PERIOD_M5,26090401,2026.01.13 14:15:00,1768313700469,2026.01.13 14:15:00,SELL,1,2026.01.13 14:16:00,1768313760469,2026.01.13 14:16:00,1768313760486,17,OK,4583.58,4583.72,4583.65,14.0,0.3054,4583.64,4583.83,4583.74,19.0,0.4145,-8.5,-25.0,-0.1854,-0.5454,0.3600,4587.10025607,4586.81397641,4586.39620486,4586.51997856
98,XAUUSD,PERIOD_M5,26090401,2026.01.13 14:15:00,1768313700469,2026.01.13 14:15:00,SELL,3,2026.01.13 14:18:00,1768313880469,2026.01.13 14:18:01,1768313881717,1248,OK,4583.58,4583.72,4583.65,14.0,0.3054,4584.42,4584.58,4584.50,16.0,0.3490,-85.0,-100.0,-1.8544,-2.1817,0.3273,4587.10025607,4586.81397641,4586.39620486,4586.51997856
97,XAUUSD,PERIOD_M5,26090401,2026.01.13 13:45:00,1768311900009,2026.01.13 13:45:00,BUY,30,2026.01.13 14:15:00,1768313700009,2026.01.13 14:15:00,1768313700469,460,OK,4589.78,4589.94,4589.86,16.0,0.3486,4583.58,4583.72,4583.65,14.0,0.3054,-621.0,-636.0,-13.5298,-13.8564,0.3266,4585.91511990,4586.10953831,4586.68809592,4586.44321665
98,XAUUSD,PERIOD_M5,26090401,2026.01.13 14:15:00,1768313700469,2026.01.13 14:15:00,SELL,5,2026.01.13 14:20:00,1768314000469,2026.01.13 14:20:00,1768314000754,285,OK,4583.58,4583.72,4583.65,14.0,0.3054,4583.70,4583.88,4583.79,18.0,0.3927,-14.0,-30.0,-0.3054,-0.6545,0.3491,4587.10025607,4586.81397641,4586.39620486,4586.51997856
98,XAUUSD,PERIOD_M5,26090401,2026.01.13 14:15:00,1768313700469,2026.01.13 14:15:00,SELL,10,2026.01.13 14:25:00,1768314300469,2026.01.13 14:25:00,1768314300502,33,OK,4583.58,4583.72,4583.65,14.0,0.3054,4579.73,4579.86,4579.80,13.0,0.2839,385.5,372.0,8.4103,8.1159,0.2944,4587.10025607,4586.81397641,4586.39620486,4586.51997856
98,XAUUSD,PERIOD_M5,26090401,2026.01.13 14:15:00,1768313700469,2026.01.13 14:15:00,SELL,15,2026.01.13 14:30:00,1768314600469,2026.01.13 14:30:00,1768314600684,215,OK,4583.58,4583.72,4583.65,14.0,0.3054,4580.54,4580.72,4580.63,18.0,0.3930,302.0,286.0,6.5886,6.2397,0.3490,4587.10025607,4586.81397641,4586.39620486,4586.51997856
98,XAUUSD,PERIOD_M5,26090401,2026.01.13 14:15:00,1768313700469,2026.01.13 14:15:00,SELL,30,2026.01.13 14:45:00,1768315500469,2026.01.13 14:45:00,1768315500502,33,OK,4583.58,4583.72,4583.65,14.0,0.3054,4585.60,4585.79,4585.69,19.0,0.4143,-204.5,-221.0,-4.4615,-4.8216,0.3600,4587.10025607,4586.81397641,4586.39620486,4586.51997856
97,XAUUSD,PERIOD_M5,26090401,2026.01.13 13:45:00,1768311900009,2026.01.13 13:45:00,BUY,60,2026.01.13 14:45:00,1768315500009,2026.01.13 14:45:00,1768315500053,44,OK,4589.78,4589.94,4589.86,16.0,0.3486,4585.80,4585.99,4585.90,19.0,0.4143,-396.5,-414.0,-8.6386,-9.0197,0.3811,4585.91511990,4586.10953831,4586.68809592,4586.44321665
99,XAUUSD,PERIOD_M5,26090401,2026.01.13 14:55:00,1768316100053,2026.01.13 14:55:00,BUY,1,2026.01.13 14:56:00,1768316160053,2026.01.13 14:56:00,1768316160074,21,OK,4591.16,4591.32,4591.24,16.0,0.3485,4592.05,4592.19,4592.12,14.0,0.3049,88.0,73.0,1.9167,1.5900,0.3267,4584.99821965,4585.24829889,4586.23057572,4585.78572626
99,XAUUSD,PERIOD_M5,26090401,2026.01.13 14:55:00,1768316100053,2026.01.13 14:55:00,BUY,3,2026.01.13 14:58:00,1768316280053,2026.01.13 14:58:00,1768316280054,1,OK,4591.16,4591.32,4591.24,16.0,0.3485,4591.66,4591.83,4591.74,17.0,0.3702,50.5,34.0,1.0999,0.7405,0.3594,4584.99821965,4585.24829889,4586.23057572,4585.78572626
99,XAUUSD,PERIOD_M5,26090401,2026.01.13 14:55:00,1768316100053,2026.01.13 14:55:00,BUY,5,2026.01.13 15:00:00,1768316400053,2026.01.13 15:00:00,1768316400056,3,OK,4591.16,4591.32,4591.24,16.0,0.3485,4593.22,4593.40,4593.31,18.0,0.3919,207.0,190.0,4.5086,4.1382,0.3703,4584.99821965,4585.24829889,4586.23057572,4585.78572626
99,XAUUSD,PERIOD_M5,26090401,2026.01.13 14:55:00,1768316100053,2026.01.13 14:55:00,BUY,10,2026.01.13 15:05:00,1768316700053,2026.01.13 15:05:00,1768316700072,19,OK,4591.16,4591.32,4591.24,16.0,0.3485,4594.19,4594.35,4594.27,16.0,0.3483,303.0,287.0,6.5995,6.2509,0.3486,4584.99821965,4585.24829889,4586.23057572,4585.78572626
99,XAUUSD,PERIOD_M5,26090401,2026.01.13 14:55:00,1768316100053,2026.01.13 14:55:00,BUY,15,2026.01.13 15:10:00,1768317000053,2026.01.13 15:10:00,1768317000062,9,OK,4591.16,4591.32,4591.24,16.0,0.3485,4598.66,4598.80,4598.73,14.0,0.3044,749.0,734.0,16.3137,15.9867,0.3270,4584.99821965,4585.24829889,4586.23057572,4585.78572626
98,XAUUSD,PERIOD_M5,26090401,2026.01.13 14:15:00,1768313700469,2026.01.13 14:15:00,SELL,60,2026.01.13 15:15:00,1768317300469,2026.01.13 15:15:00,1768317300499,30,OK,4583.58,4583.72,4583.65,14.0,0.3054,4602.92,4603.05,4602.99,13.0,0.2824,-1933.5,-1947.0,-42.1825,-42.4777,0.2952,4587.10025607,4586.81397641,4586.39620486,4586.51997856
99,XAUUSD,PERIOD_M5,26090401,2026.01.13 14:55:00,1768316100053,2026.01.13 14:55:00,BUY,30,2026.01.13 15:25:00,1768317900053,2026.01.13 15:25:00,1768317900063,10,OK,4591.16,4591.32,4591.24,16.0,0.3485,4605.44,4605.59,4605.51,15.0,0.3257,1427.5,1412.0,31.0918,30.7537,0.3381,4584.99821965,4585.24829889,4586.23057572,4585.78572626
99,XAUUSD,PERIOD_M5,26090401,2026.01.13 14:55:00,1768316100053,2026.01.13 14:55:00,BUY,60,2026.01.13 15:55:00,1768319700053,2026.01.13 15:55:00,1768319700068,15,OK,4591.16,4591.32,4591.24,16.0,0.3485,4613.33,4613.48,4613.40,15.0,0.3251,2216.5,2201.0,48.2767,47.9383,0.3384,4584.99821965,4585.24829889,4586.23057572,4585.78572626
100,XAUUSD,PERIOD_M5,26090401,2026.01.13 17:35:00,1768325700006,2026.01.13 17:35:00,SELL,1,2026.01.13 17:36:00,1768325760006,2026.01.13 17:36:00,1768325760055,49,OK,4612.46,4612.64,4612.55,18.0,0.3902,4610.87,4611.05,4610.96,18.0,0.3904,159.0,141.0,3.4471,3.0569,0.3902,4614.44229915,4614.35045418,4614.04583932,4614.17859471
100,XAUUSD,PERIOD_M5,26090401,2026.01.13 17:35:00,1768325700006,2026.01.13 17:35:00,SELL,3,2026.01.13 17:38:00,1768325880006,2026.01.13 17:38:00,1768325880034,28,OK,4612.46,4612.64,4612.55,18.0,0.3902,4607.23,4607.30,4607.26,7.0,0.1519,528.5,516.0,11.4579,11.1871,0.2708,4614.44229915,4614.35045418,4614.04583932,4614.17859471
100,XAUUSD,PERIOD_M5,26090401,2026.01.13 17:35:00,1768325700006,2026.01.13 17:35:00,SELL,5,2026.01.13 17:40:00,1768326000006,2026.01.13 17:40:00,1768326000015,9,OK,4612.46,4612.64,4612.55,18.0,0.3902,4609.30,4609.46,4609.38,16.0,0.3471,317.0,300.0,6.8726,6.5041,0.3684,4614.44229915,4614.35045418,4614.04583932,4614.17859471
100,XAUUSD,PERIOD_M5,26090401,2026.01.13 17:35:00,1768325700006,2026.01.13 17:35:00,SELL,10,2026.01.13 17:45:00,1768326300006,2026.01.13 17:45:00,1768326300012,6,OK,4612.46,4612.64,4612.55,18.0,0.3902,4614.81,4614.99,4614.90,18.0,0.3900,-235.0,-253.0,-5.0948,-5.4851,0.3903,4614.44229915,4614.35045418,4614.04583932,4614.17859471
100,XAUUSD,PERIOD_M5,26090401,2026.01.13 17:35:00,1768325700006,2026.01.13 17:35:00,SELL,15,2026.01.13 17:50:00,1768326600006,2026.01.13 17:50:00,1768326600041,35,OK,4612.46,4612.64,4612.55,18.0,0.3902,4615.44,4615.59,4615.51,15.0,0.3250,-296.5,-313.0,-6.4281,-6.7860,0.3579,4614.44229915,4614.35045418,4614.04583932,4614.17859471
101,XAUUSD,PERIOD_M5,26090401,2026.01.13 17:55:00,1768326900002,2026.01.13 17:55:00,BUY,1,2026.01.13 17:56:00,1768326960002,2026.01.13 17:56:00,1768326960037,35,OK,4615.67,4615.86,4615.76,19.0,0.4116,4614.86,4615.03,4614.94,17.0,0.3684,-82.0,-100.0,-1.7765,-2.1664,0.3899,4613.83946973,4613.97891413,4614.20957579,4614.13446739
101,XAUUSD,PERIOD_M5,26090401,2026.01.13 17:55:00,1768326900002,2026.01.13 17:55:00,BUY,3,2026.01.13 17:58:00,1768327080002,2026.01.13 17:58:00,1768327080050,48,OK,4615.67,4615.86,4615.76,19.0,0.4116,4618.53,4618.64,4618.59,11.0,0.2382,282.0,267.0,6.1095,5.7844,0.3251,4613.83946973,4613.97891413,4614.20957579,4614.13446739
101,XAUUSD,PERIOD_M5,26090401,2026.01.13 17:55:00,1768326900002,2026.01.13 17:55:00,BUY,5,2026.01.13 18:00:00,1768327200002,2026.01.13 18:00:00,1768327200032,30,OK,4615.67,4615.86,4615.76,19.0,0.4116,4619.08,4619.23,4619.15,15.0,0.3247,339.0,322.0,7.3444,6.9759,0.3684,4613.83946973,4613.97891413,4614.20957579,4614.13446739
101,XAUUSD,PERIOD_M5,26090401,2026.01.13 17:55:00,1768326900002,2026.01.13 17:55:00,BUY,10,2026.01.13 18:05:00,1768327500002,2026.01.13 18:05:00,1768327500017,15,OK,4615.67,4615.86,4615.76,19.0,0.4116,4612.61,4612.80,4612.70,19.0,0.4119,-306.0,-325.0,-6.6295,-7.0409,0.4115,4613.83946973,4613.97891413,4614.20957579,4614.13446739
100,XAUUSD,PERIOD_M5,26090401,2026.01.13 17:35:00,1768325700006,2026.01.13 17:35:00,SELL,30,2026.01.13 18:05:00,1768327500006,2026.01.13 18:05:00,1768327500017,11,OK,4612.46,4612.64,4612.55,18.0,0.3902,4612.61,4612.80,4612.70,19.0,0.4119,-15.5,-34.0,-0.3360,-0.7371,0.4011,4614.44229915,4614.35045418,4614.04583932,4614.17859471
102,XAUUSD,PERIOD_M5,26090401,2026.01.13 18:10:00,1768327800036,2026.01.13 18:10:00,SELL,1,2026.01.13 18:11:00,1768327860036,2026.01.13 18:11:00,1768327860085,49,OK,4607.51,4607.69,4607.60,18.0,0.3907,4608.41,4608.55,4608.48,14.0,0.3038,-88.0,-104.0,-1.9099,-2.2572,0.3473,4614.67012850,4614.40534495,4613.23810280,4613.77849541
102,XAUUSD,PERIOD_M5,26090401,2026.01.13 18:10:00,1768327800036,2026.01.13 18:10:00,SELL,3,2026.01.13 18:13:00,1768327980036,2026.01.13 18:13:00,1768327980109,73,OK,4607.51,4607.69,4607.60,18.0,0.3907,4613.08,4613.24,4613.16,16.0,0.3468,-556.0,-573.0,-12.0670,-12.4362,0.3692,4614.67012850,4614.40534495,4613.23810280,4613.77849541
101,XAUUSD,PERIOD_M5,26090401,2026.01.13 17:55:00,1768326900002,2026.01.13 17:55:00,BUY,15,2026.01.13 18:10:00,1768327800002,2026.01.13 18:10:00,1768327800036,34,OK,4615.67,4615.86,4615.76,19.0,0.4116,4607.51,4607.69,4607.60,18.0,0.3907,-816.5,-835.0,-17.6894,-18.0898,0.4004,4613.83946973,4613.97891413,4614.20957579,4614.13446739
102,XAUUSD,PERIOD_M5,26090401,2026.01.13 18:10:00,1768327800036,2026.01.13 18:10:00,SELL,5,2026.01.13 18:15:00,1768328100036,2026.01.13 18:15:00,1768328100036,0,OK,4607.51,4607.69,4607.60,18.0,0.3907,4612.45,4612.61,4612.53,16.0,0.3469,-493.0,-510.0,-10.6997,-11.0689,0.3692,4614.67012850,4614.40534495,4613.23810280,4613.77849541
102,XAUUSD,PERIOD_M5,26090401,2026.01.13 18:10:00,1768327800036,2026.01.13 18:10:00,SELL,10,2026.01.13 18:20:00,1768328400036,2026.01.13 18:20:00,1768328400039,3,OK,4607.51,4607.69,4607.60,18.0,0.3907,4609.63,4609.81,4609.72,18.0,0.3905,-212.0,-230.0,-4.6011,-4.9919,0.3908,4614.67012850,4614.40534495,4613.23810280,4613.77849541
102,XAUUSD,PERIOD_M5,26090401,2026.01.13 18:10:00,1768327800036,2026.01.13 18:10:00,SELL,15,2026.01.13 18:25:00,1768328700036,2026.01.13 18:25:00,1768328700225,189,OK,4607.51,4607.69,4607.60,18.0,0.3907,4606.06,4606.20,4606.13,14.0,0.3039,147.0,131.0,3.1904,2.8432,0.3472,4614.67012850,4614.40534495,4613.23810280,4613.77849541
101,XAUUSD,PERIOD_M5,26090401,2026.01.13 17:55:00,1768326900002,2026.01.13 17:55:00,BUY,30,2026.01.13 18:25:00,1768328700002,2026.01.13 18:25:00,1768328700026,24,OK,4615.67,4615.86,4615.76,19.0,0.4116,4606.05,4606.22,4606.14,17.0,0.3691,-963.0,-981.0,-20.8633,-21.2528,0.3895,4613.83946973,4613.97891413,4614.20957579,4614.13446739
100,XAUUSD,PERIOD_M5,26090401,2026.01.13 17:35:00,1768325700006,2026.01.13 17:35:00,SELL,60,2026.01.13 18:35:00,1768329300006,2026.01.13 18:35:00,1768329300033,27,OK,4612.46,4612.64,4612.55,18.0,0.3902,4605.68,4605.84,4605.76,16.0,0.3474,679.0,662.0,14.7207,14.3524,0.3683,4614.44229915,4614.35045418,4614.04583932,4614.17859471
102,XAUUSD,PERIOD_M5,26090401,2026.01.13 18:10:00,1768327800036,2026.01.13 18:10:00,SELL,30,2026.01.13 18:40:00,1768329600036,2026.01.13 18:40:00,1768329600036,0,OK,4607.51,4607.69,4607.60,18.0,0.3907,4607.51,4607.70,4607.60,19.0,0.4124,-0.5,-19.0,-0.0109,-0.4124,0.4015,4614.67012850,4614.40534495,4613.23810280,4613.77849541
101,XAUUSD,PERIOD_M5,26090401,2026.01.13 17:55:00,1768326900002,2026.01.13 17:55:00,BUY,60,2026.01.13 18:55:00,1768330500002,2026.01.13 18:55:00,1768330500006,4,OK,4615.67,4615.86,4615.76,19.0,0.4116,4612.74,4612.93,4612.84,19.0,0.4119,-293.0,-312.0,-6.3478,-6.7593,0.4115,4613.83946973,4613.97891413,4614.20957579,4614.13446739
102,XAUUSD,PERIOD_M5,26090401,2026.01.13 18:10:00,1768327800036,2026.01.13 18:10:00,SELL,60,2026.01.13 19:10:00,1768331400036,2026.01.13 19:10:00,1768331400049,13,OK,4607.51,4607.69,4607.60,18.0,0.3907,4611.42,4611.60,4611.51,18.0,0.3903,-391.0,-409.0,-8.4860,-8.8768,0.3908,4614.67012850,4614.40534495,4613.23810280,4613.77849541
103,XAUUSD,PERIOD_M5,26090401,2026.01.14 01:10:00,1768353000134,2026.01.14 01:10:00,BUY,1,2026.01.14 01:11:00,1768353060134,2026.01.14 01:11:00,1768353060393,259,OK,4592.98,4593.17,4593.07,19.0,0.4137,4594.03,4594.26,4594.15,23.0,0.5006,107.0,86.0,2.3296,1.8723,0.4572,4587.98379572,4588.17082626,4588.98903657,4588.61075114
103,XAUUSD,PERIOD_M5,26090401,2026.01.14 01:10:00,1768353000134,2026.01.14 01:10:00,BUY,3,2026.01.14 01:13:00,1768353180134,2026.01.14 01:13:03,1768353183348,3214,OK,4592.98,4593.17,4593.07,19.0,0.4137,4594.02,4594.20,4594.11,18.0,0.3918,103.5,85.0,2.2534,1.8506,0.4028,4587.98379572,4588.17082626,4588.98903657,4588.61075114
103,XAUUSD,PERIOD_M5,26090401,2026.01.14 01:10:00,1768353000134,2026.01.14 01:10:00,BUY,5,2026.01.14 01:15:00,1768353300134,2026.01.14 01:15:00,1768353300276,142,OK,4592.98,4593.17,4593.07,19.0,0.4137,4595.93,4596.16,4596.05,23.0,0.5004,297.0,276.0,6.4663,6.0089,0.4573,4587.98379572,4588.17082626,4588.98903657,4588.61075114
103,XAUUSD,PERIOD_M5,26090401,2026.01.14 01:10:00,1768353000134,2026.01.14 01:10:00,BUY,10,2026.01.14 01:20:00,1768353600134,2026.01.14 01:20:00,1768353600511,377,OK,4592.98,4593.17,4593.07,19.0,0.4137,4594.89,4595.12,4595.01,23.0,0.5005,193.0,172.0,4.2020,3.7447,0.4573,4587.98379572,4588.17082626,4588.98903657,4588.61075114
103,XAUUSD,PERIOD_M5,26090401,2026.01.14 01:10:00,1768353000134,2026.01.14 01:10:00,BUY,15,2026.01.14 01:25:00,1768353900134,2026.01.14 01:25:00,1768353900193,59,OK,4592.98,4593.17,4593.07,19.0,0.4137,4596.34,4596.57,4596.45,23.0,0.5004,338.0,317.0,7.3589,6.9016,0.4574,4587.98379572,4588.17082626,4588.98903657,4588.61075114
103,XAUUSD,PERIOD_M5,26090401,2026.01.14 01:10:00,1768353000134,2026.01.14 01:10:00,BUY,30,2026.01.14 01:40:00,1768354800134,2026.01.14 01:40:00,1768354800207,73,OK,4592.98,4593.17,4593.07,19.0,0.4137,4596.73,4596.96,4596.84,23.0,0.5003,377.0,356.0,8.2080,7.7506,0.4574,4587.98379572,4588.17082626,4588.98903657,4588.61075114
103,XAUUSD,PERIOD_M5,26090401,2026.01.14 01:10:00,1768353000134,2026.01.14 01:10:00,BUY,60,2026.01.14 02:10:00,1768356600134,2026.01.14 02:10:00,1768356600175,41,OK,4592.98,4593.17,4593.07,19.0,0.4137,4606.72,4606.94,4606.83,22.0,0.4776,1375.5,1355.0,29.9473,29.5003,0.4469,4587.98379572,4588.17082626,4588.98903657,4588.61075114
104,XAUUSD,PERIOD_M5,26090401,2026.01.14 08:10:00,1768378200056,2026.01.14 08:10:00,SELL,1,2026.01.14 08:11:00,1768378260056,2026.01.14 08:11:00,1768378260124,68,OK,4626.02,4626.22,4626.12,20.0,0.4323,4626.58,4626.78,4626.68,20.0,0.4323,-56.0,-76.0,-1.2105,-1.6429,0.4324,4631.17674271,4630.91682949,4630.14539417,4630.47166317
104,XAUUSD,PERIOD_M5,26090401,2026.01.14 08:10:00,1768378200056,2026.01.14 08:10:00,SELL,3,2026.01.14 08:13:00,1768378380056,2026.01.14 08:13:00,1768378380141,85,OK,4626.02,4626.22,4626.12,20.0,0.4323,4632.48,4632.68,4632.58,20.0,0.4317,-646.0,-666.0,-13.9642,-14.3968,0.4326,4631.17674271,4630.91682949,4630.14539417,4630.47166317
105,XAUUSD,PERIOD_M5,26090401,2026.01.14 08:15:00,1768378500048,2026.01.14 08:15:00,BUY,1,2026.01.14 08:16:00,1768378560048,2026.01.14 08:16:00,1768378560079,31,OK,4633.53,4633.68,4633.60,15.0,0.3237,4633.08,4633.24,4633.16,16.0,0.3453,-44.5,-60.0,-0.9604,-1.2949,0.3345,4630.14539417,4630.47166317,4630.82231533,4630.74969379
105,XAUUSD,PERIOD_M5,26090401,2026.01.14 08:15:00,1768378500048,2026.01.14 08:15:00,BUY,3,2026.01.14 08:18:00,1768378680048,2026.01.14 08:18:00,1768378680340,292,OK,4633.53,4633.68,4633.60,15.0,0.3237,4633.92,4634.08,4634.00,16.0,0.3453,39.5,24.0,0.8525,0.5179,0.3345,4630.14539417,4630.47166317,4630.82231533,4630.74969379
104,XAUUSD,PERIOD_M5,26090401,2026.01.14 08:10:00,1768378200056,2026.01.14 08:10:00,SELL,5,2026.01.14 08:15:00,1768378500056,2026.01.14 08:15:00,1768378500094,38,OK,4626.02,4626.22,4626.12,20.0,0.4323,4633.49,4633.68,4633.59,19.0,0.4100,-746.5,-766.0,-16.1366,-16.5585,0.4219,4631.17674271,4630.91682949,4630.14539417,4630.47166317
105,XAUUSD,PERIOD_M5,26090401,2026.01.14 08:15:00,1768378500048,2026.01.14 08:15:00,BUY,5,2026.01.14 08:20:00,1768378800048,2026.01.14 08:20:00,1768378800094,46,OK,4633.53,4633.68,4633.60,15.0,0.3237,4633.01,4633.21,4633.11,20.0,0.4317,-49.5,-67.0,-1.0683,-1.4459,0.3777,4630.14539417,4630.47166317,4630.82231533,4630.74969379
104,XAUUSD,PERIOD_M5,26090401,2026.01.14 08:10:00,1768378200056,2026.01.14 08:10:00,SELL,10,2026.01.14 08:20:00,1768378800056,2026.01.14 08:20:00,1768378800094,38,OK,4626.02,4626.22,4626.12,20.0,0.4323,4633.01,4633.21,4633.11,20.0,0.4317,-699.0,-719.0,-15.1099,-15.5425,0.4327,4631.17674271,4630.91682949,4630.14539417,4630.47166317
105,XAUUSD,PERIOD_M5,26090401,2026.01.14 08:15:00,1768378500048,2026.01.14 08:15:00,BUY,10,2026.01.14 08:25:00,1768379100048,2026.01.14 08:25:00,1768379100126,78,OK,4633.53,4633.68,4633.60,15.0,0.3237,4634.67,4634.83,4634.75,16.0,0.3452,114.5,99.0,2.4711,2.1365,0.3345,4630.14539417,4630.47166317,4630.82231533,4630.74969379
104,XAUUSD,PERIOD_M5,26090401,2026.01.14 08:10:00,1768378200056,2026.01.14 08:10:00,SELL,15,2026.01.14 08:25:00,1768379100056,2026.01.14 08:25:00,1768379100126,70,OK,4626.02,4626.22,4626.12,20.0,0.4323,4634.67,4634.83,4634.75,16.0,0.3452,-863.0,-881.0,-18.6549,-19.0444,0.3895,4631.17674271,4630.91682949,4630.14539417,4630.47166317
105,XAUUSD,PERIOD_M5,26090401,2026.01.14 08:15:00,1768378500048,2026.01.14 08:15:00,BUY,15,2026.01.14 08:30:00,1768379400048,2026.01.14 08:30:00,1768379400086,38,OK,4633.53,4633.68,4633.60,15.0,0.3237,4633.04,4633.16,4633.10,12.0,0.2590,-50.5,-64.0,-1.0899,-1.3812,0.2913,4630.14539417,4630.47166317,4630.82231533,4630.74969379
106,XAUUSD,PERIOD_M5,26090401,2026.01.14 08:40:00,1768380000001,2026.01.14 08:40:00,SELL,1,2026.01.14 08:41:00,1768380060001,2026.01.14 08:41:00,1768380060039,38,OK,4629.26,4629.40,4629.33,14.0,0.3024,4629.34,4629.54,4629.44,20.0,0.4320,-11.0,-28.0,-0.2376,-0.6048,0.3672,4631.02426036,4630.99906618,4630.66340829,4630.83733289
106,XAUUSD,PERIOD_M5,26090401,2026.01.14 08:40:00,1768380000001,2026.01.14 08:40:00,SELL,3,2026.01.14 08:43:00,1768380180001,2026.01.14 08:43:00,1768380180623,622,OK,4629.26,4629.40,4629.33,14.0,0.3024,4629.46,4629.66,4629.56,20.0,0.4320,-23.0,-40.0,-0.4968,-0.8641,0.3672,4631.02426036,4630.99906618,4630.66340829,4630.83733289
104,XAUUSD,PERIOD_M5,26090401,2026.01.14 08:10:00,1768378200056,2026.01.14 08:10:00,SELL,30,2026.01.14 08:40:00,1768380000056,2026.01.14 08:40:00,1768380000071,15,OK,4626.02,4626.22,4626.12,20.0,0.4323,4629.26,4629.41,4629.34,15.0,0.3240,-321.5,-339.0,-6.9497,-7.3281,0.3784,4631.17674271,4630.91682949,4630.14539417,4630.47166317
106,XAUUSD,PERIOD_M5,26090401,2026.01.14 08:40:00,1768380000001,2026.01.14 08:40:00,SELL,5,2026.01.14 08:45:00,1768380300001,2026.01.14 08:45:00,1768380300011,10,OK,4629.26,4629.40,4629.33,14.0,0.3024,4630.73,4630.91,4630.82,18.0,0.3887,-149.0,-165.0,-3.2186,-3.5643,0.3457,4631.02426036,4630.99906618,4630.66340829,4630.83733289
105,XAUUSD,PERIOD_M5,26090401,2026.01.14 08:15:00,1768378500048,2026.01.14 08:15:00,BUY,30,2026.01.14 08:45:00,1768380300048,2026.01.14 08:45:00,1768380300048,0,OK,4633.53,4633.68,4633.60,15.0,0.3237,4630.74,4630.91,4630.82,17.0,0.3671,-278.0,-294.0,-5.9996,-6.3448,0.3452,4630.14539417,4630.47166317,4630.82231533,4630.74969379
106,XAUUSD,PERIOD_M5,26090401,2026.01.14 08:40:00,1768380000001,2026.01.14 08:40:00,SELL,10,2026.01.14 08:50:00,1768380600001,2026.01.14 08:50:00,1768380600070,69,OK,4629.26,4629.40,4629.33,14.0,0.3024,4631.92,4632.08,4632.00,16.0,0.3454,-267.0,-282.0,-5.7676,-6.0917,0.3241,4631.02426036,4630.99906618,4630.66340829,4630.83733289
107,XAUUSD,PERIOD_M5,26090401,2026.01.14 08:55:00,1768380900045,2026.01.14 08:55:00,BUY,1,2026.01.14 08:56:00,1768380960045,2026.01.14 08:56:00,1768380960078,33,OK,4633.55,4633.74,4633.65,19.0,0.4100,4633.74,4633.93,4633.84,19.0,0.4100,19.0,0.0,0.4100,0.0000,0.4100,4630.92538130,4630.92688669,4631.45030504,4631.16535153
107,XAUUSD,PERIOD_M5,26090401,2026.01.14 08:55:00,1768380900045,2026.01.14 08:55:00,BUY,3,2026.01.14 08:58:00,1768381080045,2026.01.14 08:58:00,1768381080161,116,OK,4633.55,4633.74,4633.65,19.0,0.4100,4635.02,4635.06,4635.04,4.0,0.0863,139.5,128.0,3.0106,2.7623,0.2482,4630.92538130,4630.92688669,4631.45030504,4631.16535153
106,XAUUSD,PERIOD_M5,26090401,2026.01.14 08:40:00,1768380000001,2026.01.14 08:40:00,SELL,15,2026.01.14 08:55:00,1768380900001,2026.01.14 08:55:00,1768380900045,44,OK,4629.26,4629.40,4629.33,14.0,0.3024,4633.55,4633.74,4633.65,19.0,0.4100,-431.5,-448.0,-9.3210,-9.6776,0.3566,4631.02426036,4630.99906618,4630.66340829,4630.83733289
107,XAUUSD,PERIOD_M5,26090401,2026.01.14 08:55:00,1768380900045,2026.01.14 08:55:00,BUY,5,2026.01.14 09:00:00,1768381200045,2026.01.14 09:00:00,1768381200113,68,OK,4633.55,4633.74,4633.65,19.0,0.4100,4637.28,4637.44,4637.36,16.0,0.3450,371.5,354.0,8.0174,7.6396,0.3778,4630.92538130,4630.92688669,4631.45030504,4631.16535153
107,XAUUSD,PERIOD_M5,26090401,2026.01.14 08:55:00,1768380900045,2026.01.14 08:55:00,BUY,10,2026.01.14 09:05:00,1768381500045,2026.01.14 09:05:00,1768381500493,448,OK,4633.55,4633.74,4633.65,19.0,0.4100,4634.52,4634.70,4634.61,18.0,0.3884,96.5,78.0,2.0826,1.6833,0.3993,4630.92538130,4630.92688669,4631.45030504,4631.16535153
107,XAUUSD,PERIOD_M5,26090401,2026.01.14 08:55:00,1768380900045,2026.01.14 08:55:00,BUY,15,2026.01.14 09:10:00,1768381800045,2026.01.14 09:10:00,1768381800067,22,OK,4633.55,4633.74,4633.65,19.0,0.4100,4632.12,4632.28,4632.20,16.0,0.3454,-144.5,-162.0,-3.1185,-3.4961,0.3776,4630.92538130,4630.92688669,4631.45030504,4631.16535153
106,XAUUSD,PERIOD_M5,26090401,2026.01.14 08:40:00,1768380000001,2026.01.14 08:40:00,SELL,30,2026.01.14 09:10:00,1768381800001,2026.01.14 09:10:00,1768381800067,66,OK,4629.26,4629.40,4629.33,14.0,0.3024,4632.12,4632.28,4632.20,16.0,0.3454,-287.0,-302.0,-6.1996,-6.5237,0.3241,4631.02426036,4630.99906618,4630.66340829,4630.83733289
104,XAUUSD,PERIOD_M5,26090401,2026.01.14 08:10:00,1768378200056,2026.01.14 08:10:00,SELL,60,2026.01.14 09:10:00,1768381800056,2026.01.14 09:10:00,1768381800067,11,OK,4626.02,4626.22,4626.12,20.0,0.4323,4632.12,4632.28,4632.20,16.0,0.3454,-608.0,-626.0,-13.1428,-13.5322,0.3894,4631.17674271,4630.91682949,4630.14539417,4630.47166317
105,XAUUSD,PERIOD_M5,26090401,2026.01.14 08:15:00,1768378500048,2026.01.14 08:15:00,BUY,60,2026.01.14 09:15:00,1768382100048,2026.01.14 09:15:00,1768382100166,118,OK,4633.53,4633.68,4633.60,15.0,0.3237,4632.93,4633.05,4632.99,12.0,0.2590,-61.5,-75.0,-1.3273,-1.6186,0.2913,4630.14539417,4630.47166317,4630.82231533,4630.74969379
107,XAUUSD,PERIOD_M5,26090401,2026.01.14 08:55:00,1768380900045,2026.01.14 08:55:00,BUY,30,2026.01.14 09:25:00,1768382700045,2026.01.14 09:25:00,1768382700153,108,OK,4633.55,4633.74,4633.65,19.0,0.4100,4637.94,4638.14,4638.04,20.0,0.4312,439.5,420.0,9.4850,9.0640,0.4210,4630.92538130,4630.92688669,4631.45030504,4631.16535153
106,XAUUSD,PERIOD_M5,26090401,2026.01.14 08:40:00,1768380000001,2026.01.14 08:40:00,SELL,60,2026.01.14 09:40:00,1768383600001,2026.01.14 09:40:00,1768383600125,124,OK,4629.26,4629.40,4629.33,14.0,0.3024,4636.68,4636.85,4636.77,17.0,0.3666,-743.5,-759.0,-16.0606,-16.3957,0.3351,4631.02426036,4630.99906618,4630.66340829,4630.83733289
107,XAUUSD,PERIOD_M5,26090401,2026.01.14 08:55:00,1768380900045,2026.01.14 08:55:00,BUY,60,2026.01.14 09:55:00,1768384500045,2026.01.14 09:55:00,1768384500462,417,OK,4633.55,4633.74,4633.65,19.0,0.4100,4634.02,4634.13,4634.08,11.0,0.2374,43.0,28.0,0.9280,0.6043,0.3237,4630.92538130,4630.92688669,4631.45030504,4631.16535153
108,XAUUSD,PERIOD_M5,26090401,2026.01.14 10:10:00,1768385400021,2026.01.14 10:10:00,SELL,1,2026.01.14 10:11:00,1768385460021,2026.01.14 10:11:00,1768385460102,81,OK,4624.37,4624.56,4624.47,19.0,0.4109,4626.78,4626.95,4626.86,17.0,0.3674,-240.0,-258.0,-5.1898,-5.5791,0.3893,4634.09781392,4633.80967659,4632.15225114,4632.95152418
108,XAUUSD,PERIOD_M5,26090401,2026.01.14 10:10:00,1768385400021,2026.01.14 10:10:00,SELL,3,2026.01.14 10:13:00,1768385580021,2026.01.14 10:13:00,1768385580242,221,OK,4624.37,4624.56,4624.47,19.0,0.4109,4626.37,4626.53,4626.45,16.0,0.3458,-198.5,-216.0,-4.2924,-4.6709,0.3785,4634.09781392,4633.80967659,4632.15225114,4632.95152418
108,XAUUSD,PERIOD_M5,26090401,2026.01.14 10:10:00,1768385400021,2026.01.14 10:10:00,SELL,5,2026.01.14 10:15:00,1768385700021,2026.01.14 10:15:00,1768385700026,5,OK,4624.37,4624.56,4624.47,19.0,0.4109,4627.32,4627.46,4627.39,14.0,0.3025,-292.5,-309.0,-6.3251,-6.6820,0.3569,4634.09781392,4633.80967659,4632.15225114,4632.95152418
108,XAUUSD,PERIOD_M5,26090401,2026.01.14 10:10:00,1768385400021,2026.01.14 10:10:00,SELL,10,2026.01.14 10:20:00,1768386000021,2026.01.14 10:20:00,1768386000054,33,OK,4624.37,4624.56,4624.47,19.0,0.4109,4625.00,4625.20,4625.10,20.0,0.4324,-63.5,-83.0,-1.3731,-1.7948,0.4217,4634.09781392,4633.80967659,4632.15225114,4632.95152418
108,XAUUSD,PERIOD_M5,26090401,2026.01.14 10:10:00,1768385400021,2026.01.14 10:10:00,SELL,15,2026.01.14 10:25:00,1768386300021,2026.01.14 10:25:00,1768386300040,19,OK,4624.37,4624.56,4624.47,19.0,0.4109,4627.79,4627.97,4627.88,18.0,0.3889,-341.5,-360.0,-7.3846,-7.7848,0.4002,4634.09781392,4633.80967659,4632.15225114,4632.95152418
108,XAUUSD,PERIOD_M5,26090401,2026.01.14 10:10:00,1768385400021,2026.01.14 10:10:00,SELL,30,2026.01.14 10:40:00,1768387200021,2026.01.14 10:40:01,1768387201079,1058,OK,4624.37,4624.56,4624.47,19.0,0.4109,4631.02,4631.10,4631.06,8.0,0.1727,-659.5,-673.0,-14.2611,-14.5533,0.2922,4634.09781392,4633.80967659,4632.15225114,4632.95152418
109,XAUUSD,PERIOD_M5,26090401,2026.01.14 10:55:00,1768388100000,2026.01.14 10:55:00,BUY,1,2026.01.14 10:56:00,1768388160000,2026.01.14 10:56:00,1768388160002,2,OK,4634.81,4634.97,4634.89,16.0,0.3452,4634.98,4635.13,4635.06,15.0,0.3236,16.5,1.0,0.3560,0.0216,0.3344,4630.95368540,4631.28744928,4631.72494832,4631.60768117
109,XAUUSD,PERIOD_M5,26090401,2026.01.14 10:55:00,1768388100000,2026.01.14 10:55:00,BUY,3,2026.01.14 10:58:00,1768388280000,2026.01.14 10:58:00,1768388280013,13,OK,4634.81,4634.97,4634.89,16.0,0.3452,4633.83,4633.99,4633.91,16.0,0.3453,-98.0,-114.0,-2.1144,-2.4596,0.3452,4630.95368540,4631.28744928,4631.72494832,4631.60768117
109,XAUUSD,PERIOD_M5,26090401,2026.01.14 10:55:00,1768388100000,2026.01.14 10:55:00,BUY,5,2026.01.14 11:00:00,1768388400000,2026.01.14 11:00:00,1768388400028,28,OK,4634.81,4634.97,4634.89,16.0,0.3452,4634.91,4635.08,4634.99,17.0,0.3668,10.5,-6.0,0.2265,-0.1295,0.3560,4630.95368540,4631.28744928,4631.72494832,4631.60768117
109,XAUUSD,PERIOD_M5,26090401,2026.01.14 10:55:00,1768388100000,2026.01.14 10:55:00,BUY,10,2026.01.14 11:05:00,1768388700000,2026.01.14 11:05:00,1768388700236,236,OK,4634.81,4634.97,4634.89,16.0,0.3452,4634.51,4634.69,4634.60,18.0,0.3884,-29.0,-46.0,-0.6257,-0.9925,0.3668,4630.95368540,4631.28744928,4631.72494832,4631.60768117
109,XAUUSD,PERIOD_M5,26090401,2026.01.14 10:55:00,1768388100000,2026.01.14 10:55:00,BUY,15,2026.01.14 11:10:00,1768389000000,2026.01.14 11:10:00,1768389000027,27,OK,4634.81,4634.97,4634.89,16.0,0.3452,4638.04,4638.21,4638.13,17.0,0.3665,323.5,307.0,6.9797,6.6236,0.3561,4630.95368540,4631.28744928,4631.72494832,4631.60768117
108,XAUUSD,PERIOD_M5,26090401,2026.01.14 10:10:00,1768385400021,2026.01.14 10:10:00,SELL,60,2026.01.14 11:10:00,1768389000021,2026.01.14 11:10:00,1768389000027,6,OK,4624.37,4624.56,4624.47,19.0,0.4109,4638.04,4638.21,4638.13,17.0,0.3665,-1366.0,-1384.0,-29.5386,-29.9284,0.3898,4634.09781392,4633.80967659,4632.15225114,4632.95152418
109,XAUUSD,PERIOD_M5,26090401,2026.01.14 10:55:00,1768388100000,2026.01.14 10:55:00,BUY,30,2026.01.14 11:25:00,1768389900000,2026.01.14 11:25:00,1768389900086,86,OK,4634.81,4634.97,4634.89,16.0,0.3452,4637.29,4637.47,4637.38,18.0,0.3882,249.0,232.0,5.3723,5.0054,0.3669,4630.95368540,4631.28744928,4631.72494832,4631.60768117
110,XAUUSD,PERIOD_M5,26090401,2026.01.14 11:45:00,1768391100021,2026.01.14 11:45:00,SELL,1,2026.01.14 11:46:00,1768391160021,2026.01.14 11:46:00,1768391160373,352,OK,4627.63,4627.79,4627.71,16.0,0.3457,4627.66,4627.85,4627.76,19.0,0.4106,-4.5,-22.0,-0.0972,-0.4754,0.3782,4634.68210909,4633.95786577,4633.27168727,4633.38260525
110,XAUUSD,PERIOD_M5,26090401,2026.01.14 11:45:00,1768391100021,2026.01.14 11:45:00,SELL,3,2026.01.14 11:48:00,1768391280021,2026.01.14 11:48:00,1768391280052,31,OK,4627.63,4627.79,4627.71,16.0,0.3457,4627.91,4628.06,4627.99,15.0,0.3241,-27.5,-43.0,-0.5942,-0.9292,0.3350,4634.68210909,4633.95786577,4633.27168727,4633.38260525
110,XAUUSD,PERIOD_M5,26090401,2026.01.14 11:45:00,1768391100021,2026.01.14 11:45:00,SELL,5,2026.01.14 11:50:00,1768391400021,2026.01.14 11:50:00,1768391400021,0,OK,4627.63,4627.79,4627.71,16.0,0.3457,4629.71,4629.81,4629.76,10.0,0.2160,-205.0,-218.0,-4.4298,-4.7108,0.2810,4634.68210909,4633.95786577,4633.27168727,4633.38260525
110,XAUUSD,PERIOD_M5,26090401,2026.01.14 11:45:00,1768391100021,2026.01.14 11:45:00,SELL,10,2026.01.14 11:55:00,1768391700021,2026.01.14 11:55:00,1768391700042,21,OK,4627.63,4627.79,4627.71,16.0,0.3457,4629.51,4629.64,4629.58,13.0,0.2808,-186.5,-201.0,-4.0301,-4.3435,0.3134,4634.68210909,4633.95786577,4633.27168727,4633.38260525
109,XAUUSD,PERIOD_M5,26090401,2026.01.14 10:55:00,1768388100000,2026.01.14 10:55:00,BUY,60,2026.01.14 11:55:00,1768391700000,2026.01.14 11:55:00,1768391700042,42,OK,4634.81,4634.97,4634.89,16.0,0.3452,4629.51,4629.64,4629.58,13.0,0.2808,-531.5,-546.0,-11.4674,-11.7800,0.3126,4630.95368540,4631.28744928,4631.72494832,4631.60768117
110,XAUUSD,PERIOD_M5,26090401,2026.01.14 11:45:00,1768391100021,2026.01.14 11:45:00,SELL,15,2026.01.14 12:00:00,1768392000021,2026.01.14 12:00:00,1768392000080,59,OK,4627.63,4627.79,4627.71,16.0,0.3457,4630.42,4630.62,4630.52,20.0,0.4319,-281.0,-299.0,-6.0721,-6.4612,0.3891,4634.68210909,4633.95786577,4633.27168727,4633.38260525
110,XAUUSD,PERIOD_M5,26090401,2026.01.14 11:45:00,1768391100021,2026.01.14 11:45:00,SELL,30,2026.01.14 12:15:00,1768392900021,2026.01.14 12:15:00,1768392900496,475,OK,4627.63,4627.79,4627.71,16.0,0.3457,4631.66,4631.82,4631.74,16.0,0.3454,-403.0,-419.0,-8.7084,-9.0543,0.3459,4634.68210909,4633.95786577,4633.27168727,4633.38260525
111,XAUUSD,PERIOD_M5,26090401,2026.01.14 12:30:00,1768393800027,2026.01.14 12:30:00,BUY,1,2026.01.14 12:31:00,1768393860027,2026.01.14 12:31:00,1768393860088,61,OK,4634.94,4635.04,4634.99,10.0,0.2158,4632.94,4633.09,4633.01,15.0,0.3238,-197.5,-210.0,-4.2611,-4.5307,0.2696,4632.09942258,4632.36421334,4632.66953807,4632.59928485
111,XAUUSD,PERIOD_M5,26090401,2026.01.14 12:30:00,1768393800027,2026.01.14 12:30:00,BUY,3,2026.01.14 12:33:00,1768393980027,2026.01.14 12:33:00,1768393980103,76,OK,4634.94,4635.04,4634.99,10.0,0.2158,4633.89,4634.05,4633.97,16.0,0.3453,-102.0,-115.0,-2.2007,-2.4811,0.2804,4632.09942258,4632.36421334,4632.66953807,4632.59928485
111,XAUUSD,PERIOD_M5,26090401,2026.01.14 12:30:00,1768393800027,2026.01.14 12:30:00,BUY,5,2026.01.14 12:35:00,1768394100027,2026.01.14 12:35:00,1768394100057,30,OK,4634.94,4635.04,4634.99,10.0,0.2158,4635.13,4635.24,4635.18,11.0,0.2373,19.5,9.0,0.4207,0.1942,0.2265,4632.09942258,4632.36421334,4632.66953807,4632.59928485
111,XAUUSD,PERIOD_M5,26090401,2026.01.14 12:30:00,1768393800027,2026.01.14 12:30:00,BUY,10,2026.01.14 12:40:00,1768394400027,2026.01.14 12:40:00,1768394400038,11,OK,4634.94,4635.04,4634.99,10.0,0.2158,4636.50,4636.69,4636.59,19.0,0.4098,160.5,146.0,3.4628,3.1499,0.3129,4632.09942258,4632.36421334,4632.66953807,4632.59928485
111,XAUUSD,PERIOD_M5,26090401,2026.01.14 12:30:00,1768393800027,2026.01.14 12:30:00,BUY,15,2026.01.14 12:45:00,1768394700027,2026.01.14 12:45:00,1768394700029,2,OK,4634.94,4635.04,4634.99,10.0,0.2158,4635.75,4635.92,4635.84,17.0,0.3667,84.5,71.0,1.8231,1.5318,0.2913,4632.09942258,4632.36421334,4632.66953807,4632.59928485
110,XAUUSD,PERIOD_M5,26090401,2026.01.14 11:45:00,1768391100021,2026.01.14 11:45:00,SELL,60,2026.01.14 12:45:00,1768394700021,2026.01.14 12:45:00,1768394700029,8,OK,4627.63,4627.79,4627.71,16.0,0.3457,4635.75,4635.92,4635.84,17.0,0.3667,-812.5,-829.0,-17.5573,-17.9141,0.3569,4634.68210909,4633.95786577,4633.27168727,4633.38260525
111,XAUUSD,PERIOD_M5,26090401,2026.01.14 12:30:00,1768393800027,2026.01.14 12:30:00,BUY,30,2026.01.14 13:00:00,1768395600027,2026.01.14 13:00:00,1768395600054,27,OK,4634.94,4635.04,4634.99,10.0,0.2158,4633.04,4633.23,4633.14,19.0,0.4101,-185.5,-200.0,-4.0022,-4.3150,0.3128,4632.09942258,4632.36421334,4632.66953807,4632.59928485
111,XAUUSD,PERIOD_M5,26090401,2026.01.14 12:30:00,1768393800027,2026.01.14 12:30:00,BUY,60,2026.01.14 13:30:00,1768397400027,2026.01.14 13:30:00,1768397400078,51,OK,4634.94,4635.04,4634.99,10.0,0.2158,4630.27,4630.42,4630.35,15.0,0.3239,-464.5,-477.0,-10.0216,-10.2912,0.2696,4632.09942258,4632.36421334,4632.66953807,4632.59928485
112,XAUUSD,PERIOD_M5,26090401,2026.01.14 13:35:00,1768397700015,2026.01.14 13:35:00,SELL,1,2026.01.14 13:36:00,1768397760015,2026.01.14 13:36:00,1768397760076,61,OK,4627.85,4628.01,4627.93,16.0,0.3457,4629.74,4629.93,4629.84,19.0,0.4104,-190.5,-208.0,-4.1163,-4.4945,0.3782,4633.79535181,4633.70317681,4632.60628145,4633.17106983
112,XAUUSD,PERIOD_M5,26090401,2026.01.14 13:35:00,1768397700015,2026.01.14 13:35:00,SELL,3,2026.01.14 13:38:00,1768397880015,2026.01.14 13:38:00,1768397880728,713,OK,4627.85,4628.01,4627.93,16.0,0.3457,4628.71,4628.90,4628.81,19.0,0.4105,-87.5,-105.0,-1.8907,-2.2689,0.3782,4633.79535181,4633.70317681,4632.60628145,4633.17106983
112,XAUUSD,PERIOD_M5,26090401,2026.01.14 13:35:00,1768397700015,2026.01.14 13:35:00,SELL,5,2026.01.14 13:40:00,1768398000015,2026.01.14 13:40:00,1768398000319,304,OK,4627.85,4628.01,4627.93,16.0,0.3457,4629.95,4630.13,4630.04,18.0,0.3888,-211.0,-228.0,-4.5593,-4.9267,0.3674,4633.79535181,4633.70317681,4632.60628145,4633.17106983
112,XAUUSD,PERIOD_M5,26090401,2026.01.14 13:35:00,1768397700015,2026.01.14 13:35:00,SELL,10,2026.01.14 13:45:00,1768398300015,2026.01.14 13:45:00,1768398300082,67,OK,4627.85,4628.01,4627.93,16.0,0.3457,4630.76,4630.92,4630.84,16.0,0.3455,-291.0,-307.0,-6.2879,-6.6338,0.3458,4633.79535181,4633.70317681,4632.60628145,4633.17106983
112,XAUUSD,PERIOD_M5,26090401,2026.01.14 13:35:00,1768397700015,2026.01.14 13:35:00,SELL,15,2026.01.14 13:50:00,1768398600015,2026.01.14 13:50:00,1768398600022,7,OK,4627.85,4628.01,4627.93,16.0,0.3457,4629.45,4629.59,4629.52,14.0,0.3024,-159.0,-174.0,-3.4357,-3.7598,0.3242,4633.79535181,4633.70317681,4632.60628145,4633.17106983
112,XAUUSD,PERIOD_M5,26090401,2026.01.14 13:35:00,1768397700015,2026.01.14 13:35:00,SELL,30,2026.01.14 14:05:00,1768399500015,2026.01.14 14:05:00,1768399500032,17,OK,4627.85,4628.01,4627.93,16.0,0.3457,4634.74,4634.94,4634.84,20.0,0.4315,-691.0,-709.0,-14.9311,-15.3203,0.3892,4633.79535181,4633.70317681,4632.60628145,4633.17106983
113,XAUUSD,PERIOD_M5,26090401,2026.01.14 14:10:00,1768399800089,2026.01.14 14:10:00,BUY,1,2026.01.14 14:11:00,1768399860089,2026.01.14 14:11:00,1768399860319,230,OK,4636.99,4637.15,4637.07,16.0,0.3450,4636.49,4636.64,4636.57,15.0,0.3235,-50.5,-66.0,-1.0890,-1.4233,0.3342,4631.58556344,4632.19516532,4632.66645075,4632.63105938
113,XAUUSD,PERIOD_M5,26090401,2026.01.14 14:10:00,1768399800089,2026.01.14 14:10:00,BUY,3,2026.01.14 14:13:00,1768399980089,2026.01.14 14:13:00,1768399980134,45,OK,4636.99,4637.15,4637.07,16.0,0.3450,4637.03,4637.16,4637.09,13.0,0.2803,2.5,-12.0,0.0539,-0.2588,0.3127,4631.58556344,4632.19516532,4632.66645075,4632.63105938
113,XAUUSD,PERIOD_M5,26090401,2026.01.14 14:10:00,1768399800089,2026.01.14 14:10:00,BUY,5,2026.01.14 14:15:00,1768400100089,2026.01.14 14:15:00,1768400100089,0,OK,4636.99,4637.15,4637.07,16.0,0.3450,4635.64,4635.80,4635.72,16.0,0.3451,-135.0,-151.0,-2.9113,-3.2563,0.3450,4631.58556344,4632.19516532,4632.66645075,4632.63105938
113,XAUUSD,PERIOD_M5,26090401,2026.01.14 14:10:00,1768399800089,2026.01.14 14:10:00,BUY,10,2026.01.14 14:20:00,1768400400089,2026.01.14 14:20:00,1768400400139,50,OK,4636.99,4637.15,4637.07,16.0,0.3450,4635.98,4636.13,4636.06,15.0,0.3236,-101.5,-117.0,-2.1889,-2.5231,0.3342,4631.58556344,4632.19516532,4632.66645075,4632.63105938
113,XAUUSD,PERIOD_M5,26090401,2026.01.14 14:10:00,1768399800089,2026.01.14 14:10:00,BUY,15,2026.01.14 14:25:00,1768400700089,2026.01.14 14:25:00,1768400700122,33,OK,4636.99,4637.15,4637.07,16.0,0.3450,4638.61,4638.81,4638.71,20.0,0.4312,164.0,146.0,3.5367,3.1485,0.3882,4631.58556344,4632.19516532,4632.66645075,4632.63105938
112,XAUUSD,PERIOD_M5,26090401,2026.01.14 13:35:00,1768397700015,2026.01.14 13:35:00,SELL,60,2026.01.14 14:35:00,1768401300015,2026.01.14 14:35:00,1768401300052,37,OK,4627.85,4628.01,4627.93,16.0,0.3457,4635.80,4635.97,4635.89,17.0,0.3667,-795.5,-812.0,-17.1891,-17.5459,0.3568,4633.79535181,4633.70317681,4632.60628145,4633.17106983
113,XAUUSD,PERIOD_M5,26090401,2026.01.14 14:10:00,1768399800089,2026.01.14 14:10:00,BUY,30,2026.01.14 14:40:00,1768401600089,2026.01.14 14:40:00,1768401600138,49,OK,4636.99,4637.15,4637.07,16.0,0.3450,4635.39,4635.52,4635.45,13.0,0.2804,-161.5,-176.0,-3.4828,-3.7954,0.3126,4631.58556344,4632.19516532,4632.66645075,4632.63105938
113,XAUUSD,PERIOD_M5,26090401,2026.01.14 14:10:00,1768399800089,2026.01.14 14:10:00,BUY,60,2026.01.14 15:10:00,1768403400089,2026.01.14 15:10:00,1768403400094,5,OK,4636.99,4637.15,4637.07,16.0,0.3450,4629.82,4629.99,4629.90,17.0,0.3672,-716.5,-733.0,-15.4516,-15.8071,0.3556,4631.58556344,4632.19516532,4632.66645075,4632.63105938
114,XAUUSD,PERIOD_M5,26090401,2026.01.14 15:15:00,1768403700027,2026.01.14 15:15:00,SELL,1,2026.01.14 15:16:00,1768403760027,2026.01.14 15:16:00,1768403760042,15,OK,4628.67,4628.81,4628.74,14.0,0.3025,4630.82,4631.01,4630.91,19.0,0.4103,-217.5,-234.0,-4.6989,-5.0554,0.3565,4634.71965143,4634.49571698,4633.50972114,4633.96610635
114,XAUUSD,PERIOD_M5,26090401,2026.01.14 15:15:00,1768403700027,2026.01.14 15:15:00,SELL,3,2026.01.14 15:18:00,1768403880027,2026.01.14 15:18:00,1768403880044,17,OK,4628.67,4628.81,4628.74,14.0,0.3025,4629.56,4629.74,4629.65,18.0,0.3888,-91.0,-107.0,-1.9660,-2.3117,0.3457,4634.71965143,4634.49571698,4633.50972114,4633.96610635
114,XAUUSD,PERIOD_M5,26090401,2026.01.14 15:15:00,1768403700027,2026.01.14 15:15:00,SELL,5,2026.01.14 15:20:00,1768404000027,2026.01.14 15:20:00,1768404000054,27,OK,4628.67,4628.81,4628.74,14.0,0.3025,4628.56,4628.71,4628.64,15.0,0.3241,10.5,-4.0,0.2268,-0.0864,0.3133,4634.71965143,4634.49571698,4633.50972114,4633.96610635
114,XAUUSD,PERIOD_M5,26090401,2026.01.14 15:15:00,1768403700027,2026.01.14 15:15:00,SELL,10,2026.01.14 15:25:00,1768404300027,2026.01.14 15:25:00,1768404300053,26,OK,4628.67,4628.81,4628.74,14.0,0.3025,4634.87,4634.91,4634.89,4.0,0.0863,-615.0,-624.0,-13.2866,-13.4812,0.1946,4634.71965143,4634.49571698,4633.50972114,4633.96610635
114,XAUUSD,PERIOD_M5,26090401,2026.01.14 15:15:00,1768403700027,2026.01.14 15:15:00,SELL,15,2026.01.14 15:30:00,1768404600027,2026.01.14 15:30:00,1768404600043,16,OK,4628.67,4628.81,4628.74,14.0,0.3025,4631.42,4632.26,4631.84,84.0,1.8135,-310.0,-359.0,-6.6973,-7.7560,1.0587,4634.71965143,4634.49571698,4633.50972114,4633.96610635
114,XAUUSD,PERIOD_M5,26090401,2026.01.14 15:15:00,1768403700027,2026.01.14 15:15:00,SELL,30,2026.01.14 15:45:00,1768405500027,2026.01.14 15:45:00,1768405500046,19,OK,4628.67,4628.81,4628.74,14.0,0.3025,4636.70,4636.87,4636.78,17.0,0.3666,-804.5,-820.0,-17.3805,-17.7157,0.3351,4634.71965143,4634.49571698,4633.50972114,4633.96610635
115,XAUUSD,PERIOD_M5,26090401,2026.01.14 15:55:00,1768406100014,2026.01.14 15:55:00,BUY,1,2026.01.14 15:56:00,1768406160014,2026.01.14 15:56:00,1768406160104,90,OK,4635.43,4635.62,4635.52,19.0,0.4099,4634.28,4634.44,4634.36,16.0,0.3452,-116.5,-134.0,-2.5132,-2.8907,0.3775,4633.38304398,4633.48877513,4633.80043519,4633.66888648
115,XAUUSD,PERIOD_M5,26090401,2026.01.14 15:55:00,1768406100014,2026.01.14 15:55:00,BUY,3,2026.01.14 15:58:00,1768406280014,2026.01.14 15:58:00,1768406280071,57,OK,4635.43,4635.62,4635.52,19.0,0.4099,4635.46,4635.65,4635.56,19.0,0.4099,3.0,-16.0,0.0647,-0.3452,0.4099,4633.38304398,4633.48877513,4633.80043519,4633.66888648
115,XAUUSD,PERIOD_M5,26090401,2026.01.14 15:55:00,1768406100014,2026.01.14 15:55:00,BUY,5,2026.01.14 16:00:00,1768406400014,2026.01.14 16:00:00,1768406400038,24,OK,4635.43,4635.62,4635.52,19.0,0.4099,4635.75,4635.89,4635.82,14.0,0.3020,29.5,13.0,0.6364,0.2804,0.3560,4633.38304398,4633.48877513,4633.80043519,4633.66888648
115,XAUUSD,PERIOD_M5,26090401,2026.01.14 15:55:00,1768406100014,2026.01.14 15:55:00,BUY,10,2026.01.14 16:05:00,1768406700014,2026.01.14 16:05:00,1768406700063,49,OK,4635.43,4635.62,4635.52,19.0,0.4099,4636.16,4636.32,4636.24,16.0,0.3451,71.5,54.0,1.5424,1.1649,0.3775,4633.38304398,4633.48877513,4633.80043519,4633.66888648
115,XAUUSD,PERIOD_M5,26090401,2026.01.14 15:55:00,1768406100014,2026.01.14 15:55:00,BUY,15,2026.01.14 16:10:00,1768407000014,2026.01.14 16:10:00,1768407000014,0,OK,4635.43,4635.62,4635.52,19.0,0.4099,4633.14,4633.29,4633.22,15.0,0.3237,-231.0,-248.0,-4.9833,-5.3499,0.3666,4633.38304398,4633.48877513,4633.80043519,4633.66888648
114,XAUUSD,PERIOD_M5,26090401,2026.01.14 15:15:00,1768403700027,2026.01.14 15:15:00,SELL,60,2026.01.14 16:15:00,1768407300027,2026.01.14 16:15:00,1768407300122,95,OK,4628.67,4628.81,4628.74,14.0,0.3025,4634.26,4634.41,4634.34,15.0,0.3237,-559.5,-574.0,-12.0875,-12.4010,0.3134,4634.71965143,4634.49571698,4633.50972114,4633.96610635
115,XAUUSD,PERIOD_M5,26090401,2026.01.14 15:55:00,1768406100014,2026.01.14 15:55:00,BUY,30,2026.01.14 16:25:00,1768407900014,2026.01.14 16:25:00,1768407900014,0,OK,4635.43,4635.62,4635.52,19.0,0.4099,4636.09,4636.25,4636.17,16.0,0.3451,64.5,47.0,1.3914,1.0139,0.3775,4633.38304398,4633.48877513,4633.80043519,4633.66888648
116,XAUUSD,PERIOD_M5,26090401,2026.01.14 16:35:00,1768408500008,2026.01.14 16:35:00,SELL,1,2026.01.14 16:36:00,1768408560008,2026.01.14 16:36:00,1768408560024,16,OK,4629.57,4629.76,4629.66,19.0,0.4104,4625.47,4625.56,4625.52,9.0,0.1946,415.0,401.0,8.9639,8.6617,0.3022,4634.91379597,4634.39420258,4633.84703678,4633.95654780
116,XAUUSD,PERIOD_M5,26090401,2026.01.14 16:35:00,1768408500008,2026.01.14 16:35:00,SELL,3,2026.01.14 16:38:00,1768408680008,2026.01.14 16:38:00,1768408680039,31,OK,4629.57,4629.76,4629.66,19.0,0.4104,4627.58,4627.74,4627.66,16.0,0.3457,200.5,183.0,4.3308,3.9529,0.3779,4634.91379597,4634.39420258,4633.84703678,4633.95654780
116,XAUUSD,PERIOD_M5,26090401,2026.01.14 16:35:00,1768408500008,2026.01.14 16:35:00,SELL,5,2026.01.14 16:40:00,1768408800008,2026.01.14 16:40:00,1768408800019,11,OK,4629.57,4629.76,4629.66,19.0,0.4104,4618.66,4618.82,4618.74,16.0,0.3464,1092.5,1075.0,23.5978,23.2203,0.3775,4634.91379597,4634.39420258,4633.84703678,4633.95654780
116,XAUUSD,PERIOD_M5,26090401,2026.01.14 16:35:00,1768408500008,2026.01.14 16:35:00,SELL,10,2026.01.14 16:45:00,1768409100008,2026.01.14 16:45:00,1768409100028,20,OK,4629.57,4629.76,4629.66,19.0,0.4104,4618.80,4618.97,4618.89,17.0,0.3681,1078.0,1060.0,23.2846,22.8963,0.3883,4634.91379597,4634.39420258,4633.84703678,4633.95654780
116,XAUUSD,PERIOD_M5,26090401,2026.01.14 16:35:00,1768408500008,2026.01.14 16:35:00,SELL,15,2026.01.14 16:50:00,1768409400008,2026.01.14 16:50:00,1768409400054,46,OK,4629.57,4629.76,4629.66,19.0,0.4104,4607.71,4607.87,4607.79,16.0,0.3472,2187.5,2170.0,47.2496,46.8726,0.3770,4634.91379597,4634.39420258,4633.84703678,4633.95654780
115,XAUUSD,PERIOD_M5,26090401,2026.01.14 15:55:00,1768406100014,2026.01.14 15:55:00,BUY,60,2026.01.14 16:55:00,1768409700014,2026.01.14 16:55:00,1768409700102,88,OK,4635.43,4635.62,4635.52,19.0,0.4099,4615.50,4615.70,4615.60,20.0,0.4333,-1992.5,-2012.0,-42.9833,-43.4030,0.4198,4633.38304398,4633.48877513,4633.80043519,4633.66888648
116,XAUUSD,PERIOD_M5,26090401,2026.01.14 16:35:00,1768408500008,2026.01.14 16:35:00,SELL,30,2026.01.14 17:05:00,1768410300008,2026.01.14 17:05:00,1768410300010,2,OK,4629.57,4629.76,4629.66,19.0,0.4104,4605.60,4605.77,4605.69,17.0,0.3691,2398.0,2380.0,51.7964,51.4087,0.3877,4634.91379597,4634.39420258,4633.84703678,4633.95654780
116,XAUUSD,PERIOD_M5,26090401,2026.01.14 16:35:00,1768408500008,2026.01.14 16:35:00,SELL,60,2026.01.14 17:35:00,1768412100008,2026.01.14 17:35:00,1768412100051,43,OK,4629.57,4629.76,4629.66,19.0,0.4104,4610.26,4610.42,4610.34,16.0,0.3470,1932.5,1915.0,41.7417,41.3645,0.3771,4634.91379597,4634.39420258,4633.84703678,4633.95654780
117,XAUUSD,PERIOD_M5,26090401,2026.01.14 20:10:00,1768421400055,2026.01.14 20:10:00,BUY,1,2026.01.14 20:11:00,1768421460055,2026.01.14 20:11:00,1768421460092,37,OK,4621.01,4621.15,4621.08,14.0,0.3030,4623.10,4623.30,4623.20,20.0,0.4326,212.0,195.0,4.5877,4.2197,0.3679,4613.39038587,4613.93092860,4614.91430870,4614.57448055
117,XAUUSD,PERIOD_M5,26090401,2026.01.14 20:10:00,1768421400055,2026.01.14 20:10:00,BUY,3,2026.01.14 20:13:00,1768421580055,2026.01.14 20:13:00,1768421580661,606,OK,4621.01,4621.15,4621.08,14.0,0.3030,4621.55,4621.74,4621.65,19.0,0.4111,56.5,40.0,1.2227,0.8656,0.3571,4613.39038587,4613.93092860,4614.91430870,4614.57448055
117,XAUUSD,PERIOD_M5,26090401,2026.01.14 20:10:00,1768421400055,2026.01.14 20:10:00,BUY,5,2026.01.14 20:15:00,1768421700055,2026.01.14 20:15:00,1768421700060,5,OK,4621.01,4621.15,4621.08,14.0,0.3030,4623.66,4623.80,4623.73,14.0,0.3028,265.0,251.0,5.7346,5.4315,0.3030,4613.39038587,4613.93092860,4614.91430870,4614.57448055
117,XAUUSD,PERIOD_M5,26090401,2026.01.14 20:10:00,1768421400055,2026.01.14 20:10:00,BUY,10,2026.01.14 20:20:00,1768422000055,2026.01.14 20:20:00,1768422000068,13,OK,4621.01,4621.15,4621.08,14.0,0.3030,4627.07,4627.26,4627.16,19.0,0.4106,608.5,592.0,13.1679,12.8107,0.3573,4613.39038587,4613.93092860,4614.91430870,4614.57448055
117,XAUUSD,PERIOD_M5,26090401,2026.01.14 20:10:00,1768421400055,2026.01.14 20:10:00,BUY,15,2026.01.14 20:25:00,1768422300055,2026.01.14 20:25:00,1768422300068,13,OK,4621.01,4621.15,4621.08,14.0,0.3030,4626.96,4627.00,4626.98,4.0,0.0864,590.0,581.0,12.7676,12.5726,0.1950,4613.39038587,4613.93092860,4614.91430870,4614.57448055
117,XAUUSD,PERIOD_M5,26090401,2026.01.14 20:10:00,1768421400055,2026.01.14 20:10:00,BUY,30,2026.01.14 20:40:00,1768423200055,2026.01.14 20:40:00,1768423200150,95,OK,4621.01,4621.15,4621.08,14.0,0.3030,4628.84,4628.99,4628.91,15.0,0.3241,783.5,769.0,16.9549,16.6409,0.3140,4613.39038587,4613.93092860,4614.91430870,4614.57448055
117,XAUUSD,PERIOD_M5,26090401,2026.01.14 20:10:00,1768421400055,2026.01.14 20:10:00,BUY,60,2026.01.14 21:10:00,1768425000055,2026.01.14 21:10:00,1768425000123,68,OK,4621.01,4621.15,4621.08,14.0,0.3030,4634.88,4635.07,4634.98,19.0,0.4099,1389.5,1373.0,30.0687,29.7112,0.3575,4613.39038587,4613.93092860,4614.91430870,4614.57448055
118,XAUUSD,PERIOD_M5,26090401,2026.01.14 22:45:00,1768430700017,2026.01.14 22:45:00,SELL,1,2026.01.14 22:46:00,1768430760017,2026.01.14 22:46:00,1768430760237,220,OK,4625.79,4625.86,4625.82,7.0,0.1513,4627.41,4627.61,4627.51,20.0,0.4322,-168.5,-182.0,-3.6426,-3.9345,0.2919,4634.68014287,4634.10121635,4632.89811430,4633.34383304
118,XAUUSD,PERIOD_M5,26090401,2026.01.14 22:45:00,1768430700017,2026.01.14 22:45:00,SELL,3,2026.01.14 22:48:00,1768430880017,2026.01.14 22:48:00,1768430880028,11,OK,4625.79,4625.86,4625.82,7.0,0.1513,4629.88,4629.98,4629.93,10.0,0.2160,-410.5,-419.0,-8.8741,-9.0579,0.1838,4634.68014287,4634.10121635,4632.89811430,4633.34383304
118,XAUUSD,PERIOD_M5,26090401,2026.01.14 22:45:00,1768430700017,2026.01.14 22:45:00,SELL,5,2026.01.14 22:50:00,1768431000017,2026.01.14 22:50:00,1768431000027,10,OK,4625.79,4625.86,4625.82,7.0,0.1513,4630.48,4630.67,4630.57,19.0,0.4103,-475.0,-488.0,-10.2684,-10.5495,0.2811,4634.68014287,4634.10121635,4632.89811430,4633.34383304
118,XAUUSD,PERIOD_M5,26090401,2026.01.14 22:45:00,1768430700017,2026.01.14 22:45:00,SELL,10,2026.01.14 22:55:00,1768431300017,2026.01.14 22:55:00,1768431300026,9,OK,4625.79,4625.86,4625.82,7.0,0.1513,4632.33,4632.52,4632.43,19.0,0.4102,-660.0,-673.0,-14.2677,-14.5489,0.2811,4634.68014287,4634.10121635,4632.89811430,4633.34383304
118,XAUUSD,PERIOD_M5,26090401,2026.01.14 22:45:00,1768430700017,2026.01.14 22:45:00,SELL,15,2026.01.14 23:00:00,1768431600017,2026.01.14 23:00:00,1768431600066,49,OK,4625.79,4625.86,4625.82,7.0,0.1513,4632.53,4632.80,4632.66,27.0,0.5828,-684.0,-701.0,-14.7866,-15.1542,0.3676,4634.68014287,4634.10121635,4632.89811430,4633.34383304
118,XAUUSD,PERIOD_M5,26090401,2026.01.14 22:45:00,1768430700017,2026.01.14 22:45:00,SELL,30,2026.01.14 23:15:00,1768432500017,2026.01.14 23:15:00,1768432500029,12,OK,4625.79,4625.86,4625.82,7.0,0.1513,4624.48,4624.75,4624.61,27.0,0.5838,121.0,104.0,2.6157,2.2483,0.3675,4634.68014287,4634.10121635,4632.89811430,4633.34383304
118,XAUUSD,PERIOD_M5,26090401,2026.01.14 22:45:00,1768430700017,2026.01.14 22:45:00,SELL,60,2026.01.14 23:45:00,1768434300017,2026.01.14 23:45:00,1768434300194,177,OK,4625.79,4625.86,4625.82,7.0,0.1513,4621.13,4621.57,4621.35,44.0,0.9521,447.5,422.0,9.6740,9.1228,0.5512,4634.68014287,4634.10121635,4632.89811430,4633.34383304
119,XAUUSD,PERIOD_M5,26090401,2026.01.15 04:25:00,1768451100035,2026.01.15 04:25:00,BUY,1,2026.01.15 04:26:00,1768451160035,2026.01.15 04:26:00,1768451160088,53,OK,4608.95,4609.14,4609.05,19.0,0.4122,4609.56,4609.74,4609.65,18.0,0.3905,60.5,42.0,1.3126,0.9112,0.4014,4607.77408279,4607.85538539,4608.00726623,4607.95398672
119,XAUUSD,PERIOD_M5,26090401,2026.01.15 04:25:00,1768451100035,2026.01.15 04:25:00,BUY,3,2026.01.15 04:28:00,1768451280035,2026.01.15 04:28:00,1768451280043,8,OK,4608.95,4609.14,4609.05,19.0,0.4122,4611.41,4611.62,4611.51,21.0,0.4554,247.0,227.0,5.3590,4.9250,0.4340,4607.77408279,4607.85538539,4608.00726623,4607.95398672
119,XAUUSD,PERIOD_M5,26090401,2026.01.15 04:25:00,1768451100035,2026.01.15 04:25:00,BUY,5,2026.01.15 04:30:00,1768451400035,2026.01.15 04:30:00,1768451400054,19,OK,4608.95,4609.14,4609.05,19.0,0.4122,4611.15,4611.34,4611.24,19.0,0.4120,220.0,201.0,4.7732,4.3609,0.4123,4607.77408279,4607.85538539,4608.00726623,4607.95398672
119,XAUUSD,PERIOD_M5,26090401,2026.01.15 04:25:00,1768451100035,2026.01.15 04:25:00,BUY,10,2026.01.15 04:35:00,1768451700035,2026.01.15 04:35:00,1768451700073,38,OK,4608.95,4609.14,4609.05,19.0,0.4122,4609.99,4610.21,4610.10,22.0,0.4772,105.5,85.0,2.2890,1.8442,0.4448,4607.77408279,4607.85538539,4608.00726623,4607.95398672
119,XAUUSD,PERIOD_M5,26090401,2026.01.15 04:25:00,1768451100035,2026.01.15 04:25:00,BUY,15,2026.01.15 04:40:00,1768452000035,2026.01.15 04:40:00,1768452000035,0,OK,4608.95,4609.14,4609.05,19.0,0.4122,4605.84,4606.03,4605.93,19.0,0.4125,-311.0,-330.0,-6.7476,-7.1597,0.4121,4607.77408279,4607.85538539,4608.00726623,4607.95398672
120,XAUUSD,PERIOD_M5,26090401,2026.01.15 04:50:00,1768452600111,2026.01.15 04:50:00,SELL,1,2026.01.15 04:51:00,1768452660111,2026.01.15 04:51:00,1768452660119,8,OK,4604.10,4604.31,4604.20,21.0,0.4561,4601.37,4601.55,4601.46,18.0,0.3912,274.5,255.0,5.9619,5.5385,0.4234,4608.11763225,4608.10131051,4607.31410580,4607.73755501
120,XAUUSD,PERIOD_M5,26090401,2026.01.15 04:50:00,1768452600111,2026.01.15 04:50:00,SELL,3,2026.01.15 04:53:00,1768452780111,2026.01.15 04:53:00,1768452780196,85,OK,4604.10,4604.31,4604.20,21.0,0.4561,4597.65,4597.87,4597.76,22.0,0.4785,644.5,623.0,13.9981,13.5314,0.4667,4608.11763225,4608.10131051,4607.31410580,4607.73755501
120,XAUUSD,PERIOD_M5,26090401,2026.01.15 04:50:00,1768452600111,2026.01.15 04:50:00,SELL,5,2026.01.15 04:55:00,1768452900111,2026.01.15 04:55:00,1768452900134,23,OK,4604.10,4604.31,4604.20,21.0,0.4561,4598.81,4598.99,4598.90,18.0,0.3914,530.5,511.0,11.5221,11.0988,0.4233,4608.11763225,4608.10131051,4607.31410580,4607.73755501
119,XAUUSD,PERIOD_M5,26090401,2026.01.15 04:25:00,1768451100035,2026.01.15 04:25:00,BUY,30,2026.01.15 04:55:00,1768452900035,2026.01.15 04:55:00,1768452900049,14,OK,4608.95,4609.14,4609.05,19.0,0.4122,4598.75,4598.96,4598.85,21.0,0.4566,-1019.0,-1039.0,-22.1087,-22.5422,0.4335,4607.77408279,4607.85538539,4608.00726623,4607.95398672
120,XAUUSD,PERIOD_M5,26090401,2026.01.15 04:50:00,1768452600111,2026.01.15 04:50:00,SELL,10,2026.01.15 05:00:00,1768453200111,2026.01.15 05:00:00,1768453200125,14,OK,4604.10,4604.31,4604.20,21.0,0.4561,4602.98,4603.13,4603.06,15.0,0.3259,115.0,97.0,2.4977,2.1068,0.3909,4608.11763225,4608.10131051,4607.31410580,4607.73755501
120,XAUUSD,PERIOD_M5,26090401,2026.01.15 04:50:00,1768452600111,2026.01.15 04:50:00,SELL,15,2026.01.15 05:05:00,1768453500111,2026.01.15 05:05:00,1768453500287,176,OK,4604.10,4604.31,4604.20,21.0,0.4561,4598.26,4598.49,4598.38,23.0,0.5002,583.0,561.0,12.6623,12.1848,0.4775,4608.11763225,4608.10131051,4607.31410580,4607.73755501
120,XAUUSD,PERIOD_M5,26090401,2026.01.15 04:50:00,1768452600111,2026.01.15 04:50:00,SELL,30,2026.01.15 05:20:00,1768454400111,2026.01.15 05:20:00,1768454400172,61,OK,4604.10,4604.31,4604.20,21.0,0.4561,4591.30,4591.50,4591.40,20.0,0.4356,1280.5,1260.0,27.8115,27.3669,0.4446,4608.11763225,4608.10131051,4607.31410580,4607.73755501
119,XAUUSD,PERIOD_M5,26090401,2026.01.15 04:25:00,1768451100035,2026.01.15 04:25:00,BUY,60,2026.01.15 05:25:00,1768454700035,2026.01.15 05:25:00,1768454700065,30,OK,4608.95,4609.14,4609.05,19.0,0.4122,4586.92,4586.96,4586.94,4.0,0.0872,-2210.5,-2222.0,-47.9600,-48.2086,0.2485,4607.77408279,4607.85538539,4608.00726623,4607.95398672
120,XAUUSD,PERIOD_M5,26090401,2026.01.15 04:50:00,1768452600111,2026.01.15 04:50:00,SELL,60,2026.01.15 05:50:00,1768456200111,2026.01.15 05:50:00,1768456200393,282,OK,4604.10,4604.31,4604.20,21.0,0.4561,4593.80,4593.98,4593.89,18.0,0.3918,1031.5,1012.0,22.4034,21.9804,0.4230,4608.11763225,4608.10131051,4607.31410580,4607.73755501
121,XAUUSD,PERIOD_M5,26090401,2026.01.15 08:05:00,1768464300014,2026.01.15 08:05:00,BUY,1,2026.01.15 08:06:00,1768464360014,2026.01.15 08:06:00,1768464360017,3,OK,4599.18,4599.35,4599.27,17.0,0.3696,4599.47,4599.65,4599.56,18.0,0.3913,29.5,12.0,0.6414,0.2609,0.3805,4591.59441095,4591.64069363,4593.12752876,4592.33335784
121,XAUUSD,PERIOD_M5,26090401,2026.01.15 08:05:00,1768464300014,2026.01.15 08:05:00,BUY,3,2026.01.15 08:08:00,1768464480014,2026.01.15 08:08:00,1768464480048,34,OK,4599.18,4599.35,4599.27,17.0,0.3696,4600.36,4600.52,4600.44,16.0,0.3478,117.5,101.0,2.5548,2.1960,0.3588,4591.59441095,4591.64069363,4593.12752876,4592.33335784
121,XAUUSD,PERIOD_M5,26090401,2026.01.15 08:05:00,1768464300014,2026.01.15 08:05:00,BUY,5,2026.01.15 08:10:00,1768464600014,2026.01.15 08:10:00,1768464600056,42,OK,4599.18,4599.35,4599.27,17.0,0.3696,4604.54,4604.74,4604.64,20.0,0.4343,537.5,519.0,11.6866,11.2842,0.4024,4591.59441095,4591.64069363,4593.12752876,4592.33335784
121,XAUUSD,PERIOD_M5,26090401,2026.01.15 08:05:00,1768464300014,2026.01.15 08:05:00,BUY,10,2026.01.15 08:15:00,1768464900014,2026.01.15 08:15:00,1768464900038,24,OK,4599.18,4599.35,4599.27,17.0,0.3696,4605.39,4605.51,4605.45,12.0,0.2606,618.5,604.0,13.4478,13.1323,0.3155,4591.59441095,4591.64069363,4593.12752876,4592.33335784
121,XAUUSD,PERIOD_M5,26090401,2026.01.15 08:05:00,1768464300014,2026.01.15 08:05:00,BUY,15,2026.01.15 08:20:00,1768465200014,2026.01.15 08:20:00,1768465200054,40,OK,4599.18,4599.35,4599.27,17.0,0.3696,4608.90,4609.03,4608.97,13.0,0.2821,970.0,955.0,21.0903,20.7638,0.3265,4591.59441095,4591.64069363,4593.12752876,4592.33335784
121,XAUUSD,PERIOD_M5,26090401,2026.01.15 08:05:00,1768464300014,2026.01.15 08:05:00,BUY,30,2026.01.15 08:35:00,1768466100014,2026.01.15 08:35:00,1768466100045,31,OK,4599.18,4599.35,4599.27,17.0,0.3696,4602.20,4602.33,4602.26,13.0,0.2825,300.0,285.0,6.5228,6.1965,0.3263,4591.59441095,4591.64069363,4593.12752876,4592.33335784
121,XAUUSD,PERIOD_M5,26090401,2026.01.15 08:05:00,1768464300014,2026.01.15 08:05:00,BUY,60,2026.01.15 09:05:00,1768467900014,2026.01.15 09:05:00,1768467900025,11,OK,4599.18,4599.35,4599.27,17.0,0.3696,4608.98,4609.16,4609.07,18.0,0.3905,980.5,963.0,21.3186,20.9377,0.3809,4591.59441095,4591.64069363,4593.12752876,4592.33335784
122,XAUUSD,PERIOD_M5,26090401,2026.01.15 10:05:00,1768471500011,2026.01.15 10:05:00,SELL,1,2026.01.15 10:06:00,1768471560011,2026.01.15 10:06:00,1768471560056,45,OK,4599.87,4600.06,4599.97,19.0,0.4130,4598.43,4598.56,4598.50,13.0,0.2827,147.0,131.0,3.1957,2.8479,0.3478,4604.78727039,4604.66502854,4603.80581631,4604.23002594
122,XAUUSD,PERIOD_M5,26090401,2026.01.15 10:05:00,1768471500011,2026.01.15 10:05:00,SELL,3,2026.01.15 10:08:00,1768471680011,2026.01.15 10:08:00,1768471680026,15,OK,4599.87,4600.06,4599.97,19.0,0.4130,4602.96,4603.12,4603.04,16.0,0.3476,-307.5,-325.0,-6.6848,-7.0654,0.3806,4604.78727039,4604.66502854,4603.80581631,4604.23002594
122,XAUUSD,PERIOD_M5,26090401,2026.01.15 10:05:00,1768471500011,2026.01.15 10:05:00,SELL,5,2026.01.15 10:10:00,1768471800011,2026.01.15 10:10:00,1768471800068,57,OK,4599.87,4600.06,4599.97,19.0,0.4130,4601.74,4601.92,4601.83,18.0,0.3911,-186.5,-205.0,-4.0544,-4.4566,0.4023,4604.78727039,4604.66502854,4603.80581631,4604.23002594
122,XAUUSD,PERIOD_M5,26090401,2026.01.15 10:05:00,1768471500011,2026.01.15 10:05:00,SELL,10,2026.01.15 10:15:00,1768472100011,2026.01.15 10:15:00,1768472100050,39,OK,4599.87,4600.06,4599.97,19.0,0.4130,4603.77,4603.96,4603.86,19.0,0.4127,-390.0,-409.0,-8.4783,-8.8916,0.4132,4604.78727039,4604.66502854,4603.80581631,4604.23002594
122,XAUUSD,PERIOD_M5,26090401,2026.01.15 10:05:00,1768471500011,2026.01.15 10:05:00,SELL,15,2026.01.15 10:20:00,1768472400011,2026.01.15 10:20:00,1768472400030,19,OK,4599.87,4600.06,4599.97,19.0,0.4130,4605.86,4606.02,4605.94,16.0,0.3474,-597.5,-615.0,-12.9892,-13.3699,0.3807,4604.78727039,4604.66502854,4603.80581631,4604.23002594
122,XAUUSD,PERIOD_M5,26090401,2026.01.15 10:05:00,1768471500011,2026.01.15 10:05:00,SELL,30,2026.01.15 10:35:00,1768473300011,2026.01.15 10:35:00,1768473300019,8,OK,4599.87,4600.06,4599.97,19.0,0.4130,4603.14,4603.33,4603.24,19.0,0.4128,-327.0,-346.0,-7.1087,-7.5220,0.4132,4604.78727039,4604.66502854,4603.80581631,4604.23002594
123,XAUUSD,PERIOD_M5,26090401,2026.01.15 10:45:00,1768473900278,2026.01.15 10:45:00,BUY,1,2026.01.15 10:46:00,1768473960278,2026.01.15 10:46:00,1768473960293,15,OK,4606.34,4606.53,4606.43,19.0,0.4125,4604.77,4604.95,4604.86,18.0,0.3909,-157.5,-176.0,-3.4191,-3.8207,0.4015,4603.75235756,4603.94726822,4604.26988605,4604.16478929
123,XAUUSD,PERIOD_M5,26090401,2026.01.15 10:45:00,1768473900278,2026.01.15 10:45:00,BUY,3,2026.01.15 10:48:00,1768474080278,2026.01.15 10:48:00,1768474080342,64,OK,4606.34,4606.53,4606.43,19.0,0.4125,4603.93,4604.09,4604.01,16.0,0.3475,-242.5,-260.0,-5.2644,-5.6442,0.3798,4603.75235756,4603.94726822,4604.26988605,4604.16478929
124,XAUUSD,PERIOD_M5,26090401,2026.01.15 10:50:00,1768474200011,2026.01.15 10:50:00,SELL,1,2026.01.15 10:51:00,1768474260011,2026.01.15 10:51:00,1768474260015,4,OK,4603.24,4603.35,4603.30,11.0,0.2390,4604.19,4604.36,4604.27,17.0,0.3692,-98.0,-112.0,-2.1289,-2.4331,0.3042,4604.26988605,4604.16478929,4604.05390884,4604.07617208
124,XAUUSD,PERIOD_M5,26090401,2026.01.15 10:50:00,1768474200011,2026.01.15 10:50:00,SELL,3,2026.01.15 10:53:00,1768474380011,2026.01.15 10:53:00,1768474380063,52,OK,4603.24,4603.35,4603.30,11.0,0.2390,4603.38,4603.54,4603.46,16.0,0.3476,-16.5,-30.0,-0.3584,-0.6517,0.2933,4604.26988605,4604.16478929,4604.05390884,4604.07617208
123,XAUUSD,PERIOD_M5,26090401,2026.01.15 10:45:00,1768473900278,2026.01.15 10:45:00,BUY,5,2026.01.15 10:50:00,1768474200278,2026.01.15 10:50:00,1768474200292,14,OK,4606.34,4606.53,4606.43,19.0,0.4125,4603.16,4603.34,4603.25,18.0,0.3910,-318.5,-337.0,-6.9142,-7.3157,0.4015,4603.75235756,4603.94726822,4604.26988605,4604.16478929
124,XAUUSD,PERIOD_M5,26090401,2026.01.15 10:50:00,1768474200011,2026.01.15 10:50:00,SELL,5,2026.01.15 10:55:00,1768474500011,2026.01.15 10:55:02,1768474502068,2057,OK,4603.24,4603.35,4603.30,11.0,0.2390,4603.28,4603.46,4603.37,18.0,0.3910,-7.5,-22.0,-0.1629,-0.4779,0.3150,4604.26988605,4604.16478929,4604.05390884,4604.07617208
123,XAUUSD,PERIOD_M5,26090401,2026.01.15 10:45:00,1768473900278,2026.01.15 10:45:00,BUY,10,2026.01.15 10:55:00,1768474500278,2026.01.15 10:55:02,1768474502068,1790,OK,4606.34,4606.53,4606.43,19.0,0.4125,4603.28,4603.46,4603.37,18.0,0.3910,-306.5,-325.0,-6.6537,-7.0552,0.4015,4603.75235756,4603.94726822,4604.26988605,4604.16478929
124,XAUUSD,PERIOD_M5,26090401,2026.01.15 10:50:00,1768474200011,2026.01.15 10:50:00,SELL,10,2026.01.15 11:00:00,1768474800011,2026.01.15 11:00:00,1768474800057,46,OK,4603.24,4603.35,4603.30,11.0,0.2390,4604.25,4604.38,4604.32,13.0,0.2823,-102.0,-114.0,-2.2158,-2.4765,0.2607,4604.26988605,4604.16478929,4604.05390884,4604.07617208
123,XAUUSD,PERIOD_M5,26090401,2026.01.15 10:45:00,1768473900278,2026.01.15 10:45:00,BUY,15,2026.01.15 11:00:00,1768474800278,2026.01.15 11:00:00,1768474800537,259,OK,4606.34,4606.53,4606.43,19.0,0.4125,4604.15,4604.21,4604.18,6.0,0.1303,-225.5,-238.0,-4.8953,-5.1666,0.2713,4603.75235756,4603.94726822,4604.26988605,4604.16478929
124,XAUUSD,PERIOD_M5,26090401,2026.01.15 10:50:00,1768474200011,2026.01.15 10:50:00,SELL,15,2026.01.15 11:05:00,1768475100011,2026.01.15 11:05:00,1768475100074,63,OK,4603.24,4603.35,4603.30,11.0,0.2390,4603.59,4603.78,4603.68,19.0,0.4127,-39.0,-54.0,-0.8472,-1.1731,0.3259,4604.26988605,4604.16478929,4604.05390884,4604.07617208
122,XAUUSD,PERIOD_M5,26090401,2026.01.15 10:05:00,1768471500011,2026.01.15 10:05:00,SELL,60,2026.01.15 11:05:00,1768475100011,2026.01.15 11:05:00,1768475100074,63,OK,4599.87,4600.06,4599.97,19.0,0.4130,4603.59,4603.78,4603.68,19.0,0.4127,-372.0,-391.0,-8.0870,-8.5002,0.4132,4604.78727039,4604.66502854,4603.80581631,4604.23002594
123,XAUUSD,PERIOD_M5,26090401,2026.01.15 10:45:00,1768473900278,2026.01.15 10:45:00,BUY,30,2026.01.15 11:15:00,1768475700278,2026.01.15 11:15:00,1768475700356,78,OK,4606.34,4606.53,4606.43,19.0,0.4125,4603.99,4604.15,4604.07,16.0,0.3475,-236.5,-254.0,-5.1341,-5.5139,0.3798,4603.75235756,4603.94726822,4604.26988605,4604.16478929
124,XAUUSD,PERIOD_M5,26090401,2026.01.15 10:50:00,1768474200011,2026.01.15 10:50:00,SELL,30,2026.01.15 11:20:00,1768476000011,2026.01.15 11:20:00,1768476000025,14,OK,4603.24,4603.35,4603.30,11.0,0.2390,4602.63,4602.81,4602.72,18.0,0.3911,57.5,43.0,1.2491,0.9341,0.3150,4604.26988605,4604.16478929,4604.05390884,4604.07617208
125,XAUUSD,PERIOD_M5,26090401,2026.01.15 11:35:00,1768476900007,2026.01.15 11:35:00,BUY,1,2026.01.15 11:36:00,1768476960007,2026.01.15 11:36:00,1768476960048,41,OK,4605.61,4605.74,4605.67,13.0,0.2823,4606.14,4606.31,4606.23,17.0,0.3691,55.0,40.0,1.1942,0.8685,0.3257,4603.49798205,4603.68361033,4603.91838564,4603.85782757
125,XAUUSD,PERIOD_M5,26090401,2026.01.15 11:35:00,1768476900007,2026.01.15 11:35:00,BUY,3,2026.01.15 11:38:00,1768477080007,2026.01.15 11:38:00,1768477080043,36,OK,4605.61,4605.74,4605.67,13.0,0.2823,4607.98,4608.15,4608.06,17.0,0.3689,239.0,224.0,5.1893,4.8635,0.3258,4603.49798205,4603.68361033,4603.91838564,4603.85782757
125,XAUUSD,PERIOD_M5,26090401,2026.01.15 11:35:00,1768476900007,2026.01.15 11:35:00,BUY,5,2026.01.15 11:40:00,1768477200007,2026.01.15 11:40:00,1768477200071,64,OK,4605.61,4605.74,4605.67,13.0,0.2823,4609.05,4609.23,4609.14,18.0,0.3905,346.5,331.0,7.5233,7.1867,0.3366,4603.49798205,4603.68361033,4603.91838564,4603.85782757
125,XAUUSD,PERIOD_M5,26090401,2026.01.15 11:35:00,1768476900007,2026.01.15 11:35:00,BUY,10,2026.01.15 11:45:00,1768477500007,2026.01.15 11:45:00,1768477500011,4,OK,4605.61,4605.74,4605.67,13.0,0.2823,4609.46,4609.64,4609.55,18.0,0.3905,387.5,372.0,8.4135,8.0769,0.3367,4603.49798205,4603.68361033,4603.91838564,4603.85782757
123,XAUUSD,PERIOD_M5,26090401,2026.01.15 10:45:00,1768473900278,2026.01.15 10:45:00,BUY,60,2026.01.15 11:45:00,1768477500278,2026.01.15 11:45:00,1768477500297,19,OK,4606.34,4606.53,4606.43,19.0,0.4125,4609.48,4609.62,4609.55,14.0,0.3037,311.5,295.0,6.7623,6.4040,0.3583,4603.75235756,4603.94726822,4604.26988605,4604.16478929
125,XAUUSD,PERIOD_M5,26090401,2026.01.15 11:35:00,1768476900007,2026.01.15 11:35:00,BUY,15,2026.01.15 11:50:00,1768477800007,2026.01.15 11:50:00,1768477800039,32,OK,4605.61,4605.74,4605.67,13.0,0.2823,4611.99,4612.13,4612.06,14.0,0.3036,638.5,625.0,13.8633,13.5700,0.2933,4603.49798205,4603.68361033,4603.91838564,4603.85782757
124,XAUUSD,PERIOD_M5,26090401,2026.01.15 10:50:00,1768474200011,2026.01.15 10:50:00,SELL,60,2026.01.15 11:50:00,1768477800011,2026.01.15 11:50:00,1768477800039,28,OK,4603.24,4603.35,4603.30,11.0,0.2390,4611.99,4612.13,4612.06,14.0,0.3036,-876.5,-889.0,-19.0407,-19.3125,0.2718,4604.26988605,4604.16478929,4604.05390884,4604.07617208
125,XAUUSD,PERIOD_M5,26090401,2026.01.15 11:35:00,1768476900007,2026.01.15 11:35:00,BUY,30,2026.01.15 12:05:00,1768478700007,2026.01.15 12:05:00,1768478700202,195,OK,4605.61,4605.74,4605.67,13.0,0.2823,4609.84,4610.00,4609.92,16.0,0.3471,424.5,410.0,9.2169,8.9019,0.3150,4603.49798205,4603.68361033,4603.91838564,4603.85782757
125,XAUUSD,PERIOD_M5,26090401,2026.01.15 11:35:00,1768476900007,2026.01.15 11:35:00,BUY,60,2026.01.15 12:35:00,1768480500007,2026.01.15 12:35:00,1768480500051,44,OK,4605.61,4605.74,4605.67,13.0,0.2823,4613.40,4613.56,4613.48,16.0,0.3468,780.5,766.0,16.9465,16.6314,0.3151,4603.49798205,4603.68361033,4603.91838564,4603.85782757
126,XAUUSD,PERIOD_M5,26090401,2026.01.15 14:35:00,1768487700041,2026.01.15 14:35:00,SELL,1,2026.01.15 14:36:00,1768487760041,2026.01.15 14:36:00,1768487760403,362,OK,4615.64,4615.82,4615.73,18.0,0.3900,4616.16,4616.31,4616.24,15.0,0.3249,-50.5,-67.0,-1.0941,-1.4516,0.3575,4616.70631152,4616.64246721,4616.49304921,4616.55133383
126,XAUUSD,PERIOD_M5,26090401,2026.01.15 14:35:00,1768487700041,2026.01.15 14:35:00,SELL,3,2026.01.15 14:38:00,1768487880041,2026.01.15 14:38:00,1768487880282,241,OK,4615.64,4615.82,4615.73,18.0,0.3900,4616.21,4616.40,4616.31,19.0,0.4116,-57.5,-76.0,-1.2457,-1.6466,0.4008,4616.70631152,4616.64246721,4616.49304921,4616.55133383
127,XAUUSD,PERIOD_M5,26090401,2026.01.15 14:40:00,1768488000003,2026.01.15 14:40:00,BUY,1,2026.01.15 14:41:00,1768488060003,2026.01.15 14:41:00,1768488060023,20,OK,4617.21,4617.40,4617.31,19.0,0.4115,4617.09,4617.27,4617.18,18.0,0.3898,-12.5,-31.0,-0.2707,-0.6714,0.4007,4616.49304921,4616.55133383,4616.63643937,4616.61121257
127,XAUUSD,PERIOD_M5,26090401,2026.01.15 14:40:00,1768488000003,2026.01.15 14:40:00,BUY,3,2026.01.15 14:43:00,1768488180003,2026.01.15 14:43:00,1768488180091,88,OK,4617.21,4617.40,4617.31,19.0,0.4115,4617.86,4618.01,4617.93,15.0,0.3248,63.0,46.0,1.3644,0.9962,0.3682,4616.49304921,4616.55133383,4616.63643937,4616.61121257
126,XAUUSD,PERIOD_M5,26090401,2026.01.15 14:35:00,1768487700041,2026.01.15 14:35:00,SELL,5,2026.01.15 14:40:00,1768488000041,2026.01.15 14:40:00,1768488000087,46,OK,4615.64,4615.82,4615.73,18.0,0.3900,4617.21,4617.37,4617.29,16.0,0.3465,-156.0,-173.0,-3.3797,-3.7481,0.3684,4616.70631152,4616.64246721,4616.49304921,4616.55133383
127,XAUUSD,PERIOD_M5,26090401,2026.01.15 14:40:00,1768488000003,2026.01.15 14:40:00,BUY,5,2026.01.15 14:45:00,1768488300003,2026.01.15 14:45:00,1768488300067,64,OK,4617.21,4617.40,4617.31,19.0,0.4115,4617.19,4617.38,4617.28,19.0,0.4115,-2.0,-21.0,-0.0433,-0.4548,0.4115,4616.49304921,4616.55133383,4616.63643937,4616.61121257
126,XAUUSD,PERIOD_M5,26090401,2026.01.15 14:35:00,1768487700041,2026.01.15 14:35:00,SELL,10,2026.01.15 14:45:00,1768488300041,2026.01.15 14:45:00,1768488300067,26,OK,4615.64,4615.82,4615.73,18.0,0.3900,4617.19,4617.38,4617.28,19.0,0.4115,-155.5,-174.0,-3.3689,-3.7698,0.4009,4616.70631152,4616.64246721,4616.49304921,4616.55133383
128,XAUUSD,PERIOD_M5,26090401,2026.01.15 14:50:00,1768488600007,2026.01.15 14:50:00,SELL,1,2026.01.15 14:51:00,1768488660007,2026.01.15 14:51:00,1768488660248,241,OK,4614.31,4614.50,4614.41,19.0,0.4118,4614.43,4614.57,4614.50,14.0,0.3034,-9.5,-26.0,-0.2059,-0.5635,0.3576,4616.74715150,4616.66382961,4616.26772120,4616.45348146
128,XAUUSD,PERIOD_M5,26090401,2026.01.15 14:50:00,1768488600007,2026.01.15 14:50:00,SELL,3,2026.01.15 14:53:00,1768488780007,2026.01.15 14:53:00,1768488780052,45,OK,4614.31,4614.50,4614.41,19.0,0.4118,4614.34,4614.48,4614.41,14.0,0.3034,-0.5,-17.0,-0.0108,-0.3684,0.3576,4616.74715150,4616.66382961,4616.26772120,4616.45348146
127,XAUUSD,PERIOD_M5,26090401,2026.01.15 14:40:00,1768488000003,2026.01.15 14:40:00,BUY,10,2026.01.15 14:50:00,1768488600003,2026.01.15 14:50:00,1768488600007,4,OK,4617.21,4617.40,4617.31,19.0,0.4115,4614.31,4614.50,4614.41,19.0,0.4118,-290.0,-309.0,-6.2807,-6.6921,0.4114,4616.49304921,4616.55133383,4616.63643937,4616.61121257
126,XAUUSD,PERIOD_M5,26090401,2026.01.15 14:35:00,1768487700041,2026.01.15 14:35:00,SELL,15,2026.01.15 14:50:00,1768488600041,2026.01.15 14:50:00,1768488600089,48,OK,4615.64,4615.82,4615.73,18.0,0.3900,4614.31,4614.46,4614.39,15.0,0.3251,134.5,118.0,2.9139,2.5565,0.3574,4616.70631152,4616.64246721,4616.49304921,4616.55133383
128,XAUUSD,PERIOD_M5,26090401,2026.01.15 14:50:00,1768488600007,2026.01.15 14:50:00,SELL,5,2026.01.15 14:55:00,1768488900007,2026.01.15 14:55:00,1768488900061,54,OK,4614.31,4614.50,4614.41,19.0,0.4118,4612.63,4612.82,4612.73,19.0,0.4119,168.0,149.0,3.6408,3.2291,0.4117,4616.74715150,4616.66382961,4616.26772120,4616.45348146
128,XAUUSD,PERIOD_M5,26090401,2026.01.15 14:50:00,1768488600007,2026.01.15 14:50:00,SELL,10,2026.01.15 15:00:00,1768489200007,,,,NO_TICK_NEAR_TARGET,4614.31,4614.50,4614.41,19.0,0.4118,,,,,,,,,,,4616.74715150,4616.66382961,4616.26772120,4616.45348146
128,XAUUSD,PERIOD_M5,26090401,2026.01.15 14:50:00,1768488600007,2026.01.15 14:50:00,SELL,15,2026.01.15 15:05:00,1768489500007,,,,NO_TICK_NEAR_TARGET,4614.31,4614.50,4614.41,19.0,0.4118,,,,,,,,,,,4616.74715150,4616.66382961,4616.26772120,4616.45348146
127,XAUUSD,PERIOD_M5,26090401,2026.01.15 14:40:00,1768488000003,2026.01.15 14:40:00,BUY,15,2026.01.15 14:55:00,1768488900003,2026.01.15 14:55:00,1768488900061,58,OK,4617.21,4617.40,4617.31,19.0,0.4115,4612.63,4612.82,4612.73,19.0,0.4119,-458.0,-477.0,-9.9192,-10.3305,0.4113,4616.49304921,4616.55133383,4616.63643937,4616.61121257
127,XAUUSD,PERIOD_M5,26090401,2026.01.15 14:40:00,1768488000003,2026.01.15 14:40:00,BUY,30,2026.01.15 15:10:00,1768489800003,,,,NO_TICK_NEAR_TARGET,4617.21,4617.40,4617.31,19.0,0.4115,,,,,,,,,,,4616.49304921,4616.55133383,4616.63643937,4616.61121257
126,XAUUSD,PERIOD_M5,26090401,2026.01.15 14:35:00,1768487700041,2026.01.15 14:35:00,SELL,30,2026.01.15 15:05:00,1768489500041,,,,NO_TICK_NEAR_TARGET,4615.64,4615.82,4615.73,18.0,0.3900,,,,,,,,,,,4616.70631152,4616.64246721,4616.49304921,4616.55133383
128,XAUUSD,PERIOD_M5,26090401,2026.01.15 14:50:00,1768488600007,2026.01.15 14:50:00,SELL,30,2026.01.15 15:20:00,1768490400007,2026.01.15 15:20:00,1768490400023,16,OK,4614.31,4614.50,4614.41,19.0,0.4118,4605.39,4605.51,4605.45,12.0,0.2606,895.5,880.0,19.4066,19.0711,0.3355,4616.74715150,4616.66382961,4616.26772120,4616.45348146
126,XAUUSD,PERIOD_M5,26090401,2026.01.15 14:35:00,1768487700041,2026.01.15 14:35:00,SELL,60,2026.01.15 15:35:00,1768491300041,2026.01.15 15:35:00,1768491300062,21,OK,4615.64,4615.82,4615.73,18.0,0.3900,4595.05,4595.17,4595.11,12.0,0.2611,2062.0,2047.0,44.6733,44.3492,0.3241,4616.70631152,4616.64246721,4616.49304921,4616.55133383
127,XAUUSD,PERIOD_M5,26090401,2026.01.15 14:40:00,1768488000003,2026.01.15 14:40:00,BUY,60,2026.01.15 15:40:00,1768491600003,2026.01.15 15:40:00,1768491600065,62,OK,4617.21,4617.40,4617.31,19.0,0.4115,4593.96,4594.15,4594.06,19.0,0.4136,-2325.0,-2344.0,-50.3540,-50.7645,0.4105,4616.49304921,4616.55133383,4616.63643937,4616.61121257
128,XAUUSD,PERIOD_M5,26090401,2026.01.15 14:50:00,1768488600007,2026.01.15 14:50:00,SELL,60,2026.01.15 15:50:00,1768492200007,2026.01.15 15:50:00,1768492200025,18,OK,4614.31,4614.50,4614.41,19.0,0.4118,4588.00,4588.19,4588.09,19.0,0.4141,2631.0,2612.0,57.0171,56.6065,0.4106,4616.74715150,4616.66382961,4616.26772120,4616.45348146
129,XAUUSD,PERIOD_M5,26090401,2026.01.15 16:50:00,1768495800027,2026.01.15 16:50:00,BUY,1,2026.01.15 16:51:00,1768495860027,2026.01.15 16:51:00,1768495860039,12,OK,4609.27,4609.41,4609.34,14.0,0.3037,4610.12,4610.28,4610.20,16.0,0.3471,86.0,71.0,1.8658,1.5403,0.3254,4602.50725795,4602.84580601,4603.85980636,4603.42982364
129,XAUUSD,PERIOD_M5,26090401,2026.01.15 16:50:00,1768495800027,2026.01.15 16:50:00,BUY,3,2026.01.15 16:53:00,1768495980027,2026.01.15 16:53:00,1768495980047,20,OK,4609.27,4609.41,4609.34,14.0,0.3037,4608.88,4609.04,4608.96,16.0,0.3471,-38.0,-53.0,-0.8244,-1.1498,0.3254,4602.50725795,4602.84580601,4603.85980636,4603.42982364
129,XAUUSD,PERIOD_M5,26090401,2026.01.15 16:50:00,1768495800027,2026.01.15 16:50:00,BUY,5,2026.01.15 16:55:00,1768496100027,2026.01.15 16:55:00,1768496100046,19,OK,4609.27,4609.41,4609.34,14.0,0.3037,4613.01,4613.12,4613.07,11.0,0.2385,372.5,360.0,8.0814,7.8101,0.2713,4602.50725795,4602.84580601,4603.85980636,4603.42982364
129,XAUUSD,PERIOD_M5,26090401,2026.01.15 16:50:00,1768495800027,2026.01.15 16:50:00,BUY,10,2026.01.15 17:00:00,1768496400027,2026.01.15 17:00:00,1768496400029,2,OK,4609.27,4609.41,4609.34,14.0,0.3037,4611.12,4611.31,4611.22,19.0,0.4120,187.5,171.0,4.0678,3.7098,0.3580,4602.50725795,4602.84580601,4603.85980636,4603.42982364
129,XAUUSD,PERIOD_M5,26090401,2026.01.15 16:50:00,1768495800027,2026.01.15 16:50:00,BUY,15,2026.01.15 17:05:00,1768496700027,2026.01.15 17:05:00,1768496700105,78,OK,4609.27,4609.41,4609.34,14.0,0.3037,4608.89,4609.05,4608.97,16.0,0.3471,-37.0,-52.0,-0.8027,-1.1281,0.3254,4602.50725795,4602.84580601,4603.85980636,4603.42982364
129,XAUUSD,PERIOD_M5,26090401,2026.01.15 16:50:00,1768495800027,2026.01.15 16:50:00,BUY,30,2026.01.15 17:20:00,1768497600027,2026.01.15 17:20:00,1768497600032,5,OK,4609.27,4609.41,4609.34,14.0,0.3037,4615.51,4615.60,4615.56,9.0,0.1950,621.5,610.0,13.4835,13.2338,0.2497,4602.50725795,4602.84580601,4603.85980636,4603.42982364
129,XAUUSD,PERIOD_M5,26090401,2026.01.15 16:50:00,1768495800027,2026.01.15 16:50:00,BUY,60,2026.01.15 17:50:00,1768499400027,2026.01.15 17:50:00,1768499400079,52,OK,4609.27,4609.41,4609.34,14.0,0.3037,4615.18,4615.31,4615.25,13.0,0.2817,590.5,577.0,12.8109,12.5179,0.2931,4602.50725795,4602.84580601,4603.85980636,4603.42982364
130,XAUUSD,PERIOD_M5,26090401,2026.01.15 18:45:00,1768502700039,2026.01.15 18:45:00,SELL,1,2026.01.15 18:46:00,1768502760039,2026.01.15 18:46:00,1768502760074,35,OK,4607.38,4607.52,4607.45,14.0,0.3039,4605.96,4606.12,4606.04,16.0,0.3474,141.0,126.0,3.0603,2.7347,0.3255,4612.79149700,4612.44522012,4611.70919760,4611.98474556
130,XAUUSD,PERIOD_M5,26090401,2026.01.15 18:45:00,1768502700039,2026.01.15 18:45:00,SELL,3,2026.01.15 18:48:00,1768502880039,2026.01.15 18:48:00,1768502880216,177,OK,4607.38,4607.52,4607.45,14.0,0.3039,4603.85,4603.89,4603.87,4.0,0.0869,358.0,349.0,7.7700,7.5748,0.1952,4612.79149700,4612.44522012,4611.70919760,4611.98474556
130,XAUUSD,PERIOD_M5,26090401,2026.01.15 18:45:00,1768502700039,2026.01.15 18:45:00,SELL,5,2026.01.15 18:50:00,1768503000039,2026.01.15 18:50:00,1768503000057,18,OK,4607.38,4607.52,4607.45,14.0,0.3039,4603.48,4603.63,4603.56,15.0,0.3258,389.5,375.0,8.4537,8.1391,0.3146,4612.79149700,4612.44522012,4611.70919760,4611.98474556
130,XAUUSD,PERIOD_M5,26090401,2026.01.15 18:45:00,1768502700039,2026.01.15 18:45:00,SELL,10,2026.01.15 18:55:00,1768503300039,2026.01.15 18:55:00,1768503300086,47,OK,4607.38,4607.52,4607.45,14.0,0.3039,4602.25,4602.40,4602.32,15.0,0.3259,512.5,498.0,11.1233,10.8087,0.3145,4612.79149700,4612.44522012,4611.70919760,4611.98474556
130,XAUUSD,PERIOD_M5,26090401,2026.01.15 18:45:00,1768502700039,2026.01.15 18:45:00,SELL,15,2026.01.15 19:00:00,1768503600039,2026.01.15 19:00:00,1768503600051,12,OK,4607.38,4607.52,4607.45,14.0,0.3039,4605.61,4605.77,4605.69,16.0,0.3474,176.0,161.0,3.8199,3.4944,0.3255,4612.79149700,4612.44522012,4611.70919760,4611.98474556
130,XAUUSD,PERIOD_M5,26090401,2026.01.15 18:45:00,1768502700039,2026.01.15 18:45:00,SELL,30,2026.01.15 19:15:00,1768504500039,2026.01.15 19:15:00,1768504500054,15,OK,4607.38,4607.52,4607.45,14.0,0.3039,4609.65,4609.84,4609.74,19.0,0.4122,-229.5,-246.0,-4.9811,-5.3393,0.3582,4612.79149700,4612.44522012,4611.70919760,4611.98474556
131,XAUUSD,PERIOD_M5,26090401,2026.01.15 19:35:00,1768505700215,2026.01.15 19:35:00,BUY,1,2026.01.15 19:36:00,1768505760215,2026.01.15 19:36:00,1768505760226,11,OK,4613.95,4614.14,4614.05,19.0,0.4118,4613.81,4614.01,4613.91,20.0,0.4335,-13.5,-33.0,-0.2926,-0.7152,0.4226,4610.17780205,4610.30856376,4610.93224164,4610.63960342
131,XAUUSD,PERIOD_M5,26090401,2026.01.15 19:35:00,1768505700215,2026.01.15 19:35:00,BUY,3,2026.01.15 19:38:00,1768505880215,2026.01.15 19:38:00,1768505880270,55,OK,4613.95,4614.14,4614.05,19.0,0.4118,4615.87,4616.06,4615.97,19.0,0.4116,192.0,173.0,4.1612,3.7493,0.4119,4610.17780205,4610.30856376,4610.93224164,4610.63960342
131,XAUUSD,PERIOD_M5,26090401,2026.01.15 19:35:00,1768505700215,2026.01.15 19:35:00,BUY,5,2026.01.15 19:40:00,1768506000215,2026.01.15 19:40:00,1768506000224,9,OK,4613.95,4614.14,4614.05,19.0,0.4118,4614.73,4614.84,4614.78,11.0,0.2384,74.0,59.0,1.6038,1.2787,0.3251,4610.17780205,4610.30856376,4610.93224164,4610.63960342
131,XAUUSD,PERIOD_M5,26090401,2026.01.15 19:35:00,1768505700215,2026.01.15 19:35:00,BUY,10,2026.01.15 19:45:00,1768506300215,2026.01.15 19:45:00,1768506300222,7,OK,4613.95,4614.14,4614.05,19.0,0.4118,4614.47,4614.67,4614.57,20.0,0.4334,52.5,33.0,1.1378,0.7152,0.4226,4610.17780205,4610.30856376,4610.93224164,4610.63960342
130,XAUUSD,PERIOD_M5,26090401,2026.01.15 18:45:00,1768502700039,2026.01.15 18:45:00,SELL,60,2026.01.15 19:45:00,1768506300039,2026.01.15 19:45:00,1768506300053,14,OK,4607.38,4607.52,4607.45,14.0,0.3039,4614.50,4614.66,4614.58,16.0,0.3467,-713.0,-728.0,-15.4749,-15.8007,0.3258,4612.79149700,4612.44522012,4611.70919760,4611.98474556
131,XAUUSD,PERIOD_M5,26090401,2026.01.15 19:35:00,1768505700215,2026.01.15 19:35:00,BUY,15,2026.01.15 19:50:00,1768506600215,2026.01.15 19:50:00,1768506600233,18,OK,4613.95,4614.14,4614.05,19.0,0.4118,4615.19,4615.37,4615.28,18.0,0.3900,123.5,105.0,2.6766,2.2756,0.4010,4610.17780205,4610.30856376,4610.93224164,4610.63960342
131,XAUUSD,PERIOD_M5,26090401,2026.01.15 19:35:00,1768505700215,2026.01.15 19:35:00,BUY,30,2026.01.15 20:05:00,1768507500215,2026.01.15 20:05:00,1768507500283,68,OK,4613.95,4614.14,4614.05,19.0,0.4118,4618.98,4619.18,4619.08,20.0,0.4330,503.5,484.0,10.9123,10.4895,0.4228,4610.17780205,4610.30856376,4610.93224164,4610.63960342
131,XAUUSD,PERIOD_M5,26090401,2026.01.15 19:35:00,1768505700215,2026.01.15 19:35:00,BUY,60,2026.01.15 20:35:00,1768509300215,2026.01.15 20:35:00,1768509300640,425,OK,4613.95,4614.14,4614.05,19.0,0.4118,4616.34,4616.53,4616.43,19.0,0.4116,239.0,220.0,5.1798,4.7680,0.4119,4610.17780205,4610.30856376,4610.93224164,4610.63960342
132,XAUUSD,PERIOD_M5,26090401,2026.01.15 22:00:00,1768514400016,2026.01.15 22:00:00,SELL,1,2026.01.15 22:01:00,1768514460016,2026.01.15 22:01:01,1768514461054,1038,OK,4615.82,4616.02,4615.92,20.0,0.4333,4613.94,4614.14,4614.04,20.0,0.4335,188.0,168.0,4.0729,3.6397,0.4332,4617.19770409,4617.14189726,4616.92416327,4617.02263387
132,XAUUSD,PERIOD_M5,26090401,2026.01.15 22:00:00,1768514400016,2026.01.15 22:00:00,SELL,3,2026.01.15 22:03:00,1768514580016,2026.01.15 22:03:00,1768514580224,208,OK,4615.82,4616.02,4615.92,20.0,0.4333,4613.54,4613.74,4613.64,20.0,0.4335,228.0,208.0,4.9394,4.5062,0.4332,4617.19770409,4617.14189726,4616.92416327,4617.02263387
132,XAUUSD,PERIOD_M5,26090401,2026.01.15 22:00:00,1768514400016,2026.01.15 22:00:00,SELL,5,2026.01.15 22:05:00,1768514700016,2026.01.15 22:05:00,1768514700072,56,OK,4615.82,4616.02,4615.92,20.0,0.4333,4613.95,4614.15,4614.05,20.0,0.4335,187.0,167.0,4.0512,3.6180,0.4332,4617.19770409,4617.14189726,4616.92416327,4617.02263387
132,XAUUSD,PERIOD_M5,26090401,2026.01.15 22:00:00,1768514400016,2026.01.15 22:00:00,SELL,10,2026.01.15 22:10:00,1768515000016,2026.01.15 22:10:00,1768515000059,43,OK,4615.82,4616.02,4615.92,20.0,0.4333,4605.83,4606.01,4605.92,18.0,0.3908,1000.0,981.0,21.6642,21.2530,0.4112,4617.19770409,4617.14189726,4616.92416327,4617.02263387
132,XAUUSD,PERIOD_M5,26090401,2026.01.15 22:00:00,1768514400016,2026.01.15 22:00:00,SELL,15,2026.01.15 22:15:00,1768515300016,2026.01.15 22:15:00,1768515300026,10,OK,4615.82,4616.02,4615.92,20.0,0.4333,4605.70,4605.90,4605.80,20.0,0.4342,1012.0,992.0,21.9241,21.4913,0.4328,4617.19770409,4617.14189726,4616.92416327,4617.02263387
132,XAUUSD,PERIOD_M5,26090401,2026.01.15 22:00:00,1768514400016,2026.01.15 22:00:00,SELL,30,2026.01.15 22:30:00,1768516200016,2026.01.15 22:30:00,1768516200162,146,OK,4615.82,4616.02,4615.92,20.0,0.4333,4604.96,4605.16,4605.06,20.0,0.4343,1086.0,1066.0,23.5273,23.0945,0.4328,4617.19770409,4617.14189726,4616.92416327,4617.02263387
132,XAUUSD,PERIOD_M5,26090401,2026.01.15 22:00:00,1768514400016,2026.01.15 22:00:00,SELL,60,2026.01.15 23:00:00,1768518000016,2026.01.15 23:00:00,1768518000027,11,OK,4615.82,4616.02,4615.92,20.0,0.4333,4605.82,4606.02,4605.92,20.0,0.4342,1000.0,980.0,21.6642,21.2313,0.4328,4617.19770409,4617.14189726,4616.92416327,4617.02263387
133,XAUUSD,PERIOD_M5,26090401,2026.01.15 23:30:00,1768519800039,2026.01.15 23:30:00,BUY,1,2026.01.15 23:31:00,1768519860039,2026.01.15 23:31:00,1768519860854,815,OK,4614.05,4614.49,4614.27,44.0,0.9536,4614.39,4614.83,4614.61,44.0,0.9535,34.0,-10.0,0.7368,-0.2167,0.9536,4610.49707916,4610.49791800,4611.22566333,4610.82901636
133,XAUUSD,PERIOD_M5,26090401,2026.01.15 23:30:00,1768519800039,2026.01.15 23:30:00,BUY,3,2026.01.15 23:33:00,1768519980039,2026.01.15 23:33:00,1768519980827,788,OK,4614.05,4614.49,4614.27,44.0,0.9536,4614.77,4615.21,4614.99,44.0,0.9534,72.0,28.0,1.5604,0.6068,0.9536,4610.49707916,4610.49791800,4611.22566333,4610.82901636
133,XAUUSD,PERIOD_M5,26090401,2026.01.15 23:30:00,1768519800039,2026.01.15 23:30:00,BUY,5,2026.01.15 23:35:00,1768520100039,2026.01.15 23:35:00,1768520100203,164,OK,4614.05,4614.49,4614.27,44.0,0.9536,4615.29,4615.73,4615.51,44.0,0.9533,124.0,80.0,2.6873,1.7337,0.9536,4610.49707916,4610.49791800,4611.22566333,4610.82901636
133,XAUUSD,PERIOD_M5,26090401,2026.01.15 23:30:00,1768519800039,2026.01.15 23:30:00,BUY,10,2026.01.15 23:40:00,1768520400039,2026.01.15 23:40:00,1768520400362,323,OK,4614.05,4614.49,4614.27,44.0,0.9536,4613.59,4614.03,4613.81,44.0,0.9537,-46.0,-90.0,-0.9969,-1.9504,0.9535,4610.49707916,4610.49791800,4611.22566333,4610.82901636
133,XAUUSD,PERIOD_M5,26090401,2026.01.15 23:30:00,1768519800039,2026.01.15 23:30:00,BUY,15,2026.01.15 23:45:00,1768520700039,2026.01.15 23:45:00,1768520700064,25,OK,4614.05,4614.49,4614.27,44.0,0.9536,4615.54,4615.98,4615.76,44.0,0.9533,149.0,105.0,3.2291,2.2754,0.9537,4610.49707916,4610.49791800,4611.22566333,4610.82901636
133,XAUUSD,PERIOD_M5,26090401,2026.01.15 23:30:00,1768519800039,2026.01.15 23:30:00,BUY,30,2026.01.16 00:00:00,1768521600039,,,,NO_TICK_NEAR_TARGET,4614.05,4614.49,4614.27,44.0,0.9536,,,,,,,,,,,4610.49707916,4610.49791800,4611.22566333,4610.82901636
133,XAUUSD,PERIOD_M5,26090401,2026.01.15 23:30:00,1768519800039,2026.01.15 23:30:00,BUY,60,2026.01.16 00:30:00,1768523400039,,,,NO_TICK_NEAR_TARGET,4614.05,4614.49,4614.27,44.0,0.9536,,,,,,,,,,,4610.49707916,4610.49791800,4611.22566333,4610.82901636
134,XAUUSD,PERIOD_M5,26090401,2026.01.16 01:35:00,1768527300046,2026.01.16 01:35:00,SELL,1,2026.01.16 01:36:00,1768527360046,2026.01.16 01:36:00,1768527360107,61,OK,4607.84,4607.92,4607.88,8.0,0.1736,4607.76,4607.94,4607.85,18.0,0.3906,3.0,-10.0,0.0651,-0.2170,0.2821,4613.38054424,4613.17293868,4612.27243539,4612.68812608
134,XAUUSD,PERIOD_M5,26090401,2026.01.16 01:35:00,1768527300046,2026.01.16 01:35:00,SELL,3,2026.01.16 01:38:00,1768527480046,2026.01.16 01:38:00,1768527480494,448,OK,4607.84,4607.92,4607.88,8.0,0.1736,4609.94,4610.15,4610.05,21.0,0.4555,-216.5,-231.0,-4.6985,-5.0132,0.3147,4613.38054424,4613.17293868,4612.27243539,4612.68812608
134,XAUUSD,PERIOD_M5,26090401,2026.01.16 01:35:00,1768527300046,2026.01.16 01:35:00,SELL,5,2026.01.16 01:40:00,1768527600046,2026.01.16 01:40:00,1768527600269,223,OK,4607.84,4607.92,4607.88,8.0,0.1736,4609.02,4609.21,4609.11,19.0,0.4122,-123.5,-137.0,-2.6802,-2.9732,0.2930,4613.38054424,4613.17293868,4612.27243539,4612.68812608
134,XAUUSD,PERIOD_M5,26090401,2026.01.16 01:35:00,1768527300046,2026.01.16 01:35:00,SELL,10,2026.01.16 01:45:00,1768527900046,2026.01.16 01:45:00,1768527900122,76,OK,4607.84,4607.92,4607.88,8.0,0.1736,4608.31,4608.50,4608.41,19.0,0.4123,-52.5,-66.0,-1.1394,-1.4323,0.2930,4613.38054424,4613.17293868,4612.27243539,4612.68812608
134,XAUUSD,PERIOD_M5,26090401,2026.01.16 01:35:00,1768527300046,2026.01.16 01:35:00,SELL,15,2026.01.16 01:50:00,1768528200046,2026.01.16 01:50:00,1768528200075,29,OK,4607.84,4607.92,4607.88,8.0,0.1736,4606.75,4606.97,4606.86,22.0,0.4775,102.0,87.0,2.2136,1.8881,0.3255,4613.38054424,4613.17293868,4612.27243539,4612.68812608
134,XAUUSD,PERIOD_M5,26090401,2026.01.16 01:35:00,1768527300046,2026.01.16 01:35:00,SELL,30,2026.01.16 02:05:00,1768529100046,2026.01.16 02:05:00,1768529100055,9,OK,4607.84,4607.92,4607.88,8.0,0.1736,4606.89,4607.11,4607.00,22.0,0.4775,88.0,73.0,1.9098,1.5843,0.3255,4613.38054424,4613.17293868,4612.27243539,4612.68812608
134,XAUUSD,PERIOD_M5,26090401,2026.01.16 01:35:00,1768527300046,2026.01.16 01:35:00,SELL,60,2026.01.16 02:35:00,1768530900046,2026.01.16 02:35:00,1768530900062,16,OK,4607.84,4607.92,4607.88,8.0,0.1736,4603.88,4604.09,4603.99,21.0,0.4561,389.5,375.0,8.4529,8.1383,0.3146,4613.38054424,4613.17293868,4612.27243539,4612.68812608
135,XAUUSD,PERIOD_M5,26090401,2026.01.16 06:20:00,1768544400108,2026.01.16 06:20:00,BUY,1,2026.01.16 06:21:00,1768544460108,2026.01.16 06:21:00,1768544460401,293,OK,4600.29,4600.50,4600.40,21.0,0.4565,4600.65,4600.88,4600.76,23.0,0.4999,37.0,15.0,0.8043,0.3261,0.4782,4597.37182776,4597.64598062,4597.95346221,4597.88543693
135,XAUUSD,PERIOD_M5,26090401,2026.01.16 06:20:00,1768544400108,2026.01.16 06:20:00,BUY,3,2026.01.16 06:23:00,1768544580108,2026.01.16 06:23:00,1768544580124,16,OK,4600.29,4600.50,4600.40,21.0,0.4565,4600.74,4600.95,4600.84,21.0,0.4564,45.0,24.0,0.9782,0.5217,0.4565,4597.37182776,4597.64598062,4597.95346221,4597.88543693
135,XAUUSD,PERIOD_M5,26090401,2026.01.16 06:20:00,1768544400108,2026.01.16 06:20:00,BUY,5,2026.01.16 06:25:00,1768544700108,2026.01.16 06:25:01,1768544701661,1553,OK,4600.29,4600.50,4600.40,21.0,0.4565,4598.74,4598.96,4598.85,22.0,0.4784,-154.5,-176.0,-3.3584,-3.8257,0.4673,4597.37182776,4597.64598062,4597.95346221,4597.88543693
135,XAUUSD,PERIOD_M5,26090401,2026.01.16 06:20:00,1768544400108,2026.01.16 06:20:00,BUY,10,2026.01.16 06:30:00,1768545000108,2026.01.16 06:30:00,1768545000322,214,OK,4600.29,4600.50,4600.40,21.0,0.4565,4598.53,4598.72,4598.63,19.0,0.4132,-177.0,-197.0,-3.8475,-4.2821,0.4346,4597.37182776,4597.64598062,4597.95346221,4597.88543693
135,XAUUSD,PERIOD_M5,26090401,2026.01.16 06:20:00,1768544400108,2026.01.16 06:20:00,BUY,15,2026.01.16 06:35:00,1768545300108,2026.01.16 06:35:00,1768545300886,778,OK,4600.29,4600.50,4600.40,21.0,0.4565,4598.08,4598.29,4598.18,21.0,0.4567,-221.0,-242.0,-4.8039,-5.2603,0.4564,4597.37182776,4597.64598062,4597.95346221,4597.88543693
135,XAUUSD,PERIOD_M5,26090401,2026.01.16 06:20:00,1768544400108,2026.01.16 06:20:00,BUY,30,2026.01.16 06:50:00,1768546200108,2026.01.16 06:50:01,1768546201425,1317,OK,4600.29,4600.50,4600.40,21.0,0.4565,4599.85,4600.07,4599.96,22.0,0.4783,-43.5,-65.0,-0.9456,-1.4129,0.4673,4597.37182776,4597.64598062,4597.95346221,4597.88543693
135,XAUUSD,PERIOD_M5,26090401,2026.01.16 06:20:00,1768544400108,2026.01.16 06:20:00,BUY,60,2026.01.16 07:20:00,1768548000108,2026.01.16 07:20:00,1768548000168,60,OK,4600.29,4600.50,4600.40,21.0,0.4565,4597.83,4597.99,4597.91,16.0,0.3480,-248.5,-267.0,-5.4017,-5.8037,0.4020,4597.37182776,4597.64598062,4597.95346221,4597.88543693
136,XAUUSD,PERIOD_M5,26090401,2026.01.16 08:50:00,1768553400028,2026.01.16 08:50:00,SELL,1,2026.01.16 08:51:00,1768553460028,2026.01.16 08:51:00,1768553460208,180,OK,4596.80,4597.00,4596.90,20.0,0.4351,4598.90,4599.05,4598.98,15.0,0.3262,-207.5,-225.0,-4.5139,-4.8947,0.3808,4604.03775397,4603.87028421,4602.58420317,4603.22480383
136,XAUUSD,PERIOD_M5,26090401,2026.01.16 08:50:00,1768553400028,2026.01.16 08:50:00,SELL,3,2026.01.16 08:53:00,1768553580028,2026.01.16 08:53:00,1768553580132,104,OK,4596.80,4597.00,4596.90,20.0,0.4351,4597.32,4597.48,4597.40,16.0,0.3480,-50.0,-68.0,-1.0877,-1.4793,0.3916,4604.03775397,4603.87028421,4602.58420317,4603.22480383
136,XAUUSD,PERIOD_M5,26090401,2026.01.16 08:50:00,1768553400028,2026.01.16 08:50:00,SELL,5,2026.01.16 08:55:00,1768553700028,2026.01.16 08:55:00,1768553700036,8,OK,4596.80,4597.00,4596.90,20.0,0.4351,4596.85,4596.96,4596.91,11.0,0.2393,-0.5,-16.0,-0.0109,-0.3481,0.3372,4604.03775397,4603.87028421,4602.58420317,4603.22480383
136,XAUUSD,PERIOD_M5,26090401,2026.01.16 08:50:00,1768553400028,2026.01.16 08:50:00,SELL,10,2026.01.16 09:00:00,1768554000028,2026.01.16 09:00:00,1768554000044,16,OK,4596.80,4597.00,4596.90,20.0,0.4351,4598.11,4598.21,4598.16,10.0,0.2175,-126.0,-141.0,-2.7410,-3.0674,0.3264,4604.03775397,4603.87028421,4602.58420317,4603.22480383
136,XAUUSD,PERIOD_M5,26090401,2026.01.16 08:50:00,1768553400028,2026.01.16 08:50:00,SELL,15,2026.01.16 09:05:00,1768554300028,2026.01.16 09:05:00,1768554300175,147,OK,4596.80,4597.00,4596.90,20.0,0.4351,4601.01,4601.20,4601.10,19.0,0.4129,-420.5,-440.0,-9.1475,-9.5719,0.4244,4604.03775397,4603.87028421,4602.58420317,4603.22480383
137,XAUUSD,PERIOD_M5,26090401,2026.01.16 09:15:00,1768554900084,2026.01.16 09:15:00,BUY,1,2026.01.16 09:16:00,1768554960084,2026.01.16 09:16:00,1768554960173,89,OK,4610.09,4610.25,4610.17,16.0,0.3471,4608.26,4608.42,4608.34,16.0,0.3472,-183.0,-199.0,-3.9695,-4.3165,0.3470,4601.90106562,4602.49328108,4603.53885250,4603.18389189
137,XAUUSD,PERIOD_M5,26090401,2026.01.16 09:15:00,1768554900084,2026.01.16 09:15:00,BUY,3,2026.01.16 09:18:00,1768555080084,2026.01.16 09:18:00,1768555080107,23,OK,4610.09,4610.25,4610.17,16.0,0.3471,4608.57,4608.75,4608.66,18.0,0.3906,-151.0,-168.0,-3.2754,-3.6441,0.3687,4601.90106562,4602.49328108,4603.53885250,4603.18389189
137,XAUUSD,PERIOD_M5,26090401,2026.01.16 09:15:00,1768554900084,2026.01.16 09:15:00,BUY,5,2026.01.16 09:20:00,1768555200084,2026.01.16 09:20:00,1768555200276,192,OK,4610.09,4610.25,4610.17,16.0,0.3471,4608.98,4609.15,4609.06,17.0,0.3688,-110.5,-127.0,-2.3969,-2.7547,0.3579,4601.90106562,4602.49328108,4603.53885250,4603.18389189
136,XAUUSD,PERIOD_M5,26090401,2026.01.16 08:50:00,1768553400028,2026.01.16 08:50:00,SELL,30,2026.01.16 09:20:00,1768555200028,2026.01.16 09:20:00,1768555200082,54,OK,4596.80,4597.00,4596.90,20.0,0.4351,4608.99,4609.15,4609.07,16.0,0.3471,-1217.0,-1235.0,-26.4744,-26.8665,0.3922,4604.03775397,4603.87028421,4602.58420317,4603.22480383
137,XAUUSD,PERIOD_M5,26090401,2026.01.16 09:15:00,1768554900084,2026.01.16 09:15:00,BUY,10,2026.01.16 09:25:00,1768555500084,2026.01.16 09:25:00,1768555500116,32,OK,4610.09,4610.25,4610.17,16.0,0.3471,4605.85,4606.03,4605.94,18.0,0.3908,-423.0,-440.0,-9.1754,-9.5440,0.3686,4601.90106562,4602.49328108,4603.53885250,4603.18389189
137,XAUUSD,PERIOD_M5,26090401,2026.01.16 09:15:00,1768554900084,2026.01.16 09:15:00,BUY,15,2026.01.16 09:30:00,1768555800084,2026.01.16 09:30:00,1768555800155,71,OK,4610.09,4610.25,4610.17,16.0,0.3471,4605.96,4606.12,4606.04,16.0,0.3474,-413.0,-429.0,-8.9585,-9.3054,0.3469,4601.90106562,4602.49328108,4603.53885250,4603.18389189
137,XAUUSD,PERIOD_M5,26090401,2026.01.16 09:15:00,1768554900084,2026.01.16 09:15:00,BUY,30,2026.01.16 09:45:00,1768556700084,2026.01.16 09:45:00,1768556700186,102,OK,4610.09,4610.25,4610.17,16.0,0.3471,4602.95,4603.07,4603.01,12.0,0.2607,-716.0,-730.0,-15.5309,-15.8343,0.3034,4601.90106562,4602.49328108,4603.53885250,4603.18389189
136,XAUUSD,PERIOD_M5,26090401,2026.01.16 08:50:00,1768553400028,2026.01.16 08:50:00,SELL,60,2026.01.16 09:50:00,1768557000028,2026.01.16 09:50:00,1768557000068,40,OK,4596.80,4597.00,4596.90,20.0,0.4351,4608.13,4608.29,4608.21,16.0,0.3472,-1131.0,-1149.0,-24.6035,-24.9956,0.3921,4604.03775397,4603.87028421,4602.58420317,4603.22480383
137,XAUUSD,PERIOD_M5,26090401,2026.01.16 09:15:00,1768554900084,2026.01.16 09:15:00,BUY,60,2026.01.16 10:15:00,1768558500084,2026.01.16 10:15:00,1768558500311,227,OK,4610.09,4610.25,4610.17,16.0,0.3471,4605.05,4605.20,4605.13,15.0,0.3257,-504.5,-520.0,-10.9432,-11.2792,0.3360,4601.90106562,4602.49328108,4603.53885250,4603.18389189
138,XAUUSD,PERIOD_M5,26090401,2026.01.16 10:50:00,1768560600013,2026.01.16 10:50:00,SELL,1,2026.01.16 10:51:00,1768560660013,2026.01.16 10:51:00,1768560660042,29,OK,4602.94,4603.09,4603.01,15.0,0.3259,4603.64,4603.68,4603.66,4.0,0.0869,-64.5,-74.0,-1.4013,-1.6077,0.2064,4605.76176003,4605.74190538,4605.19540802,4605.48627762
138,XAUUSD,PERIOD_M5,26090401,2026.01.16 10:50:00,1768560600013,2026.01.16 10:50:00,SELL,3,2026.01.16 10:53:00,1768560780013,2026.01.16 10:53:00,1768560780218,205,OK,4602.94,4603.09,4603.01,15.0,0.3259,4604.61,4604.79,4604.70,18.0,0.3909,-168.5,-185.0,-3.6606,-4.0192,0.3585,4605.76176003,4605.74190538,4605.19540802,4605.48627762
138,XAUUSD,PERIOD_M5,26090401,2026.01.16 10:50:00,1768560600013,2026.01.16 10:50:00,SELL,5,2026.01.16 10:55:00,1768560900013,2026.01.16 10:55:00,1768560900082,69,OK,4602.94,4603.09,4603.01,15.0,0.3259,4606.38,4606.54,4606.46,16.0,0.3473,-344.5,-360.0,-7.4842,-7.8211,0.3369,4605.76176003,4605.74190538,4605.19540802,4605.48627762
138,XAUUSD,PERIOD_M5,26090401,2026.01.16 10:50:00,1768560600013,2026.01.16 10:50:00,SELL,10,2026.01.16 11:00:00,1768561200013,2026.01.16 11:00:00,1768561200139,126,OK,4602.94,4603.09,4603.01,15.0,0.3259,4602.91,4603.08,4602.99,17.0,0.3693,2.0,-14.0,0.0434,-0.3042,0.3476,4605.76176003,4605.74190538,4605.19540802,4605.48627762
138,XAUUSD,PERIOD_M5,26090401,2026.01.16 10:50:00,1768560600013,2026.01.16 10:50:00,SELL,15,2026.01.16 11:05:00,1768561500013,2026.01.16 11:05:00,1768561500986,973,OK,4602.94,4603.09,4603.01,15.0,0.3259,4604.95,4605.12,4605.03,17.0,0.3692,-202.0,-218.0,-4.3884,-4.7361,0.3477,4605.76176003,4605.74190538,4605.19540802,4605.48627762
138,XAUUSD,PERIOD_M5,26090401,2026.01.16 10:50:00,1768560600013,2026.01.16 10:50:00,SELL,30,2026.01.16 11:20:00,1768562400013,2026.01.16 11:20:00,1768562400319,306,OK,4602.94,4603.09,4603.01,15.0,0.3259,4603.49,4603.66,4603.57,17.0,0.3693,-56.0,-72.0,-1.2166,-1.5642,0.3476,4605.76176003,4605.74190538,4605.19540802,4605.48627762
138,XAUUSD,PERIOD_M5,26090401,2026.01.16 10:50:00,1768560600013,2026.01.16 10:50:00,SELL,60,2026.01.16 11:50:00,1768564200013,2026.01.16 11:50:00,1768564200464,451,OK,4602.94,4603.09,4603.01,15.0,0.3259,4601.63,4601.80,4601.72,17.0,0.3694,130.0,114.0,2.8242,2.4767,0.3476,4605.76176003,4605.74190538,4605.19540802,4605.48627762
139,XAUUSD,PERIOD_M5,26090401,2026.01.16 12:20:00,1768566000420,2026.01.16 12:20:00,BUY,1,2026.01.16 12:21:00,1768566060420,2026.01.16 12:21:01,1768566061004,584,OK,4608.91,4609.10,4609.01,19.0,0.4122,4608.27,4608.45,4608.36,18.0,0.3906,-64.5,-83.0,-1.3994,-1.8008,0.4014,4603.58406017,4603.62546408,4604.71524813,4604.13587644
139,XAUUSD,PERIOD_M5,26090401,2026.01.16 12:20:00,1768566000420,2026.01.16 12:20:00,BUY,3,2026.01.16 12:23:00,1768566180420,2026.01.16 12:23:00,1768566180689,269,OK,4608.91,4609.10,4609.01,19.0,0.4122,4608.81,4608.99,4608.90,18.0,0.3905,-10.5,-29.0,-0.2278,-0.6292,0.4014,4603.58406017,4603.62546408,4604.71524813,4604.13587644
139,XAUUSD,PERIOD_M5,26090401,2026.01.16 12:20:00,1768566000420,2026.01.16 12:20:00,BUY,5,2026.01.16 12:25:00,1768566300420,2026.01.16 12:25:01,1768566301482,1062,OK,4608.91,4609.10,4609.01,19.0,0.4122,4610.70,4610.88,4610.79,18.0,0.3904,178.5,160.0,3.8729,3.4714,0.4015,4603.58406017,4603.62546408,4604.71524813,4604.13587644
139,XAUUSD,PERIOD_M5,26090401,2026.01.16 12:20:00,1768566000420,2026.01.16 12:20:00,BUY,10,2026.01.16 12:30:00,1768566600420,2026.01.16 12:30:00,1768566600558,138,OK,4608.91,4609.10,4609.01,19.0,0.4122,4607.53,4607.71,4607.62,18.0,0.3907,-138.5,-157.0,-3.0050,-3.4063,0.4013,4603.58406017,4603.62546408,4604.71524813,4604.13587644
139,XAUUSD,PERIOD_M5,26090401,2026.01.16 12:20:00,1768566000420,2026.01.16 12:20:00,BUY,15,2026.01.16 12:35:00,1768566900420,2026.01.16 12:35:02,1768566902725,2305,OK,4608.91,4609.10,4609.01,19.0,0.4122,4608.76,4608.87,4608.82,11.0,0.2387,-19.0,-34.0,-0.4122,-0.7377,0.3254,4603.58406017,4603.62546408,4604.71524813,4604.13587644
139,XAUUSD,PERIOD_M5,26090401,2026.01.16 12:20:00,1768566000420,2026.01.16 12:20:00,BUY,30,2026.01.16 12:50:00,1768567800420,2026.01.16 12:50:00,1768567800468,48,OK,4608.91,4609.10,4609.01,19.0,0.4122,4607.68,4607.86,4607.77,18.0,0.3906,-123.5,-142.0,-2.6795,-3.0809,0.4013,4603.58406017,4603.62546408,4604.71524813,4604.13587644
140,XAUUSD,PERIOD_M5,26090401,2026.01.16 13:05:00,1768568700253,2026.01.16 13:05:00,SELL,1,2026.01.16 13:06:00,1768568760253,2026.01.16 13:06:00,1768568760284,31,OK,4601.36,4601.52,4601.44,16.0,0.3477,4600.89,4600.93,4600.91,4.0,0.0869,53.0,43.0,1.1518,0.9345,0.2173,4605.28586832,4605.23878099,4604.49469465,4604.88343726
140,XAUUSD,PERIOD_M5,26090401,2026.01.16 13:05:00,1768568700253,2026.01.16 13:05:00,SELL,3,2026.01.16 13:08:00,1768568880253,2026.01.16 13:08:00,1768568880267,14,OK,4601.36,4601.52,4601.44,16.0,0.3477,4599.99,4600.14,4600.07,15.0,0.3261,137.5,122.0,2.9882,2.6514,0.3368,4605.28586832,4605.23878099,4604.49469465,4604.88343726
140,XAUUSD,PERIOD_M5,26090401,2026.01.16 13:05:00,1768568700253,2026.01.16 13:05:00,SELL,5,2026.01.16 13:10:00,1768569000253,2026.01.16 13:10:00,1768569000317,64,OK,4601.36,4601.52,4601.44,16.0,0.3477,4601.97,4602.14,4602.06,17.0,0.3694,-61.5,-78.0,-1.3365,-1.6952,0.3586,4605.28586832,4605.23878099,4604.49469465,4604.88343726
140,XAUUSD,PERIOD_M5,26090401,2026.01.16 13:05:00,1768568700253,2026.01.16 13:05:00,SELL,10,2026.01.16 13:15:00,1768569300253,2026.01.16 13:15:00,1768569300778,525,OK,4601.36,4601.52,4601.44,16.0,0.3477,4606.43,4606.60,4606.52,17.0,0.3690,-507.5,-524.0,-11.0292,-11.3879,0.3588,4605.28586832,4605.23878099,4604.49469465,4604.88343726
141,XAUUSD,PERIOD_M5,26090401,2026.01.16 13:20:00,1768569600463,2026.01.16 13:20:00,BUY,1,2026.01.16 13:21:00,1768569660463,2026.01.16 13:21:00,1768569660475,12,OK,4609.06,4609.25,4609.16,19.0,0.4122,4609.21,4609.35,4609.28,14.0,0.3037,12.5,-4.0,0.2712,-0.0868,0.3580,4604.47900458,4604.78399774,4605.39520366,4605.17272522
141,XAUUSD,PERIOD_M5,26090401,2026.01.16 13:20:00,1768569600463,2026.01.16 13:20:00,BUY,3,2026.01.16 13:23:00,1768569780463,2026.01.16 13:23:00,1768569780518,55,OK,4609.06,4609.25,4609.16,19.0,0.4122,4608.85,4609.01,4608.93,16.0,0.3472,-22.5,-40.0,-0.4882,-0.8678,0.3797,4604.47900458,4604.78399774,4605.39520366,4605.17272522
140,XAUUSD,PERIOD_M5,26090401,2026.01.16 13:05:00,1768568700253,2026.01.16 13:05:00,SELL,15,2026.01.16 13:20:00,1768569600253,2026.01.16 13:20:00,1768569600463,210,OK,4601.36,4601.52,4601.44,16.0,0.3477,4609.06,4609.25,4609.16,19.0,0.4122,-771.5,-789.0,-16.7665,-17.1471,0.3806,4605.28586832,4605.23878099,4604.49469465,4604.88343726
139,XAUUSD,PERIOD_M5,26090401,2026.01.16 12:20:00,1768566000420,2026.01.16 12:20:00,BUY,60,2026.01.16 13:20:00,1768569600420,2026.01.16 13:20:00,1768569600463,43,OK,4608.91,4609.10,4609.01,19.0,0.4122,4609.06,4609.25,4609.16,19.0,0.4122,15.0,-4.0,0.3254,-0.0868,0.4122,4603.58406017,4603.62546408,4604.71524813,4604.13587644
141,XAUUSD,PERIOD_M5,26090401,2026.01.16 13:20:00,1768569600463,2026.01.16 13:20:00,BUY,5,2026.01.16 13:25:00,1768569900463,2026.01.16 13:25:00,1768569900484,21,OK,4609.06,4609.25,4609.16,19.0,0.4122,4609.88,4610.04,4609.96,16.0,0.3471,80.5,63.0,1.7465,1.3668,0.3797,4604.47900458,4604.78399774,4605.39520366,4605.17272522
141,XAUUSD,PERIOD_M5,26090401,2026.01.16 13:20:00,1768569600463,2026.01.16 13:20:00,BUY,10,2026.01.16 13:30:00,1768570200463,2026.01.16 13:30:00,1768570200548,85,OK,4609.06,4609.25,4609.16,19.0,0.4122,4611.17,4611.35,4611.26,18.0,0.3903,210.5,192.0,4.5670,4.1655,0.4015,4604.47900458,4604.78399774,4605.39520366,4605.17272522
141,XAUUSD,PERIOD_M5,26090401,2026.01.16 13:20:00,1768569600463,2026.01.16 13:20:00,BUY,15,2026.01.16 13:35:00,1768570500463,2026.01.16 13:35:01,1768570501729,1266,OK,4609.06,4609.25,4609.16,19.0,0.4122,4613.17,4613.30,4613.24,13.0,0.2818,408.0,392.0,8.8519,8.5046,0.3473,4604.47900458,4604.78399774,4605.39520366,4605.17272522
140,XAUUSD,PERIOD_M5,26090401,2026.01.16 13:05:00,1768568700253,2026.01.16 13:05:00,SELL,30,2026.01.16 13:35:00,1768570500253,2026.01.16 13:35:00,1768570500357,104,OK,4601.36,4601.52,4601.44,16.0,0.3477,4613.17,4613.29,4613.23,12.0,0.2601,-1179.0,-1193.0,-25.6224,-25.9271,0.3047,4605.28586832,4605.23878099,4604.49469465,4604.88343726
141,XAUUSD,PERIOD_M5,26090401,2026.01.16 13:20:00,1768569600463,2026.01.16 13:20:00,BUY,30,2026.01.16 13:50:00,1768571400463,2026.01.16 13:50:00,1768571400464,1,OK,4609.06,4609.25,4609.16,19.0,0.4122,4613.30,4613.49,4613.40,19.0,0.4118,424.0,405.0,9.1991,8.7867,0.4124,4604.47900458,4604.78399774,4605.39520366,4605.17272522
140,XAUUSD,PERIOD_M5,26090401,2026.01.16 13:05:00,1768568700253,2026.01.16 13:05:00,SELL,60,2026.01.16 14:05:00,1768572300253,2026.01.16 14:05:00,1768572300317,64,OK,4601.36,4601.52,4601.44,16.0,0.3477,4610.22,4610.34,4610.28,12.0,0.2603,-884.0,-898.0,-19.2114,-19.5160,0.3046,4605.28586832,4605.23878099,4604.49469465,4604.88343726
141,XAUUSD,PERIOD_M5,26090401,2026.01.16 13:20:00,1768569600463,2026.01.16 13:20:00,BUY,60,2026.01.16 14:20:00,1768573200463,2026.01.16 14:20:00,1768573200530,67,OK,4609.06,4609.25,4609.16,19.0,0.4122,4612.06,4612.22,4612.14,16.0,0.3469,298.5,281.0,6.4762,6.0964,0.3798,4604.47900458,4604.78399774,4605.39520366,4605.17272522
142,XAUUSD,PERIOD_M5,26090401,2026.01.16 14:35:00,1768574100019,2026.01.16 14:35:00,SELL,1,2026.01.16 14:36:00,1768574160019,2026.01.16 14:36:00,1768574160157,138,OK,4603.40,4603.59,4603.49,19.0,0.4127,4602.69,4602.81,4602.75,12.0,0.2607,74.5,59.0,1.6183,1.2817,0.3367,4609.51125731,4609.20948488,4608.28900585,4608.68134989
142,XAUUSD,PERIOD_M5,26090401,2026.01.16 14:35:00,1768574100019,2026.01.16 14:35:00,SELL,3,2026.01.16 14:38:00,1768574280019,2026.01.16 14:38:00,1768574280094,75,OK,4603.40,4603.59,4603.49,19.0,0.4127,4603.98,4604.12,4604.05,14.0,0.3041,-55.5,-72.0,-1.2056,-1.5641,0.3585,4609.51125731,4609.20948488,4608.28900585,4608.68134989
142,XAUUSD,PERIOD_M5,26090401,2026.01.16 14:35:00,1768574100019,2026.01.16 14:35:00,SELL,5,2026.01.16 14:40:00,1768574400019,2026.01.16 14:40:00,1768574400029,10,OK,4603.40,4603.59,4603.49,19.0,0.4127,4603.57,4603.69,4603.63,12.0,0.2607,-13.5,-29.0,-0.2933,-0.6300,0.3367,4609.51125731,4609.20948488,4608.28900585,4608.68134989
142,XAUUSD,PERIOD_M5,26090401,2026.01.16 14:35:00,1768574100019,2026.01.16 14:35:00,SELL,10,2026.01.16 14:45:00,1768574700019,2026.01.16 14:45:00,1768574700076,57,OK,4603.40,4603.59,4603.49,19.0,0.4127,4603.42,4603.61,4603.51,19.0,0.4127,-2.0,-21.0,-0.0434,-0.4562,0.4127,4609.51125731,4609.20948488,4608.28900585,4608.68134989
142,XAUUSD,PERIOD_M5,26090401,2026.01.16 14:35:00,1768574100019,2026.01.16 14:35:00,SELL,15,2026.01.16 14:50:00,1768575000019,2026.01.16 14:50:00,1768575000022,3,OK,4603.40,4603.59,4603.49,19.0,0.4127,4604.91,4605.05,4604.98,14.0,0.3040,-148.5,-165.0,-3.2258,-3.5843,0.3585,4609.51125731,4609.20948488,4608.28900585,4608.68134989
142,XAUUSD,PERIOD_M5,26090401,2026.01.16 14:35:00,1768574100019,2026.01.16 14:35:00,SELL,30,2026.01.16 15:05:00,1768575900019,2026.01.16 15:05:00,1768575900049,30,OK,4603.40,4603.59,4603.49,19.0,0.4127,4598.69,4598.76,4598.73,7.0,0.1522,477.0,464.0,10.3617,10.0795,0.2822,4609.51125731,4609.20948488,4608.28900585,4608.68134989
142,XAUUSD,PERIOD_M5,26090401,2026.01.16 14:35:00,1768574100019,2026.01.16 14:35:00,SELL,60,2026.01.16 15:35:00,1768577700019,2026.01.16 15:35:00,1768577700020,1,OK,4603.40,4603.59,4603.49,19.0,0.4127,4594.81,4595.01,4594.91,20.0,0.4353,858.5,839.0,18.6489,18.2257,0.4232,4609.51125731,4609.20948488,4608.28900585,4608.68134989
143,XAUUSD,PERIOD_M5,26090401,2026.01.16 16:15:00,1768580100062,2026.01.16 16:15:00,BUY,1,2026.01.16 16:16:00,1768580160062,2026.01.16 16:16:00,1768580160083,21,OK,4607.19,4607.38,4607.28,19.0,0.4124,4605.80,4605.99,4605.90,19.0,0.4125,-139.0,-158.0,-3.0170,-3.4293,0.4123,4600.01895009,4600.20841191,4601.45316008,4600.84310173
143,XAUUSD,PERIOD_M5,26090401,2026.01.16 16:15:00,1768580100062,2026.01.16 16:15:00,BUY,3,2026.01.16 16:18:00,1768580280062,2026.01.16 16:18:00,1768580280064,2,OK,4607.19,4607.38,4607.28,19.0,0.4124,4607.83,4607.96,4607.90,13.0,0.2821,61.0,45.0,1.3240,0.9767,0.3473,4600.01895009,4600.20841191,4601.45316008,4600.84310173
143,XAUUSD,PERIOD_M5,26090401,2026.01.16 16:15:00,1768580100062,2026.01.16 16:15:00,BUY,5,2026.01.16 16:20:00,1768580400062,2026.01.16 16:20:00,1768580400077,15,OK,4607.19,4607.38,4607.28,19.0,0.4124,4604.70,4604.82,4604.76,12.0,0.2606,-252.5,-268.0,-5.4805,-5.8168,0.3363,4600.01895009,4600.20841191,4601.45316008,4600.84310173
143,XAUUSD,PERIOD_M5,26090401,2026.01.16 16:15:00,1768580100062,2026.01.16 16:15:00,BUY,10,2026.01.16 16:25:00,1768580700062,2026.01.16 16:25:00,1768580700094,32,OK,4607.19,4607.38,4607.28,19.0,0.4124,4602.29,4602.47,4602.38,18.0,0.3911,-490.5,-509.0,-10.6462,-11.0475,0.4013,4600.01895009,4600.20841191,4601.45316008,4600.84310173
143,XAUUSD,PERIOD_M5,26090401,2026.01.16 16:15:00,1768580100062,2026.01.16 16:15:00,BUY,15,2026.01.16 16:30:00,1768581000062,2026.01.16 16:30:00,1768581000109,47,OK,4607.19,4607.38,4607.28,19.0,0.4124,4599.02,4599.06,4599.04,4.0,0.0870,-824.5,-836.0,-17.8956,-18.1448,0.2492,4600.01895009,4600.20841191,4601.45316008,4600.84310173
143,XAUUSD,PERIOD_M5,26090401,2026.01.16 16:15:00,1768580100062,2026.01.16 16:15:00,BUY,30,2026.01.16 16:45:00,1768581900062,2026.01.16 16:45:00,1768581900095,33,OK,4607.19,4607.38,4607.28,19.0,0.4124,4608.75,4608.93,4608.84,18.0,0.3906,155.5,137.0,3.3751,2.9735,0.4016,4600.01895009,4600.20841191,4601.45316008,4600.84310173
143,XAUUSD,PERIOD_M5,26090401,2026.01.16 16:15:00,1768580100062,2026.01.16 16:15:00,BUY,60,2026.01.16 17:15:00,1768583700062,2026.01.16 17:15:00,1768583700069,7,OK,4607.19,4607.38,4607.28,19.0,0.4124,4616.12,4616.28,4616.20,16.0,0.3466,891.5,874.0,19.3498,18.9696,0.3802,4600.01895009,4600.20841191,4601.45316008,4600.84310173
144,XAUUSD,PERIOD_M5,26090401,2026.01.16 17:30:00,1768584600017,2026.01.16 17:30:00,SELL,1,2026.01.16 17:31:00,1768584660017,2026.01.16 17:31:00,1768584660027,10,OK,4565.12,4565.25,4565.18,13.0,0.2848,4563.64,4563.68,4563.66,4.0,0.0876,152.5,144.0,3.3405,3.1544,0.1861,4605.54989706,4605.38081803,4597.49591765,4601.73528912
144,XAUUSD,PERIOD_M5,26090401,2026.01.16 17:30:00,1768584600017,2026.01.16 17:30:00,SELL,3,2026.01.16 17:33:00,1768584780017,2026.01.16 17:33:00,1768584780035,18,OK,4565.12,4565.25,4565.18,13.0,0.2848,4553.75,4553.79,4553.77,4.0,0.0878,1141.5,1133.0,25.0045,24.8186,0.1858,4605.54989706,4605.38081803,4597.49591765,4601.73528912
144,XAUUSD,PERIOD_M5,26090401,2026.01.16 17:30:00,1768584600017,2026.01.16 17:30:00,SELL,5,2026.01.16 17:35:00,1768584900017,2026.01.16 17:35:00,1768584900046,29,OK,4565.12,4565.25,4565.18,13.0,0.2848,4544.33,4544.37,4544.35,4.0,0.0880,2083.5,2075.0,45.6389,45.4534,0.1855,4605.54989706,4605.38081803,4597.49591765,4601.73528912
144,XAUUSD,PERIOD_M5,26090401,2026.01.16 17:30:00,1768584600017,2026.01.16 17:30:00,SELL,10,2026.01.16 17:40:00,1768585200017,2026.01.16 17:40:00,1768585200032,15,OK,4565.12,4565.25,4565.18,13.0,0.2848,4548.21,4548.37,4548.29,16.0,0.3518,1689.5,1675.0,37.0084,36.6913,0.3171,4605.54989706,4605.38081803,4597.49591765,4601.73528912
144,XAUUSD,PERIOD_M5,26090401,2026.01.16 17:30:00,1768584600017,2026.01.16 17:30:00,SELL,15,2026.01.16 17:45:00,1768585500017,2026.01.16 17:45:00,1768585500023,6,OK,4565.12,4565.25,4565.18,13.0,0.2848,4555.54,4555.73,4555.64,19.0,0.4171,955.0,939.0,20.9192,20.5690,0.3502,4605.54989706,4605.38081803,4597.49591765,4601.73528912
144,XAUUSD,PERIOD_M5,26090401,2026.01.16 17:30:00,1768584600017,2026.01.16 17:30:00,SELL,30,2026.01.16 18:00:00,1768586400017,2026.01.16 18:00:00,1768586400021,4,OK,4565.12,4565.25,4565.18,13.0,0.2848,4571.27,4571.44,4571.35,17.0,0.3719,-617.0,-632.0,-13.5153,-13.8441,0.3288,4605.54989706,4605.38081803,4597.49591765,4601.73528912
144,XAUUSD,PERIOD_M5,26090401,2026.01.16 17:30:00,1768584600017,2026.01.16 17:30:00,SELL,60,2026.01.16 18:30:00,1768588200017,2026.01.16 18:30:00,1768588200036,19,OK,4565.12,4565.25,4565.18,13.0,0.2848,4591.78,4591.82,4591.80,4.0,0.0871,-2661.5,-2670.0,-58.2999,-58.4870,0.1870,4605.54989706,4605.38081803,4597.49591765,4601.73528912
145,XAUUSD,PERIOD_M5,26090401,2026.01.16 18:40:00,1768588800033,2026.01.16 18:40:00,BUY,1,2026.01.16 18:41:00,1768588860033,2026.01.16 18:41:00,1768588860036,3,OK,4594.45,4594.61,4594.53,16.0,0.3482,4596.19,4596.30,4596.24,11.0,0.2393,171.5,158.0,3.7327,3.4388,0.2939,4586.25661499,4586.76863700,4587.89729199,4587.46785181
145,XAUUSD,PERIOD_M5,26090401,2026.01.16 18:40:00,1768588800033,2026.01.16 18:40:00,BUY,3,2026.01.16 18:43:00,1768588980033,2026.01.16 18:43:00,1768588980073,40,OK,4594.45,4594.61,4594.53,16.0,0.3482,4596.20,4596.39,4596.30,19.0,0.4134,176.5,159.0,3.8415,3.4606,0.3809,4586.25661499,4586.76863700,4587.89729199,4587.46785181
145,XAUUSD,PERIOD_M5,26090401,2026.01.16 18:40:00,1768588800033,2026.01.16 18:40:00,BUY,5,2026.01.16 18:45:00,1768589100033,2026.01.16 18:45:00,1768589100075,42,OK,4594.45,4594.61,4594.53,16.0,0.3482,4596.17,4596.34,4596.26,17.0,0.3699,172.5,156.0,3.7545,3.3953,0.3592,4586.25661499,4586.76863700,4587.89729199,4587.46785181
145,XAUUSD,PERIOD_M5,26090401,2026.01.16 18:40:00,1768588800033,2026.01.16 18:40:00,BUY,10,2026.01.16 18:50:00,1768589400033,2026.01.16 18:50:00,1768589400085,52,OK,4594.45,4594.61,4594.53,16.0,0.3482,4586.93,4587.09,4587.01,16.0,0.3488,-752.0,-768.0,-16.3673,-16.7152,0.3479,4586.25661499,4586.76863700,4587.89729199,4587.46785181
145,XAUUSD,PERIOD_M5,26090401,2026.01.16 18:40:00,1768588800033,2026.01.16 18:40:00,BUY,15,2026.01.16 18:55:00,1768589700033,2026.01.16 18:55:00,1768589700097,64,OK,4594.45,4594.61,4594.53,16.0,0.3482,4585.21,4585.27,4585.24,6.0,0.1309,-929.0,-940.0,-20.2197,-20.4588,0.2391,4586.25661499,4586.76863700,4587.89729199,4587.46785181
145,XAUUSD,PERIOD_M5,26090401,2026.01.16 18:40:00,1768588800033,2026.01.16 18:40:00,BUY,30,2026.01.16 19:10:00,1768590600033,2026.01.16 19:10:00,1768590600069,36,OK,4594.45,4594.61,4594.53,16.0,0.3482,4589.72,4589.88,4589.80,16.0,0.3486,-473.0,-489.0,-10.2949,-10.6429,0.3481,4586.25661499,4586.76863700,4587.89729199,4587.46785181
146,XAUUSD,PERIOD_M5,26090401,2026.01.16 19:25:00,1768591500037,2026.01.16 19:25:00,SELL,1,2026.01.16 19:26:00,1768591560037,2026.01.16 19:26:00,1768591560042,5,OK,4584.53,4584.72,4584.63,19.0,0.4144,4581.88,4582.07,4581.98,19.0,0.4147,265.0,246.0,5.7802,5.3659,0.4143,4588.32969218,4588.17478674,4587.56975374,4587.84344249
146,XAUUSD,PERIOD_M5,26090401,2026.01.16 19:25:00,1768591500037,2026.01.16 19:25:00,SELL,3,2026.01.16 19:28:00,1768591680037,2026.01.16 19:28:00,1768591680093,56,OK,4584.53,4584.72,4584.63,19.0,0.4144,4581.15,4581.32,4581.23,17.0,0.3711,339.0,321.0,7.3943,7.0018,0.3925,4588.32969218,4588.17478674,4587.56975374,4587.84344249
146,XAUUSD,PERIOD_M5,26090401,2026.01.16 19:25:00,1768591500037,2026.01.16 19:25:00,SELL,5,2026.01.16 19:30:00,1768591800037,2026.01.16 19:30:00,1768591800119,82,OK,4584.53,4584.72,4584.63,19.0,0.4144,4578.76,4578.94,4578.85,18.0,0.3931,577.5,559.0,12.5965,12.1932,0.4033,4588.32969218,4588.17478674,4587.56975374,4587.84344249
146,XAUUSD,PERIOD_M5,26090401,2026.01.16 19:25:00,1768591500037,2026.01.16 19:25:00,SELL,10,2026.01.16 19:35:00,1768592100037,2026.01.16 19:35:00,1768592100054,17,OK,4584.53,4584.72,4584.63,19.0,0.4144,4583.45,4583.63,4583.54,18.0,0.3927,108.5,90.0,2.3666,1.9631,0.4035,4588.32969218,4588.17478674,4587.56975374,4587.84344249
146,XAUUSD,PERIOD_M5,26090401,2026.01.16 19:25:00,1768591500037,2026.01.16 19:25:00,SELL,15,2026.01.16 19:40:00,1768592400037,2026.01.16 19:40:00,1768592400124,87,OK,4584.53,4584.72,4584.63,19.0,0.4144,4585.07,4585.27,4585.17,20.0,0.4362,-54.5,-74.0,-1.1888,-1.6141,0.4254,4588.32969218,4588.17478674,4587.56975374,4587.84344249
145,XAUUSD,PERIOD_M5,26090401,2026.01.16 18:40:00,1768588800033,2026.01.16 18:40:00,BUY,60,2026.01.16 19:40:00,1768592400033,2026.01.16 19:40:00,1768592400124,91,OK,4594.45,4594.61,4594.53,16.0,0.3482,4585.07,4585.27,4585.17,20.0,0.4362,-936.0,-954.0,-20.3721,-20.7635,0.3914,4586.25661499,4586.76863700,4587.89729199,4587.46785181
146,XAUUSD,PERIOD_M5,26090401,2026.01.16 19:25:00,1768591500037,2026.01.16 19:25:00,SELL,30,2026.01.16 19:55:00,1768593300037,2026.01.16 19:55:00,1768593300052,15,OK,4584.53,4584.72,4584.63,19.0,0.4144,4581.90,4581.94,4581.92,4.0,0.0873,270.5,259.0,5.9002,5.6494,0.2507,4588.32969218,4588.17478674,4587.56975374,4587.84344249
146,XAUUSD,PERIOD_M5,26090401,2026.01.16 19:25:00,1768591500037,2026.01.16 19:25:00,SELL,60,2026.01.16 20:25:00,1768595100037,2026.01.16 20:25:00,1768595100067,30,OK,4584.53,4584.72,4584.63,19.0,0.4144,4588.23,4588.39,4588.31,16.0,0.3487,-368.5,-386.0,-8.0377,-8.4196,0.3819,4588.32969218,4588.17478674,4587.56975374,4587.84344249
147,XAUUSD,PERIOD_M5,26090401,2026.01.16 20:30:00,1768595400007,2026.01.16 20:30:00,BUY,1,2026.01.16 20:31:00,1768595460007,2026.01.16 20:31:00,1768595460061,54,OK,4589.99,4590.18,4590.09,19.0,0.4139,4591.05,4591.24,4591.15,19.0,0.4138,106.0,87.0,2.3093,1.8954,0.4140,4585.12464761,4585.35252617,4586.09971809,4585.77502379
147,XAUUSD,PERIOD_M5,26090401,2026.01.16 20:30:00,1768595400007,2026.01.16 20:30:00,BUY,3,2026.01.16 20:33:00,1768595580007,2026.01.16 20:33:00,1768595580018,11,OK,4589.99,4590.18,4590.09,19.0,0.4139,4593.81,4593.97,4593.89,16.0,0.3483,380.5,363.0,8.2896,7.9082,0.3814,4585.12464761,4585.35252617,4586.09971809,4585.77502379
147,XAUUSD,PERIOD_M5,26090401,2026.01.16 20:30:00,1768595400007,2026.01.16 20:30:00,BUY,5,2026.01.16 20:35:00,1768595700007,2026.01.16 20:35:00,1768595700087,80,OK,4589.99,4590.18,4590.09,19.0,0.4139,4594.13,4594.32,4594.23,19.0,0.4136,414.0,395.0,9.0194,8.6053,0.4141,4585.12464761,4585.35252617,4586.09971809,4585.77502379
147,XAUUSD,PERIOD_M5,26090401,2026.01.16 20:30:00,1768595400007,2026.01.16 20:30:00,BUY,10,2026.01.16 20:40:00,1768596000007,2026.01.16 20:40:00,1768596000008,1,OK,4589.99,4590.18,4590.09,19.0,0.4139,4593.06,4593.24,4593.15,18.0,0.3919,306.5,288.0,6.6774,6.2743,0.4032,4585.12464761,4585.35252617,4586.09971809,4585.77502379
147,XAUUSD,PERIOD_M5,26090401,2026.01.16 20:30:00,1768595400007,2026.01.16 20:30:00,BUY,15,2026.01.16 20:45:00,1768596300007,2026.01.16 20:45:00,1768596300069,62,OK,4589.99,4590.18,4590.09,19.0,0.4139,4595.30,4595.46,4595.38,16.0,0.3482,529.5,512.0,11.5357,11.1542,0.3815,4585.12464761,4585.35252617,4586.09971809,4585.77502379
147,XAUUSD,PERIOD_M5,26090401,2026.01.16 20:30:00,1768595400007,2026.01.16 20:30:00,BUY,30,2026.01.16 21:00:00,1768597200007,2026.01.16 21:00:00,1768597200009,2,OK,4589.99,4590.18,4590.09,19.0,0.4139,4582.69,4582.89,4582.79,20.0,0.4364,-729.5,-749.0,-15.8930,-16.3174,0.4245,4585.12464761,4585.35252617,4586.09971809,4585.77502379
148,XAUUSD,PERIOD_M5,26090401,2026.01.16 21:10:00,1768597800003,2026.01.16 21:10:00,SELL,1,2026.01.16 21:11:00,1768597860003,2026.01.16 21:11:00,1768597860005,2,OK,4584.50,4584.66,4584.58,16.0,0.3490,4584.37,4584.55,4584.46,18.0,0.3926,12.0,-5.0,0.2617,-0.1091,0.3708,4587.64484328,4587.33888752,4587.01787462,4587.08171593
148,XAUUSD,PERIOD_M5,26090401,2026.01.16 21:10:00,1768597800003,2026.01.16 21:10:00,SELL,3,2026.01.16 21:13:00,1768597980003,2026.01.16 21:13:00,1768597980757,754,OK,4584.50,4584.66,4584.58,16.0,0.3490,4582.99,4583.14,4583.07,15.0,0.3273,151.5,136.0,3.3046,2.9665,0.3380,4587.64484328,4587.33888752,4587.01787462,4587.08171593
148,XAUUSD,PERIOD_M5,26090401,2026.01.16 21:10:00,1768597800003,2026.01.16 21:10:00,SELL,5,2026.01.16 21:15:00,1768598100003,2026.01.16 21:15:00,1768598100041,38,OK,4584.50,4584.66,4584.58,16.0,0.3490,4584.06,4584.22,4584.14,16.0,0.3490,44.0,28.0,0.9597,0.6108,0.3490,4587.64484328,4587.33888752,4587.01787462,4587.08171593
148,XAUUSD,PERIOD_M5,26090401,2026.01.16 21:10:00,1768597800003,2026.01.16 21:10:00,SELL,10,2026.01.16 21:20:00,1768598400003,2026.01.16 21:20:00,1768598400183,180,OK,4584.50,4584.66,4584.58,16.0,0.3490,4583.61,4583.75,4583.68,14.0,0.3054,90.0,75.0,1.9631,1.6359,0.3272,4587.64484328,4587.33888752,4587.01787462,4587.08171593
148,XAUUSD,PERIOD_M5,26090401,2026.01.16 21:10:00,1768597800003,2026.01.16 21:10:00,SELL,15,2026.01.16 21:25:00,1768598700003,2026.01.16 21:25:00,1768598700021,18,OK,4584.50,4584.66,4584.58,16.0,0.3490,4585.27,4585.42,4585.35,15.0,0.3271,-76.5,-92.0,-1.6686,-2.0068,0.3381,4587.64484328,4587.33888752,4587.01787462,4587.08171593
147,XAUUSD,PERIOD_M5,26090401,2026.01.16 20:30:00,1768595400007,2026.01.16 20:30:00,BUY,60,2026.01.16 21:30:00,1768599000007,2026.01.16 21:30:00,1768599000028,21,OK,4589.99,4590.18,4590.09,19.0,0.4139,4584.03,4584.20,4584.11,17.0,0.3708,-597.0,-615.0,-13.0063,-13.3982,0.3919,4585.12464761,4585.35252617,4586.09971809,4585.77502379
148,XAUUSD,PERIOD_M5,26090401,2026.01.16 21:10:00,1768597800003,2026.01.16 21:10:00,SELL,30,2026.01.16 21:40:00,1768599600003,2026.01.16 21:40:00,1768599600041,38,OK,4584.50,4584.66,4584.58,16.0,0.3490,4588.71,4588.86,4588.78,15.0,0.3269,-420.5,-436.0,-9.1721,-9.5103,0.3383,4587.64484328,4587.33888752,4587.01787462,4587.08171593
149,XAUUSD,PERIOD_M5,26090401,2026.01.16 21:45:00,1768599900037,2026.01.16 21:45:00,BUY,1,2026.01.16 21:46:00,1768599960037,2026.01.16 21:46:00,1768599960291,254,OK,4589.39,4589.49,4589.44,10.0,0.2179,4590.16,4590.32,4590.24,16.0,0.3486,80.0,67.0,1.7431,1.4599,0.2833,4586.51607837,4586.58518196,4587.09086269,4586.84016542
149,XAUUSD,PERIOD_M5,26090401,2026.01.16 21:45:00,1768599900037,2026.01.16 21:45:00,BUY,3,2026.01.16 21:48:00,1768600080037,2026.01.16 21:48:00,1768600080045,8,OK,4589.39,4589.49,4589.44,10.0,0.2179,4590.37,4590.57,4590.47,20.0,0.4357,103.0,88.0,2.2443,1.9174,0.3269,4586.51607837,4586.58518196,4587.09086269,4586.84016542
149,XAUUSD,PERIOD_M5,26090401,2026.01.16 21:45:00,1768599900037,2026.01.16 21:45:00,BUY,5,2026.01.16 21:50:00,1768600200037,2026.01.16 21:50:00,1768600200166,129,OK,4589.39,4589.49,4589.44,10.0,0.2179,4589.77,4589.97,4589.87,20.0,0.4357,43.0,28.0,0.9369,0.6101,0.3268,4586.51607837,4586.58518196,4587.09086269,4586.84016542
149,XAUUSD,PERIOD_M5,26090401,2026.01.16 21:45:00,1768599900037,2026.01.16 21:45:00,BUY,10,2026.01.16 21:55:00,1768600500037,2026.01.16 21:55:00,1768600500077,40,OK,4589.39,4589.49,4589.44,10.0,0.2179,4591.06,4591.18,4591.12,12.0,0.2614,168.0,157.0,3.6606,3.4209,0.2397,4586.51607837,4586.58518196,4587.09086269,4586.84016542
149,XAUUSD,PERIOD_M5,26090401,2026.01.16 21:45:00,1768599900037,2026.01.16 21:45:00,BUY,15,2026.01.16 22:00:00,1768600800037,2026.01.16 22:00:00,1768600800117,80,OK,4589.39,4589.49,4589.44,10.0,0.2179,4590.56,4590.76,4590.66,20.0,0.4357,122.0,107.0,2.6583,2.3314,0.3269,4586.51607837,4586.58518196,4587.09086269,4586.84016542
148,XAUUSD,PERIOD_M5,26090401,2026.01.16 21:10:00,1768597800003,2026.01.16 21:10:00,SELL,60,2026.01.16 22:10:00,1768601400003,2026.01.16 22:10:00,1768601400058,55,OK,4584.50,4584.66,4584.58,16.0,0.3490,4594.72,4594.90,4594.81,18.0,0.3917,-1023.0,-1040.0,-22.3139,-22.6851,0.3712,4587.64484328,4587.33888752,4587.01787462,4587.08171593
149,XAUUSD,PERIOD_M5,26090401,2026.01.16 21:45:00,1768599900037,2026.01.16 21:45:00,BUY,30,2026.01.16 22:15:00,1768601700037,2026.01.16 22:15:00,1768601700070,33,OK,4589.39,4589.49,4589.44,10.0,0.2179,4593.14,4593.24,4593.19,10.0,0.2177,375.0,365.0,8.1709,7.9530,0.2180,4586.51607837,4586.58518196,4587.09086269,4586.84016542
150,XAUUSD,PERIOD_M5,26090401,2026.01.16 22:40:00,1768603200061,2026.01.16 22:40:00,SELL,1,2026.01.16 22:41:00,1768603260061,2026.01.16 22:41:00,1768603260095,34,OK,4585.35,4585.55,4585.45,20.0,0.4362,4585.75,4585.95,4585.85,20.0,0.4361,-40.0,-60.0,-0.8723,-1.3085,0.4362,4588.98032872,4588.80033319,4588.25426297,4588.48666653
150,XAUUSD,PERIOD_M5,26090401,2026.01.16 22:40:00,1768603200061,2026.01.16 22:40:00,SELL,3,2026.01.16 22:43:00,1768603380061,2026.01.16 22:43:00,1768603380067,6,OK,4585.35,4585.55,4585.45,20.0,0.4362,4586.53,4586.73,4586.63,20.0,0.4360,-118.0,-138.0,-2.5734,-3.0096,0.4362,4588.98032872,4588.80033319,4588.25426297,4588.48666653
150,XAUUSD,PERIOD_M5,26090401,2026.01.16 22:40:00,1768603200061,2026.01.16 22:40:00,SELL,5,2026.01.16 22:45:00,1768603500061,2026.01.16 22:45:00,1768603500307,246,OK,4585.35,4585.55,4585.45,20.0,0.4362,4584.29,4584.49,4584.39,20.0,0.4363,106.0,86.0,2.3117,1.8755,0.4361,4588.98032872,4588.80033319,4588.25426297,4588.48666653
149,XAUUSD,PERIOD_M5,26090401,2026.01.16 21:45:00,1768599900037,2026.01.16 21:45:00,BUY,60,2026.01.16 22:45:00,1768603500037,2026.01.16 22:45:00,1768603500057,20,OK,4589.39,4589.49,4589.44,10.0,0.2179,4584.27,4584.47,4584.37,20.0,0.4363,-507.0,-522.0,-11.0471,-11.3738,0.3267,4586.51607837,4586.58518196,4587.09086269,4586.84016542
150,XAUUSD,PERIOD_M5,26090401,2026.01.16 22:40:00,1768603200061,2026.01.16 22:40:00,SELL,10,2026.01.16 22:50:00,1768603800061,2026.01.16 22:50:00,1768603800131,70,OK,4585.35,4585.55,4585.45,20.0,0.4362,4585.75,4585.93,4585.84,18.0,0.3925,-39.0,-58.0,-0.8505,-1.2649,0.4144,4588.98032872,4588.80033319,4588.25426297,4588.48666653
150,XAUUSD,PERIOD_M5,26090401,2026.01.16 22:40:00,1768603200061,2026.01.16 22:40:00,SELL,15,2026.01.16 22:55:00,1768604100061,2026.01.16 22:55:00,1768604100064,3,OK,4585.35,4585.55,4585.45,20.0,0.4362,4588.93,4589.09,4589.01,16.0,0.3487,-356.0,-374.0,-7.7637,-8.1564,0.3927,4588.98032872,4588.80033319,4588.25426297,4588.48666653
150,XAUUSD,PERIOD_M5,26090401,2026.01.16 22:40:00,1768603200061,2026.01.16 22:40:00,SELL,30,2026.01.16 23:10:00,1768605000061,2026.01.16 23:10:00,1768605000156,95,OK,4585.35,4585.55,4585.45,20.0,0.4362,4583.67,4583.91,4583.79,24.0,0.5236,166.0,144.0,3.6201,3.1404,0.4797,4588.98032872,4588.80033319,4588.25426297,4588.48666653
151,XAUUSD,PERIOD_M5,26090401,2026.01.16 23:20:00,1768605600668,2026.01.16 23:20:00,BUY,1,2026.01.16 23:21:00,1768605660668,2026.01.16 23:21:00,1768605660918,250,OK,4598.11,4598.38,4598.24,27.0,0.5872,4597.16,4597.43,4597.30,27.0,0.5873,-95.0,-122.0,-2.0660,-2.6531,0.5871,4585.52716230,4586.69603490,4588.04372984,4587.73366810
151,XAUUSD,PERIOD_M5,26090401,2026.01.16 23:20:00,1768605600668,2026.01.16 23:20:00,BUY,3,2026.01.16 23:23:00,1768605780668,2026.01.16 23:23:00,1768605780694,26,OK,4598.11,4598.38,4598.24,27.0,0.5872,4595.99,4596.20,4596.09,21.0,0.4569,-215.0,-239.0,-4.6757,-5.1975,0.5218,4585.52716230,4586.69603490,4588.04372984,4587.73366810
151,XAUUSD,PERIOD_M5,26090401,2026.01.16 23:20:00,1768605600668,2026.01.16 23:20:00,BUY,5,2026.01.16 23:25:00,1768605900668,2026.01.16 23:25:00,1768605900753,85,OK,4598.11,4598.38,4598.24,27.0,0.5872,4593.44,4593.64,4593.54,20.0,0.4354,-470.5,-494.0,-10.2322,-10.7429,0.5107,4585.52716230,4586.69603490,4588.04372984,4587.73366810
151,XAUUSD,PERIOD_M5,26090401,2026.01.16 23:20:00,1768605600668,2026.01.16 23:20:00,BUY,10,2026.01.16 23:30:00,1768606200668,2026.01.16 23:30:00,1768606200721,53,OK,4598.11,4598.38,4598.24,27.0,0.5872,4592.18,4592.62,4592.40,44.0,0.9581,-584.5,-620.0,-12.7114,-13.4830,0.7716,4585.52716230,4586.69603490,4588.04372984,4587.73366810
151,XAUUSD,PERIOD_M5,26090401,2026.01.16 23:20:00,1768605600668,2026.01.16 23:20:00,BUY,15,2026.01.16 23:35:00,1768606500668,2026.01.16 23:35:00,1768606500825,157,OK,4598.11,4598.38,4598.24,27.0,0.5872,4591.89,4592.33,4592.11,44.0,0.9582,-613.5,-649.0,-13.3420,-14.1137,0.7716,4585.52716230,4586.69603490,4588.04372984,4587.73366810
150,XAUUSD,PERIOD_M5,26090401,2026.01.16 22:40:00,1768603200061,2026.01.16 22:40:00,SELL,60,2026.01.16 23:40:00,1768606800061,2026.01.16 23:40:00,1768606800302,241,OK,4585.35,4585.55,4585.45,20.0,0.4362,4594.93,4595.37,4595.15,44.0,0.9575,-970.0,-1002.0,-21.1539,-21.8522,0.6983,4588.98032872,4588.80033319,4588.25426297,4588.48666653
151,XAUUSD,PERIOD_M5,26090401,2026.01.16 23:20:00,1768605600668,2026.01.16 23:20:00,BUY,30,2026.01.16 23:50:00,1768607400668,2026.01.16 23:50:01,1768607401148,480,OK,4598.11,4598.38,4598.24,27.0,0.5872,4594.73,4595.17,4594.95,44.0,0.9576,-329.5,-365.0,-7.1658,-7.9376,0.7718,4585.52716230,4586.69603490,4588.04372984,4587.73366810
151,XAUUSD,PERIOD_M5,26090401,2026.01.16 23:20:00,1768605600668,2026.01.16 23:20:00,BUY,60,2026.01.17 00:20:00,1768609200668,,,,NO_TICK_NEAR_TARGET,4598.11,4598.38,4598.24,27.0,0.5872,,,,,,,,,,,4585.52716230,4586.69603490,4588.04372984,4587.73366810
152,XAUUSD,PERIOD_M5,26090401,2026.01.19 04:00:00,1768795200042,2026.01.19 04:00:00,SELL,1,2026.01.19 04:01:00,1768795260042,2026.01.19 04:01:00,1768795260176,134,OK,4657.39,4657.61,4657.50,22.0,0.4724,4656.19,4656.40,4656.30,21.0,0.4510,120.5,99.0,2.5872,2.1257,0.4616,4663.66790352,4663.59655075,4662.41032281,4663.03140977
152,XAUUSD,PERIOD_M5,26090401,2026.01.19 04:00:00,1768795200042,2026.01.19 04:00:00,SELL,3,2026.01.19 04:03:00,1768795380042,2026.01.19 04:03:00,1768795380056,14,OK,4657.39,4657.61,4657.50,22.0,0.4724,4656.34,4656.55,4656.44,21.0,0.4510,105.5,84.0,2.2652,1.8036,0.4616,4663.66790352,4663.59655075,4662.41032281,4663.03140977
152,XAUUSD,PERIOD_M5,26090401,2026.01.19 04:00:00,1768795200042,2026.01.19 04:00:00,SELL,5,2026.01.19 04:05:00,1768795500042,2026.01.19 04:05:00,1768795500203,161,OK,4657.39,4657.61,4657.50,22.0,0.4724,4655.85,4656.04,4655.94,19.0,0.4081,155.5,135.0,3.3387,2.8986,0.4401,4663.66790352,4663.59655075,4662.41032281,4663.03140977
152,XAUUSD,PERIOD_M5,26090401,2026.01.19 04:00:00,1768795200042,2026.01.19 04:00:00,SELL,10,2026.01.19 04:10:00,1768795800042,2026.01.19 04:10:00,1768795800054,12,OK,4657.39,4657.61,4657.50,22.0,0.4724,4662.28,4662.48,4662.38,20.0,0.4290,-488.0,-509.0,-10.4777,-10.9289,0.4511,4663.66790352,4663.59655075,4662.41032281,4663.03140977
152,XAUUSD,PERIOD_M5,26090401,2026.01.19 04:00:00,1768795200042,2026.01.19 04:00:00,SELL,15,2026.01.19 04:15:00,1768796100042,2026.01.19 04:15:00,1768796100064,22,OK,4657.39,4657.61,4657.50,22.0,0.4724,4659.15,4659.38,4659.26,23.0,0.4936,-176.5,-199.0,-3.7896,-4.2728,0.4832,4663.66790352,4663.59655075,4662.41032281,4663.03140977
152,XAUUSD,PERIOD_M5,26090401,2026.01.19 04:00:00,1768795200042,2026.01.19 04:00:00,SELL,30,2026.01.19 04:30:00,1768797000042,2026.01.19 04:30:00,1768797000232,190,OK,4657.39,4657.61,4657.50,22.0,0.4724,4660.05,4660.27,4660.16,22.0,0.4721,-266.0,-288.0,-5.7112,-6.1837,0.4725,4663.66790352,4663.59655075,4662.41032281,4663.03140977
152,XAUUSD,PERIOD_M5,26090401,2026.01.19 04:00:00,1768795200042,2026.01.19 04:00:00,SELL,60,2026.01.19 05:00:00,1768798800042,2026.01.19 05:00:00,1768798800101,59,OK,4657.39,4657.61,4657.50,22.0,0.4724,4662.42,4662.65,4662.53,23.0,0.4933,-503.5,-526.0,-10.8105,-11.2939,0.4834,4663.66790352,4663.59655075,4662.41032281,4663.03140977
153,XAUUSD,PERIOD_M5,26090401,2026.01.19 05:10:00,1768799400661,2026.01.19 05:10:00,BUY,1,2026.01.19 05:11:00,1768799460661,2026.01.19 05:11:00,1768799460709,48,OK,4667.46,4667.68,4667.57,22.0,0.4713,4667.30,4667.46,4667.38,16.0,0.3428,-19.0,-38.0,-0.4071,-0.8141,0.4070,4661.33367843,4661.35299628,4662.55894274,4661.90817844
153,XAUUSD,PERIOD_M5,26090401,2026.01.19 05:10:00,1768799400661,2026.01.19 05:10:00,BUY,3,2026.01.19 05:13:00,1768799580661,2026.01.19 05:13:00,1768799580706,45,OK,4667.46,4667.68,4667.57,22.0,0.4713,4668.53,4668.75,4668.64,22.0,0.4712,107.0,85.0,2.2924,1.8210,0.4714,4661.33367843,4661.35299628,4662.55894274,4661.90817844
153,XAUUSD,PERIOD_M5,26090401,2026.01.19 05:10:00,1768799400661,2026.01.19 05:10:00,BUY,5,2026.01.19 05:15:00,1768799700661,2026.01.19 05:15:00,1768799700744,83,OK,4667.46,4667.68,4667.57,22.0,0.4713,4668.85,4669.07,4668.96,22.0,0.4712,139.0,117.0,2.9780,2.5066,0.4714,4661.33367843,4661.35299628,4662.55894274,4661.90817844
153,XAUUSD,PERIOD_M5,26090401,2026.01.19 05:10:00,1768799400661,2026.01.19 05:10:00,BUY,10,2026.01.19 05:20:00,1768800000661,2026.01.19 05:20:01,1768800001282,621,OK,4667.46,4667.68,4667.57,22.0,0.4713,4667.12,4667.30,4667.21,18.0,0.3857,-36.0,-56.0,-0.7713,-1.1997,0.4285,4661.33367843,4661.35299628,4662.55894274,4661.90817844
153,XAUUSD,PERIOD_M5,26090401,2026.01.19 05:10:00,1768799400661,2026.01.19 05:10:00,BUY,15,2026.01.19 05:25:00,1768800300661,2026.01.19 05:25:00,1768800300913,252,OK,4667.46,4667.68,4667.57,22.0,0.4713,4664.76,4664.99,4664.88,23.0,0.4930,-269.5,-292.0,-5.7739,-6.2558,0.4819,4661.33367843,4661.35299628,4662.55894274,4661.90817844
153,XAUUSD,PERIOD_M5,26090401,2026.01.19 05:10:00,1768799400661,2026.01.19 05:10:00,BUY,30,2026.01.19 05:40:00,1768801200661,2026.01.19 05:40:00,1768801200797,136,OK,4667.46,4667.68,4667.57,22.0,0.4713,4662.94,4663.16,4663.05,22.0,0.4718,-452.0,-474.0,-9.6838,-10.1549,0.4711,4661.33367843,4661.35299628,4662.55894274,4661.90817844
154,XAUUSD,PERIOD_M5,26090401,2026.01.19 05:55:00,1768802100000,2026.01.19 05:55:00,SELL,1,2026.01.19 05:56:00,1768802160000,2026.01.19 05:56:00,1768802160060,60,OK,4660.35,4660.56,4660.45,21.0,0.4506,4659.92,4660.14,4660.03,22.0,0.4721,42.5,21.0,0.9119,0.4506,0.4613,4663.25177854,4663.02329148,4662.67142283,4662.78026498
154,XAUUSD,PERIOD_M5,26090401,2026.01.19 05:55:00,1768802100000,2026.01.19 05:55:00,SELL,3,2026.01.19 05:58:00,1768802280000,2026.01.19 05:58:00,1768802280327,327,OK,4660.35,4660.56,4660.45,21.0,0.4506,4660.08,4660.28,4660.18,20.0,0.4292,27.5,7.0,0.5901,0.1502,0.4399,4663.25177854,4663.02329148,4662.67142283,4662.78026498
154,XAUUSD,PERIOD_M5,26090401,2026.01.19 05:55:00,1768802100000,2026.01.19 05:55:00,SELL,5,2026.01.19 06:00:00,1768802400000,2026.01.19 06:00:00,1768802400282,282,OK,4660.35,4660.56,4660.45,21.0,0.4506,4658.39,4658.59,4658.49,20.0,0.4293,196.5,176.0,4.2163,3.7765,0.4398,4663.25177854,4663.02329148,4662.67142283,4662.78026498
154,XAUUSD,PERIOD_M5,26090401,2026.01.19 05:55:00,1768802100000,2026.01.19 05:55:00,SELL,10,2026.01.19 06:05:00,1768802700000,2026.01.19 06:05:00,1768802700481,481,OK,4660.35,4660.56,4660.45,21.0,0.4506,4660.83,4661.03,4660.93,20.0,0.4291,-47.5,-68.0,-1.0192,-1.4591,0.4399,4663.25177854,4663.02329148,4662.67142283,4662.78026498
154,XAUUSD,PERIOD_M5,26090401,2026.01.19 05:55:00,1768802100000,2026.01.19 05:55:00,SELL,15,2026.01.19 06:10:00,1768803000000,2026.01.19 06:10:00,1768803000177,177,OK,4660.35,4660.56,4660.45,21.0,0.4506,4661.09,4661.32,4661.20,23.0,0.4934,-75.0,-97.0,-1.6093,-2.0814,0.4721,4663.25177854,4663.02329148,4662.67142283,4662.78026498
153,XAUUSD,PERIOD_M5,26090401,2026.01.19 05:10:00,1768799400661,2026.01.19 05:10:00,BUY,60,2026.01.19 06:10:00,1768803000661,2026.01.19 06:10:01,1768803001299,638,OK,4667.46,4667.68,4667.57,22.0,0.4713,4661.09,4661.30,4661.19,21.0,0.4505,-637.5,-659.0,-13.6581,-14.1184,0.4603,4661.33367843,4661.35299628,4662.55894274,4661.90817844
154,XAUUSD,PERIOD_M5,26090401,2026.01.19 05:55:00,1768802100000,2026.01.19 05:55:00,SELL,30,2026.01.19 06:25:00,1768803900000,2026.01.19 06:25:00,1768803900029,29,OK,4660.35,4660.56,4660.45,21.0,0.4506,4662.06,4662.25,4662.16,19.0,0.4075,-170.0,-190.0,-3.6477,-4.0769,0.4292,4663.25177854,4663.02329148,4662.67142283,4662.78026498
155,XAUUSD,PERIOD_M5,26090401,2026.01.19 06:55:00,1768805700528,2026.01.19 06:55:00,BUY,1,2026.01.19 06:56:00,1768805760528,2026.01.19 06:56:00,1768805760545,17,OK,4664.82,4665.04,4664.93,22.0,0.4716,4664.61,4664.82,4664.72,21.0,0.4502,-21.5,-43.0,-0.4609,-0.9217,0.4609,4662.11578497,4662.13764992,4662.65662797,4662.38149992
155,XAUUSD,PERIOD_M5,26090401,2026.01.19 06:55:00,1768805700528,2026.01.19 06:55:00,BUY,3,2026.01.19 06:58:00,1768805880528,2026.01.19 06:58:00,1768805880635,107,OK,4664.82,4665.04,4664.93,22.0,0.4716,4664.27,4664.49,4664.38,22.0,0.4717,-55.0,-77.0,-1.1790,-1.6506,0.4716,4662.11578497,4662.13764992,4662.65662797,4662.38149992
154,XAUUSD,PERIOD_M5,26090401,2026.01.19 05:55:00,1768802100000,2026.01.19 05:55:00,SELL,60,2026.01.19 06:55:00,1768805700000,2026.01.19 06:55:00,1768805700528,528,OK,4660.35,4660.56,4660.45,21.0,0.4506,4664.82,4665.04,4664.93,22.0,0.4716,-447.5,-469.0,-9.6021,-10.0636,0.4616,4663.25177854,4663.02329148,4662.67142283,4662.78026498
155,XAUUSD,PERIOD_M5,26090401,2026.01.19 06:55:00,1768805700528,2026.01.19 06:55:00,BUY,5,2026.01.19 07:00:00,1768806000528,2026.01.19 07:00:00,1768806000580,52,OK,4664.82,4665.04,4664.93,22.0,0.4716,4663.15,4663.26,4663.20,11.0,0.2359,-172.5,-189.0,-3.6978,-4.0514,0.3536,4662.11578497,4662.13764992,4662.65662797,4662.38149992
155,XAUUSD,PERIOD_M5,26090401,2026.01.19 06:55:00,1768805700528,2026.01.19 06:55:00,BUY,10,2026.01.19 07:05:00,1768806300528,2026.01.19 07:05:02,1768806302380,1852,OK,4664.82,4665.04,4664.93,22.0,0.4716,4668.86,4669.05,4668.95,19.0,0.4069,402.5,382.0,8.6282,8.1886,0.4396,4662.11578497,4662.13764992,4662.65662797,4662.38149992
155,XAUUSD,PERIOD_M5,26090401,2026.01.19 06:55:00,1768805700528,2026.01.19 06:55:00,BUY,15,2026.01.19 07:10:00,1768806600528,2026.01.19 07:10:00,1768806600601,73,OK,4664.82,4665.04,4664.93,22.0,0.4716,4669.18,4669.37,4669.27,19.0,0.4069,434.5,414.0,9.3142,8.8745,0.4397,4662.11578497,4662.13764992,4662.65662797,4662.38149992
155,XAUUSD,PERIOD_M5,26090401,2026.01.19 06:55:00,1768805700528,2026.01.19 06:55:00,BUY,30,2026.01.19 07:25:00,1768807500528,2026.01.19 07:25:00,1768807500548,20,OK,4664.82,4665.04,4664.93,22.0,0.4716,4671.85,4672.01,4671.93,16.0,0.3425,700.0,681.0,15.0056,14.5979,0.4076,4662.11578497,4662.13764992,4662.65662797,4662.38149992
155,XAUUSD,PERIOD_M5,26090401,2026.01.19 06:55:00,1768805700528,2026.01.19 06:55:00,BUY,60,2026.01.19 07:55:00,1768809300528,2026.01.19 07:55:00,1768809300729,201,OK,4664.82,4665.04,4664.93,22.0,0.4716,4667.29,4667.45,4667.37,16.0,0.3428,244.0,225.0,5.2305,4.8231,0.4074,4662.11578497,4662.13764992,4662.65662797,4662.38149992
156,XAUUSD,PERIOD_M5,26090401,2026.01.19 09:25:00,1768814700017,2026.01.19 09:25:00,SELL,1,2026.01.19 09:26:00,1768814760017,2026.01.19 09:26:00,1768814760025,8,OK,4665.29,4665.47,4665.38,18.0,0.3858,4666.68,4666.84,4666.76,16.0,0.3429,-138.0,-155.0,-2.9580,-3.3224,0.3645,4671.84693095,4671.16962699,4670.53354476,4670.63420635
156,XAUUSD,PERIOD_M5,26090401,2026.01.19 09:25:00,1768814700017,2026.01.19 09:25:00,SELL,3,2026.01.19 09:28:00,1768814880017,2026.01.19 09:28:00,1768814880066,49,OK,4665.29,4665.47,4665.38,18.0,0.3858,4668.46,4668.62,4668.54,16.0,0.3427,-316.0,-333.0,-6.7733,-7.1378,0.3645,4671.84693095,4671.16962699,4670.53354476,4670.63420635
156,XAUUSD,PERIOD_M5,26090401,2026.01.19 09:25:00,1768814700017,2026.01.19 09:25:00,SELL,5,2026.01.19 09:30:00,1768815000017,2026.01.19 09:30:00,1768815000042,25,OK,4665.29,4665.47,4665.38,18.0,0.3858,4667.44,4667.60,4667.52,16.0,0.3428,-214.0,-231.0,-4.5870,-4.9515,0.3645,4671.84693095,4671.16962699,4670.53354476,4670.63420635
156,XAUUSD,PERIOD_M5,26090401,2026.01.19 09:25:00,1768814700017,2026.01.19 09:25:00,SELL,10,2026.01.19 09:35:00,1768815300017,2026.01.19 09:35:01,1768815301033,1016,OK,4665.29,4665.47,4665.38,18.0,0.3858,4667.41,4667.57,4667.49,16.0,0.3428,-211.0,-228.0,-4.5227,-4.8872,0.3645,4671.84693095,4671.16962699,4670.53354476,4670.63420635
156,XAUUSD,PERIOD_M5,26090401,2026.01.19 09:25:00,1768814700017,2026.01.19 09:25:00,SELL,15,2026.01.19 09:40:00,1768815600017,2026.01.19 09:40:00,1768815600209,192,OK,4665.29,4665.47,4665.38,18.0,0.3858,4666.53,4666.69,4666.61,16.0,0.3429,-123.0,-140.0,-2.6364,-3.0009,0.3644,4671.84693095,4671.16962699,4670.53354476,4670.63420635
156,XAUUSD,PERIOD_M5,26090401,2026.01.19 09:25:00,1768814700017,2026.01.19 09:25:00,SELL,30,2026.01.19 09:55:00,1768816500017,2026.01.19 09:55:00,1768816500038,21,OK,4665.29,4665.47,4665.38,18.0,0.3858,4664.13,4664.29,4664.21,16.0,0.3430,117.0,100.0,2.5078,2.1435,0.3643,4671.84693095,4671.16962699,4670.53354476,4670.63420635
156,XAUUSD,PERIOD_M5,26090401,2026.01.19 09:25:00,1768814700017,2026.01.19 09:25:00,SELL,60,2026.01.19 10:25:00,1768818300017,2026.01.19 10:25:00,1768818300031,14,OK,4665.29,4665.47,4665.38,18.0,0.3858,4669.87,4669.93,4669.90,6.0,0.1285,-452.0,-464.0,-9.6884,-9.9458,0.2574,4671.84693095,4671.16962699,4670.53354476,4670.63420635
157,XAUUSD,PERIOD_M5,26090401,2026.01.19 11:20:00,1768821600439,2026.01.19 11:20:00,BUY,1,2026.01.19 11:21:00,1768821660439,2026.01.19 11:21:00,1768821660483,44,OK,4671.45,4671.62,4671.53,17.0,0.3639,4671.56,4671.75,4671.66,19.0,0.4067,12.0,-6.0,0.2569,-0.1284,0.3853,4667.51453942,4667.80341674,4668.30163154,4668.13492431
157,XAUUSD,PERIOD_M5,26090401,2026.01.19 11:20:00,1768821600439,2026.01.19 11:20:00,BUY,3,2026.01.19 11:23:00,1768821780439,2026.01.19 11:23:01,1768821781699,1260,OK,4671.45,4671.62,4671.53,17.0,0.3639,4671.45,4671.64,4671.55,19.0,0.4067,1.0,-17.0,0.0214,-0.3639,0.3853,4667.51453942,4667.80341674,4668.30163154,4668.13492431
157,XAUUSD,PERIOD_M5,26090401,2026.01.19 11:20:00,1768821600439,2026.01.19 11:20:00,BUY,5,2026.01.19 11:25:00,1768821900439,2026.01.19 11:25:00,1768821900455,16,OK,4671.45,4671.62,4671.53,17.0,0.3639,4667.29,4667.43,4667.36,14.0,0.3000,-417.5,-433.0,-8.9371,-9.2687,0.3316,4667.51453942,4667.80341674,4668.30163154,4668.13492431
158,XAUUSD,PERIOD_M5,26090401,2026.01.19 11:30:00,1768822200011,2026.01.19 11:30:00,SELL,1,2026.01.19 11:31:00,1768822260011,2026.01.19 11:31:00,1768822260057,46,OK,4666.66,4666.86,4666.76,20.0,0.4286,4666.35,4666.51,4666.43,16.0,0.3429,33.0,15.0,0.7071,0.3214,0.3857,4668.15930523,4668.08538573,4667.86344418,4667.95762340
158,XAUUSD,PERIOD_M5,26090401,2026.01.19 11:30:00,1768822200011,2026.01.19 11:30:00,SELL,3,2026.01.19 11:33:00,1768822380011,2026.01.19 11:33:00,1768822380243,232,OK,4666.66,4666.86,4666.76,20.0,0.4286,4667.38,4667.54,4667.46,16.0,0.3428,-70.0,-88.0,-1.5000,-1.8857,0.3857,4668.15930523,4668.08538573,4667.86344418,4667.95762340
157,XAUUSD,PERIOD_M5,26090401,2026.01.19 11:20:00,1768821600439,2026.01.19 11:20:00,BUY,10,2026.01.19 11:30:00,1768822200439,2026.01.19 11:30:00,1768822200554,115,OK,4671.45,4671.62,4671.53,17.0,0.3639,4666.65,4666.83,4666.74,18.0,0.3857,-479.5,-497.0,-10.2643,-10.6387,0.3744,4667.51453942,4667.80341674,4668.30163154,4668.13492431
159,XAUUSD,PERIOD_M5,26090401,2026.01.19 11:35:00,1768822500439,2026.01.19 11:35:00,BUY,1,2026.01.19 11:36:00,1768822560439,2026.01.19 11:36:00,1768822560609,170,OK,4669.13,4669.31,4669.22,18.0,0.3855,4668.72,4668.88,4668.80,16.0,0.3427,-42.0,-59.0,-0.8995,-1.2636,0.3641,4667.86344418,4667.95762340,4668.11475535,4668.06329400
159,XAUUSD,PERIOD_M5,26090401,2026.01.19 11:35:00,1768822500439,2026.01.19 11:35:00,BUY,3,2026.01.19 11:38:00,1768822680439,2026.01.19 11:38:01,1768822681125,686,OK,4669.13,4669.31,4669.22,18.0,0.3855,4670.14,4670.29,4670.22,15.0,0.3212,99.5,83.0,2.1310,1.7776,0.3534,4667.86344418,4667.95762340,4668.11475535,4668.06329400
158,XAUUSD,PERIOD_M5,26090401,2026.01.19 11:30:00,1768822200011,2026.01.19 11:30:00,SELL,5,2026.01.19 11:35:00,1768822500011,2026.01.19 11:35:00,1768822500439,428,OK,4666.66,4666.86,4666.76,20.0,0.4286,4669.13,4669.31,4669.22,18.0,0.3855,-246.0,-265.0,-5.2713,-5.6786,0.4073,4668.15930523,4668.08538573,4667.86344418,4667.95762340
157,XAUUSD,PERIOD_M5,26090401,2026.01.19 11:20:00,1768821600439,2026.01.19 11:20:00,BUY,15,2026.01.19 11:35:00,1768822500439,2026.01.19 11:35:00,1768822500439,0,OK,4671.45,4671.62,4671.53,17.0,0.3639,4669.13,4669.31,4669.22,18.0,0.3855,-231.5,-249.0,-4.9555,-5.3301,0.3745,4667.51453942,4667.80341674,4668.30163154,4668.13492431
159,XAUUSD,PERIOD_M5,26090401,2026.01.19 11:35:00,1768822500439,2026.01.19 11:35:00,BUY,5,2026.01.19 11:40:00,1768822800439,2026.01.19 11:40:00,1768822800441,2,OK,4669.13,4669.31,4669.22,18.0,0.3855,4668.58,4668.71,4668.65,13.0,0.2785,-57.5,-73.0,-1.2315,-1.5634,0.3319,4667.86344418,4667.95762340,4668.11475535,4668.06329400
158,XAUUSD,PERIOD_M5,26090401,2026.01.19 11:30:00,1768822200011,2026.01.19 11:30:00,SELL,10,2026.01.19 11:40:00,1768822800011,2026.01.19 11:40:00,1768822800084,73,OK,4666.66,4666.86,4666.76,20.0,0.4286,4668.57,4668.71,4668.64,14.0,0.2999,-188.0,-205.0,-4.0285,-4.3929,0.3644,4668.15930523,4668.08538573,4667.86344418,4667.95762340
159,XAUUSD,PERIOD_M5,26090401,2026.01.19 11:35:00,1768822500439,2026.01.19 11:35:00,BUY,10,2026.01.19 11:45:00,1768823100439,2026.01.19 11:45:00,1768823100490,51,OK,4669.13,4669.31,4669.22,18.0,0.3855,4669.64,4669.81,4669.73,17.0,0.3640,50.5,33.0,1.0816,0.7067,0.3748,4667.86344418,4667.95762340,4668.11475535,4668.06329400
158,XAUUSD,PERIOD_M5,26090401,2026.01.19 11:30:00,1768822200011,2026.01.19 11:30:00,SELL,15,2026.01.19 11:45:00,1768823100011,2026.01.19 11:45:00,1768823100016,5,OK,4666.66,4666.86,4666.76,20.0,0.4286,4669.62,4669.77,4669.69,15.0,0.3212,-293.5,-311.0,-6.2892,-6.6643,0.3751,4668.15930523,4668.08538573,4667.86344418,4667.95762340
159,XAUUSD,PERIOD_M5,26090401,2026.01.19 11:35:00,1768822500439,2026.01.19 11:35:00,BUY,15,2026.01.19 11:50:00,1768823400439,2026.01.19 11:50:00,1768823400575,136,OK,4669.13,4669.31,4669.22,18.0,0.3855,4669.71,4669.83,4669.77,12.0,0.2570,55.0,40.0,1.1779,0.8567,0.3213,4667.86344418,4667.95762340,4668.11475535,4668.06329400
157,XAUUSD,PERIOD_M5,26090401,2026.01.19 11:20:00,1768821600439,2026.01.19 11:20:00,BUY,30,2026.01.19 11:50:00,1768823400439,2026.01.19 11:50:00,1768823400575,136,OK,4671.45,4671.62,4671.53,17.0,0.3639,4669.71,4669.83,4669.77,12.0,0.2570,-176.5,-191.0,-3.7782,-4.0885,0.3103,4667.51453942,4667.80341674,4668.30163154,4668.13492431
158,XAUUSD,PERIOD_M5,26090401,2026.01.19 11:30:00,1768822200011,2026.01.19 11:30:00,SELL,30,2026.01.19 12:00:00,1768824000011,2026.01.19 12:00:00,1768824000024,13,OK,4666.66,4666.86,4666.76,20.0,0.4286,4668.42,4668.59,4668.51,17.0,0.3641,-174.5,-193.0,-3.7392,-4.1357,0.3965,4668.15930523,4668.08538573,4667.86344418,4667.95762340
159,XAUUSD,PERIOD_M5,26090401,2026.01.19 11:35:00,1768822500439,2026.01.19 11:35:00,BUY,30,2026.01.19 12:05:00,1768824300439,2026.01.19 12:05:01,1768824301086,647,OK,4669.13,4669.31,4669.22,18.0,0.3855,4667.49,4667.62,4667.56,13.0,0.2785,-166.5,-182.0,-3.5659,-3.8978,0.3319,4667.86344418,4667.95762340,4668.11475535,4668.06329400
157,XAUUSD,PERIOD_M5,26090401,2026.01.19 11:20:00,1768821600439,2026.01.19 11:20:00,BUY,60,2026.01.19 12:20:00,1768825200439,2026.01.19 12:20:00,1768825200477,38,OK,4671.45,4671.62,4671.53,17.0,0.3639,4667.63,4667.81,4667.72,18.0,0.3856,-381.5,-399.0,-8.1665,-8.5409,0.3745,4667.51453942,4667.80341674,4668.30163154,4668.13492431
160,XAUUSD,PERIOD_M5,26090401,2026.01.19 12:30:00,1768825800027,2026.01.19 12:30:00,SELL,1,2026.01.19 12:31:00,1768825860027,2026.01.19 12:31:00,1768825860047,20,OK,4665.82,4665.99,4665.90,17.0,0.3643,4664.65,4664.83,4664.74,18.0,0.3859,116.5,99.0,2.4968,2.1218,0.3750,4668.44943971,4668.39646563,4667.92355177,4668.16224148
160,XAUUSD,PERIOD_M5,26090401,2026.01.19 12:30:00,1768825800027,2026.01.19 12:30:00,SELL,3,2026.01.19 12:33:00,1768825980027,2026.01.19 12:33:00,1768825980332,305,OK,4665.82,4665.99,4665.90,17.0,0.3643,4666.45,4666.60,4666.52,15.0,0.3214,-62.0,-78.0,-1.3288,-1.6717,0.3429,4668.44943971,4668.39646563,4667.92355177,4668.16224148
158,XAUUSD,PERIOD_M5,26090401,2026.01.19 11:30:00,1768822200011,2026.01.19 11:30:00,SELL,60,2026.01.19 12:30:00,1768825800011,2026.01.19 12:30:00,1768825800027,16,OK,4666.66,4666.86,4666.76,20.0,0.4286,4665.82,4665.99,4665.90,17.0,0.3643,85.5,67.0,1.8321,1.4357,0.3964,4668.15930523,4668.08538573,4667.86344418,4667.95762340
160,XAUUSD,PERIOD_M5,26090401,2026.01.19 12:30:00,1768825800027,2026.01.19 12:30:00,SELL,5,2026.01.19 12:35:00,1768826100027,2026.01.19 12:35:00,1768826100052,25,OK,4665.82,4665.99,4665.90,17.0,0.3643,4666.63,4666.82,4666.73,19.0,0.4071,-82.0,-100.0,-1.7574,-2.1432,0.3858,4668.44943971,4668.39646563,4667.92355177,4668.16224148
159,XAUUSD,PERIOD_M5,26090401,2026.01.19 11:35:00,1768822500439,2026.01.19 11:35:00,BUY,60,2026.01.19 12:35:00,1768826100439,2026.01.19 12:35:01,1768826101716,1277,OK,4669.13,4669.31,4669.22,18.0,0.3855,4666.63,4666.80,4666.72,17.0,0.3643,-250.5,-268.0,-5.3649,-5.7396,0.3747,4667.86344418,4667.95762340,4668.11475535,4668.06329400
160,XAUUSD,PERIOD_M5,26090401,2026.01.19 12:30:00,1768825800027,2026.01.19 12:30:00,SELL,10,2026.01.19 12:40:00,1768826400027,2026.01.19 12:40:00,1768826400372,345,OK,4665.82,4665.99,4665.90,17.0,0.3643,4664.84,4665.03,4664.93,19.0,0.4073,97.0,79.0,2.0789,1.6932,0.3857,4668.44943971,4668.39646563,4667.92355177,4668.16224148
160,XAUUSD,PERIOD_M5,26090401,2026.01.19 12:30:00,1768825800027,2026.01.19 12:30:00,SELL,15,2026.01.19 12:45:00,1768826700027,2026.01.19 12:45:00,1768826700208,181,OK,4665.82,4665.99,4665.90,17.0,0.3643,4661.59,4661.72,4661.66,13.0,0.2789,425.0,410.0,9.1086,8.7873,0.3213,4668.44943971,4668.39646563,4667.92355177,4668.16224148
160,XAUUSD,PERIOD_M5,26090401,2026.01.19 12:30:00,1768825800027,2026.01.19 12:30:00,SELL,30,2026.01.19 13:00:00,1768827600027,2026.01.19 13:00:00,1768827600082,55,OK,4665.82,4665.99,4665.90,17.0,0.3643,4663.73,4663.89,4663.81,16.0,0.3431,209.5,193.0,4.4900,4.1365,0.3536,4668.44943971,4668.39646563,4667.92355177,4668.16224148
160,XAUUSD,PERIOD_M5,26090401,2026.01.19 12:30:00,1768825800027,2026.01.19 12:30:00,SELL,60,2026.01.19 13:30:00,1768829400027,2026.01.19 13:30:00,1768829400036,9,OK,4665.82,4665.99,4665.90,17.0,0.3643,4667.01,4667.15,4667.08,14.0,0.3000,-117.5,-133.0,-2.5183,-2.8505,0.3322,4668.44943971,4668.39646563,4667.92355177,4668.16224148
161,XAUUSD,PERIOD_M5,26090401,2026.01.19 14:20:00,1768832400027,2026.01.19 14:20:00,BUY,1,2026.01.19 14:21:00,1768832460027,2026.01.19 14:21:00,1768832460096,69,OK,4670.10,4670.27,4670.19,17.0,0.3640,4670.05,4670.24,4670.15,19.0,0.4068,-4.0,-22.0,-0.0856,-0.4711,0.3854,4663.89864938,4664.50531638,4665.13891951,4665.01392398
161,XAUUSD,PERIOD_M5,26090401,2026.01.19 14:20:00,1768832400027,2026.01.19 14:20:00,BUY,3,2026.01.19 14:23:00,1768832580027,2026.01.19 14:23:00,1768832580054,27,OK,4670.10,4670.27,4670.19,17.0,0.3640,4670.94,4671.10,4671.02,16.0,0.3425,83.5,67.0,1.7879,1.4346,0.3533,4663.89864938,4664.50531638,4665.13891951,4665.01392398
161,XAUUSD,PERIOD_M5,26090401,2026.01.19 14:20:00,1768832400027,2026.01.19 14:20:00,BUY,5,2026.01.19 14:25:00,1768832700027,2026.01.19 14:25:00,1768832700079,52,OK,4670.10,4670.27,4670.19,17.0,0.3640,4670.58,4670.74,4670.66,16.0,0.3426,47.5,31.0,1.0171,0.6638,0.3533,4663.89864938,4664.50531638,4665.13891951,4665.01392398
161,XAUUSD,PERIOD_M5,26090401,2026.01.19 14:20:00,1768832400027,2026.01.19 14:20:00,BUY,10,2026.01.19 14:30:00,1768833000027,2026.01.19 14:30:00,1768833000045,18,OK,4670.10,4670.27,4670.19,17.0,0.3640,4670.93,4671.08,4671.01,15.0,0.3211,82.0,66.0,1.7558,1.4132,0.3426,4663.89864938,4664.50531638,4665.13891951,4665.01392398
161,XAUUSD,PERIOD_M5,26090401,2026.01.19 14:20:00,1768832400027,2026.01.19 14:20:00,BUY,15,2026.01.19 14:35:00,1768833300027,2026.01.19 14:35:00,1768833300289,262,OK,4670.10,4670.27,4670.19,17.0,0.3640,4672.38,4672.48,4672.43,10.0,0.2140,224.5,211.0,4.8071,4.5179,0.2892,4663.89864938,4664.50531638,4665.13891951,4665.01392398
161,XAUUSD,PERIOD_M5,26090401,2026.01.19 14:20:00,1768832400027,2026.01.19 14:20:00,BUY,30,2026.01.19 14:50:00,1768834200027,2026.01.19 14:50:00,1768834200203,176,OK,4670.10,4670.27,4670.19,17.0,0.3640,4669.95,4670.10,4670.02,15.0,0.3212,-16.0,-32.0,-0.3426,-0.6852,0.3426,4663.89864938,4664.50531638,4665.13891951,4665.01392398
161,XAUUSD,PERIOD_M5,26090401,2026.01.19 14:20:00,1768832400027,2026.01.19 14:20:00,BUY,60,2026.01.19 15:20:00,1768836000027,2026.01.19 15:20:00,1768836000053,26,OK,4670.10,4670.27,4670.19,17.0,0.3640,4670.54,4670.63,4670.59,9.0,0.1927,40.0,27.0,0.8565,0.5781,0.2784,4663.89864938,4664.50531638,4665.13891951,4665.01392398
162,XAUUSD,PERIOD_M5,26090401,2026.01.19 16:00:00,1768838400029,2026.01.19 16:00:00,SELL,1,2026.01.19 16:01:00,1768838460029,2026.01.19 16:01:00,1768838460063,34,OK,4666.16,4666.32,4666.24,16.0,0.3429,4666.80,4666.98,4666.89,18.0,0.3857,-65.0,-82.0,-1.3930,-1.7573,0.3643,4669.22069907,4669.17703945,4668.60855926,4668.90276314
162,XAUUSD,PERIOD_M5,26090401,2026.01.19 16:00:00,1768838400029,2026.01.19 16:00:00,SELL,3,2026.01.19 16:03:00,1768838580029,2026.01.19 16:03:00,1768838580062,33,OK,4666.16,4666.32,4666.24,16.0,0.3429,4664.96,4665.14,4665.05,18.0,0.3858,119.0,102.0,2.5502,2.1860,0.3643,4669.22069907,4669.17703945,4668.60855926,4668.90276314
162,XAUUSD,PERIOD_M5,26090401,2026.01.19 16:00:00,1768838400029,2026.01.19 16:00:00,SELL,5,2026.01.19 16:05:00,1768838700029,2026.01.19 16:05:00,1768838700342,313,OK,4666.16,4666.32,4666.24,16.0,0.3429,4664.36,4664.53,4664.44,17.0,0.3645,179.5,163.0,3.8468,3.4932,0.3535,4669.22069907,4669.17703945,4668.60855926,4668.90276314
162,XAUUSD,PERIOD_M5,26090401,2026.01.19 16:00:00,1768838400029,2026.01.19 16:00:00,SELL,10,2026.01.19 16:10:00,1768839000029,2026.01.19 16:10:00,1768839000057,28,OK,4666.16,4666.32,4666.24,16.0,0.3429,4662.67,4662.83,4662.75,16.0,0.3431,349.0,333.0,7.4793,7.1365,0.3428,4669.22069907,4669.17703945,4668.60855926,4668.90276314
162,XAUUSD,PERIOD_M5,26090401,2026.01.19 16:00:00,1768838400029,2026.01.19 16:00:00,SELL,15,2026.01.19 16:15:00,1768839300029,2026.01.19 16:15:00,1768839300681,652,OK,4666.16,4666.32,4666.24,16.0,0.3429,4664.80,4664.93,4664.86,13.0,0.2787,137.5,123.0,2.9467,2.6360,0.3107,4669.22069907,4669.17703945,4668.60855926,4668.90276314
162,XAUUSD,PERIOD_M5,26090401,2026.01.19 16:00:00,1768838400029,2026.01.19 16:00:00,SELL,30,2026.01.19 16:30:00,1768840200029,2026.01.19 16:30:00,1768840200126,97,OK,4666.16,4666.32,4666.24,16.0,0.3429,4668.03,4668.21,4668.12,18.0,0.3856,-188.0,-205.0,-4.0289,-4.3933,0.3644,4669.22069907,4669.17703945,4668.60855926,4668.90276314
162,XAUUSD,PERIOD_M5,26090401,2026.01.19 16:00:00,1768838400029,2026.01.19 16:00:00,SELL,60,2026.01.19 17:00:00,1768842000029,2026.01.19 17:00:00,1768842000073,44,OK,4666.16,4666.32,4666.24,16.0,0.3429,4666.59,4666.71,4666.65,12.0,0.2571,-41.0,-55.0,-0.8787,-1.1787,0.3000,4669.22069907,4669.17703945,4668.60855926,4668.90276314
163,XAUUSD,PERIOD_M5,26090401,2026.01.19 17:10:00,1768842600056,2026.01.19 17:10:00,BUY,1,2026.01.19 17:11:00,1768842660056,2026.01.19 17:11:00,1768842660179,123,OK,4669.74,4669.88,4669.81,14.0,0.2998,4667.67,4667.86,4667.76,19.0,0.4070,-204.5,-221.0,-4.3792,-4.7325,0.3533,4667.10811227,4667.35181628,4667.63448981,4667.56892389
163,XAUUSD,PERIOD_M5,26090401,2026.01.19 17:10:00,1768842600056,2026.01.19 17:10:00,BUY,3,2026.01.19 17:13:00,1768842780056,2026.01.19 17:13:00,1768842780278,222,OK,4669.74,4669.88,4669.81,14.0,0.2998,4667.46,4667.60,4667.53,14.0,0.2999,-228.0,-242.0,-4.8824,-5.1821,0.2997,4667.10811227,4667.35181628,4667.63448981,4667.56892389
163,XAUUSD,PERIOD_M5,26090401,2026.01.19 17:10:00,1768842600056,2026.01.19 17:10:00,BUY,5,2026.01.19 17:15:00,1768842900056,2026.01.19 17:15:00,1768842900127,71,OK,4669.74,4669.88,4669.81,14.0,0.2998,4668.15,4668.29,4668.22,14.0,0.2999,-159.0,-173.0,-3.4048,-3.7046,0.2997,4667.10811227,4667.35181628,4667.63448981,4667.56892389
164,XAUUSD,PERIOD_M5,26090401,2026.01.19 17:20:00,1768843200202,2026.01.19 17:20:00,SELL,1,2026.01.19 17:21:00,1768843260202,2026.01.19 17:21:00,1768843260285,83,OK,4665.92,4666.06,4665.99,14.0,0.3000,4665.27,4665.44,4665.35,17.0,0.3644,63.5,48.0,1.3609,1.0287,0.3322,4667.73759185,4667.62174899,4667.37407348,4667.46704454
164,XAUUSD,PERIOD_M5,26090401,2026.01.19 17:20:00,1768843200202,2026.01.19 17:20:00,SELL,3,2026.01.19 17:23:00,1768843380202,2026.01.19 17:23:00,1768843380534,332,OK,4665.92,4666.06,4665.99,14.0,0.3000,4665.20,4665.37,4665.28,17.0,0.3644,70.5,55.0,1.5109,1.1788,0.3322,4667.73759185,4667.62174899,4667.37407348,4667.46704454
163,XAUUSD,PERIOD_M5,26090401,2026.01.19 17:10:00,1768842600056,2026.01.19 17:10:00,BUY,10,2026.01.19 17:20:00,1768843200056,2026.01.19 17:20:00,1768843200202,146,OK,4669.74,4669.88,4669.81,14.0,0.2998,4665.92,4666.06,4665.99,14.0,0.3000,-382.0,-396.0,-8.1802,-8.4799,0.2997,4667.10811227,4667.35181628,4667.63448981,4667.56892389
164,XAUUSD,PERIOD_M5,26090401,2026.01.19 17:20:00,1768843200202,2026.01.19 17:20:00,SELL,5,2026.01.19 17:25:00,1768843500202,2026.01.19 17:25:00,1768843500300,98,OK,4665.92,4666.06,4665.99,14.0,0.3000,4664.79,4664.98,4664.89,19.0,0.4073,110.5,94.0,2.3682,2.0146,0.3536,4667.73759185,4667.62174899,4667.37407348,4667.46704454
163,XAUUSD,PERIOD_M5,26090401,2026.01.19 17:10:00,1768842600056,2026.01.19 17:10:00,BUY,15,2026.01.19 17:25:00,1768843500056,2026.01.19 17:25:00,1768843500093,37,OK,4669.74,4669.88,4669.81,14.0,0.2998,4664.87,4664.99,4664.93,12.0,0.2572,-488.0,-501.0,-10.4501,-10.7283,0.2782,4667.10811227,4667.35181628,4667.63448981,4667.56892389
164,XAUUSD,PERIOD_M5,26090401,2026.01.19 17:20:00,1768843200202,2026.01.19 17:20:00,SELL,10,2026.01.19 17:30:00,1768843800202,2026.01.19 17:30:00,1768843800355,153,OK,4665.92,4666.06,4665.99,14.0,0.3000,4666.69,4666.88,4666.78,19.0,0.4071,-79.5,-96.0,-1.7038,-2.0575,0.3537,4667.73759185,4667.62174899,4667.37407348,4667.46704454
164,XAUUSD,PERIOD_M5,26090401,2026.01.19 17:20:00,1768843200202,2026.01.19 17:20:00,SELL,15,2026.01.19 17:35:00,1768844100202,2026.01.19 17:35:00,1768844100783,581,OK,4665.92,4666.06,4665.99,14.0,0.3000,4666.61,4666.70,4666.65,9.0,0.1929,-66.5,-78.0,-1.4252,-1.6717,0.2465,4667.73759185,4667.62174899,4667.37407348,4667.46704454
165,XAUUSD,PERIOD_M5,26090401,2026.01.19 17:40:00,1768844400021,2026.01.19 17:40:00,BUY,1,2026.01.19 17:41:00,1768844460021,2026.01.19 17:41:00,1768844460113,92,OK,4669.65,4669.81,4669.73,16.0,0.3426,4670.57,4670.73,4670.65,16.0,0.3426,92.0,76.0,1.9701,1.6275,0.3427,4666.79448562,4667.13144594,4667.36558850,4667.36040540
165,XAUUSD,PERIOD_M5,26090401,2026.01.19 17:40:00,1768844400021,2026.01.19 17:40:00,BUY,3,2026.01.19 17:43:00,1768844580021,2026.01.19 17:43:00,1768844580079,58,OK,4669.65,4669.81,4669.73,16.0,0.3426,4668.70,4668.78,4668.74,8.0,0.1714,-99.0,-111.0,-2.1200,-2.3770,0.2569,4666.79448562,4667.13144594,4667.36558850,4667.36040540
163,XAUUSD,PERIOD_M5,26090401,2026.01.19 17:10:00,1768842600056,2026.01.19 17:10:00,BUY,30,2026.01.19 17:40:00,1768844400056,2026.01.19 17:40:00,1768844400827,771,OK,4669.74,4669.88,4669.81,14.0,0.2998,4669.66,4669.81,4669.74,15.0,0.3212,-7.5,-22.0,-0.1606,-0.4711,0.3105,4667.10811227,4667.35181628,4667.63448981,4667.56892389
165,XAUUSD,PERIOD_M5,26090401,2026.01.19 17:40:00,1768844400021,2026.01.19 17:40:00,BUY,5,2026.01.19 17:45:00,1768844700021,2026.01.19 17:45:00,1768844700025,4,OK,4669.65,4669.81,4669.73,16.0,0.3426,4670.28,4670.45,4670.36,17.0,0.3640,63.5,47.0,1.3598,1.0065,0.3534,4666.79448562,4667.13144594,4667.36558850,4667.36040540
165,XAUUSD,PERIOD_M5,26090401,2026.01.19 17:40:00,1768844400021,2026.01.19 17:40:00,BUY,10,2026.01.19 17:50:00,1768845000021,2026.01.19 17:50:00,1768845000305,284,OK,4669.65,4669.81,4669.73,16.0,0.3426,4672.49,4672.64,4672.57,15.0,0.3210,283.5,268.0,6.0710,5.7390,0.3320,4666.79448562,4667.13144594,4667.36558850,4667.36040540
164,XAUUSD,PERIOD_M5,26090401,2026.01.19 17:20:00,1768843200202,2026.01.19 17:20:00,SELL,30,2026.01.19 17:50:00,1768845000202,2026.01.19 17:50:00,1768845000305,103,OK,4665.92,4666.06,4665.99,14.0,0.3000,4672.49,4672.64,4672.57,15.0,0.3210,-657.5,-672.0,-14.0913,-14.4023,0.3110,4667.73759185,4667.62174899,4667.37407348,4667.46704454
165,XAUUSD,PERIOD_M5,26090401,2026.01.19 17:40:00,1768844400021,2026.01.19 17:40:00,BUY,15,2026.01.19 17:55:00,1768845300021,2026.01.19 17:55:00,1768845300055,34,OK,4669.65,4669.81,4669.73,16.0,0.3426,4674.92,4674.98,4674.95,6.0,0.1283,522.0,511.0,11.1784,10.9426,0.2357,4666.79448562,4667.13144594,4667.36558850,4667.36040540
165,XAUUSD,PERIOD_M5,26090401,2026.01.19 17:40:00,1768844400021,2026.01.19 17:40:00,BUY,30,2026.01.19 18:10:00,1768846200021,2026.01.19 18:10:00,1768846200104,83,OK,4669.65,4669.81,4669.73,16.0,0.3426,4672.85,4673.04,4672.94,19.0,0.4066,321.5,304.0,6.8848,6.5099,0.3749,4666.79448562,4667.13144594,4667.36558850,4667.36040540
163,XAUUSD,PERIOD_M5,26090401,2026.01.19 17:10:00,1768842600056,2026.01.19 17:10:00,BUY,60,2026.01.19 18:10:00,1768846200056,2026.01.19 18:10:00,1768846200104,48,OK,4669.74,4669.88,4669.81,14.0,0.2998,4672.85,4673.04,4672.94,19.0,0.4066,313.5,297.0,6.7133,6.3599,0.3534,4667.10811227,4667.35181628,4667.63448981,4667.56892389
164,XAUUSD,PERIOD_M5,26090401,2026.01.19 17:20:00,1768843200202,2026.01.19 17:20:00,SELL,60,2026.01.19 18:20:00,1768846800202,2026.01.19 18:20:00,1768846800664,462,OK,4665.92,4666.06,4665.99,14.0,0.3000,4671.81,4671.97,4671.89,16.0,0.3425,-590.0,-605.0,-12.6447,-12.9664,0.3217,4667.73759185,4667.62174899,4667.37407348,4667.46704454
165,XAUUSD,PERIOD_M5,26090401,2026.01.19 17:40:00,1768844400021,2026.01.19 17:40:00,BUY,60,2026.01.19 18:40:00,1768848000021,2026.01.19 18:40:00,1768848000048,27,OK,4669.65,4669.81,4669.73,16.0,0.3426,4673.19,4673.37,4673.28,18.0,0.3852,355.0,338.0,7.6022,7.2380,0.3642,4666.79448562,4667.13144594,4667.36558850,4667.36040540
166,XAUUSD,PERIOD_M5,26090401,2026.01.19 21:20:00,1768857600009,2026.01.19 21:20:00,SELL,1,2026.01.19 21:21:00,1768857660009,2026.01.19 21:21:00,1768857660054,45,OK,4672.35,4672.55,4672.45,20.0,0.4280,4670.11,4670.31,4670.21,20.0,0.4282,224.0,204.0,4.7941,4.3661,0.4279,4675.11433037,4675.08717151,4674.56146430,4674.83833773
166,XAUUSD,PERIOD_M5,26090401,2026.01.19 21:20:00,1768857600009,2026.01.19 21:20:00,SELL,3,2026.01.19 21:23:00,1768857780009,2026.01.19 21:23:00,1768857780028,19,OK,4672.35,4672.55,4672.45,20.0,0.4280,4668.61,4668.81,4668.71,20.0,0.4284,374.0,354.0,8.0044,7.5765,0.4279,4675.11433037,4675.08717151,4674.56146430,4674.83833773
166,XAUUSD,PERIOD_M5,26090401,2026.01.19 21:20:00,1768857600009,2026.01.19 21:20:00,SELL,5,2026.01.19 21:25:00,1768857900009,2026.01.19 21:25:00,1768857900229,220,OK,4672.35,4672.55,4672.45,20.0,0.4280,4670.15,4670.35,4670.25,20.0,0.4282,220.0,200.0,4.7085,4.2805,0.4279,4675.11433037,4675.08717151,4674.56146430,4674.83833773
166,XAUUSD,PERIOD_M5,26090401,2026.01.19 21:20:00,1768857600009,2026.01.19 21:20:00,SELL,10,2026.01.19 21:30:00,1768858200009,,,,NO_TICK_NEAR_TARGET,4672.35,4672.55,4672.45,20.0,0.4280,,,,,,,,,,,4675.11433037,4675.08717151,4674.56146430,4674.83833773
166,XAUUSD,PERIOD_M5,26090401,2026.01.19 21:20:00,1768857600009,2026.01.19 21:20:00,SELL,15,2026.01.19 21:35:00,1768858500009,,,,NO_TICK_NEAR_TARGET,4672.35,4672.55,4672.45,20.0,0.4280,,,,,,,,,,,4675.11433037,4675.08717151,4674.56146430,4674.83833773
166,XAUUSD,PERIOD_M5,26090401,2026.01.19 21:20:00,1768857600009,2026.01.19 21:20:00,SELL,30,2026.01.19 21:50:00,1768859400009,,,,NO_TICK_NEAR_TARGET,4672.35,4672.55,4672.45,20.0,0.4280,,,,,,,,,,,4675.11433037,4675.08717151,4674.56146430,4674.83833773
166,XAUUSD,PERIOD_M5,26090401,2026.01.19 21:20:00,1768857600009,2026.01.19 21:20:00,SELL,60,2026.01.19 22:20:00,1768861200009,,,,NO_TICK_NEAR_TARGET,4672.35,4672.55,4672.45,20.0,0.4280,,,,,,,,,,,4675.11433037,4675.08717151,4674.56146430,4674.83833773
167,XAUUSD,PERIOD_M5,26090401,2026.01.20 03:15:00,1768878900015,2026.01.20 03:15:00,BUY,1,2026.01.20 03:16:00,1768878960015,2026.01.20 03:16:00,1768878960031,16,OK,4670.22,4670.41,4670.32,19.0,0.4068,4669.54,4669.73,4669.64,19.0,0.4069,-68.0,-87.0,-1.4560,-1.8628,0.4068,4665.53632863,4666.01818495,4666.47306290,4666.40016813
167,XAUUSD,PERIOD_M5,26090401,2026.01.20 03:15:00,1768878900015,2026.01.20 03:15:00,BUY,3,2026.01.20 03:18:00,1768879080015,2026.01.20 03:18:00,1768879080175,160,OK,4670.22,4670.41,4670.32,19.0,0.4068,4671.46,4671.63,4671.55,17.0,0.3639,123.0,105.0,2.6337,2.2482,0.3855,4665.53632863,4666.01818495,4666.47306290,4666.40016813
167,XAUUSD,PERIOD_M5,26090401,2026.01.20 03:15:00,1768878900015,2026.01.20 03:15:00,BUY,5,2026.01.20 03:20:00,1768879200015,2026.01.20 03:20:00,1768879200152,137,OK,4670.22,4670.41,4670.32,19.0,0.4068,4669.79,4670.00,4669.90,21.0,0.4497,-42.0,-62.0,-0.8993,-1.3275,0.4282,4665.53632863,4666.01818495,4666.47306290,4666.40016813
167,XAUUSD,PERIOD_M5,26090401,2026.01.20 03:15:00,1768878900015,2026.01.20 03:15:00,BUY,10,2026.01.20 03:25:00,1768879500015,2026.01.20 03:25:00,1768879500243,228,OK,4670.22,4670.41,4670.32,19.0,0.4068,4668.93,4669.13,4669.03,20.0,0.4284,-128.5,-148.0,-2.7514,-3.1689,0.4175,4665.53632863,4666.01818495,4666.47306290,4666.40016813
167,XAUUSD,PERIOD_M5,26090401,2026.01.20 03:15:00,1768878900015,2026.01.20 03:15:00,BUY,15,2026.01.20 03:30:00,1768879800015,2026.01.20 03:30:00,1768879800015,0,OK,4670.22,4670.41,4670.32,19.0,0.4068,4670.98,4671.16,4671.07,18.0,0.3854,75.5,57.0,1.6166,1.2204,0.3961,4665.53632863,4666.01818495,4666.47306290,4666.40016813
167,XAUUSD,PERIOD_M5,26090401,2026.01.20 03:15:00,1768878900015,2026.01.20 03:15:00,BUY,30,2026.01.20 03:45:00,1768880700015,2026.01.20 03:45:00,1768880700078,63,OK,4670.22,4670.41,4670.32,19.0,0.4068,4673.11,4673.32,4673.22,21.0,0.4494,290.0,270.0,6.2094,5.7811,0.4284,4665.53632863,4666.01818495,4666.47306290,4666.40016813
167,XAUUSD,PERIOD_M5,26090401,2026.01.20 03:15:00,1768878900015,2026.01.20 03:15:00,BUY,60,2026.01.20 04:15:00,1768882500015,2026.01.20 04:15:00,1768882500129,114,OK,4670.22,4670.41,4670.32,19.0,0.4068,4666.07,4666.27,4666.17,20.0,0.4286,-414.5,-434.0,-8.8752,-9.2925,0.4173,4665.53632863,4666.01818495,4666.47306290,4666.40016813
168,XAUUSD,PERIOD_M5,26090401,2026.01.20 04:25:00,1768883100708,2026.01.20 04:25:00,SELL,1,2026.01.20 04:26:00,1768883160708,2026.01.20 04:26:00,1768883160803,95,OK,4668.07,4668.27,4668.17,20.0,0.4284,4669.76,4669.95,4669.85,19.0,0.4069,-168.5,-188.0,-3.6096,-4.0274,0.4178,4668.95803641,4668.91665776,4668.78042913,4668.83968888
168,XAUUSD,PERIOD_M5,26090401,2026.01.20 04:25:00,1768883100708,2026.01.20 04:25:00,SELL,3,2026.01.20 04:28:00,1768883280708,2026.01.20 04:28:00,1768883280995,287,OK,4668.07,4668.27,4668.17,20.0,0.4284,4671.86,4671.97,4671.91,11.0,0.2354,-374.5,-390.0,-8.0224,-8.3546,0.3322,4668.95803641,4668.91665776,4668.78042913,4668.83968888
169,XAUUSD,PERIOD_M5,26090401,2026.01.20 04:30:00,1768883400098,2026.01.20 04:30:00,BUY,1,2026.01.20 04:31:00,1768883460098,2026.01.20 04:31:00,1768883460137,39,OK,4672.04,4672.26,4672.15,22.0,0.4709,4672.63,4672.81,4672.72,18.0,0.3852,57.0,37.0,1.2200,0.7919,0.4281,4668.78042913,4668.83968888,4669.43234330,4669.13062625
169,XAUUSD,PERIOD_M5,26090401,2026.01.20 04:30:00,1768883400098,2026.01.20 04:30:00,BUY,3,2026.01.20 04:33:00,1768883580098,2026.01.20 04:33:00,1768883580134,36,OK,4672.04,4672.26,4672.15,22.0,0.4709,4673.78,4673.93,4673.85,15.0,0.3209,170.5,152.0,3.6493,3.2532,0.3960,4668.78042913,4668.83968888,4669.43234330,4669.13062625
168,XAUUSD,PERIOD_M5,26090401,2026.01.20 04:25:00,1768883100708,2026.01.20 04:25:00,SELL,5,2026.01.20 04:30:00,1768883400708,2026.01.20 04:30:00,1768883400714,6,OK,4668.07,4668.27,4668.17,20.0,0.4284,4672.68,4672.83,4672.76,15.0,0.3210,-458.5,-476.0,-9.8218,-10.1969,0.3751,4668.95803641,4668.91665776,4668.78042913,4668.83968888
169,XAUUSD,PERIOD_M5,26090401,2026.01.20 04:30:00,1768883400098,2026.01.20 04:30:00,BUY,5,2026.01.20 04:35:00,1768883700098,2026.01.20 04:35:00,1768883700132,34,OK,4672.04,4672.26,4672.15,22.0,0.4709,4673.68,4673.89,4673.78,21.0,0.4493,163.5,142.0,3.4995,3.0392,0.4602,4668.78042913,4668.83968888,4669.43234330,4669.13062625
168,XAUUSD,PERIOD_M5,26090401,2026.01.20 04:25:00,1768883100708,2026.01.20 04:25:00,SELL,10,2026.01.20 04:35:00,1768883700708,2026.01.20 04:35:00,1768883700735,27,OK,4668.07,4668.27,4668.17,20.0,0.4284,4673.78,4673.99,4673.89,21.0,0.4493,-571.5,-592.0,-12.2425,-12.6819,0.4394,4668.95803641,4668.91665776,4668.78042913,4668.83968888
169,XAUUSD,PERIOD_M5,26090401,2026.01.20 04:30:00,1768883400098,2026.01.20 04:30:00,BUY,10,2026.01.20 04:40:00,1768884000098,2026.01.20 04:40:00,1768884000099,1,OK,4672.04,4672.26,4672.15,22.0,0.4709,4673.68,4673.86,4673.77,18.0,0.3851,162.0,142.0,3.4674,3.0392,0.4281,4668.78042913,4668.83968888,4669.43234330,4669.13062625
168,XAUUSD,PERIOD_M5,26090401,2026.01.20 04:25:00,1768883100708,2026.01.20 04:25:00,SELL,15,2026.01.20 04:40:00,1768884000708,2026.01.20 04:40:00,1768884000803,95,OK,4668.07,4668.27,4668.17,20.0,0.4284,4673.69,4673.89,4673.79,20.0,0.4279,-562.0,-582.0,-12.0390,-12.4677,0.4287,4668.95803641,4668.91665776,4668.78042913,4668.83968888
169,XAUUSD,PERIOD_M5,26090401,2026.01.20 04:30:00,1768883400098,2026.01.20 04:30:00,BUY,15,2026.01.20 04:45:00,1768884300098,2026.01.20 04:45:00,1768884300102,4,OK,4672.04,4672.26,4672.15,22.0,0.4709,4674.11,4674.23,4674.17,12.0,0.2567,202.0,185.0,4.3235,3.9595,0.3640,4668.78042913,4668.83968888,4669.43234330,4669.13062625
168,XAUUSD,PERIOD_M5,26090401,2026.01.20 04:25:00,1768883100708,2026.01.20 04:25:00,SELL,30,2026.01.20 04:55:00,1768884900708,2026.01.20 04:55:00,1768884900899,191,OK,4668.07,4668.27,4668.17,20.0,0.4284,4668.61,4668.80,4668.70,19.0,0.4070,-53.5,-73.0,-1.1461,-1.5638,0.4178,4668.95803641,4668.91665776,4668.78042913,4668.83968888
169,XAUUSD,PERIOD_M5,26090401,2026.01.20 04:30:00,1768883400098,2026.01.20 04:30:00,BUY,30,2026.01.20 05:00:00,1768885200098,2026.01.20 05:00:00,1768885200252,154,OK,4672.04,4672.26,4672.15,22.0,0.4709,4668.72,4668.90,4668.81,18.0,0.3855,-334.0,-354.0,-7.1487,-7.5766,0.4279,4668.78042913,4668.83968888,4669.43234330,4669.13062625
170,XAUUSD,PERIOD_M5,26090401,2026.01.20 05:10:00,1768885800000,2026.01.20 05:10:00,SELL,1,2026.01.20 05:11:00,1768885860000,2026.01.20 05:11:00,1768885860003,3,OK,4666.59,4666.78,4666.68,19.0,0.4071,4667.97,4668.18,4668.08,21.0,0.4499,-139.0,-159.0,-2.9786,-3.4072,0.4286,4669.79304439,4669.73595384,4669.15243551,4669.44995804
170,XAUUSD,PERIOD_M5,26090401,2026.01.20 05:10:00,1768885800000,2026.01.20 05:10:00,SELL,3,2026.01.20 05:13:00,1768885980000,2026.01.20 05:13:00,1768885980352,352,OK,4666.59,4666.78,4666.68,19.0,0.4071,4668.79,4668.98,4668.89,19.0,0.4069,-220.0,-239.0,-4.7143,-5.1215,0.4072,4669.79304439,4669.73595384,4669.15243551,4669.44995804
170,XAUUSD,PERIOD_M5,26090401,2026.01.20 05:10:00,1768885800000,2026.01.20 05:10:00,SELL,5,2026.01.20 05:15:00,1768886100000,2026.01.20 05:15:00,1768886100002,2,OK,4666.59,4666.78,4666.68,19.0,0.4071,4671.60,4671.74,4671.67,14.0,0.2997,-498.5,-515.0,-10.6821,-11.0359,0.3538,4669.79304439,4669.73595384,4669.15243551,4669.44995804
171,XAUUSD,PERIOD_M5,26090401,2026.01.20 05:20:00,1768886400063,2026.01.20 05:20:00,BUY,1,2026.01.20 05:21:00,1768886460063,2026.01.20 05:21:00,1768886460208,145,OK,4672.99,4673.21,4673.10,22.0,0.4708,4673.44,4673.65,4673.55,21.0,0.4493,44.5,23.0,0.9523,0.4922,0.4601,4669.63594841,4669.64268912,4670.30675873,4669.94699011
171,XAUUSD,PERIOD_M5,26090401,2026.01.20 05:20:00,1768886400063,2026.01.20 05:20:00,BUY,3,2026.01.20 05:23:00,1768886580063,2026.01.20 05:23:00,1768886580076,13,OK,4672.99,4673.21,4673.10,22.0,0.4708,4673.44,4673.65,4673.55,21.0,0.4493,44.5,23.0,0.9523,0.4922,0.4601,4669.63594841,4669.64268912,4670.30675873,4669.94699011
170,XAUUSD,PERIOD_M5,26090401,2026.01.20 05:10:00,1768885800000,2026.01.20 05:10:00,SELL,10,2026.01.20 05:20:00,1768886400000,2026.01.20 05:20:00,1768886400063,63,OK,4666.59,4666.78,4666.68,19.0,0.4071,4672.99,4673.21,4673.10,22.0,0.4708,-641.5,-662.0,-13.7464,-14.1859,0.4396,4669.79304439,4669.73595384,4669.15243551,4669.44995804
171,XAUUSD,PERIOD_M5,26090401,2026.01.20 05:20:00,1768886400063,2026.01.20 05:20:00,BUY,5,2026.01.20 05:25:00,1768886700063,2026.01.20 05:25:00,1768886700122,59,OK,4672.99,4673.21,4673.10,22.0,0.4708,4673.19,4673.38,4673.28,19.0,0.4066,18.5,-2.0,0.3959,-0.0428,0.4387,4669.63594841,4669.64268912,4670.30675873,4669.94699011
170,XAUUSD,PERIOD_M5,26090401,2026.01.20 05:10:00,1768885800000,2026.01.20 05:10:00,SELL,15,2026.01.20 05:25:00,1768886700000,2026.01.20 05:25:00,1768886700122,122,OK,4666.59,4666.78,4666.68,19.0,0.4071,4673.19,4673.38,4673.28,19.0,0.4066,-660.0,-679.0,-14.1428,-14.5502,0.4074,4669.79304439,4669.73595384,4669.15243551,4669.44995804
168,XAUUSD,PERIOD_M5,26090401,2026.01.20 04:25:00,1768883100708,2026.01.20 04:25:00,SELL,60,2026.01.20 05:25:00,1768886700708,2026.01.20 05:25:01,1768886701115,407,OK,4668.07,4668.27,4668.17,20.0,0.4284,4673.22,4673.43,4673.33,21.0,0.4494,-515.5,-536.0,-11.0429,-11.4823,0.4394,4668.95803641,4668.91665776,4668.78042913,4668.83968888
171,XAUUSD,PERIOD_M5,26090401,2026.01.20 05:20:00,1768886400063,2026.01.20 05:20:00,BUY,10,2026.01.20 05:30:00,1768887000063,2026.01.20 05:30:00,1768887000105,42,OK,4672.99,4673.21,4673.10,22.0,0.4708,4673.17,4673.38,4673.27,21.0,0.4494,17.5,-4.0,0.3745,-0.0856,0.4601,4669.63594841,4669.64268912,4670.30675873,4669.94699011
169,XAUUSD,PERIOD_M5,26090401,2026.01.20 04:30:00,1768883400098,2026.01.20 04:30:00,BUY,60,2026.01.20 05:30:00,1768887000098,2026.01.20 05:30:00,1768887000105,7,OK,4672.04,4672.26,4672.15,22.0,0.4709,4673.17,4673.38,4673.27,21.0,0.4494,112.5,91.0,2.4079,1.9477,0.4602,4668.78042913,4668.83968888,4669.43234330,4669.13062625
171,XAUUSD,PERIOD_M5,26090401,2026.01.20 05:20:00,1768886400063,2026.01.20 05:20:00,BUY,15,2026.01.20 05:35:00,1768887300063,2026.01.20 05:35:00,1768887300127,64,OK,4672.99,4673.21,4673.10,22.0,0.4708,4675.46,4675.65,4675.56,19.0,0.4064,245.5,225.0,5.2535,4.8147,0.4388,4669.63594841,4669.64268912,4670.30675873,4669.94699011
170,XAUUSD,PERIOD_M5,26090401,2026.01.20 05:10:00,1768885800000,2026.01.20 05:10:00,SELL,30,2026.01.20 05:40:00,1768887600000,2026.01.20 05:40:00,1768887600005,5,OK,4666.59,4666.78,4666.68,19.0,0.4071,4675.88,4676.09,4675.99,21.0,0.4491,-930.0,-950.0,-19.9285,-20.3575,0.4290,4669.79304439,4669.73595384,4669.15243551,4669.44995804
171,XAUUSD,PERIOD_M5,26090401,2026.01.20 05:20:00,1768886400063,2026.01.20 05:20:00,BUY,30,2026.01.20 05:50:00,1768888200063,2026.01.20 05:50:00,1768888200114,51,OK,4672.99,4673.21,4673.10,22.0,0.4708,4677.79,4677.99,4677.89,20.0,0.4275,479.0,458.0,10.2502,9.8005,0.4496,4669.63594841,4669.64268912,4670.30675873,4669.94699011
170,XAUUSD,PERIOD_M5,26090401,2026.01.20 05:10:00,1768885800000,2026.01.20 05:10:00,SELL,60,2026.01.20 06:10:00,1768889400000,2026.01.20 06:10:00,1768889400235,235,OK,4666.59,4666.78,4666.68,19.0,0.4071,4680.30,4680.53,4680.41,23.0,0.4914,-1373.0,-1394.0,-29.4213,-29.8719,0.4506,4669.79304439,4669.73595384,4669.15243551,4669.44995804
171,XAUUSD,PERIOD_M5,26090401,2026.01.20 05:20:00,1768886400063,2026.01.20 05:20:00,BUY,60,2026.01.20 06:20:00,1768890000063,2026.01.20 06:20:00,1768890000597,534,OK,4672.99,4673.21,4673.10,22.0,0.4708,4682.49,4682.70,4682.59,21.0,0.4485,949.5,928.0,20.3184,19.8579,0.4605,4669.63594841,4669.64268912,4670.30675873,4669.94699011
172,XAUUSD,PERIOD_M5,26090401,2026.01.20 12:45:00,1768913100078,2026.01.20 12:45:00,SELL,1,2026.01.20 12:46:00,1768913160078,2026.01.20 12:46:00,1768913160447,369,OK,4724.50,4724.64,4724.57,14.0,0.2963,4724.63,4724.77,4724.70,14.0,0.2963,-13.0,-27.0,-0.2752,-0.5715,0.2963,4729.54334399,4729.04630125,4728.53467519,4728.63300114
172,XAUUSD,PERIOD_M5,26090401,2026.01.20 12:45:00,1768913100078,2026.01.20 12:45:00,SELL,3,2026.01.20 12:48:00,1768913280078,2026.01.20 12:48:00,1768913280106,28,OK,4724.50,4724.64,4724.57,14.0,0.2963,4724.63,4724.79,4724.71,16.0,0.3386,-14.0,-29.0,-0.2963,-0.6138,0.3175,4729.54334399,4729.04630125,4728.53467519,4728.63300114
172,XAUUSD,PERIOD_M5,26090401,2026.01.20 12:45:00,1768913100078,2026.01.20 12:45:00,SELL,5,2026.01.20 12:50:00,1768913400078,2026.01.20 12:50:00,1768913400126,48,OK,4724.50,4724.64,4724.57,14.0,0.2963,4724.99,4725.15,4725.07,16.0,0.3386,-50.0,-65.0,-1.0583,-1.3758,0.3175,4729.54334399,4729.04630125,4728.53467519,4728.63300114
172,XAUUSD,PERIOD_M5,26090401,2026.01.20 12:45:00,1768913100078,2026.01.20 12:45:00,SELL,10,2026.01.20 12:55:00,1768913700078,2026.01.20 12:55:00,1768913700101,23,OK,4724.50,4724.64,4724.57,14.0,0.2963,4727.68,4727.80,4727.74,12.0,0.2538,-317.0,-330.0,-6.7096,-6.9849,0.2753,4729.54334399,4729.04630125,4728.53467519,4728.63300114
172,XAUUSD,PERIOD_M5,26090401,2026.01.20 12:45:00,1768913100078,2026.01.20 12:45:00,SELL,15,2026.01.20 13:00:00,1768914000078,2026.01.20 13:00:00,1768914000099,21,OK,4724.50,4724.64,4724.57,14.0,0.2963,4726.54,4726.72,4726.63,18.0,0.3808,-206.0,-222.0,-4.3602,-4.6989,0.3387,4729.54334399,4729.04630125,4728.53467519,4728.63300114
172,XAUUSD,PERIOD_M5,26090401,2026.01.20 12:45:00,1768913100078,2026.01.20 12:45:00,SELL,30,2026.01.20 13:15:00,1768914900078,2026.01.20 13:15:00,1768914900207,129,OK,4724.50,4724.64,4724.57,14.0,0.2963,4726.31,4726.47,4726.39,16.0,0.3385,-182.0,-197.0,-3.8522,-4.1698,0.3176,4729.54334399,4729.04630125,4728.53467519,4728.63300114
173,XAUUSD,PERIOD_M5,26090401,2026.01.20 13:45:00,1768916700007,2026.01.20 13:45:00,BUY,1,2026.01.20 13:46:00,1768916760007,2026.01.20 13:46:00,1768916760267,260,OK,4732.27,4732.43,4732.35,16.0,0.3381,4732.03,4732.19,4732.11,16.0,0.3381,-24.0,-40.0,-0.5071,-0.8452,0.3381,4727.67083384,4727.68932220,4728.58866707,4728.10483836
173,XAUUSD,PERIOD_M5,26090401,2026.01.20 13:45:00,1768916700007,2026.01.20 13:45:00,BUY,3,2026.01.20 13:48:00,1768916880007,2026.01.20 13:48:00,1768916880030,23,OK,4732.27,4732.43,4732.35,16.0,0.3381,4732.68,4732.81,4732.75,13.0,0.2747,39.5,25.0,0.8347,0.5283,0.3064,4727.67083384,4727.68932220,4728.58866707,4728.10483836
172,XAUUSD,PERIOD_M5,26090401,2026.01.20 12:45:00,1768913100078,2026.01.20 12:45:00,SELL,60,2026.01.20 13:45:00,1768916700078,2026.01.20 13:45:00,1768916700109,31,OK,4724.50,4724.64,4724.57,14.0,0.2963,4732.25,4732.43,4732.34,18.0,0.3804,-777.0,-793.0,-16.4459,-16.7848,0.3389,4729.54334399,4729.04630125,4728.53467519,4728.63300114
173,XAUUSD,PERIOD_M5,26090401,2026.01.20 13:45:00,1768916700007,2026.01.20 13:45:00,BUY,5,2026.01.20 13:50:00,1768917000007,2026.01.20 13:50:00,1768917000027,20,OK,4732.27,4732.43,4732.35,16.0,0.3381,4733.65,4733.85,4733.75,20.0,0.4225,140.0,122.0,2.9584,2.5780,0.3804,4727.67083384,4727.68932220,4728.58866707,4728.10483836
173,XAUUSD,PERIOD_M5,26090401,2026.01.20 13:45:00,1768916700007,2026.01.20 13:45:00,BUY,10,2026.01.20 13:55:00,1768917300007,2026.01.20 13:55:00,1768917300048,41,OK,4732.27,4732.43,4732.35,16.0,0.3381,4730.94,4731.10,4731.02,16.0,0.3382,-133.0,-149.0,-2.8104,-3.1485,0.3380,4727.67083384,4727.68932220,4728.58866707,4728.10483836
173,XAUUSD,PERIOD_M5,26090401,2026.01.20 13:45:00,1768916700007,2026.01.20 13:45:00,BUY,15,2026.01.20 14:00:00,1768917600007,2026.01.20 14:00:00,1768917600099,92,OK,4732.27,4732.43,4732.35,16.0,0.3381,4732.94,4732.98,4732.96,4.0,0.0845,61.0,51.0,1.2890,1.0777,0.2113,4727.67083384,4727.68932220,4728.58866707,4728.10483836
173,XAUUSD,PERIOD_M5,26090401,2026.01.20 13:45:00,1768916700007,2026.01.20 13:45:00,BUY,30,2026.01.20 14:15:00,1768918500007,2026.01.20 14:15:00,1768918500026,19,OK,4732.27,4732.43,4732.35,16.0,0.3381,4730.06,4730.22,4730.14,16.0,0.3383,-221.0,-237.0,-4.6700,-5.0080,0.3380,4727.67083384,4727.68932220,4728.58866707,4728.10483836
174,XAUUSD,PERIOD_M5,26090401,2026.01.20 14:35:00,1768919700026,2026.01.20 14:35:00,SELL,1,2026.01.20 14:36:00,1768919760026,2026.01.20 14:36:00,1768919760038,12,OK,4726.46,4726.64,4726.55,18.0,0.3808,4725.34,4725.53,4725.43,19.0,0.4021,111.5,93.0,2.3590,1.9676,0.3914,4729.41731891,4729.22853407,4728.82585513,4728.97684916
174,XAUUSD,PERIOD_M5,26090401,2026.01.20 14:35:00,1768919700026,2026.01.20 14:35:00,SELL,3,2026.01.20 14:38:00,1768919880026,2026.01.20 14:38:00,1768919880068,42,OK,4726.46,4726.64,4726.55,18.0,0.3808,4725.48,4725.64,4725.56,16.0,0.3386,99.0,82.0,2.0946,1.7349,0.3596,4729.41731891,4729.22853407,4728.82585513,4728.97684916
174,XAUUSD,PERIOD_M5,26090401,2026.01.20 14:35:00,1768919700026,2026.01.20 14:35:00,SELL,5,2026.01.20 14:40:00,1768920000026,2026.01.20 14:40:00,1768920000055,29,OK,4726.46,4726.64,4726.55,18.0,0.3808,4725.82,4725.97,4725.90,15.0,0.3174,65.5,49.0,1.3858,1.0367,0.3491,4729.41731891,4729.22853407,4728.82585513,4728.97684916
174,XAUUSD,PERIOD_M5,26090401,2026.01.20 14:35:00,1768919700026,2026.01.20 14:35:00,SELL,10,2026.01.20 14:45:00,1768920300026,2026.01.20 14:45:00,1768920300046,20,OK,4726.46,4726.64,4726.55,18.0,0.3808,4726.74,4726.93,4726.84,19.0,0.4020,-28.5,-47.0,-0.6030,-0.9944,0.3914,4729.41731891,4729.22853407,4728.82585513,4728.97684916
173,XAUUSD,PERIOD_M5,26090401,2026.01.20 13:45:00,1768916700007,2026.01.20 13:45:00,BUY,60,2026.01.20 14:45:00,1768920300007,2026.01.20 14:45:00,1768920300046,39,OK,4732.27,4732.43,4732.35,16.0,0.3381,4726.74,4726.93,4726.84,19.0,0.4020,-551.5,-569.0,-11.6538,-12.0234,0.3696,4727.67083384,4727.68932220,4728.58866707,4728.10483836
174,XAUUSD,PERIOD_M5,26090401,2026.01.20 14:35:00,1768919700026,2026.01.20 14:35:00,SELL,15,2026.01.20 14:50:00,1768920600026,2026.01.20 14:50:00,1768920600059,33,OK,4726.46,4726.64,4726.55,18.0,0.3808,4726.93,4727.10,4727.02,17.0,0.3596,-46.5,-64.0,-0.9838,-1.3541,0.3703,4729.41731891,4729.22853407,4728.82585513,4728.97684916
174,XAUUSD,PERIOD_M5,26090401,2026.01.20 14:35:00,1768919700026,2026.01.20 14:35:00,SELL,30,2026.01.20 15:05:00,1768921500026,2026.01.20 15:05:00,1768921500059,33,OK,4726.46,4726.64,4726.55,18.0,0.3808,4725.07,4725.23,4725.15,16.0,0.3386,140.0,123.0,2.9620,2.6024,0.3596,4729.41731891,4729.22853407,4728.82585513,4728.97684916
174,XAUUSD,PERIOD_M5,26090401,2026.01.20 14:35:00,1768919700026,2026.01.20 14:35:00,SELL,60,2026.01.20 15:35:00,1768923300026,2026.01.20 15:35:00,1768923300080,54,OK,4726.46,4726.64,4726.55,18.0,0.3808,4723.93,4724.03,4723.98,10.0,0.2117,257.0,243.0,5.4374,5.1413,0.2961,4729.41731891,4729.22853407,4728.82585513,4728.97684916
175,XAUUSD,PERIOD_M5,26090401,2026.01.20 15:55:00,1768924500016,2026.01.20 15:55:00,BUY,1,2026.01.20 15:56:00,1768924560016,2026.01.20 15:56:00,1768924560034,18,OK,4731.74,4731.89,4731.82,15.0,0.3170,4732.54,4732.71,4732.63,17.0,0.3592,81.0,65.0,1.7118,1.3737,0.3382,4725.68383178,4726.09383734,4726.88706542,4726.60348849
175,XAUUSD,PERIOD_M5,26090401,2026.01.20 15:55:00,1768924500016,2026.01.20 15:55:00,BUY,3,2026.01.20 15:58:00,1768924680016,2026.01.20 15:58:00,1768924680051,35,OK,4731.74,4731.89,4731.82,15.0,0.3170,4734.88,4735.06,4734.97,18.0,0.3802,315.5,299.0,6.6676,6.3188,0.3488,4725.68383178,4726.09383734,4726.88706542,4726.60348849
175,XAUUSD,PERIOD_M5,26090401,2026.01.20 15:55:00,1768924500016,2026.01.20 15:55:00,BUY,5,2026.01.20 16:00:00,1768924800016,2026.01.20 16:00:00,1768924800027,11,OK,4731.74,4731.89,4731.82,15.0,0.3170,4737.07,4737.23,4737.15,16.0,0.3378,533.5,518.0,11.2747,10.9470,0.3277,4725.68383178,4726.09383734,4726.88706542,4726.60348849
175,XAUUSD,PERIOD_M5,26090401,2026.01.20 15:55:00,1768924500016,2026.01.20 15:55:00,BUY,10,2026.01.20 16:05:00,1768925100016,2026.01.20 16:05:00,1768925100021,5,OK,4731.74,4731.89,4731.82,15.0,0.3170,4741.34,4741.50,4741.42,16.0,0.3375,960.5,945.0,20.2988,19.9709,0.3279,4725.68383178,4726.09383734,4726.88706542,4726.60348849
175,XAUUSD,PERIOD_M5,26090401,2026.01.20 15:55:00,1768924500016,2026.01.20 15:55:00,BUY,15,2026.01.20 16:10:00,1768925400016,2026.01.20 16:10:00,1768925400155,139,OK,4731.74,4731.89,4731.82,15.0,0.3170,4737.22,4737.26,4737.24,4.0,0.0844,542.5,533.0,11.4649,11.2640,0.2009,4725.68383178,4726.09383734,4726.88706542,4726.60348849
175,XAUUSD,PERIOD_M5,26090401,2026.01.20 15:55:00,1768924500016,2026.01.20 15:55:00,BUY,30,2026.01.20 16:25:00,1768926300016,2026.01.20 16:25:00,1768926300035,19,OK,4731.74,4731.89,4731.82,15.0,0.3170,4742.63,4742.79,4742.71,16.0,0.3374,1089.5,1074.0,23.0250,22.6971,0.3279,4725.68383178,4726.09383734,4726.88706542,4726.60348849
175,XAUUSD,PERIOD_M5,26090401,2026.01.20 15:55:00,1768924500016,2026.01.20 15:55:00,BUY,60,2026.01.20 16:55:00,1768928100016,2026.01.20 16:55:00,1768928100049,33,OK,4731.74,4731.89,4731.82,15.0,0.3170,4737.82,4737.99,4737.90,17.0,0.3588,609.0,593.0,12.8703,12.5320,0.3383,4725.68383178,4726.09383734,4726.88706542,4726.60348849
176,XAUUSD,PERIOD_M5,26090401,2026.01.20 17:30:00,1768930200070,2026.01.20 17:30:00,SELL,1,2026.01.20 17:31:00,1768930260070,2026.01.20 17:31:00,1768930260072,2,OK,4723.99,4724.18,4724.09,19.0,0.4022,4730.79,4730.94,4730.86,15.0,0.3171,-678.0,-695.0,-14.3520,-14.7121,0.3602,4738.85554003,4737.46894174,4735.88243202,4736.24358340
176,XAUUSD,PERIOD_M5,26090401,2026.01.20 17:30:00,1768930200070,2026.01.20 17:30:00,SELL,3,2026.01.20 17:33:00,1768930380070,2026.01.20 17:33:00,1768930380138,68,OK,4723.99,4724.18,4724.09,19.0,0.4022,4733.84,4733.99,4733.91,15.0,0.3169,-983.0,-1000.0,-20.8083,-21.1685,0.3603,4738.85554003,4737.46894174,4735.88243202,4736.24358340
176,XAUUSD,PERIOD_M5,26090401,2026.01.20 17:30:00,1768930200070,2026.01.20 17:30:00,SELL,5,2026.01.20 17:35:00,1768930500070,2026.01.20 17:35:00,1768930500125,55,OK,4723.99,4724.18,4724.09,19.0,0.4022,4733.44,4733.59,4733.51,15.0,0.3169,-943.0,-960.0,-19.9615,-20.3218,0.3603,4738.85554003,4737.46894174,4735.88243202,4736.24358340
176,XAUUSD,PERIOD_M5,26090401,2026.01.20 17:30:00,1768930200070,2026.01.20 17:30:00,SELL,10,2026.01.20 17:40:00,1768930800070,2026.01.20 17:40:00,1768930800143,73,OK,4723.99,4724.18,4724.09,19.0,0.4022,4726.15,4726.31,4726.23,16.0,0.3385,-214.5,-232.0,-4.5406,-4.9111,0.3705,4738.85554003,4737.46894174,4735.88243202,4736.24358340
176,XAUUSD,PERIOD_M5,26090401,2026.01.20 17:30:00,1768930200070,2026.01.20 17:30:00,SELL,15,2026.01.20 17:45:00,1768931100070,2026.01.20 17:45:00,1768931100093,23,OK,4723.99,4724.18,4724.09,19.0,0.4022,4732.81,4732.99,4732.90,18.0,0.3803,-881.5,-900.0,-18.6597,-19.0517,0.3920,4738.85554003,4737.46894174,4735.88243202,4736.24358340
176,XAUUSD,PERIOD_M5,26090401,2026.01.20 17:30:00,1768930200070,2026.01.20 17:30:00,SELL,30,2026.01.20 18:00:00,1768932000070,2026.01.20 18:00:00,1768932000074,4,OK,4723.99,4724.18,4724.09,19.0,0.4022,4737.51,4737.67,4737.59,16.0,0.3377,-1350.5,-1368.0,-28.5875,-28.9586,0.3710,4738.85554003,4737.46894174,4735.88243202,4736.24358340
177,XAUUSD,PERIOD_M5,26090401,2026.01.20 18:15:00,1768932900096,2026.01.20 18:15:00,BUY,1,2026.01.20 18:16:00,1768932960096,2026.01.20 18:16:00,1768932960127,31,OK,4741.37,4741.56,4741.47,19.0,0.4007,4743.15,4743.27,4743.21,12.0,0.2530,174.5,159.0,3.6803,3.3533,0.3270,4734.53503704,4735.06350052,4735.90202963,4735.63681866
177,XAUUSD,PERIOD_M5,26090401,2026.01.20 18:15:00,1768932900096,2026.01.20 18:15:00,BUY,3,2026.01.20 18:18:00,1768933080096,2026.01.20 18:18:00,1768933080340,244,OK,4741.37,4741.56,4741.47,19.0,0.4007,4741.30,4741.45,4741.38,15.0,0.3164,-9.0,-26.0,-0.1898,-0.5483,0.3585,4734.53503704,4735.06350052,4735.90202963,4735.63681866
177,XAUUSD,PERIOD_M5,26090401,2026.01.20 18:15:00,1768932900096,2026.01.20 18:15:00,BUY,5,2026.01.20 18:20:00,1768933200096,2026.01.20 18:20:00,1768933200207,111,OK,4741.37,4741.56,4741.47,19.0,0.4007,4740.79,4740.97,4740.88,18.0,0.3797,-58.5,-77.0,-1.2338,-1.6239,0.3901,4734.53503704,4735.06350052,4735.90202963,4735.63681866
177,XAUUSD,PERIOD_M5,26090401,2026.01.20 18:15:00,1768932900096,2026.01.20 18:15:00,BUY,10,2026.01.20 18:25:00,1768933500096,2026.01.20 18:25:00,1768933500152,56,OK,4741.37,4741.56,4741.47,19.0,0.4007,4739.82,4740.01,4739.91,19.0,0.4009,-155.0,-174.0,-3.2690,-3.6697,0.4006,4734.53503704,4735.06350052,4735.90202963,4735.63681866
177,XAUUSD,PERIOD_M5,26090401,2026.01.20 18:15:00,1768932900096,2026.01.20 18:15:00,BUY,15,2026.01.20 18:30:00,1768933800096,2026.01.20 18:30:00,1768933800138,42,OK,4741.37,4741.56,4741.47,19.0,0.4007,4741.20,4741.37,4741.28,17.0,0.3586,-18.0,-36.0,-0.3796,-0.7592,0.3796,4734.53503704,4735.06350052,4735.90202963,4735.63681866
176,XAUUSD,PERIOD_M5,26090401,2026.01.20 17:30:00,1768930200070,2026.01.20 17:30:00,SELL,60,2026.01.20 18:30:00,1768933800070,2026.01.20 18:30:00,1768933800138,68,OK,4723.99,4724.18,4724.09,19.0,0.4022,4741.20,4741.37,4741.28,17.0,0.3586,-1720.0,-1738.0,-36.4092,-36.7909,0.3818,4738.85554003,4737.46894174,4735.88243202,4736.24358340
177,XAUUSD,PERIOD_M5,26090401,2026.01.20 18:15:00,1768932900096,2026.01.20 18:15:00,BUY,30,2026.01.20 18:45:00,1768934700096,2026.01.20 18:45:00,1768934700102,6,OK,4741.37,4741.56,4741.47,19.0,0.4007,4745.25,4745.43,4745.34,18.0,0.3793,387.5,369.0,8.1726,7.7822,0.3903,4734.53503704,4735.06350052,4735.90202963,4735.63681866
177,XAUUSD,PERIOD_M5,26090401,2026.01.20 18:15:00,1768932900096,2026.01.20 18:15:00,BUY,60,2026.01.20 19:15:00,1768936500096,2026.01.20 19:15:00,1768936500132,36,OK,4741.37,4741.56,4741.47,19.0,0.4007,4754.00,4754.09,4754.05,9.0,0.1893,1258.0,1244.0,26.5319,26.2361,0.2958,4734.53503704,4735.06350052,4735.90202963,4735.63681866
178,XAUUSD,PERIOD_M5,26090401,2026.01.20 22:20:00,1768947600025,2026.01.20 22:20:00,SELL,1,2026.01.20 22:21:00,1768947660025,2026.01.20 22:21:00,1768947660040,15,OK,4755.71,4755.90,4755.81,19.0,0.3995,4754.90,4755.06,4754.98,16.0,0.3365,82.5,65.0,1.7347,1.3668,0.3679,4759.99210110,4759.67910168,4759.13568088,4759.31827426
178,XAUUSD,PERIOD_M5,26090401,2026.01.20 22:20:00,1768947600025,2026.01.20 22:20:00,SELL,3,2026.01.20 22:23:00,1768947780025,2026.01.20 22:23:00,1768947780029,4,OK,4755.71,4755.90,4755.81,19.0,0.3995,4750.69,4750.89,4750.79,20.0,0.4210,501.5,482.0,10.5450,10.1352,0.4098,4759.99210110,4759.67910168,4759.13568088,4759.31827426
178,XAUUSD,PERIOD_M5,26090401,2026.01.20 22:20:00,1768947600025,2026.01.20 22:20:00,SELL,5,2026.01.20 22:25:00,1768947900025,2026.01.20 22:25:00,1768947900073,48,OK,4755.71,4755.90,4755.81,19.0,0.3995,4749.80,4749.96,4749.88,16.0,0.3369,592.5,575.0,12.4585,12.0907,0.3677,4759.99210110,4759.67910168,4759.13568088,4759.31827426
178,XAUUSD,PERIOD_M5,26090401,2026.01.20 22:20:00,1768947600025,2026.01.20 22:20:00,SELL,10,2026.01.20 22:30:00,1768948200025,2026.01.20 22:30:00,1768948200202,177,OK,4755.71,4755.90,4755.81,19.0,0.3995,4750.45,4750.65,4750.55,20.0,0.4210,525.5,506.0,11.0497,10.6398,0.4098,4759.99210110,4759.67910168,4759.13568088,4759.31827426
178,XAUUSD,PERIOD_M5,26090401,2026.01.20 22:20:00,1768947600025,2026.01.20 22:20:00,SELL,15,2026.01.20 22:35:00,1768948500025,2026.01.20 22:35:00,1768948500038,13,OK,4755.71,4755.90,4755.81,19.0,0.3995,4753.10,4753.30,4753.20,20.0,0.4208,260.5,241.0,5.4775,5.0676,0.4099,4759.99210110,4759.67910168,4759.13568088,4759.31827426
178,XAUUSD,PERIOD_M5,26090401,2026.01.20 22:20:00,1768947600025,2026.01.20 22:20:00,SELL,30,2026.01.20 22:50:00,1768949400025,2026.01.20 22:50:00,1768949400107,82,OK,4755.71,4755.90,4755.81,19.0,0.3995,4753.62,4753.78,4753.70,16.0,0.3366,210.5,193.0,4.4262,4.0583,0.3679,4759.99210110,4759.67910168,4759.13568088,4759.31827426
179,XAUUSD,PERIOD_M5,26090401,2026.01.20 23:15:00,1768950900086,2026.01.20 23:15:00,BUY,1,2026.01.20 23:16:00,1768950960086,2026.01.20 23:16:00,1768950960187,101,OK,4760.16,4760.36,4760.26,20.0,0.4201,4759.96,4760.17,4760.07,21.0,0.4412,-19.5,-40.0,-0.4096,-0.8403,0.4306,4755.93692005,4756.34891999,4756.80153604,4756.70447272
179,XAUUSD,PERIOD_M5,26090401,2026.01.20 23:15:00,1768950900086,2026.01.20 23:15:00,BUY,3,2026.01.20 23:18:00,1768951080086,2026.01.20 23:18:00,1768951080179,93,OK,4760.16,4760.36,4760.26,20.0,0.4201,4759.39,4759.53,4759.46,14.0,0.2942,-80.0,-97.0,-1.6806,-2.0377,0.3571,4755.93692005,4756.34891999,4756.80153604,4756.70447272
179,XAUUSD,PERIOD_M5,26090401,2026.01.20 23:15:00,1768950900086,2026.01.20 23:15:00,BUY,5,2026.01.20 23:20:00,1768951200086,2026.01.20 23:20:00,1768951200121,35,OK,4760.16,4760.36,4760.26,20.0,0.4201,4760.25,4760.51,4760.38,26.0,0.5462,12.0,-11.0,0.2521,-0.2311,0.4832,4755.93692005,4756.34891999,4756.80153604,4756.70447272
178,XAUUSD,PERIOD_M5,26090401,2026.01.20 22:20:00,1768947600025,2026.01.20 22:20:00,SELL,60,2026.01.20 23:20:00,1768951200025,2026.01.20 23:20:00,1768951200040,15,OK,4755.71,4755.90,4755.81,19.0,0.3995,4760.26,4760.51,4760.39,25.0,0.5252,-458.0,-480.0,-9.6303,-10.0931,0.4628,4759.99210110,4759.67910168,4759.13568088,4759.31827426
179,XAUUSD,PERIOD_M5,26090401,2026.01.20 23:15:00,1768950900086,2026.01.20 23:15:00,BUY,10,2026.01.20 23:25:00,1768951500086,2026.01.20 23:25:00,1768951500185,99,OK,4760.16,4760.36,4760.26,20.0,0.4201,4760.33,4760.60,4760.47,27.0,0.5672,20.5,-3.0,0.4306,-0.0630,0.4937,4755.93692005,4756.34891999,4756.80153604,4756.70447272
179,XAUUSD,PERIOD_M5,26090401,2026.01.20 23:15:00,1768950900086,2026.01.20 23:15:00,BUY,15,2026.01.20 23:30:00,1768951800086,2026.01.20 23:30:00,1768951800098,12,OK,4760.16,4760.36,4760.26,20.0,0.4201,4759.52,4759.66,4759.59,14.0,0.2941,-67.0,-84.0,-1.4075,-1.7646,0.3571,4755.93692005,4756.34891999,4756.80153604,4756.70447272
179,XAUUSD,PERIOD_M5,26090401,2026.01.20 23:15:00,1768950900086,2026.01.20 23:15:00,BUY,30,2026.01.20 23:45:00,1768952700086,2026.01.20 23:45:00,1768952700089,3,OK,4760.16,4760.36,4760.26,20.0,0.4201,4759.17,4759.61,4759.39,44.0,0.9245,-87.0,-119.0,-1.8276,-2.4998,0.6722,4755.93692005,4756.34891999,4756.80153604,4756.70447272
179,XAUUSD,PERIOD_M5,26090401,2026.01.20 23:15:00,1768950900086,2026.01.20 23:15:00,BUY,60,2026.01.21 00:15:00,1768954500086,,,,NO_TICK_NEAR_TARGET,4760.16,4760.36,4760.26,20.0,0.4201,,,,,,,,,,,4755.93692005,4756.34891999,4756.80153604,4756.70447272
180,XAUUSD,PERIOD_M5,26090401,2026.01.21 09:00:00,1768986000002,2026.01.21 09:00:00,SELL,1,2026.01.21 09:01:00,1768986060002,2026.01.21 09:01:00,1768986060003,1,OK,4847.68,4847.81,4847.75,13.0,0.2682,4843.42,4843.60,4843.51,18.0,0.3716,423.5,408.0,8.7360,8.4164,0.3196,4868.42206243,4868.07842667,4864.27364995,4866.22402425
180,XAUUSD,PERIOD_M5,26090401,2026.01.21 09:00:00,1768986000002,2026.01.21 09:00:00,SELL,3,2026.01.21 09:03:00,1768986180002,2026.01.21 09:03:00,1768986180006,4,OK,4847.68,4847.81,4847.75,13.0,0.2682,4844.00,4844.13,4844.07,13.0,0.2684,368.0,355.0,7.5912,7.3231,0.2681,4868.42206243,4868.07842667,4864.27364995,4866.22402425
180,XAUUSD,PERIOD_M5,26090401,2026.01.21 09:00:00,1768986000002,2026.01.21 09:00:00,SELL,5,2026.01.21 09:05:00,1768986300002,2026.01.21 09:05:00,1768986300005,3,OK,4847.68,4847.81,4847.75,13.0,0.2682,4841.46,4841.60,4841.53,14.0,0.2892,621.5,608.0,12.8204,12.5421,0.2783,4868.42206243,4868.07842667,4864.27364995,4866.22402425
180,XAUUSD,PERIOD_M5,26090401,2026.01.21 09:00:00,1768986000002,2026.01.21 09:00:00,SELL,10,2026.01.21 09:10:00,1768986600002,2026.01.21 09:10:00,1768986600042,40,OK,4847.68,4847.81,4847.75,13.0,0.2682,4839.70,4839.90,4839.80,20.0,0.4132,794.5,778.0,16.3891,16.0489,0.3401,4868.42206243,4868.07842667,4864.27364995,4866.22402425
180,XAUUSD,PERIOD_M5,26090401,2026.01.21 09:00:00,1768986000002,2026.01.21 09:00:00,SELL,15,2026.01.21 09:15:00,1768986900002,2026.01.21 09:15:00,1768986900038,36,OK,4847.68,4847.81,4847.75,13.0,0.2682,4837.19,4837.34,4837.26,15.0,0.3101,1048.0,1034.0,21.6183,21.3298,0.2885,4868.42206243,4868.07842667,4864.27364995,4866.22402425
180,XAUUSD,PERIOD_M5,26090401,2026.01.21 09:00:00,1768986000002,2026.01.21 09:00:00,SELL,30,2026.01.21 09:30:00,1768987800002,2026.01.21 09:30:00,1768987800055,53,OK,4847.68,4847.81,4847.75,13.0,0.2682,4849.23,4849.38,4849.31,15.0,0.3093,-156.0,-170.0,-3.2180,-3.5068,0.2888,4868.42206243,4868.07842667,4864.27364995,4866.22402425
180,XAUUSD,PERIOD_M5,26090401,2026.01.21 09:00:00,1768986000002,2026.01.21 09:00:00,SELL,60,2026.01.21 10:00:00,1768989600002,2026.01.21 10:00:00,1768989600017,15,OK,4847.68,4847.81,4847.75,13.0,0.2682,4855.24,4855.37,4855.31,13.0,0.2677,-756.0,-769.0,-15.5949,-15.8633,0.2684,4868.42206243,4868.07842667,4864.27364995,4866.22402425
181,XAUUSD,PERIOD_M5,26090401,2026.01.21 10:20:00,1768990800030,2026.01.21 10:20:00,BUY,1,2026.01.21 10:21:00,1768990860030,2026.01.21 10:21:00,1768990860112,82,OK,4865.30,4865.45,4865.38,15.0,0.3083,4865.21,4865.37,4865.29,16.0,0.3289,-8.5,-24.0,-0.1747,-0.4933,0.3186,4854.98599623,4855.01927661,4857.04279698,4855.95116055
181,XAUUSD,PERIOD_M5,26090401,2026.01.21 10:20:00,1768990800030,2026.01.21 10:20:00,BUY,3,2026.01.21 10:23:00,1768990980030,2026.01.21 10:23:00,1768990980301,271,OK,4865.30,4865.45,4865.38,15.0,0.3083,4866.46,4866.64,4866.55,18.0,0.3699,117.5,101.0,2.4150,2.0759,0.3392,4854.98599623,4855.01927661,4857.04279698,4855.95116055
181,XAUUSD,PERIOD_M5,26090401,2026.01.21 10:20:00,1768990800030,2026.01.21 10:20:00,BUY,5,2026.01.21 10:25:00,1768991100030,2026.01.21 10:25:00,1768991100188,158,OK,4865.30,4865.45,4865.38,15.0,0.3083,4865.24,4865.43,4865.34,19.0,0.3905,-4.0,-21.0,-0.0822,-0.4316,0.3494,4854.98599623,4855.01927661,4857.04279698,4855.95116055
181,XAUUSD,PERIOD_M5,26090401,2026.01.21 10:20:00,1768990800030,2026.01.21 10:20:00,BUY,10,2026.01.21 10:30:00,1768991400030,2026.01.21 10:30:00,1768991400145,115,OK,4865.30,4865.45,4865.38,15.0,0.3083,4866.78,4866.95,4866.86,17.0,0.3493,149.0,133.0,3.0625,2.7336,0.3289,4854.98599623,4855.01927661,4857.04279698,4855.95116055
181,XAUUSD,PERIOD_M5,26090401,2026.01.21 10:20:00,1768990800030,2026.01.21 10:20:00,BUY,15,2026.01.21 10:35:00,1768991700030,2026.01.21 10:35:00,1768991700191,161,OK,4865.30,4865.45,4865.38,15.0,0.3083,4862.66,4862.84,4862.75,18.0,0.3702,-262.5,-279.0,-5.3953,-5.7343,0.3390,4854.98599623,4855.01927661,4857.04279698,4855.95116055
181,XAUUSD,PERIOD_M5,26090401,2026.01.21 10:20:00,1768990800030,2026.01.21 10:20:00,BUY,30,2026.01.21 10:50:00,1768992600030,2026.01.21 10:50:00,1768992600100,70,OK,4865.30,4865.45,4865.38,15.0,0.3083,4858.93,4858.97,4858.95,4.0,0.0823,-642.5,-652.0,-13.2056,-13.4006,0.1951,4854.98599623,4855.01927661,4857.04279698,4855.95116055
181,XAUUSD,PERIOD_M5,26090401,2026.01.21 10:20:00,1768990800030,2026.01.21 10:20:00,BUY,60,2026.01.21 11:20:00,1768994400030,2026.01.21 11:20:00,1768994400618,588,OK,4865.30,4865.45,4865.38,15.0,0.3083,4860.55,4860.59,4860.57,4.0,0.0823,-480.5,-490.0,-9.8759,-10.0710,0.1951,4854.98599623,4855.01927661,4857.04279698,4855.95116055
182,XAUUSD,PERIOD_M5,26090401,2026.01.21 12:35:00,1768998900043,2026.01.21 12:35:00,SELL,1,2026.01.21 12:36:00,1768998960043,2026.01.21 12:36:00,1768998960209,166,OK,4860.69,4860.88,4860.78,19.0,0.3909,4861.90,4862.04,4861.97,14.0,0.2879,-118.5,-135.0,-2.4379,-2.7774,0.3395,4863.39080206,4863.11883648,4862.85064165,4862.89803317
182,XAUUSD,PERIOD_M5,26090401,2026.01.21 12:35:00,1768998900043,2026.01.21 12:35:00,SELL,3,2026.01.21 12:38:00,1768999080043,2026.01.21 12:38:00,1768999080050,7,OK,4860.69,4860.88,4860.78,19.0,0.3909,4863.42,4863.56,4863.49,14.0,0.2879,-270.5,-287.0,-5.5649,-5.9045,0.3396,4863.39080206,4863.11883648,4862.85064165,4862.89803317
182,XAUUSD,PERIOD_M5,26090401,2026.01.21 12:35:00,1768998900043,2026.01.21 12:35:00,SELL,5,2026.01.21 12:40:00,1768999200043,2026.01.21 12:40:00,1768999200244,201,OK,4860.69,4860.88,4860.78,19.0,0.3909,4862.95,4863.05,4863.00,10.0,0.2056,-221.5,-236.0,-4.5569,-4.8553,0.2984,4863.39080206,4863.11883648,4862.85064165,4862.89803317
183,XAUUSD,PERIOD_M5,26090401,2026.01.21 12:45:00,1768999500035,2026.01.21 12:45:00,BUY,1,2026.01.21 12:46:00,1768999560035,2026.01.21 12:46:00,1768999560102,67,OK,4864.96,4865.14,4865.05,18.0,0.3700,4865.75,4865.94,4865.84,19.0,0.3905,79.5,61.0,1.6341,1.2538,0.3803,4862.87051332,4862.90275743,4863.28841065,4863.08977948
183,XAUUSD,PERIOD_M5,26090401,2026.01.21 12:45:00,1768999500035,2026.01.21 12:45:00,BUY,3,2026.01.21 12:48:00,1768999680035,2026.01.21 12:48:00,1768999680050,15,OK,4864.96,4865.14,4865.05,18.0,0.3700,4863.87,4864.03,4863.95,16.0,0.3290,-110.0,-127.0,-2.2610,-2.6104,0.3494,4862.87051332,4862.90275743,4863.28841065,4863.08977948
182,XAUUSD,PERIOD_M5,26090401,2026.01.21 12:35:00,1768998900043,2026.01.21 12:35:00,SELL,10,2026.01.21 12:45:00,1768999500043,2026.01.21 12:45:00,1768999500243,200,OK,4860.69,4860.88,4860.78,19.0,0.3909,4864.97,4865.14,4865.06,17.0,0.3494,-427.0,-445.0,-8.7846,-9.1551,0.3705,4863.39080206,4863.11883648,4862.85064165,4862.89803317
183,XAUUSD,PERIOD_M5,26090401,2026.01.21 12:45:00,1768999500035,2026.01.21 12:45:00,BUY,5,2026.01.21 12:50:00,1768999800035,2026.01.21 12:50:00,1768999800067,32,OK,4864.96,4865.14,4865.05,18.0,0.3700,4864.76,4864.94,4864.85,18.0,0.3700,-20.0,-38.0,-0.4111,-0.7811,0.3700,4862.87051332,4862.90275743,4863.28841065,4863.08977948
182,XAUUSD,PERIOD_M5,26090401,2026.01.21 12:35:00,1768998900043,2026.01.21 12:35:00,SELL,15,2026.01.21 12:50:00,1768999800043,2026.01.21 12:50:00,1768999800067,24,OK,4860.69,4860.88,4860.78,19.0,0.3909,4864.76,4864.94,4864.85,18.0,0.3700,-406.5,-425.0,-8.3628,-8.7436,0.3808,4863.39080206,4863.11883648,4862.85064165,4862.89803317
183,XAUUSD,PERIOD_M5,26090401,2026.01.21 12:45:00,1768999500035,2026.01.21 12:45:00,BUY,10,2026.01.21 12:55:00,1769000100035,2026.01.21 12:55:00,1769000100080,45,OK,4864.96,4865.14,4865.05,18.0,0.3700,4863.30,4863.44,4863.37,14.0,0.2879,-168.0,-184.0,-3.4532,-3.7820,0.3288,4862.87051332,4862.90275743,4863.28841065,4863.08977948
183,XAUUSD,PERIOD_M5,26090401,2026.01.21 12:45:00,1768999500035,2026.01.21 12:45:00,BUY,15,2026.01.21 13:00:00,1769000400035,2026.01.21 13:00:00,1769000400051,16,OK,4864.96,4865.14,4865.05,18.0,0.3700,4862.19,4862.31,4862.25,12.0,0.2468,-280.0,-295.0,-5.7553,-6.0635,0.3082,4862.87051332,4862.90275743,4863.28841065,4863.08977948
184,XAUUSD,PERIOD_M5,26090401,2026.01.21 13:05:00,1769000700136,2026.01.21 13:05:00,SELL,1,2026.01.21 13:06:00,1769000760136,2026.01.21 13:06:00,1769000760339,203,OK,4861.67,4861.85,4861.76,18.0,0.3702,4862.40,4862.59,4862.49,19.0,0.3907,-73.5,-92.0,-1.5118,-1.8924,0.3806,4863.24374625,4863.14373364,4862.92699700,4863.00884877
184,XAUUSD,PERIOD_M5,26090401,2026.01.21 13:05:00,1769000700136,2026.01.21 13:05:00,SELL,3,2026.01.21 13:08:00,1769000880136,2026.01.21 13:08:00,1769000880177,41,OK,4861.67,4861.85,4861.76,18.0,0.3702,4863.17,4863.33,4863.25,16.0,0.3290,-149.0,-166.0,-3.0647,-3.4145,0.3497,4863.24374625,4863.14373364,4862.92699700,4863.00884877
182,XAUUSD,PERIOD_M5,26090401,2026.01.21 12:35:00,1768998900043,2026.01.21 12:35:00,SELL,30,2026.01.21 13:05:00,1769000700043,2026.01.21 13:05:00,1769000700136,93,OK,4860.69,4860.88,4860.78,19.0,0.3909,4861.67,4861.85,4861.76,18.0,0.3702,-97.5,-116.0,-2.0058,-2.3865,0.3806,4863.39080206,4863.11883648,4862.85064165,4862.89803317
185,XAUUSD,PERIOD_M5,26090401,2026.01.21 13:10:00,1769001000014,2026.01.21 13:10:00,BUY,1,2026.01.21 13:11:00,1769001060014,2026.01.21 13:11:00,1769001060446,432,OK,4864.05,4864.23,4864.14,18.0,0.3701,4863.84,4864.02,4863.93,18.0,0.3701,-21.0,-39.0,-0.4317,-0.8018,0.3700,4862.92699700,4863.00884877,4863.15159760,4863.10349888
185,XAUUSD,PERIOD_M5,26090401,2026.01.21 13:10:00,1769001000014,2026.01.21 13:10:00,BUY,3,2026.01.21 13:13:00,1769001180014,2026.01.21 13:13:00,1769001180066,52,OK,4864.05,4864.23,4864.14,18.0,0.3701,4865.25,4865.41,4865.33,16.0,0.3289,119.0,102.0,2.4465,2.0969,0.3495,4862.92699700,4863.00884877,4863.15159760,4863.10349888
184,XAUUSD,PERIOD_M5,26090401,2026.01.21 13:05:00,1769000700136,2026.01.21 13:05:00,SELL,5,2026.01.21 13:10:00,1769001000136,2026.01.21 13:10:00,1769001000153,17,OK,4861.67,4861.85,4861.76,18.0,0.3702,4864.09,4864.23,4864.16,14.0,0.2878,-240.0,-256.0,-4.9365,-5.2657,0.3292,4863.24374625,4863.14373364,4862.92699700,4863.00884877
185,XAUUSD,PERIOD_M5,26090401,2026.01.21 13:10:00,1769001000014,2026.01.21 13:10:00,BUY,5,2026.01.21 13:15:00,1769001300014,2026.01.21 13:15:00,1769001300075,61,OK,4864.05,4864.23,4864.14,18.0,0.3701,4865.27,4865.41,4865.34,14.0,0.2877,120.0,104.0,2.4670,2.1381,0.3290,4862.92699700,4863.00884877,4863.15159760,4863.10349888
184,XAUUSD,PERIOD_M5,26090401,2026.01.21 13:05:00,1769000700136,2026.01.21 13:05:00,SELL,10,2026.01.21 13:15:00,1769001300136,2026.01.21 13:15:00,1769001300163,27,OK,4861.67,4861.85,4861.76,18.0,0.3702,4865.37,4865.43,4865.40,6.0,0.1233,-364.0,-376.0,-7.4870,-7.7340,0.2470,4863.24374625,4863.14373364,4862.92699700,4863.00884877
183,XAUUSD,PERIOD_M5,26090401,2026.01.21 12:45:00,1768999500035,2026.01.21 12:45:00,BUY,30,2026.01.21 13:15:00,1769001300035,2026.01.21 13:15:00,1769001300075,40,OK,4864.96,4865.14,4865.05,18.0,0.3700,4865.27,4865.41,4865.34,14.0,0.2877,29.0,13.0,0.5961,0.2672,0.3289,4862.87051332,4862.90275743,4863.28841065,4863.08977948
185,XAUUSD,PERIOD_M5,26090401,2026.01.21 13:10:00,1769001000014,2026.01.21 13:10:00,BUY,10,2026.01.21 13:20:00,1769001600014,2026.01.21 13:20:00,1769001600031,17,OK,4864.05,4864.23,4864.14,18.0,0.3701,4869.87,4870.03,4869.95,16.0,0.3285,581.0,564.0,11.9446,11.5948,0.3497,4862.92699700,4863.00884877,4863.15159760,4863.10349888
184,XAUUSD,PERIOD_M5,26090401,2026.01.21 13:05:00,1769000700136,2026.01.21 13:05:00,SELL,15,2026.01.21 13:20:00,1769001600136,2026.01.21 13:20:00,1769001600190,54,OK,4861.67,4861.85,4861.76,18.0,0.3702,4869.83,4869.99,4869.91,16.0,0.3285,-815.0,-832.0,-16.7635,-17.1135,0.3500,4863.24374625,4863.14373364,4862.92699700,4863.00884877
185,XAUUSD,PERIOD_M5,26090401,2026.01.21 13:10:00,1769001000014,2026.01.21 13:10:00,BUY,15,2026.01.21 13:25:00,1769001900014,2026.01.21 13:25:00,1769001900029,15,OK,4864.05,4864.23,4864.14,18.0,0.3701,4870.30,4870.49,4870.40,19.0,0.3901,625.5,607.0,12.8594,12.4789,0.3806,4862.92699700,4863.00884877,4863.15159760,4863.10349888
184,XAUUSD,PERIOD_M5,26090401,2026.01.21 13:05:00,1769000700136,2026.01.21 13:05:00,SELL,30,2026.01.21 13:35:00,1769002500136,2026.01.21 13:35:00,1769002500392,256,OK,4861.67,4861.85,4861.76,18.0,0.3702,4863.06,4863.21,4863.14,15.0,0.3084,-137.5,-154.0,-2.8282,-3.1676,0.3394,4863.24374625,4863.14373364,4862.92699700,4863.00884877
182,XAUUSD,PERIOD_M5,26090401,2026.01.21 12:35:00,1768998900043,2026.01.21 12:35:00,SELL,60,2026.01.21 13:35:00,1769002500043,2026.01.21 13:35:00,1769002500047,4,OK,4860.69,4860.88,4860.78,19.0,0.3909,4863.05,4863.21,4863.13,16.0,0.3290,-234.5,-252.0,-4.8243,-5.1844,0.3601,4863.39080206,4863.11883648,4862.85064165,4862.89803317
185,XAUUSD,PERIOD_M5,26090401,2026.01.21 13:10:00,1769001000014,2026.01.21 13:10:00,BUY,30,2026.01.21 13:40:00,1769002800014,2026.01.21 13:40:00,1769002800018,4,OK,4864.05,4864.23,4864.14,18.0,0.3701,4864.43,4864.58,4864.51,15.0,0.3084,36.5,20.0,0.7504,0.4112,0.3392,4862.92699700,4863.00884877,4863.15159760,4863.10349888
183,XAUUSD,PERIOD_M5,26090401,2026.01.21 12:45:00,1768999500035,2026.01.21 12:45:00,BUY,60,2026.01.21 13:45:00,1769003100035,2026.01.21 13:45:00,1769003100268,233,OK,4864.96,4865.14,4865.05,18.0,0.3700,4862.27,4862.37,4862.32,10.0,0.2057,-273.0,-287.0,-5.6115,-5.8991,0.2877,4862.87051332,4862.90275743,4863.28841065,4863.08977948
186,XAUUSD,PERIOD_M5,26090401,2026.01.21 13:50:00,1769003400051,2026.01.21 13:50:00,SELL,1,2026.01.21 13:51:00,1769003460051,2026.01.21 13:51:00,1769003460146,95,OK,4860.77,4860.92,4860.85,15.0,0.3086,4861.64,4861.81,4861.73,17.0,0.3497,-88.0,-104.0,-1.8104,-2.1396,0.3292,4864.70195002,4864.34217653,4863.91556001,4864.01743321
186,XAUUSD,PERIOD_M5,26090401,2026.01.21 13:50:00,1769003400051,2026.01.21 13:50:00,SELL,3,2026.01.21 13:53:00,1769003580051,2026.01.21 13:53:00,1769003580062,11,OK,4860.77,4860.92,4860.85,15.0,0.3086,4862.16,4862.33,4862.24,17.0,0.3496,-140.0,-156.0,-2.8802,-3.2094,0.3292,4864.70195002,4864.34217653,4863.91556001,4864.01743321
186,XAUUSD,PERIOD_M5,26090401,2026.01.21 13:50:00,1769003400051,2026.01.21 13:50:00,SELL,5,2026.01.21 13:55:00,1769003700051,2026.01.21 13:55:00,1769003700069,18,OK,4860.77,4860.92,4860.85,15.0,0.3086,4862.68,4862.79,4862.74,11.0,0.2262,-189.0,-202.0,-3.8882,-4.1557,0.2675,4864.70195002,4864.34217653,4863.91556001,4864.01743321
187,XAUUSD,PERIOD_M5,26090401,2026.01.21 14:00:00,1769004000063,2026.01.21 14:00:00,BUY,1,2026.01.21 14:01:00,1769004060063,2026.01.21 14:01:00,1769004060077,14,OK,4866.84,4867.00,4866.92,16.0,0.3288,4865.11,4865.28,4865.19,17.0,0.3494,-172.5,-189.0,-3.5443,-3.8833,0.3390,4863.66244801,4863.89312110,4864.29795841,4864.16101918
187,XAUUSD,PERIOD_M5,26090401,2026.01.21 14:00:00,1769004000063,2026.01.21 14:00:00,BUY,3,2026.01.21 14:03:00,1769004180063,2026.01.21 14:03:00,1769004180103,40,OK,4866.84,4867.00,4866.92,16.0,0.3288,4864.98,4865.14,4865.06,16.0,0.3289,-186.0,-202.0,-3.8217,-4.1504,0.3287,4863.66244801,4863.89312110,4864.29795841,4864.16101918
186,XAUUSD,PERIOD_M5,26090401,2026.01.21 13:50:00,1769003400051,2026.01.21 13:50:00,SELL,10,2026.01.21 14:00:00,1769004000051,2026.01.21 14:00:00,1769004000063,12,OK,4860.77,4860.92,4860.85,15.0,0.3086,4866.84,4867.00,4866.92,16.0,0.3288,-607.5,-623.0,-12.4978,-12.8169,0.3191,4864.70195002,4864.34217653,4863.91556001,4864.01743321
187,XAUUSD,PERIOD_M5,26090401,2026.01.21 14:00:00,1769004000063,2026.01.21 14:00:00,BUY,5,2026.01.21 14:05:00,1769004300063,2026.01.21 14:05:00,1769004300094,31,OK,4866.84,4867.00,4866.92,16.0,0.3288,4866.27,4866.45,4866.36,18.0,0.3699,-56.0,-73.0,-1.1506,-1.4999,0.3493,4863.66244801,4863.89312110,4864.29795841,4864.16101918
186,XAUUSD,PERIOD_M5,26090401,2026.01.21 13:50:00,1769003400051,2026.01.21 13:50:00,SELL,15,2026.01.21 14:05:00,1769004300051,2026.01.21 14:05:00,1769004300094,43,OK,4860.77,4860.92,4860.85,15.0,0.3086,4866.27,4866.45,4866.36,18.0,0.3699,-551.5,-568.0,-11.3458,-11.6854,0.3396,4864.70195002,4864.34217653,4863.91556001,4864.01743321
184,XAUUSD,PERIOD_M5,26090401,2026.01.21 13:05:00,1769000700136,2026.01.21 13:05:00,SELL,60,2026.01.21 14:05:00,1769004300136,2026.01.21 14:05:00,1769004300144,8,OK,4861.67,4861.85,4861.76,18.0,0.3702,4866.26,4866.45,4866.35,19.0,0.3904,-459.5,-478.0,-9.4513,-9.8320,0.3807,4863.24374625,4863.14373364,4862.92699700,4863.00884877
187,XAUUSD,PERIOD_M5,26090401,2026.01.21 14:00:00,1769004000063,2026.01.21 14:00:00,BUY,10,2026.01.21 14:10:00,1769004600063,2026.01.21 14:10:00,1769004600085,22,OK,4866.84,4867.00,4866.92,16.0,0.3288,4863.48,4863.67,4863.57,19.0,0.3907,-334.5,-352.0,-6.8729,-7.2324,0.3595,4863.66244801,4863.89312110,4864.29795841,4864.16101918
185,XAUUSD,PERIOD_M5,26090401,2026.01.21 13:10:00,1769001000014,2026.01.21 13:10:00,BUY,60,2026.01.21 14:10:00,1769004600014,2026.01.21 14:10:00,1769004600047,33,OK,4864.05,4864.23,4864.14,18.0,0.3701,4863.57,4863.67,4863.62,10.0,0.2056,-52.0,-66.0,-1.0690,-1.3568,0.2878,4862.92699700,4863.00884877,4863.15159760,4863.10349888
188,XAUUSD,PERIOD_M5,26090401,2026.01.21 14:15:00,1769004900036,2026.01.21 14:15:00,SELL,1,2026.01.21 14:16:00,1769004960036,2026.01.21 14:16:00,1769004960048,12,OK,4862.20,4862.36,4862.28,16.0,0.3291,4860.62,4860.77,4860.69,15.0,0.3086,158.5,143.0,3.2598,2.9411,0.3187,4864.46789338,4864.28158610,4864.01431471,4864.09235100
188,XAUUSD,PERIOD_M5,26090401,2026.01.21 14:15:00,1769004900036,2026.01.21 14:15:00,SELL,3,2026.01.21 14:18:00,1769005080036,2026.01.21 14:18:00,1769005080053,17,OK,4862.20,4862.36,4862.28,16.0,0.3291,4858.58,4858.77,4858.68,19.0,0.3911,360.5,343.0,7.4142,7.0544,0.3598,4864.46789338,4864.28158610,4864.01431471,4864.09235100
187,XAUUSD,PERIOD_M5,26090401,2026.01.21 14:00:00,1769004000063,2026.01.21 14:00:00,BUY,15,2026.01.21 14:15:00,1769004900063,2026.01.21 14:15:00,1769004900105,42,OK,4866.84,4867.00,4866.92,16.0,0.3288,4862.20,4862.31,4862.26,11.0,0.2262,-466.5,-480.0,-9.5851,-9.8623,0.2772,4863.66244801,4863.89312110,4864.29795841,4864.16101918
188,XAUUSD,PERIOD_M5,26090401,2026.01.21 14:15:00,1769004900036,2026.01.21 14:15:00,SELL,5,2026.01.21 14:20:00,1769005200036,2026.01.21 14:20:00,1769005200062,26,OK,4862.20,4862.36,4862.28,16.0,0.3291,4856.60,4856.67,4856.64,7.0,0.1441,564.5,553.0,11.6098,11.3735,0.2363,4864.46789338,4864.28158610,4864.01431471,4864.09235100
186,XAUUSD,PERIOD_M5,26090401,2026.01.21 13:50:00,1769003400051,2026.01.21 13:50:00,SELL,30,2026.01.21 14:20:00,1769005200051,2026.01.21 14:20:00,1769005200062,11,OK,4860.77,4860.92,4860.85,15.0,0.3086,4856.60,4856.67,4856.64,7.0,0.1441,421.0,410.0,8.6610,8.4349,0.2262,4864.70195002,4864.34217653,4863.91556001,4864.01743321
188,XAUUSD,PERIOD_M5,26090401,2026.01.21 14:15:00,1769004900036,2026.01.21 14:15:00,SELL,10,2026.01.21 14:25:00,1769005500036,2026.01.21 14:25:00,1769005500095,59,OK,4862.20,4862.36,4862.28,16.0,0.3291,4861.55,4861.70,4861.63,15.0,0.3085,65.5,50.0,1.3471,1.0283,0.3188,4864.46789338,4864.28158610,4864.01431471,4864.09235100
188,XAUUSD,PERIOD_M5,26090401,2026.01.21 14:15:00,1769004900036,2026.01.21 14:15:00,SELL,15,2026.01.21 14:30:00,1769005800036,2026.01.21 14:30:00,1769005800069,33,OK,4862.20,4862.36,4862.28,16.0,0.3291,4864.85,4864.92,4864.89,7.0,0.1439,-260.5,-272.0,-5.3576,-5.5942,0.2366,4864.46789338,4864.28158610,4864.01431471,4864.09235100
187,XAUUSD,PERIOD_M5,26090401,2026.01.21 14:00:00,1769004000063,2026.01.21 14:00:00,BUY,30,2026.01.21 14:30:00,1769005800063,2026.01.21 14:30:00,1769005800069,6,OK,4866.84,4867.00,4866.92,16.0,0.3288,4864.85,4864.92,4864.89,7.0,0.1439,-203.5,-215.0,-4.1813,-4.4175,0.2362,4863.66244801,4863.89312110,4864.29795841,4864.16101918
189,XAUUSD,PERIOD_M5,26090401,2026.01.21 14:40:00,1769006400084,2026.01.21 14:40:00,BUY,1,2026.01.21 14:41:00,1769006460084,2026.01.21 14:41:00,1769006460193,109,OK,4866.44,4866.63,4866.53,19.0,0.3904,4864.88,4864.93,4864.91,5.0,0.1028,-163.0,-175.0,-3.3494,-3.5959,0.2465,4863.53224730,4863.64828359,4864.11579784,4863.90298508
189,XAUUSD,PERIOD_M5,26090401,2026.01.21 14:40:00,1769006400084,2026.01.21 14:40:00,BUY,3,2026.01.21 14:43:00,1769006580084,2026.01.21 14:43:00,1769006580136,52,OK,4866.44,4866.63,4866.53,19.0,0.3904,4865.41,4865.57,4865.49,16.0,0.3288,-104.5,-122.0,-2.1473,-2.5069,0.3595,4863.53224730,4863.64828359,4864.11579784,4863.90298508
189,XAUUSD,PERIOD_M5,26090401,2026.01.21 14:40:00,1769006400084,2026.01.21 14:40:00,BUY,5,2026.01.21 14:45:00,1769006700084,2026.01.21 14:45:00,1769006700107,23,OK,4866.44,4866.63,4866.53,19.0,0.3904,4865.57,4865.71,4865.64,14.0,0.2877,-89.5,-106.0,-1.8391,-2.1781,0.3390,4863.53224730,4863.64828359,4864.11579784,4863.90298508
188,XAUUSD,PERIOD_M5,26090401,2026.01.21 14:15:00,1769004900036,2026.01.21 14:15:00,SELL,30,2026.01.21 14:45:00,1769006700036,2026.01.21 14:45:00,1769006700038,2,OK,4862.20,4862.36,4862.28,16.0,0.3291,4865.55,4865.71,4865.63,16.0,0.3288,-335.0,-351.0,-6.8898,-7.2190,0.3292,4864.46789338,4864.28158610,4864.01431471,4864.09235100
190,XAUUSD,PERIOD_M5,26090401,2026.01.21 14:50:00,1769007000045,2026.01.21 14:50:00,SELL,1,2026.01.21 14:51:00,1769007060045,2026.01.21 14:51:00,1769007060084,39,OK,4858.86,4858.97,4858.91,11.0,0.2264,4859.08,4859.24,4859.16,16.0,0.3293,-24.5,-38.0,-0.5042,-0.7821,0.2778,4864.38463827,4864.04453189,4863.27971062,4863.57321081
190,XAUUSD,PERIOD_M5,26090401,2026.01.21 14:50:00,1769007000045,2026.01.21 14:50:00,SELL,3,2026.01.21 14:53:00,1769007180045,2026.01.21 14:53:00,1769007180581,536,OK,4858.86,4858.97,4858.91,11.0,0.2264,4861.99,4862.14,4862.07,15.0,0.3085,-315.0,-328.0,-6.4829,-6.7506,0.2676,4864.38463827,4864.04453189,4863.27971062,4863.57321081
189,XAUUSD,PERIOD_M5,26090401,2026.01.21 14:40:00,1769006400084,2026.01.21 14:40:00,BUY,10,2026.01.21 14:50:00,1769007000084,2026.01.21 14:50:00,1769007000144,60,OK,4866.44,4866.63,4866.53,19.0,0.3904,4858.85,4858.97,4858.91,12.0,0.2470,-762.5,-778.0,-15.6682,-15.9864,0.3182,4863.53224730,4863.64828359,4864.11579784,4863.90298508
186,XAUUSD,PERIOD_M5,26090401,2026.01.21 13:50:00,1769003400051,2026.01.21 13:50:00,SELL,60,2026.01.21 14:50:00,1769007000051,2026.01.21 14:50:00,1769007000144,93,OK,4860.77,4860.92,4860.85,15.0,0.3086,4858.85,4858.97,4858.91,12.0,0.2470,193.5,180.0,3.9808,3.7031,0.2777,4864.70195002,4864.34217653,4863.91556001,4864.01743321
190,XAUUSD,PERIOD_M5,26090401,2026.01.21 14:50:00,1769007000045,2026.01.21 14:50:00,SELL,5,2026.01.21 14:55:00,1769007300045,2026.01.21 14:55:00,1769007300155,110,OK,4858.86,4858.97,4858.91,11.0,0.2264,4862.10,4862.28,4862.19,18.0,0.3702,-327.5,-342.0,-6.7402,-7.0387,0.2985,4864.38463827,4864.04453189,4863.27971062,4863.57321081
189,XAUUSD,PERIOD_M5,26090401,2026.01.21 14:40:00,1769006400084,2026.01.21 14:40:00,BUY,15,2026.01.21 14:55:00,1769007300084,2026.01.21 14:55:00,1769007300155,71,OK,4866.44,4866.63,4866.53,19.0,0.3904,4862.10,4862.28,4862.19,18.0,0.3702,-434.5,-453.0,-8.9283,-9.3083,0.3800,4863.53224730,4863.64828359,4864.11579784,4863.90298508
190,XAUUSD,PERIOD_M5,26090401,2026.01.21 14:50:00,1769007000045,2026.01.21 14:50:00,SELL,10,2026.01.21 15:00:00,1769007600045,2026.01.21 15:00:00,1769007600056,11,OK,4858.86,4858.97,4858.91,11.0,0.2264,4865.05,4865.17,4865.11,12.0,0.2467,-619.5,-631.0,-12.7498,-12.9866,0.2368,4864.38463827,4864.04453189,4863.27971062,4863.57321081
187,XAUUSD,PERIOD_M5,26090401,2026.01.21 14:00:00,1769004000063,2026.01.21 14:00:00,BUY,60,2026.01.21 15:00:00,1769007600063,2026.01.21 15:00:00,1769007600074,11,OK,4866.84,4867.00,4866.92,16.0,0.3288,4865.05,4865.20,4865.13,15.0,0.3083,-179.5,-195.0,-3.6882,-4.0066,0.3184,4863.66244801,4863.89312110,4864.29795841,4864.16101918
190,XAUUSD,PERIOD_M5,26090401,2026.01.21 14:50:00,1769007000045,2026.01.21 14:50:00,SELL,15,2026.01.21 15:05:00,1769007900045,2026.01.21 15:05:00,1769007900047,2,OK,4858.86,4858.97,4858.91,11.0,0.2264,4861.23,4861.36,4861.30,13.0,0.2674,-238.0,-250.0,-4.8982,-5.1452,0.2470,4864.38463827,4864.04453189,4863.27971062,4863.57321081
191,XAUUSD,PERIOD_M5,26090401,2026.01.21 15:10:00,1769008200011,2026.01.21 15:10:00,BUY,1,2026.01.21 15:11:00,1769008260011,2026.01.21 15:11:00,1769008260044,33,OK,4868.72,4868.88,4868.80,16.0,0.3286,4867.55,4867.71,4867.63,16.0,0.3287,-117.0,-133.0,-2.4031,-2.7316,0.3286,4862.99841184,4863.36982029,4864.14272947,4863.85620027
191,XAUUSD,PERIOD_M5,26090401,2026.01.21 15:10:00,1769008200011,2026.01.21 15:10:00,BUY,3,2026.01.21 15:13:00,1769008380011,2026.01.21 15:13:00,1769008380036,25,OK,4868.72,4868.88,4868.80,16.0,0.3286,4869.05,4869.21,4869.13,16.0,0.3286,33.0,17.0,0.6778,0.3492,0.3286,4862.99841184,4863.36982029,4864.14272947,4863.85620027
189,XAUUSD,PERIOD_M5,26090401,2026.01.21 14:40:00,1769006400084,2026.01.21 14:40:00,BUY,30,2026.01.21 15:10:00,1769008200084,2026.01.21 15:10:00,1769008200117,33,OK,4866.44,4866.63,4866.53,19.0,0.3904,4868.76,4868.93,4868.85,17.0,0.3492,231.0,213.0,4.7467,4.3767,0.3700,4863.53224730,4863.64828359,4864.11579784,4863.90298508
191,XAUUSD,PERIOD_M5,26090401,2026.01.21 15:10:00,1769008200011,2026.01.21 15:10:00,BUY,5,2026.01.21 15:15:00,1769008500011,2026.01.21 15:15:00,1769008500029,18,OK,4868.72,4868.88,4868.80,16.0,0.3286,4869.17,4869.32,4869.24,15.0,0.3081,44.5,29.0,0.9140,0.5956,0.3184,4862.99841184,4863.36982029,4864.14272947,4863.85620027
188,XAUUSD,PERIOD_M5,26090401,2026.01.21 14:15:00,1769004900036,2026.01.21 14:15:00,SELL,60,2026.01.21 15:15:00,1769008500036,2026.01.21 15:15:00,1769008500074,38,OK,4862.20,4862.36,4862.28,16.0,0.3291,4869.16,4869.32,4869.24,16.0,0.3286,-696.0,-712.0,-14.3143,-14.6436,0.3293,4864.46789338,4864.28158610,4864.01431471,4864.09235100
191,XAUUSD,PERIOD_M5,26090401,2026.01.21 15:10:00,1769008200011,2026.01.21 15:10:00,BUY,10,2026.01.21 15:20:00,1769008800011,2026.01.21 15:20:00,1769008800034,23,OK,4868.72,4868.88,4868.80,16.0,0.3286,4867.09,4867.13,4867.11,4.0,0.0822,-169.0,-179.0,-3.4711,-3.6764,0.2053,4862.99841184,4863.36982029,4864.14272947,4863.85620027
190,XAUUSD,PERIOD_M5,26090401,2026.01.21 14:50:00,1769007000045,2026.01.21 14:50:00,SELL,30,2026.01.21 15:20:00,1769008800045,2026.01.21 15:20:00,1769008800092,47,OK,4858.86,4858.97,4858.91,11.0,0.2264,4867.08,4867.21,4867.15,13.0,0.2671,-823.0,-835.0,-16.9379,-17.1851,0.2472,4864.38463827,4864.04453189,4863.27971062,4863.57321081
191,XAUUSD,PERIOD_M5,26090401,2026.01.21 15:10:00,1769008200011,2026.01.21 15:10:00,BUY,15,2026.01.21 15:25:00,1769009100011,2026.01.21 15:25:00,1769009100049,38,OK,4868.72,4868.88,4868.80,16.0,0.3286,4863.64,4863.79,4863.72,15.0,0.3084,-508.5,-524.0,-10.4441,-10.7622,0.3182,4862.99841184,4863.36982029,4864.14272947,4863.85620027
191,XAUUSD,PERIOD_M5,26090401,2026.01.21 15:10:00,1769008200011,2026.01.21 15:10:00,BUY,30,2026.01.21 15:40:00,1769010000011,2026.01.21 15:40:00,1769010000015,4,OK,4868.72,4868.88,4868.80,16.0,0.3286,4878.27,4878.43,4878.35,16.0,0.3280,955.0,939.0,19.6147,19.2857,0.3289,4862.99841184,4863.36982029,4864.14272947,4863.85620027
189,XAUUSD,PERIOD_M5,26090401,2026.01.21 14:40:00,1769006400084,2026.01.21 14:40:00,BUY,60,2026.01.21 15:40:00,1769010000084,2026.01.21 15:40:00,1769010000117,33,OK,4866.44,4866.63,4866.53,19.0,0.3904,4878.33,4878.49,4878.41,16.0,0.3280,1187.5,1170.0,24.4013,24.0413,0.3601,4863.53224730,4863.64828359,4864.11579784,4863.90298508
190,XAUUSD,PERIOD_M5,26090401,2026.01.21 14:50:00,1769007000045,2026.01.21 14:50:00,SELL,60,2026.01.21 15:50:00,1769010600045,2026.01.21 15:50:00,1769010600073,28,OK,4858.86,4858.97,4858.91,11.0,0.2264,4873.58,4873.65,4873.61,7.0,0.1436,-1470.0,-1479.0,-30.2537,-30.4392,0.1856,4864.38463827,4864.04453189,4863.27971062,4863.57321081
191,XAUUSD,PERIOD_M5,26090401,2026.01.21 15:10:00,1769008200011,2026.01.21 15:10:00,BUY,60,2026.01.21 16:10:00,1769011800011,2026.01.21 16:10:00,1769011800014,3,OK,4868.72,4868.88,4868.80,16.0,0.3286,4864.66,4864.85,4864.76,19.0,0.3906,-404.5,-422.0,-8.3080,-8.6673,0.3593,4862.99841184,4863.36982029,4864.14272947,4863.85620027
192,XAUUSD,PERIOD_M5,26090401,2026.01.21 16:15:00,1769012100026,2026.01.21 16:15:00,SELL,1,2026.01.21 16:16:00,1769012160026,2026.01.21 16:16:00,1769012160072,46,OK,4844.66,4844.85,4844.76,19.0,0.3922,4848.73,4848.92,4848.82,19.0,0.3918,-407.0,-426.0,-8.4008,-8.7932,0.3923,4868.63470825,4867.97986656,4863.83976660,4865.85987869
192,XAUUSD,PERIOD_M5,26090401,2026.01.21 16:15:00,1769012100026,2026.01.21 16:15:00,SELL,3,2026.01.21 16:18:00,1769012280026,2026.01.21 16:18:00,1769012280033,7,OK,4844.66,4844.85,4844.76,19.0,0.3922,4849.86,4850.05,4849.95,19.0,0.3918,-520.0,-539.0,-10.7333,-11.1257,0.3924,4868.63470825,4867.97986656,4863.83976660,4865.85987869
192,XAUUSD,PERIOD_M5,26090401,2026.01.21 16:15:00,1769012100026,2026.01.21 16:15:00,SELL,5,2026.01.21 16:20:00,1769012400026,2026.01.21 16:20:00,1769012400095,69,OK,4844.66,4844.85,4844.76,19.0,0.3922,4846.22,4846.40,4846.31,18.0,0.3714,-155.5,-174.0,-3.2097,-3.5916,0.3819,4868.63470825,4867.97986656,4863.83976660,4865.85987869
192,XAUUSD,PERIOD_M5,26090401,2026.01.21 16:15:00,1769012100026,2026.01.21 16:15:00,SELL,10,2026.01.21 16:25:00,1769012700026,2026.01.21 16:25:00,1769012700116,90,OK,4844.66,4844.85,4844.76,19.0,0.3922,4853.24,4853.36,4853.30,12.0,0.2473,-854.5,-870.0,-17.6376,-17.9579,0.3203,4868.63470825,4867.97986656,4863.83976660,4865.85987869
192,XAUUSD,PERIOD_M5,26090401,2026.01.21 16:15:00,1769012100026,2026.01.21 16:15:00,SELL,15,2026.01.21 16:30:00,1769013000026,2026.01.21 16:30:00,1769013000038,12,OK,4844.66,4844.85,4844.76,19.0,0.3922,4860.69,4860.82,4860.75,13.0,0.2674,-1600.0,-1616.0,-33.0254,-33.3563,0.3309,4868.63470825,4867.97986656,4863.83976660,4865.85987869
192,XAUUSD,PERIOD_M5,26090401,2026.01.21 16:15:00,1769012100026,2026.01.21 16:15:00,SELL,30,2026.01.21 16:45:00,1769013900026,2026.01.21 16:45:00,1769013900028,2,OK,4844.66,4844.85,4844.76,19.0,0.3922,4860.79,4860.98,4860.89,19.0,0.3909,-1613.0,-1632.0,-33.2937,-33.6866,0.3928,4868.63470825,4867.97986656,4863.83976660,4865.85987869
192,XAUUSD,PERIOD_M5,26090401,2026.01.21 16:15:00,1769012100026,2026.01.21 16:15:00,SELL,60,2026.01.21 17:15:00,1769015700026,2026.01.21 17:15:00,1769015700038,12,OK,4844.66,4844.85,4844.76,19.0,0.3922,4860.31,4860.44,4860.38,13.0,0.2675,-1562.0,-1578.0,-32.2411,-32.5719,0.3309,4868.63470825,4867.97986656,4863.83976660,4865.85987869
193,XAUUSD,PERIOD_M5,26090401,2026.01.21 20:35:00,1769027700008,2026.01.21 20:35:00,BUY,1,2026.01.21 20:36:00,1769027760008,2026.01.21 20:36:00,1769027760025,17,OK,4835.23,4835.40,4835.31,17.0,0.3516,4834.38,4834.57,4834.48,19.0,0.3930,-84.0,-102.0,-1.7372,-2.1094,0.3722,4825.95523285,4826.68916927,4827.81018628,4827.46560843
193,XAUUSD,PERIOD_M5,26090401,2026.01.21 20:35:00,1769027700008,2026.01.21 20:35:00,BUY,3,2026.01.21 20:38:00,1769027880008,2026.01.21 20:38:00,1769027880071,63,OK,4835.23,4835.40,4835.31,17.0,0.3516,4833.27,4833.43,4833.35,16.0,0.3310,-196.5,-213.0,-4.0639,-4.4050,0.3412,4825.95523285,4826.68916927,4827.81018628,4827.46560843
193,XAUUSD,PERIOD_M5,26090401,2026.01.21 20:35:00,1769027700008,2026.01.21 20:35:00,BUY,5,2026.01.21 20:40:00,1769028000008,2026.01.21 20:40:00,1769028000043,35,OK,4835.23,4835.40,4835.31,17.0,0.3516,4833.25,4833.41,4833.33,16.0,0.3310,-198.5,-215.0,-4.1052,-4.4464,0.3412,4825.95523285,4826.68916927,4827.81018628,4827.46560843
193,XAUUSD,PERIOD_M5,26090401,2026.01.21 20:35:00,1769027700008,2026.01.21 20:35:00,BUY,10,2026.01.21 20:45:00,1769028300008,2026.01.21 20:45:00,1769028300072,64,OK,4835.23,4835.40,4835.31,17.0,0.3516,4837.82,4837.88,4837.85,6.0,0.1240,253.5,242.0,5.2427,5.0048,0.2379,4825.95523285,4826.68916927,4827.81018628,4827.46560843
193,XAUUSD,PERIOD_M5,26090401,2026.01.21 20:35:00,1769027700008,2026.01.21 20:35:00,BUY,15,2026.01.21 20:50:00,1769028600008,2026.01.21 20:50:00,1769028600041,33,OK,4835.23,4835.40,4835.31,17.0,0.3516,4842.94,4843.10,4843.02,16.0,0.3304,770.5,754.0,15.9348,15.5933,0.3415,4825.95523285,4826.68916927,4827.81018628,4827.46560843
193,XAUUSD,PERIOD_M5,26090401,2026.01.21 20:35:00,1769027700008,2026.01.21 20:35:00,BUY,30,2026.01.21 21:05:00,1769029500008,2026.01.21 21:05:00,1769029500026,18,OK,4835.23,4835.40,4835.31,17.0,0.3516,4845.21,4845.37,4845.29,16.0,0.3302,997.5,981.0,20.6295,20.2879,0.3416,4825.95523285,4826.68916927,4827.81018628,4827.46560843
194,XAUUSD,PERIOD_M5,26090401,2026.01.21 21:35:00,1769031300019,2026.01.21 21:35:00,SELL,1,2026.01.21 21:36:00,1769031360019,2026.01.21 21:36:00,1769031360027,8,OK,4805.83,4806.03,4805.93,20.0,0.4162,4787.04,4787.08,4787.06,4.0,0.0836,1887.0,1875.0,39.2640,39.0151,0.2489,4839.89978719,4837.06920540,4833.08582975,4834.22927764
194,XAUUSD,PERIOD_M5,26090401,2026.01.21 21:35:00,1769031300019,2026.01.21 21:35:00,SELL,3,2026.01.21 21:38:00,1769031480019,2026.01.21 21:38:00,1769031480041,22,OK,4805.83,4806.03,4805.93,20.0,0.4162,4777.38,4777.54,4777.46,16.0,0.3349,2847.0,2829.0,59.2393,58.8660,0.3733,4839.89978719,4837.06920540,4833.08582975,4834.22927764
193,XAUUSD,PERIOD_M5,26090401,2026.01.21 20:35:00,1769027700008,2026.01.21 20:35:00,BUY,60,2026.01.21 21:35:00,1769031300008,2026.01.21 21:35:00,1769031300019,11,OK,4835.23,4835.40,4835.31,17.0,0.3516,4805.83,4806.03,4805.93,20.0,0.4162,-2938.5,-2957.0,-60.7716,-61.1532,0.3815,4825.95523285,4826.68916927,4827.81018628,4827.46560843
194,XAUUSD,PERIOD_M5,26090401,2026.01.21 21:35:00,1769031300019,2026.01.21 21:35:00,SELL,5,2026.01.21 21:40:00,1769031600019,2026.01.21 21:40:00,1769031600053,34,OK,4805.83,4806.03,4805.93,20.0,0.4162,4773.66,4773.80,4773.73,14.0,0.2933,3220.0,3203.0,67.0006,66.6482,0.3523,4839.89978719,4837.06920540,4833.08582975,4834.22927764
194,XAUUSD,PERIOD_M5,26090401,2026.01.21 21:35:00,1769031300019,2026.01.21 21:35:00,SELL,10,2026.01.21 21:45:00,1769031900019,2026.01.21 21:45:00,1769031900090,71,OK,4805.83,4806.03,4805.93,20.0,0.4162,4765.99,4766.19,4766.09,20.0,0.4196,3984.0,3964.0,82.8976,82.4832,0.4144,4839.89978719,4837.06920540,4833.08582975,4834.22927764
194,XAUUSD,PERIOD_M5,26090401,2026.01.21 21:35:00,1769031300019,2026.01.21 21:35:00,SELL,15,2026.01.21 21:50:00,1769032200019,2026.01.21 21:50:00,1769032200112,93,OK,4805.83,4806.03,4805.93,20.0,0.4162,4776.37,4776.53,4776.45,16.0,0.3350,2948.0,2930.0,61.3409,60.9676,0.3733,4839.89978719,4837.06920540,4833.08582975,4834.22927764
194,XAUUSD,PERIOD_M5,26090401,2026.01.21 21:35:00,1769031300019,2026.01.21 21:35:00,SELL,30,2026.01.21 22:05:00,1769033100019,2026.01.21 22:05:00,1769033100040,21,OK,4805.83,4806.03,4805.93,20.0,0.4162,4775.54,4775.74,4775.64,20.0,0.4188,3029.0,3009.0,63.0263,62.6115,0.4148,4839.89978719,4837.06920540,4833.08582975,4834.22927764
194,XAUUSD,PERIOD_M5,26090401,2026.01.21 21:35:00,1769031300019,2026.01.21 21:35:00,SELL,60,2026.01.21 22:35:00,1769034900019,2026.01.21 22:35:00,1769034900080,61,OK,4805.83,4806.03,4805.93,20.0,0.4162,4804.12,4804.28,4804.20,16.0,0.3330,173.0,155.0,3.5997,3.2252,0.3745,4839.89978719,4837.06920540,4833.08582975,4834.22927764
195,XAUUSD,PERIOD_M5,26090401,2026.01.21 22:55:00,1769036100001,2026.01.21 22:55:00,BUY,1,2026.01.21 22:56:00,1769036160001,2026.01.21 22:56:00,1769036160053,52,OK,4824.01,4824.20,4824.10,19.0,0.3939,4823.72,4823.92,4823.82,20.0,0.4146,-28.5,-48.0,-0.5908,-0.9950,0.4042,4804.63939864,4805.23478657,4808.51151891,4806.94071507
195,XAUUSD,PERIOD_M5,26090401,2026.01.21 22:55:00,1769036100001,2026.01.21 22:55:00,BUY,3,2026.01.21 22:58:00,1769036280001,2026.01.21 22:58:00,1769036280026,25,OK,4824.01,4824.20,4824.10,19.0,0.3939,4824.69,4824.77,4824.73,8.0,0.1658,62.5,49.0,1.2956,1.0157,0.2799,4804.63939864,4805.23478657,4808.51151891,4806.94071507
195,XAUUSD,PERIOD_M5,26090401,2026.01.21 22:55:00,1769036100001,2026.01.21 22:55:00,BUY,5,2026.01.21 23:00:00,1769036400001,2026.01.21 23:00:00,1769036400043,42,OK,4824.01,4824.20,4824.10,19.0,0.3939,4826.60,4826.79,4826.69,19.0,0.3936,259.0,240.0,5.3689,4.9749,0.3940,4804.63939864,4805.23478657,4808.51151891,4806.94071507
195,XAUUSD,PERIOD_M5,26090401,2026.01.21 22:55:00,1769036100001,2026.01.21 22:55:00,BUY,10,2026.01.21 23:05:00,1769036700001,2026.01.21 23:05:00,1769036700073,72,OK,4824.01,4824.20,4824.10,19.0,0.3939,4818.79,4819.06,4818.93,27.0,0.5603,-518.0,-541.0,-10.7377,-11.2143,0.4766,4804.63939864,4805.23478657,4808.51151891,4806.94071507
195,XAUUSD,PERIOD_M5,26090401,2026.01.21 22:55:00,1769036100001,2026.01.21 22:55:00,BUY,15,2026.01.21 23:10:00,1769037000001,2026.01.21 23:10:00,1769037000054,53,OK,4824.01,4824.20,4824.10,19.0,0.3939,4818.49,4818.76,4818.63,27.0,0.5603,-548.0,-571.0,-11.3596,-11.8362,0.4765,4804.63939864,4805.23478657,4808.51151891,4806.94071507
195,XAUUSD,PERIOD_M5,26090401,2026.01.21 22:55:00,1769036100001,2026.01.21 22:55:00,BUY,30,2026.01.21 23:25:00,1769037900001,2026.01.21 23:25:00,1769037900187,186,OK,4824.01,4824.20,4824.10,19.0,0.3939,4836.40,4836.67,4836.53,27.0,0.5583,1243.0,1220.0,25.7664,25.2892,0.4773,4804.63939864,4805.23478657,4808.51151891,4806.94071507
195,XAUUSD,PERIOD_M5,26090401,2026.01.21 22:55:00,1769036100001,2026.01.21 22:55:00,BUY,60,2026.01.21 23:55:00,1769039700001,2026.01.21 23:55:00,1769039700005,4,OK,4824.01,4824.20,4824.10,19.0,0.3939,4829.36,4829.80,4829.58,44.0,0.9111,547.5,516.0,11.3493,10.6961,0.6532,4804.63939864,4805.23478657,4808.51151891,4806.94071507
196,XAUUSD,PERIOD_M5,26090401,2026.01.22 01:20:00,1769044800059,2026.01.22 01:20:00,SELL,1,2026.01.22 01:21:00,1769044860059,2026.01.22 01:21:00,1769044860494,435,OK,4803.29,4803.52,4803.41,23.0,0.4788,4804.85,4805.08,4804.97,23.0,0.4787,-156.0,-179.0,-3.2477,-3.7266,0.4789,4821.38507749,4821.05175857,4817.76606199,4819.43705324
196,XAUUSD,PERIOD_M5,26090401,2026.01.22 01:20:00,1769044800059,2026.01.22 01:20:00,SELL,3,2026.01.22 01:23:00,1769044980059,2026.01.22 01:23:00,1769044980217,158,OK,4803.29,4803.52,4803.41,23.0,0.4788,4803.69,4803.92,4803.81,23.0,0.4788,-40.0,-63.0,-0.8327,-1.3116,0.4789,4821.38507749,4821.05175857,4817.76606199,4819.43705324
196,XAUUSD,PERIOD_M5,26090401,2026.01.22 01:20:00,1769044800059,2026.01.22 01:20:00,SELL,5,2026.01.22 01:25:00,1769045100059,2026.01.22 01:25:00,1769045100236,177,OK,4803.29,4803.52,4803.41,23.0,0.4788,4795.66,4795.89,4795.77,23.0,0.4796,763.0,740.0,15.8846,15.4061,0.4785,4821.38507749,4821.05175857,4817.76606199,4819.43705324
196,XAUUSD,PERIOD_M5,26090401,2026.01.22 01:20:00,1769044800059,2026.01.22 01:20:00,SELL,10,2026.01.22 01:30:00,1769045400059,2026.01.22 01:30:00,1769045400241,182,OK,4803.29,4803.52,4803.41,23.0,0.4788,4795.01,4795.23,4795.12,22.0,0.4588,828.5,806.0,17.2482,16.7802,0.4680,4821.38507749,4821.05175857,4817.76606199,4819.43705324
196,XAUUSD,PERIOD_M5,26090401,2026.01.22 01:20:00,1769044800059,2026.01.22 01:20:00,SELL,15,2026.01.22 01:35:00,1769045700059,2026.01.22 01:35:00,1769045700112,53,OK,4803.29,4803.52,4803.41,23.0,0.4788,4793.89,4794.12,4794.01,23.0,0.4798,940.0,917.0,19.5695,19.0911,0.4784,4821.38507749,4821.05175857,4817.76606199,4819.43705324
196,XAUUSD,PERIOD_M5,26090401,2026.01.22 01:20:00,1769044800059,2026.01.22 01:20:00,SELL,30,2026.01.22 01:50:00,1769046600059,2026.01.22 01:50:00,1769046600090,31,OK,4803.29,4803.52,4803.41,23.0,0.4788,4791.12,4791.35,4791.24,23.0,0.4800,1217.0,1194.0,25.3362,24.8580,0.4782,4821.38507749,4821.05175857,4817.76606199,4819.43705324
196,XAUUSD,PERIOD_M5,26090401,2026.01.22 01:20:00,1769044800059,2026.01.22 01:20:00,SELL,60,2026.01.22 02:20:00,1769048400059,2026.01.22 02:20:00,1769048400103,44,OK,4803.29,4803.52,4803.41,23.0,0.4788,4787.83,4788.01,4787.92,18.0,0.3759,1548.5,1528.0,32.2375,31.8115,0.4260,4821.38507749,4821.05175857,4817.76606199,4819.43705324
197,XAUUSD,PERIOD_M5,26090401,2026.01.22 03:25:00,1769052300011,2026.01.22 03:25:00,BUY,1,2026.01.22 03:26:00,1769052360011,2026.01.22 03:26:00,1769052360022,11,OK,4807.79,4807.95,4807.87,16.0,0.3328,4804.73,4804.87,4804.80,14.0,0.2914,-307.0,-322.0,-6.3854,-6.6972,0.3119,4790.95532991,4792.66712106,4794.32226393,4794.04192824
197,XAUUSD,PERIOD_M5,26090401,2026.01.22 03:25:00,1769052300011,2026.01.22 03:25:00,BUY,3,2026.01.22 03:28:00,1769052480011,2026.01.22 03:28:00,1769052480049,38,OK,4807.79,4807.95,4807.87,16.0,0.3328,4800.56,4800.75,4800.66,19.0,0.3958,-721.5,-739.0,-15.0066,-15.3704,0.3637,4790.95532991,4792.66712106,4794.32226393,4794.04192824
197,XAUUSD,PERIOD_M5,26090401,2026.01.22 03:25:00,1769052300011,2026.01.22 03:25:00,BUY,5,2026.01.22 03:30:00,1769052600011,2026.01.22 03:30:00,1769052600020,9,OK,4807.79,4807.95,4807.87,16.0,0.3328,4795.87,4796.07,4795.97,20.0,0.4170,-1190.0,-1208.0,-24.7511,-25.1251,0.3740,4790.95532991,4792.66712106,4794.32226393,4794.04192824
197,XAUUSD,PERIOD_M5,26090401,2026.01.22 03:25:00,1769052300011,2026.01.22 03:25:00,BUY,10,2026.01.22 03:35:00,1769052900011,2026.01.22 03:35:00,1769052900089,78,OK,4807.79,4807.95,4807.87,16.0,0.3328,4794.48,4794.68,4794.58,20.0,0.4171,-1329.0,-1347.0,-27.6422,-28.0161,0.3739,4790.95532991,4792.66712106,4794.32226393,4794.04192824
197,XAUUSD,PERIOD_M5,26090401,2026.01.22 03:25:00,1769052300011,2026.01.22 03:25:00,BUY,15,2026.01.22 03:40:00,1769053200011,2026.01.22 03:40:00,1769053200171,160,OK,4807.79,4807.95,4807.87,16.0,0.3328,4799.55,4799.61,4799.58,6.0,0.1250,-829.0,-840.0,-17.2426,-17.4711,0.2285,4790.95532991,4792.66712106,4794.32226393,4794.04192824
197,XAUUSD,PERIOD_M5,26090401,2026.01.22 03:25:00,1769052300011,2026.01.22 03:25:00,BUY,30,2026.01.22 03:55:00,1769054100011,2026.01.22 03:55:00,1769054100036,25,OK,4807.79,4807.95,4807.87,16.0,0.3328,4804.41,4804.63,4804.52,22.0,0.4579,-335.0,-354.0,-6.9677,-7.3628,0.3951,4790.95532991,4792.66712106,4794.32226393,4794.04192824
198,XAUUSD,PERIOD_M5,26090401,2026.01.22 04:15:00,1769055300007,2026.01.22 04:15:00,SELL,1,2026.01.22 04:16:00,1769055360007,2026.01.22 04:16:00,1769055360033,26,OK,4793.51,4793.73,4793.62,22.0,0.4589,4793.78,4794.01,4793.90,23.0,0.4798,-27.5,-50.0,-0.5737,-1.0431,0.4694,4795.81178726,4795.69829588,4795.34942981,4795.49845080
198,XAUUSD,PERIOD_M5,26090401,2026.01.22 04:15:00,1769055300007,2026.01.22 04:15:00,SELL,3,2026.01.22 04:18:00,1769055480007,2026.01.22 04:18:00,1769055480083,76,OK,4793.51,4793.73,4793.62,22.0,0.4589,4792.91,4793.13,4793.02,22.0,0.4590,60.0,38.0,1.2517,0.7927,0.4589,4795.81178726,4795.69829588,4795.34942981,4795.49845080
198,XAUUSD,PERIOD_M5,26090401,2026.01.22 04:15:00,1769055300007,2026.01.22 04:15:00,SELL,5,2026.01.22 04:20:00,1769055600007,2026.01.22 04:20:00,1769055600218,211,OK,4793.51,4793.73,4793.62,22.0,0.4589,4791.36,4791.57,4791.47,21.0,0.4383,215.5,194.0,4.4956,4.0471,0.4484,4795.81178726,4795.69829588,4795.34942981,4795.49845080
198,XAUUSD,PERIOD_M5,26090401,2026.01.22 04:15:00,1769055300007,2026.01.22 04:15:00,SELL,10,2026.01.22 04:25:00,1769055900007,2026.01.22 04:25:00,1769055900051,44,OK,4793.51,4793.73,4793.62,22.0,0.4589,4788.49,4788.70,4788.59,21.0,0.4385,502.5,481.0,10.4827,10.0344,0.4483,4795.81178726,4795.69829588,4795.34942981,4795.49845080
197,XAUUSD,PERIOD_M5,26090401,2026.01.22 03:25:00,1769052300011,2026.01.22 03:25:00,BUY,60,2026.01.22 04:25:00,1769055900011,2026.01.22 04:25:00,1769055900051,40,OK,4807.79,4807.95,4807.87,16.0,0.3328,4788.49,4788.70,4788.59,21.0,0.4385,-1927.5,-1946.0,-40.0905,-40.4746,0.3841,4790.95532991,4792.66712106,4794.32226393,4794.04192824
198,XAUUSD,PERIOD_M5,26090401,2026.01.22 04:15:00,1769055300007,2026.01.22 04:15:00,SELL,15,2026.01.22 04:30:00,1769056200007,2026.01.22 04:30:00,1769056200026,19,OK,4793.51,4793.73,4793.62,22.0,0.4589,4787.58,4787.81,4787.69,23.0,0.4804,592.5,570.0,12.3602,11.8911,0.4691,4795.81178726,4795.69829588,4795.34942981,4795.49845080
198,XAUUSD,PERIOD_M5,26090401,2026.01.22 04:15:00,1769055300007,2026.01.22 04:15:00,SELL,30,2026.01.22 04:45:00,1769057100007,2026.01.22 04:45:00,1769057100121,114,OK,4793.51,4793.73,4793.62,22.0,0.4589,4781.85,4782.06,4781.95,21.0,0.4392,1166.5,1145.0,24.3344,23.8865,0.4480,4795.81178726,4795.69829588,4795.34942981,4795.49845080
198,XAUUSD,PERIOD_M5,26090401,2026.01.22 04:15:00,1769055300007,2026.01.22 04:15:00,SELL,60,2026.01.22 05:15:00,1769058900007,2026.01.22 05:15:00,1769058900061,54,OK,4793.51,4793.73,4793.62,22.0,0.4589,4789.80,4790.02,4789.91,22.0,0.4593,371.0,349.0,7.7395,7.2807,0.4588,4795.81178726,4795.69829588,4795.34942981,4795.49845080
199,XAUUSD,PERIOD_M5,26090401,2026.01.22 05:40:00,1769060400020,2026.01.22 05:40:00,BUY,1,2026.01.22 05:41:00,1769060460020,2026.01.22 05:41:00,1769060460243,223,OK,4792.97,4793.20,4793.09,23.0,0.4799,4792.42,4792.64,4792.53,22.0,0.4590,-55.5,-78.0,-1.1579,-1.6273,0.4694,4789.85886225,4789.99428594,4790.48108980,4790.26480540
199,XAUUSD,PERIOD_M5,26090401,2026.01.22 05:40:00,1769060400020,2026.01.22 05:40:00,BUY,3,2026.01.22 05:43:00,1769060580020,2026.01.22 05:43:00,1769060580043,23,OK,4792.97,4793.20,4793.09,23.0,0.4799,4791.55,4791.73,4791.64,18.0,0.3757,-144.5,-165.0,-3.0148,-3.4424,0.4276,4789.85886225,4789.99428594,4790.48108980,4790.26480540
199,XAUUSD,PERIOD_M5,26090401,2026.01.22 05:40:00,1769060400020,2026.01.22 05:40:00,BUY,5,2026.01.22 05:45:00,1769060700020,2026.01.22 05:45:00,1769060700034,14,OK,4792.97,4793.20,4793.09,23.0,0.4799,4790.40,4790.62,4790.51,22.0,0.4592,-257.5,-280.0,-5.3723,-5.8416,0.4693,4789.85886225,4789.99428594,4790.48108980,4790.26480540
199,XAUUSD,PERIOD_M5,26090401,2026.01.22 05:40:00,1769060400020,2026.01.22 05:40:00,BUY,10,2026.01.22 05:50:00,1769061000020,2026.01.22 05:50:00,1769061000074,54,OK,4792.97,4793.20,4793.09,23.0,0.4799,4794.96,4795.17,4795.07,21.0,0.4380,198.0,176.0,4.1310,3.6719,0.4591,4789.85886225,4789.99428594,4790.48108980,4790.26480540
199,XAUUSD,PERIOD_M5,26090401,2026.01.22 05:40:00,1769060400020,2026.01.22 05:40:00,BUY,15,2026.01.22 05:55:00,1769061300020,2026.01.22 05:55:00,1769061300224,204,OK,4792.97,4793.20,4793.09,23.0,0.4799,4794.65,4794.88,4794.76,23.0,0.4797,168.0,145.0,3.5050,3.0251,0.4799,4789.85886225,4789.99428594,4790.48108980,4790.26480540
199,XAUUSD,PERIOD_M5,26090401,2026.01.22 05:40:00,1769060400020,2026.01.22 05:40:00,BUY,30,2026.01.22 06:10:00,1769062200020,2026.01.22 06:10:00,1769062200313,293,OK,4792.97,4793.20,4793.09,23.0,0.4799,4799.02,4799.25,4799.14,23.0,0.4793,605.0,582.0,12.6224,12.1422,0.4801,4789.85886225,4789.99428594,4790.48108980,4790.26480540
199,XAUUSD,PERIOD_M5,26090401,2026.01.22 05:40:00,1769060400020,2026.01.22 05:40:00,BUY,60,2026.01.22 06:40:00,1769064000020,2026.01.22 06:40:00,1769064000026,6,OK,4792.97,4793.20,4793.09,23.0,0.4799,4795.72,4795.91,4795.82,19.0,0.3962,273.0,252.0,5.6957,5.2574,0.4383,4789.85886225,4789.99428594,4790.48108980,4790.26480540
200,XAUUSD,PERIOD_M5,26090401,2026.01.22 10:45:00,1769078700033,2026.01.22 10:45:00,SELL,1,2026.01.22 10:46:00,1769078760033,2026.01.22 10:46:00,1769078760099,66,OK,4826.61,4826.78,4826.69,17.0,0.3522,4828.04,4828.19,4828.11,15.0,0.3107,-142.0,-158.0,-2.9420,-3.2735,0.3315,4828.08802601,4828.02844277,4827.79242081,4827.89949343
200,XAUUSD,PERIOD_M5,26090401,2026.01.22 10:45:00,1769078700033,2026.01.22 10:45:00,SELL,3,2026.01.22 10:48:00,1769078880033,2026.01.22 10:48:00,1769078880099,66,OK,4826.61,4826.78,4826.69,17.0,0.3522,4826.67,4826.86,4826.76,19.0,0.3936,-7.0,-25.0,-0.1450,-0.5180,0.3729,4828.08802601,4828.02844277,4827.79242081,4827.89949343
200,XAUUSD,PERIOD_M5,26090401,2026.01.22 10:45:00,1769078700033,2026.01.22 10:45:00,SELL,5,2026.01.22 10:50:00,1769079000033,2026.01.22 10:50:00,1769079000132,99,OK,4826.61,4826.78,4826.69,17.0,0.3522,4827.00,4827.16,4827.08,16.0,0.3315,-38.5,-55.0,-0.7976,-1.1395,0.3419,4828.08802601,4828.02844277,4827.79242081,4827.89949343
201,XAUUSD,PERIOD_M5,26090401,2026.01.22 10:55:00,1769079300026,2026.01.22 10:55:00,BUY,1,2026.01.22 10:56:00,1769079360026,2026.01.22 10:56:00,1769079360045,19,OK,4830.04,4830.23,4830.14,19.0,0.3934,4831.11,4831.25,4831.18,14.0,0.2898,104.5,88.0,2.1635,1.8219,0.3416,4827.62793665,4827.81499402,4828.11034932,4828.01726729
201,XAUUSD,PERIOD_M5,26090401,2026.01.22 10:55:00,1769079300026,2026.01.22 10:55:00,BUY,3,2026.01.22 10:58:00,1769079480026,2026.01.22 10:58:00,1769079480051,25,OK,4830.04,4830.23,4830.14,19.0,0.3934,4830.10,4830.24,4830.17,14.0,0.2898,3.5,-13.0,0.0725,-0.2691,0.3416,4827.62793665,4827.81499402,4828.11034932,4828.01726729
200,XAUUSD,PERIOD_M5,26090401,2026.01.22 10:45:00,1769078700033,2026.01.22 10:45:00,SELL,10,2026.01.22 10:55:00,1769079300033,2026.01.22 10:55:00,1769079300133,100,OK,4826.61,4826.78,4826.69,17.0,0.3522,4830.06,4830.23,4830.15,17.0,0.3520,-345.0,-362.0,-7.1477,-7.5001,0.3523,4828.08802601,4828.02844277,4827.79242081,4827.89949343
201,XAUUSD,PERIOD_M5,26090401,2026.01.22 10:55:00,1769079300026,2026.01.22 10:55:00,BUY,5,2026.01.22 11:00:00,1769079600026,2026.01.22 11:00:00,1769079600122,96,OK,4830.04,4830.23,4830.14,19.0,0.3934,4830.71,4830.90,4830.81,19.0,0.3933,67.0,48.0,1.3871,0.9937,0.3934,4827.62793665,4827.81499402,4828.11034932,4828.01726729
200,XAUUSD,PERIOD_M5,26090401,2026.01.22 10:45:00,1769078700033,2026.01.22 10:45:00,SELL,15,2026.01.22 11:00:00,1769079600033,2026.01.22 11:00:00,1769079600122,89,OK,4826.61,4826.78,4826.69,17.0,0.3522,4830.71,4830.90,4830.81,19.0,0.3933,-411.0,-429.0,-8.5151,-8.8882,0.3731,4828.08802601,4828.02844277,4827.79242081,4827.89949343
201,XAUUSD,PERIOD_M5,26090401,2026.01.22 10:55:00,1769079300026,2026.01.22 10:55:00,BUY,10,2026.01.22 11:05:00,1769079900026,2026.01.22 11:05:00,1769079900098,72,OK,4830.04,4830.23,4830.14,19.0,0.3934,4832.81,4832.98,4832.90,17.0,0.3518,276.0,258.0,5.7141,5.3414,0.3728,4827.62793665,4827.81499402,4828.11034932,4828.01726729
201,XAUUSD,PERIOD_M5,26090401,2026.01.22 10:55:00,1769079300026,2026.01.22 10:55:00,BUY,15,2026.01.22 11:10:00,1769080200026,2026.01.22 11:10:00,1769080200037,11,OK,4830.04,4830.23,4830.14,19.0,0.3934,4832.78,4832.97,4832.88,19.0,0.3931,274.0,255.0,5.6727,5.2793,0.3935,4827.62793665,4827.81499402,4828.11034932,4828.01726729
200,XAUUSD,PERIOD_M5,26090401,2026.01.22 10:45:00,1769078700033,2026.01.22 10:45:00,SELL,30,2026.01.22 11:15:00,1769080500033,2026.01.22 11:15:00,1769080500204,171,OK,4826.61,4826.78,4826.69,17.0,0.3522,4832.87,4833.03,4832.95,16.0,0.3311,-625.5,-642.0,-12.9592,-13.3013,0.3421,4828.08802601,4828.02844277,4827.79242081,4827.89949343
201,XAUUSD,PERIOD_M5,26090401,2026.01.22 10:55:00,1769079300026,2026.01.22 10:55:00,BUY,30,2026.01.22 11:25:00,1769081100026,2026.01.22 11:25:00,1769081100160,134,OK,4830.04,4830.23,4830.14,19.0,0.3934,4829.06,4829.25,4829.16,19.0,0.3934,-98.0,-117.0,-2.0289,-2.4222,0.3933,4827.62793665,4827.81499402,4828.11034932,4828.01726729
202,XAUUSD,PERIOD_M5,26090401,2026.01.22 11:40:00,1769082000010,2026.01.22 11:40:00,SELL,1,2026.01.22 11:41:00,1769082060010,2026.01.22 11:41:00,1769082060050,40,OK,4820.67,4820.82,4820.74,15.0,0.3112,4820.51,4820.64,4820.58,13.0,0.2697,17.0,3.0,0.3526,0.0622,0.2904,4829.15003098,4829.09870140,4827.45202479,4828.33154673
202,XAUUSD,PERIOD_M5,26090401,2026.01.22 11:40:00,1769082000010,2026.01.22 11:40:00,SELL,3,2026.01.22 11:43:00,1769082180010,2026.01.22 11:43:00,1769082180043,33,OK,4820.67,4820.82,4820.74,15.0,0.3112,4816.62,4816.82,4816.72,20.0,0.4152,402.5,385.0,8.3493,7.9864,0.3629,4829.15003098,4829.09870140,4827.45202479,4828.33154673
202,XAUUSD,PERIOD_M5,26090401,2026.01.22 11:40:00,1769082000010,2026.01.22 11:40:00,SELL,5,2026.01.22 11:45:00,1769082300010,2026.01.22 11:45:00,1769082300010,0,OK,4820.67,4820.82,4820.74,15.0,0.3112,4816.26,4816.39,4816.33,13.0,0.2699,442.0,428.0,9.1687,8.8784,0.2903,4829.15003098,4829.09870140,4827.45202479,4828.33154673
200,XAUUSD,PERIOD_M5,26090401,2026.01.22 10:45:00,1769078700033,2026.01.22 10:45:00,SELL,60,2026.01.22 11:45:00,1769082300033,2026.01.22 11:45:00,1769082300117,84,OK,4826.61,4826.78,4826.69,17.0,0.3522,4816.15,4816.19,4816.17,4.0,0.0831,1052.5,1042.0,21.8058,21.5887,0.2172,4828.08802601,4828.02844277,4827.79242081,4827.89949343
202,XAUUSD,PERIOD_M5,26090401,2026.01.22 11:40:00,1769082000010,2026.01.22 11:40:00,SELL,10,2026.01.22 11:50:00,1769082600010,2026.01.22 11:50:00,1769082600088,78,OK,4820.67,4820.82,4820.74,15.0,0.3112,4819.25,4819.44,4819.34,19.0,0.3942,140.0,123.0,2.9041,2.5515,0.3526,4829.15003098,4829.09870140,4827.45202479,4828.33154673
202,XAUUSD,PERIOD_M5,26090401,2026.01.22 11:40:00,1769082000010,2026.01.22 11:40:00,SELL,15,2026.01.22 11:55:00,1769082900010,2026.01.22 11:55:00,1769082900226,216,OK,4820.67,4820.82,4820.74,15.0,0.3112,4820.97,4821.13,4821.05,16.0,0.3319,-30.5,-46.0,-0.6327,-0.9542,0.3215,4829.15003098,4829.09870140,4827.45202479,4828.33154673
201,XAUUSD,PERIOD_M5,26090401,2026.01.22 10:55:00,1769079300026,2026.01.22 10:55:00,BUY,60,2026.01.22 11:55:00,1769082900026,2026.01.22 11:55:00,1769082900226,200,OK,4830.04,4830.23,4830.14,19.0,0.3934,4820.97,4821.13,4821.05,16.0,0.3319,-908.5,-926.0,-18.8090,-19.1709,0.3619,4827.62793665,4827.81499402,4828.11034932,4828.01726729
202,XAUUSD,PERIOD_M5,26090401,2026.01.22 11:40:00,1769082000010,2026.01.22 11:40:00,SELL,30,2026.01.22 12:10:00,1769083800010,2026.01.22 12:10:00,1769083800477,467,OK,4820.67,4820.82,4820.74,15.0,0.3112,4822.14,4822.26,4822.20,12.0,0.2488,-145.5,-159.0,-3.0182,-3.2983,0.2801,4829.15003098,4829.09870140,4827.45202479,4828.33154673
202,XAUUSD,PERIOD_M5,26090401,2026.01.22 11:40:00,1769082000010,2026.01.22 11:40:00,SELL,60,2026.01.22 12:40:00,1769085600010,2026.01.22 12:40:00,1769085600031,21,OK,4820.67,4820.82,4820.74,15.0,0.3112,4828.20,4828.39,4828.30,19.0,0.3935,-755.0,-772.0,-15.6615,-16.0144,0.3529,4829.15003098,4829.09870140,4827.45202479,4828.33154673
203,XAUUSD,PERIOD_M5,26090401,2026.01.22 12:45:00,1769085900001,2026.01.22 12:45:00,BUY,1,2026.01.22 12:46:00,1769085960001,2026.01.22 12:46:00,1769085960229,228,OK,4828.18,4828.35,4828.27,17.0,0.3521,4827.83,4827.94,4827.89,11.0,0.2278,-38.0,-52.0,-0.7870,-1.0770,0.2899,4825.34650315,4825.41498161,4825.91320252,4825.66634692
203,XAUUSD,PERIOD_M5,26090401,2026.01.22 12:45:00,1769085900001,2026.01.22 12:45:00,BUY,3,2026.01.22 12:48:00,1769086080001,2026.01.22 12:48:00,1769086080008,7,OK,4828.18,4828.35,4828.27,17.0,0.3521,4828.30,4828.46,4828.38,16.0,0.3314,11.5,-5.0,0.2382,-0.1036,0.3417,4825.34650315,4825.41498161,4825.91320252,4825.66634692
203,XAUUSD,PERIOD_M5,26090401,2026.01.22 12:45:00,1769085900001,2026.01.22 12:45:00,BUY,5,2026.01.22 12:50:00,1769086200001,2026.01.22 12:50:00,1769086200015,14,OK,4828.18,4828.35,4828.27,17.0,0.3521,4829.53,4829.69,4829.61,16.0,0.3313,134.5,118.0,2.7857,2.4439,0.3418,4825.34650315,4825.41498161,4825.91320252,4825.66634692
203,XAUUSD,PERIOD_M5,26090401,2026.01.22 12:45:00,1769085900001,2026.01.22 12:45:00,BUY,10,2026.01.22 12:55:00,1769086500001,2026.01.22 12:55:00,1769086500089,88,OK,4828.18,4828.35,4828.27,17.0,0.3521,4829.75,4829.94,4829.84,19.0,0.3934,158.0,140.0,3.2724,2.8995,0.3729,4825.34650315,4825.41498161,4825.91320252,4825.66634692
203,XAUUSD,PERIOD_M5,26090401,2026.01.22 12:45:00,1769085900001,2026.01.22 12:45:00,BUY,15,2026.01.22 13:00:00,1769086800001,2026.01.22 13:00:00,1769086800067,66,OK,4828.18,4828.35,4828.27,17.0,0.3521,4829.04,4829.22,4829.13,18.0,0.3727,86.5,69.0,1.7915,1.4291,0.3625,4825.34650315,4825.41498161,4825.91320252,4825.66634692
203,XAUUSD,PERIOD_M5,26090401,2026.01.22 12:45:00,1769085900001,2026.01.22 12:45:00,BUY,30,2026.01.22 13:15:00,1769087700001,2026.01.22 13:15:00,1769087700058,57,OK,4828.18,4828.35,4828.27,17.0,0.3521,4826.34,4826.47,4826.41,13.0,0.2694,-186.0,-201.0,-3.8523,-4.1629,0.3106,4825.34650315,4825.41498161,4825.91320252,4825.66634692
203,XAUUSD,PERIOD_M5,26090401,2026.01.22 12:45:00,1769085900001,2026.01.22 12:45:00,BUY,60,2026.01.22 13:45:00,1769089500001,2026.01.22 13:45:00,1769089500082,81,OK,4828.18,4828.35,4828.27,17.0,0.3521,4830.79,4830.98,4830.89,19.0,0.3933,262.0,244.0,5.4264,5.0535,0.3729,4825.34650315,4825.41498161,4825.91320252,4825.66634692
204,XAUUSD,PERIOD_M5,26090401,2026.01.22 14:15:00,1769091300003,2026.01.22 14:15:00,SELL,1,2026.01.22 14:16:00,1769091360003,2026.01.22 14:16:00,1769091360006,3,OK,4824.83,4825.01,4824.92,18.0,0.3731,4826.17,4826.32,4826.24,15.0,0.3108,-132.5,-149.0,-2.7462,-3.0882,0.3420,4828.52069310,4828.30979074,4827.78255448,4827.99344613
204,XAUUSD,PERIOD_M5,26090401,2026.01.22 14:15:00,1769091300003,2026.01.22 14:15:00,SELL,3,2026.01.22 14:18:00,1769091480003,2026.01.22 14:18:00,1769091480073,70,OK,4824.83,4825.01,4824.92,18.0,0.3731,4825.86,4826.04,4825.95,18.0,0.3730,-103.0,-121.0,-2.1348,-2.5079,0.3731,4828.52069310,4828.30979074,4827.78255448,4827.99344613
204,XAUUSD,PERIOD_M5,26090401,2026.01.22 14:15:00,1769091300003,2026.01.22 14:15:00,SELL,5,2026.01.22 14:20:00,1769091600003,2026.01.22 14:20:00,1769091600024,21,OK,4824.83,4825.01,4824.92,18.0,0.3731,4827.26,4827.41,4827.34,15.0,0.3107,-241.5,-258.0,-5.0053,-5.3473,0.3421,4828.52069310,4828.30979074,4827.78255448,4827.99344613
205,XAUUSD,PERIOD_M5,26090401,2026.01.22 14:25:00,1769091900005,2026.01.22 14:25:00,BUY,1,2026.01.22 14:26:00,1769091960005,2026.01.22 14:26:00,1769091960062,57,OK,4830.74,4830.91,4830.82,17.0,0.3519,4830.47,4830.62,4830.55,15.0,0.3105,-28.0,-44.0,-0.5796,-0.9108,0.3312,4827.67404359,4827.92495103,4828.28723487,4828.18086457
205,XAUUSD,PERIOD_M5,26090401,2026.01.22 14:25:00,1769091900005,2026.01.22 14:25:00,BUY,3,2026.01.22 14:28:00,1769092080005,2026.01.22 14:28:00,1769092080102,97,OK,4830.74,4830.91,4830.82,17.0,0.3519,4832.10,4832.28,4832.19,18.0,0.3725,136.5,119.0,2.8256,2.4633,0.3623,4827.67404359,4827.92495103,4828.28723487,4828.18086457
204,XAUUSD,PERIOD_M5,26090401,2026.01.22 14:15:00,1769091300003,2026.01.22 14:15:00,SELL,10,2026.01.22 14:25:00,1769091900003,2026.01.22 14:25:00,1769091900005,2,OK,4824.83,4825.01,4824.92,18.0,0.3731,4830.74,4830.91,4830.82,17.0,0.3519,-590.5,-608.0,-12.2385,-12.6015,0.3629,4828.52069310,4828.30979074,4827.78255448,4827.99344613
205,XAUUSD,PERIOD_M5,26090401,2026.01.22 14:25:00,1769091900005,2026.01.22 14:25:00,BUY,5,2026.01.22 14:30:00,1769092200005,2026.01.22 14:30:00,1769092200031,26,OK,4830.74,4830.91,4830.82,17.0,0.3519,4831.63,4831.72,4831.68,9.0,0.1863,85.0,72.0,1.7595,1.4904,0.2691,4827.67404359,4827.92495103,4828.28723487,4828.18086457
204,XAUUSD,PERIOD_M5,26090401,2026.01.22 14:15:00,1769091300003,2026.01.22 14:15:00,SELL,15,2026.01.22 14:30:00,1769092200003,2026.01.22 14:30:00,1769092200031,28,OK,4824.83,4825.01,4824.92,18.0,0.3731,4831.63,4831.72,4831.68,9.0,0.1863,-675.5,-689.0,-14.0002,-14.2803,0.2801,4828.52069310,4828.30979074,4827.78255448,4827.99344613
205,XAUUSD,PERIOD_M5,26090401,2026.01.22 14:25:00,1769091900005,2026.01.22 14:25:00,BUY,10,2026.01.22 14:35:00,1769092500005,2026.01.22 14:35:00,1769092500145,140,OK,4830.74,4830.91,4830.82,17.0,0.3519,4830.77,4830.96,4830.86,19.0,0.3933,4.0,-14.0,0.0828,-0.2898,0.3726,4827.67404359,4827.92495103,4828.28723487,4828.18086457
205,XAUUSD,PERIOD_M5,26090401,2026.01.22 14:25:00,1769091900005,2026.01.22 14:25:00,BUY,15,2026.01.22 14:40:00,1769092800005,2026.01.22 14:40:00,1769092800391,386,OK,4830.74,4830.91,4830.82,17.0,0.3519,4830.64,4830.79,4830.72,15.0,0.3105,-11.0,-27.0,-0.2277,-0.5589,0.3312,4827.67404359,4827.92495103,4828.28723487,4828.18086457
204,XAUUSD,PERIOD_M5,26090401,2026.01.22 14:15:00,1769091300003,2026.01.22 14:15:00,SELL,30,2026.01.22 14:45:00,1769093100003,2026.01.22 14:45:00,1769093100024,21,OK,4824.83,4825.01,4824.92,18.0,0.3731,4829.68,4829.82,4829.75,14.0,0.2899,-483.0,-499.0,-10.0105,-10.3423,0.3318,4828.52069310,4828.30979074,4827.78255448,4827.99344613
205,XAUUSD,PERIOD_M5,26090401,2026.01.22 14:25:00,1769091900005,2026.01.22 14:25:00,BUY,30,2026.01.22 14:55:00,1769093700005,2026.01.22 14:55:00,1769093700064,59,OK,4830.74,4830.91,4830.82,17.0,0.3519,4826.03,4826.19,4826.11,16.0,0.3315,-471.5,-488.0,-9.7602,-10.1016,0.3414,4827.67404359,4827.92495103,4828.28723487,4828.18086457
206,XAUUSD,PERIOD_M5,26090401,2026.01.22 15:00:00,1769094000067,2026.01.22 15:00:00,SELL,1,2026.01.22 15:01:00,1769094060067,2026.01.22 15:01:00,1769094060114,47,OK,4819.71,4819.84,4819.77,13.0,0.2697,4817.34,4817.42,4817.38,8.0,0.1661,239.5,229.0,4.9691,4.7513,0.2178,4828.63628698,4828.60891745,4826.85102958,4827.79992495
206,XAUUSD,PERIOD_M5,26090401,2026.01.22 15:00:00,1769094000067,2026.01.22 15:00:00,SELL,3,2026.01.22 15:03:00,1769094180067,2026.01.22 15:03:00,1769094180094,27,OK,4819.71,4819.84,4819.77,13.0,0.2697,4819.20,4819.34,4819.27,14.0,0.2905,50.5,37.0,1.0478,0.7677,0.2801,4828.63628698,4828.60891745,4826.85102958,4827.79992495
206,XAUUSD,PERIOD_M5,26090401,2026.01.22 15:00:00,1769094000067,2026.01.22 15:00:00,SELL,5,2026.01.22 15:05:00,1769094300067,2026.01.22 15:05:00,1769094300071,4,OK,4819.71,4819.84,4819.77,13.0,0.2697,4822.03,4822.17,4822.10,14.0,0.2903,-232.5,-246.0,-4.8239,-5.1040,0.2802,4828.63628698,4828.60891745,4826.85102958,4827.79992495
206,XAUUSD,PERIOD_M5,26090401,2026.01.22 15:00:00,1769094000067,2026.01.22 15:00:00,SELL,10,2026.01.22 15:10:00,1769094600067,2026.01.22 15:10:00,1769094600080,13,OK,4819.71,4819.84,4819.77,13.0,0.2697,4820.95,4821.14,4821.05,19.0,0.3941,-127.0,-143.0,-2.6350,-2.9670,0.3320,4828.63628698,4828.60891745,4826.85102958,4827.79992495
206,XAUUSD,PERIOD_M5,26090401,2026.01.22 15:00:00,1769094000067,2026.01.22 15:00:00,SELL,15,2026.01.22 15:15:00,1769094900067,2026.01.22 15:15:00,1769094900084,17,OK,4819.71,4819.84,4819.77,13.0,0.2697,4826.82,4826.90,4826.86,8.0,0.1657,-708.5,-719.0,-14.6999,-14.9179,0.2181,4828.63628698,4828.60891745,4826.85102958,4827.79992495
204,XAUUSD,PERIOD_M5,26090401,2026.01.22 14:15:00,1769091300003,2026.01.22 14:15:00,SELL,60,2026.01.22 15:15:00,1769094900003,2026.01.22 15:15:00,1769094900038,35,OK,4824.83,4825.01,4824.92,18.0,0.3731,4826.71,4826.90,4826.81,19.0,0.3936,-188.5,-207.0,-3.9068,-4.2903,0.3835,4828.52069310,4828.30979074,4827.78255448,4827.99344613
207,XAUUSD,PERIOD_M5,26090401,2026.01.22 15:25:00,1769095500011,2026.01.22 15:25:00,BUY,1,2026.01.22 15:26:00,1769095560011,2026.01.22 15:26:00,1769095560043,32,OK,4834.07,4834.23,4834.15,16.0,0.3310,4832.67,4832.86,4832.76,19.0,0.3931,-138.5,-156.0,-2.8650,-3.2270,0.3620,4826.48750972,4827.12754863,4828.00400777,4827.75868057
207,XAUUSD,PERIOD_M5,26090401,2026.01.22 15:25:00,1769095500011,2026.01.22 15:25:00,BUY,3,2026.01.22 15:28:00,1769095680011,2026.01.22 15:28:00,1769095680068,57,OK,4834.07,4834.23,4834.15,16.0,0.3310,4829.28,4829.47,4829.38,19.0,0.3934,-477.5,-495.0,-9.8776,-10.2395,0.3618,4826.48750972,4827.12754863,4828.00400777,4827.75868057
205,XAUUSD,PERIOD_M5,26090401,2026.01.22 14:25:00,1769091900005,2026.01.22 14:25:00,BUY,60,2026.01.22 15:25:00,1769095500005,2026.01.22 15:25:00,1769095500011,6,OK,4830.74,4830.91,4830.82,17.0,0.3519,4834.07,4834.23,4834.15,16.0,0.3310,332.5,316.0,6.8829,6.5412,0.3417,4827.67404359,4827.92495103,4828.28723487,4828.18086457
207,XAUUSD,PERIOD_M5,26090401,2026.01.22 15:25:00,1769095500011,2026.01.22 15:25:00,BUY,5,2026.01.22 15:30:00,1769095800011,2026.01.22 15:30:00,1769095800028,17,OK,4834.07,4834.23,4834.15,16.0,0.3310,4827.49,4827.83,4827.66,34.0,0.7043,-649.0,-674.0,-13.4253,-13.9422,0.5169,4826.48750972,4827.12754863,4828.00400777,4827.75868057
206,XAUUSD,PERIOD_M5,26090401,2026.01.22 15:00:00,1769094000067,2026.01.22 15:00:00,SELL,30,2026.01.22 15:30:00,1769095800067,2026.01.22 15:30:00,1769095800175,108,OK,4819.71,4819.84,4819.77,13.0,0.2697,4827.48,4827.77,4827.63,29.0,0.6007,-785.0,-806.0,-16.2871,-16.7230,0.4359,4828.63628698,4828.60891745,4826.85102958,4827.79992495
208,XAUUSD,PERIOD_M5,26090401,2026.01.22 15:35:00,1769096100006,2026.01.22 15:35:00,SELL,1,2026.01.22 15:36:00,1769096160006,2026.01.22 15:36:00,1769096160062,56,OK,4822.54,4822.70,4822.62,16.0,0.3318,4821.98,4822.12,4822.05,14.0,0.2903,57.0,42.0,1.1819,0.8709,0.3110,4827.90720622,4827.73698234,4826.83176497,4827.26362031
208,XAUUSD,PERIOD_M5,26090401,2026.01.22 15:35:00,1769096100006,2026.01.22 15:35:00,SELL,3,2026.01.22 15:38:00,1769096280006,2026.01.22 15:38:00,1769096280034,28,OK,4822.54,4822.70,4822.62,16.0,0.3318,4822.83,4823.01,4822.92,18.0,0.3732,-30.0,-47.0,-0.6221,-0.9746,0.3525,4827.90720622,4827.73698234,4826.83176497,4827.26362031
207,XAUUSD,PERIOD_M5,26090401,2026.01.22 15:25:00,1769095500011,2026.01.22 15:25:00,BUY,10,2026.01.22 15:35:00,1769096100011,2026.01.22 15:35:00,1769096100096,85,OK,4834.07,4834.23,4834.15,16.0,0.3310,4822.54,4822.61,4822.57,7.0,0.1452,-1157.5,-1169.0,-23.9442,-24.1817,0.2375,4826.48750972,4827.12754863,4828.00400777,4827.75868057
208,XAUUSD,PERIOD_M5,26090401,2026.01.22 15:35:00,1769096100006,2026.01.22 15:35:00,SELL,5,2026.01.22 15:40:00,1769096400006,2026.01.22 15:40:00,1769096400054,48,OK,4822.54,4822.70,4822.62,16.0,0.3318,4821.83,4822.01,4821.92,18.0,0.3733,70.0,53.0,1.4515,1.0990,0.3525,4827.90720622,4827.73698234,4826.83176497,4827.26362031
207,XAUUSD,PERIOD_M5,26090401,2026.01.22 15:25:00,1769095500011,2026.01.22 15:25:00,BUY,15,2026.01.22 15:40:00,1769096400011,2026.01.22 15:40:00,1769096400054,43,OK,4834.07,4834.23,4834.15,16.0,0.3310,4821.83,4822.01,4821.92,18.0,0.3733,-1223.0,-1240.0,-25.2992,-25.6504,0.3512,4826.48750972,4827.12754863,4828.00400777,4827.75868057
208,XAUUSD,PERIOD_M5,26090401,2026.01.22 15:35:00,1769096100006,2026.01.22 15:35:00,SELL,10,2026.01.22 15:45:00,1769096700006,2026.01.22 15:45:00,1769096700011,5,OK,4822.54,4822.70,4822.62,16.0,0.3318,4813.81,4813.97,4813.89,16.0,0.3324,873.0,857.0,18.1022,17.7707,0.3315,4827.90720622,4827.73698234,4826.83176497,4827.26362031
208,XAUUSD,PERIOD_M5,26090401,2026.01.22 15:35:00,1769096100006,2026.01.22 15:35:00,SELL,15,2026.01.22 15:50:00,1769097000006,2026.01.22 15:50:00,1769097000029,23,OK,4822.54,4822.70,4822.62,16.0,0.3318,4815.41,4815.57,4815.49,16.0,0.3323,713.0,697.0,14.7845,14.4530,0.3315,4827.90720622,4827.73698234,4826.83176497,4827.26362031
207,XAUUSD,PERIOD_M5,26090401,2026.01.22 15:25:00,1769095500011,2026.01.22 15:25:00,BUY,30,2026.01.22 15:55:00,1769097300011,2026.01.22 15:55:00,1769097300011,0,OK,4834.07,4834.23,4834.15,16.0,0.3310,4818.72,4818.90,4818.81,18.0,0.3735,-1534.0,-1551.0,-31.7326,-32.0837,0.3511,4826.48750972,4827.12754863,4828.00400777,4827.75868057
206,XAUUSD,PERIOD_M5,26090401,2026.01.22 15:00:00,1769094000067,2026.01.22 15:00:00,SELL,60,2026.01.22 16:00:00,1769097600067,2026.01.22 16:00:00,1769097600089,22,OK,4819.71,4819.84,4819.77,13.0,0.2697,4822.30,4822.41,4822.35,11.0,0.2281,-258.0,-270.0,-5.3529,-5.6020,0.2490,4828.63628698,4828.60891745,4826.85102958,4827.79992495
208,XAUUSD,PERIOD_M5,26090401,2026.01.22 15:35:00,1769096100006,2026.01.22 15:35:00,SELL,30,2026.01.22 16:05:00,1769097900006,2026.01.22 16:05:00,1769097900007,1,OK,4822.54,4822.70,4822.62,16.0,0.3318,4824.09,4824.25,4824.17,16.0,0.3317,-155.0,-171.0,-3.2140,-3.5458,0.3318,4827.90720622,4827.73698234,4826.83176497,4827.26362031
207,XAUUSD,PERIOD_M5,26090401,2026.01.22 15:25:00,1769095500011,2026.01.22 15:25:00,BUY,60,2026.01.22 16:25:00,1769099100011,2026.01.22 16:25:00,1769099100028,17,OK,4834.07,4834.23,4834.15,16.0,0.3310,4826.04,4826.21,4826.13,17.0,0.3522,-802.5,-819.0,-16.6006,-16.9417,0.3410,4826.48750972,4827.12754863,4828.00400777,4827.75868057
209,XAUUSD,PERIOD_M5,26090401,2026.01.22 16:30:00,1769099400006,2026.01.22 16:30:00,BUY,1,2026.01.22 16:31:00,1769099460006,2026.01.22 16:31:00,1769099460156,150,OK,4829.41,4829.57,4829.49,16.0,0.3313,4830.14,4830.33,4830.24,19.0,0.3934,74.5,57.0,1.5426,1.1802,0.3624,4823.28120378,4823.97316915,4824.50696303,4824.46742650
209,XAUUSD,PERIOD_M5,26090401,2026.01.22 16:30:00,1769099400006,2026.01.22 16:30:00,BUY,3,2026.01.22 16:33:00,1769099580006,2026.01.22 16:33:00,1769099580021,15,OK,4829.41,4829.57,4829.49,16.0,0.3313,4841.27,4841.41,4841.34,14.0,0.2892,1185.0,1170.0,24.5368,24.2258,0.3110,4823.28120378,4823.97316915,4824.50696303,4824.46742650
209,XAUUSD,PERIOD_M5,26090401,2026.01.22 16:30:00,1769099400006,2026.01.22 16:30:00,BUY,5,2026.01.22 16:35:00,1769099700006,2026.01.22 16:35:00,1769099700031,25,OK,4829.41,4829.57,4829.49,16.0,0.3313,4842.48,4842.68,4842.58,20.0,0.4130,1309.0,1291.0,27.1043,26.7312,0.3732,4823.28120378,4823.97316915,4824.50696303,4824.46742650
208,XAUUSD,PERIOD_M5,26090401,2026.01.22 15:35:00,1769096100006,2026.01.22 15:35:00,SELL,60,2026.01.22 16:35:00,1769099700006,2026.01.22 16:35:00,1769099700031,25,OK,4822.54,4822.70,4822.62,16.0,0.3318,4842.48,4842.68,4842.58,20.0,0.4130,-1996.0,-2014.0,-41.3883,-41.7622,0.3739,4827.90720622,4827.73698234,4826.83176497,4827.26362031
209,XAUUSD,PERIOD_M5,26090401,2026.01.22 16:30:00,1769099400006,2026.01.22 16:30:00,BUY,10,2026.01.22 16:40:00,1769100000006,2026.01.22 16:40:00,1769100000021,15,OK,4829.41,4829.57,4829.49,16.0,0.3313,4844.20,4844.34,4844.27,14.0,0.2890,1478.0,1463.0,30.6036,30.2926,0.3111,4823.28120378,4823.97316915,4824.50696303,4824.46742650
209,XAUUSD,PERIOD_M5,26090401,2026.01.22 16:30:00,1769099400006,2026.01.22 16:30:00,BUY,15,2026.01.22 16:45:00,1769100300006,2026.01.22 16:45:00,1769100300051,45,OK,4829.41,4829.57,4829.49,16.0,0.3313,4845.87,4845.98,4845.92,11.0,0.2270,1643.5,1630.0,34.0305,33.7504,0.2801,4823.28120378,4823.97316915,4824.50696303,4824.46742650
209,XAUUSD,PERIOD_M5,26090401,2026.01.22 16:30:00,1769099400006,2026.01.22 16:30:00,BUY,30,2026.01.22 17:00:00,1769101200006,2026.01.22 17:00:00,1769101200019,13,OK,4829.41,4829.57,4829.49,16.0,0.3313,4835.24,4835.43,4835.34,19.0,0.3929,584.5,567.0,12.1027,11.7402,0.3626,4823.28120378,4823.97316915,4824.50696303,4824.46742650
209,XAUUSD,PERIOD_M5,26090401,2026.01.22 16:30:00,1769099400006,2026.01.22 16:30:00,BUY,60,2026.01.22 17:30:00,1769103000006,2026.01.22 17:30:00,1769103000016,10,OK,4829.41,4829.57,4829.49,16.0,0.3313,4854.02,4854.20,4854.11,18.0,0.3708,2462.0,2445.0,50.9785,50.6256,0.3528,4823.28120378,4823.97316915,4824.50696303,4824.46742650
210,XAUUSD,PERIOD_M5,26090401,2026.01.23 05:20:00,1769145600011,2026.01.23 05:20:00,SELL,1,2026.01.23 05:21:00,1769145660011,2026.01.23 05:21:00,1769145660020,9,OK,4939.38,4939.61,4939.49,23.0,0.4656,4942.49,4942.71,4942.60,22.0,0.4451,-310.5,-333.0,-6.2861,-6.7417,0.4557,4956.37598618,4954.79970503,4952.97678894,4953.39791367
210,XAUUSD,PERIOD_M5,26090401,2026.01.23 05:20:00,1769145600011,2026.01.23 05:20:00,SELL,3,2026.01.23 05:23:00,1769145780011,2026.01.23 05:23:00,1769145780040,29,OK,4939.38,4939.61,4939.49,23.0,0.4656,4944.34,4944.55,4944.44,21.0,0.4247,-495.0,-517.0,-10.0213,-10.4669,0.4456,4956.37598618,4954.79970503,4952.97678894,4953.39791367
210,XAUUSD,PERIOD_M5,26090401,2026.01.23 05:20:00,1769145600011,2026.01.23 05:20:00,SELL,5,2026.01.23 05:25:00,1769145900011,2026.01.23 05:25:00,1769145900047,36,OK,4939.38,4939.61,4939.49,23.0,0.4656,4943.35,4943.54,4943.44,19.0,0.3843,-395.0,-416.0,-7.9968,-8.4221,0.4253,4956.37598618,4954.79970503,4952.97678894,4953.39791367
210,XAUUSD,PERIOD_M5,26090401,2026.01.23 05:20:00,1769145600011,2026.01.23 05:20:00,SELL,10,2026.01.23 05:30:00,1769146200011,2026.01.23 05:30:00,1769146200029,18,OK,4939.38,4939.61,4939.49,23.0,0.4656,4943.96,4944.18,4944.07,22.0,0.4450,-457.5,-480.0,-9.2621,-9.7178,0.4557,4956.37598618,4954.79970503,4952.97678894,4953.39791367
210,XAUUSD,PERIOD_M5,26090401,2026.01.23 05:20:00,1769145600011,2026.01.23 05:20:00,SELL,15,2026.01.23 05:35:00,1769146500011,2026.01.23 05:35:00,1769146500041,30,OK,4939.38,4939.61,4939.49,23.0,0.4656,4950.62,4950.78,4950.70,16.0,0.3232,-1120.5,-1140.0,-22.6845,-23.0798,0.3953,4956.37598618,4954.79970503,4952.97678894,4953.39791367
210,XAUUSD,PERIOD_M5,26090401,2026.01.23 05:20:00,1769145600011,2026.01.23 05:20:00,SELL,30,2026.01.23 05:50:00,1769147400011,2026.01.23 05:50:00,1769147400020,9,OK,4939.38,4939.61,4939.49,23.0,0.4656,4953.67,4953.87,4953.77,20.0,0.4037,-1427.5,-1449.0,-28.8997,-29.3357,0.4360,4956.37598618,4954.79970503,4952.97678894,4953.39791367
210,XAUUSD,PERIOD_M5,26090401,2026.01.23 05:20:00,1769145600011,2026.01.23 05:20:00,SELL,60,2026.01.23 06:20:00,1769149200011,2026.01.23 06:20:00,1769149200020,9,OK,4939.38,4939.61,4939.49,23.0,0.4656,4952.25,4952.48,4952.36,23.0,0.4644,-1287.0,-1310.0,-26.0553,-26.5215,0.4663,4956.37598618,4954.79970503,4952.97678894,4953.39791367
211,XAUUSD,PERIOD_M5,26090401,2026.01.23 06:30:00,1769149800040,2026.01.23 06:30:00,BUY,1,2026.01.23 06:31:00,1769149860040,2026.01.23 06:31:00,1769149860148,108,OK,4952.90,4953.10,4953.00,20.0,0.4038,4953.02,4953.19,4953.10,17.0,0.3432,10.5,-8.0,0.2120,-0.1615,0.3735,4951.92798808,4951.93867872,4952.12239046,4952.02607156
211,XAUUSD,PERIOD_M5,26090401,2026.01.23 06:30:00,1769149800040,2026.01.23 06:30:00,BUY,3,2026.01.23 06:33:00,1769149980040,2026.01.23 06:33:01,1769149981317,1277,OK,4952.90,4953.10,4953.00,20.0,0.4038,4952.17,4952.40,4952.28,23.0,0.4644,-71.5,-93.0,-1.4436,-1.8776,0.4340,4951.92798808,4951.93867872,4952.12239046,4952.02607156
211,XAUUSD,PERIOD_M5,26090401,2026.01.23 06:30:00,1769149800040,2026.01.23 06:30:00,BUY,5,2026.01.23 06:35:00,1769150100040,2026.01.23 06:35:00,1769150100149,109,OK,4952.90,4953.10,4953.00,20.0,0.4038,4954.12,4954.16,4954.14,4.0,0.0807,114.0,102.0,2.3016,2.0593,0.2423,4951.92798808,4951.93867872,4952.12239046,4952.02607156
211,XAUUSD,PERIOD_M5,26090401,2026.01.23 06:30:00,1769149800040,2026.01.23 06:30:00,BUY,10,2026.01.23 06:40:00,1769150400040,2026.01.23 06:40:00,1769150400092,52,OK,4952.90,4953.10,4953.00,20.0,0.4038,4955.92,4956.12,4956.02,20.0,0.4035,302.0,282.0,6.0973,5.6934,0.4039,4951.92798808,4951.93867872,4952.12239046,4952.02607156
211,XAUUSD,PERIOD_M5,26090401,2026.01.23 06:30:00,1769149800040,2026.01.23 06:30:00,BUY,15,2026.01.23 06:45:00,1769150700040,2026.01.23 06:45:00,1769150700060,20,OK,4952.90,4953.10,4953.00,20.0,0.4038,4956.82,4956.97,4956.90,15.0,0.3026,389.5,372.0,7.8639,7.5104,0.3535,4951.92798808,4951.93867872,4952.12239046,4952.02607156
211,XAUUSD,PERIOD_M5,26090401,2026.01.23 06:30:00,1769149800040,2026.01.23 06:30:00,BUY,30,2026.01.23 07:00:00,1769151600040,2026.01.23 07:00:00,1769151600321,281,OK,4952.90,4953.10,4953.00,20.0,0.4038,4956.22,4956.41,4956.32,19.0,0.3833,331.5,312.0,6.6929,6.2991,0.3938,4951.92798808,4951.93867872,4952.12239046,4952.02607156
211,XAUUSD,PERIOD_M5,26090401,2026.01.23 06:30:00,1769149800040,2026.01.23 06:30:00,BUY,60,2026.01.23 07:30:00,1769153400040,2026.01.23 07:30:00,1769153400091,51,OK,4952.90,4953.10,4953.00,20.0,0.4038,4957.42,4957.62,4957.52,20.0,0.4034,452.0,432.0,9.1258,8.7218,0.4040,4951.92798808,4951.93867872,4952.12239046,4952.02607156
212,XAUUSD,PERIOD_M5,26090401,2026.01.23 08:30:00,1769157000010,2026.01.23 08:30:00,SELL,1,2026.01.23 08:31:00,1769157060010,2026.01.23 08:31:00,1769157060019,9,OK,4953.01,4953.20,4953.10,19.0,0.3836,4954.69,4954.85,4954.77,16.0,0.3229,-166.5,-184.0,-3.3615,-3.7149,0.3534,4957.49815544,4957.28890702,4956.59852435,4956.89900638
212,XAUUSD,PERIOD_M5,26090401,2026.01.23 08:30:00,1769157000010,2026.01.23 08:30:00,SELL,3,2026.01.23 08:33:00,1769157180010,2026.01.23 08:33:00,1769157180084,74,OK,4953.01,4953.20,4953.10,19.0,0.3836,4953.16,4953.32,4953.24,16.0,0.3230,-13.5,-31.0,-0.2726,-0.6259,0.3533,4957.49815544,4957.28890702,4956.59852435,4956.89900638
212,XAUUSD,PERIOD_M5,26090401,2026.01.23 08:30:00,1769157000010,2026.01.23 08:30:00,SELL,5,2026.01.23 08:35:00,1769157300010,2026.01.23 08:35:00,1769157300013,3,OK,4953.01,4953.20,4953.10,19.0,0.3836,4953.90,4954.09,4953.99,19.0,0.3835,-89.0,-108.0,-1.7969,-2.1805,0.3836,4957.49815544,4957.28890702,4956.59852435,4956.89900638
212,XAUUSD,PERIOD_M5,26090401,2026.01.23 08:30:00,1769157000010,2026.01.23 08:30:00,SELL,10,2026.01.23 08:40:00,1769157600010,2026.01.23 08:40:01,1769157601181,1171,OK,4953.01,4953.20,4953.10,19.0,0.3836,4954.49,4954.60,4954.55,11.0,0.2220,-144.0,-159.0,-2.9073,-3.2102,0.3029,4957.49815544,4957.28890702,4956.59852435,4956.89900638
212,XAUUSD,PERIOD_M5,26090401,2026.01.23 08:30:00,1769157000010,2026.01.23 08:30:00,SELL,15,2026.01.23 08:45:00,1769157900010,2026.01.23 08:45:00,1769157900030,20,OK,4953.01,4953.20,4953.10,19.0,0.3836,4953.10,4953.30,4953.20,20.0,0.4038,-9.5,-29.0,-0.1918,-0.5855,0.3937,4957.49815544,4957.28890702,4956.59852435,4956.89900638
212,XAUUSD,PERIOD_M5,26090401,2026.01.23 08:30:00,1769157000010,2026.01.23 08:30:00,SELL,30,2026.01.23 09:00:00,1769158800010,2026.01.23 09:00:00,1769158800055,45,OK,4953.01,4953.20,4953.10,19.0,0.3836,4953.69,4953.89,4953.79,20.0,0.4037,-68.5,-88.0,-1.3830,-1.7767,0.3937,4957.49815544,4957.28890702,4956.59852435,4956.89900638
212,XAUUSD,PERIOD_M5,26090401,2026.01.23 08:30:00,1769157000010,2026.01.23 08:30:00,SELL,60,2026.01.23 09:30:00,1769160600010,2026.01.23 09:30:00,1769160600051,41,OK,4953.01,4953.20,4953.10,19.0,0.3836,4956.88,4957.05,4956.97,17.0,0.3430,-386.0,-404.0,-7.7931,-8.1567,0.3636,4957.49815544,4957.28890702,4956.59852435,4956.89900638
213,XAUUSD,PERIOD_M5,26090401,2026.01.23 12:30:00,1769171400008,2026.01.23 12:30:00,BUY,1,2026.01.23 12:31:00,1769171460008,2026.01.23 12:31:00,1769171460012,4,OK,4929.42,4929.62,4929.52,20.0,0.4057,4927.94,4928.09,4928.01,15.0,0.3044,-150.5,-168.0,-3.0530,-3.4080,0.3549,4920.78978744,4921.04146774,4922.51582995,4921.80315250
213,XAUUSD,PERIOD_M5,26090401,2026.01.23 12:30:00,1769171400008,2026.01.23 12:30:00,BUY,3,2026.01.23 12:33:00,1769171580008,2026.01.23 12:33:00,1769171580107,99,OK,4929.42,4929.62,4929.52,20.0,0.4057,4927.40,4927.59,4927.49,19.0,0.3856,-202.5,-222.0,-4.1079,-4.5034,0.3955,4920.78978744,4921.04146774,4922.51582995,4921.80315250
213,XAUUSD,PERIOD_M5,26090401,2026.01.23 12:30:00,1769171400008,2026.01.23 12:30:00,BUY,5,2026.01.23 12:35:00,1769171700008,2026.01.23 12:35:00,1769171700101,93,OK,4929.42,4929.62,4929.52,20.0,0.4057,4927.01,4927.16,4927.09,15.0,0.3044,-243.5,-261.0,-4.9396,-5.2945,0.3549,4920.78978744,4921.04146774,4922.51582995,4921.80315250
213,XAUUSD,PERIOD_M5,26090401,2026.01.23 12:30:00,1769171400008,2026.01.23 12:30:00,BUY,10,2026.01.23 12:40:00,1769172000008,2026.01.23 12:40:00,1769172000181,173,OK,4929.42,4929.62,4929.52,20.0,0.4057,4928.04,4928.19,4928.11,15.0,0.3044,-140.5,-158.0,-2.8502,-3.2051,0.3549,4920.78978744,4921.04146774,4922.51582995,4921.80315250
213,XAUUSD,PERIOD_M5,26090401,2026.01.23 12:30:00,1769171400008,2026.01.23 12:30:00,BUY,15,2026.01.23 12:45:00,1769172300008,2026.01.23 12:45:00,1769172300074,66,OK,4929.42,4929.62,4929.52,20.0,0.4057,4928.12,4928.30,4928.21,18.0,0.3652,-131.0,-150.0,-2.6575,-3.0428,0.3854,4920.78978744,4921.04146774,4922.51582995,4921.80315250
213,XAUUSD,PERIOD_M5,26090401,2026.01.23 12:30:00,1769171400008,2026.01.23 12:30:00,BUY,30,2026.01.23 13:00:00,1769173200008,2026.01.23 13:00:00,1769173200012,4,OK,4929.42,4929.62,4929.52,20.0,0.4057,4929.78,4929.95,4929.86,17.0,0.3448,34.5,16.0,0.6999,0.3246,0.3753,4920.78978744,4921.04146774,4922.51582995,4921.80315250
214,XAUUSD,PERIOD_M5,26090401,2026.01.23 13:15:00,1769174100008,2026.01.23 13:15:00,SELL,1,2026.01.23 13:16:00,1769174160008,2026.01.23 13:16:00,1769174160036,28,OK,4918.50,4918.69,4918.59,19.0,0.3863,4915.59,4915.73,4915.66,14.0,0.2848,293.5,277.0,5.9672,5.6318,0.3354,4924.29306041,4923.73929225,4923.13444833,4923.26299295
214,XAUUSD,PERIOD_M5,26090401,2026.01.23 13:15:00,1769174100008,2026.01.23 13:15:00,SELL,3,2026.01.23 13:18:00,1769174280008,2026.01.23 13:18:00,1769174280227,219,OK,4918.50,4918.69,4918.59,19.0,0.3863,4912.58,4912.67,4912.63,9.0,0.1832,597.0,583.0,12.1376,11.8532,0.2844,4924.29306041,4923.73929225,4923.13444833,4923.26299295
214,XAUUSD,PERIOD_M5,26090401,2026.01.23 13:15:00,1769174100008,2026.01.23 13:15:00,SELL,5,2026.01.23 13:20:00,1769174400008,2026.01.23 13:20:00,1769174400062,54,OK,4918.50,4918.69,4918.59,19.0,0.3863,4917.11,4917.24,4917.17,13.0,0.2644,142.0,126.0,2.8870,2.5618,0.3252,4924.29306041,4923.73929225,4923.13444833,4923.26299295
214,XAUUSD,PERIOD_M5,26090401,2026.01.23 13:15:00,1769174100008,2026.01.23 13:15:00,SELL,10,2026.01.23 13:25:00,1769174700008,2026.01.23 13:25:00,1769174700252,244,OK,4918.50,4918.69,4918.59,19.0,0.3863,4919.51,4919.61,4919.56,10.0,0.2033,-96.5,-111.0,-1.9619,-2.2568,0.2948,4924.29306041,4923.73929225,4923.13444833,4923.26299295
214,XAUUSD,PERIOD_M5,26090401,2026.01.23 13:15:00,1769174100008,2026.01.23 13:15:00,SELL,15,2026.01.23 13:30:00,1769175000008,2026.01.23 13:30:00,1769175000056,48,OK,4918.50,4918.69,4918.59,19.0,0.3863,4920.94,4921.01,4920.98,7.0,0.1422,-238.0,-251.0,-4.8388,-5.1032,0.2644,4924.29306041,4923.73929225,4923.13444833,4923.26299295
213,XAUUSD,PERIOD_M5,26090401,2026.01.23 12:30:00,1769171400008,2026.01.23 12:30:00,BUY,60,2026.01.23 13:30:00,1769175000008,2026.01.23 13:30:00,1769175000056,48,OK,4929.42,4929.62,4929.52,20.0,0.4057,4920.94,4921.01,4920.98,7.0,0.1422,-854.5,-868.0,-17.3343,-17.6078,0.2735,4920.78978744,4921.04146774,4922.51582995,4921.80315250
214,XAUUSD,PERIOD_M5,26090401,2026.01.23 13:15:00,1769174100008,2026.01.23 13:15:00,SELL,30,2026.01.23 13:45:00,1769175900008,2026.01.23 13:45:00,1769175900087,79,OK,4918.50,4918.69,4918.59,19.0,0.3863,4923.43,4923.56,4923.50,13.0,0.2640,-490.0,-506.0,-9.9622,-10.2877,0.3255,4924.29306041,4923.73929225,4923.13444833,4923.26299295
215,XAUUSD,PERIOD_M5,26090401,2026.01.23 13:50:00,1769176200049,2026.01.23 13:50:00,BUY,1,2026.01.23 13:51:00,1769176260049,2026.01.23 13:51:00,1769176260050,1,OK,4925.95,4926.11,4926.03,16.0,0.3248,4925.50,4925.64,4925.57,14.0,0.2842,-46.0,-61.0,-0.9338,-1.2383,0.3045,4922.43596098,4922.60542515,4923.13876879,4922.90947741
215,XAUUSD,PERIOD_M5,26090401,2026.01.23 13:50:00,1769176200049,2026.01.23 13:50:00,BUY,3,2026.01.23 13:53:00,1769176380049,2026.01.23 13:53:01,1769176381331,1282,OK,4925.95,4926.11,4926.03,16.0,0.3248,4924.25,4924.29,4924.27,4.0,0.0812,-176.0,-186.0,-3.5729,-3.7758,0.2029,4922.43596098,4922.60542515,4923.13876879,4922.90947741
215,XAUUSD,PERIOD_M5,26090401,2026.01.23 13:50:00,1769176200049,2026.01.23 13:50:00,BUY,5,2026.01.23 13:55:00,1769176500049,2026.01.23 13:55:00,1769176500087,38,OK,4925.95,4926.11,4926.03,16.0,0.3248,4924.05,4924.18,4924.11,13.0,0.2640,-191.5,-206.0,-3.8875,-4.1818,0.2943,4922.43596098,4922.60542515,4923.13876879,4922.90947741
215,XAUUSD,PERIOD_M5,26090401,2026.01.23 13:50:00,1769176200049,2026.01.23 13:50:00,BUY,10,2026.01.23 14:00:00,1769176800049,2026.01.23 14:00:00,1769176800147,98,OK,4925.95,4926.11,4926.03,16.0,0.3248,4923.16,4923.20,4923.18,4.0,0.0812,-285.0,-295.0,-5.7856,-5.9885,0.2029,4922.43596098,4922.60542515,4923.13876879,4922.90947741
215,XAUUSD,PERIOD_M5,26090401,2026.01.23 13:50:00,1769176200049,2026.01.23 13:50:00,BUY,15,2026.01.23 14:05:00,1769177100049,2026.01.23 14:05:00,1769177100691,642,OK,4925.95,4926.11,4926.03,16.0,0.3248,4930.47,4930.66,4930.57,19.0,0.3854,453.5,436.0,9.2062,8.8508,0.3554,4922.43596098,4922.60542515,4923.13876879,4922.90947741
214,XAUUSD,PERIOD_M5,26090401,2026.01.23 13:15:00,1769174100008,2026.01.23 13:15:00,SELL,60,2026.01.23 14:15:00,1769177700008,2026.01.23 14:15:00,1769177700014,6,OK,4918.50,4918.69,4918.59,19.0,0.3863,4933.89,4934.06,4933.98,17.0,0.3445,-1538.0,-1556.0,-31.2691,-31.6357,0.3666,4924.29306041,4923.73929225,4923.13444833,4923.26299295
215,XAUUSD,PERIOD_M5,26090401,2026.01.23 13:50:00,1769176200049,2026.01.23 13:50:00,BUY,30,2026.01.23 14:20:00,1769178000049,2026.01.23 14:20:00,1769178000058,9,OK,4925.95,4926.11,4926.03,16.0,0.3248,4931.44,4931.59,4931.51,15.0,0.3042,548.5,533.0,11.1347,10.8199,0.3148,4922.43596098,4922.60542515,4923.13876879,4922.90947741
215,XAUUSD,PERIOD_M5,26090401,2026.01.23 13:50:00,1769176200049,2026.01.23 13:50:00,BUY,60,2026.01.23 14:50:00,1769179800049,2026.01.23 14:50:00,1769179800051,2,OK,4925.95,4926.11,4926.03,16.0,0.3248,4938.84,4938.96,4938.90,12.0,0.2430,1287.0,1273.0,26.1265,25.8419,0.2846,4922.43596098,4922.60542515,4923.13876879,4922.90947741
216,XAUUSD,PERIOD_M5,26090401,2026.01.23 20:40:00,1769200800079,2026.01.23 20:40:00,SELL,1,2026.01.23 20:41:00,1769200860079,2026.01.23 20:41:00,1769200860084,5,OK,4971.01,4971.21,4971.11,20.0,0.4023,4971.92,4972.06,4971.99,14.0,0.2816,-88.0,-105.0,-1.7702,-2.1122,0.3420,4978.14835030,4977.67218270,4976.72068024,4977.06652973
216,XAUUSD,PERIOD_M5,26090401,2026.01.23 20:40:00,1769200800079,2026.01.23 20:40:00,SELL,3,2026.01.23 20:43:00,1769200980079,2026.01.23 20:43:00,1769200980111,32,OK,4971.01,4971.21,4971.11,20.0,0.4023,4967.92,4968.03,4967.98,11.0,0.2214,313.5,298.0,6.3064,5.9948,0.3117,4978.14835030,4977.67218270,4976.72068024,4977.06652973
216,XAUUSD,PERIOD_M5,26090401,2026.01.23 20:40:00,1769200800079,2026.01.23 20:40:00,SELL,5,2026.01.23 20:45:00,1769201100079,2026.01.23 20:45:00,1769201100117,38,OK,4971.01,4971.21,4971.11,20.0,0.4023,4964.53,4964.68,4964.60,15.0,0.3021,650.5,633.0,13.0856,12.7338,0.3518,4978.14835030,4977.67218270,4976.72068024,4977.06652973
216,XAUUSD,PERIOD_M5,26090401,2026.01.23 20:40:00,1769200800079,2026.01.23 20:40:00,SELL,10,2026.01.23 20:50:00,1769201400079,2026.01.23 20:50:00,1769201400107,28,OK,4971.01,4971.21,4971.11,20.0,0.4023,4958.67,4958.83,4958.75,16.0,0.3227,1236.0,1218.0,24.8637,24.5021,0.3616,4978.14835030,4977.67218270,4976.72068024,4977.06652973
216,XAUUSD,PERIOD_M5,26090401,2026.01.23 20:40:00,1769200800079,2026.01.23 20:40:00,SELL,15,2026.01.23 20:55:00,1769201700079,2026.01.23 20:55:00,1769201700191,112,OK,4971.01,4971.21,4971.11,20.0,0.4023,4968.51,4968.69,4968.60,18.0,0.3623,251.0,232.0,5.0492,4.6671,0.3821,4978.14835030,4977.67218270,4976.72068024,4977.06652973
216,XAUUSD,PERIOD_M5,26090401,2026.01.23 20:40:00,1769200800079,2026.01.23 20:40:00,SELL,30,2026.01.23 21:10:00,1769202600079,2026.01.23 21:10:00,1769202600081,2,OK,4971.01,4971.21,4971.11,20.0,0.4023,4975.43,4975.57,4975.50,14.0,0.2814,-439.0,-456.0,-8.8310,-9.1732,0.3422,4978.14835030,4977.67218270,4976.72068024,4977.06652973
217,XAUUSD,PERIOD_M5,26090401,2026.01.23 21:30:00,1769203800015,2026.01.23 21:30:00,BUY,1,2026.01.23 21:31:00,1769203860015,2026.01.23 21:31:00,1769203860022,7,OK,4977.37,4977.55,4977.46,18.0,0.3616,4977.26,4977.43,4977.35,17.0,0.3415,-11.5,-29.0,-0.2310,-0.5826,0.3516,4974.02064160,4974.23997540,4974.69051328,4974.52452309
217,XAUUSD,PERIOD_M5,26090401,2026.01.23 21:30:00,1769203800015,2026.01.23 21:30:00,BUY,3,2026.01.23 21:33:00,1769203980015,2026.01.23 21:33:00,1769203980095,80,OK,4977.37,4977.55,4977.46,18.0,0.3616,4979.27,4979.43,4979.35,16.0,0.3213,189.0,172.0,3.7971,3.4555,0.3416,4974.02064160,4974.23997540,4974.69051328,4974.52452309
217,XAUUSD,PERIOD_M5,26090401,2026.01.23 21:30:00,1769203800015,2026.01.23 21:30:00,BUY,5,2026.01.23 21:35:00,1769204100015,2026.01.23 21:35:00,1769204100065,50,OK,4977.37,4977.55,4977.46,18.0,0.3616,4976.94,4977.10,4977.02,16.0,0.3215,-44.0,-61.0,-0.8840,-1.2255,0.3415,4974.02064160,4974.23997540,4974.69051328,4974.52452309
217,XAUUSD,PERIOD_M5,26090401,2026.01.23 21:30:00,1769203800015,2026.01.23 21:30:00,BUY,10,2026.01.23 21:40:00,1769204400015,2026.01.23 21:40:00,1769204400046,31,OK,4977.37,4977.55,4977.46,18.0,0.3616,4975.27,4975.45,4975.36,18.0,0.3618,-210.0,-228.0,-4.2190,-4.5806,0.3615,4974.02064160,4974.23997540,4974.69051328,4974.52452309
216,XAUUSD,PERIOD_M5,26090401,2026.01.23 20:40:00,1769200800079,2026.01.23 20:40:00,SELL,60,2026.01.23 21:40:00,1769204400079,2026.01.23 21:40:00,1769204400151,72,OK,4971.01,4971.21,4971.11,20.0,0.4023,4975.27,4975.35,4975.31,8.0,0.1608,-420.0,-434.0,-8.4488,-8.7306,0.2818,4978.14835030,4977.67218270,4976.72068024,4977.06652973
217,XAUUSD,PERIOD_M5,26090401,2026.01.23 21:30:00,1769203800015,2026.01.23 21:30:00,BUY,15,2026.01.23 21:45:00,1769204700015,2026.01.23 21:45:00,1769204700024,9,OK,4977.37,4977.55,4977.46,18.0,0.3616,4978.81,4978.96,4978.89,15.0,0.3013,142.5,126.0,2.8629,2.5314,0.3315,4974.02064160,4974.23997540,4974.69051328,4974.52452309
217,XAUUSD,PERIOD_M5,26090401,2026.01.23 21:30:00,1769203800015,2026.01.23 21:30:00,BUY,30,2026.01.23 22:00:00,1769205600015,2026.01.23 22:00:00,1769205600023,8,OK,4977.37,4977.55,4977.46,18.0,0.3616,4984.20,4984.30,4984.25,10.0,0.2006,679.0,665.0,13.6415,13.3600,0.2815,4974.02064160,4974.23997540,4974.69051328,4974.52452309
217,XAUUSD,PERIOD_M5,26090401,2026.01.23 21:30:00,1769203800015,2026.01.23 21:30:00,BUY,60,2026.01.23 22:30:00,1769207400015,2026.01.23 22:30:00,1769207400086,71,OK,4977.37,4977.55,4977.46,18.0,0.3616,4980.92,4981.07,4980.99,15.0,0.3011,353.5,337.0,7.1020,6.7704,0.3316,4974.02064160,4974.23997540,4974.69051328,4974.52452309
218,XAUUSD,PERIOD_M5,26090401,2026.01.26 06:05:00,1769407500005,2026.01.26 06:05:00,SELL,1,2026.01.26 06:06:00,1769407560005,2026.01.26 06:06:00,1769407560087,82,OK,5073.66,5073.87,5073.76,21.0,0.4139,5074.40,5074.63,5074.51,23.0,0.4532,-75.0,-97.0,-1.4782,-1.9118,0.4336,5077.81375829,5077.62075692,5076.97900663,5077.25886993
218,XAUUSD,PERIOD_M5,26090401,2026.01.26 06:05:00,1769407500005,2026.01.26 06:05:00,SELL,3,2026.01.26 06:08:00,1769407680005,2026.01.26 06:08:00,1769407680263,258,OK,5073.66,5073.87,5073.76,21.0,0.4139,5074.93,5075.15,5075.04,22.0,0.4335,-127.5,-149.0,-2.5129,-2.9367,0.4238,5077.81375829,5077.62075692,5076.97900663,5077.25886993
218,XAUUSD,PERIOD_M5,26090401,2026.01.26 06:05:00,1769407500005,2026.01.26 06:05:00,SELL,5,2026.01.26 06:10:00,1769407800005,2026.01.26 06:10:00,1769407800197,192,OK,5073.66,5073.87,5073.76,21.0,0.4139,5076.04,5076.24,5076.14,20.0,0.3940,-237.5,-258.0,-4.6809,-5.0851,0.4041,5077.81375829,5077.62075692,5076.97900663,5077.25886993
218,XAUUSD,PERIOD_M5,26090401,2026.01.26 06:05:00,1769407500005,2026.01.26 06:05:00,SELL,10,2026.01.26 06:15:00,1769408100005,2026.01.26 06:15:00,1769408100023,18,OK,5073.66,5073.87,5073.76,21.0,0.4139,5075.89,5076.11,5076.00,22.0,0.4334,-223.5,-245.0,-4.4050,-4.8289,0.4238,5077.81375829,5077.62075692,5076.97900663,5077.25886993
218,XAUUSD,PERIOD_M5,26090401,2026.01.26 06:05:00,1769407500005,2026.01.26 06:05:00,SELL,15,2026.01.26 06:20:00,1769408400005,2026.01.26 06:20:00,1769408400088,83,OK,5073.66,5073.87,5073.76,21.0,0.4139,5076.08,5076.30,5076.19,22.0,0.4334,-242.5,-264.0,-4.7795,-5.2033,0.4239,5077.81375829,5077.62075692,5076.97900663,5077.25886993
218,XAUUSD,PERIOD_M5,26090401,2026.01.26 06:05:00,1769407500005,2026.01.26 06:05:00,SELL,30,2026.01.26 06:35:00,1769409300005,2026.01.26 06:35:00,1769409300012,7,OK,5073.66,5073.87,5073.76,21.0,0.4139,5070.19,5070.41,5070.30,22.0,0.4339,346.5,325.0,6.8292,6.4056,0.4236,5077.81375829,5077.62075692,5076.97900663,5077.25886993
218,XAUUSD,PERIOD_M5,26090401,2026.01.26 06:05:00,1769407500005,2026.01.26 06:05:00,SELL,60,2026.01.26 07:05:00,1769411100005,2026.01.26 07:05:00,1769411100039,34,OK,5073.66,5073.87,5073.76,21.0,0.4139,5068.29,5068.45,5068.37,16.0,0.3157,539.5,521.0,10.6331,10.2687,0.3644,5077.81375829,5077.62075692,5076.97900663,5077.25886993
219,XAUUSD,PERIOD_M5,26090401,2026.01.26 08:05:00,1769414700000,2026.01.26 08:05:00,BUY,1,2026.01.26 08:06:00,1769414760000,2026.01.26 08:06:00,1769414760041,41,OK,5079.24,5079.42,5079.33,18.0,0.3544,5075.47,5075.64,5075.56,17.0,0.3349,-377.5,-395.0,-7.4321,-7.7765,0.3444,5068.01866849,5068.13749288,5070.25493479,5069.14317534
219,XAUUSD,PERIOD_M5,26090401,2026.01.26 08:05:00,1769414700000,2026.01.26 08:05:00,BUY,3,2026.01.26 08:08:00,1769414880000,2026.01.26 08:08:00,1769414880019,19,OK,5079.24,5079.42,5079.33,18.0,0.3544,5078.36,5078.56,5078.46,20.0,0.3938,-87.0,-106.0,-1.7128,-2.0869,0.3740,5068.01866849,5068.13749288,5070.25493479,5069.14317534
219,XAUUSD,PERIOD_M5,26090401,2026.01.26 08:05:00,1769414700000,2026.01.26 08:05:00,BUY,5,2026.01.26 08:10:00,1769415000000,2026.01.26 08:10:00,1769415000020,20,OK,5079.24,5079.42,5079.33,18.0,0.3544,5071.68,5071.79,5071.74,11.0,0.2169,-759.5,-774.0,-14.9528,-15.2380,0.2852,5068.01866849,5068.13749288,5070.25493479,5069.14317534
219,XAUUSD,PERIOD_M5,26090401,2026.01.26 08:05:00,1769414700000,2026.01.26 08:05:00,BUY,10,2026.01.26 08:15:00,1769415300000,2026.01.26 08:15:00,1769415300008,8,OK,5079.24,5079.42,5079.33,18.0,0.3544,5069.43,5069.62,5069.52,19.0,0.3748,-980.5,-999.0,-19.3037,-19.6676,0.3639,5068.01866849,5068.13749288,5070.25493479,5069.14317534
219,XAUUSD,PERIOD_M5,26090401,2026.01.26 08:05:00,1769414700000,2026.01.26 08:05:00,BUY,15,2026.01.26 08:20:00,1769415600000,2026.01.26 08:20:00,1769415600034,34,OK,5079.24,5079.42,5079.33,18.0,0.3544,5071.12,5071.29,5071.20,17.0,0.3352,-812.5,-830.0,-15.9962,-16.3404,0.3442,5068.01866849,5068.13749288,5070.25493479,5069.14317534
219,XAUUSD,PERIOD_M5,26090401,2026.01.26 08:05:00,1769414700000,2026.01.26 08:05:00,BUY,30,2026.01.26 08:35:00,1769416500000,2026.01.26 08:35:00,1769416500040,40,OK,5079.24,5079.42,5079.33,18.0,0.3544,5079.58,5079.71,5079.65,13.0,0.2559,31.5,16.0,0.6202,0.3150,0.3052,5068.01866849,5068.13749288,5070.25493479,5069.14317534
219,XAUUSD,PERIOD_M5,26090401,2026.01.26 08:05:00,1769414700000,2026.01.26 08:05:00,BUY,60,2026.01.26 09:05:00,1769418300000,2026.01.26 09:05:00,1769418300001,1,OK,5079.24,5079.42,5079.33,18.0,0.3544,5081.30,5081.46,5081.38,16.0,0.3149,205.0,188.0,4.0360,3.7012,0.3348,5068.01866849,5068.13749288,5070.25493479,5069.14317534
220,XAUUSD,PERIOD_M5,26090401,2026.01.26 11:00:00,1769425200037,2026.01.26 11:00:00,SELL,1,2026.01.26 11:01:00,1769425260037,2026.01.26 11:01:00,1769425260037,0,OK,5083.39,5083.58,5083.49,19.0,0.3738,5088.65,5088.73,5088.69,8.0,0.1572,-520.5,-534.0,-10.2390,-10.5048,0.2658,5091.45973254,5090.82810948,5089.84978604,5090.15373589
220,XAUUSD,PERIOD_M5,26090401,2026.01.26 11:00:00,1769425200037,2026.01.26 11:00:00,SELL,3,2026.01.26 11:03:00,1769425380037,2026.01.26 11:03:00,1769425380045,8,OK,5083.39,5083.58,5083.49,19.0,0.3738,5087.12,5087.30,5087.21,18.0,0.3538,-372.5,-391.0,-7.3277,-7.6917,0.3641,5091.45973254,5090.82810948,5089.84978604,5090.15373589
220,XAUUSD,PERIOD_M5,26090401,2026.01.26 11:00:00,1769425200037,2026.01.26 11:00:00,SELL,5,2026.01.26 11:05:00,1769425500037,2026.01.26 11:05:00,1769425500056,19,OK,5083.39,5083.58,5083.49,19.0,0.3738,5088.77,5088.93,5088.85,16.0,0.3144,-536.5,-554.0,-10.5538,-10.8982,0.3445,5091.45973254,5090.82810948,5089.84978604,5090.15373589
220,XAUUSD,PERIOD_M5,26090401,2026.01.26 11:00:00,1769425200037,2026.01.26 11:00:00,SELL,10,2026.01.26 11:10:00,1769425800037,2026.01.26 11:10:00,1769425800054,17,OK,5083.39,5083.58,5083.49,19.0,0.3738,5089.17,5089.33,5089.25,16.0,0.3144,-576.5,-594.0,-11.3406,-11.6851,0.3445,5091.45973254,5090.82810948,5089.84978604,5090.15373589
220,XAUUSD,PERIOD_M5,26090401,2026.01.26 11:00:00,1769425200037,2026.01.26 11:00:00,SELL,15,2026.01.26 11:15:00,1769426100037,2026.01.26 11:15:00,1769426100052,15,OK,5083.39,5083.58,5083.49,19.0,0.3738,5091.21,5091.38,5091.30,17.0,0.3339,-781.0,-799.0,-15.3635,-15.7179,0.3544,5091.45973254,5090.82810948,5089.84978604,5090.15373589
221,XAUUSD,PERIOD_M5,26090401,2026.01.26 11:20:00,1769426400040,2026.01.26 11:20:00,BUY,1,2026.01.26 11:21:00,1769426460040,2026.01.26 11:21:00,1769426460083,43,OK,5093.57,5093.70,5093.64,13.0,0.2552,5091.99,5092.16,5092.07,17.0,0.3339,-156.0,-171.0,-3.0626,-3.3571,0.2944,5089.87101045,5090.06224335,5090.60480836,5090.37840304
221,XAUUSD,PERIOD_M5,26090401,2026.01.26 11:20:00,1769426400040,2026.01.26 11:20:00,BUY,3,2026.01.26 11:23:00,1769426580040,2026.01.26 11:23:00,1769426580277,237,OK,5093.57,5093.70,5093.64,13.0,0.2552,5091.11,5091.15,5091.13,4.0,0.0786,-250.5,-259.0,-4.9179,-5.0847,0.1668,5089.87101045,5090.06224335,5090.60480836,5090.37840304
221,XAUUSD,PERIOD_M5,26090401,2026.01.26 11:20:00,1769426400040,2026.01.26 11:20:00,BUY,5,2026.01.26 11:25:00,1769426700040,2026.01.26 11:25:00,1769426700225,185,OK,5093.57,5093.70,5093.64,13.0,0.2552,5090.29,5090.43,5090.36,14.0,0.2750,-327.5,-341.0,-6.4296,-6.6945,0.2650,5089.87101045,5090.06224335,5090.60480836,5090.37840304
221,XAUUSD,PERIOD_M5,26090401,2026.01.26 11:20:00,1769426400040,2026.01.26 11:20:00,BUY,10,2026.01.26 11:30:00,1769427000040,2026.01.26 11:30:00,1769427000158,118,OK,5093.57,5093.70,5093.64,13.0,0.2552,5096.70,5096.83,5096.76,13.0,0.2551,313.0,300.0,6.1449,5.8896,0.2553,5089.87101045,5090.06224335,5090.60480836,5090.37840304
220,XAUUSD,PERIOD_M5,26090401,2026.01.26 11:00:00,1769425200037,2026.01.26 11:00:00,SELL,30,2026.01.26 11:30:00,1769427000037,2026.01.26 11:30:00,1769427000158,121,OK,5083.39,5083.58,5083.49,19.0,0.3738,5096.70,5096.83,5096.76,13.0,0.2551,-1328.0,-1344.0,-26.1238,-26.4390,0.3152,5091.45973254,5090.82810948,5089.84978604,5090.15373589
221,XAUUSD,PERIOD_M5,26090401,2026.01.26 11:20:00,1769426400040,2026.01.26 11:20:00,BUY,15,2026.01.26 11:35:00,1769427300040,2026.01.26 11:35:00,1769427300089,49,OK,5093.57,5093.70,5093.64,13.0,0.2552,5098.04,5098.23,5098.14,19.0,0.3727,450.0,434.0,8.8346,8.5203,0.3142,5089.87101045,5090.06224335,5090.60480836,5090.37840304
222,XAUUSD,PERIOD_M5,26090401,2026.01.26 11:50:00,1769428200072,2026.01.26 11:50:00,SELL,1,2026.01.26 11:51:00,1769428260072,2026.01.26 11:51:00,1769428260105,33,OK,5083.81,5083.95,5083.88,14.0,0.2754,5081.90,5082.03,5081.97,13.0,0.2558,191.5,178.0,3.7668,3.5013,0.2655,5092.77971640,5091.73209166,5090.98577312,5091.01190151
222,XAUUSD,PERIOD_M5,26090401,2026.01.26 11:50:00,1769428200072,2026.01.26 11:50:00,SELL,3,2026.01.26 11:53:00,1769428380072,2026.01.26 11:53:00,1769428380118,46,OK,5083.81,5083.95,5083.88,14.0,0.2754,5083.11,5083.26,5083.18,15.0,0.2951,69.5,55.0,1.3671,1.0819,0.2852,5092.77971640,5091.73209166,5090.98577312,5091.01190151
221,XAUUSD,PERIOD_M5,26090401,2026.01.26 11:20:00,1769426400040,2026.01.26 11:20:00,BUY,30,2026.01.26 11:50:00,1769428200040,2026.01.26 11:50:00,1769428200072,32,OK,5093.57,5093.70,5093.64,13.0,0.2552,5083.81,5083.95,5083.88,14.0,0.2754,-975.5,-989.0,-19.1514,-19.4161,0.2648,5089.87101045,5090.06224335,5090.60480836,5090.37840304
222,XAUUSD,PERIOD_M5,26090401,2026.01.26 11:50:00,1769428200072,2026.01.26 11:50:00,SELL,5,2026.01.26 11:55:00,1769428500072,2026.01.26 11:55:00,1769428500176,104,OK,5083.81,5083.95,5083.88,14.0,0.2754,5079.36,5079.47,5079.41,11.0,0.2166,446.5,434.0,8.7827,8.5369,0.2458,5092.77971640,5091.73209166,5090.98577312,5091.01190151
222,XAUUSD,PERIOD_M5,26090401,2026.01.26 11:50:00,1769428200072,2026.01.26 11:50:00,SELL,10,2026.01.26 12:00:00,1769428800072,2026.01.26 12:00:00,1769428800078,6,OK,5083.81,5083.95,5083.88,14.0,0.2754,5084.29,5084.33,5084.31,4.0,0.0787,-43.0,-52.0,-0.8458,-1.0229,0.1770,5092.77971640,5091.73209166,5090.98577312,5091.01190151
220,XAUUSD,PERIOD_M5,26090401,2026.01.26 11:00:00,1769425200037,2026.01.26 11:00:00,SELL,60,2026.01.26 12:00:00,1769428800037,2026.01.26 12:00:00,1769428800051,14,OK,5083.39,5083.58,5083.49,19.0,0.3738,5084.10,5084.28,5084.19,18.0,0.3540,-70.5,-89.0,-1.3868,-1.7508,0.3640,5091.45973254,5090.82810948,5089.84978604,5090.15373589
222,XAUUSD,PERIOD_M5,26090401,2026.01.26 11:50:00,1769428200072,2026.01.26 11:50:00,SELL,15,2026.01.26 12:05:00,1769429100072,2026.01.26 12:05:00,1769429100428,356,OK,5083.81,5083.95,5083.88,14.0,0.2754,5081.44,5081.48,5081.46,4.0,0.0787,242.0,233.0,4.7601,4.5832,0.1770,5092.77971640,5091.73209166,5090.98577312,5091.01190151
222,XAUUSD,PERIOD_M5,26090401,2026.01.26 11:50:00,1769428200072,2026.01.26 11:50:00,SELL,30,2026.01.26 12:20:00,1769430000072,2026.01.26 12:20:00,1769430000108,36,OK,5083.81,5083.95,5083.88,14.0,0.2754,5089.60,5089.75,5089.68,15.0,0.2947,-579.5,-594.0,-11.3988,-11.6842,0.2854,5092.77971640,5091.73209166,5090.98577312,5091.01190151
221,XAUUSD,PERIOD_M5,26090401,2026.01.26 11:20:00,1769426400040,2026.01.26 11:20:00,BUY,60,2026.01.26 12:20:00,1769430000040,2026.01.26 12:20:00,1769430000067,27,OK,5093.57,5093.70,5093.64,13.0,0.2552,5089.60,5089.78,5089.69,18.0,0.3537,-394.5,-410.0,-7.7450,-8.0492,0.3042,5089.87101045,5090.06224335,5090.60480836,5090.37840304
223,XAUUSD,PERIOD_M5,26090401,2026.01.26 12:40:00,1769431200045,2026.01.26 12:40:00,BUY,1,2026.01.26 12:41:00,1769431260045,2026.01.26 12:41:00,1769431260422,377,OK,5094.75,5094.94,5094.84,19.0,0.3729,5094.65,5094.81,5094.73,16.0,0.3141,-11.5,-29.0,-0.2257,-0.5692,0.3435,5088.54646969,5088.75371497,5089.78717575,5089.29883179
223,XAUUSD,PERIOD_M5,26090401,2026.01.26 12:40:00,1769431200045,2026.01.26 12:40:00,BUY,3,2026.01.26 12:43:00,1769431380045,2026.01.26 12:43:00,1769431380800,755,OK,5094.75,5094.94,5094.84,19.0,0.3729,5093.48,5093.63,5093.56,15.0,0.2945,-129.0,-146.0,-2.5320,-2.8656,0.3336,5088.54646969,5088.75371497,5089.78717575,5089.29883179
223,XAUUSD,PERIOD_M5,26090401,2026.01.26 12:40:00,1769431200045,2026.01.26 12:40:00,BUY,5,2026.01.26 12:45:00,1769431500045,2026.01.26 12:45:00,1769431500053,8,OK,5094.75,5094.94,5094.84,19.0,0.3729,5092.92,5093.11,5093.01,19.0,0.3731,-183.0,-202.0,-3.5919,-3.9647,0.3729,5088.54646969,5088.75371497,5089.78717575,5089.29883179
223,XAUUSD,PERIOD_M5,26090401,2026.01.26 12:40:00,1769431200045,2026.01.26 12:40:00,BUY,10,2026.01.26 12:50:00,1769431800045,2026.01.26 12:50:00,1769431800117,72,OK,5094.75,5094.94,5094.84,19.0,0.3729,5092.38,5092.54,5092.46,16.0,0.3142,-238.5,-256.0,-4.6812,-5.0246,0.3434,5088.54646969,5088.75371497,5089.78717575,5089.29883179
222,XAUUSD,PERIOD_M5,26090401,2026.01.26 11:50:00,1769428200072,2026.01.26 11:50:00,SELL,60,2026.01.26 12:50:00,1769431800072,2026.01.26 12:50:00,1769431800117,45,OK,5083.81,5083.95,5083.88,14.0,0.2754,5092.38,5092.54,5092.46,16.0,0.3142,-858.0,-873.0,-16.8769,-17.1722,0.2953,5092.77971640,5091.73209166,5090.98577312,5091.01190151
223,XAUUSD,PERIOD_M5,26090401,2026.01.26 12:40:00,1769431200045,2026.01.26 12:40:00,BUY,15,2026.01.26 12:55:00,1769432100045,2026.01.26 12:55:00,1769432100057,12,OK,5094.75,5094.94,5094.84,19.0,0.3729,5092.79,5092.96,5092.88,17.0,0.3338,-197.0,-215.0,-3.8667,-4.2199,0.3532,5088.54646969,5088.75371497,5089.78717575,5089.29883179
223,XAUUSD,PERIOD_M5,26090401,2026.01.26 12:40:00,1769431200045,2026.01.26 12:40:00,BUY,30,2026.01.26 13:10:00,1769433000045,2026.01.26 13:10:00,1769433000267,222,OK,5094.75,5094.94,5094.84,19.0,0.3729,5091.33,5091.47,5091.40,14.0,0.2750,-344.5,-361.0,-6.7617,-7.0855,0.3237,5088.54646969,5088.75371497,5089.78717575,5089.29883179
224,XAUUSD,PERIOD_M5,26090401,2026.01.26 13:20:00,1769433600012,2026.01.26 13:20:00,SELL,1,2026.01.26 13:21:00,1769433660012,2026.01.26 13:21:00,1769433660012,0,OK,5081.41,5081.56,5081.49,15.0,0.2952,5079.25,5079.43,5079.34,18.0,0.3544,214.5,198.0,4.2212,3.8966,0.3247,5090.75841610,5090.30264974,5088.88873288,5089.49422703
224,XAUUSD,PERIOD_M5,26090401,2026.01.26 13:20:00,1769433600012,2026.01.26 13:20:00,SELL,3,2026.01.26 13:23:00,1769433780012,2026.01.26 13:23:00,1769433780028,16,OK,5081.41,5081.56,5081.49,15.0,0.2952,5082.99,5083.18,5083.09,19.0,0.3738,-160.0,-177.0,-3.1487,-3.4833,0.3346,5090.75841610,5090.30264974,5088.88873288,5089.49422703
224,XAUUSD,PERIOD_M5,26090401,2026.01.26 13:20:00,1769433600012,2026.01.26 13:20:00,SELL,5,2026.01.26 13:25:00,1769433900012,2026.01.26 13:25:00,1769433900033,21,OK,5081.41,5081.56,5081.49,15.0,0.2952,5084.52,5084.66,5084.59,14.0,0.2753,-310.5,-325.0,-6.1104,-6.3959,0.2854,5090.75841610,5090.30264974,5088.88873288,5089.49422703
224,XAUUSD,PERIOD_M5,26090401,2026.01.26 13:20:00,1769433600012,2026.01.26 13:20:00,SELL,10,2026.01.26 13:30:00,1769434200012,2026.01.26 13:30:00,1769434200014,2,OK,5081.41,5081.56,5081.49,15.0,0.2952,5087.26,5087.43,5087.35,17.0,0.3342,-586.0,-602.0,-11.5321,-11.8471,0.3150,5090.75841610,5090.30264974,5088.88873288,5089.49422703
224,XAUUSD,PERIOD_M5,26090401,2026.01.26 13:20:00,1769433600012,2026.01.26 13:20:00,SELL,15,2026.01.26 13:35:00,1769434500012,2026.01.26 13:35:00,1769434500047,35,OK,5081.41,5081.56,5081.49,15.0,0.2952,5084.98,5085.13,5085.06,15.0,0.2950,-357.0,-372.0,-7.0255,-7.3208,0.2953,5090.75841610,5090.30264974,5088.88873288,5089.49422703
223,XAUUSD,PERIOD_M5,26090401,2026.01.26 12:40:00,1769431200045,2026.01.26 12:40:00,BUY,60,2026.01.26 13:40:00,1769434800045,2026.01.26 13:40:00,1769434800059,14,OK,5094.75,5094.94,5094.84,19.0,0.3729,5091.98,5092.12,5092.05,14.0,0.2749,-279.5,-296.0,-5.4859,-5.8097,0.3237,5088.54646969,5088.75371497,5089.78717575,5089.29883179
224,XAUUSD,PERIOD_M5,26090401,2026.01.26 13:20:00,1769433600012,2026.01.26 13:20:00,SELL,30,2026.01.26 13:50:00,1769435400012,2026.01.26 13:50:00,1769435400015,3,OK,5081.41,5081.56,5081.49,15.0,0.2952,5090.70,5090.83,5090.76,13.0,0.2554,-928.0,-942.0,-18.2624,-18.5382,0.2758,5090.75841610,5090.30264974,5088.88873288,5089.49422703
225,XAUUSD,PERIOD_M5,26090401,2026.01.26 13:55:00,1769435700359,2026.01.26 13:55:00,BUY,1,2026.01.26 13:56:00,1769435760359,2026.01.26 13:56:00,1769435760572,213,OK,5091.53,5091.63,5091.58,10.0,0.1964,5092.07,5092.23,5092.15,16.0,0.3142,57.0,44.0,1.1195,0.8642,0.2553,5089.00768191,5089.10621702,5089.51214553,5089.32656093
225,XAUUSD,PERIOD_M5,26090401,2026.01.26 13:55:00,1769435700359,2026.01.26 13:55:00,BUY,3,2026.01.26 13:58:00,1769435880359,2026.01.26 13:58:00,1769435880627,268,OK,5091.53,5091.63,5091.58,10.0,0.1964,5090.20,5090.26,5090.23,6.0,0.1179,-135.0,-143.0,-2.6514,-2.8085,0.1571,5089.00768191,5089.10621702,5089.51214553,5089.32656093
225,XAUUSD,PERIOD_M5,26090401,2026.01.26 13:55:00,1769435700359,2026.01.26 13:55:00,BUY,5,2026.01.26 14:00:00,1769436000359,2026.01.26 14:00:00,1769436000402,43,OK,5091.53,5091.63,5091.58,10.0,0.1964,5091.10,5091.23,5091.16,13.0,0.2553,-41.5,-53.0,-0.8151,-1.0409,0.2259,5089.00768191,5089.10621702,5089.51214553,5089.32656093
225,XAUUSD,PERIOD_M5,26090401,2026.01.26 13:55:00,1769435700359,2026.01.26 13:55:00,BUY,10,2026.01.26 14:05:00,1769436300359,2026.01.26 14:05:00,1769436300580,221,OK,5091.53,5091.63,5091.58,10.0,0.1964,5093.59,5093.72,5093.66,13.0,0.2552,207.5,196.0,4.0754,3.8495,0.2259,5089.00768191,5089.10621702,5089.51214553,5089.32656093
225,XAUUSD,PERIOD_M5,26090401,2026.01.26 13:55:00,1769435700359,2026.01.26 13:55:00,BUY,15,2026.01.26 14:10:00,1769436600359,2026.01.26 14:10:00,1769436600436,77,OK,5091.53,5091.63,5091.58,10.0,0.1964,5092.72,5092.84,5092.78,12.0,0.2356,120.0,109.0,2.3568,2.1408,0.2161,5089.00768191,5089.10621702,5089.51214553,5089.32656093
224,XAUUSD,PERIOD_M5,26090401,2026.01.26 13:20:00,1769433600012,2026.01.26 13:20:00,SELL,60,2026.01.26 14:20:00,1769437200012,2026.01.26 14:20:00,1769437200024,12,OK,5081.41,5081.56,5081.49,15.0,0.2952,5089.04,5089.20,5089.12,16.0,0.3144,-763.5,-779.0,-15.0251,-15.3304,0.3053,5090.75841610,5090.30264974,5088.88873288,5089.49422703
225,XAUUSD,PERIOD_M5,26090401,2026.01.26 13:55:00,1769435700359,2026.01.26 13:55:00,BUY,30,2026.01.26 14:25:00,1769437500359,2026.01.26 14:25:00,1769437500381,22,OK,5091.53,5091.63,5091.58,10.0,0.1964,5096.48,5096.61,5096.55,13.0,0.2551,496.5,485.0,9.7514,9.5254,0.2260,5089.00768191,5089.10621702,5089.51214553,5089.32656093
226,XAUUSD,PERIOD_M5,26090401,2026.01.26 14:40:00,1769438400038,2026.01.26 14:40:00,SELL,1,2026.01.26 14:41:00,1769438460038,2026.01.26 14:41:00,1769438460051,13,OK,5085.42,5085.59,5085.51,17.0,0.3343,5086.14,5086.24,5086.19,10.0,0.1966,-68.5,-82.0,-1.3470,-1.6125,0.2655,5090.50206853,5090.26575290,5089.48565482,5089.82522991
226,XAUUSD,PERIOD_M5,26090401,2026.01.26 14:40:00,1769438400038,2026.01.26 14:40:00,SELL,3,2026.01.26 14:43:00,1769438580038,2026.01.26 14:43:00,1769438580049,11,OK,5085.42,5085.59,5085.51,17.0,0.3343,5080.58,5080.65,5080.61,7.0,0.1378,489.0,477.0,9.6156,9.3798,0.2358,5090.50206853,5090.26575290,5089.48565482,5089.82522991
226,XAUUSD,PERIOD_M5,26090401,2026.01.26 14:40:00,1769438400038,2026.01.26 14:40:00,SELL,5,2026.01.26 14:45:00,1769438700038,2026.01.26 14:45:00,1769438700120,82,OK,5085.42,5085.59,5085.51,17.0,0.3343,5083.56,5083.70,5083.63,14.0,0.2754,187.5,172.0,3.6869,3.3822,0.3047,5090.50206853,5090.26575290,5089.48565482,5089.82522991
226,XAUUSD,PERIOD_M5,26090401,2026.01.26 14:40:00,1769438400038,2026.01.26 14:40:00,SELL,10,2026.01.26 14:50:00,1769439000038,2026.01.26 14:50:00,1769439000085,47,OK,5085.42,5085.59,5085.51,17.0,0.3343,5083.77,5083.83,5083.80,6.0,0.1180,170.5,159.0,3.3527,3.1266,0.2261,5090.50206853,5090.26575290,5089.48565482,5089.82522991
226,XAUUSD,PERIOD_M5,26090401,2026.01.26 14:40:00,1769438400038,2026.01.26 14:40:00,SELL,15,2026.01.26 14:55:00,1769439300038,2026.01.26 14:55:01,1769439301165,1127,OK,5085.42,5085.59,5085.51,17.0,0.3343,5084.63,5084.82,5084.73,19.0,0.3737,78.0,60.0,1.5338,1.1798,0.3539,5090.50206853,5090.26575290,5089.48565482,5089.82522991
225,XAUUSD,PERIOD_M5,26090401,2026.01.26 13:55:00,1769435700359,2026.01.26 13:55:00,BUY,60,2026.01.26 14:55:00,1769439300359,2026.01.26 14:55:01,1769439301165,806,OK,5091.53,5091.63,5091.58,10.0,0.1964,5084.63,5084.82,5084.73,19.0,0.3737,-685.5,-700.0,-13.4634,-13.7481,0.2846,5089.00768191,5089.10621702,5089.51214553,5089.32656093
226,XAUUSD,PERIOD_M5,26090401,2026.01.26 14:40:00,1769438400038,2026.01.26 14:40:00,SELL,30,2026.01.26 15:10:00,1769440200038,2026.01.26 15:10:00,1769440200050,12,OK,5085.42,5085.59,5085.51,17.0,0.3343,5077.25,5077.29,5077.27,4.0,0.0788,823.5,813.0,16.1931,15.9869,0.2062,5090.50206853,5090.26575290,5089.48565482,5089.82522991
226,XAUUSD,PERIOD_M5,26090401,2026.01.26 14:40:00,1769438400038,2026.01.26 14:40:00,SELL,60,2026.01.26 15:40:00,1769442000038,2026.01.26 15:40:00,1769442000077,39,OK,5085.42,5085.59,5085.51,17.0,0.3343,5064.68,5064.83,5064.76,15.0,0.2962,2075.0,2059.0,40.8022,40.4883,0.3139,5090.50206853,5090.26575290,5089.48565482,5089.82522991
227,XAUUSD,PERIOD_M5,26090401,2026.01.26 16:40:00,1769445600036,2026.01.26 16:40:00,BUY,1,2026.01.26 16:41:00,1769445660036,2026.01.26 16:41:00,1769445660100,64,OK,5089.17,5089.32,5089.24,15.0,0.2947,5089.24,5089.31,5089.27,7.0,0.1375,3.0,-8.0,0.0589,-0.1572,0.2161,5075.68212260,5075.86403607,5078.38369808,5077.07548733
227,XAUUSD,PERIOD_M5,26090401,2026.01.26 16:40:00,1769445600036,2026.01.26 16:40:00,BUY,3,2026.01.26 16:43:00,1769445780036,2026.01.26 16:43:00,1769445780091,55,OK,5089.17,5089.32,5089.24,15.0,0.2947,5081.16,5081.30,5081.23,14.0,0.2755,-801.5,-816.0,-15.7489,-16.0336,0.2847,5075.68212260,5075.86403607,5078.38369808,5077.07548733
227,XAUUSD,PERIOD_M5,26090401,2026.01.26 16:40:00,1769445600036,2026.01.26 16:40:00,BUY,5,2026.01.26 16:45:00,1769445900036,2026.01.26 16:45:00,1769445900079,43,OK,5089.17,5089.32,5089.24,15.0,0.2947,5081.99,5082.03,5082.01,4.0,0.0787,-723.5,-733.0,-14.2163,-14.4027,0.1865,5075.68212260,5075.86403607,5078.38369808,5077.07548733
227,XAUUSD,PERIOD_M5,26090401,2026.01.26 16:40:00,1769445600036,2026.01.26 16:40:00,BUY,10,2026.01.26 16:50:00,1769446200036,2026.01.26 16:50:00,1769446200059,23,OK,5089.17,5089.32,5089.24,15.0,0.2947,5089.65,5089.76,5089.70,11.0,0.2161,46.0,33.0,0.9039,0.6484,0.2555,5075.68212260,5075.86403607,5078.38369808,5077.07548733
227,XAUUSD,PERIOD_M5,26090401,2026.01.26 16:40:00,1769445600036,2026.01.26 16:40:00,BUY,15,2026.01.26 16:55:00,1769446500036,2026.01.26 16:55:00,1769446500049,13,OK,5089.17,5089.32,5089.24,15.0,0.2947,5092.14,5092.26,5092.20,12.0,0.2357,295.5,282.0,5.8064,5.5410,0.2653,5075.68212260,5075.86403607,5078.38369808,5077.07548733
227,XAUUSD,PERIOD_M5,26090401,2026.01.26 16:40:00,1769445600036,2026.01.26 16:40:00,BUY,30,2026.01.26 17:10:00,1769447400036,2026.01.26 17:10:00,1769447400063,27,OK,5089.17,5089.32,5089.24,15.0,0.2947,5091.45,5091.55,5091.50,10.0,0.1964,225.5,213.0,4.4309,4.1852,0.2457,5075.68212260,5075.86403607,5078.38369808,5077.07548733
227,XAUUSD,PERIOD_M5,26090401,2026.01.26 16:40:00,1769445600036,2026.01.26 16:40:00,BUY,60,2026.01.26 17:40:00,1769449200036,2026.01.26 17:40:00,1769449200053,17,OK,5089.17,5089.32,5089.24,15.0,0.2947,5080.65,5080.77,5080.71,12.0,0.2362,-853.5,-867.0,-16.7707,-17.0357,0.2650,5075.68212260,5075.86403607,5078.38369808,5077.07548733
228,XAUUSD,PERIOD_M5,26090401,2026.01.26 18:35:00,1769452500030,2026.01.26 18:35:00,SELL,1,2026.01.26 18:36:00,1769452560030,2026.01.26 18:36:00,1769452560057,27,OK,5075.34,5075.38,5075.36,4.0,0.0788,5077.39,5077.55,5077.47,16.0,0.3151,-211.0,-221.0,-4.1573,-4.3544,0.1970,5090.57970518,5088.90156507,5087.53576414,5087.67051370
228,XAUUSD,PERIOD_M5,26090401,2026.01.26 18:35:00,1769452500030,2026.01.26 18:35:00,SELL,3,2026.01.26 18:38:00,1769452680030,2026.01.26 18:38:00,1769452680069,39,OK,5075.34,5075.38,5075.36,4.0,0.0788,5077.55,5077.66,5077.60,11.0,0.2166,-224.5,-232.0,-4.4233,-4.5711,0.1478,5090.57970518,5088.90156507,5087.53576414,5087.67051370
228,XAUUSD,PERIOD_M5,26090401,2026.01.26 18:35:00,1769452500030,2026.01.26 18:35:00,SELL,5,2026.01.26 18:40:00,1769452800030,2026.01.26 18:40:00,1769452800042,12,OK,5075.34,5075.38,5075.36,4.0,0.0788,5069.27,5069.35,5069.31,8.0,0.1578,605.0,599.0,11.9203,11.8022,0.1182,5090.57970518,5088.90156507,5087.53576414,5087.67051370
228,XAUUSD,PERIOD_M5,26090401,2026.01.26 18:35:00,1769452500030,2026.01.26 18:35:00,SELL,10,2026.01.26 18:45:00,1769453100030,2026.01.26 18:45:00,1769453100072,42,OK,5075.34,5075.38,5075.36,4.0,0.0788,5077.23,5077.30,5077.26,7.0,0.1379,-190.5,-196.0,-3.7534,-3.8618,0.1084,5090.57970518,5088.90156507,5087.53576414,5087.67051370
228,XAUUSD,PERIOD_M5,26090401,2026.01.26 18:35:00,1769452500030,2026.01.26 18:35:00,SELL,15,2026.01.26 18:50:00,1769453400030,2026.01.26 18:50:00,1769453400034,4,OK,5075.34,5075.38,5075.36,4.0,0.0788,5083.81,5083.98,5083.90,17.0,0.3344,-853.5,-864.0,-16.8165,-17.0235,0.2069,5090.57970518,5088.90156507,5087.53576414,5087.67051370
229,XAUUSD,PERIOD_M5,26090401,2026.01.26 19:05:00,1769454300031,2026.01.26 19:05:00,BUY,1,2026.01.26 19:06:00,1769454360031,2026.01.26 19:06:00,1769454360059,28,OK,5095.22,5095.30,5095.26,8.0,0.1570,5097.29,5097.38,5097.34,9.0,0.1766,207.5,199.0,4.0724,3.9056,0.1669,5084.86666959,5085.66229747,5086.93733568,5086.53117952
229,XAUUSD,PERIOD_M5,26090401,2026.01.26 19:05:00,1769454300031,2026.01.26 19:05:00,BUY,3,2026.01.26 19:08:00,1769454480031,2026.01.26 19:08:00,1769454480054,23,OK,5095.22,5095.30,5095.26,8.0,0.1570,5092.67,5092.74,5092.70,7.0,0.1375,-255.5,-263.0,-5.0145,-5.1616,0.1472,5084.86666959,5085.66229747,5086.93733568,5086.53117952
228,XAUUSD,PERIOD_M5,26090401,2026.01.26 18:35:00,1769452500030,2026.01.26 18:35:00,SELL,30,2026.01.26 19:05:00,1769454300030,2026.01.26 19:05:00,1769454300031,1,OK,5075.34,5075.38,5075.36,4.0,0.0788,5095.22,5095.30,5095.26,8.0,0.1570,-1990.0,-1996.0,-39.2090,-39.3274,0.1184,5090.57970518,5088.90156507,5087.53576414,5087.67051370
229,XAUUSD,PERIOD_M5,26090401,2026.01.26 19:05:00,1769454300031,2026.01.26 19:05:00,BUY,5,2026.01.26 19:10:00,1769454600031,2026.01.26 19:10:00,1769454600095,64,OK,5095.22,5095.30,5095.26,8.0,0.1570,5091.67,5091.76,5091.72,9.0,0.1768,-354.5,-363.0,-6.9574,-7.1242,0.1668,5084.86666959,5085.66229747,5086.93733568,5086.53117952
229,XAUUSD,PERIOD_M5,26090401,2026.01.26 19:05:00,1769454300031,2026.01.26 19:05:00,BUY,10,2026.01.26 19:15:00,1769454900031,2026.01.26 19:15:00,1769454900035,4,OK,5095.22,5095.30,5095.26,8.0,0.1570,5094.38,5094.50,5094.44,12.0,0.2356,-82.0,-92.0,-1.6093,-1.8056,0.1962,5084.86666959,5085.66229747,5086.93733568,5086.53117952
229,XAUUSD,PERIOD_M5,26090401,2026.01.26 19:05:00,1769454300031,2026.01.26 19:05:00,BUY,15,2026.01.26 19:20:00,1769455200031,2026.01.26 19:20:00,1769455200211,180,OK,5095.22,5095.30,5095.26,8.0,0.1570,5092.41,5092.61,5092.51,20.0,0.3927,-275.0,-289.0,-5.3972,-5.6719,0.2747,5084.86666959,5085.66229747,5086.93733568,5086.53117952
229,XAUUSD,PERIOD_M5,26090401,2026.01.26 19:05:00,1769454300031,2026.01.26 19:05:00,BUY,30,2026.01.26 19:35:00,1769456100031,2026.01.26 19:35:00,1769456100049,18,OK,5095.22,5095.30,5095.26,8.0,0.1570,5092.92,5093.12,5093.02,20.0,0.3927,-224.0,-238.0,-4.3962,-4.6710,0.2747,5084.86666959,5085.66229747,5086.93733568,5086.53117952
228,XAUUSD,PERIOD_M5,26090401,2026.01.26 18:35:00,1769452500030,2026.01.26 18:35:00,SELL,60,2026.01.26 19:35:00,1769456100030,2026.01.26 19:35:00,1769456100049,19,OK,5075.34,5075.38,5075.36,4.0,0.0788,5092.92,5093.12,5093.02,20.0,0.3927,-1766.0,-1778.0,-34.7956,-35.0321,0.2366,5090.57970518,5088.90156507,5087.53576414,5087.67051370
229,XAUUSD,PERIOD_M5,26090401,2026.01.26 19:05:00,1769454300031,2026.01.26 19:05:00,BUY,60,2026.01.26 20:05:00,1769457900031,2026.01.26 20:05:00,1769457900047,16,OK,5095.22,5095.30,5095.26,8.0,0.1570,5100.70,5100.81,5100.76,11.0,0.2157,549.5,540.0,10.7845,10.5980,0.1865,5084.86666959,5085.66229747,5086.93733568,5086.53117952
230,XAUUSD,PERIOD_M5,26090401,2026.01.26 20:20:00,1769458800016,2026.01.26 20:20:00,SELL,1,2026.01.26 20:21:00,1769458860016,2026.01.26 20:21:00,1769458860033,17,OK,5087.01,5087.06,5087.03,5.0,0.0983,5089.27,5089.46,5089.36,19.0,0.3733,-233.0,-245.0,-4.5803,-4.8162,0.2359,5091.75926676,5091.30335363,5090.80941341,5090.91304875
230,XAUUSD,PERIOD_M5,26090401,2026.01.26 20:20:00,1769458800016,2026.01.26 20:20:00,SELL,3,2026.01.26 20:23:00,1769458980016,2026.01.26 20:23:00,1769458980089,73,OK,5087.01,5087.06,5087.03,5.0,0.0983,5087.20,5087.24,5087.22,4.0,0.0786,-18.5,-23.0,-0.3637,-0.4521,0.0885,5091.75926676,5091.30335363,5090.80941341,5090.91304875
230,XAUUSD,PERIOD_M5,26090401,2026.01.26 20:20:00,1769458800016,2026.01.26 20:20:00,SELL,5,2026.01.26 20:25:00,1769459100016,2026.01.26 20:25:00,1769459100036,20,OK,5087.01,5087.06,5087.03,5.0,0.0983,5089.69,5089.73,5089.71,4.0,0.0786,-267.5,-272.0,-5.2585,-5.3470,0.0885,5091.75926676,5091.30335363,5090.80941341,5090.91304875
230,XAUUSD,PERIOD_M5,26090401,2026.01.26 20:20:00,1769458800016,2026.01.26 20:20:00,SELL,10,2026.01.26 20:30:00,1769459400016,2026.01.26 20:30:00,1769459400039,23,OK,5087.01,5087.06,5087.03,5.0,0.0983,5085.12,5085.24,5085.18,12.0,0.2360,185.5,177.0,3.6465,3.4795,0.1671,5091.75926676,5091.30335363,5090.80941341,5090.91304875
230,XAUUSD,PERIOD_M5,26090401,2026.01.26 20:20:00,1769458800016,2026.01.26 20:20:00,SELL,15,2026.01.26 20:35:00,1769459700016,2026.01.26 20:35:00,1769459700019,3,OK,5087.01,5087.06,5087.03,5.0,0.0983,5073.66,5073.76,5073.71,10.0,0.1971,1332.5,1325.0,26.1940,26.0467,0.1473,5091.75926676,5091.30335363,5090.80941341,5090.91304875
230,XAUUSD,PERIOD_M5,26090401,2026.01.26 20:20:00,1769458800016,2026.01.26 20:20:00,SELL,30,2026.01.26 20:50:00,1769460600016,2026.01.26 20:50:00,1769460600029,13,OK,5087.01,5087.06,5087.03,5.0,0.0983,5078.65,5078.78,5078.72,13.0,0.2560,832.0,823.0,16.3553,16.1785,0.1768,5091.75926676,5091.30335363,5090.80941341,5090.91304875
230,XAUUSD,PERIOD_M5,26090401,2026.01.26 20:20:00,1769458800016,2026.01.26 20:20:00,SELL,60,2026.01.26 21:20:00,1769462400016,2026.01.26 21:20:00,1769462400047,31,OK,5087.01,5087.06,5087.03,5.0,0.0983,5040.46,5040.58,5040.52,12.0,0.2381,4651.5,4643.0,91.4383,91.2717,0.1666,5091.75926676,5091.30335363,5090.80941341,5090.91304875
231,XAUUSD,PERIOD_M5,26090401,2026.01.26 23:00:00,1769468400015,2026.01.26 23:00:00,BUY,1,2026.01.26 23:01:00,1769468460015,2026.01.26 23:01:00,1769468460068,53,OK,5055.24,5055.34,5055.29,10.0,0.1978,5056.16,5056.43,5056.30,27.0,0.5340,100.5,82.0,1.9880,1.6220,0.3660,5048.47932565,5049.11484141,5049.83146052,5049.67167401
231,XAUUSD,PERIOD_M5,26090401,2026.01.26 23:00:00,1769468400015,2026.01.26 23:00:00,BUY,3,2026.01.26 23:03:00,1769468580015,2026.01.26 23:03:00,1769468580030,15,OK,5055.24,5055.34,5055.29,10.0,0.1978,5055.81,5056.08,5055.94,27.0,0.5340,65.5,47.0,1.2957,0.9297,0.3660,5048.47932565,5049.11484141,5049.83146052,5049.67167401
231,XAUUSD,PERIOD_M5,26090401,2026.01.26 23:00:00,1769468400015,2026.01.26 23:00:00,BUY,5,2026.01.26 23:05:00,1769468700015,2026.01.26 23:05:00,1769468700039,24,OK,5055.24,5055.34,5055.29,10.0,0.1978,5058.64,5058.91,5058.77,27.0,0.5337,348.5,330.0,6.8938,6.5278,0.3660,5048.47932565,5049.11484141,5049.83146052,5049.67167401
231,XAUUSD,PERIOD_M5,26090401,2026.01.26 23:00:00,1769468400015,2026.01.26 23:00:00,BUY,10,2026.01.26 23:10:00,1769469000015,2026.01.26 23:10:00,1769469000039,24,OK,5055.24,5055.34,5055.29,10.0,0.1978,5046.00,5046.27,5046.14,27.0,0.5351,-915.5,-934.0,-18.1097,-18.4755,0.3658,5048.47932565,5049.11484141,5049.83146052,5049.67167401
232,XAUUSD,PERIOD_M5,26090401,2026.01.26 23:15:00,1769469300010,2026.01.26 23:15:00,SELL,1,2026.01.26 23:16:00,1769469360010,2026.01.26 23:16:00,1769469360017,7,OK,5034.23,5034.40,5034.31,17.0,0.3377,5032.75,5033.02,5032.89,27.0,0.5365,143.0,121.0,2.8405,2.4035,0.4370,5050.47453473,5050.07906943,5047.22562779,5048.63824494
232,XAUUSD,PERIOD_M5,26090401,2026.01.26 23:15:00,1769469300010,2026.01.26 23:15:00,SELL,3,2026.01.26 23:18:00,1769469480010,2026.01.26 23:18:00,1769469480073,63,OK,5034.23,5034.40,5034.31,17.0,0.3377,5028.58,5028.85,5028.72,27.0,0.5369,560.0,538.0,11.1237,10.6868,0.4368,5050.47453473,5050.07906943,5047.22562779,5048.63824494
231,XAUUSD,PERIOD_M5,26090401,2026.01.26 23:00:00,1769468400015,2026.01.26 23:00:00,BUY,15,2026.01.26 23:15:00,1769469300015,2026.01.26 23:15:00,1769469300053,38,OK,5055.24,5055.34,5055.29,10.0,0.1978,5033.89,5034.16,5034.02,27.0,0.5364,-2126.5,-2145.0,-42.0648,-42.4304,0.3655,5048.47932565,5049.11484141,5049.83146052,5049.67167401
232,XAUUSD,PERIOD_M5,26090401,2026.01.26 23:15:00,1769469300010,2026.01.26 23:15:00,SELL,5,2026.01.26 23:20:00,1769469600010,2026.01.26 23:20:00,1769469600026,16,OK,5034.23,5034.40,5034.31,17.0,0.3377,5031.59,5031.86,5031.73,27.0,0.5366,259.0,237.0,5.1447,4.7078,0.4369,5050.47453473,5050.07906943,5047.22562779,5048.63824494
232,XAUUSD,PERIOD_M5,26090401,2026.01.26 23:15:00,1769469300010,2026.01.26 23:15:00,SELL,10,2026.01.26 23:25:00,1769469900010,2026.01.26 23:25:00,1769469900018,8,OK,5034.23,5034.40,5034.31,17.0,0.3377,5020.34,5020.61,5020.48,27.0,0.5378,1384.0,1362.0,27.4913,27.0548,0.4365,5050.47453473,5050.07906943,5047.22562779,5048.63824494
232,XAUUSD,PERIOD_M5,26090401,2026.01.26 23:15:00,1769469300010,2026.01.26 23:15:00,SELL,15,2026.01.26 23:30:00,1769470200010,2026.01.26 23:30:00,1769470200062,52,OK,5034.23,5034.40,5034.31,17.0,0.3377,5020.44,5020.86,5020.65,42.0,0.8365,1366.5,1337.0,27.1437,26.5582,0.5855,5050.47453473,5050.07906943,5047.22562779,5048.63824494
231,XAUUSD,PERIOD_M5,26090401,2026.01.26 23:00:00,1769468400015,2026.01.26 23:00:00,BUY,30,2026.01.26 23:30:00,1769470200015,2026.01.26 23:30:00,1769470200062,47,OK,5055.24,5055.34,5055.29,10.0,0.1978,5020.44,5020.86,5020.65,42.0,0.8365,-3464.0,-3490.0,-68.5223,-69.0359,0.5136,5048.47932565,5049.11484141,5049.83146052,5049.67167401
232,XAUUSD,PERIOD_M5,26090401,2026.01.26 23:15:00,1769469300010,2026.01.26 23:15:00,SELL,30,2026.01.26 23:45:00,1769471100010,2026.01.26 23:45:00,1769471100067,57,OK,5034.23,5034.40,5034.31,17.0,0.3377,5005.03,5005.47,5005.25,44.0,0.8791,2906.5,2876.0,57.7338,57.1289,0.6049,5050.47453473,5050.07906943,5047.22562779,5048.63824494
232,XAUUSD,PERIOD_M5,26090401,2026.01.26 23:15:00,1769469300010,2026.01.26 23:15:00,SELL,60,2026.01.27 00:15:00,1769472900010,,,,NO_TICK_NEAR_TARGET,5034.23,5034.40,5034.31,17.0,0.3377,,,,,,,,,,,5050.47453473,5050.07906943,5047.22562779,5048.63824494
231,XAUUSD,PERIOD_M5,26090401,2026.01.26 23:00:00,1769468400015,2026.01.26 23:00:00,BUY,60,2026.01.27 00:00:00,1769472000015,,,,NO_TICK_NEAR_TARGET,5055.24,5055.34,5055.29,10.0,0.1978,,,,,,,,,,,5048.47932565,5049.11484141,5049.83146052,5049.67167401
233,XAUUSD,PERIOD_M5,26090401,2026.01.27 01:25:00,1769477100011,2026.01.27 01:25:00,BUY,1,2026.01.27 01:26:00,1769477160011,2026.01.27 01:26:00,1769477160041,30,OK,5045.71,5045.84,5045.77,13.0,0.2576,5045.04,5045.18,5045.11,14.0,0.2775,-66.5,-80.0,-1.3179,-1.5855,0.2675,5030.90742898,5031.89252054,5033.86794318,5033.14865504
233,XAUUSD,PERIOD_M5,26090401,2026.01.27 01:25:00,1769477100011,2026.01.27 01:25:00,BUY,3,2026.01.27 01:28:00,1769477280011,2026.01.27 01:28:00,1769477280034,23,OK,5045.71,5045.84,5045.77,13.0,0.2576,5042.98,5043.02,5043.00,4.0,0.0793,-277.5,-286.0,-5.4997,-5.6680,0.1684,5030.90742898,5031.89252054,5033.86794318,5033.14865504
233,XAUUSD,PERIOD_M5,26090401,2026.01.27 01:25:00,1769477100011,2026.01.27 01:25:00,BUY,5,2026.01.27 01:30:00,1769477400011,2026.01.27 01:30:00,1769477400044,33,OK,5045.71,5045.84,5045.77,13.0,0.2576,5045.27,5045.32,5045.30,5.0,0.0991,-48.0,-57.0,-0.9513,-1.1296,0.1784,5030.90742898,5031.89252054,5033.86794318,5033.14865504
233,XAUUSD,PERIOD_M5,26090401,2026.01.27 01:25:00,1769477100011,2026.01.27 01:25:00,BUY,10,2026.01.27 01:35:00,1769477700011,2026.01.27 01:35:00,1769477700056,45,OK,5045.71,5045.84,5045.77,13.0,0.2576,5043.85,5043.98,5043.91,13.0,0.2577,-186.0,-199.0,-3.6863,-3.9438,0.2576,5030.90742898,5031.89252054,5033.86794318,5033.14865504
233,XAUUSD,PERIOD_M5,26090401,2026.01.27 01:25:00,1769477100011,2026.01.27 01:25:00,BUY,15,2026.01.27 01:40:00,1769478000011,2026.01.27 01:40:00,1769478000025,14,OK,5045.71,5045.84,5045.77,13.0,0.2576,5052.42,5052.65,5052.53,23.0,0.4552,676.0,658.0,13.3973,13.0404,0.3569,5030.90742898,5031.89252054,5033.86794318,5033.14865504
233,XAUUSD,PERIOD_M5,26090401,2026.01.27 01:25:00,1769477100011,2026.01.27 01:25:00,BUY,30,2026.01.27 01:55:00,1769478900011,2026.01.27 01:55:00,1769478900052,41,OK,5045.71,5045.84,5045.77,13.0,0.2576,5049.26,5049.46,5049.36,20.0,0.3961,358.5,342.0,7.1050,6.7779,0.3271,5030.90742898,5031.89252054,5033.86794318,5033.14865504
233,XAUUSD,PERIOD_M5,26090401,2026.01.27 01:25:00,1769477100011,2026.01.27 01:25:00,BUY,60,2026.01.27 02:25:00,1769480700011,2026.01.27 02:25:00,1769480700011,0,OK,5045.71,5045.84,5045.77,13.0,0.2576,5047.16,5047.32,5047.24,16.0,0.3170,146.5,132.0,2.9034,2.6160,0.2874,5030.90742898,5031.89252054,5033.86794318,5033.14865504
234,XAUUSD,PERIOD_M5,26090401,2026.01.27 02:50:00,1769482200011,2026.01.27 02:50:00,SELL,1,2026.01.27 02:51:00,1769482260011,2026.01.27 02:51:00,1769482260012,1,OK,5023.55,5023.68,5023.61,13.0,0.2588,5019.56,5019.72,5019.64,16.0,0.3187,397.5,383.0,7.9126,7.6241,0.2885,5043.12403289,5043.02650369,5039.20922631,5041.25591245
234,XAUUSD,PERIOD_M5,26090401,2026.01.27 02:50:00,1769482200011,2026.01.27 02:50:00,SELL,3,2026.01.27 02:53:00,1769482380011,2026.01.27 02:53:00,1769482380026,15,OK,5023.55,5023.68,5023.61,13.0,0.2588,5018.40,5018.63,5018.51,23.0,0.4583,510.0,492.0,10.1521,9.7939,0.3582,5043.12403289,5043.02650369,5039.20922631,5041.25591245
234,XAUUSD,PERIOD_M5,26090401,2026.01.27 02:50:00,1769482200011,2026.01.27 02:50:00,SELL,5,2026.01.27 02:55:00,1769482500011,2026.01.27 02:55:00,1769482500013,2,OK,5023.55,5023.68,5023.61,13.0,0.2588,5023.17,5023.27,5023.22,10.0,0.1991,39.5,28.0,0.7863,0.5574,0.2289,5043.12403289,5043.02650369,5039.20922631,5041.25591245
234,XAUUSD,PERIOD_M5,26090401,2026.01.27 02:50:00,1769482200011,2026.01.27 02:50:00,SELL,10,2026.01.27 03:00:00,1769482800011,2026.01.27 03:00:00,1769482800011,0,OK,5023.55,5023.68,5023.61,13.0,0.2588,5032.82,5032.95,5032.89,13.0,0.2583,-927.0,-940.0,-18.4528,-18.7119,0.2590,5043.12403289,5043.02650369,5039.20922631,5041.25591245
234,XAUUSD,PERIOD_M5,26090401,2026.01.27 02:50:00,1769482200011,2026.01.27 02:50:00,SELL,15,2026.01.27 03:05:00,1769483100011,2026.01.27 03:05:00,1769483100016,5,OK,5023.55,5023.68,5023.61,13.0,0.2588,5034.17,5034.37,5034.27,20.0,0.3973,-1065.5,-1082.0,-21.2098,-21.5386,0.3287,5043.12403289,5043.02650369,5039.20922631,5041.25591245
235,XAUUSD,PERIOD_M5,26090401,2026.01.27 03:15:00,1769483700035,2026.01.27 03:15:00,BUY,1,2026.01.27 03:16:00,1769483760035,2026.01.27 03:16:00,1769483760083,48,OK,5071.54,5071.77,5071.66,23.0,0.4535,5070.14,5070.24,5070.19,10.0,0.1972,-146.5,-163.0,-2.8886,-3.2139,0.3253,5037.81465910,5039.46651079,5044.55972728,5042.38228254
235,XAUUSD,PERIOD_M5,26090401,2026.01.27 03:15:00,1769483700035,2026.01.27 03:15:00,BUY,3,2026.01.27 03:18:00,1769483880035,2026.01.27 03:18:00,1769483880204,169,OK,5071.54,5071.77,5071.66,23.0,0.4535,5069.54,5069.64,5069.59,10.0,0.1973,-206.5,-223.0,-4.0716,-4.3969,0.3252,5037.81465910,5039.46651079,5044.55972728,5042.38228254
235,XAUUSD,PERIOD_M5,26090401,2026.01.27 03:15:00,1769483700035,2026.01.27 03:15:00,BUY,5,2026.01.27 03:20:00,1769484000035,2026.01.27 03:20:00,1769484000036,1,OK,5071.54,5071.77,5071.66,23.0,0.4535,5064.50,5064.66,5064.58,16.0,0.3159,-707.5,-727.0,-13.9501,-14.3342,0.3842,5037.81465910,5039.46651079,5044.55972728,5042.38228254
234,XAUUSD,PERIOD_M5,26090401,2026.01.27 02:50:00,1769482200011,2026.01.27 02:50:00,SELL,30,2026.01.27 03:20:00,1769484000011,2026.01.27 03:20:00,1769484000036,25,OK,5023.55,5023.68,5023.61,13.0,0.2588,5064.50,5064.66,5064.58,16.0,0.3159,-4096.5,-4111.0,-81.5449,-81.8346,0.2897,5043.12403289,5043.02650369,5039.20922631,5041.25591245
235,XAUUSD,PERIOD_M5,26090401,2026.01.27 03:15:00,1769483700035,2026.01.27 03:15:00,BUY,10,2026.01.27 03:25:00,1769484300035,2026.01.27 03:25:00,1769484300251,216,OK,5071.54,5071.77,5071.66,23.0,0.4535,5068.64,5068.84,5068.74,20.0,0.3946,-291.5,-313.0,-5.7476,-6.1714,0.4238,5037.81465910,5039.46651079,5044.55972728,5042.38228254
235,XAUUSD,PERIOD_M5,26090401,2026.01.27 03:15:00,1769483700035,2026.01.27 03:15:00,BUY,15,2026.01.27 03:30:00,1769484600035,2026.01.27 03:30:00,1769484600116,81,OK,5071.54,5071.77,5071.66,23.0,0.4535,5066.83,5066.94,5066.89,11.0,0.2171,-477.0,-494.0,-9.4052,-9.7402,0.3350,5037.81465910,5039.46651079,5044.55972728,5042.38228254
235,XAUUSD,PERIOD_M5,26090401,2026.01.27 03:15:00,1769483700035,2026.01.27 03:15:00,BUY,30,2026.01.27 03:45:00,1769485500035,2026.01.27 03:45:00,1769485500041,6,OK,5071.54,5071.77,5071.66,23.0,0.4535,5063.82,5063.96,5063.89,14.0,0.2765,-776.5,-795.0,-15.3106,-15.6750,0.3644,5037.81465910,5039.46651079,5044.55972728,5042.38228254
234,XAUUSD,PERIOD_M5,26090401,2026.01.27 02:50:00,1769482200011,2026.01.27 02:50:00,SELL,60,2026.01.27 03:50:00,1769485800011,2026.01.27 03:50:00,1769485800015,4,OK,5023.55,5023.68,5023.61,13.0,0.2588,5062.37,5062.54,5062.45,17.0,0.3358,-3884.0,-3899.0,-77.3148,-77.6144,0.2996,5043.12403289,5043.02650369,5039.20922631,5041.25591245
235,XAUUSD,PERIOD_M5,26090401,2026.01.27 03:15:00,1769483700035,2026.01.27 03:15:00,BUY,60,2026.01.27 04:15:00,1769487300035,2026.01.27 04:15:00,1769487300041,6,OK,5071.54,5071.77,5071.66,23.0,0.4535,5063.90,5064.08,5063.99,18.0,0.3555,-766.5,-787.0,-15.1134,-15.5173,0.4039,5037.81465910,5039.46651079,5044.55972728,5042.38228254
236,XAUUSD,PERIOD_M5,26090401,2026.01.27 06:50:00,1769496600065,2026.01.27 06:50:00,SELL,1,2026.01.27 06:51:00,1769496660065,2026.01.27 06:51:00,1769496660086,21,OK,5065.35,5065.47,5065.41,12.0,0.2369,5064.31,5064.51,5064.41,20.0,0.3949,100.0,84.0,1.9742,1.6583,0.3158,5071.17408769,5070.82044957,5069.99127016,5070.31495416
236,XAUUSD,PERIOD_M5,26090401,2026.01.27 06:50:00,1769496600065,2026.01.27 06:50:00,SELL,3,2026.01.27 06:53:00,1769496780065,2026.01.27 06:53:00,1769496780199,134,OK,5065.35,5065.47,5065.41,12.0,0.2369,5065.94,5066.12,5066.03,18.0,0.3553,-62.0,-77.0,-1.2240,-1.5201,0.2961,5071.17408769,5070.82044957,5069.99127016,5070.31495416
236,XAUUSD,PERIOD_M5,26090401,2026.01.27 06:50:00,1769496600065,2026.01.27 06:50:00,SELL,5,2026.01.27 06:55:00,1769496900065,2026.01.27 06:55:00,1769496900100,35,OK,5065.35,5065.47,5065.41,12.0,0.2369,5067.40,5067.61,5067.50,21.0,0.4144,-209.5,-226.0,-4.1359,-4.4617,0.3258,5071.17408769,5070.82044957,5069.99127016,5070.31495416
236,XAUUSD,PERIOD_M5,26090401,2026.01.27 06:50:00,1769496600065,2026.01.27 06:50:00,SELL,10,2026.01.27 07:00:00,1769497200065,2026.01.27 07:00:00,1769497200097,32,OK,5065.35,5065.47,5065.41,12.0,0.2369,5067.86,5067.90,5067.88,4.0,0.0789,-247.0,-255.0,-4.8762,-5.0342,0.1580,5071.17408769,5070.82044957,5069.99127016,5070.31495416
236,XAUUSD,PERIOD_M5,26090401,2026.01.27 06:50:00,1769496600065,2026.01.27 06:50:00,SELL,15,2026.01.27 07:05:00,1769497500065,2026.01.27 07:05:00,1769497500760,695,OK,5065.35,5065.47,5065.41,12.0,0.2369,5061.71,5061.87,5061.79,16.0,0.3161,362.0,348.0,7.1465,6.8702,0.2763,5071.17408769,5070.82044957,5069.99127016,5070.31495416
236,XAUUSD,PERIOD_M5,26090401,2026.01.27 06:50:00,1769496600065,2026.01.27 06:50:00,SELL,30,2026.01.27 07:20:00,1769498400065,2026.01.27 07:20:00,1769498400069,4,OK,5065.35,5065.47,5065.41,12.0,0.2369,5060.37,5060.41,5060.39,4.0,0.0790,502.0,494.0,9.9104,9.7525,0.1578,5071.17408769,5070.82044957,5069.99127016,5070.31495416
237,XAUUSD,PERIOD_M5,26090401,2026.01.27 07:45:00,1769499900099,2026.01.27 07:45:00,BUY,1,2026.01.27 07:46:00,1769499960099,2026.01.27 07:46:00,1769499960138,39,OK,5074.62,5074.76,5074.69,14.0,0.2759,5077.79,5077.90,5077.84,11.0,0.2166,315.5,303.0,6.2171,5.9707,0.2464,5067.15029941,5067.64665040,5068.64423953,5068.28059127
237,XAUUSD,PERIOD_M5,26090401,2026.01.27 07:45:00,1769499900099,2026.01.27 07:45:00,BUY,3,2026.01.27 07:48:00,1769500080099,2026.01.27 07:48:00,1769500080182,83,OK,5074.62,5074.76,5074.69,14.0,0.2759,5080.51,5080.65,5080.58,14.0,0.2756,589.0,575.0,11.6066,11.3306,0.2760,5067.15029941,5067.64665040,5068.64423953,5068.28059127
237,XAUUSD,PERIOD_M5,26090401,2026.01.27 07:45:00,1769499900099,2026.01.27 07:45:00,BUY,5,2026.01.27 07:50:00,1769500200099,2026.01.27 07:50:00,1769500200108,9,OK,5074.62,5074.76,5074.69,14.0,0.2759,5079.98,5080.06,5080.02,8.0,0.1575,533.0,522.0,10.5031,10.2862,0.2169,5067.15029941,5067.64665040,5068.64423953,5068.28059127
236,XAUUSD,PERIOD_M5,26090401,2026.01.27 06:50:00,1769496600065,2026.01.27 06:50:00,SELL,60,2026.01.27 07:50:00,1769500200065,2026.01.27 07:50:00,1769500200108,43,OK,5065.35,5065.47,5065.41,12.0,0.2369,5079.98,5080.06,5080.02,8.0,0.1575,-1461.0,-1471.0,-28.8427,-29.0404,0.1978,5071.17408769,5070.82044957,5069.99127016,5070.31495416
237,XAUUSD,PERIOD_M5,26090401,2026.01.27 07:45:00,1769499900099,2026.01.27 07:45:00,BUY,10,2026.01.27 07:55:00,1769500500099,2026.01.27 07:55:00,1769500500106,7,OK,5074.62,5074.76,5074.69,14.0,0.2759,5078.90,5079.06,5078.98,16.0,0.3150,429.0,414.0,8.4537,8.1580,0.2957,5067.15029941,5067.64665040,5068.64423953,5068.28059127
237,XAUUSD,PERIOD_M5,26090401,2026.01.27 07:45:00,1769499900099,2026.01.27 07:45:00,BUY,15,2026.01.27 08:00:00,1769500800099,2026.01.27 08:00:00,1769500800229,130,OK,5074.62,5074.76,5074.69,14.0,0.2759,5082.96,5083.16,5083.06,20.0,0.3935,837.0,820.0,16.4936,16.1584,0.3352,5067.15029941,5067.64665040,5068.64423953,5068.28059127
237,XAUUSD,PERIOD_M5,26090401,2026.01.27 07:45:00,1769499900099,2026.01.27 07:45:00,BUY,30,2026.01.27 08:15:00,1769501700099,2026.01.27 08:15:00,1769501700138,39,OK,5074.62,5074.76,5074.69,14.0,0.2759,5083.55,5083.62,5083.59,7.0,0.1377,889.5,879.0,17.5282,17.3210,0.2071,5067.15029941,5067.64665040,5068.64423953,5068.28059127
237,XAUUSD,PERIOD_M5,26090401,2026.01.27 07:45:00,1769499900099,2026.01.27 07:45:00,BUY,60,2026.01.27 08:45:00,1769503500099,2026.01.27 08:45:00,1769503500112,13,OK,5074.62,5074.76,5074.69,14.0,0.2759,5086.01,5086.09,5086.05,8.0,0.1573,1136.0,1125.0,22.3856,22.1685,0.2171,5067.15029941,5067.64665040,5068.64423953,5068.28059127
238,XAUUSD,PERIOD_M5,26090401,2026.01.27 10:30:00,1769509800014,2026.01.27 10:30:00,SELL,1,2026.01.27 10:31:00,1769509860014,2026.01.27 10:31:00,1769509860057,43,OK,5077.61,5077.75,5077.68,14.0,0.2757,5077.28,5077.43,5077.35,15.0,0.2954,32.5,18.0,0.6401,0.3545,0.2856,5086.83127504,5086.54960677,5084.99302003,5085.73964252
238,XAUUSD,PERIOD_M5,26090401,2026.01.27 10:30:00,1769509800014,2026.01.27 10:30:00,SELL,3,2026.01.27 10:33:00,1769509980014,2026.01.27 10:33:00,1769509980019,5,OK,5077.61,5077.75,5077.68,14.0,0.2757,5075.01,5075.16,5075.09,15.0,0.2956,259.5,245.0,5.1106,4.8251,0.2855,5086.83127504,5086.54960677,5084.99302003,5085.73964252
238,XAUUSD,PERIOD_M5,26090401,2026.01.27 10:30:00,1769509800014,2026.01.27 10:30:00,SELL,5,2026.01.27 10:35:00,1769510100014,2026.01.27 10:35:00,1769510100100,86,OK,5077.61,5077.75,5077.68,14.0,0.2757,5076.23,5076.39,5076.31,16.0,0.3152,137.0,122.0,2.6981,2.4027,0.2954,5086.83127504,5086.54960677,5084.99302003,5085.73964252
238,XAUUSD,PERIOD_M5,26090401,2026.01.27 10:30:00,1769509800014,2026.01.27 10:30:00,SELL,10,2026.01.27 10:40:00,1769510400014,2026.01.27 10:40:00,1769510400023,9,OK,5077.61,5077.75,5077.68,14.0,0.2757,5079.08,5079.20,5079.14,12.0,0.2363,-146.0,-159.0,-2.8753,-3.1314,0.2561,5086.83127504,5086.54960677,5084.99302003,5085.73964252
238,XAUUSD,PERIOD_M5,26090401,2026.01.27 10:30:00,1769509800014,2026.01.27 10:30:00,SELL,15,2026.01.27 10:45:00,1769510700014,2026.01.27 10:45:00,1769510700026,12,OK,5077.61,5077.75,5077.68,14.0,0.2757,5082.33,5082.45,5082.39,12.0,0.2361,-471.0,-484.0,-9.2759,-9.5320,0.2562,5086.83127504,5086.54960677,5084.99302003,5085.73964252
238,XAUUSD,PERIOD_M5,26090401,2026.01.27 10:30:00,1769509800014,2026.01.27 10:30:00,SELL,30,2026.01.27 11:00:00,1769511600014,2026.01.27 11:00:00,1769511600036,22,OK,5077.61,5077.75,5077.68,14.0,0.2757,5079.50,5079.64,5079.57,14.0,0.2756,-189.0,-203.0,-3.7222,-3.9979,0.2758,5086.83127504,5086.54960677,5084.99302003,5085.73964252
239,XAUUSD,PERIOD_M5,26090401,2026.01.27 11:30:00,1769513400022,2026.01.27 11:30:00,BUY,1,2026.01.27 11:31:00,1769513460022,2026.01.27 11:31:00,1769513460063,41,OK,5088.45,5088.61,5088.53,16.0,0.3144,5086.70,5086.85,5086.77,15.0,0.2949,-175.5,-191.0,-3.4489,-3.7535,0.3045,5083.30420039,5083.56523311,5084.32936031,5084.00748464
239,XAUUSD,PERIOD_M5,26090401,2026.01.27 11:30:00,1769513400022,2026.01.27 11:30:00,BUY,3,2026.01.27 11:33:00,1769513580022,2026.01.27 11:33:00,1769513580053,31,OK,5088.45,5088.61,5088.53,16.0,0.3144,5086.81,5086.96,5086.89,15.0,0.2949,-164.5,-180.0,-3.2328,-3.5373,0.3046,5083.30420039,5083.56523311,5084.32936031,5084.00748464
238,XAUUSD,PERIOD_M5,26090401,2026.01.27 10:30:00,1769509800014,2026.01.27 10:30:00,SELL,60,2026.01.27 11:30:00,1769513400014,2026.01.27 11:30:00,1769513400022,8,OK,5077.61,5077.75,5077.68,14.0,0.2757,5088.45,5088.61,5088.53,16.0,0.3144,-1085.0,-1100.0,-21.3680,-21.6637,0.2957,5086.83127504,5086.54960677,5084.99302003,5085.73964252
239,XAUUSD,PERIOD_M5,26090401,2026.01.27 11:30:00,1769513400022,2026.01.27 11:30:00,BUY,5,2026.01.27 11:35:00,1769513700022,2026.01.27 11:35:00,1769513700068,46,OK,5088.45,5088.61,5088.53,16.0,0.3144,5089.59,5089.74,5089.66,15.0,0.2947,113.5,98.0,2.2305,1.9259,0.3046,5083.30420039,5083.56523311,5084.32936031,5084.00748464
239,XAUUSD,PERIOD_M5,26090401,2026.01.27 11:30:00,1769513400022,2026.01.27 11:30:00,BUY,10,2026.01.27 11:40:00,1769514000022,2026.01.27 11:40:00,1769514000064,42,OK,5088.45,5088.61,5088.53,16.0,0.3144,5092.94,5093.09,5093.01,15.0,0.2945,448.5,433.0,8.8139,8.5092,0.3047,5083.30420039,5083.56523311,5084.32936031,5084.00748464
239,XAUUSD,PERIOD_M5,26090401,2026.01.27 11:30:00,1769513400022,2026.01.27 11:30:00,BUY,15,2026.01.27 11:45:00,1769514300022,2026.01.27 11:45:00,1769514300103,81,OK,5088.45,5088.61,5088.53,16.0,0.3144,5088.03,5088.09,5088.06,6.0,0.1179,-47.0,-58.0,-0.9236,-1.1398,0.2162,5083.30420039,5083.56523311,5084.32936031,5084.00748464
239,XAUUSD,PERIOD_M5,26090401,2026.01.27 11:30:00,1769513400022,2026.01.27 11:30:00,BUY,30,2026.01.27 12:00:00,1769515200022,2026.01.27 12:00:00,1769515200036,14,OK,5088.45,5088.61,5088.53,16.0,0.3144,5098.55,5098.62,5098.59,7.0,0.1373,1005.5,994.0,19.7601,19.5338,0.2263,5083.30420039,5083.56523311,5084.32936031,5084.00748464
239,XAUUSD,PERIOD_M5,26090401,2026.01.27 11:30:00,1769513400022,2026.01.27 11:30:00,BUY,60,2026.01.27 12:30:00,1769517000022,2026.01.27 12:30:00,1769517000088,66,OK,5088.45,5088.61,5088.53,16.0,0.3144,5087.95,5087.99,5087.97,4.0,0.0786,-56.0,-66.0,-1.1005,-1.2970,0.1965,5083.30420039,5083.56523311,5084.32936031,5084.00748464
240,XAUUSD,PERIOD_M5,26090401,2026.01.27 12:45:00,1769517900013,2026.01.27 12:45:00,SELL,1,2026.01.27 12:46:00,1769517960013,2026.01.27 12:46:00,1769517960030,17,OK,5084.61,5084.74,5084.67,13.0,0.2557,5084.20,5084.31,5084.26,11.0,0.2164,42.0,30.0,0.8260,0.5900,0.2360,5089.84211858,5089.22012459,5088.79569486,5088.80102236
240,XAUUSD,PERIOD_M5,26090401,2026.01.27 12:45:00,1769517900013,2026.01.27 12:45:00,SELL,3,2026.01.27 12:48:00,1769518080013,2026.01.27 12:48:00,1769518080024,11,OK,5084.61,5084.74,5084.67,13.0,0.2557,5084.06,5084.15,5084.10,9.0,0.1770,57.0,46.0,1.1210,0.9047,0.2163,5089.84211858,5089.22012459,5088.79569486,5088.80102236
240,XAUUSD,PERIOD_M5,26090401,2026.01.27 12:45:00,1769517900013,2026.01.27 12:45:00,SELL,5,2026.01.27 12:50:00,1769518200013,2026.01.27 12:50:00,1769518200045,32,OK,5084.61,5084.74,5084.67,13.0,0.2557,5084.20,5084.36,5084.28,16.0,0.3147,39.5,25.0,0.7768,0.4917,0.2852,5089.84211858,5089.22012459,5088.79569486,5088.80102236
240,XAUUSD,PERIOD_M5,26090401,2026.01.27 12:45:00,1769517900013,2026.01.27 12:45:00,SELL,10,2026.01.27 12:55:00,1769518500013,2026.01.27 12:55:00,1769518500047,34,OK,5084.61,5084.74,5084.67,13.0,0.2557,5083.54,5083.64,5083.59,10.0,0.1967,108.5,97.0,2.1339,1.9077,0.2261,5089.84211858,5089.22012459,5088.79569486,5088.80102236
240,XAUUSD,PERIOD_M5,26090401,2026.01.27 12:45:00,1769517900013,2026.01.27 12:45:00,SELL,15,2026.01.27 13:00:00,1769518800013,2026.01.27 13:00:00,1769518800063,50,OK,5084.61,5084.74,5084.67,13.0,0.2557,5086.36,5086.46,5086.41,10.0,0.1966,-173.5,-185.0,-3.4122,-3.6384,0.2262,5089.84211858,5089.22012459,5088.79569486,5088.80102236
240,XAUUSD,PERIOD_M5,26090401,2026.01.27 12:45:00,1769517900013,2026.01.27 12:45:00,SELL,30,2026.01.27 13:15:00,1769519700013,2026.01.27 13:15:00,1769519700060,47,OK,5084.61,5084.74,5084.67,13.0,0.2557,5090.19,5090.39,5090.29,20.0,0.3929,-561.5,-578.0,-11.0430,-11.3676,0.3246,5089.84211858,5089.22012459,5088.79569486,5088.80102236
240,XAUUSD,PERIOD_M5,26090401,2026.01.27 12:45:00,1769517900013,2026.01.27 12:45:00,SELL,60,2026.01.27 13:45:00,1769521500013,2026.01.27 13:45:00,1769521500038,25,OK,5084.61,5084.74,5084.67,13.0,0.2557,5085.80,5085.96,5085.88,16.0,0.3146,-120.5,-135.0,-2.3699,-2.6551,0.2852,5089.84211858,5089.22012459,5088.79569486,5088.80102236
241,XAUUSD,PERIOD_M5,26090401,2026.01.27 14:45:00,1769525100004,2026.01.27 14:45:00,BUY,1,2026.01.27 14:46:00,1769525160004,2026.01.27 14:46:00,1769525160046,42,OK,5089.30,5089.49,5089.40,19.0,0.3733,5089.55,5089.64,5089.60,9.0,0.1768,20.0,6.0,0.3930,0.1179,0.2751,5081.74009353,5082.49978177,5083.26007482,5083.12161979
241,XAUUSD,PERIOD_M5,26090401,2026.01.27 14:45:00,1769525100004,2026.01.27 14:45:00,BUY,3,2026.01.27 14:48:00,1769525280004,2026.01.27 14:48:00,1769525280053,49,OK,5089.30,5089.49,5089.40,19.0,0.3733,5088.90,5089.00,5088.95,10.0,0.1965,-44.5,-59.0,-0.8744,-1.1593,0.2849,5081.74009353,5082.49978177,5083.26007482,5083.12161979
241,XAUUSD,PERIOD_M5,26090401,2026.01.27 14:45:00,1769525100004,2026.01.27 14:45:00,BUY,5,2026.01.27 14:50:00,1769525400004,2026.01.27 14:50:00,1769525400068,64,OK,5089.30,5089.49,5089.40,19.0,0.3733,5085.07,5085.16,5085.11,9.0,0.1770,-428.0,-442.0,-8.4096,-8.6846,0.2749,5081.74009353,5082.49978177,5083.26007482,5083.12161979
241,XAUUSD,PERIOD_M5,26090401,2026.01.27 14:45:00,1769525100004,2026.01.27 14:45:00,BUY,10,2026.01.27 14:55:00,1769525700004,2026.01.27 14:55:00,1769525700021,17,OK,5089.30,5089.49,5089.40,19.0,0.3733,5083.66,5083.72,5083.69,6.0,0.1180,-570.5,-583.0,-11.2096,-11.4550,0.2454,5081.74009353,5082.49978177,5083.26007482,5083.12161979
241,XAUUSD,PERIOD_M5,26090401,2026.01.27 14:45:00,1769525100004,2026.01.27 14:45:00,BUY,15,2026.01.27 15:00:00,1769526000004,2026.01.27 15:00:00,1769526000020,16,OK,5089.30,5089.49,5089.40,19.0,0.3733,5084.98,5085.13,5085.06,15.0,0.2950,-434.0,-451.0,-8.5275,-8.8614,0.3339,5081.74009353,5082.49978177,5083.26007482,5083.12161979
241,XAUUSD,PERIOD_M5,26090401,2026.01.27 14:45:00,1769525100004,2026.01.27 14:45:00,BUY,30,2026.01.27 15:15:00,1769526900004,2026.01.27 15:15:00,1769526900005,1,OK,5089.30,5089.49,5089.40,19.0,0.3733,5090.18,5090.33,5090.26,15.0,0.2947,86.0,69.0,1.6898,1.3557,0.3341,5081.74009353,5082.49978177,5083.26007482,5083.12161979
242,XAUUSD,PERIOD_M5,26090401,2026.01.27 15:35:00,1769528100089,2026.01.27 15:35:00,SELL,1,2026.01.27 15:36:00,1769528160089,2026.01.27 15:36:00,1769528160130,41,OK,5076.56,5076.75,5076.66,19.0,0.3743,5078.98,5079.08,5079.03,10.0,0.1969,-237.5,-252.0,-4.6783,-4.9640,0.2857,5085.20363444,5084.61510431,5083.47490756,5083.88282210
242,XAUUSD,PERIOD_M5,26090401,2026.01.27 15:35:00,1769528100089,2026.01.27 15:35:00,SELL,3,2026.01.27 15:38:00,1769528280089,2026.01.27 15:38:00,1769528280100,11,OK,5076.56,5076.75,5076.66,19.0,0.3743,5077.81,5077.97,5077.89,16.0,0.3151,-123.5,-141.0,-2.4327,-2.7775,0.3448,5085.20363444,5084.61510431,5083.47490756,5083.88282210
242,XAUUSD,PERIOD_M5,26090401,2026.01.27 15:35:00,1769528100089,2026.01.27 15:35:00,SELL,5,2026.01.27 15:40:00,1769528400089,2026.01.27 15:40:00,1769528400219,130,OK,5076.56,5076.75,5076.66,19.0,0.3743,5079.31,5079.35,5079.33,4.0,0.0788,-267.5,-279.0,-5.2692,-5.4958,0.2266,5085.20363444,5084.61510431,5083.47490756,5083.88282210
242,XAUUSD,PERIOD_M5,26090401,2026.01.27 15:35:00,1769528100089,2026.01.27 15:35:00,SELL,10,2026.01.27 15:45:00,1769528700089,2026.01.27 15:45:00,1769528700142,53,OK,5076.56,5076.75,5076.66,19.0,0.3743,5073.39,5073.43,5073.41,4.0,0.0788,324.5,313.0,6.3920,6.1656,0.2264,5085.20363444,5084.61510431,5083.47490756,5083.88282210
241,XAUUSD,PERIOD_M5,26090401,2026.01.27 14:45:00,1769525100004,2026.01.27 14:45:00,BUY,60,2026.01.27 15:45:00,1769528700004,2026.01.27 15:45:00,1769528700042,38,OK,5089.30,5089.49,5089.40,19.0,0.3733,5073.42,5073.61,5073.51,19.0,0.3745,-1588.0,-1607.0,-31.2021,-31.5749,0.3727,5081.74009353,5082.49978177,5083.26007482,5083.12161979
242,XAUUSD,PERIOD_M5,26090401,2026.01.27 15:35:00,1769528100089,2026.01.27 15:35:00,SELL,15,2026.01.27 15:50:00,1769529000089,2026.01.27 15:50:00,1769529000111,22,OK,5076.56,5076.75,5076.66,19.0,0.3743,5075.23,5075.34,5075.28,11.0,0.2167,137.0,122.0,2.6986,2.4032,0.2954,5085.20363444,5084.61510431,5083.47490756,5083.88282210
242,XAUUSD,PERIOD_M5,26090401,2026.01.27 15:35:00,1769528100089,2026.01.27 15:35:00,SELL,30,2026.01.27 16:05:00,1769529900089,2026.01.27 16:05:00,1769529900203,114,OK,5076.56,5076.75,5076.66,19.0,0.3743,5067.84,5067.91,5067.88,7.0,0.1381,878.0,865.0,17.2949,17.0391,0.2558,5085.20363444,5084.61510431,5083.47490756,5083.88282210
242,XAUUSD,PERIOD_M5,26090401,2026.01.27 15:35:00,1769528100089,2026.01.27 15:35:00,SELL,60,2026.01.27 16:35:00,1769531700089,2026.01.27 16:35:00,1769531700122,33,OK,5076.56,5076.75,5076.66,19.0,0.3743,5066.83,5066.87,5066.85,4.0,0.0789,980.5,969.0,19.3139,19.0877,0.2262,5085.20363444,5084.61510431,5083.47490756,5083.88282210
243,XAUUSD,PERIOD_M5,26090401,2026.01.27 17:40:00,1769535600023,2026.01.27 17:40:00,BUY,1,2026.01.27 17:41:00,1769535660023,2026.01.27 17:41:00,1769535660045,22,OK,5083.23,5083.42,5083.32,19.0,0.3738,5079.94,5080.09,5080.01,15.0,0.2953,-331.0,-348.0,-6.5115,-6.8458,0.3343,5069.41970261,5069.47628464,5072.18176209,5070.72662240
243,XAUUSD,PERIOD_M5,26090401,2026.01.27 17:40:00,1769535600023,2026.01.27 17:40:00,BUY,3,2026.01.27 17:43:00,1769535780023,2026.01.27 17:43:00,1769535780091,68,OK,5083.23,5083.42,5083.32,19.0,0.3738,5080.04,5080.21,5080.13,17.0,0.3346,-320.0,-338.0,-6.2951,-6.6491,0.3540,5069.41970261,5069.47628464,5072.18176209,5070.72662240
243,XAUUSD,PERIOD_M5,26090401,2026.01.27 17:40:00,1769535600023,2026.01.27 17:40:00,BUY,5,2026.01.27 17:45:00,1769535900023,2026.01.27 17:45:00,1769535900077,54,OK,5083.23,5083.42,5083.32,19.0,0.3738,5080.68,5080.79,5080.74,11.0,0.2165,-259.0,-274.0,-5.0951,-5.3901,0.2950,5069.41970261,5069.47628464,5072.18176209,5070.72662240
243,XAUUSD,PERIOD_M5,26090401,2026.01.27 17:40:00,1769535600023,2026.01.27 17:40:00,BUY,10,2026.01.27 17:50:00,1769536200023,2026.01.27 17:50:00,1769536200035,12,OK,5083.23,5083.42,5083.32,19.0,0.3738,5085.75,5085.84,5085.80,9.0,0.1770,247.0,233.0,4.8590,4.5835,0.2755,5069.41970261,5069.47628464,5072.18176209,5070.72662240
243,XAUUSD,PERIOD_M5,26090401,2026.01.27 17:40:00,1769535600023,2026.01.27 17:40:00,BUY,15,2026.01.27 17:55:00,1769536500023,2026.01.27 17:55:00,1769536500025,2,OK,5083.23,5083.42,5083.32,19.0,0.3738,5084.40,5084.57,5084.48,17.0,0.3344,116.0,98.0,2.2820,1.9278,0.3541,5069.41970261,5069.47628464,5072.18176209,5070.72662240
243,XAUUSD,PERIOD_M5,26090401,2026.01.27 17:40:00,1769535600023,2026.01.27 17:40:00,BUY,30,2026.01.27 18:10:00,1769537400023,2026.01.27 18:10:00,1769537400037,14,OK,5083.23,5083.42,5083.32,19.0,0.3738,5090.83,5090.92,5090.88,9.0,0.1768,755.0,741.0,14.8525,14.5768,0.2757,5069.41970261,5069.47628464,5072.18176209,5070.72662240
243,XAUUSD,PERIOD_M5,26090401,2026.01.27 17:40:00,1769535600023,2026.01.27 17:40:00,BUY,60,2026.01.27 18:40:00,1769539200023,2026.01.27 18:40:00,1769539200118,95,OK,5083.23,5083.42,5083.32,19.0,0.3738,5091.92,5092.07,5091.99,15.0,0.2946,867.0,850.0,17.0558,16.7210,0.3347,5069.41970261,5069.47628464,5072.18176209,5070.72662240
244,XAUUSD,PERIOD_M5,26090401,2026.01.27 19:45:00,1769543100048,2026.01.27 19:45:00,SELL,1,2026.01.27 19:46:00,1769543160048,2026.01.27 19:46:00,1769543160060,12,OK,5082.01,5082.05,5082.03,4.0,0.0787,5082.58,5082.73,5082.65,15.0,0.2951,-62.5,-72.0,-1.2298,-1.4168,0.1869,5086.53982623,5086.13807935,5085.63386098,5085.76279941
244,XAUUSD,PERIOD_M5,26090401,2026.01.27 19:45:00,1769543100048,2026.01.27 19:45:00,SELL,3,2026.01.27 19:48:00,1769543280048,2026.01.27 19:48:00,1769543280183,135,OK,5082.01,5082.05,5082.03,4.0,0.0787,5080.94,5081.11,5081.02,17.0,0.3346,100.5,90.0,1.9776,1.7710,0.2066,5086.53982623,5086.13807935,5085.63386098,5085.76279941
244,XAUUSD,PERIOD_M5,26090401,2026.01.27 19:45:00,1769543100048,2026.01.27 19:45:00,SELL,5,2026.01.27 19:50:00,1769543400048,2026.01.27 19:50:00,1769543400071,23,OK,5082.01,5082.05,5082.03,4.0,0.0787,5078.68,5078.84,5078.76,16.0,0.3150,327.0,317.0,6.4344,6.2377,0.1967,5086.53982623,5086.13807935,5085.63386098,5085.76279941
244,XAUUSD,PERIOD_M5,26090401,2026.01.27 19:45:00,1769543100048,2026.01.27 19:45:00,SELL,10,2026.01.27 19:55:00,1769543700048,2026.01.27 19:55:00,1769543700052,4,OK,5082.01,5082.05,5082.03,4.0,0.0787,5082.10,5082.30,5082.20,20.0,0.3935,-17.0,-29.0,-0.3345,-0.5706,0.2361,5086.53982623,5086.13807935,5085.63386098,5085.76279941
244,XAUUSD,PERIOD_M5,26090401,2026.01.27 19:45:00,1769543100048,2026.01.27 19:45:00,SELL,15,2026.01.27 20:00:00,1769544000048,2026.01.27 20:00:00,1769544000068,20,OK,5082.01,5082.05,5082.03,4.0,0.0787,5081.36,5081.43,5081.40,7.0,0.1378,63.5,58.0,1.2495,1.1413,0.1082,5086.53982623,5086.13807935,5085.63386098,5085.76279941
244,XAUUSD,PERIOD_M5,26090401,2026.01.27 19:45:00,1769543100048,2026.01.27 19:45:00,SELL,30,2026.01.27 20:15:00,1769544900048,2026.01.27 20:15:00,1769544900121,73,OK,5082.01,5082.05,5082.03,4.0,0.0787,5081.67,5081.87,5081.77,20.0,0.3936,26.0,14.0,0.5116,0.2755,0.2361,5086.53982623,5086.13807935,5085.63386098,5085.76279941
245,XAUUSD,PERIOD_M5,26090401,2026.01.27 20:40:00,1769546400044,2026.01.27 20:40:00,BUY,1,2026.01.27 20:41:00,1769546460044,2026.01.27 20:41:00,1769546460070,26,OK,5090.00,5090.04,5090.02,4.0,0.0786,5089.02,5089.06,5089.04,4.0,0.0786,-98.0,-102.0,-1.9253,-2.0039,0.0786,5084.15051071,5084.20623066,5085.31440857,5084.73020969
245,XAUUSD,PERIOD_M5,26090401,2026.01.27 20:40:00,1769546400044,2026.01.27 20:40:00,BUY,3,2026.01.27 20:43:00,1769546580044,2026.01.27 20:43:00,1769546580052,8,OK,5090.00,5090.04,5090.02,4.0,0.0786,5088.41,5088.48,5088.44,7.0,0.1376,-157.5,-163.0,-3.0943,-3.2023,0.1080,5084.15051071,5084.20623066,5085.31440857,5084.73020969
245,XAUUSD,PERIOD_M5,26090401,2026.01.27 20:40:00,1769546400044,2026.01.27 20:40:00,BUY,5,2026.01.27 20:45:00,1769546700044,2026.01.27 20:45:00,1769546700102,58,OK,5090.00,5090.04,5090.02,4.0,0.0786,5088.35,5088.45,5088.40,10.0,0.1965,-162.0,-169.0,-3.1827,-3.3202,0.1375,5084.15051071,5084.20623066,5085.31440857,5084.73020969
244,XAUUSD,PERIOD_M5,26090401,2026.01.27 19:45:00,1769543100048,2026.01.27 19:45:00,SELL,60,2026.01.27 20:45:00,1769546700048,2026.01.27 20:45:00,1769546700102,54,OK,5082.01,5082.05,5082.03,4.0,0.0787,5088.35,5088.45,5088.40,10.0,0.1965,-637.0,-644.0,-12.5344,-12.6722,0.1378,5086.53982623,5086.13807935,5085.63386098,5085.76279941
245,XAUUSD,PERIOD_M5,26090401,2026.01.27 20:40:00,1769546400044,2026.01.27 20:40:00,BUY,10,2026.01.27 20:50:00,1769547000044,2026.01.27 20:50:00,1769547000051,7,OK,5090.00,5090.04,5090.02,4.0,0.0786,5092.33,5092.40,5092.36,7.0,0.1375,234.5,229.0,4.6071,4.4990,0.1081,5084.15051071,5084.20623066,5085.31440857,5084.73020969
245,XAUUSD,PERIOD_M5,26090401,2026.01.27 20:40:00,1769546400044,2026.01.27 20:40:00,BUY,15,2026.01.27 20:55:00,1769547300044,2026.01.27 20:55:00,1769547300090,46,OK,5090.00,5090.04,5090.02,4.0,0.0786,5092.38,5092.52,5092.45,14.0,0.2749,243.0,234.0,4.7740,4.5972,0.1768,5084.15051071,5084.20623066,5085.31440857,5084.73020969
245,XAUUSD,PERIOD_M5,26090401,2026.01.27 20:40:00,1769546400044,2026.01.27 20:40:00,BUY,30,2026.01.27 21:10:00,1769548200044,2026.01.27 21:10:00,1769548200044,0,OK,5090.00,5090.04,5090.02,4.0,0.0786,5085.63,5085.82,5085.73,19.0,0.3736,-429.5,-441.0,-8.4381,-8.6640,0.2259,5084.15051071,5084.20623066,5085.31440857,5084.73020969
245,XAUUSD,PERIOD_M5,26090401,2026.01.27 20:40:00,1769546400044,2026.01.27 20:40:00,BUY,60,2026.01.27 21:40:00,1769550000044,2026.01.27 21:40:00,1769550000233,189,OK,5090.00,5090.04,5090.02,4.0,0.0786,5090.21,5090.35,5090.28,14.0,0.2750,26.0,17.0,0.5108,0.3340,0.1768,5084.15051071,5084.20623066,5085.31440857,5084.73020969
246,XAUUSD,PERIOD_M5,26090401,2026.01.28 02:25:00,1769567100257,2026.01.28 02:25:00,SELL,1,2026.01.28 02:26:00,1769567160257,2026.01.28 02:26:00,1769567160627,370,OK,5163.61,5163.77,5163.69,16.0,0.3099,5162.67,5162.84,5162.76,17.0,0.3293,93.5,77.0,1.8107,1.4912,0.3195,5166.94020807,5166.87719037,5166.27416646,5166.58017306
246,XAUUSD,PERIOD_M5,26090401,2026.01.28 02:25:00,1769567100257,2026.01.28 02:25:00,SELL,3,2026.01.28 02:28:00,1769567280257,2026.01.28 02:28:00,1769567280359,102,OK,5163.61,5163.77,5163.69,16.0,0.3099,5162.63,5162.82,5162.73,19.0,0.3680,96.5,79.0,1.8688,1.5299,0.3389,5166.94020807,5166.87719037,5166.27416646,5166.58017306
246,XAUUSD,PERIOD_M5,26090401,2026.01.28 02:25:00,1769567100257,2026.01.28 02:25:00,SELL,5,2026.01.28 02:30:00,1769567400257,2026.01.28 02:30:00,1769567400297,40,OK,5163.61,5163.77,5163.69,16.0,0.3099,5163.21,5163.38,5163.30,17.0,0.3292,39.5,23.0,0.7650,0.4454,0.3195,5166.94020807,5166.87719037,5166.27416646,5166.58017306
246,XAUUSD,PERIOD_M5,26090401,2026.01.28 02:25:00,1769567100257,2026.01.28 02:25:00,SELL,10,2026.01.28 02:35:00,1769567700257,2026.01.28 02:35:00,1769567700278,21,OK,5163.61,5163.77,5163.69,16.0,0.3099,5166.36,5166.52,5166.44,16.0,0.3097,-275.0,-291.0,-5.3256,-5.6356,0.3099,5166.94020807,5166.87719037,5166.27416646,5166.58017306
246,XAUUSD,PERIOD_M5,26090401,2026.01.28 02:25:00,1769567100257,2026.01.28 02:25:00,SELL,15,2026.01.28 02:40:00,1769568000257,2026.01.28 02:40:00,1769568000487,230,OK,5163.61,5163.77,5163.69,16.0,0.3099,5169.66,5169.70,5169.68,4.0,0.0774,-599.0,-609.0,-11.6002,-11.7941,0.1938,5166.94020807,5166.87719037,5166.27416646,5166.58017306
247,XAUUSD,PERIOD_M5,26090401,2026.01.28 02:45:00,1769568300002,2026.01.28 02:45:00,BUY,1,2026.01.28 02:46:00,1769568360002,2026.01.28 02:46:00,1769568360036,34,OK,5168.26,5168.42,5168.34,16.0,0.3096,5171.14,5171.34,5171.24,20.0,0.3868,290.0,272.0,5.6111,5.2627,0.3484,5166.53485323,5166.57242905,5166.88588258,5166.72857186
247,XAUUSD,PERIOD_M5,26090401,2026.01.28 02:45:00,1769568300002,2026.01.28 02:45:00,BUY,3,2026.01.28 02:48:00,1769568480002,2026.01.28 02:48:00,1769568480010,8,OK,5168.26,5168.42,5168.34,16.0,0.3096,5170.88,5171.08,5170.98,20.0,0.3868,264.0,246.0,5.1080,4.7597,0.3483,5166.53485323,5166.57242905,5166.88588258,5166.72857186
247,XAUUSD,PERIOD_M5,26090401,2026.01.28 02:45:00,1769568300002,2026.01.28 02:45:00,BUY,5,2026.01.28 02:50:00,1769568600002,2026.01.28 02:50:00,1769568600029,27,OK,5168.26,5168.42,5168.34,16.0,0.3096,5170.66,5170.84,5170.75,18.0,0.3481,241.0,224.0,4.6630,4.3340,0.3290,5166.53485323,5166.57242905,5166.88588258,5166.72857186
247,XAUUSD,PERIOD_M5,26090401,2026.01.28 02:45:00,1769568300002,2026.01.28 02:45:00,BUY,10,2026.01.28 02:55:00,1769568900002,2026.01.28 02:55:00,1769568900012,10,OK,5168.26,5168.42,5168.34,16.0,0.3096,5177.86,5177.99,5177.92,13.0,0.2511,958.5,944.0,18.5456,18.2648,0.2808,5166.53485323,5166.57242905,5166.88588258,5166.72857186
246,XAUUSD,PERIOD_M5,26090401,2026.01.28 02:25:00,1769567100257,2026.01.28 02:25:00,SELL,30,2026.01.28 02:55:00,1769568900257,2026.01.28 02:55:00,1769568900300,43,OK,5163.61,5163.77,5163.69,16.0,0.3099,5177.82,5177.86,5177.84,4.0,0.0773,-1415.0,-1425.0,-27.4029,-27.5970,0.1941,5166.94020807,5166.87719037,5166.27416646,5166.58017306
247,XAUUSD,PERIOD_M5,26090401,2026.01.28 02:45:00,1769568300002,2026.01.28 02:45:00,BUY,15,2026.01.28 03:00:00,1769569200002,2026.01.28 03:00:00,1769569200040,38,OK,5168.26,5168.42,5168.34,16.0,0.3096,5171.93,5172.07,5172.00,14.0,0.2707,366.0,351.0,7.0816,6.7912,0.2903,5166.53485323,5166.57242905,5166.88588258,5166.72857186
247,XAUUSD,PERIOD_M5,26090401,2026.01.28 02:45:00,1769568300002,2026.01.28 02:45:00,BUY,30,2026.01.28 03:15:00,1769570100002,2026.01.28 03:15:00,1769570100045,43,OK,5168.26,5168.42,5168.34,16.0,0.3096,5190.97,5191.20,5191.09,23.0,0.4431,2274.5,2255.0,44.0083,43.6304,0.3780,5166.53485323,5166.57242905,5166.88588258,5166.72857186
246,XAUUSD,PERIOD_M5,26090401,2026.01.28 02:25:00,1769567100257,2026.01.28 02:25:00,SELL,60,2026.01.28 03:25:00,1769570700257,2026.01.28 03:25:00,1769570700355,98,OK,5163.61,5163.77,5163.69,16.0,0.3099,5190.52,5190.74,5190.63,22.0,0.4238,-2694.0,-2713.0,-52.1720,-52.5408,0.3688,5166.94020807,5166.87719037,5166.27416646,5166.58017306
247,XAUUSD,PERIOD_M5,26090401,2026.01.28 02:45:00,1769568300002,2026.01.28 02:45:00,BUY,60,2026.01.28 03:45:00,1769571900002,2026.01.28 03:45:00,1769571900061,59,OK,5168.26,5168.42,5168.34,16.0,0.3096,5215.45,5215.68,5215.57,23.0,0.4410,4722.5,4703.0,91.3736,90.9949,0.3787,5166.53485323,5166.57242905,5166.88588258,5166.72857186
248,XAUUSD,PERIOD_M5,26090401,2026.01.28 11:25:00,1769599500024,2026.01.28 11:25:00,SELL,1,2026.01.28 11:26:00,1769599560024,2026.01.28 11:26:00,1769599560032,8,OK,5269.60,5269.69,5269.65,9.0,0.1708,5274.23,5274.27,5274.25,4.0,0.0758,-460.5,-467.0,-8.7387,-8.8622,0.1234,5288.07894574,5287.20050142,5284.38315659,5285.60045583
248,XAUUSD,PERIOD_M5,26090401,2026.01.28 11:25:00,1769599500024,2026.01.28 11:25:00,SELL,3,2026.01.28 11:28:00,1769599680024,2026.01.28 11:28:00,1769599680033,9,OK,5269.60,5269.69,5269.65,9.0,0.1708,5274.75,5274.81,5274.78,6.0,0.1137,-513.5,-521.0,-9.7445,-9.8869,0.1424,5288.07894574,5287.20050142,5284.38315659,5285.60045583
248,XAUUSD,PERIOD_M5,26090401,2026.01.28 11:25:00,1769599500024,2026.01.28 11:25:00,SELL,5,2026.01.28 11:30:00,1769599800024,2026.01.28 11:30:00,1769599800179,155,OK,5269.60,5269.69,5269.65,9.0,0.1708,5275.47,5275.51,5275.49,4.0,0.0758,-584.5,-591.0,-11.0918,-11.2153,0.1234,5288.07894574,5287.20050142,5284.38315659,5285.60045583
248,XAUUSD,PERIOD_M5,26090401,2026.01.28 11:25:00,1769599500024,2026.01.28 11:25:00,SELL,10,2026.01.28 11:35:00,1769600100024,2026.01.28 11:35:00,1769600100028,4,OK,5269.60,5269.69,5269.65,9.0,0.1708,5280.20,5280.36,5280.28,16.0,0.3030,-1063.5,-1076.0,-20.1816,-20.4190,0.2374,5288.07894574,5287.20050142,5284.38315659,5285.60045583
248,XAUUSD,PERIOD_M5,26090401,2026.01.28 11:25:00,1769599500024,2026.01.28 11:25:00,SELL,15,2026.01.28 11:40:00,1769600400024,2026.01.28 11:40:00,1769600400071,47,OK,5269.60,5269.69,5269.65,9.0,0.1708,5275.80,5275.93,5275.86,13.0,0.2464,-622.0,-633.0,-11.8035,-12.0123,0.2088,5288.07894574,5287.20050142,5284.38315659,5285.60045583
248,XAUUSD,PERIOD_M5,26090401,2026.01.28 11:25:00,1769599500024,2026.01.28 11:25:00,SELL,30,2026.01.28 11:55:00,1769601300024,2026.01.28 11:55:00,1769601300048,24,OK,5269.60,5269.69,5269.65,9.0,0.1708,5275.68,5275.83,5275.76,15.0,0.2843,-611.0,-623.0,-11.5947,-11.8225,0.2278,5288.07894574,5287.20050142,5284.38315659,5285.60045583
248,XAUUSD,PERIOD_M5,26090401,2026.01.28 11:25:00,1769599500024,2026.01.28 11:25:00,SELL,60,2026.01.28 12:25:00,1769603100024,2026.01.28 12:25:00,1769603100030,6,OK,5269.60,5269.69,5269.65,9.0,0.1708,5279.29,5279.44,5279.36,15.0,0.2841,-972.0,-984.0,-18.4453,-18.6731,0.2279,5288.07894574,5287.20050142,5284.38315659,5285.60045583
249,XAUUSD,PERIOD_M5,26090401,2026.01.28 14:45:00,1769611500008,2026.01.28 14:45:00,BUY,1,2026.01.28 14:46:00,1769611560008,2026.01.28 14:46:00,1769611560071,63,OK,5269.56,5269.76,5269.66,20.0,0.3795,5270.59,5270.64,5270.61,5.0,0.0949,95.5,83.0,1.8123,1.5750,0.2372,5263.73435223,5263.93263123,5264.89948178,5264.44421021
249,XAUUSD,PERIOD_M5,26090401,2026.01.28 14:45:00,1769611500008,2026.01.28 14:45:00,BUY,3,2026.01.28 14:48:00,1769611680008,2026.01.28 14:48:00,1769611680080,72,OK,5269.56,5269.76,5269.66,20.0,0.3795,5270.62,5270.79,5270.70,17.0,0.3225,104.5,86.0,1.9831,1.6320,0.3511,5263.73435223,5263.93263123,5264.89948178,5264.44421021
249,XAUUSD,PERIOD_M5,26090401,2026.01.28 14:45:00,1769611500008,2026.01.28 14:45:00,BUY,5,2026.01.28 14:50:00,1769611800008,2026.01.28 14:50:00,1769611800015,7,OK,5269.56,5269.76,5269.66,20.0,0.3795,5267.75,5267.92,5267.84,17.0,0.3227,-182.5,-201.0,-3.4632,-3.8142,0.3510,5263.73435223,5263.93263123,5264.89948178,5264.44421021
249,XAUUSD,PERIOD_M5,26090401,2026.01.28 14:45:00,1769611500008,2026.01.28 14:45:00,BUY,10,2026.01.28 14:55:00,1769612100008,2026.01.28 14:55:00,1769612100041,33,OK,5269.56,5269.76,5269.66,20.0,0.3795,5274.66,5274.77,5274.72,11.0,0.2085,505.5,490.0,9.5926,9.2983,0.2943,5263.73435223,5263.93263123,5264.89948178,5264.44421021
249,XAUUSD,PERIOD_M5,26090401,2026.01.28 14:45:00,1769611500008,2026.01.28 14:45:00,BUY,15,2026.01.28 15:00:00,1769612400008,2026.01.28 15:00:00,1769612400032,24,OK,5269.56,5269.76,5269.66,20.0,0.3795,5279.20,5279.36,5279.28,16.0,0.3031,962.0,944.0,18.2554,17.9135,0.3419,5263.73435223,5263.93263123,5264.89948178,5264.44421021
249,XAUUSD,PERIOD_M5,26090401,2026.01.28 14:45:00,1769611500008,2026.01.28 14:45:00,BUY,30,2026.01.28 15:15:00,1769613300008,2026.01.28 15:15:00,1769613300030,22,OK,5269.56,5269.76,5269.66,20.0,0.3795,5275.44,5275.48,5275.46,4.0,0.0758,580.0,568.0,11.0064,10.7785,0.2279,5263.73435223,5263.93263123,5264.89948178,5264.44421021
249,XAUUSD,PERIOD_M5,26090401,2026.01.28 14:45:00,1769611500008,2026.01.28 14:45:00,BUY,60,2026.01.28 15:45:00,1769615100008,2026.01.28 15:45:00,1769615100069,61,OK,5269.56,5269.76,5269.66,20.0,0.3795,5261.48,5261.66,5261.57,18.0,0.3421,-809.0,-828.0,-15.3520,-15.7123,0.3603,5263.73435223,5263.93263123,5264.89948178,5264.44421021
250,XAUUSD,PERIOD_M5,26090401,2026.01.28 15:50:00,1769615400003,2026.01.28 15:50:00,SELL,1,2026.01.28 15:51:00,1769615460003,2026.01.28 15:51:00,1769615460044,41,OK,5266.23,5266.32,5266.27,9.0,0.1709,5266.71,5266.90,5266.81,19.0,0.3608,-53.0,-67.0,-1.0064,-1.2723,0.2659,5271.80966987,5271.19204005,5270.69373590,5270.74094550
250,XAUUSD,PERIOD_M5,26090401,2026.01.28 15:50:00,1769615400003,2026.01.28 15:50:00,SELL,3,2026.01.28 15:53:00,1769615580003,2026.01.28 15:53:00,1769615580021,18,OK,5266.23,5266.32,5266.27,9.0,0.1709,5265.37,5265.50,5265.43,13.0,0.2469,84.0,73.0,1.5951,1.3862,0.2089,5271.80966987,5271.19204005,5270.69373590,5270.74094550
250,XAUUSD,PERIOD_M5,26090401,2026.01.28 15:50:00,1769615400003,2026.01.28 15:50:00,SELL,5,2026.01.28 15:55:00,1769615700003,2026.01.28 15:55:00,1769615700017,14,OK,5266.23,5266.32,5266.27,9.0,0.1709,5263.03,5263.20,5263.11,17.0,0.3230,316.0,303.0,6.0004,5.7536,0.2468,5271.80966987,5271.19204005,5270.69373590,5270.74094550
250,XAUUSD,PERIOD_M5,26090401,2026.01.28 15:50:00,1769615400003,2026.01.28 15:50:00,SELL,10,2026.01.28 16:00:00,1769616000003,2026.01.28 16:00:00,1769616000012,9,OK,5266.23,5266.32,5266.27,9.0,0.1709,5266.66,5266.70,5266.68,4.0,0.0759,-40.5,-47.0,-0.7690,-0.8925,0.1234,5271.80966987,5271.19204005,5270.69373590,5270.74094550
250,XAUUSD,PERIOD_M5,26090401,2026.01.28 15:50:00,1769615400003,2026.01.28 15:50:00,SELL,15,2026.01.28 16:05:00,1769616300003,2026.01.28 16:05:00,1769616300006,3,OK,5266.23,5266.32,5266.27,9.0,0.1709,5260.65,5260.79,5260.72,14.0,0.2661,555.5,544.0,10.5483,10.3300,0.2183,5271.80966987,5271.19204005,5270.69373590,5270.74094550
250,XAUUSD,PERIOD_M5,26090401,2026.01.28 15:50:00,1769615400003,2026.01.28 15:50:00,SELL,30,2026.01.28 16:20:00,1769617200003,2026.01.28 16:20:00,1769617200031,28,OK,5266.23,5266.32,5266.27,9.0,0.1709,5265.99,5266.18,5266.09,19.0,0.3608,19.0,5.0,0.3608,0.0949,0.2658,5271.80966987,5271.19204005,5270.69373590,5270.74094550
251,XAUUSD,PERIOD_M5,26090401,2026.01.28 16:45:00,1769618700022,2026.01.28 16:45:00,BUY,1,2026.01.28 16:46:00,1769618760022,2026.01.28 16:46:00,1769618760033,11,OK,5279.21,5279.37,5279.29,16.0,0.3031,5276.31,5276.35,5276.33,4.0,0.0758,-296.0,-306.0,-5.6068,-5.7961,0.1893,5267.47677715,5267.63263429,5269.82342172,5268.68512209
251,XAUUSD,PERIOD_M5,26090401,2026.01.28 16:45:00,1769618700022,2026.01.28 16:45:00,BUY,3,2026.01.28 16:48:00,1769618880022,2026.01.28 16:48:00,1769618880170,148,OK,5279.21,5279.37,5279.29,16.0,0.3031,5276.05,5276.18,5276.11,13.0,0.2464,-317.5,-332.0,-6.0141,-6.2886,0.2746,5267.47677715,5267.63263429,5269.82342172,5268.68512209
251,XAUUSD,PERIOD_M5,26090401,2026.01.28 16:45:00,1769618700022,2026.01.28 16:45:00,BUY,5,2026.01.28 16:50:00,1769619000022,2026.01.28 16:50:00,1769619000048,26,OK,5279.21,5279.37,5279.29,16.0,0.3031,5277.63,5277.68,5277.66,5.0,0.0947,-163.5,-174.0,-3.0970,-3.2958,0.1988,5267.47677715,5267.63263429,5269.82342172,5268.68512209
250,XAUUSD,PERIOD_M5,26090401,2026.01.28 15:50:00,1769615400003,2026.01.28 15:50:00,SELL,60,2026.01.28 16:50:00,1769619000003,2026.01.28 16:50:00,1769619000048,45,OK,5266.23,5266.32,5266.27,9.0,0.1709,5277.63,5277.68,5277.66,5.0,0.0947,-1138.0,-1145.0,-21.6092,-21.7423,0.1331,5271.80966987,5271.19204005,5270.69373590,5270.74094550
251,XAUUSD,PERIOD_M5,26090401,2026.01.28 16:45:00,1769618700022,2026.01.28 16:45:00,BUY,10,2026.01.28 16:55:00,1769619300022,2026.01.28 16:55:00,1769619300613,591,OK,5279.21,5279.37,5279.29,16.0,0.3031,5272.14,5272.22,5272.18,8.0,0.1517,-711.0,-723.0,-13.4677,-13.6948,0.2271,5267.47677715,5267.63263429,5269.82342172,5268.68512209
251,XAUUSD,PERIOD_M5,26090401,2026.01.28 16:45:00,1769618700022,2026.01.28 16:45:00,BUY,15,2026.01.28 17:00:00,1769619600022,2026.01.28 17:00:00,1769619600057,35,OK,5279.21,5279.37,5279.29,16.0,0.3031,5286.17,5286.33,5286.25,16.0,0.3027,696.0,680.0,13.1836,12.8803,0.3033,5267.47677715,5267.63263429,5269.82342172,5268.68512209
252,XAUUSD,PERIOD_M5,26090401,2026.01.28 17:15:00,1769620500019,2026.01.28 17:15:00,SELL,1,2026.01.28 17:16:00,1769620560019,2026.01.28 17:16:00,1769620560022,3,OK,5256.82,5256.96,5256.89,14.0,0.2663,5260.78,5260.92,5260.85,14.0,0.2661,-396.0,-410.0,-7.5330,-7.7994,0.2664,5271.10147323,5270.45570911,5268.25717858,5269.22155374
252,XAUUSD,PERIOD_M5,26090401,2026.01.28 17:15:00,1769620500019,2026.01.28 17:15:00,SELL,3,2026.01.28 17:18:00,1769620680019,2026.01.28 17:18:00,1769620680086,67,OK,5256.82,5256.96,5256.89,14.0,0.2663,5247.75,5247.80,5247.77,5.0,0.0953,911.5,902.0,17.3391,17.1587,0.1805,5271.10147323,5270.45570911,5268.25717858,5269.22155374
251,XAUUSD,PERIOD_M5,26090401,2026.01.28 16:45:00,1769618700022,2026.01.28 16:45:00,BUY,30,2026.01.28 17:15:00,1769620500022,2026.01.28 17:15:00,1769620500076,54,OK,5279.21,5279.37,5279.29,16.0,0.3031,5256.64,5256.68,5256.66,4.0,0.0761,-2263.0,-2273.0,-42.8656,-43.0544,0.1888,5267.47677715,5267.63263429,5269.82342172,5268.68512209
252,XAUUSD,PERIOD_M5,26090401,2026.01.28 17:15:00,1769620500019,2026.01.28 17:15:00,SELL,5,2026.01.28 17:20:00,1769620800019,2026.01.28 17:20:00,1769620800024,5,OK,5256.82,5256.96,5256.89,14.0,0.2663,5256.24,5256.40,5256.32,16.0,0.3044,57.0,42.0,1.0843,0.7990,0.2853,5271.10147323,5270.45570911,5268.25717858,5269.22155374
252,XAUUSD,PERIOD_M5,26090401,2026.01.28 17:15:00,1769620500019,2026.01.28 17:15:00,SELL,10,2026.01.28 17:25:00,1769621100019,2026.01.28 17:25:00,1769621100031,12,OK,5256.82,5256.96,5256.89,14.0,0.2663,5269.67,5269.79,5269.73,12.0,0.2277,-1284.0,-1297.0,-24.4251,-24.6727,0.2476,5271.10147323,5270.45570911,5268.25717858,5269.22155374
252,XAUUSD,PERIOD_M5,26090401,2026.01.28 17:15:00,1769620500019,2026.01.28 17:15:00,SELL,15,2026.01.28 17:30:00,1769621400019,2026.01.28 17:30:00,1769621400057,38,OK,5256.82,5256.96,5256.89,14.0,0.2663,5269.63,5269.82,5269.73,19.0,0.3606,-1283.5,-1300.0,-24.4156,-24.7298,0.3142,5271.10147323,5270.45570911,5268.25717858,5269.22155374
253,XAUUSD,PERIOD_M5,26090401,2026.01.28 17:40:00,1769622000027,2026.01.28 17:40:00,BUY,1,2026.01.28 17:41:00,1769622060027,2026.01.28 17:41:00,1769622060055,28,OK,5274.41,5274.57,5274.49,16.0,0.3033,5278.78,5278.95,5278.86,17.0,0.3220,437.5,421.0,8.2946,7.9817,0.3129,5268.43668435,5268.77560190,5269.63134748,5269.28781991
253,XAUUSD,PERIOD_M5,26090401,2026.01.28 17:40:00,1769622000027,2026.01.28 17:40:00,BUY,3,2026.01.28 17:43:00,1769622180027,2026.01.28 17:43:00,1769622180059,32,OK,5274.41,5274.57,5274.49,16.0,0.3033,5279.61,5279.79,5279.70,18.0,0.3409,521.0,504.0,9.8777,9.5553,0.3225,5268.43668435,5268.77560190,5269.63134748,5269.28781991
253,XAUUSD,PERIOD_M5,26090401,2026.01.28 17:40:00,1769622000027,2026.01.28 17:40:00,BUY,5,2026.01.28 17:45:00,1769622300027,2026.01.28 17:45:00,1769622300030,3,OK,5274.41,5274.57,5274.49,16.0,0.3033,5280.21,5280.37,5280.29,16.0,0.3030,580.0,564.0,10.9963,10.6928,0.3035,5268.43668435,5268.77560190,5269.63134748,5269.28781991
252,XAUUSD,PERIOD_M5,26090401,2026.01.28 17:15:00,1769620500019,2026.01.28 17:15:00,SELL,30,2026.01.28 17:45:00,1769622300019,2026.01.28 17:45:00,1769622300030,11,OK,5256.82,5256.96,5256.89,14.0,0.2663,5280.21,5280.37,5280.29,16.0,0.3030,-2340.0,-2355.0,-44.5130,-44.7989,0.2859,5271.10147323,5270.45570911,5268.25717858,5269.22155374
251,XAUUSD,PERIOD_M5,26090401,2026.01.28 16:45:00,1769618700022,2026.01.28 16:45:00,BUY,60,2026.01.28 17:45:00,1769622300022,2026.01.28 17:45:00,1769622300030,8,OK,5279.21,5279.37,5279.29,16.0,0.3031,5280.21,5280.37,5280.29,16.0,0.3030,100.0,84.0,1.8942,1.5911,0.3031,5267.47677715,5267.63263429,5269.82342172,5268.68512209
253,XAUUSD,PERIOD_M5,26090401,2026.01.28 17:40:00,1769622000027,2026.01.28 17:40:00,BUY,10,2026.01.28 17:50:00,1769622600027,2026.01.28 17:50:00,1769622600071,44,OK,5274.41,5274.57,5274.49,16.0,0.3033,5275.89,5276.08,5275.99,19.0,0.3601,149.5,132.0,2.8344,2.5026,0.3318,5268.43668435,5268.77560190,5269.63134748,5269.28781991
253,XAUUSD,PERIOD_M5,26090401,2026.01.28 17:40:00,1769622000027,2026.01.28 17:40:00,BUY,15,2026.01.28 17:55:00,1769622900027,2026.01.28 17:55:00,1769622900071,44,OK,5274.41,5274.57,5274.49,16.0,0.3033,5274.41,5274.58,5274.49,17.0,0.3223,0.5,-16.0,0.0095,-0.3033,0.3128,5268.43668435,5268.77560190,5269.63134748,5269.28781991
253,XAUUSD,PERIOD_M5,26090401,2026.01.28 17:40:00,1769622000027,2026.01.28 17:40:00,BUY,30,2026.01.28 18:10:00,1769623800027,2026.01.28 18:10:00,1769623800067,40,OK,5274.41,5274.57,5274.49,16.0,0.3033,5283.66,5283.83,5283.74,17.0,0.3217,925.5,909.0,17.5467,17.2336,0.3131,5268.43668435,5268.77560190,5269.63134748,5269.28781991
252,XAUUSD,PERIOD_M5,26090401,2026.01.28 17:15:00,1769620500019,2026.01.28 17:15:00,SELL,60,2026.01.28 18:15:00,1769624100019,2026.01.28 18:15:00,1769624100031,12,OK,5256.82,5256.96,5256.89,14.0,0.2663,5284.40,5284.48,5284.44,8.0,0.1514,-2755.0,-2766.0,-52.4074,-52.6174,0.2099,5271.10147323,5270.45570911,5268.25717858,5269.22155374
253,XAUUSD,PERIOD_M5,26090401,2026.01.28 17:40:00,1769622000027,2026.01.28 17:40:00,BUY,60,2026.01.28 18:40:00,1769625600027,2026.01.28 18:40:00,1769625600080,53,OK,5274.41,5274.57,5274.49,16.0,0.3033,5283.14,5283.18,5283.16,4.0,0.0757,867.0,857.0,16.4376,16.2478,0.1898,5268.43668435,5268.77560190,5269.63134748,5269.28781991
254,XAUUSD,PERIOD_M5,26090401,2026.01.28 20:45:00,1769633100011,2026.01.28 20:45:00,SELL,1,2026.01.28 20:46:00,1769633160011,2026.01.28 20:46:00,1769633160052,41,OK,5273.65,5273.85,5273.75,20.0,0.3792,5273.37,5273.53,5273.45,16.0,0.3034,30.0,12.0,0.5689,0.2275,0.3413,5295.61086948,5294.91512768,5291.21869558,5292.98193426
254,XAUUSD,PERIOD_M5,26090401,2026.01.28 20:45:00,1769633100011,2026.01.28 20:45:00,SELL,3,2026.01.28 20:48:00,1769633280011,2026.01.28 20:48:00,1769633280045,34,OK,5273.65,5273.85,5273.75,20.0,0.3792,5277.74,5277.92,5277.83,18.0,0.3410,-408.0,-427.0,-7.7364,-8.0969,0.3604,5295.61086948,5294.91512768,5291.21869558,5292.98193426
254,XAUUSD,PERIOD_M5,26090401,2026.01.28 20:45:00,1769633100011,2026.01.28 20:45:00,SELL,5,2026.01.28 20:50:00,1769633400011,2026.01.28 20:50:00,1769633400037,26,OK,5273.65,5273.85,5273.75,20.0,0.3792,5278.75,5278.94,5278.84,19.0,0.3599,-509.5,-529.0,-9.6611,-10.0310,0.3699,5295.61086948,5294.91512768,5291.21869558,5292.98193426
254,XAUUSD,PERIOD_M5,26090401,2026.01.28 20:45:00,1769633100011,2026.01.28 20:45:00,SELL,10,2026.01.28 20:55:00,1769633700011,2026.01.28 20:55:00,1769633700043,32,OK,5273.65,5273.85,5273.75,20.0,0.3792,5275.41,5275.59,5275.50,18.0,0.3412,-175.0,-194.0,-3.3183,-3.6787,0.3603,5295.61086948,5294.91512768,5291.21869558,5292.98193426
254,XAUUSD,PERIOD_M5,26090401,2026.01.28 20:45:00,1769633100011,2026.01.28 20:45:00,SELL,15,2026.01.28 21:00:00,1769634000011,2026.01.28 21:00:00,1769634000032,21,OK,5273.65,5273.85,5273.75,20.0,0.3792,5283.16,5284.70,5283.93,154.0,2.9145,-1018.0,-1105.0,-19.3032,-20.9532,1.6501,5295.61086948,5294.91512768,5291.21869558,5292.98193426
254,XAUUSD,PERIOD_M5,26090401,2026.01.28 20:45:00,1769633100011,2026.01.28 20:45:00,SELL,30,2026.01.28 21:15:00,1769634900011,2026.01.28 21:15:00,1769634900028,17,OK,5273.65,5273.85,5273.75,20.0,0.3792,5297.28,5297.45,5297.36,17.0,0.3209,-2361.5,-2380.0,-44.7784,-45.1300,0.3516,5295.61086948,5294.91512768,5291.21869558,5292.98193426
255,XAUUSD,PERIOD_M5,26090401,2026.01.28 21:40:00,1769636400037,2026.01.28 21:40:00,BUY,1,2026.01.28 21:41:00,1769636460037,2026.01.28 21:41:00,1769636460059,22,OK,5301.00,5301.20,5301.10,20.0,0.3773,5303.84,5303.88,5303.86,4.0,0.0754,276.0,264.0,5.2065,4.9800,0.2265,5289.01539788,5289.48283965,5291.41631830,5290.53167241
255,XAUUSD,PERIOD_M5,26090401,2026.01.28 21:40:00,1769636400037,2026.01.28 21:40:00,BUY,3,2026.01.28 21:43:00,1769636580037,2026.01.28 21:43:00,1769636580118,81,OK,5301.00,5301.20,5301.10,20.0,0.3773,5306.16,5306.34,5306.25,18.0,0.3392,515.0,496.0,9.7150,9.3564,0.3586,5289.01539788,5289.48283965,5291.41631830,5290.53167241
255,XAUUSD,PERIOD_M5,26090401,2026.01.28 21:40:00,1769636400037,2026.01.28 21:40:00,BUY,5,2026.01.28 21:45:00,1769636700037,2026.01.28 21:45:00,1769636700041,4,OK,5301.00,5301.20,5301.10,20.0,0.3773,5310.85,5311.05,5310.95,20.0,0.3766,985.0,965.0,18.5810,18.2034,0.3776,5289.01539788,5289.48283965,5291.41631830,5290.53167241
254,XAUUSD,PERIOD_M5,26090401,2026.01.28 20:45:00,1769633100011,2026.01.28 20:45:00,SELL,60,2026.01.28 21:45:00,1769636700011,2026.01.28 21:45:00,1769636700041,30,OK,5273.65,5273.85,5273.75,20.0,0.3792,5310.85,5311.05,5310.95,20.0,0.3766,-3720.0,-3740.0,-70.5380,-70.9186,0.3806,5295.61086948,5294.91512768,5291.21869558,5292.98193426
255,XAUUSD,PERIOD_M5,26090401,2026.01.28 21:40:00,1769636400037,2026.01.28 21:40:00,BUY,10,2026.01.28 21:50:00,1769637000037,2026.01.28 21:50:00,1769637000130,93,OK,5301.00,5301.20,5301.10,20.0,0.3773,5316.10,5316.30,5316.20,20.0,0.3762,1510.0,1490.0,28.4847,28.1068,0.3778,5289.01539788,5289.48283965,5291.41631830,5290.53167241
255,XAUUSD,PERIOD_M5,26090401,2026.01.28 21:40:00,1769636400037,2026.01.28 21:40:00,BUY,15,2026.01.28 21:55:00,1769637300037,2026.01.28 21:55:00,1769637300071,34,OK,5301.00,5301.20,5301.10,20.0,0.3773,5315.98,5316.14,5316.06,16.0,0.3010,1496.0,1478.0,28.2206,27.8805,0.3401,5289.01539788,5289.48283965,5291.41631830,5290.53167241
255,XAUUSD,PERIOD_M5,26090401,2026.01.28 21:40:00,1769636400037,2026.01.28 21:40:00,BUY,30,2026.01.28 22:10:00,1769638200037,2026.01.28 22:10:00,1769638200048,11,OK,5301.00,5301.20,5301.10,20.0,0.3773,5332.14,5332.34,5332.24,20.0,0.3751,3114.0,3094.0,58.7425,58.3641,0.3784,5289.01539788,5289.48283965,5291.41631830,5290.53167241
255,XAUUSD,PERIOD_M5,26090401,2026.01.28 21:40:00,1769636400037,2026.01.28 21:40:00,BUY,60,2026.01.28 22:40:00,1769640000037,2026.01.28 22:40:00,1769640000070,33,OK,5301.00,5301.20,5301.10,20.0,0.3773,5376.35,5376.53,5376.44,18.0,0.3348,7534.0,7515.0,142.1214,141.7604,0.3611,5289.01539788,5289.48283965,5291.41631830,5290.53167241
256,XAUUSD,PERIOD_M5,26090401,2026.01.29 09:25:00,1769678700014,2026.01.29 09:25:00,SELL,1,2026.01.29 09:26:00,1769678760014,2026.01.29 09:26:00,1769678760041,27,OK,5555.27,5555.46,5555.36,19.0,0.3420,5552.62,5552.68,5552.65,6.0,0.1081,271.5,259.0,4.8872,4.6622,0.2249,5568.84251975,5568.03949142,5566.12601580,5566.87771947
256,XAUUSD,PERIOD_M5,26090401,2026.01.29 09:25:00,1769678700014,2026.01.29 09:25:00,SELL,3,2026.01.29 09:28:00,1769678880014,2026.01.29 09:28:00,1769678880055,41,OK,5555.27,5555.46,5555.36,19.0,0.3420,5549.27,5549.31,5549.29,4.0,0.0721,607.5,596.0,10.9354,10.7286,0.2068,5568.84251975,5568.03949142,5566.12601580,5566.87771947
256,XAUUSD,PERIOD_M5,26090401,2026.01.29 09:25:00,1769678700014,2026.01.29 09:25:00,SELL,5,2026.01.29 09:30:00,1769679000014,2026.01.29 09:30:00,1769679000036,22,OK,5555.27,5555.46,5555.36,19.0,0.3420,5541.54,5541.59,5541.57,5.0,0.0902,1380.0,1368.0,24.8409,24.6253,0.2156,5568.84251975,5568.03949142,5566.12601580,5566.87771947
256,XAUUSD,PERIOD_M5,26090401,2026.01.29 09:25:00,1769678700014,2026.01.29 09:25:00,SELL,10,2026.01.29 09:35:00,1769679300014,2026.01.29 09:35:00,1769679300090,76,OK,5555.27,5555.46,5555.36,19.0,0.3420,5553.73,5553.88,5553.81,15.0,0.2701,156.0,139.0,2.8081,2.5021,0.3060,5568.84251975,5568.03949142,5566.12601580,5566.87771947
256,XAUUSD,PERIOD_M5,26090401,2026.01.29 09:25:00,1769678700014,2026.01.29 09:25:00,SELL,15,2026.01.29 09:40:00,1769679600014,2026.01.29 09:40:00,1769679600043,29,OK,5555.27,5555.46,5555.36,19.0,0.3420,5543.65,5543.70,5543.67,5.0,0.0902,1169.0,1157.0,21.0427,20.8271,0.2157,5568.84251975,5568.03949142,5566.12601580,5566.87771947
256,XAUUSD,PERIOD_M5,26090401,2026.01.29 09:25:00,1769678700014,2026.01.29 09:25:00,SELL,30,2026.01.29 09:55:00,1769680500014,2026.01.29 09:55:00,1769680500044,30,OK,5555.27,5555.46,5555.36,19.0,0.3420,5550.91,5551.00,5550.95,9.0,0.1621,441.0,427.0,7.9383,7.6864,0.2519,5568.84251975,5568.03949142,5566.12601580,5566.87771947
256,XAUUSD,PERIOD_M5,26090401,2026.01.29 09:25:00,1769678700014,2026.01.29 09:25:00,SELL,60,2026.01.29 10:25:00,1769682300014,2026.01.29 10:25:00,1769682300016,2,OK,5555.27,5555.46,5555.36,19.0,0.3420,5530.31,5530.35,5530.33,4.0,0.0723,2503.5,2492.0,45.0645,44.8583,0.2062,5568.84251975,5568.03949142,5566.12601580,5566.87771947
257,XAUUSD,PERIOD_M5,26090401,2026.01.29 13:45:00,1769694300052,2026.01.29 13:45:00,BUY,1,2026.01.29 13:46:00,1769694360052,2026.01.29 13:46:00,1769694360122,70,OK,5514.47,5514.65,5514.56,18.0,0.3264,5519.04,5519.08,5519.06,4.0,0.0725,450.0,439.0,8.1602,7.9606,0.1996,5508.27802928,5508.68431784,5509.51242342,5509.20847077
257,XAUUSD,PERIOD_M5,26090401,2026.01.29 13:45:00,1769694300052,2026.01.29 13:45:00,BUY,3,2026.01.29 13:48:00,1769694480052,2026.01.29 13:48:00,1769694480297,245,OK,5514.47,5514.65,5514.56,18.0,0.3264,5523.53,5523.65,5523.59,12.0,0.2173,903.0,888.0,16.3748,16.1026,0.2723,5508.27802928,5508.68431784,5509.51242342,5509.20847077
257,XAUUSD,PERIOD_M5,26090401,2026.01.29 13:45:00,1769694300052,2026.01.29 13:45:00,BUY,5,2026.01.29 13:50:00,1769694600052,2026.01.29 13:50:00,1769694600114,62,OK,5514.47,5514.65,5514.56,18.0,0.3264,5524.67,5524.84,5524.76,17.0,0.3077,1019.5,1002.0,18.4874,18.1698,0.3176,5508.27802928,5508.68431784,5509.51242342,5509.20847077
257,XAUUSD,PERIOD_M5,26090401,2026.01.29 13:45:00,1769694300052,2026.01.29 13:45:00,BUY,10,2026.01.29 13:55:00,1769694900052,2026.01.29 13:55:00,1769694900087,35,OK,5514.47,5514.65,5514.56,18.0,0.3264,5526.87,5527.05,5526.96,18.0,0.3257,1240.0,1222.0,22.4859,22.1592,0.3268,5508.27802928,5508.68431784,5509.51242342,5509.20847077
257,XAUUSD,PERIOD_M5,26090401,2026.01.29 13:45:00,1769694300052,2026.01.29 13:45:00,BUY,15,2026.01.29 14:00:00,1769695200052,2026.01.29 14:00:00,1769695200080,28,OK,5514.47,5514.65,5514.56,18.0,0.3264,5522.61,5522.75,5522.68,14.0,0.2535,812.0,796.0,14.7247,14.4343,0.2904,5508.27802928,5508.68431784,5509.51242342,5509.20847077
257,XAUUSD,PERIOD_M5,26090401,2026.01.29 13:45:00,1769694300052,2026.01.29 13:45:00,BUY,30,2026.01.29 14:15:00,1769696100052,2026.01.29 14:15:00,1769696100052,0,OK,5514.47,5514.65,5514.56,18.0,0.3264,5535.72,5535.84,5535.78,12.0,0.2168,2122.0,2107.0,38.4800,38.2073,0.2726,5508.27802928,5508.68431784,5509.51242342,5509.20847077
257,XAUUSD,PERIOD_M5,26090401,2026.01.29 13:45:00,1769694300052,2026.01.29 13:45:00,BUY,60,2026.01.29 14:45:00,1769697900052,2026.01.29 14:45:00,1769697900107,55,OK,5514.47,5514.65,5514.56,18.0,0.3264,5529.90,5530.00,5529.95,10.0,0.1808,1539.0,1525.0,27.9079,27.6536,0.2543,5508.27802928,5508.68431784,5509.51242342,5509.20847077
258,XAUUSD,PERIOD_M5,26090401,2026.01.29 15:30:00,1769700600018,2026.01.29 15:30:00,SELL,1,2026.01.29 15:31:00,1769700660018,2026.01.29 15:31:00,1769700660162,144,OK,5519.28,5520.49,5519.89,121.0,2.1921,5513.20,5513.30,5513.25,10.0,0.1814,663.5,598.0,12.0202,10.8347,1.1854,5526.49880346,5526.14830179,5525.05504277,5525.52391072
258,XAUUSD,PERIOD_M5,26090401,2026.01.29 15:30:00,1769700600018,2026.01.29 15:30:00,SELL,3,2026.01.29 15:33:00,1769700780018,2026.01.29 15:33:00,1769700780046,28,OK,5519.28,5520.49,5519.89,121.0,2.1921,5512.75,5512.85,5512.80,10.0,0.1814,708.5,643.0,12.8354,11.6501,1.1853,5526.49880346,5526.14830179,5525.05504277,5525.52391072
258,XAUUSD,PERIOD_M5,26090401,2026.01.29 15:30:00,1769700600018,2026.01.29 15:30:00,SELL,5,2026.01.29 15:35:00,1769700900018,2026.01.29 15:35:00,1769700900019,1,OK,5519.28,5520.49,5519.89,121.0,2.1921,5509.90,5510.05,5509.98,15.0,0.2722,991.0,923.0,17.9533,16.7232,1.2301,5526.49880346,5526.14830179,5525.05504277,5525.52391072
258,XAUUSD,PERIOD_M5,26090401,2026.01.29 15:30:00,1769700600018,2026.01.29 15:30:00,SELL,10,2026.01.29 15:40:00,1769701200018,2026.01.29 15:40:00,1769701200098,80,OK,5519.28,5520.49,5519.89,121.0,2.1921,5517.92,5518.02,5517.97,10.0,0.1812,191.5,126.0,3.4693,2.2829,1.1864,5526.49880346,5526.14830179,5525.05504277,5525.52391072
258,XAUUSD,PERIOD_M5,26090401,2026.01.29 15:30:00,1769700600018,2026.01.29 15:30:00,SELL,15,2026.01.29 15:45:00,1769701500018,2026.01.29 15:45:00,1769701500021,3,OK,5519.28,5520.49,5519.89,121.0,2.1921,5526.09,5526.13,5526.11,4.0,0.0724,-622.5,-685.0,-11.2774,-12.4110,1.1336,5526.49880346,5526.14830179,5525.05504277,5525.52391072
258,XAUUSD,PERIOD_M5,26090401,2026.01.29 15:30:00,1769700600018,2026.01.29 15:30:00,SELL,30,2026.01.29 16:00:00,1769702400018,2026.01.29 16:00:00,1769702400023,5,OK,5519.28,5520.49,5519.89,121.0,2.1921,5510.53,5510.57,5510.55,4.0,0.0726,933.5,871.0,16.9116,15.7810,1.1305,5526.49880346,5526.14830179,5525.05504277,5525.52391072
259,XAUUSD,PERIOD_M5,26090401,2026.01.29 16:15:00,1769703300021,2026.01.29 16:15:00,BUY,1,2026.01.29 16:16:00,1769703360021,2026.01.29 16:16:00,1769703360072,51,OK,5528.96,5529.13,5529.05,17.0,0.3075,5523.15,5523.29,5523.22,14.0,0.2535,-582.5,-598.0,-10.5353,-10.8154,0.2802,5521.79817468,5522.53745576,5523.22653974,5523.11950523
259,XAUUSD,PERIOD_M5,26090401,2026.01.29 16:15:00,1769703300021,2026.01.29 16:15:00,BUY,3,2026.01.29 16:18:00,1769703480021,2026.01.29 16:18:00,1769703480029,8,OK,5528.96,5529.13,5529.05,17.0,0.3075,5524.84,5524.99,5524.91,15.0,0.2715,-413.0,-429.0,-7.4696,-7.7589,0.2893,5521.79817468,5522.53745576,5523.22653974,5523.11950523
259,XAUUSD,PERIOD_M5,26090401,2026.01.29 16:15:00,1769703300021,2026.01.29 16:15:00,BUY,5,2026.01.29 16:20:00,1769703600021,2026.01.29 16:20:00,1769703600044,23,OK,5528.96,5529.13,5529.05,17.0,0.3075,5523.53,5523.63,5523.58,10.0,0.1810,-546.5,-560.0,-9.8842,-10.1282,0.2440,5521.79817468,5522.53745576,5523.22653974,5523.11950523
259,XAUUSD,PERIOD_M5,26090401,2026.01.29 16:15:00,1769703300021,2026.01.29 16:15:00,BUY,10,2026.01.29 16:25:00,1769703900021,2026.01.29 16:25:00,1769703900034,13,OK,5528.96,5529.13,5529.05,17.0,0.3075,5526.09,5526.17,5526.13,8.0,0.1448,-291.5,-304.0,-5.2722,-5.4982,0.2260,5521.79817468,5522.53745576,5523.22653974,5523.11950523
259,XAUUSD,PERIOD_M5,26090401,2026.01.29 16:15:00,1769703300021,2026.01.29 16:15:00,BUY,15,2026.01.29 16:30:00,1769704200021,2026.01.29 16:30:00,1769704200035,14,OK,5528.96,5529.13,5529.05,17.0,0.3075,5543.92,5543.96,5543.94,4.0,0.0722,1489.5,1479.0,26.9396,26.7492,0.1903,5521.79817468,5522.53745576,5523.22653974,5523.11950523
258,XAUUSD,PERIOD_M5,26090401,2026.01.29 15:30:00,1769700600018,2026.01.29 15:30:00,SELL,60,2026.01.29 16:30:00,1769704200018,2026.01.29 16:30:00,1769704200035,17,OK,5519.28,5520.49,5519.89,121.0,2.1921,5543.92,5543.96,5543.94,4.0,0.0722,-2405.5,-2468.0,-43.5788,-44.7160,1.1372,5526.49880346,5526.14830179,5525.05504277,5525.52391072
259,XAUUSD,PERIOD_M5,26090401,2026.01.29 16:15:00,1769703300021,2026.01.29 16:15:00,BUY,30,2026.01.29 16:45:00,1769705100021,2026.01.29 16:45:00,1769705100033,12,OK,5528.96,5529.13,5529.05,17.0,0.3075,5517.84,5517.88,5517.86,4.0,0.0725,-1118.5,-1129.0,-20.2295,-20.4191,0.1896,5521.79817468,5522.53745576,5523.22653974,5523.11950523
260,XAUUSD,PERIOD_M5,26090401,2026.01.29 16:50:00,1769705400038,2026.01.29 16:50:00,SELL,1,2026.01.29 16:51:00,1769705460038,2026.01.29 16:51:00,1769705460074,36,OK,5516.32,5516.36,5516.34,4.0,0.0725,5508.14,5508.21,5508.18,7.0,0.1271,816.5,811.0,14.8015,14.7018,0.0997,5525.54208171,5524.78543153,5523.71366537,5524.02311958
260,XAUUSD,PERIOD_M5,26090401,2026.01.29 16:50:00,1769705400038,2026.01.29 16:50:00,SELL,3,2026.01.29 16:53:00,1769705580038,2026.01.29 16:53:00,1769705580058,20,OK,5516.32,5516.36,5516.34,4.0,0.0725,5509.10,5509.14,5509.12,4.0,0.0726,722.0,718.0,13.0884,13.0159,0.0725,5525.54208171,5524.78543153,5523.71366537,5524.02311958
260,XAUUSD,PERIOD_M5,26090401,2026.01.29 16:50:00,1769705400038,2026.01.29 16:50:00,SELL,5,2026.01.29 16:55:00,1769705700038,2026.01.29 16:55:00,1769705700077,39,OK,5516.32,5516.36,5516.34,4.0,0.0725,5505.21,5505.25,5505.23,4.0,0.0727,1111.0,1107.0,20.1402,20.0677,0.0724,5525.54208171,5524.78543153,5523.71366537,5524.02311958
260,XAUUSD,PERIOD_M5,26090401,2026.01.29 16:50:00,1769705400038,2026.01.29 16:50:00,SELL,10,2026.01.29 17:00:00,1769706000038,2026.01.29 17:00:00,1769706000040,2,OK,5516.32,5516.36,5516.34,4.0,0.0725,5496.95,5497.11,5497.03,16.0,0.2911,1931.0,1921.0,35.0051,34.8239,0.1812,5525.54208171,5524.78543153,5523.71366537,5524.02311958
260,XAUUSD,PERIOD_M5,26090401,2026.01.29 16:50:00,1769705400038,2026.01.29 16:50:00,SELL,15,2026.01.29 17:05:00,1769706300038,2026.01.29 17:05:00,1769706300053,15,OK,5516.32,5516.36,5516.34,4.0,0.0725,5458.34,5458.38,5458.36,4.0,0.0733,5798.0,5794.0,105.1059,105.0338,0.0721,5525.54208171,5524.78543153,5523.71366537,5524.02311958
259,XAUUSD,PERIOD_M5,26090401,2026.01.29 16:15:00,1769703300021,2026.01.29 16:15:00,BUY,60,2026.01.29 17:15:00,1769706900021,2026.01.29 17:15:00,1769706900024,3,OK,5528.96,5529.13,5529.05,17.0,0.3075,5384.63,5384.79,5384.71,16.0,0.2971,-14433.5,-14450.0,-261.0487,-261.3431,0.2944,5521.79817468,5522.53745576,5523.22653974,5523.11950523
260,XAUUSD,PERIOD_M5,26090401,2026.01.29 16:50:00,1769705400038,2026.01.29 16:50:00,SELL,30,2026.01.29 17:20:00,1769707200038,2026.01.29 17:20:00,1769707200056,18,OK,5516.32,5516.36,5516.34,4.0,0.0725,5331.97,5332.26,5332.11,29.0,0.5439,18422.5,18406.0,333.9624,333.6645,0.2979,5525.54208171,5524.78543153,5523.71366537,5524.02311958
260,XAUUSD,PERIOD_M5,26090401,2026.01.29 16:50:00,1769705400038,2026.01.29 16:50:00,SELL,60,2026.01.29 17:50:00,1769709000038,2026.01.29 17:50:00,1769709000049,11,OK,5516.32,5516.36,5516.34,4.0,0.0725,5166.23,5166.43,5166.33,20.0,0.3871,35001.0,34989.0,634.4968,634.2816,0.2152,5525.54208171,5524.78543153,5523.71366537,5524.02311958
261,XAUUSD,PERIOD_M5,26090401,2026.01.29 19:25:00,1769714700001,2026.01.29 19:25:00,BUY,1,2026.01.29 19:26:00,1769714760001,2026.01.29 19:26:00,1769714760025,24,OK,5331.29,5331.49,5331.39,20.0,0.3751,5345.27,5345.31,5345.29,4.0,0.0748,1390.0,1378.0,26.0720,25.8464,0.2256,5289.49757401,5290.63833456,5297.88805920,5294.34848596
261,XAUUSD,PERIOD_M5,26090401,2026.01.29 19:25:00,1769714700001,2026.01.29 19:25:00,BUY,3,2026.01.29 19:28:00,1769714880001,2026.01.29 19:28:00,1769714880006,5,OK,5331.29,5331.49,5331.39,20.0,0.3751,5364.61,5364.77,5364.69,16.0,0.2982,3330.0,3312.0,62.4603,62.1215,0.3388,5289.49757401,5290.63833456,5297.88805920,5294.34848596
261,XAUUSD,PERIOD_M5,26090401,2026.01.29 19:25:00,1769714700001,2026.01.29 19:25:00,BUY,5,2026.01.29 19:30:00,1769715000001,2026.01.29 19:30:00,1769715000030,29,OK,5331.29,5331.49,5331.39,20.0,0.3751,5362.84,5363.04,5362.94,20.0,0.3729,3155.0,3135.0,59.1778,58.8016,0.3762,5289.49757401,5290.63833456,5297.88805920,5294.34848596
261,XAUUSD,PERIOD_M5,26090401,2026.01.29 19:25:00,1769714700001,2026.01.29 19:25:00,BUY,10,2026.01.29 19:35:00,1769715300001,2026.01.29 19:35:00,1769715300030,29,OK,5331.29,5331.49,5331.39,20.0,0.3751,5344.71,5344.87,5344.79,16.0,0.2994,1340.0,1322.0,25.1342,24.7961,0.3381,5289.49757401,5290.63833456,5297.88805920,5294.34848596
261,XAUUSD,PERIOD_M5,26090401,2026.01.29 19:25:00,1769714700001,2026.01.29 19:25:00,BUY,15,2026.01.29 19:40:00,1769715600001,2026.01.29 19:40:00,1769715600031,30,OK,5331.29,5331.49,5331.39,20.0,0.3751,5363.97,5364.02,5364.00,5.0,0.0932,3260.5,3248.0,61.1567,60.9211,0.2356,5289.49757401,5290.63833456,5297.88805920,5294.34848596
261,XAUUSD,PERIOD_M5,26090401,2026.01.29 19:25:00,1769714700001,2026.01.29 19:25:00,BUY,30,2026.01.29 19:55:00,1769716500001,2026.01.29 19:55:00,1769716500051,50,OK,5331.29,5331.49,5331.39,20.0,0.3751,5342.16,5342.36,5342.26,20.0,0.3744,1087.0,1067.0,20.3887,20.0132,0.3755,5289.49757401,5290.63833456,5297.88805920,5294.34848596
261,XAUUSD,PERIOD_M5,26090401,2026.01.29 19:25:00,1769714700001,2026.01.29 19:25:00,BUY,60,2026.01.29 20:25:00,1769718300001,2026.01.29 20:25:00,1769718300046,45,OK,5331.29,5331.49,5331.39,20.0,0.3751,5331.14,5331.34,5331.24,20.0,0.3751,-15.0,-35.0,-0.2814,-0.6565,0.3751,5289.49757401,5290.63833456,5297.88805920,5294.34848596
262,XAUUSD,PERIOD_M5,26090401,2026.01.29 21:15:00,1769721300024,2026.01.29 21:15:00,SELL,1,2026.01.29 21:16:00,1769721360024,2026.01.29 21:16:00,1769721360048,24,OK,5306.71,5306.91,5306.81,20.0,0.3769,5314.43,5314.49,5314.46,6.0,0.1129,-765.0,-778.0,-14.4154,-14.6607,0.2452,5342.24468233,5338.27425292,5335.13774587,5335.40477538
262,XAUUSD,PERIOD_M5,26090401,2026.01.29 21:15:00,1769721300024,2026.01.29 21:15:00,SELL,3,2026.01.29 21:18:00,1769721480024,2026.01.29 21:18:00,1769721480059,35,OK,5306.71,5306.91,5306.81,20.0,0.3769,5324.96,5325.15,5325.06,19.0,0.3568,-1824.5,-1844.0,-34.3804,-34.7485,0.3681,5342.24468233,5338.27425292,5335.13774587,5335.40477538
262,XAUUSD,PERIOD_M5,26090401,2026.01.29 21:15:00,1769721300024,2026.01.29 21:15:00,SELL,5,2026.01.29 21:20:00,1769721600024,2026.01.29 21:20:00,1769721600112,88,OK,5306.71,5306.91,5306.81,20.0,0.3769,5319.49,5319.65,5319.57,16.0,0.3008,-1276.0,-1294.0,-24.0446,-24.3842,0.3396,5342.24468233,5338.27425292,5335.13774587,5335.40477538
262,XAUUSD,PERIOD_M5,26090401,2026.01.29 21:15:00,1769721300024,2026.01.29 21:15:00,SELL,10,2026.01.29 21:25:00,1769721900024,2026.01.29 21:25:00,1769721900098,74,OK,5306.71,5306.91,5306.81,20.0,0.3769,5314.34,5314.49,5314.41,15.0,0.2823,-760.5,-778.0,-14.3306,-14.6607,0.3300,5342.24468233,5338.27425292,5335.13774587,5335.40477538
262,XAUUSD,PERIOD_M5,26090401,2026.01.29 21:15:00,1769721300024,2026.01.29 21:15:00,SELL,15,2026.01.29 21:30:00,1769722200024,2026.01.29 21:30:00,1769722200080,56,OK,5306.71,5306.91,5306.81,20.0,0.3769,5318.73,5318.93,5318.83,20.0,0.3760,-1202.0,-1222.0,-22.6501,-23.0275,0.3773,5342.24468233,5338.27425292,5335.13774587,5335.40477538
262,XAUUSD,PERIOD_M5,26090401,2026.01.29 21:15:00,1769721300024,2026.01.29 21:15:00,SELL,30,2026.01.29 21:45:00,1769723100024,2026.01.29 21:45:00,1769723100057,33,OK,5306.71,5306.91,5306.81,20.0,0.3769,5316.96,5317.00,5316.98,4.0,0.0752,-1017.0,-1029.0,-19.1641,-19.3905,0.2265,5342.24468233,5338.27425292,5335.13774587,5335.40477538
262,XAUUSD,PERIOD_M5,26090401,2026.01.29 21:15:00,1769721300024,2026.01.29 21:15:00,SELL,60,2026.01.29 22:15:00,1769724900024,2026.01.29 22:15:00,1769724900030,6,OK,5306.71,5306.91,5306.81,20.0,0.3769,5296.19,5296.23,5296.21,4.0,0.0755,1060.0,1048.0,19.9743,19.7486,0.2258,5342.24468233,5338.27425292,5335.13774587,5335.40477538
263,XAUUSD,PERIOD_M5,26090401,2026.01.29 22:40:00,1769726400009,2026.01.29 22:40:00,BUY,1,2026.01.29 22:41:00,1769726460009,2026.01.29 22:41:00,1769726460033,24,OK,5347.48,5347.75,5347.61,27.0,0.5049,5345.23,5345.27,5345.25,4.0,0.0748,-236.5,-252.0,-4.4225,-4.7123,0.2897,5313.49361711,5316.17584604,5320.31089369,5319.03076913
263,XAUUSD,PERIOD_M5,26090401,2026.01.29 22:40:00,1769726400009,2026.01.29 22:40:00,BUY,3,2026.01.29 22:43:00,1769726580009,2026.01.29 22:43:00,1769726580014,5,OK,5347.48,5347.75,5347.61,27.0,0.5049,5353.62,5353.69,5353.65,7.0,0.1308,604.0,587.0,11.2948,10.9766,0.3182,5313.49361711,5316.17584604,5320.31089369,5319.03076913
263,XAUUSD,PERIOD_M5,26090401,2026.01.29 22:40:00,1769726400009,2026.01.29 22:40:00,BUY,5,2026.01.29 22:45:00,1769726700009,2026.01.29 22:45:00,1769726700035,26,OK,5347.48,5347.75,5347.61,27.0,0.5049,5354.50,5354.68,5354.59,18.0,0.3362,697.5,675.0,13.0432,12.6221,0.4211,5313.49361711,5316.17584604,5320.31089369,5319.03076913
263,XAUUSD,PERIOD_M5,26090401,2026.01.29 22:40:00,1769726400009,2026.01.29 22:40:00,BUY,10,2026.01.29 22:50:00,1769727000009,2026.01.29 22:50:00,1769727000011,2,OK,5347.48,5347.75,5347.61,27.0,0.5049,5371.84,5372.04,5371.94,20.0,0.3723,2432.5,2409.0,45.4876,45.0470,0.4406,5313.49361711,5316.17584604,5320.31089369,5319.03076913
263,XAUUSD,PERIOD_M5,26090401,2026.01.29 22:40:00,1769726400009,2026.01.29 22:40:00,BUY,15,2026.01.29 22:55:00,1769727300009,2026.01.29 22:55:00,1769727300017,8,OK,5347.48,5347.75,5347.61,27.0,0.5049,5390.50,5390.70,5390.60,20.0,0.3710,4298.5,4275.0,80.3816,79.9402,0.4415,5313.49361711,5316.17584604,5320.31089369,5319.03076913
263,XAUUSD,PERIOD_M5,26090401,2026.01.29 22:40:00,1769726400009,2026.01.29 22:40:00,BUY,30,2026.01.29 23:10:00,1769728200009,2026.01.29 23:10:00,1769728200057,48,OK,5347.48,5347.75,5347.61,27.0,0.5049,5388.03,5388.30,5388.16,27.0,0.5011,4055.0,4028.0,75.8282,75.3214,0.5068,5313.49361711,5316.17584604,5320.31089369,5319.03076913
263,XAUUSD,PERIOD_M5,26090401,2026.01.29 22:40:00,1769726400009,2026.01.29 22:40:00,BUY,60,2026.01.29 23:40:00,1769730000009,2026.01.29 23:40:00,1769730000137,128,OK,5347.48,5347.75,5347.61,27.0,0.5049,5402.12,5402.56,5402.34,44.0,0.8145,5472.5,5437.0,102.3353,101.6689,0.6664,5313.49361711,5316.17584604,5320.31089369,5319.03076913
264,XAUUSD,PERIOD_M5,26090401,2026.01.30 03:00:00,1769742000015,2026.01.30 03:00:00,SELL,1,2026.01.30 03:01:00,1769742060015,2026.01.30 03:01:00,1769742060043,28,OK,5407.18,5407.31,5407.25,13.0,0.2404,5399.21,5399.39,5399.30,18.0,0.3334,794.5,779.0,14.6932,14.4068,0.2865,5421.91716472,5420.75458277,5418.96973178,5419.52052979
264,XAUUSD,PERIOD_M5,26090401,2026.01.30 03:00:00,1769742000015,2026.01.30 03:00:00,SELL,3,2026.01.30 03:03:00,1769742180015,2026.01.30 03:03:00,1769742180109,94,OK,5407.18,5407.31,5407.25,13.0,0.2404,5395.75,5395.79,5395.77,4.0,0.0741,1147.5,1139.0,21.2215,21.0646,0.1569,5421.91716472,5420.75458277,5418.96973178,5419.52052979
264,XAUUSD,PERIOD_M5,26090401,2026.01.30 03:00:00,1769742000015,2026.01.30 03:00:00,SELL,5,2026.01.30 03:05:00,1769742300015,2026.01.30 03:05:00,1769742300044,29,OK,5407.18,5407.31,5407.25,13.0,0.2404,5390.14,5390.34,5390.24,20.0,0.3710,1700.5,1684.0,31.4485,31.1438,0.3048,5421.91716472,5420.75458277,5418.96973178,5419.52052979
264,XAUUSD,PERIOD_M5,26090401,2026.01.30 03:00:00,1769742000015,2026.01.30 03:00:00,SELL,10,2026.01.30 03:10:00,1769742600015,2026.01.30 03:10:00,1769742600042,27,OK,5407.18,5407.31,5407.25,13.0,0.2404,5366.56,5366.79,5366.68,23.0,0.4286,4057.0,4039.0,75.0290,74.6970,0.3320,5421.91716472,5420.75458277,5418.96973178,5419.52052979
264,XAUUSD,PERIOD_M5,26090401,2026.01.30 03:00:00,1769742000015,2026.01.30 03:00:00,SELL,15,2026.01.30 03:15:00,1769742900015,2026.01.30 03:15:00,1769742900042,27,OK,5407.18,5407.31,5407.25,13.0,0.2404,5309.93,5310.16,5310.05,23.0,0.4331,9720.0,9702.0,179.7588,179.4281,0.3307,5421.91716472,5420.75458277,5418.96973178,5419.52052979
264,XAUUSD,PERIOD_M5,26090401,2026.01.30 03:00:00,1769742000015,2026.01.30 03:00:00,SELL,30,2026.01.30 03:30:00,1769743800015,2026.01.30 03:30:00,1769743800019,4,OK,5407.18,5407.31,5407.25,13.0,0.2404,5357.23,5357.27,5357.25,4.0,0.0747,4999.5,4991.0,92.4593,92.3032,0.1561,5421.91716472,5420.75458277,5418.96973178,5419.52052979
264,XAUUSD,PERIOD_M5,26090401,2026.01.30 03:00:00,1769742000015,2026.01.30 03:00:00,SELL,60,2026.01.30 04:00:00,1769745600015,2026.01.30 04:00:00,1769745600038,23,OK,5407.18,5407.31,5407.25,13.0,0.2404,5301.47,5301.70,5301.59,23.0,0.4338,10566.0,10548.0,195.4045,195.0740,0.3305,5421.91716472,5420.75458277,5418.96973178,5419.52052979
265,XAUUSD,PERIOD_M5,26090401,2026.01.30 07:15:00,1769757300022,2026.01.30 07:15:00,BUY,1,2026.01.30 07:16:00,1769757360022,2026.01.30 07:16:00,1769757360064,42,OK,5224.86,5225.06,5224.96,20.0,0.3828,5229.69,5229.73,5229.71,4.0,0.0765,475.0,463.0,9.0910,8.8611,0.2298,5208.96684704,5210.14314933,5212.14547763,5211.48104485
265,XAUUSD,PERIOD_M5,26090401,2026.01.30 07:15:00,1769757300022,2026.01.30 07:15:00,BUY,3,2026.01.30 07:18:00,1769757480022,2026.01.30 07:18:00,1769757480023,1,OK,5224.86,5225.06,5224.96,20.0,0.3828,5237.30,5237.46,5237.38,16.0,0.3055,1242.0,1224.0,23.7705,23.4256,0.3449,5208.96684704,5210.14314933,5212.14547763,5211.48104485
265,XAUUSD,PERIOD_M5,26090401,2026.01.30 07:15:00,1769757300022,2026.01.30 07:15:00,BUY,5,2026.01.30 07:20:00,1769757600022,2026.01.30 07:20:00,1769757600023,1,OK,5224.86,5225.06,5224.96,20.0,0.3828,5233.23,5233.35,5233.29,12.0,0.2293,833.0,817.0,15.9427,15.6362,0.3065,5208.96684704,5210.14314933,5212.14547763,5211.48104485
265,XAUUSD,PERIOD_M5,26090401,2026.01.30 07:15:00,1769757300022,2026.01.30 07:15:00,BUY,10,2026.01.30 07:25:00,1769757900022,2026.01.30 07:25:00,1769757900022,0,OK,5224.86,5225.06,5224.96,20.0,0.3828,5231.51,5231.71,5231.61,20.0,0.3823,665.0,645.0,12.7274,12.3444,0.3830,5208.96684704,5210.14314933,5212.14547763,5211.48104485
265,XAUUSD,PERIOD_M5,26090401,2026.01.30 07:15:00,1769757300022,2026.01.30 07:15:00,BUY,15,2026.01.30 07:30:00,1769758200022,2026.01.30 07:30:00,1769758200085,63,OK,5224.86,5225.06,5224.96,20.0,0.3828,5230.12,5230.28,5230.20,16.0,0.3059,524.0,506.0,10.0288,9.6841,0.3447,5208.96684704,5210.14314933,5212.14547763,5211.48104485
265,XAUUSD,PERIOD_M5,26090401,2026.01.30 07:15:00,1769757300022,2026.01.30 07:15:00,BUY,30,2026.01.30 07:45:00,1769759100022,2026.01.30 07:45:00,1769759100045,23,OK,5224.86,5225.06,5224.96,20.0,0.3828,5232.16,5232.26,5232.21,10.0,0.1911,725.0,710.0,13.8757,13.5884,0.2873,5208.96684704,5210.14314933,5212.14547763,5211.48104485
266,XAUUSD,PERIOD_M5,26090401,2026.01.30 08:00:00,1769760000047,2026.01.30 08:00:00,SELL,1,2026.01.30 08:01:00,1769760060047,2026.01.30 08:01:00,1769760060063,16,OK,5184.98,5185.14,5185.06,16.0,0.3086,5188.59,5188.69,5188.64,10.0,0.1927,-358.0,-371.0,-6.9045,-7.1553,0.2508,5221.92422564,5218.80688096,5214.53538051,5215.73170997
266,XAUUSD,PERIOD_M5,26090401,2026.01.30 08:00:00,1769760000047,2026.01.30 08:00:00,SELL,3,2026.01.30 08:03:00,1769760180047,2026.01.30 08:03:00,1769760180172,125,OK,5184.98,5185.14,5185.06,16.0,0.3086,5196.87,5196.91,5196.89,4.0,0.0770,-1183.0,-1193.0,-22.8156,-23.0088,0.1932,5221.92422564,5218.80688096,5214.53538051,5215.73170997
266,XAUUSD,PERIOD_M5,26090401,2026.01.30 08:00:00,1769760000047,2026.01.30 08:00:00,SELL,5,2026.01.30 08:05:00,1769760300047,2026.01.30 08:05:00,1769760300191,144,OK,5184.98,5185.14,5185.06,16.0,0.3086,5203.41,5203.45,5203.43,4.0,0.0769,-1837.0,-1847.0,-35.4287,-35.6221,0.1934,5221.92422564,5218.80688096,5214.53538051,5215.73170997
266,XAUUSD,PERIOD_M5,26090401,2026.01.30 08:00:00,1769760000047,2026.01.30 08:00:00,SELL,10,2026.01.30 08:10:00,1769760600047,2026.01.30 08:10:00,1769760600110,63,OK,5184.98,5185.14,5185.06,16.0,0.3086,5193.30,5193.46,5193.38,16.0,0.3081,-832.0,-848.0,-16.0461,-16.3549,0.3088,5221.92422564,5218.80688096,5214.53538051,5215.73170997
266,XAUUSD,PERIOD_M5,26090401,2026.01.30 08:00:00,1769760000047,2026.01.30 08:00:00,SELL,15,2026.01.30 08:15:00,1769760900047,2026.01.30 08:15:00,1769760900112,65,OK,5184.98,5185.14,5185.06,16.0,0.3086,5191.21,5191.26,5191.24,5.0,0.0963,-617.5,-628.0,-11.9092,-12.1119,0.2027,5221.92422564,5218.80688096,5214.53538051,5215.73170997
265,XAUUSD,PERIOD_M5,26090401,2026.01.30 07:15:00,1769757300022,2026.01.30 07:15:00,BUY,60,2026.01.30 08:15:00,1769760900022,2026.01.30 08:15:00,1769760900112,90,OK,5224.86,5225.06,5224.96,20.0,0.3828,5191.21,5191.26,5191.24,5.0,0.0963,-3372.5,-3385.0,-64.5459,-64.7839,0.2380,5208.96684704,5210.14314933,5212.14547763,5211.48104485
266,XAUUSD,PERIOD_M5,26090401,2026.01.30 08:00:00,1769760000047,2026.01.30 08:00:00,SELL,30,2026.01.30 08:30:00,1769761800047,2026.01.30 08:30:00,1769761800053,6,OK,5184.98,5185.14,5185.06,16.0,0.3086,5157.35,5157.39,5157.37,4.0,0.0776,2769.0,2759.0,53.4034,53.2114,0.1920,5221.92422564,5218.80688096,5214.53538051,5215.73170997
266,XAUUSD,PERIOD_M5,26090401,2026.01.30 08:00:00,1769760000047,2026.01.30 08:00:00,SELL,60,2026.01.30 09:00:00,1769763600047,2026.01.30 09:00:00,1769763600129,82,OK,5184.98,5185.14,5185.06,16.0,0.3086,5156.02,5156.18,5156.10,16.0,0.3103,2896.0,2880.0,55.8528,55.5451,0.3077,5221.92422564,5218.80688096,5214.53538051,5215.73170997
267,XAUUSD,PERIOD_M5,26090401,2026.01.30 12:50:00,1769777400069,2026.01.30 12:50:00,BUY,1,2026.01.30 12:51:00,1769777460069,2026.01.30 12:51:00,1769777460280,211,OK,5084.97,5085.06,5085.02,9.0,0.1770,5085.64,5085.68,5085.66,4.0,0.0787,64.5,58.0,1.2684,1.1406,0.1278,5060.08691594,5060.52667786,5065.06353275,5062.74879806
267,XAUUSD,PERIOD_M5,26090401,2026.01.30 12:50:00,1769777400069,2026.01.30 12:50:00,BUY,3,2026.01.30 12:53:00,1769777580069,2026.01.30 12:53:00,1769777580078,9,OK,5084.97,5085.06,5085.02,9.0,0.1770,5089.70,5089.90,5089.80,20.0,0.3929,478.5,464.0,9.4100,9.1248,0.2852,5060.08691594,5060.52667786,5065.06353275,5062.74879806
267,XAUUSD,PERIOD_M5,26090401,2026.01.30 12:50:00,1769777400069,2026.01.30 12:50:00,BUY,5,2026.01.30 12:55:00,1769777700069,2026.01.30 12:55:00,1769777700099,30,OK,5084.97,5085.06,5085.02,9.0,0.1770,5092.31,5092.47,5092.39,16.0,0.3142,737.5,725.0,14.5034,14.2575,0.2459,5060.08691594,5060.52667786,5065.06353275,5062.74879806
267,XAUUSD,PERIOD_M5,26090401,2026.01.30 12:50:00,1769777400069,2026.01.30 12:50:00,BUY,10,2026.01.30 13:00:00,1769778000069,2026.01.30 13:00:00,1769778000079,10,OK,5084.97,5085.06,5085.02,9.0,0.1770,5119.52,5119.72,5119.62,20.0,0.3907,3460.5,3446.0,68.0529,67.7671,0.2858,5060.08691594,5060.52667786,5065.06353275,5062.74879806
267,XAUUSD,PERIOD_M5,26090401,2026.01.30 12:50:00,1769777400069,2026.01.30 12:50:00,BUY,15,2026.01.30 13:05:00,1769778300069,2026.01.30 13:05:00,1769778300088,19,OK,5084.97,5085.06,5085.02,9.0,0.1770,5093.72,5093.88,5093.80,16.0,0.3141,878.5,866.0,17.2763,17.0303,0.2460,5060.08691594,5060.52667786,5065.06353275,5062.74879806
267,XAUUSD,PERIOD_M5,26090401,2026.01.30 12:50:00,1769777400069,2026.01.30 12:50:00,BUY,30,2026.01.30 13:20:00,1769779200069,2026.01.30 13:20:00,1769779200228,159,OK,5084.97,5085.06,5085.02,9.0,0.1770,5121.70,5121.90,5121.80,20.0,0.3905,3678.5,3664.0,72.3400,72.0542,0.2858,5060.08691594,5060.52667786,5065.06353275,5062.74879806
267,XAUUSD,PERIOD_M5,26090401,2026.01.30 12:50:00,1769777400069,2026.01.30 12:50:00,BUY,60,2026.01.30 13:50:00,1769781000069,2026.01.30 13:50:00,1769781000126,57,OK,5084.97,5085.06,5085.02,9.0,0.1770,5096.66,5096.86,5096.76,20.0,0.3924,1174.5,1160.0,23.0973,22.8119,0.2854,5060.08691594,5060.52667786,5065.06353275,5062.74879806
268,XAUUSD,PERIOD_M5,26090401,2026.01.30 14:50:00,1769784600035,2026.01.30 14:50:00,SELL,1,2026.01.30 14:51:00,1769784660035,2026.01.30 14:51:00,1769784660069,34,OK,5066.15,5066.35,5066.25,20.0,0.3948,5076.07,5076.23,5076.15,16.0,0.3152,-990.0,-1008.0,-19.5411,-19.8968,0.3557,5118.56951713,5113.60136881,5108.08561371,5109.28760801
268,XAUUSD,PERIOD_M5,26090401,2026.01.30 14:50:00,1769784600035,2026.01.30 14:50:00,SELL,3,2026.01.30 14:53:00,1769784780035,2026.01.30 14:53:00,1769784780099,64,OK,5066.15,5066.35,5066.25,20.0,0.3948,5082.57,5082.73,5082.65,16.0,0.3148,-1640.0,-1658.0,-32.3711,-32.7270,0.3559,5118.56951713,5113.60136881,5108.08561371,5109.28760801
268,XAUUSD,PERIOD_M5,26090401,2026.01.30 14:50:00,1769784600035,2026.01.30 14:50:00,SELL,5,2026.01.30 14:55:00,1769784900035,2026.01.30 14:55:00,1769784900115,80,OK,5066.15,5066.35,5066.25,20.0,0.3948,5090.24,5090.44,5090.34,20.0,0.3929,-2409.0,-2429.0,-47.5500,-47.9457,0.3957,5118.56951713,5113.60136881,5108.08561371,5109.28760801
268,XAUUSD,PERIOD_M5,26090401,2026.01.30 14:50:00,1769784600035,2026.01.30 14:50:00,SELL,10,2026.01.30 15:00:00,1769785200035,2026.01.30 15:00:00,1769785200052,17,OK,5066.15,5066.35,5066.25,20.0,0.3948,5064.54,5064.74,5064.64,20.0,0.3949,161.0,141.0,3.1779,2.7832,0.3947,5118.56951713,5113.60136881,5108.08561371,5109.28760801
268,XAUUSD,PERIOD_M5,26090401,2026.01.30 14:50:00,1769784600035,2026.01.30 14:50:00,SELL,15,2026.01.30 15:05:00,1769785500035,2026.01.30 15:05:00,1769785500131,96,OK,5066.15,5066.35,5066.25,20.0,0.3948,5098.10,5098.26,5098.18,16.0,0.3138,-3193.0,-3211.0,-63.0249,-63.3815,0.3565,5118.56951713,5113.60136881,5108.08561371,5109.28760801
268,XAUUSD,PERIOD_M5,26090401,2026.01.30 14:50:00,1769784600035,2026.01.30 14:50:00,SELL,30,2026.01.30 15:20:00,1769786400035,2026.01.30 15:20:00,1769786400046,11,OK,5066.15,5066.35,5066.25,20.0,0.3948,5075.08,5075.24,5075.16,16.0,0.3153,-891.0,-909.0,-17.5870,-17.9426,0.3556,5118.56951713,5113.60136881,5108.08561371,5109.28760801
268,XAUUSD,PERIOD_M5,26090401,2026.01.30 14:50:00,1769784600035,2026.01.30 14:50:00,SELL,60,2026.01.30 15:50:00,1769788200035,2026.01.30 15:50:00,1769788200048,13,OK,5066.15,5066.35,5066.25,20.0,0.3948,4994.74,4994.95,4994.84,21.0,0.4204,7140.5,7120.0,140.9425,140.5406,0.4019,5118.56951713,5113.60136881,5108.08561371,5109.28760801
269,XAUUSD,PERIOD_M5,26090401,2026.01.30 16:35:00,1769790900017,2026.01.30 16:35:00,BUY,1,2026.01.30 16:36:00,1769790960017,2026.01.30 16:36:00,1769790960024,7,OK,5108.11,5108.27,5108.19,16.0,0.3132,5099.54,5100.72,5100.13,118.0,2.3137,-806.0,-873.0,-15.7786,-17.0899,1.3114,5054.98245837,5059.05274980,5065.60796670,5063.51249982
269,XAUUSD,PERIOD_M5,26090401,2026.01.30 16:35:00,1769790900017,2026.01.30 16:35:00,BUY,3,2026.01.30 16:38:00,1769791080017,2026.01.30 16:38:00,1769791080035,18,OK,5108.11,5108.27,5108.19,16.0,0.3132,5093.40,5094.35,5093.88,95.0,1.8650,-1431.5,-1487.0,-28.0236,-29.1097,1.0860,5054.98245837,5059.05274980,5065.60796670,5063.51249982
269,XAUUSD,PERIOD_M5,26090401,2026.01.30 16:35:00,1769790900017,2026.01.30 16:35:00,BUY,5,2026.01.30 16:40:00,1769791200017,2026.01.30 16:40:00,1769791200018,1,OK,5108.11,5108.27,5108.19,16.0,0.3132,5094.21,5095.75,5094.98,154.0,3.0226,-1321.0,-1406.0,-25.8604,-27.5240,1.6636,5054.98245837,5059.05274980,5065.60796670,5063.51249982
269,XAUUSD,PERIOD_M5,26090401,2026.01.30 16:35:00,1769790900017,2026.01.30 16:35:00,BUY,10,2026.01.30 16:45:00,1769791500017,2026.01.30 16:45:00,1769791500038,21,OK,5108.11,5108.27,5108.19,16.0,0.3132,5081.12,5081.32,5081.22,20.0,0.3936,-2697.0,-2715.0,-52.7976,-53.1491,0.3515,5054.98245837,5059.05274980,5065.60796670,5063.51249982
269,XAUUSD,PERIOD_M5,26090401,2026.01.30 16:35:00,1769790900017,2026.01.30 16:35:00,BUY,15,2026.01.30 16:50:00,1769791800017,2026.01.30 16:50:00,1769791800114,97,OK,5108.11,5108.27,5108.19,16.0,0.3132,5089.76,5089.96,5089.86,20.0,0.3929,-1833.0,-1851.0,-35.8836,-36.2354,0.3518,5054.98245837,5059.05274980,5065.60796670,5063.51249982
270,XAUUSD,PERIOD_M5,26090401,2026.01.30 17:00:00,1769792400039,2026.01.30 17:00:00,SELL,1,2026.01.30 17:01:00,1769792460039,2026.01.30 17:01:00,1769792460112,73,OK,5033.17,5033.37,5033.27,20.0,0.3974,5016.71,5016.91,5016.81,20.0,0.3987,1646.0,1626.0,32.7024,32.3057,0.3967,5071.09803116,5067.79258167,5063.51242493,5064.64507424
270,XAUUSD,PERIOD_M5,26090401,2026.01.30 17:00:00,1769792400039,2026.01.30 17:00:00,SELL,3,2026.01.30 17:03:00,1769792580039,2026.01.30 17:03:00,1769792580118,79,OK,5033.17,5033.37,5033.27,20.0,0.3974,4990.60,4990.64,4990.62,4.0,0.0802,4265.0,4253.0,84.7362,84.4994,0.2367,5071.09803116,5067.79258167,5063.51242493,5064.64507424
270,XAUUSD,PERIOD_M5,26090401,2026.01.30 17:00:00,1769792400039,2026.01.30 17:00:00,SELL,5,2026.01.30 17:05:00,1769792700039,2026.01.30 17:05:00,1769792700105,66,OK,5033.17,5033.37,5033.27,20.0,0.3974,4985.46,4985.66,4985.56,20.0,0.4012,4771.0,4751.0,94.7893,94.3938,0.3955,5071.09803116,5067.79258167,5063.51242493,5064.64507424
269,XAUUSD,PERIOD_M5,26090401,2026.01.30 16:35:00,1769790900017,2026.01.30 16:35:00,BUY,30,2026.01.30 17:05:00,1769792700017,2026.01.30 17:05:00,1769792700105,88,OK,5108.11,5108.27,5108.19,16.0,0.3132,4985.46,4985.66,4985.56,20.0,0.4012,-12263.0,-12281.0,-240.0655,-240.4141,0.3486,5054.98245837,5059.05274980,5065.60796670,5063.51249982
270,XAUUSD,PERIOD_M5,26090401,2026.01.30 17:00:00,1769792400039,2026.01.30 17:00:00,SELL,10,2026.01.30 17:10:00,1769793000039,2026.01.30 17:10:00,1769793000046,7,OK,5033.17,5033.37,5033.27,20.0,0.3974,5000.45,5000.65,5000.55,20.0,0.4000,3272.0,3252.0,65.0074,64.6114,0.3961,5071.09803116,5067.79258167,5063.51242493,5064.64507424
270,XAUUSD,PERIOD_M5,26090401,2026.01.30 17:00:00,1769792400039,2026.01.30 17:00:00,SELL,15,2026.01.30 17:15:00,1769793300039,2026.01.30 17:15:00,1769793300091,52,OK,5033.17,5033.37,5033.27,20.0,0.3974,5027.64,5027.84,5027.74,20.0,0.3978,553.0,533.0,10.9869,10.5897,0.3971,5071.09803116,5067.79258167,5063.51242493,5064.64507424
270,XAUUSD,PERIOD_M5,26090401,2026.01.30 17:00:00,1769792400039,2026.01.30 17:00:00,SELL,30,2026.01.30 17:30:00,1769794200039,2026.01.30 17:30:00,1769794200093,54,OK,5033.17,5033.37,5033.27,20.0,0.3974,5045.48,5045.52,5045.50,4.0,0.0793,-1223.0,-1235.0,-24.2983,-24.5372,0.2389,5071.09803116,5067.79258167,5063.51242493,5064.64507424
269,XAUUSD,PERIOD_M5,26090401,2026.01.30 16:35:00,1769790900017,2026.01.30 16:35:00,BUY,60,2026.01.30 17:35:00,1769794500017,2026.01.30 17:35:00,1769794500049,32,OK,5108.11,5108.27,5108.19,16.0,0.3132,5046.56,5046.76,5046.66,20.0,0.3963,-6153.0,-6171.0,-120.4536,-120.8041,0.3505,5054.98245837,5059.05274980,5065.60796670,5063.51249982
270,XAUUSD,PERIOD_M5,26090401,2026.01.30 17:00:00,1769792400039,2026.01.30 17:00:00,SELL,60,2026.01.30 18:00:00,1769796000039,2026.01.30 18:00:00,1769796000078,39,OK,5033.17,5033.37,5033.27,20.0,0.3974,5050.59,5050.67,5050.63,8.0,0.1584,-1736.0,-1750.0,-34.4905,-34.7693,0.2788,5071.09803116,5067.79258167,5063.51242493,5064.64507424
271,XAUUSD,PERIOD_M5,26090401,2026.01.30 21:15:00,1769807700016,2026.01.30 21:15:00,BUY,1,2026.01.30 21:16:00,1769807760016,2026.01.30 21:16:00,1769807760025,9,OK,4889.76,4889.92,4889.84,16.0,0.3272,4880.40,4880.60,4880.50,20.0,0.4098,-934.0,-952.0,-19.1008,-19.4686,0.3678,4847.38458831,4849.99838653,4855.85967065,4853.61307866
271,XAUUSD,PERIOD_M5,26090401,2026.01.30 21:15:00,1769807700016,2026.01.30 21:15:00,BUY,3,2026.01.30 21:18:00,1769807880016,2026.01.30 21:18:00,1769807880048,32,OK,4889.76,4889.92,4889.84,16.0,0.3272,4892.82,4893.02,4892.92,20.0,0.4088,308.0,290.0,6.2988,5.9306,0.3682,4847.38458831,4849.99838653,4855.85967065,4853.61307866
271,XAUUSD,PERIOD_M5,26090401,2026.01.30 21:15:00,1769807700016,2026.01.30 21:15:00,BUY,5,2026.01.30 21:20:00,1769808000016,2026.01.30 21:20:00,1769808000046,30,OK,4889.76,4889.92,4889.84,16.0,0.3272,4878.04,4878.20,4878.12,16.0,0.3280,-1172.0,-1188.0,-23.9681,-24.2949,0.3268,4847.38458831,4849.99838653,4855.85967065,4853.61307866
271,XAUUSD,PERIOD_M5,26090401,2026.01.30 21:15:00,1769807700016,2026.01.30 21:15:00,BUY,10,2026.01.30 21:25:00,1769808300016,2026.01.30 21:25:00,1769808300030,14,OK,4889.76,4889.92,4889.84,16.0,0.3272,4868.58,4868.78,4868.68,20.0,0.4108,-2116.0,-2134.0,-43.2734,-43.6408,0.3674,4847.38458831,4849.99838653,4855.85967065,4853.61307866
271,XAUUSD,PERIOD_M5,26090401,2026.01.30 21:15:00,1769807700016,2026.01.30 21:15:00,BUY,15,2026.01.30 21:30:00,1769808600016,2026.01.30 21:30:00,1769808600020,4,OK,4889.76,4889.92,4889.84,16.0,0.3272,4893.23,4893.39,4893.31,16.0,0.3270,347.0,331.0,7.0963,6.7690,0.3273,4847.38458831,4849.99838653,4855.85967065,4853.61307866
271,XAUUSD,PERIOD_M5,26090401,2026.01.30 21:15:00,1769807700016,2026.01.30 21:15:00,BUY,30,2026.01.30 21:45:00,1769809500016,2026.01.30 21:45:00,1769809500035,19,OK,4889.76,4889.92,4889.84,16.0,0.3272,4926.68,4926.88,4926.78,20.0,0.4059,3694.0,3676.0,75.5444,75.1751,0.3693,4847.38458831,4849.99838653,4855.85967065,4853.61307866
271,XAUUSD,PERIOD_M5,26090401,2026.01.30 21:15:00,1769807700016,2026.01.30 21:15:00,BUY,60,2026.01.30 22:15:00,1769811300016,2026.01.30 22:15:00,1769811300050,34,OK,4889.76,4889.92,4889.84,16.0,0.3272,4899.47,4899.74,4899.60,27.0,0.5511,976.5,955.0,19.9700,19.5300,0.4400,4847.38458831,4849.99838653,4855.85967065,4853.61307866
272,XAUUSD,PERIOD_M5,26090401,2026.01.30 22:45:00,1769813100051,2026.01.30 22:45:00,SELL,1,2026.01.30 22:46:00,1769813160051,2026.01.30 22:46:00,1769813160067,16,OK,4861.74,4862.01,4861.88,27.0,0.5553,4858.04,4858.31,4858.18,27.0,0.5558,370.0,343.0,7.6102,7.0551,0.5551,4890.08083712,4888.73766459,4884.41266970,4886.28333145
272,XAUUSD,PERIOD_M5,26090401,2026.01.30 22:45:00,1769813100051,2026.01.30 22:45:00,SELL,3,2026.01.30 22:48:00,1769813280051,2026.01.30 22:48:00,1769813280125,74,OK,4861.74,4862.01,4861.88,27.0,0.5553,4867.73,4868.00,4867.86,27.0,0.5547,-599.0,-626.0,-12.3203,-12.8760,0.5557,4890.08083712,4888.73766459,4884.41266970,4886.28333145
272,XAUUSD,PERIOD_M5,26090401,2026.01.30 22:45:00,1769813100051,2026.01.30 22:45:00,SELL,5,2026.01.30 22:50:00,1769813400051,2026.01.30 22:50:00,1769813400104,53,OK,4861.74,4862.01,4861.88,27.0,0.5553,4863.27,4863.54,4863.41,27.0,0.5552,-153.0,-180.0,-3.1469,-3.7024,0.5554,4890.08083712,4888.73766459,4884.41266970,4886.28333145
272,XAUUSD,PERIOD_M5,26090401,2026.01.30 22:45:00,1769813100051,2026.01.30 22:45:00,SELL,10,2026.01.30 22:55:00,1769813700051,2026.01.30 22:55:00,1769813700148,97,OK,4861.74,4862.01,4861.88,27.0,0.5553,4838.29,4838.56,4838.43,27.0,0.5580,2345.0,2318.0,48.2324,47.6784,0.5540,4890.08083712,4888.73766459,4884.41266970,4886.28333145
272,XAUUSD,PERIOD_M5,26090401,2026.01.30 22:45:00,1769813100051,2026.01.30 22:45:00,SELL,15,2026.01.30 23:00:00,1769814000051,2026.01.30 23:00:00,1769814000073,22,OK,4861.74,4862.01,4861.88,27.0,0.5553,4848.17,4848.44,4848.31,27.0,0.5569,1357.0,1330.0,27.9110,27.3565,0.5546,4890.08083712,4888.73766459,4884.41266970,4886.28333145
272,XAUUSD,PERIOD_M5,26090401,2026.01.30 22:45:00,1769813100051,2026.01.30 22:45:00,SELL,30,2026.01.30 23:15:00,1769814900051,2026.01.30 23:15:00,1769814900312,261,OK,4861.74,4862.01,4861.88,27.0,0.5553,4840.14,4840.22,4840.18,8.0,0.1653,2169.5,2152.0,44.6227,44.2640,0.3587,4890.08083712,4888.73766459,4884.41266970,4886.28333145
272,XAUUSD,PERIOD_M5,26090401,2026.01.30 22:45:00,1769813100051,2026.01.30 22:45:00,SELL,60,2026.01.30 23:45:00,1769816700051,2026.01.30 23:45:00,1769816700083,32,OK,4861.74,4862.01,4861.88,27.0,0.5553,4860.69,4861.13,4860.91,44.0,0.9052,96.5,61.0,1.9848,1.2547,0.7301,4890.08083712,4888.73766459,4884.41266970,4886.28333145
273,XAUUSD,PERIOD_M5,26090401,2026.02.02 01:00:33,1769994033180,2026.02.02 01:00:00,BUY,1,2026.02.02 01:01:33,1769994093180,2026.02.02 01:01:33,1769994093203,23,OK,4773.75,4774.35,4774.05,60.0,1.2568,4792.12,4792.56,4792.34,44.0,0.9181,1829.0,1777.0,38.3113,37.2197,1.0916,4867.95213715,4869.68670647,4873.25570972,4871.93973316
273,XAUUSD,PERIOD_M5,26090401,2026.02.02 01:00:33,1769994033180,2026.02.02 01:00:00,BUY,3,2026.02.02 01:03:33,1769994213180,2026.02.02 01:03:33,1769994213255,75,OK,4773.75,4774.35,4774.05,60.0,1.2568,4858.36,4859.90,4859.13,154.0,3.1693,8508.0,8401.0,178.2135,175.9611,2.2523,4867.95213715,4869.68670647,4873.25570972,4871.93973316
274,XAUUSD,PERIOD_M5,26090401,2026.02.02 01:05:00,1769994300011,2026.02.02 01:05:00,SELL,1,2026.02.02 01:06:00,1769994360011,2026.02.02 01:06:00,1769994360066,55,OK,4828.32,4829.86,4829.09,154.0,3.1890,4819.05,4820.59,4819.82,154.0,3.1951,927.0,773.0,19.1962,16.0097,3.1865,4873.25570972,4871.93973316,4864.19456777,4867.94066651
274,XAUUSD,PERIOD_M5,26090401,2026.02.02 01:05:00,1769994300011,2026.02.02 01:05:00,SELL,3,2026.02.02 01:08:00,1769994480011,2026.02.02 01:08:00,1769994480077,66,OK,4828.32,4829.86,4829.09,154.0,3.1890,4822.20,4823.74,4822.97,154.0,3.1931,612.0,458.0,12.6732,9.4857,3.1875,4873.25570972,4871.93973316,4864.19456777,4867.94066651
273,XAUUSD,PERIOD_M5,26090401,2026.02.02 01:00:33,1769994033180,2026.02.02 01:00:00,BUY,5,2026.02.02 01:05:33,1769994333180,2026.02.02 01:05:33,1769994333266,86,OK,4773.75,4774.35,4774.05,60.0,1.2568,4814.85,4816.39,4815.62,154.0,3.1979,4157.0,4050.0,87.0749,84.8283,2.2466,4867.95213715,4869.68670647,4873.25570972,4871.93973316
274,XAUUSD,PERIOD_M5,26090401,2026.02.02 01:05:00,1769994300011,2026.02.02 01:05:00,SELL,5,2026.02.02 01:10:00,1769994600011,2026.02.02 01:10:00,1769994600309,298,OK,4828.32,4829.86,4829.09,154.0,3.1890,4815.44,4816.98,4816.21,154.0,3.1975,1288.0,1134.0,26.6717,23.4864,3.1853,4873.25570972,4871.93973316,4864.19456777,4867.94066651
273,XAUUSD,PERIOD_M5,26090401,2026.02.02 01:00:33,1769994033180,2026.02.02 01:00:00,BUY,10,2026.02.02 01:10:33,1769994633180,2026.02.02 01:10:33,1769994633601,421,OK,4773.75,4774.35,4774.05,60.0,1.2568,4813.10,4814.64,4813.87,154.0,3.1991,3982.0,3875.0,83.4093,81.1629,2.2464,4867.95213715,4869.68670647,4873.25570972,4871.93973316
274,XAUUSD,PERIOD_M5,26090401,2026.02.02 01:05:00,1769994300011,2026.02.02 01:05:00,SELL,10,2026.02.02 01:15:00,1769994900011,2026.02.02 01:15:00,1769994900013,2,OK,4828.32,4829.86,4829.09,154.0,3.1890,4741.13,4742.67,4741.90,154.0,3.2476,8719.0,8565.0,180.5516,177.3909,3.1607,4873.25570972,4871.93973316,4864.19456777,4867.94066651
273,XAUUSD,PERIOD_M5,26090401,2026.02.02 01:00:33,1769994033180,2026.02.02 01:00:00,BUY,15,2026.02.02 01:15:33,1769994933180,2026.02.02 01:15:33,1769994933203,23,OK,4773.75,4774.35,4774.05,60.0,1.2568,4756.46,4756.90,4756.68,44.0,0.9250,-1737.0,-1789.0,-36.3842,-37.4711,1.0869,4867.95213715,4869.68670647,4873.25570972,4871.93973316
274,XAUUSD,PERIOD_M5,26090401,2026.02.02 01:05:00,1769994300011,2026.02.02 01:05:00,SELL,15,2026.02.02 01:20:00,1769995200011,2026.02.02 01:20:00,1769995200057,46,OK,4828.32,4829.86,4829.09,154.0,3.1890,4718.55,4718.99,4718.77,44.0,0.9324,11032.0,10933.0,228.4488,226.4349,2.0140,4873.25570972,4871.93973316,4864.19456777,4867.94066651
273,XAUUSD,PERIOD_M5,26090401,2026.02.02 01:00:33,1769994033180,2026.02.02 01:00:00,BUY,30,2026.02.02 01:30:33,1769995833180,2026.02.02 01:30:33,1769995833274,94,OK,4773.75,4774.35,4774.05,60.0,1.2568,4720.48,4720.92,4720.70,44.0,0.9321,-5335.0,-5387.0,-111.7500,-112.8321,1.0821,4867.95213715,4869.68670647,4873.25570972,4871.93973316
274,XAUUSD,PERIOD_M5,26090401,2026.02.02 01:05:00,1769994300011,2026.02.02 01:05:00,SELL,30,2026.02.02 01:35:00,1769996100011,2026.02.02 01:35:00,1769996100051,40,OK,4828.32,4829.86,4829.09,154.0,3.1890,4747.34,4747.78,4747.56,44.0,0.9268,8153.0,8054.0,168.8310,166.8075,2.0235,4873.25570972,4871.93973316,4864.19456777,4867.94066651
273,XAUUSD,PERIOD_M5,26090401,2026.02.02 01:00:33,1769994033180,2026.02.02 01:00:00,BUY,60,2026.02.02 02:00:33,1769997633180,2026.02.02 02:00:33,1769997633205,25,OK,4773.75,4774.35,4774.05,60.0,1.2568,4751.01,4751.22,4751.11,21.0,0.4420,-2293.5,-2334.0,-48.0410,-48.8862,0.8453,4867.95213715,4869.68670647,4873.25570972,4871.93973316
274,XAUUSD,PERIOD_M5,26090401,2026.02.02 01:05:00,1769994300011,2026.02.02 01:05:00,SELL,60,2026.02.02 02:05:00,1769997900011,2026.02.02 02:05:00,1769997900065,54,OK,4828.32,4829.86,4829.09,154.0,3.1890,4784.89,4785.27,4785.08,38.0,0.7941,4401.0,4305.0,91.1352,89.1614,1.9737,4873.25570972,4871.93973316,4864.19456777,4867.94066651
275,XAUUSD,PERIOD_M5,26090401,2026.02.02 02:20:00,1769998800016,2026.02.02 02:20:00,BUY,1,2026.02.02 02:21:00,1769998860016,2026.02.02 02:21:00,1769998860057,41,OK,4865.70,4865.98,4865.84,28.0,0.5754,4858.83,4858.88,4858.85,5.0,0.1029,-698.5,-715.0,-14.3552,-14.6939,0.3387,4789.86022703,4798.43577386,4805.02818163,4804.55070351
275,XAUUSD,PERIOD_M5,26090401,2026.02.02 02:20:00,1769998800016,2026.02.02 02:20:00,BUY,3,2026.02.02 02:23:00,1769998980016,2026.02.02 02:23:00,1769998980050,34,OK,4865.70,4865.98,4865.84,28.0,0.5754,4878.37,4878.77,4878.57,40.0,0.8199,1273.0,1239.0,26.1620,25.4625,0.6995,4789.86022703,4798.43577386,4805.02818163,4804.55070351
275,XAUUSD,PERIOD_M5,26090401,2026.02.02 02:20:00,1769998800016,2026.02.02 02:20:00,BUY,5,2026.02.02 02:25:00,1769999100016,2026.02.02 02:25:00,1769999100020,4,OK,4865.70,4865.98,4865.84,28.0,0.5754,4856.76,4857.02,4856.89,26.0,0.5353,-895.0,-922.0,-18.3935,-18.9479,0.5543,4789.86022703,4798.43577386,4805.02818163,4804.55070351
275,XAUUSD,PERIOD_M5,26090401,2026.02.02 02:20:00,1769998800016,2026.02.02 02:20:00,BUY,10,2026.02.02 02:30:00,1769999400016,2026.02.02 02:30:00,1769999400056,40,OK,4865.70,4865.98,4865.84,28.0,0.5754,4846.70,4846.94,4846.82,24.0,0.4952,-1902.0,-1928.0,-39.0888,-39.6220,0.5332,4789.86022703,4798.43577386,4805.02818163,4804.55070351
275,XAUUSD,PERIOD_M5,26090401,2026.02.02 02:20:00,1769998800016,2026.02.02 02:20:00,BUY,15,2026.02.02 02:35:00,1769999700016,2026.02.02 02:35:00,1769999700065,49,OK,4865.70,4865.98,4865.84,28.0,0.5754,4819.25,4819.52,4819.39,27.0,0.5602,-4645.5,-4673.0,-95.4717,-96.0341,0.5624,4789.86022703,4798.43577386,4805.02818163,4804.55070351
275,XAUUSD,PERIOD_M5,26090401,2026.02.02 02:20:00,1769998800016,2026.02.02 02:20:00,BUY,30,2026.02.02 02:50:00,1770000600016,2026.02.02 02:50:00,1770000600054,38,OK,4865.70,4865.98,4865.84,28.0,0.5754,4797.54,4797.96,4797.75,42.0,0.8754,-6809.0,-6844.0,-139.9347,-140.6500,0.7153,4789.86022703,4798.43577386,4805.02818163,4804.55070351
276,XAUUSD,PERIOD_M5,26090401,2026.02.02 02:55:00,1770000900026,2026.02.02 02:55:00,SELL,1,2026.02.02 02:56:00,1770000960026,2026.02.02 02:56:00,1770000960059,33,OK,4791.37,4791.66,4791.51,29.0,0.6052,4779.49,4779.69,4779.59,20.0,0.4184,1192.5,1168.0,24.8877,24.3772,0.5106,4815.26924940,4812.60657537,4810.48939952,4810.67597761
276,XAUUSD,PERIOD_M5,26090401,2026.02.02 02:55:00,1770000900026,2026.02.02 02:55:00,SELL,3,2026.02.02 02:58:00,1770001080026,2026.02.02 02:58:00,1770001080044,18,OK,4791.37,4791.66,4791.51,29.0,0.6052,4771.70,4772.10,4771.90,40.0,0.8382,1961.5,1927.0,40.9369,40.2181,0.7188,4815.26924940,4812.60657537,4810.48939952,4810.67597761
276,XAUUSD,PERIOD_M5,26090401,2026.02.02 02:55:00,1770000900026,2026.02.02 02:55:00,SELL,5,2026.02.02 03:00:00,1770001200026,2026.02.02 03:00:00,1770001200056,30,OK,4791.37,4791.66,4791.51,29.0,0.6052,4766.88,4767.26,4767.07,38.0,0.7971,2444.5,2411.0,51.0173,50.3196,0.6976,4815.26924940,4812.60657537,4810.48939952,4810.67597761
276,XAUUSD,PERIOD_M5,26090401,2026.02.02 02:55:00,1770000900026,2026.02.02 02:55:00,SELL,10,2026.02.02 03:05:00,1770001500026,2026.02.02 03:05:00,1770001500030,4,OK,4791.37,4791.66,4791.51,29.0,0.6052,4755.98,4756.21,4756.09,23.0,0.4836,3542.0,3516.0,73.9223,73.3819,0.5404,4815.26924940,4812.60657537,4810.48939952,4810.67597761
276,XAUUSD,PERIOD_M5,26090401,2026.02.02 02:55:00,1770000900026,2026.02.02 02:55:00,SELL,15,2026.02.02 03:10:00,1770001800026,2026.02.02 03:10:00,1770001800061,35,OK,4791.37,4791.66,4791.51,29.0,0.6052,4656.65,4656.69,4656.67,4.0,0.0859,13484.5,13468.0,281.4246,281.0887,0.3359,4815.26924940,4812.60657537,4810.48939952,4810.67597761
275,XAUUSD,PERIOD_M5,26090401,2026.02.02 02:20:00,1769998800016,2026.02.02 02:20:00,BUY,60,2026.02.02 03:20:00,1770002400016,2026.02.02 03:20:00,1770002400029,13,OK,4865.70,4865.98,4865.84,28.0,0.5754,4678.26,4678.48,4678.37,22.0,0.4702,-18747.0,-18772.0,-385.2778,-385.7805,0.5027,4789.86022703,4798.43577386,4805.02818163,4804.55070351
276,XAUUSD,PERIOD_M5,26090401,2026.02.02 02:55:00,1770000900026,2026.02.02 02:55:00,SELL,30,2026.02.02 03:25:00,1770002700026,2026.02.02 03:25:00,1770002700059,33,OK,4791.37,4791.66,4791.51,29.0,0.6052,4673.62,4673.66,4673.64,4.0,0.0856,11787.5,11771.0,246.0078,245.6709,0.3369,4815.26924940,4812.60657537,4810.48939952,4810.67597761
276,XAUUSD,PERIOD_M5,26090401,2026.02.02 02:55:00,1770000900026,2026.02.02 02:55:00,SELL,60,2026.02.02 03:55:00,1770004500026,2026.02.02 03:55:00,1770004500059,33,OK,4791.37,4791.66,4791.51,29.0,0.6052,4736.23,4736.44,4736.33,21.0,0.4434,5518.0,5493.0,115.1619,114.6436,0.5183,4815.26924940,4812.60657537,4810.48939952,4810.67597761
277,XAUUSD,PERIOD_M5,26090401,2026.02.02 04:45:00,1770007500030,2026.02.02 04:45:00,BUY,1,2026.02.02 04:46:00,1770007560030,2026.02.02 04:46:00,1770007560068,38,OK,4764.56,4764.79,4764.68,23.0,0.4827,4757.31,4757.54,4757.43,23.0,0.4835,-725.0,-748.0,-15.2161,-15.6985,0.4823,4737.59451368,4738.40958357,4742.98761094,4740.78689415
277,XAUUSD,PERIOD_M5,26090401,2026.02.02 04:45:00,1770007500030,2026.02.02 04:45:00,BUY,3,2026.02.02 04:48:00,1770007680030,2026.02.02 04:48:00,1770007680116,86,OK,4764.56,4764.79,4764.68,23.0,0.4827,4743.21,4743.44,4743.32,23.0,0.4849,-2135.0,-2158.0,-44.8089,-45.2906,0.4816,4737.59451368,4738.40958357,4742.98761094,4740.78689415
277,XAUUSD,PERIOD_M5,26090401,2026.02.02 04:45:00,1770007500030,2026.02.02 04:45:00,BUY,5,2026.02.02 04:50:00,1770007800030,2026.02.02 04:50:00,1770007800043,13,OK,4764.56,4764.79,4764.68,23.0,0.4827,4729.32,4729.49,4729.40,17.0,0.3595,-3527.0,-3547.0,-74.0239,-74.4419,0.4180,4737.59451368,4738.40958357,4742.98761094,4740.78689415
278,XAUUSD,PERIOD_M5,26090401,2026.02.02 04:55:00,1770008100047,2026.02.02 04:55:00,SELL,1,2026.02.02 04:56:00,1770008160047,2026.02.02 04:56:00,1770008160287,240,OK,4727.83,4727.98,4727.90,15.0,0.3173,4730.91,4730.97,4730.94,6.0,0.1268,-303.5,-314.0,-6.4193,-6.6415,0.2222,4740.22408875,4739.73081287,4737.74327100,4738.64801170
278,XAUUSD,PERIOD_M5,26090401,2026.02.02 04:55:00,1770008100047,2026.02.02 04:55:00,SELL,3,2026.02.02 04:58:00,1770008280047,2026.02.02 04:58:00,1770008280062,15,OK,4727.83,4727.98,4727.90,15.0,0.3173,4704.14,4704.36,4704.25,22.0,0.4677,2365.5,2347.0,50.0327,49.6422,0.3905,4740.22408875,4739.73081287,4737.74327100,4738.64801170
277,XAUUSD,PERIOD_M5,26090401,2026.02.02 04:45:00,1770007500030,2026.02.02 04:45:00,BUY,10,2026.02.02 04:55:00,1770008100030,2026.02.02 04:55:00,1770008100047,17,OK,4764.56,4764.79,4764.68,23.0,0.4827,4727.83,4727.98,4727.90,15.0,0.3173,-3677.0,-3696.0,-77.1721,-77.5690,0.3969,4737.59451368,4738.40958357,4742.98761094,4740.78689415
278,XAUUSD,PERIOD_M5,26090401,2026.02.02 04:55:00,1770008100047,2026.02.02 04:55:00,SELL,5,2026.02.02 05:00:00,1770008400047,2026.02.02 05:00:00,1770008400086,39,OK,4727.83,4727.98,4727.90,15.0,0.3173,4710.95,4711.12,4711.03,17.0,0.3609,1687.0,1671.0,35.6818,35.3439,0.3379,4740.22408875,4739.73081287,4737.74327100,4738.64801170
277,XAUUSD,PERIOD_M5,26090401,2026.02.02 04:45:00,1770007500030,2026.02.02 04:45:00,BUY,15,2026.02.02 05:00:00,1770008400030,2026.02.02 05:00:00,1770008400033,3,OK,4764.56,4764.79,4764.68,23.0,0.4827,4710.95,4711.16,4711.06,21.0,0.4458,-5362.0,-5384.0,-112.5365,-112.9955,0.4590,4737.59451368,4738.40958357,4742.98761094,4740.78689415
278,XAUUSD,PERIOD_M5,26090401,2026.02.02 04:55:00,1770008100047,2026.02.02 04:55:00,SELL,10,2026.02.02 05:05:00,1770008700047,2026.02.02 05:05:00,1770008700070,23,OK,4727.83,4727.98,4727.90,15.0,0.3173,4706.77,4707.00,4706.89,23.0,0.4886,2102.0,2083.0,44.4594,44.0583,0.4012,4740.22408875,4739.73081287,4737.74327100,4738.64801170
278,XAUUSD,PERIOD_M5,26090401,2026.02.02 04:55:00,1770008100047,2026.02.02 04:55:00,SELL,15,2026.02.02 05:10:00,1770009000047,2026.02.02 05:10:00,1770009000078,31,OK,4727.83,4727.98,4727.90,15.0,0.3173,4719.48,4719.52,4719.50,4.0,0.0848,840.5,831.0,17.7774,17.5768,0.2007,4740.22408875,4739.73081287,4737.74327100,4738.64801170
277,XAUUSD,PERIOD_M5,26090401,2026.02.02 04:45:00,1770007500030,2026.02.02 04:45:00,BUY,30,2026.02.02 05:15:00,1770009300030,2026.02.02 05:15:00,1770009300050,20,OK,4764.56,4764.79,4764.68,23.0,0.4827,4692.49,4692.67,4692.58,18.0,0.3836,-7209.5,-7230.0,-151.3115,-151.7381,0.4266,4737.59451368,4738.40958357,4742.98761094,4740.78689415
278,XAUUSD,PERIOD_M5,26090401,2026.02.02 04:55:00,1770008100047,2026.02.02 04:55:00,SELL,30,2026.02.02 05:25:00,1770009900047,2026.02.02 05:25:00,1770009900118,71,OK,4727.83,4727.98,4727.90,15.0,0.3173,4715.71,4715.75,4715.73,4.0,0.0848,1217.5,1208.0,25.7514,25.5508,0.2005,4740.22408875,4739.73081287,4737.74327100,4738.64801170
277,XAUUSD,PERIOD_M5,26090401,2026.02.02 04:45:00,1770007500030,2026.02.02 04:45:00,BUY,60,2026.02.02 05:45:00,1770011100030,2026.02.02 05:45:00,1770011100034,4,OK,4764.56,4764.79,4764.68,23.0,0.4827,4666.32,4666.50,4666.41,18.0,0.3857,-9826.5,-9847.0,-206.2365,-206.6618,0.4253,4737.59451368,4738.40958357,4742.98761094,4740.78689415
278,XAUUSD,PERIOD_M5,26090401,2026.02.02 04:55:00,1770008100047,2026.02.02 04:55:00,SELL,60,2026.02.02 05:55:00,1770011700047,2026.02.02 05:55:00,1770011700112,65,OK,4727.83,4727.98,4727.90,15.0,0.3173,4658.98,4659.06,4659.02,8.0,0.1717,6888.5,6877.0,145.6988,145.4579,0.2409,4740.22408875,4739.73081287,4737.74327100,4738.64801170
279,XAUUSD,PERIOD_M5,26090401,2026.02.02 09:45:00,1770025500027,2026.02.02 09:45:00,BUY,1,2026.02.02 09:46:00,1770025560027,2026.02.02 09:46:00,1770025560037,10,OK,4583.04,4583.20,4583.12,16.0,0.3491,4597.01,4597.21,4597.11,20.0,0.4351,1399.0,1381.0,30.5251,30.1318,0.3933,4538.46381357,4538.82377052,4547.37905085,4542.84342775
279,XAUUSD,PERIOD_M5,26090401,2026.02.02 09:45:00,1770025500027,2026.02.02 09:45:00,BUY,3,2026.02.02 09:48:00,1770025680027,2026.02.02 09:48:00,1770025680091,64,OK,4583.04,4583.20,4583.12,16.0,0.3491,4603.65,4603.85,4603.75,20.0,0.4344,2063.0,2045.0,45.0130,44.6195,0.3935,4538.46381357,4538.82377052,4547.37905085,4542.84342775
279,XAUUSD,PERIOD_M5,26090401,2026.02.02 09:45:00,1770025500027,2026.02.02 09:45:00,BUY,5,2026.02.02 09:50:00,1770025800027,2026.02.02 09:50:00,1770025800041,14,OK,4583.04,4583.20,4583.12,16.0,0.3491,4615.26,4615.46,4615.36,20.0,0.4333,3224.0,3206.0,70.3451,69.9511,0.3940,4538.46381357,4538.82377052,4547.37905085,4542.84342775
279,XAUUSD,PERIOD_M5,26090401,2026.02.02 09:45:00,1770025500027,2026.02.02 09:45:00,BUY,10,2026.02.02 09:55:00,1770026100027,2026.02.02 09:55:00,1770026100081,54,OK,4583.04,4583.20,4583.12,16.0,0.3491,4598.57,4598.77,4598.67,20.0,0.4349,1555.0,1537.0,33.9289,33.5355,0.3933,4538.46381357,4538.82377052,4547.37905085,4542.84342775
279,XAUUSD,PERIOD_M5,26090401,2026.02.02 09:45:00,1770025500027,2026.02.02 09:45:00,BUY,15,2026.02.02 10:00:00,1770026400027,2026.02.02 10:00:00,1770026400127,100,OK,4583.04,4583.20,4583.12,16.0,0.3491,4588.31,4588.35,4588.33,4.0,0.0872,521.0,511.0,11.3678,11.1494,0.2184,4538.46381357,4538.82377052,4547.37905085,4542.84342775
279,XAUUSD,PERIOD_M5,26090401,2026.02.02 09:45:00,1770025500027,2026.02.02 09:45:00,BUY,30,2026.02.02 10:15:00,1770027300027,2026.02.02 10:15:00,1770027300052,25,OK,4583.04,4583.20,4583.12,16.0,0.3491,4610.69,4610.85,4610.77,16.0,0.3470,2765.0,2749.0,60.3301,59.9799,0.3502,4538.46381357,4538.82377052,4547.37905085,4542.84342775
279,XAUUSD,PERIOD_M5,26090401,2026.02.02 09:45:00,1770025500027,2026.02.02 09:45:00,BUY,60,2026.02.02 10:45:00,1770029100027,2026.02.02 10:45:00,1770029100118,91,OK,4583.04,4583.20,4583.12,16.0,0.3491,4641.26,4641.46,4641.36,20.0,0.4309,5824.0,5806.0,127.0750,126.6800,0.3950,4538.46381357,4538.82377052,4547.37905085,4542.84342775
280,XAUUSD,PERIOD_M5,26090401,2026.02.02 15:30:00,1770046200051,2026.02.02 15:30:00,SELL,1,2026.02.02 15:31:00,1770046260051,2026.02.02 15:31:00,1770046260124,73,OK,4739.39,4739.59,4739.49,20.0,0.4220,4731.24,4731.40,4731.32,16.0,0.3382,817.0,799.0,17.2381,16.8587,0.3794,4766.60300936,4764.43794711,4761.16040749,4762.16086101
280,XAUUSD,PERIOD_M5,26090401,2026.02.02 15:30:00,1770046200051,2026.02.02 15:30:00,SELL,3,2026.02.02 15:33:00,1770046380051,2026.02.02 15:33:00,1770046380101,50,OK,4739.39,4739.59,4739.49,20.0,0.4220,4718.60,4718.76,4718.68,16.0,0.3391,2081.0,2063.0,43.9077,43.5288,0.3789,4766.60300936,4764.43794711,4761.16040749,4762.16086101
280,XAUUSD,PERIOD_M5,26090401,2026.02.02 15:30:00,1770046200051,2026.02.02 15:30:00,SELL,5,2026.02.02 15:35:00,1770046500051,2026.02.02 15:35:00,1770046500189,138,OK,4739.39,4739.59,4739.49,20.0,0.4220,4710.40,4710.60,4710.50,20.0,0.4246,2899.0,2879.0,61.1669,60.7462,0.4207,4766.60300936,4764.43794711,4761.16040749,4762.16086101
280,XAUUSD,PERIOD_M5,26090401,2026.02.02 15:30:00,1770046200051,2026.02.02 15:30:00,SELL,10,2026.02.02 15:40:00,1770046800051,2026.02.02 15:40:00,1770046800088,37,OK,4739.39,4739.59,4739.49,20.0,0.4220,4690.23,4690.36,4690.30,13.0,0.2772,4919.5,4903.0,103.7981,103.4521,0.3460,4766.60300936,4764.43794711,4761.16040749,4762.16086101
280,XAUUSD,PERIOD_M5,26090401,2026.02.02 15:30:00,1770046200051,2026.02.02 15:30:00,SELL,15,2026.02.02 15:45:00,1770047100051,2026.02.02 15:45:00,1770047100097,46,OK,4739.39,4739.59,4739.49,20.0,0.4220,4685.79,4685.83,4685.81,4.0,0.0854,5368.0,5356.0,113.2611,113.0103,0.2508,4766.60300936,4764.43794711,4761.16040749,4762.16086101
280,XAUUSD,PERIOD_M5,26090401,2026.02.02 15:30:00,1770046200051,2026.02.02 15:30:00,SELL,30,2026.02.02 16:00:00,1770048000051,2026.02.02 16:00:00,1770048000096,45,OK,4739.39,4739.59,4739.49,20.0,0.4220,4706.16,4706.33,4706.24,17.0,0.3612,3324.5,3306.0,70.1447,69.7558,0.3889,4766.60300936,4764.43794711,4761.16040749,4762.16086101
280,XAUUSD,PERIOD_M5,26090401,2026.02.02 15:30:00,1770046200051,2026.02.02 15:30:00,SELL,60,2026.02.02 16:30:00,1770049800051,2026.02.02 16:30:00,1770049800097,46,OK,4739.39,4739.59,4739.49,20.0,0.4220,4721.80,4721.84,4721.82,4.0,0.0847,1767.0,1755.0,37.2825,37.0301,0.2524,4766.60300936,4764.43794711,4761.16040749,4762.16086101
281,XAUUSD,PERIOD_M5,26090401,2026.02.02 16:40:00,1770050400000,2026.02.02 16:40:00,BUY,1,2026.02.02 16:41:00,1770050460000,2026.02.02 16:41:00,1770050460002,2,OK,4779.40,4779.56,4779.48,16.0,0.3348,4792.91,4793.03,4792.97,12.0,0.2504,1349.0,1335.0,28.2248,27.9314,0.2934,4722.44451878,4728.31541194,4733.83561502,4732.95946540
281,XAUUSD,PERIOD_M5,26090401,2026.02.02 16:40:00,1770050400000,2026.02.02 16:40:00,BUY,3,2026.02.02 16:43:00,1770050580000,2026.02.02 16:43:00,1770050580023,23,OK,4779.40,4779.56,4779.48,16.0,0.3348,4776.89,4777.09,4776.99,20.0,0.4187,-249.0,-267.0,-5.2098,-5.5863,0.3765,4722.44451878,4728.31541194,4733.83561502,4732.95946540
281,XAUUSD,PERIOD_M5,26090401,2026.02.02 16:40:00,1770050400000,2026.02.02 16:40:00,BUY,5,2026.02.02 16:45:00,1770050700000,2026.02.02 16:45:00,1770050700001,1,OK,4779.40,4779.56,4779.48,16.0,0.3348,4753.99,4754.19,4754.09,20.0,0.4207,-2539.0,-2557.0,-53.1229,-53.4986,0.3757,4722.44451878,4728.31541194,4733.83561502,4732.95946540
281,XAUUSD,PERIOD_M5,26090401,2026.02.02 16:40:00,1770050400000,2026.02.02 16:40:00,BUY,10,2026.02.02 16:50:00,1770051000000,2026.02.02 16:50:00,1770051000053,53,OK,4779.40,4779.56,4779.48,16.0,0.3348,4731.45,4731.61,4731.53,16.0,0.3382,-4795.0,-4811.0,-100.3247,-100.6578,0.3331,4722.44451878,4728.31541194,4733.83561502,4732.95946540
282,XAUUSD,PERIOD_M5,26090401,2026.02.02 16:55:00,1770051300024,2026.02.02 16:55:00,SELL,1,2026.02.02 16:56:00,1770051360024,2026.02.02 16:56:00,1770051360028,4,OK,4718.97,4719.07,4719.02,10.0,0.2119,4720.48,4720.68,4720.58,20.0,0.4237,-156.0,-171.0,-3.3058,-3.6237,0.3179,4736.58319361,4734.56030198,4733.05655489,4733.14118362
282,XAUUSD,PERIOD_M5,26090401,2026.02.02 16:55:00,1770051300024,2026.02.02 16:55:00,SELL,3,2026.02.02 16:58:00,1770051480024,2026.02.02 16:58:00,1770051480117,93,OK,4718.97,4719.07,4719.02,10.0,0.2119,4710.63,4710.79,4710.71,16.0,0.3397,831.0,818.0,17.6096,17.3343,0.2753,4736.58319361,4734.56030198,4733.05655489,4733.14118362
281,XAUUSD,PERIOD_M5,26090401,2026.02.02 16:40:00,1770050400000,2026.02.02 16:40:00,BUY,15,2026.02.02 16:55:00,1770051300000,2026.02.02 16:55:00,1770051300024,24,OK,4779.40,4779.56,4779.48,16.0,0.3348,4718.97,4719.07,4719.02,10.0,0.2119,-6046.0,-6059.0,-126.4991,-126.7690,0.2699,4722.44451878,4728.31541194,4733.83561502,4732.95946540
282,XAUUSD,PERIOD_M5,26090401,2026.02.02 16:55:00,1770051300024,2026.02.02 16:55:00,SELL,5,2026.02.02 17:00:00,1770051600024,2026.02.02 17:00:00,1770051600042,18,OK,4718.97,4719.07,4719.02,10.0,0.2119,4719.51,4719.67,4719.59,16.0,0.3390,-57.0,-70.0,-1.2079,-1.4834,0.2755,4736.58319361,4734.56030198,4733.05655489,4733.14118362
282,XAUUSD,PERIOD_M5,26090401,2026.02.02 16:55:00,1770051300024,2026.02.02 16:55:00,SELL,10,2026.02.02 17:05:00,1770051900024,2026.02.02 17:05:00,1770051900041,17,OK,4718.97,4719.07,4719.02,10.0,0.2119,4731.37,4731.53,4731.45,16.0,0.3382,-1243.0,-1256.0,-26.3402,-26.6160,0.2758,4736.58319361,4734.56030198,4733.05655489,4733.14118362
282,XAUUSD,PERIOD_M5,26090401,2026.02.02 16:55:00,1770051300024,2026.02.02 16:55:00,SELL,15,2026.02.02 17:10:00,1770052200024,2026.02.02 17:10:00,1770052200034,10,OK,4718.97,4719.07,4719.02,10.0,0.2119,4732.70,4732.86,4732.78,16.0,0.3381,-1376.0,-1389.0,-29.1586,-29.4344,0.2758,4736.58319361,4734.56030198,4733.05655489,4733.14118362
281,XAUUSD,PERIOD_M5,26090401,2026.02.02 16:40:00,1770050400000,2026.02.02 16:40:00,BUY,30,2026.02.02 17:10:00,1770052200000,2026.02.02 17:10:00,1770052200034,34,OK,4779.40,4779.56,4779.48,16.0,0.3348,4732.70,4732.86,4732.78,16.0,0.3381,-4670.0,-4686.0,-97.7094,-98.0425,0.3331,4722.44451878,4728.31541194,4733.83561502,4732.95946540
282,XAUUSD,PERIOD_M5,26090401,2026.02.02 16:55:00,1770051300024,2026.02.02 16:55:00,SELL,30,2026.02.02 17:25:00,1770053100024,2026.02.02 17:25:00,1770053100025,1,OK,4718.97,4719.07,4719.02,10.0,0.2119,4697.88,4698.08,4697.98,20.0,0.4257,2104.0,2089.0,44.5855,44.2681,0.3174,4736.58319361,4734.56030198,4733.05655489,4733.14118362
281,XAUUSD,PERIOD_M5,26090401,2026.02.02 16:40:00,1770050400000,2026.02.02 16:40:00,BUY,60,2026.02.02 17:40:00,1770054000000,2026.02.02 17:40:00,1770054000030,30,OK,4779.40,4779.56,4779.48,16.0,0.3348,4703.46,4703.60,4703.53,14.0,0.2976,-7595.0,-7610.0,-158.9085,-159.2197,0.3112,4722.44451878,4728.31541194,4733.83561502,4732.95946540
282,XAUUSD,PERIOD_M5,26090401,2026.02.02 16:55:00,1770051300024,2026.02.02 16:55:00,SELL,60,2026.02.02 17:55:00,1770054900024,2026.02.02 17:55:00,1770054900037,13,OK,4718.97,4719.07,4719.02,10.0,0.2119,4642.45,4642.62,4642.53,17.0,0.3662,7648.5,7635.0,162.0781,161.7938,0.2844,4736.58319361,4734.56030198,4733.05655489,4733.14118362
283,XAUUSD,PERIOD_M5,26090401,2026.02.02 19:15:00,1770059700052,2026.02.02 19:15:00,BUY,1,2026.02.02 19:16:00,1770059760052,2026.02.02 19:16:00,1770059760098,46,OK,4707.77,4707.93,4707.85,16.0,0.3399,4702.26,4702.40,4702.33,14.0,0.2977,-552.0,-567.0,-11.7251,-12.0435,0.3184,4678.20760965,4681.09664717,4684.12008772,4683.52149743
283,XAUUSD,PERIOD_M5,26090401,2026.02.02 19:15:00,1770059700052,2026.02.02 19:15:00,BUY,3,2026.02.02 19:18:00,1770059880052,2026.02.02 19:18:00,1770059880165,113,OK,4707.77,4707.93,4707.85,16.0,0.3399,4686.42,4686.58,4686.50,16.0,0.3414,-2135.0,-2151.0,-45.3498,-45.6889,0.3391,4678.20760965,4681.09664717,4684.12008772,4683.52149743
284,XAUUSD,PERIOD_M5,26090401,2026.02.02 19:20:00,1770060000091,2026.02.02 19:20:00,SELL,1,2026.02.02 19:21:00,1770060060091,2026.02.02 19:21:00,1770060060131,40,OK,4678.05,4678.15,4678.10,10.0,0.2138,4669.24,4669.28,4669.26,4.0,0.0857,884.0,877.0,18.8966,18.7471,0.1494,4684.12008772,4683.52149743,4682.90807018,4683.02499766
284,XAUUSD,PERIOD_M5,26090401,2026.02.02 19:20:00,1770060000091,2026.02.02 19:20:00,SELL,3,2026.02.02 19:23:00,1770060180091,2026.02.02 19:23:00,1770060180159,68,OK,4678.05,4678.15,4678.10,10.0,0.2138,4674.49,4674.65,4674.57,16.0,0.3423,353.0,340.0,7.5458,7.2680,0.2778,4684.12008772,4683.52149743,4682.90807018,4683.02499766
283,XAUUSD,PERIOD_M5,26090401,2026.02.02 19:15:00,1770059700052,2026.02.02 19:15:00,BUY,5,2026.02.02 19:20:00,1770060000052,2026.02.02 19:20:00,1770060000091,39,OK,4707.77,4707.93,4707.85,16.0,0.3399,4678.05,4678.15,4678.10,10.0,0.2138,-2975.0,-2988.0,-63.1923,-63.4674,0.2751,4678.20760965,4681.09664717,4684.12008772,4683.52149743
284,XAUUSD,PERIOD_M5,26090401,2026.02.02 19:20:00,1770060000091,2026.02.02 19:20:00,SELL,5,2026.02.02 19:25:00,1770060300091,2026.02.02 19:25:00,1770060300165,74,OK,4678.05,4678.15,4678.10,10.0,0.2138,4671.96,4672.16,4672.06,20.0,0.4281,604.0,589.0,12.9112,12.5907,0.3205,4684.12008772,4683.52149743,4682.90807018,4683.02499766
283,XAUUSD,PERIOD_M5,26090401,2026.02.02 19:15:00,1770059700052,2026.02.02 19:15:00,BUY,10,2026.02.02 19:25:00,1770060300052,2026.02.02 19:25:00,1770060300064,12,OK,4707.77,4707.93,4707.85,16.0,0.3399,4672.42,4672.62,4672.52,20.0,0.4280,-3533.0,-3551.0,-75.0449,-75.4259,0.3811,4678.20760965,4681.09664717,4684.12008772,4683.52149743
284,XAUUSD,PERIOD_M5,26090401,2026.02.02 19:20:00,1770060000091,2026.02.02 19:20:00,SELL,10,2026.02.02 19:30:00,1770060600091,2026.02.02 19:30:00,1770060600120,29,OK,4678.05,4678.15,4678.10,10.0,0.2138,4667.44,4667.48,4667.46,4.0,0.0857,1064.0,1057.0,22.7443,22.5949,0.1494,4684.12008772,4683.52149743,4682.90807018,4683.02499766
283,XAUUSD,PERIOD_M5,26090401,2026.02.02 19:15:00,1770059700052,2026.02.02 19:15:00,BUY,15,2026.02.02 19:30:00,1770060600052,2026.02.02 19:30:00,1770060600120,68,OK,4707.77,4707.93,4707.85,16.0,0.3399,4667.44,4667.48,4667.46,4.0,0.0857,-4039.0,-4049.0,-85.7929,-86.0038,0.2109,4678.20760965,4681.09664717,4684.12008772,4683.52149743
284,XAUUSD,PERIOD_M5,26090401,2026.02.02 19:20:00,1770060000091,2026.02.02 19:20:00,SELL,15,2026.02.02 19:35:00,1770060900091,2026.02.02 19:35:00,1770060900097,6,OK,4678.05,4678.15,4678.10,10.0,0.2138,4674.21,4674.41,4674.31,20.0,0.4279,379.0,364.0,8.1016,7.7810,0.3206,4684.12008772,4683.52149743,4682.90807018,4683.02499766
283,XAUUSD,PERIOD_M5,26090401,2026.02.02 19:15:00,1770059700052,2026.02.02 19:15:00,BUY,30,2026.02.02 19:45:00,1770061500052,2026.02.02 19:45:00,1770061500103,51,OK,4707.77,4707.93,4707.85,16.0,0.3399,4674.77,4674.97,4674.87,20.0,0.4278,-3298.0,-3316.0,-70.0532,-70.4344,0.3811,4678.20760965,4681.09664717,4684.12008772,4683.52149743
284,XAUUSD,PERIOD_M5,26090401,2026.02.02 19:20:00,1770060000091,2026.02.02 19:20:00,SELL,30,2026.02.02 19:50:00,1770061800091,2026.02.02 19:50:00,1770061800100,9,OK,4678.05,4678.15,4678.10,10.0,0.2138,4680.34,4680.50,4680.42,16.0,0.3418,-232.0,-245.0,-4.9593,-5.2372,0.2779,4684.12008772,4683.52149743,4682.90807018,4683.02499766
283,XAUUSD,PERIOD_M5,26090401,2026.02.02 19:15:00,1770059700052,2026.02.02 19:15:00,BUY,60,2026.02.02 20:15:00,1770063300052,2026.02.02 20:15:00,1770063300127,75,OK,4707.77,4707.93,4707.85,16.0,0.3399,4636.01,4636.21,4636.11,20.0,0.4314,-7174.0,-7192.0,-152.3838,-152.7635,0.3797,4678.20760965,4681.09664717,4684.12008772,4683.52149743
284,XAUUSD,PERIOD_M5,26090401,2026.02.02 19:20:00,1770060000091,2026.02.02 19:20:00,SELL,60,2026.02.02 20:20:00,1770063600091,2026.02.02 20:20:00,1770063600105,14,OK,4678.05,4678.15,4678.10,10.0,0.2138,4624.32,4624.46,4624.39,14.0,0.3027,5371.0,5359.0,114.8116,114.5563,0.2553,4684.12008772,4683.52149743,4682.90807018,4683.02499766
285,XAUUSD,PERIOD_M5,26090401,2026.02.02 21:45:00,1770068700029,2026.02.02 21:45:00,BUY,1,2026.02.02 21:46:00,1770068760029,2026.02.02 21:46:00,1770068760056,27,OK,4694.68,4694.75,4694.72,7.0,0.1491,4707.06,4707.12,4707.09,6.0,0.1275,1237.5,1231.0,26.3594,26.2208,0.1386,4650.60543048,4653.79395363,4659.39434438,4657.49904876
285,XAUUSD,PERIOD_M5,26090401,2026.02.02 21:45:00,1770068700029,2026.02.02 21:45:00,BUY,3,2026.02.02 21:48:00,1770068880029,2026.02.02 21:48:00,1770068880049,20,OK,4694.68,4694.75,4694.72,7.0,0.1491,4698.76,4698.94,4698.85,18.0,0.3831,413.5,401.0,8.8078,8.5415,0.2663,4650.60543048,4653.79395363,4659.39434438,4657.49904876
285,XAUUSD,PERIOD_M5,26090401,2026.02.02 21:45:00,1770068700029,2026.02.02 21:45:00,BUY,5,2026.02.02 21:50:00,1770069000029,2026.02.02 21:50:00,1770069000043,14,OK,4694.68,4694.75,4694.72,7.0,0.1491,4705.83,4705.98,4705.90,15.0,0.3187,1119.0,1108.0,23.8353,23.6008,0.2345,4650.60543048,4653.79395363,4659.39434438,4657.49904876
285,XAUUSD,PERIOD_M5,26090401,2026.02.02 21:45:00,1770068700029,2026.02.02 21:45:00,BUY,10,2026.02.02 21:55:00,1770069300029,2026.02.02 21:55:00,1770069300032,3,OK,4694.68,4694.75,4694.72,7.0,0.1491,4691.00,4691.16,4691.08,16.0,0.3411,-363.5,-375.0,-7.7427,-7.9876,0.2449,4650.60543048,4653.79395363,4659.39434438,4657.49904876
285,XAUUSD,PERIOD_M5,26090401,2026.02.02 21:45:00,1770068700029,2026.02.02 21:45:00,BUY,15,2026.02.02 22:00:00,1770069600029,2026.02.02 22:00:00,1770069600057,28,OK,4694.68,4694.75,4694.72,7.0,0.1491,4685.58,4685.75,4685.66,17.0,0.3628,-905.0,-917.0,-19.2770,-19.5325,0.2555,4650.60543048,4653.79395363,4659.39434438,4657.49904876
285,XAUUSD,PERIOD_M5,26090401,2026.02.02 21:45:00,1770068700029,2026.02.02 21:45:00,BUY,30,2026.02.02 22:15:00,1770070500029,2026.02.02 22:15:00,1770070500037,8,OK,4694.68,4694.75,4694.72,7.0,0.1491,4692.60,4692.78,4692.69,18.0,0.3836,-202.5,-215.0,-4.3134,-4.5796,0.2662,4650.60543048,4653.79395363,4659.39434438,4657.49904876
285,XAUUSD,PERIOD_M5,26090401,2026.02.02 21:45:00,1770068700029,2026.02.02 21:45:00,BUY,60,2026.02.02 22:45:00,1770072300029,2026.02.02 22:45:00,1770072300068,39,OK,4694.68,4694.75,4694.72,7.0,0.1491,4680.49,4680.69,4680.59,20.0,0.4273,-1412.5,-1426.0,-30.0870,-30.3744,0.2873,4650.60543048,4653.79395363,4659.39434438,4657.49904876
286,XAUUSD,PERIOD_M5,26090401,2026.02.02 23:00:00,1770073200031,2026.02.02 23:00:00,SELL,1,2026.02.02 23:01:00,1770073260031,2026.02.02 23:01:00,1770073260041,10,OK,4652.67,4652.82,4652.74,15.0,0.3224,4659.26,4659.53,4659.40,27.0,0.5795,-665.0,-686.0,-14.2926,-14.7442,0.4516,4670.84376405,4670.16625365,4667.19901124,4668.57113968
286,XAUUSD,PERIOD_M5,26090401,2026.02.02 23:00:00,1770073200031,2026.02.02 23:00:00,SELL,3,2026.02.02 23:03:00,1770073380031,2026.02.02 23:03:00,1770073380126,95,OK,4652.67,4652.82,4652.74,15.0,0.3224,4649.08,4649.35,4649.22,27.0,0.5807,353.0,332.0,7.5869,7.1357,0.4512,4670.84376405,4670.16625365,4667.19901124,4668.57113968
286,XAUUSD,PERIOD_M5,26090401,2026.02.02 23:00:00,1770073200031,2026.02.02 23:00:00,SELL,5,2026.02.02 23:05:00,1770073500031,2026.02.02 23:05:00,1770073500099,68,OK,4652.67,4652.82,4652.74,15.0,0.3224,4655.90,4656.17,4656.03,27.0,0.5799,-329.0,-350.0,-7.0711,-7.5226,0.4515,4670.84376405,4670.16625365,4667.19901124,4668.57113968
286,XAUUSD,PERIOD_M5,26090401,2026.02.02 23:00:00,1770073200031,2026.02.02 23:00:00,SELL,10,2026.02.02 23:10:00,1770073800031,2026.02.02 23:10:00,1770073800331,300,OK,4652.67,4652.82,4652.74,15.0,0.3224,4663.42,4663.69,4663.56,27.0,0.5790,-1081.0,-1102.0,-23.2336,-23.6853,0.4517,4670.84376405,4670.16625365,4667.19901124,4668.57113968
286,XAUUSD,PERIOD_M5,26090401,2026.02.02 23:00:00,1770073200031,2026.02.02 23:00:00,SELL,15,2026.02.02 23:15:00,1770074100031,2026.02.02 23:15:00,1770074100082,51,OK,4652.67,4652.82,4652.74,15.0,0.3224,4675.26,4675.53,4675.40,27.0,0.5775,-2265.0,-2286.0,-48.6809,-49.1331,0.4521,4670.84376405,4670.16625365,4667.19901124,4668.57113968
287,XAUUSD,PERIOD_M5,26090401,2026.02.02 23:25:00,1770074700004,2026.02.02 23:25:00,BUY,1,2026.02.02 23:26:00,1770074760004,2026.02.02 23:26:00,1770074760031,27,OK,4673.46,4673.73,4673.59,27.0,0.5777,4677.02,4677.29,4677.16,27.0,0.5773,356.0,329.0,7.6173,7.0393,0.5779,4667.34063500,4667.96905176,4668.56450800,4668.46822887
287,XAUUSD,PERIOD_M5,26090401,2026.02.02 23:25:00,1770074700004,2026.02.02 23:25:00,BUY,3,2026.02.02 23:28:00,1770074880004,2026.02.02 23:28:00,1770074880037,33,OK,4673.46,4673.73,4673.59,27.0,0.5777,4679.88,4680.15,4680.01,27.0,0.5769,642.0,615.0,13.7367,13.1587,0.5781,4667.34063500,4667.96905176,4668.56450800,4668.46822887
287,XAUUSD,PERIOD_M5,26090401,2026.02.02 23:25:00,1770074700004,2026.02.02 23:25:00,BUY,5,2026.02.02 23:30:00,1770075000004,2026.02.02 23:30:00,1770075000025,21,OK,4673.46,4673.73,4673.59,27.0,0.5777,4681.01,4681.28,4681.15,27.0,0.5768,755.0,728.0,16.1546,15.5764,0.5782,4667.34063500,4667.96905176,4668.56450800,4668.46822887
286,XAUUSD,PERIOD_M5,26090401,2026.02.02 23:00:00,1770073200031,2026.02.02 23:00:00,SELL,30,2026.02.02 23:30:00,1770075000031,2026.02.02 23:30:00,1770075000069,38,OK,4652.67,4652.82,4652.74,15.0,0.3224,4681.00,4681.44,4681.22,44.0,0.9399,-2847.5,-2877.0,-61.2004,-61.8355,0.6350,4670.84376405,4670.16625365,4667.19901124,4668.57113968
287,XAUUSD,PERIOD_M5,26090401,2026.02.02 23:25:00,1770074700004,2026.02.02 23:25:00,BUY,10,2026.02.02 23:35:00,1770075300004,2026.02.02 23:35:00,1770075300014,10,OK,4673.46,4673.73,4673.59,27.0,0.5777,4669.27,4669.71,4669.49,44.0,0.9423,-410.5,-446.0,-8.7834,-9.5427,0.7593,4667.34063500,4667.96905176,4668.56450800,4668.46822887
287,XAUUSD,PERIOD_M5,26090401,2026.02.02 23:25:00,1770074700004,2026.02.02 23:25:00,BUY,15,2026.02.02 23:40:00,1770075600004,2026.02.02 23:40:00,1770075600049,45,OK,4673.46,4673.73,4673.59,27.0,0.5777,4679.82,4680.26,4680.04,44.0,0.9402,644.5,609.0,13.7902,13.0303,0.7600,4667.34063500,4667.96905176,4668.56450800,4668.46822887
288,XAUUSD,PERIOD_M5,26090401,2026.02.02 23:55:00,1770076500040,2026.02.02 23:55:00,SELL,1,2026.02.02 23:56:00,1770076560040,2026.02.02 23:56:00,1770076560098,58,OK,4664.72,4665.16,4664.94,44.0,0.9432,4659.82,4660.26,4660.04,44.0,0.9442,490.0,446.0,10.5039,9.5611,0.9428,4670.47184518,4669.89443063,4669.32147615,4669.42402784
288,XAUUSD,PERIOD_M5,26090401,2026.02.02 23:55:00,1770076500040,2026.02.02 23:55:00,SELL,3,2026.02.02 23:58:00,1770076680040,2026.02.02 23:58:00,1770076680077,37,OK,4664.72,4665.16,4664.94,44.0,0.9432,4657.75,4658.19,4657.97,44.0,0.9446,697.0,653.0,14.9412,13.9987,0.9425,4670.47184518,4669.89443063,4669.32147615,4669.42402784
288,XAUUSD,PERIOD_M5,26090401,2026.02.02 23:55:00,1770076500040,2026.02.02 23:55:00,SELL,5,2026.02.03 00:00:00,1770076800040,,,,NO_TICK_NEAR_TARGET,4664.72,4665.16,4664.94,44.0,0.9432,,,,,,,,,,,4670.47184518,4669.89443063,4669.32147615,4669.42402784
288,XAUUSD,PERIOD_M5,26090401,2026.02.02 23:55:00,1770076500040,2026.02.02 23:55:00,SELL,10,2026.02.03 00:05:00,1770077100040,,,,NO_TICK_NEAR_TARGET,4664.72,4665.16,4664.94,44.0,0.9432,,,,,,,,,,,4670.47184518,4669.89443063,4669.32147615,4669.42402784
288,XAUUSD,PERIOD_M5,26090401,2026.02.02 23:55:00,1770076500040,2026.02.02 23:55:00,SELL,15,2026.02.03 00:10:00,1770077400040,,,,NO_TICK_NEAR_TARGET,4664.72,4665.16,4664.94,44.0,0.9432,,,,,,,,,,,4670.47184518,4669.89443063,4669.32147615,4669.42402784
288,XAUUSD,PERIOD_M5,26090401,2026.02.02 23:55:00,1770076500040,2026.02.02 23:55:00,SELL,30,2026.02.03 00:25:00,1770078300040,,,,NO_TICK_NEAR_TARGET,4664.72,4665.16,4664.94,44.0,0.9432,,,,,,,,,,,4670.47184518,4669.89443063,4669.32147615,4669.42402784
288,XAUUSD,PERIOD_M5,26090401,2026.02.02 23:55:00,1770076500040,2026.02.02 23:55:00,SELL,60,2026.02.03 00:55:00,1770080100040,,,,NO_TICK_NEAR_TARGET,4664.72,4665.16,4664.94,44.0,0.9432,,,,,,,,,,,4670.47184518,4669.89443063,4669.32147615,4669.42402784
287,XAUUSD,PERIOD_M5,26090401,2026.02.02 23:25:00,1770074700004,2026.02.02 23:25:00,BUY,30,2026.02.02 23:55:00,1770076500004,2026.02.02 23:55:00,1770076500040,36,OK,4673.46,4673.73,4673.59,27.0,0.5777,4664.72,4665.16,4664.94,44.0,0.9432,-865.5,-901.0,-18.5189,-19.2780,0.7590,4667.34063500,4667.96905176,4668.56450800,4668.46822887
287,XAUUSD,PERIOD_M5,26090401,2026.02.02 23:25:00,1770074700004,2026.02.02 23:25:00,BUY,60,2026.02.03 00:25:00,1770078300004,,,,NO_TICK_NEAR_TARGET,4673.46,4673.73,4673.59,27.0,0.5777,,,,,,,,,,,4667.34063500,4667.96905176,4668.56450800,4668.46822887
286,XAUUSD,PERIOD_M5,26090401,2026.02.02 23:00:00,1770073200031,2026.02.02 23:00:00,SELL,60,2026.02.03 00:00:00,1770076800031,,,,NO_TICK_NEAR_TARGET,4652.67,4652.82,4652.74,15.0,0.3224,,,,,,,,,,,4670.84376405,4670.16625365,4667.19901124,4668.57113968
289,XAUUSD,PERIOD_M5,26090401,2026.02.03 01:05:00,1770080700008,2026.02.03 01:05:00,BUY,1,2026.02.03 01:06:00,1770080760008,2026.02.03 01:06:00,1770080760219,211,OK,4701.23,4701.50,4701.36,27.0,0.5743,4702.75,4703.02,4702.89,27.0,0.5741,152.0,125.0,3.2331,2.6587,0.5744,4667.17718092,4668.44002531,4673.97174473,4671.41365937
289,XAUUSD,PERIOD_M5,26090401,2026.02.03 01:05:00,1770080700008,2026.02.03 01:05:00,BUY,3,2026.02.03 01:08:00,1770080880008,2026.02.03 01:08:00,1770080880050,42,OK,4701.23,4701.50,4701.36,27.0,0.5743,4711.61,4711.76,4711.68,15.0,0.3184,1032.0,1011.0,21.9511,21.5038,0.4473,4667.17718092,4668.44002531,4673.97174473,4671.41365937
289,XAUUSD,PERIOD_M5,26090401,2026.02.03 01:05:00,1770080700008,2026.02.03 01:05:00,BUY,5,2026.02.03 01:10:00,1770081000008,2026.02.03 01:10:00,1770081000049,41,OK,4701.23,4701.50,4701.36,27.0,0.5743,4716.95,4717.17,4717.06,22.0,0.4664,1569.5,1545.0,33.3839,32.8619,0.5221,4667.17718092,4668.44002531,4673.97174473,4671.41365937
289,XAUUSD,PERIOD_M5,26090401,2026.02.03 01:05:00,1770080700008,2026.02.03 01:05:00,BUY,10,2026.02.03 01:15:00,1770081300008,2026.02.03 01:15:00,1770081300044,36,OK,4701.23,4701.50,4701.36,27.0,0.5743,4718.50,4718.77,4718.64,27.0,0.5722,1727.0,1700.0,36.7340,36.1587,0.5753,4667.17718092,4668.44002531,4673.97174473,4671.41365937
289,XAUUSD,PERIOD_M5,26090401,2026.02.03 01:05:00,1770080700008,2026.02.03 01:05:00,BUY,15,2026.02.03 01:20:00,1770081600008,2026.02.03 01:20:00,1770081600029,21,OK,4701.23,4701.50,4701.36,27.0,0.5743,4742.00,4742.27,4742.14,27.0,0.5694,4077.0,4050.0,86.7195,86.1427,0.5768,4667.17718092,4668.44002531,4673.97174473,4671.41365937
289,XAUUSD,PERIOD_M5,26090401,2026.02.03 01:05:00,1770080700008,2026.02.03 01:05:00,BUY,30,2026.02.03 01:35:00,1770082500008,2026.02.03 01:35:00,1770082500022,14,OK,4701.23,4701.50,4701.36,27.0,0.5743,4737.67,4737.90,4737.78,23.0,0.4855,3642.0,3617.0,77.4669,76.9329,0.5340,4667.17718092,4668.44002531,4673.97174473,4671.41365937
289,XAUUSD,PERIOD_M5,26090401,2026.02.03 01:05:00,1770080700008,2026.02.03 01:05:00,BUY,60,2026.02.03 02:05:00,1770084300008,2026.02.03 02:05:00,1770084300029,21,OK,4701.23,4701.50,4701.36,27.0,0.5743,4794.74,4794.97,4794.85,23.0,0.4797,9349.0,9324.0,198.8571,198.3197,0.5375,4667.17718092,4668.44002531,4673.97174473,4671.41365937
290,XAUUSD,PERIOD_M5,26090401,2026.02.03 04:25:00,1770092700023,2026.02.03 04:25:00,SELL,1,2026.02.03 04:26:00,1770092760023,2026.02.03 04:26:00,1770092760053,30,OK,4791.60,4791.83,4791.72,23.0,0.4800,4777.23,4777.27,4777.25,4.0,0.0837,1446.5,1433.0,30.1875,29.9065,0.2810,4813.41966844,4812.36610125,4809.05573475,4810.47827386
290,XAUUSD,PERIOD_M5,26090401,2026.02.03 04:25:00,1770092700023,2026.02.03 04:25:00,SELL,3,2026.02.03 04:28:00,1770092880023,2026.02.03 04:28:00,1770092880034,11,OK,4791.60,4791.83,4791.72,23.0,0.4800,4765.29,4765.52,4765.41,23.0,0.4826,2631.0,2608.0,54.9073,54.4286,0.4787,4813.41966844,4812.36610125,4809.05573475,4810.47827386
290,XAUUSD,PERIOD_M5,26090401,2026.02.03 04:25:00,1770092700023,2026.02.03 04:25:00,SELL,5,2026.02.03 04:30:00,1770093000023,2026.02.03 04:30:00,1770093000029,6,OK,4791.60,4791.83,4791.72,23.0,0.4800,4772.92,4773.02,4772.97,10.0,0.2095,1874.5,1858.0,39.1196,38.7762,0.3434,4813.41966844,4812.36610125,4809.05573475,4810.47827386
290,XAUUSD,PERIOD_M5,26090401,2026.02.03 04:25:00,1770092700023,2026.02.03 04:25:00,SELL,10,2026.02.03 04:35:00,1770093300023,2026.02.03 04:35:00,1770093300059,36,OK,4791.60,4791.83,4791.72,23.0,0.4800,4774.20,4774.42,4774.31,22.0,0.4608,1740.5,1718.0,36.3231,35.8544,0.4687,4813.41966844,4812.36610125,4809.05573475,4810.47827386
290,XAUUSD,PERIOD_M5,26090401,2026.02.03 04:25:00,1770092700023,2026.02.03 04:25:00,SELL,15,2026.02.03 04:40:00,1770093600023,2026.02.03 04:40:00,1770093600066,43,OK,4791.60,4791.83,4791.72,23.0,0.4800,4779.50,4779.71,4779.60,21.0,0.4394,1211.0,1189.0,25.2728,24.8143,0.4585,4813.41966844,4812.36610125,4809.05573475,4810.47827386
290,XAUUSD,PERIOD_M5,26090401,2026.02.03 04:25:00,1770092700023,2026.02.03 04:25:00,SELL,30,2026.02.03 04:55:00,1770094500023,2026.02.03 04:55:00,1770094500054,31,OK,4791.60,4791.83,4791.72,23.0,0.4800,4770.51,4770.73,4770.62,22.0,0.4612,2109.5,2087.0,44.0239,43.5554,0.4685,4813.41966844,4812.36610125,4809.05573475,4810.47827386
290,XAUUSD,PERIOD_M5,26090401,2026.02.03 04:25:00,1770092700023,2026.02.03 04:25:00,SELL,60,2026.02.03 05:25:00,1770096300023,2026.02.03 05:25:00,1770096300069,46,OK,4791.60,4791.83,4791.72,23.0,0.4800,4765.24,4765.28,4765.26,4.0,0.0839,2645.5,2632.0,55.2099,54.9295,0.2804,4813.41966844,4812.36610125,4809.05573475,4810.47827386
291,XAUUSD,PERIOD_M5,26090401,2026.02.03 05:50:00,1770097800061,2026.02.03 05:50:00,BUY,1,2026.02.03 05:51:00,1770097860061,2026.02.03 05:51:00,1770097860086,25,OK,4795.50,4795.62,4795.56,12.0,0.2502,4798.46,4798.69,4798.57,23.0,0.4793,301.5,284.0,6.2871,5.9221,0.3650,4786.27742236,4787.04457749,4788.12193789,4787.81325227
291,XAUUSD,PERIOD_M5,26090401,2026.02.03 05:50:00,1770097800061,2026.02.03 05:50:00,BUY,3,2026.02.03 05:53:00,1770097980061,2026.02.03 05:53:00,1770097980196,135,OK,4795.50,4795.62,4795.56,12.0,0.2502,4796.41,4796.62,4796.51,21.0,0.4378,95.5,79.0,1.9914,1.6473,0.3441,4786.27742236,4787.04457749,4788.12193789,4787.81325227
291,XAUUSD,PERIOD_M5,26090401,2026.02.03 05:50:00,1770097800061,2026.02.03 05:50:00,BUY,5,2026.02.03 05:55:00,1770098100061,2026.02.03 05:55:00,1770098100078,17,OK,4795.50,4795.62,4795.56,12.0,0.2502,4799.03,4799.23,4799.13,20.0,0.4167,357.0,341.0,7.4444,7.1107,0.3337,4786.27742236,4787.04457749,4788.12193789,4787.81325227
291,XAUUSD,PERIOD_M5,26090401,2026.02.03 05:50:00,1770097800061,2026.02.03 05:50:00,BUY,10,2026.02.03 06:00:00,1770098400061,2026.02.03 06:00:00,1770098400061,0,OK,4795.50,4795.62,4795.56,12.0,0.2502,4809.19,4809.27,4809.23,8.0,0.1663,1367.0,1357.0,28.5055,28.2967,0.2089,4786.27742236,4787.04457749,4788.12193789,4787.81325227
291,XAUUSD,PERIOD_M5,26090401,2026.02.03 05:50:00,1770097800061,2026.02.03 05:50:00,BUY,15,2026.02.03 06:05:00,1770098700061,2026.02.03 06:05:00,1770098700122,61,OK,4795.50,4795.62,4795.56,12.0,0.2502,4817.01,4817.09,4817.05,8.0,0.1661,2149.0,2139.0,44.8123,44.6032,0.2091,4786.27742236,4787.04457749,4788.12193789,4787.81325227
291,XAUUSD,PERIOD_M5,26090401,2026.02.03 05:50:00,1770097800061,2026.02.03 05:50:00,BUY,30,2026.02.03 06:20:00,1770099600061,2026.02.03 06:20:00,1770099600108,47,OK,4795.50,4795.62,4795.56,12.0,0.2502,4814.42,4814.56,4814.49,14.0,0.2908,1893.0,1880.0,39.4740,39.2024,0.2716,4786.27742236,4787.04457749,4788.12193789,4787.81325227
291,XAUUSD,PERIOD_M5,26090401,2026.02.03 05:50:00,1770097800061,2026.02.03 05:50:00,BUY,60,2026.02.03 06:50:00,1770101400061,2026.02.03 06:50:00,1770101400130,69,OK,4795.50,4795.62,4795.56,12.0,0.2502,4821.60,4821.76,4821.68,16.0,0.3318,2612.0,2598.0,54.4670,54.1744,0.2926,4786.27742236,4787.04457749,4788.12193789,4787.81325227
292,XAUUSD,PERIOD_M5,26090401,2026.02.03 11:30:00,1770118200036,2026.02.03 11:30:00,SELL,1,2026.02.03 11:31:00,1770118260036,2026.02.03 11:31:00,1770118260036,0,OK,4891.35,4891.43,4891.39,8.0,0.1636,4888.06,4888.21,4888.14,15.0,0.3069,325.5,314.0,6.6546,6.4195,0.2351,4916.04514914,4915.08677674,4911.09611931,4912.92434249
292,XAUUSD,PERIOD_M5,26090401,2026.02.03 11:30:00,1770118200036,2026.02.03 11:30:00,SELL,3,2026.02.03 11:33:00,1770118380036,2026.02.03 11:33:00,1770118380059,23,OK,4891.35,4891.43,4891.39,8.0,0.1636,4900.90,4901.07,4900.98,17.0,0.3469,-959.5,-972.0,-19.6161,-19.8718,0.2557,4916.04514914,4915.08677674,4911.09611931,4912.92434249
292,XAUUSD,PERIOD_M5,26090401,2026.02.03 11:30:00,1770118200036,2026.02.03 11:30:00,SELL,5,2026.02.03 11:35:00,1770118500036,2026.02.03 11:35:00,1770118500073,37,OK,4891.35,4891.43,4891.39,8.0,0.1636,4897.80,4897.96,4897.88,16.0,0.3267,-649.0,-661.0,-13.2682,-13.5137,0.2454,4916.04514914,4915.08677674,4911.09611931,4912.92434249
292,XAUUSD,PERIOD_M5,26090401,2026.02.03 11:30:00,1770118200036,2026.02.03 11:30:00,SELL,10,2026.02.03 11:40:00,1770118800036,2026.02.03 11:40:00,1770118800069,33,OK,4891.35,4891.43,4891.39,8.0,0.1636,4914.93,4915.04,4914.99,11.0,0.2238,-2359.5,-2369.0,-48.2378,-48.4324,0.1946,4916.04514914,4915.08677674,4911.09611931,4912.92434249
292,XAUUSD,PERIOD_M5,26090401,2026.02.03 11:30:00,1770118200036,2026.02.03 11:30:00,SELL,15,2026.02.03 11:45:00,1770119100036,2026.02.03 11:45:00,1770119100037,1,OK,4891.35,4891.43,4891.39,8.0,0.1636,4921.45,4921.53,4921.49,8.0,0.1626,-3010.0,-3018.0,-61.5367,-61.7008,0.1641,4916.04514914,4915.08677674,4911.09611931,4912.92434249
293,XAUUSD,PERIOD_M5,26090401,2026.02.03 11:50:00,1770119400041,2026.02.03 11:50:00,BUY,1,2026.02.03 11:51:00,1770119460041,2026.02.03 11:51:00,1770119460069,28,OK,4923.33,4923.47,4923.40,14.0,0.2844,4922.36,4922.52,4922.44,16.0,0.3250,-96.0,-111.0,-1.9499,-2.2545,0.3046,4912.07457309,4912.72659090,4914.31765847,4913.68690082
293,XAUUSD,PERIOD_M5,26090401,2026.02.03 11:50:00,1770119400041,2026.02.03 11:50:00,BUY,3,2026.02.03 11:53:00,1770119580041,2026.02.03 11:53:00,1770119580085,44,OK,4923.33,4923.47,4923.40,14.0,0.2844,4920.90,4921.03,4920.97,13.0,0.2642,-243.5,-257.0,-4.9458,-5.2199,0.2741,4912.07457309,4912.72659090,4914.31765847,4913.68690082
293,XAUUSD,PERIOD_M5,26090401,2026.02.03 11:50:00,1770119400041,2026.02.03 11:50:00,BUY,5,2026.02.03 11:55:00,1770119700041,2026.02.03 11:55:00,1770119700106,65,OK,4923.33,4923.47,4923.40,14.0,0.2844,4918.44,4918.55,4918.49,11.0,0.2236,-490.5,-503.0,-9.9626,-10.2164,0.2537,4912.07457309,4912.72659090,4914.31765847,4913.68690082
293,XAUUSD,PERIOD_M5,26090401,2026.02.03 11:50:00,1770119400041,2026.02.03 11:50:00,BUY,10,2026.02.03 12:00:00,1770120000041,2026.02.03 12:00:00,1770120000101,60,OK,4923.33,4923.47,4923.40,14.0,0.2844,4916.24,4916.28,4916.26,4.0,0.0814,-714.0,-723.0,-14.5022,-14.6848,0.1826,4912.07457309,4912.72659090,4914.31765847,4913.68690082
292,XAUUSD,PERIOD_M5,26090401,2026.02.03 11:30:00,1770118200036,2026.02.03 11:30:00,SELL,30,2026.02.03 12:00:00,1770120000036,2026.02.03 12:00:00,1770120000101,65,OK,4891.35,4891.43,4891.39,8.0,0.1636,4916.24,4916.28,4916.26,4.0,0.0814,-2487.0,-2493.0,-50.8444,-50.9675,0.1231,4916.04514914,4915.08677674,4911.09611931,4912.92434249
293,XAUUSD,PERIOD_M5,26090401,2026.02.03 11:50:00,1770119400041,2026.02.03 11:50:00,BUY,15,2026.02.03 12:05:00,1770120300041,2026.02.03 12:05:00,1770120300107,66,OK,4923.33,4923.47,4923.40,14.0,0.2844,4918.11,4918.24,4918.17,13.0,0.2643,-522.5,-536.0,-10.6126,-10.8866,0.2740,4912.07457309,4912.72659090,4914.31765847,4913.68690082
293,XAUUSD,PERIOD_M5,26090401,2026.02.03 11:50:00,1770119400041,2026.02.03 11:50:00,BUY,30,2026.02.03 12:20:00,1770121200041,2026.02.03 12:20:00,1770121200057,16,OK,4923.33,4923.47,4923.40,14.0,0.2844,4915.58,4915.62,4915.60,4.0,0.0814,-780.0,-789.0,-15.8427,-16.0253,0.1826,4912.07457309,4912.72659090,4914.31765847,4913.68690082
292,XAUUSD,PERIOD_M5,26090401,2026.02.03 11:30:00,1770118200036,2026.02.03 11:30:00,SELL,60,2026.02.03 12:30:00,1770121800036,2026.02.03 12:30:00,1770121800080,44,OK,4891.35,4891.43,4891.39,8.0,0.1636,4914.42,4914.56,4914.49,14.0,0.2849,-2310.0,-2321.0,-47.2258,-47.4511,0.2253,4916.04514914,4915.08677674,4911.09611931,4912.92434249
293,XAUUSD,PERIOD_M5,26090401,2026.02.03 11:50:00,1770119400041,2026.02.03 11:50:00,BUY,60,2026.02.03 12:50:00,1770123000041,2026.02.03 12:50:00,1770123000051,10,OK,4923.33,4923.47,4923.40,14.0,0.2844,4919.20,4919.27,4919.24,7.0,0.1423,-416.5,-427.0,-8.4596,-8.6727,0.2131,4912.07457309,4912.72659090,4914.31765847,4913.68690082
294,XAUUSD,PERIOD_M5,26090401,2026.02.03 13:00:00,1770123600032,2026.02.03 13:00:00,SELL,1,2026.02.03 13:01:00,1770123660032,2026.02.03 13:01:00,1770123660064,32,OK,4902.34,4902.48,4902.41,14.0,0.2856,4898.32,4898.42,4898.37,10.0,0.2041,404.0,392.0,8.2408,7.9962,0.2447,4917.84454268,4916.87421160,4914.74763414,4915.55473781
294,XAUUSD,PERIOD_M5,26090401,2026.02.03 13:00:00,1770123600032,2026.02.03 13:00:00,SELL,3,2026.02.03 13:03:00,1770123780032,2026.02.03 13:03:00,1770123780035,3,OK,4902.34,4902.48,4902.41,14.0,0.2856,4889.73,4889.89,4889.81,16.0,0.3272,1260.0,1245.0,25.7016,25.3960,0.3056,4917.84454268,4916.87421160,4914.74763414,4915.55473781
294,XAUUSD,PERIOD_M5,26090401,2026.02.03 13:00:00,1770123600032,2026.02.03 13:00:00,SELL,5,2026.02.03 13:05:00,1770123900032,2026.02.03 13:05:00,1770123900045,13,OK,4902.34,4902.48,4902.41,14.0,0.2856,4903.07,4903.14,4903.10,7.0,0.1428,-69.5,-80.0,-1.4177,-1.6319,0.2142,4917.84454268,4916.87421160,4914.74763414,4915.55473781
294,XAUUSD,PERIOD_M5,26090401,2026.02.03 13:00:00,1770123600032,2026.02.03 13:00:00,SELL,10,2026.02.03 13:10:00,1770124200032,2026.02.03 13:10:00,1770124200139,107,OK,4902.34,4902.48,4902.41,14.0,0.2856,4907.90,4908.06,4907.98,16.0,0.3260,-557.0,-572.0,-11.3618,-11.6679,0.3061,4917.84454268,4916.87421160,4914.74763414,4915.55473781
294,XAUUSD,PERIOD_M5,26090401,2026.02.03 13:00:00,1770123600032,2026.02.03 13:00:00,SELL,15,2026.02.03 13:15:00,1770124500032,2026.02.03 13:15:00,1770124500048,16,OK,4902.34,4902.48,4902.41,14.0,0.2856,4906.61,4906.74,4906.67,13.0,0.2649,-426.5,-440.0,-8.6998,-8.9753,0.2755,4917.84454268,4916.87421160,4914.74763414,4915.55473781
294,XAUUSD,PERIOD_M5,26090401,2026.02.03 13:00:00,1770123600032,2026.02.03 13:00:00,SELL,30,2026.02.03 13:30:00,1770125400032,2026.02.03 13:30:00,1770125400056,24,OK,4902.34,4902.48,4902.41,14.0,0.2856,4901.16,4901.29,4901.23,13.0,0.2652,118.5,105.0,2.4172,2.1418,0.2753,4917.84454268,4916.87421160,4914.74763414,4915.55473781
294,XAUUSD,PERIOD_M5,26090401,2026.02.03 13:00:00,1770123600032,2026.02.03 13:00:00,SELL,60,2026.02.03 14:00:00,1770127200032,2026.02.03 14:00:00,1770127200036,4,OK,4902.34,4902.48,4902.41,14.0,0.2856,4916.94,4917.06,4917.00,12.0,0.2441,-1459.0,-1472.0,-29.7609,-30.0265,0.2656,4917.84454268,4916.87421160,4914.74763414,4915.55473781
295,XAUUSD,PERIOD_M5,26090401,2026.02.03 14:05:00,1770127500057,2026.02.03 14:05:00,BUY,1,2026.02.03 14:06:00,1770127560057,2026.02.03 14:06:00,1770127560108,51,OK,4932.18,4932.30,4932.24,12.0,0.2433,4932.82,4932.86,4932.84,4.0,0.0811,60.0,52.0,1.2165,1.0543,0.1622,4908.76868980,4909.61702337,4913.45095184,4911.66820306
295,XAUUSD,PERIOD_M5,26090401,2026.02.03 14:05:00,1770127500057,2026.02.03 14:05:00,BUY,3,2026.02.03 14:08:00,1770127680057,2026.02.03 14:08:00,1770127680204,147,OK,4932.18,4932.30,4932.24,12.0,0.2433,4930.55,4930.59,4930.57,4.0,0.0811,-167.0,-175.0,-3.3859,-3.5480,0.1622,4908.76868980,4909.61702337,4913.45095184,4911.66820306
295,XAUUSD,PERIOD_M5,26090401,2026.02.03 14:05:00,1770127500057,2026.02.03 14:05:00,BUY,5,2026.02.03 14:10:00,1770127800057,2026.02.03 14:10:00,1770127800082,25,OK,4932.18,4932.30,4932.24,12.0,0.2433,4930.17,4930.26,4930.22,9.0,0.1825,-202.5,-213.0,-4.1056,-4.3185,0.2128,4908.76868980,4909.61702337,4913.45095184,4911.66820306
295,XAUUSD,PERIOD_M5,26090401,2026.02.03 14:05:00,1770127500057,2026.02.03 14:05:00,BUY,10,2026.02.03 14:15:00,1770128100057,2026.02.03 14:15:00,1770128100086,29,OK,4932.18,4932.30,4932.24,12.0,0.2433,4924.91,4925.08,4924.99,17.0,0.3452,-724.5,-739.0,-14.6891,-14.9829,0.2938,4908.76868980,4909.61702337,4913.45095184,4911.66820306
295,XAUUSD,PERIOD_M5,26090401,2026.02.03 14:05:00,1770127500057,2026.02.03 14:05:00,BUY,15,2026.02.03 14:20:00,1770128400057,2026.02.03 14:20:00,1770128400098,41,OK,4932.18,4932.30,4932.24,12.0,0.2433,4912.99,4913.13,4913.06,14.0,0.2850,-1918.0,-1931.0,-38.8870,-39.1501,0.2631,4908.76868980,4909.61702337,4913.45095184,4911.66820306
296,XAUUSD,PERIOD_M5,26090401,2026.02.03 14:30:00,1770129000046,2026.02.03 14:30:00,SELL,1,2026.02.03 14:31:00,1770129060046,2026.02.03 14:31:00,1770129060059,13,OK,4902.65,4902.71,4902.68,6.0,0.1224,4906.97,4907.01,4906.99,4.0,0.0815,-431.0,-436.0,-8.7911,-8.8931,0.1020,4913.77643787,4912.93451135,4911.55315030,4912.00046486
296,XAUUSD,PERIOD_M5,26090401,2026.02.03 14:30:00,1770129000046,2026.02.03 14:30:00,SELL,3,2026.02.03 14:33:00,1770129180046,2026.02.03 14:33:00,1770129180049,3,OK,4902.65,4902.71,4902.68,6.0,0.1224,4906.86,4906.91,4906.89,5.0,0.1019,-420.5,-426.0,-8.5769,-8.6892,0.1122,4913.77643787,4912.93451135,4911.55315030,4912.00046486
297,XAUUSD,PERIOD_M5,26090401,2026.02.03 14:35:00,1770129300028,2026.02.03 14:35:00,BUY,1,2026.02.03 14:36:00,1770129360028,2026.02.03 14:36:00,1770129360058,30,OK,4916.99,4917.15,4917.07,16.0,0.3254,4914.14,4914.18,4914.16,4.0,0.0814,-291.0,-301.0,-5.9182,-6.1214,0.2033,4911.55315030,4912.00046486,4912.63452024,4912.45133169
297,XAUUSD,PERIOD_M5,26090401,2026.02.03 14:35:00,1770129300028,2026.02.03 14:35:00,BUY,3,2026.02.03 14:38:00,1770129480028,2026.02.03 14:38:00,1770129480052,24,OK,4916.99,4917.15,4917.07,16.0,0.3254,4915.05,4915.16,4915.10,11.0,0.2238,-196.5,-210.0,-3.9963,-4.2708,0.2745,4911.55315030,4912.00046486,4912.63452024,4912.45133169
296,XAUUSD,PERIOD_M5,26090401,2026.02.03 14:30:00,1770129000046,2026.02.03 14:30:00,SELL,5,2026.02.03 14:35:00,1770129300046,2026.02.03 14:35:00,1770129300129,83,OK,4902.65,4902.71,4902.68,6.0,0.1224,4916.99,4917.16,4917.07,17.0,0.3457,-1439.5,-1451.0,-29.3615,-29.5962,0.2347,4913.77643787,4912.93451135,4911.55315030,4912.00046486
295,XAUUSD,PERIOD_M5,26090401,2026.02.03 14:05:00,1770127500057,2026.02.03 14:05:00,BUY,30,2026.02.03 14:35:00,1770129300057,2026.02.03 14:35:00,1770129300129,72,OK,4932.18,4932.30,4932.24,12.0,0.2433,4916.99,4917.16,4917.07,17.0,0.3457,-1516.5,-1531.0,-30.7467,-31.0403,0.2936,4908.76868980,4909.61702337,4913.45095184,4911.66820306
297,XAUUSD,PERIOD_M5,26090401,2026.02.03 14:35:00,1770129300028,2026.02.03 14:35:00,BUY,5,2026.02.03 14:40:00,1770129600028,2026.02.03 14:40:00,1770129600078,50,OK,4916.99,4917.15,4917.07,16.0,0.3254,4911.53,4911.61,4911.57,8.0,0.1629,-550.0,-562.0,-11.1855,-11.4294,0.2439,4911.55315030,4912.00046486,4912.63452024,4912.45133169
296,XAUUSD,PERIOD_M5,26090401,2026.02.03 14:30:00,1770129000046,2026.02.03 14:30:00,SELL,10,2026.02.03 14:40:00,1770129600046,2026.02.03 14:40:00,1770129600078,32,OK,4902.65,4902.71,4902.68,6.0,0.1224,4911.53,4911.61,4911.57,8.0,0.1629,-889.0,-896.0,-18.1329,-18.2758,0.1429,4913.77643787,4912.93451135,4911.55315030,4912.00046486
297,XAUUSD,PERIOD_M5,26090401,2026.02.03 14:35:00,1770129300028,2026.02.03 14:35:00,BUY,10,2026.02.03 14:45:00,1770129900028,2026.02.03 14:45:00,1770129900074,46,OK,4916.99,4917.15,4917.07,16.0,0.3254,4912.23,4912.41,4912.32,18.0,0.3664,-475.0,-492.0,-9.6602,-10.0058,0.3456,4911.55315030,4912.00046486,4912.63452024,4912.45133169
296,XAUUSD,PERIOD_M5,26090401,2026.02.03 14:30:00,1770129000046,2026.02.03 14:30:00,SELL,15,2026.02.03 14:45:00,1770129900046,2026.02.03 14:45:00,1770129900074,28,OK,4902.65,4902.71,4902.68,6.0,0.1224,4912.23,4912.41,4912.32,18.0,0.3664,-964.0,-976.0,-19.6627,-19.9076,0.2449,4913.77643787,4912.93451135,4911.55315030,4912.00046486
297,XAUUSD,PERIOD_M5,26090401,2026.02.03 14:35:00,1770129300028,2026.02.03 14:35:00,BUY,15,2026.02.03 14:50:00,1770130200028,2026.02.03 14:50:00,1770130200038,10,OK,4916.99,4917.15,4917.07,16.0,0.3254,4913.42,4913.53,4913.48,11.0,0.2239,-359.5,-373.0,-7.3113,-7.5857,0.2744,4911.55315030,4912.00046486,4912.63452024,4912.45133169
298,XAUUSD,PERIOD_M5,26090401,2026.02.03 14:55:00,1770130500010,2026.02.03 14:55:00,SELL,1,2026.02.03 14:56:00,1770130560010,2026.02.03 14:56:00,1770130560050,40,OK,4909.41,4909.45,4909.43,4.0,0.0815,4912.57,4912.61,4912.59,4.0,0.0814,-316.0,-320.0,-6.4366,-6.5181,0.0815,4912.59943436,4912.46057978,4911.96554749,4912.18507253
298,XAUUSD,PERIOD_M5,26090401,2026.02.03 14:55:00,1770130500010,2026.02.03 14:55:00,SELL,3,2026.02.03 14:58:00,1770130680010,2026.02.03 14:58:00,1770130680013,3,OK,4909.41,4909.45,4909.43,4.0,0.0815,4915.38,4915.50,4915.44,12.0,0.2441,-601.0,-609.0,-12.2417,-12.4047,0.1630,4912.59943436,4912.46057978,4911.96554749,4912.18507253
298,XAUUSD,PERIOD_M5,26090401,2026.02.03 14:55:00,1770130500010,2026.02.03 14:55:00,SELL,5,2026.02.03 15:00:00,1770130800010,2026.02.03 15:00:00,1770130800059,49,OK,4909.41,4909.45,4909.43,4.0,0.0815,4913.78,4913.91,4913.84,13.0,0.2646,-441.5,-450.0,-8.9929,-9.1661,0.1732,4912.59943436,4912.46057978,4911.96554749,4912.18507253
296,XAUUSD,PERIOD_M5,26090401,2026.02.03 14:30:00,1770129000046,2026.02.03 14:30:00,SELL,30,2026.02.03 15:00:00,1770130800046,2026.02.03 15:00:00,1770130800059,13,OK,4902.65,4902.71,4902.68,6.0,0.1224,4913.78,4913.91,4913.84,13.0,0.2646,-1116.5,-1126.0,-22.7733,-22.9672,0.1939,4913.77643787,4912.93451135,4911.55315030,4912.00046486
299,XAUUSD,PERIOD_M5,26090401,2026.02.03 15:05:00,1770131100050,2026.02.03 15:05:00,BUY,1,2026.02.03 15:06:00,1770131160050,2026.02.03 15:06:00,1770131160110,60,OK,4921.21,4921.38,4921.30,17.0,0.3454,4926.70,4926.74,4926.72,4.0,0.0812,542.5,532.0,11.0235,10.8100,0.2135,4912.32843799,4912.33006594,4914.10875039,4913.13915085
299,XAUUSD,PERIOD_M5,26090401,2026.02.03 15:05:00,1770131100050,2026.02.03 15:05:00,BUY,3,2026.02.03 15:08:00,1770131280050,2026.02.03 15:08:00,1770131280080,30,OK,4921.21,4921.38,4921.30,17.0,0.3454,4927.50,4927.61,4927.56,11.0,0.2232,626.0,612.0,12.7202,12.4355,0.2847,4912.32843799,4912.33006594,4914.10875039,4913.13915085
298,XAUUSD,PERIOD_M5,26090401,2026.02.03 14:55:00,1770130500010,2026.02.03 14:55:00,SELL,10,2026.02.03 15:05:00,1770131100010,2026.02.03 15:05:00,1770131100050,40,OK,4909.41,4909.45,4909.43,4.0,0.0815,4921.21,4921.38,4921.30,17.0,0.3454,-1186.5,-1197.0,-24.1678,-24.3817,0.2140,4912.59943436,4912.46057978,4911.96554749,4912.18507253
297,XAUUSD,PERIOD_M5,26090401,2026.02.03 14:35:00,1770129300028,2026.02.03 14:35:00,BUY,30,2026.02.03 15:05:00,1770131100028,2026.02.03 15:05:00,1770131100050,22,OK,4916.99,4917.15,4917.07,16.0,0.3254,4921.21,4921.38,4921.30,17.0,0.3454,422.5,406.0,8.5925,8.2568,0.3357,4911.55315030,4912.00046486,4912.63452024,4912.45133169
295,XAUUSD,PERIOD_M5,26090401,2026.02.03 14:05:00,1770127500057,2026.02.03 14:05:00,BUY,60,2026.02.03 15:05:00,1770131100057,2026.02.03 15:05:00,1770131100081,24,OK,4932.18,4932.30,4932.24,12.0,0.2433,4921.21,4921.37,4921.29,16.0,0.3251,-1095.0,-1109.0,-22.2009,-22.4844,0.2836,4908.76868980,4909.61702337,4913.45095184,4911.66820306
299,XAUUSD,PERIOD_M5,26090401,2026.02.03 15:05:00,1770131100050,2026.02.03 15:05:00,BUY,5,2026.02.03 15:10:00,1770131400050,2026.02.03 15:10:00,1770131400120,70,OK,4921.21,4921.38,4921.30,17.0,0.3454,4926.71,4926.82,4926.76,11.0,0.2233,547.0,533.0,11.1150,10.8303,0.2847,4912.32843799,4912.33006594,4914.10875039,4913.13915085
298,XAUUSD,PERIOD_M5,26090401,2026.02.03 14:55:00,1770130500010,2026.02.03 14:55:00,SELL,15,2026.02.03 15:10:00,1770131400010,2026.02.03 15:10:00,1770131400043,33,OK,4909.41,4909.45,4909.43,4.0,0.0815,4926.80,4926.84,4926.82,4.0,0.0812,-1739.0,-1743.0,-35.4216,-35.5032,0.0816,4912.59943436,4912.46057978,4911.96554749,4912.18507253
299,XAUUSD,PERIOD_M5,26090401,2026.02.03 15:05:00,1770131100050,2026.02.03 15:05:00,BUY,10,2026.02.03 15:15:00,1770131700050,2026.02.03 15:15:00,1770131700086,36,OK,4921.21,4921.38,4921.30,17.0,0.3454,4928.74,4928.78,4928.76,4.0,0.0812,746.5,736.0,15.1688,14.9552,0.2136,4912.32843799,4912.33006594,4914.10875039,4913.13915085
299,XAUUSD,PERIOD_M5,26090401,2026.02.03 15:05:00,1770131100050,2026.02.03 15:05:00,BUY,15,2026.02.03 15:20:00,1770132000050,2026.02.03 15:20:00,1770132000080,30,OK,4921.21,4921.38,4921.30,17.0,0.3454,4918.03,4918.07,4918.05,4.0,0.0813,-324.5,-335.0,-6.5938,-6.8070,0.2132,4912.32843799,4912.33006594,4914.10875039,4913.13915085
298,XAUUSD,PERIOD_M5,26090401,2026.02.03 14:55:00,1770130500010,2026.02.03 14:55:00,SELL,30,2026.02.03 15:25:00,1770132300010,2026.02.03 15:25:00,1770132300047,37,OK,4909.41,4909.45,4909.43,4.0,0.0815,4922.18,4922.22,4922.20,4.0,0.0813,-1277.0,-1281.0,-26.0112,-26.0927,0.0816,4912.59943436,4912.46057978,4911.96554749,4912.18507253
296,XAUUSD,PERIOD_M5,26090401,2026.02.03 14:30:00,1770129000046,2026.02.03 14:30:00,SELL,60,2026.02.03 15:30:00,1770132600046,2026.02.03 15:30:00,1770132600059,13,OK,4902.65,4902.71,4902.68,6.0,0.1224,4934.16,4934.33,4934.24,17.0,0.3445,-3156.5,-3168.0,-64.3832,-64.6181,0.2350,4913.77643787,4912.93451135,4911.55315030,4912.00046486
299,XAUUSD,PERIOD_M5,26090401,2026.02.03 15:05:00,1770131100050,2026.02.03 15:05:00,BUY,30,2026.02.03 15:35:00,1770132900050,2026.02.03 15:35:00,1770132900135,85,OK,4921.21,4921.38,4921.30,17.0,0.3454,4935.70,4935.88,4935.79,18.0,0.3647,1449.5,1432.0,29.4536,29.0975,0.3561,4912.32843799,4912.33006594,4914.10875039,4913.13915085
297,XAUUSD,PERIOD_M5,26090401,2026.02.03 14:35:00,1770129300028,2026.02.03 14:35:00,BUY,60,2026.02.03 15:35:00,1770132900028,2026.02.03 15:35:00,1770132900135,107,OK,4916.99,4917.15,4917.07,16.0,0.3254,4935.70,4935.88,4935.79,18.0,0.3647,1872.0,1855.0,38.0715,37.7251,0.3463,4911.55315030,4912.00046486,4912.63452024,4912.45133169
298,XAUUSD,PERIOD_M5,26090401,2026.02.03 14:55:00,1770130500010,2026.02.03 14:55:00,SELL,60,2026.02.03 15:55:00,1770134100010,2026.02.03 15:55:00,1770134100024,14,OK,4909.41,4909.45,4909.43,4.0,0.0815,4926.24,4926.28,4926.26,4.0,0.0812,-1683.0,-1687.0,-34.2810,-34.3626,0.0816,4912.59943436,4912.46057978,4911.96554749,4912.18507253
299,XAUUSD,PERIOD_M5,26090401,2026.02.03 15:05:00,1770131100050,2026.02.03 15:05:00,BUY,60,2026.02.03 16:05:00,1770134700050,2026.02.03 16:05:00,1770134700050,0,OK,4921.21,4921.38,4921.30,17.0,0.3454,4922.21,4922.36,4922.28,15.0,0.3047,99.0,83.0,2.0117,1.6865,0.3251,4912.32843799,4912.33006594,4914.10875039,4913.13915085
300,XAUUSD,PERIOD_M5,26090401,2026.02.03 16:25:00,1770135900000,2026.02.03 16:25:00,SELL,1,2026.02.03 16:26:00,1770135960000,2026.02.03 16:26:00,1770135960033,33,OK,4910.43,4910.51,4910.47,8.0,0.1629,4912.73,4912.87,4912.80,14.0,0.2850,-233.0,-244.0,-4.7450,-4.9690,0.2241,4926.25220839,4924.71572345,4923.08776672,4923.41702132
300,XAUUSD,PERIOD_M5,26090401,2026.02.03 16:25:00,1770135900000,2026.02.03 16:25:00,SELL,3,2026.02.03 16:28:00,1770136080000,2026.02.03 16:28:00,1770136080037,37,OK,4910.43,4910.51,4910.47,8.0,0.1629,4918.31,4918.39,4918.35,8.0,0.1627,-788.0,-796.0,-16.0473,-16.2104,0.1630,4926.25220839,4924.71572345,4923.08776672,4923.41702132
300,XAUUSD,PERIOD_M5,26090401,2026.02.03 16:25:00,1770135900000,2026.02.03 16:25:00,SELL,5,2026.02.03 16:30:00,1770136200000,2026.02.03 16:30:00,1770136200013,13,OK,4910.43,4910.51,4910.47,8.0,0.1629,4925.07,4925.18,4925.13,11.0,0.2233,-1465.5,-1475.0,-29.8444,-30.0381,0.1937,4926.25220839,4924.71572345,4923.08776672,4923.41702132
300,XAUUSD,PERIOD_M5,26090401,2026.02.03 16:25:00,1770135900000,2026.02.03 16:25:00,SELL,10,2026.02.03 16:35:00,1770136500000,2026.02.03 16:35:00,1770136500011,11,OK,4910.43,4910.51,4910.47,8.0,0.1629,4903.81,4904.01,4903.91,20.0,0.4078,656.0,642.0,13.3592,13.0742,0.2850,4926.25220839,4924.71572345,4923.08776672,4923.41702132
300,XAUUSD,PERIOD_M5,26090401,2026.02.03 16:25:00,1770135900000,2026.02.03 16:25:00,SELL,15,2026.02.03 16:40:00,1770136800000,2026.02.03 16:40:00,1770136800029,29,OK,4910.43,4910.51,4910.47,8.0,0.1629,4918.31,4918.47,4918.39,16.0,0.3253,-792.0,-804.0,-16.1288,-16.3733,0.2445,4926.25220839,4924.71572345,4923.08776672,4923.41702132
300,XAUUSD,PERIOD_M5,26090401,2026.02.03 16:25:00,1770135900000,2026.02.03 16:25:00,SELL,30,2026.02.03 16:55:00,1770137700000,2026.02.03 16:55:00,1770137700038,38,OK,4910.43,4910.51,4910.47,8.0,0.1629,4928.76,4928.89,4928.83,13.0,0.2638,-1835.5,-1846.0,-37.3793,-37.5934,0.2141,4926.25220839,4924.71572345,4923.08776672,4923.41702132
301,XAUUSD,PERIOD_M5,26090401,2026.02.03 17:10:00,1770138600013,2026.02.03 17:10:00,BUY,1,2026.02.03 17:11:00,1770138660013,2026.02.03 17:11:00,1770138660032,19,OK,4937.18,4937.34,4937.26,16.0,0.3241,4941.04,4941.18,4941.11,14.0,0.2833,385.0,370.0,7.7978,7.4939,0.3039,4920.55576258,4921.41757304,4923.88061007,4922.85052094
301,XAUUSD,PERIOD_M5,26090401,2026.02.03 17:10:00,1770138600013,2026.02.03 17:10:00,BUY,3,2026.02.03 17:13:00,1770138780013,2026.02.03 17:13:00,1770138780066,53,OK,4937.18,4937.34,4937.26,16.0,0.3241,4942.11,4942.24,4942.17,13.0,0.2630,491.5,477.0,9.9549,9.6611,0.2938,4920.55576258,4921.41757304,4923.88061007,4922.85052094
301,XAUUSD,PERIOD_M5,26090401,2026.02.03 17:10:00,1770138600013,2026.02.03 17:10:00,BUY,5,2026.02.03 17:15:00,1770138900013,2026.02.03 17:15:00,1770138900018,5,OK,4937.18,4937.34,4937.26,16.0,0.3241,4936.38,4936.42,4936.40,4.0,0.0810,-86.0,-96.0,-1.7419,-1.9444,0.2025,4920.55576258,4921.41757304,4923.88061007,4922.85052094
301,XAUUSD,PERIOD_M5,26090401,2026.02.03 17:10:00,1770138600013,2026.02.03 17:10:00,BUY,10,2026.02.03 17:20:00,1770139200013,2026.02.03 17:20:00,1770139200025,12,OK,4937.18,4937.34,4937.26,16.0,0.3241,4927.91,4928.10,4928.01,19.0,0.3856,-925.5,-943.0,-18.7452,-19.0994,0.3541,4920.55576258,4921.41757304,4923.88061007,4922.85052094
301,XAUUSD,PERIOD_M5,26090401,2026.02.03 17:10:00,1770138600013,2026.02.03 17:10:00,BUY,15,2026.02.03 17:25:00,1770139500013,2026.02.03 17:25:00,1770139500030,17,OK,4937.18,4937.34,4937.26,16.0,0.3241,4913.53,4913.69,4913.61,16.0,0.3256,-2365.0,-2381.0,-47.9011,-48.2243,0.3233,4920.55576258,4921.41757304,4923.88061007,4922.85052094
300,XAUUSD,PERIOD_M5,26090401,2026.02.03 16:25:00,1770135900000,2026.02.03 16:25:00,SELL,60,2026.02.03 17:25:00,1770139500000,2026.02.03 17:25:00,1770139500030,30,OK,4910.43,4910.51,4910.47,8.0,0.1629,4913.53,4913.69,4913.61,16.0,0.3256,-314.0,-326.0,-6.3945,-6.6389,0.2444,4926.25220839,4924.71572345,4923.08776672,4923.41702132
302,XAUUSD,PERIOD_M5,26090401,2026.02.03 17:35:00,1770140100011,2026.02.03 17:35:00,SELL,1,2026.02.03 17:36:00,1770140160011,2026.02.03 17:36:00,1770140160036,25,OK,4914.92,4915.11,4915.01,19.0,0.3866,4908.49,4908.53,4908.51,4.0,0.0815,650.5,639.0,13.2350,13.0012,0.2337,4924.26178588,4923.58750150,4922.39142871,4922.79863773
302,XAUUSD,PERIOD_M5,26090401,2026.02.03 17:35:00,1770140100011,2026.02.03 17:35:00,SELL,3,2026.02.03 17:38:00,1770140280011,2026.02.03 17:38:00,1770140280015,4,OK,4914.92,4915.11,4915.01,19.0,0.3866,4916.50,4916.67,4916.59,17.0,0.3458,-157.0,-175.0,-3.1943,-3.5606,0.3663,4924.26178588,4923.58750150,4922.39142871,4922.79863773
302,XAUUSD,PERIOD_M5,26090401,2026.02.03 17:35:00,1770140100011,2026.02.03 17:35:00,SELL,5,2026.02.03 17:40:00,1770140400011,2026.02.03 17:40:00,1770140400045,34,OK,4914.92,4915.11,4915.01,19.0,0.3866,4916.99,4917.15,4917.07,16.0,0.3254,-205.5,-223.0,-4.1811,-4.5372,0.3561,4924.26178588,4923.58750150,4922.39142871,4922.79863773
301,XAUUSD,PERIOD_M5,26090401,2026.02.03 17:10:00,1770138600013,2026.02.03 17:10:00,BUY,30,2026.02.03 17:40:00,1770140400013,2026.02.03 17:40:00,1770140400045,32,OK,4937.18,4937.34,4937.26,16.0,0.3241,4916.99,4917.15,4917.07,16.0,0.3254,-2019.0,-2035.0,-40.8931,-41.2165,0.3234,4920.55576258,4921.41757304,4923.88061007,4922.85052094
302,XAUUSD,PERIOD_M5,26090401,2026.02.03 17:35:00,1770140100011,2026.02.03 17:35:00,SELL,10,2026.02.03 17:45:00,1770140700011,2026.02.03 17:45:00,1770140700016,5,OK,4914.92,4915.11,4915.01,19.0,0.3866,4923.78,4923.97,4923.88,19.0,0.3859,-886.0,-905.0,-18.0264,-18.4133,0.3869,4924.26178588,4923.58750150,4922.39142871,4922.79863773
302,XAUUSD,PERIOD_M5,26090401,2026.02.03 17:35:00,1770140100011,2026.02.03 17:35:00,SELL,15,2026.02.03 17:50:00,1770141000011,2026.02.03 17:50:00,1770141000049,38,OK,4914.92,4915.11,4915.01,19.0,0.3866,4925.85,4926.03,4925.94,18.0,0.3654,-1092.5,-1111.0,-22.2278,-22.6046,0.3768,4924.26178588,4923.58750150,4922.39142871,4922.79863773
303,XAUUSD,PERIOD_M5,26090401,2026.02.03 17:55:00,1770141300016,2026.02.03 17:55:00,BUY,1,2026.02.03 17:56:00,1770141360016,2026.02.03 17:56:00,1770141360051,35,OK,4933.79,4933.83,4933.81,4.0,0.0811,4929.51,4929.64,4929.58,13.0,0.2637,-423.5,-432.0,-8.5836,-8.7559,0.1722,4922.61433150,4922.72080971,4924.85946520,4923.73164519
303,XAUUSD,PERIOD_M5,26090401,2026.02.03 17:55:00,1770141300016,2026.02.03 17:55:00,BUY,3,2026.02.03 17:58:00,1770141480016,2026.02.03 17:58:00,1770141480024,8,OK,4933.79,4933.83,4933.81,4.0,0.0811,4932.42,4932.58,4932.50,16.0,0.3244,-131.0,-141.0,-2.6551,-2.8578,0.2027,4922.61433150,4922.72080971,4924.85946520,4923.73164519
303,XAUUSD,PERIOD_M5,26090401,2026.02.03 17:55:00,1770141300016,2026.02.03 17:55:00,BUY,5,2026.02.03 18:00:00,1770141600016,2026.02.03 18:00:00,1770141600025,9,OK,4933.79,4933.83,4933.81,4.0,0.0811,4935.38,4935.54,4935.46,16.0,0.3242,165.0,155.0,3.3443,3.1416,0.2027,4922.61433150,4922.72080971,4924.85946520,4923.73164519
303,XAUUSD,PERIOD_M5,26090401,2026.02.03 17:55:00,1770141300016,2026.02.03 17:55:00,BUY,10,2026.02.03 18:05:00,1770141900016,2026.02.03 18:05:00,1770141900074,58,OK,4933.79,4933.83,4933.81,4.0,0.0811,4939.82,4939.86,4939.84,4.0,0.0810,603.0,599.0,12.2218,12.1407,0.0811,4922.61433150,4922.72080971,4924.85946520,4923.73164519
302,XAUUSD,PERIOD_M5,26090401,2026.02.03 17:35:00,1770140100011,2026.02.03 17:35:00,SELL,30,2026.02.03 18:05:00,1770141900011,2026.02.03 18:05:00,1770141900074,63,OK,4914.92,4915.11,4915.01,19.0,0.3866,4939.82,4939.86,4939.84,4.0,0.0810,-2482.5,-2494.0,-50.5085,-50.7435,0.2350,4924.26178588,4923.58750150,4922.39142871,4922.79863773
303,XAUUSD,PERIOD_M5,26090401,2026.02.03 17:55:00,1770141300016,2026.02.03 17:55:00,BUY,15,2026.02.03 18:10:00,1770142200016,2026.02.03 18:10:00,1770142200023,7,OK,4933.79,4933.83,4933.81,4.0,0.0811,4936.60,4936.76,4936.68,16.0,0.3241,287.0,277.0,5.8170,5.6143,0.2027,4922.61433150,4922.72080971,4924.85946520,4923.73164519
301,XAUUSD,PERIOD_M5,26090401,2026.02.03 17:10:00,1770138600013,2026.02.03 17:10:00,BUY,60,2026.02.03 18:10:00,1770142200013,2026.02.03 18:10:00,1770142200023,10,OK,4937.18,4937.34,4937.26,16.0,0.3241,4936.60,4936.76,4936.68,16.0,0.3241,-58.0,-74.0,-1.1747,-1.4988,0.3240,4920.55576258,4921.41757304,4923.88061007,4922.85052094
303,XAUUSD,PERIOD_M5,26090401,2026.02.03 17:55:00,1770141300016,2026.02.03 17:55:00,BUY,30,2026.02.03 18:25:00,1770143100016,2026.02.03 18:25:00,1770143100030,14,OK,4933.79,4933.83,4933.81,4.0,0.0811,4969.87,4969.91,4969.89,4.0,0.0805,3608.0,3604.0,73.1281,73.0467,0.0814,4922.61433150,4922.72080971,4924.85946520,4923.73164519
302,XAUUSD,PERIOD_M5,26090401,2026.02.03 17:35:00,1770140100011,2026.02.03 17:35:00,SELL,60,2026.02.03 18:35:00,1770143700011,2026.02.03 18:35:00,1770143700046,35,OK,4914.92,4915.11,4915.01,19.0,0.3866,4974.05,4974.09,4974.07,4.0,0.0804,-5905.5,-5917.0,-120.1522,-120.3885,0.2363,4924.26178588,4923.58750150,4922.39142871,4922.79863773
303,XAUUSD,PERIOD_M5,26090401,2026.02.03 17:55:00,1770141300016,2026.02.03 17:55:00,BUY,60,2026.02.03 18:55:00,1770144900016,2026.02.03 18:55:00,1770144900028,12,OK,4933.79,4933.83,4933.81,4.0,0.0811,4953.77,4953.93,4953.85,16.0,0.3230,2004.0,1994.0,40.6177,40.4149,0.2028,4922.61433150,4922.72080971,4924.85946520,4923.73164519
304,XAUUSD,PERIOD_M5,26090401,2026.02.03 19:45:00,1770147900040,2026.02.03 19:45:00,SELL,1,2026.02.03 19:46:00,1770147960040,2026.02.03 19:46:00,1770147960058,18,OK,4921.97,4922.03,4922.00,6.0,0.1219,4916.42,4916.54,4916.48,12.0,0.2441,552.0,543.0,11.2150,11.0322,0.1828,4954.50505517,4952.51871881,4947.99804413,4949.74156256
304,XAUUSD,PERIOD_M5,26090401,2026.02.03 19:45:00,1770147900040,2026.02.03 19:45:00,SELL,3,2026.02.03 19:48:00,1770148080040,2026.02.03 19:48:00,1770148080078,38,OK,4921.97,4922.03,4922.00,6.0,0.1219,4925.20,4925.37,4925.28,17.0,0.3452,-328.5,-340.0,-6.6741,-6.9078,0.2337,4954.50505517,4952.51871881,4947.99804413,4949.74156256
304,XAUUSD,PERIOD_M5,26090401,2026.02.03 19:45:00,1770147900040,2026.02.03 19:45:00,SELL,5,2026.02.03 19:50:00,1770148200040,2026.02.03 19:50:00,1770148200174,134,OK,4921.97,4922.03,4922.00,6.0,0.1219,4932.72,4932.91,4932.82,19.0,0.3852,-1081.5,-1094.0,-21.9728,-22.2269,0.2541,4954.50505517,4952.51871881,4947.99804413,4949.74156256
304,XAUUSD,PERIOD_M5,26090401,2026.02.03 19:45:00,1770147900040,2026.02.03 19:45:00,SELL,10,2026.02.03 19:55:00,1770148500040,2026.02.03 19:55:00,1770148500043,3,OK,4921.97,4922.03,4922.00,6.0,0.1219,4939.27,4939.45,4939.36,18.0,0.3644,-1736.0,-1748.0,-35.2702,-35.5142,0.2440,4954.50505517,4952.51871881,4947.99804413,4949.74156256
304,XAUUSD,PERIOD_M5,26090401,2026.02.03 19:45:00,1770147900040,2026.02.03 19:45:00,SELL,15,2026.02.03 20:00:00,1770148800040,2026.02.03 20:00:00,1770148800059,19,OK,4921.97,4922.03,4922.00,6.0,0.1219,4929.05,4929.21,4929.13,16.0,0.3246,-713.0,-724.0,-14.4860,-14.7096,0.2236,4954.50505517,4952.51871881,4947.99804413,4949.74156256
304,XAUUSD,PERIOD_M5,26090401,2026.02.03 19:45:00,1770147900040,2026.02.03 19:45:00,SELL,30,2026.02.03 20:15:00,1770149700040,2026.02.03 20:15:00,1770149700070,30,OK,4921.97,4922.03,4922.00,6.0,0.1219,4943.24,4943.40,4943.32,16.0,0.3237,-2132.0,-2143.0,-43.3157,-43.5395,0.2238,4954.50505517,4952.51871881,4947.99804413,4949.74156256
304,XAUUSD,PERIOD_M5,26090401,2026.02.03 19:45:00,1770147900040,2026.02.03 19:45:00,SELL,60,2026.02.03 20:45:00,1770151500040,2026.02.03 20:45:00,1770151500070,30,OK,4921.97,4922.03,4922.00,6.0,0.1219,4906.06,4906.10,4906.08,4.0,0.0815,1592.0,1587.0,32.3446,32.2432,0.1014,4954.50505517,4952.51871881,4947.99804413,4949.74156256
305,XAUUSD,PERIOD_M5,26090401,2026.02.03 21:40:00,1770154800007,2026.02.03 21:40:00,BUY,1,2026.02.03 21:41:00,1770154860007,2026.02.03 21:41:00,1770154860035,28,OK,4939.10,4939.14,4939.12,4.0,0.0810,4941.91,4941.95,4941.93,4.0,0.0809,281.0,277.0,5.6893,5.6083,0.0810,4917.52340324,4920.09601008,4921.85672259,4921.83182734
305,XAUUSD,PERIOD_M5,26090401,2026.02.03 21:40:00,1770154800007,2026.02.03 21:40:00,BUY,3,2026.02.03 21:43:00,1770154980007,2026.02.03 21:43:00,1770154980011,4,OK,4939.10,4939.14,4939.12,4.0,0.0810,4943.16,4943.20,4943.18,4.0,0.0809,406.0,402.0,8.2201,8.1391,0.0810,4917.52340324,4920.09601008,4921.85672259,4921.83182734
305,XAUUSD,PERIOD_M5,26090401,2026.02.03 21:40:00,1770154800007,2026.02.03 21:40:00,BUY,5,2026.02.03 21:45:00,1770155100007,2026.02.03 21:45:00,1770155100035,28,OK,4939.10,4939.14,4939.12,4.0,0.0810,4940.50,4940.54,4940.52,4.0,0.0810,140.0,136.0,2.8345,2.7535,0.0810,4917.52340324,4920.09601008,4921.85672259,4921.83182734
305,XAUUSD,PERIOD_M5,26090401,2026.02.03 21:40:00,1770154800007,2026.02.03 21:40:00,BUY,10,2026.02.03 21:50:00,1770155400007,2026.02.03 21:50:00,1770155400028,21,OK,4939.10,4939.14,4939.12,4.0,0.0810,4935.24,4935.36,4935.30,12.0,0.2431,-382.0,-390.0,-7.7342,-7.8961,0.1619,4917.52340324,4920.09601008,4921.85672259,4921.83182734
305,XAUUSD,PERIOD_M5,26090401,2026.02.03 21:40:00,1770154800007,2026.02.03 21:40:00,BUY,15,2026.02.03 21:55:00,1770155700007,2026.02.03 21:55:00,1770155700023,16,OK,4939.10,4939.14,4939.12,4.0,0.0810,4924.34,4924.50,4924.42,16.0,0.3249,-1470.0,-1480.0,-29.7624,-29.9647,0.2023,4917.52340324,4920.09601008,4921.85672259,4921.83182734
306,XAUUSD,PERIOD_M5,26090401,2026.02.03 22:10:00,1770156600002,2026.02.03 22:10:00,SELL,1,2026.02.03 22:11:00,1770156660002,2026.02.03 22:11:00,1770156660023,21,OK,4918.26,4918.41,4918.34,15.0,0.3050,4913.38,4913.46,4913.42,8.0,0.1628,491.5,480.0,9.9932,9.7595,0.2337,4923.64120126,4923.50337448,4922.56496101,4923.02670408
306,XAUUSD,PERIOD_M5,26090401,2026.02.03 22:10:00,1770156600002,2026.02.03 22:10:00,SELL,3,2026.02.03 22:13:00,1770156780002,2026.02.03 22:13:00,1770156780006,4,OK,4918.26,4918.41,4918.34,15.0,0.3050,4910.50,4910.69,4910.59,19.0,0.3869,774.0,757.0,15.7370,15.3916,0.3454,4923.64120126,4923.50337448,4922.56496101,4923.02670408
305,XAUUSD,PERIOD_M5,26090401,2026.02.03 21:40:00,1770154800007,2026.02.03 21:40:00,BUY,30,2026.02.03 22:10:00,1770156600007,2026.02.03 22:10:00,1770156600021,14,OK,4939.10,4939.14,4939.12,4.0,0.0810,4918.30,4918.46,4918.38,16.0,0.3253,-2074.0,-2084.0,-41.9913,-42.1936,0.2023,4917.52340324,4920.09601008,4921.85672259,4921.83182734
306,XAUUSD,PERIOD_M5,26090401,2026.02.03 22:10:00,1770156600002,2026.02.03 22:10:00,SELL,5,2026.02.03 22:15:00,1770156900002,2026.02.03 22:15:00,1770156900027,25,OK,4918.26,4918.41,4918.34,15.0,0.3050,4920.93,4921.13,4921.03,20.0,0.4064,-269.5,-287.0,-5.4795,-5.8354,0.3559,4923.64120126,4923.50337448,4922.56496101,4923.02670408
307,XAUUSD,PERIOD_M5,26090401,2026.02.03 22:20:00,1770157200033,2026.02.03 22:20:00,BUY,1,2026.02.03 22:21:00,1770157260033,2026.02.03 22:21:00,1770157260033,0,OK,4931.06,4931.26,4931.16,20.0,0.4056,4932.82,4932.88,4932.85,6.0,0.1216,169.0,156.0,3.4272,3.1635,0.2637,4922.23796881,4922.83609462,4924.00037504,4923.58281329
307,XAUUSD,PERIOD_M5,26090401,2026.02.03 22:20:00,1770157200033,2026.02.03 22:20:00,BUY,3,2026.02.03 22:23:00,1770157380033,2026.02.03 22:23:00,1770157380084,51,OK,4931.06,4931.26,4931.16,20.0,0.4056,4929.98,4930.06,4930.02,8.0,0.1623,-114.0,-128.0,-2.3118,-2.5957,0.2839,4922.23796881,4922.83609462,4924.00037504,4923.58281329
306,XAUUSD,PERIOD_M5,26090401,2026.02.03 22:10:00,1770156600002,2026.02.03 22:10:00,SELL,10,2026.02.03 22:20:00,1770157200002,2026.02.03 22:20:00,1770157200033,31,OK,4918.26,4918.41,4918.34,15.0,0.3050,4931.06,4931.26,4931.16,20.0,0.4056,-1282.5,-1300.0,-26.0759,-26.4321,0.3562,4923.64120126,4923.50337448,4922.56496101,4923.02670408
307,XAUUSD,PERIOD_M5,26090401,2026.02.03 22:20:00,1770157200033,2026.02.03 22:20:00,BUY,5,2026.02.03 22:25:00,1770157500033,2026.02.03 22:25:00,1770157500039,6,OK,4931.06,4931.26,4931.16,20.0,0.4056,4936.60,4936.64,4936.62,4.0,0.0810,546.0,534.0,11.0724,10.8289,0.2436,4922.23796881,4922.83609462,4924.00037504,4923.58281329
306,XAUUSD,PERIOD_M5,26090401,2026.02.03 22:10:00,1770156600002,2026.02.03 22:10:00,SELL,15,2026.02.03 22:25:00,1770157500002,2026.02.03 22:25:00,1770157500039,37,OK,4918.26,4918.41,4918.34,15.0,0.3050,4936.60,4936.64,4936.62,4.0,0.0810,-1828.5,-1838.0,-37.1772,-37.3709,0.1937,4923.64120126,4923.50337448,4922.56496101,4923.02670408
307,XAUUSD,PERIOD_M5,26090401,2026.02.03 22:20:00,1770157200033,2026.02.03 22:20:00,BUY,10,2026.02.03 22:30:00,1770157800033,2026.02.03 22:30:00,1770157800057,24,OK,4931.06,4931.26,4931.16,20.0,0.4056,4939.20,4939.40,4939.30,20.0,0.4049,814.0,794.0,16.5073,16.1014,0.4059,4922.23796881,4922.83609462,4924.00037504,4923.58281329
307,XAUUSD,PERIOD_M5,26090401,2026.02.03 22:20:00,1770157200033,2026.02.03 22:20:00,BUY,15,2026.02.03 22:35:00,1770158100033,2026.02.03 22:35:00,1770158100194,161,OK,4931.06,4931.26,4931.16,20.0,0.4056,4955.67,4955.78,4955.73,11.0,0.2220,2456.5,2441.0,49.8159,49.5005,0.3153,4922.23796881,4922.83609462,4924.00037504,4923.58281329
306,XAUUSD,PERIOD_M5,26090401,2026.02.03 22:10:00,1770156600002,2026.02.03 22:10:00,SELL,30,2026.02.03 22:40:00,1770158400002,2026.02.03 22:40:00,1770158400026,24,OK,4918.26,4918.41,4918.34,15.0,0.3050,4951.98,4952.18,4952.08,20.0,0.4039,-3374.5,-3392.0,-68.6106,-68.9675,0.3569,4923.64120126,4923.50337448,4922.56496101,4923.02670408
305,XAUUSD,PERIOD_M5,26090401,2026.02.03 21:40:00,1770154800007,2026.02.03 21:40:00,BUY,60,2026.02.03 22:40:00,1770158400007,2026.02.03 22:40:00,1770158400026,19,OK,4939.10,4939.14,4939.12,4.0,0.0810,4951.98,4952.18,4952.08,20.0,0.4039,1296.0,1284.0,26.2395,25.9964,0.2431,4917.52340324,4920.09601008,4921.85672259,4921.83182734
307,XAUUSD,PERIOD_M5,26090401,2026.02.03 22:20:00,1770157200033,2026.02.03 22:20:00,BUY,30,2026.02.03 22:50:00,1770159000033,2026.02.03 22:50:00,1770159000039,6,OK,4931.06,4931.26,4931.16,20.0,0.4056,4937.98,4938.18,4938.08,20.0,0.4050,692.0,672.0,14.0332,13.6273,0.4059,4922.23796881,4922.83609462,4924.00037504,4923.58281329
306,XAUUSD,PERIOD_M5,26090401,2026.02.03 22:10:00,1770156600002,2026.02.03 22:10:00,SELL,60,2026.02.03 23:10:00,1770160200002,2026.02.03 23:10:00,1770160200055,53,OK,4918.26,4918.41,4918.34,15.0,0.3050,4948.50,4948.77,4948.64,27.0,0.5456,-3030.0,-3051.0,-61.6062,-62.0341,0.4279,4923.64120126,4923.50337448,4922.56496101,4923.02670408
307,XAUUSD,PERIOD_M5,26090401,2026.02.03 22:20:00,1770157200033,2026.02.03 22:20:00,BUY,60,2026.02.03 23:20:00,1770160800033,2026.02.03 23:20:00,1770160800301,268,OK,4931.06,4931.26,4931.16,20.0,0.4056,4944.88,4945.15,4945.01,27.0,0.5460,1385.5,1362.0,28.0968,27.6197,0.4771,4922.23796881,4922.83609462,4924.00037504,4923.58281329
308,XAUUSD,PERIOD_M5,26090401,2026.02.04 01:15:00,1770167700068,2026.02.04 01:15:00,SELL,1,2026.02.04 01:16:00,1770167760068,2026.02.04 01:16:00,1770167760375,307,OK,4932.82,4933.00,4932.91,18.0,0.3649,4936.25,4936.29,4936.27,4.0,0.0810,-336.0,-347.0,-6.8114,-7.0345,0.2231,4943.27704974,4942.47695952,4941.18563979,4941.59905411
308,XAUUSD,PERIOD_M5,26090401,2026.02.04 01:15:00,1770167700068,2026.02.04 01:15:00,SELL,3,2026.02.04 01:18:00,1770167880068,2026.02.04 01:18:00,1770167880215,147,OK,4932.82,4933.00,4932.91,18.0,0.3649,4935.79,4935.83,4935.81,4.0,0.0810,-290.0,-301.0,-5.8789,-6.1020,0.2231,4943.27704974,4942.47695952,4941.18563979,4941.59905411
308,XAUUSD,PERIOD_M5,26090401,2026.02.04 01:15:00,1770167700068,2026.02.04 01:15:00,SELL,5,2026.02.04 01:20:00,1770168000068,2026.02.04 01:20:00,1770168000071,3,OK,4932.82,4933.00,4932.91,18.0,0.3649,4935.14,4935.36,4935.25,22.0,0.4458,-234.0,-254.0,-4.7437,-5.1492,0.4055,4943.27704974,4942.47695952,4941.18563979,4941.59905411
308,XAUUSD,PERIOD_M5,26090401,2026.02.04 01:15:00,1770167700068,2026.02.04 01:15:00,SELL,10,2026.02.04 01:25:00,1770168300068,2026.02.04 01:25:00,1770168300088,20,OK,4932.82,4933.00,4932.91,18.0,0.3649,4935.99,4936.05,4936.02,6.0,0.1216,-311.0,-323.0,-6.3046,-6.5480,0.2434,4943.27704974,4942.47695952,4941.18563979,4941.59905411
308,XAUUSD,PERIOD_M5,26090401,2026.02.04 01:15:00,1770167700068,2026.02.04 01:15:00,SELL,15,2026.02.04 01:30:00,1770168600068,2026.02.04 01:30:00,1770168600102,34,OK,4932.82,4933.00,4932.91,18.0,0.3649,4923.34,4923.38,4923.36,4.0,0.0812,955.0,944.0,19.3598,19.1371,0.2226,4943.27704974,4942.47695952,4941.18563979,4941.59905411
308,XAUUSD,PERIOD_M5,26090401,2026.02.04 01:15:00,1770167700068,2026.02.04 01:15:00,SELL,30,2026.02.04 01:45:00,1770169500068,2026.02.04 01:45:00,1770169500085,17,OK,4932.82,4933.00,4932.91,18.0,0.3649,4948.76,4948.87,4948.82,11.0,0.2223,-1590.5,-1605.0,-32.2426,-32.5372,0.2945,4943.27704974,4942.47695952,4941.18563979,4941.59905411
309,XAUUSD,PERIOD_M5,26090401,2026.02.04 01:55:00,1770170100049,2026.02.04 01:55:00,BUY,1,2026.02.04 01:56:00,1770170160049,2026.02.04 01:56:00,1770170160248,199,OK,4943.84,4944.11,4943.98,27.0,0.5461,4947.28,4947.55,4947.41,27.0,0.5457,344.0,317.0,6.9580,6.4117,0.5463,4939.36232489,4939.66093552,4940.25785991,4940.04085048
309,XAUUSD,PERIOD_M5,26090401,2026.02.04 01:55:00,1770170100049,2026.02.04 01:55:00,BUY,3,2026.02.04 01:58:00,1770170280049,2026.02.04 01:58:00,1770170280427,378,OK,4943.84,4944.11,4943.98,27.0,0.5461,4947.78,4947.98,4947.88,20.0,0.4042,390.5,367.0,7.8985,7.4230,0.4755,4939.36232489,4939.66093552,4940.25785991,4940.04085048
309,XAUUSD,PERIOD_M5,26090401,2026.02.04 01:55:00,1770170100049,2026.02.04 01:55:00,BUY,5,2026.02.04 02:00:00,1770170400049,2026.02.04 02:00:00,1770170400130,81,OK,4943.84,4944.11,4943.98,27.0,0.5461,4947.39,4947.60,4947.50,21.0,0.4245,352.0,328.0,7.1198,6.6342,0.4856,4939.36232489,4939.66093552,4940.25785991,4940.04085048
309,XAUUSD,PERIOD_M5,26090401,2026.02.04 01:55:00,1770170100049,2026.02.04 01:55:00,BUY,10,2026.02.04 02:05:00,1770170700049,2026.02.04 02:05:00,1770170700125,76,OK,4943.84,4944.11,4943.98,27.0,0.5461,4957.39,4957.52,4957.45,13.0,0.2622,1348.0,1328.0,27.2655,26.8602,0.4053,4939.36232489,4939.66093552,4940.25785991,4940.04085048
309,XAUUSD,PERIOD_M5,26090401,2026.02.04 01:55:00,1770170100049,2026.02.04 01:55:00,BUY,15,2026.02.04 02:10:00,1770171000049,2026.02.04 02:10:00,1770171000416,367,OK,4943.84,4944.11,4943.98,27.0,0.5461,4969.52,4969.75,4969.64,23.0,0.4628,2566.0,2541.0,51.9016,51.3945,0.5071,4939.36232489,4939.66093552,4940.25785991,4940.04085048
308,XAUUSD,PERIOD_M5,26090401,2026.02.04 01:15:00,1770167700068,2026.02.04 01:15:00,SELL,60,2026.02.04 02:15:00,1770171300068,2026.02.04 02:15:00,1770171300115,47,OK,4932.82,4933.00,4932.91,18.0,0.3649,4987.02,4987.14,4987.08,12.0,0.2406,-5417.0,-5432.0,-109.8135,-110.1196,0.3061,4943.27704974,4942.47695952,4941.18563979,4941.59905411
309,XAUUSD,PERIOD_M5,26090401,2026.02.04 01:55:00,1770170100049,2026.02.04 01:55:00,BUY,30,2026.02.04 02:25:00,1770171900049,2026.02.04 02:25:00,1770171900078,29,OK,4943.84,4944.11,4943.98,27.0,0.5461,4992.36,4992.55,4992.45,19.0,0.3806,4848.0,4825.0,98.0587,97.5909,0.4679,4939.36232489,4939.66093552,4940.25785991,4940.04085048
309,XAUUSD,PERIOD_M5,26090401,2026.02.04 01:55:00,1770170100049,2026.02.04 01:55:00,BUY,60,2026.02.04 02:55:00,1770173700049,2026.02.04 02:55:00,1770173700058,9,OK,4943.84,4944.11,4943.98,27.0,0.5461,5005.13,5005.35,5005.24,22.0,0.4395,6126.5,6102.0,123.9185,123.4196,0.4989,4939.36232489,4939.66093552,4940.25785991,4940.04085048
310,XAUUSD,PERIOD_M5,26090401,2026.02.04 08:15:00,1770192900020,2026.02.04 08:15:00,SELL,1,2026.02.04 08:16:00,1770192960020,2026.02.04 08:16:00,1770192960036,16,OK,5059.48,5059.57,5059.52,9.0,0.1779,5053.43,5053.54,5053.49,11.0,0.2177,604.0,594.0,11.9379,11.7403,0.1975,5077.82428023,5075.86473509,5074.15542419,5074.37521372
310,XAUUSD,PERIOD_M5,26090401,2026.02.04 08:15:00,1770192900020,2026.02.04 08:15:00,SELL,3,2026.02.04 08:18:00,1770193080020,2026.02.04 08:18:00,1770193080022,2,OK,5059.48,5059.57,5059.52,9.0,0.1779,5058.97,5059.11,5059.04,14.0,0.2767,48.5,37.0,0.9586,0.7313,0.2273,5077.82428023,5075.86473509,5074.15542419,5074.37521372
310,XAUUSD,PERIOD_M5,26090401,2026.02.04 08:15:00,1770192900020,2026.02.04 08:15:00,SELL,5,2026.02.04 08:20:00,1770193200020,2026.02.04 08:20:00,1770193200088,68,OK,5059.48,5059.57,5059.52,9.0,0.1779,5065.67,5065.85,5065.76,18.0,0.3553,-623.5,-637.0,-12.3233,-12.5902,0.2669,5077.82428023,5075.86473509,5074.15542419,5074.37521372
310,XAUUSD,PERIOD_M5,26090401,2026.02.04 08:15:00,1770192900020,2026.02.04 08:15:00,SELL,10,2026.02.04 08:25:00,1770193500020,2026.02.04 08:25:00,1770193500056,36,OK,5059.48,5059.57,5059.52,9.0,0.1779,5057.34,5057.49,5057.41,15.0,0.2966,211.0,199.0,4.1704,3.9332,0.2371,5077.82428023,5075.86473509,5074.15542419,5074.37521372
310,XAUUSD,PERIOD_M5,26090401,2026.02.04 08:15:00,1770192900020,2026.02.04 08:15:00,SELL,15,2026.02.04 08:30:00,1770193800020,2026.02.04 08:30:00,1770193800040,20,OK,5059.48,5059.57,5059.52,9.0,0.1779,5054.60,5054.73,5054.66,13.0,0.2572,486.0,475.0,9.6056,9.3883,0.2173,5077.82428023,5075.86473509,5074.15542419,5074.37521372
310,XAUUSD,PERIOD_M5,26090401,2026.02.04 08:15:00,1770192900020,2026.02.04 08:15:00,SELL,30,2026.02.04 08:45:00,1770194700020,2026.02.04 08:45:00,1770194700036,16,OK,5059.48,5059.57,5059.52,9.0,0.1779,5070.60,5070.80,5070.70,20.0,0.3944,-1117.5,-1132.0,-22.0871,-22.3738,0.2868,5077.82428023,5075.86473509,5074.15542419,5074.37521372
310,XAUUSD,PERIOD_M5,26090401,2026.02.04 08:15:00,1770192900020,2026.02.04 08:15:00,SELL,60,2026.02.04 09:15:00,1770196500020,2026.02.04 09:15:00,1770196500062,42,OK,5059.48,5059.57,5059.52,9.0,0.1779,5063.28,5063.40,5063.34,12.0,0.2370,-381.5,-392.0,-7.5402,-7.7478,0.2076,5077.82428023,5075.86473509,5074.15542419,5074.37521372
311,XAUUSD,PERIOD_M5,26090401,2026.02.04 09:25:00,1770197100030,2026.02.04 09:25:00,BUY,1,2026.02.04 09:26:00,1770197160030,2026.02.04 09:26:00,1770197160181,151,OK,5081.44,5081.61,5081.52,17.0,0.3345,5082.29,5082.49,5082.39,20.0,0.3935,86.5,68.0,1.7022,1.3382,0.3641,5068.38209612,5069.58363797,5070.99367690,5070.66148907
311,XAUUSD,PERIOD_M5,26090401,2026.02.04 09:25:00,1770197100030,2026.02.04 09:25:00,BUY,3,2026.02.04 09:28:00,1770197280030,2026.02.04 09:28:00,1770197280051,21,OK,5081.44,5081.61,5081.52,17.0,0.3345,5085.66,5085.81,5085.74,15.0,0.2949,421.0,405.0,8.2849,7.9699,0.3150,5068.38209612,5069.58363797,5070.99367690,5070.66148907
311,XAUUSD,PERIOD_M5,26090401,2026.02.04 09:25:00,1770197100030,2026.02.04 09:25:00,BUY,5,2026.02.04 09:30:00,1770197400030,2026.02.04 09:30:00,1770197400084,54,OK,5081.44,5081.61,5081.52,17.0,0.3345,5089.43,5089.59,5089.51,16.0,0.3144,798.5,782.0,15.7138,15.3888,0.3250,5068.38209612,5069.58363797,5070.99367690,5070.66148907
311,XAUUSD,PERIOD_M5,26090401,2026.02.04 09:25:00,1770197100030,2026.02.04 09:25:00,BUY,10,2026.02.04 09:35:00,1770197700030,2026.02.04 09:35:00,1770197700033,3,OK,5081.44,5081.61,5081.52,17.0,0.3345,5073.73,5073.77,5073.75,4.0,0.0788,-777.5,-788.0,-15.3005,-15.5069,0.2064,5068.38209612,5069.58363797,5070.99367690,5070.66148907
311,XAUUSD,PERIOD_M5,26090401,2026.02.04 09:25:00,1770197100030,2026.02.04 09:25:00,BUY,15,2026.02.04 09:40:00,1770198000030,2026.02.04 09:40:00,1770198000075,45,OK,5081.44,5081.61,5081.52,17.0,0.3345,5071.70,5071.75,5071.73,5.0,0.0986,-980.0,-991.0,-19.2855,-19.5017,0.2161,5068.38209612,5069.58363797,5070.99367690,5070.66148907
311,XAUUSD,PERIOD_M5,26090401,2026.02.04 09:25:00,1770197100030,2026.02.04 09:25:00,BUY,30,2026.02.04 09:55:00,1770198900030,2026.02.04 09:55:00,1770198900045,15,OK,5081.44,5081.61,5081.52,17.0,0.3345,5089.56,5089.62,5089.59,6.0,0.1179,806.5,795.0,15.8712,15.6446,0.2266,5068.38209612,5069.58363797,5070.99367690,5070.66148907
311,XAUUSD,PERIOD_M5,26090401,2026.02.04 09:25:00,1770197100030,2026.02.04 09:25:00,BUY,60,2026.02.04 10:25:00,1770200700030,2026.02.04 10:25:00,1770200700086,56,OK,5081.44,5081.61,5081.52,17.0,0.3345,5082.81,5082.85,5082.83,4.0,0.0787,130.5,120.0,2.5681,2.3615,0.2067,5068.38209612,5069.58363797,5070.99367690,5070.66148907
312,XAUUSD,PERIOD_M5,26090401,2026.02.04 11:15:00,1770203700082,2026.02.04 11:15:00,SELL,1,2026.02.04 11:16:00,1770203760082,2026.02.04 11:16:00,1770203760215,133,OK,5069.28,5069.47,5069.38,19.0,0.3748,5063.27,5063.31,5063.29,4.0,0.0790,608.5,597.0,12.0035,11.7768,0.2266,5079.75528791,5079.17388983,5077.66023032,5078.27444530
312,XAUUSD,PERIOD_M5,26090401,2026.02.04 11:15:00,1770203700082,2026.02.04 11:15:00,SELL,3,2026.02.04 11:18:00,1770203880082,2026.02.04 11:18:00,1770203880123,41,OK,5069.28,5069.47,5069.38,19.0,0.3748,5065.04,5065.08,5065.06,4.0,0.0790,431.5,420.0,8.5119,8.2852,0.2267,5079.75528791,5079.17388983,5077.66023032,5078.27444530
312,XAUUSD,PERIOD_M5,26090401,2026.02.04 11:15:00,1770203700082,2026.02.04 11:15:00,SELL,5,2026.02.04 11:20:00,1770204000082,2026.02.04 11:20:00,1770204000098,16,OK,5069.28,5069.47,5069.38,19.0,0.3748,5062.37,5062.50,5062.43,13.0,0.2568,694.0,678.0,13.6901,13.3747,0.3154,5079.75528791,5079.17388983,5077.66023032,5078.27444530
312,XAUUSD,PERIOD_M5,26090401,2026.02.04 11:15:00,1770203700082,2026.02.04 11:15:00,SELL,10,2026.02.04 11:25:00,1770204300082,2026.02.04 11:25:00,1770204300106,24,OK,5069.28,5069.47,5069.38,19.0,0.3748,5064.65,5064.84,5064.74,19.0,0.3751,463.0,444.0,9.1333,8.7586,0.3746,5079.75528791,5079.17388983,5077.66023032,5078.27444530
312,XAUUSD,PERIOD_M5,26090401,2026.02.04 11:15:00,1770203700082,2026.02.04 11:15:00,SELL,15,2026.02.04 11:30:00,1770204600082,2026.02.04 11:30:00,1770204600126,44,OK,5069.28,5069.47,5069.38,19.0,0.3748,5056.90,5057.06,5056.98,16.0,0.3164,1239.5,1222.0,24.4507,24.1060,0.3448,5079.75528791,5079.17388983,5077.66023032,5078.27444530
312,XAUUSD,PERIOD_M5,26090401,2026.02.04 11:15:00,1770203700082,2026.02.04 11:15:00,SELL,30,2026.02.04 11:45:00,1770205500082,2026.02.04 11:45:00,1770205500115,33,OK,5069.28,5069.47,5069.38,19.0,0.3748,5057.54,5057.69,5057.61,15.0,0.2966,1176.0,1159.0,23.1981,22.8632,0.3349,5079.75528791,5079.17388983,5077.66023032,5078.27444530
312,XAUUSD,PERIOD_M5,26090401,2026.02.04 11:15:00,1770203700082,2026.02.04 11:15:00,SELL,60,2026.02.04 12:15:00,1770207300082,2026.02.04 12:15:00,1770207300085,3,OK,5069.28,5069.47,5069.38,19.0,0.3748,5053.87,5053.91,5053.89,4.0,0.0791,1548.5,1537.0,30.5462,30.3199,0.2263,5079.75528791,5079.17388983,5077.66023032,5078.27444530
313,XAUUSD,PERIOD_M5,26090401,2026.02.04 14:35:00,1770215700033,2026.02.04 14:35:00,BUY,1,2026.02.04 14:36:00,1770215760033,2026.02.04 14:36:00,1770215760070,37,OK,5062.64,5062.81,5062.73,17.0,0.3358,5060.62,5060.77,5060.69,15.0,0.2964,-203.0,-219.0,-4.0097,-4.3257,0.3160,5044.41266214,5044.89507192,5048.05812971,5046.50824720
313,XAUUSD,PERIOD_M5,26090401,2026.02.04 14:35:00,1770215700033,2026.02.04 14:35:00,BUY,3,2026.02.04 14:38:00,1770215880033,2026.02.04 14:38:00,1770215880044,11,OK,5062.64,5062.81,5062.73,17.0,0.3358,5058.67,5058.71,5058.69,4.0,0.0791,-403.5,-414.0,-7.9700,-8.1773,0.2073,5044.41266214,5044.89507192,5048.05812971,5046.50824720
313,XAUUSD,PERIOD_M5,26090401,2026.02.04 14:35:00,1770215700033,2026.02.04 14:35:00,BUY,5,2026.02.04 14:40:00,1770216000033,2026.02.04 14:40:00,1770216000033,0,OK,5062.64,5062.81,5062.73,17.0,0.3358,5050.53,5050.67,5050.60,14.0,0.2772,-1212.5,-1228.0,-23.9496,-24.2553,0.3058,5044.41266214,5044.89507192,5048.05812971,5046.50824720
313,XAUUSD,PERIOD_M5,26090401,2026.02.04 14:35:00,1770215700033,2026.02.04 14:35:00,BUY,10,2026.02.04 14:45:00,1770216300033,2026.02.04 14:45:00,1770216300071,38,OK,5062.64,5062.81,5062.73,17.0,0.3358,5055.94,5056.07,5056.00,13.0,0.2571,-672.0,-687.0,-13.2735,-13.5695,0.2961,5044.41266214,5044.89507192,5048.05812971,5046.50824720
313,XAUUSD,PERIOD_M5,26090401,2026.02.04 14:35:00,1770215700033,2026.02.04 14:35:00,BUY,15,2026.02.04 14:50:00,1770216600033,2026.02.04 14:50:00,1770216600064,31,OK,5062.64,5062.81,5062.73,17.0,0.3358,5052.99,5053.12,5053.06,13.0,0.2573,-967.0,-982.0,-19.1004,-19.3963,0.2960,5044.41266214,5044.89507192,5048.05812971,5046.50824720
314,XAUUSD,PERIOD_M5,26090401,2026.02.04 15:05:00,1770217500009,2026.02.04 15:05:00,SELL,1,2026.02.04 15:06:00,1770217560009,2026.02.04 15:06:00,1770217560016,7,OK,5039.85,5039.94,5039.90,9.0,0.1786,5036.38,5036.52,5036.45,14.0,0.2780,344.5,333.0,6.8355,6.6073,0.2281,5048.10513754,5047.42159322,5046.45411004,5046.73326657
314,XAUUSD,PERIOD_M5,26090401,2026.02.04 15:05:00,1770217500009,2026.02.04 15:05:00,SELL,3,2026.02.04 15:08:00,1770217680009,2026.02.04 15:08:00,1770217680052,43,OK,5039.85,5039.94,5039.90,9.0,0.1786,5040.18,5040.22,5040.20,4.0,0.0794,-30.5,-37.0,-0.6052,-0.7341,0.1290,5048.10513754,5047.42159322,5046.45411004,5046.73326657
313,XAUUSD,PERIOD_M5,26090401,2026.02.04 14:35:00,1770215700033,2026.02.04 14:35:00,BUY,30,2026.02.04 15:05:00,1770217500033,2026.02.04 15:05:00,1770217500062,29,OK,5062.64,5062.81,5062.73,17.0,0.3358,5039.78,5039.87,5039.82,9.0,0.1786,-2290.0,-2303.0,-45.2326,-45.4886,0.2560,5044.41266214,5044.89507192,5048.05812971,5046.50824720
314,XAUUSD,PERIOD_M5,26090401,2026.02.04 15:05:00,1770217500009,2026.02.04 15:05:00,SELL,5,2026.02.04 15:10:00,1770217800009,2026.02.04 15:10:00,1770217800041,32,OK,5039.85,5039.94,5039.90,9.0,0.1786,5029.57,5029.74,5029.65,17.0,0.3380,1024.0,1011.0,20.3179,20.0601,0.2578,5048.10513754,5047.42159322,5046.45411004,5046.73326657
314,XAUUSD,PERIOD_M5,26090401,2026.02.04 15:05:00,1770217500009,2026.02.04 15:05:00,SELL,10,2026.02.04 15:15:00,1770218100009,2026.02.04 15:15:00,1770218100042,33,OK,5039.85,5039.94,5039.90,9.0,0.1786,5028.54,5029.35,5028.94,81.0,1.6107,1095.0,1050.0,21.7266,20.8340,0.8927,5048.10513754,5047.42159322,5046.45411004,5046.73326657
314,XAUUSD,PERIOD_M5,26090401,2026.02.04 15:05:00,1770217500009,2026.02.04 15:05:00,SELL,15,2026.02.04 15:20:00,1770218400009,2026.02.04 15:20:00,1770218400033,24,OK,5039.85,5039.94,5039.90,9.0,0.1786,5038.94,5039.08,5039.01,14.0,0.2778,88.5,77.0,1.7560,1.5278,0.2282,5048.10513754,5047.42159322,5046.45411004,5046.73326657
315,XAUUSD,PERIOD_M5,26090401,2026.02.04 15:35:00,1770219300045,2026.02.04 15:35:00,BUY,1,2026.02.04 15:36:00,1770219360045,2026.02.04 15:36:00,1770219360257,212,OK,5057.26,5057.42,5057.34,16.0,0.3164,5057.15,5057.32,5057.23,17.0,0.3362,-10.5,-27.0,-0.2076,-0.5339,0.3263,5042.44729238,5043.84947251,5045.40983390,5045.06861137
315,XAUUSD,PERIOD_M5,26090401,2026.02.04 15:35:00,1770219300045,2026.02.04 15:35:00,BUY,3,2026.02.04 15:38:00,1770219480045,2026.02.04 15:38:00,1770219480051,6,OK,5057.26,5057.42,5057.34,16.0,0.3164,5053.01,5053.05,5053.03,4.0,0.0792,-431.0,-441.0,-8.5223,-8.7199,0.1976,5042.44729238,5043.84947251,5045.40983390,5045.06861137
314,XAUUSD,PERIOD_M5,26090401,2026.02.04 15:05:00,1770217500009,2026.02.04 15:05:00,SELL,30,2026.02.04 15:35:00,1770219300009,2026.02.04 15:35:00,1770219300045,36,OK,5039.85,5039.94,5039.90,9.0,0.1786,5057.26,5057.42,5057.34,16.0,0.3164,-1744.5,-1757.0,-34.6138,-34.8621,0.2483,5048.10513754,5047.42159322,5046.45411004,5046.73326657
313,XAUUSD,PERIOD_M5,26090401,2026.02.04 14:35:00,1770215700033,2026.02.04 14:35:00,BUY,60,2026.02.04 15:35:00,1770219300033,2026.02.04 15:35:00,1770219300045,12,OK,5062.64,5062.81,5062.73,17.0,0.3358,5057.26,5057.42,5057.34,16.0,0.3164,-538.5,-555.0,-10.6366,-10.9623,0.3257,5044.41266214,5044.89507192,5048.05812971,5046.50824720
315,XAUUSD,PERIOD_M5,26090401,2026.02.04 15:35:00,1770219300045,2026.02.04 15:35:00,BUY,5,2026.02.04 15:40:00,1770219600045,2026.02.04 15:40:00,1770219600050,5,OK,5057.26,5057.42,5057.34,16.0,0.3164,5047.17,5047.28,5047.23,11.0,0.2179,-1011.5,-1025.0,-20.0006,-20.2673,0.2666,5042.44729238,5043.84947251,5045.40983390,5045.06861137
316,XAUUSD,PERIOD_M5,26090401,2026.02.04 15:45:00,1770219900030,2026.02.04 15:45:00,SELL,1,2026.02.04 15:46:00,1770219960030,2026.02.04 15:46:00,1770219960196,166,OK,5036.96,5037.07,5037.01,11.0,0.2184,5036.11,5036.27,5036.19,16.0,0.3177,82.5,69.0,1.6379,1.3699,0.2680,5045.76186712,5045.25964670,5043.98349370,5044.49695154
316,XAUUSD,PERIOD_M5,26090401,2026.02.04 15:45:00,1770219900030,2026.02.04 15:45:00,SELL,3,2026.02.04 15:48:00,1770220080030,2026.02.04 15:48:00,1770220080102,72,OK,5036.96,5037.07,5037.01,11.0,0.2184,5041.45,5041.49,5041.47,4.0,0.0793,-445.5,-453.0,-8.8445,-8.9935,0.1490,5045.76186712,5045.25964670,5043.98349370,5044.49695154
315,XAUUSD,PERIOD_M5,26090401,2026.02.04 15:35:00,1770219300045,2026.02.04 15:35:00,BUY,10,2026.02.04 15:45:00,1770219900045,2026.02.04 15:45:00,1770219900055,10,OK,5057.26,5057.42,5057.34,16.0,0.3164,5037.01,5037.15,5037.08,14.0,0.2779,-2026.0,-2041.0,-40.0606,-40.3565,0.2960,5042.44729238,5043.84947251,5045.40983390,5045.06861137
317,XAUUSD,PERIOD_M5,26090401,2026.02.04 15:50:00,1770220200029,2026.02.04 15:50:00,BUY,1,2026.02.04 15:51:00,1770220260029,2026.02.04 15:51:00,1770220260039,10,OK,5050.59,5050.71,5050.65,12.0,0.2376,5053.37,5053.56,5053.47,19.0,0.3760,281.5,266.0,5.5735,5.2666,0.3070,5043.98349370,5044.49695154,5045.30279496,5045.04995595
317,XAUUSD,PERIOD_M5,26090401,2026.02.04 15:50:00,1770220200029,2026.02.04 15:50:00,BUY,3,2026.02.04 15:53:00,1770220380029,2026.02.04 15:53:00,1770220380029,0,OK,5050.59,5050.71,5050.65,12.0,0.2376,5054.27,5054.46,5054.36,19.0,0.3759,371.5,356.0,7.3555,7.0485,0.3070,5043.98349370,5044.49695154,5045.30279496,5045.04995595
316,XAUUSD,PERIOD_M5,26090401,2026.02.04 15:45:00,1770219900030,2026.02.04 15:45:00,SELL,5,2026.02.04 15:50:00,1770220200030,2026.02.04 15:50:00,1770220200109,79,OK,5036.96,5037.07,5037.01,11.0,0.2184,5050.59,5050.66,5050.63,7.0,0.1386,-1361.0,-1370.0,-27.0200,-27.1989,0.1790,5045.76186712,5045.25964670,5043.98349370,5044.49695154
315,XAUUSD,PERIOD_M5,26090401,2026.02.04 15:35:00,1770219300045,2026.02.04 15:35:00,BUY,15,2026.02.04 15:50:00,1770220200045,2026.02.04 15:50:00,1770220200109,64,OK,5057.26,5057.42,5057.34,16.0,0.3164,5050.59,5050.66,5050.63,7.0,0.1386,-671.5,-683.0,-13.2777,-13.5049,0.2272,5042.44729238,5043.84947251,5045.40983390,5045.06861137
317,XAUUSD,PERIOD_M5,26090401,2026.02.04 15:50:00,1770220200029,2026.02.04 15:50:00,BUY,5,2026.02.04 15:55:00,1770220500029,2026.02.04 15:55:00,1770220500124,95,OK,5050.59,5050.71,5050.65,12.0,0.2376,5061.56,5061.60,5061.58,4.0,0.0790,1093.0,1085.0,21.6408,21.4821,0.1587,5043.98349370,5044.49695154,5045.30279496,5045.04995595
316,XAUUSD,PERIOD_M5,26090401,2026.02.04 15:45:00,1770219900030,2026.02.04 15:45:00,SELL,10,2026.02.04 15:55:00,1770220500030,2026.02.04 15:55:00,1770220500124,94,OK,5036.96,5037.07,5037.01,11.0,0.2184,5061.56,5061.60,5061.58,4.0,0.0790,-2456.5,-2464.0,-48.7690,-48.9184,0.1494,5045.76186712,5045.25964670,5043.98349370,5044.49695154
317,XAUUSD,PERIOD_M5,26090401,2026.02.04 15:50:00,1770220200029,2026.02.04 15:50:00,BUY,10,2026.02.04 16:00:00,1770220800029,2026.02.04 16:00:00,1770220800030,1,OK,5050.59,5050.71,5050.65,12.0,0.2376,5054.03,5054.17,5054.10,14.0,0.2770,345.0,332.0,6.8308,6.5733,0.2575,5043.98349370,5044.49695154,5045.30279496,5045.04995595
316,XAUUSD,PERIOD_M5,26090401,2026.02.04 15:45:00,1770219900030,2026.02.04 15:45:00,SELL,15,2026.02.04 16:00:00,1770220800030,2026.02.04 16:00:00,1770220800030,0,OK,5036.96,5037.07,5037.01,11.0,0.2184,5054.03,5054.17,5054.10,14.0,0.2770,-1708.5,-1721.0,-33.9189,-34.1674,0.2485,5045.76186712,5045.25964670,5043.98349370,5044.49695154
317,XAUUSD,PERIOD_M5,26090401,2026.02.04 15:50:00,1770220200029,2026.02.04 15:50:00,BUY,15,2026.02.04 16:05:00,1770221100029,2026.02.04 16:05:00,1770221100064,35,OK,5050.59,5050.71,5050.65,12.0,0.2376,5047.39,5047.43,5047.41,4.0,0.0792,-324.0,-332.0,-6.4150,-6.5733,0.1583,5043.98349370,5044.49695154,5045.30279496,5045.04995595
315,XAUUSD,PERIOD_M5,26090401,2026.02.04 15:35:00,1770219300045,2026.02.04 15:35:00,BUY,30,2026.02.04 16:05:00,1770221100045,2026.02.04 16:05:00,1770221100064,19,OK,5057.26,5057.42,5057.34,16.0,0.3164,5047.39,5047.43,5047.41,4.0,0.0792,-993.0,-1003.0,-19.6348,-19.8322,0.1974,5042.44729238,5043.84947251,5045.40983390,5045.06861137
314,XAUUSD,PERIOD_M5,26090401,2026.02.04 15:05:00,1770217500009,2026.02.04 15:05:00,SELL,60,2026.02.04 16:05:00,1770221100009,2026.02.04 16:05:00,1770221100019,10,OK,5039.85,5039.94,5039.90,9.0,0.1786,5047.46,5047.55,5047.51,9.0,0.1783,-761.0,-770.0,-15.0995,-15.2782,0.1787,5048.10513754,5047.42159322,5046.45411004,5046.73326657
316,XAUUSD,PERIOD_M5,26090401,2026.02.04 15:45:00,1770219900030,2026.02.04 15:45:00,SELL,30,2026.02.04 16:15:00,1770221700030,2026.02.04 16:15:00,1770221700095,65,OK,5036.96,5037.07,5037.01,11.0,0.2184,5047.90,5048.06,5047.98,16.0,0.3170,-1096.5,-1110.0,-21.7688,-22.0371,0.2683,5045.76186712,5045.25964670,5043.98349370,5044.49695154
317,XAUUSD,PERIOD_M5,26090401,2026.02.04 15:50:00,1770220200029,2026.02.04 15:50:00,BUY,30,2026.02.04 16:20:00,1770222000029,2026.02.04 16:20:00,1770222000123,94,OK,5050.59,5050.71,5050.65,12.0,0.2376,5043.06,5043.21,5043.14,15.0,0.2974,-751.5,-765.0,-14.8793,-15.1464,0.2671,5043.98349370,5044.49695154,5045.30279496,5045.04995595
318,XAUUSD,PERIOD_M5,26090401,2026.02.04 16:25:00,1770222300035,2026.02.04 16:25:00,SELL,1,2026.02.04 16:26:00,1770222360035,2026.02.04 16:26:00,1770222360067,32,OK,5036.41,5036.51,5036.46,10.0,0.1986,5039.01,5039.17,5039.09,16.0,0.3175,-263.0,-276.0,-5.2219,-5.4801,0.2582,5046.21154228,5046.15529960,5044.25123383,5045.26936327
318,XAUUSD,PERIOD_M5,26090401,2026.02.04 16:25:00,1770222300035,2026.02.04 16:25:00,SELL,3,2026.02.04 16:28:00,1770222480035,2026.02.04 16:28:00,1770222480051,16,OK,5036.41,5036.51,5036.46,10.0,0.1986,5035.25,5035.44,5035.34,19.0,0.3773,111.5,97.0,2.2139,1.9260,0.2879,5046.21154228,5046.15529960,5044.25123383,5045.26936327
318,XAUUSD,PERIOD_M5,26090401,2026.02.04 16:25:00,1770222300035,2026.02.04 16:25:00,SELL,5,2026.02.04 16:30:00,1770222600035,2026.02.04 16:30:00,1770222600042,7,OK,5036.41,5036.51,5036.46,10.0,0.1986,5031.24,5031.34,5031.29,10.0,0.1988,517.0,507.0,10.2651,10.0667,0.1985,5046.21154228,5046.15529960,5044.25123383,5045.26936327
318,XAUUSD,PERIOD_M5,26090401,2026.02.04 16:25:00,1770222300035,2026.02.04 16:25:00,SELL,10,2026.02.04 16:35:00,1770222900035,2026.02.04 16:35:00,1770222900124,89,OK,5036.41,5036.51,5036.46,10.0,0.1986,5014.83,5014.88,5014.85,5.0,0.0997,2160.5,2153.0,42.8972,42.7487,0.1485,5046.21154228,5046.15529960,5044.25123383,5045.26936327
315,XAUUSD,PERIOD_M5,26090401,2026.02.04 15:35:00,1770219300045,2026.02.04 15:35:00,BUY,60,2026.02.04 16:35:00,1770222900045,2026.02.04 16:35:00,1770222900124,79,OK,5057.26,5057.42,5057.34,16.0,0.3164,5014.83,5014.88,5014.85,5.0,0.0997,-4248.5,-4259.0,-84.0066,-84.2129,0.2063,5042.44729238,5043.84947251,5045.40983390,5045.06861137
318,XAUUSD,PERIOD_M5,26090401,2026.02.04 16:25:00,1770222300035,2026.02.04 16:25:00,SELL,15,2026.02.04 16:40:00,1770223200035,2026.02.04 16:40:00,1770223200131,96,OK,5036.41,5036.51,5036.46,10.0,0.1986,4982.19,4982.35,4982.27,16.0,0.3211,5419.0,5406.0,107.5954,107.3384,0.2571,5046.21154228,5046.15529960,5044.25123383,5045.26936327
316,XAUUSD,PERIOD_M5,26090401,2026.02.04 15:45:00,1770219900030,2026.02.04 15:45:00,SELL,60,2026.02.04 16:45:00,1770223500030,2026.02.04 16:45:00,1770223500122,92,OK,5036.96,5037.07,5037.01,11.0,0.2184,4996.34,4996.54,4996.44,20.0,0.4003,4057.5,4042.0,80.5537,80.2468,0.3068,5045.76186712,5045.25964670,5043.98349370,5044.49695154
317,XAUUSD,PERIOD_M5,26090401,2026.02.04 15:50:00,1770220200029,2026.02.04 15:50:00,BUY,60,2026.02.04 16:50:00,1770223800029,2026.02.04 16:50:00,1770223800072,43,OK,5050.59,5050.71,5050.65,12.0,0.2376,5000.03,5000.19,5000.11,16.0,0.3200,-5054.0,-5068.0,-100.0663,-100.3423,0.2760,5043.98349370,5044.49695154,5045.30279496,5045.04995595
318,XAUUSD,PERIOD_M5,26090401,2026.02.04 16:25:00,1770222300035,2026.02.04 16:25:00,SELL,30,2026.02.04 16:55:00,1770224100035,2026.02.04 16:55:00,1770224100072,37,OK,5036.41,5036.51,5036.46,10.0,0.1986,5011.56,5011.66,5011.61,10.0,0.1995,2485.0,2475.0,49.3402,49.1421,0.1981,5046.21154228,5046.15529960,5044.25123383,5045.26936327
318,XAUUSD,PERIOD_M5,26090401,2026.02.04 16:25:00,1770222300035,2026.02.04 16:25:00,SELL,60,2026.02.04 17:25:00,1770225900035,2026.02.04 17:25:00,1770225900083,48,OK,5036.41,5036.51,5036.46,10.0,0.1986,4965.40,4965.44,4965.42,4.0,0.0806,7104.0,7097.0,141.0515,140.9139,0.1376,5046.21154228,5046.15529960,5044.25123383,5045.26936327
319,XAUUSD,PERIOD_M5,26090401,2026.02.04 20:50:00,1770238200022,2026.02.04 20:50:00,BUY,1,2026.02.04 20:51:00,1770238260022,2026.02.04 20:51:00,1770238260350,328,OK,4917.77,4917.93,4917.85,16.0,0.3253,4916.35,4916.46,4916.41,11.0,0.2237,-144.5,-158.0,-2.9383,-3.2127,0.2745,4912.85745016,4913.09810557,4913.83996013,4913.52282325
319,XAUUSD,PERIOD_M5,26090401,2026.02.04 20:50:00,1770238200022,2026.02.04 20:50:00,BUY,3,2026.02.04 20:53:00,1770238380022,2026.02.04 20:53:00,1770238380050,28,OK,4917.77,4917.93,4917.85,16.0,0.3253,4914.21,4914.32,4914.26,11.0,0.2238,-358.5,-372.0,-7.2898,-7.5642,0.2744,4912.85745016,4913.09810557,4913.83996013,4913.52282325
319,XAUUSD,PERIOD_M5,26090401,2026.02.04 20:50:00,1770238200022,2026.02.04 20:50:00,BUY,5,2026.02.04 20:55:00,1770238500022,2026.02.04 20:55:00,1770238500026,4,OK,4917.77,4917.93,4917.85,16.0,0.3253,4917.19,4917.31,4917.25,12.0,0.2440,-60.0,-74.0,-1.2200,-1.5047,0.2847,4912.85745016,4913.09810557,4913.83996013,4913.52282325
319,XAUUSD,PERIOD_M5,26090401,2026.02.04 20:50:00,1770238200022,2026.02.04 20:50:00,BUY,10,2026.02.04 21:00:00,1770238800022,2026.02.04 21:00:00,1770238800051,29,OK,4917.77,4917.93,4917.85,16.0,0.3253,4927.54,4927.58,4927.56,4.0,0.0812,971.0,961.0,19.7444,19.5407,0.2037,4912.85745016,4913.09810557,4913.83996013,4913.52282325
319,XAUUSD,PERIOD_M5,26090401,2026.02.04 20:50:00,1770238200022,2026.02.04 20:50:00,BUY,15,2026.02.04 21:05:00,1770239100022,2026.02.04 21:05:00,1770239100068,46,OK,4917.77,4917.93,4917.85,16.0,0.3253,4914.90,4915.07,4914.98,17.0,0.3459,-286.5,-303.0,-5.8257,-6.1611,0.3354,4912.85745016,4913.09810557,4913.83996013,4913.52282325
319,XAUUSD,PERIOD_M5,26090401,2026.02.04 20:50:00,1770238200022,2026.02.04 20:50:00,BUY,30,2026.02.04 21:20:00,1770240000022,2026.02.04 21:20:00,1770240000035,13,OK,4917.77,4917.93,4917.85,16.0,0.3253,4938.16,4938.20,4938.18,4.0,0.0810,2033.0,2023.0,41.3392,41.1352,0.2040,4912.85745016,4913.09810557,4913.83996013,4913.52282325
319,XAUUSD,PERIOD_M5,26090401,2026.02.04 20:50:00,1770238200022,2026.02.04 20:50:00,BUY,60,2026.02.04 21:50:00,1770241800022,2026.02.04 21:50:00,1770241800035,13,OK,4917.77,4917.93,4917.85,16.0,0.3253,4938.17,4938.37,4938.27,20.0,0.4050,2042.0,2024.0,41.5222,41.1555,0.3667,4912.85745016,4913.09810557,4913.83996013,4913.52282325
320,XAUUSD,PERIOD_M5,26090401,2026.02.05 03:15:00,1770261300025,2026.02.05 03:15:00,SELL,1,2026.02.05 03:16:00,1770261360025,2026.02.05 03:16:00,1770261360055,30,OK,4967.86,4967.90,4967.88,4.0,0.0805,4954.86,4954.90,4954.88,4.0,0.0807,1300.0,1296.0,26.1681,26.0877,0.0804,5008.50787522,5005.88834087,5000.34030017,5002.41394624
320,XAUUSD,PERIOD_M5,26090401,2026.02.05 03:15:00,1770261300025,2026.02.05 03:15:00,SELL,3,2026.02.05 03:18:00,1770261480025,2026.02.05 03:18:00,1770261480066,41,OK,4967.86,4967.90,4967.88,4.0,0.0805,4959.02,4959.07,4959.05,5.0,0.1008,883.5,879.0,17.7842,17.6937,0.0905,5008.50787522,5005.88834087,5000.34030017,5002.41394624
320,XAUUSD,PERIOD_M5,26090401,2026.02.05 03:15:00,1770261300025,2026.02.05 03:15:00,SELL,5,2026.02.05 03:20:00,1770261600025,2026.02.05 03:20:00,1770261600052,27,OK,4967.86,4967.90,4967.88,4.0,0.0805,4944.73,4944.77,4944.75,4.0,0.0809,2313.0,2309.0,46.5591,46.4788,0.0803,5008.50787522,5005.88834087,5000.34030017,5002.41394624
320,XAUUSD,PERIOD_M5,26090401,2026.02.05 03:15:00,1770261300025,2026.02.05 03:15:00,SELL,10,2026.02.05 03:25:00,1770261900025,2026.02.05 03:25:00,1770261900079,54,OK,4967.86,4967.90,4967.88,4.0,0.0805,4947.71,4947.81,4947.76,10.0,0.2021,2012.0,2005.0,40.5002,40.3594,0.1407,5008.50787522,5005.88834087,5000.34030017,5002.41394624
320,XAUUSD,PERIOD_M5,26090401,2026.02.05 03:15:00,1770261300025,2026.02.05 03:15:00,SELL,15,2026.02.05 03:30:00,1770262200025,2026.02.05 03:30:00,1770262200060,35,OK,4967.86,4967.90,4967.88,4.0,0.0805,4951.97,4952.11,4952.04,14.0,0.2827,1584.0,1575.0,31.8848,31.7038,0.1810,5008.50787522,5005.88834087,5000.34030017,5002.41394624
320,XAUUSD,PERIOD_M5,26090401,2026.02.05 03:15:00,1770261300025,2026.02.05 03:15:00,SELL,30,2026.02.05 03:45:00,1770263100025,2026.02.05 03:45:00,1770263100070,45,OK,4967.86,4967.90,4967.88,4.0,0.0805,4980.04,4980.26,4980.15,22.0,0.4418,-1227.0,-1240.0,-24.6987,-24.9604,0.2618,5008.50787522,5005.88834087,5000.34030017,5002.41394624
320,XAUUSD,PERIOD_M5,26090401,2026.02.05 03:15:00,1770261300025,2026.02.05 03:15:00,SELL,60,2026.02.05 04:15:00,1770264900025,2026.02.05 04:15:00,1770264900045,20,OK,4967.86,4967.90,4967.88,4.0,0.0805,4915.49,4915.53,4915.51,4.0,0.0814,5237.0,5233.0,105.4172,105.3371,0.0801,5008.50787522,5005.88834087,5000.34030017,5002.41394624
321,XAUUSD,PERIOD_M5,26090401,2026.02.05 07:55:00,1770278100012,2026.02.05 07:55:00,BUY,1,2026.02.05 07:56:00,1770278160012,2026.02.05 07:56:00,1770278160040,28,OK,4905.37,4905.50,4905.43,13.0,0.2650,4896.21,4896.41,4896.31,20.0,0.4085,-912.5,-929.0,-18.6018,-18.9379,0.3361,4869.92620328,4870.72283485,4877.01496263,4873.87257714
321,XAUUSD,PERIOD_M5,26090401,2026.02.05 07:55:00,1770278100012,2026.02.05 07:55:00,BUY,3,2026.02.05 07:58:00,1770278280012,2026.02.05 07:58:00,1770278280021,9,OK,4905.37,4905.50,4905.43,13.0,0.2650,4887.16,4887.20,4887.18,4.0,0.0818,-1825.5,-1834.0,-37.2138,-37.3866,0.1728,4869.92620328,4870.72283485,4877.01496263,4873.87257714
321,XAUUSD,PERIOD_M5,26090401,2026.02.05 07:55:00,1770278100012,2026.02.05 07:55:00,BUY,5,2026.02.05 08:00:00,1770278400012,2026.02.05 08:00:00,1770278400073,61,OK,4905.37,4905.50,4905.43,13.0,0.2650,4896.36,4896.56,4896.46,20.0,0.4085,-897.5,-914.0,-18.2960,-18.6321,0.3361,4869.92620328,4870.72283485,4877.01496263,4873.87257714
321,XAUUSD,PERIOD_M5,26090401,2026.02.05 07:55:00,1770278100012,2026.02.05 07:55:00,BUY,10,2026.02.05 08:05:00,1770278700012,2026.02.05 08:05:00,1770278700178,166,OK,4905.37,4905.50,4905.43,13.0,0.2650,4890.41,4890.45,4890.43,4.0,0.0818,-1500.5,-1509.0,-30.5885,-30.7614,0.1729,4869.92620328,4870.72283485,4877.01496263,4873.87257714
321,XAUUSD,PERIOD_M5,26090401,2026.02.05 07:55:00,1770278100012,2026.02.05 07:55:00,BUY,15,2026.02.05 08:10:00,1770279000012,2026.02.05 08:10:00,1770279000016,4,OK,4905.37,4905.50,4905.43,13.0,0.2650,4913.40,4913.56,4913.48,16.0,0.3256,804.5,790.0,16.4002,16.1044,0.2958,4869.92620328,4870.72283485,4877.01496263,4873.87257714
321,XAUUSD,PERIOD_M5,26090401,2026.02.05 07:55:00,1770278100012,2026.02.05 07:55:00,BUY,30,2026.02.05 08:25:00,1770279900012,2026.02.05 08:25:00,1770279900054,42,OK,4905.37,4905.50,4905.43,13.0,0.2650,4914.28,4914.47,4914.38,19.0,0.3866,894.0,878.0,18.2247,17.8983,0.3264,4869.92620328,4870.72283485,4877.01496263,4873.87257714
321,XAUUSD,PERIOD_M5,26090401,2026.02.05 07:55:00,1770278100012,2026.02.05 07:55:00,BUY,60,2026.02.05 08:55:00,1770281700012,2026.02.05 08:55:00,1770281700012,0,OK,4905.37,4905.50,4905.43,13.0,0.2650,4908.20,4908.36,4908.28,16.0,0.3260,284.5,270.0,5.7997,5.5040,0.2957,4869.92620328,4870.72283485,4877.01496263,4873.87257714
322,XAUUSD,PERIOD_M5,26090401,2026.02.05 10:55:00,1770288900046,2026.02.05 10:55:00,SELL,1,2026.02.05 10:56:00,1770288960046,2026.02.05 10:56:00,1770288960105,59,OK,4904.71,4904.75,4904.73,4.0,0.0816,4912.60,4912.69,4912.65,9.0,0.1832,-791.5,-798.0,-16.1375,-16.2701,0.1326,4921.46431620,4920.02881477,4918.11345296,4918.63619524
322,XAUUSD,PERIOD_M5,26090401,2026.02.05 10:55:00,1770288900046,2026.02.05 10:55:00,SELL,3,2026.02.05 10:58:00,1770289080046,2026.02.05 10:58:00,1770289080057,11,OK,4904.71,4904.75,4904.73,4.0,0.0816,4917.05,4917.09,4917.07,4.0,0.0813,-1234.0,-1238.0,-25.1594,-25.2410,0.0817,4921.46431620,4920.02881477,4918.11345296,4918.63619524
322,XAUUSD,PERIOD_M5,26090401,2026.02.05 10:55:00,1770288900046,2026.02.05 10:55:00,SELL,5,2026.02.05 11:00:00,1770289200046,2026.02.05 11:00:00,1770289200058,12,OK,4904.71,4904.75,4904.73,4.0,0.0816,4912.24,4912.44,4912.34,20.0,0.4071,-761.0,-773.0,-15.5156,-15.7604,0.2447,4921.46431620,4920.02881477,4918.11345296,4918.63619524
322,XAUUSD,PERIOD_M5,26090401,2026.02.05 10:55:00,1770288900046,2026.02.05 10:55:00,SELL,10,2026.02.05 11:05:00,1770289500046,2026.02.05 11:05:00,1770289500090,44,OK,4904.71,4904.75,4904.73,4.0,0.0816,4884.16,4884.25,4884.20,9.0,0.1843,2052.5,2046.0,41.8474,41.7150,0.1324,4921.46431620,4920.02881477,4918.11345296,4918.63619524
322,XAUUSD,PERIOD_M5,26090401,2026.02.05 10:55:00,1770288900046,2026.02.05 10:55:00,SELL,15,2026.02.05 11:10:00,1770289800046,2026.02.05 11:10:00,1770289800090,44,OK,4904.71,4904.75,4904.73,4.0,0.0816,4879.47,4879.66,4879.57,19.0,0.3894,2516.5,2505.0,51.3076,51.0734,0.2343,4921.46431620,4920.02881477,4918.11345296,4918.63619524
322,XAUUSD,PERIOD_M5,26090401,2026.02.05 10:55:00,1770288900046,2026.02.05 10:55:00,SELL,30,2026.02.05 11:25:00,1770290700046,2026.02.05 11:25:00,1770290700117,71,OK,4904.71,4904.75,4904.73,4.0,0.0816,4876.50,4876.70,4876.60,20.0,0.4101,2813.0,2801.0,57.3528,57.1084,0.2444,4921.46431620,4920.02881477,4918.11345296,4918.63619524
322,XAUUSD,PERIOD_M5,26090401,2026.02.05 10:55:00,1770288900046,2026.02.05 10:55:00,SELL,60,2026.02.05 11:55:00,1770292500046,2026.02.05 11:55:00,1770292500212,166,OK,4904.71,4904.75,4904.73,4.0,0.0816,4869.67,4869.71,4869.69,4.0,0.0821,3504.0,3500.0,71.4412,71.3600,0.0813,4921.46431620,4920.02881477,4918.11345296,4918.63619524
323,XAUUSD,PERIOD_M5,26090401,2026.02.05 13:15:00,1770297300030,2026.02.05 13:15:00,BUY,1,2026.02.05 13:16:00,1770297360030,2026.02.05 13:16:00,1770297360030,0,OK,4887.29,4887.37,4887.33,8.0,0.1637,4886.53,4886.69,4886.61,16.0,0.3274,-72.0,-84.0,-1.4732,-1.7187,0.2455,4876.18697464,4877.34267292,4878.40757972,4878.24697538
323,XAUUSD,PERIOD_M5,26090401,2026.02.05 13:15:00,1770297300030,2026.02.05 13:15:00,BUY,3,2026.02.05 13:18:00,1770297480030,2026.02.05 13:18:00,1770297480043,13,OK,4887.29,4887.37,4887.33,8.0,0.1637,4884.60,4884.72,4884.66,12.0,0.2457,-267.0,-277.0,-5.4631,-5.6677,0.2046,4876.18697464,4877.34267292,4878.40757972,4878.24697538
323,XAUUSD,PERIOD_M5,26090401,2026.02.05 13:15:00,1770297300030,2026.02.05 13:15:00,BUY,5,2026.02.05 13:20:00,1770297600030,2026.02.05 13:20:00,1770297600037,7,OK,4887.29,4887.37,4887.33,8.0,0.1637,4881.02,4881.22,4881.12,20.0,0.4097,-621.0,-635.0,-12.7063,-12.9927,0.2863,4876.18697464,4877.34267292,4878.40757972,4878.24697538
323,XAUUSD,PERIOD_M5,26090401,2026.02.05 13:15:00,1770297300030,2026.02.05 13:15:00,BUY,10,2026.02.05 13:25:00,1770297900030,2026.02.05 13:25:00,1770297900055,25,OK,4887.29,4887.37,4887.33,8.0,0.1637,4890.47,4890.66,4890.57,19.0,0.3885,323.5,310.0,6.6192,6.3429,0.2763,4876.18697464,4877.34267292,4878.40757972,4878.24697538
323,XAUUSD,PERIOD_M5,26090401,2026.02.05 13:15:00,1770297300030,2026.02.05 13:15:00,BUY,15,2026.02.05 13:30:00,1770298200030,2026.02.05 13:30:00,1770298200099,69,OK,4887.29,4887.37,4887.33,8.0,0.1637,4892.06,4892.19,4892.13,13.0,0.2657,479.5,469.0,9.8111,9.5962,0.2149,4876.18697464,4877.34267292,4878.40757972,4878.24697538
323,XAUUSD,PERIOD_M5,26090401,2026.02.05 13:15:00,1770297300030,2026.02.05 13:15:00,BUY,30,2026.02.05 13:45:00,1770299100030,2026.02.05 13:45:00,1770299100110,80,OK,4887.29,4887.37,4887.33,8.0,0.1637,4871.72,4871.85,4871.78,13.0,0.2668,-1554.5,-1565.0,-31.8067,-32.0213,0.2146,4876.18697464,4877.34267292,4878.40757972,4878.24697538
324,XAUUSD,PERIOD_M5,26090401,2026.02.05 13:50:00,1770299400010,2026.02.05 13:50:00,SELL,1,2026.02.05 13:51:00,1770299460010,2026.02.05 13:51:00,1770299460078,68,OK,4871.72,4871.76,4871.74,4.0,0.0821,4870.35,4870.46,4870.41,11.0,0.2259,133.5,126.0,2.7403,2.5864,0.1539,4880.44363050,4880.04107229,4878.70090440,4879.28552026
324,XAUUSD,PERIOD_M5,26090401,2026.02.05 13:50:00,1770299400010,2026.02.05 13:50:00,SELL,3,2026.02.05 13:53:00,1770299580010,2026.02.05 13:53:00,1770299580098,88,OK,4871.72,4871.76,4871.74,4.0,0.0821,4866.02,4866.13,4866.08,11.0,0.2261,566.5,559.0,11.6283,11.4744,0.1539,4880.44363050,4880.04107229,4878.70090440,4879.28552026
324,XAUUSD,PERIOD_M5,26090401,2026.02.05 13:50:00,1770299400010,2026.02.05 13:50:00,SELL,5,2026.02.05 13:55:00,1770299700010,2026.02.05 13:55:00,1770299700049,39,OK,4871.72,4871.76,4871.74,4.0,0.0821,4868.16,4868.33,4868.24,17.0,0.3492,349.5,339.0,7.1740,6.9585,0.2155,4880.44363050,4880.04107229,4878.70090440,4879.28552026
324,XAUUSD,PERIOD_M5,26090401,2026.02.05 13:50:00,1770299400010,2026.02.05 13:50:00,SELL,10,2026.02.05 14:00:00,1770300000010,2026.02.05 14:00:00,1770300000082,72,OK,4871.72,4871.76,4871.74,4.0,0.0821,4868.22,4868.41,4868.32,19.0,0.3903,342.5,331.0,7.0303,6.7943,0.2360,4880.44363050,4880.04107229,4878.70090440,4879.28552026
324,XAUUSD,PERIOD_M5,26090401,2026.02.05 13:50:00,1770299400010,2026.02.05 13:50:00,SELL,15,2026.02.05 14:05:00,1770300300010,2026.02.05 14:05:00,1770300300018,8,OK,4871.72,4871.76,4871.74,4.0,0.0821,4863.90,4863.94,4863.92,4.0,0.0822,782.0,778.0,16.0518,15.9697,0.0820,4880.44363050,4880.04107229,4878.70090440,4879.28552026
323,XAUUSD,PERIOD_M5,26090401,2026.02.05 13:15:00,1770297300030,2026.02.05 13:15:00,BUY,60,2026.02.05 14:15:00,1770300900030,2026.02.05 14:15:00,1770300900077,47,OK,4887.29,4887.37,4887.33,8.0,0.1637,4840.16,4840.25,4840.20,9.0,0.1859,-4712.5,-4721.0,-96.4228,-96.5959,0.1731,4876.18697464,4877.34267292,4878.40757972,4878.24697538
324,XAUUSD,PERIOD_M5,26090401,2026.02.05 13:50:00,1770299400010,2026.02.05 13:50:00,SELL,30,2026.02.05 14:20:00,1770301200010,2026.02.05 14:20:00,1770301200024,14,OK,4871.72,4871.76,4871.74,4.0,0.0821,4820.45,4820.65,4820.55,20.0,0.4149,5119.0,5107.0,105.0754,104.8295,0.2459,4880.44363050,4880.04107229,4878.70090440,4879.28552026
324,XAUUSD,PERIOD_M5,26090401,2026.02.05 13:50:00,1770299400010,2026.02.05 13:50:00,SELL,60,2026.02.05 14:50:00,1770303000010,2026.02.05 14:50:00,1770303000016,6,OK,4871.72,4871.76,4871.74,4.0,0.0821,4864.49,4864.69,4864.59,20.0,0.4111,715.0,703.0,14.6765,14.4302,0.2463,4880.44363050,4880.04107229,4878.70090440,4879.28552026
325,XAUUSD,PERIOD_M5,26090401,2026.02.05 16:50:00,1770310200037,2026.02.05 16:50:00,BUY,1,2026.02.05 16:51:00,1770310260037,2026.02.05 16:51:00,1770310260083,46,OK,4850.29,4850.34,4850.32,5.0,0.1031,4858.72,4858.91,4858.82,19.0,0.3910,850.0,838.0,17.5246,17.2771,0.2475,4838.72374329,4839.27314594,4841.04099463,4840.27649631
325,XAUUSD,PERIOD_M5,26090401,2026.02.05 16:50:00,1770310200037,2026.02.05 16:50:00,BUY,3,2026.02.05 16:53:00,1770310380037,2026.02.05 16:53:00,1770310380049,12,OK,4850.29,4850.34,4850.32,5.0,0.1031,4863.65,4863.72,4863.68,7.0,0.1439,1337.0,1331.0,27.5652,27.4414,0.1238,4838.72374329,4839.27314594,4841.04099463,4840.27649631
325,XAUUSD,PERIOD_M5,26090401,2026.02.05 16:50:00,1770310200037,2026.02.05 16:50:00,BUY,5,2026.02.05 16:55:00,1770310500037,2026.02.05 16:55:00,1770310500054,17,OK,4850.29,4850.34,4850.32,5.0,0.1031,4855.39,4855.55,4855.47,16.0,0.3295,515.5,505.0,10.6282,10.4116,0.2165,4838.72374329,4839.27314594,4841.04099463,4840.27649631
325,XAUUSD,PERIOD_M5,26090401,2026.02.05 16:50:00,1770310200037,2026.02.05 16:50:00,BUY,10,2026.02.05 17:00:00,1770310800037,2026.02.05 17:00:00,1770310800149,112,OK,4850.29,4850.34,4850.32,5.0,0.1031,4846.09,4846.28,4846.18,19.0,0.3921,-413.0,-425.0,-8.5149,-8.7623,0.2474,4838.72374329,4839.27314594,4841.04099463,4840.27649631
325,XAUUSD,PERIOD_M5,26090401,2026.02.05 16:50:00,1770310200037,2026.02.05 16:50:00,BUY,15,2026.02.05 17:05:00,1770311100037,2026.02.05 17:05:00,1770311100054,17,OK,4850.29,4850.34,4850.32,5.0,0.1031,4830.52,4830.61,4830.57,9.0,0.1863,-1975.0,-1982.0,-40.7190,-40.8631,0.1441,4838.72374329,4839.27314594,4841.04099463,4840.27649631
326,XAUUSD,PERIOD_M5,26090401,2026.02.05 17:15:00,1770311700035,2026.02.05 17:15:00,SELL,1,2026.02.05 17:16:00,1770311760035,2026.02.05 17:16:00,1770311760068,33,OK,4828.45,4828.65,4828.55,20.0,0.4142,4832.74,4832.79,4832.76,5.0,0.1035,-421.5,-434.0,-8.7293,-8.9884,0.2591,4843.48864740,4841.92400881,4840.48091792,4840.69909892
326,XAUUSD,PERIOD_M5,26090401,2026.02.05 17:15:00,1770311700035,2026.02.05 17:15:00,SELL,3,2026.02.05 17:18:00,1770311880035,2026.02.05 17:18:00,1770311880060,25,OK,4828.45,4828.65,4828.55,20.0,0.4142,4845.14,4845.34,4845.24,20.0,0.4128,-1669.0,-1689.0,-34.5652,-34.9802,0.4149,4843.48864740,4841.92400881,4840.48091792,4840.69909892
327,XAUUSD,PERIOD_M5,26090401,2026.02.05 17:20:00,1770312000051,2026.02.05 17:20:00,BUY,1,2026.02.05 17:21:00,1770312060051,2026.02.05 17:21:00,1770312060109,58,OK,4844.29,4844.33,4844.31,4.0,0.0826,4834.67,4834.71,4834.69,4.0,0.0827,-962.0,-966.0,-19.8583,-19.9408,0.0825,4840.48091792,4840.69909892,4841.27873434,4841.04190811
327,XAUUSD,PERIOD_M5,26090401,2026.02.05 17:20:00,1770312000051,2026.02.05 17:20:00,BUY,3,2026.02.05 17:23:00,1770312180051,2026.02.05 17:23:00,1770312180105,54,OK,4844.29,4844.33,4844.31,4.0,0.0826,4827.96,4828.12,4828.04,16.0,0.3314,-1627.0,-1637.0,-33.5858,-33.7921,0.2063,4840.48091792,4840.69909892,4841.27873434,4841.04190811
326,XAUUSD,PERIOD_M5,26090401,2026.02.05 17:15:00,1770311700035,2026.02.05 17:15:00,SELL,5,2026.02.05 17:20:00,1770312000035,2026.02.05 17:20:00,1770312000051,16,OK,4828.45,4828.65,4828.55,20.0,0.4142,4844.29,4844.33,4844.31,4.0,0.0826,-1576.0,-1588.0,-32.6392,-32.8884,0.2492,4843.48864740,4841.92400881,4840.48091792,4840.69909892
325,XAUUSD,PERIOD_M5,26090401,2026.02.05 16:50:00,1770310200037,2026.02.05 16:50:00,BUY,30,2026.02.05 17:20:00,1770312000037,2026.02.05 17:20:00,1770312000051,14,OK,4850.29,4850.34,4850.32,5.0,0.1031,4844.29,4844.33,4844.31,4.0,0.0826,-600.5,-605.0,-12.3806,-12.4734,0.0927,4838.72374329,4839.27314594,4841.04099463,4840.27649631
328,XAUUSD,PERIOD_M5,26090401,2026.02.05 17:25:00,1770312300005,2026.02.05 17:25:00,SELL,1,2026.02.05 17:26:00,1770312360005,2026.02.05 17:26:00,1770312360028,23,OK,4831.24,4831.44,4831.34,20.0,0.4140,4839.95,4839.99,4839.97,4.0,0.0826,-863.0,-875.0,-17.8625,-18.1113,0.2488,4841.27873434,4841.04190811,4839.27098747,4840.15082556
328,XAUUSD,PERIOD_M5,26090401,2026.02.05 17:25:00,1770312300005,2026.02.05 17:25:00,SELL,3,2026.02.05 17:28:00,1770312480005,2026.02.05 17:28:00,1770312480011,6,OK,4831.24,4831.44,4831.34,20.0,0.4140,4817.19,4817.37,4817.28,18.0,0.3737,1406.0,1387.0,29.1017,28.7090,0.3927,4841.27873434,4841.04190811,4839.27098747,4840.15082556
327,XAUUSD,PERIOD_M5,26090401,2026.02.05 17:20:00,1770312000051,2026.02.05 17:20:00,BUY,5,2026.02.05 17:25:00,1770312300051,2026.02.05 17:25:00,1770312300107,56,OK,4844.29,4844.33,4844.31,4.0,0.0826,4831.09,4831.29,4831.19,20.0,0.4140,-1312.0,-1324.0,-27.0833,-27.3309,0.2476,4840.48091792,4840.69909892,4841.27873434,4841.04190811
326,XAUUSD,PERIOD_M5,26090401,2026.02.05 17:15:00,1770311700035,2026.02.05 17:15:00,SELL,10,2026.02.05 17:25:00,1770312300035,2026.02.05 17:25:00,1770312300107,72,OK,4828.45,4828.65,4828.55,20.0,0.4142,4831.09,4831.29,4831.19,20.0,0.4140,-264.0,-284.0,-5.4675,-5.8818,0.4143,4843.48864740,4841.92400881,4840.48091792,4840.69909892
328,XAUUSD,PERIOD_M5,26090401,2026.02.05 17:25:00,1770312300005,2026.02.05 17:25:00,SELL,5,2026.02.05 17:30:00,1770312600005,2026.02.05 17:30:00,1770312600015,10,OK,4831.24,4831.44,4831.34,20.0,0.4140,4819.94,4819.98,4819.96,4.0,0.0830,1138.0,1126.0,23.5545,23.3066,0.2479,4841.27873434,4841.04190811,4839.27098747,4840.15082556
327,XAUUSD,PERIOD_M5,26090401,2026.02.05 17:20:00,1770312000051,2026.02.05 17:20:00,BUY,10,2026.02.05 17:30:00,1770312600051,2026.02.05 17:30:00,1770312600069,18,OK,4844.29,4844.33,4844.31,4.0,0.0826,4819.92,4819.96,4819.94,4.0,0.0830,-2437.0,-2441.0,-50.3064,-50.3888,0.0824,4840.48091792,4840.69909892,4841.27873434,4841.04190811
326,XAUUSD,PERIOD_M5,26090401,2026.02.05 17:15:00,1770311700035,2026.02.05 17:15:00,SELL,15,2026.02.05 17:30:00,1770312600035,2026.02.05 17:30:00,1770312600069,34,OK,4828.45,4828.65,4828.55,20.0,0.4142,4819.92,4819.96,4819.94,4.0,0.0830,861.0,849.0,17.8314,17.5833,0.2482,4843.48864740,4841.92400881,4840.48091792,4840.69909892
328,XAUUSD,PERIOD_M5,26090401,2026.02.05 17:25:00,1770312300005,2026.02.05 17:25:00,SELL,10,2026.02.05 17:35:00,1770312900005,2026.02.05 17:35:00,1770312900048,43,OK,4831.24,4831.44,4831.34,20.0,0.4140,4814.66,4814.74,4814.70,8.0,0.1662,1664.0,1650.0,34.4418,34.1527,0.2891,4841.27873434,4841.04190811,4839.27098747,4840.15082556
327,XAUUSD,PERIOD_M5,26090401,2026.02.05 17:20:00,1770312000051,2026.02.05 17:20:00,BUY,15,2026.02.05 17:35:00,1770312900051,2026.02.05 17:35:00,1770312900078,27,OK,4844.29,4844.33,4844.31,4.0,0.0826,4814.66,4814.78,4814.72,12.0,0.2492,-2959.0,-2967.0,-61.0820,-61.2469,0.1649,4840.48091792,4840.69909892,4841.27873434,4841.04190811
328,XAUUSD,PERIOD_M5,26090401,2026.02.05 17:25:00,1770312300005,2026.02.05 17:25:00,SELL,15,2026.02.05 17:40:00,1770313200005,2026.02.05 17:40:00,1770313200034,29,OK,4831.24,4831.44,4831.34,20.0,0.4140,4834.86,4835.00,4834.93,14.0,0.2896,-359.0,-376.0,-7.4307,-7.7827,0.3520,4841.27873434,4841.04190811,4839.27098747,4840.15082556
326,XAUUSD,PERIOD_M5,26090401,2026.02.05 17:15:00,1770311700035,2026.02.05 17:15:00,SELL,30,2026.02.05 17:45:00,1770313500035,2026.02.05 17:45:00,1770313500074,39,OK,4828.45,4828.65,4828.55,20.0,0.4142,4811.67,4811.86,4811.76,19.0,0.3949,1678.5,1659.0,34.7620,34.3589,0.4031,4843.48864740,4841.92400881,4840.48091792,4840.69909892
327,XAUUSD,PERIOD_M5,26090401,2026.02.05 17:20:00,1770312000051,2026.02.05 17:20:00,BUY,30,2026.02.05 17:50:00,1770313800051,2026.02.05 17:50:00,1770313800124,73,OK,4844.29,4844.33,4844.31,4.0,0.0826,4815.40,4815.44,4815.42,4.0,0.0831,-2889.0,-2893.0,-59.6370,-59.7193,0.0823,4840.48091792,4840.69909892,4841.27873434,4841.04190811
325,XAUUSD,PERIOD_M5,26090401,2026.02.05 16:50:00,1770310200037,2026.02.05 16:50:00,BUY,60,2026.02.05 17:50:00,1770313800037,2026.02.05 17:50:00,1770313800124,87,OK,4850.29,4850.34,4850.32,5.0,0.1031,4815.40,4815.44,4815.42,4.0,0.0831,-3489.5,-3494.0,-71.9438,-72.0362,0.0924,4838.72374329,4839.27314594,4841.04099463,4840.27649631
328,XAUUSD,PERIOD_M5,26090401,2026.02.05 17:25:00,1770312300005,2026.02.05 17:25:00,SELL,30,2026.02.05 17:55:00,1770314100005,2026.02.05 17:55:00,1770314100009,4,OK,4831.24,4831.44,4831.34,20.0,0.4140,4811.33,4811.48,4811.40,15.0,0.3118,1993.5,1976.0,41.2618,40.9005,0.3614,4841.27873434,4841.04190811,4839.27098747,4840.15082556
326,XAUUSD,PERIOD_M5,26090401,2026.02.05 17:15:00,1770311700035,2026.02.05 17:15:00,SELL,60,2026.02.05 18:15:00,1770315300035,2026.02.05 18:15:00,1770315300048,13,OK,4828.45,4828.65,4828.55,20.0,0.4142,4820.64,4820.80,4820.72,16.0,0.3319,783.0,765.0,16.2160,15.8436,0.3725,4843.48864740,4841.92400881,4840.48091792,4840.69909892
327,XAUUSD,PERIOD_M5,26090401,2026.02.05 17:20:00,1770312000051,2026.02.05 17:20:00,BUY,60,2026.02.05 18:20:00,1770315600051,2026.02.05 18:20:00,1770315600098,47,OK,4844.29,4844.33,4844.31,4.0,0.0826,4837.97,4838.10,4838.03,13.0,0.2687,-627.5,-636.0,-12.9533,-13.1288,0.1754,4840.48091792,4840.69909892,4841.27873434,4841.04190811
328,XAUUSD,PERIOD_M5,26090401,2026.02.05 17:25:00,1770312300005,2026.02.05 17:25:00,SELL,60,2026.02.05 18:25:00,1770315900005,2026.02.05 18:25:00,1770315900017,12,OK,4831.24,4831.44,4831.34,20.0,0.4140,4850.49,4850.64,4850.57,15.0,0.3092,-1922.5,-1940.0,-39.7923,-40.1553,0.3630,4841.27873434,4841.04190811,4839.27098747,4840.15082556
329,XAUUSD,PERIOD_M5,26090401,2026.02.05 18:30:00,1770316200026,2026.02.05 18:30:00,BUY,1,2026.02.05 18:31:00,1770316260026,2026.02.05 18:31:00,1770316260046,20,OK,4849.87,4849.95,4849.91,8.0,0.1650,4849.93,4849.97,4849.95,4.0,0.0825,4.0,-2.0,0.0825,-0.0412,0.1237,4830.10439415,4830.30250654,4834.02551532,4832.06682413
329,XAUUSD,PERIOD_M5,26090401,2026.02.05 18:30:00,1770316200026,2026.02.05 18:30:00,BUY,3,2026.02.05 18:33:00,1770316380026,2026.02.05 18:33:00,1770316380030,4,OK,4849.87,4849.95,4849.91,8.0,0.1650,4851.52,4851.56,4851.54,4.0,0.0824,163.0,157.0,3.3609,3.2371,0.1237,4830.10439415,4830.30250654,4834.02551532,4832.06682413
329,XAUUSD,PERIOD_M5,26090401,2026.02.05 18:30:00,1770316200026,2026.02.05 18:30:00,BUY,5,2026.02.05 18:35:00,1770316500026,2026.02.05 18:35:00,1770316500062,36,OK,4849.87,4849.95,4849.91,8.0,0.1650,4852.68,4852.72,4852.70,4.0,0.0824,279.0,273.0,5.7527,5.6289,0.1238,4830.10439415,4830.30250654,4834.02551532,4832.06682413
329,XAUUSD,PERIOD_M5,26090401,2026.02.05 18:30:00,1770316200026,2026.02.05 18:30:00,BUY,10,2026.02.05 18:40:00,1770316800026,2026.02.05 18:40:00,1770316800069,43,OK,4849.87,4849.95,4849.91,8.0,0.1650,4859.53,4859.57,4859.55,4.0,0.0823,964.0,958.0,19.8767,19.7528,0.1239,4830.10439415,4830.30250654,4834.02551532,4832.06682413
329,XAUUSD,PERIOD_M5,26090401,2026.02.05 18:30:00,1770316200026,2026.02.05 18:30:00,BUY,15,2026.02.05 18:45:00,1770317100026,2026.02.05 18:45:27,1770317127771,27745,OK,4849.87,4849.95,4849.91,8.0,0.1650,4879.08,4879.16,4879.12,8.0,0.1640,2921.0,2913.0,60.2279,60.0625,0.1654,4830.10439415,4830.30250654,4834.02551532,4832.06682413
329,XAUUSD,PERIOD_M5,26090401,2026.02.05 18:30:00,1770316200026,2026.02.05 18:30:00,BUY,30,2026.02.05 19:00:00,1770318000026,2026.02.05 19:00:00,1770318000049,23,OK,4849.87,4849.95,4849.91,8.0,0.1650,4888.95,4888.99,4888.97,4.0,0.0818,3906.0,3900.0,80.5376,80.4132,0.1244,4830.10439415,4830.30250654,4834.02551532,4832.06682413
329,XAUUSD,PERIOD_M5,26090401,2026.02.05 18:30:00,1770316200026,2026.02.05 18:30:00,BUY,60,2026.02.05 19:30:00,1770319800026,2026.02.05 19:30:00,1770319800091,65,OK,4849.87,4849.95,4849.91,8.0,0.1650,4867.31,4867.35,4867.33,4.0,0.0822,1742.0,1736.0,35.9182,35.7942,0.1240,4830.10439415,4830.30250654,4834.02551532,4832.06682413
330,XAUUSD,PERIOD_M5,26090401,2026.02.05 20:55:00,1770324900011,2026.02.05 20:55:00,SELL,1,2026.02.05 20:56:00,1770324960011,2026.02.05 20:56:00,1770324960030,19,OK,4858.84,4858.88,4858.86,4.0,0.0823,4853.68,4853.84,4853.76,16.0,0.3296,510.0,500.0,10.4963,10.2905,0.2058,4865.91078843,4865.59011161,4864.50863074,4864.98191965
330,XAUUSD,PERIOD_M5,26090401,2026.02.05 20:55:00,1770324900011,2026.02.05 20:55:00,SELL,3,2026.02.05 20:58:00,1770325080011,2026.02.05 20:58:00,1770325080025,14,OK,4858.84,4858.88,4858.86,4.0,0.0823,4853.50,4853.54,4853.52,4.0,0.0824,534.0,530.0,10.9902,10.9080,0.0823,4865.91078843,4865.59011161,4864.50863074,4864.98191965
330,XAUUSD,PERIOD_M5,26090401,2026.02.05 20:55:00,1770324900011,2026.02.05 20:55:00,SELL,5,2026.02.05 21:00:00,1770325200011,2026.02.05 21:00:00,1770325200078,67,OK,4858.84,4858.88,4858.86,4.0,0.0823,4858.36,4858.40,4858.38,4.0,0.0823,48.0,44.0,0.9879,0.9056,0.0823,4865.91078843,4865.59011161,4864.50863074,4864.98191965
330,XAUUSD,PERIOD_M5,26090401,2026.02.05 20:55:00,1770324900011,2026.02.05 20:55:00,SELL,10,2026.02.05 21:05:00,1770325500011,2026.02.05 21:05:00,1770325500014,3,OK,4858.84,4858.88,4858.86,4.0,0.0823,4854.74,4854.78,4854.76,4.0,0.0824,410.0,406.0,8.4382,8.3559,0.0823,4865.91078843,4865.59011161,4864.50863074,4864.98191965
330,XAUUSD,PERIOD_M5,26090401,2026.02.05 20:55:00,1770324900011,2026.02.05 20:55:00,SELL,15,2026.02.05 21:10:00,1770325800011,2026.02.05 21:10:00,1770325800028,17,OK,4858.84,4858.88,4858.86,4.0,0.0823,4859.79,4859.87,4859.83,8.0,0.1646,-97.0,-103.0,-1.9964,-2.1198,0.1235,4865.91078843,4865.59011161,4864.50863074,4864.98191965
330,XAUUSD,PERIOD_M5,26090401,2026.02.05 20:55:00,1770324900011,2026.02.05 20:55:00,SELL,30,2026.02.05 21:25:00,1770326700011,2026.02.05 21:25:00,1770326700063,52,OK,4858.84,4858.88,4858.86,4.0,0.0823,4852.66,4852.75,4852.70,9.0,0.1855,615.5,609.0,12.6676,12.5339,0.1337,4865.91078843,4865.59011161,4864.50863074,4864.98191965
330,XAUUSD,PERIOD_M5,26090401,2026.02.05 20:55:00,1770324900011,2026.02.05 20:55:00,SELL,60,2026.02.05 21:55:00,1770328500011,2026.02.05 21:55:00,1770328500095,84,OK,4858.84,4858.88,4858.86,4.0,0.0823,4829.63,4829.82,4829.73,19.0,0.3934,2913.5,2902.0,59.9626,59.7262,0.2364,4865.91078843,4865.59011161,4864.50863074,4864.98191965
331,XAUUSD,PERIOD_M5,26090401,2026.02.06 03:00:00,1770346800017,2026.02.06 03:00:00,BUY,1,2026.02.06 03:01:00,1770346860017,2026.02.06 03:01:00,1770346860032,15,OK,4763.08,4763.12,4763.10,4.0,0.0840,4744.80,4744.93,4744.86,13.0,0.2740,-1823.5,-1832.0,-38.2839,-38.4622,0.1783,4733.90965460,4736.47449493,4739.74372368,4738.89317721
331,XAUUSD,PERIOD_M5,26090401,2026.02.06 03:00:00,1770346800017,2026.02.06 03:00:00,BUY,3,2026.02.06 03:03:00,1770346980017,2026.02.06 03:03:00,1770346980040,23,OK,4763.08,4763.12,4763.10,4.0,0.0840,4696.23,4696.27,4696.25,4.0,0.0852,-6685.0,-6689.0,-140.3498,-140.4332,0.0834,4733.90965460,4736.47449493,4739.74372368,4738.89317721
331,XAUUSD,PERIOD_M5,26090401,2026.02.06 03:00:00,1770346800017,2026.02.06 03:00:00,BUY,5,2026.02.06 03:05:00,1770347100017,2026.02.06 03:05:00,1770347100019,2,OK,4763.08,4763.12,4763.10,4.0,0.0840,4746.44,4746.55,4746.49,11.0,0.2317,-1660.5,-1668.0,-34.8617,-35.0191,0.1573,4733.90965460,4736.47449493,4739.74372368,4738.89317721
331,XAUUSD,PERIOD_M5,26090401,2026.02.06 03:00:00,1770346800017,2026.02.06 03:00:00,BUY,10,2026.02.06 03:10:00,1770347400017,2026.02.06 03:10:00,1770347400017,0,OK,4763.08,4763.12,4763.10,4.0,0.0840,4737.82,4737.86,4737.84,4.0,0.0844,-2526.0,-2530.0,-53.0327,-53.1164,0.0838,4733.90965460,4736.47449493,4739.74372368,4738.89317721
331,XAUUSD,PERIOD_M5,26090401,2026.02.06 03:00:00,1770346800017,2026.02.06 03:00:00,BUY,15,2026.02.06 03:15:00,1770347700017,2026.02.06 03:15:00,1770347700024,7,OK,4763.08,4763.12,4763.10,4.0,0.0840,4747.47,4747.51,4747.49,4.0,0.0843,-1561.0,-1565.0,-32.7728,-32.8566,0.0838,4733.90965460,4736.47449493,4739.74372368,4738.89317721
332,XAUUSD,PERIOD_M5,26090401,2026.02.06 03:20:00,1770348000038,2026.02.06 03:20:00,SELL,1,2026.02.06 03:21:00,1770348060038,2026.02.06 03:21:00,1770348060196,158,OK,4718.03,4718.07,4718.05,4.0,0.0848,4723.93,4723.97,4723.95,4.0,0.0847,-590.0,-594.0,-12.5052,-12.5900,0.0848,4741.83830652,4740.15120001,4737.07464522,4738.13927273
332,XAUUSD,PERIOD_M5,26090401,2026.02.06 03:20:00,1770348000038,2026.02.06 03:20:00,SELL,3,2026.02.06 03:23:00,1770348180038,2026.02.06 03:23:00,1770348180100,62,OK,4718.03,4718.07,4718.05,4.0,0.0848,4716.26,4716.42,4716.34,16.0,0.3392,171.0,161.0,3.6244,3.4124,0.2119,4741.83830652,4740.15120001,4737.07464522,4738.13927273
332,XAUUSD,PERIOD_M5,26090401,2026.02.06 03:20:00,1770348000038,2026.02.06 03:20:00,SELL,5,2026.02.06 03:25:00,1770348300038,2026.02.06 03:25:00,1770348300126,88,OK,4718.03,4718.07,4718.05,4.0,0.0848,4716.12,4716.16,4716.14,4.0,0.0848,191.0,187.0,4.0483,3.9635,0.0848,4741.83830652,4740.15120001,4737.07464522,4738.13927273
332,XAUUSD,PERIOD_M5,26090401,2026.02.06 03:20:00,1770348000038,2026.02.06 03:20:00,SELL,10,2026.02.06 03:30:00,1770348600038,2026.02.06 03:30:00,1770348600098,60,OK,4718.03,4718.07,4718.05,4.0,0.0848,4711.97,4712.14,4712.06,17.0,0.3608,599.5,589.0,12.7065,12.4840,0.2225,4741.83830652,4740.15120001,4737.07464522,4738.13927273
331,XAUUSD,PERIOD_M5,26090401,2026.02.06 03:00:00,1770346800017,2026.02.06 03:00:00,BUY,30,2026.02.06 03:30:00,1770348600017,2026.02.06 03:30:00,1770348600030,13,OK,4763.08,4763.12,4763.10,4.0,0.0840,4711.91,4712.04,4711.98,13.0,0.2759,-5112.5,-5121.0,-107.3356,-107.5136,0.1780,4733.90965460,4736.47449493,4739.74372368,4738.89317721
332,XAUUSD,PERIOD_M5,26090401,2026.02.06 03:20:00,1770348000038,2026.02.06 03:20:00,SELL,15,2026.02.06 03:35:00,1770348900038,2026.02.06 03:35:00,1770348900116,78,OK,4718.03,4718.07,4718.05,4.0,0.0848,4741.40,4741.44,4741.42,4.0,0.0844,-2337.0,-2341.0,-49.5332,-49.6182,0.0850,4741.83830652,4740.15120001,4737.07464522,4738.13927273
333,XAUUSD,PERIOD_M5,26090401,2026.02.06 03:50:00,1770349800004,2026.02.06 03:50:00,BUY,1,2026.02.06 03:51:00,1770349860004,2026.02.06 03:51:00,1770349860075,71,OK,4751.79,4751.83,4751.81,4.0,0.0842,4754.48,4754.52,4754.50,4.0,0.0841,269.0,265.0,5.6610,5.5768,0.0842,4733.63044695,4735.13857848,4737.26235756,4736.65234408
333,XAUUSD,PERIOD_M5,26090401,2026.02.06 03:50:00,1770349800004,2026.02.06 03:50:00,BUY,3,2026.02.06 03:53:00,1770349980004,2026.02.06 03:53:00,1770349980031,27,OK,4751.79,4751.83,4751.81,4.0,0.0842,4760.23,4760.27,4760.25,4.0,0.0840,844.0,840.0,17.7617,17.6774,0.0843,4733.63044695,4735.13857848,4737.26235756,4736.65234408
332,XAUUSD,PERIOD_M5,26090401,2026.02.06 03:20:00,1770348000038,2026.02.06 03:20:00,SELL,30,2026.02.06 03:50:00,1770349800038,2026.02.06 03:50:00,1770349800104,66,OK,4718.03,4718.07,4718.05,4.0,0.0848,4751.80,4751.84,4751.82,4.0,0.0842,-3377.0,-3381.0,-71.5762,-71.6613,0.0851,4741.83830652,4740.15120001,4737.07464522,4738.13927273
333,XAUUSD,PERIOD_M5,26090401,2026.02.06 03:50:00,1770349800004,2026.02.06 03:50:00,BUY,5,2026.02.06 03:55:00,1770350100004,2026.02.06 03:55:00,1770350100033,29,OK,4751.79,4751.83,4751.81,4.0,0.0842,4770.39,4770.43,4770.41,4.0,0.0839,1860.0,1856.0,39.1430,39.0586,0.0843,4733.63044695,4735.13857848,4737.26235756,4736.65234408
333,XAUUSD,PERIOD_M5,26090401,2026.02.06 03:50:00,1770349800004,2026.02.06 03:50:00,BUY,10,2026.02.06 04:00:00,1770350400004,2026.02.06 04:00:00,1770350400024,20,OK,4751.79,4751.83,4751.81,4.0,0.0842,4774.36,4774.40,4774.38,4.0,0.0838,2257.0,2253.0,47.4977,47.4133,0.0844,4733.63044695,4735.13857848,4737.26235756,4736.65234408
331,XAUUSD,PERIOD_M5,26090401,2026.02.06 03:00:00,1770346800017,2026.02.06 03:00:00,BUY,60,2026.02.06 04:00:00,1770350400017,2026.02.06 04:00:00,1770350400024,7,OK,4763.08,4763.12,4763.10,4.0,0.0840,4774.36,4774.40,4774.38,4.0,0.0838,1128.0,1124.0,23.6821,23.5980,0.0841,4733.90965460,4736.47449493,4739.74372368,4738.89317721
333,XAUUSD,PERIOD_M5,26090401,2026.02.06 03:50:00,1770349800004,2026.02.06 03:50:00,BUY,15,2026.02.06 04:05:00,1770350700004,2026.02.06 04:05:00,1770350700004,0,OK,4751.79,4751.83,4751.81,4.0,0.0842,4770.46,4770.55,4770.51,9.0,0.1887,1869.5,1863.0,39.3429,39.2059,0.1370,4733.63044695,4735.13857848,4737.26235756,4736.65234408
333,XAUUSD,PERIOD_M5,26090401,2026.02.06 03:50:00,1770349800004,2026.02.06 03:50:00,BUY,30,2026.02.06 04:20:00,1770351600004,2026.02.06 04:20:00,1770351600044,40,OK,4751.79,4751.83,4751.81,4.0,0.0842,4799.89,4799.93,4799.91,4.0,0.0833,4810.0,4806.0,101.2246,101.1400,0.0846,4733.63044695,4735.13857848,4737.26235756,4736.65234408
332,XAUUSD,PERIOD_M5,26090401,2026.02.06 03:20:00,1770348000038,2026.02.06 03:20:00,SELL,60,2026.02.06 04:20:00,1770351600038,2026.02.06 04:20:00,1770351600044,6,OK,4718.03,4718.07,4718.05,4.0,0.0848,4799.89,4799.93,4799.91,4.0,0.0833,-8186.0,-8190.0,-173.5039,-173.5894,0.0855,4741.83830652,4740.15120001,4737.07464522,4738.13927273
333,XAUUSD,PERIOD_M5,26090401,2026.02.06 03:50:00,1770349800004,2026.02.06 03:50:00,BUY,60,2026.02.06 04:50:00,1770353400004,2026.02.06 04:50:00,1770353400031,27,OK,4751.79,4751.83,4751.81,4.0,0.0842,4826.26,4826.33,4826.30,7.0,0.1450,7448.5,7443.0,156.7508,156.6344,0.1164,4733.63044695,4735.13857848,4737.26235756,4736.65234408
334,XAUUSD,PERIOD_M5,26090401,2026.02.06 09:05:00,1770368700020,2026.02.06 09:05:00,SELL,1,2026.02.06 09:06:00,1770368760020,2026.02.06 09:06:00,1770368760033,13,OK,4840.08,4840.12,4840.10,4.0,0.0826,4843.92,4843.96,4843.94,4.0,0.0826,-384.0,-388.0,-7.9337,-8.0164,0.0827,4851.69163504,4851.18976474,4849.27130803,4850.13524067
334,XAUUSD,PERIOD_M5,26090401,2026.02.06 09:05:00,1770368700020,2026.02.06 09:05:00,SELL,3,2026.02.06 09:08:00,1770368880020,2026.02.06 09:08:00,1770368880082,62,OK,4840.08,4840.12,4840.10,4.0,0.0826,4840.63,4840.67,4840.65,4.0,0.0826,-55.0,-59.0,-1.1363,-1.2190,0.0826,4851.69163504,4851.18976474,4849.27130803,4850.13524067
334,XAUUSD,PERIOD_M5,26090401,2026.02.06 09:05:00,1770368700020,2026.02.06 09:05:00,SELL,5,2026.02.06 09:10:00,1770369000020,2026.02.06 09:10:00,1770369000101,81,OK,4840.08,4840.12,4840.10,4.0,0.0826,4845.57,4845.67,4845.62,10.0,0.2064,-552.0,-559.0,-11.4047,-11.5494,0.1447,4851.69163504,4851.18976474,4849.27130803,4850.13524067
334,XAUUSD,PERIOD_M5,26090401,2026.02.06 09:05:00,1770368700020,2026.02.06 09:05:00,SELL,10,2026.02.06 09:15:00,1770369300020,2026.02.06 09:15:00,1770369300037,17,OK,4840.08,4840.12,4840.10,4.0,0.0826,4849.63,4849.72,4849.68,9.0,0.1856,-957.5,-964.0,-19.7826,-19.9170,0.1344,4851.69163504,4851.18976474,4849.27130803,4850.13524067
334,XAUUSD,PERIOD_M5,26090401,2026.02.06 09:05:00,1770368700020,2026.02.06 09:05:00,SELL,15,2026.02.06 09:20:00,1770369600020,2026.02.06 09:20:00,1770369600068,48,OK,4840.08,4840.12,4840.10,4.0,0.0826,4846.34,4846.38,4846.36,4.0,0.0825,-626.0,-630.0,-12.9336,-13.0163,0.0827,4851.69163504,4851.18976474,4849.27130803,4850.13524067
335,XAUUSD,PERIOD_M5,26090401,2026.02.06 09:30:00,1770370200023,2026.02.06 09:30:00,BUY,1,2026.02.06 09:31:00,1770370260023,2026.02.06 09:31:00,1770370260087,64,OK,4858.72,4858.82,4858.77,10.0,0.2058,4858.31,4858.38,4858.35,7.0,0.1441,-42.5,-51.0,-0.8747,-1.0496,0.1749,4848.92074377,4849.59678142,4850.88059502,4850.42616493
335,XAUUSD,PERIOD_M5,26090401,2026.02.06 09:30:00,1770370200023,2026.02.06 09:30:00,BUY,3,2026.02.06 09:33:00,1770370380023,2026.02.06 09:33:00,1770370380042,19,OK,4858.72,4858.82,4858.77,10.0,0.2058,4855.84,4855.88,4855.86,4.0,0.0824,-291.0,-298.0,-5.9892,-6.1332,0.1440,4848.92074377,4849.59678142,4850.88059502,4850.42616493
335,XAUUSD,PERIOD_M5,26090401,2026.02.06 09:30:00,1770370200023,2026.02.06 09:30:00,BUY,5,2026.02.06 09:35:00,1770370500023,2026.02.06 09:35:00,1770370500035,12,OK,4858.72,4858.82,4858.77,10.0,0.2058,4852.10,4852.28,4852.19,18.0,0.3710,-658.0,-672.0,-13.5425,-13.8305,0.2880,4848.92074377,4849.59678142,4850.88059502,4850.42616493
334,XAUUSD,PERIOD_M5,26090401,2026.02.06 09:05:00,1770368700020,2026.02.06 09:05:00,SELL,30,2026.02.06 09:35:00,1770370500020,2026.02.06 09:35:00,1770370500035,15,OK,4840.08,4840.12,4840.10,4.0,0.0826,4852.10,4852.28,4852.19,18.0,0.3710,-1209.0,-1220.0,-24.9788,-25.2062,0.2274,4851.69163504,4851.18976474,4849.27130803,4850.13524067
335,XAUUSD,PERIOD_M5,26090401,2026.02.06 09:30:00,1770370200023,2026.02.06 09:30:00,BUY,10,2026.02.06 09:40:00,1770370800023,2026.02.06 09:40:00,1770370800117,94,OK,4858.72,4858.82,4858.77,10.0,0.2058,4854.77,4854.92,4854.85,15.0,0.3090,-392.5,-405.0,-8.0782,-8.3354,0.2572,4848.92074377,4849.59678142,4850.88059502,4850.42616493
335,XAUUSD,PERIOD_M5,26090401,2026.02.06 09:30:00,1770370200023,2026.02.06 09:30:00,BUY,15,2026.02.06 09:45:00,1770371100023,2026.02.06 09:45:00,1770371100221,198,OK,4858.72,4858.82,4858.77,10.0,0.2058,4856.86,4856.90,4856.88,4.0,0.0824,-189.0,-196.0,-3.8899,-4.0339,0.1440,4848.92074377,4849.59678142,4850.88059502,4850.42616493
336,XAUUSD,PERIOD_M5,26090401,2026.02.06 10:00:00,1770372000020,2026.02.06 10:00:00,SELL,1,2026.02.06 10:01:00,1770372060020,2026.02.06 10:01:00,1770372060054,34,OK,4841.13,4841.27,4841.20,14.0,0.2892,4832.50,4832.54,4832.52,4.0,0.0828,868.0,859.0,17.9294,17.7438,0.1856,4852.04719017,4851.35836085,4849.86375214,4850.42850986
336,XAUUSD,PERIOD_M5,26090401,2026.02.06 10:00:00,1770372000020,2026.02.06 10:00:00,SELL,3,2026.02.06 10:03:00,1770372180020,2026.02.06 10:03:00,1770372180037,17,OK,4841.13,4841.27,4841.20,14.0,0.2892,4835.18,4835.34,4835.26,16.0,0.3309,594.0,579.0,12.2697,11.9600,0.3097,4852.04719017,4851.35836085,4849.86375214,4850.42850986
335,XAUUSD,PERIOD_M5,26090401,2026.02.06 09:30:00,1770370200023,2026.02.06 09:30:00,BUY,30,2026.02.06 10:00:00,1770372000023,2026.02.06 10:00:00,1770372000052,29,OK,4858.72,4858.82,4858.77,10.0,0.2058,4841.07,4841.27,4841.17,20.0,0.4131,-1760.0,-1775.0,-36.2232,-36.5315,0.3083,4848.92074377,4849.59678142,4850.88059502,4850.42616493
336,XAUUSD,PERIOD_M5,26090401,2026.02.06 10:00:00,1770372000020,2026.02.06 10:00:00,SELL,5,2026.02.06 10:05:00,1770372300020,2026.02.06 10:05:00,1770372300028,8,OK,4841.13,4841.27,4841.20,14.0,0.2892,4837.29,4837.33,4837.31,4.0,0.0827,389.0,380.0,8.0352,7.8494,0.1858,4852.04719017,4851.35836085,4849.86375214,4850.42850986
334,XAUUSD,PERIOD_M5,26090401,2026.02.06 09:05:00,1770368700020,2026.02.06 09:05:00,SELL,60,2026.02.06 10:05:00,1770372300020,2026.02.06 10:05:00,1770372300028,8,OK,4840.08,4840.12,4840.10,4.0,0.0826,4837.29,4837.33,4837.31,4.0,0.0827,279.0,275.0,5.7643,5.6817,0.0826,4851.69163504,4851.18976474,4849.27130803,4850.13524067
336,XAUUSD,PERIOD_M5,26090401,2026.02.06 10:00:00,1770372000020,2026.02.06 10:00:00,SELL,10,2026.02.06 10:10:00,1770372600020,2026.02.06 10:10:00,1770372600126,106,OK,4841.13,4841.27,4841.20,14.0,0.2892,4841.48,4841.64,4841.56,16.0,0.3305,-36.0,-51.0,-0.7436,-1.0535,0.3099,4852.04719017,4851.35836085,4849.86375214,4850.42850986
336,XAUUSD,PERIOD_M5,26090401,2026.02.06 10:00:00,1770372000020,2026.02.06 10:00:00,SELL,15,2026.02.06 10:15:00,1770372900020,2026.02.06 10:15:00,1770372900035,15,OK,4841.13,4841.27,4841.20,14.0,0.2892,4851.54,4851.74,4851.64,20.0,0.4122,-1044.0,-1061.0,-21.5649,-21.9164,0.3515,4852.04719017,4851.35836085,4849.86375214,4850.42850986
337,XAUUSD,PERIOD_M5,26090401,2026.02.06 10:25:00,1770373500024,2026.02.06 10:25:00,BUY,1,2026.02.06 10:26:00,1770373560024,2026.02.06 10:26:00,1770373560045,21,OK,4866.71,4866.79,4866.75,8.0,0.1644,4872.81,4872.94,4872.88,13.0,0.2668,612.5,602.0,12.5854,12.3695,0.2159,4848.81932888,4849.37552207,4852.40146310,4850.95320188
337,XAUUSD,PERIOD_M5,26090401,2026.02.06 10:25:00,1770373500024,2026.02.06 10:25:00,BUY,3,2026.02.06 10:28:00,1770373680024,2026.02.06 10:28:00,1770373680026,2,OK,4866.71,4866.79,4866.75,8.0,0.1644,4869.74,4869.80,4869.77,6.0,0.1232,302.0,295.0,6.2054,6.0615,0.1439,4848.81932888,4849.37552207,4852.40146310,4850.95320188
337,XAUUSD,PERIOD_M5,26090401,2026.02.06 10:25:00,1770373500024,2026.02.06 10:25:00,BUY,5,2026.02.06 10:30:00,1770373800024,2026.02.06 10:30:00,1770373800060,36,OK,4866.71,4866.79,4866.75,8.0,0.1644,4867.57,4867.63,4867.60,6.0,0.1233,85.0,78.0,1.7465,1.6027,0.1438,4848.81932888,4849.37552207,4852.40146310,4850.95320188
336,XAUUSD,PERIOD_M5,26090401,2026.02.06 10:00:00,1770372000020,2026.02.06 10:00:00,SELL,30,2026.02.06 10:30:00,1770373800020,2026.02.06 10:30:00,1770373800060,40,OK,4841.13,4841.27,4841.20,14.0,0.2892,4867.57,4867.63,4867.60,6.0,0.1233,-2640.0,-2650.0,-54.5319,-54.7393,0.2074,4852.04719017,4851.35836085,4849.86375214,4850.42850986
335,XAUUSD,PERIOD_M5,26090401,2026.02.06 09:30:00,1770370200023,2026.02.06 09:30:00,BUY,60,2026.02.06 10:30:00,1770373800023,2026.02.06 10:30:00,1770373800060,37,OK,4858.72,4858.82,4858.77,10.0,0.2058,4867.57,4867.63,4867.60,6.0,0.1233,883.0,875.0,18.1733,18.0085,0.1648,4848.92074377,4849.59678142,4850.88059502,4850.42616493
337,XAUUSD,PERIOD_M5,26090401,2026.02.06 10:25:00,1770373500024,2026.02.06 10:25:00,BUY,10,2026.02.06 10:35:00,1770374100024,2026.02.06 10:35:00,1770374100031,7,OK,4866.71,4866.79,4866.75,8.0,0.1644,4880.15,4880.19,4880.17,4.0,0.0820,1342.0,1336.0,27.5749,27.4514,0.1235,4848.81932888,4849.37552207,4852.40146310,4850.95320188
337,XAUUSD,PERIOD_M5,26090401,2026.02.06 10:25:00,1770373500024,2026.02.06 10:25:00,BUY,15,2026.02.06 10:40:00,1770374400024,2026.02.06 10:40:00,1770374400083,59,OK,4866.71,4866.79,4866.75,8.0,0.1644,4863.04,4863.10,4863.07,6.0,0.1234,-368.0,-375.0,-7.5615,-7.7053,0.1438,4848.81932888,4849.37552207,4852.40146310,4850.95320188
337,XAUUSD,PERIOD_M5,26090401,2026.02.06 10:25:00,1770373500024,2026.02.06 10:25:00,BUY,30,2026.02.06 10:55:00,1770375300024,2026.02.06 10:55:00,1770375300288,264,OK,4866.71,4866.79,4866.75,8.0,0.1644,4861.52,4861.68,4861.60,16.0,0.3291,-515.0,-527.0,-10.5820,-10.8285,0.2465,4848.81932888,4849.37552207,4852.40146310,4850.95320188
336,XAUUSD,PERIOD_M5,26090401,2026.02.06 10:00:00,1770372000020,2026.02.06 10:00:00,SELL,60,2026.02.06 11:00:00,1770375600020,2026.02.06 11:00:00,1770375600030,10,OK,4841.13,4841.27,4841.20,14.0,0.2892,4861.92,4862.12,4862.02,20.0,0.4114,-2082.0,-2099.0,-43.0059,-43.3576,0.3518,4852.04719017,4851.35836085,4849.86375214,4850.42850986
338,XAUUSD,PERIOD_M5,26090401,2026.02.06 11:15:00,1770376500018,2026.02.06 11:15:00,SELL,1,2026.02.06 11:16:00,1770376560018,2026.02.06 11:16:00,1770376560069,51,OK,4840.19,4840.24,4840.22,5.0,0.1033,4848.61,4848.73,4848.67,12.0,0.2475,-845.5,-854.0,-17.4682,-17.6439,0.1757,4856.68613087,4855.95282348,4853.39290470,4854.52256680
338,XAUUSD,PERIOD_M5,26090401,2026.02.06 11:15:00,1770376500018,2026.02.06 11:15:00,SELL,3,2026.02.06 11:18:00,1770376680018,2026.02.06 11:18:00,1770376680260,242,OK,4840.19,4840.24,4840.22,5.0,0.1033,4848.18,4848.38,4848.28,20.0,0.4125,-806.5,-819.0,-16.6625,-16.9208,0.2583,4856.68613087,4855.95282348,4853.39290470,4854.52256680
338,XAUUSD,PERIOD_M5,26090401,2026.02.06 11:15:00,1770376500018,2026.02.06 11:15:00,SELL,5,2026.02.06 11:20:00,1770376800018,2026.02.06 11:20:00,1770376800027,9,OK,4840.19,4840.24,4840.22,5.0,0.1033,4847.67,4847.83,4847.75,16.0,0.3301,-753.5,-764.0,-15.5675,-15.7845,0.2170,4856.68613087,4855.95282348,4853.39290470,4854.52256680
338,XAUUSD,PERIOD_M5,26090401,2026.02.06 11:15:00,1770376500018,2026.02.06 11:15:00,SELL,10,2026.02.06 11:25:00,1770377100018,2026.02.06 11:25:00,1770377100068,50,OK,4840.19,4840.24,4840.22,5.0,0.1033,4859.41,4859.52,4859.47,11.0,0.2264,-1925.0,-1933.0,-39.7710,-39.9364,0.1655,4856.68613087,4855.95282348,4853.39290470,4854.52256680
337,XAUUSD,PERIOD_M5,26090401,2026.02.06 10:25:00,1770373500024,2026.02.06 10:25:00,BUY,60,2026.02.06 11:25:00,1770377100024,2026.02.06 11:25:00,1770377100068,44,OK,4866.71,4866.79,4866.75,8.0,0.1644,4859.41,4859.52,4859.47,11.0,0.2264,-728.5,-738.0,-14.9689,-15.1640,0.1951,4848.81932888,4849.37552207,4852.40146310,4850.95320188
339,XAUUSD,PERIOD_M5,26090401,2026.02.06 11:30:00,1770377400096,2026.02.06 11:30:00,BUY,1,2026.02.06 11:31:00,1770377460096,2026.02.06 11:31:00,1770377460099,3,OK,4863.39,4863.55,4863.47,16.0,0.3290,4865.62,4865.82,4865.72,20.0,0.4110,225.0,207.0,4.6263,4.2562,0.3702,4853.70825901,4854.41517917,4855.67060721,4855.24289016
339,XAUUSD,PERIOD_M5,26090401,2026.02.06 11:30:00,1770377400096,2026.02.06 11:30:00,BUY,3,2026.02.06 11:33:00,1770377580096,2026.02.06 11:33:00,1770377580673,577,OK,4863.39,4863.55,4863.47,16.0,0.3290,4861.87,4862.03,4861.95,16.0,0.3291,-152.0,-168.0,-3.1253,-3.4543,0.3289,4853.70825901,4854.41517917,4855.67060721,4855.24289016
338,XAUUSD,PERIOD_M5,26090401,2026.02.06 11:15:00,1770376500018,2026.02.06 11:15:00,SELL,15,2026.02.06 11:30:00,1770377400018,2026.02.06 11:30:00,1770377400096,78,OK,4840.19,4840.24,4840.22,5.0,0.1033,4863.39,4863.55,4863.47,16.0,0.3290,-2325.5,-2336.0,-48.0454,-48.2626,0.2172,4856.68613087,4855.95282348,4853.39290470,4854.52256680
339,XAUUSD,PERIOD_M5,26090401,2026.02.06 11:30:00,1770377400096,2026.02.06 11:30:00,BUY,5,2026.02.06 11:35:00,1770377700096,2026.02.06 11:35:00,1770377700186,90,OK,4863.39,4863.55,4863.47,16.0,0.3290,4865.93,4866.13,4866.03,20.0,0.4110,256.0,238.0,5.2637,4.8935,0.3702,4853.70825901,4854.41517917,4855.67060721,4855.24289016
339,XAUUSD,PERIOD_M5,26090401,2026.02.06 11:30:00,1770377400096,2026.02.06 11:30:00,BUY,10,2026.02.06 11:40:00,1770378000096,2026.02.06 11:40:00,1770378000337,241,OK,4863.39,4863.55,4863.47,16.0,0.3290,4863.45,4863.49,4863.47,4.0,0.0822,-0.0,-10.0,-0.0000,-0.2056,0.2056,4853.70825901,4854.41517917,4855.67060721,4855.24289016
339,XAUUSD,PERIOD_M5,26090401,2026.02.06 11:30:00,1770377400096,2026.02.06 11:30:00,BUY,15,2026.02.06 11:45:00,1770378300096,2026.02.06 11:45:00,1770378300148,52,OK,4863.39,4863.55,4863.47,16.0,0.3290,4858.15,4858.19,4858.17,4.0,0.0823,-530.0,-540.0,-10.8976,-11.1030,0.2054,4853.70825901,4854.41517917,4855.67060721,4855.24289016
338,XAUUSD,PERIOD_M5,26090401,2026.02.06 11:15:00,1770376500018,2026.02.06 11:15:00,SELL,30,2026.02.06 11:45:00,1770378300018,2026.02.06 11:45:00,1770378300042,24,OK,4840.19,4840.24,4840.22,5.0,0.1033,4858.14,4858.18,4858.16,4.0,0.0823,-1794.5,-1799.0,-37.0748,-37.1680,0.0932,4856.68613087,4855.95282348,4853.39290470,4854.52256680
339,XAUUSD,PERIOD_M5,26090401,2026.02.06 11:30:00,1770377400096,2026.02.06 11:30:00,BUY,30,2026.02.06 12:00:00,1770379200096,2026.02.06 12:00:00,1770379200162,66,OK,4863.39,4863.55,4863.47,16.0,0.3290,4866.58,4866.62,4866.60,4.0,0.0822,313.0,303.0,6.4357,6.2300,0.2057,4853.70825901,4854.41517917,4855.67060721,4855.24289016
338,XAUUSD,PERIOD_M5,26090401,2026.02.06 11:15:00,1770376500018,2026.02.06 11:15:00,SELL,60,2026.02.06 12:15:00,1770380100018,2026.02.06 12:15:00,1770380100039,21,OK,4840.19,4840.24,4840.22,5.0,0.1033,4872.01,4872.05,4872.03,4.0,0.0821,-3181.5,-3186.0,-65.7306,-65.8239,0.0933,4856.68613087,4855.95282348,4853.39290470,4854.52256680
339,XAUUSD,PERIOD_M5,26090401,2026.02.06 11:30:00,1770377400096,2026.02.06 11:30:00,BUY,60,2026.02.06 12:30:00,1770381000096,2026.02.06 12:30:00,1770381000114,18,OK,4863.39,4863.55,4863.47,16.0,0.3290,4854.90,4854.94,4854.92,4.0,0.0824,-855.0,-865.0,-17.5800,-17.7854,0.2053,4853.70825901,4854.41517917,4855.67060721,4855.24289016
340,XAUUSD,PERIOD_M5,26090401,2026.02.06 21:40:00,1770414000125,2026.02.06 21:40:00,SELL,1,2026.02.06 21:41:00,1770414060125,2026.02.06 21:41:00,1770414060175,50,OK,4952.22,4952.29,4952.26,7.0,0.1413,4949.77,4949.93,4949.85,16.0,0.3232,240.5,229.0,4.8564,4.6242,0.2322,4958.84028279,4958.73245171,4957.51622623,4958.14041065
340,XAUUSD,PERIOD_M5,26090401,2026.02.06 21:40:00,1770414000125,2026.02.06 21:40:00,SELL,3,2026.02.06 21:43:00,1770414180125,2026.02.06 21:43:00,1770414180134,9,OK,4952.22,4952.29,4952.26,7.0,0.1413,4951.51,4951.61,4951.56,10.0,0.2020,69.5,61.0,1.4034,1.2318,0.1716,4958.84028279,4958.73245171,4957.51622623,4958.14041065
340,XAUUSD,PERIOD_M5,26090401,2026.02.06 21:40:00,1770414000125,2026.02.06 21:40:00,SELL,5,2026.02.06 21:45:00,1770414300125,2026.02.06 21:45:00,1770414300185,60,OK,4952.22,4952.29,4952.26,7.0,0.1413,4951.96,4952.04,4952.00,8.0,0.1616,25.5,18.0,0.5149,0.3635,0.1514,4958.84028279,4958.73245171,4957.51622623,4958.14041065
340,XAUUSD,PERIOD_M5,26090401,2026.02.06 21:40:00,1770414000125,2026.02.06 21:40:00,SELL,10,2026.02.06 21:50:00,1770414600125,2026.02.06 21:50:00,1770414600176,51,OK,4952.22,4952.29,4952.26,7.0,0.1413,4961.68,4961.80,4961.74,12.0,0.2419,-948.5,-958.0,-19.1529,-19.3449,0.1920,4958.84028279,4958.73245171,4957.51622623,4958.14041065
340,XAUUSD,PERIOD_M5,26090401,2026.02.06 21:40:00,1770414000125,2026.02.06 21:40:00,SELL,15,2026.02.06 21:55:00,1770414900125,2026.02.06 21:55:00,1770414900290,165,OK,4952.22,4952.29,4952.26,7.0,0.1413,4961.47,4961.65,4961.56,18.0,0.3628,-930.5,-943.0,-18.7894,-19.0420,0.2525,4958.84028279,4958.73245171,4957.51622623,4958.14041065
340,XAUUSD,PERIOD_M5,26090401,2026.02.06 21:40:00,1770414000125,2026.02.06 21:40:00,SELL,30,2026.02.06 22:10:00,1770415800125,2026.02.06 22:10:00,1770415800147,22,OK,4952.22,4952.29,4952.26,7.0,0.1413,4955.48,4955.61,4955.55,13.0,0.2623,-329.0,-339.0,-6.6434,-6.8454,0.2020,4958.84028279,4958.73245171,4957.51622623,4958.14041065
340,XAUUSD,PERIOD_M5,26090401,2026.02.06 21:40:00,1770414000125,2026.02.06 21:40:00,SELL,60,2026.02.06 22:40:00,1770417600125,2026.02.06 22:40:00,1770417600125,0,OK,4952.22,4952.29,4952.26,7.0,0.1413,4943.24,4943.44,4943.34,20.0,0.4046,891.5,878.0,18.0019,17.7294,0.2725,4958.84028279,4958.73245171,4957.51622623,4958.14041065
341,XAUUSD,PERIOD_M5,26090401,2026.02.06 23:40:00,1770421200081,2026.02.06 23:40:00,BUY,1,2026.02.06 23:41:00,1770421260081,2026.02.06 23:41:00,1770421260317,236,OK,4962.25,4962.69,4962.47,44.0,0.8867,4961.01,4961.45,4961.23,44.0,0.8869,-124.0,-168.0,-2.4988,-3.3853,0.8865,4952.04684136,4952.34916782,4954.08747309,4953.24924347
341,XAUUSD,PERIOD_M5,26090401,2026.02.06 23:40:00,1770421200081,2026.02.06 23:40:00,BUY,3,2026.02.06 23:43:00,1770421380081,2026.02.06 23:43:00,1770421380098,17,OK,4962.25,4962.69,4962.47,44.0,0.8867,4962.01,4962.45,4962.23,44.0,0.8867,-24.0,-68.0,-0.4836,-1.3702,0.8866,4952.04684136,4952.34916782,4954.08747309,4953.24924347
341,XAUUSD,PERIOD_M5,26090401,2026.02.06 23:40:00,1770421200081,2026.02.06 23:40:00,BUY,5,2026.02.06 23:45:00,1770421500081,2026.02.06 23:45:00,1770421500083,2,OK,4962.25,4962.69,4962.47,44.0,0.8867,4960.61,4961.05,4960.83,44.0,0.8869,-164.0,-208.0,-3.3048,-4.1913,0.8865,4952.04684136,4952.34916782,4954.08747309,4953.24924347
341,XAUUSD,PERIOD_M5,26090401,2026.02.06 23:40:00,1770421200081,2026.02.06 23:40:00,BUY,10,2026.02.06 23:50:00,1770421800081,2026.02.06 23:50:00,1770421800256,175,OK,4962.25,4962.69,4962.47,44.0,0.8867,4961.08,4961.52,4961.30,44.0,0.8869,-117.0,-161.0,-2.3577,-3.2442,0.8865,4952.04684136,4952.34916782,4954.08747309,4953.24924347
