join_key,symbol,entry_timeframe,context_timeframe,signal_time,signal_time_msc,signal_bar_time,side,context_status,server_hour,server_minute,server_day_of_week,entry_bid,entry_ask,entry_mid,spread_points,spread_bps,m5_fast_ema_bar2,m5_slow_ema_bar2,m5_fast_ema_bar1,m5_slow_ema_bar1,m5_fast_slope_points,m5_slow_slope_points,m5_ema_separation_points,m5_ema_separation_bps,m5_signal_separation_bps,m5_atr_points,m5_atr_bps,spread_to_atr_ratio,m5_bar1_open,m5_bar1_high,m5_bar1_low,m5_bar1_close,m5_bar1_direction,m5_bar1_body_points,m5_bar1_range_points,m5_bar1_body_to_range,m5_bar1_range_to_atr,m5_momentum_3bar_bps,m5_signal_momentum_3bar_bps,m15_fast_ema_bar2,m15_slow_ema_bar2,m15_fast_ema_bar1,m15_slow_ema_bar1,m15_fast_slope_points,m15_slow_slope_points,m15_ema_separation_points,m15_ema_separation_bps,m15_trend,m15_signal_alignment
2026.01.02 01:00_BUY,XAUUSD,PERIOD_M5,PERIOD_M15,2026.01.02 01:00:01,1767315601203,2026.01.02 01:00:00,BUY,OK,1,0,5,4318.72,4319.16,4318.94,44.0,1.0188,4313.94225756,4313.99244075,4314.91780605,4314.43130977,97.55,43.89,48.65,1.1264,1.1264,372.21,8.6182,0.118211,4317.95,4318.82,4316.89,4318.82,BULLISH,87.00,193.00,0.450777,0.518519,9.8039,9.8039,4317.99307049,4323.22299984,4318.07182568,4323.05033318,7.88,-17.27,-497.85,-11.5272,BEARISH,COUNTER
2026.01.02 08:55_SELL,XAUUSD,PERIOD_M5,PERIOD_M15,2026.01.02 08:55:00,1767344100162,2026.01.02 08:55:00,SELL,OK,8,55,5,4374.40,4374.56,4374.48,16.0,0.3658,4376.86217899,4376.62345809,4376.36974319,4376.42132554,-49.24,-20.21,-5.16,-0.1179,0.1179,296.29,6.7730,0.054002,4375.81,4376.29,4373.62,4374.40,BEARISH,141.00,267.00,0.528090,0.901157,-4.6613,4.6613,4368.22927988,4352.53677068,4368.82458656,4353.39728947,59.53,86.05,1542.73,35.2666,BULLISH,COUNTER
2026.01.02 09:40_BUY,XAUUSD,PERIOD_M5,PERIOD_M15,2026.01.02 09:40:00,1767346800005,2026.01.02 09:40:00,BUY,OK,9,40,5,4379.76,4379.89,4379.83,13.0,0.2968,4375.51054308,4375.70749660,4376.36043446,4376.07590600,84.99,36.84,28.45,0.6496,0.6496,331.71,7.5737,0.039190,4378.91,4380.71,4378.55,4379.76,BULLISH,85.00,216.00,0.393519,0.651163,16.4663,16.4663,4370.14330102,4355.13956633,4370.49822473,4355.87409314,35.49,73.45,1462.41,33.3898,BULLISH,ALIGNED
2026.01.02 14:45_SELL,XAUUSD,PERIOD_M5,PERIOD_M15,2026.01.02 14:45:00,1767365100039,2026.01.02 14:45:00,SELL,OK,14,45,5,4388.12,4388.28,4388.20,16.0,0.3646,4394.14132579,4393.81885132,4392.93706064,4393.30077393,-120.43,-51.81,-36.37,-0.8288,0.8288,333.79,7.6064,0.047935,4392.63,4392.77,4385.29,4388.12,BEARISH,451.00,748.00,0.602941,2.240959,-11.6770,11.6770,4388.78957058,4374.91245489,4388.72580195,4375.43039784,-6.38,51.79,1329.54,30.2981,BULLISH,COUNTER
2026.01.02 15:05_BUY,XAUUSD,PERIOD_M5,PERIOD_M15,2026.01.02 15:05:00,1767366300346,2026.01.02 15:05:00,BUY,OK,15,5,5,4397.55,4397.71,4397.63,16.0,0.3638,4392.11033505,4392.72017575,4393.19626804,4393.15834159,108.59,43.82,3.79,0.0862,0.0862,367.43,8.3551,0.043546,4394.39,4397.74,4392.62,4397.54,BULLISH,315.00,512.00,0.615234,1.393468,21.9238,21.9238,4388.72580195,4375.43039784,4389.26429701,4376.17351949,53.85,74.31,1309.08,29.7678,BULLISH,ALIGNED
2026.01.02 15:25_SELL,XAUUSD,PERIOD_M5,PERIOD_M15,2026.01.02 15:25:00,1767367500039,2026.01.02 15:25:00,SELL,OK,15,25,5,4381.48,4381.63,4381.56,15.0,0.3423,4395.90872923,4394.53486972,4393.02298339,4393.34806338,-288.57,-118.68,-32.51,-0.7419,0.7419,493.14,11.2550,0.030417,4398.87,4399.26,4379.80,4381.48,BEARISH,1739.00,1946.00,0.893628,3.946118,-35.8180,35.8180,4389.26429701,4376.17351949,4390.27055443,4377.10122461,100.63,92.77,1316.93,30.0563,BULLISH,COUNTER
2026.01.02 21:45_BUY,XAUUSD,PERIOD_M5,PERIOD_M15,2026.01.02 21:45:00,1767390300060,2026.01.02 21:45:00,BUY,OK,21,45,5,4322.79,4322.88,4322.84,9.0,0.2082,4319.98495772,4320.24172573,4320.54596617,4320.47338703,56.10,23.17,7.26,0.1679,0.1679,399.29,9.2367,0.022540,4323.75,4326.30,4321.81,4322.79,BEARISH,96.00,449.00,0.213808,1.124508,9.7254,9.7254,4331.51119737,4348.64783113,4330.68060715,4347.63379853,-83.06,-101.40,-1695.32,-39.2178,BEARISH,COUNTER
2026.01.02 22:00_SELL,XAUUSD,PERIOD_M5,PERIOD_M15,2026.01.02 22:00:00,1767391200005,2026.01.02 22:00:00,SELL,OK,22,0,5,4318.18,4318.28,4318.23,10.0,0.2316,4320.52821835,4320.48370829,4320.05857468,4320.27428026,-46.96,-20.94,-21.57,-0.4995,0.4995,360.64,8.3516,0.027728,4319.99,4320.90,4317.90,4318.18,BEARISH,181.00,300.00,0.603333,0.831848,-10.6644,10.6644,4330.68060715,4347.63379853,4329.49007313,4346.47874761,-119.05,-115.51,-1698.87,-39.3418,BEARISH,ALIGNED
2026.01.02 22:20_BUY,XAUUSD,PERIOD_M5,PERIOD_M15,2026.01.02 22:20:00,1767392400008,2026.01.02 22:20:00,BUY,OK,22,20,5,4322.37,4322.57,4322.47,20.0,0.4627,4319.75679024,4320.05356143,4320.27543219,4320.26232857,51.86,20.88,1.31,0.0303,0.0303,339.57,7.8560,0.058898,4320.01,4322.36,4318.84,4322.35,BULLISH,234.00,352.00,0.664773,1.036601,8.3357,8.3357,4329.49007313,4346.47874761,4328.58720903,4345.44075751,-90.29,-103.80,-1685.35,-38.9906,BEARISH,COUNTER
2026.01.05 06:15_SELL,XAUUSD,PERIOD_M5,PERIOD_M15,2026.01.05 06:15:00,1767593700076,2026.01.05 06:15:00,SELL,OK,6,15,1,4400.10,4400.20,4400.15,10.0,0.2273,4404.27339790,4403.95015827,4403.43871832,4403.60014388,-83.47,-35.00,-16.14,-0.3669,0.3669,418.71,9.5159,0.023883,4400.23,4401.22,4398.70,4400.10,BEARISH,13.00,252.00,0.051587,0.601842,0.3636,-0.3636,4389.61625752,4371.28929875,4390.61470918,4372.41913018,99.85,112.98,1819.56,41.3522,BULLISH,COUNTER
2026.01.05 06:25_BUY,XAUUSD,PERIOD_M5,PERIOD_M15,2026.01.05 06:25:00,1767594300072,2026.01.05 06:25:00,BUY,OK,6,25,1,4405.24,4405.32,4405.28,8.0,0.1816,4403.35497466,4403.54740353,4403.73197972,4403.70127594,37.70,15.39,3.07,0.0697,0.0697,402.36,9.1335,0.019883,4403.02,4406.39,4403.02,4405.24,BULLISH,222.00,337.00,0.658754,0.837564,11.3630,11.3630,4389.61625752,4371.28929875,4390.61470918,4372.41913018,99.85,112.98,1819.56,41.3040,BULLISH,ALIGNED
2026.01.05 13:20_SELL,XAUUSD,PERIOD_M5,PERIOD_M15,2026.01.05 13:20:00,1767619200021,2026.01.05 13:20:00,SELL,OK,13,20,1,4427.69,4427.83,4427.76,14.0,0.3162,4434.08935124,4433.45910513,4432.79748099,4432.92918649,-129.19,-52.99,-13.17,-0.2975,0.2975,341.43,7.7111,0.041004,4433.24,4433.72,4427.44,4427.63,BEARISH,561.00,628.00,0.893312,1.839331,-10.2658,10.2658,4426.53881532,4407.42843033,4427.17702338,4408.44064875,63.82,101.22,1873.64,42.3157,BULLISH,COUNTER
2026.01.05 16:05_BUY,XAUUSD,PERIOD_M5,PERIOD_M15,2026.01.05 16:05:00,1767629100008,2026.01.05 16:05:00,BUY,OK,16,5,1,4422.51,4422.60,4422.56,9.0,0.2035,4412.14447276,4413.19143842,4414.21757821,4414.03858038,207.31,84.71,17.90,0.4047,0.4047,671.57,15.1851,0.013401,4416.86,4423.38,4416.86,4422.51,BULLISH,565.00,652.00,0.866564,0.970857,19.1207,19.1207,4417.59530070,4409.90532146,4417.52146253,4410.17648532,-7.38,27.12,734.50,16.6080,BULLISH,ALIGNED
2026.01.05 21:15_SELL,XAUUSD,PERIOD_M5,PERIOD_M15,2026.01.05 21:15:00,1767647700434,2026.01.05 21:15:00,SELL,OK,21,15,1,4440.05,4440.21,4440.13,16.0,0.3603,4444.33128610,4444.30373699,4443.47302888,4443.91612453,-85.83,-38.76,-44.31,-0.9979,0.9979,463.86,10.4469,0.034493,4437.50,4440.58,4434.84,4440.04,BULLISH,254.00,574.00,0.442509,1.237450,-19.1971,19.1971,4439.83217778,4427.89740336,4439.85197037,4428.37358362,1.98,47.62,1147.84,25.8515,BULLISH,COUNTER
2026.01.05 22:25_BUY,XAUUSD,PERIOD_M5,PERIOD_M15,2026.01.05 22:25:00,1767651900259,2026.01.05 22:25:00,BUY,OK,22,25,1,4444.69,4444.89,4444.79,20.0,0.4500,4442.99504012,4443.08005986,4443.33403209,4443.22641805,33.90,14.64,10.76,0.2421,0.2421,335.79,7.5546,0.059562,4444.89,4446.97,4443.77,4444.69,BEARISH,20.00,320.00,0.062500,0.952989,7.8808,7.8808,4440.23141397,4429.84186624,4440.57699359,4430.39159698,34.56,54.97,1018.54,22.9154,BULLISH,ALIGNED
2026.01.05 22:40_SELL,XAUUSD,PERIOD_M5,PERIOD_M15,2026.01.05 22:40:00,1767652800093,2026.01.05 22:40:00,SELL,OK,22,40,1,4441.08,4441.28,4441.18,20.0,0.4503,4443.32858054,4443.26439509,4442.87886443,4443.06581371,-44.97,-19.86,-18.69,-0.4209,0.4209,349.93,7.8792,0.057155,4441.55,4443.24,4439.07,4441.08,BEARISH,47.00,417.00,0.112710,1.191672,-8.1221,8.1221,4440.57699359,4430.39159698,4441.04870849,4430.98525984,47.17,59.37,1006.34,22.6594,BULLISH,COUNTER
2026.01.05 23:05_BUY,XAUUSD,PERIOD_M5,PERIOD_M15,2026.01.05 23:05:00,1767654300052,2026.01.05 23:05:00,BUY,OK,23,5,1,4446.37,4446.64,4446.51,27.0,0.6072,4442.32446287,4442.60115000,4443.13357030,4442.94377273,80.91,34.26,18.98,0.4268,0.4268,380.21,8.5509,0.071013,4444.81,4447.65,4444.80,4446.37,BULLISH,156.00,285.00,0.547368,0.749577,13.0614,13.0614,4440.76311720,4431.26230848,4441.14758223,4431.79319834,38.45,53.09,935.44,21.0376,BULLISH,ALIGNED
2026.01.06 01:45_SELL,XAUUSD,PERIOD_M5,PERIOD_M15,2026.01.06 01:45:00,1767663900037,2026.01.06 01:45:00,SELL,OK,1,45,2,4442.95,4443.16,4443.06,21.0,0.4726,4447.66095476,4447.42172932,4446.72076381,4447.01611757,-94.02,-40.56,-29.54,-0.6648,0.6648,412.79,9.2906,0.050874,4443.95,4444.74,4441.60,4442.96,BEARISH,99.00,314.00,0.315287,0.760685,-13.4414,13.4414,4444.35236185,4435.27128920,4444.21975596,4435.57280727,-13.26,30.15,864.69,19.4617,BULLISH,COUNTER
2026.01.06 03:55_BUY,XAUUSD,PERIOD_M5,PERIOD_M15,2026.01.06 03:55:00,1767671700040,2026.01.06 03:55:00,BUY,OK,3,55,2,4447.64,4447.85,4447.75,21.0,0.4721,4438.55266759,4439.01959887,4440.37413408,4439.80508988,182.15,78.55,56.90,1.2794,1.2794,536.71,12.0671,0.039127,4440.66,4448.29,4439.70,4447.66,BULLISH,700.00,859.00,0.814901,1.600479,16.7785,16.7785,4441.36885126,4436.33976397,4441.16800828,4436.45428303,-20.08,11.45,471.37,10.5980,BULLISH,ALIGNED
2026.01.06 07:50_SELL,XAUUSD,PERIOD_M5,PERIOD_M15,2026.01.06 07:50:00,1767685800037,2026.01.06 07:50:00,SELL,OK,7,50,2,4459.83,4459.99,4459.91,16.0,0.3588,4466.70306355,4465.99525324,4465.33445084,4465.43750295,-136.86,-55.78,-10.31,-0.2311,0.2311,360.14,8.0751,0.044427,4463.24,4464.80,4457.83,4459.86,BEARISH,338.00,697.00,0.484935,1.935343,-25.7192,25.7192,4459.11357106,4448.53053964,4459.48846906,4449.09993025,37.49,56.94,1038.85,23.2932,BULLISH,COUNTER
2026.01.06 08:55_BUY,XAUUSD,PERIOD_M5,PERIOD_M15,2026.01.06 08:55:00,1767689700032,2026.01.06 08:55:00,BUY,OK,8,55,2,4464.76,4464.93,4464.85,17.0,0.3808,4461.83045599,4461.90865720,4462.41436479,4462.16696109,58.39,25.83,24.74,0.5541,0.5541,428.50,9.5972,0.039673,4463.20,4465.13,4461.74,4464.75,BULLISH,155.00,339.00,0.457227,0.791132,0.9184,0.9184,4458.87822149,4449.98912254,4459.32886707,4450.52327459,45.06,53.42,880.56,19.7221,BULLISH,ALIGNED
2026.01.06 10:00_SELL,XAUUSD,PERIOD_M5,PERIOD_M15,2026.01.06 10:00:00,1767693600008,2026.01.06 10:00:00,SELL,OK,10,0,2,4459.57,4459.64,4459.60,7.0,0.1570,4464.40828560,4464.17459067,4463.44062848,4463.75599152,-96.77,-41.86,-31.54,-0.7072,0.7072,361.43,8.1045,0.019368,4461.13,4461.25,4457.19,4459.57,BEARISH,156.00,406.00,0.384236,1.123320,-11.3335,11.3335,4461.45885585,4452.78885611,4461.27896482,4453.05478332,-17.99,26.59,822.42,18.4415,BULLISH,COUNTER
2026.01.06 10:25_BUY,XAUUSD,PERIOD_M5,PERIOD_M15,2026.01.06 10:25:00,1767695100200,2026.01.06 10:25:00,BUY,OK,10,25,2,4469.29,4469.40,4469.34,11.0,0.2461,4463.44155343,4463.58792331,4464.61124274,4464.10629392,116.97,51.84,50.49,1.1298,1.1298,357.93,8.0085,0.030732,4465.97,4470.26,4465.69,4469.29,BULLISH,332.00,457.00,0.726477,1.276791,13.8917,13.8917,4461.27896482,4453.05478332,4461.34573007,4453.40479182,6.68,35.00,794.09,17.7676,BULLISH,ALIGNED
2026.01.06 11:15_SELL,XAUUSD,PERIOD_M5,PERIOD_M15,2026.01.06 11:15:00,1767698100018,2026.01.06 11:15:00,SELL,OK,11,15,2,4457.96,4458.15,4458.06,19.0,0.4262,4465.30193615,4465.20584421,4463.83554892,4464.54804019,-146.64,-65.78,-71.25,-1.5982,1.5982,424.86,9.5301,0.044721,4461.60,4462.21,4453.83,4457.97,BEARISH,363.00,838.00,0.433174,1.972428,-23.2524,23.2524,4463.15351286,4455.09672353,4462.65984497,4455.20940104,-49.37,11.27,745.04,16.7123,BULLISH,COUNTER
2026.01.06 13:35_BUY,XAUUSD,PERIOD_M5,PERIOD_M15,2026.01.06 13:35:00,1767706500037,2026.01.06 13:35:00,BUY,OK,13,35,2,4460.51,4460.69,4460.60,18.0,0.4035,4452.49064230,4452.89980090,4454.09451384,4453.59163718,160.39,69.18,50.29,1.1274,1.1274,318.86,7.1483,0.056452,4455.57,4460.78,4454.86,4460.51,BULLISH,494.00,592.00,0.834459,1.856631,22.5369,22.5369,4456.44202378,4454.20037821,4456.35897390,4454.25408887,-8.30,5.37,210.49,4.7188,BULLISH,ALIGNED
2026.01.06 15:50_SELL,XAUUSD,PERIOD_M5,PERIOD_M15,2026.01.06 15:50:00,1767714600039,2026.01.06 15:50:00,SELL,OK,15,50,2,4458.19,4458.38,4458.28,19.0,0.4262,4461.25459663,4461.24678844,4460.63967731,4460.96798949,-61.49,-27.88,-32.83,-0.7364,0.7364,462.43,10.3723,0.041087,4461.23,4463.92,4456.82,4458.18,BEARISH,305.00,710.00,0.429577,1.535372,-0.5832,0.5832,4459.87712253,4456.59239285,4460.00311086,4456.77308333,12.60,18.07,323.00,7.2450,BULLISH,COUNTER
2026.01.06 15:55_BUY,XAUUSD,PERIOD_M5,PERIOD_M15,2026.01.06 15:55:00,1767714900100,2026.01.06 15:55:00,BUY,OK,15,55,2,4465.08,4465.23,4465.15,15.0,0.3359,4460.63967731,4460.96798949,4461.52774185,4461.34180863,88.81,37.38,18.59,0.4164,0.4164,516.86,11.5753,0.029022,4458.19,4465.17,4454.20,4465.08,BULLISH,689.00,1097.00,0.628077,2.122443,13.8375,13.8375,4459.87712253,4456.59239285,4460.00311086,4456.77308333,12.60,18.07,323.00,7.2339,BULLISH,ALIGNED
2026.01.06 21:10_SELL,XAUUSD,PERIOD_M5,PERIOD_M15,2026.01.06 21:10:00,1767733800047,2026.01.06 21:10:00,SELL,OK,21,10,2,4483.75,4483.94,4483.84,19.0,0.4237,4487.28453216,4487.03142559,4486.57562573,4486.73220509,-70.89,-29.92,-15.66,-0.3492,0.3492,347.07,7.7405,0.054744,4485.84,4486.46,4482.94,4483.74,BEARISH,210.00,352.00,0.596591,1.014200,-9.0913,9.0913,4481.34807940,4471.31661479,4482.02445279,4471.98851224,67.64,67.19,1003.59,22.3824,BULLISH,COUNTER
2026.01.06 22:25_BUY,XAUUSD,PERIOD_M5,PERIOD_M15,2026.01.06 22:25:00,1767738300009,2026.01.06 22:25:00,BUY,OK,22,25,2,4486.28,4486.43,4486.35,15.0,0.3343,4483.93796834,4484.01083298,4484.40637467,4484.21712089,46.84,20.63,18.93,0.4218,0.4218,310.29,6.9162,0.048343,4486.90,4487.63,4486.06,4486.28,BEARISH,62.00,157.00,0.394904,0.505985,5.6203,5.6203,4481.83803473,4473.39080047,4482.17155523,4473.85939653,33.35,46.86,831.22,18.5276,BULLISH,ALIGNED
2026.01.07 02:10_SELL,XAUUSD,PERIOD_M5,PERIOD_M15,2026.01.07 02:10:00,1767751800365,2026.01.07 02:10:00,SELL,OK,2,10,3,4492.17,4492.37,4492.27,20.0,0.4452,4495.19289176,4494.94383153,4494.58831341,4494.69166503,-60.46,-25.22,-10.34,-0.2301,0.2301,273.29,6.0835,0.073183,4493.03,4493.08,4491.02,4492.17,BEARISH,86.00,206.00,0.417476,0.753790,-8.5187,8.5187,4489.98210273,4480.51386158,4490.30380723,4481.01763171,32.17,50.38,928.62,20.6715,BULLISH,COUNTER
2026.01.07 05:20_BUY,XAUUSD,PERIOD_M5,PERIOD_M15,2026.01.07 05:20:00,1767763200069,2026.01.07 05:20:00,BUY,OK,5,20,3,4479.83,4480.04,4479.93,21.0,0.4688,4475.16427284,4475.42629857,4476.09541827,4475.82572597,93.11,39.94,26.97,0.6020,0.6020,434.93,9.7084,0.048284,4474.72,4480.21,4472.68,4479.82,BULLISH,510.00,753.00,0.677291,1.731319,9.8091,9.8091,4480.76289178,4479.80809305,4480.18737828,4479.60855999,-57.55,-19.95,57.88,1.2920,BULLISH,ALIGNED
2026.01.07 06:05_SELL,XAUUSD,PERIOD_M5,PERIOD_M15,2026.01.07 06:05:00,1767765900054,2026.01.07 06:05:00,SELL,OK,6,5,3,4473.10,4473.26,4473.18,16.0,0.3577,4476.45576223,4476.34346392,4475.78460979,4476.04860357,-67.12,-29.49,-26.40,-0.5902,0.5902,352.86,7.8883,0.045344,4474.75,4476.10,4472.45,4473.10,BEARISH,165.00,365.00,0.452055,1.034413,-8.4657,8.4657,4479.69052961,4479.44022781,4479.22000298,4479.25629731,-47.05,-18.39,-3.63,-0.0811,BEARISH,ALIGNED
2026.01.07 09:45_BUY,XAUUSD,PERIOD_M5,PERIOD_M15,2026.01.07 09:45:00,1767779100029,2026.01.07 09:45:00,BUY,OK,9,45,3,4458.92,4459.04,4458.98,12.0,0.2691,4453.31428396,4453.54136316,4454.43542717,4454.03033014,112.11,48.90,40.51,0.9085,0.9085,438.29,9.8293,0.027379,4459.01,4460.07,4456.66,4458.92,BEARISH,9.00,341.00,0.026393,0.778031,9.0462,9.0462,4461.44749767,4469.77942243,4461.20678361,4469.35356273,-24.07,-42.59,-814.68,-18.2705,BEARISH,COUNTER
2026.01.07 12:30_SELL,XAUUSD,PERIOD_M5,PERIOD_M15,2026.01.07 12:30:00,1767789000507,2026.01.07 12:30:00,SELL,OK,12,30,3,4459.88,4460.05,4459.97,17.0,0.3812,4464.21898855,4463.96485719,4463.35719084,4463.59623381,-86.18,-36.86,-23.90,-0.5360,0.5360,322.36,7.2278,0.052737,4464.36,4464.74,4458.79,4459.91,BEARISH,445.00,595.00,0.747899,1.845779,-10.9971,10.9971,4463.23018189,4467.75066271,4462.91397409,4467.44318574,-31.62,-30.75,-452.92,-10.1553,BEARISH,ALIGNED
2026.01.07 12:45_BUY,XAUUSD,PERIOD_M5,PERIOD_M15,2026.01.07 12:45:00,1767789900275,2026.01.07 12:45:00,BUY,OK,12,45,3,4466.08,4466.25,4466.16,17.0,0.3806,4463.67380214,4463.70176348,4464.15904171,4463.91978498,48.52,21.80,23.93,0.5357,0.5357,320.79,7.1826,0.052995,4464.78,4467.41,4464.70,4466.10,BULLISH,132.00,271.00,0.487085,0.844801,13.8792,13.8792,4462.91397409,4467.44318574,4463.21740513,4467.39051179,30.34,-5.27,-417.31,-9.3438,BEARISH,COUNTER
2026.01.07 13:15_SELL,XAUUSD,PERIOD_M5,PERIOD_M15,2026.01.07 13:15:00,1767791700254,2026.01.07 13:15:00,SELL,OK,13,15,3,4461.78,4461.95,4461.86,17.0,0.3810,4464.16208599,4464.09668712,4463.70566879,4463.89517011,-45.64,-20.15,-18.95,-0.4247,0.4247,284.07,6.3667,0.059844,4462.47,4463.27,4461.24,4461.88,BEARISH,59.00,203.00,0.290640,0.714609,-5.9133,5.9133,4463.34146178,4467.27794270,4463.20227495,4467.06625867,-13.92,-21.17,-386.40,-8.6600,BEARISH,ALIGNED
2026.01.07 16:05_BUY,XAUUSD,PERIOD_M5,PERIOD_M15,2026.01.07 16:05:00,1767801900023,2026.01.07 16:05:00,BUY,OK,16,5,3,4452.72,4452.76,4452.74,4.0,0.0898,4446.32855877,4446.48561759,4447.60684702,4447.05237962,127.83,56.68,55.45,1.2452,1.2452,758.57,17.0361,0.005273,4452.89,4454.34,4449.80,4452.72,BEARISH,17.00,454.00,0.037445,0.598493,12.3898,12.3898,4452.10823373,4460.23770345,4452.18268766,4459.94955822,7.45,-28.81,-776.69,-17.4429,BEARISH,COUNTER
2026.01.07 16:30_SELL,XAUUSD,PERIOD_M5,PERIOD_M15,2026.01.07 16:30:00,1767803400041,2026.01.07 16:30:00,SELL,OK,16,30,3,4444.65,4444.80,4444.73,15.0,0.3375,4447.60250054,4447.26524734,4447.01200043,4447.02749758,-59.05,-23.77,-1.55,-0.0349,0.0349,629.00,14.1516,0.023847,4445.49,4446.44,4442.79,4444.65,BEARISH,84.00,365.00,0.230137,0.580286,-5.7564,5.7564,4451.70909836,4459.44996770,4451.03680327,4458.86957681,-67.23,-58.04,-783.28,-17.6226,BEARISH,ALIGNED
2026.01.07 16:35_BUY,XAUUSD,PERIOD_M5,PERIOD_M15,2026.01.07 16:35:00,1767803700016,2026.01.07 16:35:00,BUY,OK,16,35,3,4449.39,4449.52,4449.45,13.0,0.2922,4447.01200043,4447.02749758,4447.50360034,4447.24954325,49.16,22.20,25.41,0.5710,0.5710,620.86,13.9536,0.020939,4444.65,4450.39,4440.75,4449.47,BULLISH,482.00,964.00,0.500000,1.552692,-0.8540,-0.8540,4451.70909836,4459.44996770,4451.03680327,4458.86957681,-67.23,-58.04,-783.28,-17.6039,BEARISH,COUNTER
2026.01.07 16:40_SELL,XAUUSD,PERIOD_M5,PERIOD_M15,2026.01.07 16:40:00,1767804000018,2026.01.07 16:40:00,SELL,OK,16,40,3,4441.04,4441.22,4441.13,18.0,0.4053,4447.50360034,4447.24954325,4446.21888028,4446.68867568,-128.47,-56.09,-46.98,-1.0578,1.0578,691.64,15.5736,0.026025,4449.39,4452.28,4435.79,4441.08,BEARISH,831.00,1649.00,0.503942,2.384178,-9.9202,9.9202,4451.70909836,4459.44996770,4451.03680327,4458.86957681,-67.23,-58.04,-783.28,-17.6369,BEARISH,ALIGNED
2026.01.07 18:00_BUY,XAUUSD,PERIOD_M5,PERIOD_M15,2026.01.07 18:00:00,1767808800043,2026.01.07 18:00:00,BUY,OK,18,0,3,4446.07,4446.23,4446.15,16.0,0.3599,4442.56049278,4442.67945673,4443.26439422,4442.98859703,70.39,30.91,27.58,0.6203,0.6203,781.29,17.5722,0.020479,4442.98,4446.24,4441.88,4446.08,BULLISH,310.00,436.00,0.711009,0.558054,8.8471,8.8471,4446.66657495,4455.44748422,4446.61071067,4455.08013190,-5.59,-36.74,-846.94,-19.0489,BEARISH,COUNTER
2026.01.07 20:05_SELL,XAUUSD,PERIOD_M5,PERIOD_M15,2026.01.07 20:05:00,1767816300014,2026.01.07 20:05:00,SELL,OK,20,5,3,4450.59,4450.74,4450.66,15.0,0.3370,4456.86176333,4456.76500570,4455.60741066,4456.20364155,-125.44,-56.14,-59.62,-1.3396,1.3396,388.71,8.7338,0.038589,4452.01,4452.98,4448.18,4450.59,BEARISH,142.00,480.00,0.295833,1.234840,-14.5387,14.5387,4452.92625144,4456.04342910,4452.83898940,4455.88525541,-8.73,-15.82,-304.63,-6.8445,BEARISH,ALIGNED
2026.01.07 21:55_BUY,XAUUSD,PERIOD_M5,PERIOD_M15,2026.01.07 21:55:00,1767822900076,2026.01.07 21:55:00,BUY,OK,21,55,3,4457.63,4457.67,4457.65,4.0,0.0897,4452.76912529,4453.07328164,4453.74130023,4453.48752876,97.22,41.42,25.38,0.5693,0.5693,377.79,8.4750,0.010588,4453.12,4457.78,4452.42,4457.63,BULLISH,451.00,536.00,0.841418,1.418794,5.8361,5.8361,4452.32211010,4455.00228714,4452.41429009,4454.93513862,9.22,-6.71,-252.08,-5.6551,BEARISH,COUNTER
2026.01.07 23:10_SELL,XAUUSD,PERIOD_M5,PERIOD_M15,2026.01.07 23:10:00,1767827400165,2026.01.07 23:10:00,SELL,OK,23,10,3,4452.91,4453.18,4453.05,27.0,0.6063,4455.93651929,4455.88262767,4455.33121544,4455.61238879,-60.53,-27.02,-28.12,-0.6314,0.6314,355.57,7.9849,0.075934,4453.39,4453.64,4452.12,4452.91,BEARISH,48.00,152.00,0.315789,0.427481,-12.9410,12.9410,4454.09129806,4455.31572527,4453.89879349,4455.18844193,-19.25,-12.73,-128.96,-2.8961,BEARISH,ALIGNED
2026.01.08 01:05_BUY,XAUUSD,PERIOD_M5,PERIOD_M15,2026.01.08 01:05:00,1767834300018,2026.01.08 01:05:00,BUY,OK,1,5,4,4462.12,4462.39,4462.26,27.0,0.6051,4454.44257712,4454.64343999,4455.96006170,4455.31494545,151.75,67.15,64.51,1.4457,1.4457,277.50,6.2188,0.097297,4456.15,4462.57,4456.15,4462.03,BULLISH,588.00,642.00,0.915888,2.313514,20.4360,20.4360,4453.69772859,4454.95645147,4453.93127825,4455.00325730,23.35,4.68,-107.20,-2.4023,BEARISH,COUNTER
2026.01.08 02:40_SELL,XAUUSD,PERIOD_M5,PERIOD_M15,2026.01.08 02:40:00,1767840000064,2026.01.08 02:40:00,SELL,OK,2,40,4,4454.06,4454.10,4454.08,4.0,0.0898,4460.63809123,4460.28896329,4459.32247298,4459.72269390,-131.56,-56.63,-40.02,-0.8985,0.8985,309.71,6.9535,0.012915,4457.95,4457.95,4451.64,4454.06,BEARISH,389.00,631.00,0.616482,2.037362,-10.0929,10.0929,4457.40490303,4456.37962878,4457.36729322,4456.40434922,-3.76,2.47,96.29,2.1619,BULLISH,COUNTER
2026.01.08 08:45_BUY,XAUUSD,PERIOD_M5,PERIOD_M15,2026.01.08 08:45:00,1767861900105,2026.01.08 08:45:00,BUY,OK,8,45,4,4435.77,4435.92,4435.85,15.0,0.3382,4426.92139193,4427.07142793,4428.69111355,4427.86220721,176.97,79.08,82.89,1.8687,1.8687,650.36,14.6614,0.023064,4434.84,4436.55,4433.90,4435.77,BULLISH,93.00,265.00,0.350943,0.407468,21.8477,21.8477,4434.72420623,4443.94380942,4434.82380564,4443.62326787,9.96,-32.05,-879.95,-19.8372,BEARISH,COUNTER
2026.01.08 10:05_SELL,XAUUSD,PERIOD_M5,PERIOD_M15,2026.01.08 10:05:00,1767866700025,2026.01.08 10:05:00,SELL,OK,10,5,4,4425.75,4425.94,4425.84,19.0,0.4293,4432.33791981,4431.88336660,4431.03233585,4431.33124236,-130.56,-55.21,-29.89,-0.6754,0.6754,425.79,9.6204,0.044623,4430.96,4431.77,4425.81,4425.81,BEARISH,515.00,596.00,0.864094,1.399765,-8.4659,8.4659,4434.63387917,4442.24364085,4434.28398591,4441.80114513,-34.99,-44.25,-751.72,-16.9847,BEARISH,ALIGNED
2026.01.08 11:10_BUY,XAUUSD,PERIOD_M5,PERIOD_M15,2026.01.08 11:10:00,1767870600130,2026.01.08 11:10:00,BUY,OK,11,10,4,4432.88,4433.05,4432.97,17.0,0.3835,4427.82206153,4428.40429177,4428.83364922,4428.81117434,101.16,40.69,2.25,0.0507,0.0507,504.43,11.3790,0.033702,4431.42,4434.56,4430.92,4432.88,BULLISH,146.00,364.00,0.401099,0.721609,11.7895,11.7895,4431.73250614,4439.84941692,4431.72464841,4439.52787116,-0.79,-32.15,-780.32,-17.6027,BEARISH,COUNTER
2026.01.08 11:20_SELL,XAUUSD,PERIOD_M5,PERIOD_M15,2026.01.08 11:20:00,1767871200003,2026.01.08 11:20:00,SELL,OK,11,20,4,4426.51,4426.61,4426.56,10.0,0.2259,4429.25691938,4429.00561303,4428.74153550,4428.79419367,-51.54,-21.14,-5.27,-0.1190,0.1190,482.57,10.9017,0.020722,4430.95,4431.33,4426.08,4426.68,BEARISH,427.00,525.00,0.813333,1.087922,-10.7189,10.7189,4431.72464841,4439.52787116,4431.65087238,4439.19148405,-7.38,-33.64,-754.06,-17.0349,BEARISH,ALIGNED
2026.01.08 11:30_BUY,XAUUSD,PERIOD_M5,PERIOD_M15,2026.01.08 11:30:00,1767871800018,2026.01.08 11:30:00,BUY,OK,11,30,4,4430.37,4430.43,4430.40,6.0,0.1354,4428.51322840,4428.68563061,4428.88458272,4428.83875510,37.14,15.31,4.58,0.1034,0.1034,437.21,9.8685,0.013723,4427.60,4431.16,4427.56,4430.37,BULLISH,277.00,360.00,0.769444,0.823395,-1.3090,-1.3090,4431.65087238,4439.19148405,4431.52888453,4438.84554350,-12.20,-34.59,-731.67,-16.5147,BEARISH,COUNTER
2026.01.08 12:20_SELL,XAUUSD,PERIOD_M5,PERIOD_M15,2026.01.08 12:20:00,1767874800039,2026.01.08 12:20:00,SELL,OK,12,20,4,4424.39,4424.53,4424.46,14.0,0.3164,4430.44534514,4430.17728291,4429.23427611,4429.65116628,-121.11,-52.61,-41.69,-0.9422,0.9422,342.71,7.7459,0.040850,4429.35,4430.68,4424.31,4424.39,BEARISH,496.00,637.00,0.778650,1.858691,-13.0920,13.0920,4431.78137713,4438.39062282,4431.54981741,4438.03608859,-23.16,-35.45,-648.63,-14.6600,BEARISH,ALIGNED
2026.01.08 12:45_BUY,XAUUSD,PERIOD_M5,PERIOD_M15,2026.01.08 12:45:00,1767876300247,2026.01.08 12:45:00,BUY,OK,12,45,4,4432.61,4432.77,4432.69,16.0,0.3610,4429.23906349,4429.39294193,4429.91325080,4429.68540176,67.42,29.25,22.78,0.5140,0.5140,340.43,7.6800,0.047000,4432.20,4434.88,4431.99,4432.61,BULLISH,41.00,289.00,0.141869,0.848930,17.9901,17.9901,4430.89269194,4437.51114394,4431.05624509,4437.31894222,16.36,-19.22,-626.27,-14.1284,BEARISH,COUNTER
2026.01.08 13:20_SELL,XAUUSD,PERIOD_M5,PERIOD_M15,2026.01.08 13:20:00,1767878400132,2026.01.08 13:20:00,SELL,OK,13,20,4,4428.81,4428.98,4428.90,17.0,0.3838,4430.29905634,4430.13063737,4430.00124507,4430.01057943,-29.78,-12.01,-0.93,-0.0211,0.0211,349.29,7.8865,0.048671,4428.31,4429.56,4427.05,4428.81,BULLISH,50.00,251.00,0.199203,0.718609,-7.5133,7.5133,4431.26898365,4437.16094448,4430.98812806,4436.81424078,-28.09,-34.67,-582.61,-13.1548,BEARISH,ALIGNED
2026.01.08 14:50_BUY,XAUUSD,PERIOD_M5,PERIOD_M15,2026.01.08 14:50:00,1767883800008,2026.01.08 14:50:00,BUY,OK,14,50,4,4428.51,4428.63,4428.57,12.0,0.2710,4423.10410138,4423.75048561,4424.18928111,4424.18498692,108.52,43.45,0.43,0.0097,0.0097,527.43,11.9097,0.022752,4429.03,4430.35,4426.67,4428.53,BEARISH,50.00,368.00,0.135870,0.697725,10.1943,10.1943,4427.14080197,4434.04092142,4427.32263035,4433.84519901,18.18,-19.57,-652.26,-14.7284,BEARISH,COUNTER
2026.01.08 15:10_SELL,XAUUSD,PERIOD_M5,PERIOD_M15,2026.01.08 15:10:00,1767885000010,2026.01.08 15:10:00,SELL,OK,15,10,4,4418.68,4418.82,4418.75,14.0,0.3168,4425.07171193,4424.67415245,4423.79336954,4424.12922950,-127.83,-54.49,-33.59,-0.7601,0.7601,570.93,12.9206,0.024521,4423.81,4424.02,4418.21,4418.68,BEARISH,513.00,581.00,0.882960,1.017640,-19.3574,19.3574,4427.32263035,4433.84519901,4427.36142746,4433.60538728,3.88,-23.98,-624.40,-14.1306,BEARISH,ALIGNED
2026.01.08 15:25_BUY,XAUUSD,PERIOD_M5,PERIOD_M15,2026.01.08 15:25:00,1767885900026,2026.01.08 15:25:00,BUY,OK,15,25,4,4432.23,4432.27,4432.25,4.0,0.0902,4423.66335651,4423.97928058,4425.37668521,4424.72934598,171.33,75.01,64.73,1.4605,1.4605,543.64,12.2656,0.007358,4425.77,4433.13,4425.77,4432.23,BULLISH,646.00,736.00,0.877717,1.353830,30.6653,30.6653,4427.36142746,4433.60538728,4426.70891056,4433.09184268,-65.25,-51.35,-638.29,-14.4011,BEARISH,COUNTER
2026.01.08 16:15_SELL,XAUUSD,PERIOD_M5,PERIOD_M15,2026.01.08 16:15:00,1767888900003,2026.01.08 16:15:00,SELL,OK,16,15,4,4423.48,4423.58,4423.53,10.0,0.2261,4426.10553228,4426.10444568,4425.58042582,4425.86585971,-52.51,-23.86,-28.54,-0.6453,0.6453,628.79,14.2146,0.015904,4423.76,4428.05,4422.22,4423.48,BEARISH,28.00,583.00,0.048027,0.927184,-0.7234,0.7234,4427.61316462,4432.78889793,4427.21952989,4432.42384311,-39.36,-36.51,-520.43,-11.7651,BEARISH,ALIGNED
2026.01.08 16:25_BUY,XAUUSD,PERIOD_M5,PERIOD_M15,2026.01.08 16:25:00,1767889500014,2026.01.08 16:25:00,BUY,OK,16,25,4,4429.00,4429.10,4429.05,10.0,0.2258,4425.93834066,4426.00259974,4426.55267253,4426.27599976,61.43,27.34,27.67,0.6247,0.6247,681.79,15.3935,0.014667,4427.37,4429.16,4420.60,4429.01,BULLISH,164.00,856.00,0.191589,1.255526,11.8677,11.8677,4427.61316462,4432.78889793,4427.21952989,4432.42384311,-39.36,-36.51,-520.43,-11.7504,BEARISH,COUNTER
2026.01.08 20:20_SELL,XAUUSD,PERIOD_M5,PERIOD_M15,2026.01.08 20:20:00,1767903600015,2026.01.08 20:20:00,SELL,OK,20,20,4,4453.29,4453.37,4453.33,8.0,0.1796,4458.53929036,4457.97278508,4457.48943228,4457.54707735,-104.99,-42.57,-5.76,-0.1294,0.1294,326.93,7.3412,0.024470,4453.94,4456.57,4453.28,4453.29,BEARISH,65.00,329.00,0.197568,1.006336,-10.0723,10.0723,4448.84207488,4441.51859369,4449.32663918,4442.00531550,48.46,48.67,732.13,16.4401,BULLISH,COUNTER
2026.01.08 22:05_BUY,XAUUSD,PERIOD_M5,PERIOD_M15,2026.01.08 22:05:00,1767909900033,2026.01.08 22:05:00,BUY,OK,22,5,4,4458.06,4458.26,4458.16,20.0,0.4486,4450.99131632,4451.62529745,4452.40505305,4452.21027041,141.37,58.50,19.48,0.4369,0.4369,292.86,6.5690,0.068293,4452.08,4458.07,4451.47,4458.06,BULLISH,598.00,660.00,0.906061,2.253659,14.9391,14.9391,4449.60825625,4443.71769043,4449.84746994,4444.04719276,23.92,32.95,580.03,13.0105,BULLISH,ALIGNED
2026.01.09 02:20_SELL,XAUUSD,PERIOD_M5,PERIOD_M15,2026.01.09 02:20:00,1767925200050,2026.01.09 02:20:00,SELL,OK,2,20,5,4471.76,4471.96,4471.86,20.0,0.4472,4474.70459488,4474.50040084,4474.11567590,4474.25127349,-58.89,-24.91,-13.56,-0.3032,0.3032,250.86,5.6097,0.079727,4471.61,4472.77,4470.42,4471.76,BULLISH,15.00,235.00,0.063830,0.936788,-6.5256,6.5256,4467.41249668,4455.63523159,4467.81225890,4456.26169310,39.98,62.65,1155.06,25.8294,BULLISH,COUNTER
2026.01.09 04:05_BUY,XAUUSD,PERIOD_M5,PERIOD_M15,2026.01.09 04:05:00,1767931500034,2026.01.09 04:05:00,BUY,OK,4,5,5,4475.44,4475.66,4475.55,22.0,0.4916,4463.49506392,4464.17001926,4465.88405113,4465.19456297,238.90,102.45,68.95,1.5406,1.5406,521.21,11.6458,0.042209,4468.90,4475.88,4468.81,4475.44,BULLISH,654.00,707.00,0.925035,1.356448,23.9207,23.9207,4465.25724613,4457.56992335,4465.60512745,4458.01463224,34.79,44.47,759.05,16.9599,BULLISH,ALIGNED
2026.01.09 05:15_SELL,XAUUSD,PERIOD_M5,PERIOD_M15,2026.01.09 05:15:00,1767935700009,2026.01.09 05:15:00,SELL,OK,5,15,5,4464.31,4464.51,4464.41,20.0,0.4480,4468.39480053,4468.27004816,4467.57784043,4467.91004378,-81.70,-36.00,-33.22,-0.7441,0.7441,409.93,9.1821,0.048789,4465.36,4465.46,4462.29,4464.31,BEARISH,105.00,317.00,0.331230,0.773305,-11.5450,11.5450,4467.59024056,4460.03438025,4467.27783670,4460.20205162,-31.24,16.77,707.58,15.8493,BULLISH,COUNTER
2026.01.09 07:35_BUY,XAUUSD,PERIOD_M5,PERIOD_M15,2026.01.09 07:35:00,1767944100036,2026.01.09 07:35:00,BUY,OK,7,35,5,4470.94,4471.12,4471.03,18.0,0.4026,4463.06494528,4463.64290687,4464.63995622,4464.30627897,157.50,66.34,33.37,0.7463,0.7463,324.64,7.2610,0.055446,4464.67,4470.94,4464.48,4470.94,BULLISH,627.00,646.00,0.970588,1.989879,16.2422,16.2422,4465.17266220,4461.09379641,4465.12098009,4461.23247106,-5.17,13.87,388.85,8.6971,BULLISH,ALIGNED
2026.01.09 10:40_SELL,XAUUSD,PERIOD_M5,PERIOD_M15,2026.01.09 10:40:00,1767955200030,2026.01.09 10:40:00,SELL,OK,10,40,5,4466.73,4466.92,4466.82,19.0,0.4254,4472.41335417,4471.97757496,4471.27668333,4471.50052269,-113.67,-47.71,-22.38,-0.5011,0.5011,339.71,7.6053,0.055929,4470.38,4470.40,4466.49,4466.73,BEARISH,365.00,391.00,0.933504,1.150967,-16.2718,16.2718,4469.46084895,4464.85458682,4469.82362524,4465.18460302,36.28,33.00,463.90,10.3855,BULLISH,COUNTER
2026.01.09 11:15_BUY,XAUUSD,PERIOD_M5,PERIOD_M15,2026.01.09 11:15:00,1767957300002,2026.01.09 11:15:00,BUY,OK,11,15,5,4474.74,4474.93,4474.84,19.0,0.4246,4469.79802144,4470.36106872,4470.78641715,4470.75915338,98.84,39.81,2.73,0.0609,0.0609,315.36,7.0473,0.060249,4471.46,4474.99,4471.46,4474.74,BULLISH,328.00,353.00,0.929178,1.119366,13.8075,13.8075,4469.44024651,4465.37672121,4469.94498494,4465.74390861,50.47,36.72,420.11,9.3882,BULLISH,ALIGNED
2026.01.09 12:30_SELL,XAUUSD,PERIOD_M5,PERIOD_M15,2026.01.09 12:30:00,1767961800054,2026.01.09 12:30:00,SELL,OK,12,30,5,4469.07,4469.25,4469.16,18.0,0.4028,4472.35990872,4472.11999842,4471.70192698,4471.84272584,-65.80,-27.73,-14.08,-0.3150,0.3150,245.57,5.4948,0.073298,4471.67,4471.93,4469.07,4469.07,BEARISH,260.00,286.00,0.909091,1.164631,-6.5742,6.5742,4470.66394189,4466.69375801,4470.51213790,4466.78694397,-15.18,9.32,372.52,8.3353,BULLISH,COUNTER
2026.01.09 13:05_BUY,XAUUSD,PERIOD_M5,PERIOD_M15,2026.01.09 13:05:00,1767963900127,2026.01.09 13:05:00,BUY,OK,13,5,5,4473.70,4473.88,4473.79,18.0,0.4023,4471.07936979,4471.33716325,4471.60349583,4471.55196659,52.41,21.48,5.15,0.1152,0.1152,258.71,5.7829,0.069575,4472.62,4474.75,4472.62,4473.70,BULLISH,108.00,213.00,0.507042,0.823302,11.2337,11.2337,4470.38812477,4466.88196578,4470.60068431,4467.10698673,21.26,22.50,349.37,7.8093,BULLISH,ALIGNED
2026.01.09 13:10_SELL,XAUUSD,PERIOD_M5,PERIOD_M15,2026.01.09 13:10:00,1767964200029,2026.01.09 13:10:00,SELL,OK,13,10,5,4470.25,4470.41,4470.33,16.0,0.3579,4471.60349583,4471.55196659,4471.33279666,4471.43360599,-27.07,-11.84,-10.08,-0.2255,0.2255,276.14,6.1772,0.057941,4473.70,4474.13,4469.92,4470.25,BEARISH,345.00,421.00,0.819477,1.524573,-3.1979,3.1979,4470.38812477,4466.88196578,4470.60068431,4467.10698673,21.26,22.50,349.37,7.8153,BULLISH,COUNTER
2026.01.09 13:20_BUY,XAUUSD,PERIOD_M5,PERIOD_M15,2026.01.09 13:20:00,1767964800010,2026.01.09 13:20:00,BUY,OK,13,20,5,4472.28,4472.44,4472.36,16.0,0.3578,4471.48623733,4471.49418726,4471.64498986,4471.56562478,15.88,7.14,7.94,0.1775,0.1775,258.43,5.7783,0.061913,4472.10,4473.00,4471.53,4472.28,BULLISH,18.00,147.00,0.122449,0.568823,-3.1741,-3.1741,4470.60068431,4467.10698673,4470.74347628,4467.30279117,14.28,19.58,344.07,7.6932,BULLISH,ALIGNED
2026.01.09 13:35_SELL,XAUUSD,PERIOD_M5,PERIOD_M15,2026.01.09 13:35:00,1767965700163,2026.01.09 13:35:00,SELL,OK,13,35,5,4470.79,4470.94,4470.86,15.0,0.3355,4471.55919351,4471.54729321,4471.40535481,4471.47844837,-15.38,-6.88,-7.31,-0.1635,0.1635,245.79,5.4975,0.061029,4470.66,4471.33,4469.26,4470.79,BULLISH,13.00,207.00,0.062802,0.842197,-3.3316,3.3316,4470.74347628,4467.30279117,4470.73552616,4467.43444642,-0.80,13.17,330.11,7.3835,BULLISH,COUNTER
2026.01.09 13:50_BUY,XAUUSD,PERIOD_M5,PERIOD_M15,2026.01.09 13:50:00,1767966600073,2026.01.09 13:50:00,BUY,OK,13,50,5,4472.33,4472.49,4472.41,16.0,0.3577,4471.33222708,4471.43723006,4471.53178166,4471.51839096,19.96,8.12,1.34,0.0299,0.0299,241.71,5.4046,0.066194,4470.66,4472.40,4468.73,4472.33,BULLISH,167.00,367.00,0.455041,1.518322,3.4446,3.4446,4470.73552616,4467.43444642,4470.72833319,4467.56093872,-0.72,12.65,316.74,7.0821,BULLISH,ALIGNED
2026.01.09 14:30_SELL,XAUUSD,PERIOD_M5,PERIOD_M15,2026.01.09 14:30:00,1767969000039,2026.01.09 14:30:00,SELL,OK,14,30,5,4467.70,4467.88,4467.79,18.0,0.4029,4473.48391399,4472.90852121,4472.33113120,4472.43683747,-115.28,-47.17,-10.57,-0.2366,0.2366,291.00,6.5133,0.061856,4470.67,4471.19,4467.04,4467.72,BEARISH,295.00,415.00,0.710843,1.426117,-14.5500,14.5500,4471.46264917,4468.11707569,4471.10620639,4468.10150409,-35.64,-1.56,300.47,6.7253,BULLISH,COUNTER
2026.01.09 15:35_BUY,XAUUSD,PERIOD_M5,PERIOD_M15,2026.01.09 15:35:00,1767972900013,2026.01.09 15:35:00,BUY,OK,15,35,5,4487.04,4487.23,4487.14,19.0,0.4234,4469.12399272,4469.48812989,4472.70719418,4471.08375444,358.32,159.56,162.34,3.6180,3.6180,689.07,15.3566,0.027573,4472.57,4488.56,4458.95,4487.04,BULLISH,1447.00,2961.00,0.488686,4.297087,52.2209,52.2209,4469.93714174,4467.92799945,4470.18789014,4468.11003868,25.07,18.20,207.79,4.6307,BULLISH,ALIGNED
2026.01.09 19:50_SELL,XAUUSD,PERIOD_M5,PERIOD_M15,2026.01.09 19:50:00,1767988200071,2026.01.09 19:50:00,SELL,OK,19,50,5,4497.72,4497.92,4497.82,20.0,0.4447,4505.56954504,4505.19392915,4503.99963604,4504.51448105,-156.99,-67.94,-51.48,-1.1447,1.1447,440.14,9.7857,0.045440,4501.97,4503.35,4497.04,4497.72,BEARISH,425.00,631.00,0.673534,1.433625,-22.9588,22.9588,4496.10348268,4483.65568027,4496.66124623,4484.37349673,55.78,71.78,1228.77,27.3193,BULLISH,COUNTER
2026.01.09 21:30_BUY,XAUUSD,PERIOD_M5,PERIOD_M15,2026.01.09 21:30:00,1767994200018,2026.01.09 21:30:00,BUY,OK,21,30,5,4498.87,4499.04,4498.95,17.0,0.3779,4497.68458813,4497.71408210,4497.92167050,4497.81916555,23.71,10.51,10.25,0.2278,0.2278,422.36,9.3879,0.040250,4501.52,4501.68,4498.09,4498.87,BEARISH,265.00,359.00,0.738162,0.849992,3.9359,3.9359,4495.78096398,4486.49652590,4496.07515789,4486.98176018,29.42,48.52,909.34,20.2122,BULLISH,ALIGNED
2026.01.12 04:25_SELL,XAUUSD,PERIOD_M5,PERIOD_M15,2026.01.12 04:25:00,1768191900156,2026.01.12 04:25:00,SELL,OK,4,25,1,4567.40,4567.55,4567.48,15.0,0.3284,4571.10560507,4570.91252262,4570.36448406,4570.59320238,-74.11,-31.93,-22.87,-0.5008,0.5008,690.07,15.1084,0.021737,4568.47,4570.23,4566.26,4567.40,BEARISH,107.00,397.00,0.269521,0.575303,-1.6199,1.6199,4548.55911463,4520.74260900,4550.32015133,4522.55858511,176.10,181.60,2776.16,60.7810,BULLISH,COUNTER
2026.01.12 04:45_BUY,XAUUSD,PERIOD_M5,PERIOD_M15,2026.01.12 04:45:00,1768193100045,2026.01.12 04:45:00,BUY,OK,4,45,1,4578.77,4578.97,4578.87,20.0,0.4368,4570.46405584,4570.50946836,4572.11924467,4571.25769851,165.52,74.82,86.15,1.8816,1.8816,633.57,13.8369,0.031567,4573.60,4579.11,4573.23,4578.74,BULLISH,514.00,588.00,0.874150,0.928072,27.6164,27.6164,4551.82585121,4524.26726805,4554.38910347,4526.40345362,256.33,213.62,2798.56,61.1191,BULLISH,ALIGNED
2026.01.12 06:00_SELL,XAUUSD,PERIOD_M5,PERIOD_M15,2026.01.12 06:00:00,1768197600009,2026.01.12 06:00:00,SELL,OK,6,0,1,4570.68,4570.89,4570.78,21.0,0.4594,4574.92138008,4574.75487632,4574.06910406,4574.38261484,-85.23,-37.23,-31.35,-0.6859,0.6859,403.79,8.8341,0.052008,4573.26,4573.96,4569.36,4570.66,BEARISH,260.00,460.00,0.565217,1.139218,-4.7017,4.7017,4561.96242653,4533.95058591,4562.79076686,4535.39017077,82.83,143.96,2740.06,59.9472,BULLISH,COUNTER
2026.01.12 07:30_BUY,XAUUSD,PERIOD_M5,PERIOD_M15,2026.01.12 07:30:00,1768203000080,2026.01.12 07:30:00,BUY,OK,7,30,1,4572.53,4572.72,4572.63,19.0,0.4155,4570.22428965,4570.32542090,4570.68743172,4570.52674627,46.31,20.13,16.07,0.3514,0.3514,331.50,7.2497,0.057315,4572.63,4573.96,4571.45,4572.54,BEARISH,9.00,251.00,0.035857,0.757164,5.2734,5.2734,4565.17647822,4541.44942859,4565.87776601,4542.66866669,70.13,121.92,2320.91,50.7566,BULLISH,ALIGNED
2026.01.12 12:35_SELL,XAUUSD,PERIOD_M5,PERIOD_M15,2026.01.12 12:35:00,1768221300028,2026.01.12 12:35:00,SELL,OK,12,35,1,4587.52,4587.67,4587.60,15.0,0.3270,4591.33639269,4591.09013791,4590.57311415,4590.76557992,-76.33,-32.46,-19.25,-0.4195,0.4195,390.21,8.5059,0.038440,4592.44,4594.61,4586.74,4587.52,BEARISH,492.00,787.00,0.625159,2.016841,-3.7261,3.7261,4585.04631588,4566.01708633,4585.75047627,4567.05327902,70.42,103.62,1869.72,40.7560,BULLISH,COUNTER
2026.01.12 12:50_BUY,XAUUSD,PERIOD_M5,PERIOD_M15,2026.01.12 12:50:00,1768222200092,2026.01.12 12:50:00,BUY,OK,12,50,1,4592.34,4592.48,4592.41,14.0,0.3049,4590.63439306,4590.77378506,4590.96751445,4590.91253187,33.31,13.87,5.50,0.1197,0.1197,413.93,9.0133,0.033822,4589.77,4593.20,4589.54,4592.30,BULLISH,253.00,366.00,0.691257,0.884211,10.4196,10.4196,4585.75047627,4567.05327902,4586.13328806,4567.94413082,38.28,89.09,1818.92,39.6070,BULLISH,ALIGNED
2026.01.12 13:25_SELL,XAUUSD,PERIOD_M5,PERIOD_M15,2026.01.12 13:25:00,1768224300041,2026.01.12 13:25:00,SELL,OK,13,25,1,4588.22,4588.40,4588.31,18.0,0.3923,4591.52735547,4591.40124243,4590.86988437,4591.11385675,-65.75,-28.74,-24.40,-0.5317,0.5317,352.21,7.6763,0.051105,4589.87,4590.08,4586.59,4588.24,BEARISH,163.00,349.00,0.467049,0.990874,-8.4710,8.4710,4586.90345110,4568.97455707,4587.29550338,4569.83908424,39.21,86.45,1745.64,38.0454,BULLISH,COUNTER
2026.01.12 15:00_BUY,XAUUSD,PERIOD_M5,PERIOD_M15,2026.01.12 15:00:00,1768230000020,2026.01.12 15:00:00,BUY,OK,15,0,1,4590.45,4590.57,4590.51,12.0,0.2614,4585.76733922,4586.32738943,4586.70387138,4586.70217221,93.65,37.48,0.17,0.0037,0.0037,323.64,7.0503,0.037078,4588.76,4590.67,4587.63,4590.45,BULLISH,169.00,304.00,0.555921,0.939307,9.2888,9.2888,4586.44639065,4573.18906329,4586.82768677,4573.86596277,38.13,67.69,1296.17,28.2359,BULLISH,ALIGNED
2026.01.12 16:30_SELL,XAUUSD,PERIOD_M5,PERIOD_M15,2026.01.12 16:30:00,1768235400012,2026.01.12 16:30:00,SELL,OK,16,30,1,4586.56,4586.61,4586.59,5.0,0.1090,4601.81899962,4600.94556092,4598.76719970,4599.63778265,-305.18,-130.78,-87.06,-1.8981,1.8981,737.14,16.0717,0.006783,4596.96,4597.73,4584.92,4586.56,BEARISH,1040.00,1281.00,0.811866,1.737791,-21.4298,21.4298,4594.52574587,4579.78606694,4593.76710341,4580.05171138,-75.86,26.56,1371.54,29.9033,BULLISH,COUNTER
2026.01.12 16:40_BUY,XAUUSD,PERIOD_M5,PERIOD_M15,2026.01.12 16:40:00,1768236000035,2026.01.12 16:40:00,BUY,OK,16,40,1,4610.79,4610.93,4610.86,14.0,0.3036,4598.63175976,4599.49707514,4601.06340781,4600.52370467,243.16,102.66,53.97,1.1705,1.1705,908.79,19.7097,0.015405,4598.09,4611.41,4592.24,4610.79,BULLISH,1270.00,1917.00,0.662493,2.109408,30.1942,30.1942,4594.52574587,4579.78606694,4593.76710341,4580.05171138,-75.86,26.56,1371.54,29.7458,BULLISH,ALIGNED
2026.01.12 19:10_SELL,XAUUSD,PERIOD_M5,PERIOD_M15,2026.01.12 19:10:00,1768245000002,2026.01.12 19:10:00,SELL,OK,19,10,1,4614.19,4614.39,4614.29,20.0,0.4334,4617.58376833,4617.50404856,4616.90501467,4617.20277141,-67.88,-30.13,-29.78,-0.6453,0.6453,491.50,10.6517,0.040692,4615.96,4617.55,4613.66,4614.19,BEARISH,177.00,389.00,0.455013,0.791455,-5.9780,5.9780,4607.98468888,4591.26393777,4608.83948041,4592.27162648,85.48,100.77,1656.79,35.9055,BULLISH,COUNTER
2026.01.12 21:25_BUY,XAUUSD,PERIOD_M5,PERIOD_M15,2026.01.12 21:25:00,1768253100024,2026.01.12 21:25:00,BUY,OK,21,25,1,4614.81,4614.99,4614.90,18.0,0.3900,4611.16251249,4611.36914466,4611.89200999,4611.68194969,72.95,31.28,21.01,0.4552,0.4552,423.64,9.1799,0.042489,4614.50,4614.93,4612.67,4614.81,BULLISH,31.00,226.00,0.137168,0.533468,5.7674,5.7674,4609.94928272,4597.47397706,4610.31506532,4598.11382110,36.58,63.98,1220.12,26.4388,BULLISH,ALIGNED
2026.01.12 22:05_SELL,XAUUSD,PERIOD_M5,PERIOD_M15,2026.01.12 22:05:00,1768255500020,2026.01.12 22:05:00,SELL,OK,22,5,1,4604.07,4604.27,4604.17,20.0,0.4344,4613.45849410,4612.98860535,4611.58079528,4612.17782304,-187.77,-81.08,-59.70,-1.2967,1.2967,344.14,7.4746,0.058115,4611.24,4611.69,4603.30,4604.07,BEARISH,717.00,839.00,0.854589,2.437941,-19.7261,19.7261,4611.46425982,4599.53959418,4611.44290174,4599.99843362,-2.14,45.88,1144.45,24.8567,BULLISH,COUNTER
2026.01.13 02:20_BUY,XAUUSD,PERIOD_M5,PERIOD_M15,2026.01.13 02:20:00,1768270800155,2026.01.13 02:20:00,BUY,OK,2,20,2,4594.64,4594.85,4594.75,21.0,0.4570,4592.09522762,4592.23930986,4592.60418209,4592.45755442,50.90,21.82,14.66,0.3191,0.3191,604.36,13.1532,0.034748,4592.91,4595.90,4591.99,4594.64,BULLISH,173.00,391.00,0.442455,0.646968,0.0218,0.0218,4597.71899905,4597.10577759,4597.26099914,4596.94123729,-45.80,-16.45,31.98,0.6959,BULLISH,ALIGNED
2026.01.13 02:30_SELL,XAUUSD,PERIOD_M5,PERIOD_M15,2026.01.13 02:30:00,1768271400116,2026.01.13 02:30:00,SELL,OK,2,30,2,4588.31,4588.53,4588.42,22.0,0.4795,4592.59934568,4592.46868584,4591.74147654,4592.09062349,-85.79,-37.81,-34.91,-0.7609,0.7609,487.86,10.6324,0.045095,4592.53,4592.56,4588.19,4588.31,BEARISH,422.00,437.00,0.965675,0.895754,-10.0154,10.0154,4597.26099914,4596.94123729,4596.40852303,4596.60275740,-85.25,-33.85,-19.42,-0.4233,BEARISH,ALIGNED
2026.01.13 04:45_BUY,XAUUSD,PERIOD_M5,PERIOD_M15,2026.01.13 04:45:00,1768279500029,2026.01.13 04:45:00,BUY,OK,4,45,2,4589.23,4589.45,4589.34,22.0,0.4794,4585.76638401,4585.81770767,4586.45910721,4586.12791607,69.27,31.02,33.12,0.7217,0.7217,501.36,10.9244,0.043881,4588.26,4590.31,4586.88,4589.23,BULLISH,97.00,343.00,0.282799,0.684143,11.9334,11.9334,4589.86318094,4593.35663854,4589.80287800,4593.19480958,-6.03,-16.18,-339.19,-7.3909,BEARISH,COUNTER
2026.01.13 07:40_SELL,XAUUSD,PERIOD_M5,PERIOD_M15,2026.01.13 07:40:00,1768290000012,2026.01.13 07:40:00,SELL,OK,7,40,2,4590.72,4590.85,4590.78,13.0,0.2832,4596.09673950,4595.86389935,4595.02139160,4595.39627213,-107.53,-46.76,-37.49,-0.8166,0.8166,398.93,8.6898,0.032587,4590.94,4591.83,4586.34,4590.72,BEARISH,22.00,549.00,0.040073,1.376186,-16.1370,16.1370,4593.80862463,4594.14826749,4594.53446991,4594.43382563,72.58,28.56,10.06,0.2192,BULLISH,COUNTER
2026.01.13 10:20_BUY,XAUUSD,PERIOD_M5,PERIOD_M15,2026.01.13 10:20:00,1768299600015,2026.01.13 10:20:00,BUY,OK,10,20,2,4587.23,4587.39,4587.31,16.0,0.3488,4583.95637077,4584.13614805,4584.61109661,4584.41740732,65.47,28.13,19.37,0.4222,0.4222,368.93,8.0424,0.043369,4587.77,4587.86,4584.87,4587.23,BEARISH,54.00,299.00,0.180602,0.810455,4.7109,4.7109,4587.77198862,4591.14262862,4587.77179923,4591.01036867,-0.02,-13.23,-323.86,-7.0598,BEARISH,COUNTER
2026.01.13 11:55_SELL,XAUUSD,PERIOD_M5,PERIOD_M15,2026.01.13 11:55:00,1768305300296,2026.01.13 11:55:00,SELL,OK,11,55,2,4585.97,4586.10,4586.03,13.0,0.2835,4590.31682425,4589.98154890,4589.44745940,4589.61686264,-86.94,-36.47,-16.94,-0.3694,0.3694,294.14,6.4139,0.044196,4588.14,4588.61,4585.92,4585.97,BEARISH,217.00,269.00,0.806691,0.914522,-9.2153,9.2153,4589.37895950,4591.16763649,4589.51048716,4591.15165075,13.15,-1.60,-164.12,-3.5786,BEARISH,ALIGNED
2026.01.13 13:45_BUY,XAUUSD,PERIOD_M5,PERIOD_M15,2026.01.13 13:45:00,1768311900009,2026.01.13 13:45:00,BUY,OK,13,45,2,4589.78,4589.94,4589.86,16.0,0.3486,4585.91511990,4586.10953831,4586.68809592,4586.44321665,77.30,33.37,24.49,0.5335,0.5335,256.50,5.5884,0.062378,4586.28,4589.78,4585.72,4589.78,BULLISH,350.00,406.00,0.862069,1.582846,6.4533,6.4533,4587.61499259,4589.81841347,4587.82118378,4589.81690706,20.62,-0.15,-199.57,-4.3481,BEARISH,COUNTER
2026.01.13 14:15_SELL,XAUUSD,PERIOD_M5,PERIOD_M15,2026.01.13 14:15:00,1768313700469,2026.01.13 14:15:00,SELL,OK,14,15,2,4583.58,4583.72,4583.65,14.0,0.3054,4587.10025607,4586.81397641,4586.39620486,4586.51997856,-70.41,-29.40,-12.38,-0.2700,0.2700,297.14,6.4827,0.047115,4585.85,4586.27,4583.26,4583.58,BEARISH,227.00,301.00,0.754153,1.012981,-10.7660,10.7660,4587.88773770,4589.76604796,4587.47747697,4589.52345785,-41.03,-24.26,-204.60,-4.4636,BEARISH,ALIGNED
2026.01.13 14:55_BUY,XAUUSD,PERIOD_M5,PERIOD_M15,2026.01.13 14:55:00,1768316100053,2026.01.13 14:55:00,BUY,OK,14,55,2,4591.16,4591.32,4591.24,16.0,0.3485,4584.99821965,4585.24829889,4586.23057572,4585.78572626,123.24,53.74,44.48,0.9689,0.9689,338.71,7.3774,0.047237,4589.86,4593.59,4589.43,4591.16,BULLISH,130.00,416.00,0.312500,1.228174,15.8162,15.8162,4586.81962202,4589.17234185,4586.72346754,4589.04048531,-9.62,-13.19,-231.70,-5.0466,BEARISH,COUNTER
2026.01.13 17:35_SELL,XAUUSD,PERIOD_M5,PERIOD_M15,2026.01.13 17:35:00,1768325700006,2026.01.13 17:35:00,SELL,OK,17,35,2,4612.46,4612.64,4612.55,18.0,0.3902,4614.44229915,4614.35045418,4614.04583932,4614.17859471,-39.65,-17.19,-13.28,-0.2878,0.2878,981.14,21.2712,0.018346,4608.76,4614.02,4605.49,4612.46,BULLISH,370.00,853.00,0.433763,0.869394,12.2427,-12.2427,4605.72060272,4597.64933841,4606.00911674,4598.08465847,28.85,43.53,792.45,17.1802,BULLISH,COUNTER
2026.01.13 17:55_BUY,XAUUSD,PERIOD_M5,PERIOD_M15,2026.01.13 17:55:00,1768326900002,2026.01.13 17:55:00,BUY,OK,17,55,2,4615.67,4615.86,4615.76,19.0,0.4116,4613.83946973,4613.97891413,4614.20957579,4614.13446739,37.01,15.56,7.51,0.1627,0.1627,956.57,20.7240,0.019863,4615.44,4619.32,4612.85,4615.69,BULLISH,25.00,647.00,0.038640,0.676374,13.8633,13.8633,4606.00911674,4598.08465847,4606.84729610,4598.74055422,83.82,65.59,810.67,17.5632,BULLISH,ALIGNED
2026.01.13 18:10_SELL,XAUUSD,PERIOD_M5,PERIOD_M15,2026.01.13 18:10:00,1768327800036,2026.01.13 18:10:00,SELL,OK,18,10,2,4607.51,4607.69,4607.60,18.0,0.3907,4614.67012850,4614.40534495,4613.23810280,4613.77849541,-143.20,-62.68,-54.04,-1.1728,1.1728,889.57,19.3066,0.020234,4612.61,4614.47,4606.67,4607.51,BEARISH,510.00,780.00,0.653846,0.876827,-17.7222,17.7222,4606.84729610,4598.74055422,4608.01422028,4599.53896386,116.69,79.84,847.53,18.3941,BULLISH,COUNTER
2026.01.14 01:10_BUY,XAUUSD,PERIOD_M5,PERIOD_M15,2026.01.14 01:10:00,1768353000134,2026.01.14 01:10:00,BUY,OK,1,10,3,4592.98,4593.17,4593.07,19.0,0.4137,4587.98379572,4588.17082626,4588.98903657,4588.61075114,100.52,43.99,37.83,0.8236,0.8236,319.93,6.9655,0.059388,4591.82,4595.29,4591.39,4593.01,BULLISH,119.00,390.00,0.305128,1.219022,13.1022,13.1022,4593.84907773,4596.64712789,4593.11107033,4596.23351504,-73.80,-41.36,-312.24,-6.7982,BEARISH,COUNTER
2026.01.14 08:10_SELL,XAUUSD,PERIOD_M5,PERIOD_M15,2026.01.14 08:10:00,1768378200056,2026.01.14 08:10:00,SELL,OK,8,10,3,4626.02,4626.22,4626.12,20.0,0.4323,4631.17674271,4630.91682949,4630.14539417,4630.47166317,-103.13,-44.52,-32.63,-0.7053,0.7053,587.64,12.7027,0.034034,4626.69,4629.05,4623.34,4626.02,BEARISH,67.00,571.00,0.117338,0.971679,-17.2636,17.2636,4622.67479099,4612.28422728,4622.40100137,4612.57896346,-27.38,29.47,982.20,21.2317,BULLISH,COUNTER
2026.01.14 08:15_BUY,XAUUSD,PERIOD_M5,PERIOD_M15,2026.01.14 08:15:00,1768378500048,2026.01.14 08:15:00,BUY,OK,8,15,3,4633.53,4633.68,4633.60,15.0,0.3237,4630.14539417,4630.47166317,4630.82231533,4630.74969379,67.69,27.80,7.26,0.1567,0.1567,585.64,12.6390,0.025613,4626.02,4635.15,4625.06,4633.53,BULLISH,751.00,1009.00,0.744301,1.722893,29.7199,29.7199,4622.40100137,4612.57896346,4623.46090600,4613.40057274,105.99,82.16,1006.03,21.7117,BULLISH,ALIGNED
2026.01.14 08:40_SELL,XAUUSD,PERIOD_M5,PERIOD_M15,2026.01.14 08:40:00,1768380000001,2026.01.14 08:40:00,SELL,OK,8,40,3,4629.26,4629.40,4629.33,14.0,0.3024,4631.02426036,4630.99906618,4630.66340829,4630.83733289,-36.09,-16.17,-17.39,-0.3757,0.3757,619.07,13.3728,0.022615,4626.49,4631.07,4626.13,4629.22,BULLISH,273.00,494.00,0.552632,0.797969,-11.7807,11.7807,4623.46090600,4613.40057274,4624.37129591,4614.16996204,91.04,76.94,1020.13,22.0363,BULLISH,COUNTER
2026.01.14 08:55_BUY,XAUUSD,PERIOD_M5,PERIOD_M15,2026.01.14 08:55:00,1768380900045,2026.01.14 08:55:00,BUY,OK,8,55,3,4633.55,4633.74,4633.65,19.0,0.4100,4630.92538130,4630.92688669,4631.45030504,4631.16535153,52.49,23.85,28.50,0.6150,0.6150,591.57,12.7669,0.032118,4631.92,4633.65,4630.57,4633.55,BULLISH,163.00,308.00,0.529221,0.520647,9.3536,9.3536,4624.37129591,4614.16996204,4624.97688677,4614.81937530,60.56,64.94,1015.75,21.9212,BULLISH,ALIGNED
2026.01.14 10:10_SELL,XAUUSD,PERIOD_M5,PERIOD_M15,2026.01.14 10:10:00,1768385400021,2026.01.14 10:10:00,SELL,OK,10,10,3,4624.37,4624.56,4624.47,19.0,0.4109,4634.09781392,4633.80967659,4632.15225114,4632.95152418,-194.56,-85.82,-79.93,-1.7284,1.7284,366.79,7.9314,0.051801,4631.12,4631.63,4624.37,4624.37,BEARISH,675.00,726.00,0.929752,1.979357,-20.8243,20.8243,4628.62347654,4617.95263996,4628.99457401,4618.52390898,37.11,57.13,1047.07,22.6419,BULLISH,COUNTER
2026.01.14 10:55_BUY,XAUUSD,PERIOD_M5,PERIOD_M15,2026.01.14 10:55:00,1768388100000,2026.01.14 10:55:00,BUY,OK,10,55,3,4634.81,4634.97,4634.89,16.0,0.3452,4630.95368540,4631.28744928,4631.72494832,4631.60768117,77.13,32.02,11.73,0.2530,0.2530,415.36,8.9615,0.038521,4635.23,4636.39,4633.64,4634.81,BEARISH,42.00,275.00,0.152727,0.662081,8.1623,8.1623,4628.47555832,4619.11164378,4628.83979086,4619.62883422,36.42,51.72,921.10,19.8731,BULLISH,ALIGNED
2026.01.14 11:45_SELL,XAUUSD,PERIOD_M5,PERIOD_M15,2026.01.14 11:45:00,1768391100021,2026.01.14 11:45:00,SELL,OK,11,45,3,4627.63,4627.79,4627.71,16.0,0.3457,4634.68210909,4633.95786577,4633.27168727,4633.38260525,-141.04,-57.53,-11.09,-0.2397,0.2397,312.07,6.7435,0.051270,4630.26,4630.54,4627.31,4627.63,BEARISH,263.00,323.00,0.814241,1.035019,-21.2830,21.2830,4630.96331989,4621.59085643,4630.64586085,4621.82768559,-31.75,23.68,881.82,19.0552,BULLISH,COUNTER
2026.01.14 12:30_BUY,XAUUSD,PERIOD_M5,PERIOD_M15,2026.01.14 12:30:00,1768393800027,2026.01.14 12:30:00,BUY,OK,12,30,3,4634.94,4635.04,4634.99,10.0,0.2158,4632.09942258,4632.36421334,4632.66953807,4632.59928485,57.01,23.51,7.03,0.1516,0.1516,333.36,7.1922,0.029998,4632.68,4637.00,4632.63,4634.95,BULLISH,227.00,437.00,0.519451,1.310906,7.1681,7.1681,4630.72012646,4622.53582972,4631.12297156,4623.02265993,40.28,48.68,810.03,17.4764,BULLISH,ALIGNED
2026.01.14 13:35_SELL,XAUUSD,PERIOD_M5,PERIOD_M15,2026.01.14 13:35:00,1768397700015,2026.01.14 13:35:00,SELL,OK,13,35,3,4627.85,4628.01,4627.93,16.0,0.3457,4633.79535181,4633.70317681,4632.60628145,4633.17106983,-118.91,-53.21,-56.48,-1.2204,1.2204,352.93,7.6261,0.045335,4630.26,4632.83,4627.44,4627.85,BEARISH,241.00,539.00,0.447124,1.527221,-15.0383,15.0383,4632.05812784,4624.34699458,4631.88306804,4624.57730852,-17.51,23.03,730.58,15.7862,BULLISH,COUNTER
2026.01.14 14:10_BUY,XAUUSD,PERIOD_M5,PERIOD_M15,2026.01.14 14:10:00,1768399800089,2026.01.14 14:10:00,BUY,OK,14,10,3,4636.99,4637.15,4637.07,16.0,0.3450,4631.58556344,4632.19516532,4632.66645075,4632.63105938,108.09,43.59,3.54,0.0763,0.0763,394.43,8.5060,0.040565,4634.74,4638.18,4634.74,4636.99,BULLISH,225.00,344.00,0.654070,0.872148,16.9145,16.9145,4631.77610918,4624.81976701,4631.64219402,4625.03742320,-13.39,21.77,660.48,14.2434,BULLISH,ALIGNED
2026.01.14 15:15_SELL,XAUUSD,PERIOD_M5,PERIOD_M15,2026.01.14 15:15:00,1768403700027,2026.01.14 15:15:00,SELL,OK,15,15,3,4628.67,4628.81,4628.74,14.0,0.3025,4634.71965143,4634.49571698,4633.50972114,4633.96610635,-120.99,-52.96,-45.64,-0.9860,0.9860,405.50,8.7605,0.034525,4629.79,4632.99,4627.34,4628.67,BEARISH,112.00,565.00,0.198230,1.393342,-21.6439,21.6439,4633.20074530,4626.70375622,4632.76924575,4626.78086382,-43.15,7.71,598.84,12.9374,BULLISH,COUNTER
2026.01.14 15:55_BUY,XAUUSD,PERIOD_M5,PERIOD_M15,2026.01.14 15:55:00,1768406100014,2026.01.14 15:55:00,BUY,OK,15,55,3,4635.43,4635.62,4635.52,19.0,0.4099,4633.38304398,4633.48877513,4633.80043519,4633.66888648,41.74,18.01,13.15,0.2838,0.2838,597.57,12.8911,0.031795,4634.00,4635.87,4629.40,4635.47,BULLISH,147.00,647.00,0.227202,1.082716,5.2665,5.2665,4632.63788901,4626.96161426,4633.02475673,4627.34351174,38.69,38.19,568.12,12.2559,BULLISH,ALIGNED
2026.01.14 16:35_SELL,XAUUSD,PERIOD_M5,PERIOD_M15,2026.01.14 16:35:00,1768408500008,2026.01.14 16:35:00,SELL,OK,16,35,3,4629.57,4629.76,4629.66,19.0,0.4104,4634.91379597,4634.39420258,4633.84703678,4633.95654780,-106.68,-43.77,-10.95,-0.2365,0.2365,575.14,12.4230,0.033035,4635.38,4635.38,4626.14,4629.58,BEARISH,580.00,924.00,0.627706,1.606557,-11.8445,11.8445,4633.37550380,4627.93073114,4633.56640820,4628.22285933,19.09,29.21,534.35,11.5420,BULLISH,COUNTER
2026.01.14 20:10_BUY,XAUUSD,PERIOD_M5,PERIOD_M15,2026.01.14 20:10:00,1768421400055,2026.01.14 20:10:00,BUY,OK,20,10,3,4621.01,4621.15,4621.08,14.0,0.3030,4613.39038587,4613.93092860,4614.91430870,4614.57448055,152.39,64.36,33.98,0.7354,0.7354,563.36,12.1910,0.024851,4621.01,4622.60,4620.45,4621.01,DOJI,0.00,215.00,0.000000,0.381641,18.5150,18.5150,4619.79461010,4622.95075929,4619.26940914,4622.61072952,-52.52,-34.00,-334.13,-7.2306,BEARISH,COUNTER
2026.01.14 22:45_SELL,XAUUSD,PERIOD_M5,PERIOD_M15,2026.01.14 22:45:00,1768430700017,2026.01.14 22:45:00,SELL,OK,22,45,3,4625.79,4625.86,4625.82,7.0,0.1513,4634.68014287,4634.10121635,4632.89811430,4633.34383304,-178.20,-75.74,-44.57,-0.9635,0.9635,630.36,13.6269,0.011105,4633.73,4634.31,4625.77,4625.77,BEARISH,796.00,854.00,0.932084,1.354788,-18.1047,18.1047,4629.15445986,4626.49685992,4628.83213035,4626.46835560,-32.23,-2.85,236.38,5.1100,BULLISH,COUNTER
2026.01.15 04:25_BUY,XAUUSD,PERIOD_M5,PERIOD_M15,2026.01.15 04:25:00,1768451100035,2026.01.15 04:25:00,BUY,OK,4,25,4,4608.95,4609.14,4609.05,19.0,0.4122,4607.77408279,4607.85538539,4608.00726623,4607.95398672,23.32,9.86,5.33,0.1156,0.1156,755.93,16.4010,0.025135,4614.02,4614.64,4607.44,4608.94,BEARISH,508.00,720.00,0.705556,0.952471,-2.9065,-2.9065,4614.31027473,4619.90871488,4614.26834380,4619.67190253,-4.19,-23.68,-540.36,-11.7238,BEARISH,COUNTER
2026.01.15 04:50_SELL,XAUUSD,PERIOD_M5,PERIOD_M15,2026.01.15 04:50:00,1768452600111,2026.01.15 04:50:00,SELL,OK,4,50,4,4604.10,4604.31,4604.20,21.0,0.4561,4608.11763225,4608.10131051,4607.31410580,4607.73755501,-80.35,-36.38,-42.34,-0.9197,0.9197,610.86,13.2674,0.034378,4607.42,4607.59,4599.97,4604.10,BEARISH,332.00,762.00,0.435696,1.247428,-12.7766,12.7766,4613.97040629,4619.33731812,4613.34655808,4618.86997231,-62.38,-46.73,-552.34,-11.9965,BEARISH,ALIGNED
2026.01.15 08:05_BUY,XAUUSD,PERIOD_M5,PERIOD_M15,2026.01.15 08:05:00,1768464300014,2026.01.15 08:05:00,BUY,OK,8,5,4,4599.18,4599.35,4599.27,17.0,0.3696,4591.59441095,4591.64069363,4593.12752876,4592.33335784,153.31,69.27,79.42,1.7267,1.7267,573.14,12.4616,0.029661,4595.32,4600.85,4593.68,4599.26,BULLISH,394.00,717.00,0.549512,1.250997,15.9846,15.9846,4598.38400567,4608.72278634,4598.09219561,4608.19718688,-29.18,-52.56,-1010.50,-21.9709,BEARISH,COUNTER
2026.01.15 10:05_SELL,XAUUSD,PERIOD_M5,PERIOD_M15,2026.01.15 10:05:00,1768471500011,2026.01.15 10:05:00,SELL,OK,10,5,4,4599.87,4600.06,4599.97,19.0,0.4130,4604.78727039,4604.66502854,4603.80581631,4604.23002594,-98.15,-43.50,-42.42,-0.9222,0.9222,374.14,8.1336,0.050783,4601.80,4604.48,4597.81,4599.88,BEARISH,192.00,667.00,0.287856,1.782742,-7.0170,7.0170,4602.66854085,4607.92858469,4602.58582267,4607.68824804,-8.27,-24.03,-510.24,-11.0923,BEARISH,ALIGNED
2026.01.15 10:45_BUY,XAUUSD,PERIOD_M5,PERIOD_M15,2026.01.15 10:45:00,1768473900278,2026.01.15 10:45:00,BUY,OK,10,45,4,4606.34,4606.53,4606.43,19.0,0.4125,4603.75235756,4603.94726822,4604.26988605,4604.16478929,51.75,21.75,10.51,0.2282,0.2282,404.79,8.7874,0.046938,4605.08,4607.18,4604.05,4606.34,BULLISH,126.00,313.00,0.402556,0.773249,8.9957,8.9957,4602.65111561,4607.32539160,4603.00243793,4607.28674879,35.13,-3.86,-428.43,-9.3007,BEARISH,COUNTER
2026.01.15 10:50_SELL,XAUUSD,PERIOD_M5,PERIOD_M15,2026.01.15 10:50:00,1768474200011,2026.01.15 10:50:00,SELL,OK,10,50,4,4603.24,4603.35,4603.30,11.0,0.2390,4604.26988605,4604.16478929,4604.05390884,4604.07617208,-21.60,-8.86,-2.23,-0.0484,0.0484,396.36,8.6103,0.027753,4606.34,4606.66,4602.08,4603.19,BEARISH,315.00,458.00,0.687773,1.155524,0.1086,-0.1086,4602.65111561,4607.32539160,4603.00243793,4607.28674879,35.13,-3.86,-428.43,-9.3071,BEARISH,ALIGNED
2026.01.15 11:35_BUY,XAUUSD,PERIOD_M5,PERIOD_M15,2026.01.15 11:35:00,1768476900007,2026.01.15 11:35:00,BUY,OK,11,35,4,4605.61,4605.74,4605.67,13.0,0.2823,4603.49798205,4603.68361033,4603.91838564,4603.85782757,42.04,17.42,6.06,0.1315,0.1315,321.64,6.9836,0.040417,4604.63,4606.15,4602.81,4605.60,BULLISH,97.00,334.00,0.290419,1.038419,6.4528,6.4528,4603.20303876,4607.04265430,4603.33893983,4606.94804041,13.59,-9.46,-360.91,-7.8362,BEARISH,COUNTER
2026.01.15 14:35_SELL,XAUUSD,PERIOD_M5,PERIOD_M15,2026.01.15 14:35:00,1768487700041,2026.01.15 14:35:00,SELL,OK,14,35,4,4615.64,4615.82,4615.73,18.0,0.3900,4616.70631152,4616.64246721,4616.49304921,4616.55133383,-21.33,-9.11,-5.83,-0.1263,0.1263,276.00,5.9796,0.065217,4616.52,4617.06,4615.36,4615.64,BEARISH,88.00,170.00,0.517647,0.615942,2.6222,-2.6222,4612.16602819,4610.23820474,4612.58069218,4610.48454965,41.47,24.63,209.61,4.5413,BULLISH,COUNTER
2026.01.15 14:40_BUY,XAUUSD,PERIOD_M5,PERIOD_M15,2026.01.15 14:40:00,1768488000003,2026.01.15 14:40:00,BUY,OK,14,40,4,4617.21,4617.40,4617.31,19.0,0.4115,4616.49304921,4616.55133383,4616.63643937,4616.61121257,14.34,5.99,2.52,0.0546,0.0546,274.71,5.9497,0.069163,4615.64,4617.39,4615.44,4617.21,BULLISH,157.00,195.00,0.805128,0.709828,2.8163,2.8163,4612.16602819,4610.23820474,4612.58069218,4610.48454965,41.47,24.63,209.61,4.5398,BULLISH,ALIGNED
2026.01.15 14:50_SELL,XAUUSD,PERIOD_M5,PERIOD_M15,2026.01.15 14:50:00,1768488600007,2026.01.15 14:50:00,SELL,OK,14,50,4,4614.31,4614.50,4614.41,19.0,0.4118,4616.74715150,4616.66382961,4616.26772120,4616.45348146,-47.94,-21.03,-18.58,-0.4026,0.4026,278.71,6.0401,0.068170,4617.19,4617.52,4613.36,4614.35,BEARISH,284.00,416.00,0.682692,1.492568,-2.7948,2.7948,4612.58069218,4610.48454965,4613.01967387,4610.74750849,43.90,26.30,227.22,4.9241,BULLISH,COUNTER
2026.01.15 16:50_BUY,XAUUSD,PERIOD_M5,PERIOD_M15,2026.01.15 16:50:00,1768495800027,2026.01.15 16:50:00,BUY,OK,16,50,4,4609.27,4609.41,4609.34,14.0,0.3037,4602.50725795,4602.84580601,4603.85980636,4603.42982364,135.25,58.40,43.00,0.9329,0.9329,746.64,16.1985,0.018751,4602.86,4610.08,4600.28,4609.27,BULLISH,641.00,980.00,0.654082,1.312542,2.3871,2.3871,4606.75764770,4608.39235334,4606.38453839,4608.17461399,-37.31,-21.77,-179.01,-3.8836,BEARISH,COUNTER
2026.01.15 18:45_SELL,XAUUSD,PERIOD_M5,PERIOD_M15,2026.01.15 18:45:00,1768502700039,2026.01.15 18:45:00,SELL,OK,18,45,4,4607.38,4607.52,4607.45,14.0,0.3039,4612.79149700,4612.44522012,4611.70919760,4611.98474556,-108.23,-46.05,-27.55,-0.5980,0.5980,544.50,11.8178,0.025712,4606.45,4607.84,4604.52,4607.38,BULLISH,93.00,332.00,0.280120,0.609734,-9.1942,9.1942,4610.59945378,4609.74815526,4610.29283913,4609.65528643,-30.66,-9.29,63.76,1.3837,BULLISH,COUNTER
2026.01.15 19:35_BUY,XAUUSD,PERIOD_M5,PERIOD_M15,2026.01.15 19:35:00,1768505700215,2026.01.15 19:35:00,BUY,OK,19,35,4,4613.95,4614.14,4614.05,19.0,0.4118,4610.17780205,4610.30856376,4610.93224164,4610.63960342,75.44,33.10,29.26,0.6342,0.6342,403.14,8.7373,0.047130,4610.81,4614.25,4610.21,4613.95,BULLISH,314.00,404.00,0.777228,1.002126,3.8594,3.8594,4609.83667784,4609.50619097,4609.92937519,4609.55732074,9.27,5.11,37.21,0.8064,BULLISH,ALIGNED
2026.01.15 22:00_SELL,XAUUSD,PERIOD_M5,PERIOD_M15,2026.01.15 22:00:00,1768514400016,2026.01.15 22:00:00,SELL,OK,22,0,4,4615.82,4616.02,4615.92,20.0,0.4333,4617.19770409,4617.14189726,4616.92416327,4617.02263387,-27.35,-11.93,-9.85,-0.2133,0.2133,237.29,5.1406,0.084287,4615.96,4616.32,4612.65,4615.83,BEARISH,13.00,367.00,0.035422,1.546659,-2.3392,2.3392,4614.39502035,4611.91745646,4614.53168507,4612.07088954,13.67,15.34,246.08,5.3311,BULLISH,COUNTER
2026.01.15 23:30_BUY,XAUUSD,PERIOD_M5,PERIOD_M15,2026.01.15 23:30:00,1768519800039,2026.01.15 23:30:00,BUY,OK,23,30,4,4614.05,4614.49,4614.27,44.0,0.9536,4610.49707916,4610.49791800,4611.22566333,4610.82901636,72.86,33.11,39.66,0.8596,0.8596,349.57,7.5759,0.125868,4613.89,4615.52,4613.57,4614.14,BULLISH,25.00,195.00,0.128205,0.557826,4.5316,4.5316,4611.80204432,4611.22948717,4612.02470676,4611.34362493,22.27,11.41,68.11,1.4760,BULLISH,ALIGNED
2026.01.16 01:35_SELL,XAUUSD,PERIOD_M5,PERIOD_M15,2026.01.16 01:35:00,1768527300046,2026.01.16 01:35:00,SELL,OK,1,35,5,4607.84,4607.92,4607.88,8.0,0.1736,4613.38054424,4613.17293868,4612.27243539,4612.68812608,-110.81,-48.48,-41.57,-0.9021,0.9021,288.79,6.2672,0.027702,4608.91,4611.28,4607.26,4607.84,BEARISH,107.00,402.00,0.266169,1.392036,-12.4199,12.4199,4612.83559699,4611.77757823,4612.46173061,4611.66512418,-37.39,-11.25,79.66,1.7288,BULLISH,COUNTER
2026.01.16 06:20_BUY,XAUUSD,PERIOD_M5,PERIOD_M15,2026.01.16 06:20:00,1768544400108,2026.01.16 06:20:00,BUY,OK,6,20,5,4600.29,4600.50,4600.40,21.0,0.4565,4597.37182776,4597.64598062,4597.95346221,4597.88543693,58.16,23.95,6.80,0.1479,0.1479,217.93,4.7372,0.096362,4598.57,4600.35,4598.43,4600.28,BULLISH,171.00,192.00,0.890625,0.881023,5.0457,5.0457,4601.54160883,4605.95263707,4601.25859847,4605.66312189,-28.30,-28.95,-440.45,-9.5742,BEARISH,COUNTER
2026.01.16 08:50_SELL,XAUUSD,PERIOD_M5,PERIOD_M15,2026.01.16 08:50:00,1768553400028,2026.01.16 08:50:00,SELL,OK,8,50,5,4596.80,4597.00,4596.90,20.0,0.4351,4604.03775397,4603.87028421,4602.58420317,4603.22480383,-145.36,-64.55,-64.06,-1.3935,1.3935,454.86,9.8949,0.043970,4595.99,4598.87,4594.11,4596.77,BULLISH,78.00,476.00,0.163866,1.046482,-20.4074,20.4074,4602.62418603,4604.89305113,4601.99235879,4604.54391187,-63.18,-34.91,-255.16,-5.5506,BEARISH,ALIGNED
2026.01.16 09:15_BUY,XAUUSD,PERIOD_M5,PERIOD_M15,2026.01.16 09:15:00,1768554900084,2026.01.16 09:15:00,BUY,OK,9,15,5,4610.09,4610.25,4610.17,16.0,0.3471,4601.90106562,4602.49328108,4603.53885250,4603.18389189,163.78,69.06,35.50,0.7700,0.7700,448.86,9.7362,0.035646,4606.23,4612.07,4606.02,4610.09,BULLISH,386.00,605.00,0.638017,1.347868,26.2504,26.2504,4601.61403891,4604.28807218,4602.42127330,4604.51559877,80.72,22.75,-209.43,-4.5428,BEARISH,COUNTER
2026.01.16 10:50_SELL,XAUUSD,PERIOD_M5,PERIOD_M15,2026.01.16 10:50:00,1768560600013,2026.01.16 10:50:00,SELL,OK,10,50,5,4602.94,4603.09,4603.01,15.0,0.3259,4605.76176003,4605.74190538,4605.19540802,4605.48627762,-56.64,-25.56,-29.09,-0.6319,0.6319,381.71,8.2927,0.039296,4602.17,4603.21,4601.35,4602.93,BULLISH,76.00,186.00,0.408602,0.487275,-7.3161,7.3161,4603.78258451,4604.75164836,4603.62900503,4604.65040725,-15.36,-10.12,-102.14,-2.2190,BEARISH,ALIGNED
2026.01.16 12:20_BUY,XAUUSD,PERIOD_M5,PERIOD_M15,2026.01.16 12:20:00,1768566000420,2026.01.16 12:20:00,BUY,OK,12,20,5,4608.91,4609.10,4609.01,19.0,0.4122,4603.58406017,4603.62546408,4604.71524813,4604.13587644,113.12,51.04,57.94,1.2570,1.2570,272.21,5.9061,0.069798,4606.74,4609.91,4606.74,4609.24,BULLISH,250.00,317.00,0.788644,1.164524,9.6421,9.6421,4603.14357857,4604.25837849,4603.50799966,4604.36471659,36.44,10.63,-85.67,-1.8588,BEARISH,COUNTER
2026.01.16 13:05_SELL,XAUUSD,PERIOD_M5,PERIOD_M15,2026.01.16 13:05:00,1768568700253,2026.01.16 13:05:00,SELL,OK,13,5,5,4601.36,4601.52,4601.44,16.0,0.3477,4605.28586832,4605.23878099,4604.49469465,4604.88343726,-79.12,-35.53,-38.87,-0.8448,0.8448,316.14,6.8705,0.050610,4600.25,4602.69,4598.58,4601.33,BULLISH,108.00,411.00,0.262774,1.300045,-14.3665,14.3665,4604.23199065,4604.60576876,4603.85275344,4604.43495430,-37.92,-17.08,-58.22,-1.2653,BEARISH,ALIGNED
2026.01.16 13:20_BUY,XAUUSD,PERIOD_M5,PERIOD_M15,2026.01.16 13:20:00,1768569600463,2026.01.16 13:20:00,BUY,OK,13,20,5,4609.06,4609.25,4609.16,19.0,0.4122,4604.47900458,4604.78399774,4605.39520366,4605.17272522,91.62,38.87,22.25,0.4827,0.4827,336.07,7.2914,0.056536,4606.42,4609.28,4605.42,4609.06,BULLISH,264.00,386.00,0.683938,1.148565,16.7995,16.7995,4603.85275344,4604.43495430,4604.09725312,4604.51279923,24.45,7.78,-41.55,-0.9016,BEARISH,COUNTER
2026.01.16 14:35_SELL,XAUUSD,PERIOD_M5,PERIOD_M15,2026.01.16 14:35:00,1768574100019,2026.01.16 14:35:00,SELL,OK,14,35,5,4603.40,4603.59,4603.49,19.0,0.4127,4609.51125731,4609.20948488,4608.28900585,4608.68134989,-122.23,-52.81,-39.23,-0.8523,0.8523,313.64,6.8131,0.060578,4606.46,4606.81,4602.62,4603.40,BEARISH,306.00,419.00,0.730310,1.335914,-18.6686,18.6686,4606.85657295,4605.69319506,4606.81880409,4605.72326584,-3.78,3.01,109.55,2.3798,BULLISH,COUNTER
2026.01.16 16:15_BUY,XAUUSD,PERIOD_M5,PERIOD_M15,2026.01.16 16:15:00,1768580100062,2026.01.16 16:15:00,BUY,OK,16,15,5,4607.19,4607.38,4607.28,19.0,0.4124,4600.01895009,4600.20841191,4601.45316008,4600.84310173,143.42,63.47,61.01,1.3241,1.3241,756.57,16.4212,0.025113,4603.78,4608.69,4602.70,4607.19,BULLISH,341.00,599.00,0.569282,0.791730,11.5388,11.5388,4602.91156456,4604.12633377,4603.31903460,4604.24647754,40.75,12.01,-92.74,-2.0130,BEARISH,COUNTER
2026.01.16 17:30_SELL,XAUUSD,PERIOD_M5,PERIOD_M15,2026.01.16 17:30:00,1768584600017,2026.01.16 17:30:00,SELL,OK,17,30,5,4565.12,4565.25,4565.18,13.0,0.2848,4605.54989706,4605.38081803,4597.49591765,4601.73528912,-805.40,-364.55,-423.94,-9.2863,9.2863,982.71,21.5263,0.013229,4588.63,4592.95,4564.88,4565.28,BEARISH,2335.00,2807.00,0.831849,2.856374,-110.0072,110.0072,4605.02339153,4604.81857217,4601.23830662,4603.26803993,-378.51,-155.05,-202.97,-4.4461,BEARISH,ALIGNED
2026.01.16 18:40_BUY,XAUUSD,PERIOD_M5,PERIOD_M15,2026.01.16 18:40:00,1768588800033,2026.01.16 18:40:00,BUY,OK,18,40,5,4594.45,4594.61,4594.53,16.0,0.3482,4586.25661499,4586.76863700,4587.89729199,4587.46785181,164.07,69.92,42.94,0.9347,0.9347,1249.43,27.1938,0.012806,4589.76,4598.00,4589.75,4594.46,BULLISH,470.00,825.00,0.569697,0.660302,6.5775,6.5775,4594.29822537,4599.92767450,4594.04982295,4599.60462844,-24.84,-32.30,-555.48,-12.0900,BEARISH,COUNTER
2026.01.16 19:25_SELL,XAUUSD,PERIOD_M5,PERIOD_M15,2026.01.16 19:25:00,1768591500037,2026.01.16 19:25:00,SELL,OK,19,25,5,4584.53,4584.72,4584.63,19.0,0.4144,4588.32969218,4588.17478674,4587.56975374,4587.84344249,-75.99,-33.13,-27.37,-0.5970,0.5970,763.93,16.6628,0.024871,4584.36,4586.58,4578.68,4584.53,BULLISH,17.00,790.00,0.021519,1.034128,-11.2861,11.2861,4593.97348319,4599.15072391,4593.67315145,4598.82402885,-30.03,-32.67,-515.09,-11.2351,BEARISH,ALIGNED
2026.01.16 20:30_BUY,XAUUSD,PERIOD_M5,PERIOD_M15,2026.01.16 20:30:00,1768595400007,2026.01.16 20:30:00,BUY,OK,20,30,5,4589.99,4590.18,4590.09,19.0,0.4139,4585.12464761,4585.35252617,4586.09971809,4585.77502379,97.51,42.25,32.47,0.7074,0.7074,540.93,11.7847,0.035125,4588.23,4591.69,4587.79,4590.00,BULLISH,177.00,390.00,0.453846,0.720982,12.1498,12.1498,4589.68510605,4596.25503385,4589.71509595,4596.00973841,3.00,-24.53,-629.46,-13.7136,BEARISH,COUNTER
2026.01.16 21:10_SELL,XAUUSD,PERIOD_M5,PERIOD_M15,2026.01.16 21:10:00,1768597800003,2026.01.16 21:10:00,SELL,OK,21,10,5,4584.50,4584.66,4584.58,16.0,0.3490,4587.64484328,4587.33888752,4587.01787462,4587.08171593,-62.70,-25.72,-6.38,-0.1393,0.1393,532.14,11.6072,0.030067,4585.56,4588.28,4584.26,4584.51,BEARISH,105.00,402.00,0.261194,0.755436,-7.3237,7.3237,4590.24699158,4595.98190553,4589.52918286,4595.46143865,-71.78,-52.05,-593.23,-12.9396,BEARISH,ALIGNED
2026.01.16 21:45_BUY,XAUUSD,PERIOD_M5,PERIOD_M15,2026.01.16 21:45:00,1768599900037,2026.01.16 21:45:00,BUY,OK,21,45,5,4589.39,4589.49,4589.44,10.0,0.2179,4586.51607837,4586.58518196,4587.09086269,4586.84016542,57.48,25.50,25.07,0.5462,0.5462,419.36,9.1374,0.023846,4588.71,4591.75,4588.23,4589.39,BULLISH,68.00,352.00,0.193182,0.839380,11.6928,11.6928,4588.53246034,4594.58281207,4588.61413079,4594.37917238,8.17,-20.36,-576.50,-12.5615,BEARISH,COUNTER
2026.01.16 22:40_SELL,XAUUSD,PERIOD_M5,PERIOD_M15,2026.01.16 22:40:00,1768603200061,2026.01.16 22:40:00,SELL,OK,22,40,5,4585.35,4585.55,4585.45,20.0,0.4362,4588.98032872,4588.80033319,4588.25426297,4588.48666653,-72.61,-31.37,-23.24,-0.5068,0.5068,363.86,7.9350,0.054967,4583.99,4586.87,4582.90,4585.35,BULLISH,136.00,397.00,0.342569,1.091088,-9.2165,9.2165,4589.21923178,4594.18937827,4589.12692399,4593.95646148,-9.23,-23.29,-482.95,-10.5323,BEARISH,ALIGNED
2026.01.16 23:20_BUY,XAUUSD,PERIOD_M5,PERIOD_M15,2026.01.16 23:20:00,1768605600668,2026.01.16 23:20:00,BUY,OK,23,20,5,4598.11,4598.38,4598.24,27.0,0.5872,4585.52716230,4586.69603490,4588.04372984,4587.73366810,251.66,103.76,31.01,0.6743,0.6743,426.21,9.2691,0.063348,4586.67,4598.56,4586.41,4598.11,BULLISH,1144.00,1215.00,0.941564,2.850679,33.3200,33.3200,4588.02117814,4593.11910189,4587.89249451,4592.86619593,-12.87,-25.29,-497.37,-10.8165,BEARISH,COUNTER
2026.01.19 04:00_SELL,XAUUSD,PERIOD_M5,PERIOD_M15,2026.01.19 04:00:00,1768795200042,2026.01.19 04:00:00,SELL,OK,4,0,1,4657.39,4657.61,4657.50,22.0,0.4724,4663.66790352,4663.59655075,4662.41032281,4663.03140977,-125.76,-56.51,-62.11,-1.3335,1.3335,739.00,15.8669,0.029770,4663.14,4663.20,4657.14,4657.38,BEARISH,576.00,606.00,0.950495,0.820027,-10.9384,10.9384,4642.28649971,4620.03835824,4643.72397593,4621.50273635,143.75,146.44,2222.12,47.7107,BULLISH,COUNTER
2026.01.19 05:10_BUY,XAUUSD,PERIOD_M5,PERIOD_M15,2026.01.19 05:10:00,1768799400661,2026.01.19 05:10:00,BUY,OK,5,10,1,4667.46,4667.68,4667.57,22.0,0.4713,4661.33367843,4661.35299628,4662.55894274,4661.90817844,122.53,55.52,65.08,1.3942,1.3942,486.29,10.4184,0.045241,4664.82,4667.81,4664.16,4667.46,BULLISH,264.00,365.00,0.723288,0.750588,14.8266,14.8266,4647.75214673,4625.77354795,4649.14908514,4627.21066372,139.69,143.71,2193.84,47.0018,BULLISH,ALIGNED
2026.01.19 05:55_SELL,XAUUSD,PERIOD_M5,PERIOD_M15,2026.01.19 05:55:00,1768802100000,2026.01.19 05:55:00,SELL,OK,5,55,1,4660.35,4660.56,4660.45,21.0,0.4506,4663.25177854,4663.02329148,4662.67142283,4662.78026498,-58.04,-24.30,-10.88,-0.2335,0.2335,361.36,7.7537,0.058114,4660.59,4660.83,4658.22,4660.35,BEARISH,24.00,261.00,0.091954,0.722277,-5.5330,5.5330,4652.31600847,4630.24496101,4653.32876957,4631.52751156,101.28,128.26,2180.13,46.7792,BULLISH,COUNTER
2026.01.19 06:55_BUY,XAUUSD,PERIOD_M5,PERIOD_M15,2026.01.19 06:55:00,1768805700528,2026.01.19 06:55:00,BUY,OK,6,55,1,4664.82,4665.04,4664.93,22.0,0.4716,4662.11578497,4662.13764992,4662.65662797,4662.38149992,54.08,24.39,27.51,0.5898,0.5898,262.57,5.6286,0.083787,4663.91,4665.87,4663.49,4664.82,BULLISH,91.00,238.00,0.382353,0.906420,7.8092,7.8092,4655.34148693,4634.86203110,4655.92896437,4635.90704949,58.75,104.50,2002.19,42.9201,BULLISH,ALIGNED
2026.01.19 09:25_SELL,XAUUSD,PERIOD_M5,PERIOD_M15,2026.01.19 09:25:00,1768814700017,2026.01.19 09:25:00,SELL,OK,9,25,1,4665.29,4665.47,4665.38,18.0,0.3858,4671.84693095,4671.16962699,4670.53354476,4670.63420635,-131.34,-53.54,-10.07,-0.2158,0.2158,357.64,7.6659,0.050330,4664.49,4665.88,4663.83,4665.28,BULLISH,79.00,205.00,0.385366,0.573198,-21.2824,21.2824,4664.47527893,4646.15761032,4664.98429999,4647.08554717,50.90,92.79,1789.88,38.3650,BULLISH,COUNTER
2026.01.19 11:20_BUY,XAUUSD,PERIOD_M5,PERIOD_M15,2026.01.19 11:20:00,1768821600439,2026.01.19 11:20:00,BUY,OK,11,20,1,4671.45,4671.62,4671.53,17.0,0.3639,4667.51453942,4667.80341674,4668.30163154,4668.13492431,78.71,33.15,16.67,0.3569,0.3569,323.21,6.9188,0.052597,4670.76,4672.77,4670.60,4671.45,BULLISH,69.00,217.00,0.317972,0.671381,14.9642,14.9642,4665.87697986,4651.89637575,4666.34202939,4652.63612572,46.50,73.97,1370.59,29.3392,BULLISH,ALIGNED
2026.01.19 11:30_SELL,XAUUSD,PERIOD_M5,PERIOD_M15,2026.01.19 11:30:00,1768822200011,2026.01.19 11:30:00,SELL,OK,11,30,1,4666.66,4666.86,4666.76,20.0,0.4286,4668.15930523,4668.08538573,4667.86344418,4667.95762340,-29.59,-12.78,-9.42,-0.2018,0.2018,331.21,7.0973,0.060384,4667.61,4668.94,4666.15,4666.68,BEARISH,93.00,279.00,0.333333,0.842355,-8.7352,8.7352,4666.34202939,4652.63612572,4666.37421707,4653.18686589,3.22,55.07,1318.74,28.2580,BULLISH,COUNTER
2026.01.19 11:35_BUY,XAUUSD,PERIOD_M5,PERIOD_M15,2026.01.19 11:35:00,1768822500439,2026.01.19 11:35:00,BUY,OK,11,35,1,4669.13,4669.31,4669.22,18.0,0.3855,4667.86344418,4667.95762340,4668.11475535,4668.06329400,25.13,10.57,5.15,0.1102,0.1102,334.64,7.1670,0.053789,4666.66,4669.22,4665.04,4669.12,BULLISH,246.00,418.00,0.588517,1.249093,-4.9877,-4.9877,4666.34202939,4652.63612572,4666.37421707,4653.18686589,3.22,55.07,1318.74,28.2432,BULLISH,ALIGNED
2026.01.19 12:30_SELL,XAUUSD,PERIOD_M5,PERIOD_M15,2026.01.19 12:30:00,1768825800027,2026.01.19 12:30:00,SELL,OK,12,30,1,4665.82,4665.99,4665.90,17.0,0.3643,4668.44943971,4668.39646563,4667.92355177,4668.16224148,-52.59,-23.42,-23.87,-0.5116,0.5116,282.86,6.0622,0.060101,4668.21,4668.75,4665.53,4665.82,BEARISH,239.00,322.00,0.742236,1.138384,-9.5284,9.5284,4667.17457023,4655.02562759,4667.04556354,4655.44893631,-12.90,42.33,1159.66,24.8540,BULLISH,COUNTER
2026.01.19 14:20_BUY,XAUUSD,PERIOD_M5,PERIOD_M15,2026.01.19 14:20:00,1768832400027,2026.01.19 14:20:00,BUY,OK,14,20,1,4670.10,4670.27,4670.19,17.0,0.3640,4663.89864938,4664.50531638,4665.13891951,4665.01392398,124.03,50.86,12.50,0.2676,0.2676,334.57,7.1640,0.050811,4665.86,4672.07,4665.77,4670.10,BULLISH,424.00,630.00,0.673016,1.883006,15.8492,15.8492,4665.53218835,4657.21100247,4665.55769422,4657.54782590,2.55,33.68,800.99,17.1511,BULLISH,ALIGNED
2026.01.19 16:00_SELL,XAUUSD,PERIOD_M5,PERIOD_M15,2026.01.19 16:00:00,1768838400029,2026.01.19 16:00:00,SELL,OK,16,0,1,4666.16,4666.32,4666.24,16.0,0.3429,4669.22069907,4669.17703945,4668.60855926,4668.90276314,-61.21,-27.43,-29.42,-0.6305,0.6305,321.50,6.8899,0.049767,4666.43,4667.04,4664.54,4666.16,BEARISH,27.00,250.00,0.108000,0.777605,-4.9695,4.9695,4667.88907139,4660.37507527,4667.72439793,4660.60193506,-16.47,22.69,712.25,15.2638,BULLISH,COUNTER
2026.01.19 17:10_BUY,XAUUSD,PERIOD_M5,PERIOD_M15,2026.01.19 17:10:00,1768842600056,2026.01.19 17:10:00,BUY,OK,17,10,1,4669.74,4669.88,4669.81,14.0,0.2998,4667.10811227,4667.35181628,4667.63448981,4667.56892389,52.64,21.71,6.56,0.1404,0.1404,305.86,6.5497,0.045773,4667.89,4670.92,4667.49,4669.74,BULLISH,185.00,343.00,0.539359,1.121439,3.0632,3.0632,4667.48136976,4661.29605640,4667.39647740,4661.50366203,-8.49,20.76,589.28,12.6190,BULLISH,ALIGNED
2026.01.19 17:20_SELL,XAUUSD,PERIOD_M5,PERIOD_M15,2026.01.19 17:20:00,1768843200202,2026.01.19 17:20:00,SELL,OK,17,20,1,4665.92,4666.06,4665.99,14.0,0.3000,4667.73759185,4667.62174899,4667.37407348,4667.46704454,-36.35,-15.47,-9.30,-0.1993,0.1993,303.00,6.4938,0.046205,4668.15,4668.88,4665.73,4665.92,BEARISH,223.00,315.00,0.707937,1.039604,-4.2203,4.2203,4667.39647740,4661.50366203,4667.46824146,4661.76430274,7.18,26.06,570.39,12.2245,BULLISH,COUNTER
2026.01.19 17:40_BUY,XAUUSD,PERIOD_M5,PERIOD_M15,2026.01.19 17:40:00,1768844400021,2026.01.19 17:40:00,BUY,OK,17,40,1,4669.65,4669.81,4669.73,16.0,0.3426,4666.79448562,4667.13144594,4667.36558850,4667.36040540,57.11,22.90,0.52,0.0111,0.0111,300.57,6.4366,0.053232,4666.61,4669.75,4665.96,4669.65,BULLISH,304.00,379.00,0.802111,1.260932,10.2468,10.2468,4667.46824146,4661.76430274,4667.39602799,4661.95825165,-7.22,19.39,543.78,11.6447,BULLISH,ALIGNED
2026.01.19 21:20_SELL,XAUUSD,PERIOD_M5,PERIOD_M15,2026.01.19 21:20:00,1768857600009,2026.01.19 21:20:00,SELL,OK,21,20,1,4672.35,4672.55,4672.45,20.0,0.4280,4675.11433037,4675.08717151,4674.56146430,4674.83833773,-55.29,-24.88,-27.69,-0.5926,0.5926,216.86,4.6412,0.092227,4671.92,4672.57,4670.88,4672.35,BULLISH,43.00,169.00,0.254438,0.779315,-4.7919,4.7919,4673.03014246,4667.28446079,4672.92441461,4667.46624664,-10.57,18.18,545.82,11.6816,BULLISH,COUNTER
2026.01.20 03:15_BUY,XAUUSD,PERIOD_M5,PERIOD_M15,2026.01.20 03:15:00,1768878900015,2026.01.20 03:15:00,BUY,OK,3,15,2,4670.22,4670.41,4670.32,19.0,0.4068,4665.53632863,4666.01818495,4666.47306290,4666.40016813,93.67,38.20,7.29,0.1561,0.1561,397.36,8.5081,0.047816,4671.60,4672.89,4667.42,4670.22,BEARISH,138.00,547.00,0.252285,1.376595,21.0281,21.0281,4668.10145404,4666.81091730,4668.30322032,4666.94460682,20.18,13.37,135.86,2.9090,BULLISH,ALIGNED
2026.01.20 04:25_SELL,XAUUSD,PERIOD_M5,PERIOD_M15,2026.01.20 04:25:00,1768883100708,2026.01.20 04:25:00,SELL,OK,4,25,2,4668.07,4668.27,4668.17,20.0,0.4284,4668.95803641,4668.91665776,4668.78042913,4668.83968888,-17.76,-7.70,-5.93,-0.1269,0.1269,316.07,6.7708,0.063277,4667.59,4669.14,4667.17,4668.07,BULLISH,48.00,197.00,0.243655,0.623277,2.0569,-2.0569,4669.06733054,4667.43451016,4668.78187049,4667.38099996,-28.55,-5.35,140.09,3.0009,BULLISH,COUNTER
2026.01.20 04:30_BUY,XAUUSD,PERIOD_M5,PERIOD_M15,2026.01.20 04:30:00,1768883400098,2026.01.20 04:30:00,BUY,OK,4,30,2,4672.04,4672.26,4672.15,22.0,0.4709,4668.78042913,4668.83968888,4669.43234330,4669.13062625,65.19,29.09,30.17,0.6458,0.6458,329.14,7.0448,0.066840,4668.07,4673.49,4668.07,4672.04,BULLISH,397.00,542.00,0.732472,1.646701,12.7945,12.7945,4668.78187049,4667.38099996,4669.09216854,4667.56370584,31.03,18.27,152.85,3.2714,BULLISH,ALIGNED
2026.01.20 05:10_SELL,XAUUSD,PERIOD_M5,PERIOD_M15,2026.01.20 05:10:00,1768885800000,2026.01.20 05:10:00,SELL,OK,5,10,2,4666.59,4666.78,4666.68,19.0,0.4071,4669.79304439,4669.73595384,4669.15243551,4669.44995804,-64.06,-28.60,-29.75,-0.6375,0.6375,333.29,7.1418,0.057008,4668.64,4669.00,4666.11,4666.59,BEARISH,205.00,289.00,0.709343,0.867124,-4.3268,4.3268,4669.56720011,4667.81924679,4669.48270486,4667.85300182,-8.45,3.38,162.97,3.4922,BULLISH,COUNTER
2026.01.20 05:20_BUY,XAUUSD,PERIOD_M5,PERIOD_M15,2026.01.20 05:20:00,1768886400063,2026.01.20 05:20:00,BUY,OK,5,20,2,4672.99,4673.21,4673.10,22.0,0.4708,4669.63594841,4669.64268912,4670.30675873,4669.94699011,67.08,30.43,35.98,0.7699,0.7699,334.36,7.1549,0.065798,4671.60,4673.48,4671.14,4672.99,BULLISH,139.00,234.00,0.594017,0.699850,9.3175,9.3175,4669.48270486,4667.85300182,4669.68149487,4667.99876645,19.88,14.58,168.27,3.6009,BULLISH,ALIGNED
2026.01.20 12:45_SELL,XAUUSD,PERIOD_M5,PERIOD_M15,2026.01.20 12:45:00,1768913100078,2026.01.20 12:45:00,SELL,OK,12,45,2,4724.50,4724.64,4724.57,14.0,0.2963,4729.54334399,4729.04630125,4728.53467519,4728.63300114,-100.87,-41.33,-9.83,-0.2081,0.2081,351.64,7.4429,0.039813,4726.39,4727.78,4723.69,4724.50,BEARISH,189.00,409.00,0.462103,1.163112,-7.1702,7.1702,4719.08996168,4700.72583556,4719.60520343,4701.65815573,51.52,93.23,1794.70,37.9866,BULLISH,COUNTER
2026.01.20 13:45_BUY,XAUUSD,PERIOD_M5,PERIOD_M15,2026.01.20 13:45:00,1768916700007,2026.01.20 13:45:00,BUY,OK,13,45,2,4732.27,4732.43,4732.35,16.0,0.3381,4727.67083384,4727.68932220,4728.58866707,4728.10483836,91.78,41.55,48.38,1.0224,1.0224,300.21,6.3439,0.053295,4731.24,4732.29,4729.50,4732.26,BULLISH,102.00,279.00,0.365591,0.929336,11.4029,11.4029,4721.41132818,4704.47455793,4722.44453502,4705.56418311,103.32,108.96,1688.04,35.6701,BULLISH,ALIGNED
2026.01.20 14:35_SELL,XAUUSD,PERIOD_M5,PERIOD_M15,2026.01.20 14:35:00,1768919700026,2026.01.20 14:35:00,SELL,OK,14,35,2,4726.46,4726.64,4726.55,18.0,0.3808,4729.41731891,4729.22853407,4728.82585513,4728.97684916,-59.15,-25.17,-15.10,-0.3195,0.3195,316.21,6.6902,0.056923,4726.67,4728.38,4724.08,4726.46,BEARISH,21.00,430.00,0.048837,1.359837,-6.9348,6.9348,4724.08280531,4707.56003216,4724.32730005,4708.30865835,24.45,74.86,1601.86,33.8908,BULLISH,COUNTER
2026.01.20 15:55_BUY,XAUUSD,PERIOD_M5,PERIOD_M15,2026.01.20 15:55:00,1768924500016,2026.01.20 15:55:00,BUY,OK,15,55,2,4731.74,4731.89,4731.82,15.0,0.3170,4725.68383178,4726.09383734,4726.88706542,4726.60348849,120.32,50.97,28.36,0.5993,0.5993,560.86,11.8529,0.026745,4730.28,4734.19,4727.68,4731.70,BULLISH,142.00,651.00,0.218126,1.160723,23.2167,23.2167,4724.22150076,4710.65953573,4724.74611974,4711.40739707,52.46,74.79,1333.87,28.1894,BULLISH,ALIGNED
2026.01.20 17:30_SELL,XAUUSD,PERIOD_M5,PERIOD_M15,2026.01.20 17:30:00,1768930200070,2026.01.20 17:30:00,SELL,OK,17,30,2,4723.99,4724.18,4724.09,19.0,0.4022,4738.85554003,4737.46894174,4735.88243202,4736.24358340,-297.31,-122.54,-36.12,-0.7645,0.7645,900.36,19.0589,0.021103,4729.67,4729.67,4722.41,4723.99,BEARISH,568.00,726.00,0.782369,0.806347,-43.4179,43.4179,4732.68434262,4717.98092941,4731.85630999,4718.21657924,-82.80,23.56,1363.97,28.8727,BULLISH,COUNTER
2026.01.20 18:15_BUY,XAUUSD,PERIOD_M5,PERIOD_M15,2026.01.20 18:15:00,1768932900096,2026.01.20 18:15:00,BUY,OK,18,15,2,4741.37,4741.56,4741.47,19.0,0.4007,4734.53503704,4735.06350052,4735.90202963,4735.63681866,136.70,57.33,26.52,0.5593,0.5593,815.71,17.2038,0.023292,4734.84,4743.57,4734.84,4741.37,BULLISH,653.00,873.00,0.747995,1.070228,8.1689,8.1689,4732.47598165,4719.52264004,4733.32303101,4720.37939925,84.70,85.68,1294.36,27.2988,BULLISH,ALIGNED
2026.01.20 22:20_SELL,XAUUSD,PERIOD_M5,PERIOD_M15,2026.01.20 22:20:00,1768947600025,2026.01.20 22:20:00,SELL,OK,22,20,2,4755.71,4755.90,4755.81,19.0,0.3995,4759.99210110,4759.67910168,4759.13568088,4759.31827426,-85.64,-36.08,-18.26,-0.3839,0.3839,404.50,8.5054,0.046972,4760.07,4760.78,4751.83,4755.71,BEARISH,436.00,895.00,0.487151,2.212608,-4.3718,4.3718,4752.86516696,4737.10747553,4753.55134153,4738.00796669,68.62,90.05,1554.34,32.6830,BULLISH,COUNTER
2026.01.20 23:15_BUY,XAUUSD,PERIOD_M5,PERIOD_M15,2026.01.20 23:15:00,1768950900086,2026.01.20 23:15:00,BUY,OK,23,15,2,4760.16,4760.36,4760.26,20.0,0.4201,4755.93692005,4756.34891999,4756.80153604,4756.70447272,86.46,35.56,9.71,0.2039,0.2039,451.21,9.4788,0.044325,4758.53,4760.27,4758.39,4760.26,BULLISH,173.00,188.00,0.920213,0.416653,7.6315,7.6315,4753.27561943,4739.63113533,4753.94079854,4740.44011042,66.52,80.90,1350.07,28.3612,BULLISH,ALIGNED
2026.01.21 09:00_SELL,XAUUSD,PERIOD_M5,PERIOD_M15,2026.01.21 09:00:00,1768986000002,2026.01.21 09:00:00,SELL,OK,9,0,3,4847.68,4847.81,4847.75,13.0,0.2682,4868.42206243,4868.07842667,4864.27364995,4866.22402425,-414.84,-185.44,-195.04,-4.0233,4.0233,793.07,16.3596,0.016392,4861.15,4861.92,4845.78,4847.68,BEARISH,1347.00,1614.00,0.834572,2.035126,-28.6941,28.6941,4849.40976172,4812.01304680,4849.24502251,4813.41175085,-16.47,139.87,3583.33,73.9174,BULLISH,COUNTER
2026.01.21 10:20_BUY,XAUUSD,PERIOD_M5,PERIOD_M15,2026.01.21 10:20:00,1768990800030,2026.01.21 10:20:00,BUY,OK,10,20,3,4865.30,4865.45,4865.38,15.0,0.3083,4854.98599623,4855.01927661,4857.04279698,4855.95116055,205.68,93.19,109.16,2.2437,2.2437,680.71,13.9910,0.022036,4858.57,4866.45,4858.46,4865.27,BULLISH,670.00,799.00,0.838548,1.173767,11.2144,11.2144,4848.95841321,4818.52309220,4849.86999290,4820.09199054,91.16,156.89,2977.80,61.2039,BULLISH,ALIGNED
2026.01.21 12:35_SELL,XAUUSD,PERIOD_M5,PERIOD_M15,2026.01.21 12:35:00,1768998900043,2026.01.21 12:35:00,SELL,OK,12,35,3,4860.69,4860.88,4860.78,19.0,0.3909,4863.39080206,4863.11883648,4862.85064165,4862.89803317,-54.02,-22.08,-4.74,-0.0975,0.0975,607.93,12.5068,0.031254,4860.47,4862.89,4860.05,4860.69,BULLISH,22.00,284.00,0.077465,0.467160,-1.6867,1.6867,4857.52286314,4832.00690724,4857.80354284,4833.12310696,28.07,111.62,2468.04,50.7746,BULLISH,COUNTER
2026.01.21 12:45_BUY,XAUUSD,PERIOD_M5,PERIOD_M15,2026.01.21 12:45:00,1768999500035,2026.01.21 12:45:00,BUY,OK,12,45,3,4864.96,4865.14,4865.05,18.0,0.3700,4862.87051332,4862.90275743,4863.28841065,4863.08977948,41.79,18.70,19.86,0.4083,0.4083,455.86,9.3700,0.039486,4862.95,4865.71,4862.87,4864.96,BULLISH,201.00,284.00,0.707746,0.623002,9.2378,9.2378,4857.80354284,4833.12310696,4858.48511019,4834.37161257,68.16,124.85,2411.35,49.5647,BULLISH,ALIGNED
2026.01.21 13:05_SELL,XAUUSD,PERIOD_M5,PERIOD_M15,2026.01.21 13:05:00,1769000700136,2026.01.21 13:05:00,SELL,OK,13,5,3,4861.67,4861.85,4861.76,18.0,0.3702,4863.24374625,4863.14373364,4862.92699700,4863.00884877,-31.67,-13.49,-8.19,-0.1684,0.1684,376.86,7.7515,0.047763,4862.13,4862.92,4860.83,4861.66,BEARISH,47.00,209.00,0.224880,0.554587,-6.3724,6.3724,4858.48511019,4834.37161257,4858.83224255,4835.46017678,34.71,108.86,2337.21,48.0733,BULLISH,COUNTER
2026.01.21 13:10_BUY,XAUUSD,PERIOD_M5,PERIOD_M15,2026.01.21 13:10:00,1769001000014,2026.01.21 13:10:00,BUY,OK,13,10,3,4864.05,4864.23,4864.14,18.0,0.3701,4862.92699700,4863.00884877,4863.15159760,4863.10349888,22.46,9.47,4.81,0.0989,0.0989,362.93,7.4613,0.049597,4861.67,4864.20,4861.11,4864.05,BULLISH,238.00,309.00,0.770227,0.851407,1.5833,1.5833,4858.48511019,4834.37161257,4858.83224255,4835.46017678,34.71,108.86,2337.21,48.0497,BULLISH,ALIGNED
2026.01.21 13:50_SELL,XAUUSD,PERIOD_M5,PERIOD_M15,2026.01.21 13:50:00,1769003400051,2026.01.21 13:50:00,SELL,OK,13,50,3,4860.77,4860.92,4860.85,15.0,0.3086,4864.70195002,4864.34217653,4863.91556001,4864.01743321,-78.64,-32.47,-10.19,-0.2096,0.2096,374.14,7.6971,0.040092,4862.27,4862.72,4855.25,4860.77,BEARISH,150.00,747.00,0.200803,1.996564,-4.6884,4.6884,4860.16866114,4837.82177026,4860.36878865,4838.78052437,20.01,95.88,2158.83,44.4126,BULLISH,COUNTER
2026.01.21 14:00_BUY,XAUUSD,PERIOD_M5,PERIOD_M15,2026.01.21 14:00:00,1769004000063,2026.01.21 14:00:00,BUY,OK,14,0,3,4866.84,4867.00,4866.92,16.0,0.3288,4863.66244801,4863.89312110,4864.29795841,4864.16101918,63.55,26.79,13.69,0.2814,0.2814,393.64,8.0881,0.040646,4862.65,4866.84,4862.43,4866.84,BULLISH,419.00,441.00,0.950113,1.120305,9.3989,9.3989,4860.36878865,4838.78052437,4860.98509449,4839.88089596,61.63,110.04,2110.42,43.3625,BULLISH,ALIGNED
2026.01.21 14:15_SELL,XAUUSD,PERIOD_M5,PERIOD_M15,2026.01.21 14:15:00,1769004900036,2026.01.21 14:15:00,SELL,OK,14,15,3,4862.20,4862.36,4862.28,16.0,0.3291,4864.46789338,4864.28158610,4864.01431471,4864.09235100,-45.36,-18.92,-7.80,-0.1605,0.1605,399.50,8.2163,0.040050,4863.57,4863.92,4861.32,4862.20,BEARISH,137.00,260.00,0.526923,0.650814,-9.5339,9.5339,4860.98509449,4839.88089596,4861.10079978,4840.75615494,11.57,87.53,2034.46,41.8418,BULLISH,COUNTER
2026.01.21 14:40_BUY,XAUUSD,PERIOD_M5,PERIOD_M15,2026.01.21 14:40:00,1769006400084,2026.01.21 14:40:00,BUY,OK,14,40,3,4866.44,4866.63,4866.53,19.0,0.3904,4863.53224730,4863.64828359,4864.11579784,4863.90298508,58.36,25.47,21.28,0.4373,0.4373,466.36,9.5829,0.040741,4866.49,4870.81,4866.16,4866.45,BEARISH,4.00,465.00,0.008602,0.997090,10.0791,10.0791,4861.10079978,4840.75615494,4861.44548551,4841.69591357,34.47,93.98,1974.96,40.5824,BULLISH,ALIGNED
2026.01.21 14:50_SELL,XAUUSD,PERIOD_M5,PERIOD_M15,2026.01.21 14:50:00,1769007000045,2026.01.21 14:50:00,SELL,OK,14,50,3,4858.86,4858.97,4858.91,11.0,0.2264,4864.38463827,4864.04453189,4863.27971062,4863.57321081,-110.49,-47.13,-29.35,-0.6040,0.6040,488.71,10.0581,0.022508,4865.53,4865.72,4856.79,4858.86,BEARISH,667.00,893.00,0.746920,1.827243,-15.7197,15.7197,4861.44548551,4841.69591357,4861.82782023,4842.62783853,38.23,93.19,1920.00,39.5150,BULLISH,COUNTER
2026.01.21 15:10_BUY,XAUUSD,PERIOD_M5,PERIOD_M15,2026.01.21 15:10:00,1769008200011,2026.01.21 15:10:00,BUY,OK,15,10,3,4868.72,4868.88,4868.80,16.0,0.3286,4862.99841184,4863.36982029,4864.14272947,4863.85620027,114.43,48.64,28.65,0.5885,0.5885,526.43,10.8123,0.030393,4861.23,4869.75,4860.44,4868.72,BULLISH,749.00,931.00,0.804511,1.768521,13.6155,13.6155,4861.82782023,4842.62783853,4862.13374211,4843.50674682,30.59,87.89,1862.70,38.2579,BULLISH,ALIGNED
2026.01.21 16:15_SELL,XAUUSD,PERIOD_M5,PERIOD_M15,2026.01.21 16:15:00,1769012100026,2026.01.21 16:15:00,SELL,OK,16,15,3,4844.66,4844.85,4844.76,19.0,0.3922,4868.63470825,4867.97986656,4863.83976660,4865.85987869,-479.49,-212.00,-202.01,-4.1697,4.1697,1053.43,21.7437,0.018036,4864.66,4869.26,4839.36,4844.66,BEARISH,2000.00,2990.00,0.668896,2.838351,-71.4008,71.4008,4866.04807866,4847.97073387,4864.01111879,4847.84090117,-203.70,-12.98,1617.02,33.3767,BULLISH,COUNTER
2026.01.21 20:35_BUY,XAUUSD,PERIOD_M5,PERIOD_M15,2026.01.21 20:35:00,1769027700008,2026.01.21 20:35:00,BUY,OK,20,35,3,4835.23,4835.40,4835.31,17.0,0.3516,4825.95523285,4826.68916927,4827.81018628,4827.46560843,185.50,77.64,34.46,0.7126,0.7126,901.14,18.6367,0.018865,4834.07,4838.65,4833.76,4835.23,BULLISH,116.00,489.00,0.237219,0.542644,28.8510,28.8510,4838.60902284,4842.00521910,4838.17768733,4841.69442619,-43.13,-31.08,-351.67,-7.2730,BEARISH,COUNTER
2026.01.21 21:35_SELL,XAUUSD,PERIOD_M5,PERIOD_M15,2026.01.21 21:35:00,1769031300019,2026.01.21 21:35:00,SELL,OK,21,35,3,4805.83,4806.03,4805.93,20.0,0.4162,4839.89978719,4837.06920540,4833.08582975,4834.22927764,-681.40,-283.99,-114.34,-2.3792,2.3792,993.29,20.6679,0.020135,4816.06,4821.27,4800.74,4805.83,BEARISH,1023.00,2053.00,0.498295,2.066878,-89.0491,89.0491,4840.21625282,4842.16110476,4837.91565732,4841.13753202,-230.06,-102.36,-322.19,-6.7040,BEARISH,ALIGNED
2026.01.21 22:55_BUY,XAUUSD,PERIOD_M5,PERIOD_M15,2026.01.21 22:55:00,1769036100001,2026.01.21 22:55:00,BUY,OK,22,55,3,4824.01,4824.20,4824.10,19.0,0.3939,4804.63939864,4805.23478657,4808.51151891,4806.94071507,387.21,170.59,157.08,3.2562,3.2562,1289.00,26.7200,0.014740,4818.81,4827.93,4818.36,4824.00,BULLISH,519.00,957.00,0.542320,0.742436,38.8527,38.8527,4820.18202548,4832.60244960,4820.18183258,4832.11529472,-0.02,-48.72,-1193.35,-24.7372,BEARISH,COUNTER
2026.01.22 01:20_SELL,XAUUSD,PERIOD_M5,PERIOD_M15,2026.01.22 01:20:00,1769044800059,2026.01.22 01:20:00,SELL,OK,1,20,4,4803.29,4803.52,4803.41,23.0,0.4788,4821.38507749,4821.05175857,4817.76606199,4819.43705324,-361.90,-161.47,-167.10,-3.4788,3.4788,839.36,17.4742,0.027402,4814.94,4815.16,4803.08,4803.29,BEARISH,1165.00,1208.00,0.964404,1.439197,-26.1220,26.1220,4824.22397998,4831.76692001,4823.33979141,4831.10704079,-88.42,-65.99,-776.72,-16.1703,BEARISH,ALIGNED
2026.01.22 03:25_BUY,XAUUSD,PERIOD_M5,PERIOD_M15,2026.01.22 03:25:00,1769052300011,2026.01.22 03:25:00,BUY,OK,3,25,4,4807.79,4807.95,4807.87,16.0,0.3328,4790.95532991,4792.66712106,4794.32226393,4794.04192824,336.69,137.48,28.03,0.5831,0.5831,947.43,19.7058,0.016888,4800.26,4809.69,4799.62,4807.79,BULLISH,753.00,1007.00,0.747766,1.062877,45.8435,45.8435,4806.38716516,4820.91986204,4804.95981610,4819.76222039,-142.73,-115.76,-1480.24,-30.7879,BEARISH,COUNTER
2026.01.22 04:15_SELL,XAUUSD,PERIOD_M5,PERIOD_M15,2026.01.22 04:15:00,1769055300007,2026.01.22 04:15:00,SELL,OK,4,15,4,4793.51,4793.73,4793.62,22.0,0.4589,4795.81178726,4795.69829588,4795.34942981,4795.49845080,-46.24,-19.98,-14.90,-0.3109,0.3109,846.36,17.6559,0.025994,4790.06,4795.69,4788.37,4793.50,BULLISH,344.00,732.00,0.469945,0.864883,-9.2748,9.2748,4803.44427153,4817.42345468,4802.49719805,4816.48527999,-94.71,-93.82,-1398.81,-29.1806,BEARISH,ALIGNED
2026.01.22 05:40_BUY,XAUUSD,PERIOD_M5,PERIOD_M15,2026.01.22 05:40:00,1769060400020,2026.01.22 05:40:00,BUY,OK,5,40,4,4792.97,4793.20,4793.09,23.0,0.4799,4789.85886225,4789.99428594,4790.48108980,4790.26480540,62.22,27.05,21.63,0.4512,0.4512,589.21,12.2930,0.039035,4792.83,4793.64,4791.56,4792.97,BULLISH,14.00,208.00,0.067308,0.353012,4.0075,4.0075,4797.46302768,4812.14406308,4797.00273933,4811.37880571,-46.03,-76.53,-1437.61,-29.9933,BEARISH,COUNTER
2026.01.22 10:45_SELL,XAUUSD,PERIOD_M5,PERIOD_M15,2026.01.22 10:45:00,1769078700033,2026.01.22 10:45:00,SELL,OK,10,45,4,4826.61,4826.78,4826.69,17.0,0.3522,4828.08802601,4828.02844277,4827.79242081,4827.89949343,-29.56,-12.89,-10.71,-0.2218,0.2218,433.50,8.9813,0.039216,4826.58,4828.67,4824.77,4826.61,BULLISH,3.00,390.00,0.007692,0.899654,0.4973,-0.4973,4818.20676976,4814.56450977,4819.00707741,4815.03688193,80.03,47.24,397.02,8.2255,BULLISH,COUNTER
2026.01.22 10:55_BUY,XAUUSD,PERIOD_M5,PERIOD_M15,2026.01.22 10:55:00,1769079300026,2026.01.22 10:55:00,BUY,OK,10,55,4,4830.04,4830.23,4830.14,19.0,0.3934,4827.62793665,4827.81499402,4828.11034932,4828.01726729,48.24,20.23,9.31,0.1927,0.1927,410.64,8.5017,0.046269,4826.97,4830.21,4826.30,4830.04,BULLISH,307.00,391.00,0.785166,0.952166,7.1686,7.1686,4818.20676976,4814.56450977,4819.00707741,4815.03688193,80.03,47.24,397.02,8.2196,BULLISH,ALIGNED
2026.01.22 11:40_SELL,XAUUSD,PERIOD_M5,PERIOD_M15,2026.01.22 11:40:00,1769082000010,2026.01.22 11:40:00,SELL,OK,11,40,4,4820.67,4820.82,4820.74,15.0,0.3112,4829.15003098,4829.09870140,4827.45202479,4828.33154673,-169.80,-76.72,-87.95,-1.8245,1.8245,459.36,9.5288,0.032654,4824.32,4825.99,4819.94,4820.66,BEARISH,366.00,605.00,0.604959,1.317058,-17.3947,17.3947,4821.33395679,4816.32597982,4822.10881805,4816.84143160,77.49,51.55,526.74,10.9265,BULLISH,COUNTER
2026.01.22 12:45_BUY,XAUUSD,PERIOD_M5,PERIOD_M15,2026.01.22 12:45:00,1769085900001,2026.01.22 12:45:00,BUY,OK,12,45,4,4828.18,4828.35,4828.27,17.0,0.3521,4825.34650315,4825.41498161,4825.91320252,4825.66634692,56.67,25.14,24.69,0.5113,0.5113,414.50,8.5849,0.041013,4828.20,4828.91,4826.47,4828.18,BEARISH,2.00,244.00,0.008197,0.588661,2.8590,2.8590,4822.35451163,4817.69552934,4822.90932005,4818.10668505,55.48,41.12,480.26,9.9469,BULLISH,ALIGNED
2026.01.22 14:15_SELL,XAUUSD,PERIOD_M5,PERIOD_M15,2026.01.22 14:15:00,1769091300003,2026.01.22 14:15:00,SELL,OK,14,15,4,4824.83,4825.01,4824.92,18.0,0.3731,4828.52069310,4828.30979074,4827.78255448,4827.99344613,-73.81,-31.63,-21.09,-0.4371,0.4371,376.93,7.8121,0.047754,4824.04,4827.59,4823.90,4824.83,BULLISH,79.00,369.00,0.214092,0.978965,-12.9371,12.9371,4825.37248913,4820.09195570,4825.32082350,4820.27776135,-5.17,18.58,504.31,10.4521,BULLISH,COUNTER
2026.01.22 14:25_BUY,XAUUSD,PERIOD_M5,PERIOD_M15,2026.01.22 14:25:00,1769091900005,2026.01.22 14:25:00,BUY,OK,14,25,4,4830.74,4830.91,4830.82,17.0,0.3519,4827.67404359,4827.92495103,4828.28723487,4828.18086457,61.32,25.59,10.64,0.2202,0.2202,376.00,7.7833,0.045213,4827.26,4830.82,4827.11,4830.74,BULLISH,348.00,371.00,0.938005,0.986702,13.8888,13.8888,4825.37248913,4820.09195570,4825.32082350,4820.27776135,-5.17,18.58,504.31,10.4393,BULLISH,ALIGNED
2026.01.22 15:00_SELL,XAUUSD,PERIOD_M5,PERIOD_M15,2026.01.22 15:00:00,1769094000067,2026.01.22 15:00:00,SELL,OK,15,0,4,4819.71,4819.84,4819.77,13.0,0.2697,4828.63628698,4828.60891745,4826.85102958,4827.79992495,-178.53,-80.90,-94.89,-1.9688,1.9688,361.00,7.4900,0.036011,4826.03,4826.18,4818.89,4819.71,BEARISH,632.00,729.00,0.866941,2.019391,-20.6432,20.6432,4826.27963103,4821.07420416,4825.65395188,4821.02070595,-62.57,-5.35,463.32,9.6130,BULLISH,COUNTER
2026.01.22 15:25_BUY,XAUUSD,PERIOD_M5,PERIOD_M15,2026.01.22 15:25:00,1769095500011,2026.01.22 15:25:00,BUY,OK,15,25,4,4834.07,4834.23,4834.15,16.0,0.3310,4826.48750972,4827.12754863,4828.00400777,4827.75868057,151.65,63.11,24.53,0.5075,0.5075,423.79,8.7665,0.037755,4831.39,4834.27,4827.08,4834.07,BULLISH,268.00,719.00,0.372740,1.696612,27.1938,27.1938,4825.65395188,4821.02070595,4825.75452789,4821.24381552,10.06,22.31,451.07,9.3309,BULLISH,ALIGNED
2026.01.22 15:35_SELL,XAUUSD,PERIOD_M5,PERIOD_M15,2026.01.22 15:35:00,1769096100006,2026.01.22 15:35:00,SELL,OK,15,35,4,4822.54,4822.70,4822.62,16.0,0.3318,4827.90720622,4827.73698234,4826.83176497,4827.26362031,-107.54,-47.34,-43.19,-0.8955,0.8955,504.29,10.4567,0.031728,4827.49,4827.49,4817.72,4822.53,BEARISH,496.00,977.00,0.507677,1.937394,-18.3384,18.3384,4825.75452789,4821.24381552,4825.92266809,4821.48994041,16.81,24.61,443.27,9.1915,BULLISH,COUNTER
2026.01.22 16:30_BUY,XAUUSD,PERIOD_M5,PERIOD_M15,2026.01.22 16:30:00,1769099400006,2026.01.22 16:30:00,BUY,OK,16,30,4,4829.41,4829.57,4829.49,16.0,0.3313,4823.28120378,4823.97316915,4824.50696303,4824.46742650,122.58,49.43,3.95,0.0819,0.0819,633.71,13.1218,0.025248,4826.05,4830.47,4825.78,4829.41,BULLISH,336.00,469.00,0.716418,0.740081,10.9450,10.9450,4824.49632226,4821.34635441,4824.96429157,4821.66257581,46.80,31.62,330.17,6.8366,BULLISH,ALIGNED
2026.01.23 05:20_SELL,XAUUSD,PERIOD_M5,PERIOD_M15,2026.01.23 05:20:00,1769145600011,2026.01.23 05:20:00,SELL,OK,5,20,5,4939.38,4939.61,4939.49,23.0,0.4656,4956.37598618,4954.79970503,4952.97678894,4953.39791367,-339.92,-140.18,-42.11,-0.8526,0.8526,510.71,10.3394,0.045035,4954.92,4955.33,4939.31,4939.38,BEARISH,1554.00,1602.00,0.970037,3.136783,-33.6960,33.6960,4944.06790558,4914.19523557,4945.10143838,4915.79228516,103.35,159.70,2930.92,59.3363,BULLISH,COUNTER
2026.01.23 06:30_BUY,XAUUSD,PERIOD_M5,PERIOD_M15,2026.01.23 06:30:00,1769149800040,2026.01.23 06:30:00,BUY,OK,6,30,5,4952.90,4953.10,4953.00,20.0,0.4038,4951.92798808,4951.93867872,4952.12239046,4952.02607156,19.44,8.74,9.63,0.1945,0.1945,409.86,8.2749,0.048797,4951.91,4952.90,4950.70,4952.90,BULLISH,99.00,220.00,0.450000,0.536772,0.9894,0.9894,4946.67431323,4920.80155925,4947.26723578,4922.06032163,59.29,125.88,2520.69,50.8922,BULLISH,ALIGNED
2026.01.23 08:30_SELL,XAUUSD,PERIOD_M5,PERIOD_M15,2026.01.23 08:30:00,1769157000010,2026.01.23 08:30:00,SELL,OK,8,30,5,4953.01,4953.20,4953.10,19.0,0.3836,4957.49815544,4957.28890702,4956.59852435,4956.89900638,-89.96,-38.99,-30.05,-0.6067,0.6067,470.50,9.4991,0.040383,4958.78,4958.88,4952.76,4953.00,BEARISH,578.00,612.00,0.944444,1.300744,0.7471,-0.7471,4952.32055875,4930.67022965,4952.38526744,4931.54590692,6.47,87.57,2083.94,42.0733,BULLISH,COUNTER
2026.01.23 12:30_BUY,XAUUSD,PERIOD_M5,PERIOD_M15,2026.01.23 12:30:00,1769171400008,2026.01.23 12:30:00,BUY,OK,12,30,5,4929.42,4929.62,4929.52,20.0,0.4057,4920.78978744,4921.04146774,4922.51582995,4921.80315250,172.60,76.17,71.27,1.4457,1.4457,594.29,12.0557,0.033654,4926.31,4932.45,4926.31,4929.42,BULLISH,311.00,614.00,0.506515,1.033173,16.3776,16.3776,4931.72973458,4930.54706145,4931.50975986,4930.50286296,-22.00,-4.42,100.69,2.0426,BULLISH,ALIGNED
2026.01.23 13:15_SELL,XAUUSD,PERIOD_M5,PERIOD_M15,2026.01.23 13:15:00,1769174100008,2026.01.23 13:15:00,SELL,OK,13,15,5,4918.50,4918.69,4918.59,19.0,0.3863,4924.29306041,4923.73929225,4923.13444833,4923.26299295,-115.86,-47.63,-12.85,-0.2613,0.2613,471.07,9.5774,0.040334,4920.56,4921.51,4917.92,4918.50,BEARISH,206.00,359.00,0.573816,0.762092,-22.9825,22.9825,4931.05769458,4930.38669511,4929.86172366,4929.92055020,-119.60,-46.61,-5.88,-0.1196,BEARISH,ALIGNED
2026.01.23 13:50_BUY,XAUUSD,PERIOD_M5,PERIOD_M15,2026.01.23 13:50:00,1769176200049,2026.01.23 13:50:00,BUY,OK,13,50,5,4925.95,4926.11,4926.03,16.0,0.3248,4922.43596098,4922.60542515,4923.13876879,4922.90947741,70.28,30.41,22.93,0.4655,0.4655,459.71,9.3323,0.034804,4923.43,4926.14,4922.35,4925.95,BULLISH,252.00,379.00,0.664908,0.824425,4.4275,4.4275,4929.00441665,4929.56523451,4928.47351982,4929.32463708,-53.09,-24.06,-85.11,-1.7278,BEARISH,COUNTER
2026.01.23 20:40_SELL,XAUUSD,PERIOD_M5,PERIOD_M15,2026.01.23 20:40:00,1769200800079,2026.01.23 20:40:00,SELL,OK,20,40,5,4971.01,4971.21,4971.11,20.0,0.4023,4978.14835030,4977.67218270,4976.72068024,4977.06652973,-142.77,-60.57,-34.58,-0.6957,0.6957,673.71,13.5526,0.029686,4974.64,4976.25,4969.82,4971.01,BEARISH,363.00,643.00,0.564541,0.954411,-20.4168,20.4168,4964.32613679,4949.19853889,4965.68650471,4950.35192952,136.04,115.34,1533.46,30.8474,BULLISH,COUNTER
2026.01.23 21:30_BUY,XAUUSD,PERIOD_M5,PERIOD_M15,2026.01.23 21:30:00,1769203800015,2026.01.23 21:30:00,BUY,OK,21,30,5,4977.37,4977.55,4977.46,18.0,0.3616,4974.02064160,4974.23997540,4974.69051328,4974.52452309,66.99,28.45,16.60,0.3335,0.3335,619.29,12.4418,0.029066,4976.60,4978.68,4974.81,4977.37,BULLISH,77.00,387.00,0.198966,0.624913,6.4735,6.4735,4966.49575163,4952.41703399,4967.53139433,4953.39558168,103.56,97.85,1413.58,28.3997,BULLISH,ALIGNED
2026.01.26 06:05_SELL,XAUUSD,PERIOD_M5,PERIOD_M15,2026.01.26 06:05:00,1769407500005,2026.01.26 06:05:00,SELL,OK,6,5,1,5073.66,5073.87,5073.76,21.0,0.4139,5077.81375829,5077.62075692,5076.97900663,5077.25886993,-83.48,-36.19,-27.99,-0.5516,0.5516,655.43,12.9180,0.032040,5076.66,5076.95,5072.20,5073.64,BEARISH,302.00,475.00,0.635789,0.724717,-1.3007,1.3007,5056.45378114,5017.04219699,5058.37818294,5019.38015005,192.44,233.80,3899.80,76.8621,BULLISH,COUNTER
2026.01.26 08:05_BUY,XAUUSD,PERIOD_M5,PERIOD_M15,2026.01.26 08:05:00,1769414700000,2026.01.26 08:05:00,BUY,OK,8,5,1,5079.24,5079.42,5079.33,18.0,0.3544,5068.01866849,5068.13749288,5070.25493479,5069.14317534,223.63,100.57,111.18,2.1888,2.1888,859.50,16.9215,0.020942,5074.30,5082.27,5073.74,5079.20,BULLISH,490.00,853.00,0.574443,0.992437,14.1956,14.1956,5062.39582083,5030.99385223,5063.53050456,5032.69252469,113.47,169.87,3083.80,60.7127,BULLISH,ALIGNED
2026.01.26 11:00_SELL,XAUUSD,PERIOD_M5,PERIOD_M15,2026.01.26 11:00:00,1769425200037,2026.01.26 11:00:00,SELL,OK,11,0,1,5083.39,5083.58,5083.49,19.0,0.3738,5091.45973254,5090.82810948,5089.84978604,5090.15373589,-160.99,-67.44,-30.39,-0.5979,0.5979,471.71,9.2793,0.040279,5083.05,5084.64,5081.22,5083.41,BULLISH,36.00,342.00,0.105263,0.725015,-19.3785,19.3785,5081.01153310,5052.58546726,5081.23995852,5053.79427247,22.84,120.88,2744.57,53.9899,BULLISH,COUNTER
2026.01.26 11:20_BUY,XAUUSD,PERIOD_M5,PERIOD_M15,2026.01.26 11:20:00,1769426400040,2026.01.26 11:20:00,BUY,OK,11,20,1,5093.57,5093.70,5093.64,13.0,0.2552,5089.87101045,5090.06224335,5090.60480836,5090.37840304,73.38,31.62,22.64,0.4445,0.4445,444.21,8.7210,0.029265,5091.21,5094.28,5091.21,5093.54,BULLISH,233.00,307.00,0.758958,0.691108,9.4326,9.4326,5081.23995852,5053.79427247,5082.18948628,5055.26155590,94.95,146.73,2692.79,52.8658,BULLISH,ALIGNED
2026.01.26 11:50_SELL,XAUUSD,PERIOD_M5,PERIOD_M15,2026.01.26 11:50:00,1769428200072,2026.01.26 11:50:00,SELL,OK,11,50,1,5083.81,5083.95,5083.88,14.0,0.2754,5092.77971640,5091.73209166,5090.98577312,5091.01190151,-179.39,-72.02,-2.61,-0.0514,0.0514,583.64,11.4803,0.023987,5091.49,5093.19,5083.37,5083.81,BEARISH,768.00,982.00,0.782077,1.682536,-27.9322,27.9322,5083.57524949,5056.88816155,5084.32903525,5058.24509639,75.38,135.69,2608.39,51.3071,BULLISH,COUNTER
2026.01.26 12:40_BUY,XAUUSD,PERIOD_M5,PERIOD_M15,2026.01.26 12:40:00,1769431200045,2026.01.26 12:40:00,BUY,OK,12,40,1,5094.75,5094.94,5094.84,19.0,0.3729,5088.54646969,5088.75371497,5089.78717575,5089.29883179,124.07,54.51,48.83,0.9585,0.9585,612.71,12.0262,0.031010,5092.99,5094.90,5090.39,5094.75,BULLISH,176.00,451.00,0.390244,0.736069,11.6923,11.6923,5084.78082024,5060.43630774,5085.04074212,5061.49802116,25.99,106.17,2354.27,46.2089,BULLISH,ALIGNED
2026.01.26 13:20_SELL,XAUUSD,PERIOD_M5,PERIOD_M15,2026.01.26 13:20:00,1769433600012,2026.01.26 13:20:00,SELL,OK,13,20,1,5081.41,5081.56,5081.49,15.0,0.2952,5090.75841610,5090.30264974,5088.88873288,5089.49422703,-186.97,-80.84,-60.55,-1.1916,1.1916,443.79,8.7334,0.033800,5087.97,5088.55,5078.55,5081.41,BEARISH,656.00,1000.00,0.656000,2.253340,-21.5812,21.5812,5086.34722881,5063.86357894,5086.50177845,5064.80892878,15.45,94.53,2169.28,42.6900,BULLISH,COUNTER
2026.01.26 13:55_BUY,XAUUSD,PERIOD_M5,PERIOD_M15,2026.01.26 13:55:00,1769435700359,2026.01.26 13:55:00,BUY,OK,13,55,1,5091.53,5091.63,5091.58,10.0,0.1964,5089.00768191,5089.10621702,5089.51214553,5089.32656093,50.45,22.03,18.56,0.3645,0.3645,426.43,8.3752,0.023451,5090.70,5092.55,5090.40,5091.53,BULLISH,83.00,215.00,0.386047,0.504188,-0.8837,-0.8837,5086.57399002,5065.68936295,5086.90218145,5066.64350558,32.82,95.41,2025.87,39.7886,BULLISH,ALIGNED
2026.01.26 14:40_SELL,XAUUSD,PERIOD_M5,PERIOD_M15,2026.01.26 14:40:00,1769438400038,2026.01.26 14:40:00,SELL,OK,14,40,1,5085.42,5085.59,5085.51,17.0,0.3343,5090.50206853,5090.26575290,5089.48565482,5089.82522991,-101.64,-44.05,-33.96,-0.6677,0.6677,480.64,9.4512,0.035369,5086.79,5089.83,5085.42,5085.42,BEARISH,137.00,441.00,0.310658,0.917521,-22.2299,22.2299,5087.63149094,5068.51167124,5087.85801561,5069.35474295,22.65,84.31,1850.33,36.3843,BULLISH,COUNTER
2026.01.26 16:40_BUY,XAUUSD,PERIOD_M5,PERIOD_M15,2026.01.26 16:40:00,1769445600036,2026.01.26 16:40:00,BUY,OK,16,40,1,5089.17,5089.32,5089.24,15.0,0.2947,5075.68212260,5075.86403607,5078.38369808,5077.07548733,270.16,121.15,130.82,2.5705,2.5705,849.57,16.6935,0.017656,5085.14,5090.66,5081.32,5089.19,BULLISH,405.00,934.00,0.433619,1.099378,22.5691,22.5691,5080.98501313,5070.67380249,5080.73596426,5070.97561416,-24.90,30.18,976.04,19.1784,BULLISH,ALIGNED
2026.01.26 18:35_SELL,XAUUSD,PERIOD_M5,PERIOD_M15,2026.01.26 18:35:00,1769452500030,2026.01.26 18:35:00,SELL,OK,18,35,1,5075.34,5075.38,5075.36,4.0,0.0788,5090.57970518,5088.90156507,5087.53576414,5087.67051370,-304.39,-123.11,-13.47,-0.2655,0.2655,1049.57,20.6797,0.003811,5075.68,5081.27,5070.03,5075.36,BEARISH,32.00,1124.00,0.028470,1.070913,-42.8861,42.8861,5085.98824498,5075.83365029,5085.00650736,5075.82762479,-98.17,-0.60,917.89,18.0852,BULLISH,COUNTER
2026.01.26 19:05_BUY,XAUUSD,PERIOD_M5,PERIOD_M15,2026.01.26 19:05:00,1769454300031,2026.01.26 19:05:00,BUY,OK,19,5,1,5095.22,5095.30,5095.26,8.0,0.1570,5084.86666959,5085.66229747,5086.93733568,5086.53117952,207.07,86.89,40.62,0.7971,0.7971,1058.71,20.7784,0.007556,5089.60,5095.26,5088.38,5095.22,BULLISH,562.00,688.00,0.816860,0.649845,22.4438,22.4438,5084.27064952,5075.88458068,5084.77820671,5076.42244026,50.76,53.79,835.58,16.3991,BULLISH,ALIGNED
2026.01.26 20:20_SELL,XAUUSD,PERIOD_M5,PERIOD_M15,2026.01.26 20:20:00,1769458800016,2026.01.26 20:20:00,SELL,OK,20,20,1,5087.01,5087.06,5087.03,5.0,0.0983,5091.75926676,5091.30335363,5090.80941341,5090.91304875,-94.99,-39.03,-10.36,-0.2037,0.2037,880.79,17.3143,0.005677,5078.42,5089.71,5076.78,5087.01,BULLISH,859.00,1293.00,0.664346,1.468007,-26.8395,26.8395,5088.79142588,5079.41901694,5087.80748056,5079.38140844,-98.39,-3.76,842.61,16.5638,BULLISH,COUNTER
2026.01.26 23:00_BUY,XAUUSD,PERIOD_M5,PERIOD_M15,2026.01.26 23:00:00,1769468400015,2026.01.26 23:00:00,BUY,OK,23,0,1,5055.24,5055.34,5055.29,10.0,0.1978,5048.47932565,5049.11484141,5049.83146052,5049.67167401,135.21,55.68,15.98,0.3161,0.3161,1197.93,23.6965,0.008348,5056.07,5060.64,5053.68,5055.24,BEARISH,83.00,696.00,0.119253,0.581003,17.0013,17.0013,5063.70699472,5070.05203302,5062.90061427,5069.47116898,-80.64,-58.09,-657.06,-12.9974,BEARISH,COUNTER
2026.01.26 23:15_SELL,XAUUSD,PERIOD_M5,PERIOD_M15,2026.01.26 23:15:00,1769469300010,2026.01.26 23:15:00,SELL,OK,23,15,1,5034.23,5034.40,5034.31,17.0,0.3377,5050.47453473,5050.07906943,5047.22562779,5048.63824494,-324.89,-144.08,-141.26,-2.8060,2.8060,1147.79,22.7992,0.014811,5046.00,5049.28,5034.18,5034.23,BEARISH,1177.00,1510.00,0.779470,1.315577,-41.5608,41.5608,5062.90061427,5069.47116898,5060.17007958,5068.08916235,-273.05,-138.20,-791.91,-15.7302,BEARISH,ALIGNED
2026.01.27 01:25_BUY,XAUUSD,PERIOD_M5,PERIOD_M15,2026.01.27 01:25:00,1769477100011,2026.01.27 01:25:00,BUY,OK,1,25,2,5045.71,5045.84,5045.77,13.0,0.2576,5030.90742898,5031.89252054,5033.86794318,5033.14865504,296.05,125.61,71.93,1.4255,1.4255,1333.07,26.4196,0.009752,5047.11,5049.89,5044.41,5045.71,BEARISH,140.00,548.00,0.255474,0.411081,16.6955,16.6955,5047.57132014,5061.72198688,5046.85881346,5060.87367367,-71.25,-84.83,-1401.49,-27.7754,BEARISH,COUNTER
2026.01.27 02:50_SELL,XAUUSD,PERIOD_M5,PERIOD_M15,2026.01.27 02:50:00,1769482200011,2026.01.27 02:50:00,SELL,OK,2,50,2,5023.55,5023.68,5023.61,13.0,0.2588,5043.12403289,5043.02650369,5039.20922631,5041.25591245,-391.48,-177.06,-204.67,-4.0741,4.0741,740.71,14.7446,0.017551,5031.86,5032.88,5022.20,5023.55,BEARISH,831.00,1068.00,0.778090,1.441851,-43.9185,43.9185,5047.49802322,5058.64024031,5046.00868767,5057.59003480,-148.93,-105.02,-1158.13,-23.0538,BEARISH,ALIGNED
2026.01.27 03:15_BUY,XAUUSD,PERIOD_M5,PERIOD_M15,2026.01.27 03:15:00,1769483700035,2026.01.27 03:15:00,BUY,OK,3,15,2,5071.54,5071.77,5071.66,23.0,0.4535,5037.81465910,5039.46651079,5044.55972728,5042.38228254,674.51,291.58,217.74,4.2934,4.2934,1035.71,20.4216,0.022207,5048.56,5071.58,5048.56,5071.54,BULLISH,2298.00,2302.00,0.998262,2.222621,76.9550,76.9550,5044.75166980,5056.61826873,5047.30293934,5057.20343467,255.13,58.52,-990.05,-19.5212,BEARISH,COUNTER
2026.01.27 06:50_SELL,XAUUSD,PERIOD_M5,PERIOD_M15,2026.01.27 06:50:00,1769496600065,2026.01.27 06:50:00,SELL,OK,6,50,2,5065.35,5065.47,5065.41,12.0,0.2369,5071.17408769,5070.82044957,5069.99127016,5070.31495416,-118.28,-50.55,-32.37,-0.6390,0.6390,453.93,8.9613,0.026436,5066.61,5067.24,5062.47,5065.26,BEARISH,135.00,477.00,0.283019,1.050826,-14.0959,14.0959,5064.15009048,5062.30604529,5064.38817710,5062.47639646,23.81,17.04,191.18,3.7742,BULLISH,COUNTER
2026.01.27 07:45_BUY,XAUUSD,PERIOD_M5,PERIOD_M15,2026.01.27 07:45:00,1769499900099,2026.01.27 07:45:00,BUY,OK,7,45,2,5074.62,5074.76,5074.69,14.0,0.2759,5067.15029941,5067.64665040,5068.64423953,5068.28059127,149.39,63.39,36.36,0.7166,0.7166,618.79,12.1936,0.022625,5070.42,5074.72,5068.94,5074.62,BULLISH,420.00,578.00,0.726644,0.934087,20.1801,20.1801,5064.60998669,5062.79693743,5065.56332129,5063.26058694,95.33,46.36,230.27,4.5377,BULLISH,ALIGNED
2026.01.27 10:30_SELL,XAUUSD,PERIOD_M5,PERIOD_M15,2026.01.27 10:30:00,1769509800014,2026.01.27 10:30:00,SELL,OK,10,30,2,5077.61,5077.75,5077.68,14.0,0.2757,5086.83127504,5086.54960677,5084.99302003,5085.73964252,-183.83,-81.00,-74.66,-1.4704,1.4704,642.93,12.6619,0.021775,5083.89,5083.90,5075.30,5077.64,BEARISH,625.00,860.00,0.726744,1.337629,-17.7523,17.7523,5078.78487671,5070.81371787,5078.67584084,5071.08141520,-10.90,26.77,759.44,14.9565,BULLISH,COUNTER
2026.01.27 11:30_BUY,XAUUSD,PERIOD_M5,PERIOD_M15,2026.01.27 11:30:00,1769513400022,2026.01.27 11:30:00,BUY,OK,11,30,2,5088.45,5088.61,5088.53,16.0,0.3144,5083.30420039,5083.56523311,5084.32936031,5084.00748464,102.52,44.23,32.19,0.6326,0.6326,480.36,9.4400,0.033309,5084.94,5088.67,5084.93,5088.43,BULLISH,349.00,374.00,0.933155,0.778587,9.9540,9.9540,5079.47568430,5072.28626801,5080.32847627,5072.91935554,85.28,63.31,740.91,14.5604,BULLISH,ALIGNED
2026.01.27 12:45_SELL,XAUUSD,PERIOD_M5,PERIOD_M15,2026.01.27 12:45:00,1769517900013,2026.01.27 12:45:00,SELL,OK,12,45,2,5084.61,5084.74,5084.67,13.0,0.2557,5089.84211858,5089.22012459,5088.79569486,5088.80102236,-104.64,-41.91,-0.53,-0.0105,0.0105,559.43,11.0022,0.023238,5088.45,5089.20,5084.61,5084.61,BEARISH,384.00,459.00,0.836601,0.820480,-7.2716,7.2716,5084.47544190,5075.87806916,5084.48825696,5076.22049782,1.28,34.24,826.78,16.2602,BULLISH,COUNTER
2026.01.27 14:45_BUY,XAUUSD,PERIOD_M5,PERIOD_M15,2026.01.27 14:45:00,1769525100004,2026.01.27 14:45:00,BUY,OK,14,45,2,5089.30,5089.49,5089.40,19.0,0.3733,5081.74009353,5082.49978177,5083.26007482,5083.12161979,152.00,62.18,13.85,0.2720,0.2720,592.50,11.6419,0.032068,5086.07,5090.32,5085.87,5089.34,BULLISH,327.00,445.00,0.734831,0.751055,20.2794,20.2794,5083.75115682,5077.98696427,5084.28342760,5078.43218135,53.23,44.52,585.12,11.4969,BULLISH,ALIGNED
2026.01.27 15:35_SELL,XAUUSD,PERIOD_M5,PERIOD_M15,2026.01.27 15:35:00,1769528100089,2026.01.27 15:35:00,SELL,OK,15,35,2,5076.56,5076.75,5076.66,19.0,0.3743,5085.20363444,5084.61510431,5083.47490756,5083.88282210,-172.87,-73.23,-40.79,-0.8035,0.8035,710.36,13.9926,0.026747,5080.90,5085.97,5075.11,5076.56,BEARISH,434.00,1086.00,0.399632,1.528808,-24.1116,24.1116,5084.91922305,5079.14545461,5084.54120180,5079.21622109,-37.80,7.08,532.50,10.4892,BULLISH,COUNTER
2026.01.27 17:40_BUY,XAUUSD,PERIOD_M5,PERIOD_M15,2026.01.27 17:40:00,1769535600023,2026.01.27 17:40:00,BUY,OK,17,40,2,5083.23,5083.42,5083.32,19.0,0.3738,5069.41970261,5069.47628464,5072.18176209,5070.72662240,276.21,125.03,145.51,2.8626,2.8626,1341.43,26.3888,0.014164,5077.87,5086.99,5077.34,5083.23,BULLISH,536.00,965.00,0.555440,0.719382,14.8749,14.8749,5074.66235910,5075.88060919,5074.14308680,5075.61901667,-51.93,-26.16,-147.59,-2.9035,BEARISH,COUNTER
2026.01.27 19:45_SELL,XAUUSD,PERIOD_M5,PERIOD_M15,2026.01.27 19:45:00,1769543100048,2026.01.27 19:45:00,SELL,OK,19,45,2,5082.01,5082.05,5082.03,4.0,0.0787,5086.53982623,5086.13807935,5085.63386098,5085.76279941,-90.60,-37.53,-12.89,-0.2537,0.2537,673.36,13.2498,0.005940,5084.53,5084.94,5078.58,5082.01,BEARISH,252.00,636.00,0.396226,0.944521,-10.7126,10.7126,5082.91352434,5079.57323827,5082.82747440,5079.66879755,-8.60,9.56,315.87,6.2154,BULLISH,COUNTER
2026.01.27 20:40_BUY,XAUUSD,PERIOD_M5,PERIOD_M15,2026.01.27 20:40:00,1769546400044,2026.01.27 20:40:00,BUY,OK,20,40,2,5090.00,5090.04,5090.02,4.0,0.0786,5084.15051071,5084.20623066,5085.31440857,5084.73020969,116.39,52.40,58.42,1.1477,1.1477,640.07,12.5750,0.006249,5088.59,5091.89,5088.34,5089.97,BULLISH,138.00,355.00,0.388732,0.554626,17.2991,17.2991,5082.58992803,5079.81062012,5082.82231583,5080.01530168,23.24,20.47,280.70,5.5147,BULLISH,ALIGNED
2026.01.28 02:25_SELL,XAUUSD,PERIOD_M5,PERIOD_M15,2026.01.28 02:25:00,1769567100257,2026.01.28 02:25:00,SELL,OK,2,25,3,5163.61,5163.77,5163.69,16.0,0.3099,5166.94020807,5166.87719037,5166.27416646,5166.58017306,-66.60,-29.70,-30.60,-0.5926,0.5926,742.36,14.3765,0.021553,5164.20,5164.59,5160.36,5163.61,BEARISH,59.00,423.00,0.139480,0.569807,-6.9863,6.9863,5143.97027105,5114.72021776,5146.04548333,5116.72177785,207.52,200.16,2932.37,56.7883,BULLISH,COUNTER
2026.01.28 02:45_BUY,XAUUSD,PERIOD_M5,PERIOD_M15,2026.01.28 02:45:00,1769568300002,2026.01.28 02:45:00,BUY,OK,2,45,3,5168.26,5168.42,5168.34,16.0,0.3096,5166.53485323,5166.57242905,5166.88588258,5166.72857186,35.10,15.61,15.73,0.3044,0.3044,592.43,11.4626,0.027007,5169.43,5169.72,5166.09,5168.29,BEARISH,114.00,363.00,0.314050,0.612732,9.7419,9.7419,5147.68496111,5118.54680617,5149.64734577,5120.49751966,196.24,195.07,2914.98,56.4008,BULLISH,ALIGNED
2026.01.28 11:25_SELL,XAUUSD,PERIOD_M5,PERIOD_M15,2026.01.28 11:25:00,1769599500024,2026.01.28 11:25:00,SELL,OK,11,25,3,5269.60,5269.69,5269.65,9.0,0.1708,5288.07894574,5287.20050142,5284.38315659,5285.60045583,-369.58,-160.00,-121.73,-2.3100,2.3100,907.21,17.2159,0.009920,5277.96,5279.48,5268.50,5269.60,BEARISH,836.00,1098.00,0.761384,1.210298,-45.8643,45.8643,5267.50246374,5221.71800611,5268.86984814,5224.07651568,136.74,235.85,4479.33,85.0026,BULLISH,COUNTER
2026.01.28 14:45_BUY,XAUUSD,PERIOD_M5,PERIOD_M15,2026.01.28 14:45:00,1769611500008,2026.01.28 14:45:00,BUY,OK,14,45,3,5269.56,5269.76,5269.66,20.0,0.3795,5263.73435223,5263.93263123,5264.89948178,5264.44421021,116.51,51.16,45.53,0.8639,0.8639,639.07,12.1274,0.031295,5270.12,5273.06,5267.01,5269.56,BEARISH,56.00,605.00,0.092562,0.946686,15.5663,15.5663,5267.05024654,5241.76496701,5267.28927068,5242.85496831,23.90,109.00,2443.43,46.3679,BULLISH,ALIGNED
2026.01.28 15:50_SELL,XAUUSD,PERIOD_M5,PERIOD_M15,2026.01.28 15:50:00,1769615400003,2026.01.28 15:50:00,SELL,OK,15,50,3,5266.23,5266.32,5266.27,9.0,0.1709,5271.80966987,5271.19204005,5270.69373590,5270.74094550,-111.59,-45.11,-4.72,-0.0896,0.0896,937.21,17.7965,0.009603,5261.48,5268.18,5256.99,5266.23,BULLISH,475.00,1119.00,0.424486,1.193964,-15.2249,15.2249,5270.30092728,5246.92521840,5269.46083897,5247.49599415,-84.01,57.08,2196.48,41.7085,BULLISH,COUNTER
2026.01.28 16:45_BUY,XAUUSD,PERIOD_M5,PERIOD_M15,2026.01.28 16:45:00,1769618700022,2026.01.28 16:45:00,BUY,OK,16,45,3,5279.21,5279.37,5279.29,16.0,0.3031,5267.47677715,5267.63263429,5269.82342172,5268.68512209,234.66,105.25,113.83,2.1562,2.1562,1054.14,19.9675,0.015178,5281.92,5284.16,5273.30,5279.21,BEARISH,271.00,1086.00,0.249540,1.030221,38.0667,38.0667,5267.66881487,5249.21552658,5268.76797536,5250.39178044,109.92,117.63,1837.62,34.8081,BULLISH,ALIGNED
2026.01.28 17:15_SELL,XAUUSD,PERIOD_M5,PERIOD_M15,2026.01.28 17:15:00,1769620500019,2026.01.28 17:15:00,SELL,OK,17,15,3,5256.82,5256.96,5256.89,14.0,0.2663,5271.10147323,5270.45570911,5268.25717858,5269.22155374,-284.43,-123.42,-96.44,-1.8345,1.8345,1567.79,29.8234,0.008930,5242.12,5262.21,5242.12,5256.88,BULLISH,1476.00,2009.00,0.734694,1.281425,-55.5028,55.5028,5270.43007294,5251.79680866,5269.13958981,5251.99614949,-129.05,19.93,1714.34,32.6114,BULLISH,COUNTER
2026.01.28 17:40_BUY,XAUUSD,PERIOD_M5,PERIOD_M15,2026.01.28 17:40:00,1769622000027,2026.01.28 17:40:00,BUY,OK,17,40,3,5274.41,5274.57,5274.49,16.0,0.3033,5268.43668435,5268.77560190,5269.63134748,5269.28781991,119.47,51.22,34.35,0.6513,0.6513,1798.07,34.0900,0.008898,5273.25,5278.87,5269.87,5274.41,BULLISH,116.00,900.00,0.128889,0.500536,8.9379,8.9379,5269.13958981,5251.99614949,5269.18629554,5252.68767304,4.67,69.15,1649.86,31.2800,BULLISH,ALIGNED
2026.01.28 20:45_SELL,XAUUSD,PERIOD_M5,PERIOD_M15,2026.01.28 20:45:00,1769633100011,2026.01.28 20:45:00,SELL,OK,20,45,3,5273.65,5273.85,5273.75,20.0,0.3792,5295.61086948,5294.91512768,5291.21869558,5292.98193426,-439.22,-193.32,-176.32,-3.3434,3.3434,1398.00,26.5087,0.014306,5273.95,5281.71,5270.10,5273.65,BEARISH,30.00,1161.00,0.025840,0.830472,-59.5824,59.5824,5286.81900005,5268.03706423,5285.56480957,5268.25717936,-125.42,22.01,1730.76,32.8185,BULLISH,COUNTER
2026.01.28 21:40_BUY,XAUUSD,PERIOD_M5,PERIOD_M15,2026.01.28 21:40:00,1769636400037,2026.01.28 21:40:00,BUY,OK,21,40,3,5301.00,5301.20,5301.10,20.0,0.3773,5289.01539788,5289.48283965,5291.41631830,5290.53167241,240.09,104.88,88.46,1.6688,1.6688,1499.50,28.2866,0.013338,5292.47,5306.17,5291.57,5301.02,BULLISH,855.00,1460.00,0.585616,0.973658,13.1279,13.1279,5286.48189627,5269.96036434,5286.19981091,5270.49211476,-28.21,53.18,1570.77,29.6310,BULLISH,ALIGNED
2026.01.29 09:25_SELL,XAUUSD,PERIOD_M5,PERIOD_M15,2026.01.29 09:25:00,1769678700014,2026.01.29 09:25:00,SELL,OK,9,25,4,5555.27,5555.46,5555.36,19.0,0.3420,5568.84251975,5568.03949142,5566.12601580,5566.87771947,-271.65,-116.18,-75.17,-1.3531,1.3531,1236.29,22.2539,0.015369,5564.63,5565.11,5550.27,5555.26,BEARISH,937.00,1484.00,0.631402,1.200370,-24.6186,24.6186,5544.91722809,5475.85729714,5546.52701589,5479.22838352,160.98,337.11,6729.86,121.1417,BULLISH,COUNTER
2026.01.29 13:45_BUY,XAUUSD,PERIOD_M5,PERIOD_M15,2026.01.29 13:45:00,1769694300052,2026.01.29 13:45:00,BUY,OK,13,45,4,5514.47,5514.65,5514.56,18.0,0.3264,5508.27802928,5508.68431784,5509.51242342,5509.20847077,123.44,52.42,30.40,0.5512,0.5512,1056.43,19.1571,0.017039,5510.01,5515.93,5508.43,5514.45,BULLISH,444.00,750.00,0.592000,0.709939,-2.4838,-2.4838,5519.43273740,5497.44221560,5518.95819098,5498.10918754,-47.45,66.70,2084.90,37.8072,BULLISH,ALIGNED
2026.01.29 15:30_SELL,XAUUSD,PERIOD_M5,PERIOD_M15,2026.01.29 15:30:00,1769700600018,2026.01.29 15:30:00,SELL,OK,15,30,4,5519.28,5520.49,5519.89,121.0,2.1921,5526.49880346,5526.14830179,5525.05504277,5525.52391072,-144.38,-62.44,-46.89,-0.8494,0.8494,1054.43,19.1024,0.114754,5522.22,5525.77,5517.03,5519.28,BEARISH,294.00,874.00,0.336384,0.828885,7.6699,-7.6699,5523.56628561,5504.80915719,5523.15806793,5505.37664123,-40.82,56.75,1778.14,32.2134,BULLISH,COUNTER
2026.01.29 16:15_BUY,XAUUSD,PERIOD_M5,PERIOD_M15,2026.01.29 16:15:00,1769703300021,2026.01.29 16:15:00,BUY,OK,16,15,4,5528.96,5529.13,5529.05,17.0,0.3075,5521.79817468,5522.53745576,5523.22653974,5523.11950523,142.84,58.20,10.70,0.1936,0.1936,1381.00,24.9772,0.012310,5537.14,5539.32,5526.61,5528.94,BEARISH,820.00,1271.00,0.645161,0.920348,33.5908,33.5908,5522.19850912,5506.35524628,5522.84055587,5507.24092290,64.20,88.57,1559.96,28.2140,BULLISH,ALIGNED
2026.01.29 16:50_SELL,XAUUSD,PERIOD_M5,PERIOD_M15,2026.01.29 16:50:00,1769705400038,2026.01.29 16:50:00,SELL,OK,16,50,4,5516.32,5516.36,5516.34,4.0,0.0725,5525.54208171,5524.78543153,5523.71366537,5524.02311958,-182.84,-76.23,-30.95,-0.5610,0.5610,1895.29,34.3577,0.002110,5517.84,5522.63,5491.15,5516.40,BEARISH,144.00,3148.00,0.045743,1.660963,-7.2096,7.2096,5524.84812198,5508.67931808,5524.18068179,5509.03856051,-66.74,35.92,1514.21,27.4496,BULLISH,COUNTER
2026.01.29 19:25_BUY,XAUUSD,PERIOD_M5,PERIOD_M15,2026.01.29 19:25:00,1769714700001,2026.01.29 19:25:00,BUY,OK,19,25,4,5331.29,5331.49,5331.39,20.0,0.3751,5289.49757401,5290.63833456,5297.88805920,5294.34848596,839.05,371.02,353.96,6.6391,6.6391,3007.50,56.4112,0.006650,5337.76,5345.38,5325.48,5331.45,BEARISH,631.00,1990.00,0.317085,0.661679,74.0515,74.0515,5371.65715049,5437.24875634,5364.52694568,5431.74056982,-713.02,-550.82,-6721.36,-126.0715,BEARISH,COUNTER
2026.01.29 21:15_SELL,XAUUSD,PERIOD_M5,PERIOD_M15,2026.01.29 21:15:00,1769721300024,2026.01.29 21:15:00,SELL,OK,21,15,4,5306.71,5306.91,5306.81,20.0,0.3769,5342.24468233,5338.27425292,5335.13774587,5335.40477538,-710.69,-286.95,-26.70,-0.5032,0.5032,2310.29,43.5344,0.008657,5335.33,5336.65,5304.42,5306.71,BEARISH,2862.00,3223.00,0.887993,1.395066,-60.4609,60.4609,5355.11484528,5411.01669434,5350.50486002,5406.92623574,-461.00,-409.05,-5642.14,-106.3188,BEARISH,ALIGNED
2026.01.29 22:40_BUY,XAUUSD,PERIOD_M5,PERIOD_M15,2026.01.29 22:40:00,1769726400009,2026.01.29 22:40:00,BUY,OK,22,40,4,5347.48,5347.75,5347.61,27.0,0.5049,5313.49361711,5316.17584604,5320.31089369,5319.03076913,681.73,285.49,128.01,2.3938,2.3938,1980.07,37.0272,0.013636,5322.66,5347.62,5318.53,5347.58,BULLISH,2492.00,2909.00,0.856652,1.469139,44.2900,44.2900,5336.61195460,5392.44394045,5334.84414940,5389.52653103,-176.78,-291.74,-5468.24,-102.2556,BEARISH,COUNTER
2026.01.30 03:00_SELL,XAUUSD,PERIOD_M5,PERIOD_M15,2026.01.30 03:00:00,1769742000015,2026.01.30 03:00:00,SELL,OK,3,0,5,5407.18,5407.31,5407.25,13.0,0.2404,5421.91716472,5420.75458277,5418.96973178,5419.52052979,-294.74,-123.41,-55.08,-1.0186,1.0186,1647.79,30.4737,0.007889,5418.69,5421.13,5401.86,5407.18,BEARISH,1151.00,1927.00,0.597302,1.169448,-8.0384,8.0384,5393.54019021,5398.55821917,5394.83921971,5398.89632822,129.90,33.81,-405.71,-7.5031,BEARISH,ALIGNED
2026.01.30 07:15_BUY,XAUUSD,PERIOD_M5,PERIOD_M15,2026.01.30 07:15:00,1769757300022,2026.01.30 07:15:00,BUY,OK,7,15,5,5224.86,5225.06,5224.96,20.0,0.3828,5208.96684704,5210.14314933,5212.14547763,5211.48104485,317.86,133.79,66.44,1.2717,1.2717,1612.50,30.8615,0.012403,5204.53,5225.18,5203.65,5224.86,BULLISH,2033.00,2153.00,0.944264,1.335194,19.1183,19.1183,5253.11175024,5316.95063849,5250.42110736,5313.33924091,-269.06,-361.14,-6291.81,-120.4184,BEARISH,COUNTER
2026.01.30 08:00_SELL,XAUUSD,PERIOD_M5,PERIOD_M15,2026.01.30 08:00:00,1769760000047,2026.01.30 08:00:00,SELL,OK,8,0,5,5184.98,5185.14,5185.06,16.0,0.3086,5221.92422564,5218.80688096,5214.53538051,5215.73170997,-738.88,-307.52,-119.63,-2.3073,2.3073,1580.43,30.4804,0.010124,5215.98,5216.24,5179.95,5184.98,BEARISH,3100.00,3629.00,0.854230,2.296213,-90.1731,90.1731,5246.93265251,5307.02022200,5241.03239989,5302.23433094,-590.03,-478.59,-6120.19,-118.0351,BEARISH,ALIGNED
2026.01.30 12:50_BUY,XAUUSD,PERIOD_M5,PERIOD_M15,2026.01.30 12:50:00,1769777400069,2026.01.30 12:50:00,BUY,OK,12,50,5,5084.97,5085.06,5085.02,9.0,0.1770,5060.08691594,5060.52667786,5065.06353275,5062.74879806,497.66,222.21,231.47,4.5521,4.5521,3362.93,66.1341,0.002676,5078.05,5094.32,5076.75,5084.97,BULLISH,692.00,1757.00,0.393853,0.522461,39.3283,39.3283,5108.51556491,5198.03019072,5106.16360635,5193.55135971,-235.20,-447.88,-8738.78,-171.8535,BEARISH,COUNTER
2026.01.30 14:50_SELL,XAUUSD,PERIOD_M5,PERIOD_M15,2026.01.30 14:50:00,1769784600035,2026.01.30 14:50:00,SELL,OK,14,50,5,5066.15,5066.35,5066.25,20.0,0.3948,5118.56951713,5113.60136881,5108.08561371,5109.28760801,-1048.39,-431.38,-120.20,-2.3726,2.3726,2265.07,44.7090,0.008830,5113.96,5116.06,5056.40,5066.15,BEARISH,4781.00,5966.00,0.801374,2.633913,-103.6488,103.6488,5115.55553579,5176.71334358,5115.40358000,5174.25242815,-15.20,-246.09,-5884.88,-116.1586,BEARISH,ALIGNED
2026.01.30 16:35_BUY,XAUUSD,PERIOD_M5,PERIOD_M15,2026.01.30 16:35:00,1769790900017,2026.01.30 16:35:00,BUY,OK,16,35,5,5108.11,5108.27,5108.19,16.0,0.3132,5054.98245837,5059.05274980,5065.60796670,5063.51249982,1062.55,445.98,209.55,4.1022,4.1022,2880.64,56.3926,0.005554,5072.37,5113.56,5056.75,5108.11,BULLISH,3574.00,5681.00,0.629115,1.972129,106.2638,106.2638,5083.45101776,5146.79503785,5082.39568274,5143.87640891,-105.53,-291.86,-6148.07,-120.3572,BEARISH,COUNTER
2026.01.30 17:00_SELL,XAUUSD,PERIOD_M5,PERIOD_M15,2026.01.30 17:00:00,1769792400039,2026.01.30 17:00:00,SELL,OK,17,0,5,5033.17,5033.37,5033.27,20.0,0.3974,5071.09803116,5067.79258167,5063.51242493,5064.64507424,-758.56,-314.75,-113.26,-2.2503,2.2503,3147.93,62.5424,0.006353,5049.46,5054.24,5014.74,5033.17,BEARISH,1629.00,3950.00,0.412405,1.254793,-94.3690,94.3690,5082.27418914,5141.41537327,5077.59759970,5137.17045667,-467.66,-424.49,-5957.29,-118.3582,BEARISH,ALIGNED
2026.01.30 21:15_BUY,XAUUSD,PERIOD_M5,PERIOD_M15,2026.01.30 21:15:00,1769807700016,2026.01.30 21:15:00,BUY,OK,21,15,5,4889.76,4889.92,4889.84,16.0,0.3272,4847.38458831,4849.99838653,4855.85967065,4853.61307866,847.51,361.47,224.66,4.5944,4.5944,5768.71,117.9735,0.002774,4909.59,4918.36,4871.69,4889.76,BEARISH,1983.00,4667.00,0.424898,0.809019,19.9795,19.9795,4931.29493620,5033.72920287,4927.33922799,5028.08335177,-395.57,-564.59,-10074.41,-206.0274,BEARISH,COUNTER
2026.01.30 22:45_SELL,XAUUSD,PERIOD_M5,PERIOD_M15,2026.01.30 22:45:00,1769813100051,2026.01.30 22:45:00,SELL,OK,22,45,5,4861.74,4862.01,4861.88,27.0,0.5553,4890.08083712,4888.73766459,4884.41266970,4886.28333145,-566.82,-245.43,-187.07,-3.8476,3.8476,3030.36,62.3290,0.008910,4861.83,4873.95,4845.68,4861.74,BEARISH,9.00,2827.00,0.003184,0.932893,-58.9502,58.9502,4919.63916935,5006.36265560,4914.12496275,5000.69117891,-551.42,-567.15,-8656.62,-178.0511,BEARISH,ALIGNED
2026.02.02 01:00_BUY,XAUUSD,PERIOD_M5,PERIOD_M15,2026.02.02 01:00:33,1769994033180,2026.02.02 01:00:00,BUY,OK,1,0,1,4773.75,4774.35,4774.05,60.0,1.2568,4867.95213715,4869.68670647,4873.25570972,4871.93973316,530.36,225.30,131.60,2.7565,2.7565,2420.36,50.6982,0.024790,4882.85,4896.32,4879.53,4894.47,BULLISH,1162.00,1679.00,0.692079,0.693699,69.5377,69.5377,4895.15035891,4979.30490428,4895.08556282,4975.97804529,-6.48,-332.69,-8089.25,-169.4421,BEARISH,COUNTER
2026.02.02 01:05_SELL,XAUUSD,PERIOD_M5,PERIOD_M15,2026.02.02 01:05:00,1769994300011,2026.02.02 01:05:00,SELL,OK,1,5,1,4828.32,4829.86,4829.09,154.0,3.1890,4873.25570972,4871.93973316,4864.19456777,4867.94066651,-906.11,-399.91,-374.61,-7.7574,7.7574,3100.93,64.2135,0.049663,4773.75,4867.12,4766.36,4827.95,BULLISH,5420.00,10076.00,0.537912,3.249349,-76.1562,76.1562,4895.15035891,4979.30490428,4895.08556282,4975.97804529,-6.48,-332.69,-8089.25,-167.5108,BEARISH,ALIGNED
2026.02.02 02:20_BUY,XAUUSD,PERIOD_M5,PERIOD_M15,2026.02.02 02:20:00,1769998800016,2026.02.02 02:20:00,BUY,OK,2,20,1,4865.70,4865.98,4865.84,28.0,0.5754,4789.86022703,4798.43577386,4805.02818163,4804.55070351,1516.80,611.49,47.75,0.9813,0.9813,4123.00,84.7336,0.006791,4845.34,4875.07,4841.43,4865.70,BULLISH,2036.00,3364.00,0.605232,0.815911,168.6520,168.6520,4846.13254833,4942.02253966,4846.05897230,4938.23185183,-7.36,-379.07,-9217.29,-189.4285,BEARISH,COUNTER
2026.02.02 02:55_SELL,XAUUSD,PERIOD_M5,PERIOD_M15,2026.02.02 02:55:00,1770000900026,2026.02.02 02:55:00,SELL,OK,2,55,1,4791.37,4791.66,4791.51,29.0,0.6052,4815.26924940,4812.60657537,4810.48939952,4810.67597761,-477.98,-193.06,-18.66,-0.3894,0.3894,3486.00,72.7536,0.008319,4797.55,4799.05,4780.40,4791.37,BEARISH,618.00,1865.00,0.331367,0.534997,-87.1625,87.1625,4846.10287970,4934.63530862,4842.09974830,4929.51510044,-400.31,-512.02,-8741.54,-182.4378,BEARISH,ALIGNED
2026.02.02 04:45_BUY,XAUUSD,PERIOD_M5,PERIOD_M15,2026.02.02 04:45:00,1770007500030,2026.02.02 04:45:00,BUY,OK,4,45,1,4764.56,4764.79,4764.68,23.0,0.4827,4737.59451368,4738.40958357,4742.98761094,4740.78689415,539.31,237.73,220.07,4.6188,4.6188,2835.21,59.5049,0.008112,4755.60,4773.01,4745.74,4764.56,BULLISH,896.00,2727.00,0.328566,0.961832,55.5905,55.5905,4780.88730322,4878.16446110,4779.33232196,4873.70938420,-155.50,-445.51,-9437.71,-198.0766,BEARISH,COUNTER
2026.02.02 04:55_SELL,XAUUSD,PERIOD_M5,PERIOD_M15,2026.02.02 04:55:00,1770008100047,2026.02.02 04:55:00,SELL,OK,4,55,1,4727.83,4727.98,4727.90,15.0,0.3173,4740.22408875,4739.73081287,4737.74327100,4738.64801170,-248.08,-108.28,-90.47,-1.9136,1.9136,2754.43,58.2590,0.005446,4729.32,4735.61,4720.16,4727.82,BEARISH,150.00,1545.00,0.097087,0.560915,-58.4153,58.4153,4780.88730322,4878.16446110,4779.33232196,4873.70938420,-155.50,-445.51,-9437.71,-199.6171,BEARISH,ALIGNED
2026.02.02 09:45_BUY,XAUUSD,PERIOD_M5,PERIOD_M15,2026.02.02 09:45:00,1770025500027,2026.02.02 09:45:00,BUY,OK,9,45,1,4583.04,4583.20,4583.12,16.0,0.3491,4538.46381357,4538.82377052,4547.37905085,4542.84342775,891.52,401.97,453.56,9.8964,9.8964,4032.14,87.9781,0.003968,4568.52,4592.63,4567.54,4583.04,BULLISH,1452.00,2509.00,0.578717,0.622250,49.8651,49.8651,4606.93546203,4726.67771110,4604.65970374,4721.04485969,-227.58,-563.29,-11638.52,-253.9431,BEARISH,COUNTER
2026.02.02 15:30_SELL,XAUUSD,PERIOD_M5,PERIOD_M15,2026.02.02 15:30:00,1770046200051,2026.02.02 15:30:00,SELL,OK,15,30,1,4739.39,4739.59,4739.49,20.0,0.4220,4766.60300936,4764.43794711,4761.16040749,4762.16086101,-544.26,-227.71,-100.05,-2.1109,2.1109,2876.21,60.6862,0.006954,4738.88,4753.41,4728.31,4739.39,BULLISH,51.00,2510.00,0.020319,0.872675,-90.5555,90.5555,4728.24636746,4723.09564168,4729.30766580,4723.73463613,106.13,63.90,557.30,11.7587,BULLISH,COUNTER
2026.02.02 16:40_BUY,XAUUSD,PERIOD_M5,PERIOD_M15,2026.02.02 16:40:00,1770050400000,2026.02.02 16:40:00,BUY,OK,16,40,1,4779.40,4779.56,4779.48,16.0,0.3348,4722.44451878,4728.31541194,4733.83561502,4732.95946540,1139.11,464.41,87.61,1.8331,1.8331,3178.29,66.4986,0.005034,4759.82,4792.66,4750.23,4779.40,BULLISH,1958.00,4243.00,0.461466,1.334996,166.2973,166.2973,4723.63671307,4721.80016830,4723.43797849,4721.79035778,-19.87,-0.98,164.76,3.4473,BULLISH,ALIGNED
2026.02.02 16:55_SELL,XAUUSD,PERIOD_M5,PERIOD_M15,2026.02.02 16:55:00,1770051300024,2026.02.02 16:55:00,SELL,OK,16,55,1,4718.97,4719.07,4719.02,10.0,0.2119,4736.58319361,4734.56030198,4733.05655489,4733.14118362,-352.66,-141.91,-8.46,-0.1793,0.1793,3241.07,68.6810,0.003085,4731.45,4748.08,4718.32,4718.95,BEARISH,1250.00,2976.00,0.420027,0.918215,-126.4803,126.4803,4723.43797849,4721.79035778,4726.34769482,4723.05308885,290.97,126.27,329.46,6.9815,BULLISH,COUNTER
2026.02.02 19:15_BUY,XAUUSD,PERIOD_M5,PERIOD_M15,2026.02.02 19:15:00,1770059700052,2026.02.02 19:15:00,BUY,OK,19,15,1,4707.77,4707.93,4707.85,16.0,0.3399,4678.20760965,4681.09664717,4684.12008772,4683.52149743,591.25,242.49,59.86,1.2715,1.2715,2739.71,58.1946,0.005840,4712.80,4714.14,4697.25,4707.77,BEARISH,503.00,1689.00,0.297809,0.616488,89.6713,89.6713,4696.32666697,4709.34621088,4697.41650821,4709.28439868,108.98,-6.18,-1186.79,-25.2087,BEARISH,COUNTER
2026.02.02 19:20_SELL,XAUUSD,PERIOD_M5,PERIOD_M15,2026.02.02 19:20:00,1770060000091,2026.02.02 19:20:00,SELL,OK,19,20,1,4678.05,4678.15,4678.10,10.0,0.2138,4684.12008772,4683.52149743,4682.90807018,4683.02499766,-121.20,-49.65,-11.69,-0.2499,0.2499,2738.14,58.5311,0.003652,4707.77,4713.62,4673.35,4678.06,BEARISH,2971.00,4027.00,0.737770,1.470705,12.2637,-12.2637,4696.32666697,4709.34621088,4697.41650821,4709.28439868,108.98,-6.18,-1186.79,-25.3690,BEARISH,ALIGNED
2026.02.02 21:45_BUY,XAUUSD,PERIOD_M5,PERIOD_M15,2026.02.02 21:45:00,1770068700029,2026.02.02 21:45:00,BUY,OK,21,45,1,4694.68,4694.75,4694.72,7.0,0.1491,4650.60543048,4653.79395363,4659.39434438,4657.49904876,878.89,370.51,189.53,4.0371,4.0371,1960.14,41.7521,0.003571,4660.60,4699.79,4660.42,4694.55,BULLISH,3395.00,3937.00,0.862332,2.008527,109.6338,109.6338,4670.77725918,4692.47651290,4673.04132973,4692.55782612,226.41,8.13,-1951.65,-41.5712,BEARISH,COUNTER
2026.02.02 23:00_SELL,XAUUSD,PERIOD_M5,PERIOD_M15,2026.02.02 23:00:00,1770073200031,2026.02.02 23:00:00,SELL,OK,23,0,1,4652.67,4652.82,4652.74,15.0,0.3224,4670.84376405,4670.16625365,4667.19901124,4668.57113968,-364.48,-159.51,-137.21,-2.9491,2.9491,2112.71,45.4079,0.007100,4663.52,4682.30,4647.68,4652.62,BEARISH,1090.00,3462.00,0.314847,1.638650,-59.5238,59.5238,4675.93347624,4691.00875578,4673.71314517,4689.50331438,-222.03,-150.54,-1579.02,-33.9373,BEARISH,ALIGNED
2026.02.02 23:25_BUY,XAUUSD,PERIOD_M5,PERIOD_M15,2026.02.02 23:25:00,1770074700004,2026.02.02 23:25:00,BUY,OK,23,25,1,4673.46,4673.73,4673.59,27.0,0.5777,4667.34063500,4667.96905176,4668.56450800,4668.46822887,122.39,49.92,9.63,0.2060,0.2060,1890.36,40.4476,0.014283,4669.79,4674.16,4659.98,4673.46,BULLISH,367.00,1418.00,0.258815,0.750123,21.5293,21.5293,4673.71314517,4689.50331438,4673.84522658,4688.93847852,13.21,-56.48,-1509.33,-32.2947,BEARISH,COUNTER
2026.02.02 23:55_SELL,XAUUSD,PERIOD_M5,PERIOD_M15,2026.02.02 23:55:00,1770076500040,2026.02.02 23:55:00,SELL,OK,23,55,1,4664.72,4665.16,4664.94,44.0,0.9432,4670.47184518,4669.89443063,4669.32147615,4669.42402784,-115.04,-47.04,-10.26,-0.2198,0.2198,1614.79,34.6154,0.027248,4664.86,4668.45,4648.36,4664.72,BEARISH,14.00,2009.00,0.006969,1.244128,-32.2875,32.2875,4674.52758595,4688.62755780,4674.02781586,4687.86883004,-49.98,-75.87,-1384.10,-29.6703,BEARISH,ALIGNED
2026.02.03 01:05_BUY,XAUUSD,PERIOD_M5,PERIOD_M15,2026.02.03 01:05:00,1770080700008,2026.02.03 01:05:00,BUY,OK,1,5,2,4701.23,4701.50,4701.36,27.0,0.5743,4667.17718092,4668.44002531,4673.97174473,4671.41365937,679.46,297.36,255.81,5.4412,5.4412,1852.57,39.4050,0.014574,4658.60,4713.58,4658.60,4701.15,BULLISH,4255.00,5498.00,0.773918,2.967767,77.7944,77.7944,4674.02781586,4687.86883004,4672.55850007,4686.72103278,-146.93,-114.78,-1416.25,-30.1243,BEARISH,COUNTER
2026.02.03 04:25_SELL,XAUUSD,PERIOD_M5,PERIOD_M15,2026.02.03 04:25:00,1770092700023,2026.02.03 04:25:00,SELL,OK,4,25,2,4791.60,4791.83,4791.72,23.0,0.4800,4813.41966844,4812.36610125,4809.05573475,4810.47827386,-436.39,-188.78,-142.25,-2.9687,2.9687,2154.50,44.9630,0.010675,4781.35,4795.83,4777.32,4791.60,BULLISH,1025.00,1851.00,0.553755,0.859132,-42.9113,42.9113,4767.77224285,4730.22336085,4770.94536258,4733.00244474,317.31,277.91,3794.29,79.1844,BULLISH,COUNTER
2026.02.03 05:50_BUY,XAUUSD,PERIOD_M5,PERIOD_M15,2026.02.03 05:50:00,1770097800061,2026.02.03 05:50:00,BUY,OK,5,50,2,4795.50,4795.62,4795.56,12.0,0.2502,4786.27742236,4787.04457749,4788.12193789,4787.81325227,184.45,76.87,30.87,0.6437,0.6437,1877.57,39.1523,0.006391,4805.33,4806.46,4793.67,4795.50,BEARISH,983.00,1279.00,0.768569,0.681199,27.4340,27.4340,4771.00172380,4739.87618168,4774.27108344,4742.44299808,326.94,256.68,3182.81,66.3699,BULLISH,ALIGNED
2026.02.03 11:30_SELL,XAUUSD,PERIOD_M5,PERIOD_M15,2026.02.03 11:30:00,1770118200036,2026.02.03 11:30:00,SELL,OK,11,30,2,4891.35,4891.43,4891.39,8.0,0.1636,4916.04514914,4915.08677674,4911.09611931,4912.92434249,-494.90,-216.24,-182.82,-3.7376,3.7376,1197.43,24.4803,0.006681,4904.62,4905.22,4890.38,4891.30,BEARISH,1332.00,1484.00,0.897574,1.239322,-50.8512,50.8512,4881.14040058,4822.80492505,4882.10798148,4825.49100642,96.76,268.61,5661.70,115.7482,BULLISH,COUNTER
2026.02.03 11:50_BUY,XAUUSD,PERIOD_M5,PERIOD_M15,2026.02.03 11:50:00,1770119400041,2026.02.03 11:50:00,BUY,OK,11,50,2,4923.33,4923.47,4923.40,14.0,0.2844,4912.07457309,4912.72659090,4914.31765847,4913.68690082,224.31,96.03,63.08,1.2811,1.2811,1345.21,27.3229,0.010407,4921.45,4926.14,4919.05,4923.29,BULLISH,184.00,709.00,0.259520,0.527054,52.1053,52.1053,4882.10798148,4825.49100642,4885.85484039,4829.25410421,374.69,376.31,5660.07,114.9627,BULLISH,ALIGNED
2026.02.03 13:00_SELL,XAUUSD,PERIOD_M5,PERIOD_M15,2026.02.03 13:00:00,1770123600032,2026.02.03 13:00:00,SELL,OK,13,0,2,4902.34,4902.48,4902.41,14.0,0.2856,4917.84454268,4916.87421160,4914.74763414,4915.55473781,-309.69,-131.95,-80.71,-1.6463,1.6463,789.00,16.0941,0.017744,4916.54,4918.24,4901.76,4902.36,BEARISH,1418.00,1648.00,0.860437,2.088720,-35.8739,35.8739,4896.59369704,4842.43403221,4897.14286875,4844.78407016,54.92,235.00,5235.88,106.8022,BULLISH,COUNTER
2026.02.03 14:05_BUY,XAUUSD,PERIOD_M5,PERIOD_M15,2026.02.03 14:05:00,1770127500057,2026.02.03 14:05:00,BUY,OK,14,5,2,4932.18,4932.30,4932.24,12.0,0.2433,4908.76868980,4909.61702337,4913.45095184,4911.66820306,468.23,205.12,178.27,3.6145,3.6145,1348.93,27.3492,0.008896,4916.94,4936.29,4910.54,4932.18,BULLISH,1524.00,2575.00,0.591845,1.908922,52.2363,52.2363,4899.41615557,4851.68925338,4901.08509314,4854.24810619,166.89,255.89,4683.70,94.9609,BULLISH,ALIGNED
2026.02.03 14:30_SELL,XAUUSD,PERIOD_M5,PERIOD_M15,2026.02.03 14:30:00,1770129000046,2026.02.03 14:30:00,SELL,OK,14,30,2,4902.65,4902.71,4902.68,6.0,0.1224,4913.77643787,4912.93451135,4911.55315030,4912.00046486,-222.33,-93.40,-44.73,-0.9124,0.9124,1353.14,27.6001,0.004434,4899.55,4907.29,4892.40,4902.66,BULLISH,311.00,1489.00,0.208865,1.100401,-45.1381,45.1381,4903.35222712,4857.01837654,4903.28630073,4858.80824412,-6.59,178.99,4447.81,90.7219,BULLISH,COUNTER
2026.02.03 14:35_BUY,XAUUSD,PERIOD_M5,PERIOD_M15,2026.02.03 14:35:00,1770129300028,2026.02.03 14:35:00,BUY,OK,14,35,2,4916.99,4917.15,4917.07,16.0,0.3254,4911.55315030,4912.00046486,4912.63452024,4912.45133169,108.14,45.09,18.32,0.3726,0.3726,1368.71,27.8360,0.011690,4902.65,4918.11,4900.12,4916.96,BULLISH,1431.00,1799.00,0.795442,1.314372,8.0399,8.0399,4903.35222712,4857.01837654,4903.28630073,4858.80824412,-6.59,178.99,4447.81,90.4564,BULLISH,ALIGNED
2026.02.03 14:55_SELL,XAUUSD,PERIOD_M5,PERIOD_M15,2026.02.03 14:55:00,1770130500010,2026.02.03 14:55:00,SELL,OK,14,55,2,4909.41,4909.45,4909.43,4.0,0.0815,4912.59943436,4912.46057978,4911.96554749,4912.18507253,-63.39,-27.55,-21.95,-0.4471,0.4471,1204.36,24.5315,0.003321,4913.40,4918.47,4907.42,4909.43,BEARISH,397.00,1105.00,0.359276,0.917502,-4.5606,4.5606,4903.28630073,4858.80824412,4904.13808161,4860.90321494,85.18,209.50,4323.49,88.0649,BULLISH,COUNTER
2026.02.03 15:05_BUY,XAUUSD,PERIOD_M5,PERIOD_M15,2026.02.03 15:05:00,1770131100050,2026.02.03 15:05:00,BUY,OK,15,5,2,4921.21,4921.38,4921.30,17.0,0.3454,4912.32843799,4912.33006594,4914.10875039,4913.13915085,178.03,80.91,96.96,1.9702,1.9702,1260.00,25.6030,0.013492,4913.78,4921.30,4902.64,4921.23,BULLISH,745.00,1866.00,0.399250,1.480952,15.9360,15.9360,4904.13808161,4860.90321494,4905.05635956,4862.97681436,91.83,207.36,4207.95,85.5050,BULLISH,ALIGNED
2026.02.03 16:25_SELL,XAUUSD,PERIOD_M5,PERIOD_M15,2026.02.03 16:25:00,1770135900000,2026.02.03 16:25:00,SELL,OK,16,25,2,4910.43,4910.51,4910.47,8.0,0.1629,4926.25220839,4924.71572345,4923.08776672,4923.41702132,-316.44,-129.87,-32.93,-0.6705,0.6705,1432.64,29.1753,0.005584,4917.29,4917.29,4899.98,4910.43,BEARISH,686.00,1731.00,0.396303,1.208256,-37.6346,37.6346,4914.78994264,4873.54288001,4915.68042429,4875.52708079,89.05,198.42,4015.33,81.7709,BULLISH,COUNTER
2026.02.03 17:10_BUY,XAUUSD,PERIOD_M5,PERIOD_M15,2026.02.03 17:10:00,1770138600013,2026.02.03 17:10:00,BUY,OK,17,10,2,4937.18,4937.34,4937.26,16.0,0.3241,4920.55576258,4921.41757304,4923.88061007,4922.85052094,332.48,143.29,103.01,2.0864,2.0864,1780.71,36.0669,0.008985,4919.40,4938.68,4918.68,4937.18,BULLISH,1778.00,2000.00,0.889000,1.123145,17.0834,17.0834,4916.73708201,4879.07033486,4916.78783611,4880.56836095,5.08,149.80,3621.95,73.3595,BULLISH,ALIGNED
2026.02.03 17:35_SELL,XAUUSD,PERIOD_M5,PERIOD_M15,2026.02.03 17:35:00,1770140100011,2026.02.03 17:35:00,SELL,OK,17,35,2,4914.92,4915.11,4915.01,19.0,0.3866,4924.26178588,4923.58750150,4922.39142871,4922.79863773,-187.04,-78.89,-40.72,-0.8285,0.8285,1782.14,36.2592,0.010661,4925.10,4928.96,4914.34,4914.91,BEARISH,1019.00,1462.00,0.696990,0.820361,-26.3601,26.3601,4918.65280410,4882.75666052,4919.26682276,4884.41718364,61.40,166.05,3484.96,70.9044,BULLISH,COUNTER
2026.02.03 17:55_BUY,XAUUSD,PERIOD_M5,PERIOD_M15,2026.02.03 17:55:00,1770141300016,2026.02.03 17:55:00,BUY,OK,17,55,2,4933.79,4933.83,4933.81,4.0,0.0811,4922.61433150,4922.72080971,4924.85946520,4923.73164519,224.51,101.08,112.78,2.2859,2.2859,1437.93,29.1444,0.002782,4925.86,4934.35,4923.10,4933.84,BULLISH,798.00,1125.00,0.709333,0.782375,34.2689,34.2689,4919.26682276,4884.41718364,4919.69569678,4885.96043134,42.89,154.32,3373.53,68.3757,BULLISH,ALIGNED
2026.02.03 19:45_SELL,XAUUSD,PERIOD_M5,PERIOD_M15,2026.02.03 19:45:00,1770147900040,2026.02.03 19:45:00,SELL,OK,19,45,2,4921.97,4922.03,4922.00,6.0,0.1219,4954.50505517,4952.51871881,4947.99804413,4949.74156256,-650.70,-277.72,-174.35,-3.5423,3.5423,1945.43,39.5252,0.003084,4952.62,4952.63,4913.83,4921.97,BEARISH,3065.00,3880.00,0.789948,1.994419,-53.8936,53.8936,4937.30557567,4902.73499125,4935.84504465,4903.48930532,-146.05,75.43,3235.57,65.7370,BULLISH,COUNTER
2026.02.03 21:40_BUY,XAUUSD,PERIOD_M5,PERIOD_M15,2026.02.03 21:40:00,1770154800007,2026.02.03 21:40:00,BUY,OK,21,40,2,4939.10,4939.14,4939.12,4.0,0.0810,4917.52340324,4920.09601008,4921.85672259,4921.83182734,433.33,173.58,2.49,0.0504,0.0504,1815.86,36.7648,0.002203,4924.78,4942.12,4923.54,4939.19,BULLISH,1441.00,1858.00,0.775565,1.023208,33.5794,33.5794,4927.44440634,4906.59406066,4927.74112955,4907.53390142,29.67,93.98,2020.72,40.9126,BULLISH,ALIGNED
2026.02.03 22:10_SELL,XAUUSD,PERIOD_M5,PERIOD_M15,2026.02.03 22:10:00,1770156600002,2026.02.03 22:10:00,SELL,OK,22,10,2,4918.26,4918.41,4918.34,15.0,0.3050,4923.64120126,4923.50337448,4922.56496101,4923.02670408,-107.62,-47.67,-46.17,-0.9388,0.9388,1672.07,33.9967,0.008971,4910.47,4918.26,4903.72,4918.26,BULLISH,779.00,1454.00,0.535763,0.869580,-12.3468,12.3468,4928.96292674,4908.82943470,4928.79121943,4909.54828040,-17.17,71.88,1924.29,39.1249,BULLISH,COUNTER
2026.02.03 22:20_BUY,XAUUSD,PERIOD_M5,PERIOD_M15,2026.02.03 22:20:00,1770157200033,2026.02.03 22:20:00,BUY,OK,22,20,2,4931.06,4931.26,4931.16,20.0,0.4056,4922.23796881,4922.83609462,4924.00037504,4923.58281329,176.24,74.67,41.76,0.8468,0.8468,1690.29,34.2776,0.011832,4920.93,4933.18,4912.15,4931.05,BULLISH,1012.00,2103.00,0.481217,1.244168,41.9922,41.9922,4928.79121943,4909.54828040,4928.04253186,4909.99462234,-74.87,44.63,1804.79,36.5997,BULLISH,ALIGNED
2026.02.04 01:15_SELL,XAUUSD,PERIOD_M5,PERIOD_M15,2026.02.04 01:15:00,1770167700068,2026.02.04 01:15:00,SELL,OK,1,15,3,4932.82,4933.00,4932.91,18.0,0.3649,4943.27704974,4942.47695952,4941.18563979,4941.59905411,-209.14,-87.79,-41.34,-0.8381,0.8381,1379.00,27.9551,0.013053,4926.17,4936.49,4924.41,4932.82,BULLISH,665.00,1208.00,0.550497,0.875997,-27.1720,27.1720,4937.72724211,4919.10233033,4937.25988572,4919.64027816,-46.74,53.79,1761.96,35.7185,BULLISH,COUNTER
2026.02.04 01:55_BUY,XAUUSD,PERIOD_M5,PERIOD_M15,2026.02.04 01:55:00,1770170100049,2026.02.04 01:55:00,BUY,OK,1,55,3,4943.84,4944.11,4943.98,27.0,0.5461,4939.36232489,4939.66093552,4940.25785991,4940.04085048,89.55,37.99,21.70,0.4389,0.4389,1653.50,33.4447,0.016329,4941.75,4954.71,4939.69,4943.84,BULLISH,209.00,1502.00,0.139148,0.908376,3.1767,3.1767,4936.02084898,4919.82105157,4937.23505384,4920.95630445,121.42,113.53,1627.87,32.9264,BULLISH,ALIGNED
2026.02.04 08:15_SELL,XAUUSD,PERIOD_M5,PERIOD_M15,2026.02.04 08:15:00,1770192900020,2026.02.04 08:15:00,SELL,OK,8,15,3,5059.48,5059.57,5059.52,9.0,0.1779,5077.82428023,5075.86473509,5074.15542419,5074.37521372,-366.89,-148.95,-21.98,-0.4344,0.4344,825.57,16.3172,0.010902,5064.41,5065.14,5057.25,5059.48,BEARISH,493.00,789.00,0.624842,0.955702,-39.5506,39.5506,5053.77287683,5005.31829099,5054.31641237,5007.44227958,54.35,212.40,4687.41,92.6453,BULLISH,COUNTER
2026.02.04 09:25_BUY,XAUUSD,PERIOD_M5,PERIOD_M15,2026.02.04 09:25:00,1770197100030,2026.02.04 09:25:00,BUY,OK,9,25,3,5081.44,5081.61,5081.52,17.0,0.3345,5068.38209612,5069.58363797,5070.99367690,5070.66148907,261.16,107.79,33.22,0.6537,0.6537,957.50,18.8428,0.017755,5068.48,5081.51,5068.35,5081.44,BULLISH,1296.00,1316.00,0.984802,1.374413,32.6957,32.6957,5057.89155301,5014.25272445,5058.40473844,5016.17536270,51.32,192.26,4222.94,83.1037,BULLISH,ALIGNED
2026.02.04 11:15_SELL,XAUUSD,PERIOD_M5,PERIOD_M15,2026.02.04 11:15:00,1770203700082,2026.02.04 11:15:00,SELL,OK,11,15,3,5069.28,5069.47,5069.38,19.0,0.3748,5079.75528791,5079.17388983,5077.66023032,5078.27444530,-209.51,-89.94,-61.42,-1.2116,1.2116,897.29,17.7001,0.021175,5075.55,5075.60,5067.98,5069.28,BEARISH,627.00,762.00,0.822835,0.849228,-28.1690,28.1690,5070.56189775,5032.42138473,5070.43981225,5033.86682062,-12.21,144.54,3657.30,72.1450,BULLISH,COUNTER
2026.02.04 14:35_BUY,XAUUSD,PERIOD_M5,PERIOD_M15,2026.02.04 14:35:00,1770215700033,2026.02.04 14:35:00,BUY,OK,14,35,3,5062.64,5062.81,5062.73,17.0,0.3358,5044.41266214,5044.89507192,5048.05812971,5046.50824720,364.55,161.32,154.99,3.0614,3.0614,932.71,18.4232,0.018226,5047.55,5063.30,5047.39,5062.64,BULLISH,1509.00,1591.00,0.948460,1.705774,38.5669,38.5669,5052.95567683,5038.76713700,5052.44085046,5039.11156300,-51.48,34.44,1332.93,26.3283,BULLISH,ALIGNED
2026.02.04 15:05_SELL,XAUUSD,PERIOD_M5,PERIOD_M15,2026.02.04 15:05:00,1770217500009,2026.02.04 15:05:00,SELL,OK,15,5,3,5039.85,5039.94,5039.90,9.0,0.1786,5048.10513754,5047.42159322,5046.45411004,5046.73326657,-165.10,-68.83,-27.92,-0.5539,0.5539,963.93,19.1260,0.009337,5040.99,5046.10,5031.24,5039.85,BEARISH,114.00,1486.00,0.076716,1.541608,-25.9254,25.9254,5052.77695994,5039.77267817,5051.65439233,5039.82041628,-112.26,4.77,1183.40,23.4806,BULLISH,COUNTER
2026.02.04 15:35_BUY,XAUUSD,PERIOD_M5,PERIOD_M15,2026.02.04 15:35:00,1770219300045,2026.02.04 15:35:00,BUY,OK,15,35,3,5057.26,5057.42,5057.34,16.0,0.3164,5042.44729238,5043.84947251,5045.40983390,5045.06861137,296.25,121.91,34.12,0.6747,0.6747,1130.71,22.3579,0.014150,5049.10,5059.09,5048.24,5057.26,BULLISH,816.00,1085.00,0.752074,0.959570,36.3569,36.3569,5049.45302163,5039.37804702,5049.40416243,5039.75302557,-4.89,37.50,965.11,19.0834,BULLISH,ALIGNED
2026.02.04 15:45_SELL,XAUUSD,PERIOD_M5,PERIOD_M15,2026.02.04 15:45:00,1770219900030,2026.02.04 15:45:00,SELL,OK,15,45,3,5036.96,5037.07,5037.01,11.0,0.2184,5045.76186712,5045.25964670,5043.98349370,5044.49695154,-177.84,-76.27,-51.35,-1.0194,1.0194,1199.43,23.8123,0.009171,5047.17,5051.05,5033.14,5036.87,BEARISH,1030.00,1791.00,0.575098,1.493211,-23.9060,23.9060,5049.40416243,5039.75302557,5048.21043267,5039.63996574,-119.37,-11.31,857.05,17.0150,BULLISH,COUNTER
2026.02.04 15:50_BUY,XAUUSD,PERIOD_M5,PERIOD_M15,2026.02.04 15:50:00,1770220200029,2026.02.04 15:50:00,BUY,OK,15,50,3,5050.59,5050.71,5050.65,12.0,0.2376,5043.98349370,5044.49695154,5045.30279496,5045.04995595,131.93,55.30,25.28,0.5006,0.5006,1214.86,24.0535,0.009878,5036.96,5050.58,5035.67,5050.58,BULLISH,1362.00,1491.00,0.913481,1.227305,-13.2087,-13.2087,5049.40416243,5039.75302557,5048.21043267,5039.63996574,-119.37,-11.31,857.05,16.9690,BULLISH,ALIGNED
2026.02.04 16:25_SELL,XAUUSD,PERIOD_M5,PERIOD_M15,2026.02.04 16:25:00,1770222300035,2026.02.04 16:25:00,SELL,OK,16,25,3,5036.41,5036.51,5036.46,10.0,0.1986,5046.21154228,5046.15529960,5044.25123383,5045.26936327,-196.03,-88.59,-101.81,-2.0215,2.0215,1368.79,27.1775,0.007306,5043.05,5046.28,5035.34,5036.41,BEARISH,664.00,1094.00,0.606947,0.799249,-1.3698,1.3698,5048.75991528,5040.20232002,5048.67516144,5040.50301336,-8.48,30.07,817.21,16.2260,BULLISH,COUNTER
2026.02.04 20:50_BUY,XAUUSD,PERIOD_M5,PERIOD_M15,2026.02.04 20:50:00,1770238200022,2026.02.04 20:50:00,BUY,OK,20,50,3,4917.77,4917.93,4917.85,16.0,0.3253,4912.85745016,4913.09810557,4913.83996013,4913.52282325,98.25,42.47,31.71,0.6449,0.6449,1717.50,34.9238,0.009316,4920.07,4921.56,4910.75,4917.77,BEARISH,230.00,1081.00,0.212766,0.629403,-13.4230,-13.4230,4948.38673458,4987.58903968,4945.68990271,4984.94123420,-269.68,-264.78,-3925.13,-79.8140,BEARISH,COUNTER
2026.02.05 03:15_SELL,XAUUSD,PERIOD_M5,PERIOD_M15,2026.02.05 03:15:00,1770261300025,2026.02.05 03:15:00,SELL,OK,3,15,4,4967.86,4967.90,4967.88,4.0,0.0805,5008.50787522,5005.88834087,5000.34030017,5002.41394624,-816.76,-347.44,-207.36,-4.1741,4.1741,1340.79,26.9891,0.002983,4999.62,5001.19,4967.09,4967.67,BEARISH,3195.00,3410.00,0.936950,2.543285,-78.3321,78.3321,4983.10585980,4980.86840998,4981.63577791,4980.35082528,-147.01,-51.76,128.50,2.5865,BULLISH,COUNTER
2026.02.05 07:55_BUY,XAUUSD,PERIOD_M5,PERIOD_M15,2026.02.05 07:55:00,1770278100012,2026.02.05 07:55:00,BUY,OK,7,55,4,4905.37,4905.50,4905.43,13.0,0.2650,4869.92620328,4870.72283485,4877.01496263,4873.87257714,708.88,314.97,314.24,6.4059,6.4059,1973.43,40.2294,0.006588,4895.12,4906.57,4891.02,4905.37,BULLISH,1025.00,1555.00,0.659164,0.787969,107.6419,107.6419,4897.85210565,4933.51183843,4896.68047654,4931.63098202,-117.16,-188.09,-3495.05,-71.2485,BEARISH,COUNTER
2026.02.05 10:55_SELL,XAUUSD,PERIOD_M5,PERIOD_M15,2026.02.05 10:55:00,1770288900046,2026.02.05 10:55:00,SELL,OK,10,55,4,4904.71,4904.75,4904.73,4.0,0.0816,4921.46431620,4920.02881477,4918.11345296,4918.63619524,-335.09,-139.26,-52.27,-1.0658,1.0658,1205.79,24.5841,0.003317,4909.14,4917.78,4901.24,4904.71,BEARISH,443.00,1654.00,0.267836,1.371720,-34.8041,34.8041,4913.74098561,4928.00268228,4914.58470126,4927.79081238,84.37,-21.19,-1320.61,-26.9253,BEARISH,ALIGNED
2026.02.05 13:15_BUY,XAUUSD,PERIOD_M5,PERIOD_M15,2026.02.05 13:15:00,1770297300030,2026.02.05 13:15:00,BUY,OK,13,15,4,4887.29,4887.37,4887.33,8.0,0.1637,4876.18697464,4877.34267292,4878.40757972,4878.24697538,222.06,90.43,16.06,0.3286,0.3286,1181.64,24.1777,0.006770,4884.39,4888.95,4880.61,4887.29,BULLISH,290.00,834.00,0.347722,0.705797,21.1401,21.1401,4890.87651198,4911.94536798,4890.53493941,4910.97849081,-34.16,-96.69,-2044.36,-41.8297,BEARISH,COUNTER
2026.02.05 13:50_SELL,XAUUSD,PERIOD_M5,PERIOD_M15,2026.02.05 13:50:00,1770299400010,2026.02.05 13:50:00,SELL,OK,13,50,4,4871.72,4871.76,4871.74,4.0,0.0821,4880.44363050,4880.04107229,4878.70090440,4879.28552026,-174.27,-75.56,-58.46,-1.2000,1.2000,1078.71,22.1423,0.003708,4871.72,4886.20,4871.19,4871.73,BULLISH,1.00,1501.00,0.000666,1.391471,-32.6739,32.6739,4890.68018327,4910.23658921,4888.88968963,4908.73240924,-179.05,-150.42,-1984.27,-40.7303,BEARISH,ALIGNED
2026.02.05 16:50_BUY,XAUUSD,PERIOD_M5,PERIOD_M15,2026.02.05 16:50:00,1770310200037,2026.02.05 16:50:00,BUY,OK,16,50,4,4850.29,4850.34,4850.32,5.0,0.1031,4838.72374329,4839.27314594,4841.04099463,4840.27649631,231.73,100.34,76.45,1.5762,1.5762,2264.64,46.6906,0.002208,4859.53,4866.80,4840.60,4850.31,BEARISH,922.00,2620.00,0.351908,1.156915,54.6857,54.6857,4854.53069924,4883.98615973,4855.00587074,4883.02670249,47.52,-95.95,-2802.08,-57.7712,BEARISH,COUNTER
2026.02.05 17:15_SELL,XAUUSD,PERIOD_M5,PERIOD_M15,2026.02.05 17:15:00,1770311700035,2026.02.05 17:15:00,SELL,OK,17,15,4,4828.45,4828.65,4828.55,20.0,0.4142,4843.48864740,4841.92400881,4840.48091792,4840.69909892,-300.77,-122.49,-21.82,-0.4519,0.4519,2615.43,54.1659,0.007647,4851.15,4856.60,4826.72,4828.45,BEARISH,2270.00,2988.00,0.759705,1.142451,-36.4827,36.4827,4854.16054972,4881.57977298,4851.71192593,4879.49625247,-244.86,-208.35,-2778.43,-57.5418,BEARISH,ALIGNED
2026.02.05 17:20_BUY,XAUUSD,PERIOD_M5,PERIOD_M15,2026.02.05 17:20:00,1770312000051,2026.02.05 17:20:00,BUY,OK,17,20,4,4844.29,4844.33,4844.31,4.0,0.0826,4840.48091792,4840.69909892,4841.27873434,4841.04190811,79.78,34.28,23.68,0.4889,0.4889,2576.07,53.1773,0.001553,4828.45,4845.58,4823.43,4844.47,BULLISH,1602.00,2215.00,0.723251,0.859836,28.9619,28.9619,4854.16054972,4881.57977298,4851.71192593,4879.49625247,-244.86,-208.35,-2778.43,-57.3546,BEARISH,COUNTER
2026.02.05 17:25_SELL,XAUUSD,PERIOD_M5,PERIOD_M15,2026.02.05 17:25:00,1770312300005,2026.02.05 17:25:00,SELL,OK,17,25,4,4831.24,4831.44,4831.34,20.0,0.4140,4841.27873434,4841.04190811,4839.27098747,4840.15082556,-200.77,-89.11,-87.98,-1.8211,1.8211,2484.21,51.4187,0.008051,4844.29,4844.29,4825.85,4831.24,BEARISH,1305.00,1844.00,0.707701,0.742287,-41.0418,41.0418,4854.16054972,4881.57977298,4851.71192593,4879.49625247,-244.86,-208.35,-2778.43,-57.5085,BEARISH,ALIGNED
2026.02.05 18:30_BUY,XAUUSD,PERIOD_M5,PERIOD_M15,2026.02.05 18:30:00,1770316200026,2026.02.05 18:30:00,BUY,OK,18,30,4,4849.87,4849.95,4849.91,8.0,0.1650,4830.10439415,4830.30250654,4834.02551532,4832.06682413,392.11,176.43,195.87,4.0386,4.0386,1888.07,38.9300,0.004237,4850.49,4857.20,4844.92,4849.71,BEARISH,78.00,1228.00,0.063518,0.650399,60.2406,60.2406,4840.48214129,4870.34298401,4841.36098497,4869.53384738,87.88,-80.91,-2817.29,-58.0895,BEARISH,COUNTER
2026.02.05 20:55_SELL,XAUUSD,PERIOD_M5,PERIOD_M15,2026.02.05 20:55:00,1770324900011,2026.02.05 20:55:00,SELL,OK,20,55,4,4858.84,4858.88,4858.86,4.0,0.0823,4865.91078843,4865.59011161,4864.50863074,4864.98191965,-140.22,-60.82,-47.33,-0.9741,0.9741,1412.50,29.0706,0.002832,4861.81,4869.77,4857.14,4858.90,BEARISH,291.00,1263.00,0.230404,0.894159,-1.2964,1.2964,4857.93036389,4870.26551840,4859.13699590,4870.27863533,120.66,1.31,-1114.16,-22.9306,BEARISH,ALIGNED
2026.02.06 03:00_BUY,XAUUSD,PERIOD_M5,PERIOD_M15,2026.02.06 03:00:00,1770346800017,2026.02.06 03:00:00,BUY,OK,3,0,5,4763.08,4763.12,4763.10,4.0,0.0840,4733.90965460,4736.47449493,4739.74372368,4738.89317721,583.41,241.87,85.05,1.7857,1.7857,2363.50,49.6210,0.001692,4741.34,4764.68,4740.28,4763.08,BULLISH,2174.00,2440.00,0.890984,1.032367,9.9825,9.9825,4777.35066087,4820.11736946,4775.99155031,4817.88060987,-135.91,-223.68,-4188.91,-87.9450,BEARISH,COUNTER
2026.02.06 03:20_SELL,XAUUSD,PERIOD_M5,PERIOD_M15,2026.02.06 03:20:00,1770348000038,2026.02.06 03:20:00,SELL,OK,3,20,5,4718.03,4718.07,4718.05,4.0,0.0848,4741.83830652,4740.15120001,4737.07464522,4738.13927273,-476.37,-201.19,-106.46,-2.2565,2.2565,3053.64,64.7226,0.001310,4747.47,4762.72,4709.23,4718.02,BEARISH,2945.00,5349.00,0.550570,1.751678,-59.8765,59.8765,4775.99155031,4817.88060987,4773.27521218,4815.11940949,-271.63,-276.12,-4184.42,-88.6896,BEARISH,ALIGNED
2026.02.06 03:50_BUY,XAUUSD,PERIOD_M5,PERIOD_M15,2026.02.06 03:50:00,1770349800004,2026.02.06 03:50:00,BUY,OK,3,50,5,4751.79,4751.83,4751.81,4.0,0.0842,4733.63044695,4735.13857848,4737.26235756,4736.65234408,363.19,151.38,61.00,1.2837,1.2837,2798.86,58.9009,0.001429,4742.03,4756.16,4736.73,4751.79,BULLISH,976.00,1943.00,0.502316,0.694212,21.9556,21.9556,4767.43090626,4811.07198166,4765.01177233,4808.36445297,-241.91,-270.75,-4335.27,-91.2340,BEARISH,COUNTER
2026.02.06 09:05_SELL,XAUUSD,PERIOD_M5,PERIOD_M15,2026.02.06 09:05:00,1770368700020,2026.02.06 09:05:00,SELL,OK,9,5,5,4840.08,4840.12,4840.10,4.0,0.0826,4851.69163504,4851.18976474,4849.27130803,4850.13524067,-242.03,-105.45,-86.39,-1.7849,1.7849,1587.43,32.7974,0.002520,4846.53,4854.46,4838.28,4839.59,BEARISH,694.00,1618.00,0.428925,1.019258,-32.3975,32.3975,4830.54535862,4822.31899281,4832.06770542,4823.26844407,152.23,94.95,879.93,18.1799,BULLISH,COUNTER
2026.02.06 09:30_BUY,XAUUSD,PERIOD_M5,PERIOD_M15,2026.02.06 09:30:00,1770370200023,2026.02.06 09:30:00,BUY,OK,9,30,5,4858.72,4858.82,4858.77,10.0,0.2058,4848.92074377,4849.59678142,4850.88059502,4850.42616493,195.99,82.94,45.44,0.9353,0.9353,1315.29,27.0703,0.007603,4851.59,4861.92,4851.56,4858.72,BULLISH,713.00,1036.00,0.688224,0.787662,18.7437,18.7437,4833.74030490,4824.30223058,4836.11932348,4825.65194702,237.90,134.97,1046.74,21.5433,BULLISH,ALIGNED
2026.02.06 10:00_SELL,XAUUSD,PERIOD_M5,PERIOD_M15,2026.02.06 10:00:00,1770372000020,2026.02.06 10:00:00,SELL,OK,10,0,5,4841.13,4841.27,4841.20,14.0,0.2892,4852.04719017,4851.35836085,4849.86375214,4850.42850986,-218.34,-92.99,-56.48,-1.1666,1.1666,1077.93,22.2657,0.012988,4849.50,4854.48,4840.10,4841.13,BEARISH,837.00,1438.00,0.582058,1.334040,-32.3872,32.3872,4838.09462601,4826.87579224,4838.38370925,4827.43478078,28.91,55.90,1094.89,22.6161,BULLISH,COUNTER
2026.02.06 10:25_BUY,XAUUSD,PERIOD_M5,PERIOD_M15,2026.02.06 10:25:00,1770373500024,2026.02.06 10:25:00,BUY,OK,10,25,5,4866.71,4866.79,4866.75,8.0,0.1644,4848.81932888,4849.37552207,4852.40146310,4850.95320188,358.21,157.77,144.83,2.9758,2.9758,1043.71,21.4458,0.007665,4855.03,4867.67,4854.95,4866.73,BULLISH,1170.00,1272.00,0.919811,1.218724,52.1535,52.1535,4838.38370925,4827.43478078,4839.63478456,4828.37929918,125.11,94.45,1125.55,23.1273,BULLISH,ALIGNED
2026.02.06 11:15_SELL,XAUUSD,PERIOD_M5,PERIOD_M15,2026.02.06 11:15:00,1770376500018,2026.02.06 11:15:00,SELL,OK,11,15,5,4840.19,4840.24,4840.22,5.0,0.1033,4856.68613087,4855.95282348,4853.39290470,4854.52256680,-329.32,-143.03,-112.97,-2.3339,2.3339,1236.71,25.5508,0.004043,4847.14,4852.58,4839.70,4840.22,BEARISH,692.00,1288.00,0.537267,1.041469,-44.6326,44.6326,4845.71659079,4832.31641321,4845.19310595,4832.62635779,-52.35,30.99,1256.67,25.9632,BULLISH,COUNTER
2026.02.06 11:30_BUY,XAUUSD,PERIOD_M5,PERIOD_M15,2026.02.06 11:30:00,1770377400096,2026.02.06 11:30:00,BUY,OK,11,30,5,4863.39,4863.55,4863.47,16.0,0.3290,4853.70825901,4854.41517917,4855.67060721,4855.24289016,196.23,82.77,42.77,0.8794,0.8794,1292.79,26.5816,0.012376,4859.41,4864.78,4856.37,4863.52,BULLISH,411.00,841.00,0.488704,0.650533,48.1383,48.1383,4845.19310595,4832.62635779,4846.93852443,4833.83787317,174.54,121.15,1310.07,26.9368,BULLISH,ALIGNED
2026.02.06 21:40_SELL,XAUUSD,PERIOD_M5,PERIOD_M15,2026.02.06 21:40:00,1770414000125,2026.02.06 21:40:00,SELL,OK,21,40,5,4952.22,4952.29,4952.26,7.0,0.1413,4958.84028279,4958.73245171,4957.51622623,4958.14041065,-132.41,-59.20,-62.42,-1.2604,1.2604,513.43,10.3676,0.013634,4955.98,4955.99,4948.83,4952.22,BEARISH,376.00,716.00,0.525140,1.394546,-13.9540,13.9540,4946.13094588,4913.27595600,4947.21942722,4915.01258518,108.85,173.66,3220.68,65.0347,BULLISH,COUNTER
2026.02.06 23:40_BUY,XAUUSD,PERIOD_M5,PERIOD_M15,2026.02.06 23:40:00,1770421200081,2026.02.06 23:40:00,BUY,OK,23,40,5,4962.25,4962.69,4962.47,44.0,0.8867,4952.04684136,4952.34916782,4954.08747309,4953.24924347,204.06,90.01,83.82,1.6891,1.6891,702.21,14.1505,0.062659,4954.89,4964.45,4954.38,4962.25,BULLISH,736.00,1007.00,0.730884,1.434035,22.8441,22.8441,4949.49783033,4924.03275048,4949.92851316,4925.20872105,43.07,117.60,2471.98,49.8135,BULLISH,ALIGNED
