signal_id,symbol,timeframe,magic,signal_time,signal_bar_time,side,horizon_hours,target_time,observed_time,delay_seconds,status,entry_bid,entry_ask,entry_mid,entry_spread_points,future_bid,future_ask,future_mid,future_spread_points,mid_return_points,executable_return_points,mid_return_bps,executable_return_bps,fast_ema_bar2,slow_ema_bar2,fast_ema_bar1,slow_ema_bar1
1,XAUUSD,PERIOD_H1,26090401,2025.01.06 09:00:00,2025.01.06 09:00:00,SELL,1,2025.01.06 10:00:00,2025.01.06 10:00:00,0,OK,2631.49,2631.62,2631.55,13.0,2626.65,2626.78,2626.72,13.0,484.0,471.0,18.3922,17.8986,2643.13830481,2642.61798521,2642.03179959,2642.18277010
1,XAUUSD,PERIOD_H1,26090401,2025.01.06 09:00:00,2025.01.06 09:00:00,SELL,2,2025.01.06 11:00:00,2025.01.06 11:00:00,0,OK,2631.49,2631.62,2631.55,13.0,2631.40,2631.53,2631.47,13.0,9.0,-4.0,0.3420,-0.1520,2643.13830481,2642.61798521,2642.03179959,2642.18277010
1,XAUUSD,PERIOD_H1,26090401,2025.01.06 09:00:00,2025.01.06 09:00:00,SELL,4,2025.01.06 13:00:00,2025.01.06 13:00:00,0,OK,2631.49,2631.62,2631.55,13.0,2633.81,2633.94,2633.88,13.0,-232.0,-245.0,-8.8161,-9.3103,2643.13830481,2642.61798521,2642.03179959,2642.18277010
1,XAUUSD,PERIOD_H1,26090401,2025.01.06 09:00:00,2025.01.06 09:00:00,SELL,8,2025.01.06 17:00:00,2025.01.06 17:00:00,0,OK,2631.49,2631.62,2631.55,13.0,2631.53,2631.66,2631.60,13.0,-4.0,-17.0,-0.1520,-0.6460,2643.13830481,2642.61798521,2642.03179959,2642.18277010
1,XAUUSD,PERIOD_H1,26090401,2025.01.06 09:00:00,2025.01.06 09:00:00,SELL,12,2025.01.06 21:00:00,2025.01.06 21:00:00,0,OK,2631.49,2631.62,2631.55,13.0,2634.62,2634.75,2634.68,13.0,-313.0,-326.0,-11.8941,-12.3884,2643.13830481,2642.61798521,2642.03179959,2642.18277010
1,XAUUSD,PERIOD_H1,26090401,2025.01.06 09:00:00,2025.01.06 09:00:00,SELL,24,2025.01.07 09:00:00,2025.01.07 09:00:00,0,OK,2631.49,2631.62,2631.55,13.0,2640.21,2640.34,2640.28,13.0,-872.0,-885.0,-33.1363,-33.6311,2643.13830481,2642.61798521,2642.03179959,2642.18277010
2,XAUUSD,PERIOD_H1,26090401,2025.01.07 14:00:00,2025.01.07 14:00:00,BUY,1,2025.01.07 15:00:00,2025.01.07 15:00:00,0,OK,2648.50,2648.63,2648.57,13.0,2651.38,2651.49,2651.43,11.0,287.0,275.0,10.8361,10.3827,2639.27152487,2639.41938905,2640.14661774,2639.77392281
2,XAUUSD,PERIOD_H1,26090401,2025.01.07 14:00:00,2025.01.07 14:00:00,BUY,2,2025.01.07 16:00:00,2025.01.07 16:00:00,0,OK,2648.50,2648.63,2648.57,13.0,2662.53,2662.64,2662.59,11.0,1402.0,1390.0,52.9343,52.4800,2639.27152487,2639.41938905,2640.14661774,2639.77392281
2,XAUUSD,PERIOD_H1,26090401,2025.01.07 14:00:00,2025.01.07 14:00:00,BUY,4,2025.01.07 18:00:00,2025.01.07 18:00:00,0,OK,2648.50,2648.63,2648.57,13.0,2647.65,2647.79,2647.72,14.0,-84.5,-98.0,-3.1904,-3.7000,2639.27152487,2639.41938905,2640.14661774,2639.77392281
2,XAUUSD,PERIOD_H1,26090401,2025.01.07 14:00:00,2025.01.07 14:00:00,BUY,8,2025.01.07 22:00:00,2025.01.07 22:00:00,0,OK,2648.50,2648.63,2648.57,13.0,2649.22,2649.37,2649.30,15.0,73.0,59.0,2.7562,2.2276,2639.27152487,2639.41938905,2640.14661774,2639.77392281
2,XAUUSD,PERIOD_H1,26090401,2025.01.07 14:00:00,2025.01.07 14:00:00,BUY,12,2025.01.08 02:00:00,2025.01.08 02:00:00,0,OK,2648.50,2648.63,2648.57,13.0,2649.69,2649.84,2649.77,15.0,120.0,106.0,4.5308,4.0021,2639.27152487,2639.41938905,2640.14661774,2639.77392281
2,XAUUSD,PERIOD_H1,26090401,2025.01.07 14:00:00,2025.01.07 14:00:00,BUY,24,2025.01.08 14:00:00,2025.01.08 14:00:00,0,OK,2648.50,2648.63,2648.57,13.0,2650.75,2651.00,2650.88,25.0,231.0,212.0,8.7217,8.0041,2639.27152487,2639.41938905,2640.14661774,2639.77392281
3,XAUUSD,PERIOD_H1,26090401,2025.01.13 20:00:00,2025.01.13 20:00:00,SELL,1,2025.01.13 21:00:00,2025.01.13 21:00:00,0,OK,2660.95,2661.02,2660.98,7.0,2659.35,2659.40,2659.38,5.0,161.0,155.0,6.0504,5.8250,2677.42068066,2676.59068914,2675.84442536,2675.97419152
3,XAUUSD,PERIOD_H1,26090401,2025.01.13 20:00:00,2025.01.13 20:00:00,SELL,2,2025.01.13 22:00:00,2025.01.13 22:00:00,0,OK,2660.95,2661.02,2660.98,7.0,2658.95,2659.00,2658.97,5.0,201.0,195.0,7.5536,7.3282,2677.42068066,2676.59068914,2675.84442536,2675.97419152
3,XAUUSD,PERIOD_H1,26090401,2025.01.13 20:00:00,2025.01.13 20:00:00,SELL,4,2025.01.14 00:00:00,,,NO_TICK_NEAR_TARGET,2660.95,2661.02,2660.98,7.0,,,,,,,,,2677.42068066,2676.59068914,2675.84442536,2675.97419152
3,XAUUSD,PERIOD_H1,26090401,2025.01.13 20:00:00,2025.01.13 20:00:00,SELL,8,2025.01.14 04:00:00,2025.01.14 04:00:00,0,OK,2660.95,2661.02,2660.98,7.0,2670.77,2670.86,2670.82,9.0,-983.0,-991.0,-36.9412,-37.2423,2677.42068066,2676.59068914,2675.84442536,2675.97419152
3,XAUUSD,PERIOD_H1,26090401,2025.01.13 20:00:00,2025.01.13 20:00:00,SELL,12,2025.01.14 08:00:00,2025.01.14 08:00:00,0,OK,2660.95,2661.02,2660.98,7.0,2668.70,2668.75,2668.72,5.0,-774.0,-780.0,-29.0870,-29.3128,2677.42068066,2676.59068914,2675.84442536,2675.97419152
3,XAUUSD,PERIOD_H1,26090401,2025.01.13 20:00:00,2025.01.13 20:00:00,SELL,24,2025.01.14 20:00:00,2025.01.14 20:00:00,0,OK,2660.95,2661.02,2660.98,7.0,2669.11,2669.23,2669.17,12.0,-818.5,-828.0,-30.7593,-31.1167,2677.42068066,2676.59068914,2675.84442536,2675.97419152
4,XAUUSD,PERIOD_H1,26090401,2025.01.15 06:00:00,2025.01.15 06:00:00,BUY,1,2025.01.15 07:00:00,2025.01.15 07:00:00,0,OK,2676.03,2676.14,2676.09,11.0,2675.72,2675.84,2675.78,12.0,-30.5,-42.0,-1.1397,-1.5694,2671.75156568,2671.97471524,2672.16665467,2672.13688327
4,XAUUSD,PERIOD_H1,26090401,2025.01.15 06:00:00,2025.01.15 06:00:00,BUY,2,2025.01.15 08:00:00,2025.01.15 08:00:00,0,OK,2676.03,2676.14,2676.09,11.0,2679.39,2679.52,2679.45,13.0,337.0,325.0,12.5930,12.1444,2671.75156568,2671.97471524,2672.16665467,2672.13688327
4,XAUUSD,PERIOD_H1,26090401,2025.01.15 06:00:00,2025.01.15 06:00:00,BUY,4,2025.01.15 10:00:00,2025.01.15 10:00:00,0,OK,2676.03,2676.14,2676.09,11.0,2681.37,2681.42,2681.39,5.0,531.0,523.0,19.8424,19.5431,2671.75156568,2671.97471524,2672.16665467,2672.13688327
4,XAUUSD,PERIOD_H1,26090401,2025.01.15 06:00:00,2025.01.15 06:00:00,BUY,8,2025.01.15 14:00:00,2025.01.15 14:00:00,0,OK,2676.03,2676.14,2676.09,11.0,2686.82,2686.95,2686.89,13.0,1080.0,1068.0,40.3575,39.9082,2671.75156568,2671.97471524,2672.16665467,2672.13688327
4,XAUUSD,PERIOD_H1,26090401,2025.01.15 06:00:00,2025.01.15 06:00:00,BUY,12,2025.01.15 18:00:00,2025.01.15 18:00:00,0,OK,2676.03,2676.14,2676.09,11.0,2678.64,2678.73,2678.68,9.0,260.0,250.0,9.7157,9.3418,2671.75156568,2671.97471524,2672.16665467,2672.13688327
4,XAUUSD,PERIOD_H1,26090401,2025.01.15 06:00:00,2025.01.15 06:00:00,BUY,24,2025.01.16 06:00:00,2025.01.16 06:00:00,0,OK,2676.03,2676.14,2676.09,11.0,2697.26,2697.39,2697.32,13.0,2124.0,2112.0,79.3697,78.9196,2671.75156568,2671.97471524,2672.16665467,2672.13688327
5,XAUUSD,PERIOD_H1,26090401,2025.01.27 18:00:00,2025.01.27 18:00:00,SELL,1,2025.01.27 19:00:00,2025.01.27 19:00:00,0,OK,2741.95,2742.13,2742.04,18.0,2734.73,2734.91,2734.82,18.0,722.0,704.0,26.3308,25.6752,2761.98940989,2761.48801067,2760.07327562,2760.71867692
5,XAUUSD,PERIOD_H1,26090401,2025.01.27 18:00:00,2025.01.27 18:00:00,SELL,2,2025.01.27 20:00:00,2025.01.27 20:00:00,0,OK,2741.95,2742.13,2742.04,18.0,2733.52,2733.70,2733.61,18.0,843.0,825.0,30.7435,30.0881,2761.98940989,2761.48801067,2760.07327562,2760.71867692
5,XAUUSD,PERIOD_H1,26090401,2025.01.27 18:00:00,2025.01.27 18:00:00,SELL,4,2025.01.27 22:00:00,2025.01.27 22:00:00,0,OK,2741.95,2742.13,2742.04,18.0,2739.41,2739.59,2739.50,18.0,254.0,236.0,9.2632,8.6070,2761.98940989,2761.48801067,2760.07327562,2760.71867692
5,XAUUSD,PERIOD_H1,26090401,2025.01.27 18:00:00,2025.01.27 18:00:00,SELL,8,2025.01.28 02:00:00,2025.01.28 02:00:00,0,OK,2741.95,2742.13,2742.04,18.0,2741.76,2741.95,2741.86,19.0,18.5,0.0,0.6747,0.0000,2761.98940989,2761.48801067,2760.07327562,2760.71867692
5,XAUUSD,PERIOD_H1,26090401,2025.01.27 18:00:00,2025.01.27 18:00:00,SELL,12,2025.01.28 06:00:00,2025.01.28 06:00:00,0,OK,2741.95,2742.13,2742.04,18.0,2738.88,2739.07,2738.98,19.0,306.5,288.0,11.1778,10.5035,2761.98940989,2761.48801067,2760.07327562,2760.71867692
5,XAUUSD,PERIOD_H1,26090401,2025.01.27 18:00:00,2025.01.27 18:00:00,SELL,24,2025.01.28 18:00:00,2025.01.28 18:00:00,0,OK,2741.95,2742.13,2742.04,18.0,2755.44,2755.57,2755.51,13.0,-1346.5,-1362.0,-49.1058,-49.6727,2761.98940989,2761.48801067,2760.07327562,2760.71867692
6,XAUUSD,PERIOD_H1,26090401,2025.01.28 23:00:00,2025.01.28 23:00:00,BUY,1,2025.01.29 00:00:00,,,NO_TICK_NEAR_TARGET,2764.04,2764.34,2764.19,30.0,,,,,,,,,2751.28993310,2751.74806015,2752.50898709,2752.23205779
6,XAUUSD,PERIOD_H1,26090401,2025.01.28 23:00:00,2025.01.28 23:00:00,BUY,2,2025.01.29 01:00:00,2025.01.29 01:00:00,0,OK,2764.04,2764.34,2764.19,30.0,2763.23,2763.34,2763.28,11.0,-90.5,-111.0,-3.2740,-4.0154,2751.28993310,2751.74806015,2752.50898709,2752.23205779
6,XAUUSD,PERIOD_H1,26090401,2025.01.28 23:00:00,2025.01.28 23:00:00,BUY,4,2025.01.29 03:00:00,2025.01.29 03:00:00,0,OK,2764.04,2764.34,2764.19,30.0,2763.96,2764.09,2764.03,13.0,-16.5,-38.0,-0.5969,-1.3747,2751.28993310,2751.74806015,2752.50898709,2752.23205779
6,XAUUSD,PERIOD_H1,26090401,2025.01.28 23:00:00,2025.01.28 23:00:00,BUY,8,2025.01.29 07:00:00,2025.01.29 07:00:00,0,OK,2764.04,2764.34,2764.19,30.0,2762.45,2762.57,2762.51,12.0,-168.0,-189.0,-6.0777,-6.8371,2751.28993310,2751.74806015,2752.50898709,2752.23205779
6,XAUUSD,PERIOD_H1,26090401,2025.01.28 23:00:00,2025.01.28 23:00:00,BUY,12,2025.01.29 11:00:00,2025.01.29 11:00:00,0,OK,2764.04,2764.34,2764.19,30.0,2763.83,2763.97,2763.90,14.0,-29.0,-51.0,-1.0491,-1.8449,2751.28993310,2751.74806015,2752.50898709,2752.23205779
6,XAUUSD,PERIOD_H1,26090401,2025.01.28 23:00:00,2025.01.28 23:00:00,BUY,24,2025.01.29 23:00:00,2025.01.29 23:00:00,0,OK,2764.04,2764.34,2764.19,30.0,2754.97,2755.02,2754.99,5.0,-919.5,-937.0,-33.2647,-33.8960,2751.28993310,2751.74806015,2752.50898709,2752.23205779
7,XAUUSD,PERIOD_H1,26090401,2025.02.12 13:00:00,2025.02.12 13:00:00,SELL,1,2025.02.12 14:00:00,2025.02.12 14:00:00,0,OK,2882.59,2882.74,2882.66,15.0,2879.64,2879.81,2879.72,17.0,294.0,278.0,10.1989,9.6441,2894.63034641,2894.60541321,2893.49317056,2894.13814210
7,XAUUSD,PERIOD_H1,26090401,2025.02.12 13:00:00,2025.02.12 13:00:00,SELL,2,2025.02.12 15:00:00,2025.02.12 15:00:00,0,OK,2882.59,2882.74,2882.66,15.0,2885.17,2885.26,2885.22,9.0,-255.0,-267.0,-8.8460,-9.2625,2894.63034641,2894.60541321,2893.49317056,2894.13814210
7,XAUUSD,PERIOD_H1,26090401,2025.02.12 13:00:00,2025.02.12 13:00:00,SELL,4,2025.02.12 17:00:00,2025.02.12 17:00:00,0,OK,2882.59,2882.74,2882.66,15.0,2894.31,2894.36,2894.34,5.0,-1167.0,-1177.0,-40.4834,-40.8313,2894.63034641,2894.60541321,2893.49317056,2894.13814210
7,XAUUSD,PERIOD_H1,26090401,2025.02.12 13:00:00,2025.02.12 13:00:00,SELL,8,2025.02.12 21:00:00,2025.02.12 21:00:00,0,OK,2882.59,2882.74,2882.66,15.0,2901.16,2901.21,2901.18,5.0,-1852.0,-1862.0,-64.2461,-64.5947,2894.63034641,2894.60541321,2893.49317056,2894.13814210
8,XAUUSD,PERIOD_H1,26090401,2025.02.12 21:00:00,2025.02.12 21:00:00,BUY,1,2025.02.12 22:00:00,2025.02.12 22:00:00,0,OK,2901.16,2901.21,2901.18,5.0,2897.97,2898.12,2898.05,15.0,-314.0,-324.0,-10.8232,-11.1678,2893.54391422,2893.76798422,2894.25687477,2894.05276915
8,XAUUSD,PERIOD_H1,26090401,2025.02.12 21:00:00,2025.02.12 21:00:00,BUY,2,2025.02.12 23:00:00,2025.02.12 23:00:00,0,OK,2901.16,2901.21,2901.18,5.0,2900.75,2900.83,2900.79,8.0,-39.5,-46.0,-1.3615,-1.5855,2893.54391422,2893.76798422,2894.25687477,2894.05276915
8,XAUUSD,PERIOD_H1,26090401,2025.02.12 21:00:00,2025.02.12 21:00:00,BUY,4,2025.02.13 01:00:00,2025.02.13 01:00:00,0,OK,2901.16,2901.21,2901.18,5.0,2904.36,2904.48,2904.42,12.0,323.5,315.0,11.1506,10.8575,2893.54391422,2893.76798422,2894.25687477,2894.05276915
7,XAUUSD,PERIOD_H1,26090401,2025.02.12 13:00:00,2025.02.12 13:00:00,SELL,12,2025.02.13 01:00:00,2025.02.13 01:00:00,0,OK,2882.59,2882.74,2882.66,15.0,2904.36,2904.48,2904.42,12.0,-2175.5,-2189.0,-75.4684,-75.9387,2894.63034641,2894.60541321,2893.49317056,2894.13814210
8,XAUUSD,PERIOD_H1,26090401,2025.02.12 21:00:00,2025.02.12 21:00:00,BUY,8,2025.02.13 05:00:00,2025.02.13 05:00:00,0,OK,2901.16,2901.21,2901.18,5.0,2908.75,2908.85,2908.80,10.0,761.5,754.0,26.2479,25.9892,2893.54391422,2893.76798422,2894.25687477,2894.05276915
8,XAUUSD,PERIOD_H1,26090401,2025.02.12 21:00:00,2025.02.12 21:00:00,BUY,12,2025.02.13 09:00:00,2025.02.13 09:00:00,0,OK,2901.16,2901.21,2901.18,5.0,2915.74,2916.07,2915.90,33.0,1472.0,1453.0,50.7379,50.0826,2893.54391422,2893.76798422,2894.25687477,2894.05276915
7,XAUUSD,PERIOD_H1,26090401,2025.02.12 13:00:00,2025.02.12 13:00:00,SELL,24,2025.02.13 13:00:00,2025.02.13 13:00:00,0,OK,2882.59,2882.74,2882.66,15.0,2918.01,2918.16,2918.09,15.0,-3542.0,-3557.0,-122.8724,-123.3960,2894.63034641,2894.60541321,2893.49317056,2894.13814210
8,XAUUSD,PERIOD_H1,26090401,2025.02.12 21:00:00,2025.02.12 21:00:00,BUY,24,2025.02.13 21:00:00,2025.02.13 21:00:00,0,OK,2901.16,2901.21,2901.18,5.0,2923.95,2924.10,2924.02,15.0,2284.0,2274.0,78.7265,78.3811,2893.54391422,2893.76798422,2894.25687477,2894.05276915
9,XAUUSD,PERIOD_H1,26090401,2025.02.14 22:00:00,2025.02.14 22:00:00,SELL,1,2025.02.14 23:00:00,2025.02.14 23:00:00,0,OK,2880.45,2880.60,2880.52,15.0,2885.32,2885.46,2885.39,14.0,-486.5,-501.0,-16.8893,-17.3931,2915.10187775,2914.56059070,2911.81217510,2913.22723420
9,XAUUSD,PERIOD_H1,26090401,2025.02.14 22:00:00,2025.02.14 22:00:00,SELL,2,2025.02.15 00:00:00,,,NO_TICK_NEAR_TARGET,2880.45,2880.60,2880.52,15.0,,,,,,,,,2915.10187775,2914.56059070,2911.81217510,2913.22723420
9,XAUUSD,PERIOD_H1,26090401,2025.02.14 22:00:00,2025.02.14 22:00:00,SELL,4,2025.02.15 02:00:00,,,NO_TICK_NEAR_TARGET,2880.45,2880.60,2880.52,15.0,,,,,,,,,2915.10187775,2914.56059070,2911.81217510,2913.22723420
9,XAUUSD,PERIOD_H1,26090401,2025.02.14 22:00:00,2025.02.14 22:00:00,SELL,8,2025.02.15 06:00:00,,,NO_TICK_NEAR_TARGET,2880.45,2880.60,2880.52,15.0,,,,,,,,,2915.10187775,2914.56059070,2911.81217510,2913.22723420
9,XAUUSD,PERIOD_H1,26090401,2025.02.14 22:00:00,2025.02.14 22:00:00,SELL,12,2025.02.15 10:00:00,,,NO_TICK_NEAR_TARGET,2880.45,2880.60,2880.52,15.0,,,,,,,,,2915.10187775,2914.56059070,2911.81217510,2913.22723420
9,XAUUSD,PERIOD_H1,26090401,2025.02.14 22:00:00,2025.02.14 22:00:00,SELL,24,2025.02.15 22:00:00,,,NO_TICK_NEAR_TARGET,2880.45,2880.60,2880.52,15.0,,,,,,,,,2915.10187775,2914.56059070,2911.81217510,2913.22723420
10,XAUUSD,PERIOD_H1,26090401,2025.02.18 11:00:00,2025.02.18 11:00:00,BUY,1,2025.02.18 12:00:00,2025.02.18 12:00:00,0,OK,2912.40,2912.55,2912.48,15.0,2912.65,2912.70,2912.68,5.0,20.0,10.0,0.6867,0.3433,2904.26939264,2904.60716591,2905.04183144,2904.91198294
10,XAUUSD,PERIOD_H1,26090401,2025.02.18 11:00:00,2025.02.18 11:00:00,BUY,2,2025.02.18 13:00:00,2025.02.18 13:00:00,0,OK,2912.40,2912.55,2912.48,15.0,2911.36,2911.45,2911.40,9.0,-107.0,-119.0,-3.6739,-4.0858,2904.26939264,2904.60716591,2905.04183144,2904.91198294
10,XAUUSD,PERIOD_H1,26090401,2025.02.18 11:00:00,2025.02.18 11:00:00,BUY,4,2025.02.18 15:00:00,2025.02.18 15:00:00,0,OK,2912.40,2912.55,2912.48,15.0,2918.15,2918.24,2918.19,9.0,572.0,560.0,19.6397,19.2271,2904.26939264,2904.60716591,2905.04183144,2904.91198294
10,XAUUSD,PERIOD_H1,26090401,2025.02.18 11:00:00,2025.02.18 11:00:00,BUY,8,2025.02.18 19:00:00,2025.02.18 19:00:00,0,OK,2912.40,2912.55,2912.48,15.0,2932.74,2932.79,2932.76,5.0,2029.0,2019.0,69.6658,69.3207,2904.26939264,2904.60716591,2905.04183144,2904.91198294
10,XAUUSD,PERIOD_H1,26090401,2025.02.18 11:00:00,2025.02.18 11:00:00,BUY,12,2025.02.18 23:00:00,2025.02.18 23:00:00,0,OK,2912.40,2912.55,2912.48,15.0,2933.35,2933.50,2933.43,15.0,2095.0,2080.0,71.9319,71.4151,2904.26939264,2904.60716591,2905.04183144,2904.91198294
10,XAUUSD,PERIOD_H1,26090401,2025.02.18 11:00:00,2025.02.18 11:00:00,BUY,24,2025.02.19 11:00:00,2025.02.19 11:00:00,0,OK,2912.40,2912.55,2912.48,15.0,2938.60,2938.75,2938.68,15.0,2620.0,2605.0,89.9579,89.4405,2904.26939264,2904.60716591,2905.04183144,2904.91198294
11,XAUUSD,PERIOD_H1,26090401,2025.02.21 12:00:00,2025.02.21 12:00:00,SELL,1,2025.02.21 13:00:00,2025.02.21 13:00:00,0,OK,2929.36,2929.51,2929.44,15.0,2930.54,2930.69,2930.61,15.0,-118.0,-133.0,-4.0281,-4.5402,2934.48756580,2934.25530816,2933.98875001,2934.05902156
11,XAUUSD,PERIOD_H1,26090401,2025.02.21 12:00:00,2025.02.21 12:00:00,SELL,2,2025.02.21 14:00:00,2025.02.21 14:00:00,0,OK,2929.36,2929.51,2929.44,15.0,2928.40,2928.55,2928.48,15.0,96.0,81.0,3.2771,2.7651,2934.48756580,2934.25530816,2933.98875001,2934.05902156
11,XAUUSD,PERIOD_H1,26090401,2025.02.21 12:00:00,2025.02.21 12:00:00,SELL,4,2025.02.21 16:00:00,2025.02.21 16:00:00,0,OK,2929.36,2929.51,2929.44,15.0,2930.91,2931.06,2930.98,15.0,-155.0,-170.0,-5.2911,-5.8033,2934.48756580,2934.25530816,2933.98875001,2934.05902156
11,XAUUSD,PERIOD_H1,26090401,2025.02.21 12:00:00,2025.02.21 12:00:00,SELL,8,2025.02.21 20:00:00,2025.02.21 20:00:00,0,OK,2929.36,2929.51,2929.44,15.0,2939.81,2939.90,2939.86,9.0,-1042.0,-1054.0,-35.5700,-35.9806,2934.48756580,2934.25530816,2933.98875001,2934.05902156
12,XAUUSD,PERIOD_H1,26090401,2025.02.21 21:00:00,2025.02.21 21:00:00,BUY,1,2025.02.21 22:00:00,2025.02.21 22:00:00,0,OK,2941.98,2942.13,2942.06,15.0,2933.22,2933.37,2933.30,15.0,-876.0,-891.0,-29.7751,-30.2842,2933.47755181,2933.67034749,2934.27873735,2933.99268680
12,XAUUSD,PERIOD_H1,26090401,2025.02.21 21:00:00,2025.02.21 21:00:00,BUY,2,2025.02.21 23:00:00,2025.02.21 23:00:00,0,OK,2941.98,2942.13,2942.06,15.0,2934.70,2934.89,2934.80,19.0,-726.0,-743.0,-24.6766,-25.2538,2933.47755181,2933.67034749,2934.27873735,2933.99268680
12,XAUUSD,PERIOD_H1,26090401,2025.02.21 21:00:00,2025.02.21 21:00:00,BUY,4,2025.02.22 01:00:00,,,NO_TICK_NEAR_TARGET,2941.98,2942.13,2942.06,15.0,,,,,,,,,2933.47755181,2933.67034749,2934.27873735,2933.99268680
12,XAUUSD,PERIOD_H1,26090401,2025.02.21 21:00:00,2025.02.21 21:00:00,BUY,8,2025.02.22 05:00:00,,,NO_TICK_NEAR_TARGET,2941.98,2942.13,2942.06,15.0,,,,,,,,,2933.47755181,2933.67034749,2934.27873735,2933.99268680
12,XAUUSD,PERIOD_H1,26090401,2025.02.21 21:00:00,2025.02.21 21:00:00,BUY,12,2025.02.22 09:00:00,,,NO_TICK_NEAR_TARGET,2941.98,2942.13,2942.06,15.0,,,,,,,,,2933.47755181,2933.67034749,2934.27873735,2933.99268680
12,XAUUSD,PERIOD_H1,26090401,2025.02.21 21:00:00,2025.02.21 21:00:00,BUY,24,2025.02.22 21:00:00,,,NO_TICK_NEAR_TARGET,2941.98,2942.13,2942.06,15.0,,,,,,,,,2933.47755181,2933.67034749,2934.27873735,2933.99268680
11,XAUUSD,PERIOD_H1,26090401,2025.02.21 12:00:00,2025.02.21 12:00:00,SELL,12,2025.02.22 00:00:00,,,NO_TICK_NEAR_TARGET,2929.36,2929.51,2929.44,15.0,,,,,,,,,2934.48756580,2934.25530816,2933.98875001,2934.05902156
11,XAUUSD,PERIOD_H1,26090401,2025.02.21 12:00:00,2025.02.21 12:00:00,SELL,24,2025.02.22 12:00:00,,,NO_TICK_NEAR_TARGET,2929.36,2929.51,2929.44,15.0,,,,,,,,,2934.48756580,2934.25530816,2933.98875001,2934.05902156
13,XAUUSD,PERIOD_H1,26090401,2025.02.24 04:00:00,2025.02.24 04:00:00,SELL,1,2025.02.24 05:00:00,2025.02.24 05:00:00,0,OK,2927.88,2928.03,2927.95,15.0,2940.81,2940.93,2940.87,12.0,-1291.5,-1305.0,-44.1093,-44.5715,2934.22823820,2934.03347934,2933.64173932,2933.79961741
14,XAUUSD,PERIOD_H1,26090401,2025.02.24 05:00:00,2025.02.24 05:00:00,BUY,1,2025.02.24 06:00:00,2025.02.24 06:00:00,0,OK,2940.81,2940.93,2940.87,12.0,2941.20,2941.25,2941.22,5.0,35.5,27.0,1.2071,0.9181,2933.64173932,2933.79961741,2934.33014510,2934.07688731
13,XAUUSD,PERIOD_H1,26090401,2025.02.24 04:00:00,2025.02.24 04:00:00,SELL,2,2025.02.24 06:00:00,2025.02.24 06:00:00,0,OK,2927.88,2928.03,2927.95,15.0,2941.20,2941.25,2941.22,5.0,-1327.0,-1337.0,-45.3217,-45.6644,2934.22823820,2934.03347934,2933.64173932,2933.79961741
14,XAUUSD,PERIOD_H1,26090401,2025.02.24 05:00:00,2025.02.24 05:00:00,BUY,2,2025.02.24 07:00:00,2025.02.24 07:00:00,0,OK,2940.81,2940.93,2940.87,12.0,2940.87,2940.92,2940.89,5.0,2.5,-6.0,0.0850,-0.2040,2933.64173932,2933.79961741,2934.33014510,2934.07688731
13,XAUUSD,PERIOD_H1,26090401,2025.02.24 04:00:00,2025.02.24 04:00:00,SELL,4,2025.02.24 08:00:00,2025.02.24 08:00:00,0,OK,2927.88,2928.03,2927.95,15.0,2936.27,2936.42,2936.35,15.0,-839.0,-854.0,-28.6548,-29.1679,2934.22823820,2934.03347934,2933.64173932,2933.79961741
14,XAUUSD,PERIOD_H1,26090401,2025.02.24 05:00:00,2025.02.24 05:00:00,BUY,4,2025.02.24 09:00:00,2025.02.24 09:00:00,0,OK,2940.81,2940.93,2940.87,12.0,2938.57,2938.72,2938.64,15.0,-222.5,-236.0,-7.5658,-8.0247,2933.64173932,2933.79961741,2934.33014510,2934.07688731
13,XAUUSD,PERIOD_H1,26090401,2025.02.24 04:00:00,2025.02.24 04:00:00,SELL,8,2025.02.24 12:00:00,2025.02.24 12:00:00,0,OK,2927.88,2928.03,2927.95,15.0,2944.28,2944.43,2944.36,15.0,-1640.0,-1655.0,-56.0118,-56.5255,2934.22823820,2934.03347934,2933.64173932,2933.79961741
14,XAUUSD,PERIOD_H1,26090401,2025.02.24 05:00:00,2025.02.24 05:00:00,BUY,8,2025.02.24 13:00:00,2025.02.24 13:00:00,0,OK,2940.81,2940.93,2940.87,12.0,2938.39,2938.54,2938.47,15.0,-240.5,-254.0,-8.1779,-8.6367,2933.64173932,2933.79961741,2934.33014510,2934.07688731
13,XAUUSD,PERIOD_H1,26090401,2025.02.24 04:00:00,2025.02.24 04:00:00,SELL,12,2025.02.24 16:00:00,2025.02.24 16:00:00,0,OK,2927.88,2928.03,2927.95,15.0,2954.39,2954.50,2954.44,11.0,-2649.0,-2662.0,-90.4727,-90.9190,2934.22823820,2934.03347934,2933.64173932,2933.79961741
14,XAUUSD,PERIOD_H1,26090401,2025.02.24 05:00:00,2025.02.24 05:00:00,BUY,12,2025.02.24 17:00:00,2025.02.24 17:00:00,0,OK,2940.81,2940.93,2940.87,12.0,2938.56,2938.71,2938.64,15.0,-223.5,-237.0,-7.5998,-8.0587,2933.64173932,2933.79961741,2934.33014510,2934.07688731
13,XAUUSD,PERIOD_H1,26090401,2025.02.24 04:00:00,2025.02.24 04:00:00,SELL,24,2025.02.25 04:00:00,2025.02.25 04:00:00,0,OK,2927.88,2928.03,2927.95,15.0,2949.60,2949.75,2949.68,15.0,-2172.0,-2187.0,-74.1815,-74.6957,2934.22823820,2934.03347934,2933.64173932,2933.79961741
14,XAUUSD,PERIOD_H1,26090401,2025.02.24 05:00:00,2025.02.24 05:00:00,BUY,24,2025.02.25 05:00:00,2025.02.25 05:00:00,0,OK,2940.81,2940.93,2940.87,12.0,2948.26,2948.41,2948.34,15.0,746.5,733.0,25.3836,24.9241,2933.64173932,2933.79961741,2934.33014510,2934.07688731
15,XAUUSD,PERIOD_H1,26090401,2025.02.25 16:00:00,2025.02.25 16:00:00,SELL,1,2025.02.25 17:00:00,2025.02.25 17:00:00,0,OK,2937.24,2937.34,2937.29,10.0,2932.64,2932.75,2932.69,11.0,459.5,449.0,15.6437,15.2865,2939.83222932,2939.69887481,2939.60249319,2939.60950717
15,XAUUSD,PERIOD_H1,26090401,2025.02.25 16:00:00,2025.02.25 16:00:00,SELL,2,2025.02.25 18:00:00,2025.02.25 18:00:00,0,OK,2937.24,2937.34,2937.29,10.0,2905.88,2906.00,2905.94,12.0,3135.0,3124.0,106.7310,106.3584,2939.83222932,2939.69887481,2939.60249319,2939.60950717
15,XAUUSD,PERIOD_H1,26090401,2025.02.25 16:00:00,2025.02.25 16:00:00,SELL,4,2025.02.25 20:00:00,2025.02.25 20:00:00,0,OK,2937.24,2937.34,2937.29,10.0,2907.60,2907.75,2907.68,15.0,2961.5,2949.0,100.8242,100.4004,2939.83222932,2939.69887481,2939.60249319,2939.60950717
15,XAUUSD,PERIOD_H1,26090401,2025.02.25 16:00:00,2025.02.25 16:00:00,SELL,8,2025.02.26 00:00:00,,,NO_TICK_NEAR_TARGET,2937.24,2937.34,2937.29,10.0,,,,,,,,,2939.83222932,2939.69887481,2939.60249319,2939.60950717
15,XAUUSD,PERIOD_H1,26090401,2025.02.25 16:00:00,2025.02.25 16:00:00,SELL,12,2025.02.26 04:00:00,2025.02.26 04:00:00,0,OK,2937.24,2937.34,2937.29,10.0,2917.70,2917.85,2917.77,15.0,1951.5,1939.0,66.4388,66.0144,2939.83222932,2939.69887481,2939.60249319,2939.60950717
15,XAUUSD,PERIOD_H1,26090401,2025.02.25 16:00:00,2025.02.25 16:00:00,SELL,24,2025.02.26 16:00:00,2025.02.26 16:00:00,0,OK,2937.24,2937.34,2937.29,10.0,2905.86,2905.91,2905.89,5.0,3140.5,3133.0,106.9183,106.6648,2939.83222932,2939.69887481,2939.60249319,2939.60950717
16,XAUUSD,PERIOD_H1,26090401,2025.03.03 21:00:00,2025.03.03 21:00:00,BUY,1,2025.03.03 22:00:00,2025.03.03 22:00:00,0,OK,2889.91,2890.06,2889.98,15.0,2881.55,2881.67,2881.61,12.0,-837.5,-851.0,-28.9794,-29.4458,2873.64850066,2874.12561507,2875.20197678,2874.74657134
16,XAUUSD,PERIOD_H1,26090401,2025.03.03 21:00:00,2025.03.03 21:00:00,BUY,2,2025.03.03 23:00:00,2025.03.03 23:00:00,0,OK,2889.91,2890.06,2889.98,15.0,2890.62,2890.75,2890.68,13.0,70.0,56.0,2.4222,1.9377,2873.64850066,2874.12561507,2875.20197678,2874.74657134
16,XAUUSD,PERIOD_H1,26090401,2025.03.03 21:00:00,2025.03.03 21:00:00,BUY,4,2025.03.04 01:00:00,2025.03.04 01:00:00,0,OK,2889.91,2890.06,2889.98,15.0,2892.44,2892.54,2892.49,10.0,250.5,238.0,8.6679,8.2351,2873.64850066,2874.12561507,2875.20197678,2874.74657134
16,XAUUSD,PERIOD_H1,26090401,2025.03.03 21:00:00,2025.03.03 21:00:00,BUY,8,2025.03.04 05:00:00,2025.03.04 05:00:00,0,OK,2889.91,2890.06,2889.98,15.0,2885.43,2885.58,2885.51,15.0,-448.0,-463.0,-15.5018,-16.0204,2873.64850066,2874.12561507,2875.20197678,2874.74657134
16,XAUUSD,PERIOD_H1,26090401,2025.03.03 21:00:00,2025.03.03 21:00:00,BUY,12,2025.03.04 09:00:00,2025.03.04 09:00:00,0,OK,2889.91,2890.06,2889.98,15.0,2887.42,2887.57,2887.49,15.0,-249.0,-264.0,-8.6160,-9.1348,2873.64850066,2874.12561507,2875.20197678,2874.74657134
16,XAUUSD,PERIOD_H1,26090401,2025.03.03 21:00:00,2025.03.03 21:00:00,BUY,24,2025.03.04 21:00:00,2025.03.04 21:00:00,0,OK,2889.91,2890.06,2889.98,15.0,2911.11,2911.26,2911.19,15.0,2120.0,2105.0,73.3568,72.8359,2873.64850066,2874.12561507,2875.20197678,2874.74657134
17,XAUUSD,PERIOD_H1,26090401,2025.03.10 11:00:00,2025.03.10 11:00:00,SELL,1,2025.03.10 12:00:00,2025.03.10 12:00:00,0,OK,2897.67,2897.81,2897.74,14.0,2911.19,2911.34,2911.27,15.0,-1352.5,-1367.0,-46.6743,-47.1758,2912.05456916,2911.91296076,2910.69699115,2911.35951132
17,XAUUSD,PERIOD_H1,26090401,2025.03.10 11:00:00,2025.03.10 11:00:00,SELL,2,2025.03.10 13:00:00,2025.03.10 13:00:00,0,OK,2897.67,2897.81,2897.74,14.0,2902.89,2903.04,2902.97,15.0,-522.5,-537.0,-18.0313,-18.5321,2912.05456916,2911.91296076,2910.69699115,2911.35951132
17,XAUUSD,PERIOD_H1,26090401,2025.03.10 11:00:00,2025.03.10 11:00:00,SELL,4,2025.03.10 15:00:00,2025.03.10 15:00:00,0,OK,2897.67,2897.81,2897.74,14.0,2906.72,2906.87,2906.80,15.0,-905.5,-920.0,-31.2485,-31.7496,2912.05456916,2911.91296076,2910.69699115,2911.35951132
17,XAUUSD,PERIOD_H1,26090401,2025.03.10 11:00:00,2025.03.10 11:00:00,SELL,8,2025.03.10 19:00:00,2025.03.10 19:00:00,0,OK,2897.67,2897.81,2897.74,14.0,2895.88,2896.03,2895.95,15.0,178.5,164.0,6.1600,5.6597,2912.05456916,2911.91296076,2910.69699115,2911.35951132
17,XAUUSD,PERIOD_H1,26090401,2025.03.10 11:00:00,2025.03.10 11:00:00,SELL,12,2025.03.10 23:00:00,,,NO_TICK_NEAR_TARGET,2897.67,2897.81,2897.74,14.0,,,,,,,,,2912.05456916,2911.91296076,2910.69699115,2911.35951132
17,XAUUSD,PERIOD_H1,26090401,2025.03.10 11:00:00,2025.03.10 11:00:00,SELL,24,2025.03.11 11:00:00,2025.03.11 11:00:00,0,OK,2897.67,2897.81,2897.74,14.0,2909.97,2910.08,2910.02,11.0,-1228.5,-1241.0,-42.3951,-42.8275,2912.05456916,2911.91296076,2910.69699115,2911.35951132
18,XAUUSD,PERIOD_H1,26090401,2025.03.11 17:00:00,2025.03.11 17:00:00,BUY,1,2025.03.11 18:00:00,2025.03.11 18:00:00,0,OK,2914.07,2914.21,2914.14,14.0,2916.82,2916.94,2916.88,12.0,274.0,261.0,9.4024,8.9561,2904.55736502,2904.61260804,2905.46142549,2904.98270184
18,XAUUSD,PERIOD_H1,26090401,2025.03.11 17:00:00,2025.03.11 17:00:00,BUY,2,2025.03.11 19:00:00,2025.03.11 19:00:00,0,OK,2914.07,2914.21,2914.14,14.0,2917.04,2917.19,2917.11,15.0,297.5,283.0,10.2088,9.7110,2904.55736502,2904.61260804,2905.46142549,2904.98270184
18,XAUUSD,PERIOD_H1,26090401,2025.03.11 17:00:00,2025.03.11 17:00:00,BUY,4,2025.03.11 21:00:00,2025.03.11 21:00:00,0,OK,2914.07,2914.21,2914.14,14.0,2918.29,2918.40,2918.35,11.0,420.5,408.0,14.4296,14.0004,2904.55736502,2904.61260804,2905.46142549,2904.98270184
18,XAUUSD,PERIOD_H1,26090401,2025.03.11 17:00:00,2025.03.11 17:00:00,BUY,8,2025.03.12 01:00:00,2025.03.12 01:00:00,0,OK,2914.07,2914.21,2914.14,14.0,2917.65,2917.80,2917.73,15.0,358.5,344.0,12.3021,11.8042,2904.55736502,2904.61260804,2905.46142549,2904.98270184
18,XAUUSD,PERIOD_H1,26090401,2025.03.11 17:00:00,2025.03.11 17:00:00,BUY,12,2025.03.12 05:00:00,2025.03.12 05:00:00,0,OK,2914.07,2914.21,2914.14,14.0,2916.24,2916.39,2916.31,15.0,217.5,203.0,7.4636,6.9659,2904.55736502,2904.61260804,2905.46142549,2904.98270184
18,XAUUSD,PERIOD_H1,26090401,2025.03.11 17:00:00,2025.03.11 17:00:00,BUY,24,2025.03.12 17:00:00,2025.03.12 17:00:00,0,OK,2914.07,2914.21,2914.14,14.0,2921.90,2922.05,2921.98,15.0,783.5,769.0,26.8861,26.3879,2904.55736502,2904.61260804,2905.46142549,2904.98270184
19,XAUUSD,PERIOD_H1,26090401,2025.03.21 16:00:00,2025.03.21 16:00:00,SELL,1,2025.03.21 17:00:00,2025.03.21 17:00:00,0,OK,3006.68,3006.83,3006.76,15.0,3015.91,3016.06,3015.98,15.0,-923.0,-938.0,-30.6975,-31.1972,3035.09356055,3034.95896604,3032.38560240,3033.84920267
19,XAUUSD,PERIOD_H1,26090401,2025.03.21 16:00:00,2025.03.21 16:00:00,SELL,2,2025.03.21 18:00:00,2025.03.21 18:00:00,0,OK,3006.68,3006.83,3006.76,15.0,3010.89,3011.04,3010.97,15.0,-421.0,-436.0,-14.0018,-14.5010,3035.09356055,3034.95896604,3032.38560240,3033.84920267
19,XAUUSD,PERIOD_H1,26090401,2025.03.21 16:00:00,2025.03.21 16:00:00,SELL,4,2025.03.21 20:00:00,2025.03.21 20:00:00,0,OK,3006.68,3006.83,3006.76,15.0,3013.70,3013.85,3013.77,15.0,-702.0,-717.0,-23.3474,-23.8469,3035.09356055,3034.95896604,3032.38560240,3033.84920267
19,XAUUSD,PERIOD_H1,26090401,2025.03.21 16:00:00,2025.03.21 16:00:00,SELL,8,2025.03.22 00:00:00,,,NO_TICK_NEAR_TARGET,3006.68,3006.83,3006.76,15.0,,,,,,,,,3035.09356055,3034.95896604,3032.38560240,3033.84920267
19,XAUUSD,PERIOD_H1,26090401,2025.03.21 16:00:00,2025.03.21 16:00:00,SELL,12,2025.03.22 04:00:00,,,NO_TICK_NEAR_TARGET,3006.68,3006.83,3006.76,15.0,,,,,,,,,3035.09356055,3034.95896604,3032.38560240,3033.84920267
19,XAUUSD,PERIOD_H1,26090401,2025.03.21 16:00:00,2025.03.21 16:00:00,SELL,24,2025.03.22 16:00:00,,,NO_TICK_NEAR_TARGET,3006.68,3006.83,3006.76,15.0,,,,,,,,,3035.09356055,3034.95896604,3032.38560240,3033.84920267
20,XAUUSD,PERIOD_H1,26090401,2025.03.26 09:00:00,2025.03.26 09:00:00,BUY,1,2025.03.26 10:00:00,2025.03.26 10:00:00,0,OK,3026.03,3026.18,3026.11,15.0,3030.68,3030.83,3030.76,15.0,465.0,450.0,15.3663,14.8702,3020.25629763,3020.56652258,3020.81665024,3020.78509032
20,XAUUSD,PERIOD_H1,26090401,2025.03.26 09:00:00,2025.03.26 09:00:00,BUY,2,2025.03.26 11:00:00,2025.03.26 11:00:00,0,OK,3026.03,3026.18,3026.11,15.0,3024.13,3024.28,3024.20,15.0,-190.0,-205.0,-6.2787,-6.7742,3020.25629763,3020.56652258,3020.81665024,3020.78509032
20,XAUUSD,PERIOD_H1,26090401,2025.03.26 09:00:00,2025.03.26 09:00:00,BUY,4,2025.03.26 13:00:00,2025.03.26 13:00:00,0,OK,3026.03,3026.18,3026.11,15.0,3023.30,3023.45,3023.38,15.0,-273.0,-288.0,-9.0215,-9.5169,3020.25629763,3020.56652258,3020.81665024,3020.78509032
20,XAUUSD,PERIOD_H1,26090401,2025.03.26 09:00:00,2025.03.26 09:00:00,BUY,8,2025.03.26 17:00:00,2025.03.26 17:00:00,0,OK,3026.03,3026.18,3026.11,15.0,3017.60,3017.75,3017.68,15.0,-843.0,-858.0,-27.8576,-28.3526,3020.25629763,3020.56652258,3020.81665024,3020.78509032
21,XAUUSD,PERIOD_H1,26090401,2025.03.26 19:00:00,2025.03.26 19:00:00,SELL,1,2025.03.26 20:00:00,2025.03.26 20:00:00,0,OK,3015.57,3015.72,3015.64,15.0,3018.84,3018.99,3018.91,15.0,-327.0,-342.0,-10.8435,-11.3411,3021.21647761,3021.15847703,3020.67967022,3020.93971323
21,XAUUSD,PERIOD_H1,26090401,2025.03.26 19:00:00,2025.03.26 19:00:00,SELL,2,2025.03.26 21:00:00,2025.03.26 21:00:00,0,OK,3015.57,3015.72,3015.64,15.0,3018.28,3018.43,3018.36,15.0,-271.0,-286.0,-8.9865,-9.4841,3021.21647761,3021.15847703,3020.67967022,3020.93971323
20,XAUUSD,PERIOD_H1,26090401,2025.03.26 09:00:00,2025.03.26 09:00:00,BUY,12,2025.03.26 21:00:00,2025.03.26 21:00:00,0,OK,3026.03,3026.18,3026.11,15.0,3018.28,3018.43,3018.36,15.0,-775.0,-790.0,-25.6105,-26.1055,3020.25629763,3020.56652258,3020.81665024,3020.78509032
21,XAUUSD,PERIOD_H1,26090401,2025.03.26 19:00:00,2025.03.26 19:00:00,SELL,4,2025.03.26 23:00:00,,,NO_TICK_NEAR_TARGET,3015.57,3015.72,3015.64,15.0,,,,,,,,,3021.21647761,3021.15847703,3020.67967022,3020.93971323
21,XAUUSD,PERIOD_H1,26090401,2025.03.26 19:00:00,2025.03.26 19:00:00,SELL,8,2025.03.27 03:00:00,2025.03.27 03:00:00,0,OK,3015.57,3015.72,3015.64,15.0,3025.41,3025.56,3025.48,15.0,-984.0,-999.0,-32.6298,-33.1281,3021.21647761,3021.15847703,3020.67967022,3020.93971323
22,XAUUSD,PERIOD_H1,26090401,2025.03.27 05:00:00,2025.03.27 05:00:00,BUY,1,2025.03.27 06:00:00,2025.03.27 06:00:00,0,OK,3031.70,3031.85,3031.77,15.0,3033.55,3033.70,3033.63,15.0,185.0,170.0,6.1020,5.6071,3020.82294190,3020.85157497,3021.86170934,3021.27817987
22,XAUUSD,PERIOD_H1,26090401,2025.03.27 05:00:00,2025.03.27 05:00:00,BUY,2,2025.03.27 07:00:00,2025.03.27 07:00:00,0,OK,3031.70,3031.85,3031.77,15.0,3034.18,3034.33,3034.26,15.0,248.0,233.0,8.1800,7.6851,3020.82294190,3020.85157497,3021.86170934,3021.27817987
21,XAUUSD,PERIOD_H1,26090401,2025.03.26 19:00:00,2025.03.26 19:00:00,SELL,12,2025.03.27 07:00:00,2025.03.27 07:00:00,0,OK,3015.57,3015.72,3015.64,15.0,3034.18,3034.33,3034.26,15.0,-1861.0,-1876.0,-61.7115,-62.2105,3021.21647761,3021.15847703,3020.67967022,3020.93971323
22,XAUUSD,PERIOD_H1,26090401,2025.03.27 05:00:00,2025.03.27 05:00:00,BUY,4,2025.03.27 09:00:00,2025.03.27 09:00:00,0,OK,3031.70,3031.85,3031.77,15.0,3029.65,3029.80,3029.73,15.0,-205.0,-220.0,-6.7617,-7.2563,3020.82294190,3020.85157497,3021.86170934,3021.27817987
20,XAUUSD,PERIOD_H1,26090401,2025.03.26 09:00:00,2025.03.26 09:00:00,BUY,24,2025.03.27 09:00:00,2025.03.27 09:00:00,0,OK,3026.03,3026.18,3026.11,15.0,3029.65,3029.80,3029.73,15.0,362.0,347.0,11.9626,11.4666,3020.25629763,3020.56652258,3020.81665024,3020.78509032
22,XAUUSD,PERIOD_H1,26090401,2025.03.27 05:00:00,2025.03.27 05:00:00,BUY,8,2025.03.27 13:00:00,2025.03.27 13:00:00,0,OK,3031.70,3031.85,3031.77,15.0,3051.46,3051.61,3051.53,15.0,1976.0,1961.0,65.1763,64.6800,3020.82294190,3020.85157497,3021.86170934,3021.27817987
22,XAUUSD,PERIOD_H1,26090401,2025.03.27 05:00:00,2025.03.27 05:00:00,BUY,12,2025.03.27 17:00:00,2025.03.27 17:00:00,0,OK,3031.70,3031.85,3031.77,15.0,3058.17,3058.29,3058.23,12.0,2645.5,2632.0,87.2591,86.8117,3020.82294190,3020.85157497,3021.86170934,3021.27817987
21,XAUUSD,PERIOD_H1,26090401,2025.03.26 19:00:00,2025.03.26 19:00:00,SELL,24,2025.03.27 19:00:00,2025.03.27 19:00:00,0,OK,3015.57,3015.72,3015.64,15.0,3048.25,3048.40,3048.32,15.0,-3268.0,-3283.0,-108.3682,-108.8683,3021.21647761,3021.15847703,3020.67967022,3020.93971323
22,XAUUSD,PERIOD_H1,26090401,2025.03.27 05:00:00,2025.03.27 05:00:00,BUY,24,2025.03.28 05:00:00,2025.03.28 05:00:00,0,OK,3031.70,3031.85,3031.77,15.0,3071.74,3071.89,3071.81,15.0,4004.0,3989.0,132.0678,131.5698,3020.82294190,3020.85157497,3021.86170934,3021.27817987
23,XAUUSD,PERIOD_H1,26090401,2025.04.03 16:00:00,2025.04.03 16:00:00,SELL,1,2025.04.03 17:00:00,2025.04.03 17:00:00,0,OK,3076.24,3076.35,3076.30,11.0,3088.56,3088.73,3088.64,17.0,-1235.0,-1249.0,-40.1457,-40.6015,3125.99506842,3124.42985811,3121.26696667,3122.54437348
23,XAUUSD,PERIOD_H1,26090401,2025.04.03 16:00:00,2025.04.03 16:00:00,SELL,2,2025.04.03 18:00:00,2025.04.03 18:00:00,0,OK,3076.24,3076.35,3076.30,11.0,3128.91,3129.08,3128.99,17.0,-5270.0,-5284.0,-171.3100,-171.7681,3125.99506842,3124.42985811,3121.26696667,3122.54437348
23,XAUUSD,PERIOD_H1,26090401,2025.04.03 16:00:00,2025.04.03 16:00:00,SELL,4,2025.04.03 20:00:00,2025.04.03 20:00:00,0,OK,3076.24,3076.35,3076.30,11.0,3107.51,3107.68,3107.60,17.0,-3130.0,-3144.0,-101.7458,-102.2027,3125.99506842,3124.42985811,3121.26696667,3122.54437348
23,XAUUSD,PERIOD_H1,26090401,2025.04.03 16:00:00,2025.04.03 16:00:00,SELL,8,2025.04.04 00:00:00,,,NO_TICK_NEAR_TARGET,3076.24,3076.35,3076.30,11.0,,,,,,,,,3125.99506842,3124.42985811,3121.26696667,3122.54437348
23,XAUUSD,PERIOD_H1,26090401,2025.04.03 16:00:00,2025.04.03 16:00:00,SELL,12,2025.04.04 04:00:00,2025.04.04 04:00:00,0,OK,3076.24,3076.35,3076.30,11.0,3110.57,3110.74,3110.65,17.0,-3436.0,-3450.0,-111.6928,-112.1499,3125.99506842,3124.42985811,3121.26696667,3122.54437348
23,XAUUSD,PERIOD_H1,26090401,2025.04.03 16:00:00,2025.04.03 16:00:00,SELL,24,2025.04.04 16:00:00,2025.04.04 16:00:00,0,OK,3076.24,3076.35,3076.30,11.0,3071.12,3071.29,3071.20,17.0,509.0,495.0,16.5459,16.0911,3125.99506842,3124.42985811,3121.26696667,3122.54437348
24,XAUUSD,PERIOD_H1,26090401,2025.04.09 14:00:00,2025.04.09 14:00:00,BUY,1,2025.04.09 15:00:00,2025.04.09 15:00:00,0,OK,3043.16,3043.37,3043.26,21.0,3066.54,3066.75,3066.64,21.0,2338.0,2317.0,76.8254,76.1327,3013.37849067,3014.68511572,3016.17482489,3015.78530726
24,XAUUSD,PERIOD_H1,26090401,2025.04.09 14:00:00,2025.04.09 14:00:00,BUY,2,2025.04.09 16:00:00,2025.04.09 16:00:00,0,OK,3043.16,3043.37,3043.26,21.0,3047.95,3048.16,3048.05,21.0,479.0,458.0,15.7397,15.0491,3013.37849067,3014.68511572,3016.17482489,3015.78530726
24,XAUUSD,PERIOD_H1,26090401,2025.04.09 14:00:00,2025.04.09 14:00:00,BUY,4,2025.04.09 18:00:00,2025.04.09 18:00:00,0,OK,3043.16,3043.37,3043.26,21.0,3070.05,3070.27,3070.16,22.0,2689.5,2668.0,88.3755,87.6660,3013.37849067,3014.68511572,3016.17482489,3015.78530726
24,XAUUSD,PERIOD_H1,26090401,2025.04.09 14:00:00,2025.04.09 14:00:00,BUY,8,2025.04.09 22:00:00,2025.04.09 22:00:00,0,OK,3043.16,3043.37,3043.26,21.0,3067.20,3067.41,3067.30,21.0,2404.0,2383.0,78.9941,78.3014,3013.37849067,3014.68511572,3016.17482489,3015.78530726
24,XAUUSD,PERIOD_H1,26090401,2025.04.09 14:00:00,2025.04.09 14:00:00,BUY,12,2025.04.10 02:00:00,2025.04.10 02:00:00,0,OK,3043.16,3043.37,3043.26,21.0,3080.24,3080.46,3080.35,22.0,3708.5,3687.0,121.8593,121.1486,3013.37849067,3014.68511572,3016.17482489,3015.78530726
24,XAUUSD,PERIOD_H1,26090401,2025.04.09 14:00:00,2025.04.09 14:00:00,BUY,24,2025.04.10 14:00:00,2025.04.10 14:00:00,0,OK,3043.16,3043.37,3043.26,21.0,3120.13,3120.33,3120.23,20.0,7696.5,7676.0,252.9027,252.2204,3013.37849067,3014.68511572,3016.17482489,3015.78530726
25,XAUUSD,PERIOD_H1,26090401,2025.04.23 06:00:00,2025.04.23 06:00:00,SELL,1,2025.04.23 07:00:00,2025.04.23 07:00:00,0,OK,3354.13,3354.34,3354.24,21.0,3338.93,3339.11,3339.02,18.0,1521.5,1502.0,45.3606,44.7806,3397.17508021,3396.21480452,3393.10888210,3394.57814552
25,XAUUSD,PERIOD_H1,26090401,2025.04.23 06:00:00,2025.04.23 06:00:00,SELL,2,2025.04.23 08:00:00,2025.04.23 08:00:00,0,OK,3354.13,3354.34,3354.24,21.0,3346.65,3346.83,3346.74,18.0,749.5,730.0,22.3449,21.7642,3397.17508021,3396.21480452,3393.10888210,3394.57814552
25,XAUUSD,PERIOD_H1,26090401,2025.04.23 06:00:00,2025.04.23 06:00:00,SELL,4,2025.04.23 10:00:00,2025.04.23 10:00:00,0,OK,3354.13,3354.34,3354.24,21.0,3301.19,3301.38,3301.28,19.0,5295.0,5275.0,157.8601,157.2688,3397.17508021,3396.21480452,3393.10888210,3394.57814552
25,XAUUSD,PERIOD_H1,26090401,2025.04.23 06:00:00,2025.04.23 06:00:00,SELL,8,2025.04.23 14:00:00,2025.04.23 14:00:00,0,OK,3354.13,3354.34,3354.24,21.0,3329.73,3329.78,3329.76,5.0,2448.0,2435.0,72.9824,72.5971,3397.17508021,3396.21480452,3393.10888210,3394.57814552
25,XAUUSD,PERIOD_H1,26090401,2025.04.23 06:00:00,2025.04.23 06:00:00,SELL,12,2025.04.23 18:00:00,2025.04.23 18:00:00,0,OK,3354.13,3354.34,3354.24,21.0,3287.38,3287.44,3287.41,6.0,6682.5,6669.0,199.2258,198.8295,3397.17508021,3396.21480452,3393.10888210,3394.57814552
25,XAUUSD,PERIOD_H1,26090401,2025.04.23 06:00:00,2025.04.23 06:00:00,SELL,24,2025.04.24 06:00:00,2025.04.24 06:00:00,0,OK,3354.13,3354.34,3354.24,21.0,3342.17,3342.35,3342.26,18.0,1197.5,1178.0,35.7011,35.1209,3397.17508021,3396.21480452,3393.10888210,3394.57814552
26,XAUUSD,PERIOD_H1,26090401,2025.04.28 23:00:00,2025.04.28 23:00:00,BUY,1,2025.04.29 00:00:00,,,NO_TICK_NEAR_TARGET,3352.05,3352.23,3352.14,18.0,,,,,,,,,3310.17182545,3311.16213386,3314.16117541,3312.76597175
26,XAUUSD,PERIOD_H1,26090401,2025.04.28 23:00:00,2025.04.28 23:00:00,BUY,2,2025.04.29 01:00:00,2025.04.29 01:00:00,0,OK,3352.05,3352.23,3352.14,18.0,3344.55,3344.66,3344.61,11.0,-753.5,-768.0,-22.4782,-22.9101,3310.17182545,3311.16213386,3314.16117541,3312.76597175
26,XAUUSD,PERIOD_H1,26090401,2025.04.28 23:00:00,2025.04.28 23:00:00,BUY,4,2025.04.29 03:00:00,2025.04.29 03:00:00,0,OK,3352.05,3352.23,3352.14,18.0,3337.91,3338.09,3338.00,18.0,-1414.0,-1432.0,-42.1820,-42.7178,3310.17182545,3311.16213386,3314.16117541,3312.76597175
26,XAUUSD,PERIOD_H1,26090401,2025.04.28 23:00:00,2025.04.28 23:00:00,BUY,8,2025.04.29 07:00:00,2025.04.29 07:00:00,0,OK,3352.05,3352.23,3352.14,18.0,3316.06,3316.24,3316.15,18.0,-3599.0,-3617.0,-107.3643,-107.8983,3310.17182545,3311.16213386,3314.16117541,3312.76597175
26,XAUUSD,PERIOD_H1,26090401,2025.04.28 23:00:00,2025.04.28 23:00:00,BUY,12,2025.04.29 11:00:00,2025.04.29 11:00:00,0,OK,3352.05,3352.23,3352.14,18.0,3323.15,3323.33,3323.24,18.0,-2890.0,-2908.0,-86.2136,-86.7482,3310.17182545,3311.16213386,3314.16117541,3312.76597175
27,XAUUSD,PERIOD_H1,26090401,2025.04.29 18:00:00,2025.04.29 18:00:00,SELL,1,2025.04.29 19:00:00,2025.04.29 19:00:00,0,OK,3314.48,3314.68,3314.58,20.0,3312.36,3312.55,3312.45,19.0,212.5,193.0,6.4111,5.8229,3315.40755929,3315.35497801,3315.32017269,3315.32105731
27,XAUUSD,PERIOD_H1,26090401,2025.04.29 18:00:00,2025.04.29 18:00:00,SELL,2,2025.04.29 20:00:00,2025.04.29 20:00:00,0,OK,3314.48,3314.68,3314.58,20.0,3328.86,3329.04,3328.95,18.0,-1437.0,-1456.0,-43.3539,-43.9285,3315.40755929,3315.35497801,3315.32017269,3315.32105731
28,XAUUSD,PERIOD_H1,26090401,2025.04.29 20:00:00,2025.04.29 20:00:00,BUY,1,2025.04.29 21:00:00,2025.04.29 21:00:00,0,OK,3328.86,3329.04,3328.95,18.0,3314.13,3314.32,3314.23,19.0,-1472.5,-1491.0,-44.2332,-44.7877,3315.03539434,3315.20376094,3316.33297583,3315.73145659
28,XAUUSD,PERIOD_H1,26090401,2025.04.29 20:00:00,2025.04.29 20:00:00,BUY,2,2025.04.29 22:00:00,2025.04.29 22:00:00,0,OK,3328.86,3329.04,3328.95,18.0,3319.94,3320.13,3320.03,19.0,-891.5,-910.0,-26.7802,-27.3352,3315.03539434,3315.20376094,3316.33297583,3315.73145659
27,XAUUSD,PERIOD_H1,26090401,2025.04.29 18:00:00,2025.04.29 18:00:00,SELL,4,2025.04.29 22:00:00,2025.04.29 22:00:00,0,OK,3314.48,3314.68,3314.58,20.0,3319.94,3320.13,3320.03,19.0,-545.5,-565.0,-16.4576,-17.0464,3315.40755929,3315.35497801,3315.32017269,3315.32105731
28,XAUUSD,PERIOD_H1,26090401,2025.04.29 20:00:00,2025.04.29 20:00:00,BUY,4,2025.04.30 00:00:00,,,NO_TICK_NEAR_TARGET,3328.86,3329.04,3328.95,18.0,,,,,,,,,3315.03539434,3315.20376094,3316.33297583,3315.73145659
26,XAUUSD,PERIOD_H1,26090401,2025.04.28 23:00:00,2025.04.28 23:00:00,BUY,24,2025.04.29 23:00:00,2025.04.29 23:00:00,0,OK,3352.05,3352.23,3352.14,18.0,3319.80,3320.00,3319.90,20.0,-3224.0,-3243.0,-96.1774,-96.7416,3310.17182545,3311.16213386,3314.16117541,3312.76597175
27,XAUUSD,PERIOD_H1,26090401,2025.04.29 18:00:00,2025.04.29 18:00:00,SELL,8,2025.04.30 02:00:00,2025.04.30 02:00:00,0,OK,3314.48,3314.68,3314.58,20.0,3318.95,3319.18,3319.06,23.0,-448.5,-470.0,-13.5311,-14.1802,3315.40755929,3315.35497801,3315.32017269,3315.32105731
28,XAUUSD,PERIOD_H1,26090401,2025.04.29 20:00:00,2025.04.29 20:00:00,BUY,8,2025.04.30 04:00:00,2025.04.30 04:00:00,0,OK,3328.86,3329.04,3328.95,18.0,3313.10,3313.28,3313.19,18.0,-1576.0,-1594.0,-47.3423,-47.8817,3315.03539434,3315.20376094,3316.33297583,3315.73145659
27,XAUUSD,PERIOD_H1,26090401,2025.04.29 18:00:00,2025.04.29 18:00:00,SELL,12,2025.04.30 06:00:00,2025.04.30 06:00:00,0,OK,3314.48,3314.68,3314.58,20.0,3306.67,3306.89,3306.78,22.0,780.0,759.0,23.5324,22.8995,3315.40755929,3315.35497801,3315.32017269,3315.32105731
29,XAUUSD,PERIOD_H1,26090401,2025.04.30 06:00:00,2025.04.30 06:00:00,SELL,1,2025.04.30 07:00:00,2025.04.30 07:00:00,0,OK,3306.67,3306.89,3306.78,22.0,3304.80,3304.98,3304.89,18.0,189.0,169.0,5.7155,5.1109,3315.91761023,3315.79145753,3315.03879021,3315.43453762
29,XAUUSD,PERIOD_H1,26090401,2025.04.30 06:00:00,2025.04.30 06:00:00,SELL,2,2025.04.30 08:00:00,2025.04.30 08:00:00,0,OK,3306.67,3306.89,3306.78,22.0,3308.07,3308.25,3308.16,18.0,-138.0,-158.0,-4.1732,-4.7782,3315.91761023,3315.79145753,3315.03879021,3315.43453762
28,XAUUSD,PERIOD_H1,26090401,2025.04.29 20:00:00,2025.04.29 20:00:00,BUY,12,2025.04.30 08:00:00,2025.04.30 08:00:00,0,OK,3328.86,3329.04,3328.95,18.0,3308.07,3308.25,3308.16,18.0,-2079.0,-2097.0,-62.4521,-62.9911,3315.03539434,3315.20376094,3316.33297583,3315.73145659
29,XAUUSD,PERIOD_H1,26090401,2025.04.30 06:00:00,2025.04.30 06:00:00,SELL,4,2025.04.30 10:00:00,2025.04.30 10:00:00,0,OK,3306.67,3306.89,3306.78,22.0,3305.84,3306.03,3305.94,19.0,84.5,64.0,2.5554,1.9355,3315.91761023,3315.79145753,3315.03879021,3315.43453762
29,XAUUSD,PERIOD_H1,26090401,2025.04.30 06:00:00,2025.04.30 06:00:00,SELL,8,2025.04.30 14:00:00,2025.04.30 14:00:00,0,OK,3306.67,3306.89,3306.78,22.0,3272.52,3272.69,3272.61,17.0,3417.5,3398.0,103.3483,102.7620,3315.91761023,3315.79145753,3315.03879021,3315.43453762
29,XAUUSD,PERIOD_H1,26090401,2025.04.30 06:00:00,2025.04.30 06:00:00,SELL,12,2025.04.30 18:00:00,2025.04.30 18:00:00,0,OK,3306.67,3306.89,3306.78,22.0,3310.05,3310.23,3310.14,18.0,-336.0,-356.0,-10.1609,-10.7661,3315.91761023,3315.79145753,3315.03879021,3315.43453762
27,XAUUSD,PERIOD_H1,26090401,2025.04.29 18:00:00,2025.04.29 18:00:00,SELL,24,2025.04.30 18:00:00,2025.04.30 18:00:00,0,OK,3314.48,3314.68,3314.58,20.0,3310.05,3310.23,3310.14,18.0,444.0,425.0,13.3954,12.8225,3315.40755929,3315.35497801,3315.32017269,3315.32105731
28,XAUUSD,PERIOD_H1,26090401,2025.04.29 20:00:00,2025.04.29 20:00:00,BUY,24,2025.04.30 20:00:00,2025.04.30 20:00:00,0,OK,3328.86,3329.04,3328.95,18.0,3310.80,3311.00,3310.90,20.0,-1805.0,-1824.0,-54.2213,-54.7906,3315.03539434,3315.20376094,3316.33297583,3315.73145659
29,XAUUSD,PERIOD_H1,26090401,2025.04.30 06:00:00,2025.04.30 06:00:00,SELL,24,2025.05.01 06:00:00,2025.05.01 06:00:00,0,OK,3306.67,3306.89,3306.78,22.0,3241.56,3241.74,3241.65,18.0,6513.0,6493.0,196.9590,196.3607,3315.91761023,3315.79145753,3315.03879021,3315.43453762
30,XAUUSD,PERIOD_H1,26090401,2025.05.05 12:00:00,2025.05.05 12:00:00,BUY,1,2025.05.05 13:00:00,2025.05.05 13:00:00,0,OK,3282.69,3282.87,3282.78,18.0,3308.64,3308.69,3308.66,5.0,2588.5,2577.0,78.8509,78.4984,3252.32795880,3253.09249861,3255.18434367,3254.23867513
30,XAUUSD,PERIOD_H1,26090401,2025.05.05 12:00:00,2025.05.05 12:00:00,BUY,2,2025.05.05 14:00:00,2025.05.05 14:00:00,0,OK,3282.69,3282.87,3282.78,18.0,3312.84,3313.02,3312.93,18.0,3015.0,2997.0,91.8429,91.2921,3252.32795880,3253.09249861,3255.18434367,3254.23867513
30,XAUUSD,PERIOD_H1,26090401,2025.05.05 12:00:00,2025.05.05 12:00:00,BUY,4,2025.05.05 16:00:00,2025.05.05 16:00:00,0,OK,3282.69,3282.87,3282.78,18.0,3319.58,3319.76,3319.67,18.0,3689.0,3671.0,112.3743,111.8229,3252.32795880,3253.09249861,3255.18434367,3254.23867513
30,XAUUSD,PERIOD_H1,26090401,2025.05.05 12:00:00,2025.05.05 12:00:00,BUY,8,2025.05.05 20:00:00,2025.05.05 20:00:00,0,OK,3282.69,3282.87,3282.78,18.0,3309.94,3310.12,3310.03,18.0,2725.0,2707.0,83.0089,82.4583,3252.32795880,3253.09249861,3255.18434367,3254.23867513
30,XAUUSD,PERIOD_H1,26090401,2025.05.05 12:00:00,2025.05.05 12:00:00,BUY,12,2025.05.06 00:00:00,,,NO_TICK_NEAR_TARGET,3282.69,3282.87,3282.78,18.0,,,,,,,,,3252.32795880,3253.09249861,3255.18434367,3254.23867513
30,XAUUSD,PERIOD_H1,26090401,2025.05.05 12:00:00,2025.05.05 12:00:00,BUY,24,2025.05.06 12:00:00,2025.05.06 12:00:00,0,OK,3282.69,3282.87,3282.78,18.0,3377.34,3377.52,3377.43,18.0,9465.0,9447.0,288.3227,287.7665,3252.32795880,3253.09249861,3255.18434367,3254.23867513
31,XAUUSD,PERIOD_H1,26090401,2025.05.08 14:00:00,2025.05.08 14:00:00,SELL,1,2025.05.08 15:00:00,2025.05.08 15:00:00,0,OK,3342.19,3342.37,3342.28,18.0,3344.39,3344.57,3344.48,18.0,-220.0,-238.0,-6.5823,-7.1211,3367.63742453,3366.73132956,3365.22338410,3365.77284605
31,XAUUSD,PERIOD_H1,26090401,2025.05.08 14:00:00,2025.05.08 14:00:00,SELL,2,2025.05.08 16:00:00,2025.05.08 16:00:00,0,OK,3342.19,3342.37,3342.28,18.0,3356.13,3356.31,3356.22,18.0,-1394.0,-1412.0,-41.7081,-42.2477,3367.63742453,3366.73132956,3365.22338410,3365.77284605
31,XAUUSD,PERIOD_H1,26090401,2025.05.08 14:00:00,2025.05.08 14:00:00,SELL,4,2025.05.08 18:00:00,2025.05.08 18:00:00,0,OK,3342.19,3342.37,3342.28,18.0,3357.10,3357.28,3357.19,18.0,-1491.0,-1509.0,-44.6103,-45.1500,3367.63742453,3366.73132956,3365.22338410,3365.77284605
31,XAUUSD,PERIOD_H1,26090401,2025.05.08 14:00:00,2025.05.08 14:00:00,SELL,8,2025.05.08 22:00:00,2025.05.08 22:00:00,0,OK,3342.19,3342.37,3342.28,18.0,3308.48,3308.66,3308.57,18.0,3371.0,3353.0,100.8593,100.3234,3367.63742453,3366.73132956,3365.22338410,3365.77284605
31,XAUUSD,PERIOD_H1,26090401,2025.05.08 14:00:00,2025.05.08 14:00:00,SELL,12,2025.05.09 02:00:00,2025.05.09 02:00:00,0,OK,3342.19,3342.37,3342.28,18.0,3323.84,3324.02,3323.93,18.0,1835.0,1817.0,54.9026,54.3656,3367.63742453,3366.73132956,3365.22338410,3365.77284605
31,XAUUSD,PERIOD_H1,26090401,2025.05.08 14:00:00,2025.05.08 14:00:00,SELL,24,2025.05.09 14:00:00,2025.05.09 14:00:00,0,OK,3342.19,3342.37,3342.28,18.0,3323.33,3323.51,3323.42,18.0,1886.0,1868.0,56.4285,55.8915,3367.63742453,3366.73132956,3365.22338410,3365.77284605
32,XAUUSD,PERIOD_H1,26090401,2025.05.16 04:00:00,2025.05.16 04:00:00,BUY,1,2025.05.16 05:00:00,2025.05.16 05:00:00,0,OK,3243.16,3243.31,3243.23,15.0,3222.11,3222.26,3222.19,15.0,-2105.0,-2120.0,-64.9043,-65.3653,3208.48472660,3208.51938702,3211.78618121,3209.87745027
32,XAUUSD,PERIOD_H1,26090401,2025.05.16 04:00:00,2025.05.16 04:00:00,BUY,2,2025.05.16 06:00:00,2025.05.16 06:00:00,0,OK,3243.16,3243.31,3243.23,15.0,3215.34,3215.49,3215.41,15.0,-2782.0,-2797.0,-85.7786,-86.2391,3208.48472660,3208.51938702,3211.78618121,3209.87745027
32,XAUUSD,PERIOD_H1,26090401,2025.05.16 04:00:00,2025.05.16 04:00:00,BUY,4,2025.05.16 08:00:00,2025.05.16 08:00:00,0,OK,3243.16,3243.31,3243.23,15.0,3219.58,3219.73,3219.65,15.0,-2358.0,-2373.0,-72.7052,-73.1660,3208.48472660,3208.51938702,3211.78618121,3209.87745027
32,XAUUSD,PERIOD_H1,26090401,2025.05.16 04:00:00,2025.05.16 04:00:00,BUY,8,2025.05.16 12:00:00,2025.05.16 12:00:00,0,OK,3243.16,3243.31,3243.23,15.0,3207.32,3207.46,3207.39,14.0,-3584.5,-3599.0,-110.5224,-110.9669,3208.48472660,3208.51938702,3211.78618121,3209.87745027
33,XAUUSD,PERIOD_H1,26090401,2025.05.16 14:00:00,2025.05.16 14:00:00,SELL,1,2025.05.16 15:00:00,2025.05.16 15:00:00,0,OK,3175.97,3176.12,3176.05,15.0,3163.30,3163.45,3163.38,15.0,1267.0,1252.0,39.8924,39.4210,3212.59856982,3211.04816484,3209.06632508,3209.65451131
33,XAUUSD,PERIOD_H1,26090401,2025.05.16 14:00:00,2025.05.16 14:00:00,SELL,2,2025.05.16 16:00:00,2025.05.16 16:00:00,0,OK,3175.97,3176.12,3176.05,15.0,3177.50,3177.65,3177.57,15.0,-153.0,-168.0,-4.8173,-5.2897,3212.59856982,3211.04816484,3209.06632508,3209.65451131
32,XAUUSD,PERIOD_H1,26090401,2025.05.16 04:00:00,2025.05.16 04:00:00,BUY,12,2025.05.16 16:00:00,2025.05.16 16:00:00,0,OK,3243.16,3243.31,3243.23,15.0,3177.50,3177.65,3177.57,15.0,-6566.0,-6581.0,-202.4522,-202.9100,3208.48472660,3208.51938702,3211.78618121,3209.87745027
33,XAUUSD,PERIOD_H1,26090401,2025.05.16 14:00:00,2025.05.16 14:00:00,SELL,4,2025.05.16 18:00:00,2025.05.16 18:00:00,0,OK,3175.97,3176.12,3176.05,15.0,3173.27,3173.40,3173.34,13.0,271.0,257.0,8.5326,8.0920,3212.59856982,3211.04816484,3209.06632508,3209.65451131
33,XAUUSD,PERIOD_H1,26090401,2025.05.16 14:00:00,2025.05.16 14:00:00,SELL,8,2025.05.16 22:00:00,2025.05.16 22:00:00,0,OK,3175.97,3176.12,3176.05,15.0,3187.51,3187.66,3187.59,15.0,-1154.0,-1169.0,-36.3345,-36.8077,3212.59856982,3211.04816484,3209.06632508,3209.65451131
33,XAUUSD,PERIOD_H1,26090401,2025.05.16 14:00:00,2025.05.16 14:00:00,SELL,12,2025.05.17 02:00:00,,,NO_TICK_NEAR_TARGET,3175.97,3176.12,3176.05,15.0,,,,,,,,,3212.59856982,3211.04816484,3209.06632508,3209.65451131
33,XAUUSD,PERIOD_H1,26090401,2025.05.16 14:00:00,2025.05.16 14:00:00,SELL,24,2025.05.17 14:00:00,,,NO_TICK_NEAR_TARGET,3175.97,3176.12,3176.05,15.0,,,,,,,,,3212.59856982,3211.04816484,3209.06632508,3209.65451131
32,XAUUSD,PERIOD_H1,26090401,2025.05.16 04:00:00,2025.05.16 04:00:00,BUY,24,2025.05.17 04:00:00,,,NO_TICK_NEAR_TARGET,3243.16,3243.31,3243.23,15.0,,,,,,,,,3208.48472660,3208.51938702,3211.78618121,3209.87745027
34,XAUUSD,PERIOD_H1,26090401,2025.05.19 04:00:00,2025.05.19 04:00:00,BUY,1,2025.05.19 05:00:00,2025.05.19 05:00:00,0,OK,3246.12,3246.27,3246.19,15.0,3218.12,3218.27,3218.19,15.0,-2800.0,-2815.0,-86.2548,-86.7149,3202.38187911,3204.20219860,3206.57789062,3205.85858297
34,XAUUSD,PERIOD_H1,26090401,2025.05.19 04:00:00,2025.05.19 04:00:00,BUY,2,2025.05.19 06:00:00,2025.05.19 06:00:00,0,OK,3246.12,3246.27,3246.19,15.0,3228.49,3228.64,3228.56,15.0,-1763.0,-1778.0,-54.3097,-54.7706,3202.38187911,3204.20219860,3206.57789062,3205.85858297
34,XAUUSD,PERIOD_H1,26090401,2025.05.19 04:00:00,2025.05.19 04:00:00,BUY,4,2025.05.19 08:00:00,2025.05.19 08:00:00,0,OK,3246.12,3246.27,3246.19,15.0,3215.91,3216.07,3215.99,16.0,-3020.5,-3036.0,-93.0474,-93.5227,3202.38187911,3204.20219860,3206.57789062,3205.85858297
34,XAUUSD,PERIOD_H1,26090401,2025.05.19 04:00:00,2025.05.19 04:00:00,BUY,8,2025.05.19 12:00:00,2025.05.19 12:00:00,0,OK,3246.12,3246.27,3246.19,15.0,3244.70,3244.85,3244.77,15.0,-142.0,-157.0,-4.3744,-4.8363,3202.38187911,3204.20219860,3206.57789062,3205.85858297
34,XAUUSD,PERIOD_H1,26090401,2025.05.19 04:00:00,2025.05.19 04:00:00,BUY,12,2025.05.19 16:00:00,2025.05.19 16:00:00,0,OK,3246.12,3246.27,3246.19,15.0,3229.23,3229.40,3229.32,17.0,-1688.0,-1704.0,-51.9993,-52.4910,3202.38187911,3204.20219860,3206.57789062,3205.85858297
34,XAUUSD,PERIOD_H1,26090401,2025.05.19 04:00:00,2025.05.19 04:00:00,BUY,24,2025.05.20 04:00:00,2025.05.20 04:00:00,0,OK,3246.12,3246.27,3246.19,15.0,3223.30,3223.47,3223.39,17.0,-2281.0,-2297.0,-70.2669,-70.7581,3202.38187911,3204.20219860,3206.57789062,3205.85858297
35,XAUUSD,PERIOD_H1,26090401,2025.05.27 12:00:00,2025.05.27 12:00:00,SELL,1,2025.05.27 13:00:00,2025.05.27 13:00:00,0,OK,3298.58,3298.78,3298.68,20.0,3296.16,3296.33,3296.24,17.0,243.5,225.0,7.3817,6.8211,3331.79096653,3331.37970052,3328.62611257,3330.09265344
35,XAUUSD,PERIOD_H1,26090401,2025.05.27 12:00:00,2025.05.27 12:00:00,SELL,2,2025.05.27 14:00:00,2025.05.27 14:00:00,0,OK,3298.58,3298.78,3298.68,20.0,3293.46,3293.63,3293.55,17.0,513.5,495.0,15.5668,15.0065,3331.79096653,3331.37970052,3328.62611257,3330.09265344
35,XAUUSD,PERIOD_H1,26090401,2025.05.27 12:00:00,2025.05.27 12:00:00,SELL,4,2025.05.27 16:00:00,2025.05.27 16:00:00,0,OK,3298.58,3298.78,3298.68,20.0,3294.19,3294.38,3294.28,19.0,439.5,420.0,13.3235,12.7328,3331.79096653,3331.37970052,3328.62611257,3330.09265344
35,XAUUSD,PERIOD_H1,26090401,2025.05.27 12:00:00,2025.05.27 12:00:00,SELL,8,2025.05.27 20:00:00,2025.05.27 20:00:00,0,OK,3298.58,3298.78,3298.68,20.0,3297.84,3298.01,3297.93,17.0,75.5,57.0,2.2888,1.7280,3331.79096653,3331.37970052,3328.62611257,3330.09265344
35,XAUUSD,PERIOD_H1,26090401,2025.05.27 12:00:00,2025.05.27 12:00:00,SELL,12,2025.05.28 00:00:00,,,NO_TICK_NEAR_TARGET,3298.58,3298.78,3298.68,20.0,,,,,,,,,3331.79096653,3331.37970052,3328.62611257,3330.09265344
35,XAUUSD,PERIOD_H1,26090401,2025.05.27 12:00:00,2025.05.27 12:00:00,SELL,24,2025.05.28 12:00:00,2025.05.28 12:00:00,0,OK,3298.58,3298.78,3298.68,20.0,3321.58,3321.75,3321.66,17.0,-2298.5,-2317.0,-69.6794,-70.2423,3331.79096653,3331.37970052,3328.62611257,3330.09265344
36,XAUUSD,PERIOD_H1,26090401,2025.05.29 22:00:00,2025.05.29 22:00:00,BUY,1,2025.05.29 23:00:00,2025.05.29 23:00:00,0,OK,3321.10,3321.59,3321.35,49.0,3316.54,3316.71,3316.63,17.0,-472.0,-505.0,-14.2111,-15.2036,3300.82689364,3300.97441888,3302.76052282,3301.76483383
36,XAUUSD,PERIOD_H1,26090401,2025.05.29 22:00:00,2025.05.29 22:00:00,BUY,2,2025.05.30 00:00:00,,,NO_TICK_NEAR_TARGET,3321.10,3321.59,3321.35,49.0,,,,,,,,,3300.82689364,3300.97441888,3302.76052282,3301.76483383
36,XAUUSD,PERIOD_H1,26090401,2025.05.29 22:00:00,2025.05.29 22:00:00,BUY,4,2025.05.30 02:00:00,2025.05.30 02:00:00,0,OK,3321.10,3321.59,3321.35,49.0,3314.48,3314.66,3314.57,18.0,-677.5,-711.0,-20.3984,-21.4054,3300.82689364,3300.97441888,3302.76052282,3301.76483383
36,XAUUSD,PERIOD_H1,26090401,2025.05.29 22:00:00,2025.05.29 22:00:00,BUY,8,2025.05.30 06:00:00,2025.05.30 06:00:00,0,OK,3321.10,3321.59,3321.35,49.0,3297.29,3297.46,3297.38,17.0,-2397.0,-2430.0,-72.1696,-73.1577,3300.82689364,3300.97441888,3302.76052282,3301.76483383
36,XAUUSD,PERIOD_H1,26090401,2025.05.29 22:00:00,2025.05.29 22:00:00,BUY,12,2025.05.30 10:00:00,2025.05.30 10:00:00,0,OK,3321.10,3321.59,3321.35,49.0,3301.62,3301.80,3301.71,18.0,-1963.5,-1997.0,-59.1176,-60.1218,3300.82689364,3300.97441888,3302.76052282,3301.76483383
37,XAUUSD,PERIOD_H1,26090401,2025.05.30 12:00:00,2025.05.30 12:00:00,SELL,1,2025.05.30 13:00:00,2025.05.30 13:00:00,0,OK,3295.54,3295.71,3295.63,17.0,3295.54,3295.71,3295.63,17.0,0.0,-17.0,0.0000,-0.5158,3303.50336436,3303.09313437,3302.76685346,3302.80595263
37,XAUUSD,PERIOD_H1,26090401,2025.05.30 12:00:00,2025.05.30 12:00:00,SELL,2,2025.05.30 14:00:00,2025.05.30 14:00:00,0,OK,3295.54,3295.71,3295.63,17.0,3295.21,3295.39,3295.30,18.0,32.5,15.0,0.9862,0.4552,3303.50336436,3303.09313437,3302.76685346,3302.80595263
37,XAUUSD,PERIOD_H1,26090401,2025.05.30 12:00:00,2025.05.30 12:00:00,SELL,4,2025.05.30 16:00:00,2025.05.30 16:00:00,0,OK,3295.54,3295.71,3295.63,17.0,3303.96,3304.13,3304.05,17.0,-842.0,-859.0,-25.5490,-26.0655,3303.50336436,3303.09313437,3302.76685346,3302.80595263
37,XAUUSD,PERIOD_H1,26090401,2025.05.30 12:00:00,2025.05.30 12:00:00,SELL,8,2025.05.30 20:00:00,2025.05.30 20:00:00,0,OK,3295.54,3295.71,3295.63,17.0,3293.32,3293.49,3293.40,17.0,222.0,205.0,6.7362,6.2205,3303.50336436,3303.09313437,3302.76685346,3302.80595263
36,XAUUSD,PERIOD_H1,26090401,2025.05.29 22:00:00,2025.05.29 22:00:00,BUY,24,2025.05.30 22:00:00,2025.05.30 22:00:00,0,OK,3321.10,3321.59,3321.35,49.0,3293.81,3293.98,3293.89,17.0,-2745.0,-2778.0,-82.6472,-83.6346,3300.82689364,3300.97441888,3302.76052282,3301.76483383
37,XAUUSD,PERIOD_H1,26090401,2025.05.30 12:00:00,2025.05.30 12:00:00,SELL,12,2025.05.31 00:00:00,,,NO_TICK_NEAR_TARGET,3295.54,3295.71,3295.63,17.0,,,,,,,,,3303.50336436,3303.09313437,3302.76685346,3302.80595263
37,XAUUSD,PERIOD_H1,26090401,2025.05.30 12:00:00,2025.05.30 12:00:00,SELL,24,2025.05.31 12:00:00,,,NO_TICK_NEAR_TARGET,3295.54,3295.71,3295.63,17.0,,,,,,,,,3303.50336436,3303.09313437,3302.76685346,3302.80595263
38,XAUUSD,PERIOD_H1,26090401,2025.06.02 07:00:00,2025.06.02 07:00:00,BUY,1,2025.06.02 08:00:00,2025.06.02 08:00:00,0,OK,3308.83,3309.01,3308.92,18.0,3313.94,3314.11,3314.03,17.0,510.5,493.0,15.4280,14.8987,3300.25493211,3300.36822089,3301.06208143,3300.69613380
38,XAUUSD,PERIOD_H1,26090401,2025.06.02 07:00:00,2025.06.02 07:00:00,BUY,2,2025.06.02 09:00:00,2025.06.02 09:00:00,0,OK,3308.83,3309.01,3308.92,18.0,3323.87,3324.04,3323.95,17.0,1503.5,1486.0,45.4378,44.9077,3300.25493211,3300.36822089,3301.06208143,3300.69613380
38,XAUUSD,PERIOD_H1,26090401,2025.06.02 07:00:00,2025.06.02 07:00:00,BUY,4,2025.06.02 11:00:00,2025.06.02 11:00:00,0,OK,3308.83,3309.01,3308.92,18.0,3352.53,3352.71,3352.62,18.0,4370.0,4352.0,132.0673,131.5197,3300.25493211,3300.36822089,3301.06208143,3300.69613380
38,XAUUSD,PERIOD_H1,26090401,2025.06.02 07:00:00,2025.06.02 07:00:00,BUY,8,2025.06.02 15:00:00,2025.06.02 15:00:00,0,OK,3308.83,3309.01,3308.92,18.0,3356.12,3356.30,3356.21,18.0,4729.0,4711.0,142.9167,142.3689,3300.25493211,3300.36822089,3301.06208143,3300.69613380
38,XAUUSD,PERIOD_H1,26090401,2025.06.02 07:00:00,2025.06.02 07:00:00,BUY,12,2025.06.02 19:00:00,2025.06.02 19:00:00,0,OK,3308.83,3309.01,3308.92,18.0,3374.28,3374.45,3374.36,17.0,6544.5,6527.0,197.7836,197.2493,3300.25493211,3300.36822089,3301.06208143,3300.69613380
38,XAUUSD,PERIOD_H1,26090401,2025.06.02 07:00:00,2025.06.02 07:00:00,BUY,24,2025.06.03 07:00:00,2025.06.03 07:00:00,0,OK,3308.83,3309.01,3308.92,18.0,3361.14,3361.31,3361.22,17.0,5230.5,5213.0,158.0727,157.5396,3300.25493211,3300.36822089,3301.06208143,3300.69613380
39,XAUUSD,PERIOD_H1,26090401,2025.06.06 14:00:00,2025.06.06 14:00:00,SELL,1,2025.06.06 15:00:00,2025.06.06 15:00:00,0,OK,3360.70,3360.88,3360.79,18.0,3358.37,3358.55,3358.46,18.0,233.0,215.0,6.9329,6.3975,3363.87053084,3363.84217923,3363.55714695,3363.71425063
39,XAUUSD,PERIOD_H1,26090401,2025.06.06 14:00:00,2025.06.06 14:00:00,SELL,2,2025.06.06 16:00:00,2025.06.06 16:00:00,0,OK,3360.70,3360.88,3360.79,18.0,3353.39,3353.56,3353.47,17.0,731.5,714.0,21.7657,21.2456,3363.87053084,3363.84217923,3363.55714695,3363.71425063
39,XAUUSD,PERIOD_H1,26090401,2025.06.06 14:00:00,2025.06.06 14:00:00,SELL,4,2025.06.06 18:00:00,2025.06.06 18:00:00,0,OK,3360.70,3360.88,3360.79,18.0,3325.88,3326.05,3325.97,17.0,3482.5,3465.0,103.6215,103.1035,3363.87053084,3363.84217923,3363.55714695,3363.71425063
39,XAUUSD,PERIOD_H1,26090401,2025.06.06 14:00:00,2025.06.06 14:00:00,SELL,8,2025.06.06 22:00:00,2025.06.06 22:00:00,0,OK,3360.70,3360.88,3360.79,18.0,3317.48,3317.66,3317.57,18.0,4322.0,4304.0,128.6007,128.0686,3363.87053084,3363.84217923,3363.55714695,3363.71425063
39,XAUUSD,PERIOD_H1,26090401,2025.06.06 14:00:00,2025.06.06 14:00:00,SELL,12,2025.06.07 02:00:00,,,NO_TICK_NEAR_TARGET,3360.70,3360.88,3360.79,18.0,,,,,,,,,3363.87053084,3363.84217923,3363.55714695,3363.71425063
39,XAUUSD,PERIOD_H1,26090401,2025.06.06 14:00:00,2025.06.06 14:00:00,SELL,24,2025.06.07 14:00:00,,,NO_TICK_NEAR_TARGET,3360.70,3360.88,3360.79,18.0,,,,,,,,,3363.87053084,3363.84217923,3363.55714695,3363.71425063
40,XAUUSD,PERIOD_H1,26090401,2025.06.11 08:00:00,2025.06.11 08:00:00,BUY,1,2025.06.11 09:00:00,2025.06.11 09:00:00,0,OK,3341.81,3341.98,3341.89,17.0,3339.69,3339.86,3339.78,17.0,-212.0,-229.0,-6.3437,-6.8522,3329.00698913,3329.22916828,3330.23013302,3329.72410285
40,XAUUSD,PERIOD_H1,26090401,2025.06.11 08:00:00,2025.06.11 08:00:00,BUY,2,2025.06.11 10:00:00,2025.06.11 10:00:00,0,OK,3341.81,3341.98,3341.89,17.0,3337.25,3337.42,3337.34,17.0,-456.0,-473.0,-13.6450,-14.1533,3329.00698913,3329.22916828,3330.23013302,3329.72410285
40,XAUUSD,PERIOD_H1,26090401,2025.06.11 08:00:00,2025.06.11 08:00:00,BUY,4,2025.06.11 12:00:00,2025.06.11 12:00:00,0,OK,3341.81,3341.98,3341.89,17.0,3344.31,3344.49,3344.40,18.0,250.5,233.0,7.4957,6.9719,3329.00698913,3329.22916828,3330.23013302,3329.72410285
40,XAUUSD,PERIOD_H1,26090401,2025.06.11 08:00:00,2025.06.11 08:00:00,BUY,8,2025.06.11 16:00:00,2025.06.11 16:00:00,0,OK,3341.81,3341.98,3341.89,17.0,3336.91,3337.08,3336.99,17.0,-490.0,-507.0,-14.6623,-15.1706,3329.00698913,3329.22916828,3330.23013302,3329.72410285
40,XAUUSD,PERIOD_H1,26090401,2025.06.11 08:00:00,2025.06.11 08:00:00,BUY,12,2025.06.11 20:00:00,2025.06.11 20:00:00,0,OK,3341.81,3341.98,3341.89,17.0,3330.25,3330.42,3330.34,17.0,-1156.0,-1173.0,-34.5912,-35.0990,3329.00698913,3329.22916828,3330.23013302,3329.72410285
40,XAUUSD,PERIOD_H1,26090401,2025.06.11 08:00:00,2025.06.11 08:00:00,BUY,24,2025.06.12 08:00:00,2025.06.12 08:00:00,0,OK,3341.81,3341.98,3341.89,17.0,3370.33,3370.50,3370.41,17.0,2852.0,2835.0,85.3408,84.8300,3329.00698913,3329.22916828,3330.23013302,3329.72410285
41,XAUUSD,PERIOD_H1,26090401,2025.06.17 01:00:08,2025.06.17 01:00:00,SELL,1,2025.06.17 02:00:08,2025.06.17 02:00:09,1,OK,3386.26,3386.76,3386.51,50.0,3395.09,3395.26,3395.18,17.0,-866.5,-900.0,-25.5868,-26.5780,3407.19621552,3406.51363204,3405.09562357,3405.67545039
41,XAUUSD,PERIOD_H1,26090401,2025.06.17 01:00:08,2025.06.17 01:00:00,SELL,2,2025.06.17 03:00:08,2025.06.17 03:00:08,0,OK,3386.26,3386.76,3386.51,50.0,3401.53,3401.70,3401.61,17.0,-1510.5,-1544.0,-44.6034,-45.5960,3407.19621552,3406.51363204,3405.09562357,3405.67545039
41,XAUUSD,PERIOD_H1,26090401,2025.06.17 01:00:08,2025.06.17 01:00:00,SELL,4,2025.06.17 05:00:08,2025.06.17 05:00:08,0,OK,3386.26,3386.76,3386.51,50.0,3394.25,3394.42,3394.34,17.0,-782.5,-816.0,-23.1064,-24.0974,3407.19621552,3406.51363204,3405.09562357,3405.67545039
41,XAUUSD,PERIOD_H1,26090401,2025.06.17 01:00:08,2025.06.17 01:00:00,SELL,8,2025.06.17 09:00:08,2025.06.17 09:00:08,0,OK,3386.26,3386.76,3386.51,50.0,3392.26,3392.43,3392.35,17.0,-583.5,-617.0,-17.2301,-18.2207,3407.19621552,3406.51363204,3405.09562357,3405.67545039
41,XAUUSD,PERIOD_H1,26090401,2025.06.17 01:00:08,2025.06.17 01:00:00,SELL,12,2025.06.17 13:00:08,2025.06.17 13:00:08,0,OK,3386.26,3386.76,3386.51,50.0,3385.91,3386.08,3385.99,17.0,51.5,18.0,1.5207,0.5316,3407.19621552,3406.51363204,3405.09562357,3405.67545039
41,XAUUSD,PERIOD_H1,26090401,2025.06.17 01:00:08,2025.06.17 01:00:00,SELL,24,2025.06.18 01:00:08,2025.06.18 01:00:08,0,OK,3386.26,3386.76,3386.51,50.0,3390.46,3390.59,3390.53,13.0,-401.5,-433.0,-11.8559,-12.7870,3407.19621552,3406.51363204,3405.09562357,3405.67545039
42,XAUUSD,PERIOD_H1,26090401,2025.06.23 18:00:00,2025.06.23 18:00:00,BUY,1,2025.06.23 19:00:00,2025.06.23 19:00:00,0,OK,3386.50,3386.67,3386.59,17.0,3387.27,3387.51,3387.39,24.0,80.5,60.0,2.3770,1.7717,3365.74043969,3366.51351804,3367.71182638,3367.29494871
42,XAUUSD,PERIOD_H1,26090401,2025.06.23 18:00:00,2025.06.23 18:00:00,BUY,2,2025.06.23 20:00:00,2025.06.23 20:00:00,0,OK,3386.50,3386.67,3386.59,17.0,3389.71,3389.90,3389.81,19.0,322.0,304.0,9.5081,8.9764,3365.74043969,3366.51351804,3367.71182638,3367.29494871
42,XAUUSD,PERIOD_H1,26090401,2025.06.23 18:00:00,2025.06.23 18:00:00,BUY,4,2025.06.23 22:00:00,2025.06.23 22:00:00,0,OK,3386.50,3386.67,3386.59,17.0,3378.64,3378.81,3378.72,17.0,-786.0,-803.0,-23.2092,-23.7106,3365.74043969,3366.51351804,3367.71182638,3367.29494871
42,XAUUSD,PERIOD_H1,26090401,2025.06.23 18:00:00,2025.06.23 18:00:00,BUY,8,2025.06.24 02:00:00,2025.06.24 02:00:00,0,OK,3386.50,3386.67,3386.59,17.0,3355.53,3355.71,3355.62,18.0,-3096.5,-3114.0,-91.4343,-91.9487,3365.74043969,3366.51351804,3367.71182638,3367.29494871
43,XAUUSD,PERIOD_H1,26090401,2025.06.24 04:00:00,2025.06.24 04:00:00,SELL,1,2025.06.24 05:00:00,2025.06.24 05:00:00,0,OK,3351.12,3351.29,3351.20,17.0,3347.70,3347.88,3347.79,18.0,341.5,324.0,10.1904,9.6684,3368.75425235,3368.46859237,3367.07099022,3367.78668679
43,XAUUSD,PERIOD_H1,26090401,2025.06.24 04:00:00,2025.06.24 04:00:00,SELL,2,2025.06.24 06:00:00,2025.06.24 06:00:00,0,OK,3351.12,3351.29,3351.20,17.0,3352.08,3352.25,3352.16,17.0,-96.0,-113.0,-2.8646,-3.3720,3368.75425235,3368.46859237,3367.07099022,3367.78668679
42,XAUUSD,PERIOD_H1,26090401,2025.06.23 18:00:00,2025.06.23 18:00:00,BUY,12,2025.06.24 06:00:00,2025.06.24 06:00:00,0,OK,3386.50,3386.67,3386.59,17.0,3352.08,3352.25,3352.16,17.0,-3442.0,-3459.0,-101.6363,-102.1357,3365.74043969,3366.51351804,3367.71182638,3367.29494871
43,XAUUSD,PERIOD_H1,26090401,2025.06.24 04:00:00,2025.06.24 04:00:00,SELL,4,2025.06.24 08:00:00,2025.06.24 08:00:00,0,OK,3351.12,3351.29,3351.20,17.0,3348.52,3348.69,3348.61,17.0,260.0,243.0,7.7584,7.2513,3368.75425235,3368.46859237,3367.07099022,3367.78668679
43,XAUUSD,PERIOD_H1,26090401,2025.06.24 04:00:00,2025.06.24 04:00:00,SELL,8,2025.06.24 12:00:00,2025.06.24 12:00:00,0,OK,3351.12,3351.29,3351.20,17.0,3327.24,3327.41,3327.32,17.0,2388.0,2371.0,71.2580,70.7525,3368.75425235,3368.46859237,3367.07099022,3367.78668679
43,XAUUSD,PERIOD_H1,26090401,2025.06.24 04:00:00,2025.06.24 04:00:00,SELL,12,2025.06.24 16:00:00,2025.06.24 16:00:00,0,OK,3351.12,3351.29,3351.20,17.0,3314.67,3314.84,3314.76,17.0,3645.0,3628.0,108.7668,108.2623,3368.75425235,3368.46859237,3367.07099022,3367.78668679
42,XAUUSD,PERIOD_H1,26090401,2025.06.23 18:00:00,2025.06.23 18:00:00,BUY,24,2025.06.24 18:00:00,2025.06.24 18:00:00,0,OK,3386.50,3386.67,3386.59,17.0,3304.60,3304.77,3304.68,17.0,-8190.0,-8207.0,-241.8365,-242.3324,3365.74043969,3366.51351804,3367.71182638,3367.29494871
43,XAUUSD,PERIOD_H1,26090401,2025.06.24 04:00:00,2025.06.24 04:00:00,SELL,24,2025.06.25 04:00:00,2025.06.25 04:00:00,0,OK,3351.12,3351.29,3351.20,17.0,3327.05,3327.23,3327.14,18.0,2406.5,2389.0,71.8100,71.2896,3368.75425235,3368.46859237,3367.07099022,3367.78668679
44,XAUUSD,PERIOD_H1,26090401,2025.06.26 13:00:00,2025.06.26 13:00:00,BUY,1,2025.06.26 14:00:00,2025.06.26 14:00:00,0,OK,3340.61,3340.78,3340.70,17.0,3343.17,3343.46,3343.32,29.0,262.0,239.0,7.8427,7.1540,3335.34699208,3335.43986288,3335.84061188,3335.63947610
44,XAUUSD,PERIOD_H1,26090401,2025.06.26 13:00:00,2025.06.26 13:00:00,BUY,2,2025.06.26 15:00:00,2025.06.26 15:00:00,0,OK,3340.61,3340.78,3340.70,17.0,3333.11,3333.28,3333.20,17.0,-750.0,-767.0,-22.4504,-22.9587,3335.34699208,3335.43986288,3335.84061188,3335.63947610
45,XAUUSD,PERIOD_H1,26090401,2025.06.26 16:00:00,2025.06.26 16:00:00,SELL,1,2025.06.26 17:00:00,2025.06.26 17:00:00,0,OK,3322.19,3322.38,3322.28,19.0,3319.75,3319.92,3319.84,17.0,245.0,227.0,7.3744,6.8328,3336.19823331,3335.81843219,3334.84887775,3335.27770935
44,XAUUSD,PERIOD_H1,26090401,2025.06.26 13:00:00,2025.06.26 13:00:00,BUY,4,2025.06.26 17:00:00,2025.06.26 17:00:00,0,OK,3340.61,3340.78,3340.70,17.0,3319.75,3319.92,3319.84,17.0,-2086.0,-2103.0,-62.4421,-62.9494,3335.34699208,3335.43986288,3335.84061188,3335.63947610
45,XAUUSD,PERIOD_H1,26090401,2025.06.26 16:00:00,2025.06.26 16:00:00,SELL,2,2025.06.26 18:00:00,2025.06.26 18:00:00,0,OK,3322.19,3322.38,3322.28,19.0,3318.48,3318.66,3318.57,18.0,371.5,353.0,11.1821,10.6255,3336.19823331,3335.81843219,3334.84887775,3335.27770935
45,XAUUSD,PERIOD_H1,26090401,2025.06.26 16:00:00,2025.06.26 16:00:00,SELL,4,2025.06.26 20:00:00,2025.06.26 20:00:00,0,OK,3322.19,3322.38,3322.28,19.0,3331.34,3331.51,3331.43,17.0,-914.0,-932.0,-27.5112,-28.0538,3336.19823331,3335.81843219,3334.84887775,3335.27770935
44,XAUUSD,PERIOD_H1,26090401,2025.06.26 13:00:00,2025.06.26 13:00:00,BUY,8,2025.06.26 21:00:00,2025.06.26 21:00:00,0,OK,3340.61,3340.78,3340.70,17.0,3332.71,3332.92,3332.82,21.0,-788.0,-807.0,-23.5879,-24.1560,3335.34699208,3335.43986288,3335.84061188,3335.63947610
45,XAUUSD,PERIOD_H1,26090401,2025.06.26 16:00:00,2025.06.26 16:00:00,SELL,8,2025.06.27 00:00:00,,,NO_TICK_NEAR_TARGET,3322.19,3322.38,3322.28,19.0,,,,,,,,,3336.19823331,3335.81843219,3334.84887775,3335.27770935
44,XAUUSD,PERIOD_H1,26090401,2025.06.26 13:00:00,2025.06.26 13:00:00,BUY,12,2025.06.27 01:00:00,2025.06.27 01:00:15,15,OK,3340.61,3340.78,3340.70,17.0,3327.61,3327.74,3327.68,13.0,-1302.0,-1317.0,-38.9739,-39.4219,3335.34699208,3335.43986288,3335.84061188,3335.63947610
45,XAUUSD,PERIOD_H1,26090401,2025.06.26 16:00:00,2025.06.26 16:00:00,SELL,12,2025.06.27 04:00:00,2025.06.27 04:00:00,0,OK,3322.19,3322.38,3322.28,19.0,3318.82,3318.99,3318.90,17.0,338.0,320.0,10.1737,9.6322,3336.19823331,3335.81843219,3334.84887775,3335.27770935
44,XAUUSD,PERIOD_H1,26090401,2025.06.26 13:00:00,2025.06.26 13:00:00,BUY,24,2025.06.27 13:00:00,2025.06.27 13:00:00,0,OK,3340.61,3340.78,3340.70,17.0,3282.77,3282.95,3282.86,18.0,-5783.5,-5801.0,-173.1227,-173.6421,3335.34699208,3335.43986288,3335.84061188,3335.63947610
45,XAUUSD,PERIOD_H1,26090401,2025.06.26 16:00:00,2025.06.26 16:00:00,SELL,24,2025.06.27 16:00:00,2025.06.27 16:00:00,0,OK,3322.19,3322.38,3322.28,19.0,3269.98,3270.15,3270.07,17.0,5222.0,5204.0,157.1810,156.6437,3336.19823331,3335.81843219,3334.84887775,3335.27770935
46,XAUUSD,PERIOD_H1,26090401,2025.07.01 05:00:00,2025.07.01 05:00:00,BUY,1,2025.07.01 06:00:00,2025.07.01 06:00:00,0,OK,3317.74,3317.91,3317.82,17.0,3316.08,3316.25,3316.16,17.0,-166.0,-183.0,-5.0033,-5.5155,3296.60062031,3296.71145955,3298.62532313,3297.54081408
46,XAUUSD,PERIOD_H1,26090401,2025.07.01 05:00:00,2025.07.01 05:00:00,BUY,2,2025.07.01 07:00:00,2025.07.01 07:00:00,0,OK,3317.74,3317.91,3317.82,17.0,3321.20,3321.37,3321.28,17.0,346.0,329.0,10.4285,9.9159,3296.60062031,3296.71145955,3298.62532313,3297.54081408
46,XAUUSD,PERIOD_H1,26090401,2025.07.01 05:00:00,2025.07.01 05:00:00,BUY,4,2025.07.01 09:00:00,2025.07.01 09:00:00,0,OK,3317.74,3317.91,3317.82,17.0,3328.88,3329.05,3328.97,17.0,1114.0,1097.0,33.5762,33.0630,3296.60062031,3296.71145955,3298.62532313,3297.54081408
46,XAUUSD,PERIOD_H1,26090401,2025.07.01 05:00:00,2025.07.01 05:00:00,BUY,8,2025.07.01 13:00:00,2025.07.01 13:00:00,0,OK,3317.74,3317.91,3317.82,17.0,3345.81,3345.99,3345.90,18.0,2807.5,2790.0,84.6187,84.0891,3296.60062031,3296.71145955,3298.62532313,3297.54081408
46,XAUUSD,PERIOD_H1,26090401,2025.07.01 05:00:00,2025.07.01 05:00:00,BUY,12,2025.07.01 17:00:00,2025.07.01 17:00:00,0,OK,3317.74,3317.91,3317.82,17.0,3350.80,3351.09,3350.95,29.0,3312.0,3289.0,99.8244,99.1287,3296.60062031,3296.71145955,3298.62532313,3297.54081408
46,XAUUSD,PERIOD_H1,26090401,2025.07.01 05:00:00,2025.07.01 05:00:00,BUY,24,2025.07.02 05:00:00,2025.07.02 05:00:00,0,OK,3317.74,3317.91,3317.82,17.0,3332.17,3332.32,3332.24,15.0,1442.0,1426.0,43.4622,42.9789,3296.60062031,3296.71145955,3298.62532313,3297.54081408
47,XAUUSD,PERIOD_H1,26090401,2025.07.04 04:00:00,2025.07.04 04:00:00,SELL,1,2025.07.04 05:00:00,,,NO_TICK_NEAR_TARGET,3328.96,3329.12,3329.04,16.0,,,,,,,,,3335.23697053,3334.99732603,3334.63916381,3334.76056814
47,XAUUSD,PERIOD_H1,26090401,2025.07.04 04:00:00,2025.07.04 04:00:00,SELL,2,2025.07.04 06:00:00,,,NO_TICK_NEAR_TARGET,3328.96,3329.12,3329.04,16.0,,,,,,,,,3335.23697053,3334.99732603,3334.63916381,3334.76056814
47,XAUUSD,PERIOD_H1,26090401,2025.07.04 04:00:00,2025.07.04 04:00:00,SELL,4,2025.07.04 08:00:00,,,NO_TICK_NEAR_TARGET,3328.96,3329.12,3329.04,16.0,,,,,,,,,3335.23697053,3334.99732603,3334.63916381,3334.76056814
48,XAUUSD,PERIOD_H1,26090401,2025.07.04 11:00:00,2025.07.04 11:00:00,BUY,1,2025.07.04 12:00:00,2025.07.04 12:00:00,0,OK,3342.97,3343.13,3343.05,16.0,3342.82,3342.98,3342.90,16.0,-15.0,-31.0,-0.4487,-0.9273,3333.97638631,3334.48289880,3334.83101618,3334.81494199
47,XAUUSD,PERIOD_H1,26090401,2025.07.04 04:00:00,2025.07.04 04:00:00,SELL,8,2025.07.04 12:00:00,2025.07.04 12:00:00,0,OK,3328.96,3329.12,3329.04,16.0,3342.82,3342.98,3342.90,16.0,-1386.0,-1402.0,-41.6336,-42.1153,3335.23697053,3334.99732603,3334.63916381,3334.76056814
48,XAUUSD,PERIOD_H1,26090401,2025.07.04 11:00:00,2025.07.04 11:00:00,BUY,2,2025.07.04 13:00:00,2025.07.04 13:00:00,0,OK,3342.97,3343.13,3343.05,16.0,3334.35,3334.50,3334.43,15.0,-862.5,-878.0,-25.7998,-26.2628,3333.97638631,3334.48289880,3334.83101618,3334.81494199
48,XAUUSD,PERIOD_H1,26090401,2025.07.04 11:00:00,2025.07.04 11:00:00,BUY,4,2025.07.04 15:00:00,2025.07.04 15:00:00,0,OK,3342.97,3343.13,3343.05,16.0,3334.73,3334.89,3334.81,16.0,-824.0,-840.0,-24.6482,-25.1262,3333.97638631,3334.48289880,3334.83101618,3334.81494199
47,XAUUSD,PERIOD_H1,26090401,2025.07.04 04:00:00,2025.07.04 04:00:00,SELL,12,2025.07.04 16:00:00,2025.07.04 16:00:00,0,OK,3328.96,3329.12,3329.04,16.0,3333.94,3334.10,3334.02,16.0,-498.0,-514.0,-14.9593,-15.4403,3335.23697053,3334.99732603,3334.63916381,3334.76056814
49,XAUUSD,PERIOD_H1,26090401,2025.07.04 19:00:00,2025.07.04 19:00:00,SELL,1,2025.07.04 20:00:00,,,NO_TICK_NEAR_TARGET,3332.41,3332.56,3332.48,15.0,,,,,,,,,3335.04566774,3334.98746421,3334.79655653,3334.88717149
49,XAUUSD,PERIOD_H1,26090401,2025.07.04 19:00:00,2025.07.04 19:00:00,SELL,2,2025.07.04 21:00:00,,,NO_TICK_NEAR_TARGET,3332.41,3332.56,3332.48,15.0,,,,,,,,,3335.04566774,3334.98746421,3334.79655653,3334.88717149
49,XAUUSD,PERIOD_H1,26090401,2025.07.04 19:00:00,2025.07.04 19:00:00,SELL,4,2025.07.04 23:00:00,,,NO_TICK_NEAR_TARGET,3332.41,3332.56,3332.48,15.0,,,,,,,,,3335.04566774,3334.98746421,3334.79655653,3334.88717149
49,XAUUSD,PERIOD_H1,26090401,2025.07.04 19:00:00,2025.07.04 19:00:00,SELL,8,2025.07.05 03:00:00,,,NO_TICK_NEAR_TARGET,3332.41,3332.56,3332.48,15.0,,,,,,,,,3335.04566774,3334.98746421,3334.79655653,3334.88717149
49,XAUUSD,PERIOD_H1,26090401,2025.07.04 19:00:00,2025.07.04 19:00:00,SELL,12,2025.07.05 07:00:00,,,NO_TICK_NEAR_TARGET,3332.41,3332.56,3332.48,15.0,,,,,,,,,3335.04566774,3334.98746421,3334.79655653,3334.88717149
49,XAUUSD,PERIOD_H1,26090401,2025.07.04 19:00:00,2025.07.04 19:00:00,SELL,24,2025.07.05 19:00:00,,,NO_TICK_NEAR_TARGET,3332.41,3332.56,3332.48,15.0,,,,,,,,,3335.04566774,3334.98746421,3334.79655653,3334.88717149
48,XAUUSD,PERIOD_H1,26090401,2025.07.04 11:00:00,2025.07.04 11:00:00,BUY,8,2025.07.04 19:00:00,2025.07.04 19:00:00,0,OK,3342.97,3343.13,3343.05,16.0,3332.41,3332.56,3332.48,15.0,-1056.5,-1072.0,-31.6029,-32.0658,3333.97638631,3334.48289880,3334.83101618,3334.81494199
48,XAUUSD,PERIOD_H1,26090401,2025.07.04 11:00:00,2025.07.04 11:00:00,BUY,12,2025.07.04 23:00:00,,,NO_TICK_NEAR_TARGET,3342.97,3343.13,3343.05,16.0,,,,,,,,,3333.97638631,3334.48289880,3334.83101618,3334.81494199
48,XAUUSD,PERIOD_H1,26090401,2025.07.04 11:00:00,2025.07.04 11:00:00,BUY,24,2025.07.05 11:00:00,,,NO_TICK_NEAR_TARGET,3342.97,3343.13,3343.05,16.0,,,,,,,,,3333.97638631,3334.48289880,3334.83101618,3334.81494199
47,XAUUSD,PERIOD_H1,26090401,2025.07.04 04:00:00,2025.07.04 04:00:00,SELL,24,2025.07.05 04:00:00,,,NO_TICK_NEAR_TARGET,3328.96,3329.12,3329.04,16.0,,,,,,,,,3335.23697053,3334.99732603,3334.63916381,3334.76056814
50,XAUUSD,PERIOD_H1,26090401,2025.07.07 01:00:14,2025.07.07 01:00:00,BUY,1,2025.07.07 02:00:14,2025.07.07 02:00:14,0,OK,3335.92,3336.42,3336.17,50.0,3334.02,3334.18,3334.10,16.0,-207.0,-240.0,-6.2047,-7.1933,3334.79655653,3334.88717149,3335.01021781,3334.97159614
51,XAUUSD,PERIOD_H1,26090401,2025.07.07 02:00:00,2025.07.07 02:00:00,SELL,1,2025.07.07 03:00:00,2025.07.07 03:00:00,0,OK,3333.52,3333.69,3333.61,17.0,3328.86,3329.03,3328.95,17.0,466.0,449.0,13.9789,13.4692,3335.01021781,3334.97159614,3334.85876850,3334.91074923
50,XAUUSD,PERIOD_H1,26090401,2025.07.07 01:00:14,2025.07.07 01:00:00,BUY,2,2025.07.07 03:00:14,2025.07.07 03:00:14,0,OK,3335.92,3336.42,3336.17,50.0,3329.30,3329.47,3329.39,17.0,-678.5,-712.0,-20.3377,-21.3402,3334.79655653,3334.88717149,3335.01021781,3334.97159614
51,XAUUSD,PERIOD_H1,26090401,2025.07.07 02:00:00,2025.07.07 02:00:00,SELL,2,2025.07.07 04:00:00,2025.07.07 04:00:00,0,OK,3333.52,3333.69,3333.61,17.0,3326.56,3326.73,3326.64,17.0,696.0,679.0,20.8783,20.3689,3335.01021781,3334.97159614,3334.85876850,3334.91074923
50,XAUUSD,PERIOD_H1,26090401,2025.07.07 01:00:14,2025.07.07 01:00:00,BUY,4,2025.07.07 05:00:14,2025.07.07 05:00:14,0,OK,3335.92,3336.42,3336.17,50.0,3316.83,3317.00,3316.91,17.0,-1925.5,-1959.0,-57.7159,-58.7156,3334.79655653,3334.88717149,3335.01021781,3334.97159614
51,XAUUSD,PERIOD_H1,26090401,2025.07.07 02:00:00,2025.07.07 02:00:00,SELL,4,2025.07.07 06:00:00,2025.07.07 06:00:00,0,OK,3333.52,3333.69,3333.61,17.0,3308.90,3309.07,3308.99,17.0,2462.0,2445.0,73.8540,73.3459,3335.01021781,3334.97159614,3334.85876850,3334.91074923
50,XAUUSD,PERIOD_H1,26090401,2025.07.07 01:00:14,2025.07.07 01:00:00,BUY,8,2025.07.07 09:00:14,2025.07.07 09:00:15,1,OK,3335.92,3336.42,3336.17,50.0,3313.35,3313.52,3313.43,17.0,-2273.5,-2307.0,-68.1470,-69.1460,3334.79655653,3334.88717149,3335.01021781,3334.97159614
51,XAUUSD,PERIOD_H1,26090401,2025.07.07 02:00:00,2025.07.07 02:00:00,SELL,8,2025.07.07 10:00:00,2025.07.07 10:00:00,0,OK,3333.52,3333.69,3333.61,17.0,3310.17,3310.34,3310.26,17.0,2335.0,2318.0,70.0443,69.5361,3335.01021781,3334.97159614,3334.85876850,3334.91074923
50,XAUUSD,PERIOD_H1,26090401,2025.07.07 01:00:14,2025.07.07 01:00:00,BUY,12,2025.07.07 13:00:14,2025.07.07 13:00:14,0,OK,3335.92,3336.42,3336.17,50.0,3309.16,3309.33,3309.24,17.0,-2692.5,-2726.0,-80.7063,-81.7043,3334.79655653,3334.88717149,3335.01021781,3334.97159614
51,XAUUSD,PERIOD_H1,26090401,2025.07.07 02:00:00,2025.07.07 02:00:00,SELL,12,2025.07.07 14:00:00,2025.07.07 14:00:00,0,OK,3333.52,3333.69,3333.61,17.0,3302.10,3302.27,3302.18,17.0,3142.0,3125.0,94.2523,93.7448,3335.01021781,3334.97159614,3334.85876850,3334.91074923
50,XAUUSD,PERIOD_H1,26090401,2025.07.07 01:00:14,2025.07.07 01:00:00,BUY,24,2025.07.08 01:00:14,2025.07.08 01:00:14,0,OK,3335.92,3336.42,3336.17,50.0,3339.12,3339.25,3339.18,13.0,301.5,270.0,9.0373,8.0925,3334.79655653,3334.88717149,3335.01021781,3334.97159614
51,XAUUSD,PERIOD_H1,26090401,2025.07.07 02:00:00,2025.07.07 02:00:00,SELL,24,2025.07.08 02:00:00,2025.07.08 02:00:00,0,OK,3333.52,3333.69,3333.61,17.0,3339.75,3339.92,3339.84,17.0,-623.0,-640.0,-18.6885,-19.1989,3335.01021781,3334.97159614,3334.85876850,3334.91074923
52,XAUUSD,PERIOD_H1,26090401,2025.07.08 05:00:00,2025.07.08 05:00:00,BUY,1,2025.07.08 06:00:00,2025.07.08 06:00:00,0,OK,3334.73,3334.90,3334.82,17.0,3334.34,3334.51,3334.43,17.0,-39.0,-56.0,-1.1695,-1.6792,3326.50782793,3326.69052351,3327.29565384,3327.00775788
52,XAUUSD,PERIOD_H1,26090401,2025.07.08 05:00:00,2025.07.08 05:00:00,BUY,2,2025.07.08 07:00:00,2025.07.08 07:00:00,0,OK,3334.73,3334.90,3334.82,17.0,3331.33,3331.50,3331.41,17.0,-340.0,-357.0,-10.1955,-10.7050,3326.50782793,3326.69052351,3327.29565384,3327.00775788
52,XAUUSD,PERIOD_H1,26090401,2025.07.08 05:00:00,2025.07.08 05:00:00,BUY,4,2025.07.08 09:00:00,2025.07.08 09:00:00,0,OK,3334.73,3334.90,3334.82,17.0,3334.06,3334.23,3334.14,17.0,-67.0,-84.0,-2.0091,-2.5188,3326.50782793,3326.69052351,3327.29565384,3327.00775788
52,XAUUSD,PERIOD_H1,26090401,2025.07.08 05:00:00,2025.07.08 05:00:00,BUY,8,2025.07.08 13:00:00,2025.07.08 13:00:00,0,OK,3334.73,3334.90,3334.82,17.0,3322.06,3322.23,3322.14,17.0,-1267.0,-1284.0,-37.9931,-38.5019,3326.50782793,3326.69052351,3327.29565384,3327.00775788
52,XAUUSD,PERIOD_H1,26090401,2025.07.08 05:00:00,2025.07.08 05:00:00,BUY,12,2025.07.08 17:00:00,2025.07.08 17:00:00,0,OK,3334.73,3334.90,3334.82,17.0,3315.08,3315.25,3315.16,17.0,-1965.0,-1982.0,-58.9238,-59.4321,3326.50782793,3326.69052351,3327.29565384,3327.00775788
53,XAUUSD,PERIOD_H1,26090401,2025.07.08 17:00:00,2025.07.08 17:00:00,SELL,1,2025.07.08 18:00:00,2025.07.08 18:00:00,0,OK,3315.08,3315.25,3315.16,17.0,3296.55,3296.72,3296.64,17.0,1853.0,1836.0,55.8947,55.3833,3328.03279782,3327.70405660,3326.81729327,3327.21644653
53,XAUUSD,PERIOD_H1,26090401,2025.07.08 17:00:00,2025.07.08 17:00:00,SELL,2,2025.07.08 19:00:00,2025.07.08 19:00:00,0,OK,3315.08,3315.25,3315.16,17.0,3298.25,3298.43,3298.34,18.0,1682.5,1665.0,50.7516,50.2250,3328.03279782,3327.70405660,3326.81729327,3327.21644653
53,XAUUSD,PERIOD_H1,26090401,2025.07.08 17:00:00,2025.07.08 17:00:00,SELL,4,2025.07.08 21:00:00,2025.07.08 21:00:00,0,OK,3315.08,3315.25,3315.16,17.0,3306.28,3306.46,3306.37,18.0,879.5,862.0,26.5296,26.0024,3328.03279782,3327.70405660,3326.81729327,3327.21644653
53,XAUUSD,PERIOD_H1,26090401,2025.07.08 17:00:00,2025.07.08 17:00:00,SELL,8,2025.07.09 01:00:00,2025.07.09 01:00:08,8,OK,3315.08,3315.25,3315.16,17.0,3302.39,3302.52,3302.45,13.0,1271.0,1256.0,38.3390,37.8875,3328.03279782,3327.70405660,3326.81729327,3327.21644653
53,XAUUSD,PERIOD_H1,26090401,2025.07.08 17:00:00,2025.07.08 17:00:00,SELL,12,2025.07.09 05:00:00,2025.07.09 05:00:00,0,OK,3315.08,3315.25,3315.16,17.0,3301.79,3301.99,3301.89,20.0,1327.5,1309.0,40.0433,39.4862,3328.03279782,3327.70405660,3326.81729327,3327.21644653
52,XAUUSD,PERIOD_H1,26090401,2025.07.08 05:00:00,2025.07.08 05:00:00,BUY,24,2025.07.09 05:00:00,2025.07.09 05:00:00,0,OK,3334.73,3334.90,3334.82,17.0,3301.79,3301.99,3301.89,20.0,-3292.5,-3311.0,-98.7311,-99.2833,3326.50782793,3326.69052351,3327.29565384,3327.00775788
53,XAUUSD,PERIOD_H1,26090401,2025.07.08 17:00:00,2025.07.08 17:00:00,SELL,24,2025.07.09 17:00:00,2025.07.09 17:00:00,0,OK,3315.08,3315.25,3315.16,17.0,3300.30,3300.47,3300.39,17.0,1478.0,1461.0,44.5830,44.0713,3328.03279782,3327.70405660,3326.81729327,3327.21644653
54,XAUUSD,PERIOD_H1,26090401,2025.07.10 08:00:00,2025.07.10 08:00:00,BUY,1,2025.07.10 09:00:00,2025.07.10 09:00:00,0,OK,3322.25,3322.43,3322.34,18.0,3321.10,3321.27,3321.18,17.0,-115.5,-133.0,-3.4765,-4.0031,3311.14687505,3311.20834056,3312.20145838,3311.64017034
54,XAUUSD,PERIOD_H1,26090401,2025.07.10 08:00:00,2025.07.10 08:00:00,BUY,2,2025.07.10 10:00:00,2025.07.10 10:00:00,0,OK,3322.25,3322.43,3322.34,18.0,3325.23,3325.40,3325.32,17.0,297.5,280.0,8.9545,8.4276,3311.14687505,3311.20834056,3312.20145838,3311.64017034
54,XAUUSD,PERIOD_H1,26090401,2025.07.10 08:00:00,2025.07.10 08:00:00,BUY,4,2025.07.10 12:00:00,2025.07.10 12:00:00,0,OK,3322.25,3322.43,3322.34,18.0,3328.63,3328.80,3328.72,17.0,637.5,620.0,19.1883,18.6610,3311.14687505,3311.20834056,3312.20145838,3311.64017034
54,XAUUSD,PERIOD_H1,26090401,2025.07.10 08:00:00,2025.07.10 08:00:00,BUY,8,2025.07.10 16:00:00,2025.07.10 16:00:00,0,OK,3322.25,3322.43,3322.34,18.0,3323.90,3324.07,3323.99,17.0,164.5,147.0,4.9513,4.4245,3311.14687505,3311.20834056,3312.20145838,3311.64017034
54,XAUUSD,PERIOD_H1,26090401,2025.07.10 08:00:00,2025.07.10 08:00:00,BUY,12,2025.07.10 20:00:00,2025.07.10 20:00:00,0,OK,3322.25,3322.43,3322.34,18.0,3315.02,3315.19,3315.11,17.0,-723.5,-741.0,-21.7768,-22.3030,3311.14687505,3311.20834056,3312.20145838,3311.64017034
54,XAUUSD,PERIOD_H1,26090401,2025.07.10 08:00:00,2025.07.10 08:00:00,BUY,24,2025.07.11 08:00:00,2025.07.11 08:00:00,0,OK,3322.25,3322.43,3322.34,18.0,3331.99,3332.16,3332.07,17.0,973.5,956.0,29.3016,28.7741,3311.14687505,3311.20834056,3312.20145838,3311.64017034
55,XAUUSD,PERIOD_H1,26090401,2025.07.15 21:00:00,2025.07.15 21:00:00,SELL,1,2025.07.15 22:00:00,2025.07.15 22:00:00,0,OK,3328.24,3328.31,3328.27,7.0,3328.85,3329.01,3328.93,16.0,-65.5,-77.0,-1.9680,-2.3135,3349.60812062,3349.19648024,3347.56734723,3348.37230455
55,XAUUSD,PERIOD_H1,26090401,2025.07.15 21:00:00,2025.07.15 21:00:00,SELL,2,2025.07.15 23:00:00,2025.07.15 23:00:00,0,OK,3328.24,3328.31,3328.27,7.0,3330.36,3330.56,3330.46,20.0,-218.5,-232.0,-6.5650,-6.9707,3349.60812062,3349.19648024,3347.56734723,3348.37230455
55,XAUUSD,PERIOD_H1,26090401,2025.07.15 21:00:00,2025.07.15 21:00:00,SELL,4,2025.07.16 01:00:00,2025.07.16 01:00:08,8,OK,3328.24,3328.31,3328.27,7.0,3324.68,3324.81,3324.74,13.0,353.0,343.0,10.6061,10.3057,3349.60812062,3349.19648024,3347.56734723,3348.37230455
55,XAUUSD,PERIOD_H1,26090401,2025.07.15 21:00:00,2025.07.15 21:00:00,SELL,8,2025.07.16 05:00:00,2025.07.16 05:00:00,0,OK,3328.24,3328.31,3328.27,7.0,3331.10,3331.26,3331.18,16.0,-290.5,-302.0,-8.7282,-9.0739,3349.60812062,3349.19648024,3347.56734723,3348.37230455
55,XAUUSD,PERIOD_H1,26090401,2025.07.15 21:00:00,2025.07.15 21:00:00,SELL,12,2025.07.16 09:00:00,2025.07.16 09:00:00,0,OK,3328.24,3328.31,3328.27,7.0,3337.73,3337.92,3337.82,19.0,-955.0,-968.0,-28.6935,-29.0844,3349.60812062,3349.19648024,3347.56734723,3348.37230455
55,XAUUSD,PERIOD_H1,26090401,2025.07.15 21:00:00,2025.07.15 21:00:00,SELL,24,2025.07.16 21:00:00,2025.07.16 21:00:00,0,OK,3328.24,3328.31,3328.27,7.0,3354.89,3355.05,3354.97,16.0,-2669.5,-2681.0,-80.2067,-80.5531,3349.60812062,3349.19648024,3347.56734723,3348.37230455
56,XAUUSD,PERIOD_H1,26090401,2025.07.17 02:00:00,2025.07.17 02:00:00,BUY,1,2025.07.17 03:00:00,2025.07.17 03:00:00,0,OK,3349.60,3349.75,3349.68,15.0,3346.47,3346.63,3346.55,16.0,-312.5,-328.0,-9.3293,-9.7918,3342.08458330,3342.32569701,3342.79938489,3342.61057164
56,XAUUSD,PERIOD_H1,26090401,2025.07.17 02:00:00,2025.07.17 02:00:00,BUY,2,2025.07.17 04:00:00,2025.07.17 04:00:00,0,OK,3349.60,3349.75,3349.68,15.0,3340.82,3340.99,3340.90,17.0,-877.0,-893.0,-26.1816,-26.6587,3342.08458330,3342.32569701,3342.79938489,3342.61057164
56,XAUUSD,PERIOD_H1,26090401,2025.07.17 02:00:00,2025.07.17 02:00:00,BUY,4,2025.07.17 06:00:00,2025.07.17 06:00:00,0,OK,3349.60,3349.75,3349.68,15.0,3341.40,3341.55,3341.48,15.0,-820.0,-835.0,-24.4800,-24.9272,3342.08458330,3342.32569701,3342.79938489,3342.61057164
57,XAUUSD,PERIOD_H1,26090401,2025.07.17 09:00:00,2025.07.17 09:00:00,SELL,1,2025.07.17 10:00:00,2025.07.17 10:00:00,0,OK,3339.61,3339.76,3339.69,15.0,3335.45,3335.60,3335.52,15.0,416.0,401.0,12.4563,12.0074,3342.72407072,3342.63453257,3342.40177827,3342.50533521
56,XAUUSD,PERIOD_H1,26090401,2025.07.17 02:00:00,2025.07.17 02:00:00,BUY,8,2025.07.17 10:00:00,2025.07.17 10:00:00,0,OK,3349.60,3349.75,3349.68,15.0,3335.45,3335.60,3335.52,15.0,-1415.0,-1430.0,-42.2429,-42.6898,3342.08458330,3342.32569701,3342.79938489,3342.61057164
57,XAUUSD,PERIOD_H1,26090401,2025.07.17 09:00:00,2025.07.17 09:00:00,SELL,2,2025.07.17 11:00:00,2025.07.17 11:00:00,0,OK,3339.61,3339.76,3339.69,15.0,3325.83,3325.98,3325.90,15.0,1378.0,1363.0,41.2614,40.8131,3342.72407072,3342.63453257,3342.40177827,3342.50533521
57,XAUUSD,PERIOD_H1,26090401,2025.07.17 09:00:00,2025.07.17 09:00:00,SELL,4,2025.07.17 13:00:00,2025.07.17 13:00:00,0,OK,3339.61,3339.76,3339.69,15.0,3325.56,3325.71,3325.64,15.0,1405.0,1390.0,42.0698,41.6216,3342.72407072,3342.63453257,3342.40177827,3342.50533521
56,XAUUSD,PERIOD_H1,26090401,2025.07.17 02:00:00,2025.07.17 02:00:00,BUY,12,2025.07.17 14:00:00,2025.07.17 14:00:00,0,OK,3349.60,3349.75,3349.68,15.0,3325.68,3325.83,3325.76,15.0,-2392.0,-2407.0,-71.4099,-71.8561,3342.08458330,3342.32569701,3342.79938489,3342.61057164
57,XAUUSD,PERIOD_H1,26090401,2025.07.17 09:00:00,2025.07.17 09:00:00,SELL,8,2025.07.17 17:00:00,2025.07.17 17:00:00,0,OK,3339.61,3339.76,3339.69,15.0,3319.03,3319.18,3319.11,15.0,2058.0,2043.0,61.6226,61.1748,3342.72407072,3342.63453257,3342.40177827,3342.50533521
57,XAUUSD,PERIOD_H1,26090401,2025.07.17 09:00:00,2025.07.17 09:00:00,SELL,12,2025.07.17 21:00:00,2025.07.17 21:00:00,0,OK,3339.61,3339.76,3339.69,15.0,3337.42,3337.59,3337.51,17.0,218.0,202.0,6.5276,6.0486,3342.72407072,3342.63453257,3342.40177827,3342.50533521
56,XAUUSD,PERIOD_H1,26090401,2025.07.17 02:00:00,2025.07.17 02:00:00,BUY,24,2025.07.18 02:00:00,2025.07.18 02:00:00,0,OK,3349.60,3349.75,3349.68,15.0,3343.25,3343.41,3343.33,16.0,-634.5,-650.0,-18.9421,-19.4044,3342.08458330,3342.32569701,3342.79938489,3342.61057164
57,XAUUSD,PERIOD_H1,26090401,2025.07.17 09:00:00,2025.07.17 09:00:00,SELL,24,2025.07.18 09:00:00,2025.07.18 09:00:00,0,OK,3339.61,3339.76,3339.69,15.0,3333.35,3333.51,3333.43,16.0,625.5,610.0,18.7293,18.2656,3342.72407072,3342.63453257,3342.40177827,3342.50533521
58,XAUUSD,PERIOD_H1,26090401,2025.07.18 12:00:00,2025.07.18 12:00:00,BUY,1,2025.07.18 13:00:00,2025.07.18 13:00:00,0,OK,3347.46,3347.62,3347.54,16.0,3352.26,3352.42,3352.34,16.0,480.0,464.0,14.3389,13.8606,3338.07419735,3338.25452363,3338.96522618,3338.61434624
58,XAUUSD,PERIOD_H1,26090401,2025.07.18 12:00:00,2025.07.18 12:00:00,BUY,2,2025.07.18 14:00:00,2025.07.18 14:00:00,0,OK,3347.46,3347.62,3347.54,16.0,3351.33,3351.49,3351.41,16.0,387.0,371.0,11.5607,11.0825,3338.07419735,3338.25452363,3338.96522618,3338.61434624
58,XAUUSD,PERIOD_H1,26090401,2025.07.18 12:00:00,2025.07.18 12:00:00,BUY,4,2025.07.18 16:00:00,2025.07.18 16:00:00,0,OK,3347.46,3347.62,3347.54,16.0,3360.07,3360.23,3360.15,16.0,1261.0,1245.0,37.6695,37.1906,3338.07419735,3338.25452363,3338.96522618,3338.61434624
58,XAUUSD,PERIOD_H1,26090401,2025.07.18 12:00:00,2025.07.18 12:00:00,BUY,8,2025.07.18 20:00:00,2025.07.18 20:00:00,0,OK,3347.46,3347.62,3347.54,16.0,3353.72,3353.88,3353.80,16.0,626.0,610.0,18.7003,18.2219,3338.07419735,3338.25452363,3338.96522618,3338.61434624
58,XAUUSD,PERIOD_H1,26090401,2025.07.18 12:00:00,2025.07.18 12:00:00,BUY,12,2025.07.19 00:00:00,,,NO_TICK_NEAR_TARGET,3347.46,3347.62,3347.54,16.0,,,,,,,,,3338.07419735,3338.25452363,3338.96522618,3338.61434624
58,XAUUSD,PERIOD_H1,26090401,2025.07.18 12:00:00,2025.07.18 12:00:00,BUY,24,2025.07.19 12:00:00,,,NO_TICK_NEAR_TARGET,3347.46,3347.62,3347.54,16.0,,,,,,,,,3338.07419735,3338.25452363,3338.96522618,3338.61434624
59,XAUUSD,PERIOD_H1,26090401,2025.07.24 05:00:00,2025.07.24 05:00:00,SELL,1,2025.07.24 06:00:00,2025.07.24 06:00:00,0,OK,3387.71,3387.87,3387.79,16.0,3383.80,3383.96,3383.88,16.0,391.0,375.0,11.5414,11.0694,3402.55644737,3401.81243793,3401.13678572,3401.25704821
59,XAUUSD,PERIOD_H1,26090401,2025.07.24 05:00:00,2025.07.24 05:00:00,SELL,2,2025.07.24 07:00:00,2025.07.24 07:00:00,0,OK,3387.71,3387.87,3387.79,16.0,3383.75,3383.91,3383.83,16.0,396.0,380.0,11.6890,11.2170,3402.55644737,3401.81243793,3401.13678572,3401.25704821
59,XAUUSD,PERIOD_H1,26090401,2025.07.24 05:00:00,2025.07.24 05:00:00,SELL,4,2025.07.24 09:00:00,2025.07.24 09:00:00,0,OK,3387.71,3387.87,3387.79,16.0,3379.16,3379.33,3379.24,17.0,854.5,838.0,25.2229,24.7365,3402.55644737,3401.81243793,3401.13678572,3401.25704821
59,XAUUSD,PERIOD_H1,26090401,2025.07.24 05:00:00,2025.07.24 05:00:00,SELL,8,2025.07.24 13:00:00,2025.07.24 13:00:00,0,OK,3387.71,3387.87,3387.79,16.0,3363.63,3363.78,3363.70,15.0,2408.5,2393.0,71.0935,70.6377,3402.55644737,3401.81243793,3401.13678572,3401.25704821
59,XAUUSD,PERIOD_H1,26090401,2025.07.24 05:00:00,2025.07.24 05:00:00,SELL,12,2025.07.24 17:00:00,2025.07.24 17:00:00,0,OK,3387.71,3387.87,3387.79,16.0,3366.70,3366.86,3366.78,16.0,2101.0,2085.0,62.0168,61.5460,3402.55644737,3401.81243793,3401.13678572,3401.25704821
59,XAUUSD,PERIOD_H1,26090401,2025.07.24 05:00:00,2025.07.24 05:00:00,SELL,24,2025.07.25 05:00:00,2025.07.25 05:00:00,0,OK,3387.71,3387.87,3387.79,16.0,3370.38,3370.55,3370.47,17.0,1732.5,1716.0,51.1395,50.6537,3402.55644737,3401.81243793,3401.13678572,3401.25704821
60,XAUUSD,PERIOD_H1,26090401,2025.08.01 17:00:00,2025.08.01 17:00:00,BUY,1,2025.08.01 18:00:00,2025.08.01 18:00:00,0,OK,3344.94,3345.22,3345.08,28.0,3346.08,3346.24,3346.16,16.0,108.0,86.0,3.2286,2.5708,3299.06173502,3301.53694831,3303.15776026,3303.12647975
60,XAUUSD,PERIOD_H1,26090401,2025.08.01 17:00:00,2025.08.01 17:00:00,BUY,2,2025.08.01 19:00:00,2025.08.01 19:00:00,0,OK,3344.94,3345.22,3345.08,28.0,3348.53,3348.68,3348.61,15.0,352.5,331.0,10.5379,9.8947,3299.06173502,3301.53694831,3303.15776026,3303.12647975
60,XAUUSD,PERIOD_H1,26090401,2025.08.01 17:00:00,2025.08.01 17:00:00,BUY,4,2025.08.01 21:00:00,2025.08.01 21:00:00,0,OK,3344.94,3345.22,3345.08,28.0,3348.39,3348.55,3348.47,16.0,339.0,317.0,10.1343,9.4762,3299.06173502,3301.53694831,3303.15776026,3303.12647975
60,XAUUSD,PERIOD_H1,26090401,2025.08.01 17:00:00,2025.08.01 17:00:00,BUY,8,2025.08.02 01:00:00,,,NO_TICK_NEAR_TARGET,3344.94,3345.22,3345.08,28.0,,,,,,,,,3299.06173502,3301.53694831,3303.15776026,3303.12647975
60,XAUUSD,PERIOD_H1,26090401,2025.08.01 17:00:00,2025.08.01 17:00:00,BUY,12,2025.08.02 05:00:00,,,NO_TICK_NEAR_TARGET,3344.94,3345.22,3345.08,28.0,,,,,,,,,3299.06173502,3301.53694831,3303.15776026,3303.12647975
60,XAUUSD,PERIOD_H1,26090401,2025.08.01 17:00:00,2025.08.01 17:00:00,BUY,24,2025.08.02 17:00:00,,,NO_TICK_NEAR_TARGET,3344.94,3345.22,3345.08,28.0,,,,,,,,,3299.06173502,3301.53694831,3303.15776026,3303.12647975
61,XAUUSD,PERIOD_H1,26090401,2025.08.11 10:00:00,2025.08.11 10:00:00,SELL,1,2025.08.11 11:00:00,2025.08.11 11:00:00,0,OK,3365.80,3365.97,3365.89,17.0,3360.16,3360.33,3360.24,17.0,564.0,547.0,16.7564,16.2517,3386.23146696,3385.92396850,3384.29323201,3385.13793052
61,XAUUSD,PERIOD_H1,26090401,2025.08.11 10:00:00,2025.08.11 10:00:00,SELL,2,2025.08.11 12:00:00,2025.08.11 12:00:00,0,OK,3365.80,3365.97,3365.89,17.0,3361.84,3362.01,3361.93,17.0,396.0,379.0,11.7651,11.2603,3386.23146696,3385.92396850,3384.29323201,3385.13793052
61,XAUUSD,PERIOD_H1,26090401,2025.08.11 10:00:00,2025.08.11 10:00:00,SELL,4,2025.08.11 14:00:00,2025.08.11 14:00:00,0,OK,3365.80,3365.97,3365.89,17.0,3358.41,3358.58,3358.49,17.0,739.0,722.0,21.9556,21.4511,3386.23146696,3385.92396850,3384.29323201,3385.13793052
61,XAUUSD,PERIOD_H1,26090401,2025.08.11 10:00:00,2025.08.11 10:00:00,SELL,8,2025.08.11 18:00:00,2025.08.11 18:00:00,0,OK,3365.80,3365.97,3365.89,17.0,3346.51,3346.68,3346.60,17.0,1929.0,1912.0,57.3103,56.8067,3386.23146696,3385.92396850,3384.29323201,3385.13793052
61,XAUUSD,PERIOD_H1,26090401,2025.08.11 10:00:00,2025.08.11 10:00:00,SELL,12,2025.08.11 22:00:00,2025.08.11 22:00:00,0,OK,3365.80,3365.97,3365.89,17.0,3356.16,3356.33,3356.24,17.0,964.0,947.0,28.6403,28.1360,3386.23146696,3385.92396850,3384.29323201,3385.13793052
61,XAUUSD,PERIOD_H1,26090401,2025.08.11 10:00:00,2025.08.11 10:00:00,SELL,24,2025.08.12 10:00:00,2025.08.12 10:00:00,0,OK,3365.80,3365.97,3365.89,17.0,3345.23,3345.40,3345.32,17.0,2057.0,2040.0,61.1132,60.6097,3386.23146696,3385.92396850,3384.29323201,3385.13793052
62,XAUUSD,PERIOD_H1,26090401,2025.08.14 04:00:00,2025.08.14 04:00:00,BUY,1,2025.08.14 05:00:00,2025.08.14 05:00:00,0,OK,3369.43,3369.61,3369.52,18.0,3367.41,3367.58,3367.49,17.0,-202.5,-220.0,-6.0098,-6.5289,3357.18052088,3357.29192882,3358.36428079,3357.77499044
62,XAUUSD,PERIOD_H1,26090401,2025.08.14 04:00:00,2025.08.14 04:00:00,BUY,2,2025.08.14 06:00:00,2025.08.14 06:00:00,0,OK,3369.43,3369.61,3369.52,18.0,3362.84,3363.02,3362.93,18.0,-659.0,-677.0,-19.5577,-20.0913,3357.18052088,3357.29192882,3358.36428079,3357.77499044
62,XAUUSD,PERIOD_H1,26090401,2025.08.14 04:00:00,2025.08.14 04:00:00,BUY,4,2025.08.14 08:00:00,2025.08.14 08:00:02,2,OK,3369.43,3369.61,3369.52,18.0,3360.45,3360.62,3360.53,17.0,-898.5,-916.0,-26.6655,-27.1842,3357.18052088,3357.29192882,3358.36428079,3357.77499044
62,XAUUSD,PERIOD_H1,26090401,2025.08.14 04:00:00,2025.08.14 04:00:00,BUY,8,2025.08.14 12:00:00,2025.08.14 12:00:00,0,OK,3369.43,3369.61,3369.52,18.0,3346.18,3346.35,3346.26,17.0,-2325.5,-2343.0,-69.0158,-69.5333,3357.18052088,3357.29192882,3358.36428079,3357.77499044
63,XAUUSD,PERIOD_H1,26090401,2025.08.14 12:00:00,2025.08.14 12:00:00,SELL,1,2025.08.14 13:00:00,2025.08.14 13:00:00,0,OK,3346.18,3346.35,3346.26,17.0,3356.58,3356.76,3356.67,18.0,-1040.5,-1058.0,-31.0944,-31.6181,3358.55995289,3358.15820957,3357.37995737,3357.68808370
63,XAUUSD,PERIOD_H1,26090401,2025.08.14 12:00:00,2025.08.14 12:00:00,SELL,2,2025.08.14 14:00:00,2025.08.14 14:00:00,0,OK,3346.18,3346.35,3346.26,17.0,3355.09,3355.26,3355.18,17.0,-891.0,-908.0,-26.6267,-27.1354,3358.55995289,3358.15820957,3357.37995737,3357.68808370
63,XAUUSD,PERIOD_H1,26090401,2025.08.14 12:00:00,2025.08.14 12:00:00,SELL,4,2025.08.14 16:00:00,2025.08.14 16:00:00,0,OK,3346.18,3346.35,3346.26,17.0,3350.48,3350.65,3350.57,17.0,-430.0,-447.0,-12.8501,-13.3585,3358.55995289,3358.15820957,3357.37995737,3357.68808370
62,XAUUSD,PERIOD_H1,26090401,2025.08.14 04:00:00,2025.08.14 04:00:00,BUY,12,2025.08.14 16:00:00,2025.08.14 16:00:00,0,OK,3369.43,3369.61,3369.52,18.0,3350.48,3350.65,3350.57,17.0,-1895.5,-1913.0,-56.2543,-56.7721,3357.18052088,3357.29192882,3358.36428079,3357.77499044
63,XAUUSD,PERIOD_H1,26090401,2025.08.14 12:00:00,2025.08.14 12:00:00,SELL,8,2025.08.14 20:00:00,2025.08.14 20:00:00,0,OK,3346.18,3346.35,3346.26,17.0,3334.24,3334.41,3334.32,17.0,1194.0,1177.0,35.6816,35.1744,3358.55995289,3358.15820957,3357.37995737,3357.68808370
63,XAUUSD,PERIOD_H1,26090401,2025.08.14 12:00:00,2025.08.14 12:00:00,SELL,12,2025.08.15 00:00:00,,,NO_TICK_NEAR_TARGET,3346.18,3346.35,3346.26,17.0,,,,,,,,,3358.55995289,3358.15820957,3357.37995737,3357.68808370
62,XAUUSD,PERIOD_H1,26090401,2025.08.14 04:00:00,2025.08.14 04:00:00,BUY,24,2025.08.15 04:00:00,2025.08.15 04:00:00,0,OK,3369.43,3369.61,3369.52,18.0,3337.24,3337.41,3337.32,17.0,-3219.5,-3237.0,-95.5477,-96.0645,3357.18052088,3357.29192882,3358.36428079,3357.77499044
63,XAUUSD,PERIOD_H1,26090401,2025.08.14 12:00:00,2025.08.14 12:00:00,SELL,24,2025.08.15 12:00:00,2025.08.15 12:00:00,0,OK,3346.18,3346.35,3346.26,17.0,3341.18,3341.34,3341.26,16.0,500.5,484.0,14.9570,14.4643,3358.55995289,3358.15820957,3357.37995737,3357.68808370
64,XAUUSD,PERIOD_H1,26090401,2025.08.20 20:00:00,2025.08.20 20:00:00,BUY,1,2025.08.20 21:00:00,2025.08.20 21:00:00,0,OK,3345.12,3345.29,3345.20,17.0,3347.06,3347.25,3347.15,19.0,195.0,177.0,5.8292,5.2910,3330.69134112,3331.29327919,3332.06454673,3331.83511138
64,XAUUSD,PERIOD_H1,26090401,2025.08.20 20:00:00,2025.08.20 20:00:00,BUY,2,2025.08.20 22:00:00,2025.08.20 22:00:01,1,OK,3345.12,3345.29,3345.20,17.0,3345.69,3345.87,3345.78,18.0,57.5,40.0,1.7189,1.1957,3330.69134112,3331.29327919,3332.06454673,3331.83511138
64,XAUUSD,PERIOD_H1,26090401,2025.08.20 20:00:00,2025.08.20 20:00:00,BUY,4,2025.08.21 00:00:00,,,NO_TICK_NEAR_TARGET,3345.12,3345.29,3345.20,17.0,,,,,,,,,3330.69134112,3331.29327919,3332.06454673,3331.83511138
64,XAUUSD,PERIOD_H1,26090401,2025.08.20 20:00:00,2025.08.20 20:00:00,BUY,8,2025.08.21 04:00:00,2025.08.21 04:00:00,0,OK,3345.12,3345.29,3345.20,17.0,3342.36,3342.54,3342.45,18.0,-275.5,-293.0,-8.2357,-8.7586,3330.69134112,3331.29327919,3332.06454673,3331.83511138
64,XAUUSD,PERIOD_H1,26090401,2025.08.20 20:00:00,2025.08.20 20:00:00,BUY,12,2025.08.21 08:00:00,2025.08.21 08:00:00,0,OK,3345.12,3345.29,3345.20,17.0,3338.28,3338.45,3338.36,17.0,-684.0,-701.0,-20.4472,-20.9548,3330.69134112,3331.29327919,3332.06454673,3331.83511138
64,XAUUSD,PERIOD_H1,26090401,2025.08.20 20:00:00,2025.08.20 20:00:00,BUY,24,2025.08.21 20:00:00,2025.08.21 20:00:00,0,OK,3345.12,3345.29,3345.20,17.0,3339.74,3339.91,3339.82,17.0,-538.0,-555.0,-16.0827,-16.5905,3330.69134112,3331.29327919,3332.06454673,3331.83511138
65,XAUUSD,PERIOD_H1,26090401,2025.08.22 08:00:01,2025.08.22 08:00:00,SELL,1,2025.08.22 09:00:01,2025.08.22 09:00:01,0,OK,3328.36,3328.53,3328.45,17.0,3329.53,3329.70,3329.61,17.0,-117.0,-134.0,-3.5152,-4.0260,3337.61094300,3337.19144595,3336.73847224,3336.84864415
65,XAUUSD,PERIOD_H1,26090401,2025.08.22 08:00:01,2025.08.22 08:00:00,SELL,2,2025.08.22 10:00:01,2025.08.22 10:00:01,0,OK,3328.36,3328.53,3328.45,17.0,3329.29,3329.47,3329.38,18.0,-93.5,-111.0,-2.8091,-3.3350,3337.61094300,3337.19144595,3336.73847224,3336.84864415
65,XAUUSD,PERIOD_H1,26090401,2025.08.22 08:00:01,2025.08.22 08:00:00,SELL,4,2025.08.22 12:00:01,2025.08.22 12:00:01,0,OK,3328.36,3328.53,3328.45,17.0,3328.77,3328.94,3328.86,17.0,-41.0,-58.0,-1.2318,-1.7426,3337.61094300,3337.19144595,3336.73847224,3336.84864415
65,XAUUSD,PERIOD_H1,26090401,2025.08.22 08:00:01,2025.08.22 08:00:00,SELL,8,2025.08.22 16:00:01,2025.08.22 16:00:01,0,OK,3328.36,3328.53,3328.45,17.0,3323.50,3323.67,3323.59,17.0,486.0,469.0,14.6014,14.0910,3337.61094300,3337.19144595,3336.73847224,3336.84864415
66,XAUUSD,PERIOD_H1,26090401,2025.08.22 18:00:00,2025.08.22 18:00:00,BUY,1,2025.08.22 19:00:00,2025.08.22 19:00:00,0,OK,3373.80,3373.97,3373.89,17.0,3368.03,3368.20,3368.11,17.0,-577.0,-594.0,-17.1019,-17.6054,3332.32387370,3334.55801774,3336.27779049,3336.09848764
66,XAUUSD,PERIOD_H1,26090401,2025.08.22 18:00:00,2025.08.22 18:00:00,BUY,2,2025.08.22 20:00:00,2025.08.22 20:00:00,0,OK,3373.80,3373.97,3373.89,17.0,3370.56,3370.74,3370.65,18.0,-323.5,-341.0,-9.5884,-10.1068,3332.32387370,3334.55801774,3336.27779049,3336.09848764
65,XAUUSD,PERIOD_H1,26090401,2025.08.22 08:00:01,2025.08.22 08:00:00,SELL,12,2025.08.22 20:00:01,2025.08.22 20:00:01,0,OK,3328.36,3328.53,3328.45,17.0,3370.60,3370.78,3370.69,18.0,-4224.5,-4242.0,-126.9211,-127.4502,3337.61094300,3337.19144595,3336.73847224,3336.84864415
66,XAUUSD,PERIOD_H1,26090401,2025.08.22 18:00:00,2025.08.22 18:00:00,BUY,4,2025.08.22 22:00:00,2025.08.22 22:00:00,0,OK,3373.80,3373.97,3373.89,17.0,3372.73,3372.90,3372.82,17.0,-107.0,-124.0,-3.1714,-3.6752,3332.32387370,3334.55801774,3336.27779049,3336.09848764
66,XAUUSD,PERIOD_H1,26090401,2025.08.22 18:00:00,2025.08.22 18:00:00,BUY,8,2025.08.23 02:00:00,,,NO_TICK_NEAR_TARGET,3373.80,3373.97,3373.89,17.0,,,,,,,,,3332.32387370,3334.55801774,3336.27779049,3336.09848764
66,XAUUSD,PERIOD_H1,26090401,2025.08.22 18:00:00,2025.08.22 18:00:00,BUY,12,2025.08.23 06:00:00,,,NO_TICK_NEAR_TARGET,3373.80,3373.97,3373.89,17.0,,,,,,,,,3332.32387370,3334.55801774,3336.27779049,3336.09848764
66,XAUUSD,PERIOD_H1,26090401,2025.08.22 18:00:00,2025.08.22 18:00:00,BUY,24,2025.08.23 18:00:00,,,NO_TICK_NEAR_TARGET,3373.80,3373.97,3373.89,17.0,,,,,,,,,3332.32387370,3334.55801774,3336.27779049,3336.09848764
65,XAUUSD,PERIOD_H1,26090401,2025.08.22 08:00:01,2025.08.22 08:00:00,SELL,24,2025.08.23 08:00:01,,,NO_TICK_NEAR_TARGET,3328.36,3328.53,3328.45,17.0,,,,,,,,,3337.61094300,3337.19144595,3336.73847224,3336.84864415
67,XAUUSD,PERIOD_H1,26090401,2025.09.11 14:00:00,2025.09.11 14:00:00,SELL,1,2025.09.11 15:00:00,2025.09.11 15:00:00,0,OK,3621.82,3621.97,3621.89,15.0,3616.86,3617.04,3616.95,18.0,494.5,478.0,13.6531,13.1978,3635.35811823,3634.80828372,3634.07163078,3634.30011573
67,XAUUSD,PERIOD_H1,26090401,2025.09.11 14:00:00,2025.09.11 14:00:00,SELL,2,2025.09.11 16:00:00,2025.09.11 16:00:00,0,OK,3621.82,3621.97,3621.89,15.0,3629.38,3629.55,3629.47,17.0,-757.0,-773.0,-20.9007,-21.3429,3635.35811823,3634.80828372,3634.07163078,3634.30011573
67,XAUUSD,PERIOD_H1,26090401,2025.09.11 14:00:00,2025.09.11 14:00:00,SELL,4,2025.09.11 18:00:00,2025.09.11 18:00:00,0,OK,3621.82,3621.97,3621.89,15.0,3629.56,3629.71,3629.64,15.0,-774.0,-789.0,-21.3700,-21.7846,3635.35811823,3634.80828372,3634.07163078,3634.30011573
67,XAUUSD,PERIOD_H1,26090401,2025.09.11 14:00:00,2025.09.11 14:00:00,SELL,8,2025.09.11 22:00:00,2025.09.11 22:00:00,0,OK,3621.82,3621.97,3621.89,15.0,3632.31,3632.46,3632.39,15.0,-1049.0,-1064.0,-28.9627,-29.3775,3635.35811823,3634.80828372,3634.07163078,3634.30011573
67,XAUUSD,PERIOD_H1,26090401,2025.09.11 14:00:00,2025.09.11 14:00:00,SELL,12,2025.09.12 02:00:00,2025.09.12 02:00:00,0,OK,3621.82,3621.97,3621.89,15.0,3634.84,3634.99,3634.91,15.0,-1302.0,-1317.0,-35.9480,-36.3629,3635.35811823,3634.80828372,3634.07163078,3634.30011573
68,XAUUSD,PERIOD_H1,26090401,2025.09.12 05:00:00,2025.09.12 05:00:00,BUY,1,2025.09.12 06:00:00,2025.09.12 06:00:00,0,OK,3646.33,3646.48,3646.40,15.0,3649.02,3649.17,3649.10,15.0,269.0,254.0,7.3771,6.9656,3633.38592370,3633.57253278,3634.62535953,3634.07557071
68,XAUUSD,PERIOD_H1,26090401,2025.09.12 05:00:00,2025.09.12 05:00:00,BUY,2,2025.09.12 07:00:00,2025.09.12 07:00:00,0,OK,3646.33,3646.48,3646.40,15.0,3652.91,3653.07,3652.99,16.0,658.5,643.0,18.0589,17.6334,3633.38592370,3633.57253278,3634.62535953,3634.07557071
68,XAUUSD,PERIOD_H1,26090401,2025.09.12 05:00:00,2025.09.12 05:00:00,BUY,4,2025.09.12 09:00:00,2025.09.12 09:00:00,0,OK,3646.33,3646.48,3646.40,15.0,3653.04,3653.44,3653.24,40.0,683.5,656.0,18.7445,17.9900,3633.38592370,3633.57253278,3634.62535953,3634.07557071
68,XAUUSD,PERIOD_H1,26090401,2025.09.12 05:00:00,2025.09.12 05:00:00,BUY,8,2025.09.12 13:00:00,2025.09.12 13:00:00,0,OK,3646.33,3646.48,3646.40,15.0,3646.61,3646.78,3646.70,17.0,29.0,13.0,0.7953,0.3565,3633.38592370,3633.57253278,3634.62535953,3634.07557071
67,XAUUSD,PERIOD_H1,26090401,2025.09.11 14:00:00,2025.09.11 14:00:00,SELL,24,2025.09.12 14:00:00,2025.09.12 14:00:00,0,OK,3621.82,3621.97,3621.89,15.0,3651.04,3651.20,3651.12,16.0,-2922.5,-2938.0,-80.6898,-81.1194,3635.35811823,3634.80828372,3634.07163078,3634.30011573
68,XAUUSD,PERIOD_H1,26090401,2025.09.12 05:00:00,2025.09.12 05:00:00,BUY,12,2025.09.12 17:00:00,2025.09.12 17:00:00,0,OK,3646.33,3646.48,3646.40,15.0,3650.37,3650.73,3650.55,36.0,414.5,389.0,11.3674,10.6678,3633.38592370,3633.57253278,3634.62535953,3634.07557071
68,XAUUSD,PERIOD_H1,26090401,2025.09.12 05:00:00,2025.09.12 05:00:00,BUY,24,2025.09.13 05:00:00,,,NO_TICK_NEAR_TARGET,3646.33,3646.48,3646.40,15.0,,,,,,,,,3633.38592370,3633.57253278,3634.62535953,3634.07557071
69,XAUUSD,PERIOD_H1,26090401,2025.09.18 01:00:08,2025.09.18 01:00:00,SELL,1,2025.09.18 02:00:08,2025.09.18 02:00:08,0,OK,3658.85,3659.45,3659.15,60.0,3662.80,3663.01,3662.91,21.0,-375.5,-416.0,-10.2619,-11.3697,3675.45912225,3674.74677432,3673.96682489,3674.16023415
69,XAUUSD,PERIOD_H1,26090401,2025.09.18 01:00:08,2025.09.18 01:00:00,SELL,2,2025.09.18 03:00:08,2025.09.18 03:00:08,0,OK,3658.85,3659.45,3659.15,60.0,3669.51,3669.66,3669.59,15.0,-1043.5,-1081.0,-28.5176,-29.5448,3675.45912225,3674.74677432,3673.96682489,3674.16023415
69,XAUUSD,PERIOD_H1,26090401,2025.09.18 01:00:08,2025.09.18 01:00:00,SELL,4,2025.09.18 05:00:08,2025.09.18 05:00:08,0,OK,3658.85,3659.45,3659.15,60.0,3657.27,3657.45,3657.36,18.0,179.0,140.0,4.8918,3.8263,3675.45912225,3674.74677432,3673.96682489,3674.16023415
69,XAUUSD,PERIOD_H1,26090401,2025.09.18 01:00:08,2025.09.18 01:00:00,SELL,8,2025.09.18 09:00:08,2025.09.18 09:00:08,0,OK,3658.85,3659.45,3659.15,60.0,3651.78,3651.93,3651.86,15.0,729.5,692.0,19.9363,18.9130,3675.45912225,3674.74677432,3673.96682489,3674.16023415
69,XAUUSD,PERIOD_H1,26090401,2025.09.18 01:00:08,2025.09.18 01:00:00,SELL,12,2025.09.18 13:00:08,2025.09.18 13:00:08,0,OK,3658.85,3659.45,3659.15,60.0,3671.74,3671.90,3671.82,16.0,-1267.0,-1305.0,-34.6255,-35.6669,3675.45912225,3674.74677432,3673.96682489,3674.16023415
69,XAUUSD,PERIOD_H1,26090401,2025.09.18 01:00:08,2025.09.18 01:00:00,SELL,24,2025.09.19 01:00:08,2025.09.19 01:00:08,0,OK,3658.85,3659.45,3659.15,60.0,3643.47,3644.07,3643.77,60.0,1538.0,1478.0,42.0316,40.3952,3675.45912225,3674.74677432,3673.96682489,3674.16023415
70,XAUUSD,PERIOD_H1,26090401,2025.09.19 21:00:00,2025.09.19 21:00:00,BUY,1,2025.09.19 22:00:00,2025.09.19 22:00:00,0,OK,3678.68,3678.83,3678.76,15.0,3683.70,3683.85,3683.77,15.0,502.0,487.0,13.6459,13.2379,3656.71867125,3657.96806129,3658.80927399,3658.77990203
70,XAUUSD,PERIOD_H1,26090401,2025.09.19 21:00:00,2025.09.19 21:00:00,BUY,2,2025.09.19 23:00:00,2025.09.19 23:00:00,0,OK,3678.68,3678.83,3678.76,15.0,3684.37,3684.52,3684.44,15.0,569.0,554.0,15.4672,15.0591,3656.71867125,3657.96806129,3658.80927399,3658.77990203
70,XAUUSD,PERIOD_H1,26090401,2025.09.19 21:00:00,2025.09.19 21:00:00,BUY,4,2025.09.20 01:00:00,,,NO_TICK_NEAR_TARGET,3678.68,3678.83,3678.76,15.0,,,,,,,,,3656.71867125,3657.96806129,3658.80927399,3658.77990203
70,XAUUSD,PERIOD_H1,26090401,2025.09.19 21:00:00,2025.09.19 21:00:00,BUY,8,2025.09.20 05:00:00,,,NO_TICK_NEAR_TARGET,3678.68,3678.83,3678.76,15.0,,,,,,,,,3656.71867125,3657.96806129,3658.80927399,3658.77990203
70,XAUUSD,PERIOD_H1,26090401,2025.09.19 21:00:00,2025.09.19 21:00:00,BUY,12,2025.09.20 09:00:00,,,NO_TICK_NEAR_TARGET,3678.68,3678.83,3678.76,15.0,,,,,,,,,3656.71867125,3657.96806129,3658.80927399,3658.77990203
70,XAUUSD,PERIOD_H1,26090401,2025.09.19 21:00:00,2025.09.19 21:00:00,BUY,24,2025.09.20 21:00:00,,,NO_TICK_NEAR_TARGET,3678.68,3678.83,3678.76,15.0,,,,,,,,,3656.71867125,3657.96806129,3658.80927399,3658.77990203
71,XAUUSD,PERIOD_H1,26090401,2025.09.25 07:00:00,2025.09.25 07:00:00,SELL,1,2025.09.25 08:00:00,2025.09.25 08:00:00,0,OK,3736.67,3736.83,3736.75,16.0,3738.12,3738.28,3738.20,16.0,-145.0,-161.0,-3.8804,-4.3086,3747.03118158,3746.98841139,3746.04440238,3746.58376781
71,XAUUSD,PERIOD_H1,26090401,2025.09.25 07:00:00,2025.09.25 07:00:00,SELL,2,2025.09.25 09:00:00,2025.09.25 09:00:00,0,OK,3736.67,3736.83,3736.75,16.0,3738.85,3739.00,3738.93,15.0,-217.5,-233.0,-5.8206,-6.2355,3747.03118158,3746.98841139,3746.04440238,3746.58376781
71,XAUUSD,PERIOD_H1,26090401,2025.09.25 07:00:00,2025.09.25 07:00:00,SELL,4,2025.09.25 11:00:00,2025.09.25 11:00:00,0,OK,3736.67,3736.83,3736.75,16.0,3752.10,3752.44,3752.27,34.0,-1552.0,-1577.0,-41.5334,-42.2034,3747.03118158,3746.98841139,3746.04440238,3746.58376781
72,XAUUSD,PERIOD_H1,26090401,2025.09.25 13:00:00,2025.09.25 13:00:00,BUY,1,2025.09.25 14:00:00,2025.09.25 14:00:00,0,OK,3757.03,3757.19,3757.11,16.0,3757.21,3757.36,3757.28,15.0,17.5,2.0,0.4658,0.0532,3746.13683860,3746.41787891,3747.17237778,3746.83325621
72,XAUUSD,PERIOD_H1,26090401,2025.09.25 13:00:00,2025.09.25 13:00:00,BUY,2,2025.09.25 15:00:00,2025.09.25 15:00:00,0,OK,3757.03,3757.19,3757.11,16.0,3752.55,3752.72,3752.64,17.0,-447.5,-464.0,-11.9108,-12.3497,3746.13683860,3746.41787891,3747.17237778,3746.83325621
71,XAUUSD,PERIOD_H1,26090401,2025.09.25 07:00:00,2025.09.25 07:00:00,SELL,8,2025.09.25 15:00:00,2025.09.25 15:00:00,0,OK,3736.67,3736.83,3736.75,16.0,3752.55,3752.72,3752.64,17.0,-1588.5,-1605.0,-42.5102,-42.9527,3747.03118158,3746.98841139,3746.04440238,3746.58376781
72,XAUUSD,PERIOD_H1,26090401,2025.09.25 13:00:00,2025.09.25 13:00:00,BUY,4,2025.09.25 17:00:00,2025.09.25 17:00:00,0,OK,3757.03,3757.19,3757.11,16.0,3734.03,3734.19,3734.11,16.0,-2300.0,-2316.0,-61.2173,-61.6418,3746.13683860,3746.41787891,3747.17237778,3746.83325621
73,XAUUSD,PERIOD_H1,26090401,2025.09.25 17:00:00,2025.09.25 17:00:00,SELL,1,2025.09.25 18:00:00,2025.09.25 18:00:00,0,OK,3734.03,3734.19,3734.11,16.0,3731.58,3731.74,3731.66,16.0,245.0,229.0,6.5611,6.1328,3747.65261626,3747.12317057,3746.33236709,3746.60030114
73,XAUUSD,PERIOD_H1,26090401,2025.09.25 17:00:00,2025.09.25 17:00:00,SELL,2,2025.09.25 19:00:00,2025.09.25 19:00:00,0,OK,3734.03,3734.19,3734.11,16.0,3735.88,3736.04,3735.96,16.0,-185.0,-201.0,-4.9543,-5.3829,3747.65261626,3747.12317057,3746.33236709,3746.60030114
71,XAUUSD,PERIOD_H1,26090401,2025.09.25 07:00:00,2025.09.25 07:00:00,SELL,12,2025.09.25 19:00:00,2025.09.25 19:00:00,0,OK,3736.67,3736.83,3736.75,16.0,3735.88,3736.04,3735.96,16.0,79.0,63.0,2.1141,1.6860,3747.03118158,3746.98841139,3746.04440238,3746.58376781
73,XAUUSD,PERIOD_H1,26090401,2025.09.25 17:00:00,2025.09.25 17:00:00,SELL,4,2025.09.25 21:00:00,2025.09.25 21:00:00,0,OK,3734.03,3734.19,3734.11,16.0,3741.87,3742.02,3741.94,15.0,-783.5,-799.0,-20.9822,-21.3978,3747.65261626,3747.12317057,3746.33236709,3746.60030114
72,XAUUSD,PERIOD_H1,26090401,2025.09.25 13:00:00,2025.09.25 13:00:00,BUY,8,2025.09.25 21:00:00,2025.09.25 21:00:00,0,OK,3757.03,3757.19,3757.11,16.0,3741.87,3742.02,3741.94,15.0,-1516.5,-1532.0,-40.3635,-40.7752,3746.13683860,3746.41787891,3747.17237778,3746.83325621
73,XAUUSD,PERIOD_H1,26090401,2025.09.25 17:00:00,2025.09.25 17:00:00,SELL,8,2025.09.26 01:00:00,2025.09.26 01:00:08,8,OK,3734.03,3734.19,3734.11,16.0,3750.77,3750.99,3750.88,22.0,-1677.0,-1696.0,-44.9103,-45.4201,3747.65261626,3747.12317057,3746.33236709,3746.60030114
72,XAUUSD,PERIOD_H1,26090401,2025.09.25 13:00:00,2025.09.25 13:00:00,BUY,12,2025.09.26 01:00:00,2025.09.26 01:00:08,8,OK,3757.03,3757.19,3757.11,16.0,3750.77,3750.99,3750.88,22.0,-623.0,-642.0,-16.5819,-17.0872,3746.13683860,3746.41787891,3747.17237778,3746.83325621
73,XAUUSD,PERIOD_H1,26090401,2025.09.25 17:00:00,2025.09.25 17:00:00,SELL,12,2025.09.26 05:00:00,2025.09.26 05:00:00,0,OK,3734.03,3734.19,3734.11,16.0,3739.04,3739.20,3739.12,16.0,-501.0,-517.0,-13.4169,-13.8456,3747.65261626,3747.12317057,3746.33236709,3746.60030114
71,XAUUSD,PERIOD_H1,26090401,2025.09.25 07:00:00,2025.09.25 07:00:00,SELL,24,2025.09.26 07:00:00,2025.09.26 07:00:00,0,OK,3736.67,3736.83,3736.75,16.0,3745.50,3745.65,3745.57,15.0,-882.5,-898.0,-23.6168,-24.0321,3747.03118158,3746.98841139,3746.04440238,3746.58376781
72,XAUUSD,PERIOD_H1,26090401,2025.09.25 13:00:00,2025.09.25 13:00:00,BUY,24,2025.09.26 13:00:00,2025.09.26 13:00:00,0,OK,3757.03,3757.19,3757.11,16.0,3751.38,3751.56,3751.47,18.0,-564.0,-581.0,-15.0115,-15.4637,3746.13683860,3746.41787891,3747.17237778,3746.83325621
74,XAUUSD,PERIOD_H1,26090401,2025.09.26 13:00:00,2025.09.26 13:00:00,BUY,1,2025.09.26 14:00:00,2025.09.26 14:00:00,0,OK,3751.38,3751.56,3751.47,18.0,3744.67,3744.82,3744.74,15.0,-672.5,-689.0,-17.9263,-18.3657,3745.51876209,3745.60205231,3746.08745142,3745.83295222
74,XAUUSD,PERIOD_H1,26090401,2025.09.26 13:00:00,2025.09.26 13:00:00,BUY,2,2025.09.26 15:00:00,2025.09.26 15:00:00,0,OK,3751.38,3751.56,3751.47,18.0,3748.64,3748.79,3748.72,15.0,-275.5,-292.0,-7.3438,-7.7834,3745.51876209,3745.60205231,3746.08745142,3745.83295222
74,XAUUSD,PERIOD_H1,26090401,2025.09.26 13:00:00,2025.09.26 13:00:00,BUY,4,2025.09.26 17:00:00,2025.09.26 17:00:00,0,OK,3751.38,3751.56,3751.47,18.0,3761.78,3761.93,3761.86,15.0,1038.5,1022.0,27.6825,27.2420,3745.51876209,3745.60205231,3746.08745142,3745.83295222
73,XAUUSD,PERIOD_H1,26090401,2025.09.25 17:00:00,2025.09.25 17:00:00,SELL,24,2025.09.26 17:00:00,2025.09.26 17:00:00,0,OK,3734.03,3734.19,3734.11,16.0,3761.78,3761.93,3761.86,15.0,-2774.5,-2790.0,-74.3015,-74.7182,3747.65261626,3747.12317057,3746.33236709,3746.60030114
74,XAUUSD,PERIOD_H1,26090401,2025.09.26 13:00:00,2025.09.26 13:00:00,BUY,8,2025.09.26 21:00:00,2025.09.26 21:00:00,0,OK,3751.38,3751.56,3751.47,18.0,3783.10,3783.25,3783.18,15.0,3170.5,3154.0,84.5135,84.0717,3745.51876209,3745.60205231,3746.08745142,3745.83295222
74,XAUUSD,PERIOD_H1,26090401,2025.09.26 13:00:00,2025.09.26 13:00:00,BUY,12,2025.09.27 01:00:00,,,NO_TICK_NEAR_TARGET,3751.38,3751.56,3751.47,18.0,,,,,,,,,3745.51876209,3745.60205231,3746.08745142,3745.83295222
74,XAUUSD,PERIOD_H1,26090401,2025.09.26 13:00:00,2025.09.26 13:00:00,BUY,24,2025.09.27 13:00:00,,,NO_TICK_NEAR_TARGET,3751.38,3751.56,3751.47,18.0,,,,,,,,,3745.51876209,3745.60205231,3746.08745142,3745.83295222
75,XAUUSD,PERIOD_H1,26090401,2025.10.03 08:00:00,2025.10.03 08:00:00,SELL,1,2025.10.03 09:00:00,2025.10.03 09:00:00,0,OK,3844.03,3844.18,3844.11,15.0,3854.75,3854.90,3854.82,15.0,-1072.0,-1087.0,-27.8869,-28.2776,3856.83109376,3856.41792895,3855.60718007,3855.93016703
75,XAUUSD,PERIOD_H1,26090401,2025.10.03 08:00:00,2025.10.03 08:00:00,SELL,2,2025.10.03 10:00:00,2025.10.03 10:00:00,0,OK,3844.03,3844.18,3844.11,15.0,3859.30,3859.45,3859.38,15.0,-1527.0,-1542.0,-39.7232,-40.1142,3856.83109376,3856.41792895,3855.60718007,3855.93016703
76,XAUUSD,PERIOD_H1,26090401,2025.10.03 11:00:00,2025.10.03 11:00:00,BUY,1,2025.10.03 12:00:00,2025.10.03 12:00:00,0,OK,3864.31,3864.46,3864.39,15.0,3864.66,3864.81,3864.73,15.0,35.0,20.0,0.9057,0.5175,3855.90546940,3856.02708614,3856.69447231,3856.34720041
75,XAUUSD,PERIOD_H1,26090401,2025.10.03 08:00:00,2025.10.03 08:00:00,SELL,4,2025.10.03 12:00:00,2025.10.03 12:00:00,0,OK,3844.03,3844.18,3844.11,15.0,3864.66,3864.81,3864.73,15.0,-2063.0,-2078.0,-53.6666,-54.0579,3856.83109376,3856.41792895,3855.60718007,3855.93016703
76,XAUUSD,PERIOD_H1,26090401,2025.10.03 11:00:00,2025.10.03 11:00:00,BUY,2,2025.10.03 13:00:00,2025.10.03 13:00:00,0,OK,3864.31,3864.46,3864.39,15.0,3864.24,3864.39,3864.31,15.0,-7.0,-22.0,-0.1811,-0.5693,3855.90546940,3856.02708614,3856.69447231,3856.34720041
76,XAUUSD,PERIOD_H1,26090401,2025.10.03 11:00:00,2025.10.03 11:00:00,BUY,4,2025.10.03 15:00:00,2025.10.03 15:00:00,0,OK,3864.31,3864.46,3864.39,15.0,3862.13,3862.28,3862.20,15.0,-218.0,-233.0,-5.6413,-6.0293,3855.90546940,3856.02708614,3856.69447231,3856.34720041
75,XAUUSD,PERIOD_H1,26090401,2025.10.03 08:00:00,2025.10.03 08:00:00,SELL,8,2025.10.03 16:00:00,2025.10.03 16:00:00,0,OK,3844.03,3844.18,3844.11,15.0,3874.08,3874.23,3874.15,15.0,-3005.0,-3020.0,-78.1716,-78.5634,3856.83109376,3856.41792895,3855.60718007,3855.93016703
76,XAUUSD,PERIOD_H1,26090401,2025.10.03 11:00:00,2025.10.03 11:00:00,BUY,8,2025.10.03 19:00:00,2025.10.03 19:00:00,0,OK,3864.31,3864.46,3864.39,15.0,3889.41,3889.55,3889.48,14.0,2509.5,2495.0,64.9392,64.5627,3855.90546940,3856.02708614,3856.69447231,3856.34720041
75,XAUUSD,PERIOD_H1,26090401,2025.10.03 08:00:00,2025.10.03 08:00:00,SELL,12,2025.10.03 20:00:00,2025.10.03 20:00:00,0,OK,3844.03,3844.18,3844.11,15.0,3883.67,3883.85,3883.76,18.0,-3965.5,-3982.0,-103.1580,-103.5892,3856.83109376,3856.41792895,3855.60718007,3855.93016703
76,XAUUSD,PERIOD_H1,26090401,2025.10.03 11:00:00,2025.10.03 11:00:00,BUY,12,2025.10.03 23:00:00,2025.10.03 23:00:00,0,OK,3864.31,3864.46,3864.39,15.0,3885.57,3885.72,3885.64,15.0,2126.0,2111.0,55.0152,54.6260,3855.90546940,3856.02708614,3856.69447231,3856.34720041
76,XAUUSD,PERIOD_H1,26090401,2025.10.03 11:00:00,2025.10.03 11:00:00,BUY,24,2025.10.04 11:00:00,,,NO_TICK_NEAR_TARGET,3864.31,3864.46,3864.39,15.0,,,,,,,,,3855.90546940,3856.02708614,3856.69447231,3856.34720041
75,XAUUSD,PERIOD_H1,26090401,2025.10.03 08:00:00,2025.10.03 08:00:00,SELL,24,2025.10.04 08:00:00,,,NO_TICK_NEAR_TARGET,3844.03,3844.18,3844.11,15.0,,,,,,,,,3856.83109376,3856.41792895,3855.60718007,3855.93016703
77,XAUUSD,PERIOD_H1,26090401,2025.10.10 01:00:10,2025.10.10 01:00:00,SELL,1,2025.10.10 02:00:10,2025.10.10 02:00:10,0,OK,3974.93,3975.53,3975.23,60.0,3975.49,3975.64,3975.56,15.0,-33.5,-71.0,-0.8427,-1.7862,4008.37453903,4007.57048860,4005.28267817,4006.32890081
77,XAUUSD,PERIOD_H1,26090401,2025.10.10 01:00:10,2025.10.10 01:00:00,SELL,2,2025.10.10 03:00:10,2025.10.10 03:00:10,0,OK,3974.93,3975.53,3975.23,60.0,3989.34,3989.50,3989.42,16.0,-1419.0,-1457.0,-35.6960,-36.6547,4008.37453903,4007.57048860,4005.28267817,4006.32890081
77,XAUUSD,PERIOD_H1,26090401,2025.10.10 01:00:10,2025.10.10 01:00:00,SELL,4,2025.10.10 05:00:10,2025.10.10 05:00:10,0,OK,3974.93,3975.53,3975.23,60.0,3974.07,3974.22,3974.14,15.0,108.5,71.0,2.7294,1.7862,4008.37453903,4007.57048860,4005.28267817,4006.32890081
77,XAUUSD,PERIOD_H1,26090401,2025.10.10 01:00:10,2025.10.10 01:00:00,SELL,8,2025.10.10 09:00:10,2025.10.10 09:00:10,0,OK,3974.93,3975.53,3975.23,60.0,3975.74,3975.89,3975.81,15.0,-58.5,-96.0,-1.4716,-2.4151,4008.37453903,4007.57048860,4005.28267817,4006.32890081
77,XAUUSD,PERIOD_H1,26090401,2025.10.10 01:00:10,2025.10.10 01:00:00,SELL,12,2025.10.10 13:00:10,2025.10.10 13:00:10,0,OK,3974.93,3975.53,3975.23,60.0,3995.36,3995.52,3995.44,16.0,-2021.0,-2059.0,-50.8398,-51.7997,4008.37453903,4007.57048860,4005.28267817,4006.32890081
77,XAUUSD,PERIOD_H1,26090401,2025.10.10 01:00:10,2025.10.10 01:00:00,SELL,24,2025.10.11 01:00:10,,,NO_TICK_NEAR_TARGET,3974.93,3975.53,3975.23,60.0,,,,,,,,,4008.37453903,4007.57048860,4005.28267817,4006.32890081
78,XAUUSD,PERIOD_H1,26090401,2025.10.13 02:00:00,2025.10.13 02:00:00,BUY,1,2025.10.13 03:00:00,2025.10.13 03:00:00,0,OK,4042.20,4042.36,4042.28,16.0,4034.69,4034.85,4034.77,16.0,-751.0,-767.0,-18.5786,-18.9741,3993.13424212,3995.38156462,3997.82526668,3997.22503267
78,XAUUSD,PERIOD_H1,26090401,2025.10.13 02:00:00,2025.10.13 02:00:00,BUY,2,2025.10.13 04:00:00,2025.10.13 04:00:00,0,OK,4042.20,4042.36,4042.28,16.0,4043.78,4043.95,4043.86,17.0,158.5,142.0,3.9211,3.5128,3993.13424212,3995.38156462,3997.82526668,3997.22503267
78,XAUUSD,PERIOD_H1,26090401,2025.10.13 02:00:00,2025.10.13 02:00:00,BUY,4,2025.10.13 06:00:00,2025.10.13 06:00:00,0,OK,4042.20,4042.36,4042.28,16.0,4048.00,4048.16,4048.08,16.0,580.0,564.0,14.3483,13.9522,3993.13424212,3995.38156462,3997.82526668,3997.22503267
78,XAUUSD,PERIOD_H1,26090401,2025.10.13 02:00:00,2025.10.13 02:00:00,BUY,8,2025.10.13 10:00:00,2025.10.13 10:00:00,0,OK,4042.20,4042.36,4042.28,16.0,4068.77,4068.93,4068.85,16.0,2657.0,2641.0,65.7302,65.3331,3993.13424212,3995.38156462,3997.82526668,3997.22503267
78,XAUUSD,PERIOD_H1,26090401,2025.10.13 02:00:00,2025.10.13 02:00:00,BUY,12,2025.10.13 14:00:00,2025.10.13 14:00:00,0,OK,4042.20,4042.36,4042.28,16.0,4080.70,4080.87,4080.78,17.0,3850.5,3834.0,95.2556,94.8456,3993.13424212,3995.38156462,3997.82526668,3997.22503267
78,XAUUSD,PERIOD_H1,26090401,2025.10.13 02:00:00,2025.10.13 02:00:00,BUY,24,2025.10.14 02:00:00,2025.10.14 02:00:00,0,OK,4042.20,4042.36,4042.28,16.0,4114.59,4114.76,4114.68,17.0,7239.5,7223.0,179.0945,178.6827,3993.13424212,3995.38156462,3997.82526668,3997.22503267
79,XAUUSD,PERIOD_H1,26090401,2025.10.21 17:00:00,2025.10.21 17:00:00,SELL,1,2025.10.21 18:00:00,2025.10.21 18:00:00,0,OK,4173.86,4174.06,4173.96,20.0,4138.23,4138.40,4138.31,17.0,3564.5,3546.0,85.3985,84.9573,4297.65081221,4294.62713806,4285.86502057,4289.89274049
79,XAUUSD,PERIOD_H1,26090401,2025.10.21 17:00:00,2025.10.21 17:00:00,SELL,2,2025.10.21 19:00:00,2025.10.21 19:00:00,0,OK,4173.86,4174.06,4173.96,20.0,4138.73,4138.90,4138.81,17.0,3514.5,3496.0,84.2006,83.7594,4297.65081221,4294.62713806,4285.86502057,4289.89274049
79,XAUUSD,PERIOD_H1,26090401,2025.10.21 17:00:00,2025.10.21 17:00:00,SELL,4,2025.10.21 21:00:00,2025.10.21 21:00:00,0,OK,4173.86,4174.06,4173.96,20.0,4111.18,4111.34,4111.26,16.0,6270.0,6252.0,150.2171,149.7894,4297.65081221,4294.62713806,4285.86502057,4289.89274049
79,XAUUSD,PERIOD_H1,26090401,2025.10.21 17:00:00,2025.10.21 17:00:00,SELL,8,2025.10.22 01:00:00,2025.10.22 01:00:08,8,OK,4173.86,4174.06,4173.96,20.0,4125.17,4125.40,4125.28,23.0,4867.5,4846.0,116.6159,116.1036,4297.65081221,4294.62713806,4285.86502057,4289.89274049
79,XAUUSD,PERIOD_H1,26090401,2025.10.21 17:00:00,2025.10.21 17:00:00,SELL,12,2025.10.22 05:00:00,2025.10.22 05:00:00,0,OK,4173.86,4174.06,4173.96,20.0,4087.80,4087.96,4087.88,16.0,8608.0,8590.0,206.2310,205.8047,4297.65081221,4294.62713806,4285.86502057,4289.89274049
79,XAUUSD,PERIOD_H1,26090401,2025.10.21 17:00:00,2025.10.21 17:00:00,SELL,24,2025.10.22 17:00:00,2025.10.22 17:00:00,0,OK,4173.86,4174.06,4173.96,20.0,4076.37,4076.53,4076.45,16.0,9751.0,9733.0,233.6151,233.1894,4297.65081221,4294.62713806,4285.86502057,4289.89274049
80,XAUUSD,PERIOD_H1,26090401,2025.10.30 21:00:00,2025.10.30 21:00:00,BUY,1,2025.10.30 22:00:00,2025.10.30 22:00:00,0,OK,4016.27,4016.43,4016.35,16.0,4023.44,4023.66,4023.55,22.0,720.0,701.0,17.9267,17.4533,3981.82600815,3981.90175075,3985.06257881,3983.23148602
80,XAUUSD,PERIOD_H1,26090401,2025.10.30 21:00:00,2025.10.30 21:00:00,BUY,2,2025.10.30 23:00:00,,,NO_TICK_NEAR_TARGET,4016.27,4016.43,4016.35,16.0,,,,,,,,,3981.82600815,3981.90175075,3985.06257881,3983.23148602
80,XAUUSD,PERIOD_H1,26090401,2025.10.30 21:00:00,2025.10.30 21:00:00,BUY,4,2025.10.31 01:00:00,2025.10.31 01:00:00,0,OK,4016.27,4016.43,4016.35,16.0,4038.00,4038.18,4038.09,18.0,2174.0,2157.0,54.1287,53.7044,3981.82600815,3981.90175075,3985.06257881,3983.23148602
80,XAUUSD,PERIOD_H1,26090401,2025.10.30 21:00:00,2025.10.30 21:00:00,BUY,8,2025.10.31 05:00:00,2025.10.31 05:00:00,0,OK,4016.27,4016.43,4016.35,16.0,4011.34,4011.51,4011.43,17.0,-492.5,-509.0,-12.2624,-12.6729,3981.82600815,3981.90175075,3985.06257881,3983.23148602
80,XAUUSD,PERIOD_H1,26090401,2025.10.30 21:00:00,2025.10.30 21:00:00,BUY,12,2025.10.31 09:00:00,2025.10.31 09:00:00,0,OK,4016.27,4016.43,4016.35,16.0,4012.98,4013.16,4013.07,18.0,-328.0,-345.0,-8.1666,-8.5897,3981.82600815,3981.90175075,3985.06257881,3983.23148602
80,XAUUSD,PERIOD_H1,26090401,2025.10.30 21:00:00,2025.10.30 21:00:00,BUY,24,2025.10.31 21:00:00,2025.10.31 21:00:00,0,OK,4016.27,4016.43,4016.35,16.0,3999.97,4000.13,4000.05,16.0,-1630.0,-1646.0,-40.5841,-40.9817,3981.82600815,3981.90175075,3985.06257881,3983.23148602
81,XAUUSD,PERIOD_H1,26090401,2025.11.04 05:00:00,2025.11.04 05:00:00,SELL,1,2025.11.04 06:00:00,2025.11.04 06:00:00,0,OK,3987.02,3987.19,3987.11,17.0,3994.52,3994.69,3994.61,17.0,-750.0,-767.0,-18.8106,-19.2374,4003.12999435,4002.92955884,4001.56618537,4002.29349771
81,XAUUSD,PERIOD_H1,26090401,2025.11.04 05:00:00,2025.11.04 05:00:00,SELL,2,2025.11.04 07:00:00,2025.11.04 07:00:00,0,OK,3987.02,3987.19,3987.11,17.0,3985.09,3985.30,3985.20,21.0,191.0,172.0,4.7904,4.3140,4003.12999435,4002.92955884,4001.56618537,4002.29349771
81,XAUUSD,PERIOD_H1,26090401,2025.11.04 05:00:00,2025.11.04 05:00:00,SELL,4,2025.11.04 09:00:00,2025.11.04 09:00:00,0,OK,3987.02,3987.19,3987.11,17.0,3985.23,3985.40,3985.32,17.0,179.0,162.0,4.4895,4.0632,4003.12999435,4002.92955884,4001.56618537,4002.29349771
81,XAUUSD,PERIOD_H1,26090401,2025.11.04 05:00:00,2025.11.04 05:00:00,SELL,8,2025.11.04 13:00:00,2025.11.04 13:00:00,0,OK,3987.02,3987.19,3987.11,17.0,3994.04,3994.21,3994.13,17.0,-702.0,-719.0,-17.6068,-18.0335,4003.12999435,4002.92955884,4001.56618537,4002.29349771
81,XAUUSD,PERIOD_H1,26090401,2025.11.04 05:00:00,2025.11.04 05:00:00,SELL,12,2025.11.04 17:00:00,2025.11.04 17:00:00,0,OK,3987.02,3987.19,3987.11,17.0,3956.93,3957.91,3957.42,98.0,2968.5,2911.0,74.4525,73.0119,4003.12999435,4002.92955884,4001.56618537,4002.29349771
81,XAUUSD,PERIOD_H1,26090401,2025.11.04 05:00:00,2025.11.04 05:00:00,SELL,24,2025.11.05 05:00:00,2025.11.05 05:00:00,0,OK,3987.02,3987.19,3987.11,17.0,3948.51,3948.68,3948.60,17.0,3851.0,3834.0,96.5864,96.1620,4003.12999435,4002.92955884,4001.56618537,4002.29349771
82,XAUUSD,PERIOD_H1,26090401,2025.11.06 07:00:00,2025.11.06 07:00:00,BUY,1,2025.11.06 08:00:00,2025.11.06 08:00:00,0,OK,3988.55,3988.72,3988.64,17.0,3987.69,3987.85,3987.77,16.0,-86.5,-103.0,-2.1687,-2.5823,3976.94603065,3977.05994253,3978.07307535,3977.51955262
82,XAUUSD,PERIOD_H1,26090401,2025.11.06 07:00:00,2025.11.06 07:00:00,BUY,2,2025.11.06 09:00:00,2025.11.06 09:00:00,0,OK,3988.55,3988.72,3988.64,17.0,3991.35,3991.53,3991.44,18.0,280.5,263.0,7.0325,6.5936,3976.94603065,3977.05994253,3978.07307535,3977.51955262
82,XAUUSD,PERIOD_H1,26090401,2025.11.06 07:00:00,2025.11.06 07:00:00,BUY,4,2025.11.06 11:00:00,2025.11.06 11:00:00,0,OK,3988.55,3988.72,3988.64,17.0,4014.68,4015.06,4014.87,38.0,2623.5,2596.0,65.7744,65.0835,3976.94603065,3977.05994253,3978.07307535,3977.51955262
82,XAUUSD,PERIOD_H1,26090401,2025.11.06 07:00:00,2025.11.06 07:00:00,BUY,8,2025.11.06 15:00:00,2025.11.06 15:00:00,0,OK,3988.55,3988.72,3988.64,17.0,4005.33,4005.50,4005.41,17.0,1678.0,1661.0,42.0695,41.6424,3976.94603065,3977.05994253,3978.07307535,3977.51955262
82,XAUUSD,PERIOD_H1,26090401,2025.11.06 07:00:00,2025.11.06 07:00:00,BUY,12,2025.11.06 19:00:00,2025.11.06 19:00:00,0,OK,3988.55,3988.72,3988.64,17.0,3981.30,3981.47,3981.39,17.0,-725.0,-742.0,-18.1766,-18.6025,3976.94603065,3977.05994253,3978.07307535,3977.51955262
82,XAUUSD,PERIOD_H1,26090401,2025.11.06 07:00:00,2025.11.06 07:00:00,BUY,24,2025.11.07 07:00:00,2025.11.07 07:00:00,0,OK,3988.55,3988.72,3988.64,17.0,3998.57,3998.74,3998.65,17.0,1002.0,985.0,25.1214,24.6946,3976.94603065,3977.05994253,3978.07307535,3977.51955262
83,XAUUSD,PERIOD_H1,26090401,2025.11.14 16:00:00,2025.11.14 16:00:00,SELL,1,2025.11.14 17:00:00,2025.11.14 17:00:00,0,OK,4055.23,4055.40,4055.32,17.0,4082.18,4082.36,4082.27,18.0,-2695.5,-2713.0,-66.4683,-66.9013,4174.67564051,4173.81982736,4163.36653189,4169.19669687
83,XAUUSD,PERIOD_H1,26090401,2025.11.14 16:00:00,2025.11.14 16:00:00,SELL,2,2025.11.14 18:00:00,2025.11.14 18:00:00,0,OK,4055.23,4055.40,4055.32,17.0,4093.66,4093.84,4093.75,18.0,-3843.5,-3861.0,-94.7769,-95.2104,4174.67564051,4173.81982736,4163.36653189,4169.19669687
83,XAUUSD,PERIOD_H1,26090401,2025.11.14 16:00:00,2025.11.14 16:00:00,SELL,4,2025.11.14 20:00:00,2025.11.14 20:00:00,0,OK,4055.23,4055.40,4055.32,17.0,4099.84,4100.01,4099.93,17.0,-4461.0,-4478.0,-110.0038,-110.4253,4174.67564051,4173.81982736,4163.36653189,4169.19669687
83,XAUUSD,PERIOD_H1,26090401,2025.11.14 16:00:00,2025.11.14 16:00:00,SELL,8,2025.11.15 00:00:00,,,NO_TICK_NEAR_TARGET,4055.23,4055.40,4055.32,17.0,,,,,,,,,4174.67564051,4173.81982736,4163.36653189,4169.19669687
83,XAUUSD,PERIOD_H1,26090401,2025.11.14 16:00:00,2025.11.14 16:00:00,SELL,12,2025.11.15 04:00:00,,,NO_TICK_NEAR_TARGET,4055.23,4055.40,4055.32,17.0,,,,,,,,,4174.67564051,4173.81982736,4163.36653189,4169.19669687
83,XAUUSD,PERIOD_H1,26090401,2025.11.14 16:00:00,2025.11.14 16:00:00,SELL,24,2025.11.15 16:00:00,,,NO_TICK_NEAR_TARGET,4055.23,4055.40,4055.32,17.0,,,,,,,,,4174.67564051,4173.81982736,4163.36653189,4169.19669687
84,XAUUSD,PERIOD_H1,26090401,2025.11.19 12:00:00,2025.11.19 12:00:00,BUY,1,2025.11.19 13:00:00,2025.11.19 13:00:00,0,OK,4113.48,4113.65,4113.56,17.0,4109.18,4109.34,4109.26,16.0,-430.5,-447.0,-10.4654,-10.8663,4071.39261180,4071.91661539,4075.38474401,4073.53988538
84,XAUUSD,PERIOD_H1,26090401,2025.11.19 12:00:00,2025.11.19 12:00:00,BUY,2,2025.11.19 14:00:00,2025.11.19 14:00:00,0,OK,4113.48,4113.65,4113.56,17.0,4112.65,4112.82,4112.73,17.0,-83.0,-100.0,-2.0177,-2.4309,4071.39261180,4071.91661539,4075.38474401,4073.53988538
84,XAUUSD,PERIOD_H1,26090401,2025.11.19 12:00:00,2025.11.19 12:00:00,BUY,4,2025.11.19 16:00:00,2025.11.19 16:00:00,0,OK,4113.48,4113.65,4113.56,17.0,4111.13,4111.30,4111.22,17.0,-235.0,-252.0,-5.7128,-6.1259,4071.39261180,4071.91661539,4075.38474401,4073.53988538
84,XAUUSD,PERIOD_H1,26090401,2025.11.19 12:00:00,2025.11.19 12:00:00,BUY,8,2025.11.19 20:00:00,2025.11.19 20:00:00,0,OK,4113.48,4113.65,4113.56,17.0,4078.88,4079.05,4078.97,17.0,-3460.0,-3477.0,-84.1120,-84.5235,4071.39261180,4071.91661539,4075.38474401,4073.53988538
84,XAUUSD,PERIOD_H1,26090401,2025.11.19 12:00:00,2025.11.19 12:00:00,BUY,12,2025.11.20 00:00:00,,,NO_TICK_NEAR_TARGET,4113.48,4113.65,4113.56,17.0,,,,,,,,,4071.39261180,4071.91661539,4075.38474401,4073.53988538
85,XAUUSD,PERIOD_H1,26090401,2025.11.20 10:00:00,2025.11.20 10:00:00,SELL,1,2025.11.20 11:00:00,2025.11.20 11:00:00,0,OK,4059.34,4059.50,4059.42,16.0,4063.56,4063.73,4063.64,17.0,-422.5,-439.0,-10.4079,-10.8146,4080.99670017,4080.34909686,4078.99130015,4079.54874013
85,XAUUSD,PERIOD_H1,26090401,2025.11.20 10:00:00,2025.11.20 10:00:00,SELL,2,2025.11.20 12:00:00,2025.11.20 12:00:00,0,OK,4059.34,4059.50,4059.42,16.0,4064.21,4064.38,4064.30,17.0,-487.5,-504.0,-12.0091,-12.4158,4080.99670017,4080.34909686,4078.99130015,4079.54874013
84,XAUUSD,PERIOD_H1,26090401,2025.11.19 12:00:00,2025.11.19 12:00:00,BUY,24,2025.11.20 12:00:00,2025.11.20 12:00:00,0,OK,4113.48,4113.65,4113.56,17.0,4064.21,4064.38,4064.30,17.0,-4927.0,-4944.0,-119.7745,-120.1852,4071.39261180,4071.91661539,4075.38474401,4073.53988538
85,XAUUSD,PERIOD_H1,26090401,2025.11.20 10:00:00,2025.11.20 10:00:00,SELL,4,2025.11.20 14:00:00,2025.11.20 14:00:00,0,OK,4059.34,4059.50,4059.42,16.0,4060.34,4060.52,4060.43,18.0,-101.0,-118.0,-2.4880,-2.9069,4080.99670017,4080.34909686,4078.99130015,4079.54874013
85,XAUUSD,PERIOD_H1,26090401,2025.11.20 10:00:00,2025.11.20 10:00:00,SELL,8,2025.11.20 18:00:00,2025.11.20 18:00:00,0,OK,4059.34,4059.50,4059.42,16.0,4070.32,4070.52,4070.42,20.0,-1100.0,-1118.0,-27.0975,-27.5414,4080.99670017,4080.34909686,4078.99130015,4079.54874013
85,XAUUSD,PERIOD_H1,26090401,2025.11.20 10:00:00,2025.11.20 10:00:00,SELL,12,2025.11.20 22:00:00,2025.11.20 22:00:00,0,OK,4059.34,4059.50,4059.42,16.0,4084.72,4084.88,4084.80,16.0,-2538.0,-2554.0,-62.5212,-62.9166,4080.99670017,4080.34909686,4078.99130015,4079.54874013
85,XAUUSD,PERIOD_H1,26090401,2025.11.20 10:00:00,2025.11.20 10:00:00,SELL,24,2025.11.21 10:00:00,2025.11.21 10:00:00,0,OK,4059.34,4059.50,4059.42,16.0,4030.96,4031.20,4031.08,24.0,2834.0,2814.0,69.8129,69.3216,4080.99670017,4080.34909686,4078.99130015,4079.54874013
86,XAUUSD,PERIOD_H1,26090401,2025.11.24 17:00:00,2025.11.24 17:00:00,BUY,1,2025.11.24 18:00:00,2025.11.24 18:00:00,0,OK,4081.26,4081.43,4081.35,17.0,4091.96,4092.12,4092.04,16.0,1069.5,1053.0,26.2046,25.7998,4065.19199149,4066.09067272,4066.71656373,4066.68319536
86,XAUUSD,PERIOD_H1,26090401,2025.11.24 17:00:00,2025.11.24 17:00:00,BUY,2,2025.11.24 19:00:00,2025.11.24 19:00:00,0,OK,4081.26,4081.43,4081.35,17.0,4097.55,4097.73,4097.64,18.0,1629.5,1612.0,39.9256,39.4960,4065.19199149,4066.09067272,4066.71656373,4066.68319536
86,XAUUSD,PERIOD_H1,26090401,2025.11.24 17:00:00,2025.11.24 17:00:00,BUY,4,2025.11.24 21:00:00,2025.11.24 21:00:00,0,OK,4081.26,4081.43,4081.35,17.0,4120.38,4120.55,4120.47,17.0,3912.0,3895.0,95.8508,95.4322,4065.19199149,4066.09067272,4066.71656373,4066.68319536
86,XAUUSD,PERIOD_H1,26090401,2025.11.24 17:00:00,2025.11.24 17:00:00,BUY,8,2025.11.25 01:00:00,2025.11.25 01:00:08,8,OK,4081.26,4081.43,4081.35,17.0,4135.30,4135.90,4135.60,60.0,5425.5,5387.0,132.9341,131.9881,4065.19199149,4066.09067272,4066.71656373,4066.68319536
86,XAUUSD,PERIOD_H1,26090401,2025.11.24 17:00:00,2025.11.24 17:00:00,BUY,12,2025.11.25 05:00:00,2025.11.25 05:00:00,0,OK,4081.26,4081.43,4081.35,17.0,4150.90,4151.19,4151.05,29.0,6970.0,6947.0,170.7770,170.2100,4065.19199149,4066.09067272,4066.71656373,4066.68319536
86,XAUUSD,PERIOD_H1,26090401,2025.11.24 17:00:00,2025.11.24 17:00:00,BUY,24,2025.11.25 17:00:00,2025.11.25 17:00:00,0,OK,4081.26,4081.43,4081.35,17.0,4125.13,4125.30,4125.22,17.0,4387.0,4370.0,107.4891,107.0703,4065.19199149,4066.09067272,4066.71656373,4066.68319536
87,XAUUSD,PERIOD_H1,26090401,2025.12.02 19:00:00,2025.12.02 19:00:00,SELL,1,2025.12.02 20:00:00,2025.12.02 20:00:00,0,OK,4184.64,4184.81,4184.73,17.0,4193.70,4193.87,4193.78,17.0,-906.0,-923.0,-21.6502,-22.0569,4211.16205016,4211.00739062,4208.64090253,4209.97533609
87,XAUUSD,PERIOD_H1,26090401,2025.12.02 19:00:00,2025.12.02 19:00:00,SELL,2,2025.12.02 21:00:00,2025.12.02 21:00:00,0,OK,4184.64,4184.81,4184.73,17.0,4191.16,4191.33,4191.24,17.0,-652.0,-669.0,-15.5805,-15.9870,4211.16205016,4211.00739062,4208.64090253,4209.97533609
87,XAUUSD,PERIOD_H1,26090401,2025.12.02 19:00:00,2025.12.02 19:00:00,SELL,4,2025.12.02 23:00:00,2025.12.02 23:00:00,0,OK,4184.64,4184.81,4184.73,17.0,4209.99,4210.17,4210.08,18.0,-2535.5,-2553.0,-60.5894,-61.0088,4211.16205016,4211.00739062,4208.64090253,4209.97533609
87,XAUUSD,PERIOD_H1,26090401,2025.12.02 19:00:00,2025.12.02 19:00:00,SELL,8,2025.12.03 03:00:00,2025.12.03 03:00:00,0,OK,4184.64,4184.81,4184.73,17.0,4212.71,4212.88,4212.80,17.0,-2807.0,-2824.0,-67.0773,-67.4849,4211.16205016,4211.00739062,4208.64090253,4209.97533609
88,XAUUSD,PERIOD_H1,26090401,2025.12.03 06:00:00,2025.12.03 06:00:00,BUY,1,2025.12.03 07:00:00,2025.12.03 07:00:00,0,OK,4221.20,4221.37,4221.28,17.0,4222.42,4222.59,4222.51,17.0,122.0,105.0,2.8901,2.4873,4209.16270756,4209.37219362,4210.30625922,4209.83485269
87,XAUUSD,PERIOD_H1,26090401,2025.12.02 19:00:00,2025.12.02 19:00:00,SELL,12,2025.12.03 07:00:00,2025.12.03 07:00:00,0,OK,4184.64,4184.81,4184.73,17.0,4222.42,4222.59,4222.51,17.0,-3778.0,-3795.0,-90.2807,-90.6888,4211.16205016,4211.00739062,4208.64090253,4209.97533609
88,XAUUSD,PERIOD_H1,26090401,2025.12.03 06:00:00,2025.12.03 06:00:00,BUY,2,2025.12.03 08:00:00,2025.12.03 08:00:00,0,OK,4221.20,4221.37,4221.28,17.0,4207.92,4208.09,4208.01,17.0,-1328.0,-1345.0,-31.4596,-31.8617,4209.16270756,4209.37219362,4210.30625922,4209.83485269
88,XAUUSD,PERIOD_H1,26090401,2025.12.03 06:00:00,2025.12.03 06:00:00,BUY,4,2025.12.03 10:00:00,2025.12.03 10:00:00,0,OK,4221.20,4221.37,4221.28,17.0,4206.80,4206.97,4206.89,17.0,-1440.0,-1457.0,-34.1128,-34.5149,4209.16270756,4209.37219362,4210.30625922,4209.83485269
89,XAUUSD,PERIOD_H1,26090401,2025.12.03 12:00:00,2025.12.03 12:00:00,SELL,1,2025.12.03 13:00:00,2025.12.03 13:00:01,1,OK,4202.03,4202.20,4202.11,17.0,4200.61,4200.78,4200.69,17.0,142.0,125.0,3.3793,2.9748,4210.01813662,4209.85484093,4209.26117123,4209.54955305
89,XAUUSD,PERIOD_H1,26090401,2025.12.03 12:00:00,2025.12.03 12:00:00,SELL,2,2025.12.03 14:00:00,2025.12.03 14:00:00,0,OK,4202.03,4202.20,4202.11,17.0,4208.41,4208.58,4208.49,17.0,-638.0,-655.0,-15.1828,-15.5877,4210.01813662,4209.85484093,4209.26117123,4209.54955305
88,XAUUSD,PERIOD_H1,26090401,2025.12.03 06:00:00,2025.12.03 06:00:00,BUY,8,2025.12.03 14:00:00,2025.12.03 14:00:00,0,OK,4221.20,4221.37,4221.28,17.0,4208.41,4208.58,4208.49,17.0,-1279.0,-1296.0,-30.2988,-30.7009,4209.16270756,4209.37219362,4210.30625922,4209.83485269
89,XAUUSD,PERIOD_H1,26090401,2025.12.03 12:00:00,2025.12.03 12:00:00,SELL,4,2025.12.03 16:00:00,2025.12.03 16:00:00,0,OK,4202.03,4202.20,4202.11,17.0,4237.05,4237.23,4237.14,18.0,-3502.5,-3520.0,-83.3509,-83.7690,4210.01813662,4209.85484093,4209.26117123,4209.54955305
90,XAUUSD,PERIOD_H1,26090401,2025.12.03 16:00:00,2025.12.03 16:00:00,BUY,1,2025.12.03 17:00:00,2025.12.03 17:00:00,0,OK,4237.05,4237.23,4237.14,18.0,4211.40,4211.97,4211.68,57.0,-2545.5,-2583.0,-60.0759,-60.9596,4208.92790989,4209.34253316,4211.58144228,4210.41890441
90,XAUUSD,PERIOD_H1,26090401,2025.12.03 16:00:00,2025.12.03 16:00:00,BUY,2,2025.12.03 18:00:00,2025.12.03 18:00:00,0,OK,4237.05,4237.23,4237.14,18.0,4216.29,4216.46,4216.38,17.0,-2076.5,-2094.0,-49.0071,-49.4191,4208.92790989,4209.34253316,4211.58144228,4210.41890441
88,XAUUSD,PERIOD_H1,26090401,2025.12.03 06:00:00,2025.12.03 06:00:00,BUY,12,2025.12.03 18:00:00,2025.12.03 18:00:00,0,OK,4221.20,4221.37,4221.28,17.0,4216.29,4216.46,4216.38,17.0,-491.0,-508.0,-11.6315,-12.0340,4209.16270756,4209.37219362,4210.30625922,4209.83485269
87,XAUUSD,PERIOD_H1,26090401,2025.12.02 19:00:00,2025.12.02 19:00:00,SELL,24,2025.12.03 19:00:00,2025.12.03 19:00:00,0,OK,4184.64,4184.81,4184.73,17.0,4200.76,4200.94,4200.85,18.0,-1612.5,-1630.0,-38.5330,-38.9520,4211.16205016,4211.00739062,4208.64090253,4209.97533609
90,XAUUSD,PERIOD_H1,26090401,2025.12.03 16:00:00,2025.12.03 16:00:00,BUY,4,2025.12.03 20:00:00,2025.12.03 20:00:00,0,OK,4237.05,4237.23,4237.14,18.0,4211.35,4211.52,4211.44,17.0,-2570.5,-2588.0,-60.6659,-61.0776,4208.92790989,4209.34253316,4211.58144228,4210.41890441
89,XAUUSD,PERIOD_H1,26090401,2025.12.03 12:00:00,2025.12.03 12:00:00,SELL,8,2025.12.03 20:00:00,2025.12.03 20:00:00,0,OK,4202.03,4202.20,4202.11,17.0,4211.35,4211.52,4211.44,17.0,-932.0,-949.0,-22.1793,-22.5843,4210.01813662,4209.85484093,4209.26117123,4209.54955305
91,XAUUSD,PERIOD_H1,26090401,2025.12.03 21:00:00,2025.12.03 21:00:00,SELL,1,2025.12.03 22:00:00,2025.12.03 22:00:00,0,OK,4197.02,4197.19,4197.10,17.0,4207.85,4208.02,4207.94,17.0,-1083.0,-1100.0,-25.8035,-26.2091,4211.02932420,4210.36295892,4209.68176951,4209.83421543
91,XAUUSD,PERIOD_H1,26090401,2025.12.03 21:00:00,2025.12.03 21:00:00,SELL,2,2025.12.03 23:00:00,2025.12.03 23:00:00,0,OK,4197.02,4197.19,4197.10,17.0,4206.15,4206.32,4206.23,17.0,-913.0,-930.0,-21.7531,-22.1586,4211.02932420,4210.36295892,4209.68176951,4209.83421543
90,XAUUSD,PERIOD_H1,26090401,2025.12.03 16:00:00,2025.12.03 16:00:00,BUY,8,2025.12.04 00:00:00,,,NO_TICK_NEAR_TARGET,4237.05,4237.23,4237.14,18.0,,,,,,,,,4208.92790989,4209.34253316,4211.58144228,4210.41890441
89,XAUUSD,PERIOD_H1,26090401,2025.12.03 12:00:00,2025.12.03 12:00:00,SELL,12,2025.12.04 00:00:00,,,NO_TICK_NEAR_TARGET,4202.03,4202.20,4202.11,17.0,,,,,,,,,4210.01813662,4209.85484093,4209.26117123,4209.54955305
91,XAUUSD,PERIOD_H1,26090401,2025.12.03 21:00:00,2025.12.03 21:00:00,SELL,4,2025.12.04 01:00:00,2025.12.04 01:00:16,16,OK,4197.02,4197.19,4197.10,17.0,4204.03,4204.63,4204.33,60.0,-722.5,-761.0,-17.2142,-18.1319,4211.02932420,4210.36295892,4209.68176951,4209.83421543
90,XAUUSD,PERIOD_H1,26090401,2025.12.03 16:00:00,2025.12.03 16:00:00,BUY,12,2025.12.04 04:00:00,2025.12.04 04:00:00,0,OK,4237.05,4237.23,4237.14,18.0,4209.08,4209.26,4209.17,18.0,-2797.0,-2815.0,-66.0115,-66.4349,4208.92790989,4209.34253316,4211.58144228,4210.41890441
91,XAUUSD,PERIOD_H1,26090401,2025.12.03 21:00:00,2025.12.03 21:00:00,SELL,8,2025.12.04 05:00:00,2025.12.04 05:00:00,0,OK,4197.02,4197.19,4197.10,17.0,4200.48,4200.65,4200.56,17.0,-346.0,-363.0,-8.2438,-8.6490,4211.02932420,4210.36295892,4209.68176951,4209.83421543
88,XAUUSD,PERIOD_H1,26090401,2025.12.03 06:00:00,2025.12.03 06:00:00,BUY,24,2025.12.04 06:00:00,2025.12.04 06:00:00,0,OK,4221.20,4221.37,4221.28,17.0,4195.68,4195.85,4195.77,17.0,-2552.0,-2569.0,-60.4555,-60.8570,4209.16270756,4209.37219362,4210.30625922,4209.83485269
91,XAUUSD,PERIOD_H1,26090401,2025.12.03 21:00:00,2025.12.03 21:00:00,SELL,12,2025.12.04 09:00:00,2025.12.04 09:00:00,0,OK,4197.02,4197.19,4197.10,17.0,4190.07,4190.24,4190.15,17.0,695.0,678.0,16.5590,16.1543,4211.02932420,4210.36295892,4209.68176951,4209.83421543
89,XAUUSD,PERIOD_H1,26090401,2025.12.03 12:00:00,2025.12.03 12:00:00,SELL,24,2025.12.04 12:00:00,2025.12.04 12:00:00,0,OK,4202.03,4202.20,4202.11,17.0,4200.02,4200.19,4200.10,17.0,201.0,184.0,4.7833,4.3788,4210.01813662,4209.85484093,4209.26117123,4209.54955305
90,XAUUSD,PERIOD_H1,26090401,2025.12.03 16:00:00,2025.12.03 16:00:00,BUY,24,2025.12.04 16:00:00,2025.12.04 16:00:00,0,OK,4237.05,4237.23,4237.14,18.0,4198.33,4198.50,4198.41,17.0,-3872.5,-3890.0,-91.3942,-91.8053,4208.92790989,4209.34253316,4211.58144228,4210.41890441
91,XAUUSD,PERIOD_H1,26090401,2025.12.03 21:00:00,2025.12.03 21:00:00,SELL,24,2025.12.04 21:00:00,2025.12.04 21:00:00,0,OK,4197.02,4197.19,4197.10,17.0,4207.99,4208.16,4208.07,17.0,-1097.0,-1114.0,-26.1371,-26.5426,4211.02932420,4210.36295892,4209.68176951,4209.83421543
92,XAUUSD,PERIOD_H1,26090401,2025.12.05 07:00:00,2025.12.05 07:00:00,BUY,1,2025.12.05 08:00:00,2025.12.05 08:00:00,0,OK,4216.84,4217.01,4216.93,17.0,4220.52,4220.69,4220.60,17.0,368.0,351.0,8.7267,8.3234,4205.16524824,4205.27106231,4206.27617698,4205.72435398
92,XAUUSD,PERIOD_H1,26090401,2025.12.05 07:00:00,2025.12.05 07:00:00,BUY,2,2025.12.05 09:00:00,2025.12.05 09:00:00,0,OK,4216.84,4217.01,4216.93,17.0,4224.67,4224.84,4224.76,17.0,783.0,766.0,18.5680,18.1645,4205.16524824,4205.27106231,4206.27617698,4205.72435398
92,XAUUSD,PERIOD_H1,26090401,2025.12.05 07:00:00,2025.12.05 07:00:00,BUY,4,2025.12.05 11:00:00,2025.12.05 11:00:00,0,OK,4216.84,4217.01,4216.93,17.0,4220.51,4220.69,4220.60,18.0,367.5,350.0,8.7149,8.2997,4205.16524824,4205.27106231,4206.27617698,4205.72435398
92,XAUUSD,PERIOD_H1,26090401,2025.12.05 07:00:00,2025.12.05 07:00:00,BUY,8,2025.12.05 15:00:00,2025.12.05 15:00:00,0,OK,4216.84,4217.01,4216.93,17.0,4228.84,4229.01,4228.93,17.0,1200.0,1183.0,28.4568,28.0531,4205.16524824,4205.27106231,4206.27617698,4205.72435398
92,XAUUSD,PERIOD_H1,26090401,2025.12.05 07:00:00,2025.12.05 07:00:00,BUY,12,2025.12.05 19:00:00,2025.12.05 19:00:00,0,OK,4216.84,4217.01,4216.93,17.0,4212.85,4213.02,4212.94,17.0,-399.0,-416.0,-9.4619,-9.8648,4205.16524824,4205.27106231,4206.27617698,4205.72435398
92,XAUUSD,PERIOD_H1,26090401,2025.12.05 07:00:00,2025.12.05 07:00:00,BUY,24,2025.12.06 07:00:00,,,NO_TICK_NEAR_TARGET,4216.84,4217.01,4216.93,17.0,,,,,,,,,4205.16524824,4205.27106231,4206.27617698,4205.72435398
93,XAUUSD,PERIOD_H1,26090401,2025.12.08 13:00:00,2025.12.08 13:00:00,SELL,1,2025.12.08 14:00:00,2025.12.08 14:00:00,0,OK,4203.35,4203.55,4203.45,20.0,4208.62,4208.80,4208.71,18.0,-526.0,-545.0,-12.5135,-12.9658,4211.52918928,4211.46505615,4210.76736173,4211.15387748
93,XAUUSD,PERIOD_H1,26090401,2025.12.08 13:00:00,2025.12.08 13:00:00,SELL,2,2025.12.08 15:00:00,2025.12.08 15:00:00,0,OK,4203.35,4203.55,4203.45,20.0,4213.92,4214.09,4214.01,17.0,-1055.5,-1074.0,-25.1103,-25.5510,4211.52918928,4211.46505615,4210.76736173,4211.15387748
93,XAUUSD,PERIOD_H1,26090401,2025.12.08 13:00:00,2025.12.08 13:00:00,SELL,4,2025.12.08 17:00:00,2025.12.08 17:00:00,0,OK,4203.35,4203.55,4203.45,20.0,4196.65,4196.82,4196.73,17.0,671.5,653.0,15.9750,15.5352,4211.52918928,4211.46505615,4210.76736173,4211.15387748
93,XAUUSD,PERIOD_H1,26090401,2025.12.08 13:00:00,2025.12.08 13:00:00,SELL,8,2025.12.08 21:00:00,2025.12.08 21:00:00,0,OK,4203.35,4203.55,4203.45,20.0,4187.16,4187.33,4187.24,17.0,1620.5,1602.0,38.5517,38.1125,4211.52918928,4211.46505615,4210.76736173,4211.15387748
93,XAUUSD,PERIOD_H1,26090401,2025.12.08 13:00:00,2025.12.08 13:00:00,SELL,12,2025.12.09 01:00:00,2025.12.09 01:00:08,8,OK,4203.35,4203.55,4203.45,20.0,4190.31,4190.52,4190.42,21.0,1303.5,1283.0,31.0102,30.5233,4211.52918928,4211.46505615,4210.76736173,4211.15387748
93,XAUUSD,PERIOD_H1,26090401,2025.12.08 13:00:00,2025.12.08 13:00:00,SELL,24,2025.12.09 13:00:00,2025.12.09 13:00:00,0,OK,4203.35,4203.55,4203.45,20.0,4204.13,4204.30,4204.22,17.0,-76.5,-95.0,-1.8199,-2.2601,4211.52918928,4211.46505615,4210.76736173,4211.15387748
94,XAUUSD,PERIOD_H1,26090401,2025.12.09 22:00:00,2025.12.09 22:00:00,BUY,1,2025.12.09 23:00:00,2025.12.09 23:00:00,0,OK,4212.24,4212.41,4212.32,17.0,4212.31,4212.48,4212.40,17.0,7.0,-10.0,0.1662,-0.2374,4201.06914716,4201.73456008,4202.16446648,4202.15947929
94,XAUUSD,PERIOD_H1,26090401,2025.12.09 22:00:00,2025.12.09 22:00:00,BUY,2,2025.12.10 00:00:00,,,NO_TICK_NEAR_TARGET,4212.24,4212.41,4212.32,17.0,,,,,,,,,4201.06914716,4201.73456008,4202.16446648,4202.15947929
94,XAUUSD,PERIOD_H1,26090401,2025.12.09 22:00:00,2025.12.09 22:00:00,BUY,4,2025.12.10 02:00:00,2025.12.10 02:00:00,0,OK,4212.24,4212.41,4212.32,17.0,4210.86,4211.03,4210.94,17.0,-138.0,-155.0,-3.2761,-3.6796,4201.06914716,4201.73456008,4202.16446648,4202.15947929
94,XAUUSD,PERIOD_H1,26090401,2025.12.09 22:00:00,2025.12.09 22:00:00,BUY,8,2025.12.10 06:00:00,2025.12.10 06:00:00,0,OK,4212.24,4212.41,4212.32,17.0,4206.35,4206.55,4206.45,20.0,-587.5,-606.0,-13.9472,-14.3861,4201.06914716,4201.73456008,4202.16446648,4202.15947929
94,XAUUSD,PERIOD_H1,26090401,2025.12.09 22:00:00,2025.12.09 22:00:00,BUY,12,2025.12.10 10:00:00,2025.12.10 10:00:00,0,OK,4212.24,4212.41,4212.32,17.0,4202.93,4203.11,4203.02,18.0,-930.5,-948.0,-22.0899,-22.5049,4201.06914716,4201.73456008,4202.16446648,4202.15947929
95,XAUUSD,PERIOD_H1,26090401,2025.12.10 14:00:00,2025.12.10 14:00:00,SELL,1,2025.12.10 15:00:00,2025.12.10 15:00:00,0,OK,4197.45,4197.45,4197.45,0.0,4196.50,4196.56,4196.53,6.0,92.0,89.0,2.1918,2.1203,4203.75208756,4203.66755694,4203.14046017,4203.41902530
95,XAUUSD,PERIOD_H1,26090401,2025.12.10 14:00:00,2025.12.10 14:00:00,SELL,2,2025.12.10 16:00:00,2025.12.10 16:00:00,0,OK,4197.45,4197.45,4197.45,0.0,4200.70,4200.77,4200.74,7.0,-328.5,-332.0,-7.8262,-7.9096,4203.75208756,4203.66755694,4203.14046017,4203.41902530
95,XAUUSD,PERIOD_H1,26090401,2025.12.10 14:00:00,2025.12.10 14:00:00,SELL,4,2025.12.10 18:00:00,2025.12.10 18:00:00,0,OK,4197.45,4197.45,4197.45,0.0,4193.67,4193.67,4193.67,0.0,378.0,378.0,9.0055,9.0055,4203.75208756,4203.66755694,4203.14046017,4203.41902530
95,XAUUSD,PERIOD_H1,26090401,2025.12.10 14:00:00,2025.12.10 14:00:00,SELL,8,2025.12.10 22:00:00,2025.12.10 22:00:00,0,OK,4197.45,4197.45,4197.45,0.0,4216.58,4216.58,4216.58,0.0,-1913.0,-1913.0,-45.5753,-45.5753,4203.75208756,4203.66755694,4203.14046017,4203.41902530
94,XAUUSD,PERIOD_H1,26090401,2025.12.09 22:00:00,2025.12.09 22:00:00,BUY,24,2025.12.10 22:00:00,2025.12.10 22:00:00,0,OK,4212.24,4212.41,4212.32,17.0,4216.58,4216.58,4216.58,0.0,425.5,417.0,10.1013,9.8993,4201.06914716,4201.73456008,4202.16446648,4202.15947929
96,XAUUSD,PERIOD_H1,26090401,2025.12.10 23:00:00,2025.12.10 23:00:00,BUY,1,2025.12.11 00:00:00,,,NO_TICK_NEAR_TARGET,4229.66,4229.76,4229.71,10.0,,,,,,,,,4201.87748244,4202.55369458,4204.53486507,4203.62139283
96,XAUUSD,PERIOD_H1,26090401,2025.12.10 23:00:00,2025.12.10 23:00:00,BUY,2,2025.12.11 01:00:00,2025.12.11 01:00:08,8,OK,4229.66,4229.76,4229.71,10.0,4227.08,4227.68,4227.38,60.0,-233.0,-268.0,-5.5087,-6.3361,4201.87748244,4202.55369458,4204.53486507,4203.62139283
95,XAUUSD,PERIOD_H1,26090401,2025.12.10 14:00:00,2025.12.10 14:00:00,SELL,12,2025.12.11 02:00:00,2025.12.11 02:00:00,0,OK,4197.45,4197.45,4197.45,0.0,4232.47,4232.64,4232.56,17.0,-3510.5,-3519.0,-83.6341,-83.8366,4203.75208756,4203.66755694,4203.14046017,4203.41902530
96,XAUUSD,PERIOD_H1,26090401,2025.12.10 23:00:00,2025.12.10 23:00:00,BUY,4,2025.12.11 03:00:00,2025.12.11 03:00:00,0,OK,4229.66,4229.76,4229.71,10.0,4237.18,4237.24,4237.21,6.0,750.0,742.0,17.7317,17.5424,4201.87748244,4202.55369458,4204.53486507,4203.62139283
96,XAUUSD,PERIOD_H1,26090401,2025.12.10 23:00:00,2025.12.10 23:00:00,BUY,8,2025.12.11 07:00:00,2025.12.11 07:00:00,0,OK,4229.66,4229.76,4229.71,10.0,4213.61,4213.71,4213.66,10.0,-1605.0,-1615.0,-37.9459,-38.1818,4201.87748244,4202.55369458,4204.53486507,4203.62139283
96,XAUUSD,PERIOD_H1,26090401,2025.12.10 23:00:00,2025.12.10 23:00:00,BUY,12,2025.12.11 11:00:00,2025.12.11 11:00:00,0,OK,4229.66,4229.76,4229.71,10.0,4216.64,4216.64,4216.64,0.0,-1307.0,-1312.0,-30.9005,-31.0183,4201.87748244,4202.55369458,4204.53486507,4203.62139283
95,XAUUSD,PERIOD_H1,26090401,2025.12.10 14:00:00,2025.12.10 14:00:00,SELL,24,2025.12.11 14:00:00,2025.12.11 14:00:00,0,OK,4197.45,4197.45,4197.45,0.0,4211.28,4211.32,4211.30,4.0,-1385.0,-1387.0,-32.9962,-33.0439,4203.75208756,4203.66755694,4203.14046017,4203.41902530
96,XAUUSD,PERIOD_H1,26090401,2025.12.10 23:00:00,2025.12.10 23:00:00,BUY,24,2025.12.11 23:00:00,2025.12.11 23:00:00,0,OK,4229.66,4229.76,4229.71,10.0,4276.26,4276.33,4276.30,7.0,4658.5,4650.0,110.1376,109.9353,4201.87748244,4202.55369458,4204.53486507,4203.62139283
97,XAUUSD,PERIOD_H1,26090401,2025.12.16 13:00:00,2025.12.16 13:00:00,SELL,1,2025.12.16 14:00:00,2025.12.16 14:00:00,0,OK,4277.21,4277.33,4277.27,12.0,4278.57,4278.63,4278.60,6.0,-133.0,-142.0,-3.1095,-3.3199,4299.22056272,4298.46925062,4297.12431865,4297.63555451
97,XAUUSD,PERIOD_H1,26090401,2025.12.16 13:00:00,2025.12.16 13:00:00,SELL,2,2025.12.16 15:00:00,2025.12.16 15:00:00,0,OK,4277.21,4277.33,4277.27,12.0,4294.49,4294.65,4294.57,16.0,-1730.0,-1744.0,-40.4464,-40.7742,4299.22056272,4298.46925062,4297.12431865,4297.63555451
97,XAUUSD,PERIOD_H1,26090401,2025.12.16 13:00:00,2025.12.16 13:00:00,SELL,4,2025.12.16 17:00:00,2025.12.16 17:00:00,0,OK,4277.21,4277.33,4277.27,12.0,4324.57,4324.61,4324.59,4.0,-4732.0,-4740.0,-110.6313,-110.8199,4299.22056272,4298.46925062,4297.12431865,4297.63555451
98,XAUUSD,PERIOD_H1,26090401,2025.12.16 17:00:00,2025.12.16 17:00:00,BUY,1,2025.12.16 18:00:00,2025.12.16 18:00:00,0,OK,4324.57,4324.61,4324.59,4.0,4319.77,4319.89,4319.83,12.0,-476.0,-484.0,-11.0068,-11.1918,4296.95577385,4297.42635542,4299.58570015,4298.49081207
98,XAUUSD,PERIOD_H1,26090401,2025.12.16 17:00:00,2025.12.16 17:00:00,BUY,2,2025.12.16 19:00:00,2025.12.16 19:00:00,0,OK,4324.57,4324.61,4324.59,4.0,4300.78,4300.94,4300.86,16.0,-2373.0,-2383.0,-54.8723,-55.1032,4296.95577385,4297.42635542,4299.58570015,4298.49081207
98,XAUUSD,PERIOD_H1,26090401,2025.12.16 17:00:00,2025.12.16 17:00:00,BUY,4,2025.12.16 21:00:00,2025.12.16 21:00:00,0,OK,4324.57,4324.61,4324.59,4.0,4311.29,4311.45,4311.37,16.0,-1322.0,-1332.0,-30.5694,-30.8005,4296.95577385,4297.42635542,4299.58570015,4298.49081207
97,XAUUSD,PERIOD_H1,26090401,2025.12.16 13:00:00,2025.12.16 13:00:00,SELL,8,2025.12.16 21:00:00,2025.12.16 21:00:00,0,OK,4277.21,4277.33,4277.27,12.0,4311.29,4311.45,4311.37,16.0,-3410.0,-3424.0,-79.7237,-80.0522,4299.22056272,4298.46925062,4297.12431865,4297.63555451
98,XAUUSD,PERIOD_H1,26090401,2025.12.16 17:00:00,2025.12.16 17:00:00,BUY,8,2025.12.17 01:00:00,2025.12.17 01:03:05,185,OK,4324.57,4324.61,4324.59,4.0,4304.02,4304.18,4304.10,16.0,-2049.0,-2059.0,-47.3802,-47.6112,4296.95577385,4297.42635542,4299.58570015,4298.49081207
97,XAUUSD,PERIOD_H1,26090401,2025.12.16 13:00:00,2025.12.16 13:00:00,SELL,12,2025.12.17 01:00:00,2025.12.17 01:03:05,185,OK,4277.21,4277.33,4277.27,12.0,4304.02,4304.18,4304.10,16.0,-2683.0,-2697.0,-62.7269,-63.0551,4299.22056272,4298.46925062,4297.12431865,4297.63555451
98,XAUUSD,PERIOD_H1,26090401,2025.12.16 17:00:00,2025.12.16 17:00:00,BUY,12,2025.12.17 05:00:00,2025.12.17 05:00:00,0,OK,4324.57,4324.61,4324.59,4.0,4314.31,4314.54,4314.43,23.0,-1016.5,-1030.0,-23.5051,-23.8172,4296.95577385,4297.42635542,4299.58570015,4298.49081207
97,XAUUSD,PERIOD_H1,26090401,2025.12.16 13:00:00,2025.12.16 13:00:00,SELL,24,2025.12.17 13:00:00,2025.12.17 13:00:00,0,OK,4277.21,4277.33,4277.27,12.0,4317.68,4317.85,4317.77,17.0,-4049.5,-4064.0,-94.6749,-95.0152,4299.22056272,4298.46925062,4297.12431865,4297.63555451
98,XAUUSD,PERIOD_H1,26090401,2025.12.16 17:00:00,2025.12.16 17:00:00,BUY,24,2025.12.17 17:00:00,2025.12.17 17:00:00,0,OK,4324.57,4324.61,4324.59,4.0,4338.27,4338.32,4338.30,5.0,1370.5,1366.0,31.6909,31.5867,4296.95577385,4297.42635542,4299.58570015,4298.49081207
99,XAUUSD,PERIOD_H1,26090401,2025.12.29 14:00:00,2025.12.29 14:00:00,SELL,1,2025.12.29 15:00:00,2025.12.29 15:00:00,0,OK,4446.87,4447.01,4446.94,14.0,4464.41,4464.53,4464.47,12.0,-1753.0,-1766.0,-39.4204,-39.7133,4496.48185535,4495.45824780,4491.75691675,4493.55282632
99,XAUUSD,PERIOD_H1,26090401,2025.12.29 14:00:00,2025.12.29 14:00:00,SELL,2,2025.12.29 16:00:00,2025.12.29 16:00:00,0,OK,4446.87,4447.01,4446.94,14.0,4421.49,4421.67,4421.58,18.0,2536.0,2520.0,57.0280,56.6691,4496.48185535,4495.45824780,4491.75691675,4493.55282632
99,XAUUSD,PERIOD_H1,26090401,2025.12.29 14:00:00,2025.12.29 14:00:00,SELL,4,2025.12.29 18:00:00,2025.12.29 18:00:00,0,OK,4446.87,4447.01,4446.94,14.0,4325.29,4325.48,4325.39,19.0,12155.5,12139.0,273.3453,272.9785,4496.48185535,4495.45824780,4491.75691675,4493.55282632
99,XAUUSD,PERIOD_H1,26090401,2025.12.29 14:00:00,2025.12.29 14:00:00,SELL,8,2025.12.29 22:00:00,2025.12.29 22:00:00,0,OK,4446.87,4447.01,4446.94,14.0,4336.88,4337.08,4336.98,20.0,10996.0,10979.0,247.2712,246.8928,4496.48185535,4495.45824780,4491.75691675,4493.55282632
99,XAUUSD,PERIOD_H1,26090401,2025.12.29 14:00:00,2025.12.29 14:00:00,SELL,12,2025.12.30 02:00:00,,,NO_TICK_NEAR_TARGET,4446.87,4447.01,4446.94,14.0,,,,,,,,,4496.48185535,4495.45824780,4491.75691675,4493.55282632
99,XAUUSD,PERIOD_H1,26090401,2025.12.29 14:00:00,2025.12.29 14:00:00,SELL,24,2025.12.30 14:00:00,2025.12.30 14:00:00,0,OK,4446.87,4447.01,4446.94,14.0,4384.30,4384.47,4384.39,17.0,6255.5,6240.0,140.6698,140.3234,4496.48185535,4495.45824780,4491.75691675,4493.55282632
