candidate_id,research_join_key,symbol,entry_timeframe,signal_time,signal_time_msc,signal_bar_time,side,horizon_minutes,status,stop_atr_multiplier,m5_atr,m5_atr_points,entry_bid,entry_ask,entry_mid,spread_points,policy_id,policy_type,policy_spec,activated,activation_time,activation_time_msc,time_to_activation_seconds,highest_stage,protection_updates,max_favorable_r,stop_distance,hard_stop_price,final_stop_price,final_locked_r,exit_mode,exit_time,exit_time_msc,exit_ask,holding_seconds,realized_r,realized_bps,ticks_scanned,target_time,target_time_msc,target_delay_milliseconds,target_ask
P2F4_CANDIDATE_S1,1767391200005_SELL,XAUUSD,PERIOD_M5,2026.01.02 22:00:00,1767391200005,2026.01.02 22:00:00,SELL,10,OK,1.250000,3.61,360.64,4318.18,4318.28,4318.23,10.0,CONTROL,CONTROL,NO_RETENTION,NO,,,,0,0,0.177461,4.51,4322.69,4322.69,-1.000000,TIME_EXIT,2026.01.02 22:10:00,1767391800110,4319.48,600.105,-0.288374,-3.0105,5679,2026.01.02 22:10:00,1767391800110,105,4319.48
P2F4_CANDIDATE_S1,1767391200005_SELL,XAUUSD,PERIOD_M5,2026.01.02 22:00:00,1767391200005,2026.01.02 22:00:00,SELL,10,OK,1.250000,3.61,360.64,4318.18,4318.28,4318.23,10.0,LEGACY_BE_050,BREAK_EVEN,0.50:0.00,NO,,,,0,0,0.177461,4.51,4322.69,4322.69,-1.000000,TIME_EXIT,2026.01.02 22:10:00,1767391800110,4319.48,600.105,-0.288374,-3.0105,5679,2026.01.02 22:10:00,1767391800110,105,4319.48
P2F4_CANDIDATE_S1,1767391200005_SELL,XAUUSD,PERIOD_M5,2026.01.02 22:00:00,1767391200005,2026.01.02 22:00:00,SELL,10,OK,1.250000,3.61,360.64,4318.18,4318.28,4318.23,10.0,STEPLOCK_V1,STEP_LOCK,0.50:-0.25|1.00:0.25|2.00:1.00,NO,,,,0,0,0.177461,4.51,4322.69,4322.69,-1.000000,TIME_EXIT,2026.01.02 22:10:00,1767391800110,4319.48,600.105,-0.288374,-3.0105,5679,2026.01.02 22:10:00,1767391800110,105,4319.48
P2F4_CANDIDATE_S1,1767391200005_SELL,XAUUSD,PERIOD_M5,2026.01.02 22:00:00,1767391200005,2026.01.02 22:00:00,SELL,10,OK,1.250000,3.61,360.64,4318.18,4318.28,4318.23,10.0,GIVEBACK_100_075,MFE_GIVEBACK,TRIGGER=1.00|GAP=0.75|FLOOR=0.00,NO,,,,0,0,0.177461,4.51,4322.69,4322.69,-1.000000,TIME_EXIT,2026.01.02 22:10:00,1767391800110,4319.48,600.105,-0.288374,-3.0105,5679,2026.01.02 22:10:00,1767391800110,105,4319.48
P2F4_CANDIDATE_S1,1767765900054_SELL,XAUUSD,PERIOD_M5,2026.01.07 06:05:00,1767765900054,2026.01.07 06:05:00,SELL,10,OK,1.250000,3.53,352.86,4473.10,4473.26,4473.18,16.0,CONTROL,CONTROL,NO_RETENTION,NO,,,,0,0,0.834332,4.41,4477.51,4477.51,-1.000000,TIME_EXIT,2026.01.07 06:15:00,1767766500136,4470.56,600.082,0.575870,5.6784,5895,2026.01.07 06:15:00,1767766500136,82,4470.56
P2F4_CANDIDATE_S1,1767765900054_SELL,XAUUSD,PERIOD_M5,2026.01.07 06:05:00,1767765900054,2026.01.07 06:05:00,SELL,10,OK,1.250000,3.53,352.86,4473.10,4473.26,4473.18,16.0,LEGACY_BE_050,BREAK_EVEN,0.50:0.00,YES,2026.01.07 06:06:28,1767765988413,88.359,1,1,0.834332,4.41,4477.51,4473.10,0.000000,TIME_EXIT,2026.01.07 06:15:00,1767766500136,4470.56,600.082,0.575870,5.6784,5895,2026.01.07 06:15:00,1767766500136,82,4470.56
P2F4_CANDIDATE_S1,1767765900054_SELL,XAUUSD,PERIOD_M5,2026.01.07 06:05:00,1767765900054,2026.01.07 06:05:00,SELL,10,OK,1.250000,3.53,352.86,4473.10,4473.26,4473.18,16.0,STEPLOCK_V1,STEP_LOCK,0.50:-0.25|1.00:0.25|2.00:1.00,YES,2026.01.07 06:06:28,1767765988413,88.359,1,1,0.834332,4.41,4477.51,4474.20,-0.250000,TIME_EXIT,2026.01.07 06:15:00,1767766500136,4470.56,600.082,0.575870,5.6784,5895,2026.01.07 06:15:00,1767766500136,82,4470.56
P2F4_CANDIDATE_S1,1767765900054_SELL,XAUUSD,PERIOD_M5,2026.01.07 06:05:00,1767765900054,2026.01.07 06:05:00,SELL,10,OK,1.250000,3.53,352.86,4473.10,4473.26,4473.18,16.0,GIVEBACK_100_075,MFE_GIVEBACK,TRIGGER=1.00|GAP=0.75|FLOOR=0.00,NO,,,,0,0,0.834332,4.41,4477.51,4477.51,-1.000000,TIME_EXIT,2026.01.07 06:15:00,1767766500136,4470.56,600.082,0.575870,5.6784,5895,2026.01.07 06:15:00,1767766500136,82,4470.56
P2F4_CANDIDATE_S1,1767789000507_SELL,XAUUSD,PERIOD_M5,2026.01.07 12:30:00,1767789000507,2026.01.07 12:30:00,SELL,10,OK,1.250000,3.22,322.36,4459.88,4460.05,4459.97,17.0,CONTROL,CONTROL,NO_RETENTION,NO,,,,0,0,0.191092,4.03,4463.91,4463.91,-1.000000,HARD_SL,2026.01.07 12:34:09,1767789249010,4464.05,248.503,-1.000000,-9.0349,797,2026.01.07 12:40:00,1767789600984,477,4464.96
P2F4_CANDIDATE_S1,1767789000507_SELL,XAUUSD,PERIOD_M5,2026.01.07 12:30:00,1767789000507,2026.01.07 12:30:00,SELL,10,OK,1.250000,3.22,322.36,4459.88,4460.05,4459.97,17.0,LEGACY_BE_050,BREAK_EVEN,0.50:0.00,NO,,,,0,0,0.191092,4.03,4463.91,4463.91,-1.000000,HARD_SL,2026.01.07 12:34:09,1767789249010,4464.05,248.503,-1.000000,-9.0349,797,2026.01.07 12:40:00,1767789600984,477,4464.96
P2F4_CANDIDATE_S1,1767789000507_SELL,XAUUSD,PERIOD_M5,2026.01.07 12:30:00,1767789000507,2026.01.07 12:30:00,SELL,10,OK,1.250000,3.22,322.36,4459.88,4460.05,4459.97,17.0,STEPLOCK_V1,STEP_LOCK,0.50:-0.25|1.00:0.25|2.00:1.00,NO,,,,0,0,0.191092,4.03,4463.91,4463.91,-1.000000,HARD_SL,2026.01.07 12:34:09,1767789249010,4464.05,248.503,-1.000000,-9.0349,797,2026.01.07 12:40:00,1767789600984,477,4464.96
P2F4_CANDIDATE_S1,1767789000507_SELL,XAUUSD,PERIOD_M5,2026.01.07 12:30:00,1767789000507,2026.01.07 12:30:00,SELL,10,OK,1.250000,3.22,322.36,4459.88,4460.05,4459.97,17.0,GIVEBACK_100_075,MFE_GIVEBACK,TRIGGER=1.00|GAP=0.75|FLOOR=0.00,NO,,,,0,0,0.191092,4.03,4463.91,4463.91,-1.000000,HARD_SL,2026.01.07 12:34:09,1767789249010,4464.05,248.503,-1.000000,-9.0349,797,2026.01.07 12:40:00,1767789600984,477,4464.96
P2F4_CANDIDATE_S1,1767791700254_SELL,XAUUSD,PERIOD_M5,2026.01.07 13:15:00,1767791700254,2026.01.07 13:15:00,SELL,10,OK,1.250000,2.84,284.07,4461.78,4461.95,4461.86,17.0,CONTROL,CONTROL,NO_RETENTION,NO,,,,0,0,0.574503,3.55,4465.33,4465.33,-1.000000,TIME_EXIT,2026.01.07 13:25:00,1767792300255,4459.76,600.001,0.568871,4.5273,698,2026.01.07 13:25:00,1767792300255,1,4459.76
P2F4_CANDIDATE_S1,1767791700254_SELL,XAUUSD,PERIOD_M5,2026.01.07 13:15:00,1767791700254,2026.01.07 13:15:00,SELL,10,OK,1.250000,2.84,284.07,4461.78,4461.95,4461.86,17.0,LEGACY_BE_050,BREAK_EVEN,0.50:0.00,YES,2026.01.07 13:24:46,1767792286744,586.490,1,1,0.574503,3.55,4465.33,4461.78,0.000000,TIME_EXIT,2026.01.07 13:25:00,1767792300255,4459.76,600.001,0.568871,4.5273,698,2026.01.07 13:25:00,1767792300255,1,4459.76
P2F4_CANDIDATE_S1,1767791700254_SELL,XAUUSD,PERIOD_M5,2026.01.07 13:15:00,1767791700254,2026.01.07 13:15:00,SELL,10,OK,1.250000,2.84,284.07,4461.78,4461.95,4461.86,17.0,STEPLOCK_V1,STEP_LOCK,0.50:-0.25|1.00:0.25|2.00:1.00,YES,2026.01.07 13:24:46,1767792286744,586.490,1,1,0.574503,3.55,4465.33,4462.67,-0.250000,TIME_EXIT,2026.01.07 13:25:00,1767792300255,4459.76,600.001,0.568871,4.5273,698,2026.01.07 13:25:00,1767792300255,1,4459.76
P2F4_CANDIDATE_S1,1767791700254_SELL,XAUUSD,PERIOD_M5,2026.01.07 13:15:00,1767791700254,2026.01.07 13:15:00,SELL,10,OK,1.250000,2.84,284.07,4461.78,4461.95,4461.86,17.0,GIVEBACK_100_075,MFE_GIVEBACK,TRIGGER=1.00|GAP=0.75|FLOOR=0.00,NO,,,,0,0,0.574503,3.55,4465.33,4465.33,-1.000000,TIME_EXIT,2026.01.07 13:25:00,1767792300255,4459.76,600.001,0.568871,4.5273,698,2026.01.07 13:25:00,1767792300255,1,4459.76
P2F4_CANDIDATE_S1,1767803400041_SELL,XAUUSD,PERIOD_M5,2026.01.07 16:30:00,1767803400041,2026.01.07 16:30:00,SELL,10,OK,1.250000,6.29,629.00,4444.65,4444.80,4444.73,15.0,CONTROL,CONTROL,NO_RETENTION,NO,,,,0,0,1.115421,7.86,4452.51,4452.51,-1.000000,TIME_EXIT,2026.01.07 16:40:00,1767804000066,4441.22,600.025,0.436248,7.7171,12205,2026.01.07 16:40:00,1767804000066,25,4441.22
P2F4_CANDIDATE_S1,1767803400041_SELL,XAUUSD,PERIOD_M5,2026.01.07 16:30:00,1767803400041,2026.01.07 16:30:00,SELL,10,OK,1.250000,6.29,629.00,4444.65,4444.80,4444.73,15.0,LEGACY_BE_050,BREAK_EVEN,0.50:0.00,YES,2026.01.07 16:37:06,1767803826304,426.263,1,1,1.115421,7.86,4452.51,4444.65,0.000000,TIME_EXIT,2026.01.07 16:40:00,1767804000066,4441.22,600.025,0.436248,7.7171,12205,2026.01.07 16:40:00,1767804000066,25,4441.22
P2F4_CANDIDATE_S1,1767803400041_SELL,XAUUSD,PERIOD_M5,2026.01.07 16:30:00,1767803400041,2026.01.07 16:30:00,SELL,10,OK,1.250000,6.29,629.00,4444.65,4444.80,4444.73,15.0,STEPLOCK_V1,STEP_LOCK,0.50:-0.25|1.00:0.25|2.00:1.00,YES,2026.01.07 16:37:06,1767803826304,426.263,2,2,1.115421,7.86,4452.51,4442.68,0.250000,RETENTION_STOP,2026.01.07 16:39:45,1767803985259,4442.70,585.218,0.250000,4.4225,12205,2026.01.07 16:40:00,1767804000066,25,4441.22
P2F4_CANDIDATE_S1,1767803400041_SELL,XAUUSD,PERIOD_M5,2026.01.07 16:30:00,1767803400041,2026.01.07 16:30:00,SELL,10,OK,1.250000,6.29,629.00,4444.65,4444.80,4444.73,15.0,GIVEBACK_100_075,MFE_GIVEBACK,TRIGGER=1.00|GAP=0.75|FLOOR=0.00,YES,2026.01.07 16:38:23,1767803903216,503.175,1,24,1.115421,7.86,4452.51,4441.78,0.365421,RETENTION_STOP,2026.01.07 16:39:34,1767803974838,4441.83,574.797,0.365421,6.4642,12205,2026.01.07 16:40:00,1767804000066,25,4441.22
P2F4_CANDIDATE_S1,1767804000018_SELL,XAUUSD,PERIOD_M5,2026.01.07 16:40:00,1767804000018,2026.01.07 16:40:00,SELL,10,OK,1.250000,6.92,691.64,4441.04,4441.22,4441.13,18.0,CONTROL,CONTROL,NO_RETENTION,NO,,,,0,0,0.139957,8.65,4449.69,4449.69,-1.000000,TIME_EXIT,2026.01.07 16:50:00,1767804600035,4442.95,600.017,-0.220923,-4.3008,11701,2026.01.07 16:50:00,1767804600035,17,4442.95
P2F4_CANDIDATE_S1,1767804000018_SELL,XAUUSD,PERIOD_M5,2026.01.07 16:40:00,1767804000018,2026.01.07 16:40:00,SELL,10,OK,1.250000,6.92,691.64,4441.04,4441.22,4441.13,18.0,LEGACY_BE_050,BREAK_EVEN,0.50:0.00,NO,,,,0,0,0.139957,8.65,4449.69,4449.69,-1.000000,TIME_EXIT,2026.01.07 16:50:00,1767804600035,4442.95,600.017,-0.220923,-4.3008,11701,2026.01.07 16:50:00,1767804600035,17,4442.95
P2F4_CANDIDATE_S1,1767804000018_SELL,XAUUSD,PERIOD_M5,2026.01.07 16:40:00,1767804000018,2026.01.07 16:40:00,SELL,10,OK,1.250000,6.92,691.64,4441.04,4441.22,4441.13,18.0,STEPLOCK_V1,STEP_LOCK,0.50:-0.25|1.00:0.25|2.00:1.00,NO,,,,0,0,0.139957,8.65,4449.69,4449.69,-1.000000,TIME_EXIT,2026.01.07 16:50:00,1767804600035,4442.95,600.017,-0.220923,-4.3008,11701,2026.01.07 16:50:00,1767804600035,17,4442.95
P2F4_CANDIDATE_S1,1767804000018_SELL,XAUUSD,PERIOD_M5,2026.01.07 16:40:00,1767804000018,2026.01.07 16:40:00,SELL,10,OK,1.250000,6.92,691.64,4441.04,4441.22,4441.13,18.0,GIVEBACK_100_075,MFE_GIVEBACK,TRIGGER=1.00|GAP=0.75|FLOOR=0.00,NO,,,,0,0,0.139957,8.65,4449.69,4449.69,-1.000000,TIME_EXIT,2026.01.07 16:50:00,1767804600035,4442.95,600.017,-0.220923,-4.3008,11701,2026.01.07 16:50:00,1767804600035,17,4442.95
P2F4_CANDIDATE_S1,1767816300014_SELL,XAUUSD,PERIOD_M5,2026.01.07 20:05:00,1767816300014,2026.01.07 20:05:00,SELL,10,OK,1.250000,3.89,388.71,4450.59,4450.74,4450.66,15.0,CONTROL,CONTROL,NO_RETENTION,NO,,,,0,0,0.504226,4.86,4455.45,4455.45,-1.000000,TIME_EXIT,2026.01.07 20:15:00,1767816900024,4450.06,600.010,0.109078,1.1909,7578,2026.01.07 20:15:00,1767816900024,10,4450.06
P2F4_CANDIDATE_S1,1767816300014_SELL,XAUUSD,PERIOD_M5,2026.01.07 20:05:00,1767816300014,2026.01.07 20:05:00,SELL,10,OK,1.250000,3.89,388.71,4450.59,4450.74,4450.66,15.0,LEGACY_BE_050,BREAK_EVEN,0.50:0.00,YES,2026.01.07 20:07:44,1767816464183,164.169,1,1,0.504226,4.86,4455.45,4450.59,0.000000,RETENTION_STOP,2026.01.07 20:07:46,1767816466828,4450.61,166.814,0.000000,0.0000,7578,2026.01.07 20:15:00,1767816900024,10,4450.06
P2F4_CANDIDATE_S1,1767816300014_SELL,XAUUSD,PERIOD_M5,2026.01.07 20:05:00,1767816300014,2026.01.07 20:05:00,SELL,10,OK,1.250000,3.89,388.71,4450.59,4450.74,4450.66,15.0,STEPLOCK_V1,STEP_LOCK,0.50:-0.25|1.00:0.25|2.00:1.00,YES,2026.01.07 20:07:44,1767816464183,164.169,1,1,0.504226,4.86,4455.45,4451.80,-0.250000,RETENTION_STOP,2026.01.07 20:07:47,1767816467115,4451.93,167.101,-0.250000,-2.7294,7578,2026.01.07 20:15:00,1767816900024,10,4450.06
P2F4_CANDIDATE_S1,1767816300014_SELL,XAUUSD,PERIOD_M5,2026.01.07 20:05:00,1767816300014,2026.01.07 20:05:00,SELL,10,OK,1.250000,3.89,388.71,4450.59,4450.74,4450.66,15.0,GIVEBACK_100_075,MFE_GIVEBACK,TRIGGER=1.00|GAP=0.75|FLOOR=0.00,NO,,,,0,0,0.504226,4.86,4455.45,4455.45,-1.000000,TIME_EXIT,2026.01.07 20:15:00,1767816900024,4450.06,600.010,0.109078,1.1909,7578,2026.01.07 20:15:00,1767816900024,10,4450.06
P2F4_CANDIDATE_S1,1767827400165_SELL,XAUUSD,PERIOD_M5,2026.01.07 23:10:00,1767827400165,2026.01.07 23:10:00,SELL,10,OK,1.250000,3.56,355.57,4452.91,4453.18,4453.05,27.0,CONTROL,CONTROL,NO_RETENTION,NO,,,,0,0,0.000000,4.44,4457.35,4457.35,-1.000000,TIME_EXIT,2026.01.07 23:20:01,1767828001934,4454.15,601.769,-0.278988,-2.7847,785,2026.01.07 23:20:01,1767828001934,1769,4454.15
P2F4_CANDIDATE_S1,1767827400165_SELL,XAUUSD,PERIOD_M5,2026.01.07 23:10:00,1767827400165,2026.01.07 23:10:00,SELL,10,OK,1.250000,3.56,355.57,4452.91,4453.18,4453.05,27.0,LEGACY_BE_050,BREAK_EVEN,0.50:0.00,NO,,,,0,0,0.000000,4.44,4457.35,4457.35,-1.000000,TIME_EXIT,2026.01.07 23:20:01,1767828001934,4454.15,601.769,-0.278988,-2.7847,785,2026.01.07 23:20:01,1767828001934,1769,4454.15
P2F4_CANDIDATE_S1,1767827400165_SELL,XAUUSD,PERIOD_M5,2026.01.07 23:10:00,1767827400165,2026.01.07 23:10:00,SELL,10,OK,1.250000,3.56,355.57,4452.91,4453.18,4453.05,27.0,STEPLOCK_V1,STEP_LOCK,0.50:-0.25|1.00:0.25|2.00:1.00,NO,,,,0,0,0.000000,4.44,4457.35,4457.35,-1.000000,TIME_EXIT,2026.01.07 23:20:01,1767828001934,4454.15,601.769,-0.278988,-2.7847,785,2026.01.07 23:20:01,1767828001934,1769,4454.15
P2F4_CANDIDATE_S1,1767827400165_SELL,XAUUSD,PERIOD_M5,2026.01.07 23:10:00,1767827400165,2026.01.07 23:10:00,SELL,10,OK,1.250000,3.56,355.57,4452.91,4453.18,4453.05,27.0,GIVEBACK_100_075,MFE_GIVEBACK,TRIGGER=1.00|GAP=0.75|FLOOR=0.00,NO,,,,0,0,0.000000,4.44,4457.35,4457.35,-1.000000,TIME_EXIT,2026.01.07 23:20:01,1767828001934,4454.15,601.769,-0.278988,-2.7847,785,2026.01.07 23:20:01,1767828001934,1769,4454.15
P2F4_CANDIDATE_S1,1767866700025_SELL,XAUUSD,PERIOD_M5,2026.01.08 10:05:00,1767866700025,2026.01.08 10:05:00,SELL,10,OK,1.250000,4.26,425.79,4425.75,4425.94,4425.84,19.0,CONTROL,CONTROL,NO_RETENTION,NO,,,,0,0,0.000000,5.32,4431.07,4431.07,-1.000000,HARD_SL,2026.01.08 10:09:23,1767866963280,4431.09,263.255,-1.000000,-12.0258,6510,2026.01.08 10:15:00,1767867300088,63,4425.97
P2F4_CANDIDATE_S1,1767866700025_SELL,XAUUSD,PERIOD_M5,2026.01.08 10:05:00,1767866700025,2026.01.08 10:05:00,SELL,10,OK,1.250000,4.26,425.79,4425.75,4425.94,4425.84,19.0,LEGACY_BE_050,BREAK_EVEN,0.50:0.00,NO,,,,0,0,0.000000,5.32,4431.07,4431.07,-1.000000,HARD_SL,2026.01.08 10:09:23,1767866963280,4431.09,263.255,-1.000000,-12.0258,6510,2026.01.08 10:15:00,1767867300088,63,4425.97
P2F4_CANDIDATE_S1,1767866700025_SELL,XAUUSD,PERIOD_M5,2026.01.08 10:05:00,1767866700025,2026.01.08 10:05:00,SELL,10,OK,1.250000,4.26,425.79,4425.75,4425.94,4425.84,19.0,STEPLOCK_V1,STEP_LOCK,0.50:-0.25|1.00:0.25|2.00:1.00,NO,,,,0,0,0.000000,5.32,4431.07,4431.07,-1.000000,HARD_SL,2026.01.08 10:09:23,1767866963280,4431.09,263.255,-1.000000,-12.0258,6510,2026.01.08 10:15:00,1767867300088,63,4425.97
P2F4_CANDIDATE_S1,1767866700025_SELL,XAUUSD,PERIOD_M5,2026.01.08 10:05:00,1767866700025,2026.01.08 10:05:00,SELL,10,OK,1.250000,4.26,425.79,4425.75,4425.94,4425.84,19.0,GIVEBACK_100_075,MFE_GIVEBACK,TRIGGER=1.00|GAP=0.75|FLOOR=0.00,NO,,,,0,0,0.000000,5.32,4431.07,4431.07,-1.000000,HARD_SL,2026.01.08 10:09:23,1767866963280,4431.09,263.255,-1.000000,-12.0258,6510,2026.01.08 10:15:00,1767867300088,63,4425.97
P2F4_CANDIDATE_S1,1767871200003_SELL,XAUUSD,PERIOD_M5,2026.01.08 11:20:00,1767871200003,2026.01.08 11:20:00,SELL,10,OK,1.250000,4.83,482.57,4426.51,4426.61,4426.56,10.0,CONTROL,CONTROL,NO_RETENTION,NO,,,,0,0,0.046418,6.03,4432.54,4432.54,-1.000000,TIME_EXIT,2026.01.08 11:30:00,1767871800018,4430.43,600.015,-0.649852,-8.8557,6046,2026.01.08 11:30:00,1767871800018,15,4430.43
P2F4_CANDIDATE_S1,1767871200003_SELL,XAUUSD,PERIOD_M5,2026.01.08 11:20:00,1767871200003,2026.01.08 11:20:00,SELL,10,OK,1.250000,4.83,482.57,4426.51,4426.61,4426.56,10.0,LEGACY_BE_050,BREAK_EVEN,0.50:0.00,NO,,,,0,0,0.046418,6.03,4432.54,4432.54,-1.000000,TIME_EXIT,2026.01.08 11:30:00,1767871800018,4430.43,600.015,-0.649852,-8.8557,6046,2026.01.08 11:30:00,1767871800018,15,4430.43
P2F4_CANDIDATE_S1,1767871200003_SELL,XAUUSD,PERIOD_M5,2026.01.08 11:20:00,1767871200003,2026.01.08 11:20:00,SELL,10,OK,1.250000,4.83,482.57,4426.51,4426.61,4426.56,10.0,STEPLOCK_V1,STEP_LOCK,0.50:-0.25|1.00:0.25|2.00:1.00,NO,,,,0,0,0.046418,6.03,4432.54,4432.54,-1.000000,TIME_EXIT,2026.01.08 11:30:00,1767871800018,4430.43,600.015,-0.649852,-8.8557,6046,2026.01.08 11:30:00,1767871800018,15,4430.43
P2F4_CANDIDATE_S1,1767871200003_SELL,XAUUSD,PERIOD_M5,2026.01.08 11:20:00,1767871200003,2026.01.08 11:20:00,SELL,10,OK,1.250000,4.83,482.57,4426.51,4426.61,4426.56,10.0,GIVEBACK_100_075,MFE_GIVEBACK,TRIGGER=1.00|GAP=0.75|FLOOR=0.00,NO,,,,0,0,0.046418,6.03,4432.54,4432.54,-1.000000,TIME_EXIT,2026.01.08 11:30:00,1767871800018,4430.43,600.015,-0.649852,-8.8557,6046,2026.01.08 11:30:00,1767871800018,15,4430.43
P2F4_CANDIDATE_S1,1767874800039_SELL,XAUUSD,PERIOD_M5,2026.01.08 12:20:00,1767874800039,2026.01.08 12:20:00,SELL,10,OK,1.250000,3.43,342.71,4424.39,4424.53,4424.46,14.0,CONTROL,CONTROL,NO_RETENTION,NO,,,,0,0,0.280117,4.28,4428.67,4428.67,-1.000000,TIME_EXIT,2026.01.08 12:30:00,1767875400067,4424.79,600.028,-0.093372,-0.9041,4931,2026.01.08 12:30:00,1767875400067,28,4424.79
P2F4_CANDIDATE_S1,1767874800039_SELL,XAUUSD,PERIOD_M5,2026.01.08 12:20:00,1767874800039,2026.01.08 12:20:00,SELL,10,OK,1.250000,3.43,342.71,4424.39,4424.53,4424.46,14.0,LEGACY_BE_050,BREAK_EVEN,0.50:0.00,NO,,,,0,0,0.280117,4.28,4428.67,4428.67,-1.000000,TIME_EXIT,2026.01.08 12:30:00,1767875400067,4424.79,600.028,-0.093372,-0.9041,4931,2026.01.08 12:30:00,1767875400067,28,4424.79
P2F4_CANDIDATE_S1,1767874800039_SELL,XAUUSD,PERIOD_M5,2026.01.08 12:20:00,1767874800039,2026.01.08 12:20:00,SELL,10,OK,1.250000,3.43,342.71,4424.39,4424.53,4424.46,14.0,STEPLOCK_V1,STEP_LOCK,0.50:-0.25|1.00:0.25|2.00:1.00,NO,,,,0,0,0.280117,4.28,4428.67,4428.67,-1.000000,TIME_EXIT,2026.01.08 12:30:00,1767875400067,4424.79,600.028,-0.093372,-0.9041,4931,2026.01.08 12:30:00,1767875400067,28,4424.79
P2F4_CANDIDATE_S1,1767874800039_SELL,XAUUSD,PERIOD_M5,2026.01.08 12:20:00,1767874800039,2026.01.08 12:20:00,SELL,10,OK,1.250000,3.43,342.71,4424.39,4424.53,4424.46,14.0,GIVEBACK_100_075,MFE_GIVEBACK,TRIGGER=1.00|GAP=0.75|FLOOR=0.00,NO,,,,0,0,0.280117,4.28,4428.67,4428.67,-1.000000,TIME_EXIT,2026.01.08 12:30:00,1767875400067,4424.79,600.028,-0.093372,-0.9041,4931,2026.01.08 12:30:00,1767875400067,28,4424.79
P2F4_CANDIDATE_S1,1767878400132_SELL,XAUUSD,PERIOD_M5,2026.01.08 13:20:00,1767878400132,2026.01.08 13:20:00,SELL,10,OK,1.250000,3.49,349.29,4428.81,4428.98,4428.90,17.0,CONTROL,CONTROL,NO_RETENTION,NO,,,,0,0,0.895542,4.37,4433.18,4433.18,-1.000000,TIME_EXIT,2026.01.08 13:30:00,1767879000205,4426.53,600.073,0.522209,5.1481,6552,2026.01.08 13:30:00,1767879000205,73,4426.53
P2F4_CANDIDATE_S1,1767878400132_SELL,XAUUSD,PERIOD_M5,2026.01.08 13:20:00,1767878400132,2026.01.08 13:20:00,SELL,10,OK,1.250000,3.49,349.29,4428.81,4428.98,4428.90,17.0,LEGACY_BE_050,BREAK_EVEN,0.50:0.00,YES,2026.01.08 13:23:25,1767878605710,205.578,1,1,0.895542,4.37,4433.18,4428.81,0.000000,TIME_EXIT,2026.01.08 13:30:00,1767879000205,4426.53,600.073,0.522209,5.1481,6552,2026.01.08 13:30:00,1767879000205,73,4426.53
P2F4_CANDIDATE_S1,1767878400132_SELL,XAUUSD,PERIOD_M5,2026.01.08 13:20:00,1767878400132,2026.01.08 13:20:00,SELL,10,OK,1.250000,3.49,349.29,4428.81,4428.98,4428.90,17.0,STEPLOCK_V1,STEP_LOCK,0.50:-0.25|1.00:0.25|2.00:1.00,YES,2026.01.08 13:23:25,1767878605710,205.578,1,1,0.895542,4.37,4433.18,4429.90,-0.250000,TIME_EXIT,2026.01.08 13:30:00,1767879000205,4426.53,600.073,0.522209,5.1481,6552,2026.01.08 13:30:00,1767879000205,73,4426.53
P2F4_CANDIDATE_S1,1767878400132_SELL,XAUUSD,PERIOD_M5,2026.01.08 13:20:00,1767878400132,2026.01.08 13:20:00,SELL,10,OK,1.250000,3.49,349.29,4428.81,4428.98,4428.90,17.0,GIVEBACK_100_075,MFE_GIVEBACK,TRIGGER=1.00|GAP=0.75|FLOOR=0.00,NO,,,,0,0,0.895542,4.37,4433.18,4433.18,-1.000000,TIME_EXIT,2026.01.08 13:30:00,1767879000205,4426.53,600.073,0.522209,5.1481,6552,2026.01.08 13:30:00,1767879000205,73,4426.53
P2F4_CANDIDATE_S1,1767885000010_SELL,XAUUSD,PERIOD_M5,2026.01.08 15:10:00,1767885000010,2026.01.08 15:10:00,SELL,10,OK,1.250000,5.71,570.93,4418.68,4418.82,4418.75,14.0,CONTROL,CONTROL,NO_RETENTION,NO,,,,0,0,0.168147,7.14,4425.82,4425.82,-1.000000,HARD_SL,2026.01.08 15:18:36,1767885516729,4425.84,516.719,-1.000000,-16.1510,9289,2026.01.08 15:20:00,1767885600054,44,4425.95
P2F4_CANDIDATE_S1,1767885000010_SELL,XAUUSD,PERIOD_M5,2026.01.08 15:10:00,1767885000010,2026.01.08 15:10:00,SELL,10,OK,1.250000,5.71,570.93,4418.68,4418.82,4418.75,14.0,LEGACY_BE_050,BREAK_EVEN,0.50:0.00,NO,,,,0,0,0.168147,7.14,4425.82,4425.82,-1.000000,HARD_SL,2026.01.08 15:18:36,1767885516729,4425.84,516.719,-1.000000,-16.1510,9289,2026.01.08 15:20:00,1767885600054,44,4425.95
P2F4_CANDIDATE_S1,1767885000010_SELL,XAUUSD,PERIOD_M5,2026.01.08 15:10:00,1767885000010,2026.01.08 15:10:00,SELL,10,OK,1.250000,5.71,570.93,4418.68,4418.82,4418.75,14.0,STEPLOCK_V1,STEP_LOCK,0.50:-0.25|1.00:0.25|2.00:1.00,NO,,,,0,0,0.168147,7.14,4425.82,4425.82,-1.000000,HARD_SL,2026.01.08 15:18:36,1767885516729,4425.84,516.719,-1.000000,-16.1510,9289,2026.01.08 15:20:00,1767885600054,44,4425.95
P2F4_CANDIDATE_S1,1767885000010_SELL,XAUUSD,PERIOD_M5,2026.01.08 15:10:00,1767885000010,2026.01.08 15:10:00,SELL,10,OK,1.250000,5.71,570.93,4418.68,4418.82,4418.75,14.0,GIVEBACK_100_075,MFE_GIVEBACK,TRIGGER=1.00|GAP=0.75|FLOOR=0.00,NO,,,,0,0,0.168147,7.14,4425.82,4425.82,-1.000000,HARD_SL,2026.01.08 15:18:36,1767885516729,4425.84,516.719,-1.000000,-16.1510,9289,2026.01.08 15:20:00,1767885600054,44,4425.95
P2F4_CANDIDATE_S1,1767888900003_SELL,XAUUSD,PERIOD_M5,2026.01.08 16:15:00,1767888900003,2026.01.08 16:15:00,SELL,10,OK,1.250000,6.29,628.79,4423.48,4423.58,4423.53,10.0,CONTROL,CONTROL,NO_RETENTION,NO,,,,0,0,0.496194,7.86,4431.34,4431.34,-1.000000,TIME_EXIT,2026.01.08 16:25:00,1767889500014,4429.10,600.011,-0.715029,-12.7049,8294,2026.01.08 16:25:00,1767889500014,11,4429.10
P2F4_CANDIDATE_S1,1767888900003_SELL,XAUUSD,PERIOD_M5,2026.01.08 16:15:00,1767888900003,2026.01.08 16:15:00,SELL,10,OK,1.250000,6.29,628.79,4423.48,4423.58,4423.53,10.0,LEGACY_BE_050,BREAK_EVEN,0.50:0.00,NO,,,,0,0,0.496194,7.86,4431.34,4431.34,-1.000000,TIME_EXIT,2026.01.08 16:25:00,1767889500014,4429.10,600.011,-0.715029,-12.7049,8294,2026.01.08 16:25:00,1767889500014,11,4429.10
P2F4_CANDIDATE_S1,1767888900003_SELL,XAUUSD,PERIOD_M5,2026.01.08 16:15:00,1767888900003,2026.01.08 16:15:00,SELL,10,OK,1.250000,6.29,628.79,4423.48,4423.58,4423.53,10.0,STEPLOCK_V1,STEP_LOCK,0.50:-0.25|1.00:0.25|2.00:1.00,NO,,,,0,0,0.496194,7.86,4431.34,4431.34,-1.000000,TIME_EXIT,2026.01.08 16:25:00,1767889500014,4429.10,600.011,-0.715029,-12.7049,8294,2026.01.08 16:25:00,1767889500014,11,4429.10
P2F4_CANDIDATE_S1,1767888900003_SELL,XAUUSD,PERIOD_M5,2026.01.08 16:15:00,1767888900003,2026.01.08 16:15:00,SELL,10,OK,1.250000,6.29,628.79,4423.48,4423.58,4423.53,10.0,GIVEBACK_100_075,MFE_GIVEBACK,TRIGGER=1.00|GAP=0.75|FLOOR=0.00,NO,,,,0,0,0.496194,7.86,4431.34,4431.34,-1.000000,TIME_EXIT,2026.01.08 16:25:00,1767889500014,4429.10,600.011,-0.715029,-12.7049,8294,2026.01.08 16:25:00,1767889500014,11,4429.10
P2F4_CANDIDATE_S1,1768271400116_SELL,XAUUSD,PERIOD_M5,2026.01.13 02:30:00,1768271400116,2026.01.13 02:30:00,SELL,10,OK,1.250000,4.88,487.86,4588.31,4588.53,4588.42,22.0,CONTROL,CONTROL,NO_RETENTION,NO,,,,0,0,0.595256,6.10,4594.41,4594.41,-1.000000,TIME_EXIT,2026.01.13 02:40:00,1768272000238,4585.48,600.122,0.464070,6.1678,4142,2026.01.13 02:40:00,1768272000238,122,4585.48
P2F4_CANDIDATE_S1,1768271400116_SELL,XAUUSD,PERIOD_M5,2026.01.13 02:30:00,1768271400116,2026.01.13 02:30:00,SELL,10,OK,1.250000,4.88,487.86,4588.31,4588.53,4588.42,22.0,LEGACY_BE_050,BREAK_EVEN,0.50:0.00,YES,2026.01.13 02:38:54,1768271934512,534.396,1,1,0.595256,6.10,4594.41,4588.31,0.000000,TIME_EXIT,2026.01.13 02:40:00,1768272000238,4585.48,600.122,0.464070,6.1678,4142,2026.01.13 02:40:00,1768272000238,122,4585.48
P2F4_CANDIDATE_S1,1768271400116_SELL,XAUUSD,PERIOD_M5,2026.01.13 02:30:00,1768271400116,2026.01.13 02:30:00,SELL,10,OK,1.250000,4.88,487.86,4588.31,4588.53,4588.42,22.0,STEPLOCK_V1,STEP_LOCK,0.50:-0.25|1.00:0.25|2.00:1.00,YES,2026.01.13 02:38:54,1768271934512,534.396,1,1,0.595256,6.10,4594.41,4589.83,-0.250000,TIME_EXIT,2026.01.13 02:40:00,1768272000238,4585.48,600.122,0.464070,6.1678,4142,2026.01.13 02:40:00,1768272000238,122,4585.48
P2F4_CANDIDATE_S1,1768271400116_SELL,XAUUSD,PERIOD_M5,2026.01.13 02:30:00,1768271400116,2026.01.13 02:30:00,SELL,10,OK,1.250000,4.88,487.86,4588.31,4588.53,4588.42,22.0,GIVEBACK_100_075,MFE_GIVEBACK,TRIGGER=1.00|GAP=0.75|FLOOR=0.00,NO,,,,0,0,0.595256,6.10,4594.41,4594.41,-1.000000,TIME_EXIT,2026.01.13 02:40:00,1768272000238,4585.48,600.122,0.464070,6.1678,4142,2026.01.13 02:40:00,1768272000238,122,4585.48
P2F4_CANDIDATE_S1,1768305300296_SELL,XAUUSD,PERIOD_M5,2026.01.13 11:55:00,1768305300296,2026.01.13 11:55:00,SELL,10,OK,1.250000,2.94,294.14,4585.97,4586.10,4586.03,13.0,CONTROL,CONTROL,NO_RETENTION,NO,,,,0,0,0.794172,3.68,4589.65,4589.65,-1.000000,TIME_EXIT,2026.01.13 12:05:00,1768305900381,4583.10,600.085,0.780573,6.2582,3364,2026.01.13 12:05:00,1768305900381,85,4583.10
P2F4_CANDIDATE_S1,1768305300296_SELL,XAUUSD,PERIOD_M5,2026.01.13 11:55:00,1768305300296,2026.01.13 11:55:00,SELL,10,OK,1.250000,2.94,294.14,4585.97,4586.10,4586.03,13.0,LEGACY_BE_050,BREAK_EVEN,0.50:0.00,YES,2026.01.13 12:03:45,1768305825843,525.547,1,1,0.794172,3.68,4589.65,4585.97,0.000000,TIME_EXIT,2026.01.13 12:05:00,1768305900381,4583.10,600.085,0.780573,6.2582,3364,2026.01.13 12:05:00,1768305900381,85,4583.10
P2F4_CANDIDATE_S1,1768305300296_SELL,XAUUSD,PERIOD_M5,2026.01.13 11:55:00,1768305300296,2026.01.13 11:55:00,SELL,10,OK,1.250000,2.94,294.14,4585.97,4586.10,4586.03,13.0,STEPLOCK_V1,STEP_LOCK,0.50:-0.25|1.00:0.25|2.00:1.00,YES,2026.01.13 12:03:45,1768305825843,525.547,1,1,0.794172,3.68,4589.65,4586.89,-0.250000,TIME_EXIT,2026.01.13 12:05:00,1768305900381,4583.10,600.085,0.780573,6.2582,3364,2026.01.13 12:05:00,1768305900381,85,4583.10
P2F4_CANDIDATE_S1,1768305300296_SELL,XAUUSD,PERIOD_M5,2026.01.13 11:55:00,1768305300296,2026.01.13 11:55:00,SELL,10,OK,1.250000,2.94,294.14,4585.97,4586.10,4586.03,13.0,GIVEBACK_100_075,MFE_GIVEBACK,TRIGGER=1.00|GAP=0.75|FLOOR=0.00,NO,,,,0,0,0.794172,3.68,4589.65,4589.65,-1.000000,TIME_EXIT,2026.01.13 12:05:00,1768305900381,4583.10,600.085,0.780573,6.2582,3364,2026.01.13 12:05:00,1768305900381,85,4583.10
P2F4_CANDIDATE_S1,1768313700469_SELL,XAUUSD,PERIOD_M5,2026.01.13 14:15:00,1768313700469,2026.01.13 14:15:00,SELL,10,OK,1.250000,2.97,297.14,4583.58,4583.72,4583.65,14.0,CONTROL,CONTROL,NO_RETENTION,NO,,,,0,0,1.090385,3.71,4587.29,4587.29,-1.000000,TIME_EXIT,2026.01.13 14:25:00,1768314300502,4579.86,600.033,1.001538,8.1159,3566,2026.01.13 14:25:00,1768314300502,33,4579.86
P2F4_CANDIDATE_S1,1768313700469_SELL,XAUUSD,PERIOD_M5,2026.01.13 14:15:00,1768313700469,2026.01.13 14:15:00,SELL,10,OK,1.250000,2.97,297.14,4583.58,4583.72,4583.65,14.0,LEGACY_BE_050,BREAK_EVEN,0.50:0.00,YES,2026.01.13 14:22:36,1768314156585,456.116,1,1,1.090385,3.71,4587.29,4583.58,0.000000,TIME_EXIT,2026.01.13 14:25:00,1768314300502,4579.86,600.033,1.001538,8.1159,3566,2026.01.13 14:25:00,1768314300502,33,4579.86
P2F4_CANDIDATE_S1,1768313700469_SELL,XAUUSD,PERIOD_M5,2026.01.13 14:15:00,1768313700469,2026.01.13 14:15:00,SELL,10,OK,1.250000,2.97,297.14,4583.58,4583.72,4583.65,14.0,STEPLOCK_V1,STEP_LOCK,0.50:-0.25|1.00:0.25|2.00:1.00,YES,2026.01.13 14:22:36,1768314156585,456.116,2,2,1.090385,3.71,4587.29,4582.65,0.250000,TIME_EXIT,2026.01.13 14:25:00,1768314300502,4579.86,600.033,1.001538,8.1159,3566,2026.01.13 14:25:00,1768314300502,33,4579.86
P2F4_CANDIDATE_S1,1768313700469_SELL,XAUUSD,PERIOD_M5,2026.01.13 14:15:00,1768313700469,2026.01.13 14:15:00,SELL,10,OK,1.250000,2.97,297.14,4583.58,4583.72,4583.65,14.0,GIVEBACK_100_075,MFE_GIVEBACK,TRIGGER=1.00|GAP=0.75|FLOOR=0.00,YES,2026.01.13 14:23:55,1768314235425,534.956,1,15,1.090385,3.71,4587.29,4582.32,0.340385,TIME_EXIT,2026.01.13 14:25:00,1768314300502,4579.86,600.033,1.001538,8.1159,3566,2026.01.13 14:25:00,1768314300502,33,4579.86
P2F4_CANDIDATE_S1,1768452600111_SELL,XAUUSD,PERIOD_M5,2026.01.15 04:50:00,1768452600111,2026.01.15 04:50:00,SELL,10,OK,1.250000,6.11,610.86,4604.10,4604.31,4604.20,21.0,CONTROL,CONTROL,NO_RETENTION,NO,,,,0,0,1.098784,7.64,4611.74,4611.74,-1.000000,TIME_EXIT,2026.01.15 05:00:00,1768453200125,4603.13,600.014,0.127035,2.1068,8916,2026.01.15 05:00:00,1768453200125,14,4603.13
P2F4_CANDIDATE_S1,1768452600111_SELL,XAUUSD,PERIOD_M5,2026.01.15 04:50:00,1768452600111,2026.01.15 04:50:00,SELL,10,OK,1.250000,6.11,610.86,4604.10,4604.31,4604.20,21.0,LEGACY_BE_050,BREAK_EVEN,0.50:0.00,YES,2026.01.15 04:51:14,1768452674544,74.433,1,1,1.098784,7.64,4611.74,4604.10,0.000000,RETENTION_STOP,2026.01.15 04:57:52,1768453072632,4604.14,472.521,0.000000,0.0000,8916,2026.01.15 05:00:00,1768453200125,14,4603.13
P2F4_CANDIDATE_S1,1768452600111_SELL,XAUUSD,PERIOD_M5,2026.01.15 04:50:00,1768452600111,2026.01.15 04:50:00,SELL,10,OK,1.250000,6.11,610.86,4604.10,4604.31,4604.20,21.0,STEPLOCK_V1,STEP_LOCK,0.50:-0.25|1.00:0.25|2.00:1.00,YES,2026.01.15 04:51:14,1768452674544,74.433,2,2,1.098784,7.64,4611.74,4602.19,0.250000,RETENTION_STOP,2026.01.15 04:57:22,1768453042407,4602.20,442.296,0.250000,4.1461,8916,2026.01.15 05:00:00,1768453200125,14,4603.13
P2F4_CANDIDATE_S1,1768452600111_SELL,XAUUSD,PERIOD_M5,2026.01.15 04:50:00,1768452600111,2026.01.15 04:50:00,SELL,10,OK,1.250000,6.11,610.86,4604.10,4604.31,4604.20,21.0,GIVEBACK_100_075,MFE_GIVEBACK,TRIGGER=1.00|GAP=0.75|FLOOR=0.00,YES,2026.01.15 04:52:33,1768452753340,153.229,1,13,1.098784,7.64,4611.74,4601.44,0.348784,RETENTION_STOP,2026.01.15 04:56:15,1768452975055,4601.45,374.944,0.348784,5.7844,8916,2026.01.15 05:00:00,1768453200125,14,4603.13
P2F4_CANDIDATE_S1,1768471500011_SELL,XAUUSD,PERIOD_M5,2026.01.15 10:05:00,1768471500011,2026.01.15 10:05:00,SELL,10,OK,1.250000,3.74,374.14,4599.87,4600.06,4599.97,19.0,CONTROL,CONTROL,NO_RETENTION,NO,,,,0,0,0.318595,4.68,4604.55,4604.55,-1.000000,HARD_SL,2026.01.15 10:14:33,1768472073599,4604.55,573.588,-1.000000,-10.1672,5686,2026.01.15 10:15:00,1768472100050,39,4603.96
P2F4_CANDIDATE_S1,1768471500011_SELL,XAUUSD,PERIOD_M5,2026.01.15 10:05:00,1768471500011,2026.01.15 10:05:00,SELL,10,OK,1.250000,3.74,374.14,4599.87,4600.06,4599.97,19.0,LEGACY_BE_050,BREAK_EVEN,0.50:0.00,NO,,,,0,0,0.318595,4.68,4604.55,4604.55,-1.000000,HARD_SL,2026.01.15 10:14:33,1768472073599,4604.55,573.588,-1.000000,-10.1672,5686,2026.01.15 10:15:00,1768472100050,39,4603.96
P2F4_CANDIDATE_S1,1768471500011_SELL,XAUUSD,PERIOD_M5,2026.01.15 10:05:00,1768471500011,2026.01.15 10:05:00,SELL,10,OK,1.250000,3.74,374.14,4599.87,4600.06,4599.97,19.0,STEPLOCK_V1,STEP_LOCK,0.50:-0.25|1.00:0.25|2.00:1.00,NO,,,,0,0,0.318595,4.68,4604.55,4604.55,-1.000000,HARD_SL,2026.01.15 10:14:33,1768472073599,4604.55,573.588,-1.000000,-10.1672,5686,2026.01.15 10:15:00,1768472100050,39,4603.96
P2F4_CANDIDATE_S1,1768471500011_SELL,XAUUSD,PERIOD_M5,2026.01.15 10:05:00,1768471500011,2026.01.15 10:05:00,SELL,10,OK,1.250000,3.74,374.14,4599.87,4600.06,4599.97,19.0,GIVEBACK_100_075,MFE_GIVEBACK,TRIGGER=1.00|GAP=0.75|FLOOR=0.00,NO,,,,0,0,0.318595,4.68,4604.55,4604.55,-1.000000,HARD_SL,2026.01.15 10:14:33,1768472073599,4604.55,573.588,-1.000000,-10.1672,5686,2026.01.15 10:15:00,1768472100050,39,4603.96
P2F4_CANDIDATE_S1,1768474200011_SELL,XAUUSD,PERIOD_M5,2026.01.15 10:50:00,1768474200011,2026.01.15 10:50:00,SELL,10,OK,1.250000,3.96,396.36,4603.24,4603.35,4603.30,11.0,CONTROL,CONTROL,NO_RETENTION,NO,,,,0,0,0.401658,4.95,4608.19,4608.19,-1.000000,TIME_EXIT,2026.01.15 11:00:00,1768474800057,4604.38,600.046,-0.230096,-2.4765,3536,2026.01.15 11:00:00,1768474800057,46,4604.38
P2F4_CANDIDATE_S1,1768474200011_SELL,XAUUSD,PERIOD_M5,2026.01.15 10:50:00,1768474200011,2026.01.15 10:50:00,SELL,10,OK,1.250000,3.96,396.36,4603.24,4603.35,4603.30,11.0,LEGACY_BE_050,BREAK_EVEN,0.50:0.00,NO,,,,0,0,0.401658,4.95,4608.19,4608.19,-1.000000,TIME_EXIT,2026.01.15 11:00:00,1768474800057,4604.38,600.046,-0.230096,-2.4765,3536,2026.01.15 11:00:00,1768474800057,46,4604.38
P2F4_CANDIDATE_S1,1768474200011_SELL,XAUUSD,PERIOD_M5,2026.01.15 10:50:00,1768474200011,2026.01.15 10:50:00,SELL,10,OK,1.250000,3.96,396.36,4603.24,4603.35,4603.30,11.0,STEPLOCK_V1,STEP_LOCK,0.50:-0.25|1.00:0.25|2.00:1.00,NO,,,,0,0,0.401658,4.95,4608.19,4608.19,-1.000000,TIME_EXIT,2026.01.15 11:00:00,1768474800057,4604.38,600.046,-0.230096,-2.4765,3536,2026.01.15 11:00:00,1768474800057,46,4604.38
P2F4_CANDIDATE_S1,1768474200011_SELL,XAUUSD,PERIOD_M5,2026.01.15 10:50:00,1768474200011,2026.01.15 10:50:00,SELL,10,OK,1.250000,3.96,396.36,4603.24,4603.35,4603.30,11.0,GIVEBACK_100_075,MFE_GIVEBACK,TRIGGER=1.00|GAP=0.75|FLOOR=0.00,NO,,,,0,0,0.401658,4.95,4608.19,4608.19,-1.000000,TIME_EXIT,2026.01.15 11:00:00,1768474800057,4604.38,600.046,-0.230096,-2.4765,3536,2026.01.15 11:00:00,1768474800057,46,4604.38
P2F4_CANDIDATE_S1,1768553400028_SELL,XAUUSD,PERIOD_M5,2026.01.16 08:50:00,1768553400028,2026.01.16 08:50:00,SELL,10,OK,1.250000,4.55,454.86,4596.80,4597.00,4596.90,20.0,CONTROL,CONTROL,NO_RETENTION,NO,,,,0,0,0.300754,5.69,4602.49,4602.49,-1.000000,TIME_EXIT,2026.01.16 09:00:00,1768554000044,4598.21,600.016,-0.247990,-3.0674,6340,2026.01.16 09:00:00,1768554000044,16,4598.21
P2F4_CANDIDATE_S1,1768553400028_SELL,XAUUSD,PERIOD_M5,2026.01.16 08:50:00,1768553400028,2026.01.16 08:50:00,SELL,10,OK,1.250000,4.55,454.86,4596.80,4597.00,4596.90,20.0,LEGACY_BE_050,BREAK_EVEN,0.50:0.00,NO,,,,0,0,0.300754,5.69,4602.49,4602.49,-1.000000,TIME_EXIT,2026.01.16 09:00:00,1768554000044,4598.21,600.016,-0.247990,-3.0674,6340,2026.01.16 09:00:00,1768554000044,16,4598.21
P2F4_CANDIDATE_S1,1768553400028_SELL,XAUUSD,PERIOD_M5,2026.01.16 08:50:00,1768553400028,2026.01.16 08:50:00,SELL,10,OK,1.250000,4.55,454.86,4596.80,4597.00,4596.90,20.0,STEPLOCK_V1,STEP_LOCK,0.50:-0.25|1.00:0.25|2.00:1.00,NO,,,,0,0,0.300754,5.69,4602.49,4602.49,-1.000000,TIME_EXIT,2026.01.16 09:00:00,1768554000044,4598.21,600.016,-0.247990,-3.0674,6340,2026.01.16 09:00:00,1768554000044,16,4598.21
P2F4_CANDIDATE_S1,1768553400028_SELL,XAUUSD,PERIOD_M5,2026.01.16 08:50:00,1768553400028,2026.01.16 08:50:00,SELL,10,OK,1.250000,4.55,454.86,4596.80,4597.00,4596.90,20.0,GIVEBACK_100_075,MFE_GIVEBACK,TRIGGER=1.00|GAP=0.75|FLOOR=0.00,NO,,,,0,0,0.300754,5.69,4602.49,4602.49,-1.000000,TIME_EXIT,2026.01.16 09:00:00,1768554000044,4598.21,600.016,-0.247990,-3.0674,6340,2026.01.16 09:00:00,1768554000044,16,4598.21
P2F4_CANDIDATE_S1,1768560600013_SELL,XAUUSD,PERIOD_M5,2026.01.16 10:50:00,1768560600013,2026.01.16 10:50:00,SELL,10,OK,1.250000,3.82,381.71,4602.94,4603.09,4603.01,15.0,CONTROL,CONTROL,NO_RETENTION,NO,,,,0,0,0.077545,4.77,4607.71,4607.71,-1.000000,TIME_EXIT,2026.01.16 11:00:00,1768561200139,4603.08,600.126,-0.029341,-0.3042,2864,2026.01.16 11:00:00,1768561200139,126,4603.08
P2F4_CANDIDATE_S1,1768560600013_SELL,XAUUSD,PERIOD_M5,2026.01.16 10:50:00,1768560600013,2026.01.16 10:50:00,SELL,10,OK,1.250000,3.82,381.71,4602.94,4603.09,4603.01,15.0,LEGACY_BE_050,BREAK_EVEN,0.50:0.00,NO,,,,0,0,0.077545,4.77,4607.71,4607.71,-1.000000,TIME_EXIT,2026.01.16 11:00:00,1768561200139,4603.08,600.126,-0.029341,-0.3042,2864,2026.01.16 11:00:00,1768561200139,126,4603.08
P2F4_CANDIDATE_S1,1768560600013_SELL,XAUUSD,PERIOD_M5,2026.01.16 10:50:00,1768560600013,2026.01.16 10:50:00,SELL,10,OK,1.250000,3.82,381.71,4602.94,4603.09,4603.01,15.0,STEPLOCK_V1,STEP_LOCK,0.50:-0.25|1.00:0.25|2.00:1.00,NO,,,,0,0,0.077545,4.77,4607.71,4607.71,-1.000000,TIME_EXIT,2026.01.16 11:00:00,1768561200139,4603.08,600.126,-0.029341,-0.3042,2864,2026.01.16 11:00:00,1768561200139,126,4603.08
P2F4_CANDIDATE_S1,1768560600013_SELL,XAUUSD,PERIOD_M5,2026.01.16 10:50:00,1768560600013,2026.01.16 10:50:00,SELL,10,OK,1.250000,3.82,381.71,4602.94,4603.09,4603.01,15.0,GIVEBACK_100_075,MFE_GIVEBACK,TRIGGER=1.00|GAP=0.75|FLOOR=0.00,NO,,,,0,0,0.077545,4.77,4607.71,4607.71,-1.000000,TIME_EXIT,2026.01.16 11:00:00,1768561200139,4603.08,600.126,-0.029341,-0.3042,2864,2026.01.16 11:00:00,1768561200139,126,4603.08
P2F4_CANDIDATE_S1,1768568700253_SELL,XAUUSD,PERIOD_M5,2026.01.16 13:05:00,1768568700253,2026.01.16 13:05:00,SELL,10,OK,1.250000,3.16,316.14,4601.36,4601.52,4601.44,16.0,CONTROL,CONTROL,NO_RETENTION,NO,,,,0,0,0.574424,3.95,4605.31,4605.31,-1.000000,HARD_SL,2026.01.16 13:13:49,1768569229361,4605.52,529.108,-1.000000,-8.5883,4151,2026.01.16 13:15:00,1768569300778,525,4606.60
P2F4_CANDIDATE_S1,1768568700253_SELL,XAUUSD,PERIOD_M5,2026.01.16 13:05:00,1768568700253,2026.01.16 13:05:00,SELL,10,OK,1.250000,3.16,316.14,4601.36,4601.52,4601.44,16.0,LEGACY_BE_050,BREAK_EVEN,0.50:0.00,YES,2026.01.16 13:08:26,1768568906501,206.248,1,1,0.574424,3.95,4605.31,4601.36,0.000000,RETENTION_STOP,2026.01.16 13:09:51,1768568991307,4601.37,291.054,0.000000,0.0000,4151,2026.01.16 13:15:00,1768569300778,525,4606.60
P2F4_CANDIDATE_S1,1768568700253_SELL,XAUUSD,PERIOD_M5,2026.01.16 13:05:00,1768568700253,2026.01.16 13:05:00,SELL,10,OK,1.250000,3.16,316.14,4601.36,4601.52,4601.44,16.0,STEPLOCK_V1,STEP_LOCK,0.50:-0.25|1.00:0.25|2.00:1.00,YES,2026.01.16 13:08:26,1768568906501,206.248,1,1,0.574424,3.95,4605.31,4602.35,-0.250000,RETENTION_STOP,2026.01.16 13:10:37,1768569037387,4602.38,337.134,-0.250000,-2.1471,4151,2026.01.16 13:15:00,1768569300778,525,4606.60
P2F4_CANDIDATE_S1,1768568700253_SELL,XAUUSD,PERIOD_M5,2026.01.16 13:05:00,1768568700253,2026.01.16 13:05:00,SELL,10,OK,1.250000,3.16,316.14,4601.36,4601.52,4601.44,16.0,GIVEBACK_100_075,MFE_GIVEBACK,TRIGGER=1.00|GAP=0.75|FLOOR=0.00,NO,,,,0,0,0.574424,3.95,4605.31,4605.31,-1.000000,HARD_SL,2026.01.16 13:13:49,1768569229361,4605.52,529.108,-1.000000,-8.5883,4151,2026.01.16 13:15:00,1768569300778,525,4606.60
P2F4_CANDIDATE_S1,1768584600017_SELL,XAUUSD,PERIOD_M5,2026.01.16 17:30:00,1768584600017,2026.01.16 17:30:00,SELL,10,OK,1.250000,9.83,982.71,4565.12,4565.25,4565.18,13.0,CONTROL,CONTROL,NO_RETENTION,NO,,,,0,0,2.292426,12.28,4577.40,4577.40,-1.000000,TIME_EXIT,2026.01.16 17:40:00,1768585200032,4548.37,600.015,1.363570,36.6913,15313,2026.01.16 17:40:00,1768585200032,15,4548.37
P2F4_CANDIDATE_S1,1768584600017_SELL,XAUUSD,PERIOD_M5,2026.01.16 17:30:00,1768584600017,2026.01.16 17:30:00,SELL,10,OK,1.250000,9.83,982.71,4565.12,4565.25,4565.18,13.0,LEGACY_BE_050,BREAK_EVEN,0.50:0.00,YES,2026.01.16 17:31:45,1768584705814,105.797,1,1,2.292426,12.28,4577.40,4565.12,0.000000,TIME_EXIT,2026.01.16 17:40:00,1768585200032,4548.37,600.015,1.363570,36.6913,15313,2026.01.16 17:40:00,1768585200032,15,4548.37
P2F4_CANDIDATE_S1,1768584600017_SELL,XAUUSD,PERIOD_M5,2026.01.16 17:30:00,1768584600017,2026.01.16 17:30:00,SELL,10,OK,1.250000,9.83,982.71,4565.12,4565.25,4565.18,13.0,STEPLOCK_V1,STEP_LOCK,0.50:-0.25|1.00:0.25|2.00:1.00,YES,2026.01.16 17:31:45,1768584705814,105.797,3,3,2.292426,12.28,4577.40,4552.84,1.000000,RETENTION_STOP,2026.01.16 17:36:51,1768585011813,4552.88,411.796,1.000000,26.9082,15313,2026.01.16 17:40:00,1768585200032,15,4548.37
P2F4_CANDIDATE_S1,1768584600017_SELL,XAUUSD,PERIOD_M5,2026.01.16 17:30:00,1768584600017,2026.01.16 17:30:00,SELL,10,OK,1.250000,9.83,982.71,4565.12,4565.25,4565.18,13.0,GIVEBACK_100_075,MFE_GIVEBACK,TRIGGER=1.00|GAP=0.75|FLOOR=0.00,YES,2026.01.16 17:32:45,1768584765620,165.603,1,157,2.292426,12.28,4577.40,4546.17,1.542426,RETENTION_STOP,2026.01.16 17:34:39,1768584879636,4546.24,279.619,1.542426,41.5040,15313,2026.01.16 17:40:00,1768585200032,15,4548.37
P2F4_CANDIDATE_S1,1768591500037_SELL,XAUUSD,PERIOD_M5,2026.01.16 19:25:00,1768591500037,2026.01.16 19:25:00,SELL,10,OK,1.250000,7.64,763.93,4584.53,4584.72,4584.63,19.0,CONTROL,CONTROL,NO_RETENTION,NO,,,,0,0,0.787508,9.55,4594.08,4594.08,-1.000000,TIME_EXIT,2026.01.16 19:35:00,1768592100054,4583.63,600.017,0.094250,1.9631,8684,2026.01.16 19:35:00,1768592100054,17,4583.63
P2F4_CANDIDATE_S1,1768591500037_SELL,XAUUSD,PERIOD_M5,2026.01.16 19:25:00,1768591500037,2026.01.16 19:25:00,SELL,10,OK,1.250000,7.64,763.93,4584.53,4584.72,4584.63,19.0,LEGACY_BE_050,BREAK_EVEN,0.50:0.00,YES,2026.01.16 19:26:06,1768591566732,66.695,1,1,0.787508,9.55,4594.08,4584.53,0.000000,RETENTION_STOP,2026.01.16 19:32:25,1768591945843,4584.53,445.806,0.000000,0.0000,8684,2026.01.16 19:35:00,1768592100054,17,4583.63
P2F4_CANDIDATE_S1,1768591500037_SELL,XAUUSD,PERIOD_M5,2026.01.16 19:25:00,1768591500037,2026.01.16 19:25:00,SELL,10,OK,1.250000,7.64,763.93,4584.53,4584.72,4584.63,19.0,STEPLOCK_V1,STEP_LOCK,0.50:-0.25|1.00:0.25|2.00:1.00,YES,2026.01.16 19:26:06,1768591566732,66.695,1,1,0.787508,9.55,4594.08,4586.92,-0.250000,TIME_EXIT,2026.01.16 19:35:00,1768592100054,4583.63,600.017,0.094250,1.9631,8684,2026.01.16 19:35:00,1768592100054,17,4583.63
P2F4_CANDIDATE_S1,1768591500037_SELL,XAUUSD,PERIOD_M5,2026.01.16 19:25:00,1768591500037,2026.01.16 19:25:00,SELL,10,OK,1.250000,7.64,763.93,4584.53,4584.72,4584.63,19.0,GIVEBACK_100_075,MFE_GIVEBACK,TRIGGER=1.00|GAP=0.75|FLOOR=0.00,NO,,,,0,0,0.787508,9.55,4594.08,4594.08,-1.000000,TIME_EXIT,2026.01.16 19:35:00,1768592100054,4583.63,600.017,0.094250,1.9631,8684,2026.01.16 19:35:00,1768592100054,17,4583.63
P2F4_CANDIDATE_S1,1768597800003_SELL,XAUUSD,PERIOD_M5,2026.01.16 21:10:00,1768597800003,2026.01.16 21:10:00,SELL,10,OK,1.250000,5.32,532.14,4584.50,4584.66,4584.58,16.0,CONTROL,CONTROL,NO_RETENTION,NO,,,,0,0,0.506631,6.65,4591.15,4591.15,-1.000000,TIME_EXIT,2026.01.16 21:20:00,1768598400183,4583.75,600.180,0.112752,1.6359,5989,2026.01.16 21:20:00,1768598400183,180,4583.75
P2F4_CANDIDATE_S1,1768597800003_SELL,XAUUSD,PERIOD_M5,2026.01.16 21:10:00,1768597800003,2026.01.16 21:10:00,SELL,10,OK,1.250000,5.32,532.14,4584.50,4584.66,4584.58,16.0,LEGACY_BE_050,BREAK_EVEN,0.50:0.00,YES,2026.01.16 21:18:30,1768598310715,510.712,1,1,0.506631,6.65,4591.15,4584.50,0.000000,TIME_EXIT,2026.01.16 21:20:00,1768598400183,4583.75,600.180,0.112752,1.6359,5989,2026.01.16 21:20:00,1768598400183,180,4583.75
P2F4_CANDIDATE_S1,1768597800003_SELL,XAUUSD,PERIOD_M5,2026.01.16 21:10:00,1768597800003,2026.01.16 21:10:00,SELL,10,OK,1.250000,5.32,532.14,4584.50,4584.66,4584.58,16.0,STEPLOCK_V1,STEP_LOCK,0.50:-0.25|1.00:0.25|2.00:1.00,YES,2026.01.16 21:18:30,1768598310715,510.712,1,1,0.506631,6.65,4591.15,4586.16,-0.250000,TIME_EXIT,2026.01.16 21:20:00,1768598400183,4583.75,600.180,0.112752,1.6359,5989,2026.01.16 21:20:00,1768598400183,180,4583.75
P2F4_CANDIDATE_S1,1768597800003_SELL,XAUUSD,PERIOD_M5,2026.01.16 21:10:00,1768597800003,2026.01.16 21:10:00,SELL,10,OK,1.250000,5.32,532.14,4584.50,4584.66,4584.58,16.0,GIVEBACK_100_075,MFE_GIVEBACK,TRIGGER=1.00|GAP=0.75|FLOOR=0.00,NO,,,,0,0,0.506631,6.65,4591.15,4591.15,-1.000000,TIME_EXIT,2026.01.16 21:20:00,1768598400183,4583.75,600.180,0.112752,1.6359,5989,2026.01.16 21:20:00,1768598400183,180,4583.75
P2F4_CANDIDATE_S1,1768603200061_SELL,XAUUSD,PERIOD_M5,2026.01.16 22:40:00,1768603200061,2026.01.16 22:40:00,SELL,10,OK,1.250000,3.64,363.86,4585.35,4585.55,4585.45,20.0,CONTROL,CONTROL,NO_RETENTION,NO,,,,0,0,0.255045,4.55,4589.90,4589.90,-1.000000,TIME_EXIT,2026.01.16 22:50:00,1768603800131,4585.93,600.070,-0.127523,-1.2649,5068,2026.01.16 22:50:00,1768603800131,70,4585.93
P2F4_CANDIDATE_S1,1768603200061_SELL,XAUUSD,PERIOD_M5,2026.01.16 22:40:00,1768603200061,2026.01.16 22:40:00,SELL,10,OK,1.250000,3.64,363.86,4585.35,4585.55,4585.45,20.0,LEGACY_BE_050,BREAK_EVEN,0.50:0.00,NO,,,,0,0,0.255045,4.55,4589.90,4589.90,-1.000000,TIME_EXIT,2026.01.16 22:50:00,1768603800131,4585.93,600.070,-0.127523,-1.2649,5068,2026.01.16 22:50:00,1768603800131,70,4585.93
P2F4_CANDIDATE_S1,1768603200061_SELL,XAUUSD,PERIOD_M5,2026.01.16 22:40:00,1768603200061,2026.01.16 22:40:00,SELL,10,OK,1.250000,3.64,363.86,4585.35,4585.55,4585.45,20.0,STEPLOCK_V1,STEP_LOCK,0.50:-0.25|1.00:0.25|2.00:1.00,NO,,,,0,0,0.255045,4.55,4589.90,4589.90,-1.000000,TIME_EXIT,2026.01.16 22:50:00,1768603800131,4585.93,600.070,-0.127523,-1.2649,5068,2026.01.16 22:50:00,1768603800131,70,4585.93
P2F4_CANDIDATE_S1,1768603200061_SELL,XAUUSD,PERIOD_M5,2026.01.16 22:40:00,1768603200061,2026.01.16 22:40:00,SELL,10,OK,1.250000,3.64,363.86,4585.35,4585.55,4585.45,20.0,GIVEBACK_100_075,MFE_GIVEBACK,TRIGGER=1.00|GAP=0.75|FLOOR=0.00,NO,,,,0,0,0.255045,4.55,4589.90,4589.90,-1.000000,TIME_EXIT,2026.01.16 22:50:00,1768603800131,4585.93,600.070,-0.127523,-1.2649,5068,2026.01.16 22:50:00,1768603800131,70,4585.93
P2F4_CANDIDATE_S1,1769031300019_SELL,XAUUSD,PERIOD_M5,2026.01.21 21:35:00,1769031300019,2026.01.21 21:35:00,SELL,10,OK,1.250000,9.93,993.29,4805.83,4806.03,4805.93,20.0,CONTROL,CONTROL,NO_RETENTION,NO,,,,0,0,3.212771,12.42,4818.25,4818.25,-1.000000,TIME_EXIT,2026.01.21 21:45:00,1769031900090,4766.19,600.071,3.192636,82.4832,14639,2026.01.21 21:45:00,1769031900090,71,4766.19
P2F4_CANDIDATE_S1,1769031300019_SELL,XAUUSD,PERIOD_M5,2026.01.21 21:35:00,1769031300019,2026.01.21 21:35:00,SELL,10,OK,1.250000,9.93,993.29,4805.83,4806.03,4805.93,20.0,LEGACY_BE_050,BREAK_EVEN,0.50:0.00,YES,2026.01.21 21:35:15,1769031315280,15.261,1,1,3.212771,12.42,4818.25,4805.83,0.000000,TIME_EXIT,2026.01.21 21:45:00,1769031900090,4766.19,600.071,3.192636,82.4832,14639,2026.01.21 21:45:00,1769031900090,71,4766.19
P2F4_CANDIDATE_S1,1769031300019_SELL,XAUUSD,PERIOD_M5,2026.01.21 21:35:00,1769031300019,2026.01.21 21:35:00,SELL,10,OK,1.250000,9.93,993.29,4805.83,4806.03,4805.93,20.0,STEPLOCK_V1,STEP_LOCK,0.50:-0.25|1.00:0.25|2.00:1.00,YES,2026.01.21 21:35:15,1769031315280,15.261,3,3,3.212771,12.42,4818.25,4793.41,1.000000,TIME_EXIT,2026.01.21 21:45:00,1769031900090,4766.19,600.071,3.192636,82.4832,14639,2026.01.21 21:45:00,1769031900090,71,4766.19
P2F4_CANDIDATE_S1,1769031300019_SELL,XAUUSD,PERIOD_M5,2026.01.21 21:35:00,1769031300019,2026.01.21 21:35:00,SELL,10,OK,1.250000,9.93,993.29,4805.83,4806.03,4805.93,20.0,GIVEBACK_100_075,MFE_GIVEBACK,TRIGGER=1.00|GAP=0.75|FLOOR=0.00,YES,2026.01.21 21:35:17,1769031317593,17.574,1,149,2.537034,12.42,4818.25,4783.64,1.787034,RETENTION_STOP,2026.01.21 21:38:34,1769031514194,4783.68,214.175,1.787034,46.1688,14639,2026.01.21 21:45:00,1769031900090,71,4766.19
P2F4_CANDIDATE_S1,1769044800059_SELL,XAUUSD,PERIOD_M5,2026.01.22 01:20:00,1769044800059,2026.01.22 01:20:00,SELL,10,OK,1.250000,8.39,839.36,4803.29,4803.52,4803.41,23.0,CONTROL,CONTROL,NO_RETENTION,NO,,,,0,0,1.725130,10.49,4813.78,4813.78,-1.000000,TIME_EXIT,2026.01.22 01:30:00,1769045400241,4795.23,600.182,0.768207,16.7802,4721,2026.01.22 01:30:00,1769045400241,182,4795.23
P2F4_CANDIDATE_S1,1769044800059_SELL,XAUUSD,PERIOD_M5,2026.01.22 01:20:00,1769044800059,2026.01.22 01:20:00,SELL,10,OK,1.250000,8.39,839.36,4803.29,4803.52,4803.41,23.0,LEGACY_BE_050,BREAK_EVEN,0.50:0.00,YES,2026.01.22 01:24:09,1769045049348,249.289,1,1,1.725130,10.49,4813.78,4803.29,0.000000,TIME_EXIT,2026.01.22 01:30:00,1769045400241,4795.23,600.182,0.768207,16.7802,4721,2026.01.22 01:30:00,1769045400241,182,4795.23
P2F4_CANDIDATE_S1,1769044800059_SELL,XAUUSD,PERIOD_M5,2026.01.22 01:20:00,1769044800059,2026.01.22 01:20:00,SELL,10,OK,1.250000,8.39,839.36,4803.29,4803.52,4803.41,23.0,STEPLOCK_V1,STEP_LOCK,0.50:-0.25|1.00:0.25|2.00:1.00,YES,2026.01.22 01:24:09,1769045049348,249.289,2,2,1.725130,10.49,4813.78,4800.67,0.250000,TIME_EXIT,2026.01.22 01:30:00,1769045400241,4795.23,600.182,0.768207,16.7802,4721,2026.01.22 01:30:00,1769045400241,182,4795.23
P2F4_CANDIDATE_S1,1769044800059_SELL,XAUUSD,PERIOD_M5,2026.01.22 01:20:00,1769044800059,2026.01.22 01:20:00,SELL,10,OK,1.250000,8.39,839.36,4803.29,4803.52,4803.41,23.0,GIVEBACK_100_075,MFE_GIVEBACK,TRIGGER=1.00|GAP=0.75|FLOOR=0.00,YES,2026.01.22 01:25:22,1769045122171,322.112,1,123,1.725130,10.49,4813.78,4793.06,0.975130,RETENTION_STOP,2026.01.22 01:28:01,1769045281245,4793.08,481.186,0.975130,21.3000,4721,2026.01.22 01:30:00,1769045400241,182,4795.23
P2F4_CANDIDATE_S1,1769055300007_SELL,XAUUSD,PERIOD_M5,2026.01.22 04:15:00,1769055300007,2026.01.22 04:15:00,SELL,10,OK,1.250000,8.46,846.36,4793.51,4793.73,4793.62,22.0,CONTROL,CONTROL,NO_RETENTION,NO,,,,0,0,0.512313,10.58,4804.09,4804.09,-1.000000,TIME_EXIT,2026.01.22 04:25:00,1769055900051,4788.70,600.044,0.454654,10.0344,5500,2026.01.22 04:25:00,1769055900051,44,4788.70
P2F4_CANDIDATE_S1,1769055300007_SELL,XAUUSD,PERIOD_M5,2026.01.22 04:15:00,1769055300007,2026.01.22 04:15:00,SELL,10,OK,1.250000,8.46,846.36,4793.51,4793.73,4793.62,22.0,LEGACY_BE_050,BREAK_EVEN,0.50:0.00,YES,2026.01.22 04:24:55,1769055895071,595.064,1,1,0.512313,10.58,4804.09,4793.51,0.000000,TIME_EXIT,2026.01.22 04:25:00,1769055900051,4788.70,600.044,0.454654,10.0344,5500,2026.01.22 04:25:00,1769055900051,44,4788.70
P2F4_CANDIDATE_S1,1769055300007_SELL,XAUUSD,PERIOD_M5,2026.01.22 04:15:00,1769055300007,2026.01.22 04:15:00,SELL,10,OK,1.250000,8.46,846.36,4793.51,4793.73,4793.62,22.0,STEPLOCK_V1,STEP_LOCK,0.50:-0.25|1.00:0.25|2.00:1.00,YES,2026.01.22 04:24:55,1769055895071,595.064,1,1,0.512313,10.58,4804.09,4796.15,-0.250000,TIME_EXIT,2026.01.22 04:25:00,1769055900051,4788.70,600.044,0.454654,10.0344,5500,2026.01.22 04:25:00,1769055900051,44,4788.70
P2F4_CANDIDATE_S1,1769055300007_SELL,XAUUSD,PERIOD_M5,2026.01.22 04:15:00,1769055300007,2026.01.22 04:15:00,SELL,10,OK,1.250000,8.46,846.36,4793.51,4793.73,4793.62,22.0,GIVEBACK_100_075,MFE_GIVEBACK,TRIGGER=1.00|GAP=0.75|FLOOR=0.00,NO,,,,0,0,0.512313,10.58,4804.09,4804.09,-1.000000,TIME_EXIT,2026.01.22 04:25:00,1769055900051,4788.70,600.044,0.454654,10.0344,5500,2026.01.22 04:25:00,1769055900051,44,4788.70
P2F4_CANDIDATE_S1,1769174100008_SELL,XAUUSD,PERIOD_M5,2026.01.23 13:15:00,1769174100008,2026.01.23 13:15:00,SELL,10,OK,1.250000,4.71,471.07,4918.50,4918.69,4918.59,19.0,CONTROL,CONTROL,NO_RETENTION,NO,,,,0,0,1.061410,5.89,4924.39,4924.39,-1.000000,TIME_EXIT,2026.01.23 13:25:00,1769174700252,4919.61,600.244,-0.188506,-2.2568,4466,2026.01.23 13:25:00,1769174700252,244,4919.61
P2F4_CANDIDATE_S1,1769174100008_SELL,XAUUSD,PERIOD_M5,2026.01.23 13:15:00,1769174100008,2026.01.23 13:15:00,SELL,10,OK,1.250000,4.71,471.07,4918.50,4918.69,4918.59,19.0,LEGACY_BE_050,BREAK_EVEN,0.50:0.00,YES,2026.01.23 13:15:34,1769174134352,34.344,1,1,1.061410,5.89,4924.39,4918.50,0.000000,RETENTION_STOP,2026.01.23 13:24:37,1769174677528,4918.52,577.520,0.000000,0.0000,4466,2026.01.23 13:25:00,1769174700252,244,4919.61
P2F4_CANDIDATE_S1,1769174100008_SELL,XAUUSD,PERIOD_M5,2026.01.23 13:15:00,1769174100008,2026.01.23 13:15:00,SELL,10,OK,1.250000,4.71,471.07,4918.50,4918.69,4918.59,19.0,STEPLOCK_V1,STEP_LOCK,0.50:-0.25|1.00:0.25|2.00:1.00,YES,2026.01.23 13:15:34,1769174134352,34.344,2,2,1.061410,5.89,4924.39,4917.03,0.250000,RETENTION_STOP,2026.01.23 13:19:45,1769174385437,4917.06,285.429,0.250000,2.9930,4466,2026.01.23 13:25:00,1769174700252,244,4919.61
P2F4_CANDIDATE_S1,1769174100008_SELL,XAUUSD,PERIOD_M5,2026.01.23 13:15:00,1769174100008,2026.01.23 13:15:00,SELL,10,OK,1.250000,4.71,471.07,4918.50,4918.69,4918.59,19.0,GIVEBACK_100_075,MFE_GIVEBACK,TRIGGER=1.00|GAP=0.75|FLOOR=0.00,YES,2026.01.23 13:17:05,1769174225403,125.395,1,8,1.061410,5.89,4924.39,4916.67,0.311410,RETENTION_STOP,2026.01.23 13:19:09,1769174349981,4916.68,249.973,0.311410,3.7282,4466,2026.01.23 13:25:00,1769174700252,244,4919.61
P2F4_CANDIDATE_S1,1769469300010_SELL,XAUUSD,PERIOD_M5,2026.01.26 23:15:00,1769469300010,2026.01.26 23:15:00,SELL,10,OK,1.250000,11.48,1147.79,5034.23,5034.40,5034.31,17.0,CONTROL,CONTROL,NO_RETENTION,NO,,,,0,0,1.594026,14.35,5048.58,5048.58,-1.000000,TIME_EXIT,2026.01.26 23:25:00,1769469900018,5020.61,600.008,0.949306,27.0548,5657,2026.01.26 23:25:00,1769469900018,8,5020.61
P2F4_CANDIDATE_S1,1769469300010_SELL,XAUUSD,PERIOD_M5,2026.01.26 23:15:00,1769469300010,2026.01.26 23:15:00,SELL,10,OK,1.250000,11.48,1147.79,5034.23,5034.40,5034.31,17.0,LEGACY_BE_050,BREAK_EVEN,0.50:0.00,YES,2026.01.26 23:17:09,1769469429250,129.240,1,1,1.594026,14.35,5048.58,5034.23,0.000000,TIME_EXIT,2026.01.26 23:25:00,1769469900018,5020.61,600.008,0.949306,27.0548,5657,2026.01.26 23:25:00,1769469900018,8,5020.61
P2F4_CANDIDATE_S1,1769469300010_SELL,XAUUSD,PERIOD_M5,2026.01.26 23:15:00,1769469300010,2026.01.26 23:15:00,SELL,10,OK,1.250000,11.48,1147.79,5034.23,5034.40,5034.31,17.0,STEPLOCK_V1,STEP_LOCK,0.50:-0.25|1.00:0.25|2.00:1.00,YES,2026.01.26 23:17:09,1769469429250,129.240,2,2,1.594026,14.35,5048.58,5030.64,0.250000,TIME_EXIT,2026.01.26 23:25:00,1769469900018,5020.61,600.008,0.949306,27.0548,5657,2026.01.26 23:25:00,1769469900018,8,5020.61
P2F4_CANDIDATE_S1,1769469300010_SELL,XAUUSD,PERIOD_M5,2026.01.26 23:15:00,1769469300010,2026.01.26 23:15:00,SELL,10,OK,1.250000,11.48,1147.79,5034.23,5034.40,5034.31,17.0,GIVEBACK_100_075,MFE_GIVEBACK,TRIGGER=1.00|GAP=0.75|FLOOR=0.00,YES,2026.01.26 23:21:01,1769469661709,361.699,1,21,1.594026,14.35,5048.58,5022.12,0.844026,RETENTION_STOP,2026.01.26 23:24:08,1769469848379,5022.22,548.369,0.844026,24.0543,5657,2026.01.26 23:25:00,1769469900018,8,5020.61
P2F4_CANDIDATE_S1,1769482200011_SELL,XAUUSD,PERIOD_M5,2026.01.27 02:50:00,1769482200011,2026.01.27 02:50:00,SELL,10,OK,1.250000,7.41,740.71,5023.55,5023.68,5023.61,13.0,CONTROL,CONTROL,NO_RETENTION,NO,,,,0,0,1.046557,9.26,5032.81,5032.81,-1.000000,HARD_SL,2026.01.27 02:57:40,1769482660906,5032.83,460.895,-1.000000,-18.4310,10207,2026.01.27 03:00:00,1769482800011,0,5032.95
P2F4_CANDIDATE_S1,1769482200011_SELL,XAUUSD,PERIOD_M5,2026.01.27 02:50:00,1769482200011,2026.01.27 02:50:00,SELL,10,OK,1.250000,7.41,740.71,5023.55,5023.68,5023.61,13.0,LEGACY_BE_050,BREAK_EVEN,0.50:0.00,YES,2026.01.27 02:50:39,1769482239809,39.798,1,1,1.046557,9.26,5032.81,5023.55,0.000000,RETENTION_STOP,2026.01.27 02:54:04,1769482444688,5023.57,244.677,0.000000,0.0000,10207,2026.01.27 03:00:00,1769482800011,0,5032.95
P2F4_CANDIDATE_S1,1769482200011_SELL,XAUUSD,PERIOD_M5,2026.01.27 02:50:00,1769482200011,2026.01.27 02:50:00,SELL,10,OK,1.250000,7.41,740.71,5023.55,5023.68,5023.61,13.0,STEPLOCK_V1,STEP_LOCK,0.50:-0.25|1.00:0.25|2.00:1.00,YES,2026.01.27 02:50:39,1769482239809,39.798,2,2,1.046557,9.26,5032.81,5021.24,0.250000,RETENTION_STOP,2026.01.27 02:53:40,1769482420461,5021.39,220.450,0.250000,4.6078,10207,2026.01.27 03:00:00,1769482800011,0,5032.95
P2F4_CANDIDATE_S1,1769482200011_SELL,XAUUSD,PERIOD_M5,2026.01.27 02:50:00,1769482200011,2026.01.27 02:50:00,SELL,10,OK,1.250000,7.41,740.71,5023.55,5023.68,5023.61,13.0,GIVEBACK_100_075,MFE_GIVEBACK,TRIGGER=1.00|GAP=0.75|FLOOR=0.00,YES,2026.01.27 02:52:01,1769482321064,121.053,1,5,1.046557,9.26,5032.81,5020.80,0.296557,RETENTION_STOP,2026.01.27 02:53:40,1769482420445,5021.18,220.434,0.296557,5.4659,10207,2026.01.27 03:00:00,1769482800011,0,5032.95
P2F4_CANDIDATE_S1,1769721300024_SELL,XAUUSD,PERIOD_M5,2026.01.29 21:15:00,1769721300024,2026.01.29 21:15:00,SELL,10,OK,1.250000,23.10,2310.29,5306.71,5306.91,5306.81,20.0,CONTROL,CONTROL,NO_RETENTION,NO,,,,0,0,0.050210,28.88,5335.59,5335.59,-1.000000,TIME_EXIT,2026.01.29 21:25:00,1769721900098,5314.49,600.074,-0.269404,-14.6607,10443,2026.01.29 21:25:00,1769721900098,74,5314.49
P2F4_CANDIDATE_S1,1769721300024_SELL,XAUUSD,PERIOD_M5,2026.01.29 21:15:00,1769721300024,2026.01.29 21:15:00,SELL,10,OK,1.250000,23.10,2310.29,5306.71,5306.91,5306.81,20.0,LEGACY_BE_050,BREAK_EVEN,0.50:0.00,NO,,,,0,0,0.050210,28.88,5335.59,5335.59,-1.000000,TIME_EXIT,2026.01.29 21:25:00,1769721900098,5314.49,600.074,-0.269404,-14.6607,10443,2026.01.29 21:25:00,1769721900098,74,5314.49
P2F4_CANDIDATE_S1,1769721300024_SELL,XAUUSD,PERIOD_M5,2026.01.29 21:15:00,1769721300024,2026.01.29 21:15:00,SELL,10,OK,1.250000,23.10,2310.29,5306.71,5306.91,5306.81,20.0,STEPLOCK_V1,STEP_LOCK,0.50:-0.25|1.00:0.25|2.00:1.00,NO,,,,0,0,0.050210,28.88,5335.59,5335.59,-1.000000,TIME_EXIT,2026.01.29 21:25:00,1769721900098,5314.49,600.074,-0.269404,-14.6607,10443,2026.01.29 21:25:00,1769721900098,74,5314.49
P2F4_CANDIDATE_S1,1769721300024_SELL,XAUUSD,PERIOD_M5,2026.01.29 21:15:00,1769721300024,2026.01.29 21:15:00,SELL,10,OK,1.250000,23.10,2310.29,5306.71,5306.91,5306.81,20.0,GIVEBACK_100_075,MFE_GIVEBACK,TRIGGER=1.00|GAP=0.75|FLOOR=0.00,NO,,,,0,0,0.050210,28.88,5335.59,5335.59,-1.000000,TIME_EXIT,2026.01.29 21:25:00,1769721900098,5314.49,600.074,-0.269404,-14.6607,10443,2026.01.29 21:25:00,1769721900098,74,5314.49
P2F4_CANDIDATE_S1,1769742000015_SELL,XAUUSD,PERIOD_M5,2026.01.30 03:00:00,1769742000015,2026.01.30 03:00:00,SELL,10,OK,1.250000,16.48,1647.79,5407.18,5407.31,5407.25,13.0,CONTROL,CONTROL,NO_RETENTION,NO,,,,0,0,1.970645,20.60,5427.78,5427.78,-1.000000,TIME_EXIT,2026.01.30 03:10:00,1769742600042,5366.79,600.027,1.960935,74.6970,11466,2026.01.30 03:10:00,1769742600042,27,5366.79
P2F4_CANDIDATE_S1,1769742000015_SELL,XAUUSD,PERIOD_M5,2026.01.30 03:00:00,1769742000015,2026.01.30 03:00:00,SELL,10,OK,1.250000,16.48,1647.79,5407.18,5407.31,5407.25,13.0,LEGACY_BE_050,BREAK_EVEN,0.50:0.00,YES,2026.01.30 03:00:06,1769742006082,6.067,1,1,1.970645,20.60,5427.78,5407.18,0.000000,TIME_EXIT,2026.01.30 03:10:00,1769742600042,5366.79,600.027,1.960935,74.6970,11466,2026.01.30 03:10:00,1769742600042,27,5366.79
P2F4_CANDIDATE_S1,1769742000015_SELL,XAUUSD,PERIOD_M5,2026.01.30 03:00:00,1769742000015,2026.01.30 03:00:00,SELL,10,OK,1.250000,16.48,1647.79,5407.18,5407.31,5407.25,13.0,STEPLOCK_V1,STEP_LOCK,0.50:-0.25|1.00:0.25|2.00:1.00,YES,2026.01.30 03:00:06,1769742006082,6.067,2,2,1.970645,20.60,5427.78,5402.03,0.250000,TIME_EXIT,2026.01.30 03:10:00,1769742600042,5366.79,600.027,1.960935,74.6970,11466,2026.01.30 03:10:00,1769742600042,27,5366.79
P2F4_CANDIDATE_S1,1769742000015_SELL,XAUUSD,PERIOD_M5,2026.01.30 03:00:00,1769742000015,2026.01.30 03:00:00,SELL,10,OK,1.250000,16.48,1647.79,5407.18,5407.31,5407.25,13.0,GIVEBACK_100_075,MFE_GIVEBACK,TRIGGER=1.00|GAP=0.75|FLOOR=0.00,YES,2026.01.30 03:01:39,1769742099791,99.776,1,51,1.441450,20.60,5427.78,5392.94,0.691450,RETENTION_STOP,2026.01.30 03:02:18,1769742138717,5393.23,138.702,0.691450,26.3391,11466,2026.01.30 03:10:00,1769742600042,27,5366.79
P2F4_CANDIDATE_S1,1769760000047_SELL,XAUUSD,PERIOD_M5,2026.01.30 08:00:00,1769760000047,2026.01.30 08:00:00,SELL,10,OK,1.250000,15.80,1580.43,5184.98,5185.14,5185.06,16.0,CONTROL,CONTROL,NO_RETENTION,NO,,,,0,0,0.541625,19.76,5204.74,5204.74,-1.000000,TIME_EXIT,2026.01.30 08:10:00,1769760600110,5193.46,600.063,-0.429251,-16.3549,9143,2026.01.30 08:10:00,1769760600110,63,5193.46
P2F4_CANDIDATE_S1,1769760000047_SELL,XAUUSD,PERIOD_M5,2026.01.30 08:00:00,1769760000047,2026.01.30 08:00:00,SELL,10,OK,1.250000,15.80,1580.43,5184.98,5185.14,5185.06,16.0,LEGACY_BE_050,BREAK_EVEN,0.50:0.00,YES,2026.01.30 08:07:36,1769760456836,456.789,1,1,0.541625,19.76,5204.74,5184.98,0.000000,RETENTION_STOP,2026.01.30 08:08:07,1769760487385,5185.02,487.338,0.000000,0.0000,9143,2026.01.30 08:10:00,1769760600110,63,5193.46
P2F4_CANDIDATE_S1,1769760000047_SELL,XAUUSD,PERIOD_M5,2026.01.30 08:00:00,1769760000047,2026.01.30 08:00:00,SELL,10,OK,1.250000,15.80,1580.43,5184.98,5185.14,5185.06,16.0,STEPLOCK_V1,STEP_LOCK,0.50:-0.25|1.00:0.25|2.00:1.00,YES,2026.01.30 08:07:36,1769760456836,456.789,1,1,0.541625,19.76,5204.74,5189.92,-0.250000,RETENTION_STOP,2026.01.30 08:08:31,1769760511030,5189.92,510.983,-0.250000,-9.5253,9143,2026.01.30 08:10:00,1769760600110,63,5193.46
P2F4_CANDIDATE_S1,1769760000047_SELL,XAUUSD,PERIOD_M5,2026.01.30 08:00:00,1769760000047,2026.01.30 08:00:00,SELL,10,OK,1.250000,15.80,1580.43,5184.98,5185.14,5185.06,16.0,GIVEBACK_100_075,MFE_GIVEBACK,TRIGGER=1.00|GAP=0.75|FLOOR=0.00,NO,,,,0,0,0.541625,19.76,5204.74,5204.74,-1.000000,TIME_EXIT,2026.01.30 08:10:00,1769760600110,5193.46,600.063,-0.429251,-16.3549,9143,2026.01.30 08:10:00,1769760600110,63,5193.46
P2F4_CANDIDATE_S1,1769784600035_SELL,XAUUSD,PERIOD_M5,2026.01.30 14:50:00,1769784600035,2026.01.30 14:50:00,SELL,10,OK,1.250000,22.65,2265.07,5066.15,5066.35,5066.25,20.0,CONTROL,CONTROL,NO_RETENTION,NO,,,,0,0,0.030728,28.31,5094.46,5094.46,-1.000000,HARD_SL,2026.01.30 14:54:13,1769784853141,5094.48,253.106,-1.000000,-55.8874,5852,2026.01.30 15:00:00,1769785200052,17,5064.74
P2F4_CANDIDATE_S1,1769784600035_SELL,XAUUSD,PERIOD_M5,2026.01.30 14:50:00,1769784600035,2026.01.30 14:50:00,SELL,10,OK,1.250000,22.65,2265.07,5066.15,5066.35,5066.25,20.0,LEGACY_BE_050,BREAK_EVEN,0.50:0.00,NO,,,,0,0,0.030728,28.31,5094.46,5094.46,-1.000000,HARD_SL,2026.01.30 14:54:13,1769784853141,5094.48,253.106,-1.000000,-55.8874,5852,2026.01.30 15:00:00,1769785200052,17,5064.74
P2F4_CANDIDATE_S1,1769784600035_SELL,XAUUSD,PERIOD_M5,2026.01.30 14:50:00,1769784600035,2026.01.30 14:50:00,SELL,10,OK,1.250000,22.65,2265.07,5066.15,5066.35,5066.25,20.0,STEPLOCK_V1,STEP_LOCK,0.50:-0.25|1.00:0.25|2.00:1.00,NO,,,,0,0,0.030728,28.31,5094.46,5094.46,-1.000000,HARD_SL,2026.01.30 14:54:13,1769784853141,5094.48,253.106,-1.000000,-55.8874,5852,2026.01.30 15:00:00,1769785200052,17,5064.74
P2F4_CANDIDATE_S1,1769784600035_SELL,XAUUSD,PERIOD_M5,2026.01.30 14:50:00,1769784600035,2026.01.30 14:50:00,SELL,10,OK,1.250000,22.65,2265.07,5066.15,5066.35,5066.25,20.0,GIVEBACK_100_075,MFE_GIVEBACK,TRIGGER=1.00|GAP=0.75|FLOOR=0.00,NO,,,,0,0,0.030728,28.31,5094.46,5094.46,-1.000000,HARD_SL,2026.01.30 14:54:13,1769784853141,5094.48,253.106,-1.000000,-55.8874,5852,2026.01.30 15:00:00,1769785200052,17,5064.74
P2F4_CANDIDATE_S1,1769792400039_SELL,XAUUSD,PERIOD_M5,2026.01.30 17:00:00,1769792400039,2026.01.30 17:00:00,SELL,10,OK,1.250000,31.48,3147.93,5033.17,5033.37,5033.27,20.0,CONTROL,CONTROL,NO_RETENTION,NO,,,,0,0,1.330907,39.35,5072.52,5072.52,-1.000000,TIME_EXIT,2026.01.30 17:10:00,1769793000046,5000.65,600.007,0.826448,64.6114,7469,2026.01.30 17:10:00,1769793000046,7,5000.65
P2F4_CANDIDATE_S1,1769792400039_SELL,XAUUSD,PERIOD_M5,2026.01.30 17:00:00,1769792400039,2026.01.30 17:00:00,SELL,10,OK,1.250000,31.48,3147.93,5033.17,5033.37,5033.27,20.0,LEGACY_BE_050,BREAK_EVEN,0.50:0.00,YES,2026.01.30 17:01:04,1769792464699,64.660,1,1,1.330907,39.35,5072.52,5033.17,0.000000,TIME_EXIT,2026.01.30 17:10:00,1769793000046,5000.65,600.007,0.826448,64.6114,7469,2026.01.30 17:10:00,1769793000046,7,5000.65
P2F4_CANDIDATE_S1,1769792400039_SELL,XAUUSD,PERIOD_M5,2026.01.30 17:00:00,1769792400039,2026.01.30 17:00:00,SELL,10,OK,1.250000,31.48,3147.93,5033.17,5033.37,5033.27,20.0,STEPLOCK_V1,STEP_LOCK,0.50:-0.25|1.00:0.25|2.00:1.00,YES,2026.01.30 17:01:04,1769792464699,64.660,2,2,1.330907,39.35,5072.52,5023.33,0.250000,TIME_EXIT,2026.01.30 17:10:00,1769793000046,5000.65,600.007,0.826448,64.6114,7469,2026.01.30 17:10:00,1769793000046,7,5000.65
P2F4_CANDIDATE_S1,1769792400039_SELL,XAUUSD,PERIOD_M5,2026.01.30 17:00:00,1769792400039,2026.01.30 17:00:00,SELL,10,OK,1.250000,31.48,3147.93,5033.17,5033.37,5033.27,20.0,GIVEBACK_100_075,MFE_GIVEBACK,TRIGGER=1.00|GAP=0.75|FLOOR=0.00,YES,2026.01.30 17:01:26,1769792486358,86.319,1,24,1.330907,39.35,5072.52,5010.31,0.580907,RETENTION_STOP,2026.01.30 17:07:07,1769792827912,5010.41,427.873,0.580907,45.4151,7469,2026.01.30 17:10:00,1769793000046,7,5000.65
P2F4_CANDIDATE_S1,1769813100051_SELL,XAUUSD,PERIOD_M5,2026.01.30 22:45:00,1769813100051,2026.01.30 22:45:00,SELL,10,OK,1.250000,30.30,3030.36,4861.74,4862.01,4861.88,27.0,CONTROL,CONTROL,NO_RETENTION,NO,,,,0,0,0.678996,37.88,4899.62,4899.62,-1.000000,TIME_EXIT,2026.01.30 22:55:00,1769813700148,4838.56,600.097,0.611941,47.6784,6383,2026.01.30 22:55:00,1769813700148,97,4838.56
P2F4_CANDIDATE_S1,1769813100051_SELL,XAUUSD,PERIOD_M5,2026.01.30 22:45:00,1769813100051,2026.01.30 22:45:00,SELL,10,OK,1.250000,30.30,3030.36,4861.74,4862.01,4861.88,27.0,LEGACY_BE_050,BREAK_EVEN,0.50:0.00,YES,2026.01.30 22:54:38,1769813678798,578.747,1,1,0.678996,37.88,4899.62,4861.74,0.000000,TIME_EXIT,2026.01.30 22:55:00,1769813700148,4838.56,600.097,0.611941,47.6784,6383,2026.01.30 22:55:00,1769813700148,97,4838.56
P2F4_CANDIDATE_S1,1769813100051_SELL,XAUUSD,PERIOD_M5,2026.01.30 22:45:00,1769813100051,2026.01.30 22:45:00,SELL,10,OK,1.250000,30.30,3030.36,4861.74,4862.01,4861.88,27.0,STEPLOCK_V1,STEP_LOCK,0.50:-0.25|1.00:0.25|2.00:1.00,YES,2026.01.30 22:54:38,1769813678798,578.747,1,1,0.678996,37.88,4899.62,4871.21,-0.250000,TIME_EXIT,2026.01.30 22:55:00,1769813700148,4838.56,600.097,0.611941,47.6784,6383,2026.01.30 22:55:00,1769813700148,97,4838.56
P2F4_CANDIDATE_S1,1769813100051_SELL,XAUUSD,PERIOD_M5,2026.01.30 22:45:00,1769813100051,2026.01.30 22:45:00,SELL,10,OK,1.250000,30.30,3030.36,4861.74,4862.01,4861.88,27.0,GIVEBACK_100_075,MFE_GIVEBACK,TRIGGER=1.00|GAP=0.75|FLOOR=0.00,NO,,,,0,0,0.678996,37.88,4899.62,4899.62,-1.000000,TIME_EXIT,2026.01.30 22:55:00,1769813700148,4838.56,600.097,0.611941,47.6784,6383,2026.01.30 22:55:00,1769813700148,97,4838.56
P2F4_CANDIDATE_S1,1769994300011_SELL,XAUUSD,PERIOD_M5,2026.02.02 01:05:00,1769994300011,2026.02.02 01:05:00,SELL,10,OK,1.250000,31.01,3100.93,4828.32,4829.86,4829.09,154.0,CONTROL,CONTROL,NO_RETENTION,NO,,,,0,0,2.974593,38.76,4867.08,4867.08,-1.000000,TIME_EXIT,2026.02.02 01:15:00,1769994900013,4742.67,600.002,2.209661,177.3909,4147,2026.02.02 01:15:00,1769994900013,2,4742.67
P2F4_CANDIDATE_S1,1769994300011_SELL,XAUUSD,PERIOD_M5,2026.02.02 01:05:00,1769994300011,2026.02.02 01:05:00,SELL,10,OK,1.250000,31.01,3100.93,4828.32,4829.86,4829.09,154.0,LEGACY_BE_050,BREAK_EVEN,0.50:0.00,YES,2026.02.02 01:10:42,1769994642280,342.269,1,1,2.974593,38.76,4867.08,4828.32,0.000000,TIME_EXIT,2026.02.02 01:15:00,1769994900013,4742.67,600.002,2.209661,177.3909,4147,2026.02.02 01:15:00,1769994900013,2,4742.67
P2F4_CANDIDATE_S1,1769994300011_SELL,XAUUSD,PERIOD_M5,2026.02.02 01:05:00,1769994300011,2026.02.02 01:05:00,SELL,10,OK,1.250000,31.01,3100.93,4828.32,4829.86,4829.09,154.0,STEPLOCK_V1,STEP_LOCK,0.50:-0.25|1.00:0.25|2.00:1.00,YES,2026.02.02 01:10:42,1769994642280,342.269,3,3,2.974593,38.76,4867.08,4789.56,1.000000,TIME_EXIT,2026.02.02 01:15:00,1769994900013,4742.67,600.002,2.209661,177.3909,4147,2026.02.02 01:15:00,1769994900013,2,4742.67
P2F4_CANDIDATE_S1,1769994300011_SELL,XAUUSD,PERIOD_M5,2026.02.02 01:05:00,1769994300011,2026.02.02 01:05:00,SELL,10,OK,1.250000,31.01,3100.93,4828.32,4829.86,4829.09,154.0,GIVEBACK_100_075,MFE_GIVEBACK,TRIGGER=1.00|GAP=0.75|FLOOR=0.00,YES,2026.02.02 01:10:53,1769994653172,353.161,1,8,1.970249,38.76,4867.08,4781.02,1.220249,RETENTION_STOP,2026.02.02 01:11:04,1769994664747,4791.56,364.736,1.220249,97.9612,4147,2026.02.02 01:15:00,1769994900013,2,4742.67
P2F4_CANDIDATE_S1,1770000900026_SELL,XAUUSD,PERIOD_M5,2026.02.02 02:55:00,1770000900026,2026.02.02 02:55:00,SELL,10,OK,1.250000,34.86,3486.00,4791.37,4791.66,4791.51,29.0,CONTROL,CONTROL,NO_RETENTION,NO,,,,0,0,1.367068,43.57,4834.94,4834.94,-1.000000,TIME_EXIT,2026.02.02 03:05:00,1770001500030,4756.21,600.004,0.806885,73.3819,13642,2026.02.02 03:05:00,1770001500030,4,4756.21
P2F4_CANDIDATE_S1,1770000900026_SELL,XAUUSD,PERIOD_M5,2026.02.02 02:55:00,1770000900026,2026.02.02 02:55:00,SELL,10,OK,1.250000,34.86,3486.00,4791.37,4791.66,4791.51,29.0,LEGACY_BE_050,BREAK_EVEN,0.50:0.00,YES,2026.02.02 02:56:24,1770000984559,84.533,1,1,1.367068,43.57,4834.94,4791.37,0.000000,TIME_EXIT,2026.02.02 03:05:00,1770001500030,4756.21,600.004,0.806885,73.3819,13642,2026.02.02 03:05:00,1770001500030,4,4756.21
P2F4_CANDIDATE_S1,1770000900026_SELL,XAUUSD,PERIOD_M5,2026.02.02 02:55:00,1770000900026,2026.02.02 02:55:00,SELL,10,OK,1.250000,34.86,3486.00,4791.37,4791.66,4791.51,29.0,STEPLOCK_V1,STEP_LOCK,0.50:-0.25|1.00:0.25|2.00:1.00,YES,2026.02.02 02:56:24,1770000984559,84.533,2,2,1.367068,43.57,4834.94,4780.48,0.250000,RETENTION_STOP,2026.02.02 03:02:57,1770001377871,4780.66,477.845,0.250000,22.7362,13642,2026.02.02 03:05:00,1770001500030,4,4756.21
P2F4_CANDIDATE_S1,1770000900026_SELL,XAUUSD,PERIOD_M5,2026.02.02 02:55:00,1770000900026,2026.02.02 02:55:00,SELL,10,OK,1.250000,34.86,3486.00,4791.37,4791.66,4791.51,29.0,GIVEBACK_100_075,MFE_GIVEBACK,TRIGGER=1.00|GAP=0.75|FLOOR=0.00,YES,2026.02.02 03:00:03,1770001203255,303.229,1,62,1.367068,43.57,4834.94,4764.48,0.617068,RETENTION_STOP,2026.02.02 03:02:36,1770001356658,4764.49,456.632,0.617068,56.1191,13642,2026.02.02 03:05:00,1770001500030,4,4756.21
P2F4_CANDIDATE_S1,1770008100047_SELL,XAUUSD,PERIOD_M5,2026.02.02 04:55:00,1770008100047,2026.02.02 04:55:00,SELL,10,OK,1.250000,27.54,2754.43,4727.83,4727.98,4727.90,15.0,CONTROL,CONTROL,NO_RETENTION,NO,,,,0,0,0.849251,34.43,4762.26,4762.26,-1.000000,TIME_EXIT,2026.02.02 05:05:00,1770008700070,4707.00,600.023,0.604989,44.0583,10716,2026.02.02 05:05:00,1770008700070,23,4707.00
P2F4_CANDIDATE_S1,1770008100047_SELL,XAUUSD,PERIOD_M5,2026.02.02 04:55:00,1770008100047,2026.02.02 04:55:00,SELL,10,OK,1.250000,27.54,2754.43,4727.83,4727.98,4727.90,15.0,LEGACY_BE_050,BREAK_EVEN,0.50:0.00,YES,2026.02.02 04:57:44,1770008264301,164.254,1,1,0.849251,34.43,4762.26,4727.83,0.000000,RETENTION_STOP,2026.02.02 05:01:00,1770008460375,4727.90,360.328,0.000000,0.0000,10716,2026.02.02 05:05:00,1770008700070,23,4707.00
P2F4_CANDIDATE_S1,1770008100047_SELL,XAUUSD,PERIOD_M5,2026.02.02 04:55:00,1770008100047,2026.02.02 04:55:00,SELL,10,OK,1.250000,27.54,2754.43,4727.83,4727.98,4727.90,15.0,STEPLOCK_V1,STEP_LOCK,0.50:-0.25|1.00:0.25|2.00:1.00,YES,2026.02.02 04:57:44,1770008264301,164.254,1,1,0.849251,34.43,4762.26,4736.44,-0.250000,TIME_EXIT,2026.02.02 05:05:00,1770008700070,4707.00,600.023,0.604989,44.0583,10716,2026.02.02 05:05:00,1770008700070,23,4707.00
P2F4_CANDIDATE_S1,1770008100047_SELL,XAUUSD,PERIOD_M5,2026.02.02 04:55:00,1770008100047,2026.02.02 04:55:00,SELL,10,OK,1.250000,27.54,2754.43,4727.83,4727.98,4727.90,15.0,GIVEBACK_100_075,MFE_GIVEBACK,TRIGGER=1.00|GAP=0.75|FLOOR=0.00,NO,,,,0,0,0.849251,34.43,4762.26,4762.26,-1.000000,TIME_EXIT,2026.02.02 05:05:00,1770008700070,4707.00,600.023,0.604989,44.0583,10716,2026.02.02 05:05:00,1770008700070,23,4707.00
P2F4_CANDIDATE_S1,1770060000091_SELL,XAUUSD,PERIOD_M5,2026.02.02 19:20:00,1770060000091,2026.02.02 19:20:00,SELL,10,OK,1.250000,27.38,2738.14,4678.05,4678.15,4678.10,10.0,CONTROL,CONTROL,NO_RETENTION,NO,,,,0,0,0.514217,34.23,4712.28,4712.28,-1.000000,TIME_EXIT,2026.02.02 19:30:00,1770060600120,4667.48,600.029,0.308822,22.5949,8057,2026.02.02 19:30:00,1770060600120,29,4667.48
P2F4_CANDIDATE_S1,1770060000091_SELL,XAUUSD,PERIOD_M5,2026.02.02 19:20:00,1770060000091,2026.02.02 19:20:00,SELL,10,OK,1.250000,27.38,2738.14,4678.05,4678.15,4678.10,10.0,LEGACY_BE_050,BREAK_EVEN,0.50:0.00,YES,2026.02.02 19:29:10,1770060550990,550.899,1,1,0.514217,34.23,4712.28,4678.05,0.000000,TIME_EXIT,2026.02.02 19:30:00,1770060600120,4667.48,600.029,0.308822,22.5949,8057,2026.02.02 19:30:00,1770060600120,29,4667.48
P2F4_CANDIDATE_S1,1770060000091_SELL,XAUUSD,PERIOD_M5,2026.02.02 19:20:00,1770060000091,2026.02.02 19:20:00,SELL,10,OK,1.250000,27.38,2738.14,4678.05,4678.15,4678.10,10.0,STEPLOCK_V1,STEP_LOCK,0.50:-0.25|1.00:0.25|2.00:1.00,YES,2026.02.02 19:29:10,1770060550990,550.899,1,1,0.514217,34.23,4712.28,4686.61,-0.250000,TIME_EXIT,2026.02.02 19:30:00,1770060600120,4667.48,600.029,0.308822,22.5949,8057,2026.02.02 19:30:00,1770060600120,29,4667.48
P2F4_CANDIDATE_S1,1770060000091_SELL,XAUUSD,PERIOD_M5,2026.02.02 19:20:00,1770060000091,2026.02.02 19:20:00,SELL,10,OK,1.250000,27.38,2738.14,4678.05,4678.15,4678.10,10.0,GIVEBACK_100_075,MFE_GIVEBACK,TRIGGER=1.00|GAP=0.75|FLOOR=0.00,NO,,,,0,0,0.514217,34.23,4712.28,4712.28,-1.000000,TIME_EXIT,2026.02.02 19:30:00,1770060600120,4667.48,600.029,0.308822,22.5949,8057,2026.02.02 19:30:00,1770060600120,29,4667.48
P2F4_CANDIDATE_S1,1770073200031_SELL,XAUUSD,PERIOD_M5,2026.02.02 23:00:00,1770073200031,2026.02.02 23:00:00,SELL,10,OK,1.250000,21.13,2112.71,4652.67,4652.82,4652.74,15.0,CONTROL,CONTROL,NO_RETENTION,NO,,,,0,0,0.324511,26.41,4679.08,4679.08,-1.000000,TIME_EXIT,2026.02.02 23:10:00,1770073800331,4663.69,600.300,-0.417283,-23.6853,3174,2026.02.02 23:10:00,1770073800331,300,4663.69
P2F4_CANDIDATE_S1,1770073200031_SELL,XAUUSD,PERIOD_M5,2026.02.02 23:00:00,1770073200031,2026.02.02 23:00:00,SELL,10,OK,1.250000,21.13,2112.71,4652.67,4652.82,4652.74,15.0,LEGACY_BE_050,BREAK_EVEN,0.50:0.00,NO,,,,0,0,0.324511,26.41,4679.08,4679.08,-1.000000,TIME_EXIT,2026.02.02 23:10:00,1770073800331,4663.69,600.300,-0.417283,-23.6853,3174,2026.02.02 23:10:00,1770073800331,300,4663.69
P2F4_CANDIDATE_S1,1770073200031_SELL,XAUUSD,PERIOD_M5,2026.02.02 23:00:00,1770073200031,2026.02.02 23:00:00,SELL,10,OK,1.250000,21.13,2112.71,4652.67,4652.82,4652.74,15.0,STEPLOCK_V1,STEP_LOCK,0.50:-0.25|1.00:0.25|2.00:1.00,NO,,,,0,0,0.324511,26.41,4679.08,4679.08,-1.000000,TIME_EXIT,2026.02.02 23:10:00,1770073800331,4663.69,600.300,-0.417283,-23.6853,3174,2026.02.02 23:10:00,1770073800331,300,4663.69
P2F4_CANDIDATE_S1,1770073200031_SELL,XAUUSD,PERIOD_M5,2026.02.02 23:00:00,1770073200031,2026.02.02 23:00:00,SELL,10,OK,1.250000,21.13,2112.71,4652.67,4652.82,4652.74,15.0,GIVEBACK_100_075,MFE_GIVEBACK,TRIGGER=1.00|GAP=0.75|FLOOR=0.00,NO,,,,0,0,0.324511,26.41,4679.08,4679.08,-1.000000,TIME_EXIT,2026.02.02 23:10:00,1770073800331,4663.69,600.300,-0.417283,-23.6853,3174,2026.02.02 23:10:00,1770073800331,300,4663.69
P2F4_CANDIDATE_S1,1770076500040_SELL,XAUUSD,PERIOD_M5,2026.02.02 23:55:00,1770076500040,2026.02.02 23:55:00,SELL,10,NO_TICK_NEAR_TARGET,1.250000,16.15,1614.79,4664.72,4665.16,4664.94,44.0,CONTROL,CONTROL,NO_RETENTION,,,,,,,,,,,,,,,,,,,,
P2F4_CANDIDATE_S1,1770076500040_SELL,XAUUSD,PERIOD_M5,2026.02.02 23:55:00,1770076500040,2026.02.02 23:55:00,SELL,10,NO_TICK_NEAR_TARGET,1.250000,16.15,1614.79,4664.72,4665.16,4664.94,44.0,LEGACY_BE_050,BREAK_EVEN,0.50:0.00,,,,,,,,,,,,,,,,,,,,
P2F4_CANDIDATE_S1,1770076500040_SELL,XAUUSD,PERIOD_M5,2026.02.02 23:55:00,1770076500040,2026.02.02 23:55:00,SELL,10,NO_TICK_NEAR_TARGET,1.250000,16.15,1614.79,4664.72,4665.16,4664.94,44.0,STEPLOCK_V1,STEP_LOCK,0.50:-0.25|1.00:0.25|2.00:1.00,,,,,,,,,,,,,,,,,,,,
P2F4_CANDIDATE_S1,1770076500040_SELL,XAUUSD,PERIOD_M5,2026.02.02 23:55:00,1770076500040,2026.02.02 23:55:00,SELL,10,NO_TICK_NEAR_TARGET,1.250000,16.15,1614.79,4664.72,4665.16,4664.94,44.0,GIVEBACK_100_075,MFE_GIVEBACK,TRIGGER=1.00|GAP=0.75|FLOOR=0.00,,,,,,,,,,,,,,,,,,,,
P2F4_CANDIDATE_S1,1770288900046_SELL,XAUUSD,PERIOD_M5,2026.02.05 10:55:00,1770288900046,2026.02.05 10:55:00,SELL,10,OK,1.250000,12.06,1205.79,4904.71,4904.75,4904.73,4.0,CONTROL,CONTROL,NO_RETENTION,NO,,,,0,0,1.516024,15.07,4919.78,4919.78,-1.000000,TIME_EXIT,2026.02.05 11:05:00,1770289500090,4884.25,600.044,1.357455,41.7150,7425,2026.02.05 11:05:00,1770289500090,44,4884.25
P2F4_CANDIDATE_S1,1770288900046_SELL,XAUUSD,PERIOD_M5,2026.02.05 10:55:00,1770288900046,2026.02.05 10:55:00,SELL,10,OK,1.250000,12.06,1205.79,4904.71,4904.75,4904.73,4.0,LEGACY_BE_050,BREAK_EVEN,0.50:0.00,YES,2026.02.05 11:01:58,1770289318966,418.920,1,1,1.516024,15.07,4919.78,4904.71,0.000000,TIME_EXIT,2026.02.05 11:05:00,1770289500090,4884.25,600.044,1.357455,41.7150,7425,2026.02.05 11:05:00,1770289500090,44,4884.25
P2F4_CANDIDATE_S1,1770288900046_SELL,XAUUSD,PERIOD_M5,2026.02.05 10:55:00,1770288900046,2026.02.05 10:55:00,SELL,10,OK,1.250000,12.06,1205.79,4904.71,4904.75,4904.73,4.0,STEPLOCK_V1,STEP_LOCK,0.50:-0.25|1.00:0.25|2.00:1.00,YES,2026.02.05 11:01:58,1770289318966,418.920,2,2,1.516024,15.07,4919.78,4900.94,0.250000,TIME_EXIT,2026.02.05 11:05:00,1770289500090,4884.25,600.044,1.357455,41.7150,7425,2026.02.05 11:05:00,1770289500090,44,4884.25
P2F4_CANDIDATE_S1,1770288900046_SELL,XAUUSD,PERIOD_M5,2026.02.05 10:55:00,1770288900046,2026.02.05 10:55:00,SELL,10,OK,1.250000,12.06,1205.79,4904.71,4904.75,4904.73,4.0,GIVEBACK_100_075,MFE_GIVEBACK,TRIGGER=1.00|GAP=0.75|FLOOR=0.00,YES,2026.02.05 11:03:26,1770289406413,506.367,1,53,1.516024,15.07,4919.78,4893.16,0.766024,TIME_EXIT,2026.02.05 11:05:00,1770289500090,4884.25,600.044,1.357455,41.7150,7425,2026.02.05 11:05:00,1770289500090,44,4884.25
P2F4_CANDIDATE_S1,1770299400010_SELL,XAUUSD,PERIOD_M5,2026.02.05 13:50:00,1770299400010,2026.02.05 13:50:00,SELL,10,OK,1.250000,10.79,1078.71,4871.72,4871.76,4871.74,4.0,CONTROL,CONTROL,NO_RETENTION,NO,,,,0,0,0.525811,13.48,4885.20,4885.20,-1.000000,TIME_EXIT,2026.02.05 14:00:00,1770300000082,4868.41,600.072,0.245477,6.7943,4822,2026.02.05 14:00:00,1770300000082,72,4868.41
P2F4_CANDIDATE_S1,1770299400010_SELL,XAUUSD,PERIOD_M5,2026.02.05 13:50:00,1770299400010,2026.02.05 13:50:00,SELL,10,OK,1.250000,10.79,1078.71,4871.72,4871.76,4871.74,4.0,LEGACY_BE_050,BREAK_EVEN,0.50:0.00,YES,2026.02.05 13:52:39,1770299559196,159.186,1,1,0.525811,13.48,4885.20,4871.72,0.000000,RETENTION_STOP,2026.02.05 13:55:11,1770299711466,4872.84,311.456,0.000000,0.0000,4822,2026.02.05 14:00:00,1770300000082,72,4868.41
P2F4_CANDIDATE_S1,1770299400010_SELL,XAUUSD,PERIOD_M5,2026.02.05 13:50:00,1770299400010,2026.02.05 13:50:00,SELL,10,OK,1.250000,10.79,1078.71,4871.72,4871.76,4871.74,4.0,STEPLOCK_V1,STEP_LOCK,0.50:-0.25|1.00:0.25|2.00:1.00,YES,2026.02.05 13:52:39,1770299559196,159.186,1,1,0.525811,13.48,4885.20,4875.09,-0.250000,TIME_EXIT,2026.02.05 14:00:00,1770300000082,4868.41,600.072,0.245477,6.7943,4822,2026.02.05 14:00:00,1770300000082,72,4868.41
P2F4_CANDIDATE_S1,1770299400010_SELL,XAUUSD,PERIOD_M5,2026.02.05 13:50:00,1770299400010,2026.02.05 13:50:00,SELL,10,OK,1.250000,10.79,1078.71,4871.72,4871.76,4871.74,4.0,GIVEBACK_100_075,MFE_GIVEBACK,TRIGGER=1.00|GAP=0.75|FLOOR=0.00,NO,,,,0,0,0.525811,13.48,4885.20,4885.20,-1.000000,TIME_EXIT,2026.02.05 14:00:00,1770300000082,4868.41,600.072,0.245477,6.7943,4822,2026.02.05 14:00:00,1770300000082,72,4868.41
P2F4_CANDIDATE_S1,1770311700035_SELL,XAUUSD,PERIOD_M5,2026.02.05 17:15:00,1770311700035,2026.02.05 17:15:00,SELL,10,OK,1.250000,26.15,2615.43,4828.45,4828.65,4828.55,20.0,CONTROL,CONTROL,NO_RETENTION,NO,,,,0,0,0.152327,32.69,4861.14,4861.14,-1.000000,TIME_EXIT,2026.02.05 17:25:00,1770312300107,4831.29,600.072,-0.086869,-5.8818,13030,2026.02.05 17:25:00,1770312300107,72,4831.29
P2F4_CANDIDATE_S1,1770311700035_SELL,XAUUSD,PERIOD_M5,2026.02.05 17:15:00,1770311700035,2026.02.05 17:15:00,SELL,10,OK,1.250000,26.15,2615.43,4828.45,4828.65,4828.55,20.0,LEGACY_BE_050,BREAK_EVEN,0.50:0.00,NO,,,,0,0,0.152327,32.69,4861.14,4861.14,-1.000000,TIME_EXIT,2026.02.05 17:25:00,1770312300107,4831.29,600.072,-0.086869,-5.8818,13030,2026.02.05 17:25:00,1770312300107,72,4831.29
P2F4_CANDIDATE_S1,1770311700035_SELL,XAUUSD,PERIOD_M5,2026.02.05 17:15:00,1770311700035,2026.02.05 17:15:00,SELL,10,OK,1.250000,26.15,2615.43,4828.45,4828.65,4828.55,20.0,STEPLOCK_V1,STEP_LOCK,0.50:-0.25|1.00:0.25|2.00:1.00,NO,,,,0,0,0.152327,32.69,4861.14,4861.14,-1.000000,TIME_EXIT,2026.02.05 17:25:00,1770312300107,4831.29,600.072,-0.086869,-5.8818,13030,2026.02.05 17:25:00,1770312300107,72,4831.29
P2F4_CANDIDATE_S1,1770311700035_SELL,XAUUSD,PERIOD_M5,2026.02.05 17:15:00,1770311700035,2026.02.05 17:15:00,SELL,10,OK,1.250000,26.15,2615.43,4828.45,4828.65,4828.55,20.0,GIVEBACK_100_075,MFE_GIVEBACK,TRIGGER=1.00|GAP=0.75|FLOOR=0.00,NO,,,,0,0,0.152327,32.69,4861.14,4861.14,-1.000000,TIME_EXIT,2026.02.05 17:25:00,1770312300107,4831.29,600.072,-0.086869,-5.8818,13030,2026.02.05 17:25:00,1770312300107,72,4831.29
P2F4_CANDIDATE_S1,1770312300005_SELL,XAUUSD,PERIOD_M5,2026.02.05 17:25:00,1770312300005,2026.02.05 17:25:00,SELL,10,OK,1.250000,24.84,2484.21,4831.24,4831.44,4831.34,20.0,CONTROL,CONTROL,NO_RETENTION,NO,,,,0,0,0.659524,31.05,4862.29,4862.29,-1.000000,TIME_EXIT,2026.02.05 17:35:00,1770312900048,4814.74,600.043,0.531355,34.1527,12738,2026.02.05 17:35:00,1770312900048,43,4814.74
P2F4_CANDIDATE_S1,1770312300005_SELL,XAUUSD,PERIOD_M5,2026.02.05 17:25:00,1770312300005,2026.02.05 17:25:00,SELL,10,OK,1.250000,24.84,2484.21,4831.24,4831.44,4831.34,20.0,LEGACY_BE_050,BREAK_EVEN,0.50:0.00,YES,2026.02.05 17:28:02,1770312482733,182.728,1,1,0.659524,31.05,4862.29,4831.24,0.000000,TIME_EXIT,2026.02.05 17:35:00,1770312900048,4814.74,600.043,0.531355,34.1527,12738,2026.02.05 17:35:00,1770312900048,43,4814.74
P2F4_CANDIDATE_S1,1770312300005_SELL,XAUUSD,PERIOD_M5,2026.02.05 17:25:00,1770312300005,2026.02.05 17:25:00,SELL,10,OK,1.250000,24.84,2484.21,4831.24,4831.44,4831.34,20.0,STEPLOCK_V1,STEP_LOCK,0.50:-0.25|1.00:0.25|2.00:1.00,YES,2026.02.05 17:28:02,1770312482733,182.728,1,1,0.659524,31.05,4862.29,4839.00,-0.250000,TIME_EXIT,2026.02.05 17:35:00,1770312900048,4814.74,600.043,0.531355,34.1527,12738,2026.02.05 17:35:00,1770312900048,43,4814.74
P2F4_CANDIDATE_S1,1770312300005_SELL,XAUUSD,PERIOD_M5,2026.02.05 17:25:00,1770312300005,2026.02.05 17:25:00,SELL,10,OK,1.250000,24.84,2484.21,4831.24,4831.44,4831.34,20.0,GIVEBACK_100_075,MFE_GIVEBACK,TRIGGER=1.00|GAP=0.75|FLOOR=0.00,NO,,,,0,0,0.659524,31.05,4862.29,4862.29,-1.000000,TIME_EXIT,2026.02.05 17:35:00,1770312900048,4814.74,600.043,0.531355,34.1527,12738,2026.02.05 17:35:00,1770312900048,43,4814.74
P2F4_CANDIDATE_S1,1770324900011_SELL,XAUUSD,PERIOD_M5,2026.02.05 20:55:00,1770324900011,2026.02.05 20:55:00,SELL,10,OK,1.250000,14.13,1412.50,4858.84,4858.88,4858.86,4.0,CONTROL,CONTROL,NO_RETENTION,NO,,,,0,0,0.418549,17.66,4876.50,4876.50,-1.000000,TIME_EXIT,2026.02.05 21:05:00,1770325500014,4854.78,600.003,0.229947,8.3559,7885,2026.02.05 21:05:00,1770325500014,3,4854.78
P2F4_CANDIDATE_S1,1770324900011_SELL,XAUUSD,PERIOD_M5,2026.02.05 20:55:00,1770324900011,2026.02.05 20:55:00,SELL,10,OK,1.250000,14.13,1412.50,4858.84,4858.88,4858.86,4.0,LEGACY_BE_050,BREAK_EVEN,0.50:0.00,NO,,,,0,0,0.418549,17.66,4876.50,4876.50,-1.000000,TIME_EXIT,2026.02.05 21:05:00,1770325500014,4854.78,600.003,0.229947,8.3559,7885,2026.02.05 21:05:00,1770325500014,3,4854.78
P2F4_CANDIDATE_S1,1770324900011_SELL,XAUUSD,PERIOD_M5,2026.02.05 20:55:00,1770324900011,2026.02.05 20:55:00,SELL,10,OK,1.250000,14.13,1412.50,4858.84,4858.88,4858.86,4.0,STEPLOCK_V1,STEP_LOCK,0.50:-0.25|1.00:0.25|2.00:1.00,NO,,,,0,0,0.418549,17.66,4876.50,4876.50,-1.000000,TIME_EXIT,2026.02.05 21:05:00,1770325500014,4854.78,600.003,0.229947,8.3559,7885,2026.02.05 21:05:00,1770325500014,3,4854.78
P2F4_CANDIDATE_S1,1770324900011_SELL,XAUUSD,PERIOD_M5,2026.02.05 20:55:00,1770324900011,2026.02.05 20:55:00,SELL,10,OK,1.250000,14.13,1412.50,4858.84,4858.88,4858.86,4.0,GIVEBACK_100_075,MFE_GIVEBACK,TRIGGER=1.00|GAP=0.75|FLOOR=0.00,NO,,,,0,0,0.418549,17.66,4876.50,4876.50,-1.000000,TIME_EXIT,2026.02.05 21:05:00,1770325500014,4854.78,600.003,0.229947,8.3559,7885,2026.02.05 21:05:00,1770325500014,3,4854.78
P2F4_CANDIDATE_S1,1770348000038_SELL,XAUUSD,PERIOD_M5,2026.02.06 03:20:00,1770348000038,2026.02.06 03:20:00,SELL,10,OK,1.250000,30.54,3053.64,4718.03,4718.07,4718.05,4.0,CONTROL,CONTROL,NO_RETENTION,NO,,,,0,0,0.339529,38.17,4756.20,4756.20,-1.000000,TIME_EXIT,2026.02.06 03:30:00,1770348600098,4712.14,600.060,0.154308,12.4840,11907,2026.02.06 03:30:00,1770348600098,60,4712.14
P2F4_CANDIDATE_S1,1770348000038_SELL,XAUUSD,PERIOD_M5,2026.02.06 03:20:00,1770348000038,2026.02.06 03:20:00,SELL,10,OK,1.250000,30.54,3053.64,4718.03,4718.07,4718.05,4.0,LEGACY_BE_050,BREAK_EVEN,0.50:0.00,NO,,,,0,0,0.339529,38.17,4756.20,4756.20,-1.000000,TIME_EXIT,2026.02.06 03:30:00,1770348600098,4712.14,600.060,0.154308,12.4840,11907,2026.02.06 03:30:00,1770348600098,60,4712.14
P2F4_CANDIDATE_S1,1770348000038_SELL,XAUUSD,PERIOD_M5,2026.02.06 03:20:00,1770348000038,2026.02.06 03:20:00,SELL,10,OK,1.250000,30.54,3053.64,4718.03,4718.07,4718.05,4.0,STEPLOCK_V1,STEP_LOCK,0.50:-0.25|1.00:0.25|2.00:1.00,NO,,,,0,0,0.339529,38.17,4756.20,4756.20,-1.000000,TIME_EXIT,2026.02.06 03:30:00,1770348600098,4712.14,600.060,0.154308,12.4840,11907,2026.02.06 03:30:00,1770348600098,60,4712.14
P2F4_CANDIDATE_S1,1770348000038_SELL,XAUUSD,PERIOD_M5,2026.02.06 03:20:00,1770348000038,2026.02.06 03:20:00,SELL,10,OK,1.250000,30.54,3053.64,4718.03,4718.07,4718.05,4.0,GIVEBACK_100_075,MFE_GIVEBACK,TRIGGER=1.00|GAP=0.75|FLOOR=0.00,NO,,,,0,0,0.339529,38.17,4756.20,4756.20,-1.000000,TIME_EXIT,2026.02.06 03:30:00,1770348600098,4712.14,600.060,0.154308,12.4840,11907,2026.02.06 03:30:00,1770348600098,60,4712.14
P2F4_CANDIDATE_S1,1770700500091_SELL,XAUUSD,PERIOD_M5,2026.02.10 05:15:00,1770700500091,2026.02.10 05:15:00,SELL,10,OK,1.250000,8.73,872.64,5026.88,5026.93,5026.91,5.0,CONTROL,CONTROL,NO_RETENTION,NO,,,,0,0,0.936924,10.91,5037.79,5037.79,-1.000000,TIME_EXIT,2026.02.10 05:25:00,1770701100138,5025.36,600.047,0.139347,3.0237,8490,2026.02.10 05:25:00,1770701100138,47,5025.36
P2F4_CANDIDATE_S1,1770700500091_SELL,XAUUSD,PERIOD_M5,2026.02.10 05:15:00,1770700500091,2026.02.10 05:15:00,SELL,10,OK,1.250000,8.73,872.64,5026.88,5026.93,5026.91,5.0,LEGACY_BE_050,BREAK_EVEN,0.50:0.00,YES,2026.02.10 05:15:48,1770700548139,48.048,1,1,0.936924,10.91,5037.79,5026.88,0.000000,TIME_EXIT,2026.02.10 05:25:00,1770701100138,5025.36,600.047,0.139347,3.0237,8490,2026.02.10 05:25:00,1770701100138,47,5025.36
P2F4_CANDIDATE_S1,1770700500091_SELL,XAUUSD,PERIOD_M5,2026.02.10 05:15:00,1770700500091,2026.02.10 05:15:00,SELL,10,OK,1.250000,8.73,872.64,5026.88,5026.93,5026.91,5.0,STEPLOCK_V1,STEP_LOCK,0.50:-0.25|1.00:0.25|2.00:1.00,YES,2026.02.10 05:15:48,1770700548139,48.048,1,1,0.936924,10.91,5037.79,5029.61,-0.250000,TIME_EXIT,2026.02.10 05:25:00,1770701100138,5025.36,600.047,0.139347,3.0237,8490,2026.02.10 05:25:00,1770701100138,47,5025.36
P2F4_CANDIDATE_S1,1770700500091_SELL,XAUUSD,PERIOD_M5,2026.02.10 05:15:00,1770700500091,2026.02.10 05:15:00,SELL,10,OK,1.250000,8.73,872.64,5026.88,5026.93,5026.91,5.0,GIVEBACK_100_075,MFE_GIVEBACK,TRIGGER=1.00|GAP=0.75|FLOOR=0.00,NO,,,,0,0,0.936924,10.91,5037.79,5037.79,-1.000000,TIME_EXIT,2026.02.10 05:25:00,1770701100138,5025.36,600.047,0.139347,3.0237,8490,2026.02.10 05:25:00,1770701100138,47,5025.36
P2F4_CANDIDATE_S1,1770708000060_SELL,XAUUSD,PERIOD_M5,2026.02.10 07:20:00,1770708000060,2026.02.10 07:20:00,SELL,10,OK,1.250000,5.20,519.71,5023.59,5023.63,5023.61,4.0,CONTROL,CONTROL,NO_RETENTION,NO,,,,0,0,1.848708,6.50,5030.09,5030.09,-1.000000,TIME_EXIT,2026.02.10 07:30:00,1770708600115,5019.42,600.055,0.641891,8.3008,4629,2026.02.10 07:30:00,1770708600115,55,5019.42
P2F4_CANDIDATE_S1,1770708000060_SELL,XAUUSD,PERIOD_M5,2026.02.10 07:20:00,1770708000060,2026.02.10 07:20:00,SELL,10,OK,1.250000,5.20,519.71,5023.59,5023.63,5023.61,4.0,LEGACY_BE_050,BREAK_EVEN,0.50:0.00,YES,2026.02.10 07:24:38,1770708278319,278.259,1,1,1.848708,6.50,5030.09,5023.59,0.000000,TIME_EXIT,2026.02.10 07:30:00,1770708600115,5019.42,600.055,0.641891,8.3008,4629,2026.02.10 07:30:00,1770708600115,55,5019.42
P2F4_CANDIDATE_S1,1770708000060_SELL,XAUUSD,PERIOD_M5,2026.02.10 07:20:00,1770708000060,2026.02.10 07:20:00,SELL,10,OK,1.250000,5.20,519.71,5023.59,5023.63,5023.61,4.0,STEPLOCK_V1,STEP_LOCK,0.50:-0.25|1.00:0.25|2.00:1.00,YES,2026.02.10 07:24:38,1770708278319,278.259,2,2,1.848708,6.50,5030.09,5021.97,0.250000,TIME_EXIT,2026.02.10 07:30:00,1770708600115,5019.42,600.055,0.641891,8.3008,4629,2026.02.10 07:30:00,1770708600115,55,5019.42
P2F4_CANDIDATE_S1,1770708000060_SELL,XAUUSD,PERIOD_M5,2026.02.10 07:20:00,1770708000060,2026.02.10 07:20:00,SELL,10,OK,1.250000,5.20,519.71,5023.59,5023.63,5023.61,4.0,GIVEBACK_100_075,MFE_GIVEBACK,TRIGGER=1.00|GAP=0.75|FLOOR=0.00,YES,2026.02.10 07:27:24,1770708444302,444.242,1,33,1.848708,6.50,5030.09,5016.45,1.098708,RETENTION_STOP,2026.02.10 07:28:30,1770708510718,5016.52,510.658,1.098708,14.2083,4629,2026.02.10 07:30:00,1770708600115,55,5019.42
P2F4_CANDIDATE_S1,1770713700081_SELL,XAUUSD,PERIOD_M5,2026.02.10 08:55:00,1770713700081,2026.02.10 08:55:00,SELL,10,OK,1.250000,6.70,669.64,5022.23,5022.35,5022.29,12.0,CONTROL,CONTROL,NO_RETENTION,NO,,,,0,0,0.422912,8.37,5030.60,5030.60,-1.000000,TIME_EXIT,2026.02.10 09:05:00,1770714300148,5029.32,600.067,-0.847019,-14.1172,6512,2026.02.10 09:05:00,1770714300148,67,5029.32
P2F4_CANDIDATE_S1,1770713700081_SELL,XAUUSD,PERIOD_M5,2026.02.10 08:55:00,1770713700081,2026.02.10 08:55:00,SELL,10,OK,1.250000,6.70,669.64,5022.23,5022.35,5022.29,12.0,LEGACY_BE_050,BREAK_EVEN,0.50:0.00,NO,,,,0,0,0.422912,8.37,5030.60,5030.60,-1.000000,TIME_EXIT,2026.02.10 09:05:00,1770714300148,5029.32,600.067,-0.847019,-14.1172,6512,2026.02.10 09:05:00,1770714300148,67,5029.32
P2F4_CANDIDATE_S1,1770713700081_SELL,XAUUSD,PERIOD_M5,2026.02.10 08:55:00,1770713700081,2026.02.10 08:55:00,SELL,10,OK,1.250000,6.70,669.64,5022.23,5022.35,5022.29,12.0,STEPLOCK_V1,STEP_LOCK,0.50:-0.25|1.00:0.25|2.00:1.00,NO,,,,0,0,0.422912,8.37,5030.60,5030.60,-1.000000,TIME_EXIT,2026.02.10 09:05:00,1770714300148,5029.32,600.067,-0.847019,-14.1172,6512,2026.02.10 09:05:00,1770714300148,67,5029.32
P2F4_CANDIDATE_S1,1770713700081_SELL,XAUUSD,PERIOD_M5,2026.02.10 08:55:00,1770713700081,2026.02.10 08:55:00,SELL,10,OK,1.250000,6.70,669.64,5022.23,5022.35,5022.29,12.0,GIVEBACK_100_075,MFE_GIVEBACK,TRIGGER=1.00|GAP=0.75|FLOOR=0.00,NO,,,,0,0,0.422912,8.37,5030.60,5030.60,-1.000000,TIME_EXIT,2026.02.10 09:05:00,1770714300148,5029.32,600.067,-0.847019,-14.1172,6512,2026.02.10 09:05:00,1770714300148,67,5029.32
P2F4_CANDIDATE_S1,1770754200012_SELL,XAUUSD,PERIOD_M5,2026.02.10 20:10:00,1770754200012,2026.02.10 20:10:00,SELL,10,OK,1.250000,6.14,614.43,5021.00,5021.11,5021.06,11.0,CONTROL,CONTROL,NO_RETENTION,NO,,,,0,0,1.261660,7.68,5028.68,5028.68,-1.000000,TIME_EXIT,2026.02.10 20:20:00,1770754800012,5011.82,600.000,1.195257,18.2832,7431,2026.02.10 20:20:00,1770754800012,0,5011.82
P2F4_CANDIDATE_S1,1770754200012_SELL,XAUUSD,PERIOD_M5,2026.02.10 20:10:00,1770754200012,2026.02.10 20:10:00,SELL,10,OK,1.250000,6.14,614.43,5021.00,5021.11,5021.06,11.0,LEGACY_BE_050,BREAK_EVEN,0.50:0.00,YES,2026.02.10 20:11:06,1770754266234,66.222,1,1,1.261660,7.68,5028.68,5021.00,0.000000,TIME_EXIT,2026.02.10 20:20:00,1770754800012,5011.82,600.000,1.195257,18.2832,7431,2026.02.10 20:20:00,1770754800012,0,5011.82
P2F4_CANDIDATE_S1,1770754200012_SELL,XAUUSD,PERIOD_M5,2026.02.10 20:10:00,1770754200012,2026.02.10 20:10:00,SELL,10,OK,1.250000,6.14,614.43,5021.00,5021.11,5021.06,11.0,STEPLOCK_V1,STEP_LOCK,0.50:-0.25|1.00:0.25|2.00:1.00,YES,2026.02.10 20:11:06,1770754266234,66.222,2,2,1.261660,7.68,5028.68,5019.08,0.250000,TIME_EXIT,2026.02.10 20:20:00,1770754800012,5011.82,600.000,1.195257,18.2832,7431,2026.02.10 20:20:00,1770754800012,0,5011.82
P2F4_CANDIDATE_S1,1770754200012_SELL,XAUUSD,PERIOD_M5,2026.02.10 20:10:00,1770754200012,2026.02.10 20:10:00,SELL,10,OK,1.250000,6.14,614.43,5021.00,5021.11,5021.06,11.0,GIVEBACK_100_075,MFE_GIVEBACK,TRIGGER=1.00|GAP=0.75|FLOOR=0.00,YES,2026.02.10 20:17:57,1770754677105,477.093,1,15,1.261660,7.68,5028.68,5017.07,0.511660,TIME_EXIT,2026.02.10 20:20:00,1770754800012,5011.82,600.000,1.195257,18.2832,7431,2026.02.10 20:20:00,1770754800012,0,5011.82
P2F4_CANDIDATE_S1,1770767100003_SELL,XAUUSD,PERIOD_M5,2026.02.10 23:45:00,1770767100003,2026.02.10 23:45:00,SELL,10,OK,1.250000,4.87,486.57,5024.06,5024.50,5024.28,44.0,CONTROL,CONTROL,NO_RETENTION,NO,,,,0,0,0.549149,6.08,5030.14,5030.14,-1.000000,TIME_EXIT,2026.02.10 23:55:00,1770767700120,5026.15,600.117,-0.343629,-4.1600,1050,2026.02.10 23:55:00,1770767700120,117,5026.15
P2F4_CANDIDATE_S1,1770767100003_SELL,XAUUSD,PERIOD_M5,2026.02.10 23:45:00,1770767100003,2026.02.10 23:45:00,SELL,10,OK,1.250000,4.87,486.57,5024.06,5024.50,5024.28,44.0,LEGACY_BE_050,BREAK_EVEN,0.50:0.00,YES,2026.02.10 23:46:59,1770767219601,119.598,1,1,0.549149,6.08,5030.14,5024.06,0.000000,RETENTION_STOP,2026.02.10 23:49:54,1770767394429,5024.08,294.426,0.000000,0.0000,1050,2026.02.10 23:55:00,1770767700120,117,5026.15
P2F4_CANDIDATE_S1,1770767100003_SELL,XAUUSD,PERIOD_M5,2026.02.10 23:45:00,1770767100003,2026.02.10 23:45:00,SELL,10,OK,1.250000,4.87,486.57,5024.06,5024.50,5024.28,44.0,STEPLOCK_V1,STEP_LOCK,0.50:-0.25|1.00:0.25|2.00:1.00,YES,2026.02.10 23:46:59,1770767219601,119.598,1,1,0.549149,6.08,5030.14,5025.58,-0.250000,RETENTION_STOP,2026.02.10 23:50:34,1770767434863,5026.65,334.860,-0.250000,-3.0265,1050,2026.02.10 23:55:00,1770767700120,117,5026.15
P2F4_CANDIDATE_S1,1770767100003_SELL,XAUUSD,PERIOD_M5,2026.02.10 23:45:00,1770767100003,2026.02.10 23:45:00,SELL,10,OK,1.250000,4.87,486.57,5024.06,5024.50,5024.28,44.0,GIVEBACK_100_075,MFE_GIVEBACK,TRIGGER=1.00|GAP=0.75|FLOOR=0.00,NO,,,,0,0,0.549149,6.08,5030.14,5030.14,-1.000000,TIME_EXIT,2026.02.10 23:55:00,1770767700120,5026.15,600.117,-0.343629,-4.1600,1050,2026.02.10 23:55:00,1770767700120,117,5026.15
P2F4_CANDIDATE_S1,1770871800022_SELL,XAUUSD,PERIOD_M5,2026.02.12 04:50:00,1770871800022,2026.02.12 04:50:00,SELL,10,OK,1.250000,6.14,614.00,5060.38,5060.56,5060.47,18.0,CONTROL,CONTROL,NO_RETENTION,NO,,,,0,0,0.392182,7.68,5068.06,5068.06,-1.000000,TIME_EXIT,2026.02.12 05:00:00,1770872400067,5066.17,600.045,-0.754397,-11.4418,4552,2026.02.12 05:00:00,1770872400067,45,5066.17
P2F4_CANDIDATE_S1,1770871800022_SELL,XAUUSD,PERIOD_M5,2026.02.12 04:50:00,1770871800022,2026.02.12 04:50:00,SELL,10,OK,1.250000,6.14,614.00,5060.38,5060.56,5060.47,18.0,LEGACY_BE_050,BREAK_EVEN,0.50:0.00,NO,,,,0,0,0.392182,7.68,5068.06,5068.06,-1.000000,TIME_EXIT,2026.02.12 05:00:00,1770872400067,5066.17,600.045,-0.754397,-11.4418,4552,2026.02.12 05:00:00,1770872400067,45,5066.17
P2F4_CANDIDATE_S1,1770871800022_SELL,XAUUSD,PERIOD_M5,2026.02.12 04:50:00,1770871800022,2026.02.12 04:50:00,SELL,10,OK,1.250000,6.14,614.00,5060.38,5060.56,5060.47,18.0,STEPLOCK_V1,STEP_LOCK,0.50:-0.25|1.00:0.25|2.00:1.00,NO,,,,0,0,0.392182,7.68,5068.06,5068.06,-1.000000,TIME_EXIT,2026.02.12 05:00:00,1770872400067,5066.17,600.045,-0.754397,-11.4418,4552,2026.02.12 05:00:00,1770872400067,45,5066.17
P2F4_CANDIDATE_S1,1770871800022_SELL,XAUUSD,PERIOD_M5,2026.02.12 04:50:00,1770871800022,2026.02.12 04:50:00,SELL,10,OK,1.250000,6.14,614.00,5060.38,5060.56,5060.47,18.0,GIVEBACK_100_075,MFE_GIVEBACK,TRIGGER=1.00|GAP=0.75|FLOOR=0.00,NO,,,,0,0,0.392182,7.68,5068.06,5068.06,-1.000000,TIME_EXIT,2026.02.12 05:00:00,1770872400067,5066.17,600.045,-0.754397,-11.4418,4552,2026.02.12 05:00:00,1770872400067,45,5066.17
P2F4_CANDIDATE_S1,1770875400069_SELL,XAUUSD,PERIOD_M5,2026.02.12 05:50:00,1770875400069,2026.02.12 05:50:00,SELL,10,OK,1.250000,6.25,624.64,5058.85,5059.04,5058.94,19.0,CONTROL,CONTROL,NO_RETENTION,NO,,,,0,0,0.467467,7.81,5066.66,5066.66,-1.000000,TIME_EXIT,2026.02.12 06:00:00,1770876000096,5057.05,600.027,0.230532,3.5581,3299,2026.02.12 06:00:00,1770876000096,27,5057.05
P2F4_CANDIDATE_S1,1770875400069_SELL,XAUUSD,PERIOD_M5,2026.02.12 05:50:00,1770875400069,2026.02.12 05:50:00,SELL,10,OK,1.250000,6.25,624.64,5058.85,5059.04,5058.94,19.0,LEGACY_BE_050,BREAK_EVEN,0.50:0.00,NO,,,,0,0,0.467467,7.81,5066.66,5066.66,-1.000000,TIME_EXIT,2026.02.12 06:00:00,1770876000096,5057.05,600.027,0.230532,3.5581,3299,2026.02.12 06:00:00,1770876000096,27,5057.05
P2F4_CANDIDATE_S1,1770875400069_SELL,XAUUSD,PERIOD_M5,2026.02.12 05:50:00,1770875400069,2026.02.12 05:50:00,SELL,10,OK,1.250000,6.25,624.64,5058.85,5059.04,5058.94,19.0,STEPLOCK_V1,STEP_LOCK,0.50:-0.25|1.00:0.25|2.00:1.00,NO,,,,0,0,0.467467,7.81,5066.66,5066.66,-1.000000,TIME_EXIT,2026.02.12 06:00:00,1770876000096,5057.05,600.027,0.230532,3.5581,3299,2026.02.12 06:00:00,1770876000096,27,5057.05
P2F4_CANDIDATE_S1,1770875400069_SELL,XAUUSD,PERIOD_M5,2026.02.12 05:50:00,1770875400069,2026.02.12 05:50:00,SELL,10,OK,1.250000,6.25,624.64,5058.85,5059.04,5058.94,19.0,GIVEBACK_100_075,MFE_GIVEBACK,TRIGGER=1.00|GAP=0.75|FLOOR=0.00,NO,,,,0,0,0.467467,7.81,5066.66,5066.66,-1.000000,TIME_EXIT,2026.02.12 06:00:00,1770876000096,5057.05,600.027,0.230532,3.5581,3299,2026.02.12 06:00:00,1770876000096,27,5057.05
P2F4_CANDIDATE_S1,1770885000014_SELL,XAUUSD,PERIOD_M5,2026.02.12 08:30:00,1770885000014,2026.02.12 08:30:00,SELL,10,OK,1.250000,6.31,631.43,5055.50,5055.70,5055.60,20.0,CONTROL,CONTROL,NO_RETENTION,NO,,,,0,0,1.027511,7.89,5063.39,5063.39,-1.000000,TIME_EXIT,2026.02.12 08:40:00,1770885600086,5052.71,600.072,0.353484,5.5187,7582,2026.02.12 08:40:00,1770885600086,72,5052.71
P2F4_CANDIDATE_S1,1770885000014_SELL,XAUUSD,PERIOD_M5,2026.02.12 08:30:00,1770885000014,2026.02.12 08:30:00,SELL,10,OK,1.250000,6.31,631.43,5055.50,5055.70,5055.60,20.0,LEGACY_BE_050,BREAK_EVEN,0.50:0.00,YES,2026.02.12 08:32:12,1770885132746,132.732,1,1,1.027511,7.89,5063.39,5055.50,0.000000,TIME_EXIT,2026.02.12 08:40:00,1770885600086,5052.71,600.072,0.353484,5.5187,7582,2026.02.12 08:40:00,1770885600086,72,5052.71
P2F4_CANDIDATE_S1,1770885000014_SELL,XAUUSD,PERIOD_M5,2026.02.12 08:30:00,1770885000014,2026.02.12 08:30:00,SELL,10,OK,1.250000,6.31,631.43,5055.50,5055.70,5055.60,20.0,STEPLOCK_V1,STEP_LOCK,0.50:-0.25|1.00:0.25|2.00:1.00,YES,2026.02.12 08:32:12,1770885132746,132.732,2,2,1.027511,7.89,5063.39,5053.53,0.250000,RETENTION_STOP,2026.02.12 08:39:10,1770885550532,5053.62,550.518,0.250000,3.9031,7582,2026.02.12 08:40:00,1770885600086,72,5052.71
P2F4_CANDIDATE_S1,1770885000014_SELL,XAUUSD,PERIOD_M5,2026.02.12 08:30:00,1770885000014,2026.02.12 08:30:00,SELL,10,OK,1.250000,6.31,631.43,5055.50,5055.70,5055.60,20.0,GIVEBACK_100_075,MFE_GIVEBACK,TRIGGER=1.00|GAP=0.75|FLOOR=0.00,YES,2026.02.12 08:37:57,1770885477890,477.876,1,4,1.027511,7.89,5063.39,5053.31,0.277511,RETENTION_STOP,2026.02.12 08:39:10,1770885550331,5053.33,550.317,0.277511,4.3326,7582,2026.02.12 08:40:00,1770885600086,72,5052.71
P2F4_CANDIDATE_S1,1770892800280_SELL,XAUUSD,PERIOD_M5,2026.02.12 10:40:00,1770892800280,2026.02.12 10:40:00,SELL,10,OK,1.250000,4.77,476.93,5060.02,5060.16,5060.09,14.0,CONTROL,CONTROL,NO_RETENTION,NO,,,,0,0,0.021806,5.96,5065.98,5065.98,-1.000000,TIME_EXIT,2026.02.12 10:50:00,1770893400308,5062.05,600.028,-0.340512,-4.0118,2571,2026.02.12 10:50:00,1770893400308,28,5062.05
P2F4_CANDIDATE_S1,1770892800280_SELL,XAUUSD,PERIOD_M5,2026.02.12 10:40:00,1770892800280,2026.02.12 10:40:00,SELL,10,OK,1.250000,4.77,476.93,5060.02,5060.16,5060.09,14.0,LEGACY_BE_050,BREAK_EVEN,0.50:0.00,NO,,,,0,0,0.021806,5.96,5065.98,5065.98,-1.000000,TIME_EXIT,2026.02.12 10:50:00,1770893400308,5062.05,600.028,-0.340512,-4.0118,2571,2026.02.12 10:50:00,1770893400308,28,5062.05
P2F4_CANDIDATE_S1,1770892800280_SELL,XAUUSD,PERIOD_M5,2026.02.12 10:40:00,1770892800280,2026.02.12 10:40:00,SELL,10,OK,1.250000,4.77,476.93,5060.02,5060.16,5060.09,14.0,STEPLOCK_V1,STEP_LOCK,0.50:-0.25|1.00:0.25|2.00:1.00,NO,,,,0,0,0.021806,5.96,5065.98,5065.98,-1.000000,TIME_EXIT,2026.02.12 10:50:00,1770893400308,5062.05,600.028,-0.340512,-4.0118,2571,2026.02.12 10:50:00,1770893400308,28,5062.05
P2F4_CANDIDATE_S1,1770892800280_SELL,XAUUSD,PERIOD_M5,2026.02.12 10:40:00,1770892800280,2026.02.12 10:40:00,SELL,10,OK,1.250000,4.77,476.93,5060.02,5060.16,5060.09,14.0,GIVEBACK_100_075,MFE_GIVEBACK,TRIGGER=1.00|GAP=0.75|FLOOR=0.00,NO,,,,0,0,0.021806,5.96,5065.98,5065.98,-1.000000,TIME_EXIT,2026.02.12 10:50:00,1770893400308,5062.05,600.028,-0.340512,-4.0118,2571,2026.02.12 10:50:00,1770893400308,28,5062.05
P2F4_CANDIDATE_S1,1770899100042_SELL,XAUUSD,PERIOD_M5,2026.02.12 12:25:00,1770899100042,2026.02.12 12:25:00,SELL,10,OK,1.250000,4.67,466.71,5064.73,5064.86,5064.80,13.0,CONTROL,CONTROL,NO_RETENTION,NO,,,,0,0,0.593082,5.83,5070.56,5070.56,-1.000000,TIME_EXIT,2026.02.12 12:35:00,1770899700051,5062.73,600.009,0.342822,3.9489,3616,2026.02.12 12:35:00,1770899700051,9,5062.73
P2F4_CANDIDATE_S1,1770899100042_SELL,XAUUSD,PERIOD_M5,2026.02.12 12:25:00,1770899100042,2026.02.12 12:25:00,SELL,10,OK,1.250000,4.67,466.71,5064.73,5064.86,5064.80,13.0,LEGACY_BE_050,BREAK_EVEN,0.50:0.00,YES,2026.02.12 12:29:53,1770899393913,293.871,1,1,0.593082,5.83,5070.56,5064.73,0.000000,RETENTION_STOP,2026.02.12 12:30:33,1770899433588,5064.82,333.546,0.000000,0.0000,3616,2026.02.12 12:35:00,1770899700051,9,5062.73
P2F4_CANDIDATE_S1,1770899100042_SELL,XAUUSD,PERIOD_M5,2026.02.12 12:25:00,1770899100042,2026.02.12 12:25:00,SELL,10,OK,1.250000,4.67,466.71,5064.73,5064.86,5064.80,13.0,STEPLOCK_V1,STEP_LOCK,0.50:-0.25|1.00:0.25|2.00:1.00,YES,2026.02.12 12:29:53,1770899393913,293.871,1,1,0.593082,5.83,5070.56,5066.19,-0.250000,TIME_EXIT,2026.02.12 12:35:00,1770899700051,5062.73,600.009,0.342822,3.9489,3616,2026.02.12 12:35:00,1770899700051,9,5062.73
P2F4_CANDIDATE_S1,1770899100042_SELL,XAUUSD,PERIOD_M5,2026.02.12 12:25:00,1770899100042,2026.02.12 12:25:00,SELL,10,OK,1.250000,4.67,466.71,5064.73,5064.86,5064.80,13.0,GIVEBACK_100_075,MFE_GIVEBACK,TRIGGER=1.00|GAP=0.75|FLOOR=0.00,NO,,,,0,0,0.593082,5.83,5070.56,5070.56,-1.000000,TIME_EXIT,2026.02.12 12:35:00,1770899700051,5062.73,600.009,0.342822,3.9489,3616,2026.02.12 12:35:00,1770899700051,9,5062.73
P2F4_CANDIDATE_S1,1770905400061_SELL,XAUUSD,PERIOD_M5,2026.02.12 14:10:00,1770905400061,2026.02.12 14:10:00,SELL,10,OK,1.250000,3.75,375.07,5061.27,5061.41,5061.34,14.0,CONTROL,CONTROL,NO_RETENTION,NO,,,,0,0,0.413788,4.69,5065.96,5065.96,-1.000000,TIME_EXIT,2026.02.12 14:20:00,1770906000095,5063.79,600.034,-0.537498,-4.9790,3705,2026.02.12 14:20:00,1770906000095,34,5063.79
P2F4_CANDIDATE_S1,1770905400061_SELL,XAUUSD,PERIOD_M5,2026.02.12 14:10:00,1770905400061,2026.02.12 14:10:00,SELL,10,OK,1.250000,3.75,375.07,5061.27,5061.41,5061.34,14.0,LEGACY_BE_050,BREAK_EVEN,0.50:0.00,NO,,,,0,0,0.413788,4.69,5065.96,5065.96,-1.000000,TIME_EXIT,2026.02.12 14:20:00,1770906000095,5063.79,600.034,-0.537498,-4.9790,3705,2026.02.12 14:20:00,1770906000095,34,5063.79
P2F4_CANDIDATE_S1,1770905400061_SELL,XAUUSD,PERIOD_M5,2026.02.12 14:10:00,1770905400061,2026.02.12 14:10:00,SELL,10,OK,1.250000,3.75,375.07,5061.27,5061.41,5061.34,14.0,STEPLOCK_V1,STEP_LOCK,0.50:-0.25|1.00:0.25|2.00:1.00,NO,,,,0,0,0.413788,4.69,5065.96,5065.96,-1.000000,TIME_EXIT,2026.02.12 14:20:00,1770906000095,5063.79,600.034,-0.537498,-4.9790,3705,2026.02.12 14:20:00,1770906000095,34,5063.79
P2F4_CANDIDATE_S1,1770905400061_SELL,XAUUSD,PERIOD_M5,2026.02.12 14:10:00,1770905400061,2026.02.12 14:10:00,SELL,10,OK,1.250000,3.75,375.07,5061.27,5061.41,5061.34,14.0,GIVEBACK_100_075,MFE_GIVEBACK,TRIGGER=1.00|GAP=0.75|FLOOR=0.00,NO,,,,0,0,0.413788,4.69,5065.96,5065.96,-1.000000,TIME_EXIT,2026.02.12 14:20:00,1770906000095,5063.79,600.034,-0.537498,-4.9790,3705,2026.02.12 14:20:00,1770906000095,34,5063.79
P2F4_CANDIDATE_S1,1770913800023_SELL,XAUUSD,PERIOD_M5,2026.02.12 16:30:00,1770913800023,2026.02.12 16:30:00,SELL,10,OK,1.250000,8.59,859.50,5059.96,5060.16,5060.06,20.0,CONTROL,CONTROL,NO_RETENTION,NO,,,,0,0,0.097731,10.74,5070.70,5070.70,-1.000000,HARD_SL,2026.02.12 16:33:02,1770913982571,5070.84,182.548,-1.000000,-21.2329,11008,2026.02.12 16:40:00,1770914400037,14,5059.27
P2F4_CANDIDATE_S1,1770913800023_SELL,XAUUSD,PERIOD_M5,2026.02.12 16:30:00,1770913800023,2026.02.12 16:30:00,SELL,10,OK,1.250000,8.59,859.50,5059.96,5060.16,5060.06,20.0,LEGACY_BE_050,BREAK_EVEN,0.50:0.00,NO,,,,0,0,0.097731,10.74,5070.70,5070.70,-1.000000,HARD_SL,2026.02.12 16:33:02,1770913982571,5070.84,182.548,-1.000000,-21.2329,11008,2026.02.12 16:40:00,1770914400037,14,5059.27
P2F4_CANDIDATE_S1,1770913800023_SELL,XAUUSD,PERIOD_M5,2026.02.12 16:30:00,1770913800023,2026.02.12 16:30:00,SELL,10,OK,1.250000,8.59,859.50,5059.96,5060.16,5060.06,20.0,STEPLOCK_V1,STEP_LOCK,0.50:-0.25|1.00:0.25|2.00:1.00,NO,,,,0,0,0.097731,10.74,5070.70,5070.70,-1.000000,HARD_SL,2026.02.12 16:33:02,1770913982571,5070.84,182.548,-1.000000,-21.2329,11008,2026.02.12 16:40:00,1770914400037,14,5059.27
P2F4_CANDIDATE_S1,1770913800023_SELL,XAUUSD,PERIOD_M5,2026.02.12 16:30:00,1770913800023,2026.02.12 16:30:00,SELL,10,OK,1.250000,8.59,859.50,5059.96,5060.16,5060.06,20.0,GIVEBACK_100_075,MFE_GIVEBACK,TRIGGER=1.00|GAP=0.75|FLOOR=0.00,NO,,,,0,0,0.097731,10.74,5070.70,5070.70,-1.000000,HARD_SL,2026.02.12 16:33:02,1770913982571,5070.84,182.548,-1.000000,-21.2329,11008,2026.02.12 16:40:00,1770914400037,14,5059.27
P2F4_CANDIDATE_S1,1770919800044_SELL,XAUUSD,PERIOD_M5,2026.02.12 18:10:00,1770919800044,2026.02.12 18:10:00,SELL,10,OK,1.250000,7.83,783.36,5050.12,5050.27,5050.19,15.0,CONTROL,CONTROL,NO_RETENTION,NO,,,,0,0,13.924683,9.79,5059.91,5059.91,-1.000000,TIME_EXIT,2026.02.12 18:20:00,1770920400065,4934.81,600.021,11.775982,228.3312,14194,2026.02.12 18:20:00,1770920400065,21,4934.81
P2F4_CANDIDATE_S1,1770919800044_SELL,XAUUSD,PERIOD_M5,2026.02.12 18:10:00,1770919800044,2026.02.12 18:10:00,SELL,10,OK,1.250000,7.83,783.36,5050.12,5050.27,5050.19,15.0,LEGACY_BE_050,BREAK_EVEN,0.50:0.00,YES,2026.02.12 18:10:29,1770919829203,29.159,1,1,13.924683,9.79,5059.91,5050.12,0.000000,TIME_EXIT,2026.02.12 18:20:00,1770920400065,4934.81,600.021,11.775982,228.3312,14194,2026.02.12 18:20:00,1770920400065,21,4934.81
P2F4_CANDIDATE_S1,1770919800044_SELL,XAUUSD,PERIOD_M5,2026.02.12 18:10:00,1770919800044,2026.02.12 18:10:00,SELL,10,OK,1.250000,7.83,783.36,5050.12,5050.27,5050.19,15.0,STEPLOCK_V1,STEP_LOCK,0.50:-0.25|1.00:0.25|2.00:1.00,YES,2026.02.12 18:10:29,1770919829203,29.159,3,3,13.924683,9.79,5059.91,5040.33,1.000000,TIME_EXIT,2026.02.12 18:20:00,1770920400065,4934.81,600.021,11.775982,228.3312,14194,2026.02.12 18:20:00,1770920400065,21,4934.81
P2F4_CANDIDATE_S1,1770919800044_SELL,XAUUSD,PERIOD_M5,2026.02.12 18:10:00,1770919800044,2026.02.12 18:10:00,SELL,10,OK,1.250000,7.83,783.36,5050.12,5050.27,5050.19,15.0,GIVEBACK_100_075,MFE_GIVEBACK,TRIGGER=1.00|GAP=0.75|FLOOR=0.00,YES,2026.02.12 18:10:54,1770919854767,54.723,1,117,4.392377,9.79,5059.91,5014.45,3.642377,RETENTION_STOP,2026.02.12 18:12:18,1770919938062,5014.54,138.018,3.642377,70.6241,14194,2026.02.12 18:20:00,1770920400065,21,4934.81
P2F4_CANDIDATE_S1,1770934800047_SELL,XAUUSD,PERIOD_M5,2026.02.12 22:20:00,1770934800047,2026.02.12 22:20:00,SELL,10,OK,1.250000,9.03,903.36,4937.60,4937.80,4937.70,20.0,CONTROL,CONTROL,NO_RETENTION,NO,,,,0,0,1.384170,11.29,4948.89,4948.89,-1.000000,TIME_EXIT,2026.02.12 22:30:00,1770935400061,4922.88,600.014,1.303582,29.8121,7627,2026.02.12 22:30:00,1770935400061,14,4922.88
P2F4_CANDIDATE_S1,1770934800047_SELL,XAUUSD,PERIOD_M5,2026.02.12 22:20:00,1770934800047,2026.02.12 22:20:00,SELL,10,OK,1.250000,9.03,903.36,4937.60,4937.80,4937.70,20.0,LEGACY_BE_050,BREAK_EVEN,0.50:0.00,YES,2026.02.12 22:23:57,1770935037196,237.149,1,1,1.384170,11.29,4948.89,4937.60,0.000000,TIME_EXIT,2026.02.12 22:30:00,1770935400061,4922.88,600.014,1.303582,29.8121,7627,2026.02.12 22:30:00,1770935400061,14,4922.88
P2F4_CANDIDATE_S1,1770934800047_SELL,XAUUSD,PERIOD_M5,2026.02.12 22:20:00,1770934800047,2026.02.12 22:20:00,SELL,10,OK,1.250000,9.03,903.36,4937.60,4937.80,4937.70,20.0,STEPLOCK_V1,STEP_LOCK,0.50:-0.25|1.00:0.25|2.00:1.00,YES,2026.02.12 22:23:57,1770935037196,237.149,2,2,1.384170,11.29,4948.89,4934.78,0.250000,TIME_EXIT,2026.02.12 22:30:00,1770935400061,4922.88,600.014,1.303582,29.8121,7627,2026.02.12 22:30:00,1770935400061,14,4922.88
P2F4_CANDIDATE_S1,1770934800047_SELL,XAUUSD,PERIOD_M5,2026.02.12 22:20:00,1770934800047,2026.02.12 22:20:00,SELL,10,OK,1.250000,9.03,903.36,4937.60,4937.80,4937.70,20.0,GIVEBACK_100_075,MFE_GIVEBACK,TRIGGER=1.00|GAP=0.75|FLOOR=0.00,YES,2026.02.12 22:25:54,1770935154068,354.021,1,63,1.384170,11.29,4948.89,4930.44,0.634170,TIME_EXIT,2026.02.12 22:30:00,1770935400061,4922.88,600.014,1.303582,29.8121,7627,2026.02.12 22:30:00,1770935400061,14,4922.88
P2F4_CANDIDATE_S1,1770965700033_SELL,XAUUSD,PERIOD_M5,2026.02.13 06:55:00,1770965700033,2026.02.13 06:55:00,SELL,10,OK,1.250000,5.85,585.29,4975.18,4975.44,4975.31,26.0,CONTROL,CONTROL,NO_RETENTION,NO,,,,0,0,0.043739,7.32,4982.50,4982.50,-1.000000,TIME_EXIT,2026.02.13 07:05:00,1770966300067,4980.62,600.034,-0.743568,-10.9343,3702,2026.02.13 07:05:00,1770966300067,34,4980.62
P2F4_CANDIDATE_S1,1770965700033_SELL,XAUUSD,PERIOD_M5,2026.02.13 06:55:00,1770965700033,2026.02.13 06:55:00,SELL,10,OK,1.250000,5.85,585.29,4975.18,4975.44,4975.31,26.0,LEGACY_BE_050,BREAK_EVEN,0.50:0.00,NO,,,,0,0,0.043739,7.32,4982.50,4982.50,-1.000000,TIME_EXIT,2026.02.13 07:05:00,1770966300067,4980.62,600.034,-0.743568,-10.9343,3702,2026.02.13 07:05:00,1770966300067,34,4980.62
P2F4_CANDIDATE_S1,1770965700033_SELL,XAUUSD,PERIOD_M5,2026.02.13 06:55:00,1770965700033,2026.02.13 06:55:00,SELL,10,OK,1.250000,5.85,585.29,4975.18,4975.44,4975.31,26.0,STEPLOCK_V1,STEP_LOCK,0.50:-0.25|1.00:0.25|2.00:1.00,NO,,,,0,0,0.043739,7.32,4982.50,4982.50,-1.000000,TIME_EXIT,2026.02.13 07:05:00,1770966300067,4980.62,600.034,-0.743568,-10.9343,3702,2026.02.13 07:05:00,1770966300067,34,4980.62
P2F4_CANDIDATE_S1,1770965700033_SELL,XAUUSD,PERIOD_M5,2026.02.13 06:55:00,1770965700033,2026.02.13 06:55:00,SELL,10,OK,1.250000,5.85,585.29,4975.18,4975.44,4975.31,26.0,GIVEBACK_100_075,MFE_GIVEBACK,TRIGGER=1.00|GAP=0.75|FLOOR=0.00,NO,,,,0,0,0.043739,7.32,4982.50,4982.50,-1.000000,TIME_EXIT,2026.02.13 07:05:00,1770966300067,4980.62,600.034,-0.743568,-10.9343,3702,2026.02.13 07:05:00,1770966300067,34,4980.62
P2F4_CANDIDATE_S1,1770982200032_SELL,XAUUSD,PERIOD_M5,2026.02.13 11:30:00,1770982200032,2026.02.13 11:30:00,SELL,10,OK,1.250000,6.87,686.79,4964.98,4965.07,4965.02,9.0,CONTROL,CONTROL,NO_RETENTION,NO,,,,0,0,0.405367,8.58,4973.56,4973.56,-1.000000,TIME_EXIT,2026.02.13 11:40:00,1770982800054,4965.15,600.022,-0.019802,-0.3424,4760,2026.02.13 11:40:00,1770982800054,22,4965.15
P2F4_CANDIDATE_S1,1770982200032_SELL,XAUUSD,PERIOD_M5,2026.02.13 11:30:00,1770982200032,2026.02.13 11:30:00,SELL,10,OK,1.250000,6.87,686.79,4964.98,4965.07,4965.02,9.0,LEGACY_BE_050,BREAK_EVEN,0.50:0.00,NO,,,,0,0,0.405367,8.58,4973.56,4973.56,-1.000000,TIME_EXIT,2026.02.13 11:40:00,1770982800054,4965.15,600.022,-0.019802,-0.3424,4760,2026.02.13 11:40:00,1770982800054,22,4965.15
P2F4_CANDIDATE_S1,1770982200032_SELL,XAUUSD,PERIOD_M5,2026.02.13 11:30:00,1770982200032,2026.02.13 11:30:00,SELL,10,OK,1.250000,6.87,686.79,4964.98,4965.07,4965.02,9.0,STEPLOCK_V1,STEP_LOCK,0.50:-0.25|1.00:0.25|2.00:1.00,NO,,,,0,0,0.405367,8.58,4973.56,4973.56,-1.000000,TIME_EXIT,2026.02.13 11:40:00,1770982800054,4965.15,600.022,-0.019802,-0.3424,4760,2026.02.13 11:40:00,1770982800054,22,4965.15
P2F4_CANDIDATE_S1,1770982200032_SELL,XAUUSD,PERIOD_M5,2026.02.13 11:30:00,1770982200032,2026.02.13 11:30:00,SELL,10,OK,1.250000,6.87,686.79,4964.98,4965.07,4965.02,9.0,GIVEBACK_100_075,MFE_GIVEBACK,TRIGGER=1.00|GAP=0.75|FLOOR=0.00,NO,,,,0,0,0.405367,8.58,4973.56,4973.56,-1.000000,TIME_EXIT,2026.02.13 11:40:00,1770982800054,4965.15,600.022,-0.019802,-0.3424,4760,2026.02.13 11:40:00,1770982800054,22,4965.15
P2F4_CANDIDATE_S1,1771292400019_SELL,XAUUSD,PERIOD_M5,2026.02.17 01:40:00,1771292400019,2026.02.17 01:40:00,SELL,10,OK,1.250000,5.43,542.79,4989.92,4990.14,4990.03,22.0,CONTROL,CONTROL,NO_RETENTION,NO,,,,0,0,0.343414,6.78,4996.70,4996.70,-1.000000,TIME_EXIT,2026.02.17 01:50:00,1771293000034,4993.85,600.015,-0.579234,-7.8759,2008,2026.02.17 01:50:00,1771293000034,15,4993.85
P2F4_CANDIDATE_S1,1771292400019_SELL,XAUUSD,PERIOD_M5,2026.02.17 01:40:00,1771292400019,2026.02.17 01:40:00,SELL,10,OK,1.250000,5.43,542.79,4989.92,4990.14,4990.03,22.0,LEGACY_BE_050,BREAK_EVEN,0.50:0.00,NO,,,,0,0,0.343414,6.78,4996.70,4996.70,-1.000000,TIME_EXIT,2026.02.17 01:50:00,1771293000034,4993.85,600.015,-0.579234,-7.8759,2008,2026.02.17 01:50:00,1771293000034,15,4993.85
P2F4_CANDIDATE_S1,1771292400019_SELL,XAUUSD,PERIOD_M5,2026.02.17 01:40:00,1771292400019,2026.02.17 01:40:00,SELL,10,OK,1.250000,5.43,542.79,4989.92,4990.14,4990.03,22.0,STEPLOCK_V1,STEP_LOCK,0.50:-0.25|1.00:0.25|2.00:1.00,NO,,,,0,0,0.343414,6.78,4996.70,4996.70,-1.000000,TIME_EXIT,2026.02.17 01:50:00,1771293000034,4993.85,600.015,-0.579234,-7.8759,2008,2026.02.17 01:50:00,1771293000034,15,4993.85
P2F4_CANDIDATE_S1,1771292400019_SELL,XAUUSD,PERIOD_M5,2026.02.17 01:40:00,1771292400019,2026.02.17 01:40:00,SELL,10,OK,1.250000,5.43,542.79,4989.92,4990.14,4990.03,22.0,GIVEBACK_100_075,MFE_GIVEBACK,TRIGGER=1.00|GAP=0.75|FLOOR=0.00,NO,,,,0,0,0.343414,6.78,4996.70,4996.70,-1.000000,TIME_EXIT,2026.02.17 01:50:00,1771293000034,4993.85,600.015,-0.579234,-7.8759,2008,2026.02.17 01:50:00,1771293000034,15,4993.85
P2F4_CANDIDATE_S1,1771303500080_SELL,XAUUSD,PERIOD_M5,2026.02.17 04:45:00,1771303500080,2026.02.17 04:45:00,SELL,10,OK,1.250000,4.67,466.71,4961.03,4961.21,4961.12,18.0,CONTROL,CONTROL,NO_RETENTION,NO,,,,0,0,0.107989,5.83,4966.86,4966.86,-1.000000,TIME_EXIT,2026.02.17 04:55:00,1771304100088,4963.44,600.008,-0.413101,-4.8579,3246,2026.02.17 04:55:00,1771304100088,8,4963.44
P2F4_CANDIDATE_S1,1771303500080_SELL,XAUUSD,PERIOD_M5,2026.02.17 04:45:00,1771303500080,2026.02.17 04:45:00,SELL,10,OK,1.250000,4.67,466.71,4961.03,4961.21,4961.12,18.0,LEGACY_BE_050,BREAK_EVEN,0.50:0.00,NO,,,,0,0,0.107989,5.83,4966.86,4966.86,-1.000000,TIME_EXIT,2026.02.17 04:55:00,1771304100088,4963.44,600.008,-0.413101,-4.8579,3246,2026.02.17 04:55:00,1771304100088,8,4963.44
P2F4_CANDIDATE_S1,1771303500080_SELL,XAUUSD,PERIOD_M5,2026.02.17 04:45:00,1771303500080,2026.02.17 04:45:00,SELL,10,OK,1.250000,4.67,466.71,4961.03,4961.21,4961.12,18.0,STEPLOCK_V1,STEP_LOCK,0.50:-0.25|1.00:0.25|2.00:1.00,NO,,,,0,0,0.107989,5.83,4966.86,4966.86,-1.000000,TIME_EXIT,2026.02.17 04:55:00,1771304100088,4963.44,600.008,-0.413101,-4.8579,3246,2026.02.17 04:55:00,1771304100088,8,4963.44
P2F4_CANDIDATE_S1,1771303500080_SELL,XAUUSD,PERIOD_M5,2026.02.17 04:45:00,1771303500080,2026.02.17 04:45:00,SELL,10,OK,1.250000,4.67,466.71,4961.03,4961.21,4961.12,18.0,GIVEBACK_100_075,MFE_GIVEBACK,TRIGGER=1.00|GAP=0.75|FLOOR=0.00,NO,,,,0,0,0.107989,5.83,4966.86,4966.86,-1.000000,TIME_EXIT,2026.02.17 04:55:00,1771304100088,4963.44,600.008,-0.413101,-4.8579,3246,2026.02.17 04:55:00,1771304100088,8,4963.44
P2F4_CANDIDATE_S1,1771305300049_SELL,XAUUSD,PERIOD_M5,2026.02.17 05:15:00,1771305300049,2026.02.17 05:15:00,SELL,10,OK,1.250000,4.75,474.86,4961.56,4961.77,4961.67,21.0,CONTROL,CONTROL,NO_RETENTION,NO,,,,0,0,0.813718,5.94,4967.50,4967.50,-1.000000,TIME_EXIT,2026.02.17 05:25:00,1771305900394,4958.13,600.345,0.577858,6.9131,4075,2026.02.17 05:25:00,1771305900394,345,4958.13
P2F4_CANDIDATE_S1,1771305300049_SELL,XAUUSD,PERIOD_M5,2026.02.17 05:15:00,1771305300049,2026.02.17 05:15:00,SELL,10,OK,1.250000,4.75,474.86,4961.56,4961.77,4961.67,21.0,LEGACY_BE_050,BREAK_EVEN,0.50:0.00,YES,2026.02.17 05:15:52,1771305352581,52.532,1,1,0.813718,5.94,4967.50,4961.56,0.000000,RETENTION_STOP,2026.02.17 05:22:17,1771305737929,4961.57,437.880,0.000000,0.0000,4075,2026.02.17 05:25:00,1771305900394,345,4958.13
P2F4_CANDIDATE_S1,1771305300049_SELL,XAUUSD,PERIOD_M5,2026.02.17 05:15:00,1771305300049,2026.02.17 05:15:00,SELL,10,OK,1.250000,4.75,474.86,4961.56,4961.77,4961.67,21.0,STEPLOCK_V1,STEP_LOCK,0.50:-0.25|1.00:0.25|2.00:1.00,YES,2026.02.17 05:15:52,1771305352581,52.532,1,1,0.813718,5.94,4967.50,4963.04,-0.250000,TIME_EXIT,2026.02.17 05:25:00,1771305900394,4958.13,600.345,0.577858,6.9131,4075,2026.02.17 05:25:00,1771305900394,345,4958.13
P2F4_CANDIDATE_S1,1771305300049_SELL,XAUUSD,PERIOD_M5,2026.02.17 05:15:00,1771305300049,2026.02.17 05:15:00,SELL,10,OK,1.250000,4.75,474.86,4961.56,4961.77,4961.67,21.0,GIVEBACK_100_075,MFE_GIVEBACK,TRIGGER=1.00|GAP=0.75|FLOOR=0.00,NO,,,,0,0,0.813718,5.94,4967.50,4967.50,-1.000000,TIME_EXIT,2026.02.17 05:25:00,1771305900394,4958.13,600.345,0.577858,6.9131,4075,2026.02.17 05:25:00,1771305900394,345,4958.13
P2F4_CANDIDATE_S1,1771332900006_SELL,XAUUSD,PERIOD_M5,2026.02.17 12:55:00,1771332900006,2026.02.17 12:55:00,SELL,10,OK,1.250000,6.98,697.64,4912.15,4912.19,4912.17,4.0,CONTROL,CONTROL,NO_RETENTION,NO,,,,0,0,0.232784,8.72,4920.87,4920.87,-1.000000,TIME_EXIT,2026.02.17 13:05:00,1771333500068,4919.42,600.062,-0.833664,-14.8000,4622,2026.02.17 13:05:00,1771333500068,62,4919.42
P2F4_CANDIDATE_S1,1771332900006_SELL,XAUUSD,PERIOD_M5,2026.02.17 12:55:00,1771332900006,2026.02.17 12:55:00,SELL,10,OK,1.250000,6.98,697.64,4912.15,4912.19,4912.17,4.0,LEGACY_BE_050,BREAK_EVEN,0.50:0.00,NO,,,,0,0,0.232784,8.72,4920.87,4920.87,-1.000000,TIME_EXIT,2026.02.17 13:05:00,1771333500068,4919.42,600.062,-0.833664,-14.8000,4622,2026.02.17 13:05:00,1771333500068,62,4919.42
P2F4_CANDIDATE_S1,1771332900006_SELL,XAUUSD,PERIOD_M5,2026.02.17 12:55:00,1771332900006,2026.02.17 12:55:00,SELL,10,OK,1.250000,6.98,697.64,4912.15,4912.19,4912.17,4.0,STEPLOCK_V1,STEP_LOCK,0.50:-0.25|1.00:0.25|2.00:1.00,NO,,,,0,0,0.232784,8.72,4920.87,4920.87,-1.000000,TIME_EXIT,2026.02.17 13:05:00,1771333500068,4919.42,600.062,-0.833664,-14.8000,4622,2026.02.17 13:05:00,1771333500068,62,4919.42
P2F4_CANDIDATE_S1,1771332900006_SELL,XAUUSD,PERIOD_M5,2026.02.17 12:55:00,1771332900006,2026.02.17 12:55:00,SELL,10,OK,1.250000,6.98,697.64,4912.15,4912.19,4912.17,4.0,GIVEBACK_100_075,MFE_GIVEBACK,TRIGGER=1.00|GAP=0.75|FLOOR=0.00,NO,,,,0,0,0.232784,8.72,4920.87,4920.87,-1.000000,TIME_EXIT,2026.02.17 13:05:00,1771333500068,4919.42,600.062,-0.833664,-14.8000,4622,2026.02.17 13:05:00,1771333500068,62,4919.42
P2F4_CANDIDATE_S1,1771341300017_SELL,XAUUSD,PERIOD_M5,2026.02.17 15:15:00,1771341300017,2026.02.17 15:15:00,SELL,10,OK,1.250000,6.03,603.43,4922.29,4922.37,4922.33,8.0,CONTROL,CONTROL,NO_RETENTION,NO,,,,0,0,1.482197,7.54,4929.83,4929.83,-1.000000,TIME_EXIT,2026.02.17 15:25:00,1771341900017,4917.66,600.000,0.613826,9.4062,7496,2026.02.17 15:25:00,1771341900017,0,4917.66
P2F4_CANDIDATE_S1,1771341300017_SELL,XAUUSD,PERIOD_M5,2026.02.17 15:15:00,1771341300017,2026.02.17 15:15:00,SELL,10,OK,1.250000,6.03,603.43,4922.29,4922.37,4922.33,8.0,LEGACY_BE_050,BREAK_EVEN,0.50:0.00,YES,2026.02.17 15:15:50,1771341350960,50.943,1,1,1.482197,7.54,4929.83,4922.29,0.000000,RETENTION_STOP,2026.02.17 15:22:25,1771341745402,4922.36,445.385,0.000000,0.0000,7496,2026.02.17 15:25:00,1771341900017,0,4917.66
P2F4_CANDIDATE_S1,1771341300017_SELL,XAUUSD,PERIOD_M5,2026.02.17 15:15:00,1771341300017,2026.02.17 15:15:00,SELL,10,OK,1.250000,6.03,603.43,4922.29,4922.37,4922.33,8.0,STEPLOCK_V1,STEP_LOCK,0.50:-0.25|1.00:0.25|2.00:1.00,YES,2026.02.17 15:15:50,1771341350960,50.943,2,2,1.482197,7.54,4929.83,4920.40,0.250000,RETENTION_STOP,2026.02.17 15:22:16,1771341736558,4920.56,436.541,0.250000,3.8310,7496,2026.02.17 15:25:00,1771341900017,0,4917.66
P2F4_CANDIDATE_S1,1771341300017_SELL,XAUUSD,PERIOD_M5,2026.02.17 15:15:00,1771341300017,2026.02.17 15:15:00,SELL,10,OK,1.250000,6.03,603.43,4922.29,4922.37,4922.33,8.0,GIVEBACK_100_075,MFE_GIVEBACK,TRIGGER=1.00|GAP=0.75|FLOOR=0.00,YES,2026.02.17 15:16:07,1771341367927,67.910,1,30,1.482197,7.54,4929.83,4916.77,0.732197,RETENTION_STOP,2026.02.17 15:20:45,1771341645147,4916.77,345.130,0.732197,11.2201,7496,2026.02.17 15:25:00,1771341900017,0,4917.66
P2F4_CANDIDATE_S1,1771354500039_SELL,XAUUSD,PERIOD_M5,2026.02.17 18:55:00,1771354500039,2026.02.17 18:55:00,SELL,10,OK,1.250000,10.01,1001.07,4876.29,4876.46,4876.38,17.0,CONTROL,CONTROL,NO_RETENTION,NO,,,,0,0,1.434463,12.51,4888.80,4888.80,-1.000000,TIME_EXIT,2026.02.17 19:05:00,1771355100061,4866.55,600.022,0.778366,19.9742,10142,2026.02.17 19:05:00,1771355100061,22,4866.55
P2F4_CANDIDATE_S1,1771354500039_SELL,XAUUSD,PERIOD_M5,2026.02.17 18:55:00,1771354500039,2026.02.17 18:55:00,SELL,10,OK,1.250000,10.01,1001.07,4876.29,4876.46,4876.38,17.0,LEGACY_BE_050,BREAK_EVEN,0.50:0.00,YES,2026.02.17 18:57:40,1771354660869,160.830,1,1,1.434463,12.51,4888.80,4876.29,0.000000,TIME_EXIT,2026.02.17 19:05:00,1771355100061,4866.55,600.022,0.778366,19.9742,10142,2026.02.17 19:05:00,1771355100061,22,4866.55
P2F4_CANDIDATE_S1,1771354500039_SELL,XAUUSD,PERIOD_M5,2026.02.17 18:55:00,1771354500039,2026.02.17 18:55:00,SELL,10,OK,1.250000,10.01,1001.07,4876.29,4876.46,4876.38,17.0,STEPLOCK_V1,STEP_LOCK,0.50:-0.25|1.00:0.25|2.00:1.00,YES,2026.02.17 18:57:40,1771354660869,160.830,2,2,1.434463,12.51,4888.80,4873.16,0.250000,TIME_EXIT,2026.02.17 19:05:00,1771355100061,4866.55,600.022,0.778366,19.9742,10142,2026.02.17 19:05:00,1771355100061,22,4866.55
P2F4_CANDIDATE_S1,1771354500039_SELL,XAUUSD,PERIOD_M5,2026.02.17 18:55:00,1771354500039,2026.02.17 18:55:00,SELL,10,OK,1.250000,10.01,1001.07,4876.29,4876.46,4876.38,17.0,GIVEBACK_100_075,MFE_GIVEBACK,TRIGGER=1.00|GAP=0.75|FLOOR=0.00,YES,2026.02.17 19:00:21,1771354821995,321.956,1,23,1.434463,12.51,4888.80,4867.73,0.684463,RETENTION_STOP,2026.02.17 19:02:19,1771354939513,4867.83,439.474,0.684463,17.5645,10142,2026.02.17 19:05:00,1771355100061,22,4866.55
P2F4_CANDIDATE_S1,1771365900046_SELL,XAUUSD,PERIOD_M5,2026.02.17 22:05:00,1771365900046,2026.02.17 22:05:00,SELL,10,OK,1.250000,7.21,720.57,4879.02,4879.20,4879.11,18.0,CONTROL,CONTROL,NO_RETENTION,NO,,,,0,0,0.434100,9.01,4888.03,4888.03,-1.000000,TIME_EXIT,2026.02.17 22:15:00,1771366500085,4879.89,600.039,-0.096590,-1.7831,5619,2026.02.17 22:15:00,1771366500085,39,4879.89
P2F4_CANDIDATE_S1,1771365900046_SELL,XAUUSD,PERIOD_M5,2026.02.17 22:05:00,1771365900046,2026.02.17 22:05:00,SELL,10,OK,1.250000,7.21,720.57,4879.02,4879.20,4879.11,18.0,LEGACY_BE_050,BREAK_EVEN,0.50:0.00,NO,,,,0,0,0.434100,9.01,4888.03,4888.03,-1.000000,TIME_EXIT,2026.02.17 22:15:00,1771366500085,4879.89,600.039,-0.096590,-1.7831,5619,2026.02.17 22:15:00,1771366500085,39,4879.89
P2F4_CANDIDATE_S1,1771365900046_SELL,XAUUSD,PERIOD_M5,2026.02.17 22:05:00,1771365900046,2026.02.17 22:05:00,SELL,10,OK,1.250000,7.21,720.57,4879.02,4879.20,4879.11,18.0,STEPLOCK_V1,STEP_LOCK,0.50:-0.25|1.00:0.25|2.00:1.00,NO,,,,0,0,0.434100,9.01,4888.03,4888.03,-1.000000,TIME_EXIT,2026.02.17 22:15:00,1771366500085,4879.89,600.039,-0.096590,-1.7831,5619,2026.02.17 22:15:00,1771366500085,39,4879.89
P2F4_CANDIDATE_S1,1771365900046_SELL,XAUUSD,PERIOD_M5,2026.02.17 22:05:00,1771365900046,2026.02.17 22:05:00,SELL,10,OK,1.250000,7.21,720.57,4879.02,4879.20,4879.11,18.0,GIVEBACK_100_075,MFE_GIVEBACK,TRIGGER=1.00|GAP=0.75|FLOOR=0.00,NO,,,,0,0,0.434100,9.01,4888.03,4888.03,-1.000000,TIME_EXIT,2026.02.17 22:15:00,1771366500085,4879.89,600.039,-0.096590,-1.7831,5619,2026.02.17 22:15:00,1771366500085,39,4879.89
P2F4_CANDIDATE_S1,1771922100025_SELL,XAUUSD,PERIOD_M5,2026.02.24 08:35:00,1771922100025,2026.02.24 08:35:00,SELL,10,OK,1.250000,6.47,647.00,5166.50,5166.54,5166.52,4.0,CONTROL,CONTROL,NO_RETENTION,NO,,,,0,0,1.241422,8.09,5174.59,5174.59,-1.000000,TIME_EXIT,2026.02.24 08:45:00,1771922700069,5169.18,600.044,-0.331376,-5.1873,7205,2026.02.24 08:45:00,1771922700069,44,5169.18
P2F4_CANDIDATE_S1,1771922100025_SELL,XAUUSD,PERIOD_M5,2026.02.24 08:35:00,1771922100025,2026.02.24 08:35:00,SELL,10,OK,1.250000,6.47,647.00,5166.50,5166.54,5166.52,4.0,LEGACY_BE_050,BREAK_EVEN,0.50:0.00,YES,2026.02.24 08:35:05,1771922105622,5.597,1,1,1.241422,8.09,5174.59,5166.50,0.000000,RETENTION_STOP,2026.02.24 08:38:42,1771922322272,5166.67,222.247,0.000000,0.0000,7205,2026.02.24 08:45:00,1771922700069,44,5169.18
P2F4_CANDIDATE_S1,1771922100025_SELL,XAUUSD,PERIOD_M5,2026.02.24 08:35:00,1771922100025,2026.02.24 08:35:00,SELL,10,OK,1.250000,6.47,647.00,5166.50,5166.54,5166.52,4.0,STEPLOCK_V1,STEP_LOCK,0.50:-0.25|1.00:0.25|2.00:1.00,YES,2026.02.24 08:35:05,1771922105622,5.597,2,2,1.241422,8.09,5174.59,5164.48,0.250000,RETENTION_STOP,2026.02.24 08:37:57,1771922277729,5164.49,177.704,0.250000,3.9134,7205,2026.02.24 08:45:00,1771922700069,44,5169.18
P2F4_CANDIDATE_S1,1771922100025_SELL,XAUUSD,PERIOD_M5,2026.02.24 08:35:00,1771922100025,2026.02.24 08:35:00,SELL,10,OK,1.250000,6.47,647.00,5166.50,5166.54,5166.52,4.0,GIVEBACK_100_075,MFE_GIVEBACK,TRIGGER=1.00|GAP=0.75|FLOOR=0.00,YES,2026.02.24 08:35:07,1771922107532,7.507,1,2,1.241422,8.09,5174.59,5162.53,0.491422,RETENTION_STOP,2026.02.24 08:37:31,1771922251845,5162.63,151.820,0.491422,7.6926,7205,2026.02.24 08:45:00,1771922700069,44,5169.18
P2F4_CANDIDATE_S1,1771928400011_SELL,XAUUSD,PERIOD_M5,2026.02.24 10:20:00,1771928400011,2026.02.24 10:20:00,SELL,10,OK,1.250000,6.98,698.43,5168.61,5168.65,5168.63,4.0,CONTROL,CONTROL,NO_RETENTION,NO,,,,0,0,0.387155,8.73,5177.34,5177.34,-1.000000,TIME_EXIT,2026.02.24 10:30:00,1771929000106,5170.54,600.095,-0.221068,-3.7341,5947,2026.02.24 10:30:00,1771929000106,95,5170.54
P2F4_CANDIDATE_S1,1771928400011_SELL,XAUUSD,PERIOD_M5,2026.02.24 10:20:00,1771928400011,2026.02.24 10:20:00,SELL,10,OK,1.250000,6.98,698.43,5168.61,5168.65,5168.63,4.0,LEGACY_BE_050,BREAK_EVEN,0.50:0.00,NO,,,,0,0,0.387155,8.73,5177.34,5177.34,-1.000000,TIME_EXIT,2026.02.24 10:30:00,1771929000106,5170.54,600.095,-0.221068,-3.7341,5947,2026.02.24 10:30:00,1771929000106,95,5170.54
P2F4_CANDIDATE_S1,1771928400011_SELL,XAUUSD,PERIOD_M5,2026.02.24 10:20:00,1771928400011,2026.02.24 10:20:00,SELL,10,OK,1.250000,6.98,698.43,5168.61,5168.65,5168.63,4.0,STEPLOCK_V1,STEP_LOCK,0.50:-0.25|1.00:0.25|2.00:1.00,NO,,,,0,0,0.387155,8.73,5177.34,5177.34,-1.000000,TIME_EXIT,2026.02.24 10:30:00,1771929000106,5170.54,600.095,-0.221068,-3.7341,5947,2026.02.24 10:30:00,1771929000106,95,5170.54
P2F4_CANDIDATE_S1,1771928400011_SELL,XAUUSD,PERIOD_M5,2026.02.24 10:20:00,1771928400011,2026.02.24 10:20:00,SELL,10,OK,1.250000,6.98,698.43,5168.61,5168.65,5168.63,4.0,GIVEBACK_100_075,MFE_GIVEBACK,TRIGGER=1.00|GAP=0.75|FLOOR=0.00,NO,,,,0,0,0.387155,8.73,5177.34,5177.34,-1.000000,TIME_EXIT,2026.02.24 10:30:00,1771929000106,5170.54,600.095,-0.221068,-3.7341,5947,2026.02.24 10:30:00,1771929000106,95,5170.54
P2F4_CANDIDATE_S1,1771930200117_SELL,XAUUSD,PERIOD_M5,2026.02.24 10:50:00,1771930200117,2026.02.24 10:50:00,SELL,10,OK,1.250000,6.36,635.79,5172.52,5172.59,5172.56,7.0,CONTROL,CONTROL,NO_RETENTION,NO,,,,0,0,0.223975,7.95,5180.47,5180.47,-1.000000,TIME_EXIT,2026.02.24 11:00:00,1771930800117,5173.21,600.000,-0.086822,-1.3340,4152,2026.02.24 11:00:00,1771930800117,0,5173.21
P2F4_CANDIDATE_S1,1771930200117_SELL,XAUUSD,PERIOD_M5,2026.02.24 10:50:00,1771930200117,2026.02.24 10:50:00,SELL,10,OK,1.250000,6.36,635.79,5172.52,5172.59,5172.56,7.0,LEGACY_BE_050,BREAK_EVEN,0.50:0.00,NO,,,,0,0,0.223975,7.95,5180.47,5180.47,-1.000000,TIME_EXIT,2026.02.24 11:00:00,1771930800117,5173.21,600.000,-0.086822,-1.3340,4152,2026.02.24 11:00:00,1771930800117,0,5173.21
P2F4_CANDIDATE_S1,1771930200117_SELL,XAUUSD,PERIOD_M5,2026.02.24 10:50:00,1771930200117,2026.02.24 10:50:00,SELL,10,OK,1.250000,6.36,635.79,5172.52,5172.59,5172.56,7.0,STEPLOCK_V1,STEP_LOCK,0.50:-0.25|1.00:0.25|2.00:1.00,NO,,,,0,0,0.223975,7.95,5180.47,5180.47,-1.000000,TIME_EXIT,2026.02.24 11:00:00,1771930800117,5173.21,600.000,-0.086822,-1.3340,4152,2026.02.24 11:00:00,1771930800117,0,5173.21
P2F4_CANDIDATE_S1,1771930200117_SELL,XAUUSD,PERIOD_M5,2026.02.24 10:50:00,1771930200117,2026.02.24 10:50:00,SELL,10,OK,1.250000,6.36,635.79,5172.52,5172.59,5172.56,7.0,GIVEBACK_100_075,MFE_GIVEBACK,TRIGGER=1.00|GAP=0.75|FLOOR=0.00,NO,,,,0,0,0.223975,7.95,5180.47,5180.47,-1.000000,TIME_EXIT,2026.02.24 11:00:00,1771930800117,5173.21,600.000,-0.086822,-1.3340,4152,2026.02.24 11:00:00,1771930800117,0,5173.21
P2F4_CANDIDATE_S1,1771931700157_SELL,XAUUSD,PERIOD_M5,2026.02.24 11:15:00,1771931700157,2026.02.24 11:15:00,SELL,10,OK,1.250000,6.25,624.93,5172.49,5172.66,5172.57,17.0,CONTROL,CONTROL,NO_RETENTION,NO,,,,0,0,0.467253,7.81,5180.30,5180.30,-1.000000,TIME_EXIT,2026.02.24 11:25:00,1771932300265,5170.54,600.108,0.249629,3.7699,2826,2026.02.24 11:25:00,1771932300265,108,5170.54
P2F4_CANDIDATE_S1,1771931700157_SELL,XAUUSD,PERIOD_M5,2026.02.24 11:15:00,1771931700157,2026.02.24 11:15:00,SELL,10,OK,1.250000,6.25,624.93,5172.49,5172.66,5172.57,17.0,LEGACY_BE_050,BREAK_EVEN,0.50:0.00,NO,,,,0,0,0.467253,7.81,5180.30,5180.30,-1.000000,TIME_EXIT,2026.02.24 11:25:00,1771932300265,5170.54,600.108,0.249629,3.7699,2826,2026.02.24 11:25:00,1771932300265,108,5170.54
P2F4_CANDIDATE_S1,1771931700157_SELL,XAUUSD,PERIOD_M5,2026.02.24 11:15:00,1771931700157,2026.02.24 11:15:00,SELL,10,OK,1.250000,6.25,624.93,5172.49,5172.66,5172.57,17.0,STEPLOCK_V1,STEP_LOCK,0.50:-0.25|1.00:0.25|2.00:1.00,NO,,,,0,0,0.467253,7.81,5180.30,5180.30,-1.000000,TIME_EXIT,2026.02.24 11:25:00,1771932300265,5170.54,600.108,0.249629,3.7699,2826,2026.02.24 11:25:00,1771932300265,108,5170.54
P2F4_CANDIDATE_S1,1771931700157_SELL,XAUUSD,PERIOD_M5,2026.02.24 11:15:00,1771931700157,2026.02.24 11:15:00,SELL,10,OK,1.250000,6.25,624.93,5172.49,5172.66,5172.57,17.0,GIVEBACK_100_075,MFE_GIVEBACK,TRIGGER=1.00|GAP=0.75|FLOOR=0.00,NO,,,,0,0,0.467253,7.81,5180.30,5180.30,-1.000000,TIME_EXIT,2026.02.24 11:25:00,1771932300265,5170.54,600.108,0.249629,3.7699,2826,2026.02.24 11:25:00,1771932300265,108,5170.54
P2F4_CANDIDATE_S1,1771936500014_SELL,XAUUSD,PERIOD_M5,2026.02.24 12:35:00,1771936500014,2026.02.24 12:35:00,SELL,10,OK,1.250000,4.73,472.57,5167.28,5167.45,5167.36,17.0,CONTROL,CONTROL,NO_RETENTION,NO,,,,0,0,0.658525,5.91,5173.19,5173.19,-1.000000,TIME_EXIT,2026.02.24 12:45:00,1771937100065,5170.39,600.051,-0.526481,-6.0186,5041,2026.02.24 12:45:00,1771937100065,51,5170.39
P2F4_CANDIDATE_S1,1771936500014_SELL,XAUUSD,PERIOD_M5,2026.02.24 12:35:00,1771936500014,2026.02.24 12:35:00,SELL,10,OK,1.250000,4.73,472.57,5167.28,5167.45,5167.36,17.0,LEGACY_BE_050,BREAK_EVEN,0.50:0.00,YES,2026.02.24 12:36:52,1771936612524,112.510,1,1,0.658525,5.91,5173.19,5167.28,0.000000,RETENTION_STOP,2026.02.24 12:37:56,1771936676485,5167.34,176.471,0.000000,0.0000,5041,2026.02.24 12:45:00,1771937100065,51,5170.39
P2F4_CANDIDATE_S1,1771936500014_SELL,XAUUSD,PERIOD_M5,2026.02.24 12:35:00,1771936500014,2026.02.24 12:35:00,SELL,10,OK,1.250000,4.73,472.57,5167.28,5167.45,5167.36,17.0,STEPLOCK_V1,STEP_LOCK,0.50:-0.25|1.00:0.25|2.00:1.00,YES,2026.02.24 12:36:52,1771936612524,112.510,1,1,0.658525,5.91,5173.19,5168.76,-0.250000,RETENTION_STOP,2026.02.24 12:38:02,1771936682059,5168.79,182.045,-0.250000,-2.8580,5041,2026.02.24 12:45:00,1771937100065,51,5170.39
P2F4_CANDIDATE_S1,1771936500014_SELL,XAUUSD,PERIOD_M5,2026.02.24 12:35:00,1771936500014,2026.02.24 12:35:00,SELL,10,OK,1.250000,4.73,472.57,5167.28,5167.45,5167.36,17.0,GIVEBACK_100_075,MFE_GIVEBACK,TRIGGER=1.00|GAP=0.75|FLOOR=0.00,NO,,,,0,0,0.658525,5.91,5173.19,5173.19,-1.000000,TIME_EXIT,2026.02.24 12:45:00,1771937100065,5170.39,600.051,-0.526481,-6.0186,5041,2026.02.24 12:45:00,1771937100065,51,5170.39
P2F4_CANDIDATE_S1,1771941900062_SELL,XAUUSD,PERIOD_M5,2026.02.24 14:05:00,1771941900062,2026.02.24 14:05:00,SELL,10,OK,1.250000,3.61,361.21,5169.67,5169.80,5169.74,13.0,CONTROL,CONTROL,NO_RETENTION,NO,,,,0,0,0.992209,4.52,5174.19,5174.19,-1.000000,TIME_EXIT,2026.02.24 14:15:00,1771942500122,5167.63,600.060,0.451809,3.9461,3846,2026.02.24 14:15:00,1771942500122,60,5167.63
P2F4_CANDIDATE_S1,1771941900062_SELL,XAUUSD,PERIOD_M5,2026.02.24 14:05:00,1771941900062,2026.02.24 14:05:00,SELL,10,OK,1.250000,3.61,361.21,5169.67,5169.80,5169.74,13.0,LEGACY_BE_050,BREAK_EVEN,0.50:0.00,YES,2026.02.24 14:11:29,1771942289258,389.196,1,1,0.992209,4.52,5174.19,5169.67,0.000000,TIME_EXIT,2026.02.24 14:15:00,1771942500122,5167.63,600.060,0.451809,3.9461,3846,2026.02.24 14:15:00,1771942500122,60,5167.63
P2F4_CANDIDATE_S1,1771941900062_SELL,XAUUSD,PERIOD_M5,2026.02.24 14:05:00,1771941900062,2026.02.24 14:05:00,SELL,10,OK,1.250000,3.61,361.21,5169.67,5169.80,5169.74,13.0,STEPLOCK_V1,STEP_LOCK,0.50:-0.25|1.00:0.25|2.00:1.00,YES,2026.02.24 14:11:29,1771942289258,389.196,1,1,0.992209,4.52,5174.19,5170.80,-0.250000,TIME_EXIT,2026.02.24 14:15:00,1771942500122,5167.63,600.060,0.451809,3.9461,3846,2026.02.24 14:15:00,1771942500122,60,5167.63
P2F4_CANDIDATE_S1,1771941900062_SELL,XAUUSD,PERIOD_M5,2026.02.24 14:05:00,1771941900062,2026.02.24 14:05:00,SELL,10,OK,1.250000,3.61,361.21,5169.67,5169.80,5169.74,13.0,GIVEBACK_100_075,MFE_GIVEBACK,TRIGGER=1.00|GAP=0.75|FLOOR=0.00,NO,,,,0,0,0.992209,4.52,5174.19,5174.19,-1.000000,TIME_EXIT,2026.02.24 14:15:00,1771942500122,5167.63,600.060,0.451809,3.9461,3846,2026.02.24 14:15:00,1771942500122,60,5167.63
P2F4_CANDIDATE_S1,1771968000070_SELL,XAUUSD,PERIOD_M5,2026.02.24 21:20:00,1771968000070,2026.02.24 21:20:00,SELL,10,OK,1.250000,5.16,515.57,5149.03,5149.16,5149.09,13.0,CONTROL,CONTROL,NO_RETENTION,NO,,,,0,0,0.384816,6.44,5155.47,5155.47,-1.000000,TIME_EXIT,2026.02.24 21:30:00,1771968600206,5151.72,600.136,-0.417401,-5.2243,4978,2026.02.24 21:30:00,1771968600206,136,5151.72
P2F4_CANDIDATE_S1,1771968000070_SELL,XAUUSD,PERIOD_M5,2026.02.24 21:20:00,1771968000070,2026.02.24 21:20:00,SELL,10,OK,1.250000,5.16,515.57,5149.03,5149.16,5149.09,13.0,LEGACY_BE_050,BREAK_EVEN,0.50:0.00,NO,,,,0,0,0.384816,6.44,5155.47,5155.47,-1.000000,TIME_EXIT,2026.02.24 21:30:00,1771968600206,5151.72,600.136,-0.417401,-5.2243,4978,2026.02.24 21:30:00,1771968600206,136,5151.72
P2F4_CANDIDATE_S1,1771968000070_SELL,XAUUSD,PERIOD_M5,2026.02.24 21:20:00,1771968000070,2026.02.24 21:20:00,SELL,10,OK,1.250000,5.16,515.57,5149.03,5149.16,5149.09,13.0,STEPLOCK_V1,STEP_LOCK,0.50:-0.25|1.00:0.25|2.00:1.00,NO,,,,0,0,0.384816,6.44,5155.47,5155.47,-1.000000,TIME_EXIT,2026.02.24 21:30:00,1771968600206,5151.72,600.136,-0.417401,-5.2243,4978,2026.02.24 21:30:00,1771968600206,136,5151.72
P2F4_CANDIDATE_S1,1771968000070_SELL,XAUUSD,PERIOD_M5,2026.02.24 21:20:00,1771968000070,2026.02.24 21:20:00,SELL,10,OK,1.250000,5.16,515.57,5149.03,5149.16,5149.09,13.0,GIVEBACK_100_075,MFE_GIVEBACK,TRIGGER=1.00|GAP=0.75|FLOOR=0.00,NO,,,,0,0,0.384816,6.44,5155.47,5155.47,-1.000000,TIME_EXIT,2026.02.24 21:30:00,1771968600206,5151.72,600.136,-0.417401,-5.2243,4978,2026.02.24 21:30:00,1771968600206,136,5151.72
P2F4_CANDIDATE_S1,1771975500019_SELL,XAUUSD,PERIOD_M5,2026.02.24 23:25:00,1771975500019,2026.02.24 23:25:00,SELL,10,OK,1.250000,5.81,581.43,5153.88,5154.13,5154.01,25.0,CONTROL,CONTROL,NO_RETENTION,NO,,,,0,0,0.659066,7.27,5161.15,5161.15,-1.000000,TIME_EXIT,2026.02.24 23:35:00,1771976100080,5150.18,600.061,0.509091,7.1791,1472,2026.02.24 23:35:00,1771976100080,61,5150.18
P2F4_CANDIDATE_S1,1771975500019_SELL,XAUUSD,PERIOD_M5,2026.02.24 23:25:00,1771975500019,2026.02.24 23:25:00,SELL,10,OK,1.250000,5.81,581.43,5153.88,5154.13,5154.01,25.0,LEGACY_BE_050,BREAK_EVEN,0.50:0.00,YES,2026.02.24 23:33:13,1771975993205,493.186,1,1,0.659066,7.27,5161.15,5153.88,0.000000,TIME_EXIT,2026.02.24 23:35:00,1771976100080,5150.18,600.061,0.509091,7.1791,1472,2026.02.24 23:35:00,1771976100080,61,5150.18
P2F4_CANDIDATE_S1,1771975500019_SELL,XAUUSD,PERIOD_M5,2026.02.24 23:25:00,1771975500019,2026.02.24 23:25:00,SELL,10,OK,1.250000,5.81,581.43,5153.88,5154.13,5154.01,25.0,STEPLOCK_V1,STEP_LOCK,0.50:-0.25|1.00:0.25|2.00:1.00,YES,2026.02.24 23:33:13,1771975993205,493.186,1,1,0.659066,7.27,5161.15,5155.70,-0.250000,TIME_EXIT,2026.02.24 23:35:00,1771976100080,5150.18,600.061,0.509091,7.1791,1472,2026.02.24 23:35:00,1771976100080,61,5150.18
P2F4_CANDIDATE_S1,1771975500019_SELL,XAUUSD,PERIOD_M5,2026.02.24 23:25:00,1771975500019,2026.02.24 23:25:00,SELL,10,OK,1.250000,5.81,581.43,5153.88,5154.13,5154.01,25.0,GIVEBACK_100_075,MFE_GIVEBACK,TRIGGER=1.00|GAP=0.75|FLOOR=0.00,NO,,,,0,0,0.659066,7.27,5161.15,5161.15,-1.000000,TIME_EXIT,2026.02.24 23:35:00,1771976100080,5150.18,600.061,0.509091,7.1791,1472,2026.02.24 23:35:00,1771976100080,61,5150.18
P2F4_CANDIDATE_S1,1772080500027_SELL,XAUUSD,PERIOD_M5,2026.02.26 04:35:00,1772080500027,2026.02.26 04:35:00,SELL,10,OK,1.250000,7.01,700.64,5178.92,5178.96,5178.94,4.0,CONTROL,CONTROL,NO_RETENTION,NO,,,,0,0,0.527516,8.76,5187.68,5187.68,-1.000000,TIME_EXIT,2026.02.26 04:45:00,1772081100031,5176.71,600.004,0.252340,4.2673,9097,2026.02.26 04:45:00,1772081100031,4,5176.71
P2F4_CANDIDATE_S1,1772080500027_SELL,XAUUSD,PERIOD_M5,2026.02.26 04:35:00,1772080500027,2026.02.26 04:35:00,SELL,10,OK,1.250000,7.01,700.64,5178.92,5178.96,5178.94,4.0,LEGACY_BE_050,BREAK_EVEN,0.50:0.00,YES,2026.02.26 04:40:41,1772080841192,341.165,1,1,0.527516,8.76,5187.68,5178.92,0.000000,RETENTION_STOP,2026.02.26 04:41:21,1772080881927,5179.04,381.900,0.000000,0.0000,9097,2026.02.26 04:45:00,1772081100031,4,5176.71
P2F4_CANDIDATE_S1,1772080500027_SELL,XAUUSD,PERIOD_M5,2026.02.26 04:35:00,1772080500027,2026.02.26 04:35:00,SELL,10,OK,1.250000,7.01,700.64,5178.92,5178.96,5178.94,4.0,STEPLOCK_V1,STEP_LOCK,0.50:-0.25|1.00:0.25|2.00:1.00,YES,2026.02.26 04:40:41,1772080841192,341.165,1,1,0.527516,8.76,5187.68,5181.11,-0.250000,TIME_EXIT,2026.02.26 04:45:00,1772081100031,5176.71,600.004,0.252340,4.2673,9097,2026.02.26 04:45:00,1772081100031,4,5176.71
P2F4_CANDIDATE_S1,1772080500027_SELL,XAUUSD,PERIOD_M5,2026.02.26 04:35:00,1772080500027,2026.02.26 04:35:00,SELL,10,OK,1.250000,7.01,700.64,5178.92,5178.96,5178.94,4.0,GIVEBACK_100_075,MFE_GIVEBACK,TRIGGER=1.00|GAP=0.75|FLOOR=0.00,NO,,,,0,0,0.527516,8.76,5187.68,5187.68,-1.000000,TIME_EXIT,2026.02.26 04:45:00,1772081100031,5176.71,600.004,0.252340,4.2673,9097,2026.02.26 04:45:00,1772081100031,4,5176.71
P2F4_CANDIDATE_S1,1772109300063_SELL,XAUUSD,PERIOD_M5,2026.02.26 12:35:00,1772109300063,2026.02.26 12:35:00,SELL,10,OK,1.250000,4.06,405.71,5176.84,5176.88,5176.86,4.0,CONTROL,CONTROL,NO_RETENTION,NO,,,,0,0,0.960282,5.07,5181.91,5181.91,-1.000000,TIME_EXIT,2026.02.26 12:45:00,1772109900088,5172.17,600.025,0.920845,9.0209,5283,2026.02.26 12:45:00,1772109900088,25,5172.17
P2F4_CANDIDATE_S1,1772109300063_SELL,XAUUSD,PERIOD_M5,2026.02.26 12:35:00,1772109300063,2026.02.26 12:35:00,SELL,10,OK,1.250000,4.06,405.71,5176.84,5176.88,5176.86,4.0,LEGACY_BE_050,BREAK_EVEN,0.50:0.00,YES,2026.02.26 12:36:19,1772109379171,79.108,1,1,0.960282,5.07,5181.91,5176.84,0.000000,RETENTION_STOP,2026.02.26 12:40:41,1772109641238,5177.03,341.175,0.000000,0.0000,5283,2026.02.26 12:45:00,1772109900088,25,5172.17
P2F4_CANDIDATE_S1,1772109300063_SELL,XAUUSD,PERIOD_M5,2026.02.26 12:35:00,1772109300063,2026.02.26 12:35:00,SELL,10,OK,1.250000,4.06,405.71,5176.84,5176.88,5176.86,4.0,STEPLOCK_V1,STEP_LOCK,0.50:-0.25|1.00:0.25|2.00:1.00,YES,2026.02.26 12:36:19,1772109379171,79.108,1,1,0.960282,5.07,5181.91,5178.11,-0.250000,RETENTION_STOP,2026.02.26 12:41:02,1772109662476,5178.11,362.413,-0.250000,-2.4491,5283,2026.02.26 12:45:00,1772109900088,25,5172.17
P2F4_CANDIDATE_S1,1772109300063_SELL,XAUUSD,PERIOD_M5,2026.02.26 12:35:00,1772109300063,2026.02.26 12:35:00,SELL,10,OK,1.250000,4.06,405.71,5176.84,5176.88,5176.86,4.0,GIVEBACK_100_075,MFE_GIVEBACK,TRIGGER=1.00|GAP=0.75|FLOOR=0.00,NO,,,,0,0,0.960282,5.07,5181.91,5181.91,-1.000000,TIME_EXIT,2026.02.26 12:45:00,1772109900088,5172.17,600.025,0.920845,9.0209,5283,2026.02.26 12:45:00,1772109900088,25,5172.17
P2F4_CANDIDATE_S1,1772119200066_SELL,XAUUSD,PERIOD_M5,2026.02.26 15:20:00,1772119200066,2026.02.26 15:20:00,SELL,10,OK,1.250000,6.05,605.29,5171.74,5171.80,5171.77,6.0,CONTROL,CONTROL,NO_RETENTION,NO,,,,0,0,0.031721,7.57,5179.31,5179.31,-1.000000,TIME_EXIT,2026.02.26 15:30:00,1772119800066,5175.00,600.000,-0.430871,-6.3035,5686,2026.02.26 15:30:00,1772119800066,0,5175.00
P2F4_CANDIDATE_S1,1772119200066_SELL,XAUUSD,PERIOD_M5,2026.02.26 15:20:00,1772119200066,2026.02.26 15:20:00,SELL,10,OK,1.250000,6.05,605.29,5171.74,5171.80,5171.77,6.0,LEGACY_BE_050,BREAK_EVEN,0.50:0.00,NO,,,,0,0,0.031721,7.57,5179.31,5179.31,-1.000000,TIME_EXIT,2026.02.26 15:30:00,1772119800066,5175.00,600.000,-0.430871,-6.3035,5686,2026.02.26 15:30:00,1772119800066,0,5175.00
P2F4_CANDIDATE_S1,1772119200066_SELL,XAUUSD,PERIOD_M5,2026.02.26 15:20:00,1772119200066,2026.02.26 15:20:00,SELL,10,OK,1.250000,6.05,605.29,5171.74,5171.80,5171.77,6.0,STEPLOCK_V1,STEP_LOCK,0.50:-0.25|1.00:0.25|2.00:1.00,NO,,,,0,0,0.031721,7.57,5179.31,5179.31,-1.000000,TIME_EXIT,2026.02.26 15:30:00,1772119800066,5175.00,600.000,-0.430871,-6.3035,5686,2026.02.26 15:30:00,1772119800066,0,5175.00
P2F4_CANDIDATE_S1,1772119200066_SELL,XAUUSD,PERIOD_M5,2026.02.26 15:20:00,1772119200066,2026.02.26 15:20:00,SELL,10,OK,1.250000,6.05,605.29,5171.74,5171.80,5171.77,6.0,GIVEBACK_100_075,MFE_GIVEBACK,TRIGGER=1.00|GAP=0.75|FLOOR=0.00,NO,,,,0,0,0.031721,7.57,5179.31,5179.31,-1.000000,TIME_EXIT,2026.02.26 15:30:00,1772119800066,5175.00,600.000,-0.430871,-6.3035,5686,2026.02.26 15:30:00,1772119800066,0,5175.00
P2F4_CANDIDATE_S1,1772119800033_SELL,XAUUSD,PERIOD_M5,2026.02.26 15:30:00,1772119800033,2026.02.26 15:30:00,SELL,10,OK,1.250000,6.07,606.86,5174.58,5175.00,5174.79,42.0,CONTROL,CONTROL,NO_RETENTION,NO,,,,0,0,1.104708,7.59,5182.17,5182.17,-1.000000,TIME_EXIT,2026.02.26 15:40:00,1772120400043,5173.54,600.010,0.137100,2.0098,7240,2026.02.26 15:40:00,1772120400043,10,5173.54
P2F4_CANDIDATE_S1,1772119800033_SELL,XAUUSD,PERIOD_M5,2026.02.26 15:30:00,1772119800033,2026.02.26 15:30:00,SELL,10,OK,1.250000,6.07,606.86,5174.58,5175.00,5174.79,42.0,LEGACY_BE_050,BREAK_EVEN,0.50:0.00,YES,2026.02.26 15:30:17,1772119817998,17.965,1,1,1.104708,7.59,5182.17,5174.58,0.000000,RETENTION_STOP,2026.02.26 15:32:20,1772119940757,5175.19,140.724,0.000000,0.0000,7240,2026.02.26 15:40:00,1772120400043,10,5173.54
P2F4_CANDIDATE_S1,1772119800033_SELL,XAUUSD,PERIOD_M5,2026.02.26 15:30:00,1772119800033,2026.02.26 15:30:00,SELL,10,OK,1.250000,6.07,606.86,5174.58,5175.00,5174.79,42.0,STEPLOCK_V1,STEP_LOCK,0.50:-0.25|1.00:0.25|2.00:1.00,YES,2026.02.26 15:30:17,1772119817998,17.965,2,2,1.104708,7.59,5182.17,5172.68,0.250000,RETENTION_STOP,2026.02.26 15:31:41,1772119901841,5172.83,101.808,0.250000,3.6649,7240,2026.02.26 15:40:00,1772120400043,10,5173.54
P2F4_CANDIDATE_S1,1772119800033_SELL,XAUUSD,PERIOD_M5,2026.02.26 15:30:00,1772119800033,2026.02.26 15:30:00,SELL,10,OK,1.250000,6.07,606.86,5174.58,5175.00,5174.79,42.0,GIVEBACK_100_075,MFE_GIVEBACK,TRIGGER=1.00|GAP=0.75|FLOOR=0.00,YES,2026.02.26 15:30:39,1772119839681,39.648,1,3,1.104708,7.59,5182.17,5171.89,0.354708,RETENTION_STOP,2026.02.26 15:31:13,1772119873898,5171.89,73.865,0.354708,5.1999,7240,2026.02.26 15:40:00,1772120400043,10,5173.54
P2F4_CANDIDATE_S1,1772135100062_SELL,XAUUSD,PERIOD_M5,2026.02.26 19:45:00,1772135100062,2026.02.26 19:45:00,SELL,10,OK,1.250000,5.94,593.57,5174.82,5174.90,5174.86,8.0,CONTROL,CONTROL,NO_RETENTION,NO,,,,0,0,1.310036,7.42,5182.24,5182.24,-1.000000,TIME_EXIT,2026.02.26 19:55:00,1772135700062,5167.16,600.000,1.032395,14.8024,6971,2026.02.26 19:55:00,1772135700062,0,5167.16
P2F4_CANDIDATE_S1,1772135100062_SELL,XAUUSD,PERIOD_M5,2026.02.26 19:45:00,1772135100062,2026.02.26 19:45:00,SELL,10,OK,1.250000,5.94,593.57,5174.82,5174.90,5174.86,8.0,LEGACY_BE_050,BREAK_EVEN,0.50:0.00,YES,2026.02.26 19:49:07,1772135347167,247.105,1,1,1.310036,7.42,5182.24,5174.82,0.000000,TIME_EXIT,2026.02.26 19:55:00,1772135700062,5167.16,600.000,1.032395,14.8024,6971,2026.02.26 19:55:00,1772135700062,0,5167.16
P2F4_CANDIDATE_S1,1772135100062_SELL,XAUUSD,PERIOD_M5,2026.02.26 19:45:00,1772135100062,2026.02.26 19:45:00,SELL,10,OK,1.250000,5.94,593.57,5174.82,5174.90,5174.86,8.0,STEPLOCK_V1,STEP_LOCK,0.50:-0.25|1.00:0.25|2.00:1.00,YES,2026.02.26 19:49:07,1772135347167,247.105,2,2,1.196823,7.42,5182.24,5172.97,0.250000,RETENTION_STOP,2026.02.26 19:51:03,1772135463770,5172.99,363.708,0.250000,3.5845,6971,2026.02.26 19:55:00,1772135700062,0,5167.16
P2F4_CANDIDATE_S1,1772135100062_SELL,XAUUSD,PERIOD_M5,2026.02.26 19:45:00,1772135100062,2026.02.26 19:45:00,SELL,10,OK,1.250000,5.94,593.57,5174.82,5174.90,5174.86,8.0,GIVEBACK_100_075,MFE_GIVEBACK,TRIGGER=1.00|GAP=0.75|FLOOR=0.00,YES,2026.02.26 19:49:17,1772135357979,257.917,1,2,1.196823,7.42,5182.24,5171.50,0.446823,RETENTION_STOP,2026.02.26 19:50:47,1772135447377,5171.53,347.315,0.446823,6.4065,6971,2026.02.26 19:55:00,1772135700062,0,5167.16
P2F4_CANDIDATE_S1,1772495400108_SELL,XAUUSD,PERIOD_M5,2026.03.02 23:50:00,1772495400108,2026.03.02 23:50:00,SELL,10,NO_TICK_NEAR_TARGET,1.250000,6.03,603.21,5327.23,5327.96,5327.59,73.0,CONTROL,CONTROL,NO_RETENTION,,,,,,,,,,,,,,,,,,,,
P2F4_CANDIDATE_S1,1772495400108_SELL,XAUUSD,PERIOD_M5,2026.03.02 23:50:00,1772495400108,2026.03.02 23:50:00,SELL,10,NO_TICK_NEAR_TARGET,1.250000,6.03,603.21,5327.23,5327.96,5327.59,73.0,LEGACY_BE_050,BREAK_EVEN,0.50:0.00,,,,,,,,,,,,,,,,,,,,
P2F4_CANDIDATE_S1,1772495400108_SELL,XAUUSD,PERIOD_M5,2026.03.02 23:50:00,1772495400108,2026.03.02 23:50:00,SELL,10,NO_TICK_NEAR_TARGET,1.250000,6.03,603.21,5327.23,5327.96,5327.59,73.0,STEPLOCK_V1,STEP_LOCK,0.50:-0.25|1.00:0.25|2.00:1.00,,,,,,,,,,,,,,,,,,,,
P2F4_CANDIDATE_S1,1772495400108_SELL,XAUUSD,PERIOD_M5,2026.03.02 23:50:00,1772495400108,2026.03.02 23:50:00,SELL,10,NO_TICK_NEAR_TARGET,1.250000,6.03,603.21,5327.23,5327.96,5327.59,73.0,GIVEBACK_100_075,MFE_GIVEBACK,TRIGGER=1.00|GAP=0.75|FLOOR=0.00,,,,,,,,,,,,,,,,,,,,
P2F4_CANDIDATE_S1,1772533800012_SELL,XAUUSD,PERIOD_M5,2026.03.03 10:30:00,1772533800012,2026.03.03 10:30:00,SELL,10,OK,1.250000,8.47,847.07,5312.34,5312.43,5312.39,9.0,CONTROL,CONTROL,NO_RETENTION,NO,,,,0,0,1.203204,10.59,5322.93,5322.93,-1.000000,TIME_EXIT,2026.03.03 10:40:00,1772534400097,5300.06,600.085,1.159761,23.1160,7450,2026.03.03 10:40:00,1772534400097,85,5300.06
P2F4_CANDIDATE_S1,1772533800012_SELL,XAUUSD,PERIOD_M5,2026.03.03 10:30:00,1772533800012,2026.03.03 10:30:00,SELL,10,OK,1.250000,8.47,847.07,5312.34,5312.43,5312.39,9.0,LEGACY_BE_050,BREAK_EVEN,0.50:0.00,YES,2026.03.03 10:32:04,1772533924413,124.401,1,1,1.203204,10.59,5322.93,5312.34,0.000000,TIME_EXIT,2026.03.03 10:40:00,1772534400097,5300.06,600.085,1.159761,23.1160,7450,2026.03.03 10:40:00,1772534400097,85,5300.06
P2F4_CANDIDATE_S1,1772533800012_SELL,XAUUSD,PERIOD_M5,2026.03.03 10:30:00,1772533800012,2026.03.03 10:30:00,SELL,10,OK,1.250000,8.47,847.07,5312.34,5312.43,5312.39,9.0,STEPLOCK_V1,STEP_LOCK,0.50:-0.25|1.00:0.25|2.00:1.00,YES,2026.03.03 10:32:04,1772533924413,124.401,2,2,1.203204,10.59,5322.93,5309.69,0.250000,TIME_EXIT,2026.03.03 10:40:00,1772534400097,5300.06,600.085,1.159761,23.1160,7450,2026.03.03 10:40:00,1772534400097,85,5300.06
P2F4_CANDIDATE_S1,1772533800012_SELL,XAUUSD,PERIOD_M5,2026.03.03 10:30:00,1772533800012,2026.03.03 10:30:00,SELL,10,OK,1.250000,8.47,847.07,5312.34,5312.43,5312.39,9.0,GIVEBACK_100_075,MFE_GIVEBACK,TRIGGER=1.00|GAP=0.75|FLOOR=0.00,YES,2026.03.03 10:39:06,1772534346476,546.464,1,29,1.203204,10.59,5322.93,5307.54,0.453204,TIME_EXIT,2026.03.03 10:40:00,1772534400097,5300.06,600.085,1.159761,23.1160,7450,2026.03.03 10:40:00,1772534400097,85,5300.06
P2F4_CANDIDATE_S1,1772550600012_SELL,XAUUSD,PERIOD_M5,2026.03.03 15:10:00,1772550600012,2026.03.03 15:10:00,SELL,10,OK,1.250000,19.81,1980.79,5152.70,5152.84,5152.77,14.0,CONTROL,CONTROL,NO_RETENTION,NO,,,,0,0,0.244751,24.76,5177.46,5177.46,-1.000000,TIME_EXIT,2026.03.03 15:20:00,1772551200035,5174.86,600.023,-0.894998,-43.0066,11799,2026.03.03 15:20:00,1772551200035,23,5174.86
P2F4_CANDIDATE_S1,1772550600012_SELL,XAUUSD,PERIOD_M5,2026.03.03 15:10:00,1772550600012,2026.03.03 15:10:00,SELL,10,OK,1.250000,19.81,1980.79,5152.70,5152.84,5152.77,14.0,LEGACY_BE_050,BREAK_EVEN,0.50:0.00,NO,,,,0,0,0.244751,24.76,5177.46,5177.46,-1.000000,TIME_EXIT,2026.03.03 15:20:00,1772551200035,5174.86,600.023,-0.894998,-43.0066,11799,2026.03.03 15:20:00,1772551200035,23,5174.86
P2F4_CANDIDATE_S1,1772550600012_SELL,XAUUSD,PERIOD_M5,2026.03.03 15:10:00,1772550600012,2026.03.03 15:10:00,SELL,10,OK,1.250000,19.81,1980.79,5152.70,5152.84,5152.77,14.0,STEPLOCK_V1,STEP_LOCK,0.50:-0.25|1.00:0.25|2.00:1.00,NO,,,,0,0,0.244751,24.76,5177.46,5177.46,-1.000000,TIME_EXIT,2026.03.03 15:20:00,1772551200035,5174.86,600.023,-0.894998,-43.0066,11799,2026.03.03 15:20:00,1772551200035,23,5174.86
P2F4_CANDIDATE_S1,1772550600012_SELL,XAUUSD,PERIOD_M5,2026.03.03 15:10:00,1772550600012,2026.03.03 15:10:00,SELL,10,OK,1.250000,19.81,1980.79,5152.70,5152.84,5152.77,14.0,GIVEBACK_100_075,MFE_GIVEBACK,TRIGGER=1.00|GAP=0.75|FLOOR=0.00,NO,,,,0,0,0.244751,24.76,5177.46,5177.46,-1.000000,TIME_EXIT,2026.03.03 15:20:00,1772551200035,5174.86,600.023,-0.894998,-43.0066,11799,2026.03.03 15:20:00,1772551200035,23,5174.86
P2F4_CANDIDATE_S1,1772566200026_SELL,XAUUSD,PERIOD_M5,2026.03.03 19:30:00,1772566200026,2026.03.03 19:30:00,SELL,10,OK,1.250000,15.69,1569.14,5083.15,5083.19,5083.17,4.0,CONTROL,CONTROL,NO_RETENTION,NO,,,,0,0,0.904953,19.61,5102.76,5102.76,-1.000000,TIME_EXIT,2026.03.03 19:40:00,1772566800040,5074.90,600.014,0.420612,16.2301,11966,2026.03.03 19:40:00,1772566800040,14,5074.90
P2F4_CANDIDATE_S1,1772566200026_SELL,XAUUSD,PERIOD_M5,2026.03.03 19:30:00,1772566200026,2026.03.03 19:30:00,SELL,10,OK,1.250000,15.69,1569.14,5083.15,5083.19,5083.17,4.0,LEGACY_BE_050,BREAK_EVEN,0.50:0.00,YES,2026.03.03 19:33:16,1772566396433,196.407,1,1,0.904953,19.61,5102.76,5083.15,0.000000,TIME_EXIT,2026.03.03 19:40:00,1772566800040,5074.90,600.014,0.420612,16.2301,11966,2026.03.03 19:40:00,1772566800040,14,5074.90
P2F4_CANDIDATE_S1,1772566200026_SELL,XAUUSD,PERIOD_M5,2026.03.03 19:30:00,1772566200026,2026.03.03 19:30:00,SELL,10,OK,1.250000,15.69,1569.14,5083.15,5083.19,5083.17,4.0,STEPLOCK_V1,STEP_LOCK,0.50:-0.25|1.00:0.25|2.00:1.00,YES,2026.03.03 19:33:16,1772566396433,196.407,1,1,0.904953,19.61,5102.76,5088.05,-0.250000,TIME_EXIT,2026.03.03 19:40:00,1772566800040,5074.90,600.014,0.420612,16.2301,11966,2026.03.03 19:40:00,1772566800040,14,5074.90
P2F4_CANDIDATE_S1,1772566200026_SELL,XAUUSD,PERIOD_M5,2026.03.03 19:30:00,1772566200026,2026.03.03 19:30:00,SELL,10,OK,1.250000,15.69,1569.14,5083.15,5083.19,5083.17,4.0,GIVEBACK_100_075,MFE_GIVEBACK,TRIGGER=1.00|GAP=0.75|FLOOR=0.00,NO,,,,0,0,0.904953,19.61,5102.76,5102.76,-1.000000,TIME_EXIT,2026.03.03 19:40:00,1772566800040,5074.90,600.014,0.420612,16.2301,11966,2026.03.03 19:40:00,1772566800040,14,5074.90
P2F4_CANDIDATE_S1,1772578200046_SELL,XAUUSD,PERIOD_M5,2026.03.03 22:50:00,1772578200046,2026.03.03 22:50:00,SELL,10,OK,1.250000,11.65,1165.00,5104.64,5104.82,5104.73,18.0,CONTROL,CONTROL,NO_RETENTION,NO,,,,0,0,1.273820,14.56,5119.20,5119.20,-1.000000,TIME_EXIT,2026.03.03 23:00:00,1772578800073,5097.48,600.027,0.491674,14.0265,12446,2026.03.03 23:00:00,1772578800073,27,5097.48
P2F4_CANDIDATE_S1,1772578200046_SELL,XAUUSD,PERIOD_M5,2026.03.03 22:50:00,1772578200046,2026.03.03 22:50:00,SELL,10,OK,1.250000,11.65,1165.00,5104.64,5104.82,5104.73,18.0,LEGACY_BE_050,BREAK_EVEN,0.50:0.00,YES,2026.03.03 22:51:34,1772578294294,94.248,1,1,1.273820,14.56,5119.20,5104.64,0.000000,TIME_EXIT,2026.03.03 23:00:00,1772578800073,5097.48,600.027,0.491674,14.0265,12446,2026.03.03 23:00:00,1772578800073,27,5097.48
P2F4_CANDIDATE_S1,1772578200046_SELL,XAUUSD,PERIOD_M5,2026.03.03 22:50:00,1772578200046,2026.03.03 22:50:00,SELL,10,OK,1.250000,11.65,1165.00,5104.64,5104.82,5104.73,18.0,STEPLOCK_V1,STEP_LOCK,0.50:-0.25|1.00:0.25|2.00:1.00,YES,2026.03.03 22:51:34,1772578294294,94.248,2,2,1.273820,14.56,5119.20,5101.00,0.250000,RETENTION_STOP,2026.03.03 22:56:13,1772578573670,5101.02,373.624,0.250000,7.1320,12446,2026.03.03 23:00:00,1772578800073,27,5097.48
P2F4_CANDIDATE_S1,1772578200046_SELL,XAUUSD,PERIOD_M5,2026.03.03 22:50:00,1772578200046,2026.03.03 22:50:00,SELL,10,OK,1.250000,11.65,1165.00,5104.64,5104.82,5104.73,18.0,GIVEBACK_100_075,MFE_GIVEBACK,TRIGGER=1.00|GAP=0.75|FLOOR=0.00,YES,2026.03.03 22:52:01,1772578321558,121.512,1,23,1.273820,14.56,5119.20,5097.01,0.523820,RETENTION_STOP,2026.03.03 22:54:32,1772578472536,5097.03,272.490,0.523820,14.9435,12446,2026.03.03 23:00:00,1772578800073,27,5097.48
P2F4_CANDIDATE_S1,1772601000125_SELL,XAUUSD,PERIOD_M5,2026.03.04 05:10:00,1772601000125,2026.03.04 05:10:00,SELL,10,OK,1.250000,11.30,1129.79,5152.52,5152.65,5152.59,13.0,CONTROL,CONTROL,NO_RETENTION,NO,,,,0,0,0.058772,14.12,5166.64,5166.64,-1.000000,TIME_EXIT,2026.03.04 05:20:00,1772601600132,5160.95,600.007,-0.596927,-16.3609,7963,2026.03.04 05:20:00,1772601600132,7,5160.95
P2F4_CANDIDATE_S1,1772601000125_SELL,XAUUSD,PERIOD_M5,2026.03.04 05:10:00,1772601000125,2026.03.04 05:10:00,SELL,10,OK,1.250000,11.30,1129.79,5152.52,5152.65,5152.59,13.0,LEGACY_BE_050,BREAK_EVEN,0.50:0.00,NO,,,,0,0,0.058772,14.12,5166.64,5166.64,-1.000000,TIME_EXIT,2026.03.04 05:20:00,1772601600132,5160.95,600.007,-0.596927,-16.3609,7963,2026.03.04 05:20:00,1772601600132,7,5160.95
P2F4_CANDIDATE_S1,1772601000125_SELL,XAUUSD,PERIOD_M5,2026.03.04 05:10:00,1772601000125,2026.03.04 05:10:00,SELL,10,OK,1.250000,11.30,1129.79,5152.52,5152.65,5152.59,13.0,STEPLOCK_V1,STEP_LOCK,0.50:-0.25|1.00:0.25|2.00:1.00,NO,,,,0,0,0.058772,14.12,5166.64,5166.64,-1.000000,TIME_EXIT,2026.03.04 05:20:00,1772601600132,5160.95,600.007,-0.596927,-16.3609,7963,2026.03.04 05:20:00,1772601600132,7,5160.95
P2F4_CANDIDATE_S1,1772601000125_SELL,XAUUSD,PERIOD_M5,2026.03.04 05:10:00,1772601000125,2026.03.04 05:10:00,SELL,10,OK,1.250000,11.30,1129.79,5152.52,5152.65,5152.59,13.0,GIVEBACK_100_075,MFE_GIVEBACK,TRIGGER=1.00|GAP=0.75|FLOOR=0.00,NO,,,,0,0,0.058772,14.12,5166.64,5166.64,-1.000000,TIME_EXIT,2026.03.04 05:20:00,1772601600132,5160.95,600.007,-0.596927,-16.3609,7963,2026.03.04 05:20:00,1772601600132,7,5160.95
P2F4_CANDIDATE_S1,1772662800108_SELL,XAUUSD,PERIOD_M5,2026.03.04 22:20:00,1772662800108,2026.03.04 22:20:00,SELL,10,OK,1.250000,5.33,532.79,5128.15,5128.27,5128.21,12.0,CONTROL,CONTROL,NO_RETENTION,NO,,,,0,0,0.040542,6.66,5134.81,5134.81,-1.000000,HARD_SL,2026.03.04 22:26:19,1772663179573,5134.84,379.465,-1.000000,-12.9868,6349,2026.03.04 22:30:00,1772663400127,19,5137.54
P2F4_CANDIDATE_S1,1772662800108_SELL,XAUUSD,PERIOD_M5,2026.03.04 22:20:00,1772662800108,2026.03.04 22:20:00,SELL,10,OK,1.250000,5.33,532.79,5128.15,5128.27,5128.21,12.0,LEGACY_BE_050,BREAK_EVEN,0.50:0.00,NO,,,,0,0,0.040542,6.66,5134.81,5134.81,-1.000000,HARD_SL,2026.03.04 22:26:19,1772663179573,5134.84,379.465,-1.000000,-12.9868,6349,2026.03.04 22:30:00,1772663400127,19,5137.54
P2F4_CANDIDATE_S1,1772662800108_SELL,XAUUSD,PERIOD_M5,2026.03.04 22:20:00,1772662800108,2026.03.04 22:20:00,SELL,10,OK,1.250000,5.33,532.79,5128.15,5128.27,5128.21,12.0,STEPLOCK_V1,STEP_LOCK,0.50:-0.25|1.00:0.25|2.00:1.00,NO,,,,0,0,0.040542,6.66,5134.81,5134.81,-1.000000,HARD_SL,2026.03.04 22:26:19,1772663179573,5134.84,379.465,-1.000000,-12.9868,6349,2026.03.04 22:30:00,1772663400127,19,5137.54
P2F4_CANDIDATE_S1,1772662800108_SELL,XAUUSD,PERIOD_M5,2026.03.04 22:20:00,1772662800108,2026.03.04 22:20:00,SELL,10,OK,1.250000,5.33,532.79,5128.15,5128.27,5128.21,12.0,GIVEBACK_100_075,MFE_GIVEBACK,TRIGGER=1.00|GAP=0.75|FLOOR=0.00,NO,,,,0,0,0.040542,6.66,5134.81,5134.81,-1.000000,HARD_SL,2026.03.04 22:26:19,1772663179573,5134.84,379.465,-1.000000,-12.9868,6349,2026.03.04 22:30:00,1772663400127,19,5137.54
P2F4_CANDIDATE_S1,1772744400016_SELL,XAUUSD,PERIOD_M5,2026.03.05 21:00:00,1772744400016,2026.03.05 21:00:00,SELL,10,OK,1.250000,9.00,900.14,5069.51,5069.65,5069.58,14.0,CONTROL,CONTROL,NO_RETENTION,NO,,,,0,0,0.161752,11.25,5080.76,5080.76,-1.000000,HARD_SL,2026.03.05 21:06:24,1772744784620,5080.82,384.604,-1.000000,-22.1950,8634,2026.03.05 21:10:00,1772745000027,11,5076.70
P2F4_CANDIDATE_S1,1772744400016_SELL,XAUUSD,PERIOD_M5,2026.03.05 21:00:00,1772744400016,2026.03.05 21:00:00,SELL,10,OK,1.250000,9.00,900.14,5069.51,5069.65,5069.58,14.0,LEGACY_BE_050,BREAK_EVEN,0.50:0.00,NO,,,,0,0,0.161752,11.25,5080.76,5080.76,-1.000000,HARD_SL,2026.03.05 21:06:24,1772744784620,5080.82,384.604,-1.000000,-22.1950,8634,2026.03.05 21:10:00,1772745000027,11,5076.70
P2F4_CANDIDATE_S1,1772744400016_SELL,XAUUSD,PERIOD_M5,2026.03.05 21:00:00,1772744400016,2026.03.05 21:00:00,SELL,10,OK,1.250000,9.00,900.14,5069.51,5069.65,5069.58,14.0,STEPLOCK_V1,STEP_LOCK,0.50:-0.25|1.00:0.25|2.00:1.00,NO,,,,0,0,0.161752,11.25,5080.76,5080.76,-1.000000,HARD_SL,2026.03.05 21:06:24,1772744784620,5080.82,384.604,-1.000000,-22.1950,8634,2026.03.05 21:10:00,1772745000027,11,5076.70
P2F4_CANDIDATE_S1,1772744400016_SELL,XAUUSD,PERIOD_M5,2026.03.05 21:00:00,1772744400016,2026.03.05 21:00:00,SELL,10,OK,1.250000,9.00,900.14,5069.51,5069.65,5069.58,14.0,GIVEBACK_100_075,MFE_GIVEBACK,TRIGGER=1.00|GAP=0.75|FLOOR=0.00,NO,,,,0,0,0.161752,11.25,5080.76,5080.76,-1.000000,HARD_SL,2026.03.05 21:06:24,1772744784620,5080.82,384.604,-1.000000,-22.1950,8634,2026.03.05 21:10:00,1772745000027,11,5076.70
P2F4_CANDIDATE_S1,1772745600001_SELL,XAUUSD,PERIOD_M5,2026.03.05 21:20:00,1772745600001,2026.03.05 21:20:00,SELL,10,OK,1.250000,8.29,828.79,5070.25,5070.31,5070.28,6.0,CONTROL,CONTROL,NO_RETENTION,NO,,,,0,0,0.647695,10.36,5080.61,5080.61,-1.000000,TIME_EXIT,2026.03.05 21:30:00,1772746200019,5067.06,600.018,0.307920,6.2916,8337,2026.03.05 21:30:00,1772746200019,18,5067.06
P2F4_CANDIDATE_S1,1772745600001_SELL,XAUUSD,PERIOD_M5,2026.03.05 21:20:00,1772745600001,2026.03.05 21:20:00,SELL,10,OK,1.250000,8.29,828.79,5070.25,5070.31,5070.28,6.0,LEGACY_BE_050,BREAK_EVEN,0.50:0.00,YES,2026.03.05 21:20:45,1772745645463,45.462,1,1,0.611014,10.36,5080.61,5070.25,0.000000,RETENTION_STOP,2026.03.05 21:23:42,1772745822811,5070.38,222.810,0.000000,0.0000,8337,2026.03.05 21:30:00,1772746200019,18,5067.06
P2F4_CANDIDATE_S1,1772745600001_SELL,XAUUSD,PERIOD_M5,2026.03.05 21:20:00,1772745600001,2026.03.05 21:20:00,SELL,10,OK,1.250000,8.29,828.79,5070.25,5070.31,5070.28,6.0,STEPLOCK_V1,STEP_LOCK,0.50:-0.25|1.00:0.25|2.00:1.00,YES,2026.03.05 21:20:45,1772745645463,45.462,1,1,0.647695,10.36,5080.61,5072.84,-0.250000,TIME_EXIT,2026.03.05 21:30:00,1772746200019,5067.06,600.018,0.307920,6.2916,8337,2026.03.05 21:30:00,1772746200019,18,5067.06
P2F4_CANDIDATE_S1,1772745600001_SELL,XAUUSD,PERIOD_M5,2026.03.05 21:20:00,1772745600001,2026.03.05 21:20:00,SELL,10,OK,1.250000,8.29,828.79,5070.25,5070.31,5070.28,6.0,GIVEBACK_100_075,MFE_GIVEBACK,TRIGGER=1.00|GAP=0.75|FLOOR=0.00,NO,,,,0,0,0.647695,10.36,5080.61,5080.61,-1.000000,TIME_EXIT,2026.03.05 21:30:00,1772746200019,5067.06,600.018,0.307920,6.2916,8337,2026.03.05 21:30:00,1772746200019,18,5067.06
P2F4_CANDIDATE_S1,1772765100036_SELL,XAUUSD,PERIOD_M5,2026.03.06 02:45:00,1772765100036,2026.03.06 02:45:00,SELL,10,OK,1.250000,7.94,793.71,5083.70,5083.79,5083.74,9.0,CONTROL,CONTROL,NO_RETENTION,NO,,,,0,0,0.667243,9.92,5093.62,5093.62,-1.000000,TIME_EXIT,2026.03.06 02:55:00,1772765700046,5089.69,600.010,-0.603744,-11.7828,4312,2026.03.06 02:55:00,1772765700046,10,5089.69
P2F4_CANDIDATE_S1,1772765100036_SELL,XAUUSD,PERIOD_M5,2026.03.06 02:45:00,1772765100036,2026.03.06 02:45:00,SELL,10,OK,1.250000,7.94,793.71,5083.70,5083.79,5083.74,9.0,LEGACY_BE_050,BREAK_EVEN,0.50:0.00,YES,2026.03.06 02:50:25,1772765425006,324.970,1,1,0.667243,9.92,5093.62,5083.70,0.000000,RETENTION_STOP,2026.03.06 02:52:52,1772765572945,5083.74,472.909,0.000000,0.0000,4312,2026.03.06 02:55:00,1772765700046,10,5089.69
P2F4_CANDIDATE_S1,1772765100036_SELL,XAUUSD,PERIOD_M5,2026.03.06 02:45:00,1772765100036,2026.03.06 02:45:00,SELL,10,OK,1.250000,7.94,793.71,5083.70,5083.79,5083.74,9.0,STEPLOCK_V1,STEP_LOCK,0.50:-0.25|1.00:0.25|2.00:1.00,YES,2026.03.06 02:50:25,1772765425006,324.970,1,1,0.667243,9.92,5093.62,5086.18,-0.250000,RETENTION_STOP,2026.03.06 02:53:33,1772765613060,5086.22,513.024,-0.250000,-4.8790,4312,2026.03.06 02:55:00,1772765700046,10,5089.69
P2F4_CANDIDATE_S1,1772765100036_SELL,XAUUSD,PERIOD_M5,2026.03.06 02:45:00,1772765100036,2026.03.06 02:45:00,SELL,10,OK,1.250000,7.94,793.71,5083.70,5083.79,5083.74,9.0,GIVEBACK_100_075,MFE_GIVEBACK,TRIGGER=1.00|GAP=0.75|FLOOR=0.00,NO,,,,0,0,0.667243,9.92,5093.62,5093.62,-1.000000,TIME_EXIT,2026.03.06 02:55:00,1772765700046,5089.69,600.010,-0.603744,-11.7828,4312,2026.03.06 02:55:00,1772765700046,10,5089.69
P2F4_CANDIDATE_S1,1772804700014_SELL,XAUUSD,PERIOD_M5,2026.03.06 13:45:00,1772804700014,2026.03.06 13:45:00,SELL,10,OK,1.250000,6.79,679.21,5081.23,5081.39,5081.31,16.0,CONTROL,CONTROL,NO_RETENTION,NO,,,,0,0,0.444042,8.49,5089.72,5089.72,-1.000000,TIME_EXIT,2026.03.06 13:55:00,1772805300150,5078.67,600.136,0.301525,5.0382,6776,2026.03.06 13:55:00,1772805300150,136,5078.67
P2F4_CANDIDATE_S1,1772804700014_SELL,XAUUSD,PERIOD_M5,2026.03.06 13:45:00,1772804700014,2026.03.06 13:45:00,SELL,10,OK,1.250000,6.79,679.21,5081.23,5081.39,5081.31,16.0,LEGACY_BE_050,BREAK_EVEN,0.50:0.00,NO,,,,0,0,0.444042,8.49,5089.72,5089.72,-1.000000,TIME_EXIT,2026.03.06 13:55:00,1772805300150,5078.67,600.136,0.301525,5.0382,6776,2026.03.06 13:55:00,1772805300150,136,5078.67
P2F4_CANDIDATE_S1,1772804700014_SELL,XAUUSD,PERIOD_M5,2026.03.06 13:45:00,1772804700014,2026.03.06 13:45:00,SELL,10,OK,1.250000,6.79,679.21,5081.23,5081.39,5081.31,16.0,STEPLOCK_V1,STEP_LOCK,0.50:-0.25|1.00:0.25|2.00:1.00,NO,,,,0,0,0.444042,8.49,5089.72,5089.72,-1.000000,TIME_EXIT,2026.03.06 13:55:00,1772805300150,5078.67,600.136,0.301525,5.0382,6776,2026.03.06 13:55:00,1772805300150,136,5078.67
P2F4_CANDIDATE_S1,1772804700014_SELL,XAUUSD,PERIOD_M5,2026.03.06 13:45:00,1772804700014,2026.03.06 13:45:00,SELL,10,OK,1.250000,6.79,679.21,5081.23,5081.39,5081.31,16.0,GIVEBACK_100_075,MFE_GIVEBACK,TRIGGER=1.00|GAP=0.75|FLOOR=0.00,NO,,,,0,0,0.444042,8.49,5089.72,5089.72,-1.000000,TIME_EXIT,2026.03.06 13:55:00,1772805300150,5078.67,600.136,0.301525,5.0382,6776,2026.03.06 13:55:00,1772805300150,136,5078.67
P2F4_CANDIDATE_S1,1772809200011_SELL,XAUUSD,PERIOD_M5,2026.03.06 15:00:00,1772809200011,2026.03.06 15:00:00,SELL,10,OK,1.250000,8.18,818.36,5083.44,5083.48,5083.46,4.0,CONTROL,CONTROL,NO_RETENTION,NO,,,,0,0,1.737139,10.23,5093.67,5093.67,-1.000000,TIME_EXIT,2026.03.06 15:10:00,1772809800013,5070.47,600.002,1.267906,25.5142,10570,2026.03.06 15:10:00,1772809800013,2,5070.47
P2F4_CANDIDATE_S1,1772809200011_SELL,XAUUSD,PERIOD_M5,2026.03.06 15:00:00,1772809200011,2026.03.06 15:00:00,SELL,10,OK,1.250000,8.18,818.36,5083.44,5083.48,5083.46,4.0,LEGACY_BE_050,BREAK_EVEN,0.50:0.00,YES,2026.03.06 15:00:52,1772809252222,52.211,1,1,1.737139,10.23,5093.67,5083.44,0.000000,TIME_EXIT,2026.03.06 15:10:00,1772809800013,5070.47,600.002,1.267906,25.5142,10570,2026.03.06 15:10:00,1772809800013,2,5070.47
P2F4_CANDIDATE_S1,1772809200011_SELL,XAUUSD,PERIOD_M5,2026.03.06 15:00:00,1772809200011,2026.03.06 15:00:00,SELL,10,OK,1.250000,8.18,818.36,5083.44,5083.48,5083.46,4.0,STEPLOCK_V1,STEP_LOCK,0.50:-0.25|1.00:0.25|2.00:1.00,YES,2026.03.06 15:00:52,1772809252222,52.211,2,2,1.157441,10.23,5093.67,5080.88,0.250000,RETENTION_STOP,2026.03.06 15:02:37,1772809357046,5080.90,157.035,0.250000,5.0308,10570,2026.03.06 15:10:00,1772809800013,2,5070.47
P2F4_CANDIDATE_S1,1772809200011_SELL,XAUUSD,PERIOD_M5,2026.03.06 15:00:00,1772809200011,2026.03.06 15:00:00,SELL,10,OK,1.250000,8.18,818.36,5083.44,5083.48,5083.46,4.0,GIVEBACK_100_075,MFE_GIVEBACK,TRIGGER=1.00|GAP=0.75|FLOOR=0.00,YES,2026.03.06 15:01:48,1772809308326,108.315,1,16,1.157441,10.23,5093.67,5079.27,0.407441,RETENTION_STOP,2026.03.06 15:02:26,1772809346184,5079.32,146.173,0.407441,8.1990,10570,2026.03.06 15:10:00,1772809800013,2,5070.47
P2F4_CANDIDATE_S1,1772815800087_SELL,XAUUSD,PERIOD_M5,2026.03.06 16:50:00,1772815800087,2026.03.06 16:50:00,SELL,10,OK,1.250000,14.90,1490.29,5090.74,5090.79,5090.76,5.0,CONTROL,CONTROL,NO_RETENTION,NO,,,,0,0,0.000000,18.63,5109.37,5109.37,-1.000000,HARD_SL,2026.03.06 16:55:40,1772816140415,5109.45,340.328,-1.000000,-36.5931,13440,2026.03.06 17:00:00,1772816400131,44,5130.35
P2F4_CANDIDATE_S1,1772815800087_SELL,XAUUSD,PERIOD_M5,2026.03.06 16:50:00,1772815800087,2026.03.06 16:50:00,SELL,10,OK,1.250000,14.90,1490.29,5090.74,5090.79,5090.76,5.0,LEGACY_BE_050,BREAK_EVEN,0.50:0.00,NO,,,,0,0,0.000000,18.63,5109.37,5109.37,-1.000000,HARD_SL,2026.03.06 16:55:40,1772816140415,5109.45,340.328,-1.000000,-36.5931,13440,2026.03.06 17:00:00,1772816400131,44,5130.35
P2F4_CANDIDATE_S1,1772815800087_SELL,XAUUSD,PERIOD_M5,2026.03.06 16:50:00,1772815800087,2026.03.06 16:50:00,SELL,10,OK,1.250000,14.90,1490.29,5090.74,5090.79,5090.76,5.0,STEPLOCK_V1,STEP_LOCK,0.50:-0.25|1.00:0.25|2.00:1.00,NO,,,,0,0,0.000000,18.63,5109.37,5109.37,-1.000000,HARD_SL,2026.03.06 16:55:40,1772816140415,5109.45,340.328,-1.000000,-36.5931,13440,2026.03.06 17:00:00,1772816400131,44,5130.35
P2F4_CANDIDATE_S1,1772815800087_SELL,XAUUSD,PERIOD_M5,2026.03.06 16:50:00,1772815800087,2026.03.06 16:50:00,SELL,10,OK,1.250000,14.90,1490.29,5090.74,5090.79,5090.76,5.0,GIVEBACK_100_075,MFE_GIVEBACK,TRIGGER=1.00|GAP=0.75|FLOOR=0.00,NO,,,,0,0,0.000000,18.63,5109.37,5109.37,-1.000000,HARD_SL,2026.03.06 16:55:40,1772816140415,5109.45,340.328,-1.000000,-36.5931,13440,2026.03.06 17:00:00,1772816400131,44,5130.35
P2F4_CANDIDATE_S1,1773046800000_SELL,XAUUSD,PERIOD_M5,2026.03.09 09:00:00,1773046800000,2026.03.09 09:00:00,SELL,10,OK,1.250000,9.00,899.71,5097.71,5097.89,5097.80,18.0,CONTROL,CONTROL,NO_RETENTION,NO,,,,0,0,0.790473,11.25,5108.96,5108.96,-1.000000,TIME_EXIT,2026.03.09 09:10:00,1773047400099,5098.06,600.099,-0.031121,-0.6866,7578,2026.03.09 09:10:00,1773047400099,99,5098.06
P2F4_CANDIDATE_S1,1773046800000_SELL,XAUUSD,PERIOD_M5,2026.03.09 09:00:00,1773046800000,2026.03.09 09:00:00,SELL,10,OK,1.250000,9.00,899.71,5097.71,5097.89,5097.80,18.0,LEGACY_BE_050,BREAK_EVEN,0.50:0.00,YES,2026.03.09 09:03:29,1773047009240,209.240,1,1,0.790473,11.25,5108.96,5097.71,0.000000,RETENTION_STOP,2026.03.09 09:08:39,1773047319774,5097.80,519.774,0.000000,0.0000,7578,2026.03.09 09:10:00,1773047400099,99,5098.06
P2F4_CANDIDATE_S1,1773046800000_SELL,XAUUSD,PERIOD_M5,2026.03.09 09:00:00,1773046800000,2026.03.09 09:00:00,SELL,10,OK,1.250000,9.00,899.71,5097.71,5097.89,5097.80,18.0,STEPLOCK_V1,STEP_LOCK,0.50:-0.25|1.00:0.25|2.00:1.00,YES,2026.03.09 09:03:29,1773047009240,209.240,1,1,0.790473,11.25,5108.96,5100.52,-0.250000,TIME_EXIT,2026.03.09 09:10:00,1773047400099,5098.06,600.099,-0.031121,-0.6866,7578,2026.03.09 09:10:00,1773047400099,99,5098.06
P2F4_CANDIDATE_S1,1773046800000_SELL,XAUUSD,PERIOD_M5,2026.03.09 09:00:00,1773046800000,2026.03.09 09:00:00,SELL,10,OK,1.250000,9.00,899.71,5097.71,5097.89,5097.80,18.0,GIVEBACK_100_075,MFE_GIVEBACK,TRIGGER=1.00|GAP=0.75|FLOOR=0.00,NO,,,,0,0,0.790473,11.25,5108.96,5108.96,-1.000000,TIME_EXIT,2026.03.09 09:10:00,1773047400099,5098.06,600.099,-0.031121,-0.6866,7578,2026.03.09 09:10:00,1773047400099,99,5098.06
P2F4_CANDIDATE_S1,1773059100076_SELL,XAUUSD,PERIOD_M5,2026.03.09 12:25:00,1773059100076,2026.03.09 12:25:00,SELL,10,OK,1.250000,7.71,770.86,5102.41,5102.54,5102.48,13.0,CONTROL,CONTROL,NO_RETENTION,NO,,,,0,0,1.223573,9.64,5112.05,5112.05,-1.000000,TIME_EXIT,2026.03.09 12:35:00,1773059700184,5093.46,600.108,0.928836,17.5407,5619,2026.03.09 12:35:00,1773059700184,108,5093.46
P2F4_CANDIDATE_S1,1773059100076_SELL,XAUUSD,PERIOD_M5,2026.03.09 12:25:00,1773059100076,2026.03.09 12:25:00,SELL,10,OK,1.250000,7.71,770.86,5102.41,5102.54,5102.48,13.0,LEGACY_BE_050,BREAK_EVEN,0.50:0.00,YES,2026.03.09 12:30:06,1773059406990,306.914,1,1,1.223573,9.64,5112.05,5102.41,0.000000,TIME_EXIT,2026.03.09 12:35:00,1773059700184,5093.46,600.108,0.928836,17.5407,5619,2026.03.09 12:35:00,1773059700184,108,5093.46
P2F4_CANDIDATE_S1,1773059100076_SELL,XAUUSD,PERIOD_M5,2026.03.09 12:25:00,1773059100076,2026.03.09 12:25:00,SELL,10,OK,1.250000,7.71,770.86,5102.41,5102.54,5102.48,13.0,STEPLOCK_V1,STEP_LOCK,0.50:-0.25|1.00:0.25|2.00:1.00,YES,2026.03.09 12:30:06,1773059406990,306.914,2,2,1.223573,9.64,5112.05,5100.00,0.250000,TIME_EXIT,2026.03.09 12:35:00,1773059700184,5093.46,600.108,0.928836,17.5407,5619,2026.03.09 12:35:00,1773059700184,108,5093.46
P2F4_CANDIDATE_S1,1773059100076_SELL,XAUUSD,PERIOD_M5,2026.03.09 12:25:00,1773059100076,2026.03.09 12:25:00,SELL,10,OK,1.250000,7.71,770.86,5102.41,5102.54,5102.48,13.0,GIVEBACK_100_075,MFE_GIVEBACK,TRIGGER=1.00|GAP=0.75|FLOOR=0.00,YES,2026.03.09 12:31:41,1773059501222,401.146,1,21,1.223573,9.64,5112.05,5097.85,0.473573,TIME_EXIT,2026.03.09 12:35:00,1773059700184,5093.46,600.108,0.928836,17.5407,5619,2026.03.09 12:35:00,1773059700184,108,5093.46
P2F4_CANDIDATE_S1,1773069300009_SELL,XAUUSD,PERIOD_M5,2026.03.09 15:15:00,1773069300009,2026.03.09 15:15:00,SELL,10,OK,1.250000,6.34,633.79,5092.61,5092.78,5092.69,17.0,CONTROL,CONTROL,NO_RETENTION,NO,,,,0,0,0.990871,7.92,5100.53,5100.53,-1.000000,TIME_EXIT,2026.03.09 15:25:00,1773069900105,5087.33,600.096,0.666471,10.3680,7791,2026.03.09 15:25:00,1773069900105,96,5087.33
P2F4_CANDIDATE_S1,1773069300009_SELL,XAUUSD,PERIOD_M5,2026.03.09 15:15:00,1773069300009,2026.03.09 15:15:00,SELL,10,OK,1.250000,6.34,633.79,5092.61,5092.78,5092.69,17.0,LEGACY_BE_050,BREAK_EVEN,0.50:0.00,YES,2026.03.09 15:21:36,1773069696986,396.977,1,1,0.990871,7.92,5100.53,5092.61,0.000000,TIME_EXIT,2026.03.09 15:25:00,1773069900105,5087.33,600.096,0.666471,10.3680,7791,2026.03.09 15:25:00,1773069900105,96,5087.33
P2F4_CANDIDATE_S1,1773069300009_SELL,XAUUSD,PERIOD_M5,2026.03.09 15:15:00,1773069300009,2026.03.09 15:15:00,SELL,10,OK,1.250000,6.34,633.79,5092.61,5092.78,5092.69,17.0,STEPLOCK_V1,STEP_LOCK,0.50:-0.25|1.00:0.25|2.00:1.00,YES,2026.03.09 15:21:36,1773069696986,396.977,1,1,0.990871,7.92,5100.53,5094.59,-0.250000,TIME_EXIT,2026.03.09 15:25:00,1773069900105,5087.33,600.096,0.666471,10.3680,7791,2026.03.09 15:25:00,1773069900105,96,5087.33
P2F4_CANDIDATE_S1,1773069300009_SELL,XAUUSD,PERIOD_M5,2026.03.09 15:15:00,1773069300009,2026.03.09 15:15:00,SELL,10,OK,1.250000,6.34,633.79,5092.61,5092.78,5092.69,17.0,GIVEBACK_100_075,MFE_GIVEBACK,TRIGGER=1.00|GAP=0.75|FLOOR=0.00,NO,,,,0,0,0.990871,7.92,5100.53,5100.53,-1.000000,TIME_EXIT,2026.03.09 15:25:00,1773069900105,5087.33,600.096,0.666471,10.3680,7791,2026.03.09 15:25:00,1773069900105,96,5087.33
P2F4_CANDIDATE_S1,1773071100047_SELL,XAUUSD,PERIOD_M5,2026.03.09 15:45:00,1773071100047,2026.03.09 15:45:00,SELL,10,OK,1.250000,9.68,967.93,5076.09,5076.22,5076.16,13.0,CONTROL,CONTROL,NO_RETENTION,NO,,,,0,0,0.584341,12.10,5088.19,5088.19,-1.000000,TIME_EXIT,2026.03.09 15:55:00,1773071700054,5074.49,600.007,0.132241,3.1520,11828,2026.03.09 15:55:00,1773071700054,7,5074.49
P2F4_CANDIDATE_S1,1773071100047_SELL,XAUUSD,PERIOD_M5,2026.03.09 15:45:00,1773071100047,2026.03.09 15:45:00,SELL,10,OK,1.250000,9.68,967.93,5076.09,5076.22,5076.16,13.0,LEGACY_BE_050,BREAK_EVEN,0.50:0.00,YES,2026.03.09 15:45:40,1773071140135,40.088,1,1,0.584341,12.10,5088.19,5076.09,0.000000,RETENTION_STOP,2026.03.09 15:46:02,1773071162554,5076.27,62.507,0.000000,0.0000,11828,2026.03.09 15:55:00,1773071700054,7,5074.49
P2F4_CANDIDATE_S1,1773071100047_SELL,XAUUSD,PERIOD_M5,2026.03.09 15:45:00,1773071100047,2026.03.09 15:45:00,SELL,10,OK,1.250000,9.68,967.93,5076.09,5076.22,5076.16,13.0,STEPLOCK_V1,STEP_LOCK,0.50:-0.25|1.00:0.25|2.00:1.00,YES,2026.03.09 15:45:40,1773071140135,40.088,1,1,0.584341,12.10,5088.19,5079.11,-0.250000,RETENTION_STOP,2026.03.09 15:46:11,1773071171706,5079.21,71.659,-0.250000,-5.9589,11828,2026.03.09 15:55:00,1773071700054,7,5074.49
P2F4_CANDIDATE_S1,1773071100047_SELL,XAUUSD,PERIOD_M5,2026.03.09 15:45:00,1773071100047,2026.03.09 15:45:00,SELL,10,OK,1.250000,9.68,967.93,5076.09,5076.22,5076.16,13.0,GIVEBACK_100_075,MFE_GIVEBACK,TRIGGER=1.00|GAP=0.75|FLOOR=0.00,NO,,,,0,0,0.584341,12.10,5088.19,5088.19,-1.000000,TIME_EXIT,2026.03.09 15:55:00,1773071700054,5074.49,600.007,0.132241,3.1520,11828,2026.03.09 15:55:00,1773071700054,7,5074.49
P2F4_CANDIDATE_S1,1773076800031_SELL,XAUUSD,PERIOD_M5,2026.03.09 17:20:00,1773076800031,2026.03.09 17:20:00,SELL,10,OK,1.250000,12.37,1237.14,5084.10,5084.27,5084.19,17.0,CONTROL,CONTROL,NO_RETENTION,NO,,,,0,0,0.055612,15.46,5099.56,5099.56,-1.000000,HARD_SL,2026.03.09 17:25:30,1773077130698,5099.61,330.667,-1.000000,-30.4170,6973,2026.03.09 17:30:00,1773077400037,6,5099.78
P2F4_CANDIDATE_S1,1773076800031_SELL,XAUUSD,PERIOD_M5,2026.03.09 17:20:00,1773076800031,2026.03.09 17:20:00,SELL,10,OK,1.250000,12.37,1237.14,5084.10,5084.27,5084.19,17.0,LEGACY_BE_050,BREAK_EVEN,0.50:0.00,NO,,,,0,0,0.055612,15.46,5099.56,5099.56,-1.000000,HARD_SL,2026.03.09 17:25:30,1773077130698,5099.61,330.667,-1.000000,-30.4170,6973,2026.03.09 17:30:00,1773077400037,6,5099.78
P2F4_CANDIDATE_S1,1773076800031_SELL,XAUUSD,PERIOD_M5,2026.03.09 17:20:00,1773076800031,2026.03.09 17:20:00,SELL,10,OK,1.250000,12.37,1237.14,5084.10,5084.27,5084.19,17.0,STEPLOCK_V1,STEP_LOCK,0.50:-0.25|1.00:0.25|2.00:1.00,NO,,,,0,0,0.055612,15.46,5099.56,5099.56,-1.000000,HARD_SL,2026.03.09 17:25:30,1773077130698,5099.61,330.667,-1.000000,-30.4170,6973,2026.03.09 17:30:00,1773077400037,6,5099.78
P2F4_CANDIDATE_S1,1773076800031_SELL,XAUUSD,PERIOD_M5,2026.03.09 17:20:00,1773076800031,2026.03.09 17:20:00,SELL,10,OK,1.250000,12.37,1237.14,5084.10,5084.27,5084.19,17.0,GIVEBACK_100_075,MFE_GIVEBACK,TRIGGER=1.00|GAP=0.75|FLOOR=0.00,NO,,,,0,0,0.055612,15.46,5099.56,5099.56,-1.000000,HARD_SL,2026.03.09 17:25:30,1773077130698,5099.61,330.667,-1.000000,-30.4170,6973,2026.03.09 17:30:00,1773077400037,6,5099.78
P2F4_CANDIDATE_S1,1773084600088_SELL,XAUUSD,PERIOD_M5,2026.03.09 19:30:00,1773084600088,2026.03.09 19:30:00,SELL,10,OK,1.250000,4.91,490.93,5095.05,5095.22,5095.14,17.0,CONTROL,CONTROL,NO_RETENTION,NO,,,,0,0,0.909297,6.14,5101.19,5101.19,-1.000000,TIME_EXIT,2026.03.09 19:40:00,1773085200105,5093.53,600.017,0.247694,2.9833,5873,2026.03.09 19:40:00,1773085200105,17,5093.53
P2F4_CANDIDATE_S1,1773084600088_SELL,XAUUSD,PERIOD_M5,2026.03.09 19:30:00,1773084600088,2026.03.09 19:30:00,SELL,10,OK,1.250000,4.91,490.93,5095.05,5095.22,5095.14,17.0,LEGACY_BE_050,BREAK_EVEN,0.50:0.00,YES,2026.03.09 19:32:45,1773084765811,165.723,1,1,0.909297,6.14,5101.19,5095.05,0.000000,RETENTION_STOP,2026.03.09 19:35:25,1773084925179,5095.94,325.091,0.000000,0.0000,5873,2026.03.09 19:40:00,1773085200105,17,5093.53
P2F4_CANDIDATE_S1,1773084600088_SELL,XAUUSD,PERIOD_M5,2026.03.09 19:30:00,1773084600088,2026.03.09 19:30:00,SELL,10,OK,1.250000,4.91,490.93,5095.05,5095.22,5095.14,17.0,STEPLOCK_V1,STEP_LOCK,0.50:-0.25|1.00:0.25|2.00:1.00,YES,2026.03.09 19:32:45,1773084765811,165.723,1,1,0.909297,6.14,5101.19,5096.58,-0.250000,RETENTION_STOP,2026.03.09 19:35:56,1773084956221,5096.64,356.133,-0.250000,-3.0111,5873,2026.03.09 19:40:00,1773085200105,17,5093.53
P2F4_CANDIDATE_S1,1773084600088_SELL,XAUUSD,PERIOD_M5,2026.03.09 19:30:00,1773084600088,2026.03.09 19:30:00,SELL,10,OK,1.250000,4.91,490.93,5095.05,5095.22,5095.14,17.0,GIVEBACK_100_075,MFE_GIVEBACK,TRIGGER=1.00|GAP=0.75|FLOOR=0.00,NO,,,,0,0,0.909297,6.14,5101.19,5101.19,-1.000000,TIME_EXIT,2026.03.09 19:40:00,1773085200105,5093.53,600.017,0.247694,2.9833,5873,2026.03.09 19:40:00,1773085200105,17,5093.53
P2F4_CANDIDATE_S1,1773232500125_SELL,XAUUSD,PERIOD_M5,2026.03.11 12:35:00,1773232500125,2026.03.11 12:35:00,SELL,10,OK,1.250000,4.60,460.07,5184.35,5184.61,5184.48,26.0,CONTROL,CONTROL,NO_RETENTION,NO,,,,0,0,1.210247,5.75,5190.10,5190.10,-1.000000,TIME_EXIT,2026.03.11 12:45:00,1773233100170,5179.47,600.045,0.848564,9.4129,4596,2026.03.11 12:45:00,1773233100170,45,5179.47
P2F4_CANDIDATE_S1,1773232500125_SELL,XAUUSD,PERIOD_M5,2026.03.11 12:35:00,1773232500125,2026.03.11 12:35:00,SELL,10,OK,1.250000,4.60,460.07,5184.35,5184.61,5184.48,26.0,LEGACY_BE_050,BREAK_EVEN,0.50:0.00,YES,2026.03.11 12:42:19,1773232939827,439.702,1,1,1.210247,5.75,5190.10,5184.35,0.000000,TIME_EXIT,2026.03.11 12:45:00,1773233100170,5179.47,600.045,0.848564,9.4129,4596,2026.03.11 12:45:00,1773233100170,45,5179.47
P2F4_CANDIDATE_S1,1773232500125_SELL,XAUUSD,PERIOD_M5,2026.03.11 12:35:00,1773232500125,2026.03.11 12:35:00,SELL,10,OK,1.250000,4.60,460.07,5184.35,5184.61,5184.48,26.0,STEPLOCK_V1,STEP_LOCK,0.50:-0.25|1.00:0.25|2.00:1.00,YES,2026.03.11 12:42:19,1773232939827,439.702,2,2,1.210247,5.75,5190.10,5182.91,0.250000,TIME_EXIT,2026.03.11 12:45:00,1773233100170,5179.47,600.045,0.848564,9.4129,4596,2026.03.11 12:45:00,1773233100170,45,5179.47
P2F4_CANDIDATE_S1,1773232500125_SELL,XAUUSD,PERIOD_M5,2026.03.11 12:35:00,1773232500125,2026.03.11 12:35:00,SELL,10,OK,1.250000,4.60,460.07,5184.35,5184.61,5184.48,26.0,GIVEBACK_100_075,MFE_GIVEBACK,TRIGGER=1.00|GAP=0.75|FLOOR=0.00,YES,2026.03.11 12:42:26,1773232946149,446.024,1,7,1.210247,5.75,5190.10,5181.70,0.460247,TIME_EXIT,2026.03.11 12:45:00,1773233100170,5179.47,600.045,0.848564,9.4129,4596,2026.03.11 12:45:00,1773233100170,45,5179.47
P2F4_CANDIDATE_S1,1773240000000_SELL,XAUUSD,PERIOD_M5,2026.03.11 14:40:00,1773240000000,2026.03.11 14:40:00,SELL,10,OK,1.250000,6.91,691.43,5177.44,5177.61,5177.52,17.0,CONTROL,CONTROL,NO_RETENTION,NO,,,,0,0,1.011240,8.64,5186.08,5186.08,-1.000000,TIME_EXIT,2026.03.11 14:50:00,1773240600004,5177.04,600.004,0.046281,0.7726,7227,2026.03.11 14:50:00,1773240600004,4,5177.04
P2F4_CANDIDATE_S1,1773240000000_SELL,XAUUSD,PERIOD_M5,2026.03.11 14:40:00,1773240000000,2026.03.11 14:40:00,SELL,10,OK,1.250000,6.91,691.43,5177.44,5177.61,5177.52,17.0,LEGACY_BE_050,BREAK_EVEN,0.50:0.00,YES,2026.03.11 14:47:13,1773240433735,433.735,1,1,1.011240,8.64,5186.08,5177.44,0.000000,RETENTION_STOP,2026.03.11 14:49:27,1773240567320,5177.45,567.320,0.000000,0.0000,7227,2026.03.11 14:50:00,1773240600004,4,5177.04
P2F4_CANDIDATE_S1,1773240000000_SELL,XAUUSD,PERIOD_M5,2026.03.11 14:40:00,1773240000000,2026.03.11 14:40:00,SELL,10,OK,1.250000,6.91,691.43,5177.44,5177.61,5177.52,17.0,STEPLOCK_V1,STEP_LOCK,0.50:-0.25|1.00:0.25|2.00:1.00,YES,2026.03.11 14:47:13,1773240433735,433.735,2,2,1.011240,8.64,5186.08,5175.28,0.250000,RETENTION_STOP,2026.03.11 14:48:36,1773240516089,5175.36,516.089,0.250000,4.1733,7227,2026.03.11 14:50:00,1773240600004,4,5177.04
P2F4_CANDIDATE_S1,1773240000000_SELL,XAUUSD,PERIOD_M5,2026.03.11 14:40:00,1773240000000,2026.03.11 14:40:00,SELL,10,OK,1.250000,6.91,691.43,5177.44,5177.61,5177.52,17.0,GIVEBACK_100_075,MFE_GIVEBACK,TRIGGER=1.00|GAP=0.75|FLOOR=0.00,YES,2026.03.11 14:47:25,1773240445476,445.476,1,1,1.011240,8.64,5186.08,5175.18,0.261240,RETENTION_STOP,2026.03.11 14:48:26,1773240506319,5175.23,506.319,0.261240,4.3610,7227,2026.03.11 14:50:00,1773240600004,4,5177.04
P2F4_CANDIDATE_S1,1773249300020_SELL,XAUUSD,PERIOD_M5,2026.03.11 17:15:00,1773249300020,2026.03.11 17:15:00,SELL,10,OK,1.250000,8.87,886.93,5170.81,5170.95,5170.88,14.0,CONTROL,CONTROL,NO_RETENTION,NO,,,,0,0,0.189418,11.09,5181.90,5181.90,-1.000000,TIME_EXIT,2026.03.11 17:25:00,1773249900059,5178.51,600.039,-0.694532,-14.8913,8027,2026.03.11 17:25:00,1773249900059,39,5178.51
P2F4_CANDIDATE_S1,1773249300020_SELL,XAUUSD,PERIOD_M5,2026.03.11 17:15:00,1773249300020,2026.03.11 17:15:00,SELL,10,OK,1.250000,8.87,886.93,5170.81,5170.95,5170.88,14.0,LEGACY_BE_050,BREAK_EVEN,0.50:0.00,NO,,,,0,0,0.189418,11.09,5181.90,5181.90,-1.000000,TIME_EXIT,2026.03.11 17:25:00,1773249900059,5178.51,600.039,-0.694532,-14.8913,8027,2026.03.11 17:25:00,1773249900059,39,5178.51
P2F4_CANDIDATE_S1,1773249300020_SELL,XAUUSD,PERIOD_M5,2026.03.11 17:15:00,1773249300020,2026.03.11 17:15:00,SELL,10,OK,1.250000,8.87,886.93,5170.81,5170.95,5170.88,14.0,STEPLOCK_V1,STEP_LOCK,0.50:-0.25|1.00:0.25|2.00:1.00,NO,,,,0,0,0.189418,11.09,5181.90,5181.90,-1.000000,TIME_EXIT,2026.03.11 17:25:00,1773249900059,5178.51,600.039,-0.694532,-14.8913,8027,2026.03.11 17:25:00,1773249900059,39,5178.51
P2F4_CANDIDATE_S1,1773249300020_SELL,XAUUSD,PERIOD_M5,2026.03.11 17:15:00,1773249300020,2026.03.11 17:15:00,SELL,10,OK,1.250000,8.87,886.93,5170.81,5170.95,5170.88,14.0,GIVEBACK_100_075,MFE_GIVEBACK,TRIGGER=1.00|GAP=0.75|FLOOR=0.00,NO,,,,0,0,0.189418,11.09,5181.90,5181.90,-1.000000,TIME_EXIT,2026.03.11 17:25:00,1773249900059,5178.51,600.039,-0.694532,-14.8913,8027,2026.03.11 17:25:00,1773249900059,39,5178.51
P2F4_CANDIDATE_S1,1773257400001_SELL,XAUUSD,PERIOD_M5,2026.03.11 19:30:00,1773257400001,2026.03.11 19:30:00,SELL,10,OK,1.250000,5.19,519.00,5172.09,5172.22,5172.16,13.0,CONTROL,CONTROL,NO_RETENTION,NO,,,,0,0,2.107129,6.49,5178.58,5178.58,-1.000000,TIME_EXIT,2026.03.11 19:40:00,1773258000020,5159.11,600.019,2.000771,25.0962,7346,2026.03.11 19:40:00,1773258000020,19,5159.11
P2F4_CANDIDATE_S1,1773257400001_SELL,XAUUSD,PERIOD_M5,2026.03.11 19:30:00,1773257400001,2026.03.11 19:30:00,SELL,10,OK,1.250000,5.19,519.00,5172.09,5172.22,5172.16,13.0,LEGACY_BE_050,BREAK_EVEN,0.50:0.00,YES,2026.03.11 19:32:43,1773257563736,163.735,1,1,2.107129,6.49,5178.58,5172.09,0.000000,TIME_EXIT,2026.03.11 19:40:00,1773258000020,5159.11,600.019,2.000771,25.0962,7346,2026.03.11 19:40:00,1773258000020,19,5159.11
P2F4_CANDIDATE_S1,1773257400001_SELL,XAUUSD,PERIOD_M5,2026.03.11 19:30:00,1773257400001,2026.03.11 19:30:00,SELL,10,OK,1.250000,5.19,519.00,5172.09,5172.22,5172.16,13.0,STEPLOCK_V1,STEP_LOCK,0.50:-0.25|1.00:0.25|2.00:1.00,YES,2026.03.11 19:32:43,1773257563736,163.735,3,3,2.107129,6.49,5178.58,5165.60,1.000000,TIME_EXIT,2026.03.11 19:40:00,1773258000020,5159.11,600.019,2.000771,25.0962,7346,2026.03.11 19:40:00,1773258000020,19,5159.11
P2F4_CANDIDATE_S1,1773257400001_SELL,XAUUSD,PERIOD_M5,2026.03.11 19:30:00,1773257400001,2026.03.11 19:30:00,SELL,10,OK,1.250000,5.19,519.00,5172.09,5172.22,5172.16,13.0,GIVEBACK_100_075,MFE_GIVEBACK,TRIGGER=1.00|GAP=0.75|FLOOR=0.00,YES,2026.03.11 19:36:24,1773257784744,384.743,1,52,2.107129,6.49,5178.58,5163.29,1.357129,RETENTION_STOP,2026.03.11 19:39:18,1773257958999,5163.46,558.998,1.357129,17.0229,7346,2026.03.11 19:40:00,1773258000020,19,5159.11
P2F4_CANDIDATE_S1,1773273635063_SELL,XAUUSD,PERIOD_M5,2026.03.12 00:00:35,1773273635063,2026.03.12 00:00:00,SELL,10,OK,1.250000,2.83,283.14,5178.97,5179.17,5179.07,20.0,CONTROL,CONTROL,NO_RETENTION,NO,,,,0,0,0.000000,3.54,5182.51,5182.51,-1.000000,HARD_SL,2026.03.12 00:00:53,1773273653667,5183.56,18.604,-1.000000,-6.8340,1024,2026.03.12 00:10:35,1773274235215,152,5173.86
P2F4_CANDIDATE_S1,1773273635063_SELL,XAUUSD,PERIOD_M5,2026.03.12 00:00:35,1773273635063,2026.03.12 00:00:00,SELL,10,OK,1.250000,2.83,283.14,5178.97,5179.17,5179.07,20.0,LEGACY_BE_050,BREAK_EVEN,0.50:0.00,NO,,,,0,0,0.000000,3.54,5182.51,5182.51,-1.000000,HARD_SL,2026.03.12 00:00:53,1773273653667,5183.56,18.604,-1.000000,-6.8340,1024,2026.03.12 00:10:35,1773274235215,152,5173.86
P2F4_CANDIDATE_S1,1773273635063_SELL,XAUUSD,PERIOD_M5,2026.03.12 00:00:35,1773273635063,2026.03.12 00:00:00,SELL,10,OK,1.250000,2.83,283.14,5178.97,5179.17,5179.07,20.0,STEPLOCK_V1,STEP_LOCK,0.50:-0.25|1.00:0.25|2.00:1.00,NO,,,,0,0,0.000000,3.54,5182.51,5182.51,-1.000000,HARD_SL,2026.03.12 00:00:53,1773273653667,5183.56,18.604,-1.000000,-6.8340,1024,2026.03.12 00:10:35,1773274235215,152,5173.86
P2F4_CANDIDATE_S1,1773273635063_SELL,XAUUSD,PERIOD_M5,2026.03.12 00:00:35,1773273635063,2026.03.12 00:00:00,SELL,10,OK,1.250000,2.83,283.14,5178.97,5179.17,5179.07,20.0,GIVEBACK_100_075,MFE_GIVEBACK,TRIGGER=1.00|GAP=0.75|FLOOR=0.00,NO,,,,0,0,0.000000,3.54,5182.51,5182.51,-1.000000,HARD_SL,2026.03.12 00:00:53,1773273653667,5183.56,18.604,-1.000000,-6.8340,1024,2026.03.12 00:10:35,1773274235215,152,5173.86
P2F4_CANDIDATE_S1,1773274200651_SELL,XAUUSD,PERIOD_M5,2026.03.12 00:10:00,1773274200651,2026.03.12 00:10:00,SELL,10,OK,1.250000,3.39,339.21,5173.30,5173.46,5173.38,16.0,CONTROL,CONTROL,NO_RETENTION,NO,,,,0,0,0.238198,4.24,5177.54,5177.54,-1.000000,TIME_EXIT,2026.03.12 00:20:00,1773274800704,5174.78,600.053,-0.349042,-2.8608,540,2026.03.12 00:20:00,1773274800704,53,5174.78
P2F4_CANDIDATE_S1,1773274200651_SELL,XAUUSD,PERIOD_M5,2026.03.12 00:10:00,1773274200651,2026.03.12 00:10:00,SELL,10,OK,1.250000,3.39,339.21,5173.30,5173.46,5173.38,16.0,LEGACY_BE_050,BREAK_EVEN,0.50:0.00,NO,,,,0,0,0.238198,4.24,5177.54,5177.54,-1.000000,TIME_EXIT,2026.03.12 00:20:00,1773274800704,5174.78,600.053,-0.349042,-2.8608,540,2026.03.12 00:20:00,1773274800704,53,5174.78
P2F4_CANDIDATE_S1,1773274200651_SELL,XAUUSD,PERIOD_M5,2026.03.12 00:10:00,1773274200651,2026.03.12 00:10:00,SELL,10,OK,1.250000,3.39,339.21,5173.30,5173.46,5173.38,16.0,STEPLOCK_V1,STEP_LOCK,0.50:-0.25|1.00:0.25|2.00:1.00,NO,,,,0,0,0.238198,4.24,5177.54,5177.54,-1.000000,TIME_EXIT,2026.03.12 00:20:00,1773274800704,5174.78,600.053,-0.349042,-2.8608,540,2026.03.12 00:20:00,1773274800704,53,5174.78
P2F4_CANDIDATE_S1,1773274200651_SELL,XAUUSD,PERIOD_M5,2026.03.12 00:10:00,1773274200651,2026.03.12 00:10:00,SELL,10,OK,1.250000,3.39,339.21,5173.30,5173.46,5173.38,16.0,GIVEBACK_100_075,MFE_GIVEBACK,TRIGGER=1.00|GAP=0.75|FLOOR=0.00,NO,,,,0,0,0.238198,4.24,5177.54,5177.54,-1.000000,TIME_EXIT,2026.03.12 00:20:00,1773274800704,5174.78,600.053,-0.349042,-2.8608,540,2026.03.12 00:20:00,1773274800704,53,5174.78
P2F4_CANDIDATE_S1,1773291000076_SELL,XAUUSD,PERIOD_M5,2026.03.12 04:50:00,1773291000076,2026.03.12 04:50:00,SELL,10,OK,1.250000,5.87,587.00,5150.63,5150.84,5150.74,21.0,CONTROL,CONTROL,NO_RETENTION,NO,,,,0,0,0.643271,7.34,5157.97,5157.97,-1.000000,TIME_EXIT,2026.03.12 05:00:00,1773291600088,5150.84,600.012,-0.028620,-0.4077,6325,2026.03.12 05:00:00,1773291600088,12,5150.84
P2F4_CANDIDATE_S1,1773291000076_SELL,XAUUSD,PERIOD_M5,2026.03.12 04:50:00,1773291000076,2026.03.12 04:50:00,SELL,10,OK,1.250000,5.87,587.00,5150.63,5150.84,5150.74,21.0,LEGACY_BE_050,BREAK_EVEN,0.50:0.00,YES,2026.03.12 04:51:40,1773291100235,100.159,1,1,0.643271,7.34,5157.97,5150.63,0.000000,RETENTION_STOP,2026.03.12 04:53:05,1773291185553,5150.68,185.477,0.000000,0.0000,6325,2026.03.12 05:00:00,1773291600088,12,5150.84
P2F4_CANDIDATE_S1,1773291000076_SELL,XAUUSD,PERIOD_M5,2026.03.12 04:50:00,1773291000076,2026.03.12 04:50:00,SELL,10,OK,1.250000,5.87,587.00,5150.63,5150.84,5150.74,21.0,STEPLOCK_V1,STEP_LOCK,0.50:-0.25|1.00:0.25|2.00:1.00,YES,2026.03.12 04:51:40,1773291100235,100.159,1,1,0.643271,7.34,5157.97,5152.46,-0.250000,RETENTION_STOP,2026.03.12 04:54:14,1773291254254,5152.64,254.178,-0.250000,-3.5615,6325,2026.03.12 05:00:00,1773291600088,12,5150.84
P2F4_CANDIDATE_S1,1773291000076_SELL,XAUUSD,PERIOD_M5,2026.03.12 04:50:00,1773291000076,2026.03.12 04:50:00,SELL,10,OK,1.250000,5.87,587.00,5150.63,5150.84,5150.74,21.0,GIVEBACK_100_075,MFE_GIVEBACK,TRIGGER=1.00|GAP=0.75|FLOOR=0.00,NO,,,,0,0,0.643271,7.34,5157.97,5157.97,-1.000000,TIME_EXIT,2026.03.12 05:00:00,1773291600088,5150.84,600.012,-0.028620,-0.4077,6325,2026.03.12 05:00:00,1773291600088,12,5150.84
P2F4_CANDIDATE_S1,1773378300068_SELL,XAUUSD,PERIOD_M5,2026.03.13 05:05:00,1773378300068,2026.03.13 05:05:00,SELL,10,OK,1.250000,5.11,511.14,5112.38,5112.53,5112.45,15.0,CONTROL,CONTROL,NO_RETENTION,NO,,,,0,0,0.353717,6.39,5118.77,5118.77,-1.000000,TIME_EXIT,2026.03.13 05:15:00,1773378900165,5111.06,600.097,0.206596,2.5820,4922,2026.03.13 05:15:00,1773378900165,97,5111.06
P2F4_CANDIDATE_S1,1773378300068_SELL,XAUUSD,PERIOD_M5,2026.03.13 05:05:00,1773378300068,2026.03.13 05:05:00,SELL,10,OK,1.250000,5.11,511.14,5112.38,5112.53,5112.45,15.0,LEGACY_BE_050,BREAK_EVEN,0.50:0.00,NO,,,,0,0,0.353717,6.39,5118.77,5118.77,-1.000000,TIME_EXIT,2026.03.13 05:15:00,1773378900165,5111.06,600.097,0.206596,2.5820,4922,2026.03.13 05:15:00,1773378900165,97,5111.06
P2F4_CANDIDATE_S1,1773378300068_SELL,XAUUSD,PERIOD_M5,2026.03.13 05:05:00,1773378300068,2026.03.13 05:05:00,SELL,10,OK,1.250000,5.11,511.14,5112.38,5112.53,5112.45,15.0,STEPLOCK_V1,STEP_LOCK,0.50:-0.25|1.00:0.25|2.00:1.00,NO,,,,0,0,0.353717,6.39,5118.77,5118.77,-1.000000,TIME_EXIT,2026.03.13 05:15:00,1773378900165,5111.06,600.097,0.206596,2.5820,4922,2026.03.13 05:15:00,1773378900165,97,5111.06
P2F4_CANDIDATE_S1,1773378300068_SELL,XAUUSD,PERIOD_M5,2026.03.13 05:05:00,1773378300068,2026.03.13 05:05:00,SELL,10,OK,1.250000,5.11,511.14,5112.38,5112.53,5112.45,15.0,GIVEBACK_100_075,MFE_GIVEBACK,TRIGGER=1.00|GAP=0.75|FLOOR=0.00,NO,,,,0,0,0.353717,6.39,5118.77,5118.77,-1.000000,TIME_EXIT,2026.03.13 05:15:00,1773378900165,5111.06,600.097,0.206596,2.5820,4922,2026.03.13 05:15:00,1773378900165,97,5111.06
P2F4_CANDIDATE_S1,1773382800013_SELL,XAUUSD,PERIOD_M5,2026.03.13 06:20:00,1773382800013,2026.03.13 06:20:00,SELL,10,OK,1.250000,3.91,390.71,5111.38,5111.59,5111.49,21.0,CONTROL,CONTROL,NO_RETENTION,NO,,,,0,0,1.549982,4.88,5116.26,5116.26,-1.000000,TIME_EXIT,2026.03.13 06:30:00,1773383400076,5105.72,600.063,1.158903,11.0733,3105,2026.03.13 06:30:00,1773383400076,63,5105.72
P2F4_CANDIDATE_S1,1773382800013_SELL,XAUUSD,PERIOD_M5,2026.03.13 06:20:00,1773382800013,2026.03.13 06:20:00,SELL,10,OK,1.250000,3.91,390.71,5111.38,5111.59,5111.49,21.0,LEGACY_BE_050,BREAK_EVEN,0.50:0.00,YES,2026.03.13 06:22:14,1773382934432,134.419,1,1,1.549982,4.88,5116.26,5111.38,0.000000,TIME_EXIT,2026.03.13 06:30:00,1773383400076,5105.72,600.063,1.158903,11.0733,3105,2026.03.13 06:30:00,1773383400076,63,5105.72
P2F4_CANDIDATE_S1,1773382800013_SELL,XAUUSD,PERIOD_M5,2026.03.13 06:20:00,1773382800013,2026.03.13 06:20:00,SELL,10,OK,1.250000,3.91,390.71,5111.38,5111.59,5111.49,21.0,STEPLOCK_V1,STEP_LOCK,0.50:-0.25|1.00:0.25|2.00:1.00,YES,2026.03.13 06:22:14,1773382934432,134.419,2,2,1.549982,4.88,5116.26,5110.16,0.250000,TIME_EXIT,2026.03.13 06:30:00,1773383400076,5105.72,600.063,1.158903,11.0733,3105,2026.03.13 06:30:00,1773383400076,63,5105.72
P2F4_CANDIDATE_S1,1773382800013_SELL,XAUUSD,PERIOD_M5,2026.03.13 06:20:00,1773382800013,2026.03.13 06:20:00,SELL,10,OK,1.250000,3.91,390.71,5111.38,5111.59,5111.49,21.0,GIVEBACK_100_075,MFE_GIVEBACK,TRIGGER=1.00|GAP=0.75|FLOOR=0.00,YES,2026.03.13 06:24:15,1773383055884,255.871,1,13,1.549982,4.88,5116.26,5107.47,0.799982,RETENTION_STOP,2026.03.13 06:25:58,1773383158444,5107.62,358.431,0.799982,7.6438,3105,2026.03.13 06:30:00,1773383400076,63,5105.72
P2F4_CANDIDATE_S1,1773431700027_SELL,XAUUSD,PERIOD_M5,2026.03.13 19:55:00,1773431700027,2026.03.13 19:55:00,SELL,10,OK,1.250000,6.94,693.57,5045.80,5045.91,5045.85,11.0,CONTROL,CONTROL,NO_RETENTION,NO,,,,0,0,0.242225,8.67,5054.47,5054.47,-1.000000,TIME_EXIT,2026.03.13 20:05:00,1773432300059,5049.25,600.032,-0.397940,-6.8374,6073,2026.03.13 20:05:00,1773432300059,32,5049.25
P2F4_CANDIDATE_S1,1773431700027_SELL,XAUUSD,PERIOD_M5,2026.03.13 19:55:00,1773431700027,2026.03.13 19:55:00,SELL,10,OK,1.250000,6.94,693.57,5045.80,5045.91,5045.85,11.0,LEGACY_BE_050,BREAK_EVEN,0.50:0.00,NO,,,,0,0,0.242225,8.67,5054.47,5054.47,-1.000000,TIME_EXIT,2026.03.13 20:05:00,1773432300059,5049.25,600.032,-0.397940,-6.8374,6073,2026.03.13 20:05:00,1773432300059,32,5049.25
P2F4_CANDIDATE_S1,1773431700027_SELL,XAUUSD,PERIOD_M5,2026.03.13 19:55:00,1773431700027,2026.03.13 19:55:00,SELL,10,OK,1.250000,6.94,693.57,5045.80,5045.91,5045.85,11.0,STEPLOCK_V1,STEP_LOCK,0.50:-0.25|1.00:0.25|2.00:1.00,NO,,,,0,0,0.242225,8.67,5054.47,5054.47,-1.000000,TIME_EXIT,2026.03.13 20:05:00,1773432300059,5049.25,600.032,-0.397940,-6.8374,6073,2026.03.13 20:05:00,1773432300059,32,5049.25
P2F4_CANDIDATE_S1,1773431700027_SELL,XAUUSD,PERIOD_M5,2026.03.13 19:55:00,1773431700027,2026.03.13 19:55:00,SELL,10,OK,1.250000,6.94,693.57,5045.80,5045.91,5045.85,11.0,GIVEBACK_100_075,MFE_GIVEBACK,TRIGGER=1.00|GAP=0.75|FLOOR=0.00,NO,,,,0,0,0.242225,8.67,5054.47,5054.47,-1.000000,TIME_EXIT,2026.03.13 20:05:00,1773432300059,5049.25,600.032,-0.397940,-6.8374,6073,2026.03.13 20:05:00,1773432300059,32,5049.25
P2F4_CANDIDATE_S1,1773630900002_SELL,XAUUSD,PERIOD_M5,2026.03.16 03:15:00,1773630900002,2026.03.16 03:15:00,SELL,10,OK,1.250000,10.63,1063.14,4986.51,4986.70,4986.60,19.0,CONTROL,CONTROL,NO_RETENTION,NO,,,,0,0,0.176834,13.29,4999.80,4999.80,-1.000000,HARD_SL,2026.03.16 03:18:29,1773631109097,4999.89,209.095,-1.000000,-26.6505,10216,2026.03.16 03:25:00,1773631500035,33,4995.39
P2F4_CANDIDATE_S1,1773630900002_SELL,XAUUSD,PERIOD_M5,2026.03.16 03:15:00,1773630900002,2026.03.16 03:15:00,SELL,10,OK,1.250000,10.63,1063.14,4986.51,4986.70,4986.60,19.0,LEGACY_BE_050,BREAK_EVEN,0.50:0.00,NO,,,,0,0,0.176834,13.29,4999.80,4999.80,-1.000000,HARD_SL,2026.03.16 03:18:29,1773631109097,4999.89,209.095,-1.000000,-26.6505,10216,2026.03.16 03:25:00,1773631500035,33,4995.39
P2F4_CANDIDATE_S1,1773630900002_SELL,XAUUSD,PERIOD_M5,2026.03.16 03:15:00,1773630900002,2026.03.16 03:15:00,SELL,10,OK,1.250000,10.63,1063.14,4986.51,4986.70,4986.60,19.0,STEPLOCK_V1,STEP_LOCK,0.50:-0.25|1.00:0.25|2.00:1.00,NO,,,,0,0,0.176834,13.29,4999.80,4999.80,-1.000000,HARD_SL,2026.03.16 03:18:29,1773631109097,4999.89,209.095,-1.000000,-26.6505,10216,2026.03.16 03:25:00,1773631500035,33,4995.39
P2F4_CANDIDATE_S1,1773630900002_SELL,XAUUSD,PERIOD_M5,2026.03.16 03:15:00,1773630900002,2026.03.16 03:15:00,SELL,10,OK,1.250000,10.63,1063.14,4986.51,4986.70,4986.60,19.0,GIVEBACK_100_075,MFE_GIVEBACK,TRIGGER=1.00|GAP=0.75|FLOOR=0.00,NO,,,,0,0,0.176834,13.29,4999.80,4999.80,-1.000000,HARD_SL,2026.03.16 03:18:29,1773631109097,4999.89,209.095,-1.000000,-26.6505,10216,2026.03.16 03:25:00,1773631500035,33,4995.39
P2F4_CANDIDATE_S1,1773636300021_SELL,XAUUSD,PERIOD_M5,2026.03.16 04:45:00,1773636300021,2026.03.16 04:45:00,SELL,10,OK,1.250000,6.85,685.14,5006.02,5006.12,5006.07,10.0,CONTROL,CONTROL,NO_RETENTION,NO,,,,0,0,0.941118,8.56,5014.58,5014.58,-1.000000,TIME_EXIT,2026.03.16 04:55:00,1773636900056,5002.73,600.035,0.384153,6.5721,7013,2026.03.16 04:55:00,1773636900056,35,5002.73
P2F4_CANDIDATE_S1,1773636300021_SELL,XAUUSD,PERIOD_M5,2026.03.16 04:45:00,1773636300021,2026.03.16 04:45:00,SELL,10,OK,1.250000,6.85,685.14,5006.02,5006.12,5006.07,10.0,LEGACY_BE_050,BREAK_EVEN,0.50:0.00,YES,2026.03.16 04:48:01,1773636481835,181.814,1,1,0.941118,8.56,5014.58,5006.02,0.000000,TIME_EXIT,2026.03.16 04:55:00,1773636900056,5002.73,600.035,0.384153,6.5721,7013,2026.03.16 04:55:00,1773636900056,35,5002.73
P2F4_CANDIDATE_S1,1773636300021_SELL,XAUUSD,PERIOD_M5,2026.03.16 04:45:00,1773636300021,2026.03.16 04:45:00,SELL,10,OK,1.250000,6.85,685.14,5006.02,5006.12,5006.07,10.0,STEPLOCK_V1,STEP_LOCK,0.50:-0.25|1.00:0.25|2.00:1.00,YES,2026.03.16 04:48:01,1773636481835,181.814,1,1,0.941118,8.56,5014.58,5008.16,-0.250000,TIME_EXIT,2026.03.16 04:55:00,1773636900056,5002.73,600.035,0.384153,6.5721,7013,2026.03.16 04:55:00,1773636900056,35,5002.73
P2F4_CANDIDATE_S1,1773636300021_SELL,XAUUSD,PERIOD_M5,2026.03.16 04:45:00,1773636300021,2026.03.16 04:45:00,SELL,10,OK,1.250000,6.85,685.14,5006.02,5006.12,5006.07,10.0,GIVEBACK_100_075,MFE_GIVEBACK,TRIGGER=1.00|GAP=0.75|FLOOR=0.00,NO,,,,0,0,0.941118,8.56,5014.58,5014.58,-1.000000,TIME_EXIT,2026.03.16 04:55:00,1773636900056,5002.73,600.035,0.384153,6.5721,7013,2026.03.16 04:55:00,1773636900056,35,5002.73
P2F4_CANDIDATE_S1,1773645000144_SELL,XAUUSD,PERIOD_M5,2026.03.16 07:10:00,1773645000144,2026.03.16 07:10:00,SELL,10,OK,1.250000,3.90,389.57,5012.70,5012.83,5012.76,13.0,CONTROL,CONTROL,NO_RETENTION,NO,,,,0,0,0.946681,4.87,5017.57,5017.57,-1.000000,TIME_EXIT,2026.03.16 07:20:00,1773645600192,5010.26,600.048,0.501063,4.8676,2919,2026.03.16 07:20:00,1773645600192,48,5010.26
P2F4_CANDIDATE_S1,1773645000144_SELL,XAUUSD,PERIOD_M5,2026.03.16 07:10:00,1773645000144,2026.03.16 07:10:00,SELL,10,OK,1.250000,3.90,389.57,5012.70,5012.83,5012.76,13.0,LEGACY_BE_050,BREAK_EVEN,0.50:0.00,YES,2026.03.16 07:15:40,1773645340216,340.072,1,1,0.946681,4.87,5017.57,5012.70,0.000000,TIME_EXIT,2026.03.16 07:20:00,1773645600192,5010.26,600.048,0.501063,4.8676,2919,2026.03.16 07:20:00,1773645600192,48,5010.26
P2F4_CANDIDATE_S1,1773645000144_SELL,XAUUSD,PERIOD_M5,2026.03.16 07:10:00,1773645000144,2026.03.16 07:10:00,SELL,10,OK,1.250000,3.90,389.57,5012.70,5012.83,5012.76,13.0,STEPLOCK_V1,STEP_LOCK,0.50:-0.25|1.00:0.25|2.00:1.00,YES,2026.03.16 07:15:40,1773645340216,340.072,1,1,0.946681,4.87,5017.57,5013.92,-0.250000,TIME_EXIT,2026.03.16 07:20:00,1773645600192,5010.26,600.048,0.501063,4.8676,2919,2026.03.16 07:20:00,1773645600192,48,5010.26
P2F4_CANDIDATE_S1,1773645000144_SELL,XAUUSD,PERIOD_M5,2026.03.16 07:10:00,1773645000144,2026.03.16 07:10:00,SELL,10,OK,1.250000,3.90,389.57,5012.70,5012.83,5012.76,13.0,GIVEBACK_100_075,MFE_GIVEBACK,TRIGGER=1.00|GAP=0.75|FLOOR=0.00,NO,,,,0,0,0.946681,4.87,5017.57,5017.57,-1.000000,TIME_EXIT,2026.03.16 07:20:00,1773645600192,5010.26,600.048,0.501063,4.8676,2919,2026.03.16 07:20:00,1773645600192,48,5010.26
P2F4_CANDIDATE_S1,1773651600077_SELL,XAUUSD,PERIOD_M5,2026.03.16 09:00:00,1773651600077,2026.03.16 09:00:00,SELL,10,OK,1.250000,6.45,644.79,5012.16,5012.34,5012.25,18.0,CONTROL,CONTROL,NO_RETENTION,NO,,,,0,0,0.303977,8.06,5020.22,5020.22,-1.000000,TIME_EXIT,2026.03.16 09:10:00,1773652200081,5015.55,600.004,-0.420605,-6.7636,3812,2026.03.16 09:10:00,1773652200081,4,5015.55
P2F4_CANDIDATE_S1,1773651600077_SELL,XAUUSD,PERIOD_M5,2026.03.16 09:00:00,1773651600077,2026.03.16 09:00:00,SELL,10,OK,1.250000,6.45,644.79,5012.16,5012.34,5012.25,18.0,LEGACY_BE_050,BREAK_EVEN,0.50:0.00,NO,,,,0,0,0.303977,8.06,5020.22,5020.22,-1.000000,TIME_EXIT,2026.03.16 09:10:00,1773652200081,5015.55,600.004,-0.420605,-6.7636,3812,2026.03.16 09:10:00,1773652200081,4,5015.55
P2F4_CANDIDATE_S1,1773651600077_SELL,XAUUSD,PERIOD_M5,2026.03.16 09:00:00,1773651600077,2026.03.16 09:00:00,SELL,10,OK,1.250000,6.45,644.79,5012.16,5012.34,5012.25,18.0,STEPLOCK_V1,STEP_LOCK,0.50:-0.25|1.00:0.25|2.00:1.00,NO,,,,0,0,0.303977,8.06,5020.22,5020.22,-1.000000,TIME_EXIT,2026.03.16 09:10:00,1773652200081,5015.55,600.004,-0.420605,-6.7636,3812,2026.03.16 09:10:00,1773652200081,4,5015.55
P2F4_CANDIDATE_S1,1773651600077_SELL,XAUUSD,PERIOD_M5,2026.03.16 09:00:00,1773651600077,2026.03.16 09:00:00,SELL,10,OK,1.250000,6.45,644.79,5012.16,5012.34,5012.25,18.0,GIVEBACK_100_075,MFE_GIVEBACK,TRIGGER=1.00|GAP=0.75|FLOOR=0.00,NO,,,,0,0,0.303977,8.06,5020.22,5020.22,-1.000000,TIME_EXIT,2026.03.16 09:10:00,1773652200081,5015.55,600.004,-0.420605,-6.7636,3812,2026.03.16 09:10:00,1773652200081,4,5015.55
P2F4_CANDIDATE_S1,1773690000072_SELL,XAUUSD,PERIOD_M5,2026.03.16 19:40:00,1773690000072,2026.03.16 19:40:00,SELL,10,OK,1.250000,5.92,591.50,4986.44,4986.64,4986.54,20.0,CONTROL,CONTROL,NO_RETENTION,NO,,,,0,0,0.151479,7.39,4993.83,4993.83,-1.000000,TIME_EXIT,2026.03.16 19:50:00,1773690600110,4986.42,600.038,0.002705,0.0401,4731,2026.03.16 19:50:00,1773690600110,38,4986.42
P2F4_CANDIDATE_S1,1773690000072_SELL,XAUUSD,PERIOD_M5,2026.03.16 19:40:00,1773690000072,2026.03.16 19:40:00,SELL,10,OK,1.250000,5.92,591.50,4986.44,4986.64,4986.54,20.0,LEGACY_BE_050,BREAK_EVEN,0.50:0.00,NO,,,,0,0,0.151479,7.39,4993.83,4993.83,-1.000000,TIME_EXIT,2026.03.16 19:50:00,1773690600110,4986.42,600.038,0.002705,0.0401,4731,2026.03.16 19:50:00,1773690600110,38,4986.42
P2F4_CANDIDATE_S1,1773690000072_SELL,XAUUSD,PERIOD_M5,2026.03.16 19:40:00,1773690000072,2026.03.16 19:40:00,SELL,10,OK,1.250000,5.92,591.50,4986.44,4986.64,4986.54,20.0,STEPLOCK_V1,STEP_LOCK,0.50:-0.25|1.00:0.25|2.00:1.00,NO,,,,0,0,0.151479,7.39,4993.83,4993.83,-1.000000,TIME_EXIT,2026.03.16 19:50:00,1773690600110,4986.42,600.038,0.002705,0.0401,4731,2026.03.16 19:50:00,1773690600110,38,4986.42
P2F4_CANDIDATE_S1,1773690000072_SELL,XAUUSD,PERIOD_M5,2026.03.16 19:40:00,1773690000072,2026.03.16 19:40:00,SELL,10,OK,1.250000,5.92,591.50,4986.44,4986.64,4986.54,20.0,GIVEBACK_100_075,MFE_GIVEBACK,TRIGGER=1.00|GAP=0.75|FLOOR=0.00,NO,,,,0,0,0.151479,7.39,4993.83,4993.83,-1.000000,TIME_EXIT,2026.03.16 19:50:00,1773690600110,4986.42,600.038,0.002705,0.0401,4731,2026.03.16 19:50:00,1773690600110,38,4986.42
P2F4_CANDIDATE_S1,1773756000030_SELL,XAUUSD,PERIOD_M5,2026.03.17 14:00:00,1773756000030,2026.03.17 14:00:00,SELL,10,OK,1.250000,4.20,419.64,5003.25,5003.42,5003.34,17.0,CONTROL,CONTROL,NO_RETENTION,NO,,,,0,0,0.699643,5.25,5008.50,5008.50,-1.000000,TIME_EXIT,2026.03.17 14:10:00,1773756600121,5007.45,600.091,-0.800681,-8.3945,2117,2026.03.17 14:10:00,1773756600121,91,5007.45
P2F4_CANDIDATE_S1,1773756000030_SELL,XAUUSD,PERIOD_M5,2026.03.17 14:00:00,1773756000030,2026.03.17 14:00:00,SELL,10,OK,1.250000,4.20,419.64,5003.25,5003.42,5003.34,17.0,LEGACY_BE_050,BREAK_EVEN,0.50:0.00,YES,2026.03.17 14:01:43,1773756103650,103.620,1,1,0.699643,5.25,5008.50,5003.25,0.000000,RETENTION_STOP,2026.03.17 14:04:13,1773756253564,5003.32,253.534,0.000000,0.0000,2117,2026.03.17 14:10:00,1773756600121,91,5007.45
P2F4_CANDIDATE_S1,1773756000030_SELL,XAUUSD,PERIOD_M5,2026.03.17 14:00:00,1773756000030,2026.03.17 14:00:00,SELL,10,OK,1.250000,4.20,419.64,5003.25,5003.42,5003.34,17.0,STEPLOCK_V1,STEP_LOCK,0.50:-0.25|1.00:0.25|2.00:1.00,YES,2026.03.17 14:01:43,1773756103650,103.620,1,1,0.699643,5.25,5008.50,5004.56,-0.250000,RETENTION_STOP,2026.03.17 14:04:39,1773756279476,5004.67,279.446,-0.250000,-2.6211,2117,2026.03.17 14:10:00,1773756600121,91,5007.45
P2F4_CANDIDATE_S1,1773756000030_SELL,XAUUSD,PERIOD_M5,2026.03.17 14:00:00,1773756000030,2026.03.17 14:00:00,SELL,10,OK,1.250000,4.20,419.64,5003.25,5003.42,5003.34,17.0,GIVEBACK_100_075,MFE_GIVEBACK,TRIGGER=1.00|GAP=0.75|FLOOR=0.00,NO,,,,0,0,0.699643,5.25,5008.50,5008.50,-1.000000,TIME_EXIT,2026.03.17 14:10:00,1773756600121,5007.45,600.091,-0.800681,-8.3945,2117,2026.03.17 14:10:00,1773756600121,91,5007.45
P2F4_CANDIDATE_S1,1773764700021_SELL,XAUUSD,PERIOD_M5,2026.03.17 16:25:00,1773764700021,2026.03.17 16:25:00,SELL,10,OK,1.250000,8.09,808.57,5009.56,5009.73,5009.65,17.0,CONTROL,CONTROL,NO_RETENTION,NO,,,,0,0,0.644099,10.11,5019.67,5019.67,-1.000000,TIME_EXIT,2026.03.17 16:35:00,1773765300116,5009.09,600.095,0.046502,0.9382,4401,2026.03.17 16:35:00,1773765300116,95,5009.09
P2F4_CANDIDATE_S1,1773764700021_SELL,XAUUSD,PERIOD_M5,2026.03.17 16:25:00,1773764700021,2026.03.17 16:25:00,SELL,10,OK,1.250000,8.09,808.57,5009.56,5009.73,5009.65,17.0,LEGACY_BE_050,BREAK_EVEN,0.50:0.00,YES,2026.03.17 16:31:40,1773765100893,400.872,1,1,0.644099,10.11,5019.67,5009.56,0.000000,RETENTION_STOP,2026.03.17 16:33:28,1773765208225,5009.67,508.204,0.000000,0.0000,4401,2026.03.17 16:35:00,1773765300116,95,5009.09
P2F4_CANDIDATE_S1,1773764700021_SELL,XAUUSD,PERIOD_M5,2026.03.17 16:25:00,1773764700021,2026.03.17 16:25:00,SELL,10,OK,1.250000,8.09,808.57,5009.56,5009.73,5009.65,17.0,STEPLOCK_V1,STEP_LOCK,0.50:-0.25|1.00:0.25|2.00:1.00,YES,2026.03.17 16:31:40,1773765100893,400.872,1,1,0.644099,10.11,5019.67,5012.09,-0.250000,TIME_EXIT,2026.03.17 16:35:00,1773765300116,5009.09,600.095,0.046502,0.9382,4401,2026.03.17 16:35:00,1773765300116,95,5009.09
P2F4_CANDIDATE_S1,1773764700021_SELL,XAUUSD,PERIOD_M5,2026.03.17 16:25:00,1773764700021,2026.03.17 16:25:00,SELL,10,OK,1.250000,8.09,808.57,5009.56,5009.73,5009.65,17.0,GIVEBACK_100_075,MFE_GIVEBACK,TRIGGER=1.00|GAP=0.75|FLOOR=0.00,NO,,,,0,0,0.644099,10.11,5019.67,5019.67,-1.000000,TIME_EXIT,2026.03.17 16:35:00,1773765300116,5009.09,600.095,0.046502,0.9382,4401,2026.03.17 16:35:00,1773765300116,95,5009.09
P2F4_CANDIDATE_S1,1773777000002_SELL,XAUUSD,PERIOD_M5,2026.03.17 19:50:00,1773777000002,2026.03.17 19:50:00,SELL,10,OK,1.250000,4.12,411.50,4999.77,4999.94,4999.85,17.0,CONTROL,CONTROL,NO_RETENTION,NO,,,,0,0,0.034994,5.14,5004.91,5004.91,-1.000000,TIME_EXIT,2026.03.17 20:00:00,1773777600042,5002.65,600.040,-0.559903,-5.7603,1805,2026.03.17 20:00:00,1773777600042,40,5002.65
P2F4_CANDIDATE_S1,1773777000002_SELL,XAUUSD,PERIOD_M5,2026.03.17 19:50:00,1773777000002,2026.03.17 19:50:00,SELL,10,OK,1.250000,4.12,411.50,4999.77,4999.94,4999.85,17.0,LEGACY_BE_050,BREAK_EVEN,0.50:0.00,NO,,,,0,0,0.034994,5.14,5004.91,5004.91,-1.000000,TIME_EXIT,2026.03.17 20:00:00,1773777600042,5002.65,600.040,-0.559903,-5.7603,1805,2026.03.17 20:00:00,1773777600042,40,5002.65
P2F4_CANDIDATE_S1,1773777000002_SELL,XAUUSD,PERIOD_M5,2026.03.17 19:50:00,1773777000002,2026.03.17 19:50:00,SELL,10,OK,1.250000,4.12,411.50,4999.77,4999.94,4999.85,17.0,STEPLOCK_V1,STEP_LOCK,0.50:-0.25|1.00:0.25|2.00:1.00,NO,,,,0,0,0.034994,5.14,5004.91,5004.91,-1.000000,TIME_EXIT,2026.03.17 20:00:00,1773777600042,5002.65,600.040,-0.559903,-5.7603,1805,2026.03.17 20:00:00,1773777600042,40,5002.65
P2F4_CANDIDATE_S1,1773777000002_SELL,XAUUSD,PERIOD_M5,2026.03.17 19:50:00,1773777000002,2026.03.17 19:50:00,SELL,10,OK,1.250000,4.12,411.50,4999.77,4999.94,4999.85,17.0,GIVEBACK_100_075,MFE_GIVEBACK,TRIGGER=1.00|GAP=0.75|FLOOR=0.00,NO,,,,0,0,0.034994,5.14,5004.91,5004.91,-1.000000,TIME_EXIT,2026.03.17 20:00:00,1773777600042,5002.65,600.040,-0.559903,-5.7603,1805,2026.03.17 20:00:00,1773777600042,40,5002.65
P2F4_CANDIDATE_S1,1773782400069_SELL,XAUUSD,PERIOD_M5,2026.03.17 21:20:00,1773782400069,2026.03.17 21:20:00,SELL,10,OK,1.250000,3.25,324.64,5000.65,5000.82,5000.73,17.0,CONTROL,CONTROL,NO_RETENTION,NO,,,,0,0,0.593883,4.06,5004.71,5004.71,-1.000000,TIME_EXIT,2026.03.17 21:30:00,1773783000145,5000.05,600.076,0.147855,1.1998,1911,2026.03.17 21:30:00,1773783000145,76,5000.05
P2F4_CANDIDATE_S1,1773782400069_SELL,XAUUSD,PERIOD_M5,2026.03.17 21:20:00,1773782400069,2026.03.17 21:20:00,SELL,10,OK,1.250000,3.25,324.64,5000.65,5000.82,5000.73,17.0,LEGACY_BE_050,BREAK_EVEN,0.50:0.00,YES,2026.03.17 21:26:47,1773782807267,407.198,1,1,0.593883,4.06,5004.71,5000.65,0.000000,TIME_EXIT,2026.03.17 21:30:00,1773783000145,5000.05,600.076,0.147855,1.1998,1911,2026.03.17 21:30:00,1773783000145,76,5000.05
P2F4_CANDIDATE_S1,1773782400069_SELL,XAUUSD,PERIOD_M5,2026.03.17 21:20:00,1773782400069,2026.03.17 21:20:00,SELL,10,OK,1.250000,3.25,324.64,5000.65,5000.82,5000.73,17.0,STEPLOCK_V1,STEP_LOCK,0.50:-0.25|1.00:0.25|2.00:1.00,YES,2026.03.17 21:26:47,1773782807267,407.198,1,1,0.593883,4.06,5004.71,5001.66,-0.250000,TIME_EXIT,2026.03.17 21:30:00,1773783000145,5000.05,600.076,0.147855,1.1998,1911,2026.03.17 21:30:00,1773783000145,76,5000.05
P2F4_CANDIDATE_S1,1773782400069_SELL,XAUUSD,PERIOD_M5,2026.03.17 21:20:00,1773782400069,2026.03.17 21:20:00,SELL,10,OK,1.250000,3.25,324.64,5000.65,5000.82,5000.73,17.0,GIVEBACK_100_075,MFE_GIVEBACK,TRIGGER=1.00|GAP=0.75|FLOOR=0.00,NO,,,,0,0,0.593883,4.06,5004.71,5004.71,-1.000000,TIME_EXIT,2026.03.17 21:30:00,1773783000145,5000.05,600.076,0.147855,1.1998,1911,2026.03.17 21:30:00,1773783000145,76,5000.05
P2F4_CANDIDATE_S1,1773792600866_SELL,XAUUSD,PERIOD_M5,2026.03.18 00:10:00,1773792600866,2026.03.18 00:10:00,SELL,10,OK,1.250000,2.86,285.79,5001.09,5001.25,5001.17,16.0,CONTROL,CONTROL,NO_RETENTION,NO,,,,0,0,0.142764,3.57,5004.66,5004.66,-1.000000,HARD_SL,2026.03.18 00:15:40,1773792940477,5004.82,339.611,-1.000000,-7.1431,582,2026.03.18 00:20:01,1773793201555,689,5000.92
P2F4_CANDIDATE_S1,1773792600866_SELL,XAUUSD,PERIOD_M5,2026.03.18 00:10:00,1773792600866,2026.03.18 00:10:00,SELL,10,OK,1.250000,2.86,285.79,5001.09,5001.25,5001.17,16.0,LEGACY_BE_050,BREAK_EVEN,0.50:0.00,NO,,,,0,0,0.142764,3.57,5004.66,5004.66,-1.000000,HARD_SL,2026.03.18 00:15:40,1773792940477,5004.82,339.611,-1.000000,-7.1431,582,2026.03.18 00:20:01,1773793201555,689,5000.92
P2F4_CANDIDATE_S1,1773792600866_SELL,XAUUSD,PERIOD_M5,2026.03.18 00:10:00,1773792600866,2026.03.18 00:10:00,SELL,10,OK,1.250000,2.86,285.79,5001.09,5001.25,5001.17,16.0,STEPLOCK_V1,STEP_LOCK,0.50:-0.25|1.00:0.25|2.00:1.00,NO,,,,0,0,0.142764,3.57,5004.66,5004.66,-1.000000,HARD_SL,2026.03.18 00:15:40,1773792940477,5004.82,339.611,-1.000000,-7.1431,582,2026.03.18 00:20:01,1773793201555,689,5000.92
P2F4_CANDIDATE_S1,1773792600866_SELL,XAUUSD,PERIOD_M5,2026.03.18 00:10:00,1773792600866,2026.03.18 00:10:00,SELL,10,OK,1.250000,2.86,285.79,5001.09,5001.25,5001.17,16.0,GIVEBACK_100_075,MFE_GIVEBACK,TRIGGER=1.00|GAP=0.75|FLOOR=0.00,NO,,,,0,0,0.142764,3.57,5004.66,5004.66,-1.000000,HARD_SL,2026.03.18 00:15:40,1773792940477,5004.82,339.611,-1.000000,-7.1431,582,2026.03.18 00:20:01,1773793201555,689,5000.92
P2F4_CANDIDATE_S1,1773805800012_SELL,XAUUSD,PERIOD_M5,2026.03.18 03:50:00,1773805800012,2026.03.18 03:50:00,SELL,10,OK,1.250000,4.63,463.29,4998.93,4999.14,4999.03,21.0,CONTROL,CONTROL,NO_RETENTION,NO,,,,0,0,1.279556,5.79,5004.72,5004.72,-1.000000,TIME_EXIT,2026.03.18 04:00:00,1773806400091,4999.13,600.079,-0.034536,-0.4001,3645,2026.03.18 04:00:00,1773806400091,79,4999.13
P2F4_CANDIDATE_S1,1773805800012_SELL,XAUUSD,PERIOD_M5,2026.03.18 03:50:00,1773805800012,2026.03.18 03:50:00,SELL,10,OK,1.250000,4.63,463.29,4998.93,4999.14,4999.03,21.0,LEGACY_BE_050,BREAK_EVEN,0.50:0.00,YES,2026.03.18 03:50:14,1773805814333,14.321,1,1,1.279556,5.79,5004.72,4998.93,0.000000,RETENTION_STOP,2026.03.18 03:54:58,1773806098769,4998.97,298.757,0.000000,0.0000,3645,2026.03.18 04:00:00,1773806400091,79,4999.13
P2F4_CANDIDATE_S1,1773805800012_SELL,XAUUSD,PERIOD_M5,2026.03.18 03:50:00,1773805800012,2026.03.18 03:50:00,SELL,10,OK,1.250000,4.63,463.29,4998.93,4999.14,4999.03,21.0,STEPLOCK_V1,STEP_LOCK,0.50:-0.25|1.00:0.25|2.00:1.00,YES,2026.03.18 03:50:14,1773805814333,14.321,2,2,1.279556,5.79,5004.72,4997.48,0.250000,RETENTION_STOP,2026.03.18 03:54:40,1773806080458,4997.62,280.446,0.250000,2.8962,3645,2026.03.18 04:00:00,1773806400091,79,4999.13
P2F4_CANDIDATE_S1,1773805800012_SELL,XAUUSD,PERIOD_M5,2026.03.18 03:50:00,1773805800012,2026.03.18 03:50:00,SELL,10,OK,1.250000,4.63,463.29,4998.93,4999.14,4999.03,21.0,GIVEBACK_100_075,MFE_GIVEBACK,TRIGGER=1.00|GAP=0.75|FLOOR=0.00,YES,2026.03.18 03:52:14,1773805934158,134.146,1,14,1.279556,5.79,5004.72,4995.86,0.529556,RETENTION_STOP,2026.03.18 03:53:13,1773805993116,4995.88,193.104,0.529556,6.1347,3645,2026.03.18 04:00:00,1773806400091,79,4999.13
P2F4_CANDIDATE_S1,1773866100059_SELL,XAUUSD,PERIOD_M5,2026.03.18 20:35:00,1773866100059,2026.03.18 20:35:00,SELL,10,OK,1.250000,8.38,838.21,4877.00,4877.17,4877.09,17.0,CONTROL,CONTROL,NO_RETENTION,NO,,,,0,0,0.203289,10.48,4887.48,4887.48,-1.000000,TIME_EXIT,2026.03.18 20:45:00,1773866700107,4878.40,600.048,-0.133617,-2.8706,6062,2026.03.18 20:45:00,1773866700107,48,4878.40
P2F4_CANDIDATE_S1,1773866100059_SELL,XAUUSD,PERIOD_M5,2026.03.18 20:35:00,1773866100059,2026.03.18 20:35:00,SELL,10,OK,1.250000,8.38,838.21,4877.00,4877.17,4877.09,17.0,LEGACY_BE_050,BREAK_EVEN,0.50:0.00,NO,,,,0,0,0.203289,10.48,4887.48,4887.48,-1.000000,TIME_EXIT,2026.03.18 20:45:00,1773866700107,4878.40,600.048,-0.133617,-2.8706,6062,2026.03.18 20:45:00,1773866700107,48,4878.40
P2F4_CANDIDATE_S1,1773866100059_SELL,XAUUSD,PERIOD_M5,2026.03.18 20:35:00,1773866100059,2026.03.18 20:35:00,SELL,10,OK,1.250000,8.38,838.21,4877.00,4877.17,4877.09,17.0,STEPLOCK_V1,STEP_LOCK,0.50:-0.25|1.00:0.25|2.00:1.00,NO,,,,0,0,0.203289,10.48,4887.48,4887.48,-1.000000,TIME_EXIT,2026.03.18 20:45:00,1773866700107,4878.40,600.048,-0.133617,-2.8706,6062,2026.03.18 20:45:00,1773866700107,48,4878.40
P2F4_CANDIDATE_S1,1773866100059_SELL,XAUUSD,PERIOD_M5,2026.03.18 20:35:00,1773866100059,2026.03.18 20:35:00,SELL,10,OK,1.250000,8.38,838.21,4877.00,4877.17,4877.09,17.0,GIVEBACK_100_075,MFE_GIVEBACK,TRIGGER=1.00|GAP=0.75|FLOOR=0.00,NO,,,,0,0,0.203289,10.48,4887.48,4887.48,-1.000000,TIME_EXIT,2026.03.18 20:45:00,1773866700107,4878.40,600.048,-0.133617,-2.8706,6062,2026.03.18 20:45:00,1773866700107,48,4878.40
P2F4_CANDIDATE_S1,1773900000002_SELL,XAUUSD,PERIOD_M5,2026.03.19 06:00:00,1773900000002,2026.03.19 06:00:00,SELL,10,OK,1.250000,5.00,500.43,4850.86,4851.07,4850.97,21.0,CONTROL,CONTROL,NO_RETENTION,NO,,,,0,0,0.545133,6.26,4857.12,4857.12,-1.000000,TIME_EXIT,2026.03.19 06:10:00,1773900600005,4849.86,600.003,0.159863,2.0615,2689,2026.03.19 06:10:00,1773900600005,3,4849.86
P2F4_CANDIDATE_S1,1773900000002_SELL,XAUUSD,PERIOD_M5,2026.03.19 06:00:00,1773900000002,2026.03.19 06:00:00,SELL,10,OK,1.250000,5.00,500.43,4850.86,4851.07,4850.97,21.0,LEGACY_BE_050,BREAK_EVEN,0.50:0.00,YES,2026.03.19 06:06:40,1773900400660,400.658,1,1,0.545133,6.26,4857.12,4850.86,0.000000,TIME_EXIT,2026.03.19 06:10:00,1773900600005,4849.86,600.003,0.159863,2.0615,2689,2026.03.19 06:10:00,1773900600005,3,4849.86
P2F4_CANDIDATE_S1,1773900000002_SELL,XAUUSD,PERIOD_M5,2026.03.19 06:00:00,1773900000002,2026.03.19 06:00:00,SELL,10,OK,1.250000,5.00,500.43,4850.86,4851.07,4850.97,21.0,STEPLOCK_V1,STEP_LOCK,0.50:-0.25|1.00:0.25|2.00:1.00,YES,2026.03.19 06:06:40,1773900400660,400.658,1,1,0.545133,6.26,4857.12,4852.42,-0.250000,TIME_EXIT,2026.03.19 06:10:00,1773900600005,4849.86,600.003,0.159863,2.0615,2689,2026.03.19 06:10:00,1773900600005,3,4849.86
P2F4_CANDIDATE_S1,1773900000002_SELL,XAUUSD,PERIOD_M5,2026.03.19 06:00:00,1773900000002,2026.03.19 06:00:00,SELL,10,OK,1.250000,5.00,500.43,4850.86,4851.07,4850.97,21.0,GIVEBACK_100_075,MFE_GIVEBACK,TRIGGER=1.00|GAP=0.75|FLOOR=0.00,NO,,,,0,0,0.545133,6.26,4857.12,4857.12,-1.000000,TIME_EXIT,2026.03.19 06:10:00,1773900600005,4849.86,600.003,0.159863,2.0615,2689,2026.03.19 06:10:00,1773900600005,3,4849.86
P2F4_CANDIDATE_S1,1773941700023_SELL,XAUUSD,PERIOD_M5,2026.03.19 17:35:00,1773941700023,2026.03.19 17:35:00,SELL,10,OK,1.250000,20.74,2073.64,4579.56,4579.73,4579.65,17.0,CONTROL,CONTROL,NO_RETENTION,NO,,,,0,0,0.366505,25.92,4605.48,4605.48,-1.000000,TIME_EXIT,2026.03.19 17:45:00,1773942300118,4571.73,600.095,0.302077,17.0977,7200,2026.03.19 17:45:00,1773942300118,95,4571.73
P2F4_CANDIDATE_S1,1773941700023_SELL,XAUUSD,PERIOD_M5,2026.03.19 17:35:00,1773941700023,2026.03.19 17:35:00,SELL,10,OK,1.250000,20.74,2073.64,4579.56,4579.73,4579.65,17.0,LEGACY_BE_050,BREAK_EVEN,0.50:0.00,NO,,,,0,0,0.366505,25.92,4605.48,4605.48,-1.000000,TIME_EXIT,2026.03.19 17:45:00,1773942300118,4571.73,600.095,0.302077,17.0977,7200,2026.03.19 17:45:00,1773942300118,95,4571.73
P2F4_CANDIDATE_S1,1773941700023_SELL,XAUUSD,PERIOD_M5,2026.03.19 17:35:00,1773941700023,2026.03.19 17:35:00,SELL,10,OK,1.250000,20.74,2073.64,4579.56,4579.73,4579.65,17.0,STEPLOCK_V1,STEP_LOCK,0.50:-0.25|1.00:0.25|2.00:1.00,NO,,,,0,0,0.366505,25.92,4605.48,4605.48,-1.000000,TIME_EXIT,2026.03.19 17:45:00,1773942300118,4571.73,600.095,0.302077,17.0977,7200,2026.03.19 17:45:00,1773942300118,95,4571.73
P2F4_CANDIDATE_S1,1773941700023_SELL,XAUUSD,PERIOD_M5,2026.03.19 17:35:00,1773941700023,2026.03.19 17:35:00,SELL,10,OK,1.250000,20.74,2073.64,4579.56,4579.73,4579.65,17.0,GIVEBACK_100_075,MFE_GIVEBACK,TRIGGER=1.00|GAP=0.75|FLOOR=0.00,NO,,,,0,0,0.366505,25.92,4605.48,4605.48,-1.000000,TIME_EXIT,2026.03.19 17:45:00,1773942300118,4571.73,600.095,0.302077,17.0977,7200,2026.03.19 17:45:00,1773942300118,95,4571.73
P2F4_CANDIDATE_S1,1773945300027_SELL,XAUUSD,PERIOD_M5,2026.03.19 18:35:00,1773945300027,2026.03.19 18:35:00,SELL,10,OK,1.250000,16.95,1695.43,4593.69,4593.86,4593.77,17.0,CONTROL,CONTROL,NO_RETENTION,NO,,,,0,0,0.441658,21.19,4614.88,4614.88,-1.000000,TIME_EXIT,2026.03.19 18:45:00,1773945900117,4593.32,600.090,0.017459,0.8055,5681,2026.03.19 18:45:00,1773945900117,90,4593.32
P2F4_CANDIDATE_S1,1773945300027_SELL,XAUUSD,PERIOD_M5,2026.03.19 18:35:00,1773945300027,2026.03.19 18:35:00,SELL,10,OK,1.250000,16.95,1695.43,4593.69,4593.86,4593.77,17.0,LEGACY_BE_050,BREAK_EVEN,0.50:0.00,NO,,,,0,0,0.441658,21.19,4614.88,4614.88,-1.000000,TIME_EXIT,2026.03.19 18:45:00,1773945900117,4593.32,600.090,0.017459,0.8055,5681,2026.03.19 18:45:00,1773945900117,90,4593.32
P2F4_CANDIDATE_S1,1773945300027_SELL,XAUUSD,PERIOD_M5,2026.03.19 18:35:00,1773945300027,2026.03.19 18:35:00,SELL,10,OK,1.250000,16.95,1695.43,4593.69,4593.86,4593.77,17.0,STEPLOCK_V1,STEP_LOCK,0.50:-0.25|1.00:0.25|2.00:1.00,NO,,,,0,0,0.441658,21.19,4614.88,4614.88,-1.000000,TIME_EXIT,2026.03.19 18:45:00,1773945900117,4593.32,600.090,0.017459,0.8055,5681,2026.03.19 18:45:00,1773945900117,90,4593.32
P2F4_CANDIDATE_S1,1773945300027_SELL,XAUUSD,PERIOD_M5,2026.03.19 18:35:00,1773945300027,2026.03.19 18:35:00,SELL,10,OK,1.250000,16.95,1695.43,4593.69,4593.86,4593.77,17.0,GIVEBACK_100_075,MFE_GIVEBACK,TRIGGER=1.00|GAP=0.75|FLOOR=0.00,NO,,,,0,0,0.441658,21.19,4614.88,4614.88,-1.000000,TIME_EXIT,2026.03.19 18:45:00,1773945900117,4593.32,600.090,0.017459,0.8055,5681,2026.03.19 18:45:00,1773945900117,90,4593.32
P2F4_CANDIDATE_S1,1773968400028_SELL,XAUUSD,PERIOD_M5,2026.03.20 01:00:00,1773968400028,2026.03.20 01:00:00,SELL,10,OK,1.250000,10.12,1011.93,4636.47,4636.62,4636.55,15.0,CONTROL,CONTROL,NO_RETENTION,NO,,,,0,0,0.000000,12.65,4649.12,4649.12,-1.000000,TIME_EXIT,2026.03.20 01:10:00,1773969000210,4644.21,600.182,-0.611901,-16.6937,2479,2026.03.20 01:10:00,1773969000210,182,4644.21
P2F4_CANDIDATE_S1,1773968400028_SELL,XAUUSD,PERIOD_M5,2026.03.20 01:00:00,1773968400028,2026.03.20 01:00:00,SELL,10,OK,1.250000,10.12,1011.93,4636.47,4636.62,4636.55,15.0,LEGACY_BE_050,BREAK_EVEN,0.50:0.00,NO,,,,0,0,0.000000,12.65,4649.12,4649.12,-1.000000,TIME_EXIT,2026.03.20 01:10:00,1773969000210,4644.21,600.182,-0.611901,-16.6937,2479,2026.03.20 01:10:00,1773969000210,182,4644.21
P2F4_CANDIDATE_S1,1773968400028_SELL,XAUUSD,PERIOD_M5,2026.03.20 01:00:00,1773968400028,2026.03.20 01:00:00,SELL,10,OK,1.250000,10.12,1011.93,4636.47,4636.62,4636.55,15.0,STEPLOCK_V1,STEP_LOCK,0.50:-0.25|1.00:0.25|2.00:1.00,NO,,,,0,0,0.000000,12.65,4649.12,4649.12,-1.000000,TIME_EXIT,2026.03.20 01:10:00,1773969000210,4644.21,600.182,-0.611901,-16.6937,2479,2026.03.20 01:10:00,1773969000210,182,4644.21
P2F4_CANDIDATE_S1,1773968400028_SELL,XAUUSD,PERIOD_M5,2026.03.20 01:00:00,1773968400028,2026.03.20 01:00:00,SELL,10,OK,1.250000,10.12,1011.93,4636.47,4636.62,4636.55,15.0,GIVEBACK_100_075,MFE_GIVEBACK,TRIGGER=1.00|GAP=0.75|FLOOR=0.00,NO,,,,0,0,0.000000,12.65,4649.12,4649.12,-1.000000,TIME_EXIT,2026.03.20 01:10:00,1773969000210,4644.21,600.182,-0.611901,-16.6937,2479,2026.03.20 01:10:00,1773969000210,182,4644.21
P2F4_CANDIDATE_S1,1774019700066_SELL,XAUUSD,PERIOD_M5,2026.03.20 15:15:00,1774019700066,2026.03.20 15:15:00,SELL,10,OK,1.250000,10.57,1057.43,4662.09,4662.27,4662.18,18.0,CONTROL,CONTROL,NO_RETENTION,NO,,,,0,0,0.471332,13.22,4675.31,4675.31,-1.000000,TIME_EXIT,2026.03.20 15:25:00,1774020300076,4662.73,600.010,-0.048419,-1.3728,5693,2026.03.20 15:25:00,1774020300076,10,4662.73
P2F4_CANDIDATE_S1,1774019700066_SELL,XAUUSD,PERIOD_M5,2026.03.20 15:15:00,1774019700066,2026.03.20 15:15:00,SELL,10,OK,1.250000,10.57,1057.43,4662.09,4662.27,4662.18,18.0,LEGACY_BE_050,BREAK_EVEN,0.50:0.00,NO,,,,0,0,0.471332,13.22,4675.31,4675.31,-1.000000,TIME_EXIT,2026.03.20 15:25:00,1774020300076,4662.73,600.010,-0.048419,-1.3728,5693,2026.03.20 15:25:00,1774020300076,10,4662.73
P2F4_CANDIDATE_S1,1774019700066_SELL,XAUUSD,PERIOD_M5,2026.03.20 15:15:00,1774019700066,2026.03.20 15:15:00,SELL,10,OK,1.250000,10.57,1057.43,4662.09,4662.27,4662.18,18.0,STEPLOCK_V1,STEP_LOCK,0.50:-0.25|1.00:0.25|2.00:1.00,NO,,,,0,0,0.471332,13.22,4675.31,4675.31,-1.000000,TIME_EXIT,2026.03.20 15:25:00,1774020300076,4662.73,600.010,-0.048419,-1.3728,5693,2026.03.20 15:25:00,1774020300076,10,4662.73
P2F4_CANDIDATE_S1,1774019700066_SELL,XAUUSD,PERIOD_M5,2026.03.20 15:15:00,1774019700066,2026.03.20 15:15:00,SELL,10,OK,1.250000,10.57,1057.43,4662.09,4662.27,4662.18,18.0,GIVEBACK_100_075,MFE_GIVEBACK,TRIGGER=1.00|GAP=0.75|FLOOR=0.00,NO,,,,0,0,0.471332,13.22,4675.31,4675.31,-1.000000,TIME_EXIT,2026.03.20 15:25:00,1774020300076,4662.73,600.010,-0.048419,-1.3728,5693,2026.03.20 15:25:00,1774020300076,10,4662.73
P2F4_CANDIDATE_S1,1774034700037_SELL,XAUUSD,PERIOD_M5,2026.03.20 19:25:00,1774034700037,2026.03.20 19:25:00,SELL,10,OK,1.250000,13.72,1371.79,4570.03,4570.21,4570.12,18.0,CONTROL,CONTROL,NO_RETENTION,NO,,,,0,0,0.625754,17.15,4587.18,4587.18,-1.000000,TIME_EXIT,2026.03.20 19:35:00,1774035300070,4562.00,600.033,0.468295,17.5710,6186,2026.03.20 19:35:00,1774035300070,33,4562.00
P2F4_CANDIDATE_S1,1774034700037_SELL,XAUUSD,PERIOD_M5,2026.03.20 19:25:00,1774034700037,2026.03.20 19:25:00,SELL,10,OK,1.250000,13.72,1371.79,4570.03,4570.21,4570.12,18.0,LEGACY_BE_050,BREAK_EVEN,0.50:0.00,YES,2026.03.20 19:32:58,1774035178212,478.175,1,1,0.625754,17.15,4587.18,4570.03,0.000000,TIME_EXIT,2026.03.20 19:35:00,1774035300070,4562.00,600.033,0.468295,17.5710,6186,2026.03.20 19:35:00,1774035300070,33,4562.00
P2F4_CANDIDATE_S1,1774034700037_SELL,XAUUSD,PERIOD_M5,2026.03.20 19:25:00,1774034700037,2026.03.20 19:25:00,SELL,10,OK,1.250000,13.72,1371.79,4570.03,4570.21,4570.12,18.0,STEPLOCK_V1,STEP_LOCK,0.50:-0.25|1.00:0.25|2.00:1.00,YES,2026.03.20 19:32:58,1774035178212,478.175,1,1,0.625754,17.15,4587.18,4574.32,-0.250000,TIME_EXIT,2026.03.20 19:35:00,1774035300070,4562.00,600.033,0.468295,17.5710,6186,2026.03.20 19:35:00,1774035300070,33,4562.00
P2F4_CANDIDATE_S1,1774034700037_SELL,XAUUSD,PERIOD_M5,2026.03.20 19:25:00,1774034700037,2026.03.20 19:25:00,SELL,10,OK,1.250000,13.72,1371.79,4570.03,4570.21,4570.12,18.0,GIVEBACK_100_075,MFE_GIVEBACK,TRIGGER=1.00|GAP=0.75|FLOOR=0.00,NO,,,,0,0,0.625754,17.15,4587.18,4587.18,-1.000000,TIME_EXIT,2026.03.20 19:35:00,1774035300070,4562.00,600.033,0.468295,17.5710,6186,2026.03.20 19:35:00,1774035300070,33,4562.00
P2F4_CANDIDATE_S1,1774227600025_SELL,XAUUSD,PERIOD_M5,2026.03.23 01:00:00,1774227600025,2026.03.23 01:00:00,SELL,10,OK,1.250000,17.87,1786.64,4498.05,4498.30,4498.18,25.0,CONTROL,CONTROL,NO_RETENTION,NO,,,,0,0,0.455827,22.33,4520.38,4520.38,-1.000000,TIME_EXIT,2026.03.23 01:10:00,1774228200035,4495.45,600.010,0.116419,5.7803,5165,2026.03.23 01:10:00,1774228200035,10,4495.45
P2F4_CANDIDATE_S1,1774227600025_SELL,XAUUSD,PERIOD_M5,2026.03.23 01:00:00,1774227600025,2026.03.23 01:00:00,SELL,10,OK,1.250000,17.87,1786.64,4498.05,4498.30,4498.18,25.0,LEGACY_BE_050,BREAK_EVEN,0.50:0.00,NO,,,,0,0,0.455827,22.33,4520.38,4520.38,-1.000000,TIME_EXIT,2026.03.23 01:10:00,1774228200035,4495.45,600.010,0.116419,5.7803,5165,2026.03.23 01:10:00,1774228200035,10,4495.45
P2F4_CANDIDATE_S1,1774227600025_SELL,XAUUSD,PERIOD_M5,2026.03.23 01:00:00,1774227600025,2026.03.23 01:00:00,SELL,10,OK,1.250000,17.87,1786.64,4498.05,4498.30,4498.18,25.0,STEPLOCK_V1,STEP_LOCK,0.50:-0.25|1.00:0.25|2.00:1.00,NO,,,,0,0,0.455827,22.33,4520.38,4520.38,-1.000000,TIME_EXIT,2026.03.23 01:10:00,1774228200035,4495.45,600.010,0.116419,5.7803,5165,2026.03.23 01:10:00,1774228200035,10,4495.45
P2F4_CANDIDATE_S1,1774227600025_SELL,XAUUSD,PERIOD_M5,2026.03.23 01:00:00,1774227600025,2026.03.23 01:00:00,SELL,10,OK,1.250000,17.87,1786.64,4498.05,4498.30,4498.18,25.0,GIVEBACK_100_075,MFE_GIVEBACK,TRIGGER=1.00|GAP=0.75|FLOOR=0.00,NO,,,,0,0,0.455827,22.33,4520.38,4520.38,-1.000000,TIME_EXIT,2026.03.23 01:10:00,1774228200035,4495.45,600.010,0.116419,5.7803,5165,2026.03.23 01:10:00,1774228200035,10,4495.45
P2F4_CANDIDATE_S1,1774237800019_SELL,XAUUSD,PERIOD_M5,2026.03.23 03:50:00,1774237800019,2026.03.23 03:50:00,SELL,10,OK,1.250000,29.01,2900.57,4412.87,4413.09,4412.98,22.0,CONTROL,CONTROL,NO_RETENTION,NO,,,,0,0,0.864657,36.26,4449.13,4449.13,-1.000000,TIME_EXIT,2026.03.23 04:00:00,1774238400029,4387.86,600.010,0.689795,56.6751,6260,2026.03.23 04:00:00,1774238400029,10,4387.86
P2F4_CANDIDATE_S1,1774237800019_SELL,XAUUSD,PERIOD_M5,2026.03.23 03:50:00,1774237800019,2026.03.23 03:50:00,SELL,10,OK,1.250000,29.01,2900.57,4412.87,4413.09,4412.98,22.0,LEGACY_BE_050,BREAK_EVEN,0.50:0.00,YES,2026.03.23 03:57:15,1774238235793,435.774,1,1,0.864657,36.26,4449.13,4412.87,0.000000,TIME_EXIT,2026.03.23 04:00:00,1774238400029,4387.86,600.010,0.689795,56.6751,6260,2026.03.23 04:00:00,1774238400029,10,4387.86
P2F4_CANDIDATE_S1,1774237800019_SELL,XAUUSD,PERIOD_M5,2026.03.23 03:50:00,1774237800019,2026.03.23 03:50:00,SELL,10,OK,1.250000,29.01,2900.57,4412.87,4413.09,4412.98,22.0,STEPLOCK_V1,STEP_LOCK,0.50:-0.25|1.00:0.25|2.00:1.00,YES,2026.03.23 03:57:15,1774238235793,435.774,1,1,0.864657,36.26,4449.13,4421.93,-0.250000,TIME_EXIT,2026.03.23 04:00:00,1774238400029,4387.86,600.010,0.689795,56.6751,6260,2026.03.23 04:00:00,1774238400029,10,4387.86
P2F4_CANDIDATE_S1,1774237800019_SELL,XAUUSD,PERIOD_M5,2026.03.23 03:50:00,1774237800019,2026.03.23 03:50:00,SELL,10,OK,1.250000,29.01,2900.57,4412.87,4413.09,4412.98,22.0,GIVEBACK_100_075,MFE_GIVEBACK,TRIGGER=1.00|GAP=0.75|FLOOR=0.00,NO,,,,0,0,0.864657,36.26,4449.13,4449.13,-1.000000,TIME_EXIT,2026.03.23 04:00:00,1774238400029,4387.86,600.010,0.689795,56.6751,6260,2026.03.23 04:00:00,1774238400029,10,4387.86
P2F4_CANDIDATE_S1,1774248900012_SELL,XAUUSD,PERIOD_M5,2026.03.23 06:55:00,1774248900012,2026.03.23 06:55:00,SELL,10,OK,1.250000,10.31,1031.36,4354.22,4354.42,4354.32,20.0,CONTROL,CONTROL,NO_RETENTION,NO,,,,0,0,0.117127,12.89,4367.11,4367.11,-1.000000,HARD_SL,2026.03.23 06:57:23,1774249043136,4367.14,143.124,-1.000000,-29.6080,4254,2026.03.23 07:05:00,1774249500013,1,4372.90
P2F4_CANDIDATE_S1,1774248900012_SELL,XAUUSD,PERIOD_M5,2026.03.23 06:55:00,1774248900012,2026.03.23 06:55:00,SELL,10,OK,1.250000,10.31,1031.36,4354.22,4354.42,4354.32,20.0,LEGACY_BE_050,BREAK_EVEN,0.50:0.00,NO,,,,0,0,0.117127,12.89,4367.11,4367.11,-1.000000,HARD_SL,2026.03.23 06:57:23,1774249043136,4367.14,143.124,-1.000000,-29.6080,4254,2026.03.23 07:05:00,1774249500013,1,4372.90
P2F4_CANDIDATE_S1,1774248900012_SELL,XAUUSD,PERIOD_M5,2026.03.23 06:55:00,1774248900012,2026.03.23 06:55:00,SELL,10,OK,1.250000,10.31,1031.36,4354.22,4354.42,4354.32,20.0,STEPLOCK_V1,STEP_LOCK,0.50:-0.25|1.00:0.25|2.00:1.00,NO,,,,0,0,0.117127,12.89,4367.11,4367.11,-1.000000,HARD_SL,2026.03.23 06:57:23,1774249043136,4367.14,143.124,-1.000000,-29.6080,4254,2026.03.23 07:05:00,1774249500013,1,4372.90
P2F4_CANDIDATE_S1,1774248900012_SELL,XAUUSD,PERIOD_M5,2026.03.23 06:55:00,1774248900012,2026.03.23 06:55:00,SELL,10,OK,1.250000,10.31,1031.36,4354.22,4354.42,4354.32,20.0,GIVEBACK_100_075,MFE_GIVEBACK,TRIGGER=1.00|GAP=0.75|FLOOR=0.00,NO,,,,0,0,0.117127,12.89,4367.11,4367.11,-1.000000,HARD_SL,2026.03.23 06:57:23,1774249043136,4367.14,143.124,-1.000000,-29.6080,4254,2026.03.23 07:05:00,1774249500013,1,4372.90
P2F4_CANDIDATE_S1,1774250700030_SELL,XAUUSD,PERIOD_M5,2026.03.23 07:25:00,1774250700030,2026.03.23 07:25:00,SELL,10,OK,1.250000,10.47,1046.50,4354.42,4354.60,4354.51,18.0,CONTROL,CONTROL,NO_RETENTION,NO,,,,0,0,2.494410,13.08,4367.50,4367.50,-1.000000,TIME_EXIT,2026.03.23 07:35:00,1774251300086,4333.28,600.056,1.616054,48.5484,6244,2026.03.23 07:35:00,1774251300086,56,4333.28
P2F4_CANDIDATE_S1,1774250700030_SELL,XAUUSD,PERIOD_M5,2026.03.23 07:25:00,1774250700030,2026.03.23 07:25:00,SELL,10,OK,1.250000,10.47,1046.50,4354.42,4354.60,4354.51,18.0,LEGACY_BE_050,BREAK_EVEN,0.50:0.00,YES,2026.03.23 07:30:05,1774251005919,305.889,1,1,2.494410,13.08,4367.50,4354.42,0.000000,TIME_EXIT,2026.03.23 07:35:00,1774251300086,4333.28,600.056,1.616054,48.5484,6244,2026.03.23 07:35:00,1774251300086,56,4333.28
P2F4_CANDIDATE_S1,1774250700030_SELL,XAUUSD,PERIOD_M5,2026.03.23 07:25:00,1774250700030,2026.03.23 07:25:00,SELL,10,OK,1.250000,10.47,1046.50,4354.42,4354.60,4354.51,18.0,STEPLOCK_V1,STEP_LOCK,0.50:-0.25|1.00:0.25|2.00:1.00,YES,2026.03.23 07:30:05,1774251005919,305.889,3,3,2.494410,13.08,4367.50,4341.34,1.000000,TIME_EXIT,2026.03.23 07:35:00,1774251300086,4333.28,600.056,1.616054,48.5484,6244,2026.03.23 07:35:00,1774251300086,56,4333.28
P2F4_CANDIDATE_S1,1774250700030_SELL,XAUUSD,PERIOD_M5,2026.03.23 07:25:00,1774250700030,2026.03.23 07:25:00,SELL,10,OK,1.250000,10.47,1046.50,4354.42,4354.60,4354.51,18.0,GIVEBACK_100_075,MFE_GIVEBACK,TRIGGER=1.00|GAP=0.75|FLOOR=0.00,YES,2026.03.23 07:30:14,1774251014466,314.436,1,159,2.494410,13.08,4367.50,4331.60,1.744410,RETENTION_STOP,2026.03.23 07:34:34,1774251274607,4331.64,574.577,1.744410,52.4044,6244,2026.03.23 07:35:00,1774251300086,56,4333.28
P2F4_CANDIDATE_S1,1774330800114_SELL,XAUUSD,PERIOD_M5,2026.03.24 05:40:00,1774330800114,2026.03.24 05:40:00,SELL,10,OK,1.250000,14.03,1403.07,4342.09,4342.30,4342.19,21.0,CONTROL,CONTROL,NO_RETENTION,NO,,,,0,0,0.389431,17.54,4359.63,4359.63,-1.000000,TIME_EXIT,2026.03.24 05:50:00,1774331400634,4340.37,600.520,0.098071,3.9612,3793,2026.03.24 05:50:00,1774331400634,520,4340.37
P2F4_CANDIDATE_S1,1774330800114_SELL,XAUUSD,PERIOD_M5,2026.03.24 05:40:00,1774330800114,2026.03.24 05:40:00,SELL,10,OK,1.250000,14.03,1403.07,4342.09,4342.30,4342.19,21.0,LEGACY_BE_050,BREAK_EVEN,0.50:0.00,NO,,,,0,0,0.389431,17.54,4359.63,4359.63,-1.000000,TIME_EXIT,2026.03.24 05:50:00,1774331400634,4340.37,600.520,0.098071,3.9612,3793,2026.03.24 05:50:00,1774331400634,520,4340.37
P2F4_CANDIDATE_S1,1774330800114_SELL,XAUUSD,PERIOD_M5,2026.03.24 05:40:00,1774330800114,2026.03.24 05:40:00,SELL,10,OK,1.250000,14.03,1403.07,4342.09,4342.30,4342.19,21.0,STEPLOCK_V1,STEP_LOCK,0.50:-0.25|1.00:0.25|2.00:1.00,NO,,,,0,0,0.389431,17.54,4359.63,4359.63,-1.000000,TIME_EXIT,2026.03.24 05:50:00,1774331400634,4340.37,600.520,0.098071,3.9612,3793,2026.03.24 05:50:00,1774331400634,520,4340.37
P2F4_CANDIDATE_S1,1774330800114_SELL,XAUUSD,PERIOD_M5,2026.03.24 05:40:00,1774330800114,2026.03.24 05:40:00,SELL,10,OK,1.250000,14.03,1403.07,4342.09,4342.30,4342.19,21.0,GIVEBACK_100_075,MFE_GIVEBACK,TRIGGER=1.00|GAP=0.75|FLOOR=0.00,NO,,,,0,0,0.389431,17.54,4359.63,4359.63,-1.000000,TIME_EXIT,2026.03.24 05:50:00,1774331400634,4340.37,600.520,0.098071,3.9612,3793,2026.03.24 05:50:00,1774331400634,520,4340.37
P2F4_CANDIDATE_S1,1774487100044_SELL,XAUUSD,PERIOD_M5,2026.03.26 01:05:00,1774487100044,2026.03.26 01:05:00,SELL,10,OK,1.250000,11.79,1179.21,4504.51,4504.76,4504.64,25.0,CONTROL,CONTROL,NO_RETENTION,NO,,,,0,0,0.427403,14.74,4519.25,4519.25,-1.000000,TIME_EXIT,2026.03.26 01:15:00,1774487700143,4509.13,600.099,-0.313429,-10.2564,2932,2026.03.26 01:15:00,1774487700143,99,4509.13
P2F4_CANDIDATE_S1,1774487100044_SELL,XAUUSD,PERIOD_M5,2026.03.26 01:05:00,1774487100044,2026.03.26 01:05:00,SELL,10,OK,1.250000,11.79,1179.21,4504.51,4504.76,4504.64,25.0,LEGACY_BE_050,BREAK_EVEN,0.50:0.00,NO,,,,0,0,0.427403,14.74,4519.25,4519.25,-1.000000,TIME_EXIT,2026.03.26 01:15:00,1774487700143,4509.13,600.099,-0.313429,-10.2564,2932,2026.03.26 01:15:00,1774487700143,99,4509.13
P2F4_CANDIDATE_S1,1774487100044_SELL,XAUUSD,PERIOD_M5,2026.03.26 01:05:00,1774487100044,2026.03.26 01:05:00,SELL,10,OK,1.250000,11.79,1179.21,4504.51,4504.76,4504.64,25.0,STEPLOCK_V1,STEP_LOCK,0.50:-0.25|1.00:0.25|2.00:1.00,NO,,,,0,0,0.427403,14.74,4519.25,4519.25,-1.000000,TIME_EXIT,2026.03.26 01:15:00,1774487700143,4509.13,600.099,-0.313429,-10.2564,2932,2026.03.26 01:15:00,1774487700143,99,4509.13
P2F4_CANDIDATE_S1,1774487100044_SELL,XAUUSD,PERIOD_M5,2026.03.26 01:05:00,1774487100044,2026.03.26 01:05:00,SELL,10,OK,1.250000,11.79,1179.21,4504.51,4504.76,4504.64,25.0,GIVEBACK_100_075,MFE_GIVEBACK,TRIGGER=1.00|GAP=0.75|FLOOR=0.00,NO,,,,0,0,0.427403,14.74,4519.25,4519.25,-1.000000,TIME_EXIT,2026.03.26 01:15:00,1774487700143,4509.13,600.099,-0.313429,-10.2564,2932,2026.03.26 01:15:00,1774487700143,99,4509.13
P2F4_CANDIDATE_S1,1774499700030_SELL,XAUUSD,PERIOD_M5,2026.03.26 04:35:00,1774499700030,2026.03.26 04:35:00,SELL,10,OK,1.250000,7.73,772.93,4523.54,4523.75,4523.65,21.0,CONTROL,CONTROL,NO_RETENTION,NO,,,,0,0,1.180963,9.66,4533.20,4533.20,-1.000000,TIME_EXIT,2026.03.26 04:45:00,1774500300031,4519.87,600.001,0.379854,8.1131,4251,2026.03.26 04:45:00,1774500300031,1,4519.87
P2F4_CANDIDATE_S1,1774499700030_SELL,XAUUSD,PERIOD_M5,2026.03.26 04:35:00,1774499700030,2026.03.26 04:35:00,SELL,10,OK,1.250000,7.73,772.93,4523.54,4523.75,4523.65,21.0,LEGACY_BE_050,BREAK_EVEN,0.50:0.00,YES,2026.03.26 04:35:36,1774499736136,36.106,1,1,1.180963,9.66,4533.20,4523.54,0.000000,TIME_EXIT,2026.03.26 04:45:00,1774500300031,4519.87,600.001,0.379854,8.1131,4251,2026.03.26 04:45:00,1774500300031,1,4519.87
P2F4_CANDIDATE_S1,1774499700030_SELL,XAUUSD,PERIOD_M5,2026.03.26 04:35:00,1774499700030,2026.03.26 04:35:00,SELL,10,OK,1.250000,7.73,772.93,4523.54,4523.75,4523.65,21.0,STEPLOCK_V1,STEP_LOCK,0.50:-0.25|1.00:0.25|2.00:1.00,YES,2026.03.26 04:35:36,1774499736136,36.106,2,2,1.180963,9.66,4533.20,4521.12,0.250000,RETENTION_STOP,2026.03.26 04:43:18,1774500198714,4521.20,498.684,0.250000,5.3396,4251,2026.03.26 04:45:00,1774500300031,1,4519.87
P2F4_CANDIDATE_S1,1774499700030_SELL,XAUUSD,PERIOD_M5,2026.03.26 04:35:00,1774499700030,2026.03.26 04:35:00,SELL,10,OK,1.250000,7.73,772.93,4523.54,4523.75,4523.65,21.0,GIVEBACK_100_075,MFE_GIVEBACK,TRIGGER=1.00|GAP=0.75|FLOOR=0.00,YES,2026.03.26 04:37:45,1774499865419,165.389,1,19,1.180963,9.66,4533.20,4519.38,0.430963,RETENTION_STOP,2026.03.26 04:43:03,1774500183184,4519.41,483.154,0.430963,9.2047,4251,2026.03.26 04:45:00,1774500300031,1,4519.87
P2F4_CANDIDATE_S1,1774509300030_SELL,XAUUSD,PERIOD_M5,2026.03.26 07:15:00,1774509300030,2026.03.26 07:15:00,SELL,10,OK,1.250000,3.98,398.29,4508.79,4508.96,4508.88,17.0,CONTROL,CONTROL,NO_RETENTION,NO,,,,0,0,1.395983,4.98,4513.77,4513.77,-1.000000,TIME_EXIT,2026.03.26 07:25:00,1774509900053,4505.30,600.023,0.701004,7.7404,3175,2026.03.26 07:25:00,1774509900053,23,4505.30
P2F4_CANDIDATE_S1,1774509300030_SELL,XAUUSD,PERIOD_M5,2026.03.26 07:15:00,1774509300030,2026.03.26 07:15:00,SELL,10,OK,1.250000,3.98,398.29,4508.79,4508.96,4508.88,17.0,LEGACY_BE_050,BREAK_EVEN,0.50:0.00,YES,2026.03.26 07:17:50,1774509470130,170.100,1,1,0.526255,4.98,4513.77,4508.79,0.000000,RETENTION_STOP,2026.03.26 07:17:58,1774509478578,4508.83,178.548,0.000000,0.0000,3175,2026.03.26 07:25:00,1774509900053,23,4505.30
P2F4_CANDIDATE_S1,1774509300030_SELL,XAUUSD,PERIOD_M5,2026.03.26 07:15:00,1774509300030,2026.03.26 07:15:00,SELL,10,OK,1.250000,3.98,398.29,4508.79,4508.96,4508.88,17.0,STEPLOCK_V1,STEP_LOCK,0.50:-0.25|1.00:0.25|2.00:1.00,YES,2026.03.26 07:17:50,1774509470130,170.100,1,1,0.526255,4.98,4513.77,4510.03,-0.250000,RETENTION_STOP,2026.03.26 07:19:03,1774509543142,4510.05,243.112,-0.250000,-2.7605,3175,2026.03.26 07:25:00,1774509900053,23,4505.30
P2F4_CANDIDATE_S1,1774509300030_SELL,XAUUSD,PERIOD_M5,2026.03.26 07:15:00,1774509300030,2026.03.26 07:15:00,SELL,10,OK,1.250000,3.98,398.29,4508.79,4508.96,4508.88,17.0,GIVEBACK_100_075,MFE_GIVEBACK,TRIGGER=1.00|GAP=0.75|FLOOR=0.00,YES,2026.03.26 07:22:54,1774509774232,474.202,1,18,1.395983,4.98,4513.77,4505.57,0.645983,TIME_EXIT,2026.03.26 07:25:00,1774509900053,4505.30,600.023,0.701004,7.7404,3175,2026.03.26 07:25:00,1774509900053,23,4505.30
P2F4_CANDIDATE_S1,1774533300023_SELL,XAUUSD,PERIOD_M5,2026.03.26 13:55:00,1774533300023,2026.03.26 13:55:00,SELL,10,OK,1.250000,9.45,945.36,4427.45,4427.62,4427.53,17.0,CONTROL,CONTROL,NO_RETENTION,NO,,,,0,0,0.908863,11.82,4439.27,4439.27,-1.000000,TIME_EXIT,2026.03.26 14:05:00,1774533900055,4425.62,600.032,0.154862,4.1333,4917,2026.03.26 14:05:00,1774533900055,32,4425.62
P2F4_CANDIDATE_S1,1774533300023_SELL,XAUUSD,PERIOD_M5,2026.03.26 13:55:00,1774533300023,2026.03.26 13:55:00,SELL,10,OK,1.250000,9.45,945.36,4427.45,4427.62,4427.53,17.0,LEGACY_BE_050,BREAK_EVEN,0.50:0.00,YES,2026.03.26 13:58:34,1774533514790,214.767,1,1,0.691379,11.82,4439.27,4427.45,0.000000,RETENTION_STOP,2026.03.26 14:01:03,1774533663407,4427.49,363.384,0.000000,0.0000,4917,2026.03.26 14:05:00,1774533900055,32,4425.62
P2F4_CANDIDATE_S1,1774533300023_SELL,XAUUSD,PERIOD_M5,2026.03.26 13:55:00,1774533300023,2026.03.26 13:55:00,SELL,10,OK,1.250000,9.45,945.36,4427.45,4427.62,4427.53,17.0,STEPLOCK_V1,STEP_LOCK,0.50:-0.25|1.00:0.25|2.00:1.00,YES,2026.03.26 13:58:34,1774533514790,214.767,1,1,0.908863,11.82,4439.27,4430.40,-0.250000,TIME_EXIT,2026.03.26 14:05:00,1774533900055,4425.62,600.032,0.154862,4.1333,4917,2026.03.26 14:05:00,1774533900055,32,4425.62
P2F4_CANDIDATE_S1,1774533300023_SELL,XAUUSD,PERIOD_M5,2026.03.26 13:55:00,1774533300023,2026.03.26 13:55:00,SELL,10,OK,1.250000,9.45,945.36,4427.45,4427.62,4427.53,17.0,GIVEBACK_100_075,MFE_GIVEBACK,TRIGGER=1.00|GAP=0.75|FLOOR=0.00,NO,,,,0,0,0.908863,11.82,4439.27,4439.27,-1.000000,TIME_EXIT,2026.03.26 14:05:00,1774533900055,4425.62,600.032,0.154862,4.1333,4917,2026.03.26 14:05:00,1774533900055,32,4425.62
P2F4_CANDIDATE_S1,1774536900013_SELL,XAUUSD,PERIOD_M5,2026.03.26 14:55:00,1774536900013,2026.03.26 14:55:00,SELL,10,OK,1.250000,10.89,1088.79,4432.56,4432.69,4432.63,13.0,CONTROL,CONTROL,NO_RETENTION,NO,,,,0,0,0.893472,13.61,4446.17,4446.17,-1.000000,TIME_EXIT,2026.03.26 15:05:00,1774537500050,4437.89,600.037,-0.391629,-12.0247,6862,2026.03.26 15:05:00,1774537500050,37,4437.89
P2F4_CANDIDATE_S1,1774536900013_SELL,XAUUSD,PERIOD_M5,2026.03.26 14:55:00,1774536900013,2026.03.26 14:55:00,SELL,10,OK,1.250000,10.89,1088.79,4432.56,4432.69,4432.63,13.0,LEGACY_BE_050,BREAK_EVEN,0.50:0.00,YES,2026.03.26 15:00:33,1774537233091,333.078,1,1,0.893472,13.61,4446.17,4432.56,0.000000,RETENTION_STOP,2026.03.26 15:02:55,1774537375552,4432.56,475.539,0.000000,0.0000,6862,2026.03.26 15:05:00,1774537500050,37,4437.89
P2F4_CANDIDATE_S1,1774536900013_SELL,XAUUSD,PERIOD_M5,2026.03.26 14:55:00,1774536900013,2026.03.26 14:55:00,SELL,10,OK,1.250000,10.89,1088.79,4432.56,4432.69,4432.63,13.0,STEPLOCK_V1,STEP_LOCK,0.50:-0.25|1.00:0.25|2.00:1.00,YES,2026.03.26 15:00:33,1774537233091,333.078,1,1,0.893472,13.61,4446.17,4435.96,-0.250000,RETENTION_STOP,2026.03.26 15:04:22,1774537462498,4436.05,562.485,-0.250000,-7.6761,6862,2026.03.26 15:05:00,1774537500050,37,4437.89
P2F4_CANDIDATE_S1,1774536900013_SELL,XAUUSD,PERIOD_M5,2026.03.26 14:55:00,1774536900013,2026.03.26 14:55:00,SELL,10,OK,1.250000,10.89,1088.79,4432.56,4432.69,4432.63,13.0,GIVEBACK_100_075,MFE_GIVEBACK,TRIGGER=1.00|GAP=0.75|FLOOR=0.00,NO,,,,0,0,0.893472,13.61,4446.17,4446.17,-1.000000,TIME_EXIT,2026.03.26 15:05:00,1774537500050,4437.89,600.037,-0.391629,-12.0247,6862,2026.03.26 15:05:00,1774537500050,37,4437.89
P2F4_CANDIDATE_S1,1774546500025_SELL,XAUUSD,PERIOD_M5,2026.03.26 17:35:00,1774546500025,2026.03.26 17:35:00,SELL,10,OK,1.250000,13.90,1389.93,4442.52,4442.69,4442.60,17.0,CONTROL,CONTROL,NO_RETENTION,NO,,,,0,0,0.326923,17.37,4459.89,4459.89,-1.000000,TIME_EXIT,2026.03.26 17:45:00,1774547100026,4440.30,600.001,0.127776,4.9972,6268,2026.03.26 17:45:00,1774547100026,1,4440.30
P2F4_CANDIDATE_S1,1774546500025_SELL,XAUUSD,PERIOD_M5,2026.03.26 17:35:00,1774546500025,2026.03.26 17:35:00,SELL,10,OK,1.250000,13.90,1389.93,4442.52,4442.69,4442.60,17.0,LEGACY_BE_050,BREAK_EVEN,0.50:0.00,NO,,,,0,0,0.326923,17.37,4459.89,4459.89,-1.000000,TIME_EXIT,2026.03.26 17:45:00,1774547100026,4440.30,600.001,0.127776,4.9972,6268,2026.03.26 17:45:00,1774547100026,1,4440.30
P2F4_CANDIDATE_S1,1774546500025_SELL,XAUUSD,PERIOD_M5,2026.03.26 17:35:00,1774546500025,2026.03.26 17:35:00,SELL,10,OK,1.250000,13.90,1389.93,4442.52,4442.69,4442.60,17.0,STEPLOCK_V1,STEP_LOCK,0.50:-0.25|1.00:0.25|2.00:1.00,NO,,,,0,0,0.326923,17.37,4459.89,4459.89,-1.000000,TIME_EXIT,2026.03.26 17:45:00,1774547100026,4440.30,600.001,0.127776,4.9972,6268,2026.03.26 17:45:00,1774547100026,1,4440.30
P2F4_CANDIDATE_S1,1774546500025_SELL,XAUUSD,PERIOD_M5,2026.03.26 17:35:00,1774546500025,2026.03.26 17:35:00,SELL,10,OK,1.250000,13.90,1389.93,4442.52,4442.69,4442.60,17.0,GIVEBACK_100_075,MFE_GIVEBACK,TRIGGER=1.00|GAP=0.75|FLOOR=0.00,NO,,,,0,0,0.326923,17.37,4459.89,4459.89,-1.000000,TIME_EXIT,2026.03.26 17:45:00,1774547100026,4440.30,600.001,0.127776,4.9972,6268,2026.03.26 17:45:00,1774547100026,1,4440.30
P2F4_CANDIDATE_S1,1774578300027_SELL,XAUUSD,PERIOD_M5,2026.03.27 02:25:00,1774578300027,2026.03.27 02:25:00,SELL,10,OK,1.250000,7.62,762.29,4389.76,4389.97,4389.86,21.0,CONTROL,CONTROL,NO_RETENTION,NO,,,,0,0,0.357871,9.53,4399.29,4399.29,-1.000000,TIME_EXIT,2026.03.27 02:35:00,1774578900054,4395.60,600.027,-0.612894,-13.3037,2970,2026.03.27 02:35:00,1774578900054,27,4395.60
P2F4_CANDIDATE_S1,1774578300027_SELL,XAUUSD,PERIOD_M5,2026.03.27 02:25:00,1774578300027,2026.03.27 02:25:00,SELL,10,OK,1.250000,7.62,762.29,4389.76,4389.97,4389.86,21.0,LEGACY_BE_050,BREAK_EVEN,0.50:0.00,NO,,,,0,0,0.357871,9.53,4399.29,4399.29,-1.000000,TIME_EXIT,2026.03.27 02:35:00,1774578900054,4395.60,600.027,-0.612894,-13.3037,2970,2026.03.27 02:35:00,1774578900054,27,4395.60
P2F4_CANDIDATE_S1,1774578300027_SELL,XAUUSD,PERIOD_M5,2026.03.27 02:25:00,1774578300027,2026.03.27 02:25:00,SELL,10,OK,1.250000,7.62,762.29,4389.76,4389.97,4389.86,21.0,STEPLOCK_V1,STEP_LOCK,0.50:-0.25|1.00:0.25|2.00:1.00,NO,,,,0,0,0.357871,9.53,4399.29,4399.29,-1.000000,TIME_EXIT,2026.03.27 02:35:00,1774578900054,4395.60,600.027,-0.612894,-13.3037,2970,2026.03.27 02:35:00,1774578900054,27,4395.60
P2F4_CANDIDATE_S1,1774578300027_SELL,XAUUSD,PERIOD_M5,2026.03.27 02:25:00,1774578300027,2026.03.27 02:25:00,SELL,10,OK,1.250000,7.62,762.29,4389.76,4389.97,4389.86,21.0,GIVEBACK_100_075,MFE_GIVEBACK,TRIGGER=1.00|GAP=0.75|FLOOR=0.00,NO,,,,0,0,0.357871,9.53,4399.29,4399.29,-1.000000,TIME_EXIT,2026.03.27 02:35:00,1774578900054,4395.60,600.027,-0.612894,-13.3037,2970,2026.03.27 02:35:00,1774578900054,27,4395.60
P2F4_CANDIDATE_S1,1774625700020_SELL,XAUUSD,PERIOD_M5,2026.03.27 15:35:00,1774625700020,2026.03.27 15:35:00,SELL,10,OK,1.250000,9.14,914.07,4418.43,4418.60,4418.52,17.0,CONTROL,CONTROL,NO_RETENTION,NO,,,,0,0,0.290568,11.43,4429.86,4429.86,-1.000000,HARD_SL,2026.03.27 15:41:07,1774626067474,4429.89,367.454,-1.000000,-25.8596,5258,2026.03.27 15:45:00,1774626300070,50,4429.00
P2F4_CANDIDATE_S1,1774625700020_SELL,XAUUSD,PERIOD_M5,2026.03.27 15:35:00,1774625700020,2026.03.27 15:35:00,SELL,10,OK,1.250000,9.14,914.07,4418.43,4418.60,4418.52,17.0,LEGACY_BE_050,BREAK_EVEN,0.50:0.00,NO,,,,0,0,0.290568,11.43,4429.86,4429.86,-1.000000,HARD_SL,2026.03.27 15:41:07,1774626067474,4429.89,367.454,-1.000000,-25.8596,5258,2026.03.27 15:45:00,1774626300070,50,4429.00
P2F4_CANDIDATE_S1,1774625700020_SELL,XAUUSD,PERIOD_M5,2026.03.27 15:35:00,1774625700020,2026.03.27 15:35:00,SELL,10,OK,1.250000,9.14,914.07,4418.43,4418.60,4418.52,17.0,STEPLOCK_V1,STEP_LOCK,0.50:-0.25|1.00:0.25|2.00:1.00,NO,,,,0,0,0.290568,11.43,4429.86,4429.86,-1.000000,HARD_SL,2026.03.27 15:41:07,1774626067474,4429.89,367.454,-1.000000,-25.8596,5258,2026.03.27 15:45:00,1774626300070,50,4429.00
P2F4_CANDIDATE_S1,1774625700020_SELL,XAUUSD,PERIOD_M5,2026.03.27 15:35:00,1774625700020,2026.03.27 15:35:00,SELL,10,OK,1.250000,9.14,914.07,4418.43,4418.60,4418.52,17.0,GIVEBACK_100_075,MFE_GIVEBACK,TRIGGER=1.00|GAP=0.75|FLOOR=0.00,NO,,,,0,0,0.290568,11.43,4429.86,4429.86,-1.000000,HARD_SL,2026.03.27 15:41:07,1774626067474,4429.89,367.454,-1.000000,-25.8596,5258,2026.03.27 15:45:00,1774626300070,50,4429.00
P2F4_CANDIDATE_S1,1774922700021_SELL,XAUUSD,PERIOD_M5,2026.03.31 02:05:00,1774922700021,2026.03.31 02:05:00,SELL,10,OK,1.250000,7.07,707.14,4502.35,4502.39,4502.37,4.0,CONTROL,CONTROL,NO_RETENTION,NO,,,,0,0,1.105293,8.84,4511.19,4511.19,-1.000000,TIME_EXIT,2026.03.31 02:15:00,1774923300155,4499.04,600.134,0.374465,7.3517,3267,2026.03.31 02:15:00,1774923300155,134,4499.04
P2F4_CANDIDATE_S1,1774922700021_SELL,XAUUSD,PERIOD_M5,2026.03.31 02:05:00,1774922700021,2026.03.31 02:05:00,SELL,10,OK,1.250000,7.07,707.14,4502.35,4502.39,4502.37,4.0,LEGACY_BE_050,BREAK_EVEN,0.50:0.00,YES,2026.03.31 02:06:14,1774922774854,74.833,1,1,0.581495,8.84,4511.19,4502.35,0.000000,RETENTION_STOP,2026.03.31 02:06:47,1774922807371,4502.36,107.350,0.000000,0.0000,3267,2026.03.31 02:15:00,1774923300155,134,4499.04
P2F4_CANDIDATE_S1,1774922700021_SELL,XAUUSD,PERIOD_M5,2026.03.31 02:05:00,1774922700021,2026.03.31 02:05:00,SELL,10,OK,1.250000,7.07,707.14,4502.35,4502.39,4502.37,4.0,STEPLOCK_V1,STEP_LOCK,0.50:-0.25|1.00:0.25|2.00:1.00,YES,2026.03.31 02:06:14,1774922774854,74.833,1,1,0.581495,8.84,4511.19,4504.56,-0.250000,RETENTION_STOP,2026.03.31 02:07:02,1774922822469,4504.56,122.448,-0.250000,-4.9082,3267,2026.03.31 02:15:00,1774923300155,134,4499.04
P2F4_CANDIDATE_S1,1774922700021_SELL,XAUUSD,PERIOD_M5,2026.03.31 02:05:00,1774922700021,2026.03.31 02:05:00,SELL,10,OK,1.250000,7.07,707.14,4502.35,4502.39,4502.37,4.0,GIVEBACK_100_075,MFE_GIVEBACK,TRIGGER=1.00|GAP=0.75|FLOOR=0.00,YES,2026.03.31 02:10:04,1774923004543,304.522,1,8,1.105293,8.84,4511.19,4499.21,0.355293,RETENTION_STOP,2026.03.31 02:10:25,1774923025424,4499.28,325.403,0.355293,6.9753,3267,2026.03.31 02:15:00,1774923300155,134,4499.04
P2F4_CANDIDATE_S1,1774927500006_SELL,XAUUSD,PERIOD_M5,2026.03.31 03:25:00,1774927500006,2026.03.31 03:25:00,SELL,10,OK,1.250000,9.62,961.93,4493.69,4493.90,4493.80,21.0,CONTROL,CONTROL,NO_RETENTION,NO,,,,0,0,0.268627,12.02,4505.71,4505.71,-1.000000,HARD_SL,2026.03.31 03:26:41,1774927601611,4505.96,101.605,-1.000000,-26.7578,3985,2026.03.31 03:35:00,1774928100096,90,4511.71
P2F4_CANDIDATE_S1,1774927500006_SELL,XAUUSD,PERIOD_M5,2026.03.31 03:25:00,1774927500006,2026.03.31 03:25:00,SELL,10,OK,1.250000,9.62,961.93,4493.69,4493.90,4493.80,21.0,LEGACY_BE_050,BREAK_EVEN,0.50:0.00,NO,,,,0,0,0.268627,12.02,4505.71,4505.71,-1.000000,HARD_SL,2026.03.31 03:26:41,1774927601611,4505.96,101.605,-1.000000,-26.7578,3985,2026.03.31 03:35:00,1774928100096,90,4511.71
P2F4_CANDIDATE_S1,1774927500006_SELL,XAUUSD,PERIOD_M5,2026.03.31 03:25:00,1774927500006,2026.03.31 03:25:00,SELL,10,OK,1.250000,9.62,961.93,4493.69,4493.90,4493.80,21.0,STEPLOCK_V1,STEP_LOCK,0.50:-0.25|1.00:0.25|2.00:1.00,NO,,,,0,0,0.268627,12.02,4505.71,4505.71,-1.000000,HARD_SL,2026.03.31 03:26:41,1774927601611,4505.96,101.605,-1.000000,-26.7578,3985,2026.03.31 03:35:00,1774928100096,90,4511.71
P2F4_CANDIDATE_S1,1774927500006_SELL,XAUUSD,PERIOD_M5,2026.03.31 03:25:00,1774927500006,2026.03.31 03:25:00,SELL,10,OK,1.250000,9.62,961.93,4493.69,4493.90,4493.80,21.0,GIVEBACK_100_075,MFE_GIVEBACK,TRIGGER=1.00|GAP=0.75|FLOOR=0.00,NO,,,,0,0,0.268627,12.02,4505.71,4505.71,-1.000000,HARD_SL,2026.03.31 03:26:41,1774927601611,4505.96,101.605,-1.000000,-26.7578,3985,2026.03.31 03:35:00,1774928100096,90,4511.71
P2F4_CANDIDATE_S1,1775131500013_SELL,XAUUSD,PERIOD_M5,2026.04.02 12:05:00,1775131500013,2026.04.02 12:05:00,SELL,10,OK,1.250000,9.01,900.79,4618.59,4618.76,4618.68,17.0,CONTROL,CONTROL,NO_RETENTION,NO,,,,0,0,0.458267,11.26,4629.85,4629.85,-1.000000,TIME_EXIT,2026.04.02 12:15:00,1775132100041,4623.96,600.028,-0.476917,-11.6269,2764,2026.04.02 12:15:00,1775132100041,28,4623.96
P2F4_CANDIDATE_S1,1775131500013_SELL,XAUUSD,PERIOD_M5,2026.04.02 12:05:00,1775131500013,2026.04.02 12:05:00,SELL,10,OK,1.250000,9.01,900.79,4618.59,4618.76,4618.68,17.0,LEGACY_BE_050,BREAK_EVEN,0.50:0.00,NO,,,,0,0,0.458267,11.26,4629.85,4629.85,-1.000000,TIME_EXIT,2026.04.02 12:15:00,1775132100041,4623.96,600.028,-0.476917,-11.6269,2764,2026.04.02 12:15:00,1775132100041,28,4623.96
P2F4_CANDIDATE_S1,1775131500013_SELL,XAUUSD,PERIOD_M5,2026.04.02 12:05:00,1775131500013,2026.04.02 12:05:00,SELL,10,OK,1.250000,9.01,900.79,4618.59,4618.76,4618.68,17.0,STEPLOCK_V1,STEP_LOCK,0.50:-0.25|1.00:0.25|2.00:1.00,NO,,,,0,0,0.458267,11.26,4629.85,4629.85,-1.000000,TIME_EXIT,2026.04.02 12:15:00,1775132100041,4623.96,600.028,-0.476917,-11.6269,2764,2026.04.02 12:15:00,1775132100041,28,4623.96
P2F4_CANDIDATE_S1,1775131500013_SELL,XAUUSD,PERIOD_M5,2026.04.02 12:05:00,1775131500013,2026.04.02 12:05:00,SELL,10,OK,1.250000,9.01,900.79,4618.59,4618.76,4618.68,17.0,GIVEBACK_100_075,MFE_GIVEBACK,TRIGGER=1.00|GAP=0.75|FLOOR=0.00,NO,,,,0,0,0.458267,11.26,4629.85,4629.85,-1.000000,TIME_EXIT,2026.04.02 12:15:00,1775132100041,4623.96,600.028,-0.476917,-11.6269,2764,2026.04.02 12:15:00,1775132100041,28,4623.96
P2F4_CANDIDATE_S1,1775140200057_SELL,XAUUSD,PERIOD_M5,2026.04.02 14:30:00,1775140200057,2026.04.02 14:30:00,SELL,10,OK,1.250000,8.33,833.21,4614.83,4615.00,4614.91,17.0,CONTROL,CONTROL,NO_RETENTION,NO,,,,0,0,0.602006,10.42,4625.25,4625.25,-1.000000,TIME_EXIT,2026.04.02 14:40:00,1775140800108,4608.88,600.051,0.571282,12.8932,3849,2026.04.02 14:40:00,1775140800108,51,4608.88
P2F4_CANDIDATE_S1,1775140200057_SELL,XAUUSD,PERIOD_M5,2026.04.02 14:30:00,1775140200057,2026.04.02 14:30:00,SELL,10,OK,1.250000,8.33,833.21,4614.83,4615.00,4614.91,17.0,LEGACY_BE_050,BREAK_EVEN,0.50:0.00,YES,2026.04.02 14:30:05,1775140205168,5.111,1,1,0.529996,10.42,4625.25,4614.83,0.000000,RETENTION_STOP,2026.04.02 14:30:19,1775140219070,4614.87,19.013,0.000000,0.0000,3849,2026.04.02 14:40:00,1775140800108,51,4608.88
P2F4_CANDIDATE_S1,1775140200057_SELL,XAUUSD,PERIOD_M5,2026.04.02 14:30:00,1775140200057,2026.04.02 14:30:00,SELL,10,OK,1.250000,8.33,833.21,4614.83,4615.00,4614.91,17.0,STEPLOCK_V1,STEP_LOCK,0.50:-0.25|1.00:0.25|2.00:1.00,YES,2026.04.02 14:30:05,1775140205168,5.111,1,1,0.602006,10.42,4625.25,4617.43,-0.250000,RETENTION_STOP,2026.04.02 14:38:08,1775140688150,4617.64,488.093,-0.250000,-5.6422,3849,2026.04.02 14:40:00,1775140800108,51,4608.88
P2F4_CANDIDATE_S1,1775140200057_SELL,XAUUSD,PERIOD_M5,2026.04.02 14:30:00,1775140200057,2026.04.02 14:30:00,SELL,10,OK,1.250000,8.33,833.21,4614.83,4615.00,4614.91,17.0,GIVEBACK_100_075,MFE_GIVEBACK,TRIGGER=1.00|GAP=0.75|FLOOR=0.00,NO,,,,0,0,0.602006,10.42,4625.25,4625.25,-1.000000,TIME_EXIT,2026.04.02 14:40:00,1775140800108,4608.88,600.051,0.571282,12.8932,3849,2026.04.02 14:40:00,1775140800108,51,4608.88
P2F4_CANDIDATE_S1,1775145600001_SELL,XAUUSD,PERIOD_M5,2026.04.02 16:00:00,1775145600001,2026.04.02 16:00:00,SELL,10,OK,1.250000,10.09,1008.71,4601.94,4602.11,4602.02,17.0,CONTROL,CONTROL,NO_RETENTION,NO,,,,0,0,1.653590,12.61,4614.55,4614.55,-1.000000,TIME_EXIT,2026.04.02 16:10:00,1775146200010,4600.48,600.009,0.115791,3.1726,6636,2026.04.02 16:10:00,1775146200010,9,4600.48
P2F4_CANDIDATE_S1,1775145600001_SELL,XAUUSD,PERIOD_M5,2026.04.02 16:00:00,1775145600001,2026.04.02 16:00:00,SELL,10,OK,1.250000,10.09,1008.71,4601.94,4602.11,4602.02,17.0,LEGACY_BE_050,BREAK_EVEN,0.50:0.00,YES,2026.04.02 16:00:03,1775145603843,3.842,1,1,1.653590,12.61,4614.55,4601.94,0.000000,RETENTION_STOP,2026.04.02 16:05:37,1775145937035,4601.96,337.034,0.000000,0.0000,6636,2026.04.02 16:10:00,1775146200010,9,4600.48
P2F4_CANDIDATE_S1,1775145600001_SELL,XAUUSD,PERIOD_M5,2026.04.02 16:00:00,1775145600001,2026.04.02 16:00:00,SELL,10,OK,1.250000,10.09,1008.71,4601.94,4602.11,4602.02,17.0,STEPLOCK_V1,STEP_LOCK,0.50:-0.25|1.00:0.25|2.00:1.00,YES,2026.04.02 16:00:03,1775145603843,3.842,2,2,1.653590,12.61,4614.55,4598.79,0.250000,RETENTION_STOP,2026.04.02 16:02:03,1775145723323,4599.01,123.322,0.250000,6.8498,6636,2026.04.02 16:10:00,1775146200010,9,4600.48
P2F4_CANDIDATE_S1,1775145600001_SELL,XAUUSD,PERIOD_M5,2026.04.02 16:00:00,1775145600001,2026.04.02 16:00:00,SELL,10,OK,1.250000,10.09,1008.71,4601.94,4602.11,4602.02,17.0,GIVEBACK_100_075,MFE_GIVEBACK,TRIGGER=1.00|GAP=0.75|FLOOR=0.00,YES,2026.04.02 16:00:07,1775145607261,7.260,1,51,1.653590,12.61,4614.55,4590.55,0.903590,RETENTION_STOP,2026.04.02 16:01:36,1775145696569,4590.79,96.568,0.903590,24.7576,6636,2026.04.02 16:10:00,1775146200010,9,4600.48
P2F4_CANDIDATE_S1,1775157600018_SELL,XAUUSD,PERIOD_M5,2026.04.02 19:20:00,1775157600018,2026.04.02 19:20:00,SELL,10,OK,1.250000,10.78,1078.14,4646.47,4646.64,4646.56,17.0,CONTROL,CONTROL,NO_RETENTION,NO,,,,0,0,0.242639,13.48,4659.95,4659.95,-1.000000,TIME_EXIT,2026.04.02 19:30:00,1775158200022,4650.90,600.004,-0.328713,-9.5341,5218,2026.04.02 19:30:00,1775158200022,4,4650.90
P2F4_CANDIDATE_S1,1775157600018_SELL,XAUUSD,PERIOD_M5,2026.04.02 19:20:00,1775157600018,2026.04.02 19:20:00,SELL,10,OK,1.250000,10.78,1078.14,4646.47,4646.64,4646.56,17.0,LEGACY_BE_050,BREAK_EVEN,0.50:0.00,NO,,,,0,0,0.242639,13.48,4659.95,4659.95,-1.000000,TIME_EXIT,2026.04.02 19:30:00,1775158200022,4650.90,600.004,-0.328713,-9.5341,5218,2026.04.02 19:30:00,1775158200022,4,4650.90
P2F4_CANDIDATE_S1,1775157600018_SELL,XAUUSD,PERIOD_M5,2026.04.02 19:20:00,1775157600018,2026.04.02 19:20:00,SELL,10,OK,1.250000,10.78,1078.14,4646.47,4646.64,4646.56,17.0,STEPLOCK_V1,STEP_LOCK,0.50:-0.25|1.00:0.25|2.00:1.00,NO,,,,0,0,0.242639,13.48,4659.95,4659.95,-1.000000,TIME_EXIT,2026.04.02 19:30:00,1775158200022,4650.90,600.004,-0.328713,-9.5341,5218,2026.04.02 19:30:00,1775158200022,4,4650.90
P2F4_CANDIDATE_S1,1775157600018_SELL,XAUUSD,PERIOD_M5,2026.04.02 19:20:00,1775157600018,2026.04.02 19:20:00,SELL,10,OK,1.250000,10.78,1078.14,4646.47,4646.64,4646.56,17.0,GIVEBACK_100_075,MFE_GIVEBACK,TRIGGER=1.00|GAP=0.75|FLOOR=0.00,NO,,,,0,0,0.242639,13.48,4659.95,4659.95,-1.000000,TIME_EXIT,2026.04.02 19:30:00,1775158200022,4650.90,600.004,-0.328713,-9.5341,5218,2026.04.02 19:30:00,1775158200022,4,4650.90
P2F4_CANDIDATE_S1,1775161800026_SELL,XAUUSD,PERIOD_M5,2026.04.02 20:30:00,1775161800026,2026.04.02 20:30:00,SELL,10,OK,1.250000,8.84,884.00,4651.91,4652.08,4651.99,17.0,CONTROL,CONTROL,NO_RETENTION,NO,,,,0,0,0.502262,11.05,4662.96,4662.96,-1.000000,TIME_EXIT,2026.04.02 20:40:00,1775162400133,4653.65,600.107,-0.157466,-3.7404,4595,2026.04.02 20:40:00,1775162400133,107,4653.65
P2F4_CANDIDATE_S1,1775161800026_SELL,XAUUSD,PERIOD_M5,2026.04.02 20:30:00,1775161800026,2026.04.02 20:30:00,SELL,10,OK,1.250000,8.84,884.00,4651.91,4652.08,4651.99,17.0,LEGACY_BE_050,BREAK_EVEN,0.50:0.00,YES,2026.04.02 20:31:04,1775161864024,63.998,1,1,0.502262,11.05,4662.96,4651.91,0.000000,RETENTION_STOP,2026.04.02 20:31:47,1775161907350,4652.04,107.324,0.000000,0.0000,4595,2026.04.02 20:40:00,1775162400133,107,4653.65
P2F4_CANDIDATE_S1,1775161800026_SELL,XAUUSD,PERIOD_M5,2026.04.02 20:30:00,1775161800026,2026.04.02 20:30:00,SELL,10,OK,1.250000,8.84,884.00,4651.91,4652.08,4651.99,17.0,STEPLOCK_V1,STEP_LOCK,0.50:-0.25|1.00:0.25|2.00:1.00,YES,2026.04.02 20:31:04,1775161864024,63.998,1,1,0.502262,11.05,4662.96,4654.67,-0.250000,TIME_EXIT,2026.04.02 20:40:00,1775162400133,4653.65,600.107,-0.157466,-3.7404,4595,2026.04.02 20:40:00,1775162400133,107,4653.65
P2F4_CANDIDATE_S1,1775161800026_SELL,XAUUSD,PERIOD_M5,2026.04.02 20:30:00,1775161800026,2026.04.02 20:30:00,SELL,10,OK,1.250000,8.84,884.00,4651.91,4652.08,4651.99,17.0,GIVEBACK_100_075,MFE_GIVEBACK,TRIGGER=1.00|GAP=0.75|FLOOR=0.00,NO,,,,0,0,0.502262,11.05,4662.96,4662.96,-1.000000,TIME_EXIT,2026.04.02 20:40:00,1775162400133,4653.65,600.107,-0.157466,-3.7404,4595,2026.04.02 20:40:00,1775162400133,107,4653.65
P2F4_CANDIDATE_S1,1775456400003_SELL,XAUUSD,PERIOD_M5,2026.04.06 06:20:00,1775456400003,2026.04.06 06:20:00,SELL,10,OK,1.250000,10.29,1029.07,4626.84,4627.05,4626.94,21.0,CONTROL,CONTROL,NO_RETENTION,NO,,,,0,0,0.096398,12.86,4639.70,4639.70,-1.000000,TIME_EXIT,2026.04.06 06:30:00,1775457000074,4630.55,600.071,-0.288415,-8.0184,2838,2026.04.06 06:30:00,1775457000074,71,4630.55
P2F4_CANDIDATE_S1,1775456400003_SELL,XAUUSD,PERIOD_M5,2026.04.06 06:20:00,1775456400003,2026.04.06 06:20:00,SELL,10,OK,1.250000,10.29,1029.07,4626.84,4627.05,4626.94,21.0,LEGACY_BE_050,BREAK_EVEN,0.50:0.00,NO,,,,0,0,0.096398,12.86,4639.70,4639.70,-1.000000,TIME_EXIT,2026.04.06 06:30:00,1775457000074,4630.55,600.071,-0.288415,-8.0184,2838,2026.04.06 06:30:00,1775457000074,71,4630.55
P2F4_CANDIDATE_S1,1775456400003_SELL,XAUUSD,PERIOD_M5,2026.04.06 06:20:00,1775456400003,2026.04.06 06:20:00,SELL,10,OK,1.250000,10.29,1029.07,4626.84,4627.05,4626.94,21.0,STEPLOCK_V1,STEP_LOCK,0.50:-0.25|1.00:0.25|2.00:1.00,NO,,,,0,0,0.096398,12.86,4639.70,4639.70,-1.000000,TIME_EXIT,2026.04.06 06:30:00,1775457000074,4630.55,600.071,-0.288415,-8.0184,2838,2026.04.06 06:30:00,1775457000074,71,4630.55
P2F4_CANDIDATE_S1,1775456400003_SELL,XAUUSD,PERIOD_M5,2026.04.06 06:20:00,1775456400003,2026.04.06 06:20:00,SELL,10,OK,1.250000,10.29,1029.07,4626.84,4627.05,4626.94,21.0,GIVEBACK_100_075,MFE_GIVEBACK,TRIGGER=1.00|GAP=0.75|FLOOR=0.00,NO,,,,0,0,0.096398,12.86,4639.70,4639.70,-1.000000,TIME_EXIT,2026.04.06 06:30:00,1775457000074,4630.55,600.071,-0.288415,-8.0184,2838,2026.04.06 06:30:00,1775457000074,71,4630.55
P2F4_CANDIDATE_S1,1775528700018_SELL,XAUUSD,PERIOD_M5,2026.04.07 02:25:00,1775528700018,2026.04.07 02:25:00,SELL,10,OK,1.250000,3.36,335.86,4653.70,4653.95,4653.82,25.0,CONTROL,CONTROL,NO_RETENTION,NO,,,,0,0,0.035729,4.20,4657.90,4657.90,-1.000000,TIME_EXIT,2026.04.07 02:35:00,1775529300110,4653.96,600.092,-0.061931,-0.5587,1129,2026.04.07 02:35:00,1775529300110,92,4653.96
P2F4_CANDIDATE_S1,1775528700018_SELL,XAUUSD,PERIOD_M5,2026.04.07 02:25:00,1775528700018,2026.04.07 02:25:00,SELL,10,OK,1.250000,3.36,335.86,4653.70,4653.95,4653.82,25.0,LEGACY_BE_050,BREAK_EVEN,0.50:0.00,NO,,,,0,0,0.035729,4.20,4657.90,4657.90,-1.000000,TIME_EXIT,2026.04.07 02:35:00,1775529300110,4653.96,600.092,-0.061931,-0.5587,1129,2026.04.07 02:35:00,1775529300110,92,4653.96
P2F4_CANDIDATE_S1,1775528700018_SELL,XAUUSD,PERIOD_M5,2026.04.07 02:25:00,1775528700018,2026.04.07 02:25:00,SELL,10,OK,1.250000,3.36,335.86,4653.70,4653.95,4653.82,25.0,STEPLOCK_V1,STEP_LOCK,0.50:-0.25|1.00:0.25|2.00:1.00,NO,,,,0,0,0.035729,4.20,4657.90,4657.90,-1.000000,TIME_EXIT,2026.04.07 02:35:00,1775529300110,4653.96,600.092,-0.061931,-0.5587,1129,2026.04.07 02:35:00,1775529300110,92,4653.96
P2F4_CANDIDATE_S1,1775528700018_SELL,XAUUSD,PERIOD_M5,2026.04.07 02:25:00,1775528700018,2026.04.07 02:25:00,SELL,10,OK,1.250000,3.36,335.86,4653.70,4653.95,4653.82,25.0,GIVEBACK_100_075,MFE_GIVEBACK,TRIGGER=1.00|GAP=0.75|FLOOR=0.00,NO,,,,0,0,0.035729,4.20,4657.90,4657.90,-1.000000,TIME_EXIT,2026.04.07 02:35:00,1775529300110,4653.96,600.092,-0.061931,-0.5587,1129,2026.04.07 02:35:00,1775529300110,92,4653.96
P2F4_CANDIDATE_S1,1775534400022_SELL,XAUUSD,PERIOD_M5,2026.04.07 04:00:00,1775534400022,2026.04.07 04:00:00,SELL,10,OK,1.250000,4.14,413.57,4654.83,4655.04,4654.93,21.0,CONTROL,CONTROL,NO_RETENTION,NO,,,,0,0,5.046770,5.17,4660.00,4660.00,-1.000000,HARD_SL,2026.04.07 04:03:26,1775534606735,4660.23,206.713,-1.000000,-11.1060,7283,2026.04.07 04:10:00,1775535000068,46,4644.65
P2F4_CANDIDATE_S1,1775534400022_SELL,XAUUSD,PERIOD_M5,2026.04.07 04:00:00,1775534400022,2026.04.07 04:00:00,SELL,10,OK,1.250000,4.14,413.57,4654.83,4655.04,4654.93,21.0,LEGACY_BE_050,BREAK_EVEN,0.50:0.00,YES,2026.04.07 04:00:00,1775534400824,0.802,1,1,5.046770,5.17,4660.00,4654.83,0.000000,RETENTION_STOP,2026.04.07 04:02:14,1775534534088,4654.86,134.066,0.000000,0.0000,7283,2026.04.07 04:10:00,1775535000068,46,4644.65
P2F4_CANDIDATE_S1,1775534400022_SELL,XAUUSD,PERIOD_M5,2026.04.07 04:00:00,1775534400022,2026.04.07 04:00:00,SELL,10,OK,1.250000,4.14,413.57,4654.83,4655.04,4654.93,21.0,STEPLOCK_V1,STEP_LOCK,0.50:-0.25|1.00:0.25|2.00:1.00,YES,2026.04.07 04:00:00,1775534400824,0.802,3,3,5.046770,5.17,4660.00,4649.66,1.000000,RETENTION_STOP,2026.04.07 04:01:57,1775534517821,4650.00,117.799,1.000000,11.1060,7283,2026.04.07 04:10:00,1775535000068,46,4644.65
P2F4_CANDIDATE_S1,1775534400022_SELL,XAUUSD,PERIOD_M5,2026.04.07 04:00:00,1775534400022,2026.04.07 04:00:00,SELL,10,OK,1.250000,4.14,413.57,4654.83,4655.04,4654.93,21.0,GIVEBACK_100_075,MFE_GIVEBACK,TRIGGER=1.00|GAP=0.75|FLOOR=0.00,YES,2026.04.07 04:00:02,1775534402478,2.456,1,37,5.046770,5.17,4660.00,4632.62,4.296770,RETENTION_STOP,2026.04.07 04:00:07,1775534407175,4633.40,7.153,4.296770,47.7198,7283,2026.04.07 04:10:00,1775535000068,46,4644.65
P2F4_CANDIDATE_S1,1775535000013_SELL,XAUUSD,PERIOD_M5,2026.04.07 04:10:00,1775535000013,2026.04.07 04:10:00,SELL,10,OK,1.250000,7.88,788.00,4644.46,4644.67,4644.57,21.0,CONTROL,CONTROL,NO_RETENTION,NO,,,,0,0,1.507614,9.85,4654.31,4654.31,-1.000000,TIME_EXIT,2026.04.07 04:20:00,1775535600058,4651.30,600.045,-0.694416,-14.7272,5754,2026.04.07 04:20:00,1775535600058,45,4651.30
P2F4_CANDIDATE_S1,1775535000013_SELL,XAUUSD,PERIOD_M5,2026.04.07 04:10:00,1775535000013,2026.04.07 04:10:00,SELL,10,OK,1.250000,7.88,788.00,4644.46,4644.67,4644.57,21.0,LEGACY_BE_050,BREAK_EVEN,0.50:0.00,YES,2026.04.07 04:10:14,1775535014349,14.336,1,1,1.507614,9.85,4654.31,4644.46,0.000000,RETENTION_STOP,2026.04.07 04:12:22,1775535142860,4644.60,142.847,0.000000,0.0000,5754,2026.04.07 04:20:00,1775535600058,45,4651.30
P2F4_CANDIDATE_S1,1775535000013_SELL,XAUUSD,PERIOD_M5,2026.04.07 04:10:00,1775535000013,2026.04.07 04:10:00,SELL,10,OK,1.250000,7.88,788.00,4644.46,4644.67,4644.57,21.0,STEPLOCK_V1,STEP_LOCK,0.50:-0.25|1.00:0.25|2.00:1.00,YES,2026.04.07 04:10:14,1775535014349,14.336,2,2,1.507614,9.85,4654.31,4642.00,0.250000,RETENTION_STOP,2026.04.07 04:12:09,1775535129679,4642.14,129.666,0.250000,5.3020,5754,2026.04.07 04:20:00,1775535600058,45,4651.30
P2F4_CANDIDATE_S1,1775535000013_SELL,XAUUSD,PERIOD_M5,2026.04.07 04:10:00,1775535000013,2026.04.07 04:10:00,SELL,10,OK,1.250000,7.88,788.00,4644.46,4644.67,4644.57,21.0,GIVEBACK_100_075,MFE_GIVEBACK,TRIGGER=1.00|GAP=0.75|FLOOR=0.00,YES,2026.04.07 04:10:40,1775535040100,40.087,1,27,1.507614,9.85,4654.31,4637.00,0.757614,RETENTION_STOP,2026.04.07 04:11:00,1775535060330,4637.33,60.317,0.757614,16.0675,5754,2026.04.07 04:20:00,1775535600058,45,4651.30
P2F4_CANDIDATE_S1,1775550600040_SELL,XAUUSD,PERIOD_M5,2026.04.07 08:30:00,1775550600040,2026.04.07 08:30:00,SELL,10,OK,1.250000,5.24,524.07,4632.62,4632.79,4632.70,17.0,CONTROL,CONTROL,NO_RETENTION,NO,,,,0,0,1.419654,6.55,4639.17,4639.17,-1.000000,HARD_SL,2026.04.07 08:32:32,1775550752137,4639.21,152.097,-1.000000,-14.1408,4828,2026.04.07 08:40:00,1775551200094,54,4639.57
P2F4_CANDIDATE_S1,1775550600040_SELL,XAUUSD,PERIOD_M5,2026.04.07 08:30:00,1775550600040,2026.04.07 08:30:00,SELL,10,OK,1.250000,5.24,524.07,4632.62,4632.79,4632.70,17.0,LEGACY_BE_050,BREAK_EVEN,0.50:0.00,YES,2026.04.07 08:30:23,1775550623365,23.325,1,1,1.419654,6.55,4639.17,4632.62,0.000000,RETENTION_STOP,2026.04.07 08:31:31,1775550691998,4632.93,91.958,0.000000,0.0000,4828,2026.04.07 08:40:00,1775551200094,54,4639.57
P2F4_CANDIDATE_S1,1775550600040_SELL,XAUUSD,PERIOD_M5,2026.04.07 08:30:00,1775550600040,2026.04.07 08:30:00,SELL,10,OK,1.250000,5.24,524.07,4632.62,4632.79,4632.70,17.0,STEPLOCK_V1,STEP_LOCK,0.50:-0.25|1.00:0.25|2.00:1.00,YES,2026.04.07 08:30:23,1775550623365,23.325,2,2,1.419654,6.55,4639.17,4630.98,0.250000,RETENTION_STOP,2026.04.07 08:31:28,1775550688682,4631.72,88.642,0.250000,3.5352,4828,2026.04.07 08:40:00,1775551200094,54,4639.57
P2F4_CANDIDATE_S1,1775550600040_SELL,XAUUSD,PERIOD_M5,2026.04.07 08:30:00,1775550600040,2026.04.07 08:30:00,SELL,10,OK,1.250000,5.24,524.07,4632.62,4632.79,4632.70,17.0,GIVEBACK_100_075,MFE_GIVEBACK,TRIGGER=1.00|GAP=0.75|FLOOR=0.00,YES,2026.04.07 08:30:25,1775550625985,25.945,1,12,1.337222,6.55,4639.17,4628.77,0.587222,RETENTION_STOP,2026.04.07 08:30:37,1775550637143,4629.07,37.103,0.587222,8.3038,4828,2026.04.07 08:40:00,1775551200094,54,4639.57
P2F4_CANDIDATE_S1,1775558100018_SELL,XAUUSD,PERIOD_M5,2026.04.07 10:35:00,1775558100018,2026.04.07 10:35:00,SELL,10,OK,1.250000,6.43,643.00,4642.79,4642.96,4642.88,17.0,CONTROL,CONTROL,NO_RETENTION,NO,,,,0,0,0.278694,8.04,4650.83,4650.83,-1.000000,TIME_EXIT,2026.04.07 10:45:00,1775558700084,4643.93,600.066,-0.141835,-2.4554,2706,2026.04.07 10:45:00,1775558700084,66,4643.93
P2F4_CANDIDATE_S1,1775558100018_SELL,XAUUSD,PERIOD_M5,2026.04.07 10:35:00,1775558100018,2026.04.07 10:35:00,SELL,10,OK,1.250000,6.43,643.00,4642.79,4642.96,4642.88,17.0,LEGACY_BE_050,BREAK_EVEN,0.50:0.00,NO,,,,0,0,0.278694,8.04,4650.83,4650.83,-1.000000,TIME_EXIT,2026.04.07 10:45:00,1775558700084,4643.93,600.066,-0.141835,-2.4554,2706,2026.04.07 10:45:00,1775558700084,66,4643.93
P2F4_CANDIDATE_S1,1775558100018_SELL,XAUUSD,PERIOD_M5,2026.04.07 10:35:00,1775558100018,2026.04.07 10:35:00,SELL,10,OK,1.250000,6.43,643.00,4642.79,4642.96,4642.88,17.0,STEPLOCK_V1,STEP_LOCK,0.50:-0.25|1.00:0.25|2.00:1.00,NO,,,,0,0,0.278694,8.04,4650.83,4650.83,-1.000000,TIME_EXIT,2026.04.07 10:45:00,1775558700084,4643.93,600.066,-0.141835,-2.4554,2706,2026.04.07 10:45:00,1775558700084,66,4643.93
P2F4_CANDIDATE_S1,1775558100018_SELL,XAUUSD,PERIOD_M5,2026.04.07 10:35:00,1775558100018,2026.04.07 10:35:00,SELL,10,OK,1.250000,6.43,643.00,4642.79,4642.96,4642.88,17.0,GIVEBACK_100_075,MFE_GIVEBACK,TRIGGER=1.00|GAP=0.75|FLOOR=0.00,NO,,,,0,0,0.278694,8.04,4650.83,4650.83,-1.000000,TIME_EXIT,2026.04.07 10:45:00,1775558700084,4643.93,600.066,-0.141835,-2.4554,2706,2026.04.07 10:45:00,1775558700084,66,4643.93
P2F4_CANDIDATE_S1,1775679900028_SELL,XAUUSD,PERIOD_M5,2026.04.08 20:25:00,1775679900028,2026.04.08 20:25:00,SELL,10,OK,1.250000,6.08,608.14,4748.77,4748.94,4748.85,17.0,CONTROL,CONTROL,NO_RETENTION,NO,,,,0,0,0.745877,7.60,4756.37,4756.37,-1.000000,TIME_EXIT,2026.04.08 20:35:00,1775680500111,4745.14,600.083,0.477519,7.6441,5851,2026.04.08 20:35:00,1775680500111,83,4745.14
P2F4_CANDIDATE_S1,1775679900028_SELL,XAUUSD,PERIOD_M5,2026.04.08 20:25:00,1775679900028,2026.04.08 20:25:00,SELL,10,OK,1.250000,6.08,608.14,4748.77,4748.94,4748.85,17.0,LEGACY_BE_050,BREAK_EVEN,0.50:0.00,YES,2026.04.08 20:34:31,1775680471888,571.860,1,1,0.745877,7.60,4756.37,4748.77,0.000000,TIME_EXIT,2026.04.08 20:35:00,1775680500111,4745.14,600.083,0.477519,7.6441,5851,2026.04.08 20:35:00,1775680500111,83,4745.14
P2F4_CANDIDATE_S1,1775679900028_SELL,XAUUSD,PERIOD_M5,2026.04.08 20:25:00,1775679900028,2026.04.08 20:25:00,SELL,10,OK,1.250000,6.08,608.14,4748.77,4748.94,4748.85,17.0,STEPLOCK_V1,STEP_LOCK,0.50:-0.25|1.00:0.25|2.00:1.00,YES,2026.04.08 20:34:31,1775680471888,571.860,1,1,0.745877,7.60,4756.37,4750.67,-0.250000,TIME_EXIT,2026.04.08 20:35:00,1775680500111,4745.14,600.083,0.477519,7.6441,5851,2026.04.08 20:35:00,1775680500111,83,4745.14
P2F4_CANDIDATE_S1,1775679900028_SELL,XAUUSD,PERIOD_M5,2026.04.08 20:25:00,1775679900028,2026.04.08 20:25:00,SELL,10,OK,1.250000,6.08,608.14,4748.77,4748.94,4748.85,17.0,GIVEBACK_100_075,MFE_GIVEBACK,TRIGGER=1.00|GAP=0.75|FLOOR=0.00,NO,,,,0,0,0.745877,7.60,4756.37,4756.37,-1.000000,TIME_EXIT,2026.04.08 20:35:00,1775680500111,4745.14,600.083,0.477519,7.6441,5851,2026.04.08 20:35:00,1775680500111,83,4745.14
P2F4_CANDIDATE_S1,1775697300009_SELL,XAUUSD,PERIOD_M5,2026.04.09 01:15:00,1775697300009,2026.04.09 01:15:00,SELL,10,OK,1.250000,8.03,803.29,4712.32,4712.57,4712.44,25.0,CONTROL,CONTROL,NO_RETENTION,NO,,,,0,0,0.740957,10.04,4722.36,4722.36,-1.000000,TIME_EXIT,2026.04.09 01:25:00,1775697900048,4712.89,600.039,-0.056767,-1.2096,2632,2026.04.09 01:25:00,1775697900048,39,4712.89
P2F4_CANDIDATE_S1,1775697300009_SELL,XAUUSD,PERIOD_M5,2026.04.09 01:15:00,1775697300009,2026.04.09 01:15:00,SELL,10,OK,1.250000,8.03,803.29,4712.32,4712.57,4712.44,25.0,LEGACY_BE_050,BREAK_EVEN,0.50:0.00,YES,2026.04.09 01:21:34,1775697694958,394.949,1,1,0.740957,10.04,4722.36,4712.32,0.000000,RETENTION_STOP,2026.04.09 01:24:50,1775697890716,4712.47,590.707,0.000000,0.0000,2632,2026.04.09 01:25:00,1775697900048,39,4712.89
P2F4_CANDIDATE_S1,1775697300009_SELL,XAUUSD,PERIOD_M5,2026.04.09 01:15:00,1775697300009,2026.04.09 01:15:00,SELL,10,OK,1.250000,8.03,803.29,4712.32,4712.57,4712.44,25.0,STEPLOCK_V1,STEP_LOCK,0.50:-0.25|1.00:0.25|2.00:1.00,YES,2026.04.09 01:21:34,1775697694958,394.949,1,1,0.740957,10.04,4722.36,4714.83,-0.250000,TIME_EXIT,2026.04.09 01:25:00,1775697900048,4712.89,600.039,-0.056767,-1.2096,2632,2026.04.09 01:25:00,1775697900048,39,4712.89
P2F4_CANDIDATE_S1,1775697300009_SELL,XAUUSD,PERIOD_M5,2026.04.09 01:15:00,1775697300009,2026.04.09 01:15:00,SELL,10,OK,1.250000,8.03,803.29,4712.32,4712.57,4712.44,25.0,GIVEBACK_100_075,MFE_GIVEBACK,TRIGGER=1.00|GAP=0.75|FLOOR=0.00,NO,,,,0,0,0.740957,10.04,4722.36,4722.36,-1.000000,TIME_EXIT,2026.04.09 01:25:00,1775697900048,4712.89,600.039,-0.056767,-1.2096,2632,2026.04.09 01:25:00,1775697900048,39,4712.89
P2F4_CANDIDATE_S1,1775706900022_SELL,XAUUSD,PERIOD_M5,2026.04.09 03:55:00,1775706900022,2026.04.09 03:55:00,SELL,10,OK,1.250000,6.50,649.93,4709.61,4709.82,4709.72,21.0,CONTROL,CONTROL,NO_RETENTION,NO,,,,0,0,1.181668,8.12,4717.73,4717.73,-1.000000,TIME_EXIT,2026.04.09 04:05:00,1775707500064,4712.98,600.042,-0.414815,-7.1556,4270,2026.04.09 04:05:00,1775707500064,42,4712.98
P2F4_CANDIDATE_S1,1775706900022_SELL,XAUUSD,PERIOD_M5,2026.04.09 03:55:00,1775706900022,2026.04.09 03:55:00,SELL,10,OK,1.250000,6.50,649.93,4709.61,4709.82,4709.72,21.0,LEGACY_BE_050,BREAK_EVEN,0.50:0.00,YES,2026.04.09 04:03:01,1775707381051,481.029,1,1,1.181668,8.12,4717.73,4709.61,0.000000,RETENTION_STOP,2026.04.09 04:03:57,1775707437679,4709.63,537.657,0.000000,0.0000,4270,2026.04.09 04:05:00,1775707500064,42,4712.98
P2F4_CANDIDATE_S1,1775706900022_SELL,XAUUSD,PERIOD_M5,2026.04.09 03:55:00,1775706900022,2026.04.09 03:55:00,SELL,10,OK,1.250000,6.50,649.93,4709.61,4709.82,4709.72,21.0,STEPLOCK_V1,STEP_LOCK,0.50:-0.25|1.00:0.25|2.00:1.00,YES,2026.04.09 04:03:01,1775707381051,481.029,2,2,1.181668,8.12,4717.73,4707.58,0.250000,RETENTION_STOP,2026.04.09 04:03:54,1775707434013,4707.63,533.991,0.250000,4.3125,4270,2026.04.09 04:05:00,1775707500064,42,4712.98
P2F4_CANDIDATE_S1,1775706900022_SELL,XAUUSD,PERIOD_M5,2026.04.09 03:55:00,1775706900022,2026.04.09 03:55:00,SELL,10,OK,1.250000,6.50,649.93,4709.61,4709.82,4709.72,21.0,GIVEBACK_100_075,MFE_GIVEBACK,TRIGGER=1.00|GAP=0.75|FLOOR=0.00,YES,2026.04.09 04:03:03,1775707383166,483.144,1,11,1.181668,8.12,4717.73,4706.10,0.431668,RETENTION_STOP,2026.04.09 04:03:46,1775707426476,4706.21,526.454,0.431668,7.4463,4270,2026.04.09 04:05:00,1775707500064,42,4712.98
P2F4_CANDIDATE_S1,1775715300152_SELL,XAUUSD,PERIOD_M5,2026.04.09 06:15:00,1775715300152,2026.04.09 06:15:00,SELL,10,OK,1.250000,4.84,483.50,4712.56,4712.79,4712.68,23.0,CONTROL,CONTROL,NO_RETENTION,NO,,,,0,0,1.173113,6.04,4718.60,4718.60,-1.000000,TIME_EXIT,2026.04.09 06:25:00,1775715900216,4708.83,600.064,0.617166,7.9150,3242,2026.04.09 06:25:00,1775715900216,64,4708.83
P2F4_CANDIDATE_S1,1775715300152_SELL,XAUUSD,PERIOD_M5,2026.04.09 06:15:00,1775715300152,2026.04.09 06:15:00,SELL,10,OK,1.250000,4.84,483.50,4712.56,4712.79,4712.68,23.0,LEGACY_BE_050,BREAK_EVEN,0.50:0.00,YES,2026.04.09 06:16:41,1775715401471,101.319,1,1,1.173113,6.04,4718.60,4712.56,0.000000,TIME_EXIT,2026.04.09 06:25:00,1775715900216,4708.83,600.064,0.617166,7.9150,3242,2026.04.09 06:25:00,1775715900216,64,4708.83
P2F4_CANDIDATE_S1,1775715300152_SELL,XAUUSD,PERIOD_M5,2026.04.09 06:15:00,1775715300152,2026.04.09 06:15:00,SELL,10,OK,1.250000,4.84,483.50,4712.56,4712.79,4712.68,23.0,STEPLOCK_V1,STEP_LOCK,0.50:-0.25|1.00:0.25|2.00:1.00,YES,2026.04.09 06:16:41,1775715401471,101.319,2,2,1.173113,6.04,4718.60,4711.05,0.250000,TIME_EXIT,2026.04.09 06:25:00,1775715900216,4708.83,600.064,0.617166,7.9150,3242,2026.04.09 06:25:00,1775715900216,64,4708.83
P2F4_CANDIDATE_S1,1775715300152_SELL,XAUUSD,PERIOD_M5,2026.04.09 06:15:00,1775715300152,2026.04.09 06:15:00,SELL,10,OK,1.250000,4.84,483.50,4712.56,4712.79,4712.68,23.0,GIVEBACK_100_075,MFE_GIVEBACK,TRIGGER=1.00|GAP=0.75|FLOOR=0.00,YES,2026.04.09 06:19:27,1775715567336,267.184,1,13,1.173113,6.04,4718.60,4710.00,0.423113,TIME_EXIT,2026.04.09 06:25:00,1775715900216,4708.83,600.064,0.617166,7.9150,3242,2026.04.09 06:25:00,1775715900216,64,4708.83
P2F4_CANDIDATE_S1,1775724900020_SELL,XAUUSD,PERIOD_M5,2026.04.09 08:55:00,1775724900020,2026.04.09 08:55:00,SELL,10,OK,1.250000,5.85,584.50,4708.64,4708.81,4708.73,17.0,CONTROL,CONTROL,NO_RETENTION,NO,,,,0,0,0.157399,7.31,4715.95,4715.95,-1.000000,HARD_SL,2026.04.09 09:00:15,1775725215548,4715.97,315.528,-1.000000,-15.5167,3264,2026.04.09 09:05:00,1775725500028,8,4722.19
P2F4_CANDIDATE_S1,1775724900020_SELL,XAUUSD,PERIOD_M5,2026.04.09 08:55:00,1775724900020,2026.04.09 08:55:00,SELL,10,OK,1.250000,5.85,584.50,4708.64,4708.81,4708.73,17.0,LEGACY_BE_050,BREAK_EVEN,0.50:0.00,NO,,,,0,0,0.157399,7.31,4715.95,4715.95,-1.000000,HARD_SL,2026.04.09 09:00:15,1775725215548,4715.97,315.528,-1.000000,-15.5167,3264,2026.04.09 09:05:00,1775725500028,8,4722.19
P2F4_CANDIDATE_S1,1775724900020_SELL,XAUUSD,PERIOD_M5,2026.04.09 08:55:00,1775724900020,2026.04.09 08:55:00,SELL,10,OK,1.250000,5.85,584.50,4708.64,4708.81,4708.73,17.0,STEPLOCK_V1,STEP_LOCK,0.50:-0.25|1.00:0.25|2.00:1.00,NO,,,,0,0,0.157399,7.31,4715.95,4715.95,-1.000000,HARD_SL,2026.04.09 09:00:15,1775725215548,4715.97,315.528,-1.000000,-15.5167,3264,2026.04.09 09:05:00,1775725500028,8,4722.19
P2F4_CANDIDATE_S1,1775724900020_SELL,XAUUSD,PERIOD_M5,2026.04.09 08:55:00,1775724900020,2026.04.09 08:55:00,SELL,10,OK,1.250000,5.85,584.50,4708.64,4708.81,4708.73,17.0,GIVEBACK_100_075,MFE_GIVEBACK,TRIGGER=1.00|GAP=0.75|FLOOR=0.00,NO,,,,0,0,0.157399,7.31,4715.95,4715.95,-1.000000,HARD_SL,2026.04.09 09:00:15,1775725215548,4715.97,315.528,-1.000000,-15.5167,3264,2026.04.09 09:05:00,1775725500028,8,4722.19
P2F4_CANDIDATE_S1,1775730300004_SELL,XAUUSD,PERIOD_M5,2026.04.09 10:25:00,1775730300004,2026.04.09 10:25:00,SELL,10,OK,1.250000,7.46,745.86,4713.60,4713.77,4713.69,17.0,CONTROL,CONTROL,NO_RETENTION,NO,,,,0,0,0.815170,9.32,4722.92,4722.92,-1.000000,TIME_EXIT,2026.04.09 10:35:00,1775730900018,4719.21,600.014,-0.601724,-11.9017,4431,2026.04.09 10:35:00,1775730900018,14,4719.21
P2F4_CANDIDATE_S1,1775730300004_SELL,XAUUSD,PERIOD_M5,2026.04.09 10:25:00,1775730300004,2026.04.09 10:25:00,SELL,10,OK,1.250000,7.46,745.86,4713.60,4713.77,4713.69,17.0,LEGACY_BE_050,BREAK_EVEN,0.50:0.00,YES,2026.04.09 10:27:53,1775730473725,173.721,1,1,0.815170,9.32,4722.92,4713.60,0.000000,RETENTION_STOP,2026.04.09 10:30:35,1775730635679,4713.73,335.675,0.000000,0.0000,4431,2026.04.09 10:35:00,1775730900018,14,4719.21
P2F4_CANDIDATE_S1,1775730300004_SELL,XAUUSD,PERIOD_M5,2026.04.09 10:25:00,1775730300004,2026.04.09 10:25:00,SELL,10,OK,1.250000,7.46,745.86,4713.60,4713.77,4713.69,17.0,STEPLOCK_V1,STEP_LOCK,0.50:-0.25|1.00:0.25|2.00:1.00,YES,2026.04.09 10:27:53,1775730473725,173.721,1,1,0.815170,9.32,4722.92,4715.93,-0.250000,RETENTION_STOP,2026.04.09 10:33:32,1775730812132,4715.94,512.128,-0.250000,-4.9448,4431,2026.04.09 10:35:00,1775730900018,14,4719.21
P2F4_CANDIDATE_S1,1775730300004_SELL,XAUUSD,PERIOD_M5,2026.04.09 10:25:00,1775730300004,2026.04.09 10:25:00,SELL,10,OK,1.250000,7.46,745.86,4713.60,4713.77,4713.69,17.0,GIVEBACK_100_075,MFE_GIVEBACK,TRIGGER=1.00|GAP=0.75|FLOOR=0.00,NO,,,,0,0,0.815170,9.32,4722.92,4722.92,-1.000000,TIME_EXIT,2026.04.09 10:35:00,1775730900018,4719.21,600.014,-0.601724,-11.9017,4431,2026.04.09 10:35:00,1775730900018,14,4719.21
P2F4_CANDIDATE_S1,1775808900155_SELL,XAUUSD,PERIOD_M5,2026.04.10 08:15:00,1775808900155,2026.04.10 08:15:00,SELL,10,OK,1.250000,3.20,320.29,4759.89,4760.06,4759.98,17.0,CONTROL,CONTROL,NO_RETENTION,NO,,,,0,0,0.309723,4.00,4763.89,4763.89,-1.000000,HARD_SL,2026.04.10 08:20:50,1775809250047,4763.90,349.892,-1.000000,-8.4111,1445,2026.04.10 08:25:00,1775809500307,152,4761.11
P2F4_CANDIDATE_S1,1775808900155_SELL,XAUUSD,PERIOD_M5,2026.04.10 08:15:00,1775808900155,2026.04.10 08:15:00,SELL,10,OK,1.250000,3.20,320.29,4759.89,4760.06,4759.98,17.0,LEGACY_BE_050,BREAK_EVEN,0.50:0.00,NO,,,,0,0,0.309723,4.00,4763.89,4763.89,-1.000000,HARD_SL,2026.04.10 08:20:50,1775809250047,4763.90,349.892,-1.000000,-8.4111,1445,2026.04.10 08:25:00,1775809500307,152,4761.11
P2F4_CANDIDATE_S1,1775808900155_SELL,XAUUSD,PERIOD_M5,2026.04.10 08:15:00,1775808900155,2026.04.10 08:15:00,SELL,10,OK,1.250000,3.20,320.29,4759.89,4760.06,4759.98,17.0,STEPLOCK_V1,STEP_LOCK,0.50:-0.25|1.00:0.25|2.00:1.00,NO,,,,0,0,0.309723,4.00,4763.89,4763.89,-1.000000,HARD_SL,2026.04.10 08:20:50,1775809250047,4763.90,349.892,-1.000000,-8.4111,1445,2026.04.10 08:25:00,1775809500307,152,4761.11
P2F4_CANDIDATE_S1,1775808900155_SELL,XAUUSD,PERIOD_M5,2026.04.10 08:15:00,1775808900155,2026.04.10 08:15:00,SELL,10,OK,1.250000,3.20,320.29,4759.89,4760.06,4759.98,17.0,GIVEBACK_100_075,MFE_GIVEBACK,TRIGGER=1.00|GAP=0.75|FLOOR=0.00,NO,,,,0,0,0.309723,4.00,4763.89,4763.89,-1.000000,HARD_SL,2026.04.10 08:20:50,1775809250047,4763.90,349.892,-1.000000,-8.4111,1445,2026.04.10 08:25:00,1775809500307,152,4761.11
P2F4_CANDIDATE_S1,1775826900166_SELL,XAUUSD,PERIOD_M5,2026.04.10 13:15:00,1775826900166,2026.04.10 13:15:00,SELL,10,OK,1.250000,5.20,519.86,4747.14,4747.31,4747.23,17.0,CONTROL,CONTROL,NO_RETENTION,NO,,,,0,0,0.078483,6.50,4753.64,4753.64,-1.000000,HARD_SL,2026.04.10 13:22:05,1775827325225,4753.64,425.059,-1.000000,-13.6887,3058,2026.04.10 13:25:00,1775827500173,7,4758.77
P2F4_CANDIDATE_S1,1775826900166_SELL,XAUUSD,PERIOD_M5,2026.04.10 13:15:00,1775826900166,2026.04.10 13:15:00,SELL,10,OK,1.250000,5.20,519.86,4747.14,4747.31,4747.23,17.0,LEGACY_BE_050,BREAK_EVEN,0.50:0.00,NO,,,,0,0,0.078483,6.50,4753.64,4753.64,-1.000000,HARD_SL,2026.04.10 13:22:05,1775827325225,4753.64,425.059,-1.000000,-13.6887,3058,2026.04.10 13:25:00,1775827500173,7,4758.77
P2F4_CANDIDATE_S1,1775826900166_SELL,XAUUSD,PERIOD_M5,2026.04.10 13:15:00,1775826900166,2026.04.10 13:15:00,SELL,10,OK,1.250000,5.20,519.86,4747.14,4747.31,4747.23,17.0,STEPLOCK_V1,STEP_LOCK,0.50:-0.25|1.00:0.25|2.00:1.00,NO,,,,0,0,0.078483,6.50,4753.64,4753.64,-1.000000,HARD_SL,2026.04.10 13:22:05,1775827325225,4753.64,425.059,-1.000000,-13.6887,3058,2026.04.10 13:25:00,1775827500173,7,4758.77
P2F4_CANDIDATE_S1,1775826900166_SELL,XAUUSD,PERIOD_M5,2026.04.10 13:15:00,1775826900166,2026.04.10 13:15:00,SELL,10,OK,1.250000,5.20,519.86,4747.14,4747.31,4747.23,17.0,GIVEBACK_100_075,MFE_GIVEBACK,TRIGGER=1.00|GAP=0.75|FLOOR=0.00,NO,,,,0,0,0.078483,6.50,4753.64,4753.64,-1.000000,HARD_SL,2026.04.10 13:22:05,1775827325225,4753.64,425.059,-1.000000,-13.6887,3058,2026.04.10 13:25:00,1775827500173,7,4758.77
P2F4_CANDIDATE_S1,1776064800072_SELL,XAUUSD,PERIOD_M5,2026.04.13 07:20:00,1776064800072,2026.04.13 07:20:00,SELL,10,OK,1.250000,4.38,438.29,4712.30,4712.51,4712.41,21.0,CONTROL,CONTROL,NO_RETENTION,NO,,,,0,0,0.430769,5.48,4717.78,4717.78,-1.000000,TIME_EXIT,2026.04.13 07:30:00,1776065400348,4712.99,600.276,-0.125945,-1.4643,1763,2026.04.13 07:30:00,1776065400348,276,4712.99
P2F4_CANDIDATE_S1,1776064800072_SELL,XAUUSD,PERIOD_M5,2026.04.13 07:20:00,1776064800072,2026.04.13 07:20:00,SELL,10,OK,1.250000,4.38,438.29,4712.30,4712.51,4712.41,21.0,LEGACY_BE_050,BREAK_EVEN,0.50:0.00,NO,,,,0,0,0.430769,5.48,4717.78,4717.78,-1.000000,TIME_EXIT,2026.04.13 07:30:00,1776065400348,4712.99,600.276,-0.125945,-1.4643,1763,2026.04.13 07:30:00,1776065400348,276,4712.99
P2F4_CANDIDATE_S1,1776064800072_SELL,XAUUSD,PERIOD_M5,2026.04.13 07:20:00,1776064800072,2026.04.13 07:20:00,SELL,10,OK,1.250000,4.38,438.29,4712.30,4712.51,4712.41,21.0,STEPLOCK_V1,STEP_LOCK,0.50:-0.25|1.00:0.25|2.00:1.00,NO,,,,0,0,0.430769,5.48,4717.78,4717.78,-1.000000,TIME_EXIT,2026.04.13 07:30:00,1776065400348,4712.99,600.276,-0.125945,-1.4643,1763,2026.04.13 07:30:00,1776065400348,276,4712.99
P2F4_CANDIDATE_S1,1776064800072_SELL,XAUUSD,PERIOD_M5,2026.04.13 07:20:00,1776064800072,2026.04.13 07:20:00,SELL,10,OK,1.250000,4.38,438.29,4712.30,4712.51,4712.41,21.0,GIVEBACK_100_075,MFE_GIVEBACK,TRIGGER=1.00|GAP=0.75|FLOOR=0.00,NO,,,,0,0,0.430769,5.48,4717.78,4717.78,-1.000000,TIME_EXIT,2026.04.13 07:30:00,1776065400348,4712.99,600.276,-0.125945,-1.4643,1763,2026.04.13 07:30:00,1776065400348,276,4712.99
P2F4_CANDIDATE_S1,1776091200016_SELL,XAUUSD,PERIOD_M5,2026.04.13 14:40:00,1776091200016,2026.04.13 14:40:00,SELL,10,OK,1.250000,4.32,432.21,4712.28,4712.45,4712.36,17.0,CONTROL,CONTROL,NO_RETENTION,NO,,,,0,0,1.565890,5.40,4717.68,4717.68,-1.000000,TIME_EXIT,2026.04.13 14:50:00,1776091800151,4708.88,600.135,0.629317,7.2152,4333,2026.04.13 14:50:00,1776091800151,135,4708.88
P2F4_CANDIDATE_S1,1776091200016_SELL,XAUUSD,PERIOD_M5,2026.04.13 14:40:00,1776091200016,2026.04.13 14:40:00,SELL,10,OK,1.250000,4.32,432.21,4712.28,4712.45,4712.36,17.0,LEGACY_BE_050,BREAK_EVEN,0.50:0.00,YES,2026.04.13 14:40:55,1776091255237,55.221,1,1,1.047628,5.40,4717.68,4712.28,0.000000,RETENTION_STOP,2026.04.13 14:43:32,1776091412704,4712.31,212.688,0.000000,0.0000,4333,2026.04.13 14:50:00,1776091800151,135,4708.88
P2F4_CANDIDATE_S1,1776091200016_SELL,XAUUSD,PERIOD_M5,2026.04.13 14:40:00,1776091200016,2026.04.13 14:40:00,SELL,10,OK,1.250000,4.32,432.21,4712.28,4712.45,4712.36,17.0,STEPLOCK_V1,STEP_LOCK,0.50:-0.25|1.00:0.25|2.00:1.00,YES,2026.04.13 14:40:55,1776091255237,55.221,2,2,1.047628,5.40,4717.68,4710.93,0.250000,RETENTION_STOP,2026.04.13 14:42:17,1776091337164,4711.02,137.148,0.250000,2.8663,4333,2026.04.13 14:50:00,1776091800151,135,4708.88
P2F4_CANDIDATE_S1,1776091200016_SELL,XAUUSD,PERIOD_M5,2026.04.13 14:40:00,1776091200016,2026.04.13 14:40:00,SELL,10,OK,1.250000,4.32,432.21,4712.28,4712.45,4712.36,17.0,GIVEBACK_100_075,MFE_GIVEBACK,TRIGGER=1.00|GAP=0.75|FLOOR=0.00,YES,2026.04.13 14:41:13,1776091273061,73.045,1,3,1.047628,5.40,4717.68,4710.67,0.297628,RETENTION_STOP,2026.04.13 14:42:15,1776091335151,4710.74,135.135,0.297628,3.4123,4333,2026.04.13 14:50:00,1776091800151,135,4708.88
P2F4_CANDIDATE_S1,1776255000026_SELL,XAUUSD,PERIOD_M5,2026.04.15 12:10:00,1776255000026,2026.04.15 12:10:00,SELL,10,OK,1.250000,5.50,550.43,4806.14,4806.31,4806.23,17.0,CONTROL,CONTROL,NO_RETENTION,NO,,,,0,0,1.927226,6.88,4813.02,4813.02,-1.000000,TIME_EXIT,2026.04.15 12:20:00,1776255600091,4806.45,600.065,-0.045056,-0.6450,6481,2026.04.15 12:20:00,1776255600091,65,4806.45
P2F4_CANDIDATE_S1,1776255000026_SELL,XAUUSD,PERIOD_M5,2026.04.15 12:10:00,1776255000026,2026.04.15 12:10:00,SELL,10,OK,1.250000,5.50,550.43,4806.14,4806.31,4806.23,17.0,LEGACY_BE_050,BREAK_EVEN,0.50:0.00,YES,2026.04.15 12:11:00,1776255060534,60.508,1,1,1.927226,6.88,4813.02,4806.14,0.000000,RETENTION_STOP,2026.04.15 12:13:39,1776255219133,4808.03,219.107,0.000000,0.0000,6481,2026.04.15 12:20:00,1776255600091,65,4806.45
P2F4_CANDIDATE_S1,1776255000026_SELL,XAUUSD,PERIOD_M5,2026.04.15 12:10:00,1776255000026,2026.04.15 12:10:00,SELL,10,OK,1.250000,5.50,550.43,4806.14,4806.31,4806.23,17.0,STEPLOCK_V1,STEP_LOCK,0.50:-0.25|1.00:0.25|2.00:1.00,YES,2026.04.15 12:11:00,1776255060534,60.508,2,2,1.927226,6.88,4813.02,4804.42,0.250000,RETENTION_STOP,2026.04.15 12:13:39,1776255219115,4805.55,219.089,0.250000,3.5789,6481,2026.04.15 12:20:00,1776255600091,65,4806.45
P2F4_CANDIDATE_S1,1776255000026_SELL,XAUUSD,PERIOD_M5,2026.04.15 12:10:00,1776255000026,2026.04.15 12:10:00,SELL,10,OK,1.250000,5.50,550.43,4806.14,4806.31,4806.23,17.0,GIVEBACK_100_075,MFE_GIVEBACK,TRIGGER=1.00|GAP=0.75|FLOOR=0.00,YES,2026.04.15 12:11:00,1776255060635,60.609,1,8,1.326966,6.88,4813.02,4802.17,0.576966,RETENTION_STOP,2026.04.15 12:11:18,1776255078465,4802.20,78.439,0.576966,8.2597,6481,2026.04.15 12:20:00,1776255600091,65,4806.45
P2F4_CANDIDATE_S1,1776301203684_SELL,XAUUSD,PERIOD_M5,2026.04.16 01:00:03,1776301203684,2026.04.16 01:00:00,SELL,10,OK,1.250000,3.65,364.50,4790.26,4791.34,4790.80,108.0,CONTROL,CONTROL,NO_RETENTION,NO,,,,0,0,0.000000,4.56,4794.82,4794.82,-1.000000,HARD_SL,2026.04.16 01:00:08,1776301208285,4796.45,4.601,-1.000000,-9.5115,1737,2026.04.16 01:10:03,1776301803739,55,4795.19
P2F4_CANDIDATE_S1,1776301203684_SELL,XAUUSD,PERIOD_M5,2026.04.16 01:00:03,1776301203684,2026.04.16 01:00:00,SELL,10,OK,1.250000,3.65,364.50,4790.26,4791.34,4790.80,108.0,LEGACY_BE_050,BREAK_EVEN,0.50:0.00,NO,,,,0,0,0.000000,4.56,4794.82,4794.82,-1.000000,HARD_SL,2026.04.16 01:00:08,1776301208285,4796.45,4.601,-1.000000,-9.5115,1737,2026.04.16 01:10:03,1776301803739,55,4795.19
P2F4_CANDIDATE_S1,1776301203684_SELL,XAUUSD,PERIOD_M5,2026.04.16 01:00:03,1776301203684,2026.04.16 01:00:00,SELL,10,OK,1.250000,3.65,364.50,4790.26,4791.34,4790.80,108.0,STEPLOCK_V1,STEP_LOCK,0.50:-0.25|1.00:0.25|2.00:1.00,NO,,,,0,0,0.000000,4.56,4794.82,4794.82,-1.000000,HARD_SL,2026.04.16 01:00:08,1776301208285,4796.45,4.601,-1.000000,-9.5115,1737,2026.04.16 01:10:03,1776301803739,55,4795.19
P2F4_CANDIDATE_S1,1776301203684_SELL,XAUUSD,PERIOD_M5,2026.04.16 01:00:03,1776301203684,2026.04.16 01:00:00,SELL,10,OK,1.250000,3.65,364.50,4790.26,4791.34,4790.80,108.0,GIVEBACK_100_075,MFE_GIVEBACK,TRIGGER=1.00|GAP=0.75|FLOOR=0.00,NO,,,,0,0,0.000000,4.56,4794.82,4794.82,-1.000000,HARD_SL,2026.04.16 01:00:08,1776301208285,4796.45,4.601,-1.000000,-9.5115,1737,2026.04.16 01:10:03,1776301803739,55,4795.19
P2F4_CANDIDATE_S1,1776358500013_SELL,XAUUSD,PERIOD_M5,2026.04.16 16:55:00,1776358500013,2026.04.16 16:55:00,SELL,10,OK,1.250000,7.36,736.14,4794.50,4794.67,4794.59,17.0,CONTROL,CONTROL,NO_RETENTION,NO,,,,0,0,1.001979,9.20,4803.70,4803.70,-1.000000,TIME_EXIT,2026.04.16 17:05:00,1776359100077,4792.37,600.064,0.231477,4.4426,9452,2026.04.16 17:05:00,1776359100077,64,4792.37
P2F4_CANDIDATE_S1,1776358500013_SELL,XAUUSD,PERIOD_M5,2026.04.16 16:55:00,1776358500013,2026.04.16 16:55:00,SELL,10,OK,1.250000,7.36,736.14,4794.50,4794.67,4794.59,17.0,LEGACY_BE_050,BREAK_EVEN,0.50:0.00,YES,2026.04.16 16:55:23,1776358523840,23.827,1,1,1.001979,9.20,4803.70,4794.50,0.000000,RETENTION_STOP,2026.04.16 16:56:02,1776358562645,4794.54,62.632,0.000000,0.0000,9452,2026.04.16 17:05:00,1776359100077,64,4792.37
P2F4_CANDIDATE_S1,1776358500013_SELL,XAUUSD,PERIOD_M5,2026.04.16 16:55:00,1776358500013,2026.04.16 16:55:00,SELL,10,OK,1.250000,7.36,736.14,4794.50,4794.67,4794.59,17.0,STEPLOCK_V1,STEP_LOCK,0.50:-0.25|1.00:0.25|2.00:1.00,YES,2026.04.16 16:55:23,1776358523840,23.827,2,2,1.001979,9.20,4803.70,4792.20,0.250000,RETENTION_STOP,2026.04.16 16:55:56,1776358556241,4792.20,56.228,0.250000,4.7981,9452,2026.04.16 17:05:00,1776359100077,64,4792.37
P2F4_CANDIDATE_S1,1776358500013_SELL,XAUUSD,PERIOD_M5,2026.04.16 16:55:00,1776358500013,2026.04.16 16:55:00,SELL,10,OK,1.250000,7.36,736.14,4794.50,4794.67,4794.59,17.0,GIVEBACK_100_075,MFE_GIVEBACK,TRIGGER=1.00|GAP=0.75|FLOOR=0.00,YES,2026.04.16 16:55:25,1776358525084,25.071,1,1,1.001979,9.20,4803.70,4792.18,0.251979,RETENTION_STOP,2026.04.16 16:55:56,1776358556241,4792.20,56.228,0.251979,4.8361,9452,2026.04.16 17:05:00,1776359100077,64,4792.37
P2F4_CANDIDATE_S1,1776367800031_SELL,XAUUSD,PERIOD_M5,2026.04.16 19:30:00,1776367800031,2026.04.16 19:30:00,SELL,10,OK,1.250000,5.36,535.71,4799.32,4799.49,4799.40,17.0,CONTROL,CONTROL,NO_RETENTION,NO,,,,0,0,1.904000,6.70,4806.02,4806.02,-1.000000,TIME_EXIT,2026.04.16 19:40:00,1776368400033,4796.36,600.002,0.442027,6.1675,5656,2026.04.16 19:40:00,1776368400033,2,4796.36
P2F4_CANDIDATE_S1,1776367800031_SELL,XAUUSD,PERIOD_M5,2026.04.16 19:30:00,1776367800031,2026.04.16 19:30:00,SELL,10,OK,1.250000,5.36,535.71,4799.32,4799.49,4799.40,17.0,LEGACY_BE_050,BREAK_EVEN,0.50:0.00,YES,2026.04.16 19:31:14,1776367874138,74.107,1,1,1.904000,6.70,4806.02,4799.32,0.000000,TIME_EXIT,2026.04.16 19:40:00,1776368400033,4796.36,600.002,0.442027,6.1675,5656,2026.04.16 19:40:00,1776368400033,2,4796.36
P2F4_CANDIDATE_S1,1776367800031_SELL,XAUUSD,PERIOD_M5,2026.04.16 19:30:00,1776367800031,2026.04.16 19:30:00,SELL,10,OK,1.250000,5.36,535.71,4799.32,4799.49,4799.40,17.0,STEPLOCK_V1,STEP_LOCK,0.50:-0.25|1.00:0.25|2.00:1.00,YES,2026.04.16 19:31:14,1776367874138,74.107,2,2,1.904000,6.70,4806.02,4797.65,0.250000,TIME_EXIT,2026.04.16 19:40:00,1776368400033,4796.36,600.002,0.442027,6.1675,5656,2026.04.16 19:40:00,1776368400033,2,4796.36
P2F4_CANDIDATE_S1,1776367800031_SELL,XAUUSD,PERIOD_M5,2026.04.16 19:30:00,1776367800031,2026.04.16 19:30:00,SELL,10,OK,1.250000,5.36,535.71,4799.32,4799.49,4799.40,17.0,GIVEBACK_100_075,MFE_GIVEBACK,TRIGGER=1.00|GAP=0.75|FLOOR=0.00,YES,2026.04.16 19:33:32,1776368012139,212.108,1,48,1.904000,6.70,4806.02,4791.59,1.154000,RETENTION_STOP,2026.04.16 19:34:05,1776368045686,4791.63,245.655,1.154000,16.1016,5656,2026.04.16 19:40:00,1776368400033,2,4796.36
P2F4_CANDIDATE_S1,1776394800031_SELL,XAUUSD,PERIOD_M5,2026.04.17 03:00:00,1776394800031,2026.04.17 03:00:00,SELL,10,OK,1.250000,2.45,245.36,4791.76,4791.91,4791.84,15.0,CONTROL,CONTROL,NO_RETENTION,NO,,,,0,0,1.845473,3.07,4794.83,4794.83,-1.000000,TIME_EXIT,2026.04.17 03:10:00,1776395400061,4790.67,600.030,0.355400,2.2747,3246,2026.04.17 03:10:00,1776395400061,30,4790.67
P2F4_CANDIDATE_S1,1776394800031_SELL,XAUUSD,PERIOD_M5,2026.04.17 03:00:00,1776394800031,2026.04.17 03:00:00,SELL,10,OK,1.250000,2.45,245.36,4791.76,4791.91,4791.84,15.0,LEGACY_BE_050,BREAK_EVEN,0.50:0.00,YES,2026.04.17 03:00:09,1776394809135,9.104,1,1,1.845473,3.07,4794.83,4791.76,0.000000,TIME_EXIT,2026.04.17 03:10:00,1776395400061,4790.67,600.030,0.355400,2.2747,3246,2026.04.17 03:10:00,1776395400061,30,4790.67
P2F4_CANDIDATE_S1,1776394800031_SELL,XAUUSD,PERIOD_M5,2026.04.17 03:00:00,1776394800031,2026.04.17 03:00:00,SELL,10,OK,1.250000,2.45,245.36,4791.76,4791.91,4791.84,15.0,STEPLOCK_V1,STEP_LOCK,0.50:-0.25|1.00:0.25|2.00:1.00,YES,2026.04.17 03:00:09,1776394809135,9.104,2,2,1.845473,3.07,4794.83,4790.99,0.250000,RETENTION_STOP,2026.04.17 03:09:12,1776395352860,4791.15,552.829,0.250000,1.6001,3246,2026.04.17 03:10:00,1776395400061,30,4790.67
P2F4_CANDIDATE_S1,1776394800031_SELL,XAUUSD,PERIOD_M5,2026.04.17 03:00:00,1776394800031,2026.04.17 03:00:00,SELL,10,OK,1.250000,2.45,245.36,4791.76,4791.91,4791.84,15.0,GIVEBACK_100_075,MFE_GIVEBACK,TRIGGER=1.00|GAP=0.75|FLOOR=0.00,YES,2026.04.17 03:01:02,1776394862535,62.504,1,9,1.199884,3.07,4794.83,4790.38,0.449884,RETENTION_STOP,2026.04.17 03:02:42,1776394962591,4790.51,162.560,0.449884,2.8795,3246,2026.04.17 03:10:00,1776395400061,30,4790.67
P2F4_CANDIDATE_S1,1776399000008_SELL,XAUUSD,PERIOD_M5,2026.04.17 04:10:00,1776399000008,2026.04.17 04:10:00,SELL,10,OK,1.250000,4.42,442.21,4783.25,4783.46,4783.35,21.0,CONTROL,CONTROL,NO_RETENTION,NO,,,,0,0,2.530900,5.53,4788.78,4788.78,-1.000000,TIME_EXIT,2026.04.17 04:20:00,1776399600078,4782.73,600.070,0.094072,1.0871,5302,2026.04.17 04:20:00,1776399600078,70,4782.73
P2F4_CANDIDATE_S1,1776399000008_SELL,XAUUSD,PERIOD_M5,2026.04.17 04:10:00,1776399000008,2026.04.17 04:10:00,SELL,10,OK,1.250000,4.42,442.21,4783.25,4783.46,4783.35,21.0,LEGACY_BE_050,BREAK_EVEN,0.50:0.00,YES,2026.04.17 04:11:33,1776399093007,92.999,1,1,2.530900,5.53,4788.78,4783.25,0.000000,RETENTION_STOP,2026.04.17 04:15:51,1776399351663,4783.25,351.655,0.000000,0.0000,5302,2026.04.17 04:20:00,1776399600078,70,4782.73
P2F4_CANDIDATE_S1,1776399000008_SELL,XAUUSD,PERIOD_M5,2026.04.17 04:10:00,1776399000008,2026.04.17 04:10:00,SELL,10,OK,1.250000,4.42,442.21,4783.25,4783.46,4783.35,21.0,STEPLOCK_V1,STEP_LOCK,0.50:-0.25|1.00:0.25|2.00:1.00,YES,2026.04.17 04:11:33,1776399093007,92.999,3,3,2.530900,5.53,4788.78,4777.72,1.000000,RETENTION_STOP,2026.04.17 04:12:47,1776399167956,4777.73,167.948,1.000000,11.5563,5302,2026.04.17 04:20:00,1776399600078,70,4782.73
P2F4_CANDIDATE_S1,1776399000008_SELL,XAUUSD,PERIOD_M5,2026.04.17 04:10:00,1776399000008,2026.04.17 04:10:00,SELL,10,OK,1.250000,4.42,442.21,4783.25,4783.46,4783.35,21.0,GIVEBACK_100_075,MFE_GIVEBACK,TRIGGER=1.00|GAP=0.75|FLOOR=0.00,YES,2026.04.17 04:12:07,1776399127512,127.504,1,47,2.530900,5.53,4788.78,4773.41,1.780900,RETENTION_STOP,2026.04.17 04:12:27,1776399147918,4773.49,147.910,1.780900,20.5807,5302,2026.04.17 04:20:00,1776399600078,70,4782.73
P2F4_CANDIDATE_S1,1776416400062_SELL,XAUUSD,PERIOD_M5,2026.04.17 09:00:00,1776416400062,2026.04.17 09:00:00,SELL,10,OK,1.250000,4.25,425.43,4794.24,4794.41,4794.32,17.0,CONTROL,CONTROL,NO_RETENTION,NO,,,,0,0,0.795433,5.32,4799.56,4799.56,-1.000000,TIME_EXIT,2026.04.17 09:10:00,1776417000285,4790.46,600.223,0.710813,7.8845,4238,2026.04.17 09:10:00,1776417000285,223,4790.46
P2F4_CANDIDATE_S1,1776416400062_SELL,XAUUSD,PERIOD_M5,2026.04.17 09:00:00,1776416400062,2026.04.17 09:00:00,SELL,10,OK,1.250000,4.25,425.43,4794.24,4794.41,4794.32,17.0,LEGACY_BE_050,BREAK_EVEN,0.50:0.00,YES,2026.04.17 09:00:24,1776416424617,24.555,1,1,0.795433,5.32,4799.56,4794.24,0.000000,RETENTION_STOP,2026.04.17 09:05:43,1776416743963,4794.28,343.901,0.000000,0.0000,4238,2026.04.17 09:10:00,1776417000285,223,4790.46
P2F4_CANDIDATE_S1,1776416400062_SELL,XAUUSD,PERIOD_M5,2026.04.17 09:00:00,1776416400062,2026.04.17 09:00:00,SELL,10,OK,1.250000,4.25,425.43,4794.24,4794.41,4794.32,17.0,STEPLOCK_V1,STEP_LOCK,0.50:-0.25|1.00:0.25|2.00:1.00,YES,2026.04.17 09:00:24,1776416424617,24.555,1,1,0.795433,5.32,4799.56,4795.57,-0.250000,TIME_EXIT,2026.04.17 09:10:00,1776417000285,4790.46,600.223,0.710813,7.8845,4238,2026.04.17 09:10:00,1776417000285,223,4790.46
P2F4_CANDIDATE_S1,1776416400062_SELL,XAUUSD,PERIOD_M5,2026.04.17 09:00:00,1776416400062,2026.04.17 09:00:00,SELL,10,OK,1.250000,4.25,425.43,4794.24,4794.41,4794.32,17.0,GIVEBACK_100_075,MFE_GIVEBACK,TRIGGER=1.00|GAP=0.75|FLOOR=0.00,NO,,,,0,0,0.795433,5.32,4799.56,4799.56,-1.000000,TIME_EXIT,2026.04.17 09:10:00,1776417000285,4790.46,600.223,0.710813,7.8845,4238,2026.04.17 09:10:00,1776417000285,223,4790.46
P2F4_CANDIDATE_S1,1776431400081_SELL,XAUUSD,PERIOD_M5,2026.04.17 13:10:00,1776431400081,2026.04.17 13:10:00,SELL,10,OK,1.250000,3.51,350.93,4789.06,4789.23,4789.15,17.0,CONTROL,CONTROL,NO_RETENTION,NO,,,,0,0,0.412620,4.39,4793.45,4793.45,-1.000000,HARD_SL,2026.04.17 13:16:44,1776431804298,4793.45,404.217,-1.000000,-9.1596,2676,2026.04.17 13:20:00,1776432000119,38,4791.60
P2F4_CANDIDATE_S1,1776431400081_SELL,XAUUSD,PERIOD_M5,2026.04.17 13:10:00,1776431400081,2026.04.17 13:10:00,SELL,10,OK,1.250000,3.51,350.93,4789.06,4789.23,4789.15,17.0,LEGACY_BE_050,BREAK_EVEN,0.50:0.00,NO,,,,0,0,0.412620,4.39,4793.45,4793.45,-1.000000,HARD_SL,2026.04.17 13:16:44,1776431804298,4793.45,404.217,-1.000000,-9.1596,2676,2026.04.17 13:20:00,1776432000119,38,4791.60
P2F4_CANDIDATE_S1,1776431400081_SELL,XAUUSD,PERIOD_M5,2026.04.17 13:10:00,1776431400081,2026.04.17 13:10:00,SELL,10,OK,1.250000,3.51,350.93,4789.06,4789.23,4789.15,17.0,STEPLOCK_V1,STEP_LOCK,0.50:-0.25|1.00:0.25|2.00:1.00,NO,,,,0,0,0.412620,4.39,4793.45,4793.45,-1.000000,HARD_SL,2026.04.17 13:16:44,1776431804298,4793.45,404.217,-1.000000,-9.1596,2676,2026.04.17 13:20:00,1776432000119,38,4791.60
P2F4_CANDIDATE_S1,1776431400081_SELL,XAUUSD,PERIOD_M5,2026.04.17 13:10:00,1776431400081,2026.04.17 13:10:00,SELL,10,OK,1.250000,3.51,350.93,4789.06,4789.23,4789.15,17.0,GIVEBACK_100_075,MFE_GIVEBACK,TRIGGER=1.00|GAP=0.75|FLOOR=0.00,NO,,,,0,0,0.412620,4.39,4793.45,4793.45,-1.000000,HARD_SL,2026.04.17 13:16:44,1776431804298,4793.45,404.217,-1.000000,-9.1596,2676,2026.04.17 13:20:00,1776432000119,38,4791.60
P2F4_CANDIDATE_S1,1776665700047_SELL,XAUUSD,PERIOD_M5,2026.04.20 06:15:00,1776665700047,2026.04.20 06:15:00,SELL,10,OK,1.250000,4.05,405.14,4791.58,4791.79,4791.68,21.0,CONTROL,CONTROL,NO_RETENTION,NO,,,,0,0,0.511425,5.06,4796.64,4796.64,-1.000000,TIME_EXIT,2026.04.20 06:25:01,1776666301392,4795.20,601.345,-0.714810,-7.5549,2707,2026.04.20 06:25:01,1776666301392,1345,4795.20
P2F4_CANDIDATE_S1,1776665700047_SELL,XAUUSD,PERIOD_M5,2026.04.20 06:15:00,1776665700047,2026.04.20 06:15:00,SELL,10,OK,1.250000,4.05,405.14,4791.58,4791.79,4791.68,21.0,LEGACY_BE_050,BREAK_EVEN,0.50:0.00,YES,2026.04.20 06:19:22,1776665962242,262.195,1,1,0.511425,5.06,4796.64,4791.58,0.000000,RETENTION_STOP,2026.04.20 06:19:43,1776665983954,4791.70,283.907,0.000000,0.0000,2707,2026.04.20 06:25:01,1776666301392,1345,4795.20
P2F4_CANDIDATE_S1,1776665700047_SELL,XAUUSD,PERIOD_M5,2026.04.20 06:15:00,1776665700047,2026.04.20 06:15:00,SELL,10,OK,1.250000,4.05,405.14,4791.58,4791.79,4791.68,21.0,STEPLOCK_V1,STEP_LOCK,0.50:-0.25|1.00:0.25|2.00:1.00,YES,2026.04.20 06:19:22,1776665962242,262.195,1,1,0.511425,5.06,4796.64,4792.85,-0.250000,RETENTION_STOP,2026.04.20 06:20:02,1776666002098,4792.88,302.051,-0.250000,-2.6423,2707,2026.04.20 06:25:01,1776666301392,1345,4795.20
P2F4_CANDIDATE_S1,1776665700047_SELL,XAUUSD,PERIOD_M5,2026.04.20 06:15:00,1776665700047,2026.04.20 06:15:00,SELL,10,OK,1.250000,4.05,405.14,4791.58,4791.79,4791.68,21.0,GIVEBACK_100_075,MFE_GIVEBACK,TRIGGER=1.00|GAP=0.75|FLOOR=0.00,NO,,,,0,0,0.511425,5.06,4796.64,4796.64,-1.000000,TIME_EXIT,2026.04.20 06:25:01,1776666301392,4795.20,601.345,-0.714810,-7.5549,2707,2026.04.20 06:25:01,1776666301392,1345,4795.20
P2F4_CANDIDATE_S1,1776683100027_SELL,XAUUSD,PERIOD_M5,2026.04.20 11:05:00,1776683100027,2026.04.20 11:05:00,SELL,10,OK,1.250000,5.85,584.64,4788.69,4788.86,4788.77,17.0,CONTROL,CONTROL,NO_RETENTION,NO,,,,0,0,0.213464,7.31,4796.00,4796.00,-1.000000,TIME_EXIT,2026.04.20 11:15:00,1776683700211,4789.31,600.184,-0.084838,-1.2947,3579,2026.04.20 11:15:00,1776683700211,184,4789.31
P2F4_CANDIDATE_S1,1776683100027_SELL,XAUUSD,PERIOD_M5,2026.04.20 11:05:00,1776683100027,2026.04.20 11:05:00,SELL,10,OK,1.250000,5.85,584.64,4788.69,4788.86,4788.77,17.0,LEGACY_BE_050,BREAK_EVEN,0.50:0.00,NO,,,,0,0,0.213464,7.31,4796.00,4796.00,-1.000000,TIME_EXIT,2026.04.20 11:15:00,1776683700211,4789.31,600.184,-0.084838,-1.2947,3579,2026.04.20 11:15:00,1776683700211,184,4789.31
P2F4_CANDIDATE_S1,1776683100027_SELL,XAUUSD,PERIOD_M5,2026.04.20 11:05:00,1776683100027,2026.04.20 11:05:00,SELL,10,OK,1.250000,5.85,584.64,4788.69,4788.86,4788.77,17.0,STEPLOCK_V1,STEP_LOCK,0.50:-0.25|1.00:0.25|2.00:1.00,NO,,,,0,0,0.213464,7.31,4796.00,4796.00,-1.000000,TIME_EXIT,2026.04.20 11:15:00,1776683700211,4789.31,600.184,-0.084838,-1.2947,3579,2026.04.20 11:15:00,1776683700211,184,4789.31
P2F4_CANDIDATE_S1,1776683100027_SELL,XAUUSD,PERIOD_M5,2026.04.20 11:05:00,1776683100027,2026.04.20 11:05:00,SELL,10,OK,1.250000,5.85,584.64,4788.69,4788.86,4788.77,17.0,GIVEBACK_100_075,MFE_GIVEBACK,TRIGGER=1.00|GAP=0.75|FLOOR=0.00,NO,,,,0,0,0.213464,7.31,4796.00,4796.00,-1.000000,TIME_EXIT,2026.04.20 11:15:00,1776683700211,4789.31,600.184,-0.084838,-1.2947,3579,2026.04.20 11:15:00,1776683700211,184,4789.31
P2F4_CANDIDATE_S1,1776688500042_SELL,XAUUSD,PERIOD_M5,2026.04.20 12:35:00,1776688500042,2026.04.20 12:35:00,SELL,10,OK,1.250000,3.82,382.36,4786.16,4786.31,4786.24,15.0,CONTROL,CONTROL,NO_RETENTION,NO,,,,0,0,0.232244,4.78,4790.94,4790.94,-1.000000,HARD_SL,2026.04.20 12:44:27,1776689067255,4791.00,567.213,-1.000000,-9.9860,3238,2026.04.20 12:45:00,1776689100056,14,4792.11
P2F4_CANDIDATE_S1,1776688500042_SELL,XAUUSD,PERIOD_M5,2026.04.20 12:35:00,1776688500042,2026.04.20 12:35:00,SELL,10,OK,1.250000,3.82,382.36,4786.16,4786.31,4786.24,15.0,LEGACY_BE_050,BREAK_EVEN,0.50:0.00,NO,,,,0,0,0.232244,4.78,4790.94,4790.94,-1.000000,HARD_SL,2026.04.20 12:44:27,1776689067255,4791.00,567.213,-1.000000,-9.9860,3238,2026.04.20 12:45:00,1776689100056,14,4792.11
P2F4_CANDIDATE_S1,1776688500042_SELL,XAUUSD,PERIOD_M5,2026.04.20 12:35:00,1776688500042,2026.04.20 12:35:00,SELL,10,OK,1.250000,3.82,382.36,4786.16,4786.31,4786.24,15.0,STEPLOCK_V1,STEP_LOCK,0.50:-0.25|1.00:0.25|2.00:1.00,NO,,,,0,0,0.232244,4.78,4790.94,4790.94,-1.000000,HARD_SL,2026.04.20 12:44:27,1776689067255,4791.00,567.213,-1.000000,-9.9860,3238,2026.04.20 12:45:00,1776689100056,14,4792.11
P2F4_CANDIDATE_S1,1776688500042_SELL,XAUUSD,PERIOD_M5,2026.04.20 12:35:00,1776688500042,2026.04.20 12:35:00,SELL,10,OK,1.250000,3.82,382.36,4786.16,4786.31,4786.24,15.0,GIVEBACK_100_075,MFE_GIVEBACK,TRIGGER=1.00|GAP=0.75|FLOOR=0.00,NO,,,,0,0,0.232244,4.78,4790.94,4790.94,-1.000000,HARD_SL,2026.04.20 12:44:27,1776689067255,4791.00,567.213,-1.000000,-9.9860,3238,2026.04.20 12:45:00,1776689100056,14,4792.11
P2F4_CANDIDATE_S1,1776694200012_SELL,XAUUSD,PERIOD_M5,2026.04.20 14:10:00,1776694200012,2026.04.20 14:10:00,SELL,10,OK,1.250000,3.55,355.07,4792.66,4792.82,4792.74,16.0,CONTROL,CONTROL,NO_RETENTION,NO,,,,0,0,1.275236,4.44,4797.10,4797.10,-1.000000,TIME_EXIT,2026.04.20 14:20:00,1776694800157,4788.10,600.145,1.027399,9.5145,3394,2026.04.20 14:20:00,1776694800157,145,4788.10
P2F4_CANDIDATE_S1,1776694200012_SELL,XAUUSD,PERIOD_M5,2026.04.20 14:10:00,1776694200012,2026.04.20 14:10:00,SELL,10,OK,1.250000,3.55,355.07,4792.66,4792.82,4792.74,16.0,LEGACY_BE_050,BREAK_EVEN,0.50:0.00,YES,2026.04.20 14:11:32,1776694292012,92.000,1,1,1.275236,4.44,4797.10,4792.66,0.000000,TIME_EXIT,2026.04.20 14:20:00,1776694800157,4788.10,600.145,1.027399,9.5145,3394,2026.04.20 14:20:00,1776694800157,145,4788.10
P2F4_CANDIDATE_S1,1776694200012_SELL,XAUUSD,PERIOD_M5,2026.04.20 14:10:00,1776694200012,2026.04.20 14:10:00,SELL,10,OK,1.250000,3.55,355.07,4792.66,4792.82,4792.74,16.0,STEPLOCK_V1,STEP_LOCK,0.50:-0.25|1.00:0.25|2.00:1.00,YES,2026.04.20 14:11:32,1776694292012,92.000,2,2,1.275236,4.44,4797.10,4791.55,0.250000,TIME_EXIT,2026.04.20 14:20:00,1776694800157,4788.10,600.145,1.027399,9.5145,3394,2026.04.20 14:20:00,1776694800157,145,4788.10
P2F4_CANDIDATE_S1,1776694200012_SELL,XAUUSD,PERIOD_M5,2026.04.20 14:10:00,1776694200012,2026.04.20 14:10:00,SELL,10,OK,1.250000,3.55,355.07,4792.66,4792.82,4792.74,16.0,GIVEBACK_100_075,MFE_GIVEBACK,TRIGGER=1.00|GAP=0.75|FLOOR=0.00,YES,2026.04.20 14:11:44,1776694304889,104.877,1,16,1.230175,4.44,4797.10,4790.53,0.480175,RETENTION_STOP,2026.04.20 14:15:51,1776694551745,4790.58,351.733,0.480175,4.4468,3394,2026.04.20 14:20:00,1776694800157,145,4788.10
P2F4_CANDIDATE_S1,1776770100006_SELL,XAUUSD,PERIOD_M5,2026.04.21 11:15:00,1776770100006,2026.04.21 11:15:00,SELL,10,OK,1.250000,4.97,496.79,4775.94,4776.21,4776.07,27.0,CONTROL,CONTROL,NO_RETENTION,NO,,,,0,0,0.083738,6.21,4782.15,4782.15,-1.000000,HARD_SL,2026.04.21 11:19:35,1776770375948,4782.31,275.942,-1.000000,-13.0023,3726,2026.04.21 11:25:00,1776770700010,4,4786.95
P2F4_CANDIDATE_S1,1776770100006_SELL,XAUUSD,PERIOD_M5,2026.04.21 11:15:00,1776770100006,2026.04.21 11:15:00,SELL,10,OK,1.250000,4.97,496.79,4775.94,4776.21,4776.07,27.0,LEGACY_BE_050,BREAK_EVEN,0.50:0.00,NO,,,,0,0,0.083738,6.21,4782.15,4782.15,-1.000000,HARD_SL,2026.04.21 11:19:35,1776770375948,4782.31,275.942,-1.000000,-13.0023,3726,2026.04.21 11:25:00,1776770700010,4,4786.95
P2F4_CANDIDATE_S1,1776770100006_SELL,XAUUSD,PERIOD_M5,2026.04.21 11:15:00,1776770100006,2026.04.21 11:15:00,SELL,10,OK,1.250000,4.97,496.79,4775.94,4776.21,4776.07,27.0,STEPLOCK_V1,STEP_LOCK,0.50:-0.25|1.00:0.25|2.00:1.00,NO,,,,0,0,0.083738,6.21,4782.15,4782.15,-1.000000,HARD_SL,2026.04.21 11:19:35,1776770375948,4782.31,275.942,-1.000000,-13.0023,3726,2026.04.21 11:25:00,1776770700010,4,4786.95
P2F4_CANDIDATE_S1,1776770100006_SELL,XAUUSD,PERIOD_M5,2026.04.21 11:15:00,1776770100006,2026.04.21 11:15:00,SELL,10,OK,1.250000,4.97,496.79,4775.94,4776.21,4776.07,27.0,GIVEBACK_100_075,MFE_GIVEBACK,TRIGGER=1.00|GAP=0.75|FLOOR=0.00,NO,,,,0,0,0.083738,6.21,4782.15,4782.15,-1.000000,HARD_SL,2026.04.21 11:19:35,1776770375948,4782.31,275.942,-1.000000,-13.0023,3726,2026.04.21 11:25:00,1776770700010,4,4786.95
P2F4_CANDIDATE_S1,1776774600018_SELL,XAUUSD,PERIOD_M5,2026.04.21 12:30:00,1776774600018,2026.04.21 12:30:00,SELL,10,OK,1.250000,4.01,401.00,4782.31,4782.47,4782.39,16.0,CONTROL,CONTROL,NO_RETENTION,NO,,,,0,0,0.021945,5.01,4787.32,4787.32,-1.000000,TIME_EXIT,2026.04.21 12:40:00,1776775200040,4783.60,600.022,-0.257357,-2.6974,2762,2026.04.21 12:40:00,1776775200040,22,4783.60
P2F4_CANDIDATE_S1,1776774600018_SELL,XAUUSD,PERIOD_M5,2026.04.21 12:30:00,1776774600018,2026.04.21 12:30:00,SELL,10,OK,1.250000,4.01,401.00,4782.31,4782.47,4782.39,16.0,LEGACY_BE_050,BREAK_EVEN,0.50:0.00,NO,,,,0,0,0.021945,5.01,4787.32,4787.32,-1.000000,TIME_EXIT,2026.04.21 12:40:00,1776775200040,4783.60,600.022,-0.257357,-2.6974,2762,2026.04.21 12:40:00,1776775200040,22,4783.60
P2F4_CANDIDATE_S1,1776774600018_SELL,XAUUSD,PERIOD_M5,2026.04.21 12:30:00,1776774600018,2026.04.21 12:30:00,SELL,10,OK,1.250000,4.01,401.00,4782.31,4782.47,4782.39,16.0,STEPLOCK_V1,STEP_LOCK,0.50:-0.25|1.00:0.25|2.00:1.00,NO,,,,0,0,0.021945,5.01,4787.32,4787.32,-1.000000,TIME_EXIT,2026.04.21 12:40:00,1776775200040,4783.60,600.022,-0.257357,-2.6974,2762,2026.04.21 12:40:00,1776775200040,22,4783.60
P2F4_CANDIDATE_S1,1776774600018_SELL,XAUUSD,PERIOD_M5,2026.04.21 12:30:00,1776774600018,2026.04.21 12:30:00,SELL,10,OK,1.250000,4.01,401.00,4782.31,4782.47,4782.39,16.0,GIVEBACK_100_075,MFE_GIVEBACK,TRIGGER=1.00|GAP=0.75|FLOOR=0.00,NO,,,,0,0,0.021945,5.01,4787.32,4787.32,-1.000000,TIME_EXIT,2026.04.21 12:40:00,1776775200040,4783.60,600.022,-0.257357,-2.6974,2762,2026.04.21 12:40:00,1776775200040,22,4783.60
P2F4_CANDIDATE_S1,1776776400034_SELL,XAUUSD,PERIOD_M5,2026.04.21 13:00:00,1776776400034,2026.04.21 13:00:00,SELL,10,OK,1.250000,3.91,390.79,4783.72,4783.89,4783.81,17.0,CONTROL,CONTROL,NO_RETENTION,NO,,,,0,0,0.194480,4.88,4788.60,4788.60,-1.000000,TIME_EXIT,2026.04.21 13:10:00,1776777000114,4785.52,600.080,-0.368488,-3.7628,2629,2026.04.21 13:10:00,1776777000114,80,4785.52
P2F4_CANDIDATE_S1,1776776400034_SELL,XAUUSD,PERIOD_M5,2026.04.21 13:00:00,1776776400034,2026.04.21 13:00:00,SELL,10,OK,1.250000,3.91,390.79,4783.72,4783.89,4783.81,17.0,LEGACY_BE_050,BREAK_EVEN,0.50:0.00,NO,,,,0,0,0.194480,4.88,4788.60,4788.60,-1.000000,TIME_EXIT,2026.04.21 13:10:00,1776777000114,4785.52,600.080,-0.368488,-3.7628,2629,2026.04.21 13:10:00,1776777000114,80,4785.52
P2F4_CANDIDATE_S1,1776776400034_SELL,XAUUSD,PERIOD_M5,2026.04.21 13:00:00,1776776400034,2026.04.21 13:00:00,SELL,10,OK,1.250000,3.91,390.79,4783.72,4783.89,4783.81,17.0,STEPLOCK_V1,STEP_LOCK,0.50:-0.25|1.00:0.25|2.00:1.00,NO,,,,0,0,0.194480,4.88,4788.60,4788.60,-1.000000,TIME_EXIT,2026.04.21 13:10:00,1776777000114,4785.52,600.080,-0.368488,-3.7628,2629,2026.04.21 13:10:00,1776777000114,80,4785.52
P2F4_CANDIDATE_S1,1776776400034_SELL,XAUUSD,PERIOD_M5,2026.04.21 13:00:00,1776776400034,2026.04.21 13:00:00,SELL,10,OK,1.250000,3.91,390.79,4783.72,4783.89,4783.81,17.0,GIVEBACK_100_075,MFE_GIVEBACK,TRIGGER=1.00|GAP=0.75|FLOOR=0.00,NO,,,,0,0,0.194480,4.88,4788.60,4788.60,-1.000000,TIME_EXIT,2026.04.21 13:10:00,1776777000114,4785.52,600.080,-0.368488,-3.7628,2629,2026.04.21 13:10:00,1776777000114,80,4785.52
P2F4_CANDIDATE_S1,1776780900019_SELL,XAUUSD,PERIOD_M5,2026.04.21 14:15:00,1776780900019,2026.04.21 14:15:00,SELL,10,OK,1.250000,3.60,360.00,4781.77,4781.94,4781.85,17.0,CONTROL,CONTROL,NO_RETENTION,NO,,,,0,0,0.151111,4.50,4786.27,4786.27,-1.000000,TIME_EXIT,2026.04.21 14:25:00,1776781500027,4781.79,600.008,-0.004444,-0.0418,3360,2026.04.21 14:25:00,1776781500027,8,4781.79
P2F4_CANDIDATE_S1,1776780900019_SELL,XAUUSD,PERIOD_M5,2026.04.21 14:15:00,1776780900019,2026.04.21 14:15:00,SELL,10,OK,1.250000,3.60,360.00,4781.77,4781.94,4781.85,17.0,LEGACY_BE_050,BREAK_EVEN,0.50:0.00,NO,,,,0,0,0.151111,4.50,4786.27,4786.27,-1.000000,TIME_EXIT,2026.04.21 14:25:00,1776781500027,4781.79,600.008,-0.004444,-0.0418,3360,2026.04.21 14:25:00,1776781500027,8,4781.79
P2F4_CANDIDATE_S1,1776780900019_SELL,XAUUSD,PERIOD_M5,2026.04.21 14:15:00,1776780900019,2026.04.21 14:15:00,SELL,10,OK,1.250000,3.60,360.00,4781.77,4781.94,4781.85,17.0,STEPLOCK_V1,STEP_LOCK,0.50:-0.25|1.00:0.25|2.00:1.00,NO,,,,0,0,0.151111,4.50,4786.27,4786.27,-1.000000,TIME_EXIT,2026.04.21 14:25:00,1776781500027,4781.79,600.008,-0.004444,-0.0418,3360,2026.04.21 14:25:00,1776781500027,8,4781.79
P2F4_CANDIDATE_S1,1776780900019_SELL,XAUUSD,PERIOD_M5,2026.04.21 14:15:00,1776780900019,2026.04.21 14:15:00,SELL,10,OK,1.250000,3.60,360.00,4781.77,4781.94,4781.85,17.0,GIVEBACK_100_075,MFE_GIVEBACK,TRIGGER=1.00|GAP=0.75|FLOOR=0.00,NO,,,,0,0,0.151111,4.50,4786.27,4786.27,-1.000000,TIME_EXIT,2026.04.21 14:25:00,1776781500027,4781.79,600.008,-0.004444,-0.0418,3360,2026.04.21 14:25:00,1776781500027,8,4781.79
P2F4_CANDIDATE_S1,1776785400004_SELL,XAUUSD,PERIOD_M5,2026.04.21 15:30:00,1776785400004,2026.04.21 15:30:00,SELL,10,OK,1.250000,4.90,490.21,4780.77,4781.16,4780.97,39.0,CONTROL,CONTROL,NO_RETENTION,NO,,,,0,0,2.283083,6.13,4786.90,4786.90,-1.000000,HARD_SL,2026.04.21 15:34:12,1776785652596,4787.01,252.592,-1.000000,-12.8173,8086,2026.04.21 15:40:00,1776786000011,7,4780.80
P2F4_CANDIDATE_S1,1776785400004_SELL,XAUUSD,PERIOD_M5,2026.04.21 15:30:00,1776785400004,2026.04.21 15:30:00,SELL,10,OK,1.250000,4.90,490.21,4780.77,4781.16,4780.97,39.0,LEGACY_BE_050,BREAK_EVEN,0.50:0.00,YES,2026.04.21 15:30:06,1776785406096,6.092,1,1,2.283083,6.13,4786.90,4780.77,0.000000,RETENTION_STOP,2026.04.21 15:32:19,1776785539281,4780.78,139.277,0.000000,0.0000,8086,2026.04.21 15:40:00,1776786000011,7,4780.80
P2F4_CANDIDATE_S1,1776785400004_SELL,XAUUSD,PERIOD_M5,2026.04.21 15:30:00,1776785400004,2026.04.21 15:30:00,SELL,10,OK,1.250000,4.90,490.21,4780.77,4781.16,4780.97,39.0,STEPLOCK_V1,STEP_LOCK,0.50:-0.25|1.00:0.25|2.00:1.00,YES,2026.04.21 15:30:06,1776785406096,6.092,3,3,2.283083,6.13,4786.90,4774.64,1.000000,RETENTION_STOP,2026.04.21 15:30:43,1776785443641,4774.80,43.637,1.000000,12.8173,8086,2026.04.21 15:40:00,1776786000011,7,4780.80
P2F4_CANDIDATE_S1,1776785400004_SELL,XAUUSD,PERIOD_M5,2026.04.21 15:30:00,1776785400004,2026.04.21 15:30:00,SELL,10,OK,1.250000,4.90,490.21,4780.77,4781.16,4780.97,39.0,GIVEBACK_100_075,MFE_GIVEBACK,TRIGGER=1.00|GAP=0.75|FLOOR=0.00,YES,2026.04.21 15:30:33,1776785433540,33.536,1,15,2.283083,6.13,4786.90,4771.38,1.533083,RETENTION_STOP,2026.04.21 15:30:40,1776785440044,4771.53,40.040,1.533083,19.6501,8086,2026.04.21 15:40:00,1776786000011,7,4780.80
P2F4_CANDIDATE_S1,1776791700086_SELL,XAUUSD,PERIOD_M5,2026.04.21 17:15:00,1776791700086,2026.04.21 17:15:00,SELL,10,OK,1.250000,8.28,828.14,4778.42,4778.54,4778.48,12.0,CONTROL,CONTROL,NO_RETENTION,NO,,,,0,0,0.612455,10.35,4788.77,4788.77,-1.000000,TIME_EXIT,2026.04.21 17:25:00,1776792300092,4772.84,600.006,0.539037,11.6775,6550,2026.04.21 17:25:00,1776792300092,6,4772.84
P2F4_CANDIDATE_S1,1776791700086_SELL,XAUUSD,PERIOD_M5,2026.04.21 17:15:00,1776791700086,2026.04.21 17:15:00,SELL,10,OK,1.250000,8.28,828.14,4778.42,4778.54,4778.48,12.0,LEGACY_BE_050,BREAK_EVEN,0.50:0.00,YES,2026.04.21 17:23:37,1776792217481,517.395,1,1,0.612455,10.35,4788.77,4778.42,0.000000,TIME_EXIT,2026.04.21 17:25:00,1776792300092,4772.84,600.006,0.539037,11.6775,6550,2026.04.21 17:25:00,1776792300092,6,4772.84
P2F4_CANDIDATE_S1,1776791700086_SELL,XAUUSD,PERIOD_M5,2026.04.21 17:15:00,1776791700086,2026.04.21 17:15:00,SELL,10,OK,1.250000,8.28,828.14,4778.42,4778.54,4778.48,12.0,STEPLOCK_V1,STEP_LOCK,0.50:-0.25|1.00:0.25|2.00:1.00,YES,2026.04.21 17:23:37,1776792217481,517.395,1,1,0.612455,10.35,4788.77,4781.01,-0.250000,TIME_EXIT,2026.04.21 17:25:00,1776792300092,4772.84,600.006,0.539037,11.6775,6550,2026.04.21 17:25:00,1776792300092,6,4772.84
P2F4_CANDIDATE_S1,1776791700086_SELL,XAUUSD,PERIOD_M5,2026.04.21 17:15:00,1776791700086,2026.04.21 17:15:00,SELL,10,OK,1.250000,8.28,828.14,4778.42,4778.54,4778.48,12.0,GIVEBACK_100_075,MFE_GIVEBACK,TRIGGER=1.00|GAP=0.75|FLOOR=0.00,NO,,,,0,0,0.612455,10.35,4788.77,4788.77,-1.000000,TIME_EXIT,2026.04.21 17:25:00,1776792300092,4772.84,600.006,0.539037,11.6775,6550,2026.04.21 17:25:00,1776792300092,6,4772.84
P2F4_CANDIDATE_S1,1776811200021_SELL,XAUUSD,PERIOD_M5,2026.04.21 22:40:00,1776811200021,2026.04.21 22:40:00,SELL,10,OK,1.250000,6.48,647.79,4701.19,4701.36,4701.27,17.0,CONTROL,CONTROL,NO_RETENTION,NO,,,,0,0,4.018613,8.10,4709.29,4709.29,-1.000000,TIME_EXIT,2026.04.21 22:50:00,1776811800023,4682.17,600.002,2.348925,40.4578,9975,2026.04.21 22:50:00,1776811800023,2,4682.17
P2F4_CANDIDATE_S1,1776811200021_SELL,XAUUSD,PERIOD_M5,2026.04.21 22:40:00,1776811200021,2026.04.21 22:40:00,SELL,10,OK,1.250000,6.48,647.79,4701.19,4701.36,4701.27,17.0,LEGACY_BE_050,BREAK_EVEN,0.50:0.00,YES,2026.04.21 22:41:48,1776811308012,107.991,1,1,4.018613,8.10,4709.29,4701.19,0.000000,TIME_EXIT,2026.04.21 22:50:00,1776811800023,4682.17,600.002,2.348925,40.4578,9975,2026.04.21 22:50:00,1776811800023,2,4682.17
P2F4_CANDIDATE_S1,1776811200021_SELL,XAUUSD,PERIOD_M5,2026.04.21 22:40:00,1776811200021,2026.04.21 22:40:00,SELL,10,OK,1.250000,6.48,647.79,4701.19,4701.36,4701.27,17.0,STEPLOCK_V1,STEP_LOCK,0.50:-0.25|1.00:0.25|2.00:1.00,YES,2026.04.21 22:41:48,1776811308012,107.991,3,3,4.018613,8.10,4709.29,4693.09,1.000000,TIME_EXIT,2026.04.21 22:50:00,1776811800023,4682.17,600.002,2.348925,40.4578,9975,2026.04.21 22:50:00,1776811800023,2,4682.17
P2F4_CANDIDATE_S1,1776811200021_SELL,XAUUSD,PERIOD_M5,2026.04.21 22:40:00,1776811200021,2026.04.21 22:40:00,SELL,10,OK,1.250000,6.48,647.79,4701.19,4701.36,4701.27,17.0,GIVEBACK_100_075,MFE_GIVEBACK,TRIGGER=1.00|GAP=0.75|FLOOR=0.00,YES,2026.04.21 22:41:53,1776811313468,113.447,1,72,2.246422,8.10,4709.29,4689.07,1.496422,RETENTION_STOP,2026.04.21 22:42:31,1776811351406,4689.08,151.385,1.496422,25.7743,9975,2026.04.21 22:50:00,1776811800023,2,4682.17
P2F4_CANDIDATE_S1,1776877800023_SELL,XAUUSD,PERIOD_M5,2026.04.22 17:10:00,1776877800023,2026.04.22 17:10:00,SELL,10,OK,1.250000,7.65,764.57,4746.13,4746.30,4746.22,17.0,CONTROL,CONTROL,NO_RETENTION,NO,,,,0,0,0.350523,9.56,4755.69,4755.69,-1.000000,TIME_EXIT,2026.04.22 17:20:00,1776878400090,4747.02,600.067,-0.093124,-1.8752,5503,2026.04.22 17:20:00,1776878400090,67,4747.02
P2F4_CANDIDATE_S1,1776877800023_SELL,XAUUSD,PERIOD_M5,2026.04.22 17:10:00,1776877800023,2026.04.22 17:10:00,SELL,10,OK,1.250000,7.65,764.57,4746.13,4746.30,4746.22,17.0,LEGACY_BE_050,BREAK_EVEN,0.50:0.00,NO,,,,0,0,0.350523,9.56,4755.69,4755.69,-1.000000,TIME_EXIT,2026.04.22 17:20:00,1776878400090,4747.02,600.067,-0.093124,-1.8752,5503,2026.04.22 17:20:00,1776878400090,67,4747.02
P2F4_CANDIDATE_S1,1776877800023_SELL,XAUUSD,PERIOD_M5,2026.04.22 17:10:00,1776877800023,2026.04.22 17:10:00,SELL,10,OK,1.250000,7.65,764.57,4746.13,4746.30,4746.22,17.0,STEPLOCK_V1,STEP_LOCK,0.50:-0.25|1.00:0.25|2.00:1.00,NO,,,,0,0,0.350523,9.56,4755.69,4755.69,-1.000000,TIME_EXIT,2026.04.22 17:20:00,1776878400090,4747.02,600.067,-0.093124,-1.8752,5503,2026.04.22 17:20:00,1776878400090,67,4747.02
P2F4_CANDIDATE_S1,1776877800023_SELL,XAUUSD,PERIOD_M5,2026.04.22 17:10:00,1776877800023,2026.04.22 17:10:00,SELL,10,OK,1.250000,7.65,764.57,4746.13,4746.30,4746.22,17.0,GIVEBACK_100_075,MFE_GIVEBACK,TRIGGER=1.00|GAP=0.75|FLOOR=0.00,NO,,,,0,0,0.350523,9.56,4755.69,4755.69,-1.000000,TIME_EXIT,2026.04.22 17:20:00,1776878400090,4747.02,600.067,-0.093124,-1.8752,5503,2026.04.22 17:20:00,1776878400090,67,4747.02
P2F4_CANDIDATE_S1,1776893400039_SELL,XAUUSD,PERIOD_M5,2026.04.22 21:30:00,1776893400039,2026.04.22 21:30:00,SELL,10,OK,1.250000,3.11,311.14,4730.24,4730.41,4730.32,17.0,CONTROL,CONTROL,NO_RETENTION,NO,,,,0,0,0.000000,3.89,4734.13,4734.13,-1.000000,HARD_SL,2026.04.22 21:32:15,1776893535319,4734.20,135.280,-1.000000,-8.2222,2835,2026.04.22 21:40:00,1776894000211,172,4738.07
P2F4_CANDIDATE_S1,1776893400039_SELL,XAUUSD,PERIOD_M5,2026.04.22 21:30:00,1776893400039,2026.04.22 21:30:00,SELL,10,OK,1.250000,3.11,311.14,4730.24,4730.41,4730.32,17.0,LEGACY_BE_050,BREAK_EVEN,0.50:0.00,NO,,,,0,0,0.000000,3.89,4734.13,4734.13,-1.000000,HARD_SL,2026.04.22 21:32:15,1776893535319,4734.20,135.280,-1.000000,-8.2222,2835,2026.04.22 21:40:00,1776894000211,172,4738.07
P2F4_CANDIDATE_S1,1776893400039_SELL,XAUUSD,PERIOD_M5,2026.04.22 21:30:00,1776893400039,2026.04.22 21:30:00,SELL,10,OK,1.250000,3.11,311.14,4730.24,4730.41,4730.32,17.0,STEPLOCK_V1,STEP_LOCK,0.50:-0.25|1.00:0.25|2.00:1.00,NO,,,,0,0,0.000000,3.89,4734.13,4734.13,-1.000000,HARD_SL,2026.04.22 21:32:15,1776893535319,4734.20,135.280,-1.000000,-8.2222,2835,2026.04.22 21:40:00,1776894000211,172,4738.07
P2F4_CANDIDATE_S1,1776893400039_SELL,XAUUSD,PERIOD_M5,2026.04.22 21:30:00,1776893400039,2026.04.22 21:30:00,SELL,10,OK,1.250000,3.11,311.14,4730.24,4730.41,4730.32,17.0,GIVEBACK_100_075,MFE_GIVEBACK,TRIGGER=1.00|GAP=0.75|FLOOR=0.00,NO,,,,0,0,0.000000,3.89,4734.13,4734.13,-1.000000,HARD_SL,2026.04.22 21:32:15,1776893535319,4734.20,135.280,-1.000000,-8.2222,2835,2026.04.22 21:40:00,1776894000211,172,4738.07
P2F4_CANDIDATE_S1,1776907200045_SELL,XAUUSD,PERIOD_M5,2026.04.23 01:20:00,1776907200045,2026.04.23 01:20:00,SELL,10,OK,1.250000,3.57,356.93,4736.26,4736.51,4736.39,25.0,CONTROL,CONTROL,NO_RETENTION,NO,,,,0,0,0.779988,4.46,4740.72,4740.72,-1.000000,TIME_EXIT,2026.04.23 01:30:00,1776907800060,4733.11,600.015,0.706024,6.6508,1431,2026.04.23 01:30:00,1776907800060,15,4733.11
P2F4_CANDIDATE_S1,1776907200045_SELL,XAUUSD,PERIOD_M5,2026.04.23 01:20:00,1776907200045,2026.04.23 01:20:00,SELL,10,OK,1.250000,3.57,356.93,4736.26,4736.51,4736.39,25.0,LEGACY_BE_050,BREAK_EVEN,0.50:0.00,YES,2026.04.23 01:27:34,1776907654235,454.190,1,1,0.779988,4.46,4740.72,4736.26,0.000000,TIME_EXIT,2026.04.23 01:30:00,1776907800060,4733.11,600.015,0.706024,6.6508,1431,2026.04.23 01:30:00,1776907800060,15,4733.11
P2F4_CANDIDATE_S1,1776907200045_SELL,XAUUSD,PERIOD_M5,2026.04.23 01:20:00,1776907200045,2026.04.23 01:20:00,SELL,10,OK,1.250000,3.57,356.93,4736.26,4736.51,4736.39,25.0,STEPLOCK_V1,STEP_LOCK,0.50:-0.25|1.00:0.25|2.00:1.00,YES,2026.04.23 01:27:34,1776907654235,454.190,1,1,0.779988,4.46,4740.72,4737.38,-0.250000,TIME_EXIT,2026.04.23 01:30:00,1776907800060,4733.11,600.015,0.706024,6.6508,1431,2026.04.23 01:30:00,1776907800060,15,4733.11
P2F4_CANDIDATE_S1,1776907200045_SELL,XAUUSD,PERIOD_M5,2026.04.23 01:20:00,1776907200045,2026.04.23 01:20:00,SELL,10,OK,1.250000,3.57,356.93,4736.26,4736.51,4736.39,25.0,GIVEBACK_100_075,MFE_GIVEBACK,TRIGGER=1.00|GAP=0.75|FLOOR=0.00,NO,,,,0,0,0.779988,4.46,4740.72,4740.72,-1.000000,TIME_EXIT,2026.04.23 01:30:00,1776907800060,4733.11,600.015,0.706024,6.6508,1431,2026.04.23 01:30:00,1776907800060,15,4733.11
P2F4_CANDIDATE_S1,1776919200001_SELL,XAUUSD,PERIOD_M5,2026.04.23 04:40:00,1776919200001,2026.04.23 04:40:00,SELL,10,OK,1.250000,6.30,630.29,4732.67,4732.88,4732.77,21.0,CONTROL,CONTROL,NO_RETENTION,NO,,,,0,0,0.083772,7.88,4740.55,4740.55,-1.000000,TIME_EXIT,2026.04.23 04:50:00,1776919800076,4734.25,600.075,-0.200544,-3.3385,4078,2026.04.23 04:50:00,1776919800076,75,4734.25
P2F4_CANDIDATE_S1,1776919200001_SELL,XAUUSD,PERIOD_M5,2026.04.23 04:40:00,1776919200001,2026.04.23 04:40:00,SELL,10,OK,1.250000,6.30,630.29,4732.67,4732.88,4732.77,21.0,LEGACY_BE_050,BREAK_EVEN,0.50:0.00,NO,,,,0,0,0.083772,7.88,4740.55,4740.55,-1.000000,TIME_EXIT,2026.04.23 04:50:00,1776919800076,4734.25,600.075,-0.200544,-3.3385,4078,2026.04.23 04:50:00,1776919800076,75,4734.25
P2F4_CANDIDATE_S1,1776919200001_SELL,XAUUSD,PERIOD_M5,2026.04.23 04:40:00,1776919200001,2026.04.23 04:40:00,SELL,10,OK,1.250000,6.30,630.29,4732.67,4732.88,4732.77,21.0,STEPLOCK_V1,STEP_LOCK,0.50:-0.25|1.00:0.25|2.00:1.00,NO,,,,0,0,0.083772,7.88,4740.55,4740.55,-1.000000,TIME_EXIT,2026.04.23 04:50:00,1776919800076,4734.25,600.075,-0.200544,-3.3385,4078,2026.04.23 04:50:00,1776919800076,75,4734.25
P2F4_CANDIDATE_S1,1776919200001_SELL,XAUUSD,PERIOD_M5,2026.04.23 04:40:00,1776919200001,2026.04.23 04:40:00,SELL,10,OK,1.250000,6.30,630.29,4732.67,4732.88,4732.77,21.0,GIVEBACK_100_075,MFE_GIVEBACK,TRIGGER=1.00|GAP=0.75|FLOOR=0.00,NO,,,,0,0,0.083772,7.88,4740.55,4740.55,-1.000000,TIME_EXIT,2026.04.23 04:50:00,1776919800076,4734.25,600.075,-0.200544,-3.3385,4078,2026.04.23 04:50:00,1776919800076,75,4734.25
P2F4_CANDIDATE_S1,1776933600214_SELL,XAUUSD,PERIOD_M5,2026.04.23 08:40:00,1776933600214,2026.04.23 08:40:00,SELL,10,OK,1.250000,4.05,405.07,4702.96,4703.13,4703.05,17.0,CONTROL,CONTROL,NO_RETENTION,NO,,,,0,0,0.369318,5.06,4708.02,4708.02,-1.000000,HARD_SL,2026.04.23 08:46:21,1776933981690,4708.06,381.476,-1.000000,-10.7664,3574,2026.04.23 08:50:00,1776934200310,96,4710.78
P2F4_CANDIDATE_S1,1776933600214_SELL,XAUUSD,PERIOD_M5,2026.04.23 08:40:00,1776933600214,2026.04.23 08:40:00,SELL,10,OK,1.250000,4.05,405.07,4702.96,4703.13,4703.05,17.0,LEGACY_BE_050,BREAK_EVEN,0.50:0.00,NO,,,,0,0,0.369318,5.06,4708.02,4708.02,-1.000000,HARD_SL,2026.04.23 08:46:21,1776933981690,4708.06,381.476,-1.000000,-10.7664,3574,2026.04.23 08:50:00,1776934200310,96,4710.78
P2F4_CANDIDATE_S1,1776933600214_SELL,XAUUSD,PERIOD_M5,2026.04.23 08:40:00,1776933600214,2026.04.23 08:40:00,SELL,10,OK,1.250000,4.05,405.07,4702.96,4703.13,4703.05,17.0,STEPLOCK_V1,STEP_LOCK,0.50:-0.25|1.00:0.25|2.00:1.00,NO,,,,0,0,0.369318,5.06,4708.02,4708.02,-1.000000,HARD_SL,2026.04.23 08:46:21,1776933981690,4708.06,381.476,-1.000000,-10.7664,3574,2026.04.23 08:50:00,1776934200310,96,4710.78
P2F4_CANDIDATE_S1,1776933600214_SELL,XAUUSD,PERIOD_M5,2026.04.23 08:40:00,1776933600214,2026.04.23 08:40:00,SELL,10,OK,1.250000,4.05,405.07,4702.96,4703.13,4703.05,17.0,GIVEBACK_100_075,MFE_GIVEBACK,TRIGGER=1.00|GAP=0.75|FLOOR=0.00,NO,,,,0,0,0.369318,5.06,4708.02,4708.02,-1.000000,HARD_SL,2026.04.23 08:46:21,1776933981690,4708.06,381.476,-1.000000,-10.7664,3574,2026.04.23 08:50:00,1776934200310,96,4710.78
P2F4_CANDIDATE_S1,1776940200025_SELL,XAUUSD,PERIOD_M5,2026.04.23 10:30:00,1776940200025,2026.04.23 10:30:00,SELL,10,OK,1.250000,5.51,550.57,4706.11,4706.30,4706.20,19.0,CONTROL,CONTROL,NO_RETENTION,NO,,,,0,0,0.366165,6.88,4712.99,4712.99,-1.000000,HARD_SL,2026.04.23 10:35:47,1776940547488,4713.00,347.463,-1.000000,-14.6238,3438,2026.04.23 10:40:00,1776940800038,13,4709.60
P2F4_CANDIDATE_S1,1776940200025_SELL,XAUUSD,PERIOD_M5,2026.04.23 10:30:00,1776940200025,2026.04.23 10:30:00,SELL,10,OK,1.250000,5.51,550.57,4706.11,4706.30,4706.20,19.0,LEGACY_BE_050,BREAK_EVEN,0.50:0.00,NO,,,,0,0,0.366165,6.88,4712.99,4712.99,-1.000000,HARD_SL,2026.04.23 10:35:47,1776940547488,4713.00,347.463,-1.000000,-14.6238,3438,2026.04.23 10:40:00,1776940800038,13,4709.60
P2F4_CANDIDATE_S1,1776940200025_SELL,XAUUSD,PERIOD_M5,2026.04.23 10:30:00,1776940200025,2026.04.23 10:30:00,SELL,10,OK,1.250000,5.51,550.57,4706.11,4706.30,4706.20,19.0,STEPLOCK_V1,STEP_LOCK,0.50:-0.25|1.00:0.25|2.00:1.00,NO,,,,0,0,0.366165,6.88,4712.99,4712.99,-1.000000,HARD_SL,2026.04.23 10:35:47,1776940547488,4713.00,347.463,-1.000000,-14.6238,3438,2026.04.23 10:40:00,1776940800038,13,4709.60
P2F4_CANDIDATE_S1,1776940200025_SELL,XAUUSD,PERIOD_M5,2026.04.23 10:30:00,1776940200025,2026.04.23 10:30:00,SELL,10,OK,1.250000,5.51,550.57,4706.11,4706.30,4706.20,19.0,GIVEBACK_100_075,MFE_GIVEBACK,TRIGGER=1.00|GAP=0.75|FLOOR=0.00,NO,,,,0,0,0.366165,6.88,4712.99,4712.99,-1.000000,HARD_SL,2026.04.23 10:35:47,1776940547488,4713.00,347.463,-1.000000,-14.6238,3438,2026.04.23 10:40:00,1776940800038,13,4709.60
P2F4_CANDIDATE_S1,1776944700034_SELL,XAUUSD,PERIOD_M5,2026.04.23 11:45:00,1776944700034,2026.04.23 11:45:00,SELL,10,OK,1.250000,5.30,530.36,4703.82,4703.99,4703.90,17.0,CONTROL,CONTROL,NO_RETENTION,NO,,,,0,0,0.309226,6.63,4710.45,4710.45,-1.000000,TIME_EXIT,2026.04.23 11:55:00,1776945300244,4704.83,600.210,-0.152350,-2.1472,3444,2026.04.23 11:55:00,1776945300244,210,4704.83
P2F4_CANDIDATE_S1,1776944700034_SELL,XAUUSD,PERIOD_M5,2026.04.23 11:45:00,1776944700034,2026.04.23 11:45:00,SELL,10,OK,1.250000,5.30,530.36,4703.82,4703.99,4703.90,17.0,LEGACY_BE_050,BREAK_EVEN,0.50:0.00,NO,,,,0,0,0.309226,6.63,4710.45,4710.45,-1.000000,TIME_EXIT,2026.04.23 11:55:00,1776945300244,4704.83,600.210,-0.152350,-2.1472,3444,2026.04.23 11:55:00,1776945300244,210,4704.83
P2F4_CANDIDATE_S1,1776944700034_SELL,XAUUSD,PERIOD_M5,2026.04.23 11:45:00,1776944700034,2026.04.23 11:45:00,SELL,10,OK,1.250000,5.30,530.36,4703.82,4703.99,4703.90,17.0,STEPLOCK_V1,STEP_LOCK,0.50:-0.25|1.00:0.25|2.00:1.00,NO,,,,0,0,0.309226,6.63,4710.45,4710.45,-1.000000,TIME_EXIT,2026.04.23 11:55:00,1776945300244,4704.83,600.210,-0.152350,-2.1472,3444,2026.04.23 11:55:00,1776945300244,210,4704.83
P2F4_CANDIDATE_S1,1776944700034_SELL,XAUUSD,PERIOD_M5,2026.04.23 11:45:00,1776944700034,2026.04.23 11:45:00,SELL,10,OK,1.250000,5.30,530.36,4703.82,4703.99,4703.90,17.0,GIVEBACK_100_075,MFE_GIVEBACK,TRIGGER=1.00|GAP=0.75|FLOOR=0.00,NO,,,,0,0,0.309226,6.63,4710.45,4710.45,-1.000000,TIME_EXIT,2026.04.23 11:55:00,1776945300244,4704.83,600.210,-0.152350,-2.1472,3444,2026.04.23 11:55:00,1776945300244,210,4704.83
P2F4_CANDIDATE_S1,1776980700137_SELL,XAUUSD,PERIOD_M5,2026.04.23 21:45:00,1776980700137,2026.04.23 21:45:00,SELL,10,OK,1.250000,12.65,1264.64,4711.36,4711.53,4711.44,17.0,CONTROL,CONTROL,NO_RETENTION,NO,,,,0,0,0.365004,15.81,4727.17,4727.17,-1.000000,TIME_EXIT,2026.04.23 21:55:00,1776981300156,4709.31,600.019,0.129681,4.3512,4459,2026.04.23 21:55:00,1776981300156,19,4709.31
P2F4_CANDIDATE_S1,1776980700137_SELL,XAUUSD,PERIOD_M5,2026.04.23 21:45:00,1776980700137,2026.04.23 21:45:00,SELL,10,OK,1.250000,12.65,1264.64,4711.36,4711.53,4711.44,17.0,LEGACY_BE_050,BREAK_EVEN,0.50:0.00,NO,,,,0,0,0.365004,15.81,4727.17,4727.17,-1.000000,TIME_EXIT,2026.04.23 21:55:00,1776981300156,4709.31,600.019,0.129681,4.3512,4459,2026.04.23 21:55:00,1776981300156,19,4709.31
P2F4_CANDIDATE_S1,1776980700137_SELL,XAUUSD,PERIOD_M5,2026.04.23 21:45:00,1776980700137,2026.04.23 21:45:00,SELL,10,OK,1.250000,12.65,1264.64,4711.36,4711.53,4711.44,17.0,STEPLOCK_V1,STEP_LOCK,0.50:-0.25|1.00:0.25|2.00:1.00,NO,,,,0,0,0.365004,15.81,4727.17,4727.17,-1.000000,TIME_EXIT,2026.04.23 21:55:00,1776981300156,4709.31,600.019,0.129681,4.3512,4459,2026.04.23 21:55:00,1776981300156,19,4709.31
P2F4_CANDIDATE_S1,1776980700137_SELL,XAUUSD,PERIOD_M5,2026.04.23 21:45:00,1776980700137,2026.04.23 21:45:00,SELL,10,OK,1.250000,12.65,1264.64,4711.36,4711.53,4711.44,17.0,GIVEBACK_100_075,MFE_GIVEBACK,TRIGGER=1.00|GAP=0.75|FLOOR=0.00,NO,,,,0,0,0.365004,15.81,4727.17,4727.17,-1.000000,TIME_EXIT,2026.04.23 21:55:00,1776981300156,4709.31,600.019,0.129681,4.3512,4459,2026.04.23 21:55:00,1776981300156,19,4709.31
P2F4_CANDIDATE_S1,1776999900091_SELL,XAUUSD,PERIOD_M5,2026.04.24 03:05:00,1776999900091,2026.04.24 03:05:00,SELL,10,OK,1.250000,4.16,416.00,4691.93,4691.99,4691.96,6.0,CONTROL,CONTROL,NO_RETENTION,NO,,,,0,0,0.000000,5.20,4697.13,4697.13,-1.000000,HARD_SL,2026.04.24 03:07:24,1777000044548,4697.25,144.457,-1.000000,-11.0829,3688,2026.04.24 03:15:00,1777000500116,25,4698.32
P2F4_CANDIDATE_S1,1776999900091_SELL,XAUUSD,PERIOD_M5,2026.04.24 03:05:00,1776999900091,2026.04.24 03:05:00,SELL,10,OK,1.250000,4.16,416.00,4691.93,4691.99,4691.96,6.0,LEGACY_BE_050,BREAK_EVEN,0.50:0.00,NO,,,,0,0,0.000000,5.20,4697.13,4697.13,-1.000000,HARD_SL,2026.04.24 03:07:24,1777000044548,4697.25,144.457,-1.000000,-11.0829,3688,2026.04.24 03:15:00,1777000500116,25,4698.32
P2F4_CANDIDATE_S1,1776999900091_SELL,XAUUSD,PERIOD_M5,2026.04.24 03:05:00,1776999900091,2026.04.24 03:05:00,SELL,10,OK,1.250000,4.16,416.00,4691.93,4691.99,4691.96,6.0,STEPLOCK_V1,STEP_LOCK,0.50:-0.25|1.00:0.25|2.00:1.00,NO,,,,0,0,0.000000,5.20,4697.13,4697.13,-1.000000,HARD_SL,2026.04.24 03:07:24,1777000044548,4697.25,144.457,-1.000000,-11.0829,3688,2026.04.24 03:15:00,1777000500116,25,4698.32
P2F4_CANDIDATE_S1,1776999900091_SELL,XAUUSD,PERIOD_M5,2026.04.24 03:05:00,1776999900091,2026.04.24 03:05:00,SELL,10,OK,1.250000,4.16,416.00,4691.93,4691.99,4691.96,6.0,GIVEBACK_100_075,MFE_GIVEBACK,TRIGGER=1.00|GAP=0.75|FLOOR=0.00,NO,,,,0,0,0.000000,5.20,4697.13,4697.13,-1.000000,HARD_SL,2026.04.24 03:07:24,1777000044548,4697.25,144.457,-1.000000,-11.0829,3688,2026.04.24 03:15:00,1777000500116,25,4698.32
P2F4_CANDIDATE_S1,1777005600031_SELL,XAUUSD,PERIOD_M5,2026.04.24 04:40:00,1777005600031,2026.04.24 04:40:00,SELL,10,OK,1.250000,6.20,619.79,4695.99,4696.20,4696.09,21.0,CONTROL,CONTROL,NO_RETENTION,NO,,,,0,0,0.708632,7.75,4703.74,4703.74,-1.000000,TIME_EXIT,2026.04.24 04:50:00,1777006200048,4697.23,600.017,-0.160055,-2.6406,4094,2026.04.24 04:50:00,1777006200048,17,4697.23
P2F4_CANDIDATE_S1,1777005600031_SELL,XAUUSD,PERIOD_M5,2026.04.24 04:40:00,1777005600031,2026.04.24 04:40:00,SELL,10,OK,1.250000,6.20,619.79,4695.99,4696.20,4696.09,21.0,LEGACY_BE_050,BREAK_EVEN,0.50:0.00,YES,2026.04.24 04:43:57,1777005837075,237.044,1,1,0.708632,7.75,4703.74,4695.99,0.000000,RETENTION_STOP,2026.04.24 04:49:25,1777006165236,4696.00,565.205,0.000000,0.0000,4094,2026.04.24 04:50:00,1777006200048,17,4697.23
P2F4_CANDIDATE_S1,1777005600031_SELL,XAUUSD,PERIOD_M5,2026.04.24 04:40:00,1777005600031,2026.04.24 04:40:00,SELL,10,OK,1.250000,6.20,619.79,4695.99,4696.20,4696.09,21.0,STEPLOCK_V1,STEP_LOCK,0.50:-0.25|1.00:0.25|2.00:1.00,YES,2026.04.24 04:43:57,1777005837075,237.044,1,1,0.708632,7.75,4703.74,4697.93,-0.250000,TIME_EXIT,2026.04.24 04:50:00,1777006200048,4697.23,600.017,-0.160055,-2.6406,4094,2026.04.24 04:50:00,1777006200048,17,4697.23
P2F4_CANDIDATE_S1,1777005600031_SELL,XAUUSD,PERIOD_M5,2026.04.24 04:40:00,1777005600031,2026.04.24 04:40:00,SELL,10,OK,1.250000,6.20,619.79,4695.99,4696.20,4696.09,21.0,GIVEBACK_100_075,MFE_GIVEBACK,TRIGGER=1.00|GAP=0.75|FLOOR=0.00,NO,,,,0,0,0.708632,7.75,4703.74,4703.74,-1.000000,TIME_EXIT,2026.04.24 04:50:00,1777006200048,4697.23,600.017,-0.160055,-2.6406,4094,2026.04.24 04:50:00,1777006200048,17,4697.23
P2F4_CANDIDATE_S1,1777023300011_SELL,XAUUSD,PERIOD_M5,2026.04.24 09:35:00,1777023300011,2026.04.24 09:35:00,SELL,10,OK,1.250000,4.40,439.86,4672.05,4672.22,4672.14,17.0,CONTROL,CONTROL,NO_RETENTION,NO,,,,0,0,0.367392,5.50,4677.55,4677.55,-1.000000,TIME_EXIT,2026.04.24 09:45:00,1777023900022,4673.88,600.011,-0.332835,-3.9169,3394,2026.04.24 09:45:00,1777023900022,11,4673.88
P2F4_CANDIDATE_S1,1777023300011_SELL,XAUUSD,PERIOD_M5,2026.04.24 09:35:00,1777023300011,2026.04.24 09:35:00,SELL,10,OK,1.250000,4.40,439.86,4672.05,4672.22,4672.14,17.0,LEGACY_BE_050,BREAK_EVEN,0.50:0.00,NO,,,,0,0,0.367392,5.50,4677.55,4677.55,-1.000000,TIME_EXIT,2026.04.24 09:45:00,1777023900022,4673.88,600.011,-0.332835,-3.9169,3394,2026.04.24 09:45:00,1777023900022,11,4673.88
P2F4_CANDIDATE_S1,1777023300011_SELL,XAUUSD,PERIOD_M5,2026.04.24 09:35:00,1777023300011,2026.04.24 09:35:00,SELL,10,OK,1.250000,4.40,439.86,4672.05,4672.22,4672.14,17.0,STEPLOCK_V1,STEP_LOCK,0.50:-0.25|1.00:0.25|2.00:1.00,NO,,,,0,0,0.367392,5.50,4677.55,4677.55,-1.000000,TIME_EXIT,2026.04.24 09:45:00,1777023900022,4673.88,600.011,-0.332835,-3.9169,3394,2026.04.24 09:45:00,1777023900022,11,4673.88
P2F4_CANDIDATE_S1,1777023300011_SELL,XAUUSD,PERIOD_M5,2026.04.24 09:35:00,1777023300011,2026.04.24 09:35:00,SELL,10,OK,1.250000,4.40,439.86,4672.05,4672.22,4672.14,17.0,GIVEBACK_100_075,MFE_GIVEBACK,TRIGGER=1.00|GAP=0.75|FLOOR=0.00,NO,,,,0,0,0.367392,5.50,4677.55,4677.55,-1.000000,TIME_EXIT,2026.04.24 09:45:00,1777023900022,4673.88,600.011,-0.332835,-3.9169,3394,2026.04.24 09:45:00,1777023900022,11,4673.88
P2F4_CANDIDATE_S1,1777034400014_SELL,XAUUSD,PERIOD_M5,2026.04.24 12:40:00,1777034400014,2026.04.24 12:40:00,SELL,10,OK,1.250000,4.13,412.57,4682.90,4683.07,4682.98,17.0,CONTROL,CONTROL,NO_RETENTION,NO,,,,0,0,0.093075,5.16,4688.06,4688.06,-1.000000,HARD_SL,2026.04.24 12:42:53,1777034573648,4688.09,173.634,-1.000000,-11.0127,2582,2026.04.24 12:50:00,1777035000122,108,4685.32
P2F4_CANDIDATE_S1,1777034400014_SELL,XAUUSD,PERIOD_M5,2026.04.24 12:40:00,1777034400014,2026.04.24 12:40:00,SELL,10,OK,1.250000,4.13,412.57,4682.90,4683.07,4682.98,17.0,LEGACY_BE_050,BREAK_EVEN,0.50:0.00,NO,,,,0,0,0.093075,5.16,4688.06,4688.06,-1.000000,HARD_SL,2026.04.24 12:42:53,1777034573648,4688.09,173.634,-1.000000,-11.0127,2582,2026.04.24 12:50:00,1777035000122,108,4685.32
P2F4_CANDIDATE_S1,1777034400014_SELL,XAUUSD,PERIOD_M5,2026.04.24 12:40:00,1777034400014,2026.04.24 12:40:00,SELL,10,OK,1.250000,4.13,412.57,4682.90,4683.07,4682.98,17.0,STEPLOCK_V1,STEP_LOCK,0.50:-0.25|1.00:0.25|2.00:1.00,NO,,,,0,0,0.093075,5.16,4688.06,4688.06,-1.000000,HARD_SL,2026.04.24 12:42:53,1777034573648,4688.09,173.634,-1.000000,-11.0127,2582,2026.04.24 12:50:00,1777035000122,108,4685.32
P2F4_CANDIDATE_S1,1777034400014_SELL,XAUUSD,PERIOD_M5,2026.04.24 12:40:00,1777034400014,2026.04.24 12:40:00,SELL,10,OK,1.250000,4.13,412.57,4682.90,4683.07,4682.98,17.0,GIVEBACK_100_075,MFE_GIVEBACK,TRIGGER=1.00|GAP=0.75|FLOOR=0.00,NO,,,,0,0,0.093075,5.16,4688.06,4688.06,-1.000000,HARD_SL,2026.04.24 12:42:53,1777034573648,4688.09,173.634,-1.000000,-11.0127,2582,2026.04.24 12:50:00,1777035000122,108,4685.32
P2F4_CANDIDATE_S1,1777299600006_SELL,XAUUSD,PERIOD_M5,2026.04.27 14:20:00,1777299600006,2026.04.27 14:20:00,SELL,10,OK,1.250000,3.16,315.57,4704.06,4704.23,4704.15,17.0,CONTROL,CONTROL,NO_RETENTION,NO,,,,0,0,0.920235,3.94,4708.00,4708.00,-1.000000,TIME_EXIT,2026.04.27 14:30:00,1777300200086,4705.40,600.080,-0.339701,-2.8486,2946,2026.04.27 14:30:00,1777300200086,80,4705.40
P2F4_CANDIDATE_S1,1777299600006_SELL,XAUUSD,PERIOD_M5,2026.04.27 14:20:00,1777299600006,2026.04.27 14:20:00,SELL,10,OK,1.250000,3.16,315.57,4704.06,4704.23,4704.15,17.0,LEGACY_BE_050,BREAK_EVEN,0.50:0.00,YES,2026.04.27 14:21:15,1777299675194,75.188,1,1,0.920235,3.94,4708.00,4704.06,0.000000,RETENTION_STOP,2026.04.27 14:23:25,1777299805546,4704.11,205.540,0.000000,0.0000,2946,2026.04.27 14:30:00,1777300200086,80,4705.40
P2F4_CANDIDATE_S1,1777299600006_SELL,XAUUSD,PERIOD_M5,2026.04.27 14:20:00,1777299600006,2026.04.27 14:20:00,SELL,10,OK,1.250000,3.16,315.57,4704.06,4704.23,4704.15,17.0,STEPLOCK_V1,STEP_LOCK,0.50:-0.25|1.00:0.25|2.00:1.00,YES,2026.04.27 14:21:15,1777299675194,75.188,1,1,0.920235,3.94,4708.00,4705.05,-0.250000,RETENTION_STOP,2026.04.27 14:26:11,1777299971127,4705.11,371.121,-0.250000,-2.0964,2946,2026.04.27 14:30:00,1777300200086,80,4705.40
P2F4_CANDIDATE_S1,1777299600006_SELL,XAUUSD,PERIOD_M5,2026.04.27 14:20:00,1777299600006,2026.04.27 14:20:00,SELL,10,OK,1.250000,3.16,315.57,4704.06,4704.23,4704.15,17.0,GIVEBACK_100_075,MFE_GIVEBACK,TRIGGER=1.00|GAP=0.75|FLOOR=0.00,NO,,,,0,0,0.920235,3.94,4708.00,4708.00,-1.000000,TIME_EXIT,2026.04.27 14:30:00,1777300200086,4705.40,600.080,-0.339701,-2.8486,2946,2026.04.27 14:30:00,1777300200086,80,4705.40
P2F4_CANDIDATE_S1,1777304400054_SELL,XAUUSD,PERIOD_M5,2026.04.27 15:40:00,1777304400054,2026.04.27 15:40:00,SELL,10,OK,1.250000,4.22,422.00,4701.60,4701.77,4701.69,17.0,CONTROL,CONTROL,NO_RETENTION,NO,,,,0,0,0.843602,5.28,4706.88,4706.88,-1.000000,TIME_EXIT,2026.04.27 15:50:00,1777305000091,4703.51,600.037,-0.362085,-4.0624,5072,2026.04.27 15:50:00,1777305000091,37,4703.51
P2F4_CANDIDATE_S1,1777304400054_SELL,XAUUSD,PERIOD_M5,2026.04.27 15:40:00,1777304400054,2026.04.27 15:40:00,SELL,10,OK,1.250000,4.22,422.00,4701.60,4701.77,4701.69,17.0,LEGACY_BE_050,BREAK_EVEN,0.50:0.00,YES,2026.04.27 15:41:39,1777304499679,99.625,1,1,0.843602,5.28,4706.88,4701.60,0.000000,RETENTION_STOP,2026.04.27 15:47:40,1777304860258,4701.61,460.204,0.000000,0.0000,5072,2026.04.27 15:50:00,1777305000091,37,4703.51
P2F4_CANDIDATE_S1,1777304400054_SELL,XAUUSD,PERIOD_M5,2026.04.27 15:40:00,1777304400054,2026.04.27 15:40:00,SELL,10,OK,1.250000,4.22,422.00,4701.60,4701.77,4701.69,17.0,STEPLOCK_V1,STEP_LOCK,0.50:-0.25|1.00:0.25|2.00:1.00,YES,2026.04.27 15:41:39,1777304499679,99.625,1,1,0.843602,5.28,4706.88,4702.92,-0.250000,RETENTION_STOP,2026.04.27 15:48:44,1777304924519,4703.07,524.465,-0.250000,-2.8049,5072,2026.04.27 15:50:00,1777305000091,37,4703.51
P2F4_CANDIDATE_S1,1777304400054_SELL,XAUUSD,PERIOD_M5,2026.04.27 15:40:00,1777304400054,2026.04.27 15:40:00,SELL,10,OK,1.250000,4.22,422.00,4701.60,4701.77,4701.69,17.0,GIVEBACK_100_075,MFE_GIVEBACK,TRIGGER=1.00|GAP=0.75|FLOOR=0.00,NO,,,,0,0,0.843602,5.28,4706.88,4706.88,-1.000000,TIME_EXIT,2026.04.27 15:50:00,1777305000091,4703.51,600.037,-0.362085,-4.0624,5072,2026.04.27 15:50:00,1777305000091,37,4703.51
P2F4_CANDIDATE_S1,1777329600095_SELL,XAUUSD,PERIOD_M5,2026.04.27 22:40:00,1777329600095,2026.04.27 22:40:00,SELL,10,OK,1.250000,2.20,219.50,4677.56,4677.73,4677.65,17.0,CONTROL,CONTROL,NO_RETENTION,NO,,,,0,0,0.000000,2.74,4680.30,4680.30,-1.000000,HARD_SL,2026.04.27 22:44:52,1777329892696,4680.32,292.601,-1.000000,-5.8658,3995,2026.04.27 22:50:00,1777330200096,1,4681.18
P2F4_CANDIDATE_S1,1777329600095_SELL,XAUUSD,PERIOD_M5,2026.04.27 22:40:00,1777329600095,2026.04.27 22:40:00,SELL,10,OK,1.250000,2.20,219.50,4677.56,4677.73,4677.65,17.0,LEGACY_BE_050,BREAK_EVEN,0.50:0.00,NO,,,,0,0,0.000000,2.74,4680.30,4680.30,-1.000000,HARD_SL,2026.04.27 22:44:52,1777329892696,4680.32,292.601,-1.000000,-5.8658,3995,2026.04.27 22:50:00,1777330200096,1,4681.18
P2F4_CANDIDATE_S1,1777329600095_SELL,XAUUSD,PERIOD_M5,2026.04.27 22:40:00,1777329600095,2026.04.27 22:40:00,SELL,10,OK,1.250000,2.20,219.50,4677.56,4677.73,4677.65,17.0,STEPLOCK_V1,STEP_LOCK,0.50:-0.25|1.00:0.25|2.00:1.00,NO,,,,0,0,0.000000,2.74,4680.30,4680.30,-1.000000,HARD_SL,2026.04.27 22:44:52,1777329892696,4680.32,292.601,-1.000000,-5.8658,3995,2026.04.27 22:50:00,1777330200096,1,4681.18
P2F4_CANDIDATE_S1,1777329600095_SELL,XAUUSD,PERIOD_M5,2026.04.27 22:40:00,1777329600095,2026.04.27 22:40:00,SELL,10,OK,1.250000,2.20,219.50,4677.56,4677.73,4677.65,17.0,GIVEBACK_100_075,MFE_GIVEBACK,TRIGGER=1.00|GAP=0.75|FLOOR=0.00,NO,,,,0,0,0.000000,2.74,4680.30,4680.30,-1.000000,HARD_SL,2026.04.27 22:44:52,1777329892696,4680.32,292.601,-1.000000,-5.8658,3995,2026.04.27 22:50:00,1777330200096,1,4681.18
P2F4_CANDIDATE_S1,1777349100017_SELL,XAUUSD,PERIOD_M5,2026.04.28 04:05:00,1777349100017,2026.04.28 04:05:00,SELL,10,OK,1.250000,3.48,348.36,4689.34,4689.55,4689.44,21.0,CONTROL,CONTROL,NO_RETENTION,NO,,,,0,0,0.610867,4.35,4693.69,4693.69,-1.000000,TIME_EXIT,2026.04.28 04:15:00,1777349700323,4687.97,600.306,0.314620,2.9215,3184,2026.04.28 04:15:00,1777349700323,306,4687.97
P2F4_CANDIDATE_S1,1777349100017_SELL,XAUUSD,PERIOD_M5,2026.04.28 04:05:00,1777349100017,2026.04.28 04:05:00,SELL,10,OK,1.250000,3.48,348.36,4689.34,4689.55,4689.44,21.0,LEGACY_BE_050,BREAK_EVEN,0.50:0.00,YES,2026.04.28 04:05:18,1777349118507,18.490,1,1,0.610867,4.35,4693.69,4689.34,0.000000,RETENTION_STOP,2026.04.28 04:07:22,1777349242499,4689.34,142.482,0.000000,0.0000,3184,2026.04.28 04:15:00,1777349700323,306,4687.97
P2F4_CANDIDATE_S1,1777349100017_SELL,XAUUSD,PERIOD_M5,2026.04.28 04:05:00,1777349100017,2026.04.28 04:05:00,SELL,10,OK,1.250000,3.48,348.36,4689.34,4689.55,4689.44,21.0,STEPLOCK_V1,STEP_LOCK,0.50:-0.25|1.00:0.25|2.00:1.00,YES,2026.04.28 04:05:18,1777349118507,18.490,1,1,0.610867,4.35,4693.69,4690.43,-0.250000,RETENTION_STOP,2026.04.28 04:08:17,1777349297367,4690.50,197.350,-0.250000,-2.3215,3184,2026.04.28 04:15:00,1777349700323,306,4687.97
P2F4_CANDIDATE_S1,1777349100017_SELL,XAUUSD,PERIOD_M5,2026.04.28 04:05:00,1777349100017,2026.04.28 04:05:00,SELL,10,OK,1.250000,3.48,348.36,4689.34,4689.55,4689.44,21.0,GIVEBACK_100_075,MFE_GIVEBACK,TRIGGER=1.00|GAP=0.75|FLOOR=0.00,NO,,,,0,0,0.610867,4.35,4693.69,4693.69,-1.000000,TIME_EXIT,2026.04.28 04:15:00,1777349700323,4687.97,600.306,0.314620,2.9215,3184,2026.04.28 04:15:00,1777349700323,306,4687.97
P2F4_CANDIDATE_S1,1777392600017_SELL,XAUUSD,PERIOD_M5,2026.04.28 16:10:00,1777392600017,2026.04.28 16:10:00,SELL,10,OK,1.250000,10.69,1068.93,4573.11,4573.15,4573.13,4.0,CONTROL,CONTROL,NO_RETENTION,NO,,,,0,0,0.125733,13.36,4586.47,4586.47,-1.000000,TIME_EXIT,2026.04.28 16:20:00,1777393200024,4577.46,600.007,-0.325560,-9.5121,5009,2026.04.28 16:20:00,1777393200024,7,4577.46
P2F4_CANDIDATE_S1,1777392600017_SELL,XAUUSD,PERIOD_M5,2026.04.28 16:10:00,1777392600017,2026.04.28 16:10:00,SELL,10,OK,1.250000,10.69,1068.93,4573.11,4573.15,4573.13,4.0,LEGACY_BE_050,BREAK_EVEN,0.50:0.00,NO,,,,0,0,0.125733,13.36,4586.47,4586.47,-1.000000,TIME_EXIT,2026.04.28 16:20:00,1777393200024,4577.46,600.007,-0.325560,-9.5121,5009,2026.04.28 16:20:00,1777393200024,7,4577.46
P2F4_CANDIDATE_S1,1777392600017_SELL,XAUUSD,PERIOD_M5,2026.04.28 16:10:00,1777392600017,2026.04.28 16:10:00,SELL,10,OK,1.250000,10.69,1068.93,4573.11,4573.15,4573.13,4.0,STEPLOCK_V1,STEP_LOCK,0.50:-0.25|1.00:0.25|2.00:1.00,NO,,,,0,0,0.125733,13.36,4586.47,4586.47,-1.000000,TIME_EXIT,2026.04.28 16:20:00,1777393200024,4577.46,600.007,-0.325560,-9.5121,5009,2026.04.28 16:20:00,1777393200024,7,4577.46
P2F4_CANDIDATE_S1,1777392600017_SELL,XAUUSD,PERIOD_M5,2026.04.28 16:10:00,1777392600017,2026.04.28 16:10:00,SELL,10,OK,1.250000,10.69,1068.93,4573.11,4573.15,4573.13,4.0,GIVEBACK_100_075,MFE_GIVEBACK,TRIGGER=1.00|GAP=0.75|FLOOR=0.00,NO,,,,0,0,0.125733,13.36,4586.47,4586.47,-1.000000,TIME_EXIT,2026.04.28 16:20:00,1777393200024,4577.46,600.007,-0.325560,-9.5121,5009,2026.04.28 16:20:00,1777393200024,7,4577.46
P2F4_CANDIDATE_S1,1777426800238_SELL,XAUUSD,PERIOD_M5,2026.04.29 01:40:00,1777426800238,2026.04.29 01:40:00,SELL,10,OK,1.250000,2.59,258.71,4594.18,4594.43,4594.31,25.0,CONTROL,CONTROL,NO_RETENTION,NO,,,,0,0,0.327775,3.23,4597.41,4597.41,-1.000000,TIME_EXIT,2026.04.29 01:50:02,1777427402650,4594.12,602.412,0.018553,0.1306,1063,2026.04.29 01:50:02,1777427402650,2412,4594.12
P2F4_CANDIDATE_S1,1777426800238_SELL,XAUUSD,PERIOD_M5,2026.04.29 01:40:00,1777426800238,2026.04.29 01:40:00,SELL,10,OK,1.250000,2.59,258.71,4594.18,4594.43,4594.31,25.0,LEGACY_BE_050,BREAK_EVEN,0.50:0.00,NO,,,,0,0,0.327775,3.23,4597.41,4597.41,-1.000000,TIME_EXIT,2026.04.29 01:50:02,1777427402650,4594.12,602.412,0.018553,0.1306,1063,2026.04.29 01:50:02,1777427402650,2412,4594.12
P2F4_CANDIDATE_S1,1777426800238_SELL,XAUUSD,PERIOD_M5,2026.04.29 01:40:00,1777426800238,2026.04.29 01:40:00,SELL,10,OK,1.250000,2.59,258.71,4594.18,4594.43,4594.31,25.0,STEPLOCK_V1,STEP_LOCK,0.50:-0.25|1.00:0.25|2.00:1.00,NO,,,,0,0,0.327775,3.23,4597.41,4597.41,-1.000000,TIME_EXIT,2026.04.29 01:50:02,1777427402650,4594.12,602.412,0.018553,0.1306,1063,2026.04.29 01:50:02,1777427402650,2412,4594.12
P2F4_CANDIDATE_S1,1777426800238_SELL,XAUUSD,PERIOD_M5,2026.04.29 01:40:00,1777426800238,2026.04.29 01:40:00,SELL,10,OK,1.250000,2.59,258.71,4594.18,4594.43,4594.31,25.0,GIVEBACK_100_075,MFE_GIVEBACK,TRIGGER=1.00|GAP=0.75|FLOOR=0.00,NO,,,,0,0,0.327775,3.23,4597.41,4597.41,-1.000000,TIME_EXIT,2026.04.29 01:50:02,1777427402650,4594.12,602.412,0.018553,0.1306,1063,2026.04.29 01:50:02,1777427402650,2412,4594.12
P2F4_CANDIDATE_S1,1777435500035_SELL,XAUUSD,PERIOD_M5,2026.04.29 04:05:00,1777435500035,2026.04.29 04:05:00,SELL,10,OK,1.250000,5.73,573.00,4582.65,4582.85,4582.75,20.0,CONTROL,CONTROL,NO_RETENTION,NO,,,,0,0,0.911693,7.16,4589.81,4589.81,-1.000000,TIME_EXIT,2026.04.29 04:15:00,1777436100094,4582.52,600.059,0.018150,0.2837,5376,2026.04.29 04:15:00,1777436100094,59,4582.52
P2F4_CANDIDATE_S1,1777435500035_SELL,XAUUSD,PERIOD_M5,2026.04.29 04:05:00,1777435500035,2026.04.29 04:05:00,SELL,10,OK,1.250000,5.73,573.00,4582.65,4582.85,4582.75,20.0,LEGACY_BE_050,BREAK_EVEN,0.50:0.00,YES,2026.04.29 04:08:17,1777435697940,197.905,1,1,0.911693,7.16,4589.81,4582.65,0.000000,RETENTION_STOP,2026.04.29 04:10:02,1777435802303,4582.84,302.268,0.000000,0.0000,5376,2026.04.29 04:15:00,1777436100094,59,4582.52
P2F4_CANDIDATE_S1,1777435500035_SELL,XAUUSD,PERIOD_M5,2026.04.29 04:05:00,1777435500035,2026.04.29 04:05:00,SELL,10,OK,1.250000,5.73,573.00,4582.65,4582.85,4582.75,20.0,STEPLOCK_V1,STEP_LOCK,0.50:-0.25|1.00:0.25|2.00:1.00,YES,2026.04.29 04:08:17,1777435697940,197.905,1,1,0.911693,7.16,4589.81,4584.44,-0.250000,RETENTION_STOP,2026.04.29 04:11:02,1777435862827,4584.54,362.792,-0.250000,-3.9074,5376,2026.04.29 04:15:00,1777436100094,59,4582.52
P2F4_CANDIDATE_S1,1777435500035_SELL,XAUUSD,PERIOD_M5,2026.04.29 04:05:00,1777435500035,2026.04.29 04:05:00,SELL,10,OK,1.250000,5.73,573.00,4582.65,4582.85,4582.75,20.0,GIVEBACK_100_075,MFE_GIVEBACK,TRIGGER=1.00|GAP=0.75|FLOOR=0.00,NO,,,,0,0,0.911693,7.16,4589.81,4589.81,-1.000000,TIME_EXIT,2026.04.29 04:15:00,1777436100094,4582.52,600.059,0.018150,0.2837,5376,2026.04.29 04:15:00,1777436100094,59,4582.52
P2F4_CANDIDATE_S1,1777445700158_SELL,XAUUSD,PERIOD_M5,2026.04.29 06:55:00,1777445700158,2026.04.29 06:55:00,SELL,10,OK,1.250000,3.72,372.36,4595.07,4595.28,4595.17,21.0,CONTROL,CONTROL,NO_RETENTION,NO,,,,0,0,0.330865,4.65,4599.72,4599.72,-1.000000,TIME_EXIT,2026.04.29 07:05:00,1777446300496,4598.06,600.338,-0.642394,-6.5070,1832,2026.04.29 07:05:00,1777446300496,338,4598.06
P2F4_CANDIDATE_S1,1777445700158_SELL,XAUUSD,PERIOD_M5,2026.04.29 06:55:00,1777445700158,2026.04.29 06:55:00,SELL,10,OK,1.250000,3.72,372.36,4595.07,4595.28,4595.17,21.0,LEGACY_BE_050,BREAK_EVEN,0.50:0.00,NO,,,,0,0,0.330865,4.65,4599.72,4599.72,-1.000000,TIME_EXIT,2026.04.29 07:05:00,1777446300496,4598.06,600.338,-0.642394,-6.5070,1832,2026.04.29 07:05:00,1777446300496,338,4598.06
P2F4_CANDIDATE_S1,1777445700158_SELL,XAUUSD,PERIOD_M5,2026.04.29 06:55:00,1777445700158,2026.04.29 06:55:00,SELL,10,OK,1.250000,3.72,372.36,4595.07,4595.28,4595.17,21.0,STEPLOCK_V1,STEP_LOCK,0.50:-0.25|1.00:0.25|2.00:1.00,NO,,,,0,0,0.330865,4.65,4599.72,4599.72,-1.000000,TIME_EXIT,2026.04.29 07:05:00,1777446300496,4598.06,600.338,-0.642394,-6.5070,1832,2026.04.29 07:05:00,1777446300496,338,4598.06
P2F4_CANDIDATE_S1,1777445700158_SELL,XAUUSD,PERIOD_M5,2026.04.29 06:55:00,1777445700158,2026.04.29 06:55:00,SELL,10,OK,1.250000,3.72,372.36,4595.07,4595.28,4595.17,21.0,GIVEBACK_100_075,MFE_GIVEBACK,TRIGGER=1.00|GAP=0.75|FLOOR=0.00,NO,,,,0,0,0.330865,4.65,4599.72,4599.72,-1.000000,TIME_EXIT,2026.04.29 07:05:00,1777446300496,4598.06,600.338,-0.642394,-6.5070,1832,2026.04.29 07:05:00,1777446300496,338,4598.06
P2F4_CANDIDATE_S1,1777452000029_SELL,XAUUSD,PERIOD_M5,2026.04.29 08:40:00,1777452000029,2026.04.29 08:40:00,SELL,10,OK,1.250000,3.02,301.86,4595.46,4595.63,4595.55,17.0,CONTROL,CONTROL,NO_RETENTION,NO,,,,0,0,0.002650,3.77,4599.23,4599.23,-1.000000,HARD_SL,2026.04.29 08:44:20,1777452260252,4599.27,260.223,-1.000000,-8.2107,2906,2026.04.29 08:50:00,1777452600173,144,4599.65
P2F4_CANDIDATE_S1,1777452000029_SELL,XAUUSD,PERIOD_M5,2026.04.29 08:40:00,1777452000029,2026.04.29 08:40:00,SELL,10,OK,1.250000,3.02,301.86,4595.46,4595.63,4595.55,17.0,LEGACY_BE_050,BREAK_EVEN,0.50:0.00,NO,,,,0,0,0.002650,3.77,4599.23,4599.23,-1.000000,HARD_SL,2026.04.29 08:44:20,1777452260252,4599.27,260.223,-1.000000,-8.2107,2906,2026.04.29 08:50:00,1777452600173,144,4599.65
P2F4_CANDIDATE_S1,1777452000029_SELL,XAUUSD,PERIOD_M5,2026.04.29 08:40:00,1777452000029,2026.04.29 08:40:00,SELL,10,OK,1.250000,3.02,301.86,4595.46,4595.63,4595.55,17.0,STEPLOCK_V1,STEP_LOCK,0.50:-0.25|1.00:0.25|2.00:1.00,NO,,,,0,0,0.002650,3.77,4599.23,4599.23,-1.000000,HARD_SL,2026.04.29 08:44:20,1777452260252,4599.27,260.223,-1.000000,-8.2107,2906,2026.04.29 08:50:00,1777452600173,144,4599.65
P2F4_CANDIDATE_S1,1777452000029_SELL,XAUUSD,PERIOD_M5,2026.04.29 08:40:00,1777452000029,2026.04.29 08:40:00,SELL,10,OK,1.250000,3.02,301.86,4595.46,4595.63,4595.55,17.0,GIVEBACK_100_075,MFE_GIVEBACK,TRIGGER=1.00|GAP=0.75|FLOOR=0.00,NO,,,,0,0,0.002650,3.77,4599.23,4599.23,-1.000000,HARD_SL,2026.04.29 08:44:20,1777452260252,4599.27,260.223,-1.000000,-8.2107,2906,2026.04.29 08:50:00,1777452600173,144,4599.65
P2F4_CANDIDATE_S1,1777465800083_SELL,XAUUSD,PERIOD_M5,2026.04.29 12:30:00,1777465800083,2026.04.29 12:30:00,SELL,10,OK,1.250000,5.58,557.86,4565.74,4565.78,4565.76,4.0,CONTROL,CONTROL,NO_RETENTION,NO,,,,0,0,0.407273,6.97,4572.71,4572.71,-1.000000,TIME_EXIT,2026.04.29 12:40:00,1777466400114,4564.72,600.031,0.146274,2.2340,3827,2026.04.29 12:40:00,1777466400114,31,4564.72
P2F4_CANDIDATE_S1,1777465800083_SELL,XAUUSD,PERIOD_M5,2026.04.29 12:30:00,1777465800083,2026.04.29 12:30:00,SELL,10,OK,1.250000,5.58,557.86,4565.74,4565.78,4565.76,4.0,LEGACY_BE_050,BREAK_EVEN,0.50:0.00,NO,,,,0,0,0.407273,6.97,4572.71,4572.71,-1.000000,TIME_EXIT,2026.04.29 12:40:00,1777466400114,4564.72,600.031,0.146274,2.2340,3827,2026.04.29 12:40:00,1777466400114,31,4564.72
P2F4_CANDIDATE_S1,1777465800083_SELL,XAUUSD,PERIOD_M5,2026.04.29 12:30:00,1777465800083,2026.04.29 12:30:00,SELL,10,OK,1.250000,5.58,557.86,4565.74,4565.78,4565.76,4.0,STEPLOCK_V1,STEP_LOCK,0.50:-0.25|1.00:0.25|2.00:1.00,NO,,,,0,0,0.407273,6.97,4572.71,4572.71,-1.000000,TIME_EXIT,2026.04.29 12:40:00,1777466400114,4564.72,600.031,0.146274,2.2340,3827,2026.04.29 12:40:00,1777466400114,31,4564.72
P2F4_CANDIDATE_S1,1777465800083_SELL,XAUUSD,PERIOD_M5,2026.04.29 12:30:00,1777465800083,2026.04.29 12:30:00,SELL,10,OK,1.250000,5.58,557.86,4565.74,4565.78,4565.76,4.0,GIVEBACK_100_075,MFE_GIVEBACK,TRIGGER=1.00|GAP=0.75|FLOOR=0.00,NO,,,,0,0,0.407273,6.97,4572.71,4572.71,-1.000000,TIME_EXIT,2026.04.29 12:40:00,1777466400114,4564.72,600.031,0.146274,2.2340,3827,2026.04.29 12:40:00,1777466400114,31,4564.72
P2F4_CANDIDATE_S1,1777470900034_SELL,XAUUSD,PERIOD_M5,2026.04.29 13:55:00,1777470900034,2026.04.29 13:55:00,SELL,10,OK,1.250000,4.89,488.93,4566.54,4566.71,4566.63,17.0,CONTROL,CONTROL,NO_RETENTION,NO,,,,0,0,0.395968,6.11,4572.65,4572.65,-1.000000,TIME_EXIT,2026.04.29 14:05:00,1777471500252,4568.29,600.218,-0.286340,-3.8322,3277,2026.04.29 14:05:00,1777471500252,218,4568.29
P2F4_CANDIDATE_S1,1777470900034_SELL,XAUUSD,PERIOD_M5,2026.04.29 13:55:00,1777470900034,2026.04.29 13:55:00,SELL,10,OK,1.250000,4.89,488.93,4566.54,4566.71,4566.63,17.0,LEGACY_BE_050,BREAK_EVEN,0.50:0.00,NO,,,,0,0,0.395968,6.11,4572.65,4572.65,-1.000000,TIME_EXIT,2026.04.29 14:05:00,1777471500252,4568.29,600.218,-0.286340,-3.8322,3277,2026.04.29 14:05:00,1777471500252,218,4568.29
P2F4_CANDIDATE_S1,1777470900034_SELL,XAUUSD,PERIOD_M5,2026.04.29 13:55:00,1777470900034,2026.04.29 13:55:00,SELL,10,OK,1.250000,4.89,488.93,4566.54,4566.71,4566.63,17.0,STEPLOCK_V1,STEP_LOCK,0.50:-0.25|1.00:0.25|2.00:1.00,NO,,,,0,0,0.395968,6.11,4572.65,4572.65,-1.000000,TIME_EXIT,2026.04.29 14:05:00,1777471500252,4568.29,600.218,-0.286340,-3.8322,3277,2026.04.29 14:05:00,1777471500252,218,4568.29
P2F4_CANDIDATE_S1,1777470900034_SELL,XAUUSD,PERIOD_M5,2026.04.29 13:55:00,1777470900034,2026.04.29 13:55:00,SELL,10,OK,1.250000,4.89,488.93,4566.54,4566.71,4566.63,17.0,GIVEBACK_100_075,MFE_GIVEBACK,TRIGGER=1.00|GAP=0.75|FLOOR=0.00,NO,,,,0,0,0.395968,6.11,4572.65,4572.65,-1.000000,TIME_EXIT,2026.04.29 14:05:00,1777471500252,4568.29,600.218,-0.286340,-3.8322,3277,2026.04.29 14:05:00,1777471500252,218,4568.29
P2F4_CANDIDATE_S1,1777472700059_SELL,XAUUSD,PERIOD_M5,2026.04.29 14:25:00,1777472700059,2026.04.29 14:25:00,SELL,10,OK,1.250000,4.40,440.14,4566.22,4566.39,4566.31,17.0,CONTROL,CONTROL,NO_RETENTION,NO,,,,0,0,0.436222,5.50,4571.72,4571.72,-1.000000,TIME_EXIT,2026.04.29 14:35:00,1777473300262,4567.66,600.203,-0.261733,-3.1536,3391,2026.04.29 14:35:00,1777473300262,203,4567.66
P2F4_CANDIDATE_S1,1777472700059_SELL,XAUUSD,PERIOD_M5,2026.04.29 14:25:00,1777472700059,2026.04.29 14:25:00,SELL,10,OK,1.250000,4.40,440.14,4566.22,4566.39,4566.31,17.0,LEGACY_BE_050,BREAK_EVEN,0.50:0.00,NO,,,,0,0,0.436222,5.50,4571.72,4571.72,-1.000000,TIME_EXIT,2026.04.29 14:35:00,1777473300262,4567.66,600.203,-0.261733,-3.1536,3391,2026.04.29 14:35:00,1777473300262,203,4567.66
P2F4_CANDIDATE_S1,1777472700059_SELL,XAUUSD,PERIOD_M5,2026.04.29 14:25:00,1777472700059,2026.04.29 14:25:00,SELL,10,OK,1.250000,4.40,440.14,4566.22,4566.39,4566.31,17.0,STEPLOCK_V1,STEP_LOCK,0.50:-0.25|1.00:0.25|2.00:1.00,NO,,,,0,0,0.436222,5.50,4571.72,4571.72,-1.000000,TIME_EXIT,2026.04.29 14:35:00,1777473300262,4567.66,600.203,-0.261733,-3.1536,3391,2026.04.29 14:35:00,1777473300262,203,4567.66
P2F4_CANDIDATE_S1,1777472700059_SELL,XAUUSD,PERIOD_M5,2026.04.29 14:25:00,1777472700059,2026.04.29 14:25:00,SELL,10,OK,1.250000,4.40,440.14,4566.22,4566.39,4566.31,17.0,GIVEBACK_100_075,MFE_GIVEBACK,TRIGGER=1.00|GAP=0.75|FLOOR=0.00,NO,,,,0,0,0.436222,5.50,4571.72,4571.72,-1.000000,TIME_EXIT,2026.04.29 14:35:00,1777473300262,4567.66,600.203,-0.261733,-3.1536,3391,2026.04.29 14:35:00,1777473300262,203,4567.66
P2F4_CANDIDATE_S1,1777493100042_SELL,XAUUSD,PERIOD_M5,2026.04.29 20:05:00,1777493100042,2026.04.29 20:05:00,SELL,10,OK,1.250000,6.01,601.21,4545.09,4545.20,4545.15,11.0,CONTROL,CONTROL,NO_RETENTION,NO,,,,0,0,0.174314,7.52,4552.61,4552.61,-1.000000,TIME_EXIT,2026.04.29 20:15:00,1777493700080,4550.72,600.038,-0.749151,-12.3870,3763,2026.04.29 20:15:00,1777493700080,38,4550.72
P2F4_CANDIDATE_S1,1777493100042_SELL,XAUUSD,PERIOD_M5,2026.04.29 20:05:00,1777493100042,2026.04.29 20:05:00,SELL,10,OK,1.250000,6.01,601.21,4545.09,4545.20,4545.15,11.0,LEGACY_BE_050,BREAK_EVEN,0.50:0.00,NO,,,,0,0,0.174314,7.52,4552.61,4552.61,-1.000000,TIME_EXIT,2026.04.29 20:15:00,1777493700080,4550.72,600.038,-0.749151,-12.3870,3763,2026.04.29 20:15:00,1777493700080,38,4550.72
P2F4_CANDIDATE_S1,1777493100042_SELL,XAUUSD,PERIOD_M5,2026.04.29 20:05:00,1777493100042,2026.04.29 20:05:00,SELL,10,OK,1.250000,6.01,601.21,4545.09,4545.20,4545.15,11.0,STEPLOCK_V1,STEP_LOCK,0.50:-0.25|1.00:0.25|2.00:1.00,NO,,,,0,0,0.174314,7.52,4552.61,4552.61,-1.000000,TIME_EXIT,2026.04.29 20:15:00,1777493700080,4550.72,600.038,-0.749151,-12.3870,3763,2026.04.29 20:15:00,1777493700080,38,4550.72
P2F4_CANDIDATE_S1,1777493100042_SELL,XAUUSD,PERIOD_M5,2026.04.29 20:05:00,1777493100042,2026.04.29 20:05:00,SELL,10,OK,1.250000,6.01,601.21,4545.09,4545.20,4545.15,11.0,GIVEBACK_100_075,MFE_GIVEBACK,TRIGGER=1.00|GAP=0.75|FLOOR=0.00,NO,,,,0,0,0.174314,7.52,4552.61,4552.61,-1.000000,TIME_EXIT,2026.04.29 20:15:00,1777493700080,4550.72,600.038,-0.749151,-12.3870,3763,2026.04.29 20:15:00,1777493700080,38,4550.72
P2F4_CANDIDATE_S1,1777494900097_SELL,XAUUSD,PERIOD_M5,2026.04.29 20:35:00,1777494900097,2026.04.29 20:35:00,SELL,10,OK,1.250000,5.08,507.86,4544.39,4544.47,4544.43,8.0,CONTROL,CONTROL,NO_RETENTION,NO,,,,0,0,0.228411,6.35,4550.74,4550.74,-1.000000,TIME_EXIT,2026.04.29 20:45:00,1777495500135,4544.93,600.038,-0.085063,-1.1883,3913,2026.04.29 20:45:00,1777495500135,38,4544.93
P2F4_CANDIDATE_S1,1777494900097_SELL,XAUUSD,PERIOD_M5,2026.04.29 20:35:00,1777494900097,2026.04.29 20:35:00,SELL,10,OK,1.250000,5.08,507.86,4544.39,4544.47,4544.43,8.0,LEGACY_BE_050,BREAK_EVEN,0.50:0.00,NO,,,,0,0,0.228411,6.35,4550.74,4550.74,-1.000000,TIME_EXIT,2026.04.29 20:45:00,1777495500135,4544.93,600.038,-0.085063,-1.1883,3913,2026.04.29 20:45:00,1777495500135,38,4544.93
P2F4_CANDIDATE_S1,1777494900097_SELL,XAUUSD,PERIOD_M5,2026.04.29 20:35:00,1777494900097,2026.04.29 20:35:00,SELL,10,OK,1.250000,5.08,507.86,4544.39,4544.47,4544.43,8.0,STEPLOCK_V1,STEP_LOCK,0.50:-0.25|1.00:0.25|2.00:1.00,NO,,,,0,0,0.228411,6.35,4550.74,4550.74,-1.000000,TIME_EXIT,2026.04.29 20:45:00,1777495500135,4544.93,600.038,-0.085063,-1.1883,3913,2026.04.29 20:45:00,1777495500135,38,4544.93
P2F4_CANDIDATE_S1,1777494900097_SELL,XAUUSD,PERIOD_M5,2026.04.29 20:35:00,1777494900097,2026.04.29 20:35:00,SELL,10,OK,1.250000,5.08,507.86,4544.39,4544.47,4544.43,8.0,GIVEBACK_100_075,MFE_GIVEBACK,TRIGGER=1.00|GAP=0.75|FLOOR=0.00,NO,,,,0,0,0.228411,6.35,4550.74,4550.74,-1.000000,TIME_EXIT,2026.04.29 20:45:00,1777495500135,4544.93,600.038,-0.085063,-1.1883,3913,2026.04.29 20:45:00,1777495500135,38,4544.93
P2F4_CANDIDATE_S1,1777872300036_SELL,XAUUSD,PERIOD_M5,2026.05.04 05:25:00,1777872300036,2026.05.04 05:25:00,SELL,10,OK,1.250000,5.24,524.14,4598.42,4598.63,4598.52,21.0,CONTROL,CONTROL,NO_RETENTION,NO,,,,0,0,1.079095,6.55,4604.97,4604.97,-1.000000,TIME_EXIT,2026.05.04 05:35:00,1777872900083,4595.76,600.047,0.405996,5.7846,3147,2026.05.04 05:35:00,1777872900083,47,4595.76
P2F4_CANDIDATE_S1,1777872300036_SELL,XAUUSD,PERIOD_M5,2026.05.04 05:25:00,1777872300036,2026.05.04 05:25:00,SELL,10,OK,1.250000,5.24,524.14,4598.42,4598.63,4598.52,21.0,LEGACY_BE_050,BREAK_EVEN,0.50:0.00,YES,2026.05.04 05:27:53,1777872473894,173.858,1,1,1.079095,6.55,4604.97,4598.42,0.000000,TIME_EXIT,2026.05.04 05:35:00,1777872900083,4595.76,600.047,0.405996,5.7846,3147,2026.05.04 05:35:00,1777872900083,47,4595.76
P2F4_CANDIDATE_S1,1777872300036_SELL,XAUUSD,PERIOD_M5,2026.05.04 05:25:00,1777872300036,2026.05.04 05:25:00,SELL,10,OK,1.250000,5.24,524.14,4598.42,4598.63,4598.52,21.0,STEPLOCK_V1,STEP_LOCK,0.50:-0.25|1.00:0.25|2.00:1.00,YES,2026.05.04 05:27:53,1777872473894,173.858,2,2,1.079095,6.55,4604.97,4596.78,0.250000,TIME_EXIT,2026.05.04 05:35:00,1777872900083,4595.76,600.047,0.405996,5.7846,3147,2026.05.04 05:35:00,1777872900083,47,4595.76
P2F4_CANDIDATE_S1,1777872300036_SELL,XAUUSD,PERIOD_M5,2026.05.04 05:25:00,1777872300036,2026.05.04 05:25:00,SELL,10,OK,1.250000,5.24,524.14,4598.42,4598.63,4598.52,21.0,GIVEBACK_100_075,MFE_GIVEBACK,TRIGGER=1.00|GAP=0.75|FLOOR=0.00,YES,2026.05.04 05:28:54,1777872534621,234.585,1,7,1.079095,6.55,4604.97,4596.26,0.329095,RETENTION_STOP,2026.05.04 05:34:23,1777872863853,4596.31,563.817,0.329095,4.6889,3147,2026.05.04 05:35:00,1777872900083,47,4595.76
P2F4_CANDIDATE_S1,1777881600022_SELL,XAUUSD,PERIOD_M5,2026.05.04 08:00:00,1777881600022,2026.05.04 08:00:00,SELL,10,OK,1.250000,3.71,371.43,4605.97,4606.14,4606.06,17.0,CONTROL,CONTROL,NO_RETENTION,NO,,,,0,0,0.514769,4.64,4610.61,4610.61,-1.000000,TIME_EXIT,2026.05.04 08:10:00,1777882200061,4606.34,600.039,-0.079692,-0.8033,2449,2026.05.04 08:10:00,1777882200061,39,4606.34
P2F4_CANDIDATE_S1,1777881600022_SELL,XAUUSD,PERIOD_M5,2026.05.04 08:00:00,1777881600022,2026.05.04 08:00:00,SELL,10,OK,1.250000,3.71,371.43,4605.97,4606.14,4606.06,17.0,LEGACY_BE_050,BREAK_EVEN,0.50:0.00,YES,2026.05.04 08:03:37,1777881817273,217.251,1,1,0.514769,4.64,4610.61,4605.97,0.000000,RETENTION_STOP,2026.05.04 08:06:20,1777881980899,4606.16,380.877,0.000000,0.0000,2449,2026.05.04 08:10:00,1777882200061,39,4606.34
P2F4_CANDIDATE_S1,1777881600022_SELL,XAUUSD,PERIOD_M5,2026.05.04 08:00:00,1777881600022,2026.05.04 08:00:00,SELL,10,OK,1.250000,3.71,371.43,4605.97,4606.14,4606.06,17.0,STEPLOCK_V1,STEP_LOCK,0.50:-0.25|1.00:0.25|2.00:1.00,YES,2026.05.04 08:03:37,1777881817273,217.251,1,1,0.514769,4.64,4610.61,4607.13,-0.250000,TIME_EXIT,2026.05.04 08:10:00,1777882200061,4606.34,600.039,-0.079692,-0.8033,2449,2026.05.04 08:10:00,1777882200061,39,4606.34
P2F4_CANDIDATE_S1,1777881600022_SELL,XAUUSD,PERIOD_M5,2026.05.04 08:00:00,1777881600022,2026.05.04 08:00:00,SELL,10,OK,1.250000,3.71,371.43,4605.97,4606.14,4606.06,17.0,GIVEBACK_100_075,MFE_GIVEBACK,TRIGGER=1.00|GAP=0.75|FLOOR=0.00,NO,,,,0,0,0.514769,4.64,4610.61,4610.61,-1.000000,TIME_EXIT,2026.05.04 08:10:00,1777882200061,4606.34,600.039,-0.079692,-0.8033,2449,2026.05.04 08:10:00,1777882200061,39,4606.34
P2F4_CANDIDATE_S1,1777899300047_SELL,XAUUSD,PERIOD_M5,2026.05.04 12:55:00,1777899300047,2026.05.04 12:55:00,SELL,10,OK,1.250000,3.07,306.64,4579.21,4579.38,4579.30,17.0,CONTROL,CONTROL,NO_RETENTION,NO,,,,0,0,7.325786,3.83,4583.04,4583.04,-1.000000,TIME_EXIT,2026.05.04 13:05:00,1777899900068,4560.35,600.021,4.920382,41.1861,6102,2026.05.04 13:05:00,1777899900068,21,4560.35
P2F4_CANDIDATE_S1,1777899300047_SELL,XAUUSD,PERIOD_M5,2026.05.04 12:55:00,1777899300047,2026.05.04 12:55:00,SELL,10,OK,1.250000,3.07,306.64,4579.21,4579.38,4579.30,17.0,LEGACY_BE_050,BREAK_EVEN,0.50:0.00,YES,2026.05.04 12:57:44,1777899464765,164.718,1,1,7.325786,3.83,4583.04,4579.21,0.000000,TIME_EXIT,2026.05.04 13:05:00,1777899900068,4560.35,600.021,4.920382,41.1861,6102,2026.05.04 13:05:00,1777899900068,21,4560.35
P2F4_CANDIDATE_S1,1777899300047_SELL,XAUUSD,PERIOD_M5,2026.05.04 12:55:00,1777899300047,2026.05.04 12:55:00,SELL,10,OK,1.250000,3.07,306.64,4579.21,4579.38,4579.30,17.0,STEPLOCK_V1,STEP_LOCK,0.50:-0.25|1.00:0.25|2.00:1.00,YES,2026.05.04 12:57:44,1777899464765,164.718,3,3,7.325786,3.83,4583.04,4575.38,1.000000,TIME_EXIT,2026.05.04 13:05:00,1777899900068,4560.35,600.021,4.920382,41.1861,6102,2026.05.04 13:05:00,1777899900068,21,4560.35
P2F4_CANDIDATE_S1,1777899300047_SELL,XAUUSD,PERIOD_M5,2026.05.04 12:55:00,1777899300047,2026.05.04 12:55:00,SELL,10,OK,1.250000,3.07,306.64,4579.21,4579.38,4579.30,17.0,GIVEBACK_100_075,MFE_GIVEBACK,TRIGGER=1.00|GAP=0.75|FLOOR=0.00,YES,2026.05.04 12:57:53,1777899473837,173.790,1,24,1.784486,3.83,4583.04,4575.24,1.034486,RETENTION_STOP,2026.05.04 12:58:49,1777899529675,4575.31,229.628,1.034486,8.6592,6102,2026.05.04 13:05:00,1777899900068,21,4560.35
P2F4_CANDIDATE_S1,1777912200005_SELL,XAUUSD,PERIOD_M5,2026.05.04 16:30:00,1777912200005,2026.05.04 16:30:00,SELL,10,OK,1.250000,6.95,694.64,4561.07,4561.24,4561.15,17.0,CONTROL,CONTROL,NO_RETENTION,NO,,,,0,0,0.620751,8.68,4569.75,4569.75,-1.000000,HARD_SL,2026.05.04 16:33:11,1777912391317,4569.90,191.312,-1.000000,-19.0373,8379,2026.05.04 16:40:00,1777912800042,37,4566.96
P2F4_CANDIDATE_S1,1777912200005_SELL,XAUUSD,PERIOD_M5,2026.05.04 16:30:00,1777912200005,2026.05.04 16:30:00,SELL,10,OK,1.250000,6.95,694.64,4561.07,4561.24,4561.15,17.0,LEGACY_BE_050,BREAK_EVEN,0.50:0.00,YES,2026.05.04 16:31:46,1777912306781,106.776,1,1,0.620751,8.68,4569.75,4561.07,0.000000,RETENTION_STOP,2026.05.04 16:32:37,1777912357921,4561.16,157.916,0.000000,0.0000,8379,2026.05.04 16:40:00,1777912800042,37,4566.96
P2F4_CANDIDATE_S1,1777912200005_SELL,XAUUSD,PERIOD_M5,2026.05.04 16:30:00,1777912200005,2026.05.04 16:30:00,SELL,10,OK,1.250000,6.95,694.64,4561.07,4561.24,4561.15,17.0,STEPLOCK_V1,STEP_LOCK,0.50:-0.25|1.00:0.25|2.00:1.00,YES,2026.05.04 16:31:46,1777912306781,106.776,1,1,0.620751,8.68,4569.75,4563.24,-0.250000,RETENTION_STOP,2026.05.04 16:32:52,1777912372069,4563.39,172.064,-0.250000,-4.7593,8379,2026.05.04 16:40:00,1777912800042,37,4566.96
P2F4_CANDIDATE_S1,1777912200005_SELL,XAUUSD,PERIOD_M5,2026.05.04 16:30:00,1777912200005,2026.05.04 16:30:00,SELL,10,OK,1.250000,6.95,694.64,4561.07,4561.24,4561.15,17.0,GIVEBACK_100_075,MFE_GIVEBACK,TRIGGER=1.00|GAP=0.75|FLOOR=0.00,NO,,,,0,0,0.620751,8.68,4569.75,4569.75,-1.000000,HARD_SL,2026.05.04 16:33:11,1777912391317,4569.90,191.312,-1.000000,-19.0373,8379,2026.05.04 16:40:00,1777912800042,37,4566.96
P2F4_CANDIDATE_S1,1777913400016_SELL,XAUUSD,PERIOD_M5,2026.05.04 16:50:00,1777913400016,2026.05.04 16:50:00,SELL,10,OK,1.250000,7.46,746.00,4561.52,4561.69,4561.60,17.0,CONTROL,CONTROL,NO_RETENTION,NO,,,,0,0,0.412869,9.33,4570.85,4570.85,-1.000000,TIME_EXIT,2026.05.04 17:00:00,1777914000079,4564.18,600.063,-0.285255,-5.8314,6650,2026.05.04 17:00:00,1777914000079,63,4564.18
P2F4_CANDIDATE_S1,1777913400016_SELL,XAUUSD,PERIOD_M5,2026.05.04 16:50:00,1777913400016,2026.05.04 16:50:00,SELL,10,OK,1.250000,7.46,746.00,4561.52,4561.69,4561.60,17.0,LEGACY_BE_050,BREAK_EVEN,0.50:0.00,NO,,,,0,0,0.412869,9.33,4570.85,4570.85,-1.000000,TIME_EXIT,2026.05.04 17:00:00,1777914000079,4564.18,600.063,-0.285255,-5.8314,6650,2026.05.04 17:00:00,1777914000079,63,4564.18
P2F4_CANDIDATE_S1,1777913400016_SELL,XAUUSD,PERIOD_M5,2026.05.04 16:50:00,1777913400016,2026.05.04 16:50:00,SELL,10,OK,1.250000,7.46,746.00,4561.52,4561.69,4561.60,17.0,STEPLOCK_V1,STEP_LOCK,0.50:-0.25|1.00:0.25|2.00:1.00,NO,,,,0,0,0.412869,9.33,4570.85,4570.85,-1.000000,TIME_EXIT,2026.05.04 17:00:00,1777914000079,4564.18,600.063,-0.285255,-5.8314,6650,2026.05.04 17:00:00,1777914000079,63,4564.18
P2F4_CANDIDATE_S1,1777913400016_SELL,XAUUSD,PERIOD_M5,2026.05.04 16:50:00,1777913400016,2026.05.04 16:50:00,SELL,10,OK,1.250000,7.46,746.00,4561.52,4561.69,4561.60,17.0,GIVEBACK_100_075,MFE_GIVEBACK,TRIGGER=1.00|GAP=0.75|FLOOR=0.00,NO,,,,0,0,0.412869,9.33,4570.85,4570.85,-1.000000,TIME_EXIT,2026.05.04 17:00:00,1777914000079,4564.18,600.063,-0.285255,-5.8314,6650,2026.05.04 17:00:00,1777914000079,63,4564.18
P2F4_CANDIDATE_S1,1777918200034_SELL,XAUUSD,PERIOD_M5,2026.05.04 18:10:00,1777918200034,2026.05.04 18:10:00,SELL,10,OK,1.250000,8.64,863.79,4557.95,4558.12,4558.03,17.0,CONTROL,CONTROL,NO_RETENTION,NO,,,,0,0,1.840271,10.80,4568.75,4568.75,-1.000000,TIME_EXIT,2026.05.04 18:20:00,1777918800034,4540.63,600.000,1.604102,37.9995,7510,2026.05.04 18:20:00,1777918800034,0,4540.63
P2F4_CANDIDATE_S1,1777918200034_SELL,XAUUSD,PERIOD_M5,2026.05.04 18:10:00,1777918200034,2026.05.04 18:10:00,SELL,10,OK,1.250000,8.64,863.79,4557.95,4558.12,4558.03,17.0,LEGACY_BE_050,BREAK_EVEN,0.50:0.00,YES,2026.05.04 18:13:40,1777918420049,220.015,1,1,1.840271,10.80,4568.75,4557.95,0.000000,TIME_EXIT,2026.05.04 18:20:00,1777918800034,4540.63,600.000,1.604102,37.9995,7510,2026.05.04 18:20:00,1777918800034,0,4540.63
P2F4_CANDIDATE_S1,1777918200034_SELL,XAUUSD,PERIOD_M5,2026.05.04 18:10:00,1777918200034,2026.05.04 18:10:00,SELL,10,OK,1.250000,8.64,863.79,4557.95,4558.12,4558.03,17.0,STEPLOCK_V1,STEP_LOCK,0.50:-0.25|1.00:0.25|2.00:1.00,YES,2026.05.04 18:13:40,1777918420049,220.015,2,2,1.080824,10.80,4568.75,4555.25,0.250000,RETENTION_STOP,2026.05.04 18:16:51,1777918611216,4555.47,411.182,0.250000,5.9222,7510,2026.05.04 18:20:00,1777918800034,0,4540.63
P2F4_CANDIDATE_S1,1777918200034_SELL,XAUUSD,PERIOD_M5,2026.05.04 18:10:00,1777918200034,2026.05.04 18:10:00,SELL,10,OK,1.250000,8.64,863.79,4557.95,4558.12,4558.03,17.0,GIVEBACK_100_075,MFE_GIVEBACK,TRIGGER=1.00|GAP=0.75|FLOOR=0.00,YES,2026.05.04 18:15:00,1777918500674,300.640,1,9,1.080824,10.80,4568.75,4554.38,0.330824,RETENTION_STOP,2026.05.04 18:16:14,1777918574520,4554.43,374.486,0.330824,7.8369,7510,2026.05.04 18:20:00,1777918800034,0,4540.63
P2F4_CANDIDATE_S1,1777945800279_SELL,XAUUSD,PERIOD_M5,2026.05.05 01:50:00,1777945800279,2026.05.05 01:50:00,SELL,10,OK,1.250000,3.30,330.43,4518.33,4518.39,4518.36,6.0,CONTROL,CONTROL,NO_RETENTION,NO,,,,0,0,0.605275,4.13,4522.46,4522.46,-1.000000,TIME_EXIT,2026.05.05 02:00:00,1777946400528,4517.74,600.249,0.142845,1.3058,1234,2026.05.05 02:00:00,1777946400528,249,4517.74
P2F4_CANDIDATE_S1,1777945800279_SELL,XAUUSD,PERIOD_M5,2026.05.05 01:50:00,1777945800279,2026.05.05 01:50:00,SELL,10,OK,1.250000,3.30,330.43,4518.33,4518.39,4518.36,6.0,LEGACY_BE_050,BREAK_EVEN,0.50:0.00,YES,2026.05.05 01:52:48,1777945968161,167.882,1,1,0.605275,4.13,4522.46,4518.33,0.000000,TIME_EXIT,2026.05.05 02:00:00,1777946400528,4517.74,600.249,0.142845,1.3058,1234,2026.05.05 02:00:00,1777946400528,249,4517.74
P2F4_CANDIDATE_S1,1777945800279_SELL,XAUUSD,PERIOD_M5,2026.05.05 01:50:00,1777945800279,2026.05.05 01:50:00,SELL,10,OK,1.250000,3.30,330.43,4518.33,4518.39,4518.36,6.0,STEPLOCK_V1,STEP_LOCK,0.50:-0.25|1.00:0.25|2.00:1.00,YES,2026.05.05 01:52:48,1777945968161,167.882,1,1,0.605275,4.13,4522.46,4519.36,-0.250000,TIME_EXIT,2026.05.05 02:00:00,1777946400528,4517.74,600.249,0.142845,1.3058,1234,2026.05.05 02:00:00,1777946400528,249,4517.74
P2F4_CANDIDATE_S1,1777945800279_SELL,XAUUSD,PERIOD_M5,2026.05.05 01:50:00,1777945800279,2026.05.05 01:50:00,SELL,10,OK,1.250000,3.30,330.43,4518.33,4518.39,4518.36,6.0,GIVEBACK_100_075,MFE_GIVEBACK,TRIGGER=1.00|GAP=0.75|FLOOR=0.00,NO,,,,0,0,0.605275,4.13,4522.46,4522.46,-1.000000,TIME_EXIT,2026.05.05 02:00:00,1777946400528,4517.74,600.249,0.142845,1.3058,1234,2026.05.05 02:00:00,1777946400528,249,4517.74
P2F4_CANDIDATE_S1,1777950000022_SELL,XAUUSD,PERIOD_M5,2026.05.05 03:00:00,1777950000022,2026.05.05 03:00:00,SELL,10,OK,1.250000,2.23,222.64,4519.01,4519.26,4519.14,25.0,CONTROL,CONTROL,NO_RETENTION,NO,,,,0,0,0.391659,2.78,4521.79,4521.79,-1.000000,HARD_SL,2026.05.05 03:02:18,1777950138139,4522.18,138.117,-1.000000,-6.1585,3736,2026.05.05 03:10:00,1777950600046,24,4526.58
P2F4_CANDIDATE_S1,1777950000022_SELL,XAUUSD,PERIOD_M5,2026.05.05 03:00:00,1777950000022,2026.05.05 03:00:00,SELL,10,OK,1.250000,2.23,222.64,4519.01,4519.26,4519.14,25.0,LEGACY_BE_050,BREAK_EVEN,0.50:0.00,NO,,,,0,0,0.391659,2.78,4521.79,4521.79,-1.000000,HARD_SL,2026.05.05 03:02:18,1777950138139,4522.18,138.117,-1.000000,-6.1585,3736,2026.05.05 03:10:00,1777950600046,24,4526.58
P2F4_CANDIDATE_S1,1777950000022_SELL,XAUUSD,PERIOD_M5,2026.05.05 03:00:00,1777950000022,2026.05.05 03:00:00,SELL,10,OK,1.250000,2.23,222.64,4519.01,4519.26,4519.14,25.0,STEPLOCK_V1,STEP_LOCK,0.50:-0.25|1.00:0.25|2.00:1.00,NO,,,,0,0,0.391659,2.78,4521.79,4521.79,-1.000000,HARD_SL,2026.05.05 03:02:18,1777950138139,4522.18,138.117,-1.000000,-6.1585,3736,2026.05.05 03:10:00,1777950600046,24,4526.58
P2F4_CANDIDATE_S1,1777950000022_SELL,XAUUSD,PERIOD_M5,2026.05.05 03:00:00,1777950000022,2026.05.05 03:00:00,SELL,10,OK,1.250000,2.23,222.64,4519.01,4519.26,4519.14,25.0,GIVEBACK_100_075,MFE_GIVEBACK,TRIGGER=1.00|GAP=0.75|FLOOR=0.00,NO,,,,0,0,0.391659,2.78,4521.79,4521.79,-1.000000,HARD_SL,2026.05.05 03:02:18,1777950138139,4522.18,138.117,-1.000000,-6.1585,3736,2026.05.05 03:10:00,1777950600046,24,4526.58
P2F4_CANDIDATE_S1,1777952100018_SELL,XAUUSD,PERIOD_M5,2026.05.05 03:35:00,1777952100018,2026.05.05 03:35:00,SELL,10,OK,1.250000,3.58,357.64,4518.15,4518.26,4518.20,11.0,CONTROL,CONTROL,NO_RETENTION,NO,,,,0,0,0.067106,4.47,4522.62,4522.62,-1.000000,HARD_SL,2026.05.05 03:43:21,1777952601898,4522.64,501.880,-1.000000,-9.8946,2602,2026.05.05 03:45:00,1777952700033,15,4524.11
P2F4_CANDIDATE_S1,1777952100018_SELL,XAUUSD,PERIOD_M5,2026.05.05 03:35:00,1777952100018,2026.05.05 03:35:00,SELL,10,OK,1.250000,3.58,357.64,4518.15,4518.26,4518.20,11.0,LEGACY_BE_050,BREAK_EVEN,0.50:0.00,NO,,,,0,0,0.067106,4.47,4522.62,4522.62,-1.000000,HARD_SL,2026.05.05 03:43:21,1777952601898,4522.64,501.880,-1.000000,-9.8946,2602,2026.05.05 03:45:00,1777952700033,15,4524.11
P2F4_CANDIDATE_S1,1777952100018_SELL,XAUUSD,PERIOD_M5,2026.05.05 03:35:00,1777952100018,2026.05.05 03:35:00,SELL,10,OK,1.250000,3.58,357.64,4518.15,4518.26,4518.20,11.0,STEPLOCK_V1,STEP_LOCK,0.50:-0.25|1.00:0.25|2.00:1.00,NO,,,,0,0,0.067106,4.47,4522.62,4522.62,-1.000000,HARD_SL,2026.05.05 03:43:21,1777952601898,4522.64,501.880,-1.000000,-9.8946,2602,2026.05.05 03:45:00,1777952700033,15,4524.11
P2F4_CANDIDATE_S1,1777952100018_SELL,XAUUSD,PERIOD_M5,2026.05.05 03:35:00,1777952100018,2026.05.05 03:35:00,SELL,10,OK,1.250000,3.58,357.64,4518.15,4518.26,4518.20,11.0,GIVEBACK_100_075,MFE_GIVEBACK,TRIGGER=1.00|GAP=0.75|FLOOR=0.00,NO,,,,0,0,0.067106,4.47,4522.62,4522.62,-1.000000,HARD_SL,2026.05.05 03:43:21,1777952601898,4522.64,501.880,-1.000000,-9.8946,2602,2026.05.05 03:45:00,1777952700033,15,4524.11
P2F4_CANDIDATE_S1,1777963800131_SELL,XAUUSD,PERIOD_M5,2026.05.05 06:50:00,1777963800131,2026.05.05 06:50:00,SELL,10,OK,1.250000,2.82,281.64,4536.43,4536.64,4536.53,21.0,CONTROL,CONTROL,NO_RETENTION,NO,,,,0,0,1.076541,3.52,4539.95,4539.95,-1.000000,TIME_EXIT,2026.05.05 07:00:00,1777964400183,4534.68,600.052,0.497083,3.8577,2061,2026.05.05 07:00:00,1777964400183,52,4534.68
P2F4_CANDIDATE_S1,1777963800131_SELL,XAUUSD,PERIOD_M5,2026.05.05 06:50:00,1777963800131,2026.05.05 06:50:00,SELL,10,OK,1.250000,2.82,281.64,4536.43,4536.64,4536.53,21.0,LEGACY_BE_050,BREAK_EVEN,0.50:0.00,YES,2026.05.05 06:57:43,1777964263321,463.190,1,1,1.076541,3.52,4539.95,4536.43,0.000000,TIME_EXIT,2026.05.05 07:00:00,1777964400183,4534.68,600.052,0.497083,3.8577,2061,2026.05.05 07:00:00,1777964400183,52,4534.68
P2F4_CANDIDATE_S1,1777963800131_SELL,XAUUSD,PERIOD_M5,2026.05.05 06:50:00,1777963800131,2026.05.05 06:50:00,SELL,10,OK,1.250000,2.82,281.64,4536.43,4536.64,4536.53,21.0,STEPLOCK_V1,STEP_LOCK,0.50:-0.25|1.00:0.25|2.00:1.00,YES,2026.05.05 06:57:43,1777964263321,463.190,2,2,1.076541,3.52,4539.95,4535.55,0.250000,RETENTION_STOP,2026.05.05 06:58:40,1777964320197,4535.57,520.066,0.250000,1.9401,2061,2026.05.05 07:00:00,1777964400183,52,4534.68
P2F4_CANDIDATE_S1,1777963800131_SELL,XAUUSD,PERIOD_M5,2026.05.05 06:50:00,1777963800131,2026.05.05 06:50:00,SELL,10,OK,1.250000,2.82,281.64,4536.43,4536.64,4536.53,21.0,GIVEBACK_100_075,MFE_GIVEBACK,TRIGGER=1.00|GAP=0.75|FLOOR=0.00,YES,2026.05.05 06:58:02,1777964282853,482.722,1,4,1.076541,3.52,4539.95,4535.28,0.326541,RETENTION_STOP,2026.05.05 06:58:36,1777964316755,4535.30,516.624,0.326541,2.5341,2061,2026.05.05 07:00:00,1777964400183,52,4534.68
P2F4_CANDIDATE_S1,1778224800015_SELL,XAUUSD,PERIOD_M5,2026.05.08 07:20:00,1778224800015,2026.05.08 07:20:00,SELL,10,OK,1.250000,4.41,441.21,4715.97,4716.18,4716.08,21.0,CONTROL,CONTROL,NO_RETENTION,NO,,,,0,0,0.094285,5.52,4721.49,4721.49,-1.000000,TIME_EXIT,2026.05.08 07:30:00,1778225400081,4717.59,600.066,-0.293735,-3.4351,2230,2026.05.08 07:30:00,1778225400081,66,4717.59
P2F4_CANDIDATE_S1,1778224800015_SELL,XAUUSD,PERIOD_M5,2026.05.08 07:20:00,1778224800015,2026.05.08 07:20:00,SELL,10,OK,1.250000,4.41,441.21,4715.97,4716.18,4716.08,21.0,LEGACY_BE_050,BREAK_EVEN,0.50:0.00,NO,,,,0,0,0.094285,5.52,4721.49,4721.49,-1.000000,TIME_EXIT,2026.05.08 07:30:00,1778225400081,4717.59,600.066,-0.293735,-3.4351,2230,2026.05.08 07:30:00,1778225400081,66,4717.59
P2F4_CANDIDATE_S1,1778224800015_SELL,XAUUSD,PERIOD_M5,2026.05.08 07:20:00,1778224800015,2026.05.08 07:20:00,SELL,10,OK,1.250000,4.41,441.21,4715.97,4716.18,4716.08,21.0,STEPLOCK_V1,STEP_LOCK,0.50:-0.25|1.00:0.25|2.00:1.00,NO,,,,0,0,0.094285,5.52,4721.49,4721.49,-1.000000,TIME_EXIT,2026.05.08 07:30:00,1778225400081,4717.59,600.066,-0.293735,-3.4351,2230,2026.05.08 07:30:00,1778225400081,66,4717.59
P2F4_CANDIDATE_S1,1778224800015_SELL,XAUUSD,PERIOD_M5,2026.05.08 07:20:00,1778224800015,2026.05.08 07:20:00,SELL,10,OK,1.250000,4.41,441.21,4715.97,4716.18,4716.08,21.0,GIVEBACK_100_075,MFE_GIVEBACK,TRIGGER=1.00|GAP=0.75|FLOOR=0.00,NO,,,,0,0,0.094285,5.52,4721.49,4721.49,-1.000000,TIME_EXIT,2026.05.08 07:30:00,1778225400081,4717.59,600.066,-0.293735,-3.4351,2230,2026.05.08 07:30:00,1778225400081,66,4717.59
P2F4_CANDIDATE_S1,1778475600056_SELL,XAUUSD,PERIOD_M5,2026.05.11 05:00:00,1778475600056,2026.05.11 05:00:00,SELL,10,OK,1.250000,9.95,995.00,4685.69,4685.90,4685.80,21.0,CONTROL,CONTROL,NO_RETENTION,NO,,,,0,0,0.569246,12.44,4698.13,4698.13,-1.000000,TIME_EXIT,2026.05.11 05:10:00,1778476200064,4684.09,600.008,0.128643,3.4147,5010,2026.05.11 05:10:00,1778476200064,8,4684.09
P2F4_CANDIDATE_S1,1778475600056_SELL,XAUUSD,PERIOD_M5,2026.05.11 05:00:00,1778475600056,2026.05.11 05:00:00,SELL,10,OK,1.250000,9.95,995.00,4685.69,4685.90,4685.80,21.0,LEGACY_BE_050,BREAK_EVEN,0.50:0.00,YES,2026.05.11 05:06:59,1778476019055,418.999,1,1,0.569246,12.44,4698.13,4685.69,0.000000,TIME_EXIT,2026.05.11 05:10:00,1778476200064,4684.09,600.008,0.128643,3.4147,5010,2026.05.11 05:10:00,1778476200064,8,4684.09
P2F4_CANDIDATE_S1,1778475600056_SELL,XAUUSD,PERIOD_M5,2026.05.11 05:00:00,1778475600056,2026.05.11 05:00:00,SELL,10,OK,1.250000,9.95,995.00,4685.69,4685.90,4685.80,21.0,STEPLOCK_V1,STEP_LOCK,0.50:-0.25|1.00:0.25|2.00:1.00,YES,2026.05.11 05:06:59,1778476019055,418.999,1,1,0.569246,12.44,4698.13,4688.80,-0.250000,TIME_EXIT,2026.05.11 05:10:00,1778476200064,4684.09,600.008,0.128643,3.4147,5010,2026.05.11 05:10:00,1778476200064,8,4684.09
P2F4_CANDIDATE_S1,1778475600056_SELL,XAUUSD,PERIOD_M5,2026.05.11 05:00:00,1778475600056,2026.05.11 05:00:00,SELL,10,OK,1.250000,9.95,995.00,4685.69,4685.90,4685.80,21.0,GIVEBACK_100_075,MFE_GIVEBACK,TRIGGER=1.00|GAP=0.75|FLOOR=0.00,NO,,,,0,0,0.569246,12.44,4698.13,4698.13,-1.000000,TIME_EXIT,2026.05.11 05:10:00,1778476200064,4684.09,600.008,0.128643,3.4147,5010,2026.05.11 05:10:00,1778476200064,8,4684.09
P2F4_CANDIDATE_S1,1778478300161_SELL,XAUUSD,PERIOD_M5,2026.05.11 05:45:00,1778478300161,2026.05.11 05:45:00,SELL,10,OK,1.250000,6.82,682.00,4688.52,4688.61,4688.57,9.0,CONTROL,CONTROL,NO_RETENTION,NO,,,,0,0,1.113196,8.52,4697.05,4697.05,-1.000000,TIME_EXIT,2026.05.11 05:55:00,1778478900180,4680.71,600.019,0.916129,16.6577,4482,2026.05.11 05:55:00,1778478900180,19,4680.71
P2F4_CANDIDATE_S1,1778478300161_SELL,XAUUSD,PERIOD_M5,2026.05.11 05:45:00,1778478300161,2026.05.11 05:45:00,SELL,10,OK,1.250000,6.82,682.00,4688.52,4688.61,4688.57,9.0,LEGACY_BE_050,BREAK_EVEN,0.50:0.00,YES,2026.05.11 05:50:09,1778478609511,309.350,1,1,1.113196,8.52,4697.05,4688.52,0.000000,TIME_EXIT,2026.05.11 05:55:00,1778478900180,4680.71,600.019,0.916129,16.6577,4482,2026.05.11 05:55:00,1778478900180,19,4680.71
P2F4_CANDIDATE_S1,1778478300161_SELL,XAUUSD,PERIOD_M5,2026.05.11 05:45:00,1778478300161,2026.05.11 05:45:00,SELL,10,OK,1.250000,6.82,682.00,4688.52,4688.61,4688.57,9.0,STEPLOCK_V1,STEP_LOCK,0.50:-0.25|1.00:0.25|2.00:1.00,YES,2026.05.11 05:50:09,1778478609511,309.350,2,2,1.113196,8.52,4697.05,4686.39,0.250000,TIME_EXIT,2026.05.11 05:55:00,1778478900180,4680.71,600.019,0.916129,16.6577,4482,2026.05.11 05:55:00,1778478900180,19,4680.71
P2F4_CANDIDATE_S1,1778478300161_SELL,XAUUSD,PERIOD_M5,2026.05.11 05:45:00,1778478300161,2026.05.11 05:45:00,SELL,10,OK,1.250000,6.82,682.00,4688.52,4688.61,4688.57,9.0,GIVEBACK_100_075,MFE_GIVEBACK,TRIGGER=1.00|GAP=0.75|FLOOR=0.00,YES,2026.05.11 05:53:49,1778478829466,529.305,1,11,1.113196,8.52,4697.05,4685.42,0.363196,TIME_EXIT,2026.05.11 05:55:00,1778478900180,4680.71,600.019,0.916129,16.6577,4482,2026.05.11 05:55:00,1778478900180,19,4680.71
P2F4_CANDIDATE_S1,1778496900015_SELL,XAUUSD,PERIOD_M5,2026.05.11 10:55:00,1778496900015,2026.05.11 10:55:00,SELL,10,OK,1.250000,4.68,468.50,4669.16,4669.33,4669.24,17.0,CONTROL,CONTROL,NO_RETENTION,NO,,,,0,0,0.763287,5.86,4675.02,4675.02,-1.000000,TIME_EXIT,2026.05.11 11:05:00,1778497500159,4668.75,600.144,0.070011,0.8781,2737,2026.05.11 11:05:00,1778497500159,144,4668.75
P2F4_CANDIDATE_S1,1778496900015_SELL,XAUUSD,PERIOD_M5,2026.05.11 10:55:00,1778496900015,2026.05.11 10:55:00,SELL,10,OK,1.250000,4.68,468.50,4669.16,4669.33,4669.24,17.0,LEGACY_BE_050,BREAK_EVEN,0.50:0.00,YES,2026.05.11 10:58:41,1778497121302,221.287,1,1,0.763287,5.86,4675.02,4669.16,0.000000,RETENTION_STOP,2026.05.11 11:04:49,1778497489054,4669.19,589.039,0.000000,0.0000,2737,2026.05.11 11:05:00,1778497500159,144,4668.75
P2F4_CANDIDATE_S1,1778496900015_SELL,XAUUSD,PERIOD_M5,2026.05.11 10:55:00,1778496900015,2026.05.11 10:55:00,SELL,10,OK,1.250000,4.68,468.50,4669.16,4669.33,4669.24,17.0,STEPLOCK_V1,STEP_LOCK,0.50:-0.25|1.00:0.25|2.00:1.00,YES,2026.05.11 10:58:41,1778497121302,221.287,1,1,0.763287,5.86,4675.02,4670.62,-0.250000,TIME_EXIT,2026.05.11 11:05:00,1778497500159,4668.75,600.144,0.070011,0.8781,2737,2026.05.11 11:05:00,1778497500159,144,4668.75
P2F4_CANDIDATE_S1,1778496900015_SELL,XAUUSD,PERIOD_M5,2026.05.11 10:55:00,1778496900015,2026.05.11 10:55:00,SELL,10,OK,1.250000,4.68,468.50,4669.16,4669.33,4669.24,17.0,GIVEBACK_100_075,MFE_GIVEBACK,TRIGGER=1.00|GAP=0.75|FLOOR=0.00,NO,,,,0,0,0.763287,5.86,4675.02,4675.02,-1.000000,TIME_EXIT,2026.05.11 11:05:00,1778497500159,4668.75,600.144,0.070011,0.8781,2737,2026.05.11 11:05:00,1778497500159,144,4668.75
P2F4_CANDIDATE_S1,1778499600088_SELL,XAUUSD,PERIOD_M5,2026.05.11 11:40:00,1778499600088,2026.05.11 11:40:00,SELL,10,OK,1.250000,5.39,539.00,4670.17,4670.34,4670.26,17.0,CONTROL,CONTROL,NO_RETENTION,NO,,,,0,0,0.120223,6.74,4676.91,4676.91,-1.000000,TIME_EXIT,2026.05.11 11:50:00,1778500200100,4671.06,600.012,-0.132096,-1.9057,2619,2026.05.11 11:50:00,1778500200100,12,4671.06
P2F4_CANDIDATE_S1,1778499600088_SELL,XAUUSD,PERIOD_M5,2026.05.11 11:40:00,1778499600088,2026.05.11 11:40:00,SELL,10,OK,1.250000,5.39,539.00,4670.17,4670.34,4670.26,17.0,LEGACY_BE_050,BREAK_EVEN,0.50:0.00,NO,,,,0,0,0.120223,6.74,4676.91,4676.91,-1.000000,TIME_EXIT,2026.05.11 11:50:00,1778500200100,4671.06,600.012,-0.132096,-1.9057,2619,2026.05.11 11:50:00,1778500200100,12,4671.06
P2F4_CANDIDATE_S1,1778499600088_SELL,XAUUSD,PERIOD_M5,2026.05.11 11:40:00,1778499600088,2026.05.11 11:40:00,SELL,10,OK,1.250000,5.39,539.00,4670.17,4670.34,4670.26,17.0,STEPLOCK_V1,STEP_LOCK,0.50:-0.25|1.00:0.25|2.00:1.00,NO,,,,0,0,0.120223,6.74,4676.91,4676.91,-1.000000,TIME_EXIT,2026.05.11 11:50:00,1778500200100,4671.06,600.012,-0.132096,-1.9057,2619,2026.05.11 11:50:00,1778500200100,12,4671.06
P2F4_CANDIDATE_S1,1778499600088_SELL,XAUUSD,PERIOD_M5,2026.05.11 11:40:00,1778499600088,2026.05.11 11:40:00,SELL,10,OK,1.250000,5.39,539.00,4670.17,4670.34,4670.26,17.0,GIVEBACK_100_075,MFE_GIVEBACK,TRIGGER=1.00|GAP=0.75|FLOOR=0.00,NO,,,,0,0,0.120223,6.74,4676.91,4676.91,-1.000000,TIME_EXIT,2026.05.11 11:50:00,1778500200100,4671.06,600.012,-0.132096,-1.9057,2619,2026.05.11 11:50:00,1778500200100,12,4671.06
P2F4_CANDIDATE_S1,1778587800013_SELL,XAUUSD,PERIOD_M5,2026.05.12 12:10:00,1778587800013,2026.05.12 12:10:00,SELL,10,OK,1.250000,3.94,393.79,4699.47,4699.62,4699.55,15.0,CONTROL,CONTROL,NO_RETENTION,NO,,,,0,0,0.268166,4.92,4704.39,4704.39,-1.000000,TIME_EXIT,2026.05.12 12:20:00,1778588400031,4698.89,600.018,0.117831,1.2342,3254,2026.05.12 12:20:00,1778588400031,18,4698.89
P2F4_CANDIDATE_S1,1778587800013_SELL,XAUUSD,PERIOD_M5,2026.05.12 12:10:00,1778587800013,2026.05.12 12:10:00,SELL,10,OK,1.250000,3.94,393.79,4699.47,4699.62,4699.55,15.0,LEGACY_BE_050,BREAK_EVEN,0.50:0.00,NO,,,,0,0,0.268166,4.92,4704.39,4704.39,-1.000000,TIME_EXIT,2026.05.12 12:20:00,1778588400031,4698.89,600.018,0.117831,1.2342,3254,2026.05.12 12:20:00,1778588400031,18,4698.89
P2F4_CANDIDATE_S1,1778587800013_SELL,XAUUSD,PERIOD_M5,2026.05.12 12:10:00,1778587800013,2026.05.12 12:10:00,SELL,10,OK,1.250000,3.94,393.79,4699.47,4699.62,4699.55,15.0,STEPLOCK_V1,STEP_LOCK,0.50:-0.25|1.00:0.25|2.00:1.00,NO,,,,0,0,0.268166,4.92,4704.39,4704.39,-1.000000,TIME_EXIT,2026.05.12 12:20:00,1778588400031,4698.89,600.018,0.117831,1.2342,3254,2026.05.12 12:20:00,1778588400031,18,4698.89
P2F4_CANDIDATE_S1,1778587800013_SELL,XAUUSD,PERIOD_M5,2026.05.12 12:10:00,1778587800013,2026.05.12 12:10:00,SELL,10,OK,1.250000,3.94,393.79,4699.47,4699.62,4699.55,15.0,GIVEBACK_100_075,MFE_GIVEBACK,TRIGGER=1.00|GAP=0.75|FLOOR=0.00,NO,,,,0,0,0.268166,4.92,4704.39,4704.39,-1.000000,TIME_EXIT,2026.05.12 12:20:00,1778588400031,4698.89,600.018,0.117831,1.2342,3254,2026.05.12 12:20:00,1778588400031,18,4698.89
P2F4_CANDIDATE_S1,1778592900057_SELL,XAUUSD,PERIOD_M5,2026.05.12 13:35:00,1778592900057,2026.05.12 13:35:00,SELL,10,OK,1.250000,5.37,536.71,4695.41,4695.58,4695.49,17.0,CONTROL,CONTROL,NO_RETENTION,NO,,,,0,0,1.500985,6.71,4702.12,4702.12,-1.000000,TIME_EXIT,2026.05.12 13:45:00,1778593500072,4690.85,600.015,0.679691,9.7116,4400,2026.05.12 13:45:00,1778593500072,15,4690.85
P2F4_CANDIDATE_S1,1778592900057_SELL,XAUUSD,PERIOD_M5,2026.05.12 13:35:00,1778592900057,2026.05.12 13:35:00,SELL,10,OK,1.250000,5.37,536.71,4695.41,4695.58,4695.49,17.0,LEGACY_BE_050,BREAK_EVEN,0.50:0.00,YES,2026.05.12 13:36:43,1778593003937,103.880,1,1,1.500985,6.71,4702.12,4695.41,0.000000,TIME_EXIT,2026.05.12 13:45:00,1778593500072,4690.85,600.015,0.679691,9.7116,4400,2026.05.12 13:45:00,1778593500072,15,4690.85
P2F4_CANDIDATE_S1,1778592900057_SELL,XAUUSD,PERIOD_M5,2026.05.12 13:35:00,1778592900057,2026.05.12 13:35:00,SELL,10,OK,1.250000,5.37,536.71,4695.41,4695.58,4695.49,17.0,STEPLOCK_V1,STEP_LOCK,0.50:-0.25|1.00:0.25|2.00:1.00,YES,2026.05.12 13:36:43,1778593003937,103.880,2,2,1.500985,6.71,4702.12,4693.73,0.250000,TIME_EXIT,2026.05.12 13:45:00,1778593500072,4690.85,600.015,0.679691,9.7116,4400,2026.05.12 13:45:00,1778593500072,15,4690.85
P2F4_CANDIDATE_S1,1778592900057_SELL,XAUUSD,PERIOD_M5,2026.05.12 13:35:00,1778592900057,2026.05.12 13:35:00,SELL,10,OK,1.250000,5.37,536.71,4695.41,4695.58,4695.49,17.0,GIVEBACK_100_075,MFE_GIVEBACK,TRIGGER=1.00|GAP=0.75|FLOOR=0.00,YES,2026.05.12 13:39:32,1778593172264,272.207,1,40,1.500985,6.71,4702.12,4690.37,0.750985,RETENTION_STOP,2026.05.12 13:41:25,1778593285045,4690.48,384.988,0.750985,10.7303,4400,2026.05.12 13:45:00,1778593500072,15,4690.85
P2F4_CANDIDATE_S1,1778600100002_SELL,XAUUSD,PERIOD_M5,2026.05.12 15:35:00,1778600100002,2026.05.12 15:35:00,SELL,10,OK,1.250000,5.81,581.07,4692.72,4692.81,4692.77,9.0,CONTROL,CONTROL,NO_RETENTION,NO,,,,0,0,0.236804,7.26,4699.98,4699.98,-1.000000,HARD_SL,2026.05.12 15:37:21,1778600241888,4699.99,141.886,-1.000000,-15.4780,5759,2026.05.12 15:45:00,1778600700019,17,4702.99
P2F4_CANDIDATE_S1,1778600100002_SELL,XAUUSD,PERIOD_M5,2026.05.12 15:35:00,1778600100002,2026.05.12 15:35:00,SELL,10,OK,1.250000,5.81,581.07,4692.72,4692.81,4692.77,9.0,LEGACY_BE_050,BREAK_EVEN,0.50:0.00,NO,,,,0,0,0.236804,7.26,4699.98,4699.98,-1.000000,HARD_SL,2026.05.12 15:37:21,1778600241888,4699.99,141.886,-1.000000,-15.4780,5759,2026.05.12 15:45:00,1778600700019,17,4702.99
P2F4_CANDIDATE_S1,1778600100002_SELL,XAUUSD,PERIOD_M5,2026.05.12 15:35:00,1778600100002,2026.05.12 15:35:00,SELL,10,OK,1.250000,5.81,581.07,4692.72,4692.81,4692.77,9.0,STEPLOCK_V1,STEP_LOCK,0.50:-0.25|1.00:0.25|2.00:1.00,NO,,,,0,0,0.236804,7.26,4699.98,4699.98,-1.000000,HARD_SL,2026.05.12 15:37:21,1778600241888,4699.99,141.886,-1.000000,-15.4780,5759,2026.05.12 15:45:00,1778600700019,17,4702.99
P2F4_CANDIDATE_S1,1778600100002_SELL,XAUUSD,PERIOD_M5,2026.05.12 15:35:00,1778600100002,2026.05.12 15:35:00,SELL,10,OK,1.250000,5.81,581.07,4692.72,4692.81,4692.77,9.0,GIVEBACK_100_075,MFE_GIVEBACK,TRIGGER=1.00|GAP=0.75|FLOOR=0.00,NO,,,,0,0,0.236804,7.26,4699.98,4699.98,-1.000000,HARD_SL,2026.05.12 15:37:21,1778600241888,4699.99,141.886,-1.000000,-15.4780,5759,2026.05.12 15:45:00,1778600700019,17,4702.99
P2F4_CANDIDATE_S1,1778602500026_SELL,XAUUSD,PERIOD_M5,2026.05.12 16:15:00,1778602500026,2026.05.12 16:15:00,SELL,10,OK,1.250000,8.15,814.86,4689.00,4689.17,4689.09,17.0,CONTROL,CONTROL,NO_RETENTION,NO,,,,0,0,0.909116,10.19,4699.19,4699.19,-1.000000,TIME_EXIT,2026.05.12 16:25:00,1778603100047,4691.13,600.021,-0.209116,-4.5425,7108,2026.05.12 16:25:00,1778603100047,21,4691.13
P2F4_CANDIDATE_S1,1778602500026_SELL,XAUUSD,PERIOD_M5,2026.05.12 16:15:00,1778602500026,2026.05.12 16:15:00,SELL,10,OK,1.250000,8.15,814.86,4689.00,4689.17,4689.09,17.0,LEGACY_BE_050,BREAK_EVEN,0.50:0.00,YES,2026.05.12 16:15:48,1778602548597,48.571,1,1,0.909116,10.19,4699.19,4689.00,0.000000,RETENTION_STOP,2026.05.12 16:20:33,1778602833165,4689.19,333.139,0.000000,0.0000,7108,2026.05.12 16:25:00,1778603100047,21,4691.13
P2F4_CANDIDATE_S1,1778602500026_SELL,XAUUSD,PERIOD_M5,2026.05.12 16:15:00,1778602500026,2026.05.12 16:15:00,SELL,10,OK,1.250000,8.15,814.86,4689.00,4689.17,4689.09,17.0,STEPLOCK_V1,STEP_LOCK,0.50:-0.25|1.00:0.25|2.00:1.00,YES,2026.05.12 16:15:48,1778602548597,48.571,1,1,0.909116,10.19,4699.19,4691.55,-0.250000,RETENTION_STOP,2026.05.12 16:22:39,1778602959230,4691.63,459.204,-0.250000,-5.4306,7108,2026.05.12 16:25:00,1778603100047,21,4691.13
P2F4_CANDIDATE_S1,1778602500026_SELL,XAUUSD,PERIOD_M5,2026.05.12 16:15:00,1778602500026,2026.05.12 16:15:00,SELL,10,OK,1.250000,8.15,814.86,4689.00,4689.17,4689.09,17.0,GIVEBACK_100_075,MFE_GIVEBACK,TRIGGER=1.00|GAP=0.75|FLOOR=0.00,NO,,,,0,0,0.909116,10.19,4699.19,4699.19,-1.000000,TIME_EXIT,2026.05.12 16:25:00,1778603100047,4691.13,600.021,-0.209116,-4.5425,7108,2026.05.12 16:25:00,1778603100047,21,4691.13
P2F4_CANDIDATE_S1,1778661900004_SELL,XAUUSD,PERIOD_M5,2026.05.13 08:45:00,1778661900004,2026.05.13 08:45:00,SELL,10,OK,1.250000,4.47,447.21,4696.91,4697.04,4696.98,13.0,CONTROL,CONTROL,NO_RETENTION,NO,,,,0,0,0.066188,5.59,4702.50,4702.50,-1.000000,TIME_EXIT,2026.05.13 08:55:00,1778662500028,4699.68,600.024,-0.495512,-5.8975,4066,2026.05.13 08:55:00,1778662500028,24,4699.68
P2F4_CANDIDATE_S1,1778661900004_SELL,XAUUSD,PERIOD_M5,2026.05.13 08:45:00,1778661900004,2026.05.13 08:45:00,SELL,10,OK,1.250000,4.47,447.21,4696.91,4697.04,4696.98,13.0,LEGACY_BE_050,BREAK_EVEN,0.50:0.00,NO,,,,0,0,0.066188,5.59,4702.50,4702.50,-1.000000,TIME_EXIT,2026.05.13 08:55:00,1778662500028,4699.68,600.024,-0.495512,-5.8975,4066,2026.05.13 08:55:00,1778662500028,24,4699.68
P2F4_CANDIDATE_S1,1778661900004_SELL,XAUUSD,PERIOD_M5,2026.05.13 08:45:00,1778661900004,2026.05.13 08:45:00,SELL,10,OK,1.250000,4.47,447.21,4696.91,4697.04,4696.98,13.0,STEPLOCK_V1,STEP_LOCK,0.50:-0.25|1.00:0.25|2.00:1.00,NO,,,,0,0,0.066188,5.59,4702.50,4702.50,-1.000000,TIME_EXIT,2026.05.13 08:55:00,1778662500028,4699.68,600.024,-0.495512,-5.8975,4066,2026.05.13 08:55:00,1778662500028,24,4699.68
P2F4_CANDIDATE_S1,1778661900004_SELL,XAUUSD,PERIOD_M5,2026.05.13 08:45:00,1778661900004,2026.05.13 08:45:00,SELL,10,OK,1.250000,4.47,447.21,4696.91,4697.04,4696.98,13.0,GIVEBACK_100_075,MFE_GIVEBACK,TRIGGER=1.00|GAP=0.75|FLOOR=0.00,NO,,,,0,0,0.066188,5.59,4702.50,4702.50,-1.000000,TIME_EXIT,2026.05.13 08:55:00,1778662500028,4699.68,600.024,-0.495512,-5.8975,4066,2026.05.13 08:55:00,1778662500028,24,4699.68
P2F4_CANDIDATE_S1,1778679900025_SELL,XAUUSD,PERIOD_M5,2026.05.13 13:45:00,1778679900025,2026.05.13 13:45:00,SELL,10,OK,1.250000,4.46,446.21,4695.74,4695.91,4695.82,17.0,CONTROL,CONTROL,NO_RETENTION,NO,,,,0,0,0.277893,5.58,4701.32,4701.32,-1.000000,TIME_EXIT,2026.05.13 13:55:00,1778680500075,4695.17,600.050,0.102193,1.2139,2892,2026.05.13 13:55:00,1778680500075,50,4695.17
P2F4_CANDIDATE_S1,1778679900025_SELL,XAUUSD,PERIOD_M5,2026.05.13 13:45:00,1778679900025,2026.05.13 13:45:00,SELL,10,OK,1.250000,4.46,446.21,4695.74,4695.91,4695.82,17.0,LEGACY_BE_050,BREAK_EVEN,0.50:0.00,NO,,,,0,0,0.277893,5.58,4701.32,4701.32,-1.000000,TIME_EXIT,2026.05.13 13:55:00,1778680500075,4695.17,600.050,0.102193,1.2139,2892,2026.05.13 13:55:00,1778680500075,50,4695.17
P2F4_CANDIDATE_S1,1778679900025_SELL,XAUUSD,PERIOD_M5,2026.05.13 13:45:00,1778679900025,2026.05.13 13:45:00,SELL,10,OK,1.250000,4.46,446.21,4695.74,4695.91,4695.82,17.0,STEPLOCK_V1,STEP_LOCK,0.50:-0.25|1.00:0.25|2.00:1.00,NO,,,,0,0,0.277893,5.58,4701.32,4701.32,-1.000000,TIME_EXIT,2026.05.13 13:55:00,1778680500075,4695.17,600.050,0.102193,1.2139,2892,2026.05.13 13:55:00,1778680500075,50,4695.17
P2F4_CANDIDATE_S1,1778679900025_SELL,XAUUSD,PERIOD_M5,2026.05.13 13:45:00,1778679900025,2026.05.13 13:45:00,SELL,10,OK,1.250000,4.46,446.21,4695.74,4695.91,4695.82,17.0,GIVEBACK_100_075,MFE_GIVEBACK,TRIGGER=1.00|GAP=0.75|FLOOR=0.00,NO,,,,0,0,0.277893,5.58,4701.32,4701.32,-1.000000,TIME_EXIT,2026.05.13 13:55:00,1778680500075,4695.17,600.050,0.102193,1.2139,2892,2026.05.13 13:55:00,1778680500075,50,4695.17
P2F4_CANDIDATE_S1,1778685300019_SELL,XAUUSD,PERIOD_M5,2026.05.13 15:15:00,1778685300019,2026.05.13 15:15:00,SELL,10,OK,1.250000,3.93,393.29,4693.94,4694.25,4694.09,31.0,CONTROL,CONTROL,NO_RETENTION,NO,,,,0,0,1.824628,4.92,4698.86,4698.86,-1.000000,TIME_EXIT,2026.05.13 15:25:00,1778685900029,4687.81,600.010,1.246931,13.0594,6663,2026.05.13 15:25:00,1778685900029,10,4687.81
P2F4_CANDIDATE_S1,1778685300019_SELL,XAUUSD,PERIOD_M5,2026.05.13 15:15:00,1778685300019,2026.05.13 15:15:00,SELL,10,OK,1.250000,3.93,393.29,4693.94,4694.25,4694.09,31.0,LEGACY_BE_050,BREAK_EVEN,0.50:0.00,YES,2026.05.13 15:16:04,1778685364647,64.628,1,1,0.907228,4.92,4698.86,4693.94,0.000000,RETENTION_STOP,2026.05.13 15:18:56,1778685536850,4693.98,236.831,0.000000,0.0000,6663,2026.05.13 15:25:00,1778685900029,10,4687.81
P2F4_CANDIDATE_S1,1778685300019_SELL,XAUUSD,PERIOD_M5,2026.05.13 15:15:00,1778685300019,2026.05.13 15:15:00,SELL,10,OK,1.250000,3.93,393.29,4693.94,4694.25,4694.09,31.0,STEPLOCK_V1,STEP_LOCK,0.50:-0.25|1.00:0.25|2.00:1.00,YES,2026.05.13 15:16:04,1778685364647,64.628,2,2,1.824628,4.92,4698.86,4692.71,0.250000,TIME_EXIT,2026.05.13 15:25:00,1778685900029,4687.81,600.010,1.246931,13.0594,6663,2026.05.13 15:25:00,1778685900029,10,4687.81
P2F4_CANDIDATE_S1,1778685300019_SELL,XAUUSD,PERIOD_M5,2026.05.13 15:15:00,1778685300019,2026.05.13 15:15:00,SELL,10,OK,1.250000,3.93,393.29,4693.94,4694.25,4694.09,31.0,GIVEBACK_100_075,MFE_GIVEBACK,TRIGGER=1.00|GAP=0.75|FLOOR=0.00,YES,2026.05.13 15:21:05,1778685665494,365.475,1,48,1.824628,4.92,4698.86,4688.66,1.074628,RETENTION_STOP,2026.05.13 15:23:05,1778685785512,4688.76,485.493,1.074628,11.2548,6663,2026.05.13 15:25:00,1778685900029,10,4687.81
P2F4_CANDIDATE_S1,1778704500016_SELL,XAUUSD,PERIOD_M5,2026.05.13 20:35:00,1778704500016,2026.05.13 20:35:00,SELL,10,OK,1.250000,3.98,397.86,4690.44,4690.61,4690.52,17.0,CONTROL,CONTROL,NO_RETENTION,NO,,,,0,0,0.028151,4.97,4695.41,4695.41,-1.000000,TIME_EXIT,2026.05.13 20:45:00,1778705100098,4691.38,600.082,-0.189013,-2.0041,3644,2026.05.13 20:45:00,1778705100098,82,4691.38
P2F4_CANDIDATE_S1,1778704500016_SELL,XAUUSD,PERIOD_M5,2026.05.13 20:35:00,1778704500016,2026.05.13 20:35:00,SELL,10,OK,1.250000,3.98,397.86,4690.44,4690.61,4690.52,17.0,LEGACY_BE_050,BREAK_EVEN,0.50:0.00,NO,,,,0,0,0.028151,4.97,4695.41,4695.41,-1.000000,TIME_EXIT,2026.05.13 20:45:00,1778705100098,4691.38,600.082,-0.189013,-2.0041,3644,2026.05.13 20:45:00,1778705100098,82,4691.38
P2F4_CANDIDATE_S1,1778704500016_SELL,XAUUSD,PERIOD_M5,2026.05.13 20:35:00,1778704500016,2026.05.13 20:35:00,SELL,10,OK,1.250000,3.98,397.86,4690.44,4690.61,4690.52,17.0,STEPLOCK_V1,STEP_LOCK,0.50:-0.25|1.00:0.25|2.00:1.00,NO,,,,0,0,0.028151,4.97,4695.41,4695.41,-1.000000,TIME_EXIT,2026.05.13 20:45:00,1778705100098,4691.38,600.082,-0.189013,-2.0041,3644,2026.05.13 20:45:00,1778705100098,82,4691.38
P2F4_CANDIDATE_S1,1778704500016_SELL,XAUUSD,PERIOD_M5,2026.05.13 20:35:00,1778704500016,2026.05.13 20:35:00,SELL,10,OK,1.250000,3.98,397.86,4690.44,4690.61,4690.52,17.0,GIVEBACK_100_075,MFE_GIVEBACK,TRIGGER=1.00|GAP=0.75|FLOOR=0.00,NO,,,,0,0,0.028151,4.97,4695.41,4695.41,-1.000000,TIME_EXIT,2026.05.13 20:45:00,1778705100098,4691.38,600.082,-0.189013,-2.0041,3644,2026.05.13 20:45:00,1778705100098,82,4691.38
P2F4_CANDIDATE_S1,1778737500045_SELL,XAUUSD,PERIOD_M5,2026.05.14 05:45:00,1778737500045,2026.05.14 05:45:00,SELL,10,OK,1.250000,5.93,592.57,4691.81,4692.02,4691.92,21.0,CONTROL,CONTROL,NO_RETENTION,NO,,,,0,0,1.568756,7.41,4699.22,4699.22,-1.000000,TIME_EXIT,2026.05.14 05:55:00,1778738100052,4687.35,600.007,0.602122,9.5059,4968,2026.05.14 05:55:00,1778738100052,7,4687.35
P2F4_CANDIDATE_S1,1778737500045_SELL,XAUUSD,PERIOD_M5,2026.05.14 05:45:00,1778737500045,2026.05.14 05:45:00,SELL,10,OK,1.250000,5.93,592.57,4691.81,4692.02,4691.92,21.0,LEGACY_BE_050,BREAK_EVEN,0.50:0.00,YES,2026.05.14 05:47:28,1778737648694,148.649,1,1,1.568756,7.41,4699.22,4691.81,0.000000,TIME_EXIT,2026.05.14 05:55:00,1778738100052,4687.35,600.007,0.602122,9.5059,4968,2026.05.14 05:55:00,1778738100052,7,4687.35
P2F4_CANDIDATE_S1,1778737500045_SELL,XAUUSD,PERIOD_M5,2026.05.14 05:45:00,1778737500045,2026.05.14 05:45:00,SELL,10,OK,1.250000,5.93,592.57,4691.81,4692.02,4691.92,21.0,STEPLOCK_V1,STEP_LOCK,0.50:-0.25|1.00:0.25|2.00:1.00,YES,2026.05.14 05:47:28,1778737648694,148.649,2,2,1.568756,7.41,4699.22,4689.96,0.250000,TIME_EXIT,2026.05.14 05:55:00,1778738100052,4687.35,600.007,0.602122,9.5059,4968,2026.05.14 05:55:00,1778738100052,7,4687.35
P2F4_CANDIDATE_S1,1778737500045_SELL,XAUUSD,PERIOD_M5,2026.05.14 05:45:00,1778737500045,2026.05.14 05:45:00,SELL,10,OK,1.250000,5.93,592.57,4691.81,4692.02,4691.92,21.0,GIVEBACK_100_075,MFE_GIVEBACK,TRIGGER=1.00|GAP=0.75|FLOOR=0.00,YES,2026.05.14 05:48:20,1778737700078,200.033,1,44,1.568756,7.41,4699.22,4685.75,0.818756,RETENTION_STOP,2026.05.14 05:54:11,1778738051505,4685.78,551.460,0.818756,12.9260,4968,2026.05.14 05:55:00,1778738100052,7,4687.35
P2F4_CANDIDATE_S1,1778749800032_SELL,XAUUSD,PERIOD_M5,2026.05.14 09:10:00,1778749800032,2026.05.14 09:10:00,SELL,10,OK,1.250000,4.87,486.71,4690.62,4690.79,4690.70,17.0,CONTROL,CONTROL,NO_RETENTION,NO,,,,0,0,0.729792,6.08,4696.70,4696.70,-1.000000,TIME_EXIT,2026.05.14 09:20:00,1778750400037,4688.64,600.005,0.325448,4.2212,3360,2026.05.14 09:20:00,1778750400037,5,4688.64
P2F4_CANDIDATE_S1,1778749800032_SELL,XAUUSD,PERIOD_M5,2026.05.14 09:10:00,1778749800032,2026.05.14 09:10:00,SELL,10,OK,1.250000,4.87,486.71,4690.62,4690.79,4690.70,17.0,LEGACY_BE_050,BREAK_EVEN,0.50:0.00,YES,2026.05.14 09:12:20,1778749940926,140.894,1,1,0.729792,6.08,4696.70,4690.62,0.000000,TIME_EXIT,2026.05.14 09:20:00,1778750400037,4688.64,600.005,0.325448,4.2212,3360,2026.05.14 09:20:00,1778750400037,5,4688.64
P2F4_CANDIDATE_S1,1778749800032_SELL,XAUUSD,PERIOD_M5,2026.05.14 09:10:00,1778749800032,2026.05.14 09:10:00,SELL,10,OK,1.250000,4.87,486.71,4690.62,4690.79,4690.70,17.0,STEPLOCK_V1,STEP_LOCK,0.50:-0.25|1.00:0.25|2.00:1.00,YES,2026.05.14 09:12:20,1778749940926,140.894,1,1,0.729792,6.08,4696.70,4692.14,-0.250000,TIME_EXIT,2026.05.14 09:20:00,1778750400037,4688.64,600.005,0.325448,4.2212,3360,2026.05.14 09:20:00,1778750400037,5,4688.64
P2F4_CANDIDATE_S1,1778749800032_SELL,XAUUSD,PERIOD_M5,2026.05.14 09:10:00,1778749800032,2026.05.14 09:10:00,SELL,10,OK,1.250000,4.87,486.71,4690.62,4690.79,4690.70,17.0,GIVEBACK_100_075,MFE_GIVEBACK,TRIGGER=1.00|GAP=0.75|FLOOR=0.00,NO,,,,0,0,0.729792,6.08,4696.70,4696.70,-1.000000,TIME_EXIT,2026.05.14 09:20:00,1778750400037,4688.64,600.005,0.325448,4.2212,3360,2026.05.14 09:20:00,1778750400037,5,4688.64
P2F4_CANDIDATE_S1,1778829600067_SELL,XAUUSD,PERIOD_M5,2026.05.15 07:20:00,1778829600067,2026.05.15 07:20:00,SELL,10,OK,1.250000,4.85,484.57,4614.20,4614.41,4614.31,21.0,CONTROL,CONTROL,NO_RETENTION,NO,,,,0,0,1.091274,6.06,4620.26,4620.26,-1.000000,TIME_EXIT,2026.05.15 07:30:00,1778830200101,4611.08,600.034,0.515094,6.7617,3809,2026.05.15 07:30:00,1778830200101,34,4611.08
P2F4_CANDIDATE_S1,1778829600067_SELL,XAUUSD,PERIOD_M5,2026.05.15 07:20:00,1778829600067,2026.05.15 07:20:00,SELL,10,OK,1.250000,4.85,484.57,4614.20,4614.41,4614.31,21.0,LEGACY_BE_050,BREAK_EVEN,0.50:0.00,YES,2026.05.15 07:21:15,1778829675669,75.602,1,1,1.091274,6.06,4620.26,4614.20,0.000000,TIME_EXIT,2026.05.15 07:30:00,1778830200101,4611.08,600.034,0.515094,6.7617,3809,2026.05.15 07:30:00,1778830200101,34,4611.08
P2F4_CANDIDATE_S1,1778829600067_SELL,XAUUSD,PERIOD_M5,2026.05.15 07:20:00,1778829600067,2026.05.15 07:20:00,SELL,10,OK,1.250000,4.85,484.57,4614.20,4614.41,4614.31,21.0,STEPLOCK_V1,STEP_LOCK,0.50:-0.25|1.00:0.25|2.00:1.00,YES,2026.05.15 07:21:15,1778829675669,75.602,2,2,1.091274,6.06,4620.26,4612.69,0.250000,RETENTION_STOP,2026.05.15 07:26:52,1778830012711,4612.77,412.644,0.250000,3.2818,3809,2026.05.15 07:30:00,1778830200101,34,4611.08
P2F4_CANDIDATE_S1,1778829600067_SELL,XAUUSD,PERIOD_M5,2026.05.15 07:20:00,1778829600067,2026.05.15 07:20:00,SELL,10,OK,1.250000,4.85,484.57,4614.20,4614.41,4614.31,21.0,GIVEBACK_100_075,MFE_GIVEBACK,TRIGGER=1.00|GAP=0.75|FLOOR=0.00,YES,2026.05.15 07:22:27,1778829747664,147.597,1,6,1.091274,6.06,4620.26,4612.13,0.341274,RETENTION_STOP,2026.05.15 07:25:05,1778829905862,4612.55,305.795,0.341274,4.4800,3809,2026.05.15 07:30:00,1778830200101,34,4611.08
P2F4_CANDIDATE_S1,1778842200058_SELL,XAUUSD,PERIOD_M5,2026.05.15 10:50:00,1778842200058,2026.05.15 10:50:00,SELL,10,OK,1.250000,6.24,624.14,4574.84,4574.88,4574.86,4.0,CONTROL,CONTROL,NO_RETENTION,NO,,,,0,0,0.806226,7.80,4582.64,4582.64,-1.000000,TIME_EXIT,2026.05.15 11:00:00,1778842800127,4571.03,600.069,0.488350,8.3282,3867,2026.05.15 11:00:00,1778842800127,69,4571.03
P2F4_CANDIDATE_S1,1778842200058_SELL,XAUUSD,PERIOD_M5,2026.05.15 10:50:00,1778842200058,2026.05.15 10:50:00,SELL,10,OK,1.250000,6.24,624.14,4574.84,4574.88,4574.86,4.0,LEGACY_BE_050,BREAK_EVEN,0.50:0.00,YES,2026.05.15 10:53:16,1778842396192,196.134,1,1,0.806226,7.80,4582.64,4574.84,0.000000,TIME_EXIT,2026.05.15 11:00:00,1778842800127,4571.03,600.069,0.488350,8.3282,3867,2026.05.15 11:00:00,1778842800127,69,4571.03
P2F4_CANDIDATE_S1,1778842200058_SELL,XAUUSD,PERIOD_M5,2026.05.15 10:50:00,1778842200058,2026.05.15 10:50:00,SELL,10,OK,1.250000,6.24,624.14,4574.84,4574.88,4574.86,4.0,STEPLOCK_V1,STEP_LOCK,0.50:-0.25|1.00:0.25|2.00:1.00,YES,2026.05.15 10:53:16,1778842396192,196.134,1,1,0.806226,7.80,4582.64,4576.79,-0.250000,TIME_EXIT,2026.05.15 11:00:00,1778842800127,4571.03,600.069,0.488350,8.3282,3867,2026.05.15 11:00:00,1778842800127,69,4571.03
P2F4_CANDIDATE_S1,1778842200058_SELL,XAUUSD,PERIOD_M5,2026.05.15 10:50:00,1778842200058,2026.05.15 10:50:00,SELL,10,OK,1.250000,6.24,624.14,4574.84,4574.88,4574.86,4.0,GIVEBACK_100_075,MFE_GIVEBACK,TRIGGER=1.00|GAP=0.75|FLOOR=0.00,NO,,,,0,0,0.806226,7.80,4582.64,4582.64,-1.000000,TIME_EXIT,2026.05.15 11:00:00,1778842800127,4571.03,600.069,0.488350,8.3282,3867,2026.05.15 11:00:00,1778842800127,69,4571.03
P2F4_CANDIDATE_S1,1778856600009_SELL,XAUUSD,PERIOD_M5,2026.05.15 14:50:00,1778856600009,2026.05.15 14:50:00,SELL,10,OK,1.250000,6.43,642.86,4556.57,4556.73,4556.65,16.0,CONTROL,CONTROL,NO_RETENTION,NO,,,,0,0,0.805156,8.04,4564.61,4564.61,-1.000000,TIME_EXIT,2026.05.15 15:00:00,1778857200130,4551.91,600.121,0.579911,10.2270,4998,2026.05.15 15:00:00,1778857200130,121,4551.91
P2F4_CANDIDATE_S1,1778856600009_SELL,XAUUSD,PERIOD_M5,2026.05.15 14:50:00,1778856600009,2026.05.15 14:50:00,SELL,10,OK,1.250000,6.43,642.86,4556.57,4556.73,4556.65,16.0,LEGACY_BE_050,BREAK_EVEN,0.50:0.00,YES,2026.05.15 14:55:16,1778856916646,316.637,1,1,0.805156,8.04,4564.61,4556.57,0.000000,TIME_EXIT,2026.05.15 15:00:00,1778857200130,4551.91,600.121,0.579911,10.2270,4998,2026.05.15 15:00:00,1778857200130,121,4551.91
P2F4_CANDIDATE_S1,1778856600009_SELL,XAUUSD,PERIOD_M5,2026.05.15 14:50:00,1778856600009,2026.05.15 14:50:00,SELL,10,OK,1.250000,6.43,642.86,4556.57,4556.73,4556.65,16.0,STEPLOCK_V1,STEP_LOCK,0.50:-0.25|1.00:0.25|2.00:1.00,YES,2026.05.15 14:55:16,1778856916646,316.637,1,1,0.805156,8.04,4564.61,4558.58,-0.250000,TIME_EXIT,2026.05.15 15:00:00,1778857200130,4551.91,600.121,0.579911,10.2270,4998,2026.05.15 15:00:00,1778857200130,121,4551.91
P2F4_CANDIDATE_S1,1778856600009_SELL,XAUUSD,PERIOD_M5,2026.05.15 14:50:00,1778856600009,2026.05.15 14:50:00,SELL,10,OK,1.250000,6.43,642.86,4556.57,4556.73,4556.65,16.0,GIVEBACK_100_075,MFE_GIVEBACK,TRIGGER=1.00|GAP=0.75|FLOOR=0.00,NO,,,,0,0,0.805156,8.04,4564.61,4564.61,-1.000000,TIME_EXIT,2026.05.15 15:00:00,1778857200130,4551.91,600.121,0.579911,10.2270,4998,2026.05.15 15:00:00,1778857200130,121,4551.91
P2F4_CANDIDATE_S1,1778870100003_SELL,XAUUSD,PERIOD_M5,2026.05.15 18:35:00,1778870100003,2026.05.15 18:35:00,SELL,10,OK,1.250000,7.94,794.00,4543.75,4543.92,4543.84,17.0,CONTROL,CONTROL,NO_RETENTION,NO,,,,0,0,0.366751,9.93,4553.68,4553.68,-1.000000,TIME_EXIT,2026.05.15 18:45:00,1778870700033,4541.59,600.030,0.217632,4.7538,5687,2026.05.15 18:45:00,1778870700033,30,4541.59
P2F4_CANDIDATE_S1,1778870100003_SELL,XAUUSD,PERIOD_M5,2026.05.15 18:35:00,1778870100003,2026.05.15 18:35:00,SELL,10,OK,1.250000,7.94,794.00,4543.75,4543.92,4543.84,17.0,LEGACY_BE_050,BREAK_EVEN,0.50:0.00,NO,,,,0,0,0.366751,9.93,4553.68,4553.68,-1.000000,TIME_EXIT,2026.05.15 18:45:00,1778870700033,4541.59,600.030,0.217632,4.7538,5687,2026.05.15 18:45:00,1778870700033,30,4541.59
P2F4_CANDIDATE_S1,1778870100003_SELL,XAUUSD,PERIOD_M5,2026.05.15 18:35:00,1778870100003,2026.05.15 18:35:00,SELL,10,OK,1.250000,7.94,794.00,4543.75,4543.92,4543.84,17.0,STEPLOCK_V1,STEP_LOCK,0.50:-0.25|1.00:0.25|2.00:1.00,NO,,,,0,0,0.366751,9.93,4553.68,4553.68,-1.000000,TIME_EXIT,2026.05.15 18:45:00,1778870700033,4541.59,600.030,0.217632,4.7538,5687,2026.05.15 18:45:00,1778870700033,30,4541.59
P2F4_CANDIDATE_S1,1778870100003_SELL,XAUUSD,PERIOD_M5,2026.05.15 18:35:00,1778870100003,2026.05.15 18:35:00,SELL,10,OK,1.250000,7.94,794.00,4543.75,4543.92,4543.84,17.0,GIVEBACK_100_075,MFE_GIVEBACK,TRIGGER=1.00|GAP=0.75|FLOOR=0.00,NO,,,,0,0,0.366751,9.93,4553.68,4553.68,-1.000000,TIME_EXIT,2026.05.15 18:45:00,1778870700033,4541.59,600.030,0.217632,4.7538,5687,2026.05.15 18:45:00,1778870700033,30,4541.59
P2F4_CANDIDATE_S1,1778883300079_SELL,XAUUSD,PERIOD_M5,2026.05.15 22:15:00,1778883300079,2026.05.15 22:15:00,SELL,10,OK,1.250000,4.43,442.57,4550.44,4550.61,4550.52,17.0,CONTROL,CONTROL,NO_RETENTION,NO,,,,0,0,0.240413,5.53,4555.97,4555.97,-1.000000,TIME_EXIT,2026.05.15 22:25:00,1778883900101,4550.19,600.022,0.045190,0.5494,3217,2026.05.15 22:25:00,1778883900101,22,4550.19
P2F4_CANDIDATE_S1,1778883300079_SELL,XAUUSD,PERIOD_M5,2026.05.15 22:15:00,1778883300079,2026.05.15 22:15:00,SELL,10,OK,1.250000,4.43,442.57,4550.44,4550.61,4550.52,17.0,LEGACY_BE_050,BREAK_EVEN,0.50:0.00,NO,,,,0,0,0.240413,5.53,4555.97,4555.97,-1.000000,TIME_EXIT,2026.05.15 22:25:00,1778883900101,4550.19,600.022,0.045190,0.5494,3217,2026.05.15 22:25:00,1778883900101,22,4550.19
P2F4_CANDIDATE_S1,1778883300079_SELL,XAUUSD,PERIOD_M5,2026.05.15 22:15:00,1778883300079,2026.05.15 22:15:00,SELL,10,OK,1.250000,4.43,442.57,4550.44,4550.61,4550.52,17.0,STEPLOCK_V1,STEP_LOCK,0.50:-0.25|1.00:0.25|2.00:1.00,NO,,,,0,0,0.240413,5.53,4555.97,4555.97,-1.000000,TIME_EXIT,2026.05.15 22:25:00,1778883900101,4550.19,600.022,0.045190,0.5494,3217,2026.05.15 22:25:00,1778883900101,22,4550.19
P2F4_CANDIDATE_S1,1778883300079_SELL,XAUUSD,PERIOD_M5,2026.05.15 22:15:00,1778883300079,2026.05.15 22:15:00,SELL,10,OK,1.250000,4.43,442.57,4550.44,4550.61,4550.52,17.0,GIVEBACK_100_075,MFE_GIVEBACK,TRIGGER=1.00|GAP=0.75|FLOOR=0.00,NO,,,,0,0,0.240413,5.53,4555.97,4555.97,-1.000000,TIME_EXIT,2026.05.15 22:25:00,1778883900101,4550.19,600.022,0.045190,0.5494,3217,2026.05.15 22:25:00,1778883900101,22,4550.19
P2F4_CANDIDATE_S1,1779094800031_SELL,XAUUSD,PERIOD_M5,2026.05.18 09:00:00,1779094800031,2026.05.18 09:00:00,SELL,10,OK,1.250000,7.77,777.29,4530.94,4531.04,4530.99,10.0,CONTROL,CONTROL,NO_RETENTION,NO,,,,0,0,0.113214,9.72,4540.66,4540.66,-1.000000,HARD_SL,2026.05.18 09:07:05,1779095225743,4540.67,425.712,-1.000000,-21.4438,5623,2026.05.18 09:10:00,1779095400047,16,4538.19
P2F4_CANDIDATE_S1,1779094800031_SELL,XAUUSD,PERIOD_M5,2026.05.18 09:00:00,1779094800031,2026.05.18 09:00:00,SELL,10,OK,1.250000,7.77,777.29,4530.94,4531.04,4530.99,10.0,LEGACY_BE_050,BREAK_EVEN,0.50:0.00,NO,,,,0,0,0.113214,9.72,4540.66,4540.66,-1.000000,HARD_SL,2026.05.18 09:07:05,1779095225743,4540.67,425.712,-1.000000,-21.4438,5623,2026.05.18 09:10:00,1779095400047,16,4538.19
P2F4_CANDIDATE_S1,1779094800031_SELL,XAUUSD,PERIOD_M5,2026.05.18 09:00:00,1779094800031,2026.05.18 09:00:00,SELL,10,OK,1.250000,7.77,777.29,4530.94,4531.04,4530.99,10.0,STEPLOCK_V1,STEP_LOCK,0.50:-0.25|1.00:0.25|2.00:1.00,NO,,,,0,0,0.113214,9.72,4540.66,4540.66,-1.000000,HARD_SL,2026.05.18 09:07:05,1779095225743,4540.67,425.712,-1.000000,-21.4438,5623,2026.05.18 09:10:00,1779095400047,16,4538.19
P2F4_CANDIDATE_S1,1779094800031_SELL,XAUUSD,PERIOD_M5,2026.05.18 09:00:00,1779094800031,2026.05.18 09:00:00,SELL,10,OK,1.250000,7.77,777.29,4530.94,4531.04,4530.99,10.0,GIVEBACK_100_075,MFE_GIVEBACK,TRIGGER=1.00|GAP=0.75|FLOOR=0.00,NO,,,,0,0,0.113214,9.72,4540.66,4540.66,-1.000000,HARD_SL,2026.05.18 09:07:05,1779095225743,4540.67,425.712,-1.000000,-21.4438,5623,2026.05.18 09:10:00,1779095400047,16,4538.19
P2F4_CANDIDATE_S1,1779187500003_SELL,XAUUSD,PERIOD_M5,2026.05.19 10:45:00,1779187500003,2026.05.19 10:45:00,SELL,10,OK,1.250000,5.31,531.43,4542.13,4542.30,4542.22,17.0,CONTROL,CONTROL,NO_RETENTION,NO,,,,0,0,0.000000,6.64,4548.77,4548.77,-1.000000,HARD_SL,2026.05.19 10:46:36,1779187596499,4548.81,96.496,-1.000000,-14.6250,4197,2026.05.19 10:55:00,1779188100003,0,4552.50
P2F4_CANDIDATE_S1,1779187500003_SELL,XAUUSD,PERIOD_M5,2026.05.19 10:45:00,1779187500003,2026.05.19 10:45:00,SELL,10,OK,1.250000,5.31,531.43,4542.13,4542.30,4542.22,17.0,LEGACY_BE_050,BREAK_EVEN,0.50:0.00,NO,,,,0,0,0.000000,6.64,4548.77,4548.77,-1.000000,HARD_SL,2026.05.19 10:46:36,1779187596499,4548.81,96.496,-1.000000,-14.6250,4197,2026.05.19 10:55:00,1779188100003,0,4552.50
P2F4_CANDIDATE_S1,1779187500003_SELL,XAUUSD,PERIOD_M5,2026.05.19 10:45:00,1779187500003,2026.05.19 10:45:00,SELL,10,OK,1.250000,5.31,531.43,4542.13,4542.30,4542.22,17.0,STEPLOCK_V1,STEP_LOCK,0.50:-0.25|1.00:0.25|2.00:1.00,NO,,,,0,0,0.000000,6.64,4548.77,4548.77,-1.000000,HARD_SL,2026.05.19 10:46:36,1779187596499,4548.81,96.496,-1.000000,-14.6250,4197,2026.05.19 10:55:00,1779188100003,0,4552.50
P2F4_CANDIDATE_S1,1779187500003_SELL,XAUUSD,PERIOD_M5,2026.05.19 10:45:00,1779187500003,2026.05.19 10:45:00,SELL,10,OK,1.250000,5.31,531.43,4542.13,4542.30,4542.22,17.0,GIVEBACK_100_075,MFE_GIVEBACK,TRIGGER=1.00|GAP=0.75|FLOOR=0.00,NO,,,,0,0,0.000000,6.64,4548.77,4548.77,-1.000000,HARD_SL,2026.05.19 10:46:36,1779187596499,4548.81,96.496,-1.000000,-14.6250,4197,2026.05.19 10:55:00,1779188100003,0,4552.50
P2F4_CANDIDATE_S1,1779189900013_SELL,XAUUSD,PERIOD_M5,2026.05.19 11:25:00,1779189900013,2026.05.19 11:25:00,SELL,10,OK,1.250000,6.00,600.14,4540.64,4540.81,4540.73,17.0,CONTROL,CONTROL,NO_RETENTION,NO,,,,0,0,0.549203,7.50,4548.14,4548.14,-1.000000,TIME_EXIT,2026.05.19 11:35:00,1779190500014,4544.39,600.001,-0.499881,-8.2587,3808,2026.05.19 11:35:00,1779190500014,1,4544.39
P2F4_CANDIDATE_S1,1779189900013_SELL,XAUUSD,PERIOD_M5,2026.05.19 11:25:00,1779189900013,2026.05.19 11:25:00,SELL,10,OK,1.250000,6.00,600.14,4540.64,4540.81,4540.73,17.0,LEGACY_BE_050,BREAK_EVEN,0.50:0.00,YES,2026.05.19 11:28:26,1779190106805,206.792,1,1,0.549203,7.50,4548.14,4540.64,0.000000,RETENTION_STOP,2026.05.19 11:32:37,1779190357528,4540.70,457.515,0.000000,0.0000,3808,2026.05.19 11:35:00,1779190500014,1,4544.39
P2F4_CANDIDATE_S1,1779189900013_SELL,XAUUSD,PERIOD_M5,2026.05.19 11:25:00,1779189900013,2026.05.19 11:25:00,SELL,10,OK,1.250000,6.00,600.14,4540.64,4540.81,4540.73,17.0,STEPLOCK_V1,STEP_LOCK,0.50:-0.25|1.00:0.25|2.00:1.00,YES,2026.05.19 11:28:26,1779190106805,206.792,1,1,0.549203,7.50,4548.14,4542.52,-0.250000,RETENTION_STOP,2026.05.19 11:33:47,1779190427029,4542.55,527.016,-0.250000,-4.1304,3808,2026.05.19 11:35:00,1779190500014,1,4544.39
P2F4_CANDIDATE_S1,1779189900013_SELL,XAUUSD,PERIOD_M5,2026.05.19 11:25:00,1779189900013,2026.05.19 11:25:00,SELL,10,OK,1.250000,6.00,600.14,4540.64,4540.81,4540.73,17.0,GIVEBACK_100_075,MFE_GIVEBACK,TRIGGER=1.00|GAP=0.75|FLOOR=0.00,NO,,,,0,0,0.549203,7.50,4548.14,4548.14,-1.000000,TIME_EXIT,2026.05.19 11:35:00,1779190500014,4544.39,600.001,-0.499881,-8.2587,3808,2026.05.19 11:35:00,1779190500014,1,4544.39
P2F4_CANDIDATE_S1,1779206400022_SELL,XAUUSD,PERIOD_M5,2026.05.19 16:00:00,1779206400022,2026.05.19 16:00:00,SELL,10,OK,1.250000,5.95,595.07,4537.12,4537.29,4537.20,17.0,CONTROL,CONTROL,NO_RETENTION,NO,,,,0,0,2.973761,7.44,4544.56,4544.56,-1.000000,TIME_EXIT,2026.05.19 16:10:00,1779207000040,4522.97,600.018,1.902293,31.1872,6636,2026.05.19 16:10:00,1779207000040,18,4522.97
P2F4_CANDIDATE_S1,1779206400022_SELL,XAUUSD,PERIOD_M5,2026.05.19 16:00:00,1779206400022,2026.05.19 16:00:00,SELL,10,OK,1.250000,5.95,595.07,4537.12,4537.29,4537.20,17.0,LEGACY_BE_050,BREAK_EVEN,0.50:0.00,YES,2026.05.19 16:00:52,1779206452087,52.065,1,1,2.973761,7.44,4544.56,4537.12,0.000000,TIME_EXIT,2026.05.19 16:10:00,1779207000040,4522.97,600.018,1.902293,31.1872,6636,2026.05.19 16:10:00,1779207000040,18,4522.97
P2F4_CANDIDATE_S1,1779206400022_SELL,XAUUSD,PERIOD_M5,2026.05.19 16:00:00,1779206400022,2026.05.19 16:00:00,SELL,10,OK,1.250000,5.95,595.07,4537.12,4537.29,4537.20,17.0,STEPLOCK_V1,STEP_LOCK,0.50:-0.25|1.00:0.25|2.00:1.00,YES,2026.05.19 16:00:52,1779206452087,52.065,3,3,2.973761,7.44,4544.56,4529.68,1.000000,TIME_EXIT,2026.05.19 16:10:00,1779207000040,4522.97,600.018,1.902293,31.1872,6636,2026.05.19 16:10:00,1779207000040,18,4522.97
P2F4_CANDIDATE_S1,1779206400022_SELL,XAUUSD,PERIOD_M5,2026.05.19 16:00:00,1779206400022,2026.05.19 16:00:00,SELL,10,OK,1.250000,5.95,595.07,4537.12,4537.29,4537.20,17.0,GIVEBACK_100_075,MFE_GIVEBACK,TRIGGER=1.00|GAP=0.75|FLOOR=0.00,YES,2026.05.19 16:03:59,1779206639564,239.542,1,132,2.973761,7.44,4544.56,4520.58,2.223761,RETENTION_STOP,2026.05.19 16:09:23,1779206963462,4520.66,563.440,2.223761,36.4575,6636,2026.05.19 16:10:00,1779207000040,18,4522.97
P2F4_CANDIDATE_S1,1779223800118_SELL,XAUUSD,PERIOD_M5,2026.05.19 20:50:00,1779223800118,2026.05.19 20:50:00,SELL,10,OK,1.250000,3.88,388.36,4500.78,4500.95,4500.86,17.0,CONTROL,CONTROL,NO_RETENTION,NO,,,,0,0,0.308994,4.85,4505.63,4505.63,-1.000000,TIME_EXIT,2026.05.19 21:00:00,1779224400202,4500.99,600.084,-0.043259,-0.4666,3034,2026.05.19 21:00:00,1779224400202,84,4500.99
P2F4_CANDIDATE_S1,1779223800118_SELL,XAUUSD,PERIOD_M5,2026.05.19 20:50:00,1779223800118,2026.05.19 20:50:00,SELL,10,OK,1.250000,3.88,388.36,4500.78,4500.95,4500.86,17.0,LEGACY_BE_050,BREAK_EVEN,0.50:0.00,NO,,,,0,0,0.308994,4.85,4505.63,4505.63,-1.000000,TIME_EXIT,2026.05.19 21:00:00,1779224400202,4500.99,600.084,-0.043259,-0.4666,3034,2026.05.19 21:00:00,1779224400202,84,4500.99
P2F4_CANDIDATE_S1,1779223800118_SELL,XAUUSD,PERIOD_M5,2026.05.19 20:50:00,1779223800118,2026.05.19 20:50:00,SELL,10,OK,1.250000,3.88,388.36,4500.78,4500.95,4500.86,17.0,STEPLOCK_V1,STEP_LOCK,0.50:-0.25|1.00:0.25|2.00:1.00,NO,,,,0,0,0.308994,4.85,4505.63,4505.63,-1.000000,TIME_EXIT,2026.05.19 21:00:00,1779224400202,4500.99,600.084,-0.043259,-0.4666,3034,2026.05.19 21:00:00,1779224400202,84,4500.99
P2F4_CANDIDATE_S1,1779223800118_SELL,XAUUSD,PERIOD_M5,2026.05.19 20:50:00,1779223800118,2026.05.19 20:50:00,SELL,10,OK,1.250000,3.88,388.36,4500.78,4500.95,4500.86,17.0,GIVEBACK_100_075,MFE_GIVEBACK,TRIGGER=1.00|GAP=0.75|FLOOR=0.00,NO,,,,0,0,0.308994,4.85,4505.63,4505.63,-1.000000,TIME_EXIT,2026.05.19 21:00:00,1779224400202,4500.99,600.084,-0.043259,-0.4666,3034,2026.05.19 21:00:00,1779224400202,84,4500.99
P2F4_CANDIDATE_S1,1779247200024_SELL,XAUUSD,PERIOD_M5,2026.05.20 03:20:00,1779247200024,2026.05.20 03:20:00,SELL,10,OK,1.250000,5.49,548.57,4483.66,4483.87,4483.76,21.0,CONTROL,CONTROL,NO_RETENTION,NO,,,,0,0,0.313542,6.86,4490.52,4490.52,-1.000000,HARD_SL,2026.05.20 03:24:36,1779247476284,4490.61,276.260,-1.000000,-15.2936,4908,2026.05.20 03:30:00,1779247800033,9,4502.15
P2F4_CANDIDATE_S1,1779247200024_SELL,XAUUSD,PERIOD_M5,2026.05.20 03:20:00,1779247200024,2026.05.20 03:20:00,SELL,10,OK,1.250000,5.49,548.57,4483.66,4483.87,4483.76,21.0,LEGACY_BE_050,BREAK_EVEN,0.50:0.00,NO,,,,0,0,0.313542,6.86,4490.52,4490.52,-1.000000,HARD_SL,2026.05.20 03:24:36,1779247476284,4490.61,276.260,-1.000000,-15.2936,4908,2026.05.20 03:30:00,1779247800033,9,4502.15
P2F4_CANDIDATE_S1,1779247200024_SELL,XAUUSD,PERIOD_M5,2026.05.20 03:20:00,1779247200024,2026.05.20 03:20:00,SELL,10,OK,1.250000,5.49,548.57,4483.66,4483.87,4483.76,21.0,STEPLOCK_V1,STEP_LOCK,0.50:-0.25|1.00:0.25|2.00:1.00,NO,,,,0,0,0.313542,6.86,4490.52,4490.52,-1.000000,HARD_SL,2026.05.20 03:24:36,1779247476284,4490.61,276.260,-1.000000,-15.2936,4908,2026.05.20 03:30:00,1779247800033,9,4502.15
P2F4_CANDIDATE_S1,1779247200024_SELL,XAUUSD,PERIOD_M5,2026.05.20 03:20:00,1779247200024,2026.05.20 03:20:00,SELL,10,OK,1.250000,5.49,548.57,4483.66,4483.87,4483.76,21.0,GIVEBACK_100_075,MFE_GIVEBACK,TRIGGER=1.00|GAP=0.75|FLOOR=0.00,NO,,,,0,0,0.313542,6.86,4490.52,4490.52,-1.000000,HARD_SL,2026.05.20 03:24:36,1779247476284,4490.61,276.260,-1.000000,-15.2936,4908,2026.05.20 03:30:00,1779247800033,9,4502.15
P2F4_CANDIDATE_S1,1779251400063_SELL,XAUUSD,PERIOD_M5,2026.05.20 04:30:00,1779251400063,2026.05.20 04:30:00,SELL,10,OK,1.250000,8.65,865.07,4473.55,4473.76,4473.66,21.0,CONTROL,CONTROL,NO_RETENTION,NO,,,,0,0,1.589695,10.81,4484.36,4484.36,-1.000000,TIME_EXIT,2026.05.20 04:40:00,1779252000090,4468.23,600.027,0.491982,11.8921,7740,2026.05.20 04:40:00,1779252000090,27,4468.23
P2F4_CANDIDATE_S1,1779251400063_SELL,XAUUSD,PERIOD_M5,2026.05.20 04:30:00,1779251400063,2026.05.20 04:30:00,SELL,10,OK,1.250000,8.65,865.07,4473.55,4473.76,4473.66,21.0,LEGACY_BE_050,BREAK_EVEN,0.50:0.00,YES,2026.05.20 04:32:03,1779251523870,123.807,1,1,0.549319,10.81,4484.36,4473.55,0.000000,RETENTION_STOP,2026.05.20 04:32:58,1779251578950,4473.58,178.887,0.000000,0.0000,7740,2026.05.20 04:40:00,1779252000090,27,4468.23
P2F4_CANDIDATE_S1,1779251400063_SELL,XAUUSD,PERIOD_M5,2026.05.20 04:30:00,1779251400063,2026.05.20 04:30:00,SELL,10,OK,1.250000,8.65,865.07,4473.55,4473.76,4473.66,21.0,STEPLOCK_V1,STEP_LOCK,0.50:-0.25|1.00:0.25|2.00:1.00,YES,2026.05.20 04:32:03,1779251523870,123.807,1,1,0.549319,10.81,4484.36,4476.25,-0.250000,RETENTION_STOP,2026.05.20 04:33:14,1779251594137,4476.74,194.074,-0.250000,-6.0430,7740,2026.05.20 04:40:00,1779252000090,27,4468.23
P2F4_CANDIDATE_S1,1779251400063_SELL,XAUUSD,PERIOD_M5,2026.05.20 04:30:00,1779251400063,2026.05.20 04:30:00,SELL,10,OK,1.250000,8.65,865.07,4473.55,4473.76,4473.66,21.0,GIVEBACK_100_075,MFE_GIVEBACK,TRIGGER=1.00|GAP=0.75|FLOOR=0.00,YES,2026.05.20 04:36:14,1779251774913,374.850,1,43,1.589695,10.81,4484.36,4464.47,0.839695,RETENTION_STOP,2026.05.20 04:37:55,1779251875396,4464.49,475.333,0.839695,20.2970,7740,2026.05.20 04:40:00,1779252000090,27,4468.23
P2F4_CANDIDATE_S1,1779270300017_SELL,XAUUSD,PERIOD_M5,2026.05.20 09:45:00,1779270300017,2026.05.20 09:45:00,SELL,10,OK,1.250000,6.19,618.64,4467.05,4467.22,4467.14,17.0,CONTROL,CONTROL,NO_RETENTION,NO,,,,0,0,0.195266,7.73,4474.78,4474.78,-1.000000,HARD_SL,2026.05.20 09:49:51,1779270591780,4474.83,291.763,-1.000000,-17.3113,4167,2026.05.20 09:55:00,1779270900099,82,4475.07
P2F4_CANDIDATE_S1,1779270300017_SELL,XAUUSD,PERIOD_M5,2026.05.20 09:45:00,1779270300017,2026.05.20 09:45:00,SELL,10,OK,1.250000,6.19,618.64,4467.05,4467.22,4467.14,17.0,LEGACY_BE_050,BREAK_EVEN,0.50:0.00,NO,,,,0,0,0.195266,7.73,4474.78,4474.78,-1.000000,HARD_SL,2026.05.20 09:49:51,1779270591780,4474.83,291.763,-1.000000,-17.3113,4167,2026.05.20 09:55:00,1779270900099,82,4475.07
P2F4_CANDIDATE_S1,1779270300017_SELL,XAUUSD,PERIOD_M5,2026.05.20 09:45:00,1779270300017,2026.05.20 09:45:00,SELL,10,OK,1.250000,6.19,618.64,4467.05,4467.22,4467.14,17.0,STEPLOCK_V1,STEP_LOCK,0.50:-0.25|1.00:0.25|2.00:1.00,NO,,,,0,0,0.195266,7.73,4474.78,4474.78,-1.000000,HARD_SL,2026.05.20 09:49:51,1779270591780,4474.83,291.763,-1.000000,-17.3113,4167,2026.05.20 09:55:00,1779270900099,82,4475.07
P2F4_CANDIDATE_S1,1779270300017_SELL,XAUUSD,PERIOD_M5,2026.05.20 09:45:00,1779270300017,2026.05.20 09:45:00,SELL,10,OK,1.250000,6.19,618.64,4467.05,4467.22,4467.14,17.0,GIVEBACK_100_075,MFE_GIVEBACK,TRIGGER=1.00|GAP=0.75|FLOOR=0.00,NO,,,,0,0,0.195266,7.73,4474.78,4474.78,-1.000000,HARD_SL,2026.05.20 09:49:51,1779270591780,4474.83,291.763,-1.000000,-17.3113,4167,2026.05.20 09:55:00,1779270900099,82,4475.07
P2F4_CANDIDATE_S1,1779280200036_SELL,XAUUSD,PERIOD_M5,2026.05.20 12:30:00,1779280200036,2026.05.20 12:30:00,SELL,10,OK,1.250000,5.38,537.71,4474.16,4474.33,4474.24,17.0,CONTROL,CONTROL,NO_RETENTION,NO,,,,0,0,0.172582,6.72,4480.88,4480.88,-1.000000,HARD_SL,2026.05.20 12:33:08,1779280388426,4480.93,188.390,-1.000000,-15.0228,3838,2026.05.20 12:40:00,1779280800038,2,4483.43
P2F4_CANDIDATE_S1,1779280200036_SELL,XAUUSD,PERIOD_M5,2026.05.20 12:30:00,1779280200036,2026.05.20 12:30:00,SELL,10,OK,1.250000,5.38,537.71,4474.16,4474.33,4474.24,17.0,LEGACY_BE_050,BREAK_EVEN,0.50:0.00,NO,,,,0,0,0.172582,6.72,4480.88,4480.88,-1.000000,HARD_SL,2026.05.20 12:33:08,1779280388426,4480.93,188.390,-1.000000,-15.0228,3838,2026.05.20 12:40:00,1779280800038,2,4483.43
P2F4_CANDIDATE_S1,1779280200036_SELL,XAUUSD,PERIOD_M5,2026.05.20 12:30:00,1779280200036,2026.05.20 12:30:00,SELL,10,OK,1.250000,5.38,537.71,4474.16,4474.33,4474.24,17.0,STEPLOCK_V1,STEP_LOCK,0.50:-0.25|1.00:0.25|2.00:1.00,NO,,,,0,0,0.172582,6.72,4480.88,4480.88,-1.000000,HARD_SL,2026.05.20 12:33:08,1779280388426,4480.93,188.390,-1.000000,-15.0228,3838,2026.05.20 12:40:00,1779280800038,2,4483.43
P2F4_CANDIDATE_S1,1779280200036_SELL,XAUUSD,PERIOD_M5,2026.05.20 12:30:00,1779280200036,2026.05.20 12:30:00,SELL,10,OK,1.250000,5.38,537.71,4474.16,4474.33,4474.24,17.0,GIVEBACK_100_075,MFE_GIVEBACK,TRIGGER=1.00|GAP=0.75|FLOOR=0.00,NO,,,,0,0,0.172582,6.72,4480.88,4480.88,-1.000000,HARD_SL,2026.05.20 12:33:08,1779280388426,4480.93,188.390,-1.000000,-15.0228,3838,2026.05.20 12:40:00,1779280800038,2,4483.43
P2F4_CANDIDATE_S1,1779370200003_SELL,XAUUSD,PERIOD_M5,2026.05.21 13:30:00,1779370200003,2026.05.21 13:30:00,SELL,10,OK,1.250000,5.80,579.86,4518.08,4518.25,4518.16,17.0,CONTROL,CONTROL,NO_RETENTION,NO,,,,0,0,1.445873,7.25,4525.33,4525.33,-1.000000,TIME_EXIT,2026.05.21 13:40:00,1779370800018,4509.00,600.015,1.252722,20.0970,7470,2026.05.21 13:40:00,1779370800018,15,4509.00
P2F4_CANDIDATE_S1,1779370200003_SELL,XAUUSD,PERIOD_M5,2026.05.21 13:30:00,1779370200003,2026.05.21 13:30:00,SELL,10,OK,1.250000,5.80,579.86,4518.08,4518.25,4518.16,17.0,LEGACY_BE_050,BREAK_EVEN,0.50:0.00,YES,2026.05.21 13:30:12,1779370212919,12.916,1,1,1.385169,7.25,4525.33,4518.08,0.000000,RETENTION_STOP,2026.05.21 13:37:53,1779370673192,4518.08,473.189,0.000000,0.0000,7470,2026.05.21 13:40:00,1779370800018,15,4509.00
P2F4_CANDIDATE_S1,1779370200003_SELL,XAUUSD,PERIOD_M5,2026.05.21 13:30:00,1779370200003,2026.05.21 13:30:00,SELL,10,OK,1.250000,5.80,579.86,4518.08,4518.25,4518.16,17.0,STEPLOCK_V1,STEP_LOCK,0.50:-0.25|1.00:0.25|2.00:1.00,YES,2026.05.21 13:30:12,1779370212919,12.916,2,2,1.385169,7.25,4525.33,4516.27,0.250000,RETENTION_STOP,2026.05.21 13:37:20,1779370640817,4516.35,440.814,0.250000,4.0107,7470,2026.05.21 13:40:00,1779370800018,15,4509.00
P2F4_CANDIDATE_S1,1779370200003_SELL,XAUUSD,PERIOD_M5,2026.05.21 13:30:00,1779370200003,2026.05.21 13:30:00,SELL,10,OK,1.250000,5.80,579.86,4518.08,4518.25,4518.16,17.0,GIVEBACK_100_075,MFE_GIVEBACK,TRIGGER=1.00|GAP=0.75|FLOOR=0.00,YES,2026.05.21 13:30:28,1779370228345,28.342,1,32,1.385169,7.25,4525.33,4513.48,0.635169,RETENTION_STOP,2026.05.21 13:34:44,1779370484691,4513.50,284.688,0.635169,10.1898,7470,2026.05.21 13:40:00,1779370800018,15,4509.00
P2F4_CANDIDATE_S1,1779387000016_SELL,XAUUSD,PERIOD_M5,2026.05.21 18:10:00,1779387000016,2026.05.21 18:10:00,SELL,10,OK,1.250000,6.93,692.86,4501.64,4501.81,4501.73,17.0,CONTROL,CONTROL,NO_RETENTION,NO,,,,0,0,0.213608,8.66,4510.30,4510.30,-1.000000,HARD_SL,2026.05.21 18:13:47,1779387227090,4510.49,227.074,-1.000000,-19.2390,5988,2026.05.21 18:20:00,1779387600142,126,4508.26
P2F4_CANDIDATE_S1,1779387000016_SELL,XAUUSD,PERIOD_M5,2026.05.21 18:10:00,1779387000016,2026.05.21 18:10:00,SELL,10,OK,1.250000,6.93,692.86,4501.64,4501.81,4501.73,17.0,LEGACY_BE_050,BREAK_EVEN,0.50:0.00,NO,,,,0,0,0.213608,8.66,4510.30,4510.30,-1.000000,HARD_SL,2026.05.21 18:13:47,1779387227090,4510.49,227.074,-1.000000,-19.2390,5988,2026.05.21 18:20:00,1779387600142,126,4508.26
P2F4_CANDIDATE_S1,1779387000016_SELL,XAUUSD,PERIOD_M5,2026.05.21 18:10:00,1779387000016,2026.05.21 18:10:00,SELL,10,OK,1.250000,6.93,692.86,4501.64,4501.81,4501.73,17.0,STEPLOCK_V1,STEP_LOCK,0.50:-0.25|1.00:0.25|2.00:1.00,NO,,,,0,0,0.213608,8.66,4510.30,4510.30,-1.000000,HARD_SL,2026.05.21 18:13:47,1779387227090,4510.49,227.074,-1.000000,-19.2390,5988,2026.05.21 18:20:00,1779387600142,126,4508.26
P2F4_CANDIDATE_S1,1779387000016_SELL,XAUUSD,PERIOD_M5,2026.05.21 18:10:00,1779387000016,2026.05.21 18:10:00,SELL,10,OK,1.250000,6.93,692.86,4501.64,4501.81,4501.73,17.0,GIVEBACK_100_075,MFE_GIVEBACK,TRIGGER=1.00|GAP=0.75|FLOOR=0.00,NO,,,,0,0,0.213608,8.66,4510.30,4510.30,-1.000000,HARD_SL,2026.05.21 18:13:47,1779387227090,4510.49,227.074,-1.000000,-19.2390,5988,2026.05.21 18:20:00,1779387600142,126,4508.26
P2F4_CANDIDATE_S1,1779388200005_SELL,XAUUSD,PERIOD_M5,2026.05.21 18:30:00,1779388200005,2026.05.21 18:30:00,SELL,10,OK,1.250000,6.63,662.64,4503.43,4503.60,4503.52,17.0,CONTROL,CONTROL,NO_RETENTION,NO,,,,0,0,0.080888,8.28,4511.71,4511.71,-1.000000,TIME_EXIT,2026.05.21 18:40:00,1779388800043,4509.49,600.038,-0.731616,-13.4564,3897,2026.05.21 18:40:00,1779388800043,38,4509.49
P2F4_CANDIDATE_S1,1779388200005_SELL,XAUUSD,PERIOD_M5,2026.05.21 18:30:00,1779388200005,2026.05.21 18:30:00,SELL,10,OK,1.250000,6.63,662.64,4503.43,4503.60,4503.52,17.0,LEGACY_BE_050,BREAK_EVEN,0.50:0.00,NO,,,,0,0,0.080888,8.28,4511.71,4511.71,-1.000000,TIME_EXIT,2026.05.21 18:40:00,1779388800043,4509.49,600.038,-0.731616,-13.4564,3897,2026.05.21 18:40:00,1779388800043,38,4509.49
P2F4_CANDIDATE_S1,1779388200005_SELL,XAUUSD,PERIOD_M5,2026.05.21 18:30:00,1779388200005,2026.05.21 18:30:00,SELL,10,OK,1.250000,6.63,662.64,4503.43,4503.60,4503.52,17.0,STEPLOCK_V1,STEP_LOCK,0.50:-0.25|1.00:0.25|2.00:1.00,NO,,,,0,0,0.080888,8.28,4511.71,4511.71,-1.000000,TIME_EXIT,2026.05.21 18:40:00,1779388800043,4509.49,600.038,-0.731616,-13.4564,3897,2026.05.21 18:40:00,1779388800043,38,4509.49
P2F4_CANDIDATE_S1,1779388200005_SELL,XAUUSD,PERIOD_M5,2026.05.21 18:30:00,1779388200005,2026.05.21 18:30:00,SELL,10,OK,1.250000,6.63,662.64,4503.43,4503.60,4503.52,17.0,GIVEBACK_100_075,MFE_GIVEBACK,TRIGGER=1.00|GAP=0.75|FLOOR=0.00,NO,,,,0,0,0.080888,8.28,4511.71,4511.71,-1.000000,TIME_EXIT,2026.05.21 18:40:00,1779388800043,4509.49,600.038,-0.731616,-13.4564,3897,2026.05.21 18:40:00,1779388800043,38,4509.49
P2F4_CANDIDATE_S1,1779437700067_SELL,XAUUSD,PERIOD_M5,2026.05.22 08:15:00,1779437700067,2026.05.22 08:15:00,SELL,10,OK,1.250000,2.77,276.71,4525.47,4525.64,4525.56,17.0,CONTROL,CONTROL,NO_RETENTION,NO,,,,0,0,0.540630,3.46,4528.93,4528.93,-1.000000,HARD_SL,2026.05.22 08:22:27,1779438147730,4528.93,447.663,-1.000000,-7.6432,2039,2026.05.22 08:25:00,1779438300130,63,4527.29
P2F4_CANDIDATE_S1,1779437700067_SELL,XAUUSD,PERIOD_M5,2026.05.22 08:15:00,1779437700067,2026.05.22 08:15:00,SELL,10,OK,1.250000,2.77,276.71,4525.47,4525.64,4525.56,17.0,LEGACY_BE_050,BREAK_EVEN,0.50:0.00,YES,2026.05.22 08:17:31,1779437851535,151.468,1,1,0.540630,3.46,4528.93,4525.47,0.000000,RETENTION_STOP,2026.05.22 08:18:42,1779437922309,4525.75,222.242,0.000000,0.0000,2039,2026.05.22 08:25:00,1779438300130,63,4527.29
P2F4_CANDIDATE_S1,1779437700067_SELL,XAUUSD,PERIOD_M5,2026.05.22 08:15:00,1779437700067,2026.05.22 08:15:00,SELL,10,OK,1.250000,2.77,276.71,4525.47,4525.64,4525.56,17.0,STEPLOCK_V1,STEP_LOCK,0.50:-0.25|1.00:0.25|2.00:1.00,YES,2026.05.22 08:17:31,1779437851535,151.468,1,1,0.540630,3.46,4528.93,4526.33,-0.250000,RETENTION_STOP,2026.05.22 08:18:58,1779437938716,4526.45,238.649,-0.250000,-1.9108,2039,2026.05.22 08:25:00,1779438300130,63,4527.29
P2F4_CANDIDATE_S1,1779437700067_SELL,XAUUSD,PERIOD_M5,2026.05.22 08:15:00,1779437700067,2026.05.22 08:15:00,SELL,10,OK,1.250000,2.77,276.71,4525.47,4525.64,4525.56,17.0,GIVEBACK_100_075,MFE_GIVEBACK,TRIGGER=1.00|GAP=0.75|FLOOR=0.00,NO,,,,0,0,0.540630,3.46,4528.93,4528.93,-1.000000,HARD_SL,2026.05.22 08:22:27,1779438147730,4528.93,447.663,-1.000000,-7.6432,2039,2026.05.22 08:25:00,1779438300130,63,4527.29
P2F4_CANDIDATE_S1,1779440400034_SELL,XAUUSD,PERIOD_M5,2026.05.22 09:00:00,1779440400034,2026.05.22 09:00:00,SELL,10,OK,1.250000,4.87,486.64,4511.14,4511.30,4511.22,16.0,CONTROL,CONTROL,NO_RETENTION,NO,,,,0,0,0.147952,6.08,4517.22,4517.22,-1.000000,HARD_SL,2026.05.22 09:01:27,1779440487972,4517.23,87.938,-1.000000,-13.4845,5025,2026.05.22 09:10:00,1779441000076,42,4522.90
P2F4_CANDIDATE_S1,1779440400034_SELL,XAUUSD,PERIOD_M5,2026.05.22 09:00:00,1779440400034,2026.05.22 09:00:00,SELL,10,OK,1.250000,4.87,486.64,4511.14,4511.30,4511.22,16.0,LEGACY_BE_050,BREAK_EVEN,0.50:0.00,NO,,,,0,0,0.147952,6.08,4517.22,4517.22,-1.000000,HARD_SL,2026.05.22 09:01:27,1779440487972,4517.23,87.938,-1.000000,-13.4845,5025,2026.05.22 09:10:00,1779441000076,42,4522.90
P2F4_CANDIDATE_S1,1779440400034_SELL,XAUUSD,PERIOD_M5,2026.05.22 09:00:00,1779440400034,2026.05.22 09:00:00,SELL,10,OK,1.250000,4.87,486.64,4511.14,4511.30,4511.22,16.0,STEPLOCK_V1,STEP_LOCK,0.50:-0.25|1.00:0.25|2.00:1.00,NO,,,,0,0,0.147952,6.08,4517.22,4517.22,-1.000000,HARD_SL,2026.05.22 09:01:27,1779440487972,4517.23,87.938,-1.000000,-13.4845,5025,2026.05.22 09:10:00,1779441000076,42,4522.90
P2F4_CANDIDATE_S1,1779440400034_SELL,XAUUSD,PERIOD_M5,2026.05.22 09:00:00,1779440400034,2026.05.22 09:00:00,SELL,10,OK,1.250000,4.87,486.64,4511.14,4511.30,4511.22,16.0,GIVEBACK_100_075,MFE_GIVEBACK,TRIGGER=1.00|GAP=0.75|FLOOR=0.00,NO,,,,0,0,0.147952,6.08,4517.22,4517.22,-1.000000,HARD_SL,2026.05.22 09:01:27,1779440487972,4517.23,87.938,-1.000000,-13.4845,5025,2026.05.22 09:10:00,1779441000076,42,4522.90
P2F4_CANDIDATE_S1,1779444900008_SELL,XAUUSD,PERIOD_M5,2026.05.22 10:15:00,1779444900008,2026.05.22 10:15:00,SELL,10,OK,1.250000,4.58,457.86,4522.49,4522.66,4522.57,17.0,CONTROL,CONTROL,NO_RETENTION,NO,,,,0,0,0.003495,5.72,4528.21,4528.21,-1.000000,TIME_EXIT,2026.05.22 10:25:00,1779445500088,4526.64,600.080,-0.725117,-9.1764,2737,2026.05.22 10:25:00,1779445500088,80,4526.64
P2F4_CANDIDATE_S1,1779444900008_SELL,XAUUSD,PERIOD_M5,2026.05.22 10:15:00,1779444900008,2026.05.22 10:15:00,SELL,10,OK,1.250000,4.58,457.86,4522.49,4522.66,4522.57,17.0,LEGACY_BE_050,BREAK_EVEN,0.50:0.00,NO,,,,0,0,0.003495,5.72,4528.21,4528.21,-1.000000,TIME_EXIT,2026.05.22 10:25:00,1779445500088,4526.64,600.080,-0.725117,-9.1764,2737,2026.05.22 10:25:00,1779445500088,80,4526.64
P2F4_CANDIDATE_S1,1779444900008_SELL,XAUUSD,PERIOD_M5,2026.05.22 10:15:00,1779444900008,2026.05.22 10:15:00,SELL,10,OK,1.250000,4.58,457.86,4522.49,4522.66,4522.57,17.0,STEPLOCK_V1,STEP_LOCK,0.50:-0.25|1.00:0.25|2.00:1.00,NO,,,,0,0,0.003495,5.72,4528.21,4528.21,-1.000000,TIME_EXIT,2026.05.22 10:25:00,1779445500088,4526.64,600.080,-0.725117,-9.1764,2737,2026.05.22 10:25:00,1779445500088,80,4526.64
P2F4_CANDIDATE_S1,1779444900008_SELL,XAUUSD,PERIOD_M5,2026.05.22 10:15:00,1779444900008,2026.05.22 10:15:00,SELL,10,OK,1.250000,4.58,457.86,4522.49,4522.66,4522.57,17.0,GIVEBACK_100_075,MFE_GIVEBACK,TRIGGER=1.00|GAP=0.75|FLOOR=0.00,NO,,,,0,0,0.003495,5.72,4528.21,4528.21,-1.000000,TIME_EXIT,2026.05.22 10:25:00,1779445500088,4526.64,600.080,-0.725117,-9.1764,2737,2026.05.22 10:25:00,1779445500088,80,4526.64
P2F4_CANDIDATE_S1,1779446100115_SELL,XAUUSD,PERIOD_M5,2026.05.22 10:35:00,1779446100115,2026.05.22 10:35:00,SELL,10,OK,1.250000,3.94,393.79,4522.59,4522.76,4522.68,17.0,CONTROL,CONTROL,NO_RETENTION,NO,,,,0,0,1.263631,4.92,4527.51,4527.51,-1.000000,TIME_EXIT,2026.05.22 10:45:00,1779446700207,4520.09,600.092,0.507890,5.5278,3458,2026.05.22 10:45:00,1779446700207,92,4520.09
P2F4_CANDIDATE_S1,1779446100115_SELL,XAUUSD,PERIOD_M5,2026.05.22 10:35:00,1779446100115,2026.05.22 10:35:00,SELL,10,OK,1.250000,3.94,393.79,4522.59,4522.76,4522.68,17.0,LEGACY_BE_050,BREAK_EVEN,0.50:0.00,YES,2026.05.22 10:38:27,1779446307619,207.504,1,1,1.263631,4.92,4527.51,4522.59,0.000000,TIME_EXIT,2026.05.22 10:45:00,1779446700207,4520.09,600.092,0.507890,5.5278,3458,2026.05.22 10:45:00,1779446700207,92,4520.09
P2F4_CANDIDATE_S1,1779446100115_SELL,XAUUSD,PERIOD_M5,2026.05.22 10:35:00,1779446100115,2026.05.22 10:35:00,SELL,10,OK,1.250000,3.94,393.79,4522.59,4522.76,4522.68,17.0,STEPLOCK_V1,STEP_LOCK,0.50:-0.25|1.00:0.25|2.00:1.00,YES,2026.05.22 10:38:27,1779446307619,207.504,2,2,1.263631,4.92,4527.51,4521.36,0.250000,TIME_EXIT,2026.05.22 10:45:00,1779446700207,4520.09,600.092,0.507890,5.5278,3458,2026.05.22 10:45:00,1779446700207,92,4520.09
P2F4_CANDIDATE_S1,1779446100115_SELL,XAUUSD,PERIOD_M5,2026.05.22 10:35:00,1779446100115,2026.05.22 10:35:00,SELL,10,OK,1.250000,3.94,393.79,4522.59,4522.76,4522.68,17.0,GIVEBACK_100_075,MFE_GIVEBACK,TRIGGER=1.00|GAP=0.75|FLOOR=0.00,YES,2026.05.22 10:39:59,1779446399216,299.101,1,26,1.263631,4.92,4527.51,4520.06,0.513631,RETENTION_STOP,2026.05.22 10:41:07,1779446467116,4520.10,367.001,0.513631,5.5903,3458,2026.05.22 10:45:00,1779446700207,92,4520.09
P2F4_CANDIDATE_S1,1779450000031_SELL,XAUUSD,PERIOD_M5,2026.05.22 11:40:00,1779450000031,2026.05.22 11:40:00,SELL,10,OK,1.250000,4.98,497.71,4521.97,4522.14,4522.06,17.0,CONTROL,CONTROL,NO_RETENTION,NO,,,,0,0,0.117336,6.22,4528.19,4528.19,-1.000000,TIME_EXIT,2026.05.22 11:50:00,1779450600075,4522.84,600.044,-0.139839,-1.9239,2824,2026.05.22 11:50:00,1779450600075,44,4522.84
P2F4_CANDIDATE_S1,1779450000031_SELL,XAUUSD,PERIOD_M5,2026.05.22 11:40:00,1779450000031,2026.05.22 11:40:00,SELL,10,OK,1.250000,4.98,497.71,4521.97,4522.14,4522.06,17.0,LEGACY_BE_050,BREAK_EVEN,0.50:0.00,NO,,,,0,0,0.117336,6.22,4528.19,4528.19,-1.000000,TIME_EXIT,2026.05.22 11:50:00,1779450600075,4522.84,600.044,-0.139839,-1.9239,2824,2026.05.22 11:50:00,1779450600075,44,4522.84
P2F4_CANDIDATE_S1,1779450000031_SELL,XAUUSD,PERIOD_M5,2026.05.22 11:40:00,1779450000031,2026.05.22 11:40:00,SELL,10,OK,1.250000,4.98,497.71,4521.97,4522.14,4522.06,17.0,STEPLOCK_V1,STEP_LOCK,0.50:-0.25|1.00:0.25|2.00:1.00,NO,,,,0,0,0.117336,6.22,4528.19,4528.19,-1.000000,TIME_EXIT,2026.05.22 11:50:00,1779450600075,4522.84,600.044,-0.139839,-1.9239,2824,2026.05.22 11:50:00,1779450600075,44,4522.84
P2F4_CANDIDATE_S1,1779450000031_SELL,XAUUSD,PERIOD_M5,2026.05.22 11:40:00,1779450000031,2026.05.22 11:40:00,SELL,10,OK,1.250000,4.98,497.71,4521.97,4522.14,4522.06,17.0,GIVEBACK_100_075,MFE_GIVEBACK,TRIGGER=1.00|GAP=0.75|FLOOR=0.00,NO,,,,0,0,0.117336,6.22,4528.19,4528.19,-1.000000,TIME_EXIT,2026.05.22 11:50:00,1779450600075,4522.84,600.044,-0.139839,-1.9239,2824,2026.05.22 11:50:00,1779450600075,44,4522.84
P2F4_CANDIDATE_S1,1779457200038_SELL,XAUUSD,PERIOD_M5,2026.05.22 13:40:00,1779457200038,2026.05.22 13:40:00,SELL,10,OK,1.250000,4.79,478.86,4518.15,4518.32,4518.23,17.0,CONTROL,CONTROL,NO_RETENTION,NO,,,,0,0,1.284726,5.99,4524.14,4524.14,-1.000000,TIME_EXIT,2026.05.22 13:50:00,1779457800131,4513.15,600.093,0.835322,11.0665,3201,2026.05.22 13:50:00,1779457800131,93,4513.15
P2F4_CANDIDATE_S1,1779457200038_SELL,XAUUSD,PERIOD_M5,2026.05.22 13:40:00,1779457200038,2026.05.22 13:40:00,SELL,10,OK,1.250000,4.79,478.86,4518.15,4518.32,4518.23,17.0,LEGACY_BE_050,BREAK_EVEN,0.50:0.00,YES,2026.05.22 13:40:57,1779457257583,57.545,1,1,1.284726,5.99,4524.14,4518.15,0.000000,TIME_EXIT,2026.05.22 13:50:00,1779457800131,4513.15,600.093,0.835322,11.0665,3201,2026.05.22 13:50:00,1779457800131,93,4513.15
P2F4_CANDIDATE_S1,1779457200038_SELL,XAUUSD,PERIOD_M5,2026.05.22 13:40:00,1779457200038,2026.05.22 13:40:00,SELL,10,OK,1.250000,4.79,478.86,4518.15,4518.32,4518.23,17.0,STEPLOCK_V1,STEP_LOCK,0.50:-0.25|1.00:0.25|2.00:1.00,YES,2026.05.22 13:40:57,1779457257583,57.545,2,2,1.284726,5.99,4524.14,4516.65,0.250000,TIME_EXIT,2026.05.22 13:50:00,1779457800131,4513.15,600.093,0.835322,11.0665,3201,2026.05.22 13:50:00,1779457800131,93,4513.15
P2F4_CANDIDATE_S1,1779457200038_SELL,XAUUSD,PERIOD_M5,2026.05.22 13:40:00,1779457200038,2026.05.22 13:40:00,SELL,10,OK,1.250000,4.79,478.86,4518.15,4518.32,4518.23,17.0,GIVEBACK_100_075,MFE_GIVEBACK,TRIGGER=1.00|GAP=0.75|FLOOR=0.00,YES,2026.05.22 13:45:10,1779457510976,310.938,1,26,1.284726,5.99,4524.14,4514.95,0.534726,TIME_EXIT,2026.05.22 13:50:00,1779457800131,4513.15,600.093,0.835322,11.0665,3201,2026.05.22 13:50:00,1779457800131,93,4513.15
P2F4_CANDIDATE_S1,1779465000017_SELL,XAUUSD,PERIOD_M5,2026.05.22 15:50:00,1779465000017,2026.05.22 15:50:00,SELL,10,OK,1.250000,5.43,543.07,4518.68,4518.85,4518.77,17.0,CONTROL,CONTROL,NO_RETENTION,NO,,,,0,0,0.014731,6.79,4525.47,4525.47,-1.000000,HARD_SL,2026.05.22 15:59:52,1779465592140,4525.50,592.123,-1.000000,-15.0230,3875,2026.05.22 16:00:00,1779465600100,83,4528.49
P2F4_CANDIDATE_S1,1779465000017_SELL,XAUUSD,PERIOD_M5,2026.05.22 15:50:00,1779465000017,2026.05.22 15:50:00,SELL,10,OK,1.250000,5.43,543.07,4518.68,4518.85,4518.77,17.0,LEGACY_BE_050,BREAK_EVEN,0.50:0.00,NO,,,,0,0,0.014731,6.79,4525.47,4525.47,-1.000000,HARD_SL,2026.05.22 15:59:52,1779465592140,4525.50,592.123,-1.000000,-15.0230,3875,2026.05.22 16:00:00,1779465600100,83,4528.49
P2F4_CANDIDATE_S1,1779465000017_SELL,XAUUSD,PERIOD_M5,2026.05.22 15:50:00,1779465000017,2026.05.22 15:50:00,SELL,10,OK,1.250000,5.43,543.07,4518.68,4518.85,4518.77,17.0,STEPLOCK_V1,STEP_LOCK,0.50:-0.25|1.00:0.25|2.00:1.00,NO,,,,0,0,0.014731,6.79,4525.47,4525.47,-1.000000,HARD_SL,2026.05.22 15:59:52,1779465592140,4525.50,592.123,-1.000000,-15.0230,3875,2026.05.22 16:00:00,1779465600100,83,4528.49
P2F4_CANDIDATE_S1,1779465000017_SELL,XAUUSD,PERIOD_M5,2026.05.22 15:50:00,1779465000017,2026.05.22 15:50:00,SELL,10,OK,1.250000,5.43,543.07,4518.68,4518.85,4518.77,17.0,GIVEBACK_100_075,MFE_GIVEBACK,TRIGGER=1.00|GAP=0.75|FLOOR=0.00,NO,,,,0,0,0.014731,6.79,4525.47,4525.47,-1.000000,HARD_SL,2026.05.22 15:59:52,1779465592140,4525.50,592.123,-1.000000,-15.0230,3875,2026.05.22 16:00:00,1779465600100,83,4528.49
P2F4_CANDIDATE_S1,1779468300003_SELL,XAUUSD,PERIOD_M5,2026.05.22 16:45:00,1779468300003,2026.05.22 16:45:00,SELL,10,OK,1.250000,5.87,586.79,4517.76,4517.93,4517.85,17.0,CONTROL,CONTROL,NO_RETENTION,NO,,,,0,0,1.002069,7.33,4525.09,4525.09,-1.000000,TIME_EXIT,2026.05.22 16:55:00,1779468900041,4517.29,600.038,0.064078,1.0403,7437,2026.05.22 16:55:00,1779468900041,38,4517.29
P2F4_CANDIDATE_S1,1779468300003_SELL,XAUUSD,PERIOD_M5,2026.05.22 16:45:00,1779468300003,2026.05.22 16:45:00,SELL,10,OK,1.250000,5.87,586.79,4517.76,4517.93,4517.85,17.0,LEGACY_BE_050,BREAK_EVEN,0.50:0.00,YES,2026.05.22 16:48:38,1779468518825,218.822,1,1,1.002069,7.33,4525.09,4517.76,0.000000,RETENTION_STOP,2026.05.22 16:51:54,1779468714965,4517.77,414.962,0.000000,0.0000,7437,2026.05.22 16:55:00,1779468900041,38,4517.29
P2F4_CANDIDATE_S1,1779468300003_SELL,XAUUSD,PERIOD_M5,2026.05.22 16:45:00,1779468300003,2026.05.22 16:45:00,SELL,10,OK,1.250000,5.87,586.79,4517.76,4517.93,4517.85,17.0,STEPLOCK_V1,STEP_LOCK,0.50:-0.25|1.00:0.25|2.00:1.00,YES,2026.05.22 16:48:38,1779468518825,218.822,2,2,1.002069,7.33,4525.09,4515.93,0.250000,RETENTION_STOP,2026.05.22 16:51:42,1779468702195,4515.93,402.192,0.250000,4.0589,7437,2026.05.22 16:55:00,1779468900041,38,4517.29
P2F4_CANDIDATE_S1,1779468300003_SELL,XAUUSD,PERIOD_M5,2026.05.22 16:45:00,1779468300003,2026.05.22 16:45:00,SELL,10,OK,1.250000,5.87,586.79,4517.76,4517.93,4517.85,17.0,GIVEBACK_100_075,MFE_GIVEBACK,TRIGGER=1.00|GAP=0.75|FLOOR=0.00,YES,2026.05.22 16:49:50,1779468590535,290.532,1,1,1.002069,7.33,4525.09,4515.91,0.252069,RETENTION_STOP,2026.05.22 16:51:42,1779468702195,4515.93,402.192,0.252069,4.0925,7437,2026.05.22 16:55:00,1779468900041,38,4517.29
P2F4_CANDIDATE_S1,1779484500097_SELL,XAUUSD,PERIOD_M5,2026.05.22 21:15:00,1779484500097,2026.05.22 21:15:00,SELL,10,OK,1.250000,4.32,431.57,4513.84,4514.01,4513.93,17.0,CONTROL,CONTROL,NO_RETENTION,NO,,,,0,0,0.215028,5.39,4519.23,4519.23,-1.000000,TIME_EXIT,2026.05.22 21:25:00,1779485100458,4516.82,600.361,-0.552400,-6.6019,3290,2026.05.22 21:25:00,1779485100458,361,4516.82
P2F4_CANDIDATE_S1,1779484500097_SELL,XAUUSD,PERIOD_M5,2026.05.22 21:15:00,1779484500097,2026.05.22 21:15:00,SELL,10,OK,1.250000,4.32,431.57,4513.84,4514.01,4513.93,17.0,LEGACY_BE_050,BREAK_EVEN,0.50:0.00,NO,,,,0,0,0.215028,5.39,4519.23,4519.23,-1.000000,TIME_EXIT,2026.05.22 21:25:00,1779485100458,4516.82,600.361,-0.552400,-6.6019,3290,2026.05.22 21:25:00,1779485100458,361,4516.82
P2F4_CANDIDATE_S1,1779484500097_SELL,XAUUSD,PERIOD_M5,2026.05.22 21:15:00,1779484500097,2026.05.22 21:15:00,SELL,10,OK,1.250000,4.32,431.57,4513.84,4514.01,4513.93,17.0,STEPLOCK_V1,STEP_LOCK,0.50:-0.25|1.00:0.25|2.00:1.00,NO,,,,0,0,0.215028,5.39,4519.23,4519.23,-1.000000,TIME_EXIT,2026.05.22 21:25:00,1779485100458,4516.82,600.361,-0.552400,-6.6019,3290,2026.05.22 21:25:00,1779485100458,361,4516.82
P2F4_CANDIDATE_S1,1779484500097_SELL,XAUUSD,PERIOD_M5,2026.05.22 21:15:00,1779484500097,2026.05.22 21:15:00,SELL,10,OK,1.250000,4.32,431.57,4513.84,4514.01,4513.93,17.0,GIVEBACK_100_075,MFE_GIVEBACK,TRIGGER=1.00|GAP=0.75|FLOOR=0.00,NO,,,,0,0,0.215028,5.39,4519.23,4519.23,-1.000000,TIME_EXIT,2026.05.22 21:25:00,1779485100458,4516.82,600.361,-0.552400,-6.6019,3290,2026.05.22 21:25:00,1779485100458,361,4516.82
P2F4_CANDIDATE_S1,1779780300109_SELL,XAUUSD,PERIOD_M5,2026.05.26 07:25:00,1779780300109,2026.05.26 07:25:00,SELL,10,OK,1.250000,2.70,270.36,4535.47,4535.68,4535.58,21.0,CONTROL,CONTROL,NO_RETENTION,NO,,,,0,0,1.642272,3.38,4538.85,4538.85,-1.000000,TIME_EXIT,2026.05.26 07:35:00,1779780900287,4530.55,600.178,1.455852,10.8478,2041,2026.05.26 07:35:00,1779780900287,178,4530.55
P2F4_CANDIDATE_S1,1779780300109_SELL,XAUUSD,PERIOD_M5,2026.05.26 07:25:00,1779780300109,2026.05.26 07:25:00,SELL,10,OK,1.250000,2.70,270.36,4535.47,4535.68,4535.58,21.0,LEGACY_BE_050,BREAK_EVEN,0.50:0.00,YES,2026.05.26 07:29:20,1779780560716,260.607,1,1,1.642272,3.38,4538.85,4535.47,0.000000,TIME_EXIT,2026.05.26 07:35:00,1779780900287,4530.55,600.178,1.455852,10.8478,2041,2026.05.26 07:35:00,1779780900287,178,4530.55
P2F4_CANDIDATE_S1,1779780300109_SELL,XAUUSD,PERIOD_M5,2026.05.26 07:25:00,1779780300109,2026.05.26 07:25:00,SELL,10,OK,1.250000,2.70,270.36,4535.47,4535.68,4535.58,21.0,STEPLOCK_V1,STEP_LOCK,0.50:-0.25|1.00:0.25|2.00:1.00,YES,2026.05.26 07:29:20,1779780560716,260.607,2,2,1.642272,3.38,4538.85,4534.63,0.250000,TIME_EXIT,2026.05.26 07:35:00,1779780900287,4530.55,600.178,1.455852,10.8478,2041,2026.05.26 07:35:00,1779780900287,178,4530.55
P2F4_CANDIDATE_S1,1779780300109_SELL,XAUUSD,PERIOD_M5,2026.05.26 07:25:00,1779780300109,2026.05.26 07:25:00,SELL,10,OK,1.250000,2.70,270.36,4535.47,4535.68,4535.58,21.0,GIVEBACK_100_075,MFE_GIVEBACK,TRIGGER=1.00|GAP=0.75|FLOOR=0.00,YES,2026.05.26 07:30:05,1779780605633,305.524,1,22,1.500238,3.38,4538.85,4532.93,0.750238,RETENTION_STOP,2026.05.26 07:32:33,1779780753706,4533.02,453.597,0.750238,5.5902,2041,2026.05.26 07:35:00,1779780900287,178,4530.55
P2F4_CANDIDATE_S1,1779789000100_SELL,XAUUSD,PERIOD_M5,2026.05.26 09:50:00,1779789000100,2026.05.26 09:50:00,SELL,10,OK,1.250000,4.00,399.86,4529.63,4529.80,4529.72,17.0,CONTROL,CONTROL,NO_RETENTION,NO,,,,0,0,0.192069,5.00,4534.63,4534.63,-1.000000,TIME_EXIT,2026.05.26 10:00:00,1779789600106,4531.19,600.006,-0.312111,-3.4440,2525,2026.05.26 10:00:00,1779789600106,6,4531.19
P2F4_CANDIDATE_S1,1779789000100_SELL,XAUUSD,PERIOD_M5,2026.05.26 09:50:00,1779789000100,2026.05.26 09:50:00,SELL,10,OK,1.250000,4.00,399.86,4529.63,4529.80,4529.72,17.0,LEGACY_BE_050,BREAK_EVEN,0.50:0.00,NO,,,,0,0,0.192069,5.00,4534.63,4534.63,-1.000000,TIME_EXIT,2026.05.26 10:00:00,1779789600106,4531.19,600.006,-0.312111,-3.4440,2525,2026.05.26 10:00:00,1779789600106,6,4531.19
P2F4_CANDIDATE_S1,1779789000100_SELL,XAUUSD,PERIOD_M5,2026.05.26 09:50:00,1779789000100,2026.05.26 09:50:00,SELL,10,OK,1.250000,4.00,399.86,4529.63,4529.80,4529.72,17.0,STEPLOCK_V1,STEP_LOCK,0.50:-0.25|1.00:0.25|2.00:1.00,NO,,,,0,0,0.192069,5.00,4534.63,4534.63,-1.000000,TIME_EXIT,2026.05.26 10:00:00,1779789600106,4531.19,600.006,-0.312111,-3.4440,2525,2026.05.26 10:00:00,1779789600106,6,4531.19
P2F4_CANDIDATE_S1,1779789000100_SELL,XAUUSD,PERIOD_M5,2026.05.26 09:50:00,1779789000100,2026.05.26 09:50:00,SELL,10,OK,1.250000,4.00,399.86,4529.63,4529.80,4529.72,17.0,GIVEBACK_100_075,MFE_GIVEBACK,TRIGGER=1.00|GAP=0.75|FLOOR=0.00,NO,,,,0,0,0.192069,5.00,4534.63,4534.63,-1.000000,TIME_EXIT,2026.05.26 10:00:00,1779789600106,4531.19,600.006,-0.312111,-3.4440,2525,2026.05.26 10:00:00,1779789600106,6,4531.19
P2F4_CANDIDATE_S1,1779794700225_SELL,XAUUSD,PERIOD_M5,2026.05.26 11:25:00,1779794700225,2026.05.26 11:25:00,SELL,10,OK,1.250000,4.97,497.21,4527.18,4527.35,4527.27,17.0,CONTROL,CONTROL,NO_RETENTION,NO,,,,0,0,1.100532,6.22,4533.40,4533.40,-1.000000,TIME_EXIT,2026.05.26 11:35:00,1779795300233,4521.38,600.008,0.933199,12.8115,3532,2026.05.26 11:35:00,1779795300233,8,4521.38
P2F4_CANDIDATE_S1,1779794700225_SELL,XAUUSD,PERIOD_M5,2026.05.26 11:25:00,1779794700225,2026.05.26 11:25:00,SELL,10,OK,1.250000,4.97,497.21,4527.18,4527.35,4527.27,17.0,LEGACY_BE_050,BREAK_EVEN,0.50:0.00,YES,2026.05.26 11:26:43,1779794803797,103.572,1,1,1.100532,6.22,4533.40,4527.18,0.000000,TIME_EXIT,2026.05.26 11:35:00,1779795300233,4521.38,600.008,0.933199,12.8115,3532,2026.05.26 11:35:00,1779795300233,8,4521.38
P2F4_CANDIDATE_S1,1779794700225_SELL,XAUUSD,PERIOD_M5,2026.05.26 11:25:00,1779794700225,2026.05.26 11:25:00,SELL,10,OK,1.250000,4.97,497.21,4527.18,4527.35,4527.27,17.0,STEPLOCK_V1,STEP_LOCK,0.50:-0.25|1.00:0.25|2.00:1.00,YES,2026.05.26 11:26:43,1779794803797,103.572,2,2,1.100532,6.22,4533.40,4525.63,0.250000,TIME_EXIT,2026.05.26 11:35:00,1779795300233,4521.38,600.008,0.933199,12.8115,3532,2026.05.26 11:35:00,1779795300233,8,4521.38
P2F4_CANDIDATE_S1,1779794700225_SELL,XAUUSD,PERIOD_M5,2026.05.26 11:25:00,1779794700225,2026.05.26 11:25:00,SELL,10,OK,1.250000,4.97,497.21,4527.18,4527.35,4527.27,17.0,GIVEBACK_100_075,MFE_GIVEBACK,TRIGGER=1.00|GAP=0.75|FLOOR=0.00,YES,2026.05.26 11:29:37,1779794977355,277.130,1,7,1.100532,6.22,4533.40,4525.00,0.350532,TIME_EXIT,2026.05.26 11:35:00,1779795300233,4521.38,600.008,0.933199,12.8115,3532,2026.05.26 11:35:00,1779795300233,8,4521.38
P2F4_CANDIDATE_S1,1779806100020_SELL,XAUUSD,PERIOD_M5,2026.05.26 14:35:00,1779806100020,2026.05.26 14:35:00,SELL,10,OK,1.250000,4.04,404.36,4519.43,4519.60,4519.52,17.0,CONTROL,CONTROL,NO_RETENTION,NO,,,,0,0,2.918212,5.05,4524.48,4524.48,-1.000000,TIME_EXIT,2026.05.26 14:45:00,1779806700079,4510.26,600.059,1.814238,20.2902,5832,2026.05.26 14:45:00,1779806700079,59,4510.26
P2F4_CANDIDATE_S1,1779806100020_SELL,XAUUSD,PERIOD_M5,2026.05.26 14:35:00,1779806100020,2026.05.26 14:35:00,SELL,10,OK,1.250000,4.04,404.36,4519.43,4519.60,4519.52,17.0,LEGACY_BE_050,BREAK_EVEN,0.50:0.00,YES,2026.05.26 14:35:22,1779806122395,22.375,1,1,2.918212,5.05,4524.48,4519.43,0.000000,TIME_EXIT,2026.05.26 14:45:00,1779806700079,4510.26,600.059,1.814238,20.2902,5832,2026.05.26 14:45:00,1779806700079,59,4510.26
P2F4_CANDIDATE_S1,1779806100020_SELL,XAUUSD,PERIOD_M5,2026.05.26 14:35:00,1779806100020,2026.05.26 14:35:00,SELL,10,OK,1.250000,4.04,404.36,4519.43,4519.60,4519.52,17.0,STEPLOCK_V1,STEP_LOCK,0.50:-0.25|1.00:0.25|2.00:1.00,YES,2026.05.26 14:35:22,1779806122395,22.375,3,3,2.393923,5.05,4524.48,4514.38,1.000000,RETENTION_STOP,2026.05.26 14:36:21,1779806181677,4514.48,81.657,1.000000,11.1839,5832,2026.05.26 14:45:00,1779806700079,59,4510.26
P2F4_CANDIDATE_S1,1779806100020_SELL,XAUUSD,PERIOD_M5,2026.05.26 14:35:00,1779806100020,2026.05.26 14:35:00,SELL,10,OK,1.250000,4.04,404.36,4519.43,4519.60,4519.52,17.0,GIVEBACK_100_075,MFE_GIVEBACK,TRIGGER=1.00|GAP=0.75|FLOOR=0.00,YES,2026.05.26 14:35:42,1779806142938,42.918,1,43,2.295001,5.05,4524.48,4511.62,1.545001,RETENTION_STOP,2026.05.26 14:35:53,1779806153463,4511.64,53.443,1.545001,17.2791,5832,2026.05.26 14:45:00,1779806700079,59,4510.26
P2F4_CANDIDATE_S1,1779815400043_SELL,XAUUSD,PERIOD_M5,2026.05.26 17:10:00,1779815400043,2026.05.26 17:10:00,SELL,10,OK,1.250000,6.35,634.93,4515.55,4515.72,4515.64,17.0,CONTROL,CONTROL,NO_RETENTION,NO,,,,0,0,0.963888,7.94,4523.49,4523.49,-1.000000,TIME_EXIT,2026.05.26 17:20:00,1779816000266,4514.46,600.223,0.137338,2.4139,4516,2026.05.26 17:20:00,1779816000266,223,4514.46
P2F4_CANDIDATE_S1,1779815400043_SELL,XAUUSD,PERIOD_M5,2026.05.26 17:10:00,1779815400043,2026.05.26 17:10:00,SELL,10,OK,1.250000,6.35,634.93,4515.55,4515.72,4515.64,17.0,LEGACY_BE_050,BREAK_EVEN,0.50:0.00,YES,2026.05.26 17:12:49,1779815569196,169.153,1,1,0.963888,7.94,4523.49,4515.55,0.000000,TIME_EXIT,2026.05.26 17:20:00,1779816000266,4514.46,600.223,0.137338,2.4139,4516,2026.05.26 17:20:00,1779816000266,223,4514.46
P2F4_CANDIDATE_S1,1779815400043_SELL,XAUUSD,PERIOD_M5,2026.05.26 17:10:00,1779815400043,2026.05.26 17:10:00,SELL,10,OK,1.250000,6.35,634.93,4515.55,4515.72,4515.64,17.0,STEPLOCK_V1,STEP_LOCK,0.50:-0.25|1.00:0.25|2.00:1.00,YES,2026.05.26 17:12:49,1779815569196,169.153,1,1,0.963888,7.94,4523.49,4517.53,-0.250000,TIME_EXIT,2026.05.26 17:20:00,1779816000266,4514.46,600.223,0.137338,2.4139,4516,2026.05.26 17:20:00,1779816000266,223,4514.46
P2F4_CANDIDATE_S1,1779815400043_SELL,XAUUSD,PERIOD_M5,2026.05.26 17:10:00,1779815400043,2026.05.26 17:10:00,SELL,10,OK,1.250000,6.35,634.93,4515.55,4515.72,4515.64,17.0,GIVEBACK_100_075,MFE_GIVEBACK,TRIGGER=1.00|GAP=0.75|FLOOR=0.00,NO,,,,0,0,0.963888,7.94,4523.49,4523.49,-1.000000,TIME_EXIT,2026.05.26 17:20:00,1779816000266,4514.46,600.223,0.137338,2.4139,4516,2026.05.26 17:20:00,1779816000266,223,4514.46
P2F4_CANDIDATE_S1,1779818100092_SELL,XAUUSD,PERIOD_M5,2026.05.26 17:55:00,1779818100092,2026.05.26 17:55:00,SELL,10,OK,1.250000,5.76,576.36,4515.85,4516.02,4515.94,17.0,CONTROL,CONTROL,NO_RETENTION,NO,,,,0,0,1.053513,7.20,4523.05,4523.05,-1.000000,TIME_EXIT,2026.05.26 18:05:01,1779818701149,4511.65,601.057,0.582972,9.3006,4560,2026.05.26 18:05:01,1779818701149,1057,4511.65
P2F4_CANDIDATE_S1,1779818100092_SELL,XAUUSD,PERIOD_M5,2026.05.26 17:55:00,1779818100092,2026.05.26 17:55:00,SELL,10,OK,1.250000,5.76,576.36,4515.85,4516.02,4515.94,17.0,LEGACY_BE_050,BREAK_EVEN,0.50:0.00,YES,2026.05.26 18:02:08,1779818528501,428.409,1,1,1.053513,7.20,4523.05,4515.85,0.000000,TIME_EXIT,2026.05.26 18:05:01,1779818701149,4511.65,601.057,0.582972,9.3006,4560,2026.05.26 18:05:01,1779818701149,1057,4511.65
P2F4_CANDIDATE_S1,1779818100092_SELL,XAUUSD,PERIOD_M5,2026.05.26 17:55:00,1779818100092,2026.05.26 17:55:00,SELL,10,OK,1.250000,5.76,576.36,4515.85,4516.02,4515.94,17.0,STEPLOCK_V1,STEP_LOCK,0.50:-0.25|1.00:0.25|2.00:1.00,YES,2026.05.26 18:02:08,1779818528501,428.409,2,2,1.053513,7.20,4523.05,4514.05,0.250000,TIME_EXIT,2026.05.26 18:05:01,1779818701149,4511.65,601.057,0.582972,9.3006,4560,2026.05.26 18:05:01,1779818701149,1057,4511.65
P2F4_CANDIDATE_S1,1779818100092_SELL,XAUUSD,PERIOD_M5,2026.05.26 17:55:00,1779818100092,2026.05.26 17:55:00,SELL,10,OK,1.250000,5.76,576.36,4515.85,4516.02,4515.94,17.0,GIVEBACK_100_075,MFE_GIVEBACK,TRIGGER=1.00|GAP=0.75|FLOOR=0.00,YES,2026.05.26 18:03:04,1779818584991,484.899,1,4,1.053513,7.20,4523.05,4513.66,0.303513,TIME_EXIT,2026.05.26 18:05:01,1779818701149,4511.65,601.057,0.582972,9.3006,4560,2026.05.26 18:05:01,1779818701149,1057,4511.65
P2F4_CANDIDATE_S1,1779856800083_SELL,XAUUSD,PERIOD_M5,2026.05.27 04:40:00,1779856800083,2026.05.27 04:40:00,SELL,10,OK,1.250000,4.09,408.50,4511.89,4512.34,4512.11,45.0,CONTROL,CONTROL,NO_RETENTION,NO,,,,0,0,0.936108,5.11,4517.00,4517.00,-1.000000,TIME_EXIT,2026.05.27 04:50:00,1779857400104,4510.11,600.021,0.348592,3.9451,2473,2026.05.27 04:50:00,1779857400104,21,4510.11
P2F4_CANDIDATE_S1,1779856800083_SELL,XAUUSD,PERIOD_M5,2026.05.27 04:40:00,1779856800083,2026.05.27 04:40:00,SELL,10,OK,1.250000,4.09,408.50,4511.89,4512.34,4512.11,45.0,LEGACY_BE_050,BREAK_EVEN,0.50:0.00,YES,2026.05.27 04:46:11,1779857171841,371.758,1,1,0.936108,5.11,4517.00,4511.89,0.000000,TIME_EXIT,2026.05.27 04:50:00,1779857400104,4510.11,600.021,0.348592,3.9451,2473,2026.05.27 04:50:00,1779857400104,21,4510.11
P2F4_CANDIDATE_S1,1779856800083_SELL,XAUUSD,PERIOD_M5,2026.05.27 04:40:00,1779856800083,2026.05.27 04:40:00,SELL,10,OK,1.250000,4.09,408.50,4511.89,4512.34,4512.11,45.0,STEPLOCK_V1,STEP_LOCK,0.50:-0.25|1.00:0.25|2.00:1.00,YES,2026.05.27 04:46:11,1779857171841,371.758,1,1,0.936108,5.11,4517.00,4513.17,-0.250000,TIME_EXIT,2026.05.27 04:50:00,1779857400104,4510.11,600.021,0.348592,3.9451,2473,2026.05.27 04:50:00,1779857400104,21,4510.11
P2F4_CANDIDATE_S1,1779856800083_SELL,XAUUSD,PERIOD_M5,2026.05.27 04:40:00,1779856800083,2026.05.27 04:40:00,SELL,10,OK,1.250000,4.09,408.50,4511.89,4512.34,4512.11,45.0,GIVEBACK_100_075,MFE_GIVEBACK,TRIGGER=1.00|GAP=0.75|FLOOR=0.00,NO,,,,0,0,0.936108,5.11,4517.00,4517.00,-1.000000,TIME_EXIT,2026.05.27 04:50:00,1779857400104,4510.11,600.021,0.348592,3.9451,2473,2026.05.27 04:50:00,1779857400104,21,4510.11
P2F4_CANDIDATE_S1,1779870900086_SELL,XAUUSD,PERIOD_M5,2026.05.27 08:35:00,1779870900086,2026.05.27 08:35:00,SELL,10,OK,1.250000,4.93,492.71,4496.67,4496.84,4496.76,17.0,CONTROL,CONTROL,NO_RETENTION,NO,,,,0,0,0.766367,6.16,4502.83,4502.83,-1.000000,TIME_EXIT,2026.05.27 08:45:00,1779871500111,4493.70,600.025,0.482227,6.6049,5066,2026.05.27 08:45:00,1779871500111,25,4493.70
P2F4_CANDIDATE_S1,1779870900086_SELL,XAUUSD,PERIOD_M5,2026.05.27 08:35:00,1779870900086,2026.05.27 08:35:00,SELL,10,OK,1.250000,4.93,492.71,4496.67,4496.84,4496.76,17.0,LEGACY_BE_050,BREAK_EVEN,0.50:0.00,YES,2026.05.27 08:42:25,1779871345310,445.224,1,1,0.766367,6.16,4502.83,4496.67,0.000000,TIME_EXIT,2026.05.27 08:45:00,1779871500111,4493.70,600.025,0.482227,6.6049,5066,2026.05.27 08:45:00,1779871500111,25,4493.70
P2F4_CANDIDATE_S1,1779870900086_SELL,XAUUSD,PERIOD_M5,2026.05.27 08:35:00,1779870900086,2026.05.27 08:35:00,SELL,10,OK,1.250000,4.93,492.71,4496.67,4496.84,4496.76,17.0,STEPLOCK_V1,STEP_LOCK,0.50:-0.25|1.00:0.25|2.00:1.00,YES,2026.05.27 08:42:25,1779871345310,445.224,1,1,0.766367,6.16,4502.83,4498.21,-0.250000,TIME_EXIT,2026.05.27 08:45:00,1779871500111,4493.70,600.025,0.482227,6.6049,5066,2026.05.27 08:45:00,1779871500111,25,4493.70
P2F4_CANDIDATE_S1,1779870900086_SELL,XAUUSD,PERIOD_M5,2026.05.27 08:35:00,1779870900086,2026.05.27 08:35:00,SELL,10,OK,1.250000,4.93,492.71,4496.67,4496.84,4496.76,17.0,GIVEBACK_100_075,MFE_GIVEBACK,TRIGGER=1.00|GAP=0.75|FLOOR=0.00,NO,,,,0,0,0.766367,6.16,4502.83,4502.83,-1.000000,TIME_EXIT,2026.05.27 08:45:00,1779871500111,4493.70,600.025,0.482227,6.6049,5066,2026.05.27 08:45:00,1779871500111,25,4493.70
P2F4_CANDIDATE_S1,1779887100101_SELL,XAUUSD,PERIOD_M5,2026.05.27 13:05:00,1779887100101,2026.05.27 13:05:00,SELL,10,OK,1.250000,3.66,366.21,4486.50,4486.67,4486.59,17.0,CONTROL,CONTROL,NO_RETENTION,NO,,,,0,0,0.441272,4.58,4491.08,4491.08,-1.000000,TIME_EXIT,2026.05.27 13:15:00,1779887700138,4485.65,600.037,0.185684,1.8946,1827,2026.05.27 13:15:00,1779887700138,37,4485.65
P2F4_CANDIDATE_S1,1779887100101_SELL,XAUUSD,PERIOD_M5,2026.05.27 13:05:00,1779887100101,2026.05.27 13:05:00,SELL,10,OK,1.250000,3.66,366.21,4486.50,4486.67,4486.59,17.0,LEGACY_BE_050,BREAK_EVEN,0.50:0.00,NO,,,,0,0,0.441272,4.58,4491.08,4491.08,-1.000000,TIME_EXIT,2026.05.27 13:15:00,1779887700138,4485.65,600.037,0.185684,1.8946,1827,2026.05.27 13:15:00,1779887700138,37,4485.65
P2F4_CANDIDATE_S1,1779887100101_SELL,XAUUSD,PERIOD_M5,2026.05.27 13:05:00,1779887100101,2026.05.27 13:05:00,SELL,10,OK,1.250000,3.66,366.21,4486.50,4486.67,4486.59,17.0,STEPLOCK_V1,STEP_LOCK,0.50:-0.25|1.00:0.25|2.00:1.00,NO,,,,0,0,0.441272,4.58,4491.08,4491.08,-1.000000,TIME_EXIT,2026.05.27 13:15:00,1779887700138,4485.65,600.037,0.185684,1.8946,1827,2026.05.27 13:15:00,1779887700138,37,4485.65
P2F4_CANDIDATE_S1,1779887100101_SELL,XAUUSD,PERIOD_M5,2026.05.27 13:05:00,1779887100101,2026.05.27 13:05:00,SELL,10,OK,1.250000,3.66,366.21,4486.50,4486.67,4486.59,17.0,GIVEBACK_100_075,MFE_GIVEBACK,TRIGGER=1.00|GAP=0.75|FLOOR=0.00,NO,,,,0,0,0.441272,4.58,4491.08,4491.08,-1.000000,TIME_EXIT,2026.05.27 13:15:00,1779887700138,4485.65,600.037,0.185684,1.8946,1827,2026.05.27 13:15:00,1779887700138,37,4485.65
P2F4_CANDIDATE_S1,1779905700077_SELL,XAUUSD,PERIOD_M5,2026.05.27 18:15:00,1779905700077,2026.05.27 18:15:00,SELL,10,OK,1.250000,7.87,787.36,4432.04,4432.15,4432.09,11.0,CONTROL,CONTROL,NO_RETENTION,NO,,,,0,0,0.218452,9.84,4441.88,4441.88,-1.000000,TIME_EXIT,2026.05.27 18:25:00,1779906300168,4433.53,600.091,-0.151393,-3.3619,3566,2026.05.27 18:25:00,1779906300168,91,4433.53
P2F4_CANDIDATE_S1,1779905700077_SELL,XAUUSD,PERIOD_M5,2026.05.27 18:15:00,1779905700077,2026.05.27 18:15:00,SELL,10,OK,1.250000,7.87,787.36,4432.04,4432.15,4432.09,11.0,LEGACY_BE_050,BREAK_EVEN,0.50:0.00,NO,,,,0,0,0.218452,9.84,4441.88,4441.88,-1.000000,TIME_EXIT,2026.05.27 18:25:00,1779906300168,4433.53,600.091,-0.151393,-3.3619,3566,2026.05.27 18:25:00,1779906300168,91,4433.53
P2F4_CANDIDATE_S1,1779905700077_SELL,XAUUSD,PERIOD_M5,2026.05.27 18:15:00,1779905700077,2026.05.27 18:15:00,SELL,10,OK,1.250000,7.87,787.36,4432.04,4432.15,4432.09,11.0,STEPLOCK_V1,STEP_LOCK,0.50:-0.25|1.00:0.25|2.00:1.00,NO,,,,0,0,0.218452,9.84,4441.88,4441.88,-1.000000,TIME_EXIT,2026.05.27 18:25:00,1779906300168,4433.53,600.091,-0.151393,-3.3619,3566,2026.05.27 18:25:00,1779906300168,91,4433.53
P2F4_CANDIDATE_S1,1779905700077_SELL,XAUUSD,PERIOD_M5,2026.05.27 18:15:00,1779905700077,2026.05.27 18:15:00,SELL,10,OK,1.250000,7.87,787.36,4432.04,4432.15,4432.09,11.0,GIVEBACK_100_075,MFE_GIVEBACK,TRIGGER=1.00|GAP=0.75|FLOOR=0.00,NO,,,,0,0,0.218452,9.84,4441.88,4441.88,-1.000000,TIME_EXIT,2026.05.27 18:25:00,1779906300168,4433.53,600.091,-0.151393,-3.3619,3566,2026.05.27 18:25:00,1779906300168,91,4433.53
P2F4_CANDIDATE_S1,1779907500037_SELL,XAUUSD,PERIOD_M5,2026.05.27 18:45:00,1779907500037,2026.05.27 18:45:00,SELL,10,OK,1.250000,5.50,550.07,4434.10,4434.27,4434.19,17.0,CONTROL,CONTROL,NO_RETENTION,NO,,,,0,0,0.427581,6.88,4440.98,4440.98,-1.000000,TIME_EXIT,2026.05.27 18:55:00,1779908100046,4434.39,600.009,-0.042176,-0.6540,3871,2026.05.27 18:55:00,1779908100046,9,4434.39
P2F4_CANDIDATE_S1,1779907500037_SELL,XAUUSD,PERIOD_M5,2026.05.27 18:45:00,1779907500037,2026.05.27 18:45:00,SELL,10,OK,1.250000,5.50,550.07,4434.10,4434.27,4434.19,17.0,LEGACY_BE_050,BREAK_EVEN,0.50:0.00,NO,,,,0,0,0.427581,6.88,4440.98,4440.98,-1.000000,TIME_EXIT,2026.05.27 18:55:00,1779908100046,4434.39,600.009,-0.042176,-0.6540,3871,2026.05.27 18:55:00,1779908100046,9,4434.39
P2F4_CANDIDATE_S1,1779907500037_SELL,XAUUSD,PERIOD_M5,2026.05.27 18:45:00,1779907500037,2026.05.27 18:45:00,SELL,10,OK,1.250000,5.50,550.07,4434.10,4434.27,4434.19,17.0,STEPLOCK_V1,STEP_LOCK,0.50:-0.25|1.00:0.25|2.00:1.00,NO,,,,0,0,0.427581,6.88,4440.98,4440.98,-1.000000,TIME_EXIT,2026.05.27 18:55:00,1779908100046,4434.39,600.009,-0.042176,-0.6540,3871,2026.05.27 18:55:00,1779908100046,9,4434.39
P2F4_CANDIDATE_S1,1779907500037_SELL,XAUUSD,PERIOD_M5,2026.05.27 18:45:00,1779907500037,2026.05.27 18:45:00,SELL,10,OK,1.250000,5.50,550.07,4434.10,4434.27,4434.19,17.0,GIVEBACK_100_075,MFE_GIVEBACK,TRIGGER=1.00|GAP=0.75|FLOOR=0.00,NO,,,,0,0,0.427581,6.88,4440.98,4440.98,-1.000000,TIME_EXIT,2026.05.27 18:55:00,1779908100046,4434.39,600.009,-0.042176,-0.6540,3871,2026.05.27 18:55:00,1779908100046,9,4434.39
P2F4_CANDIDATE_S1,1779934800021_SELL,XAUUSD,PERIOD_M5,2026.05.28 02:20:00,1779934800021,2026.05.28 02:20:00,SELL,10,OK,1.250000,3.39,338.50,4453.71,4453.96,4453.84,25.0,CONTROL,CONTROL,NO_RETENTION,NO,,,,0,0,0.990251,4.23,4457.94,4457.94,-1.000000,TIME_EXIT,2026.05.28 02:30:00,1779935400048,4450.99,600.027,0.642836,6.1073,1988,2026.05.28 02:30:00,1779935400048,27,4450.99
P2F4_CANDIDATE_S1,1779934800021_SELL,XAUUSD,PERIOD_M5,2026.05.28 02:20:00,1779934800021,2026.05.28 02:20:00,SELL,10,OK,1.250000,3.39,338.50,4453.71,4453.96,4453.84,25.0,LEGACY_BE_050,BREAK_EVEN,0.50:0.00,YES,2026.05.28 02:21:04,1779934864354,64.333,1,1,0.990251,4.23,4457.94,4453.71,0.000000,TIME_EXIT,2026.05.28 02:30:00,1779935400048,4450.99,600.027,0.642836,6.1073,1988,2026.05.28 02:30:00,1779935400048,27,4450.99
P2F4_CANDIDATE_S1,1779934800021_SELL,XAUUSD,PERIOD_M5,2026.05.28 02:20:00,1779934800021,2026.05.28 02:20:00,SELL,10,OK,1.250000,3.39,338.50,4453.71,4453.96,4453.84,25.0,STEPLOCK_V1,STEP_LOCK,0.50:-0.25|1.00:0.25|2.00:1.00,YES,2026.05.28 02:21:04,1779934864354,64.333,1,1,0.990251,4.23,4457.94,4454.77,-0.250000,TIME_EXIT,2026.05.28 02:30:00,1779935400048,4450.99,600.027,0.642836,6.1073,1988,2026.05.28 02:30:00,1779935400048,27,4450.99
P2F4_CANDIDATE_S1,1779934800021_SELL,XAUUSD,PERIOD_M5,2026.05.28 02:20:00,1779934800021,2026.05.28 02:20:00,SELL,10,OK,1.250000,3.39,338.50,4453.71,4453.96,4453.84,25.0,GIVEBACK_100_075,MFE_GIVEBACK,TRIGGER=1.00|GAP=0.75|FLOOR=0.00,NO,,,,0,0,0.990251,4.23,4457.94,4457.94,-1.000000,TIME_EXIT,2026.05.28 02:30:00,1779935400048,4450.99,600.027,0.642836,6.1073,1988,2026.05.28 02:30:00,1779935400048,27,4450.99
P2F4_CANDIDATE_S1,1779941100029_SELL,XAUUSD,PERIOD_M5,2026.05.28 04:05:00,1779941100029,2026.05.28 04:05:00,SELL,10,OK,1.250000,5.98,598.00,4445.86,4446.07,4445.97,21.0,CONTROL,CONTROL,NO_RETENTION,NO,,,,0,0,1.043478,7.47,4453.34,4453.34,-1.000000,TIME_EXIT,2026.05.28 04:15:00,1779941700154,4438.43,600.125,0.993980,16.7122,3676,2026.05.28 04:15:00,1779941700154,125,4438.43
P2F4_CANDIDATE_S1,1779941100029_SELL,XAUUSD,PERIOD_M5,2026.05.28 04:05:00,1779941100029,2026.05.28 04:05:00,SELL,10,OK,1.250000,5.98,598.00,4445.86,4446.07,4445.97,21.0,LEGACY_BE_050,BREAK_EVEN,0.50:0.00,YES,2026.05.28 04:12:37,1779941557750,457.721,1,1,1.043478,7.47,4453.34,4445.86,0.000000,TIME_EXIT,2026.05.28 04:15:00,1779941700154,4438.43,600.125,0.993980,16.7122,3676,2026.05.28 04:15:00,1779941700154,125,4438.43
P2F4_CANDIDATE_S1,1779941100029_SELL,XAUUSD,PERIOD_M5,2026.05.28 04:05:00,1779941100029,2026.05.28 04:05:00,SELL,10,OK,1.250000,5.98,598.00,4445.86,4446.07,4445.97,21.0,STEPLOCK_V1,STEP_LOCK,0.50:-0.25|1.00:0.25|2.00:1.00,YES,2026.05.28 04:12:37,1779941557750,457.721,2,2,1.043478,7.47,4453.34,4443.99,0.250000,TIME_EXIT,2026.05.28 04:15:00,1779941700154,4438.43,600.125,0.993980,16.7122,3676,2026.05.28 04:15:00,1779941700154,125,4438.43
P2F4_CANDIDATE_S1,1779941100029_SELL,XAUUSD,PERIOD_M5,2026.05.28 04:05:00,1779941100029,2026.05.28 04:05:00,SELL,10,OK,1.250000,5.98,598.00,4445.86,4446.07,4445.97,21.0,GIVEBACK_100_075,MFE_GIVEBACK,TRIGGER=1.00|GAP=0.75|FLOOR=0.00,YES,2026.05.28 04:14:34,1779941674314,574.285,1,5,1.043478,7.47,4453.34,4443.67,0.293478,TIME_EXIT,2026.05.28 04:15:00,1779941700154,4438.43,600.125,0.993980,16.7122,3676,2026.05.28 04:15:00,1779941700154,125,4438.43
P2F4_CANDIDATE_S1,1779976200048_SELL,XAUUSD,PERIOD_M5,2026.05.28 13:50:00,1779976200048,2026.05.28 13:50:00,SELL,10,OK,1.250000,5.17,516.50,4380.93,4381.10,4381.02,17.0,CONTROL,CONTROL,NO_RETENTION,NO,,,,0,0,0.836399,6.46,4387.39,4387.39,-1.000000,HARD_SL,2026.05.28 13:57:59,1779976679477,4387.39,479.429,-1.000000,-14.7372,4304,2026.05.28 14:00:00,1779976800074,26,4383.14
P2F4_CANDIDATE_S1,1779976200048_SELL,XAUUSD,PERIOD_M5,2026.05.28 13:50:00,1779976200048,2026.05.28 13:50:00,SELL,10,OK,1.250000,5.17,516.50,4380.93,4381.10,4381.02,17.0,LEGACY_BE_050,BREAK_EVEN,0.50:0.00,YES,2026.05.28 13:51:14,1779976274569,74.521,1,1,0.836399,6.46,4387.39,4380.93,0.000000,RETENTION_STOP,2026.05.28 13:51:21,1779976281830,4381.21,81.782,0.000000,0.0000,4304,2026.05.28 14:00:00,1779976800074,26,4383.14
P2F4_CANDIDATE_S1,1779976200048_SELL,XAUUSD,PERIOD_M5,2026.05.28 13:50:00,1779976200048,2026.05.28 13:50:00,SELL,10,OK,1.250000,5.17,516.50,4380.93,4381.10,4381.02,17.0,STEPLOCK_V1,STEP_LOCK,0.50:-0.25|1.00:0.25|2.00:1.00,YES,2026.05.28 13:51:14,1779976274569,74.521,1,1,0.836399,6.46,4387.39,4382.54,-0.250000,RETENTION_STOP,2026.05.28 13:51:21,1779976281911,4382.60,81.863,-0.250000,-3.6843,4304,2026.05.28 14:00:00,1779976800074,26,4383.14
P2F4_CANDIDATE_S1,1779976200048_SELL,XAUUSD,PERIOD_M5,2026.05.28 13:50:00,1779976200048,2026.05.28 13:50:00,SELL,10,OK,1.250000,5.17,516.50,4380.93,4381.10,4381.02,17.0,GIVEBACK_100_075,MFE_GIVEBACK,TRIGGER=1.00|GAP=0.75|FLOOR=0.00,NO,,,,0,0,0.836399,6.46,4387.39,4387.39,-1.000000,HARD_SL,2026.05.28 13:57:59,1779976679477,4387.39,479.429,-1.000000,-14.7372,4304,2026.05.28 14:00:00,1779976800074,26,4383.14
P2F4_CANDIDATE_S1,1779981600010_SELL,XAUUSD,PERIOD_M5,2026.05.28 15:20:00,1779981600010,2026.05.28 15:20:00,SELL,10,OK,1.250000,4.25,425.14,4388.35,4388.52,4388.44,17.0,CONTROL,CONTROL,NO_RETENTION,NO,,,,0,0,1.614516,5.31,4393.66,4393.66,-1.000000,TIME_EXIT,2026.05.28 15:30:00,1779982200018,4385.56,600.008,0.525000,6.3577,3287,2026.05.28 15:30:00,1779982200018,8,4385.56
P2F4_CANDIDATE_S1,1779981600010_SELL,XAUUSD,PERIOD_M5,2026.05.28 15:20:00,1779981600010,2026.05.28 15:20:00,SELL,10,OK,1.250000,4.25,425.14,4388.35,4388.52,4388.44,17.0,LEGACY_BE_050,BREAK_EVEN,0.50:0.00,YES,2026.05.28 15:20:42,1779981642931,42.921,1,1,1.614516,5.31,4393.66,4388.35,0.000000,TIME_EXIT,2026.05.28 15:30:00,1779982200018,4385.56,600.008,0.525000,6.3577,3287,2026.05.28 15:30:00,1779982200018,8,4385.56
P2F4_CANDIDATE_S1,1779981600010_SELL,XAUUSD,PERIOD_M5,2026.05.28 15:20:00,1779981600010,2026.05.28 15:20:00,SELL,10,OK,1.250000,4.25,425.14,4388.35,4388.52,4388.44,17.0,STEPLOCK_V1,STEP_LOCK,0.50:-0.25|1.00:0.25|2.00:1.00,YES,2026.05.28 15:20:42,1779981642931,42.921,2,2,1.614516,5.31,4393.66,4387.02,0.250000,RETENTION_STOP,2026.05.28 15:26:02,1779981962536,4387.09,362.526,0.250000,3.0275,3287,2026.05.28 15:30:00,1779982200018,8,4385.56
P2F4_CANDIDATE_S1,1779981600010_SELL,XAUUSD,PERIOD_M5,2026.05.28 15:20:00,1779981600010,2026.05.28 15:20:00,SELL,10,OK,1.250000,4.25,425.14,4388.35,4388.52,4388.44,17.0,GIVEBACK_100_075,MFE_GIVEBACK,TRIGGER=1.00|GAP=0.75|FLOOR=0.00,YES,2026.05.28 15:20:57,1779981657062,57.052,1,43,1.614516,5.31,4393.66,4383.76,0.864516,RETENTION_STOP,2026.05.28 15:25:02,1779981902617,4384.05,302.607,0.864516,10.4693,3287,2026.05.28 15:30:00,1779982200018,8,4385.56
P2F4_CANDIDATE_S1,1780305300197_SELL,XAUUSD,PERIOD_M5,2026.06.01 09:15:00,1780305300197,2026.06.01 09:15:00,SELL,10,OK,1.250000,5.04,503.86,4514.15,4514.32,4514.23,17.0,CONTROL,CONTROL,NO_RETENTION,NO,,,,0,0,1.482960,6.30,4520.45,4520.45,-1.000000,TIME_EXIT,2026.06.01 09:25:00,1780305900394,4506.13,600.197,1.273377,17.7664,3272,2026.06.01 09:25:00,1780305900394,197,4506.13
P2F4_CANDIDATE_S1,1780305300197_SELL,XAUUSD,PERIOD_M5,2026.06.01 09:15:00,1780305300197,2026.06.01 09:15:00,SELL,10,OK,1.250000,5.04,503.86,4514.15,4514.32,4514.23,17.0,LEGACY_BE_050,BREAK_EVEN,0.50:0.00,YES,2026.06.01 09:17:43,1780305463496,163.299,1,1,1.482960,6.30,4520.45,4514.15,0.000000,TIME_EXIT,2026.06.01 09:25:00,1780305900394,4506.13,600.197,1.273377,17.7664,3272,2026.06.01 09:25:00,1780305900394,197,4506.13
P2F4_CANDIDATE_S1,1780305300197_SELL,XAUUSD,PERIOD_M5,2026.06.01 09:15:00,1780305300197,2026.06.01 09:15:00,SELL,10,OK,1.250000,5.04,503.86,4514.15,4514.32,4514.23,17.0,STEPLOCK_V1,STEP_LOCK,0.50:-0.25|1.00:0.25|2.00:1.00,YES,2026.06.01 09:17:43,1780305463496,163.299,2,2,1.482960,6.30,4520.45,4512.58,0.250000,TIME_EXIT,2026.06.01 09:25:00,1780305900394,4506.13,600.197,1.273377,17.7664,3272,2026.06.01 09:25:00,1780305900394,197,4506.13
P2F4_CANDIDATE_S1,1780305300197_SELL,XAUUSD,PERIOD_M5,2026.06.01 09:15:00,1780305300197,2026.06.01 09:15:00,SELL,10,OK,1.250000,5.04,503.86,4514.15,4514.32,4514.23,17.0,GIVEBACK_100_075,MFE_GIVEBACK,TRIGGER=1.00|GAP=0.75|FLOOR=0.00,YES,2026.06.01 09:22:10,1780305730857,430.660,1,37,1.482960,6.30,4520.45,4509.53,0.732960,TIME_EXIT,2026.06.01 09:25:00,1780305900394,4506.13,600.197,1.273377,17.7664,3272,2026.06.01 09:25:00,1780305900394,197,4506.13
P2F4_CANDIDATE_S1,1780316700002_SELL,XAUUSD,PERIOD_M5,2026.06.01 12:25:00,1780316700002,2026.06.01 12:25:00,SELL,10,OK,1.250000,4.70,469.86,4499.65,4499.82,4499.73,17.0,CONTROL,CONTROL,NO_RETENTION,NO,,,,0,0,1.743509,5.87,4505.52,4505.52,-1.000000,TIME_EXIT,2026.06.01 12:35:00,1780317300030,4490.93,600.028,1.484707,19.3793,3296,2026.06.01 12:35:00,1780317300030,28,4490.93
P2F4_CANDIDATE_S1,1780316700002_SELL,XAUUSD,PERIOD_M5,2026.06.01 12:25:00,1780316700002,2026.06.01 12:25:00,SELL,10,OK,1.250000,4.70,469.86,4499.65,4499.82,4499.73,17.0,LEGACY_BE_050,BREAK_EVEN,0.50:0.00,YES,2026.06.01 12:29:59,1780316999517,299.515,1,1,1.743509,5.87,4505.52,4499.65,0.000000,TIME_EXIT,2026.06.01 12:35:00,1780317300030,4490.93,600.028,1.484707,19.3793,3296,2026.06.01 12:35:00,1780317300030,28,4490.93
P2F4_CANDIDATE_S1,1780316700002_SELL,XAUUSD,PERIOD_M5,2026.06.01 12:25:00,1780316700002,2026.06.01 12:25:00,SELL,10,OK,1.250000,4.70,469.86,4499.65,4499.82,4499.73,17.0,STEPLOCK_V1,STEP_LOCK,0.50:-0.25|1.00:0.25|2.00:1.00,YES,2026.06.01 12:29:59,1780316999517,299.515,2,2,1.743509,5.87,4505.52,4498.18,0.250000,TIME_EXIT,2026.06.01 12:35:00,1780317300030,4490.93,600.028,1.484707,19.3793,3296,2026.06.01 12:35:00,1780317300030,28,4490.93
P2F4_CANDIDATE_S1,1780316700002_SELL,XAUUSD,PERIOD_M5,2026.06.01 12:25:00,1780316700002,2026.06.01 12:25:00,SELL,10,OK,1.250000,4.70,469.86,4499.65,4499.82,4499.73,17.0,GIVEBACK_100_075,MFE_GIVEBACK,TRIGGER=1.00|GAP=0.75|FLOOR=0.00,YES,2026.06.01 12:31:44,1780317104409,404.407,1,50,1.743509,5.87,4505.52,4493.81,0.993509,TIME_EXIT,2026.06.01 12:35:00,1780317300030,4490.93,600.028,1.484707,19.3793,3296,2026.06.01 12:35:00,1780317300030,28,4490.93
P2F4_CANDIDATE_S1,1780327500017_SELL,XAUUSD,PERIOD_M5,2026.06.01 15:25:00,1780327500017,2026.06.01 15:25:00,SELL,10,OK,1.250000,4.32,431.64,4501.90,4502.07,4501.98,17.0,CONTROL,CONTROL,NO_RETENTION,NO,,,,0,0,0.040774,5.40,4507.30,4507.30,-1.000000,HARD_SL,2026.06.01 15:26:34,1780327594168,4507.42,94.151,-1.000000,-11.9850,3334,2026.06.01 15:35:00,1780328100073,56,4501.19
P2F4_CANDIDATE_S1,1780327500017_SELL,XAUUSD,PERIOD_M5,2026.06.01 15:25:00,1780327500017,2026.06.01 15:25:00,SELL,10,OK,1.250000,4.32,431.64,4501.90,4502.07,4501.98,17.0,LEGACY_BE_050,BREAK_EVEN,0.50:0.00,NO,,,,0,0,0.040774,5.40,4507.30,4507.30,-1.000000,HARD_SL,2026.06.01 15:26:34,1780327594168,4507.42,94.151,-1.000000,-11.9850,3334,2026.06.01 15:35:00,1780328100073,56,4501.19
P2F4_CANDIDATE_S1,1780327500017_SELL,XAUUSD,PERIOD_M5,2026.06.01 15:25:00,1780327500017,2026.06.01 15:25:00,SELL,10,OK,1.250000,4.32,431.64,4501.90,4502.07,4501.98,17.0,STEPLOCK_V1,STEP_LOCK,0.50:-0.25|1.00:0.25|2.00:1.00,NO,,,,0,0,0.040774,5.40,4507.30,4507.30,-1.000000,HARD_SL,2026.06.01 15:26:34,1780327594168,4507.42,94.151,-1.000000,-11.9850,3334,2026.06.01 15:35:00,1780328100073,56,4501.19
P2F4_CANDIDATE_S1,1780327500017_SELL,XAUUSD,PERIOD_M5,2026.06.01 15:25:00,1780327500017,2026.06.01 15:25:00,SELL,10,OK,1.250000,4.32,431.64,4501.90,4502.07,4501.98,17.0,GIVEBACK_100_075,MFE_GIVEBACK,TRIGGER=1.00|GAP=0.75|FLOOR=0.00,NO,,,,0,0,0.040774,5.40,4507.30,4507.30,-1.000000,HARD_SL,2026.06.01 15:26:34,1780327594168,4507.42,94.151,-1.000000,-11.9850,3334,2026.06.01 15:35:00,1780328100073,56,4501.19
P2F4_CANDIDATE_S1,1780329600032_SELL,XAUUSD,PERIOD_M5,2026.06.01 16:00:00,1780329600032,2026.06.01 16:00:00,SELL,10,OK,1.250000,5.13,512.79,4502.25,4502.42,4502.34,17.0,CONTROL,CONTROL,NO_RETENTION,NO,,,,0,0,0.987547,6.41,4508.66,4508.66,-1.000000,TIME_EXIT,2026.06.01 16:10:00,1780330200178,4501.24,600.146,0.157571,2.2433,4218,2026.06.01 16:10:00,1780330200178,146,4501.24
P2F4_CANDIDATE_S1,1780329600032_SELL,XAUUSD,PERIOD_M5,2026.06.01 16:00:00,1780329600032,2026.06.01 16:00:00,SELL,10,OK,1.250000,5.13,512.79,4502.25,4502.42,4502.34,17.0,LEGACY_BE_050,BREAK_EVEN,0.50:0.00,YES,2026.06.01 16:02:56,1780329776712,176.680,1,1,0.987547,6.41,4508.66,4502.25,0.000000,RETENTION_STOP,2026.06.01 16:05:23,1780329923768,4502.36,323.736,0.000000,0.0000,4218,2026.06.01 16:10:00,1780330200178,146,4501.24
P2F4_CANDIDATE_S1,1780329600032_SELL,XAUUSD,PERIOD_M5,2026.06.01 16:00:00,1780329600032,2026.06.01 16:00:00,SELL,10,OK,1.250000,5.13,512.79,4502.25,4502.42,4502.34,17.0,STEPLOCK_V1,STEP_LOCK,0.50:-0.25|1.00:0.25|2.00:1.00,YES,2026.06.01 16:02:56,1780329776712,176.680,1,1,0.987547,6.41,4508.66,4503.85,-0.250000,TIME_EXIT,2026.06.01 16:10:00,1780330200178,4501.24,600.146,0.157571,2.2433,4218,2026.06.01 16:10:00,1780330200178,146,4501.24
P2F4_CANDIDATE_S1,1780329600032_SELL,XAUUSD,PERIOD_M5,2026.06.01 16:00:00,1780329600032,2026.06.01 16:00:00,SELL,10,OK,1.250000,5.13,512.79,4502.25,4502.42,4502.34,17.0,GIVEBACK_100_075,MFE_GIVEBACK,TRIGGER=1.00|GAP=0.75|FLOOR=0.00,NO,,,,0,0,0.987547,6.41,4508.66,4508.66,-1.000000,TIME_EXIT,2026.06.01 16:10:00,1780330200178,4501.24,600.146,0.157571,2.2433,4218,2026.06.01 16:10:00,1780330200178,146,4501.24
P2F4_CANDIDATE_S1,1780353900068_SELL,XAUUSD,PERIOD_M5,2026.06.01 22:45:00,1780353900068,2026.06.01 22:45:00,SELL,10,OK,1.250000,2.02,202.43,4483.52,4483.69,4483.60,17.0,CONTROL,CONTROL,NO_RETENTION,NO,,,,0,0,1.327876,2.53,4486.05,4486.05,-1.000000,TIME_EXIT,2026.06.01 22:55:00,1780354500106,4480.23,600.038,1.300212,7.3380,3014,2026.06.01 22:55:00,1780354500106,38,4480.23
P2F4_CANDIDATE_S1,1780353900068_SELL,XAUUSD,PERIOD_M5,2026.06.01 22:45:00,1780353900068,2026.06.01 22:45:00,SELL,10,OK,1.250000,2.02,202.43,4483.52,4483.69,4483.60,17.0,LEGACY_BE_050,BREAK_EVEN,0.50:0.00,YES,2026.06.01 22:50:44,1780354244533,344.465,1,1,1.327876,2.53,4486.05,4483.52,0.000000,TIME_EXIT,2026.06.01 22:55:00,1780354500106,4480.23,600.038,1.300212,7.3380,3014,2026.06.01 22:55:00,1780354500106,38,4480.23
P2F4_CANDIDATE_S1,1780353900068_SELL,XAUUSD,PERIOD_M5,2026.06.01 22:45:00,1780353900068,2026.06.01 22:45:00,SELL,10,OK,1.250000,2.02,202.43,4483.52,4483.69,4483.60,17.0,STEPLOCK_V1,STEP_LOCK,0.50:-0.25|1.00:0.25|2.00:1.00,YES,2026.06.01 22:50:44,1780354244533,344.465,2,2,1.327876,2.53,4486.05,4482.89,0.250000,TIME_EXIT,2026.06.01 22:55:00,1780354500106,4480.23,600.038,1.300212,7.3380,3014,2026.06.01 22:55:00,1780354500106,38,4480.23
P2F4_CANDIDATE_S1,1780353900068_SELL,XAUUSD,PERIOD_M5,2026.06.01 22:45:00,1780353900068,2026.06.01 22:45:00,SELL,10,OK,1.250000,2.02,202.43,4483.52,4483.69,4483.60,17.0,GIVEBACK_100_075,MFE_GIVEBACK,TRIGGER=1.00|GAP=0.75|FLOOR=0.00,YES,2026.06.01 22:52:30,1780354350156,450.088,1,27,1.327876,2.53,4486.05,4482.06,0.577876,TIME_EXIT,2026.06.01 22:55:00,1780354500106,4480.23,600.038,1.300212,7.3380,3014,2026.06.01 22:55:00,1780354500106,38,4480.23
P2F4_CANDIDATE_S1,1780368600011_SELL,XAUUSD,PERIOD_M5,2026.06.02 02:50:00,1780368600011,2026.06.02 02:50:00,SELL,10,OK,1.250000,2.90,289.64,4481.12,4481.37,4481.24,25.0,CONTROL,CONTROL,NO_RETENTION,NO,,,,0,0,0.000000,3.62,4484.74,4484.74,-1.000000,HARD_SL,2026.06.02 02:54:14,1780368854858,4484.80,254.847,-1.000000,-8.0795,1387,2026.06.02 03:00:00,1780369200042,31,4484.67
P2F4_CANDIDATE_S1,1780368600011_SELL,XAUUSD,PERIOD_M5,2026.06.02 02:50:00,1780368600011,2026.06.02 02:50:00,SELL,10,OK,1.250000,2.90,289.64,4481.12,4481.37,4481.24,25.0,LEGACY_BE_050,BREAK_EVEN,0.50:0.00,NO,,,,0,0,0.000000,3.62,4484.74,4484.74,-1.000000,HARD_SL,2026.06.02 02:54:14,1780368854858,4484.80,254.847,-1.000000,-8.0795,1387,2026.06.02 03:00:00,1780369200042,31,4484.67
P2F4_CANDIDATE_S1,1780368600011_SELL,XAUUSD,PERIOD_M5,2026.06.02 02:50:00,1780368600011,2026.06.02 02:50:00,SELL,10,OK,1.250000,2.90,289.64,4481.12,4481.37,4481.24,25.0,STEPLOCK_V1,STEP_LOCK,0.50:-0.25|1.00:0.25|2.00:1.00,NO,,,,0,0,0.000000,3.62,4484.74,4484.74,-1.000000,HARD_SL,2026.06.02 02:54:14,1780368854858,4484.80,254.847,-1.000000,-8.0795,1387,2026.06.02 03:00:00,1780369200042,31,4484.67
P2F4_CANDIDATE_S1,1780368600011_SELL,XAUUSD,PERIOD_M5,2026.06.02 02:50:00,1780368600011,2026.06.02 02:50:00,SELL,10,OK,1.250000,2.90,289.64,4481.12,4481.37,4481.24,25.0,GIVEBACK_100_075,MFE_GIVEBACK,TRIGGER=1.00|GAP=0.75|FLOOR=0.00,NO,,,,0,0,0.000000,3.62,4484.74,4484.74,-1.000000,HARD_SL,2026.06.02 02:54:14,1780368854858,4484.80,254.847,-1.000000,-8.0795,1387,2026.06.02 03:00:00,1780369200042,31,4484.67
P2F4_CANDIDATE_S1,1780372800001_SELL,XAUUSD,PERIOD_M5,2026.06.02 04:00:00,1780372800001,2026.06.02 04:00:00,SELL,10,OK,1.250000,4.68,468.43,4481.37,4481.58,4481.48,21.0,CONTROL,CONTROL,NO_RETENTION,NO,,,,0,0,1.265508,5.86,4487.23,4487.23,-1.000000,TIME_EXIT,2026.06.02 04:10:00,1780373400046,4479.58,600.045,0.305703,3.9943,4644,2026.06.02 04:10:00,1780373400046,45,4479.58
P2F4_CANDIDATE_S1,1780372800001_SELL,XAUUSD,PERIOD_M5,2026.06.02 04:00:00,1780372800001,2026.06.02 04:00:00,SELL,10,OK,1.250000,4.68,468.43,4481.37,4481.58,4481.48,21.0,LEGACY_BE_050,BREAK_EVEN,0.50:0.00,YES,2026.06.02 04:01:02,1780372862229,62.228,1,1,1.265508,5.86,4487.23,4481.37,0.000000,RETENTION_STOP,2026.06.02 04:03:04,1780372984665,4481.41,184.664,0.000000,0.0000,4644,2026.06.02 04:10:00,1780373400046,45,4479.58
P2F4_CANDIDATE_S1,1780372800001_SELL,XAUUSD,PERIOD_M5,2026.06.02 04:00:00,1780372800001,2026.06.02 04:00:00,SELL,10,OK,1.250000,4.68,468.43,4481.37,4481.58,4481.48,21.0,STEPLOCK_V1,STEP_LOCK,0.50:-0.25|1.00:0.25|2.00:1.00,YES,2026.06.02 04:01:02,1780372862229,62.228,2,2,1.265508,5.86,4487.23,4479.91,0.250000,RETENTION_STOP,2026.06.02 04:02:20,1780372940113,4479.99,140.112,0.250000,3.2665,4644,2026.06.02 04:10:00,1780373400046,45,4479.58
P2F4_CANDIDATE_S1,1780372800001_SELL,XAUUSD,PERIOD_M5,2026.06.02 04:00:00,1780372800001,2026.06.02 04:00:00,SELL,10,OK,1.250000,4.68,468.43,4481.37,4481.58,4481.48,21.0,GIVEBACK_100_075,MFE_GIVEBACK,TRIGGER=1.00|GAP=0.75|FLOOR=0.00,YES,2026.06.02 04:01:19,1780372879145,79.144,1,11,1.265508,5.86,4487.23,4478.35,0.515508,RETENTION_STOP,2026.06.02 04:01:51,1780372911942,4478.40,111.941,0.515508,6.7356,4644,2026.06.02 04:10:00,1780373400046,45,4479.58
P2F4_CANDIDATE_S1,1780375200009_SELL,XAUUSD,PERIOD_M5,2026.06.02 04:40:00,1780375200009,2026.06.02 04:40:00,SELL,10,OK,1.250000,7.03,702.64,4481.86,4482.07,4481.97,21.0,CONTROL,CONTROL,NO_RETENTION,NO,,,,0,0,1.136281,8.78,4490.64,4490.64,-1.000000,TIME_EXIT,2026.06.02 04:50:00,1780375800023,4475.63,600.014,0.709322,13.9005,3873,2026.06.02 04:50:00,1780375800023,14,4475.63
P2F4_CANDIDATE_S1,1780375200009_SELL,XAUUSD,PERIOD_M5,2026.06.02 04:40:00,1780375200009,2026.06.02 04:40:00,SELL,10,OK,1.250000,7.03,702.64,4481.86,4482.07,4481.97,21.0,LEGACY_BE_050,BREAK_EVEN,0.50:0.00,YES,2026.06.02 04:47:01,1780375621983,421.974,1,1,1.136281,8.78,4490.64,4481.86,0.000000,TIME_EXIT,2026.06.02 04:50:00,1780375800023,4475.63,600.014,0.709322,13.9005,3873,2026.06.02 04:50:00,1780375800023,14,4475.63
P2F4_CANDIDATE_S1,1780375200009_SELL,XAUUSD,PERIOD_M5,2026.06.02 04:40:00,1780375200009,2026.06.02 04:40:00,SELL,10,OK,1.250000,7.03,702.64,4481.86,4482.07,4481.97,21.0,STEPLOCK_V1,STEP_LOCK,0.50:-0.25|1.00:0.25|2.00:1.00,YES,2026.06.02 04:47:01,1780375621983,421.974,2,2,1.136281,8.78,4490.64,4479.66,0.250000,TIME_EXIT,2026.06.02 04:50:00,1780375800023,4475.63,600.014,0.709322,13.9005,3873,2026.06.02 04:50:00,1780375800023,14,4475.63
P2F4_CANDIDATE_S1,1780375200009_SELL,XAUUSD,PERIOD_M5,2026.06.02 04:40:00,1780375200009,2026.06.02 04:40:00,SELL,10,OK,1.250000,7.03,702.64,4481.86,4482.07,4481.97,21.0,GIVEBACK_100_075,MFE_GIVEBACK,TRIGGER=1.00|GAP=0.75|FLOOR=0.00,YES,2026.06.02 04:48:53,1780375733286,533.277,1,6,1.136281,8.78,4490.64,4478.47,0.386281,TIME_EXIT,2026.06.02 04:50:00,1780375800023,4475.63,600.014,0.709322,13.9005,3873,2026.06.02 04:50:00,1780375800023,14,4475.63
P2F4_CANDIDATE_S1,1780452000017_SELL,XAUUSD,PERIOD_M5,2026.06.03 02:00:00,1780452000017,2026.06.03 02:00:00,SELL,10,OK,1.250000,3.86,386.29,4484.76,4485.01,4484.89,25.0,CONTROL,CONTROL,NO_RETENTION,NO,,,,0,0,0.793195,4.83,4489.59,4489.59,-1.000000,TIME_EXIT,2026.06.03 02:10:00,1780452600029,4482.37,600.012,0.494970,5.3292,2645,2026.06.03 02:10:00,1780452600029,12,4482.37
P2F4_CANDIDATE_S1,1780452000017_SELL,XAUUSD,PERIOD_M5,2026.06.03 02:00:00,1780452000017,2026.06.03 02:00:00,SELL,10,OK,1.250000,3.86,386.29,4484.76,4485.01,4484.89,25.0,LEGACY_BE_050,BREAK_EVEN,0.50:0.00,YES,2026.06.03 02:06:38,1780452398548,398.531,1,1,0.793195,4.83,4489.59,4484.76,0.000000,TIME_EXIT,2026.06.03 02:10:00,1780452600029,4482.37,600.012,0.494970,5.3292,2645,2026.06.03 02:10:00,1780452600029,12,4482.37
P2F4_CANDIDATE_S1,1780452000017_SELL,XAUUSD,PERIOD_M5,2026.06.03 02:00:00,1780452000017,2026.06.03 02:00:00,SELL,10,OK,1.250000,3.86,386.29,4484.76,4485.01,4484.89,25.0,STEPLOCK_V1,STEP_LOCK,0.50:-0.25|1.00:0.25|2.00:1.00,YES,2026.06.03 02:06:38,1780452398548,398.531,1,1,0.793195,4.83,4489.59,4485.97,-0.250000,TIME_EXIT,2026.06.03 02:10:00,1780452600029,4482.37,600.012,0.494970,5.3292,2645,2026.06.03 02:10:00,1780452600029,12,4482.37
P2F4_CANDIDATE_S1,1780452000017_SELL,XAUUSD,PERIOD_M5,2026.06.03 02:00:00,1780452000017,2026.06.03 02:00:00,SELL,10,OK,1.250000,3.86,386.29,4484.76,4485.01,4484.89,25.0,GIVEBACK_100_075,MFE_GIVEBACK,TRIGGER=1.00|GAP=0.75|FLOOR=0.00,NO,,,,0,0,0.793195,4.83,4489.59,4489.59,-1.000000,TIME_EXIT,2026.06.03 02:10:00,1780452600029,4482.37,600.012,0.494970,5.3292,2645,2026.06.03 02:10:00,1780452600029,12,4482.37
P2F4_CANDIDATE_S1,1780460100006_SELL,XAUUSD,PERIOD_M5,2026.06.03 04:15:00,1780460100006,2026.06.03 04:15:00,SELL,10,OK,1.250000,5.97,596.64,4471.36,4471.57,4471.47,21.0,CONTROL,CONTROL,NO_RETENTION,NO,,,,0,0,0.705280,7.46,4478.82,4478.82,-1.000000,TIME_EXIT,2026.06.03 04:25:00,1780460700018,4466.43,600.012,0.661032,11.0257,4448,2026.06.03 04:25:00,1780460700018,12,4466.43
P2F4_CANDIDATE_S1,1780460100006_SELL,XAUUSD,PERIOD_M5,2026.06.03 04:15:00,1780460100006,2026.06.03 04:15:00,SELL,10,OK,1.250000,5.97,596.64,4471.36,4471.57,4471.47,21.0,LEGACY_BE_050,BREAK_EVEN,0.50:0.00,YES,2026.06.03 04:24:37,1780460677405,577.399,1,1,0.705280,7.46,4478.82,4471.36,0.000000,TIME_EXIT,2026.06.03 04:25:00,1780460700018,4466.43,600.012,0.661032,11.0257,4448,2026.06.03 04:25:00,1780460700018,12,4466.43
P2F4_CANDIDATE_S1,1780460100006_SELL,XAUUSD,PERIOD_M5,2026.06.03 04:15:00,1780460100006,2026.06.03 04:15:00,SELL,10,OK,1.250000,5.97,596.64,4471.36,4471.57,4471.47,21.0,STEPLOCK_V1,STEP_LOCK,0.50:-0.25|1.00:0.25|2.00:1.00,YES,2026.06.03 04:24:37,1780460677405,577.399,1,1,0.705280,7.46,4478.82,4473.22,-0.250000,TIME_EXIT,2026.06.03 04:25:00,1780460700018,4466.43,600.012,0.661032,11.0257,4448,2026.06.03 04:25:00,1780460700018,12,4466.43
P2F4_CANDIDATE_S1,1780460100006_SELL,XAUUSD,PERIOD_M5,2026.06.03 04:15:00,1780460100006,2026.06.03 04:15:00,SELL,10,OK,1.250000,5.97,596.64,4471.36,4471.57,4471.47,21.0,GIVEBACK_100_075,MFE_GIVEBACK,TRIGGER=1.00|GAP=0.75|FLOOR=0.00,NO,,,,0,0,0.705280,7.46,4478.82,4478.82,-1.000000,TIME_EXIT,2026.06.03 04:25:00,1780460700018,4466.43,600.012,0.661032,11.0257,4448,2026.06.03 04:25:00,1780460700018,12,4466.43
P2F4_CANDIDATE_S1,1780471800004_SELL,XAUUSD,PERIOD_M5,2026.06.03 07:30:00,1780471800004,2026.06.03 07:30:00,SELL,10,OK,1.250000,2.65,265.21,4477.09,4477.30,4477.19,21.0,CONTROL,CONTROL,NO_RETENTION,NO,,,,0,0,1.821923,3.32,4480.41,4480.41,-1.000000,TIME_EXIT,2026.06.03 07:40:00,1780472400140,4471.79,600.136,1.598707,11.8380,2124,2026.06.03 07:40:00,1780472400140,136,4471.79
P2F4_CANDIDATE_S1,1780471800004_SELL,XAUUSD,PERIOD_M5,2026.06.03 07:30:00,1780471800004,2026.06.03 07:30:00,SELL,10,OK,1.250000,2.65,265.21,4477.09,4477.30,4477.19,21.0,LEGACY_BE_050,BREAK_EVEN,0.50:0.00,YES,2026.06.03 07:31:57,1780471917925,117.921,1,1,1.821923,3.32,4480.41,4477.09,0.000000,TIME_EXIT,2026.06.03 07:40:00,1780472400140,4471.79,600.136,1.598707,11.8380,2124,2026.06.03 07:40:00,1780472400140,136,4471.79
P2F4_CANDIDATE_S1,1780471800004_SELL,XAUUSD,PERIOD_M5,2026.06.03 07:30:00,1780471800004,2026.06.03 07:30:00,SELL,10,OK,1.250000,2.65,265.21,4477.09,4477.30,4477.19,21.0,STEPLOCK_V1,STEP_LOCK,0.50:-0.25|1.00:0.25|2.00:1.00,YES,2026.06.03 07:31:57,1780471917925,117.921,2,2,1.821923,3.32,4480.41,4476.26,0.250000,TIME_EXIT,2026.06.03 07:40:00,1780472400140,4471.79,600.136,1.598707,11.8380,2124,2026.06.03 07:40:00,1780472400140,136,4471.79
P2F4_CANDIDATE_S1,1780471800004_SELL,XAUUSD,PERIOD_M5,2026.06.03 07:30:00,1780471800004,2026.06.03 07:30:00,SELL,10,OK,1.250000,2.65,265.21,4477.09,4477.30,4477.19,21.0,GIVEBACK_100_075,MFE_GIVEBACK,TRIGGER=1.00|GAP=0.75|FLOOR=0.00,YES,2026.06.03 07:36:07,1780472167924,367.920,1,29,1.656019,3.32,4480.41,4474.09,0.906019,RETENTION_STOP,2026.06.03 07:37:59,1780472279132,4474.17,479.128,0.906019,6.7089,2124,2026.06.03 07:40:00,1780472400140,136,4471.79
P2F4_CANDIDATE_S1,1780500300041_SELL,XAUUSD,PERIOD_M5,2026.06.03 15:25:00,1780500300041,2026.06.03 15:25:00,SELL,10,OK,1.250000,4.12,412.00,4457.92,4458.09,4458.01,17.0,CONTROL,CONTROL,NO_RETENTION,NO,,,,0,0,1.306796,5.15,4463.07,4463.07,-1.000000,TIME_EXIT,2026.06.03 15:35:00,1780500900098,4451.70,600.057,1.207767,13.9527,4393,2026.06.03 15:35:00,1780500900098,57,4451.70
P2F4_CANDIDATE_S1,1780500300041_SELL,XAUUSD,PERIOD_M5,2026.06.03 15:25:00,1780500300041,2026.06.03 15:25:00,SELL,10,OK,1.250000,4.12,412.00,4457.92,4458.09,4458.01,17.0,LEGACY_BE_050,BREAK_EVEN,0.50:0.00,YES,2026.06.03 15:25:47,1780500347454,47.413,1,1,1.306796,5.15,4463.07,4457.92,0.000000,TIME_EXIT,2026.06.03 15:35:00,1780500900098,4451.70,600.057,1.207767,13.9527,4393,2026.06.03 15:35:00,1780500900098,57,4451.70
P2F4_CANDIDATE_S1,1780500300041_SELL,XAUUSD,PERIOD_M5,2026.06.03 15:25:00,1780500300041,2026.06.03 15:25:00,SELL,10,OK,1.250000,4.12,412.00,4457.92,4458.09,4458.01,17.0,STEPLOCK_V1,STEP_LOCK,0.50:-0.25|1.00:0.25|2.00:1.00,YES,2026.06.03 15:25:47,1780500347454,47.413,2,2,1.116505,5.15,4463.07,4456.63,0.250000,RETENTION_STOP,2026.06.03 15:32:51,1780500771785,4456.64,471.744,0.250000,2.8881,4393,2026.06.03 15:35:00,1780500900098,57,4451.70
P2F4_CANDIDATE_S1,1780500300041_SELL,XAUUSD,PERIOD_M5,2026.06.03 15:25:00,1780500300041,2026.06.03 15:25:00,SELL,10,OK,1.250000,4.12,412.00,4457.92,4458.09,4458.01,17.0,GIVEBACK_100_075,MFE_GIVEBACK,TRIGGER=1.00|GAP=0.75|FLOOR=0.00,YES,2026.06.03 15:28:15,1780500495381,195.340,1,7,1.116505,5.15,4463.07,4456.03,0.366505,RETENTION_STOP,2026.06.03 15:32:30,1780500750849,4456.04,450.808,0.366505,4.2340,4393,2026.06.03 15:35:00,1780500900098,57,4451.70
P2F4_CANDIDATE_S1,1780503900034_SELL,XAUUSD,PERIOD_M5,2026.06.03 16:25:00,1780503900034,2026.06.03 16:25:00,SELL,10,OK,1.250000,6.47,646.79,4450.28,4450.45,4450.36,17.0,CONTROL,CONTROL,NO_RETENTION,NO,,,,0,0,0.524440,8.08,4458.36,4458.36,-1.000000,TIME_EXIT,2026.06.03 16:35:00,1780504500184,4448.59,600.150,0.209034,3.7975,5378,2026.06.03 16:35:00,1780504500184,150,4448.59
P2F4_CANDIDATE_S1,1780503900034_SELL,XAUUSD,PERIOD_M5,2026.06.03 16:25:00,1780503900034,2026.06.03 16:25:00,SELL,10,OK,1.250000,6.47,646.79,4450.28,4450.45,4450.36,17.0,LEGACY_BE_050,BREAK_EVEN,0.50:0.00,YES,2026.06.03 16:26:39,1780503999732,99.698,1,1,0.524440,8.08,4458.36,4450.28,0.000000,RETENTION_STOP,2026.06.03 16:30:05,1780504205167,4450.44,305.133,0.000000,0.0000,5378,2026.06.03 16:35:00,1780504500184,150,4448.59
P2F4_CANDIDATE_S1,1780503900034_SELL,XAUUSD,PERIOD_M5,2026.06.03 16:25:00,1780503900034,2026.06.03 16:25:00,SELL,10,OK,1.250000,6.47,646.79,4450.28,4450.45,4450.36,17.0,STEPLOCK_V1,STEP_LOCK,0.50:-0.25|1.00:0.25|2.00:1.00,YES,2026.06.03 16:26:39,1780503999732,99.698,1,1,0.524440,8.08,4458.36,4452.30,-0.250000,RETENTION_STOP,2026.06.03 16:30:39,1780504239115,4452.33,339.081,-0.250000,-4.5417,5378,2026.06.03 16:35:00,1780504500184,150,4448.59
P2F4_CANDIDATE_S1,1780503900034_SELL,XAUUSD,PERIOD_M5,2026.06.03 16:25:00,1780503900034,2026.06.03 16:25:00,SELL,10,OK,1.250000,6.47,646.79,4450.28,4450.45,4450.36,17.0,GIVEBACK_100_075,MFE_GIVEBACK,TRIGGER=1.00|GAP=0.75|FLOOR=0.00,NO,,,,0,0,0.524440,8.08,4458.36,4458.36,-1.000000,TIME_EXIT,2026.06.03 16:35:00,1780504500184,4448.59,600.150,0.209034,3.7975,5378,2026.06.03 16:35:00,1780504500184,150,4448.59
P2F4_CANDIDATE_S1,1780510500038_SELL,XAUUSD,PERIOD_M5,2026.06.03 18:15:00,1780510500038,2026.06.03 18:15:00,SELL,10,OK,1.250000,6.45,645.21,4445.93,4446.10,4446.02,17.0,CONTROL,CONTROL,NO_RETENTION,NO,,,,0,0,0.766257,8.07,4454.00,4454.00,-1.000000,TIME_EXIT,2026.06.03 18:25:00,1780511100128,4443.29,600.090,0.327333,5.9380,6836,2026.06.03 18:25:00,1780511100128,90,4443.29
P2F4_CANDIDATE_S1,1780510500038_SELL,XAUUSD,PERIOD_M5,2026.06.03 18:15:00,1780510500038,2026.06.03 18:15:00,SELL,10,OK,1.250000,6.45,645.21,4445.93,4446.10,4446.02,17.0,LEGACY_BE_050,BREAK_EVEN,0.50:0.00,YES,2026.06.03 18:22:49,1780510969440,469.402,1,1,0.766257,8.07,4454.00,4445.93,0.000000,TIME_EXIT,2026.06.03 18:25:00,1780511100128,4443.29,600.090,0.327333,5.9380,6836,2026.06.03 18:25:00,1780511100128,90,4443.29
P2F4_CANDIDATE_S1,1780510500038_SELL,XAUUSD,PERIOD_M5,2026.06.03 18:15:00,1780510500038,2026.06.03 18:15:00,SELL,10,OK,1.250000,6.45,645.21,4445.93,4446.10,4446.02,17.0,STEPLOCK_V1,STEP_LOCK,0.50:-0.25|1.00:0.25|2.00:1.00,YES,2026.06.03 18:22:49,1780510969440,469.402,1,1,0.766257,8.07,4454.00,4447.95,-0.250000,TIME_EXIT,2026.06.03 18:25:00,1780511100128,4443.29,600.090,0.327333,5.9380,6836,2026.06.03 18:25:00,1780511100128,90,4443.29
P2F4_CANDIDATE_S1,1780510500038_SELL,XAUUSD,PERIOD_M5,2026.06.03 18:15:00,1780510500038,2026.06.03 18:15:00,SELL,10,OK,1.250000,6.45,645.21,4445.93,4446.10,4446.02,17.0,GIVEBACK_100_075,MFE_GIVEBACK,TRIGGER=1.00|GAP=0.75|FLOOR=0.00,NO,,,,0,0,0.766257,8.07,4454.00,4454.00,-1.000000,TIME_EXIT,2026.06.03 18:25:00,1780511100128,4443.29,600.090,0.327333,5.9380,6836,2026.06.03 18:25:00,1780511100128,90,4443.29
P2F4_CANDIDATE_S1,1780535100018_SELL,XAUUSD,PERIOD_M5,2026.06.04 01:05:00,1780535100018,2026.06.04 01:05:00,SELL,10,OK,1.250000,3.75,375.21,4431.76,4433.01,4432.39,125.0,CONTROL,CONTROL,NO_RETENTION,NO,,,,0,0,0.000000,4.69,4436.45,4436.45,-1.000000,HARD_SL,2026.06.04 01:08:31,1780535311276,4436.50,211.258,-1.000000,-10.5831,2314,2026.06.04 01:15:00,1780535700055,37,4432.11
P2F4_CANDIDATE_S1,1780535100018_SELL,XAUUSD,PERIOD_M5,2026.06.04 01:05:00,1780535100018,2026.06.04 01:05:00,SELL,10,OK,1.250000,3.75,375.21,4431.76,4433.01,4432.39,125.0,LEGACY_BE_050,BREAK_EVEN,0.50:0.00,NO,,,,0,0,0.000000,4.69,4436.45,4436.45,-1.000000,HARD_SL,2026.06.04 01:08:31,1780535311276,4436.50,211.258,-1.000000,-10.5831,2314,2026.06.04 01:15:00,1780535700055,37,4432.11
P2F4_CANDIDATE_S1,1780535100018_SELL,XAUUSD,PERIOD_M5,2026.06.04 01:05:00,1780535100018,2026.06.04 01:05:00,SELL,10,OK,1.250000,3.75,375.21,4431.76,4433.01,4432.39,125.0,STEPLOCK_V1,STEP_LOCK,0.50:-0.25|1.00:0.25|2.00:1.00,NO,,,,0,0,0.000000,4.69,4436.45,4436.45,-1.000000,HARD_SL,2026.06.04 01:08:31,1780535311276,4436.50,211.258,-1.000000,-10.5831,2314,2026.06.04 01:15:00,1780535700055,37,4432.11
P2F4_CANDIDATE_S1,1780535100018_SELL,XAUUSD,PERIOD_M5,2026.06.04 01:05:00,1780535100018,2026.06.04 01:05:00,SELL,10,OK,1.250000,3.75,375.21,4431.76,4433.01,4432.39,125.0,GIVEBACK_100_075,MFE_GIVEBACK,TRIGGER=1.00|GAP=0.75|FLOOR=0.00,NO,,,,0,0,0.000000,4.69,4436.45,4436.45,-1.000000,HARD_SL,2026.06.04 01:08:31,1780535311276,4436.50,211.258,-1.000000,-10.5831,2314,2026.06.04 01:15:00,1780535700055,37,4432.11
P2F4_CANDIDATE_S1,1780650300042_SELL,XAUUSD,PERIOD_M5,2026.06.05 09:05:00,1780650300042,2026.06.05 09:05:00,SELL,10,OK,1.250000,4.76,475.57,4437.52,4437.69,4437.60,17.0,CONTROL,CONTROL,NO_RETENTION,NO,,,,0,0,0.201862,5.94,4443.46,4443.46,-1.000000,TIME_EXIT,2026.06.05 09:15:00,1780650900099,4436.51,600.057,0.169901,2.2760,3532,2026.06.05 09:15:00,1780650900099,57,4436.51
P2F4_CANDIDATE_S1,1780650300042_SELL,XAUUSD,PERIOD_M5,2026.06.05 09:05:00,1780650300042,2026.06.05 09:05:00,SELL,10,OK,1.250000,4.76,475.57,4437.52,4437.69,4437.60,17.0,LEGACY_BE_050,BREAK_EVEN,0.50:0.00,NO,,,,0,0,0.201862,5.94,4443.46,4443.46,-1.000000,TIME_EXIT,2026.06.05 09:15:00,1780650900099,4436.51,600.057,0.169901,2.2760,3532,2026.06.05 09:15:00,1780650900099,57,4436.51
P2F4_CANDIDATE_S1,1780650300042_SELL,XAUUSD,PERIOD_M5,2026.06.05 09:05:00,1780650300042,2026.06.05 09:05:00,SELL,10,OK,1.250000,4.76,475.57,4437.52,4437.69,4437.60,17.0,STEPLOCK_V1,STEP_LOCK,0.50:-0.25|1.00:0.25|2.00:1.00,NO,,,,0,0,0.201862,5.94,4443.46,4443.46,-1.000000,TIME_EXIT,2026.06.05 09:15:00,1780650900099,4436.51,600.057,0.169901,2.2760,3532,2026.06.05 09:15:00,1780650900099,57,4436.51
P2F4_CANDIDATE_S1,1780650300042_SELL,XAUUSD,PERIOD_M5,2026.06.05 09:05:00,1780650300042,2026.06.05 09:05:00,SELL,10,OK,1.250000,4.76,475.57,4437.52,4437.69,4437.60,17.0,GIVEBACK_100_075,MFE_GIVEBACK,TRIGGER=1.00|GAP=0.75|FLOOR=0.00,NO,,,,0,0,0.201862,5.94,4443.46,4443.46,-1.000000,TIME_EXIT,2026.06.05 09:15:00,1780650900099,4436.51,600.057,0.169901,2.2760,3532,2026.06.05 09:15:00,1780650900099,57,4436.51
P2F4_CANDIDATE_S1,1780693500009_SELL,XAUUSD,PERIOD_M5,2026.06.05 21:05:00,1780693500009,2026.06.05 21:05:00,SELL,10,OK,1.250000,5.93,592.79,4333.68,4333.82,4333.75,14.0,CONTROL,CONTROL,NO_RETENTION,NO,,,,0,0,1.439981,7.41,4341.09,4341.09,-1.000000,TIME_EXIT,2026.06.05 21:15:00,1780694100029,4323.03,600.020,1.437282,24.5750,6808,2026.06.05 21:15:00,1780694100029,20,4323.03
P2F4_CANDIDATE_S1,1780693500009_SELL,XAUUSD,PERIOD_M5,2026.06.05 21:05:00,1780693500009,2026.06.05 21:05:00,SELL,10,OK,1.250000,5.93,592.79,4333.68,4333.82,4333.75,14.0,LEGACY_BE_050,BREAK_EVEN,0.50:0.00,YES,2026.06.05 21:07:11,1780693631557,131.548,1,1,1.439981,7.41,4341.09,4333.68,0.000000,TIME_EXIT,2026.06.05 21:15:00,1780694100029,4323.03,600.020,1.437282,24.5750,6808,2026.06.05 21:15:00,1780694100029,20,4323.03
P2F4_CANDIDATE_S1,1780693500009_SELL,XAUUSD,PERIOD_M5,2026.06.05 21:05:00,1780693500009,2026.06.05 21:05:00,SELL,10,OK,1.250000,5.93,592.79,4333.68,4333.82,4333.75,14.0,STEPLOCK_V1,STEP_LOCK,0.50:-0.25|1.00:0.25|2.00:1.00,YES,2026.06.05 21:07:11,1780693631557,131.548,2,2,1.439981,7.41,4341.09,4331.83,0.250000,TIME_EXIT,2026.06.05 21:15:00,1780694100029,4323.03,600.020,1.437282,24.5750,6808,2026.06.05 21:15:00,1780694100029,20,4323.03
P2F4_CANDIDATE_S1,1780693500009_SELL,XAUUSD,PERIOD_M5,2026.06.05 21:05:00,1780693500009,2026.06.05 21:05:00,SELL,10,OK,1.250000,5.93,592.79,4333.68,4333.82,4333.75,14.0,GIVEBACK_100_075,MFE_GIVEBACK,TRIGGER=1.00|GAP=0.75|FLOOR=0.00,YES,2026.06.05 21:14:33,1780694073142,573.133,1,51,1.439981,7.41,4341.09,4328.57,0.689981,TIME_EXIT,2026.06.05 21:15:00,1780694100029,4323.03,600.020,1.437282,24.5750,6808,2026.06.05 21:15:00,1780694100029,20,4323.03
P2F4_CANDIDATE_S1,1780883400031_SELL,XAUUSD,PERIOD_M5,2026.06.08 01:50:00,1780883400031,2026.06.08 01:50:00,SELL,10,OK,1.250000,8.89,888.86,4322.48,4322.73,4322.60,25.0,CONTROL,CONTROL,NO_RETENTION,NO,,,,0,0,0.595821,11.11,4333.59,4333.59,-1.000000,TIME_EXIT,2026.06.08 02:00:00,1780884000100,4317.50,600.069,0.448216,11.5212,3393,2026.06.08 02:00:00,1780884000100,69,4317.50
P2F4_CANDIDATE_S1,1780883400031_SELL,XAUUSD,PERIOD_M5,2026.06.08 01:50:00,1780883400031,2026.06.08 01:50:00,SELL,10,OK,1.250000,8.89,888.86,4322.48,4322.73,4322.60,25.0,LEGACY_BE_050,BREAK_EVEN,0.50:0.00,YES,2026.06.08 01:56:15,1780883775635,375.604,1,1,0.595821,11.11,4333.59,4322.48,0.000000,TIME_EXIT,2026.06.08 02:00:00,1780884000100,4317.50,600.069,0.448216,11.5212,3393,2026.06.08 02:00:00,1780884000100,69,4317.50
P2F4_CANDIDATE_S1,1780883400031_SELL,XAUUSD,PERIOD_M5,2026.06.08 01:50:00,1780883400031,2026.06.08 01:50:00,SELL,10,OK,1.250000,8.89,888.86,4322.48,4322.73,4322.60,25.0,STEPLOCK_V1,STEP_LOCK,0.50:-0.25|1.00:0.25|2.00:1.00,YES,2026.06.08 01:56:15,1780883775635,375.604,1,1,0.595821,11.11,4333.59,4325.26,-0.250000,TIME_EXIT,2026.06.08 02:00:00,1780884000100,4317.50,600.069,0.448216,11.5212,3393,2026.06.08 02:00:00,1780884000100,69,4317.50
P2F4_CANDIDATE_S1,1780883400031_SELL,XAUUSD,PERIOD_M5,2026.06.08 01:50:00,1780883400031,2026.06.08 01:50:00,SELL,10,OK,1.250000,8.89,888.86,4322.48,4322.73,4322.60,25.0,GIVEBACK_100_075,MFE_GIVEBACK,TRIGGER=1.00|GAP=0.75|FLOOR=0.00,NO,,,,0,0,0.595821,11.11,4333.59,4333.59,-1.000000,TIME_EXIT,2026.06.08 02:00:00,1780884000100,4317.50,600.069,0.448216,11.5212,3393,2026.06.08 02:00:00,1780884000100,69,4317.50
P2F4_CANDIDATE_S1,1780892100044_SELL,XAUUSD,PERIOD_M5,2026.06.08 04:15:00,1780892100044,2026.06.08 04:15:00,SELL,10,OK,1.250000,6.34,634.29,4327.03,4327.24,4327.14,21.0,CONTROL,CONTROL,NO_RETENTION,NO,,,,0,0,1.925946,7.93,4334.96,4334.96,-1.000000,TIME_EXIT,2026.06.08 04:25:00,1780892700044,4322.08,600.000,0.624324,11.4397,7076,2026.06.08 04:25:00,1780892700044,0,4322.08
P2F4_CANDIDATE_S1,1780892100044_SELL,XAUUSD,PERIOD_M5,2026.06.08 04:15:00,1780892100044,2026.06.08 04:15:00,SELL,10,OK,1.250000,6.34,634.29,4327.03,4327.24,4327.14,21.0,LEGACY_BE_050,BREAK_EVEN,0.50:0.00,YES,2026.06.08 04:15:14,1780892114550,14.506,1,1,1.925946,7.93,4334.96,4327.03,0.000000,TIME_EXIT,2026.06.08 04:25:00,1780892700044,4322.08,600.000,0.624324,11.4397,7076,2026.06.08 04:25:00,1780892700044,0,4322.08
P2F4_CANDIDATE_S1,1780892100044_SELL,XAUUSD,PERIOD_M5,2026.06.08 04:15:00,1780892100044,2026.06.08 04:15:00,SELL,10,OK,1.250000,6.34,634.29,4327.03,4327.24,4327.14,21.0,STEPLOCK_V1,STEP_LOCK,0.50:-0.25|1.00:0.25|2.00:1.00,YES,2026.06.08 04:15:14,1780892114550,14.506,2,2,1.925946,7.93,4334.96,4325.05,0.250000,RETENTION_STOP,2026.06.08 04:23:59,1780892639857,4325.08,539.813,0.250000,4.5808,7076,2026.06.08 04:25:00,1780892700044,0,4322.08
P2F4_CANDIDATE_S1,1780892100044_SELL,XAUUSD,PERIOD_M5,2026.06.08 04:15:00,1780892100044,2026.06.08 04:15:00,SELL,10,OK,1.250000,6.34,634.29,4327.03,4327.24,4327.14,21.0,GIVEBACK_100_075,MFE_GIVEBACK,TRIGGER=1.00|GAP=0.75|FLOOR=0.00,YES,2026.06.08 04:18:26,1780892306134,206.090,1,78,1.925946,7.93,4334.96,4317.71,1.175946,RETENTION_STOP,2026.06.08 04:22:35,1780892555829,4317.96,455.785,1.175946,21.5473,7076,2026.06.08 04:25:00,1780892700044,0,4322.08
P2F4_CANDIDATE_S1,1780904700039_SELL,XAUUSD,PERIOD_M5,2026.06.08 07:45:00,1780904700039,2026.06.08 07:45:00,SELL,10,OK,1.250000,4.41,441.00,4307.67,4307.88,4307.77,21.0,CONTROL,CONTROL,NO_RETENTION,NO,,,,0,0,0.000000,5.51,4313.18,4313.18,-1.000000,HARD_SL,2026.06.08 07:52:15,1780905135471,4313.31,435.432,-1.000000,-12.7969,2668,2026.06.08 07:55:00,1780905300243,204,4311.80
P2F4_CANDIDATE_S1,1780904700039_SELL,XAUUSD,PERIOD_M5,2026.06.08 07:45:00,1780904700039,2026.06.08 07:45:00,SELL,10,OK,1.250000,4.41,441.00,4307.67,4307.88,4307.77,21.0,LEGACY_BE_050,BREAK_EVEN,0.50:0.00,NO,,,,0,0,0.000000,5.51,4313.18,4313.18,-1.000000,HARD_SL,2026.06.08 07:52:15,1780905135471,4313.31,435.432,-1.000000,-12.7969,2668,2026.06.08 07:55:00,1780905300243,204,4311.80
P2F4_CANDIDATE_S1,1780904700039_SELL,XAUUSD,PERIOD_M5,2026.06.08 07:45:00,1780904700039,2026.06.08 07:45:00,SELL,10,OK,1.250000,4.41,441.00,4307.67,4307.88,4307.77,21.0,STEPLOCK_V1,STEP_LOCK,0.50:-0.25|1.00:0.25|2.00:1.00,NO,,,,0,0,0.000000,5.51,4313.18,4313.18,-1.000000,HARD_SL,2026.06.08 07:52:15,1780905135471,4313.31,435.432,-1.000000,-12.7969,2668,2026.06.08 07:55:00,1780905300243,204,4311.80
P2F4_CANDIDATE_S1,1780904700039_SELL,XAUUSD,PERIOD_M5,2026.06.08 07:45:00,1780904700039,2026.06.08 07:45:00,SELL,10,OK,1.250000,4.41,441.00,4307.67,4307.88,4307.77,21.0,GIVEBACK_100_075,MFE_GIVEBACK,TRIGGER=1.00|GAP=0.75|FLOOR=0.00,NO,,,,0,0,0.000000,5.51,4313.18,4313.18,-1.000000,HARD_SL,2026.06.08 07:52:15,1780905135471,4313.31,435.432,-1.000000,-12.7969,2668,2026.06.08 07:55:00,1780905300243,204,4311.80
P2F4_CANDIDATE_S1,1780916100039_SELL,XAUUSD,PERIOD_M5,2026.06.08 10:55:00,1780916100039,2026.06.08 10:55:00,SELL,10,OK,1.250000,6.91,691.43,4296.52,4296.69,4296.60,17.0,CONTROL,CONTROL,NO_RETENTION,NO,,,,0,0,0.701157,8.64,4305.16,4305.16,-1.000000,TIME_EXIT,2026.06.08 11:05:00,1780916700360,4293.48,600.321,0.351736,7.0755,4969,2026.06.08 11:05:00,1780916700360,321,4293.48
P2F4_CANDIDATE_S1,1780916100039_SELL,XAUUSD,PERIOD_M5,2026.06.08 10:55:00,1780916100039,2026.06.08 10:55:00,SELL,10,OK,1.250000,6.91,691.43,4296.52,4296.69,4296.60,17.0,LEGACY_BE_050,BREAK_EVEN,0.50:0.00,YES,2026.06.08 11:01:13,1780916473129,373.090,1,1,0.701157,8.64,4305.16,4296.52,0.000000,RETENTION_STOP,2026.06.08 11:03:49,1780916629874,4296.54,529.835,0.000000,0.0000,4969,2026.06.08 11:05:00,1780916700360,321,4293.48
P2F4_CANDIDATE_S1,1780916100039_SELL,XAUUSD,PERIOD_M5,2026.06.08 10:55:00,1780916100039,2026.06.08 10:55:00,SELL,10,OK,1.250000,6.91,691.43,4296.52,4296.69,4296.60,17.0,STEPLOCK_V1,STEP_LOCK,0.50:-0.25|1.00:0.25|2.00:1.00,YES,2026.06.08 11:01:13,1780916473129,373.090,1,1,0.701157,8.64,4305.16,4298.68,-0.250000,TIME_EXIT,2026.06.08 11:05:00,1780916700360,4293.48,600.321,0.351736,7.0755,4969,2026.06.08 11:05:00,1780916700360,321,4293.48
P2F4_CANDIDATE_S1,1780916100039_SELL,XAUUSD,PERIOD_M5,2026.06.08 10:55:00,1780916100039,2026.06.08 10:55:00,SELL,10,OK,1.250000,6.91,691.43,4296.52,4296.69,4296.60,17.0,GIVEBACK_100_075,MFE_GIVEBACK,TRIGGER=1.00|GAP=0.75|FLOOR=0.00,NO,,,,0,0,0.701157,8.64,4305.16,4305.16,-1.000000,TIME_EXIT,2026.06.08 11:05:00,1780916700360,4293.48,600.321,0.351736,7.0755,4969,2026.06.08 11:05:00,1780916700360,321,4293.48
P2F4_CANDIDATE_S1,1781043300041_SELL,XAUUSD,PERIOD_M5,2026.06.09 22:15:00,1781043300041,2026.06.09 22:15:00,SELL,10,OK,1.250000,5.41,540.50,4258.76,4258.93,4258.85,17.0,CONTROL,CONTROL,NO_RETENTION,NO,,,,0,0,0.852544,6.76,4265.52,4265.52,-1.000000,TIME_EXIT,2026.06.09 22:25:00,1781043900117,4255.86,600.076,0.429232,6.8095,6579,2026.06.09 22:25:00,1781043900117,76,4255.86
P2F4_CANDIDATE_S1,1781043300041_SELL,XAUUSD,PERIOD_M5,2026.06.09 22:15:00,1781043300041,2026.06.09 22:15:00,SELL,10,OK,1.250000,5.41,540.50,4258.76,4258.93,4258.85,17.0,LEGACY_BE_050,BREAK_EVEN,0.50:0.00,YES,2026.06.09 22:18:28,1781043508531,208.490,1,1,0.852544,6.76,4265.52,4258.76,0.000000,TIME_EXIT,2026.06.09 22:25:00,1781043900117,4255.86,600.076,0.429232,6.8095,6579,2026.06.09 22:25:00,1781043900117,76,4255.86
P2F4_CANDIDATE_S1,1781043300041_SELL,XAUUSD,PERIOD_M5,2026.06.09 22:15:00,1781043300041,2026.06.09 22:15:00,SELL,10,OK,1.250000,5.41,540.50,4258.76,4258.93,4258.85,17.0,STEPLOCK_V1,STEP_LOCK,0.50:-0.25|1.00:0.25|2.00:1.00,YES,2026.06.09 22:18:28,1781043508531,208.490,1,1,0.852544,6.76,4265.52,4260.45,-0.250000,TIME_EXIT,2026.06.09 22:25:00,1781043900117,4255.86,600.076,0.429232,6.8095,6579,2026.06.09 22:25:00,1781043900117,76,4255.86
P2F4_CANDIDATE_S1,1781043300041_SELL,XAUUSD,PERIOD_M5,2026.06.09 22:15:00,1781043300041,2026.06.09 22:15:00,SELL,10,OK,1.250000,5.41,540.50,4258.76,4258.93,4258.85,17.0,GIVEBACK_100_075,MFE_GIVEBACK,TRIGGER=1.00|GAP=0.75|FLOOR=0.00,NO,,,,0,0,0.852544,6.76,4265.52,4265.52,-1.000000,TIME_EXIT,2026.06.09 22:25:00,1781043900117,4255.86,600.076,0.429232,6.8095,6579,2026.06.09 22:25:00,1781043900117,76,4255.86
P2F4_CANDIDATE_S1,1781087700145_SELL,XAUUSD,PERIOD_M5,2026.06.10 10:35:00,1781087700145,2026.06.10 10:35:00,SELL,10,OK,1.250000,5.64,564.29,4194.70,4194.87,4194.78,17.0,CONTROL,CONTROL,NO_RETENTION,NO,,,,0,0,0.938532,7.05,4201.75,4201.75,-1.000000,TIME_EXIT,2026.06.10 10:45:00,1781088300266,4189.78,600.121,0.697519,11.7291,4735,2026.06.10 10:45:00,1781088300266,121,4189.78
P2F4_CANDIDATE_S1,1781087700145_SELL,XAUUSD,PERIOD_M5,2026.06.10 10:35:00,1781087700145,2026.06.10 10:35:00,SELL,10,OK,1.250000,5.64,564.29,4194.70,4194.87,4194.78,17.0,LEGACY_BE_050,BREAK_EVEN,0.50:0.00,YES,2026.06.10 10:39:05,1781087945534,245.389,1,1,0.938532,7.05,4201.75,4194.70,0.000000,TIME_EXIT,2026.06.10 10:45:00,1781088300266,4189.78,600.121,0.697519,11.7291,4735,2026.06.10 10:45:00,1781088300266,121,4189.78
P2F4_CANDIDATE_S1,1781087700145_SELL,XAUUSD,PERIOD_M5,2026.06.10 10:35:00,1781087700145,2026.06.10 10:35:00,SELL,10,OK,1.250000,5.64,564.29,4194.70,4194.87,4194.78,17.0,STEPLOCK_V1,STEP_LOCK,0.50:-0.25|1.00:0.25|2.00:1.00,YES,2026.06.10 10:39:05,1781087945534,245.389,1,1,0.938532,7.05,4201.75,4196.46,-0.250000,TIME_EXIT,2026.06.10 10:45:00,1781088300266,4189.78,600.121,0.697519,11.7291,4735,2026.06.10 10:45:00,1781088300266,121,4189.78
P2F4_CANDIDATE_S1,1781087700145_SELL,XAUUSD,PERIOD_M5,2026.06.10 10:35:00,1781087700145,2026.06.10 10:35:00,SELL,10,OK,1.250000,5.64,564.29,4194.70,4194.87,4194.78,17.0,GIVEBACK_100_075,MFE_GIVEBACK,TRIGGER=1.00|GAP=0.75|FLOOR=0.00,NO,,,,0,0,0.938532,7.05,4201.75,4201.75,-1.000000,TIME_EXIT,2026.06.10 10:45:00,1781088300266,4189.78,600.121,0.697519,11.7291,4735,2026.06.10 10:45:00,1781088300266,121,4189.78
P2F4_CANDIDATE_S1,1781100300029_SELL,XAUUSD,PERIOD_M5,2026.06.10 14:05:00,1781100300029,2026.06.10 14:05:00,SELL,10,OK,1.250000,7.21,721.21,4161.40,4161.57,4161.48,17.0,CONTROL,CONTROL,NO_RETENTION,NO,,,,0,0,0.851897,9.02,4170.42,4170.42,-1.000000,TIME_EXIT,2026.06.10 14:15:00,1781100900034,4168.70,600.005,-0.809745,-17.5422,6758,2026.06.10 14:15:00,1781100900034,5,4168.70
P2F4_CANDIDATE_S1,1781100300029_SELL,XAUUSD,PERIOD_M5,2026.06.10 14:05:00,1781100300029,2026.06.10 14:05:00,SELL,10,OK,1.250000,7.21,721.21,4161.40,4161.57,4161.48,17.0,LEGACY_BE_050,BREAK_EVEN,0.50:0.00,YES,2026.06.10 14:05:15,1781100315660,15.631,1,1,0.851897,9.02,4170.42,4161.40,0.000000,RETENTION_STOP,2026.06.10 14:05:39,1781100339809,4161.49,39.780,0.000000,0.0000,6758,2026.06.10 14:15:00,1781100900034,5,4168.70
P2F4_CANDIDATE_S1,1781100300029_SELL,XAUUSD,PERIOD_M5,2026.06.10 14:05:00,1781100300029,2026.06.10 14:05:00,SELL,10,OK,1.250000,7.21,721.21,4161.40,4161.57,4161.48,17.0,STEPLOCK_V1,STEP_LOCK,0.50:-0.25|1.00:0.25|2.00:1.00,YES,2026.06.10 14:05:15,1781100315660,15.631,1,1,0.851897,9.02,4170.42,4163.65,-0.250000,RETENTION_STOP,2026.06.10 14:05:54,1781100354622,4163.80,54.593,-0.250000,-5.4160,6758,2026.06.10 14:15:00,1781100900034,5,4168.70
P2F4_CANDIDATE_S1,1781100300029_SELL,XAUUSD,PERIOD_M5,2026.06.10 14:05:00,1781100300029,2026.06.10 14:05:00,SELL,10,OK,1.250000,7.21,721.21,4161.40,4161.57,4161.48,17.0,GIVEBACK_100_075,MFE_GIVEBACK,TRIGGER=1.00|GAP=0.75|FLOOR=0.00,NO,,,,0,0,0.851897,9.02,4170.42,4170.42,-1.000000,TIME_EXIT,2026.06.10 14:15:00,1781100900034,4168.70,600.005,-0.809745,-17.5422,6758,2026.06.10 14:15:00,1781100900034,5,4168.70
P2F4_CANDIDATE_S1,1781113500039_SELL,XAUUSD,PERIOD_M5,2026.06.10 17:45:00,1781113500039,2026.06.10 17:45:00,SELL,10,OK,1.250000,11.30,1129.93,4149.87,4150.04,4149.95,17.0,CONTROL,CONTROL,NO_RETENTION,NO,,,,0,0,0.868019,14.12,4163.99,4163.99,-1.000000,TIME_EXIT,2026.06.10 17:55:00,1781114100135,4138.17,600.096,0.828371,28.1937,9691,2026.06.10 17:55:00,1781114100135,96,4138.17
P2F4_CANDIDATE_S1,1781113500039_SELL,XAUUSD,PERIOD_M5,2026.06.10 17:45:00,1781113500039,2026.06.10 17:45:00,SELL,10,OK,1.250000,11.30,1129.93,4149.87,4150.04,4149.95,17.0,LEGACY_BE_050,BREAK_EVEN,0.50:0.00,YES,2026.06.10 17:48:24,1781113704794,204.755,1,1,0.868019,14.12,4163.99,4149.87,0.000000,TIME_EXIT,2026.06.10 17:55:00,1781114100135,4138.17,600.096,0.828371,28.1937,9691,2026.06.10 17:55:00,1781114100135,96,4138.17
P2F4_CANDIDATE_S1,1781113500039_SELL,XAUUSD,PERIOD_M5,2026.06.10 17:45:00,1781113500039,2026.06.10 17:45:00,SELL,10,OK,1.250000,11.30,1129.93,4149.87,4150.04,4149.95,17.0,STEPLOCK_V1,STEP_LOCK,0.50:-0.25|1.00:0.25|2.00:1.00,YES,2026.06.10 17:48:24,1781113704794,204.755,1,1,0.868019,14.12,4163.99,4153.40,-0.250000,TIME_EXIT,2026.06.10 17:55:00,1781114100135,4138.17,600.096,0.828371,28.1937,9691,2026.06.10 17:55:00,1781114100135,96,4138.17
P2F4_CANDIDATE_S1,1781113500039_SELL,XAUUSD,PERIOD_M5,2026.06.10 17:45:00,1781113500039,2026.06.10 17:45:00,SELL,10,OK,1.250000,11.30,1129.93,4149.87,4150.04,4149.95,17.0,GIVEBACK_100_075,MFE_GIVEBACK,TRIGGER=1.00|GAP=0.75|FLOOR=0.00,NO,,,,0,0,0.868019,14.12,4163.99,4163.99,-1.000000,TIME_EXIT,2026.06.10 17:55:00,1781114100135,4138.17,600.096,0.828371,28.1937,9691,2026.06.10 17:55:00,1781114100135,96,4138.17
P2F4_CANDIDATE_S1,1781156400033_SELL,XAUUSD,PERIOD_M5,2026.06.11 05:40:00,1781156400033,2026.06.11 05:40:00,SELL,10,OK,1.250000,8.49,849.36,4067.13,4067.34,4067.24,21.0,CONTROL,CONTROL,NO_RETENTION,NO,,,,0,0,1.351610,10.62,4077.75,4077.75,-1.000000,TIME_EXIT,2026.06.11 05:50:00,1781157000048,4055.24,600.015,1.119906,29.2344,7574,2026.06.11 05:50:00,1781157000048,15,4055.24
P2F4_CANDIDATE_S1,1781156400033_SELL,XAUUSD,PERIOD_M5,2026.06.11 05:40:00,1781156400033,2026.06.11 05:40:00,SELL,10,OK,1.250000,8.49,849.36,4067.13,4067.34,4067.24,21.0,LEGACY_BE_050,BREAK_EVEN,0.50:0.00,YES,2026.06.11 05:41:04,1781156464613,64.580,1,1,1.351610,10.62,4077.75,4067.13,0.000000,TIME_EXIT,2026.06.11 05:50:00,1781157000048,4055.24,600.015,1.119906,29.2344,7574,2026.06.11 05:50:00,1781157000048,15,4055.24
P2F4_CANDIDATE_S1,1781156400033_SELL,XAUUSD,PERIOD_M5,2026.06.11 05:40:00,1781156400033,2026.06.11 05:40:00,SELL,10,OK,1.250000,8.49,849.36,4067.13,4067.34,4067.24,21.0,STEPLOCK_V1,STEP_LOCK,0.50:-0.25|1.00:0.25|2.00:1.00,YES,2026.06.11 05:41:04,1781156464613,64.580,2,2,1.351610,10.62,4077.75,4064.48,0.250000,TIME_EXIT,2026.06.11 05:50:00,1781157000048,4055.24,600.015,1.119906,29.2344,7574,2026.06.11 05:50:00,1781157000048,15,4055.24
P2F4_CANDIDATE_S1,1781156400033_SELL,XAUUSD,PERIOD_M5,2026.06.11 05:40:00,1781156400033,2026.06.11 05:40:00,SELL,10,OK,1.250000,8.49,849.36,4067.13,4067.34,4067.24,21.0,GIVEBACK_100_075,MFE_GIVEBACK,TRIGGER=1.00|GAP=0.75|FLOOR=0.00,YES,2026.06.11 05:42:15,1781156535362,135.329,1,41,1.351610,10.62,4077.75,4060.74,0.601610,TIME_EXIT,2026.06.11 05:50:00,1781157000048,4055.24,600.015,1.119906,29.2344,7574,2026.06.11 05:50:00,1781157000048,15,4055.24
P2F4_CANDIDATE_S1,1781178300012_SELL,XAUUSD,PERIOD_M5,2026.06.11 11:45:00,1781178300012,2026.06.11 11:45:00,SELL,10,OK,1.250000,5.88,587.93,4090.67,4090.84,4090.76,17.0,CONTROL,CONTROL,NO_RETENTION,NO,,,,0,0,0.500741,7.35,4098.02,4098.02,-1.000000,TIME_EXIT,2026.06.11 11:55:00,1781178900079,4087.05,600.067,0.492577,8.8494,5278,2026.06.11 11:55:00,1781178900079,67,4087.05
P2F4_CANDIDATE_S1,1781178300012_SELL,XAUUSD,PERIOD_M5,2026.06.11 11:45:00,1781178300012,2026.06.11 11:45:00,SELL,10,OK,1.250000,5.88,587.93,4090.67,4090.84,4090.76,17.0,LEGACY_BE_050,BREAK_EVEN,0.50:0.00,YES,2026.06.11 11:54:55,1781178895904,595.892,1,1,0.500741,7.35,4098.02,4090.67,0.000000,TIME_EXIT,2026.06.11 11:55:00,1781178900079,4087.05,600.067,0.492577,8.8494,5278,2026.06.11 11:55:00,1781178900079,67,4087.05
P2F4_CANDIDATE_S1,1781178300012_SELL,XAUUSD,PERIOD_M5,2026.06.11 11:45:00,1781178300012,2026.06.11 11:45:00,SELL,10,OK,1.250000,5.88,587.93,4090.67,4090.84,4090.76,17.0,STEPLOCK_V1,STEP_LOCK,0.50:-0.25|1.00:0.25|2.00:1.00,YES,2026.06.11 11:54:55,1781178895904,595.892,1,1,0.500741,7.35,4098.02,4092.51,-0.250000,TIME_EXIT,2026.06.11 11:55:00,1781178900079,4087.05,600.067,0.492577,8.8494,5278,2026.06.11 11:55:00,1781178900079,67,4087.05
P2F4_CANDIDATE_S1,1781178300012_SELL,XAUUSD,PERIOD_M5,2026.06.11 11:45:00,1781178300012,2026.06.11 11:45:00,SELL,10,OK,1.250000,5.88,587.93,4090.67,4090.84,4090.76,17.0,GIVEBACK_100_075,MFE_GIVEBACK,TRIGGER=1.00|GAP=0.75|FLOOR=0.00,NO,,,,0,0,0.500741,7.35,4098.02,4098.02,-1.000000,TIME_EXIT,2026.06.11 11:55:00,1781178900079,4087.05,600.067,0.492577,8.8494,5278,2026.06.11 11:55:00,1781178900079,67,4087.05
P2F4_CANDIDATE_S1,1781197800031_SELL,XAUUSD,PERIOD_M5,2026.06.11 17:10:00,1781197800031,2026.06.11 17:10:00,SELL,10,OK,1.250000,10.69,1069.00,4062.53,4062.66,4062.60,13.0,CONTROL,CONTROL,NO_RETENTION,NO,,,,0,0,0.709448,13.36,4075.89,4075.89,-1.000000,TIME_EXIT,2026.06.11 17:20:00,1781198400089,4063.78,600.058,-0.093545,-3.0769,9766,2026.06.11 17:20:00,1781198400089,58,4063.78
P2F4_CANDIDATE_S1,1781197800031_SELL,XAUUSD,PERIOD_M5,2026.06.11 17:10:00,1781197800031,2026.06.11 17:10:00,SELL,10,OK,1.250000,10.69,1069.00,4062.53,4062.66,4062.60,13.0,LEGACY_BE_050,BREAK_EVEN,0.50:0.00,YES,2026.06.11 17:11:18,1781197878758,78.727,1,1,0.709448,13.36,4075.89,4062.53,0.000000,RETENTION_STOP,2026.06.11 17:15:07,1781198107116,4062.75,307.085,0.000000,0.0000,9766,2026.06.11 17:20:00,1781198400089,58,4063.78
P2F4_CANDIDATE_S1,1781197800031_SELL,XAUUSD,PERIOD_M5,2026.06.11 17:10:00,1781197800031,2026.06.11 17:10:00,SELL,10,OK,1.250000,10.69,1069.00,4062.53,4062.66,4062.60,13.0,STEPLOCK_V1,STEP_LOCK,0.50:-0.25|1.00:0.25|2.00:1.00,YES,2026.06.11 17:11:18,1781197878758,78.727,1,1,0.709448,13.36,4075.89,4065.87,-0.250000,RETENTION_STOP,2026.06.11 17:15:26,1781198126631,4065.91,326.600,-0.250000,-8.2230,9766,2026.06.11 17:20:00,1781198400089,58,4063.78
P2F4_CANDIDATE_S1,1781197800031_SELL,XAUUSD,PERIOD_M5,2026.06.11 17:10:00,1781197800031,2026.06.11 17:10:00,SELL,10,OK,1.250000,10.69,1069.00,4062.53,4062.66,4062.60,13.0,GIVEBACK_100_075,MFE_GIVEBACK,TRIGGER=1.00|GAP=0.75|FLOOR=0.00,NO,,,,0,0,0.709448,13.36,4075.89,4075.89,-1.000000,TIME_EXIT,2026.06.11 17:20:00,1781198400089,4063.78,600.058,-0.093545,-3.0769,9766,2026.06.11 17:20:00,1781198400089,58,4063.78
P2F4_CANDIDATE_S1,1781207700011_SELL,XAUUSD,PERIOD_M5,2026.06.11 19:55:00,1781207700011,2026.06.11 19:55:00,SELL,10,OK,1.250000,7.14,714.21,4079.69,4079.84,4079.77,15.0,CONTROL,CONTROL,NO_RETENTION,NO,,,,0,0,0.844564,8.93,4088.62,4088.62,-1.000000,TIME_EXIT,2026.06.11 20:05:00,1781208300044,4074.95,600.033,0.530933,11.6185,6966,2026.06.11 20:05:00,1781208300044,33,4074.95
P2F4_CANDIDATE_S1,1781207700011_SELL,XAUUSD,PERIOD_M5,2026.06.11 19:55:00,1781207700011,2026.06.11 19:55:00,SELL,10,OK,1.250000,7.14,714.21,4079.69,4079.84,4079.77,15.0,LEGACY_BE_050,BREAK_EVEN,0.50:0.00,YES,2026.06.11 20:02:33,1781208153550,453.539,1,1,0.844564,8.93,4088.62,4079.69,0.000000,TIME_EXIT,2026.06.11 20:05:00,1781208300044,4074.95,600.033,0.530933,11.6185,6966,2026.06.11 20:05:00,1781208300044,33,4074.95
P2F4_CANDIDATE_S1,1781207700011_SELL,XAUUSD,PERIOD_M5,2026.06.11 19:55:00,1781207700011,2026.06.11 19:55:00,SELL,10,OK,1.250000,7.14,714.21,4079.69,4079.84,4079.77,15.0,STEPLOCK_V1,STEP_LOCK,0.50:-0.25|1.00:0.25|2.00:1.00,YES,2026.06.11 20:02:33,1781208153550,453.539,1,1,0.844564,8.93,4088.62,4081.92,-0.250000,TIME_EXIT,2026.06.11 20:05:00,1781208300044,4074.95,600.033,0.530933,11.6185,6966,2026.06.11 20:05:00,1781208300044,33,4074.95
P2F4_CANDIDATE_S1,1781207700011_SELL,XAUUSD,PERIOD_M5,2026.06.11 19:55:00,1781207700011,2026.06.11 19:55:00,SELL,10,OK,1.250000,7.14,714.21,4079.69,4079.84,4079.77,15.0,GIVEBACK_100_075,MFE_GIVEBACK,TRIGGER=1.00|GAP=0.75|FLOOR=0.00,NO,,,,0,0,0.844564,8.93,4088.62,4088.62,-1.000000,TIME_EXIT,2026.06.11 20:05:00,1781208300044,4074.95,600.033,0.530933,11.6185,6966,2026.06.11 20:05:00,1781208300044,33,4074.95
P2F4_CANDIDATE_S1,1781580000011_SELL,XAUUSD,PERIOD_M5,2026.06.16 03:20:00,1781580000011,2026.06.16 03:20:00,SELL,10,OK,1.250000,3.55,355.14,4311.63,4311.80,4311.72,17.0,CONTROL,CONTROL,NO_RETENTION,NO,,,,0,0,1.038455,4.44,4316.07,4316.07,-1.000000,TIME_EXIT,2026.06.16 03:30:00,1781580600032,4308.42,600.021,0.723089,7.4450,3341,2026.06.16 03:30:00,1781580600032,21,4308.42
P2F4_CANDIDATE_S1,1781580000011_SELL,XAUUSD,PERIOD_M5,2026.06.16 03:20:00,1781580000011,2026.06.16 03:20:00,SELL,10,OK,1.250000,3.55,355.14,4311.63,4311.80,4311.72,17.0,LEGACY_BE_050,BREAK_EVEN,0.50:0.00,YES,2026.06.16 03:22:42,1781580162850,162.839,1,1,1.038455,4.44,4316.07,4311.63,0.000000,TIME_EXIT,2026.06.16 03:30:00,1781580600032,4308.42,600.021,0.723089,7.4450,3341,2026.06.16 03:30:00,1781580600032,21,4308.42
P2F4_CANDIDATE_S1,1781580000011_SELL,XAUUSD,PERIOD_M5,2026.06.16 03:20:00,1781580000011,2026.06.16 03:20:00,SELL,10,OK,1.250000,3.55,355.14,4311.63,4311.80,4311.72,17.0,STEPLOCK_V1,STEP_LOCK,0.50:-0.25|1.00:0.25|2.00:1.00,YES,2026.06.16 03:22:42,1781580162850,162.839,2,2,1.038455,4.44,4316.07,4310.52,0.250000,TIME_EXIT,2026.06.16 03:30:00,1781580600032,4308.42,600.021,0.723089,7.4450,3341,2026.06.16 03:30:00,1781580600032,21,4308.42
P2F4_CANDIDATE_S1,1781580000011_SELL,XAUUSD,PERIOD_M5,2026.06.16 03:20:00,1781580000011,2026.06.16 03:20:00,SELL,10,OK,1.250000,3.55,355.14,4311.63,4311.80,4311.72,17.0,GIVEBACK_100_075,MFE_GIVEBACK,TRIGGER=1.00|GAP=0.75|FLOOR=0.00,YES,2026.06.16 03:26:50,1781580410424,410.413,1,5,1.038455,4.44,4316.07,4310.35,0.288455,TIME_EXIT,2026.06.16 03:30:00,1781580600032,4308.42,600.021,0.723089,7.4450,3341,2026.06.16 03:30:00,1781580600032,21,4308.42
P2F4_CANDIDATE_S1,1781586000015_SELL,XAUUSD,PERIOD_M5,2026.06.16 05:00:00,1781586000015,2026.06.16 05:00:00,SELL,10,OK,1.250000,5.26,525.71,4313.57,4313.74,4313.65,17.0,CONTROL,CONTROL,NO_RETENTION,NO,,,,0,0,0.881087,6.57,4320.14,4320.14,-1.000000,TIME_EXIT,2026.06.16 05:10:00,1781586600117,4311.58,600.102,0.302826,4.6133,3450,2026.06.16 05:10:00,1781586600117,102,4311.58
P2F4_CANDIDATE_S1,1781586000015_SELL,XAUUSD,PERIOD_M5,2026.06.16 05:00:00,1781586000015,2026.06.16 05:00:00,SELL,10,OK,1.250000,5.26,525.71,4313.57,4313.74,4313.65,17.0,LEGACY_BE_050,BREAK_EVEN,0.50:0.00,YES,2026.06.16 05:05:01,1781586301048,301.033,1,1,0.881087,6.57,4320.14,4313.57,0.000000,TIME_EXIT,2026.06.16 05:10:00,1781586600117,4311.58,600.102,0.302826,4.6133,3450,2026.06.16 05:10:00,1781586600117,102,4311.58
P2F4_CANDIDATE_S1,1781586000015_SELL,XAUUSD,PERIOD_M5,2026.06.16 05:00:00,1781586000015,2026.06.16 05:00:00,SELL,10,OK,1.250000,5.26,525.71,4313.57,4313.74,4313.65,17.0,STEPLOCK_V1,STEP_LOCK,0.50:-0.25|1.00:0.25|2.00:1.00,YES,2026.06.16 05:05:01,1781586301048,301.033,1,1,0.881087,6.57,4320.14,4315.21,-0.250000,TIME_EXIT,2026.06.16 05:10:00,1781586600117,4311.58,600.102,0.302826,4.6133,3450,2026.06.16 05:10:00,1781586600117,102,4311.58
P2F4_CANDIDATE_S1,1781586000015_SELL,XAUUSD,PERIOD_M5,2026.06.16 05:00:00,1781586000015,2026.06.16 05:00:00,SELL,10,OK,1.250000,5.26,525.71,4313.57,4313.74,4313.65,17.0,GIVEBACK_100_075,MFE_GIVEBACK,TRIGGER=1.00|GAP=0.75|FLOOR=0.00,NO,,,,0,0,0.881087,6.57,4320.14,4320.14,-1.000000,TIME_EXIT,2026.06.16 05:10:00,1781586600117,4311.58,600.102,0.302826,4.6133,3450,2026.06.16 05:10:00,1781586600117,102,4311.58
P2F4_CANDIDATE_S1,1781599200003_SELL,XAUUSD,PERIOD_M5,2026.06.16 08:40:00,1781599200003,2026.06.16 08:40:00,SELL,10,OK,1.250000,3.68,367.93,4316.88,4316.97,4316.93,9.0,CONTROL,CONTROL,NO_RETENTION,NO,,,,0,0,0.167424,4.60,4321.48,4321.48,-1.000000,TIME_EXIT,2026.06.16 08:50:00,1781599800092,4318.15,600.089,-0.276141,-2.9419,5043,2026.06.16 08:50:00,1781599800092,89,4318.15
P2F4_CANDIDATE_S1,1781599200003_SELL,XAUUSD,PERIOD_M5,2026.06.16 08:40:00,1781599200003,2026.06.16 08:40:00,SELL,10,OK,1.250000,3.68,367.93,4316.88,4316.97,4316.93,9.0,LEGACY_BE_050,BREAK_EVEN,0.50:0.00,NO,,,,0,0,0.167424,4.60,4321.48,4321.48,-1.000000,TIME_EXIT,2026.06.16 08:50:00,1781599800092,4318.15,600.089,-0.276141,-2.9419,5043,2026.06.16 08:50:00,1781599800092,89,4318.15
P2F4_CANDIDATE_S1,1781599200003_SELL,XAUUSD,PERIOD_M5,2026.06.16 08:40:00,1781599200003,2026.06.16 08:40:00,SELL,10,OK,1.250000,3.68,367.93,4316.88,4316.97,4316.93,9.0,STEPLOCK_V1,STEP_LOCK,0.50:-0.25|1.00:0.25|2.00:1.00,NO,,,,0,0,0.167424,4.60,4321.48,4321.48,-1.000000,TIME_EXIT,2026.06.16 08:50:00,1781599800092,4318.15,600.089,-0.276141,-2.9419,5043,2026.06.16 08:50:00,1781599800092,89,4318.15
P2F4_CANDIDATE_S1,1781599200003_SELL,XAUUSD,PERIOD_M5,2026.06.16 08:40:00,1781599200003,2026.06.16 08:40:00,SELL,10,OK,1.250000,3.68,367.93,4316.88,4316.97,4316.93,9.0,GIVEBACK_100_075,MFE_GIVEBACK,TRIGGER=1.00|GAP=0.75|FLOOR=0.00,NO,,,,0,0,0.167424,4.60,4321.48,4321.48,-1.000000,TIME_EXIT,2026.06.16 08:50:00,1781599800092,4318.15,600.089,-0.276141,-2.9419,5043,2026.06.16 08:50:00,1781599800092,89,4318.15
P2F4_CANDIDATE_S1,1781688000014_SELL,XAUUSD,PERIOD_M5,2026.06.17 09:20:00,1781688000014,2026.06.17 09:20:00,SELL,10,OK,1.250000,4.05,405.07,4323.83,4323.96,4323.90,13.0,CONTROL,CONTROL,NO_RETENTION,NO,,,,0,0,0.631987,5.06,4328.89,4328.89,-1.000000,TIME_EXIT,2026.06.17 09:30:00,1781688600027,4324.48,600.013,-0.128372,-1.5033,3480,2026.06.17 09:30:00,1781688600027,13,4324.48
P2F4_CANDIDATE_S1,1781688000014_SELL,XAUUSD,PERIOD_M5,2026.06.17 09:20:00,1781688000014,2026.06.17 09:20:00,SELL,10,OK,1.250000,4.05,405.07,4323.83,4323.96,4323.90,13.0,LEGACY_BE_050,BREAK_EVEN,0.50:0.00,YES,2026.06.17 09:22:23,1781688143581,143.567,1,1,0.631987,5.06,4328.89,4323.83,0.000000,RETENTION_STOP,2026.06.17 09:24:07,1781688247658,4323.83,247.644,0.000000,0.0000,3480,2026.06.17 09:30:00,1781688600027,13,4324.48
P2F4_CANDIDATE_S1,1781688000014_SELL,XAUUSD,PERIOD_M5,2026.06.17 09:20:00,1781688000014,2026.06.17 09:20:00,SELL,10,OK,1.250000,4.05,405.07,4323.83,4323.96,4323.90,13.0,STEPLOCK_V1,STEP_LOCK,0.50:-0.25|1.00:0.25|2.00:1.00,YES,2026.06.17 09:22:23,1781688143581,143.567,1,1,0.631987,5.06,4328.89,4325.10,-0.250000,RETENTION_STOP,2026.06.17 09:25:25,1781688325725,4325.11,325.711,-0.250000,-2.9276,3480,2026.06.17 09:30:00,1781688600027,13,4324.48
P2F4_CANDIDATE_S1,1781688000014_SELL,XAUUSD,PERIOD_M5,2026.06.17 09:20:00,1781688000014,2026.06.17 09:20:00,SELL,10,OK,1.250000,4.05,405.07,4323.83,4323.96,4323.90,13.0,GIVEBACK_100_075,MFE_GIVEBACK,TRIGGER=1.00|GAP=0.75|FLOOR=0.00,NO,,,,0,0,0.631987,5.06,4328.89,4328.89,-1.000000,TIME_EXIT,2026.06.17 09:30:00,1781688600027,4324.48,600.013,-0.128372,-1.5033,3480,2026.06.17 09:30:00,1781688600027,13,4324.48
P2F4_CANDIDATE_S1,1781693700050_SELL,XAUUSD,PERIOD_M5,2026.06.17 10:55:00,1781693700050,2026.06.17 10:55:00,SELL,10,OK,1.250000,3.67,367.07,4325.37,4325.53,4325.45,16.0,CONTROL,CONTROL,NO_RETENTION,NO,,,,0,0,0.285503,4.59,4329.96,4329.96,-1.000000,TIME_EXIT,2026.06.17 11:05:00,1781694300442,4326.25,600.392,-0.191788,-2.0345,4371,2026.06.17 11:05:00,1781694300442,392,4326.25
P2F4_CANDIDATE_S1,1781693700050_SELL,XAUUSD,PERIOD_M5,2026.06.17 10:55:00,1781693700050,2026.06.17 10:55:00,SELL,10,OK,1.250000,3.67,367.07,4325.37,4325.53,4325.45,16.0,LEGACY_BE_050,BREAK_EVEN,0.50:0.00,NO,,,,0,0,0.285503,4.59,4329.96,4329.96,-1.000000,TIME_EXIT,2026.06.17 11:05:00,1781694300442,4326.25,600.392,-0.191788,-2.0345,4371,2026.06.17 11:05:00,1781694300442,392,4326.25
P2F4_CANDIDATE_S1,1781693700050_SELL,XAUUSD,PERIOD_M5,2026.06.17 10:55:00,1781693700050,2026.06.17 10:55:00,SELL,10,OK,1.250000,3.67,367.07,4325.37,4325.53,4325.45,16.0,STEPLOCK_V1,STEP_LOCK,0.50:-0.25|1.00:0.25|2.00:1.00,NO,,,,0,0,0.285503,4.59,4329.96,4329.96,-1.000000,TIME_EXIT,2026.06.17 11:05:00,1781694300442,4326.25,600.392,-0.191788,-2.0345,4371,2026.06.17 11:05:00,1781694300442,392,4326.25
P2F4_CANDIDATE_S1,1781693700050_SELL,XAUUSD,PERIOD_M5,2026.06.17 10:55:00,1781693700050,2026.06.17 10:55:00,SELL,10,OK,1.250000,3.67,367.07,4325.37,4325.53,4325.45,16.0,GIVEBACK_100_075,MFE_GIVEBACK,TRIGGER=1.00|GAP=0.75|FLOOR=0.00,NO,,,,0,0,0.285503,4.59,4329.96,4329.96,-1.000000,TIME_EXIT,2026.06.17 11:05:00,1781694300442,4326.25,600.392,-0.191788,-2.0345,4371,2026.06.17 11:05:00,1781694300442,392,4326.25
P2F4_CANDIDATE_S1,1781706900042_SELL,XAUUSD,PERIOD_M5,2026.06.17 14:35:00,1781706900042,2026.06.17 14:35:00,SELL,10,OK,1.250000,2.91,290.79,4325.73,4325.86,4325.80,13.0,CONTROL,CONTROL,NO_RETENTION,NO,,,,0,0,0.332891,3.63,4329.36,4329.36,-1.000000,TIME_EXIT,2026.06.17 14:45:00,1781707500060,4326.06,600.018,-0.090789,-0.7629,2862,2026.06.17 14:45:00,1781707500060,18,4326.06
P2F4_CANDIDATE_S1,1781706900042_SELL,XAUUSD,PERIOD_M5,2026.06.17 14:35:00,1781706900042,2026.06.17 14:35:00,SELL,10,OK,1.250000,2.91,290.79,4325.73,4325.86,4325.80,13.0,LEGACY_BE_050,BREAK_EVEN,0.50:0.00,NO,,,,0,0,0.332891,3.63,4329.36,4329.36,-1.000000,TIME_EXIT,2026.06.17 14:45:00,1781707500060,4326.06,600.018,-0.090789,-0.7629,2862,2026.06.17 14:45:00,1781707500060,18,4326.06
P2F4_CANDIDATE_S1,1781706900042_SELL,XAUUSD,PERIOD_M5,2026.06.17 14:35:00,1781706900042,2026.06.17 14:35:00,SELL,10,OK,1.250000,2.91,290.79,4325.73,4325.86,4325.80,13.0,STEPLOCK_V1,STEP_LOCK,0.50:-0.25|1.00:0.25|2.00:1.00,NO,,,,0,0,0.332891,3.63,4329.36,4329.36,-1.000000,TIME_EXIT,2026.06.17 14:45:00,1781707500060,4326.06,600.018,-0.090789,-0.7629,2862,2026.06.17 14:45:00,1781707500060,18,4326.06
P2F4_CANDIDATE_S1,1781706900042_SELL,XAUUSD,PERIOD_M5,2026.06.17 14:35:00,1781706900042,2026.06.17 14:35:00,SELL,10,OK,1.250000,2.91,290.79,4325.73,4325.86,4325.80,13.0,GIVEBACK_100_075,MFE_GIVEBACK,TRIGGER=1.00|GAP=0.75|FLOOR=0.00,NO,,,,0,0,0.332891,3.63,4329.36,4329.36,-1.000000,TIME_EXIT,2026.06.17 14:45:00,1781707500060,4326.06,600.018,-0.090789,-0.7629,2862,2026.06.17 14:45:00,1781707500060,18,4326.06
P2F4_CANDIDATE_S1,1781762700013_SELL,XAUUSD,PERIOD_M5,2026.06.18 06:05:00,1781762700013,2026.06.18 06:05:00,SELL,10,OK,1.250000,4.75,475.50,4312.12,4312.31,4312.22,19.0,CONTROL,CONTROL,NO_RETENTION,NO,,,,0,0,0.339853,5.94,4318.06,4318.06,-1.000000,TIME_EXIT,2026.06.18 06:15:00,1781763300015,4311.84,600.002,0.047108,0.6493,3022,2026.06.18 06:15:00,1781763300015,2,4311.84
P2F4_CANDIDATE_S1,1781762700013_SELL,XAUUSD,PERIOD_M5,2026.06.18 06:05:00,1781762700013,2026.06.18 06:05:00,SELL,10,OK,1.250000,4.75,475.50,4312.12,4312.31,4312.22,19.0,LEGACY_BE_050,BREAK_EVEN,0.50:0.00,NO,,,,0,0,0.339853,5.94,4318.06,4318.06,-1.000000,TIME_EXIT,2026.06.18 06:15:00,1781763300015,4311.84,600.002,0.047108,0.6493,3022,2026.06.18 06:15:00,1781763300015,2,4311.84
P2F4_CANDIDATE_S1,1781762700013_SELL,XAUUSD,PERIOD_M5,2026.06.18 06:05:00,1781762700013,2026.06.18 06:05:00,SELL,10,OK,1.250000,4.75,475.50,4312.12,4312.31,4312.22,19.0,STEPLOCK_V1,STEP_LOCK,0.50:-0.25|1.00:0.25|2.00:1.00,NO,,,,0,0,0.339853,5.94,4318.06,4318.06,-1.000000,TIME_EXIT,2026.06.18 06:15:00,1781763300015,4311.84,600.002,0.047108,0.6493,3022,2026.06.18 06:15:00,1781763300015,2,4311.84
P2F4_CANDIDATE_S1,1781762700013_SELL,XAUUSD,PERIOD_M5,2026.06.18 06:05:00,1781762700013,2026.06.18 06:05:00,SELL,10,OK,1.250000,4.75,475.50,4312.12,4312.31,4312.22,19.0,GIVEBACK_100_075,MFE_GIVEBACK,TRIGGER=1.00|GAP=0.75|FLOOR=0.00,NO,,,,0,0,0.339853,5.94,4318.06,4318.06,-1.000000,TIME_EXIT,2026.06.18 06:15:00,1781763300015,4311.84,600.002,0.047108,0.6493,3022,2026.06.18 06:15:00,1781763300015,2,4311.84
P2F4_CANDIDATE_S1,1781767500046_SELL,XAUUSD,PERIOD_M5,2026.06.18 07:25:00,1781767500046,2026.06.18 07:25:00,SELL,10,OK,1.250000,4.01,401.00,4313.31,4313.48,4313.40,17.0,CONTROL,CONTROL,NO_RETENTION,NO,,,,0,0,0.179551,5.01,4318.32,4318.32,-1.000000,TIME_EXIT,2026.06.18 07:35:00,1781768100065,4316.65,600.019,-0.666334,-7.7435,2402,2026.06.18 07:35:00,1781768100065,19,4316.65
P2F4_CANDIDATE_S1,1781767500046_SELL,XAUUSD,PERIOD_M5,2026.06.18 07:25:00,1781767500046,2026.06.18 07:25:00,SELL,10,OK,1.250000,4.01,401.00,4313.31,4313.48,4313.40,17.0,LEGACY_BE_050,BREAK_EVEN,0.50:0.00,NO,,,,0,0,0.179551,5.01,4318.32,4318.32,-1.000000,TIME_EXIT,2026.06.18 07:35:00,1781768100065,4316.65,600.019,-0.666334,-7.7435,2402,2026.06.18 07:35:00,1781768100065,19,4316.65
P2F4_CANDIDATE_S1,1781767500046_SELL,XAUUSD,PERIOD_M5,2026.06.18 07:25:00,1781767500046,2026.06.18 07:25:00,SELL,10,OK,1.250000,4.01,401.00,4313.31,4313.48,4313.40,17.0,STEPLOCK_V1,STEP_LOCK,0.50:-0.25|1.00:0.25|2.00:1.00,NO,,,,0,0,0.179551,5.01,4318.32,4318.32,-1.000000,TIME_EXIT,2026.06.18 07:35:00,1781768100065,4316.65,600.019,-0.666334,-7.7435,2402,2026.06.18 07:35:00,1781768100065,19,4316.65
P2F4_CANDIDATE_S1,1781767500046_SELL,XAUUSD,PERIOD_M5,2026.06.18 07:25:00,1781767500046,2026.06.18 07:25:00,SELL,10,OK,1.250000,4.01,401.00,4313.31,4313.48,4313.40,17.0,GIVEBACK_100_075,MFE_GIVEBACK,TRIGGER=1.00|GAP=0.75|FLOOR=0.00,NO,,,,0,0,0.179551,5.01,4318.32,4318.32,-1.000000,TIME_EXIT,2026.06.18 07:35:00,1781768100065,4316.65,600.019,-0.666334,-7.7435,2402,2026.06.18 07:35:00,1781768100065,19,4316.65
P2F4_CANDIDATE_S1,1781772600045_SELL,XAUUSD,PERIOD_M5,2026.06.18 08:50:00,1781772600045,2026.06.18 08:50:00,SELL,10,OK,1.250000,5.11,511.00,4303.00,4303.13,4303.07,13.0,CONTROL,CONTROL,NO_RETENTION,NO,,,,0,0,0.244227,6.39,4309.39,4309.39,-1.000000,HARD_SL,2026.06.18 08:54:25,1781772865856,4309.67,265.811,-1.000000,-14.8443,4618,2026.06.18 09:00:00,1781773200127,82,4308.35
P2F4_CANDIDATE_S1,1781772600045_SELL,XAUUSD,PERIOD_M5,2026.06.18 08:50:00,1781772600045,2026.06.18 08:50:00,SELL,10,OK,1.250000,5.11,511.00,4303.00,4303.13,4303.07,13.0,LEGACY_BE_050,BREAK_EVEN,0.50:0.00,NO,,,,0,0,0.244227,6.39,4309.39,4309.39,-1.000000,HARD_SL,2026.06.18 08:54:25,1781772865856,4309.67,265.811,-1.000000,-14.8443,4618,2026.06.18 09:00:00,1781773200127,82,4308.35
P2F4_CANDIDATE_S1,1781772600045_SELL,XAUUSD,PERIOD_M5,2026.06.18 08:50:00,1781772600045,2026.06.18 08:50:00,SELL,10,OK,1.250000,5.11,511.00,4303.00,4303.13,4303.07,13.0,STEPLOCK_V1,STEP_LOCK,0.50:-0.25|1.00:0.25|2.00:1.00,NO,,,,0,0,0.244227,6.39,4309.39,4309.39,-1.000000,HARD_SL,2026.06.18 08:54:25,1781772865856,4309.67,265.811,-1.000000,-14.8443,4618,2026.06.18 09:00:00,1781773200127,82,4308.35
P2F4_CANDIDATE_S1,1781772600045_SELL,XAUUSD,PERIOD_M5,2026.06.18 08:50:00,1781772600045,2026.06.18 08:50:00,SELL,10,OK,1.250000,5.11,511.00,4303.00,4303.13,4303.07,13.0,GIVEBACK_100_075,MFE_GIVEBACK,TRIGGER=1.00|GAP=0.75|FLOOR=0.00,NO,,,,0,0,0.244227,6.39,4309.39,4309.39,-1.000000,HARD_SL,2026.06.18 08:54:25,1781772865856,4309.67,265.811,-1.000000,-14.8443,4618,2026.06.18 09:00:00,1781773200127,82,4308.35
P2F4_CANDIDATE_S1,1781802600004_SELL,XAUUSD,PERIOD_M5,2026.06.18 17:10:00,1781802600004,2026.06.18 17:10:00,SELL,10,OK,1.250000,8.61,860.79,4243.64,4243.77,4243.70,13.0,CONTROL,CONTROL,NO_RETENTION,NO,,,,0,0,0.580865,10.76,4254.40,4254.40,-1.000000,TIME_EXIT,2026.06.18 17:20:00,1781803200018,4249.87,600.014,-0.579006,-14.6808,8404,2026.06.18 17:20:00,1781803200018,14,4249.87
P2F4_CANDIDATE_S1,1781802600004_SELL,XAUUSD,PERIOD_M5,2026.06.18 17:10:00,1781802600004,2026.06.18 17:10:00,SELL,10,OK,1.250000,8.61,860.79,4243.64,4243.77,4243.70,13.0,LEGACY_BE_050,BREAK_EVEN,0.50:0.00,YES,2026.06.18 17:15:53,1781802953310,353.306,1,1,0.580865,10.76,4254.40,4243.64,0.000000,RETENTION_STOP,2026.06.18 17:16:20,1781802980988,4243.79,380.984,0.000000,0.0000,8404,2026.06.18 17:20:00,1781803200018,14,4249.87
P2F4_CANDIDATE_S1,1781802600004_SELL,XAUUSD,PERIOD_M5,2026.06.18 17:10:00,1781802600004,2026.06.18 17:10:00,SELL,10,OK,1.250000,8.61,860.79,4243.64,4243.77,4243.70,13.0,STEPLOCK_V1,STEP_LOCK,0.50:-0.25|1.00:0.25|2.00:1.00,YES,2026.06.18 17:15:53,1781802953310,353.306,1,1,0.580865,10.76,4254.40,4246.33,-0.250000,RETENTION_STOP,2026.06.18 17:18:41,1781803121855,4246.33,521.851,-0.250000,-6.3388,8404,2026.06.18 17:20:00,1781803200018,14,4249.87
P2F4_CANDIDATE_S1,1781802600004_SELL,XAUUSD,PERIOD_M5,2026.06.18 17:10:00,1781802600004,2026.06.18 17:10:00,SELL,10,OK,1.250000,8.61,860.79,4243.64,4243.77,4243.70,13.0,GIVEBACK_100_075,MFE_GIVEBACK,TRIGGER=1.00|GAP=0.75|FLOOR=0.00,NO,,,,0,0,0.580865,10.76,4254.40,4254.40,-1.000000,TIME_EXIT,2026.06.18 17:20:00,1781803200018,4249.87,600.014,-0.579006,-14.6808,8404,2026.06.18 17:20:00,1781803200018,14,4249.87
P2F4_CANDIDATE_S1,1781818500034_SELL,XAUUSD,PERIOD_M5,2026.06.18 21:35:00,1781818500034,2026.06.18 21:35:00,SELL,10,OK,1.250000,3.76,375.79,4222.70,4222.82,4222.76,12.0,CONTROL,CONTROL,NO_RETENTION,NO,,,,0,0,0.440677,4.70,4227.40,4227.40,-1.000000,TIME_EXIT,2026.06.18 21:45:00,1781819100088,4225.02,600.054,-0.493898,-5.4941,5114,2026.06.18 21:45:00,1781819100088,54,4225.02
P2F4_CANDIDATE_S1,1781818500034_SELL,XAUUSD,PERIOD_M5,2026.06.18 21:35:00,1781818500034,2026.06.18 21:35:00,SELL,10,OK,1.250000,3.76,375.79,4222.70,4222.82,4222.76,12.0,LEGACY_BE_050,BREAK_EVEN,0.50:0.00,NO,,,,0,0,0.440677,4.70,4227.40,4227.40,-1.000000,TIME_EXIT,2026.06.18 21:45:00,1781819100088,4225.02,600.054,-0.493898,-5.4941,5114,2026.06.18 21:45:00,1781819100088,54,4225.02
P2F4_CANDIDATE_S1,1781818500034_SELL,XAUUSD,PERIOD_M5,2026.06.18 21:35:00,1781818500034,2026.06.18 21:35:00,SELL,10,OK,1.250000,3.76,375.79,4222.70,4222.82,4222.76,12.0,STEPLOCK_V1,STEP_LOCK,0.50:-0.25|1.00:0.25|2.00:1.00,NO,,,,0,0,0.440677,4.70,4227.40,4227.40,-1.000000,TIME_EXIT,2026.06.18 21:45:00,1781819100088,4225.02,600.054,-0.493898,-5.4941,5114,2026.06.18 21:45:00,1781819100088,54,4225.02
P2F4_CANDIDATE_S1,1781818500034_SELL,XAUUSD,PERIOD_M5,2026.06.18 21:35:00,1781818500034,2026.06.18 21:35:00,SELL,10,OK,1.250000,3.76,375.79,4222.70,4222.82,4222.76,12.0,GIVEBACK_100_075,MFE_GIVEBACK,TRIGGER=1.00|GAP=0.75|FLOOR=0.00,NO,,,,0,0,0.440677,4.70,4227.40,4227.40,-1.000000,TIME_EXIT,2026.06.18 21:45:00,1781819100088,4225.02,600.054,-0.493898,-5.4941,5114,2026.06.18 21:45:00,1781819100088,54,4225.02
P2F4_CANDIDATE_S1,1781862000120_SELL,XAUUSD,PERIOD_M5,2026.06.19 09:40:00,1781862000120,2026.06.19 09:40:00,SELL,10,OK,1.250000,6.23,622.50,4133.73,4133.86,4133.80,13.0,CONTROL,CONTROL,NO_RETENTION,NO,,,,0,0,0.000000,7.78,4141.51,4141.51,-1.000000,HARD_SL,2026.06.19 09:48:42,1781862522136,4141.53,522.016,-1.000000,-18.8238,2862,2026.06.19 09:50:00,1781862600126,6,4145.49
P2F4_CANDIDATE_S1,1781862000120_SELL,XAUUSD,PERIOD_M5,2026.06.19 09:40:00,1781862000120,2026.06.19 09:40:00,SELL,10,OK,1.250000,6.23,622.50,4133.73,4133.86,4133.80,13.0,LEGACY_BE_050,BREAK_EVEN,0.50:0.00,NO,,,,0,0,0.000000,7.78,4141.51,4141.51,-1.000000,HARD_SL,2026.06.19 09:48:42,1781862522136,4141.53,522.016,-1.000000,-18.8238,2862,2026.06.19 09:50:00,1781862600126,6,4145.49
P2F4_CANDIDATE_S1,1781862000120_SELL,XAUUSD,PERIOD_M5,2026.06.19 09:40:00,1781862000120,2026.06.19 09:40:00,SELL,10,OK,1.250000,6.23,622.50,4133.73,4133.86,4133.80,13.0,STEPLOCK_V1,STEP_LOCK,0.50:-0.25|1.00:0.25|2.00:1.00,NO,,,,0,0,0.000000,7.78,4141.51,4141.51,-1.000000,HARD_SL,2026.06.19 09:48:42,1781862522136,4141.53,522.016,-1.000000,-18.8238,2862,2026.06.19 09:50:00,1781862600126,6,4145.49
P2F4_CANDIDATE_S1,1781862000120_SELL,XAUUSD,PERIOD_M5,2026.06.19 09:40:00,1781862000120,2026.06.19 09:40:00,SELL,10,OK,1.250000,6.23,622.50,4133.73,4133.86,4133.80,13.0,GIVEBACK_100_075,MFE_GIVEBACK,TRIGGER=1.00|GAP=0.75|FLOOR=0.00,NO,,,,0,0,0.000000,7.78,4141.51,4141.51,-1.000000,HARD_SL,2026.06.19 09:48:42,1781862522136,4141.53,522.016,-1.000000,-18.8238,2862,2026.06.19 09:50:00,1781862600126,6,4145.49
P2F4_CANDIDATE_S1,1781874300007_SELL,XAUUSD,PERIOD_M5,2026.06.19 13:05:00,1781874300007,2026.06.19 13:05:00,SELL,10,OK,1.250000,4.02,402.00,4157.92,4157.96,4157.94,4.0,CONTROL,CONTROL,NO_RETENTION,NO,,,,0,0,0.953234,5.02,4162.94,4162.94,-1.000000,TIME_EXIT,2026.06.19 13:15:00,1781874900025,4155.56,600.018,0.469652,5.6759,3319,2026.06.19 13:15:00,1781874900025,18,4155.56
P2F4_CANDIDATE_S1,1781874300007_SELL,XAUUSD,PERIOD_M5,2026.06.19 13:05:00,1781874300007,2026.06.19 13:05:00,SELL,10,OK,1.250000,4.02,402.00,4157.92,4157.96,4157.94,4.0,LEGACY_BE_050,BREAK_EVEN,0.50:0.00,YES,2026.06.19 13:07:48,1781874468236,168.229,1,1,0.953234,5.02,4162.94,4157.92,0.000000,RETENTION_STOP,2026.06.19 13:09:36,1781874576059,4157.92,276.052,0.000000,0.0000,3319,2026.06.19 13:15:00,1781874900025,18,4155.56
P2F4_CANDIDATE_S1,1781874300007_SELL,XAUUSD,PERIOD_M5,2026.06.19 13:05:00,1781874300007,2026.06.19 13:05:00,SELL,10,OK,1.250000,4.02,402.00,4157.92,4157.96,4157.94,4.0,STEPLOCK_V1,STEP_LOCK,0.50:-0.25|1.00:0.25|2.00:1.00,YES,2026.06.19 13:07:48,1781874468236,168.229,1,1,0.953234,5.02,4162.94,4159.18,-0.250000,TIME_EXIT,2026.06.19 13:15:00,1781874900025,4155.56,600.018,0.469652,5.6759,3319,2026.06.19 13:15:00,1781874900025,18,4155.56
P2F4_CANDIDATE_S1,1781874300007_SELL,XAUUSD,PERIOD_M5,2026.06.19 13:05:00,1781874300007,2026.06.19 13:05:00,SELL,10,OK,1.250000,4.02,402.00,4157.92,4157.96,4157.94,4.0,GIVEBACK_100_075,MFE_GIVEBACK,TRIGGER=1.00|GAP=0.75|FLOOR=0.00,NO,,,,0,0,0.953234,5.02,4162.94,4162.94,-1.000000,TIME_EXIT,2026.06.19 13:15:00,1781874900025,4155.56,600.018,0.469652,5.6759,3319,2026.06.19 13:15:00,1781874900025,18,4155.56
P2F4_CANDIDATE_S1,1781883900104_SELL,XAUUSD,PERIOD_M5,2026.06.19 15:45:00,1781883900104,2026.06.19 15:45:00,SELL,10,OK,1.250000,4.55,454.86,4152.32,4152.45,4152.39,13.0,CONTROL,CONTROL,NO_RETENTION,NO,,,,0,0,0.858291,5.69,4158.01,4158.01,-1.000000,HARD_SL,2026.06.19 15:50:57,1781884257915,4158.04,357.811,-1.000000,-13.6929,6013,2026.06.19 15:55:00,1781884500122,18,4173.00
P2F4_CANDIDATE_S1,1781883900104_SELL,XAUUSD,PERIOD_M5,2026.06.19 15:45:00,1781883900104,2026.06.19 15:45:00,SELL,10,OK,1.250000,4.55,454.86,4152.32,4152.45,4152.39,13.0,LEGACY_BE_050,BREAK_EVEN,0.50:0.00,YES,2026.06.19 15:47:32,1781884052245,152.141,1,1,0.858291,5.69,4158.01,4152.32,0.000000,RETENTION_STOP,2026.06.19 15:50:22,1781884222918,4152.38,322.814,0.000000,0.0000,6013,2026.06.19 15:55:00,1781884500122,18,4173.00
P2F4_CANDIDATE_S1,1781883900104_SELL,XAUUSD,PERIOD_M5,2026.06.19 15:45:00,1781883900104,2026.06.19 15:45:00,SELL,10,OK,1.250000,4.55,454.86,4152.32,4152.45,4152.39,13.0,STEPLOCK_V1,STEP_LOCK,0.50:-0.25|1.00:0.25|2.00:1.00,YES,2026.06.19 15:47:32,1781884052245,152.141,1,1,0.858291,5.69,4158.01,4153.74,-0.250000,RETENTION_STOP,2026.06.19 15:50:27,1781884227000,4153.77,326.896,-0.250000,-3.4232,6013,2026.06.19 15:55:00,1781884500122,18,4173.00
P2F4_CANDIDATE_S1,1781883900104_SELL,XAUUSD,PERIOD_M5,2026.06.19 15:45:00,1781883900104,2026.06.19 15:45:00,SELL,10,OK,1.250000,4.55,454.86,4152.32,4152.45,4152.39,13.0,GIVEBACK_100_075,MFE_GIVEBACK,TRIGGER=1.00|GAP=0.75|FLOOR=0.00,NO,,,,0,0,0.858291,5.69,4158.01,4158.01,-1.000000,HARD_SL,2026.06.19 15:50:57,1781884257915,4158.04,357.811,-1.000000,-13.6929,6013,2026.06.19 15:55:00,1781884500122,18,4173.00
P2F4_CANDIDATE_S1,1781888400004_SELL,XAUUSD,PERIOD_M5,2026.06.19 17:00:00,1781888400004,2026.06.19 17:00:00,SELL,10,OK,1.250000,9.64,963.71,4151.46,4151.59,4151.52,13.0,CONTROL,CONTROL,NO_RETENTION,NO,,,,0,0,0.269790,12.05,4163.51,4163.51,-1.000000,TIME_EXIT,2026.06.19 17:10:00,1781889000117,4150.37,600.113,0.090483,2.6256,4085,2026.06.19 17:10:00,1781889000117,113,4150.37
P2F4_CANDIDATE_S1,1781888400004_SELL,XAUUSD,PERIOD_M5,2026.06.19 17:00:00,1781888400004,2026.06.19 17:00:00,SELL,10,OK,1.250000,9.64,963.71,4151.46,4151.59,4151.52,13.0,LEGACY_BE_050,BREAK_EVEN,0.50:0.00,NO,,,,0,0,0.269790,12.05,4163.51,4163.51,-1.000000,TIME_EXIT,2026.06.19 17:10:00,1781889000117,4150.37,600.113,0.090483,2.6256,4085,2026.06.19 17:10:00,1781889000117,113,4150.37
P2F4_CANDIDATE_S1,1781888400004_SELL,XAUUSD,PERIOD_M5,2026.06.19 17:00:00,1781888400004,2026.06.19 17:00:00,SELL,10,OK,1.250000,9.64,963.71,4151.46,4151.59,4151.52,13.0,STEPLOCK_V1,STEP_LOCK,0.50:-0.25|1.00:0.25|2.00:1.00,NO,,,,0,0,0.269790,12.05,4163.51,4163.51,-1.000000,TIME_EXIT,2026.06.19 17:10:00,1781889000117,4150.37,600.113,0.090483,2.6256,4085,2026.06.19 17:10:00,1781889000117,113,4150.37
P2F4_CANDIDATE_S1,1781888400004_SELL,XAUUSD,PERIOD_M5,2026.06.19 17:00:00,1781888400004,2026.06.19 17:00:00,SELL,10,OK,1.250000,9.64,963.71,4151.46,4151.59,4151.52,13.0,GIVEBACK_100_075,MFE_GIVEBACK,TRIGGER=1.00|GAP=0.75|FLOOR=0.00,NO,,,,0,0,0.269790,12.05,4163.51,4163.51,-1.000000,TIME_EXIT,2026.06.19 17:10:00,1781889000117,4150.37,600.113,0.090483,2.6256,4085,2026.06.19 17:10:00,1781889000117,113,4150.37
P2F4_CANDIDATE_S1,1782096000243_SELL,XAUUSD,PERIOD_M5,2026.06.22 02:40:00,1782096000243,2026.06.22 02:40:00,SELL,10,OK,1.250000,4.49,448.50,4144.84,4145.05,4144.94,21.0,CONTROL,CONTROL,NO_RETENTION,NO,,,,0,0,1.439465,5.61,4150.45,4150.45,-1.000000,TIME_EXIT,2026.06.22 02:50:00,1782096600278,4137.64,600.035,1.284281,17.3710,4058,2026.06.22 02:50:00,1782096600278,35,4137.64
P2F4_CANDIDATE_S1,1782096000243_SELL,XAUUSD,PERIOD_M5,2026.06.22 02:40:00,1782096000243,2026.06.22 02:40:00,SELL,10,OK,1.250000,4.49,448.50,4144.84,4145.05,4144.94,21.0,LEGACY_BE_050,BREAK_EVEN,0.50:0.00,YES,2026.06.22 02:47:02,1782096422386,422.143,1,1,1.439465,5.61,4150.45,4144.84,0.000000,TIME_EXIT,2026.06.22 02:50:00,1782096600278,4137.64,600.035,1.284281,17.3710,4058,2026.06.22 02:50:00,1782096600278,35,4137.64
P2F4_CANDIDATE_S1,1782096000243_SELL,XAUUSD,PERIOD_M5,2026.06.22 02:40:00,1782096000243,2026.06.22 02:40:00,SELL,10,OK,1.250000,4.49,448.50,4144.84,4145.05,4144.94,21.0,STEPLOCK_V1,STEP_LOCK,0.50:-0.25|1.00:0.25|2.00:1.00,YES,2026.06.22 02:47:02,1782096422386,422.143,2,2,1.439465,5.61,4150.45,4143.44,0.250000,TIME_EXIT,2026.06.22 02:50:00,1782096600278,4137.64,600.035,1.284281,17.3710,4058,2026.06.22 02:50:00,1782096600278,35,4137.64
P2F4_CANDIDATE_S1,1782096000243_SELL,XAUUSD,PERIOD_M5,2026.06.22 02:40:00,1782096000243,2026.06.22 02:40:00,SELL,10,OK,1.250000,4.49,448.50,4144.84,4145.05,4144.94,21.0,GIVEBACK_100_075,MFE_GIVEBACK,TRIGGER=1.00|GAP=0.75|FLOOR=0.00,YES,2026.06.22 02:47:08,1782096428525,428.282,1,36,1.439465,5.61,4150.45,4140.97,0.689465,TIME_EXIT,2026.06.22 02:50:00,1782096600278,4137.64,600.035,1.284281,17.3710,4058,2026.06.22 02:50:00,1782096600278,35,4137.64
P2F4_CANDIDATE_S1,1782160500070_SELL,XAUUSD,PERIOD_M5,2026.06.22 20:35:00,1782160500070,2026.06.22 20:35:00,SELL,10,OK,1.250000,3.82,382.14,4179.00,4179.13,4179.07,13.0,CONTROL,CONTROL,NO_RETENTION,NO,,,,0,0,0.362168,4.78,4183.78,4183.78,-1.000000,TIME_EXIT,2026.06.22 20:45:00,1782161100243,4181.72,600.173,-0.569421,-6.5087,4468,2026.06.22 20:45:00,1782161100243,173,4181.72
P2F4_CANDIDATE_S1,1782160500070_SELL,XAUUSD,PERIOD_M5,2026.06.22 20:35:00,1782160500070,2026.06.22 20:35:00,SELL,10,OK,1.250000,3.82,382.14,4179.00,4179.13,4179.07,13.0,LEGACY_BE_050,BREAK_EVEN,0.50:0.00,NO,,,,0,0,0.362168,4.78,4183.78,4183.78,-1.000000,TIME_EXIT,2026.06.22 20:45:00,1782161100243,4181.72,600.173,-0.569421,-6.5087,4468,2026.06.22 20:45:00,1782161100243,173,4181.72
P2F4_CANDIDATE_S1,1782160500070_SELL,XAUUSD,PERIOD_M5,2026.06.22 20:35:00,1782160500070,2026.06.22 20:35:00,SELL,10,OK,1.250000,3.82,382.14,4179.00,4179.13,4179.07,13.0,STEPLOCK_V1,STEP_LOCK,0.50:-0.25|1.00:0.25|2.00:1.00,NO,,,,0,0,0.362168,4.78,4183.78,4183.78,-1.000000,TIME_EXIT,2026.06.22 20:45:00,1782161100243,4181.72,600.173,-0.569421,-6.5087,4468,2026.06.22 20:45:00,1782161100243,173,4181.72
P2F4_CANDIDATE_S1,1782160500070_SELL,XAUUSD,PERIOD_M5,2026.06.22 20:35:00,1782160500070,2026.06.22 20:35:00,SELL,10,OK,1.250000,3.82,382.14,4179.00,4179.13,4179.07,13.0,GIVEBACK_100_075,MFE_GIVEBACK,TRIGGER=1.00|GAP=0.75|FLOOR=0.00,NO,,,,0,0,0.362168,4.78,4183.78,4183.78,-1.000000,TIME_EXIT,2026.06.22 20:45:00,1782161100243,4181.72,600.173,-0.569421,-6.5087,4468,2026.06.22 20:45:00,1782161100243,173,4181.72
P2F4_CANDIDATE_S1,1782168600030_SELL,XAUUSD,PERIOD_M5,2026.06.22 22:50:00,1782168600030,2026.06.22 22:50:00,SELL,10,NO_TICK_NEAR_TARGET,1.250000,2.47,246.79,4185.45,4185.58,4185.51,13.0,CONTROL,CONTROL,NO_RETENTION,,,,,,,,,,,,,,,,,,,,
P2F4_CANDIDATE_S1,1782168600030_SELL,XAUUSD,PERIOD_M5,2026.06.22 22:50:00,1782168600030,2026.06.22 22:50:00,SELL,10,NO_TICK_NEAR_TARGET,1.250000,2.47,246.79,4185.45,4185.58,4185.51,13.0,LEGACY_BE_050,BREAK_EVEN,0.50:0.00,,,,,,,,,,,,,,,,,,,,
P2F4_CANDIDATE_S1,1782168600030_SELL,XAUUSD,PERIOD_M5,2026.06.22 22:50:00,1782168600030,2026.06.22 22:50:00,SELL,10,NO_TICK_NEAR_TARGET,1.250000,2.47,246.79,4185.45,4185.58,4185.51,13.0,STEPLOCK_V1,STEP_LOCK,0.50:-0.25|1.00:0.25|2.00:1.00,,,,,,,,,,,,,,,,,,,,
P2F4_CANDIDATE_S1,1782168600030_SELL,XAUUSD,PERIOD_M5,2026.06.22 22:50:00,1782168600030,2026.06.22 22:50:00,SELL,10,NO_TICK_NEAR_TARGET,1.250000,2.47,246.79,4185.45,4185.58,4185.51,13.0,GIVEBACK_100_075,MFE_GIVEBACK,TRIGGER=1.00|GAP=0.75|FLOOR=0.00,,,,,,,,,,,,,,,,,,,,
P2F4_CANDIDATE_S1,1782183600046_SELL,XAUUSD,PERIOD_M5,2026.06.23 03:00:00,1782183600046,2026.06.23 03:00:00,SELL,10,OK,1.250000,2.25,225.14,4187.57,4187.74,4187.65,17.0,CONTROL,CONTROL,NO_RETENTION,NO,,,,0,0,0.198985,2.81,4190.38,4190.38,-1.000000,HARD_SL,2026.06.23 03:00:36,1782183636476,4190.70,36.430,-1.000000,-6.7206,3585,2026.06.23 03:10:00,1782184200080,34,4184.55
P2F4_CANDIDATE_S1,1782183600046_SELL,XAUUSD,PERIOD_M5,2026.06.23 03:00:00,1782183600046,2026.06.23 03:00:00,SELL,10,OK,1.250000,2.25,225.14,4187.57,4187.74,4187.65,17.0,LEGACY_BE_050,BREAK_EVEN,0.50:0.00,NO,,,,0,0,0.198985,2.81,4190.38,4190.38,-1.000000,HARD_SL,2026.06.23 03:00:36,1782183636476,4190.70,36.430,-1.000000,-6.7206,3585,2026.06.23 03:10:00,1782184200080,34,4184.55
P2F4_CANDIDATE_S1,1782183600046_SELL,XAUUSD,PERIOD_M5,2026.06.23 03:00:00,1782183600046,2026.06.23 03:00:00,SELL,10,OK,1.250000,2.25,225.14,4187.57,4187.74,4187.65,17.0,STEPLOCK_V1,STEP_LOCK,0.50:-0.25|1.00:0.25|2.00:1.00,NO,,,,0,0,0.198985,2.81,4190.38,4190.38,-1.000000,HARD_SL,2026.06.23 03:00:36,1782183636476,4190.70,36.430,-1.000000,-6.7206,3585,2026.06.23 03:10:00,1782184200080,34,4184.55
P2F4_CANDIDATE_S1,1782183600046_SELL,XAUUSD,PERIOD_M5,2026.06.23 03:00:00,1782183600046,2026.06.23 03:00:00,SELL,10,OK,1.250000,2.25,225.14,4187.57,4187.74,4187.65,17.0,GIVEBACK_100_075,MFE_GIVEBACK,TRIGGER=1.00|GAP=0.75|FLOOR=0.00,NO,,,,0,0,0.198985,2.81,4190.38,4190.38,-1.000000,HARD_SL,2026.06.23 03:00:36,1782183636476,4190.70,36.430,-1.000000,-6.7206,3585,2026.06.23 03:10:00,1782184200080,34,4184.55
P2F4_CANDIDATE_S1,1782188400034_SELL,XAUUSD,PERIOD_M5,2026.06.23 04:20:00,1782188400034,2026.06.23 04:20:00,SELL,10,OK,1.250000,6.11,610.93,4173.57,4173.74,4173.65,17.0,CONTROL,CONTROL,NO_RETENTION,NO,,,,0,0,0.327371,7.64,4181.21,4181.21,-1.000000,TIME_EXIT,2026.06.23 04:30:00,1782189000042,4178.48,600.008,-0.642956,-11.7645,4369,2026.06.23 04:30:00,1782189000042,8,4178.48
P2F4_CANDIDATE_S1,1782188400034_SELL,XAUUSD,PERIOD_M5,2026.06.23 04:20:00,1782188400034,2026.06.23 04:20:00,SELL,10,OK,1.250000,6.11,610.93,4173.57,4173.74,4173.65,17.0,LEGACY_BE_050,BREAK_EVEN,0.50:0.00,NO,,,,0,0,0.327371,7.64,4181.21,4181.21,-1.000000,TIME_EXIT,2026.06.23 04:30:00,1782189000042,4178.48,600.008,-0.642956,-11.7645,4369,2026.06.23 04:30:00,1782189000042,8,4178.48
P2F4_CANDIDATE_S1,1782188400034_SELL,XAUUSD,PERIOD_M5,2026.06.23 04:20:00,1782188400034,2026.06.23 04:20:00,SELL,10,OK,1.250000,6.11,610.93,4173.57,4173.74,4173.65,17.0,STEPLOCK_V1,STEP_LOCK,0.50:-0.25|1.00:0.25|2.00:1.00,NO,,,,0,0,0.327371,7.64,4181.21,4181.21,-1.000000,TIME_EXIT,2026.06.23 04:30:00,1782189000042,4178.48,600.008,-0.642956,-11.7645,4369,2026.06.23 04:30:00,1782189000042,8,4178.48
P2F4_CANDIDATE_S1,1782188400034_SELL,XAUUSD,PERIOD_M5,2026.06.23 04:20:00,1782188400034,2026.06.23 04:20:00,SELL,10,OK,1.250000,6.11,610.93,4173.57,4173.74,4173.65,17.0,GIVEBACK_100_075,MFE_GIVEBACK,TRIGGER=1.00|GAP=0.75|FLOOR=0.00,NO,,,,0,0,0.327371,7.64,4181.21,4181.21,-1.000000,TIME_EXIT,2026.06.23 04:30:00,1782189000042,4178.48,600.008,-0.642956,-11.7645,4369,2026.06.23 04:30:00,1782189000042,8,4178.48
P2F4_CANDIDATE_S1,1782227100051_SELL,XAUUSD,PERIOD_M5,2026.06.23 15:05:00,1782227100051,2026.06.23 15:05:00,SELL,10,OK,1.250000,5.40,539.57,4122.41,4122.54,4122.48,13.0,CONTROL,CONTROL,NO_RETENTION,NO,,,,0,0,1.387768,6.74,4129.15,4129.15,-1.000000,TIME_EXIT,2026.06.23 15:15:00,1782227700072,4114.21,600.021,1.215780,19.8913,4008,2026.06.23 15:15:00,1782227700072,21,4114.21
P2F4_CANDIDATE_S1,1782227100051_SELL,XAUUSD,PERIOD_M5,2026.06.23 15:05:00,1782227100051,2026.06.23 15:05:00,SELL,10,OK,1.250000,5.40,539.57,4122.41,4122.54,4122.48,13.0,LEGACY_BE_050,BREAK_EVEN,0.50:0.00,YES,2026.06.23 15:11:08,1782227468374,368.323,1,1,1.387768,6.74,4129.15,4122.41,0.000000,TIME_EXIT,2026.06.23 15:15:00,1782227700072,4114.21,600.021,1.215780,19.8913,4008,2026.06.23 15:15:00,1782227700072,21,4114.21
P2F4_CANDIDATE_S1,1782227100051_SELL,XAUUSD,PERIOD_M5,2026.06.23 15:05:00,1782227100051,2026.06.23 15:05:00,SELL,10,OK,1.250000,5.40,539.57,4122.41,4122.54,4122.48,13.0,STEPLOCK_V1,STEP_LOCK,0.50:-0.25|1.00:0.25|2.00:1.00,YES,2026.06.23 15:11:08,1782227468374,368.323,2,2,1.387768,6.74,4129.15,4120.72,0.250000,TIME_EXIT,2026.06.23 15:15:00,1782227700072,4114.21,600.021,1.215780,19.8913,4008,2026.06.23 15:15:00,1782227700072,21,4114.21
P2F4_CANDIDATE_S1,1782227100051_SELL,XAUUSD,PERIOD_M5,2026.06.23 15:05:00,1782227100051,2026.06.23 15:05:00,SELL,10,OK,1.250000,5.40,539.57,4122.41,4122.54,4122.48,13.0,GIVEBACK_100_075,MFE_GIVEBACK,TRIGGER=1.00|GAP=0.75|FLOOR=0.00,YES,2026.06.23 15:13:20,1782227600402,500.351,1,39,1.387768,6.74,4129.15,4118.11,0.637768,TIME_EXIT,2026.06.23 15:15:00,1782227700072,4114.21,600.021,1.215780,19.8913,4008,2026.06.23 15:15:00,1782227700072,21,4114.21
P2F4_CANDIDATE_S1,1782239100006_SELL,XAUUSD,PERIOD_M5,2026.06.23 18:25:00,1782239100006,2026.06.23 18:25:00,SELL,10,OK,1.250000,6.68,668.36,4125.01,4125.14,4125.08,13.0,CONTROL,CONTROL,NO_RETENTION,NO,,,,0,0,0.080197,8.35,4133.36,4133.36,-1.000000,HARD_SL,2026.06.23 18:32:58,1782239578779,4133.38,478.773,-1.000000,-20.2532,5635,2026.06.23 18:35:00,1782239700037,31,4133.17
P2F4_CANDIDATE_S1,1782239100006_SELL,XAUUSD,PERIOD_M5,2026.06.23 18:25:00,1782239100006,2026.06.23 18:25:00,SELL,10,OK,1.250000,6.68,668.36,4125.01,4125.14,4125.08,13.0,LEGACY_BE_050,BREAK_EVEN,0.50:0.00,NO,,,,0,0,0.080197,8.35,4133.36,4133.36,-1.000000,HARD_SL,2026.06.23 18:32:58,1782239578779,4133.38,478.773,-1.000000,-20.2532,5635,2026.06.23 18:35:00,1782239700037,31,4133.17
P2F4_CANDIDATE_S1,1782239100006_SELL,XAUUSD,PERIOD_M5,2026.06.23 18:25:00,1782239100006,2026.06.23 18:25:00,SELL,10,OK,1.250000,6.68,668.36,4125.01,4125.14,4125.08,13.0,STEPLOCK_V1,STEP_LOCK,0.50:-0.25|1.00:0.25|2.00:1.00,NO,,,,0,0,0.080197,8.35,4133.36,4133.36,-1.000000,HARD_SL,2026.06.23 18:32:58,1782239578779,4133.38,478.773,-1.000000,-20.2532,5635,2026.06.23 18:35:00,1782239700037,31,4133.17
P2F4_CANDIDATE_S1,1782239100006_SELL,XAUUSD,PERIOD_M5,2026.06.23 18:25:00,1782239100006,2026.06.23 18:25:00,SELL,10,OK,1.250000,6.68,668.36,4125.01,4125.14,4125.08,13.0,GIVEBACK_100_075,MFE_GIVEBACK,TRIGGER=1.00|GAP=0.75|FLOOR=0.00,NO,,,,0,0,0.080197,8.35,4133.36,4133.36,-1.000000,HARD_SL,2026.06.23 18:32:58,1782239578779,4133.38,478.773,-1.000000,-20.2532,5635,2026.06.23 18:35:00,1782239700037,31,4133.17
P2F4_CANDIDATE_S1,1782246600008_SELL,XAUUSD,PERIOD_M5,2026.06.23 20:30:00,1782246600008,2026.06.23 20:30:00,SELL,10,OK,1.250000,4.37,437.14,4131.08,4131.21,4131.15,13.0,CONTROL,CONTROL,NO_RETENTION,NO,,,,0,0,0.574641,5.46,4136.54,4136.54,-1.000000,TIME_EXIT,2026.06.23 20:40:00,1782247200137,4130.08,600.129,0.183007,2.4207,3633,2026.06.23 20:40:00,1782247200137,129,4130.08
P2F4_CANDIDATE_S1,1782246600008_SELL,XAUUSD,PERIOD_M5,2026.06.23 20:30:00,1782246600008,2026.06.23 20:30:00,SELL,10,OK,1.250000,4.37,437.14,4131.08,4131.21,4131.15,13.0,LEGACY_BE_050,BREAK_EVEN,0.50:0.00,YES,2026.06.23 20:32:11,1782246731448,131.440,1,1,0.574641,5.46,4136.54,4131.08,0.000000,RETENTION_STOP,2026.06.23 20:39:31,1782247171051,4131.10,571.043,0.000000,0.0000,3633,2026.06.23 20:40:00,1782247200137,129,4130.08
P2F4_CANDIDATE_S1,1782246600008_SELL,XAUUSD,PERIOD_M5,2026.06.23 20:30:00,1782246600008,2026.06.23 20:30:00,SELL,10,OK,1.250000,4.37,437.14,4131.08,4131.21,4131.15,13.0,STEPLOCK_V1,STEP_LOCK,0.50:-0.25|1.00:0.25|2.00:1.00,YES,2026.06.23 20:32:11,1782246731448,131.440,1,1,0.574641,5.46,4136.54,4132.45,-0.250000,TIME_EXIT,2026.06.23 20:40:00,1782247200137,4130.08,600.129,0.183007,2.4207,3633,2026.06.23 20:40:00,1782247200137,129,4130.08
P2F4_CANDIDATE_S1,1782246600008_SELL,XAUUSD,PERIOD_M5,2026.06.23 20:30:00,1782246600008,2026.06.23 20:30:00,SELL,10,OK,1.250000,4.37,437.14,4131.08,4131.21,4131.15,13.0,GIVEBACK_100_075,MFE_GIVEBACK,TRIGGER=1.00|GAP=0.75|FLOOR=0.00,NO,,,,0,0,0.574641,5.46,4136.54,4136.54,-1.000000,TIME_EXIT,2026.06.23 20:40:00,1782247200137,4130.08,600.129,0.183007,2.4207,3633,2026.06.23 20:40:00,1782247200137,129,4130.08
P2F4_CANDIDATE_S1,1782298500088_SELL,XAUUSD,PERIOD_M5,2026.06.24 10:55:00,1782298500088,2026.06.24 10:55:00,SELL,10,OK,1.250000,5.14,513.79,4078.83,4078.95,4078.89,12.0,CONTROL,CONTROL,NO_RETENTION,NO,,,,0,0,0.776978,6.42,4085.25,4085.25,-1.000000,TIME_EXIT,2026.06.24 11:05:00,1782299100125,4077.77,600.037,0.165049,2.5988,4868,2026.06.24 11:05:00,1782299100125,37,4077.77
P2F4_CANDIDATE_S1,1782298500088_SELL,XAUUSD,PERIOD_M5,2026.06.24 10:55:00,1782298500088,2026.06.24 10:55:00,SELL,10,OK,1.250000,5.14,513.79,4078.83,4078.95,4078.89,12.0,LEGACY_BE_050,BREAK_EVEN,0.50:0.00,YES,2026.06.24 10:56:43,1782298603196,103.108,1,1,0.776978,6.42,4085.25,4078.83,0.000000,TIME_EXIT,2026.06.24 11:05:00,1782299100125,4077.77,600.037,0.165049,2.5988,4868,2026.06.24 11:05:00,1782299100125,37,4077.77
P2F4_CANDIDATE_S1,1782298500088_SELL,XAUUSD,PERIOD_M5,2026.06.24 10:55:00,1782298500088,2026.06.24 10:55:00,SELL,10,OK,1.250000,5.14,513.79,4078.83,4078.95,4078.89,12.0,STEPLOCK_V1,STEP_LOCK,0.50:-0.25|1.00:0.25|2.00:1.00,YES,2026.06.24 10:56:43,1782298603196,103.108,1,1,0.776978,6.42,4085.25,4080.44,-0.250000,TIME_EXIT,2026.06.24 11:05:00,1782299100125,4077.77,600.037,0.165049,2.5988,4868,2026.06.24 11:05:00,1782299100125,37,4077.77
P2F4_CANDIDATE_S1,1782298500088_SELL,XAUUSD,PERIOD_M5,2026.06.24 10:55:00,1782298500088,2026.06.24 10:55:00,SELL,10,OK,1.250000,5.14,513.79,4078.83,4078.95,4078.89,12.0,GIVEBACK_100_075,MFE_GIVEBACK,TRIGGER=1.00|GAP=0.75|FLOOR=0.00,NO,,,,0,0,0.776978,6.42,4085.25,4085.25,-1.000000,TIME_EXIT,2026.06.24 11:05:00,1782299100125,4077.77,600.037,0.165049,2.5988,4868,2026.06.24 11:05:00,1782299100125,37,4077.77
P2F4_CANDIDATE_S1,1782324000054_SELL,XAUUSD,PERIOD_M5,2026.06.24 18:00:00,1782324000054,2026.06.24 18:00:00,SELL,10,OK,1.250000,10.95,1095.21,4008.03,4008.12,4008.07,9.0,CONTROL,CONTROL,NO_RETENTION,NO,,,,0,0,0.772086,13.69,4021.72,4021.72,-1.000000,TIME_EXIT,2026.06.24 18:10:00,1782324600099,3999.99,600.045,0.587282,20.0597,8130,2026.06.24 18:10:00,1782324600099,45,3999.99
P2F4_CANDIDATE_S1,1782324000054_SELL,XAUUSD,PERIOD_M5,2026.06.24 18:00:00,1782324000054,2026.06.24 18:00:00,SELL,10,OK,1.250000,10.95,1095.21,4008.03,4008.12,4008.07,9.0,LEGACY_BE_050,BREAK_EVEN,0.50:0.00,YES,2026.06.24 18:04:30,1782324270485,270.431,1,1,0.772086,13.69,4021.72,4008.03,0.000000,TIME_EXIT,2026.06.24 18:10:00,1782324600099,3999.99,600.045,0.587282,20.0597,8130,2026.06.24 18:10:00,1782324600099,45,3999.99
P2F4_CANDIDATE_S1,1782324000054_SELL,XAUUSD,PERIOD_M5,2026.06.24 18:00:00,1782324000054,2026.06.24 18:00:00,SELL,10,OK,1.250000,10.95,1095.21,4008.03,4008.12,4008.07,9.0,STEPLOCK_V1,STEP_LOCK,0.50:-0.25|1.00:0.25|2.00:1.00,YES,2026.06.24 18:04:30,1782324270485,270.431,1,1,0.772086,13.69,4021.72,4011.45,-0.250000,TIME_EXIT,2026.06.24 18:10:00,1782324600099,3999.99,600.045,0.587282,20.0597,8130,2026.06.24 18:10:00,1782324600099,45,3999.99
P2F4_CANDIDATE_S1,1782324000054_SELL,XAUUSD,PERIOD_M5,2026.06.24 18:00:00,1782324000054,2026.06.24 18:00:00,SELL,10,OK,1.250000,10.95,1095.21,4008.03,4008.12,4008.07,9.0,GIVEBACK_100_075,MFE_GIVEBACK,TRIGGER=1.00|GAP=0.75|FLOOR=0.00,NO,,,,0,0,0.772086,13.69,4021.72,4021.72,-1.000000,TIME_EXIT,2026.06.24 18:10:00,1782324600099,3999.99,600.045,0.587282,20.0597,8130,2026.06.24 18:10:00,1782324600099,45,3999.99
P2F4_CANDIDATE_S1,1782331200093_SELL,XAUUSD,PERIOD_M5,2026.06.24 20:00:00,1782331200093,2026.06.24 20:00:00,SELL,10,OK,1.250000,7.06,706.14,4006.69,4006.82,4006.76,13.0,CONTROL,CONTROL,NO_RETENTION,NO,,,,0,0,0.231115,8.83,4015.52,4015.52,-1.000000,TIME_EXIT,2026.06.24 20:10:00,1782331800141,4007.20,600.048,-0.057779,-1.2729,5368,2026.06.24 20:10:00,1782331800141,48,4007.20
P2F4_CANDIDATE_S1,1782331200093_SELL,XAUUSD,PERIOD_M5,2026.06.24 20:00:00,1782331200093,2026.06.24 20:00:00,SELL,10,OK,1.250000,7.06,706.14,4006.69,4006.82,4006.76,13.0,LEGACY_BE_050,BREAK_EVEN,0.50:0.00,NO,,,,0,0,0.231115,8.83,4015.52,4015.52,-1.000000,TIME_EXIT,2026.06.24 20:10:00,1782331800141,4007.20,600.048,-0.057779,-1.2729,5368,2026.06.24 20:10:00,1782331800141,48,4007.20
P2F4_CANDIDATE_S1,1782331200093_SELL,XAUUSD,PERIOD_M5,2026.06.24 20:00:00,1782331200093,2026.06.24 20:00:00,SELL,10,OK,1.250000,7.06,706.14,4006.69,4006.82,4006.76,13.0,STEPLOCK_V1,STEP_LOCK,0.50:-0.25|1.00:0.25|2.00:1.00,NO,,,,0,0,0.231115,8.83,4015.52,4015.52,-1.000000,TIME_EXIT,2026.06.24 20:10:00,1782331800141,4007.20,600.048,-0.057779,-1.2729,5368,2026.06.24 20:10:00,1782331800141,48,4007.20
P2F4_CANDIDATE_S1,1782331200093_SELL,XAUUSD,PERIOD_M5,2026.06.24 20:00:00,1782331200093,2026.06.24 20:00:00,SELL,10,OK,1.250000,7.06,706.14,4006.69,4006.82,4006.76,13.0,GIVEBACK_100_075,MFE_GIVEBACK,TRIGGER=1.00|GAP=0.75|FLOOR=0.00,NO,,,,0,0,0.231115,8.83,4015.52,4015.52,-1.000000,TIME_EXIT,2026.06.24 20:10:00,1782331800141,4007.20,600.048,-0.057779,-1.2729,5368,2026.06.24 20:10:00,1782331800141,48,4007.20
P2F4_CANDIDATE_S1,1782358500007_SELL,XAUUSD,PERIOD_M5,2026.06.25 03:35:00,1782358500007,2026.06.25 03:35:00,SELL,10,OK,1.250000,6.79,679.14,3987.76,3987.90,3987.83,14.0,CONTROL,CONTROL,NO_RETENTION,NO,,,,0,0,0.724443,8.49,3996.25,3996.25,-1.000000,TIME_EXIT,2026.06.25 03:45:00,1782359100079,3985.65,600.072,0.248549,5.2912,4780,2026.06.25 03:45:00,1782359100079,72,3985.65
P2F4_CANDIDATE_S1,1782358500007_SELL,XAUUSD,PERIOD_M5,2026.06.25 03:35:00,1782358500007,2026.06.25 03:35:00,SELL,10,OK,1.250000,6.79,679.14,3987.76,3987.90,3987.83,14.0,LEGACY_BE_050,BREAK_EVEN,0.50:0.00,YES,2026.06.25 03:39:13,1782358753609,253.602,1,1,0.724443,8.49,3996.25,3987.76,0.000000,RETENTION_STOP,2026.06.25 03:43:42,1782359022538,3987.76,522.531,0.000000,0.0000,4780,2026.06.25 03:45:00,1782359100079,72,3985.65
P2F4_CANDIDATE_S1,1782358500007_SELL,XAUUSD,PERIOD_M5,2026.06.25 03:35:00,1782358500007,2026.06.25 03:35:00,SELL,10,OK,1.250000,6.79,679.14,3987.76,3987.90,3987.83,14.0,STEPLOCK_V1,STEP_LOCK,0.50:-0.25|1.00:0.25|2.00:1.00,YES,2026.06.25 03:39:13,1782358753609,253.602,1,1,0.724443,8.49,3996.25,3989.88,-0.250000,TIME_EXIT,2026.06.25 03:45:00,1782359100079,3985.65,600.072,0.248549,5.2912,4780,2026.06.25 03:45:00,1782359100079,72,3985.65
P2F4_CANDIDATE_S1,1782358500007_SELL,XAUUSD,PERIOD_M5,2026.06.25 03:35:00,1782358500007,2026.06.25 03:35:00,SELL,10,OK,1.250000,6.79,679.14,3987.76,3987.90,3987.83,14.0,GIVEBACK_100_075,MFE_GIVEBACK,TRIGGER=1.00|GAP=0.75|FLOOR=0.00,NO,,,,0,0,0.724443,8.49,3996.25,3996.25,-1.000000,TIME_EXIT,2026.06.25 03:45:00,1782359100079,3985.65,600.072,0.248549,5.2912,4780,2026.06.25 03:45:00,1782359100079,72,3985.65
P2F4_CANDIDATE_S1,1782377100063_SELL,XAUUSD,PERIOD_M5,2026.06.25 08:45:00,1782377100063,2026.06.25 08:45:00,SELL,10,OK,1.250000,6.24,623.50,3983.26,3983.39,3983.32,13.0,CONTROL,CONTROL,NO_RETENTION,NO,,,,0,0,0.343865,7.79,3991.05,3991.05,-1.000000,TIME_EXIT,2026.06.25 08:55:00,1782377700114,3988.57,600.051,-0.681315,-13.3308,4214,2026.06.25 08:55:00,1782377700114,51,3988.57
P2F4_CANDIDATE_S1,1782377100063_SELL,XAUUSD,PERIOD_M5,2026.06.25 08:45:00,1782377100063,2026.06.25 08:45:00,SELL,10,OK,1.250000,6.24,623.50,3983.26,3983.39,3983.32,13.0,LEGACY_BE_050,BREAK_EVEN,0.50:0.00,NO,,,,0,0,0.343865,7.79,3991.05,3991.05,-1.000000,TIME_EXIT,2026.06.25 08:55:00,1782377700114,3988.57,600.051,-0.681315,-13.3308,4214,2026.06.25 08:55:00,1782377700114,51,3988.57
P2F4_CANDIDATE_S1,1782377100063_SELL,XAUUSD,PERIOD_M5,2026.06.25 08:45:00,1782377100063,2026.06.25 08:45:00,SELL,10,OK,1.250000,6.24,623.50,3983.26,3983.39,3983.32,13.0,STEPLOCK_V1,STEP_LOCK,0.50:-0.25|1.00:0.25|2.00:1.00,NO,,,,0,0,0.343865,7.79,3991.05,3991.05,-1.000000,TIME_EXIT,2026.06.25 08:55:00,1782377700114,3988.57,600.051,-0.681315,-13.3308,4214,2026.06.25 08:55:00,1782377700114,51,3988.57
P2F4_CANDIDATE_S1,1782377100063_SELL,XAUUSD,PERIOD_M5,2026.06.25 08:45:00,1782377100063,2026.06.25 08:45:00,SELL,10,OK,1.250000,6.24,623.50,3983.26,3983.39,3983.32,13.0,GIVEBACK_100_075,MFE_GIVEBACK,TRIGGER=1.00|GAP=0.75|FLOOR=0.00,NO,,,,0,0,0.343865,7.79,3991.05,3991.05,-1.000000,TIME_EXIT,2026.06.25 08:55:00,1782377700114,3988.57,600.051,-0.681315,-13.3308,4214,2026.06.25 08:55:00,1782377700114,51,3988.57
P2F4_CANDIDATE_S1,1782392400008_SELL,XAUUSD,PERIOD_M5,2026.06.25 13:00:00,1782392400008,2026.06.25 13:00:00,SELL,10,OK,1.250000,4.41,440.79,3988.27,3988.40,3988.34,13.0,CONTROL,CONTROL,NO_RETENTION,NO,,,,0,0,0.486404,5.51,3993.78,3993.78,-1.000000,TIME_EXIT,2026.06.25 13:10:00,1782393000051,3986.68,600.043,0.288576,3.9867,3466,2026.06.25 13:10:00,1782393000051,43,3986.68
P2F4_CANDIDATE_S1,1782392400008_SELL,XAUUSD,PERIOD_M5,2026.06.25 13:00:00,1782392400008,2026.06.25 13:00:00,SELL,10,OK,1.250000,4.41,440.79,3988.27,3988.40,3988.34,13.0,LEGACY_BE_050,BREAK_EVEN,0.50:0.00,NO,,,,0,0,0.486404,5.51,3993.78,3993.78,-1.000000,TIME_EXIT,2026.06.25 13:10:00,1782393000051,3986.68,600.043,0.288576,3.9867,3466,2026.06.25 13:10:00,1782393000051,43,3986.68
P2F4_CANDIDATE_S1,1782392400008_SELL,XAUUSD,PERIOD_M5,2026.06.25 13:00:00,1782392400008,2026.06.25 13:00:00,SELL,10,OK,1.250000,4.41,440.79,3988.27,3988.40,3988.34,13.0,STEPLOCK_V1,STEP_LOCK,0.50:-0.25|1.00:0.25|2.00:1.00,NO,,,,0,0,0.486404,5.51,3993.78,3993.78,-1.000000,TIME_EXIT,2026.06.25 13:10:00,1782393000051,3986.68,600.043,0.288576,3.9867,3466,2026.06.25 13:10:00,1782393000051,43,3986.68
P2F4_CANDIDATE_S1,1782392400008_SELL,XAUUSD,PERIOD_M5,2026.06.25 13:00:00,1782392400008,2026.06.25 13:00:00,SELL,10,OK,1.250000,4.41,440.79,3988.27,3988.40,3988.34,13.0,GIVEBACK_100_075,MFE_GIVEBACK,TRIGGER=1.00|GAP=0.75|FLOOR=0.00,NO,,,,0,0,0.486404,5.51,3993.78,3993.78,-1.000000,TIME_EXIT,2026.06.25 13:10:00,1782393000051,3986.68,600.043,0.288576,3.9867,3466,2026.06.25 13:10:00,1782393000051,43,3986.68
P2F4_CANDIDATE_S1,1782733500000_SELL,XAUUSD,PERIOD_M5,2026.06.29 11:45:00,1782733500000,2026.06.29 11:45:00,SELL,10,OK,1.250000,4.15,414.57,4055.64,4055.85,4055.74,21.0,CONTROL,CONTROL,NO_RETENTION,NO,,,,0,0,0.754514,5.18,4060.82,4060.82,-1.000000,TIME_EXIT,2026.06.29 11:55:00,1782734100000,4051.81,600.000,0.739076,9.4436,10543,2026.06.29 11:55:00,1782734100000,0,4051.81
P2F4_CANDIDATE_S1,1782733500000_SELL,XAUUSD,PERIOD_M5,2026.06.29 11:45:00,1782733500000,2026.06.29 11:45:00,SELL,10,OK,1.250000,4.15,414.57,4055.64,4055.85,4055.74,21.0,LEGACY_BE_050,BREAK_EVEN,0.50:0.00,YES,2026.06.29 11:52:58,1782733978449,478.449,1,1,0.754514,5.18,4060.82,4055.64,0.000000,TIME_EXIT,2026.06.29 11:55:00,1782734100000,4051.81,600.000,0.739076,9.4436,10543,2026.06.29 11:55:00,1782734100000,0,4051.81
P2F4_CANDIDATE_S1,1782733500000_SELL,XAUUSD,PERIOD_M5,2026.06.29 11:45:00,1782733500000,2026.06.29 11:45:00,SELL,10,OK,1.250000,4.15,414.57,4055.64,4055.85,4055.74,21.0,STEPLOCK_V1,STEP_LOCK,0.50:-0.25|1.00:0.25|2.00:1.00,YES,2026.06.29 11:52:58,1782733978449,478.449,1,1,0.754514,5.18,4060.82,4056.94,-0.250000,TIME_EXIT,2026.06.29 11:55:00,1782734100000,4051.81,600.000,0.739076,9.4436,10543,2026.06.29 11:55:00,1782734100000,0,4051.81
P2F4_CANDIDATE_S1,1782733500000_SELL,XAUUSD,PERIOD_M5,2026.06.29 11:45:00,1782733500000,2026.06.29 11:45:00,SELL,10,OK,1.250000,4.15,414.57,4055.64,4055.85,4055.74,21.0,GIVEBACK_100_075,MFE_GIVEBACK,TRIGGER=1.00|GAP=0.75|FLOOR=0.00,NO,,,,0,0,0.754514,5.18,4060.82,4060.82,-1.000000,TIME_EXIT,2026.06.29 11:55:00,1782734100000,4051.81,600.000,0.739076,9.4436,10543,2026.06.29 11:55:00,1782734100000,0,4051.81
P2F4_CANDIDATE_S1,1782751200000_SELL,XAUUSD,PERIOD_M5,2026.06.29 16:40:00,1782751200000,2026.06.29 16:40:00,SELL,10,OK,1.250000,5.68,567.71,4036.12,4036.25,4036.18,13.0,CONTROL,CONTROL,NO_RETENTION,NO,,,,0,0,0.380473,7.10,4043.22,4043.22,-1.000000,TIME_EXIT,2026.06.29 16:50:00,1782751800034,4035.33,600.034,0.111324,1.9573,6505,2026.06.29 16:50:00,1782751800034,34,4035.33
P2F4_CANDIDATE_S1,1782751200000_SELL,XAUUSD,PERIOD_M5,2026.06.29 16:40:00,1782751200000,2026.06.29 16:40:00,SELL,10,OK,1.250000,5.68,567.71,4036.12,4036.25,4036.18,13.0,LEGACY_BE_050,BREAK_EVEN,0.50:0.00,NO,,,,0,0,0.380473,7.10,4043.22,4043.22,-1.000000,TIME_EXIT,2026.06.29 16:50:00,1782751800034,4035.33,600.034,0.111324,1.9573,6505,2026.06.29 16:50:00,1782751800034,34,4035.33
P2F4_CANDIDATE_S1,1782751200000_SELL,XAUUSD,PERIOD_M5,2026.06.29 16:40:00,1782751200000,2026.06.29 16:40:00,SELL,10,OK,1.250000,5.68,567.71,4036.12,4036.25,4036.18,13.0,STEPLOCK_V1,STEP_LOCK,0.50:-0.25|1.00:0.25|2.00:1.00,NO,,,,0,0,0.380473,7.10,4043.22,4043.22,-1.000000,TIME_EXIT,2026.06.29 16:50:00,1782751800034,4035.33,600.034,0.111324,1.9573,6505,2026.06.29 16:50:00,1782751800034,34,4035.33
P2F4_CANDIDATE_S1,1782751200000_SELL,XAUUSD,PERIOD_M5,2026.06.29 16:40:00,1782751200000,2026.06.29 16:40:00,SELL,10,OK,1.250000,5.68,567.71,4036.12,4036.25,4036.18,13.0,GIVEBACK_100_075,MFE_GIVEBACK,TRIGGER=1.00|GAP=0.75|FLOOR=0.00,NO,,,,0,0,0.380473,7.10,4043.22,4043.22,-1.000000,TIME_EXIT,2026.06.29 16:50:00,1782751800034,4035.33,600.034,0.111324,1.9573,6505,2026.06.29 16:50:00,1782751800034,34,4035.33
P2F4_CANDIDATE_S1,1782760500077_SELL,XAUUSD,PERIOD_M5,2026.06.29 19:15:00,1782760500077,2026.06.29 19:15:00,SELL,10,OK,1.250000,4.69,468.93,4023.72,4023.85,4023.78,13.0,CONTROL,CONTROL,NO_RETENTION,NO,,,,0,0,0.279787,5.86,4029.58,4029.58,-1.000000,TIME_EXIT,2026.06.29 19:25:00,1782761100299,4025.87,600.222,-0.366794,-5.3433,3462,2026.06.29 19:25:00,1782761100299,222,4025.87
P2F4_CANDIDATE_S1,1782760500077_SELL,XAUUSD,PERIOD_M5,2026.06.29 19:15:00,1782760500077,2026.06.29 19:15:00,SELL,10,OK,1.250000,4.69,468.93,4023.72,4023.85,4023.78,13.0,LEGACY_BE_050,BREAK_EVEN,0.50:0.00,NO,,,,0,0,0.279787,5.86,4029.58,4029.58,-1.000000,TIME_EXIT,2026.06.29 19:25:00,1782761100299,4025.87,600.222,-0.366794,-5.3433,3462,2026.06.29 19:25:00,1782761100299,222,4025.87
P2F4_CANDIDATE_S1,1782760500077_SELL,XAUUSD,PERIOD_M5,2026.06.29 19:15:00,1782760500077,2026.06.29 19:15:00,SELL,10,OK,1.250000,4.69,468.93,4023.72,4023.85,4023.78,13.0,STEPLOCK_V1,STEP_LOCK,0.50:-0.25|1.00:0.25|2.00:1.00,NO,,,,0,0,0.279787,5.86,4029.58,4029.58,-1.000000,TIME_EXIT,2026.06.29 19:25:00,1782761100299,4025.87,600.222,-0.366794,-5.3433,3462,2026.06.29 19:25:00,1782761100299,222,4025.87
P2F4_CANDIDATE_S1,1782760500077_SELL,XAUUSD,PERIOD_M5,2026.06.29 19:15:00,1782760500077,2026.06.29 19:15:00,SELL,10,OK,1.250000,4.69,468.93,4023.72,4023.85,4023.78,13.0,GIVEBACK_100_075,MFE_GIVEBACK,TRIGGER=1.00|GAP=0.75|FLOOR=0.00,NO,,,,0,0,0.279787,5.86,4029.58,4029.58,-1.000000,TIME_EXIT,2026.06.29 19:25:00,1782761100299,4025.87,600.222,-0.366794,-5.3433,3462,2026.06.29 19:25:00,1782761100299,222,4025.87
P2F4_CANDIDATE_S1,1782765900053_SELL,XAUUSD,PERIOD_M5,2026.06.29 20:45:00,1782765900053,2026.06.29 20:45:00,SELL,10,OK,1.250000,3.53,353.00,4021.98,4021.98,4021.98,0.0,CONTROL,CONTROL,NO_RETENTION,NO,,,,0,0,0.496317,4.41,4026.39,4026.39,-1.000000,TIME_EXIT,2026.06.29 20:55:00,1782766500100,4021.42,600.047,0.126912,1.3923,3392,2026.06.29 20:55:00,1782766500100,47,4021.42
P2F4_CANDIDATE_S1,1782765900053_SELL,XAUUSD,PERIOD_M5,2026.06.29 20:45:00,1782765900053,2026.06.29 20:45:00,SELL,10,OK,1.250000,3.53,353.00,4021.98,4021.98,4021.98,0.0,LEGACY_BE_050,BREAK_EVEN,0.50:0.00,NO,,,,0,0,0.496317,4.41,4026.39,4026.39,-1.000000,TIME_EXIT,2026.06.29 20:55:00,1782766500100,4021.42,600.047,0.126912,1.3923,3392,2026.06.29 20:55:00,1782766500100,47,4021.42
P2F4_CANDIDATE_S1,1782765900053_SELL,XAUUSD,PERIOD_M5,2026.06.29 20:45:00,1782765900053,2026.06.29 20:45:00,SELL,10,OK,1.250000,3.53,353.00,4021.98,4021.98,4021.98,0.0,STEPLOCK_V1,STEP_LOCK,0.50:-0.25|1.00:0.25|2.00:1.00,NO,,,,0,0,0.496317,4.41,4026.39,4026.39,-1.000000,TIME_EXIT,2026.06.29 20:55:00,1782766500100,4021.42,600.047,0.126912,1.3923,3392,2026.06.29 20:55:00,1782766500100,47,4021.42
P2F4_CANDIDATE_S1,1782765900053_SELL,XAUUSD,PERIOD_M5,2026.06.29 20:45:00,1782765900053,2026.06.29 20:45:00,SELL,10,OK,1.250000,3.53,353.00,4021.98,4021.98,4021.98,0.0,GIVEBACK_100_075,MFE_GIVEBACK,TRIGGER=1.00|GAP=0.75|FLOOR=0.00,NO,,,,0,0,0.496317,4.41,4026.39,4026.39,-1.000000,TIME_EXIT,2026.06.29 20:55:00,1782766500100,4021.42,600.047,0.126912,1.3923,3392,2026.06.29 20:55:00,1782766500100,47,4021.42
