join_key,symbol,entry_timeframe,context_timeframe,signal_time,signal_time_msc,signal_bar_time,side,context_status,server_hour,server_minute,server_day_of_week,entry_bid,entry_ask,entry_mid,spread_points,spread_bps,m5_fast_ema_bar2,m5_slow_ema_bar2,m5_fast_ema_bar1,m5_slow_ema_bar1,m5_fast_slope_points,m5_slow_slope_points,m5_ema_separation_points,m5_ema_separation_bps,m5_signal_separation_bps,m5_atr_points,m5_atr_bps,spread_to_atr_ratio,m5_bar1_open,m5_bar1_high,m5_bar1_low,m5_bar1_close,m5_bar1_direction,m5_bar1_body_points,m5_bar1_range_points,m5_bar1_body_to_range,m5_bar1_range_to_atr,m5_momentum_3bar_bps,m5_signal_momentum_3bar_bps,m15_fast_ema_bar2,m15_slow_ema_bar2,m15_fast_ema_bar1,m15_slow_ema_bar1,m15_fast_slope_points,m15_slow_slope_points,m15_ema_separation_points,m15_ema_separation_bps,m15_trend,m15_signal_alignment
2026.06.01 02:55_BUY,XAUUSD,PERIOD_M5,PERIOD_M15,2026.06.01 02:55:00,1780282500130,2026.06.01 02:55:00,BUY,OK,2,55,1,4544.25,4544.50,4544.38,25.0,0.5501,4540.89712093,4541.06929737,4541.56769674,4541.35845215,67.06,28.92,20.92,0.4604,0.4604,376.21,8.2787,0.066451,4541.10,4544.80,4540.44,4544.25,BULLISH,315.00,436.00,0.722477,1.158914,7.7961,7.7961,4547.18757062,4541.67593406,4546.68684961,4541.68589743,-50.07,1.00,500.10,11.0047,BULLISH,ALIGNED
2026.06.01 03:00_SELL,XAUUSD,PERIOD_M5,PERIOD_M15,2026.06.01 03:00:00,1780282800047,2026.06.01 03:00:00,SELL,OK,3,0,1,4539.57,4539.82,4539.69,25.0,0.5507,4541.56769674,4541.35845215,4541.16815739,4541.19586559,-39.95,-16.26,-2.77,-0.0610,0.0610,378.43,8.3360,0.066063,4544.25,4544.64,4539.57,4539.57,BEARISH,468.00,507.00,0.923077,1.339751,-5.1960,5.1960,4546.68684961,4541.68589743,4546.00905441,4541.60292106,-67.78,-8.30,440.61,9.7058,BULLISH,COUNTER
2026.06.01 03:05_BUY,XAUUSD,PERIOD_M5,PERIOD_M15,2026.06.01 03:05:00,1780283100023,2026.06.01 03:05:00,BUY,OK,3,5,1,4544.79,4545.00,4544.90,21.0,0.4621,4541.16815739,4541.19586559,4541.89252591,4541.52260509,72.44,32.67,36.99,0.8139,0.8139,408.64,8.9912,0.051390,4539.57,4546.06,4537.51,4544.79,BULLISH,522.00,855.00,0.610526,2.092292,8.0817,8.0817,4546.68684961,4541.68589743,4546.00905441,4541.60292106,-67.78,-8.30,440.61,9.6947,BULLISH,ALIGNED
2026.06.01 03:20_SELL,XAUUSD,PERIOD_M5,PERIOD_M15,2026.06.01 03:20:00,1780284000034,2026.06.01 03:20:00,SELL,OK,3,20,1,4538.34,4538.55,4538.44,21.0,0.4627,4541.47881659,4541.38752486,4540.85105327,4541.11047715,-62.78,-27.70,-25.94,-0.5716,0.5716,432.21,9.5234,0.048587,4540.61,4543.69,4537.77,4538.34,BEARISH,227.00,592.00,0.383446,1.369691,-14.1921,14.1921,4546.00905441,4541.60292106,4545.50628732,4541.56868886,-50.28,-3.42,393.76,8.6761,BULLISH,COUNTER
2026.06.01 03:30_BUY,XAUUSD,PERIOD_M5,PERIOD_M15,2026.06.01 03:30:00,1780284600027,2026.06.01 03:30:00,BUY,OK,3,30,1,4543.18,4543.39,4543.28,21.0,0.4622,4540.84484261,4541.08407014,4541.31187409,4541.27460921,46.70,19.05,3.73,0.0820,0.0820,451.79,9.9440,0.046482,4540.74,4544.47,4539.80,4543.18,BULLISH,244.00,467.00,0.522484,1.033676,5.3956,5.3956,4545.50628732,4541.56868886,4545.28473615,4541.63187754,-22.16,6.32,365.29,8.0401,BULLISH,ALIGNED
2026.06.01 03:35_SELL,XAUUSD,PERIOD_M5,PERIOD_M15,2026.06.01 03:35:00,1780284900019,2026.06.01 03:35:00,SELL,OK,3,35,1,4538.08,4538.29,4538.18,21.0,0.4627,4541.31187409,4541.27460921,4540.66549927,4540.98419019,-64.64,-29.04,-31.87,-0.7022,0.7022,492.36,10.8492,0.042652,4543.18,4545.09,4535.99,4538.08,BEARISH,510.00,910.00,0.560440,1.848252,-0.5729,0.5729,4545.50628732,4541.56868886,4545.28473615,4541.63187754,-22.16,6.32,365.29,8.0492,BULLISH,COUNTER
2026.06.01 08:25_BUY,XAUUSD,PERIOD_M5,PERIOD_M15,2026.06.01 08:25:00,1780302300127,2026.06.01 08:25:00,BUY,OK,8,25,1,4522.49,4522.66,4522.57,17.0,0.3759,4516.86034931,4517.01578728,4517.98627944,4517.51344298,112.59,49.77,47.28,1.0455,1.0455,325.71,7.2020,0.052193,4521.61,4523.16,4519.67,4522.49,BULLISH,88.00,349.00,0.252149,1.071491,13.3955,13.3955,4524.26818144,4531.70965378,4523.68454511,4531.17751050,-58.36,-53.21,-749.30,-16.5679,BEARISH,COUNTER
2026.06.01 09:15_SELL,XAUUSD,PERIOD_M5,PERIOD_M15,2026.06.01 09:15:00,1780305300197,2026.06.01 09:15:00,SELL,OK,9,15,1,4514.15,4514.32,4514.23,17.0,0.3766,4518.82776715,4518.49980553,4517.89221372,4518.10436867,-93.56,-39.54,-21.22,-0.4700,0.4700,503.86,11.1615,0.033740,4517.10,4517.52,4512.73,4514.15,BEARISH,295.00,479.00,0.615866,0.950666,-9.1849,9.1849,4522.58726001,4529.85659250,4521.78371144,4529.24064770,-80.35,-61.59,-745.69,-16.5187,BEARISH,ALIGNED
2026.06.01 12:20_BUY,XAUUSD,PERIOD_M5,PERIOD_M15,2026.06.01 12:20:00,1780316400057,2026.06.01 12:20:00,BUY,OK,12,20,1,4505.67,4505.84,4505.76,17.0,0.3773,4498.76124086,4499.53236176,4500.14299269,4500.09032888,138.18,55.80,5.27,0.1169,0.1169,452.14,10.0348,0.037599,4499.67,4505.72,4498.25,4505.67,BULLISH,600.00,747.00,0.803213,1.652133,11.3319,11.3319,4507.85251516,4519.39800055,4507.07227562,4518.62396131,-78.02,-77.40,-1155.17,-25.6376,BEARISH,COUNTER
2026.06.01 12:25_SELL,XAUUSD,PERIOD_M5,PERIOD_M15,2026.06.01 12:25:00,1780316700002,2026.06.01 12:25:00,SELL,OK,12,25,1,4499.65,4499.82,4499.73,17.0,0.3778,4500.14299269,4500.09032888,4500.04239415,4500.04938989,-10.06,-4.09,-0.70,-0.0155,0.0155,469.86,10.4419,0.036181,4505.67,4506.28,4498.68,4499.64,BEARISH,603.00,760.00,0.793421,1.617513,0.1111,-0.1111,4507.85251516,4519.39800055,4507.07227562,4518.62396131,-78.02,-77.40,-1155.17,-25.6719,BEARISH,ALIGNED
2026.06.01 13:20_BUY,XAUUSD,PERIOD_M5,PERIOD_M15,2026.06.01 13:20:00,1780320000009,2026.06.01 13:20:00,BUY,OK,13,20,1,4500.19,4500.36,4500.27,17.0,0.3778,4498.64909817,4498.66626901,4498.95727854,4498.80479001,30.82,13.85,15.25,0.3388,0.3388,466.07,10.3565,0.036475,4501.52,4501.99,4499.44,4500.19,BEARISH,133.00,255.00,0.521569,0.547126,4.3795,4.3795,4504.43676261,4516.16948643,4504.15897569,4515.59499677,-27.78,-57.45,-1143.60,-25.4118,BEARISH,COUNTER
2026.06.01 15:25_SELL,XAUUSD,PERIOD_M5,PERIOD_M15,2026.06.01 15:25:00,1780327500017,2026.06.01 15:25:00,SELL,OK,15,25,1,4501.90,4502.07,4501.98,17.0,0.3776,4505.78886074,4505.48870534,4505.00308859,4505.15882304,-78.58,-32.99,-15.57,-0.3459,0.3459,431.64,9.5878,0.039384,4503.37,4503.37,4497.43,4501.86,BEARISH,151.00,594.00,0.254209,1.376138,-12.8227,12.8227,4505.07036563,4513.19898940,4504.90080699,4512.81040158,-16.96,-38.86,-790.96,-17.5691,BEARISH,ALIGNED
2026.06.01 15:50_BUY,XAUUSD,PERIOD_M5,PERIOD_M15,2026.06.01 15:50:00,1780329000024,2026.06.01 15:50:00,BUY,OK,15,50,1,4506.75,4506.92,4506.84,17.0,0.3772,4504.76260909,4504.92801929,4505.19208727,4505.10819935,42.95,18.02,8.39,0.1861,0.1861,487.00,10.8058,0.034908,4507.40,4510.45,4505.50,4506.91,BEARISH,49.00,495.00,0.098990,1.016427,13.1304,13.1304,4504.96358728,4512.52607210,4505.19562659,4512.32504967,23.20,-20.10,-712.94,-15.8191,BEARISH,COUNTER
2026.06.01 16:00_SELL,XAUUSD,PERIOD_M5,PERIOD_M15,2026.06.01 16:00:00,1780329600032,2026.06.01 16:00:00,SELL,OK,16,0,1,4502.25,4502.42,4502.34,17.0,0.3776,4505.29366982,4505.16199941,4504.68493585,4504.89727219,-60.87,-26.47,-21.23,-0.4716,0.4716,512.79,11.3893,0.033152,4505.69,4506.18,4498.62,4502.25,BEARISH,344.00,756.00,0.455026,1.474300,-11.4257,11.4257,4505.19562659,4512.32504967,4504.91509072,4511.92994968,-28.05,-39.51,-701.49,-15.5805,BEARISH,ALIGNED
2026.06.01 18:35_BUY,XAUUSD,PERIOD_M5,PERIOD_M15,2026.06.01 18:35:00,1780338900016,2026.06.01 18:35:00,BUY,OK,18,35,1,4477.17,4477.34,4477.26,17.0,0.3797,4463.61178501,4464.82069881,4466.31542801,4465.93972619,270.36,111.90,37.57,0.8391,0.8391,599.14,13.3819,0.028374,4468.39,4478.87,4468.13,4477.13,BULLISH,874.00,1074.00,0.813780,1.792561,26.4932,26.4932,4479.44990986,4497.00941121,4478.39658511,4495.88708136,-105.33,-112.23,-1749.05,-39.0652,BEARISH,COUNTER
2026.06.01 22:45_SELL,XAUUSD,PERIOD_M5,PERIOD_M15,2026.06.01 22:45:00,1780353900068,2026.06.01 22:45:00,SELL,OK,22,45,1,4483.52,4483.69,4483.60,17.0,0.3792,4485.35917728,4485.16865755,4484.99134182,4485.01877959,-36.78,-14.99,-2.74,-0.0612,0.0612,202.43,4.5149,0.083980,4484.39,4485.47,4483.29,4483.52,BEARISH,87.00,218.00,0.399083,1.076923,-2.6980,2.6980,4482.13744212,4489.13135889,4482.26911430,4488.91130560,13.17,-22.01,-664.22,-14.8144,BEARISH,ALIGNED
2026.06.02 02:05_BUY,XAUUSD,PERIOD_M5,PERIOD_M15,2026.06.02 02:05:00,1780365900123,2026.06.02 02:05:00,BUY,OK,2,5,2,4486.38,4486.63,4486.51,25.0,0.5572,4483.55350497,4483.56505610,4484.11680398,4483.82005100,56.33,25.50,29.68,0.6614,0.6614,342.64,7.6372,0.072962,4485.62,4487.79,4481.73,4486.37,BULLISH,75.00,606.00,0.123762,1.768605,4.7946,4.7946,4482.24229742,4487.91962285,4482.56493576,4487.82983372,32.26,-8.98,-526.49,-11.7350,BEARISH,COUNTER
2026.06.02 02:50_SELL,XAUUSD,PERIOD_M5,PERIOD_M15,2026.06.02 02:50:00,1780368600011,2026.06.02 02:50:00,SELL,OK,2,50,2,4481.12,4481.37,4481.24,25.0,0.5579,4485.07180553,4484.73884624,4484.28144442,4484.40986022,-79.04,-32.90,-12.84,-0.2866,0.2866,289.64,6.4634,0.086313,4483.45,4483.45,4479.38,4481.12,BEARISH,233.00,407.00,0.572482,1.405179,-8.0718,8.0718,4483.32367757,4487.74534055,4483.33570828,4487.57689582,1.20,-16.84,-424.12,-9.4643,BEARISH,ALIGNED
2026.06.02 03:25_BUY,XAUUSD,PERIOD_M5,PERIOD_M15,2026.06.02 03:25:00,1780370700078,2026.06.02 03:25:00,BUY,OK,3,25,2,4489.66,4489.87,4489.76,21.0,0.4677,4483.28455273,4483.79330182,4484.55964218,4484.32663802,127.51,53.33,23.30,0.5190,0.5190,374.50,8.3412,0.056075,4485.14,4489.66,4484.21,4489.66,BULLISH,452.00,545.00,0.829358,1.455274,25.0758,25.0758,4483.43897416,4487.45309598,4483.22764329,4487.20866085,-21.13,-24.44,-398.10,-8.8669,BEARISH,COUNTER
2026.06.02 04:00_SELL,XAUUSD,PERIOD_M5,PERIOD_M15,2026.06.02 04:00:00,1780372800001,2026.06.02 04:00:00,SELL,OK,4,0,2,4481.37,4481.58,4481.48,21.0,0.4686,4485.29847772,4485.23890377,4484.54678218,4484.90263979,-75.17,-33.63,-35.59,-0.7941,0.7941,468.43,10.4526,0.044831,4481.78,4484.20,4480.76,4481.54,BEARISH,24.00,344.00,0.069767,0.734370,-12.4356,12.4356,4484.50330890,4487.45089377,4484.22108901,4487.21909401,-28.22,-23.18,-299.80,-6.6898,BEARISH,ALIGNED
2026.06.02 04:30_BUY,XAUUSD,PERIOD_M5,PERIOD_M15,2026.06.02 04:30:00,1780374600023,2026.06.02 04:30:00,BUY,OK,4,30,2,4486.39,4486.60,4486.50,21.0,0.4681,4484.41523358,4484.62819839,4484.81018687,4484.78836217,39.50,16.02,2.18,0.0486,0.0486,694.07,15.4702,0.030256,4483.10,4492.26,4483.07,4486.39,BULLISH,329.00,919.00,0.357998,1.324071,-7.7508,-7.7508,4484.75908053,4487.32305111,4484.91440619,4487.28646087,15.53,-3.66,-237.21,-5.2871,BEARISH,COUNTER
2026.06.02 04:40_SELL,XAUUSD,PERIOD_M5,PERIOD_M15,2026.06.02 04:40:00,1780375200009,2026.06.02 04:40:00,SELL,OK,4,40,2,4481.86,4482.07,4481.97,21.0,0.4685,4485.29014949,4485.00851107,4484.60411959,4484.72228279,-68.60,-28.62,-11.82,-0.2636,0.2636,702.64,15.6771,0.029887,4487.21,4489.34,4480.95,4481.86,BEARISH,535.00,839.00,0.637664,1.194063,-2.7659,2.7659,4484.75908053,4487.32305111,4484.91440619,4487.28646087,15.53,-3.66,-237.21,-5.2924,BEARISH,ALIGNED
2026.06.02 06:05_BUY,XAUUSD,PERIOD_M5,PERIOD_M15,2026.06.02 06:05:00,1780380300294,2026.06.02 06:05:00,BUY,OK,6,5,2,4488.10,4488.31,4488.20,21.0,0.4679,4479.94612333,4480.32823865,4481.57689866,4481.03476241,163.08,70.65,54.21,1.2079,1.2079,531.36,11.8390,0.039521,4485.91,4492.61,4485.72,4488.10,BULLISH,219.00,689.00,0.317852,1.296680,30.3048,30.3048,4482.43565480,4485.71371904,4482.76654482,4485.72141634,33.09,0.77,-295.49,-6.5836,BEARISH,COUNTER
2026.06.02 11:45_SELL,XAUUSD,PERIOD_M5,PERIOD_M15,2026.06.02 11:45:00,1780400700064,2026.06.02 11:45:00,SELL,OK,11,45,2,4528.79,4528.96,4528.88,17.0,0.3754,4532.50668275,4532.19754761,4531.76334620,4531.88777056,-74.33,-30.98,-12.44,-0.2747,0.2747,361.00,7.9711,0.047091,4530.18,4530.61,4528.28,4528.79,BEARISH,139.00,233.00,0.596567,0.645429,-5.2525,5.2525,4522.06049750,4507.37603936,4522.70140250,4508.21580253,64.09,83.98,1448.56,31.9850,BULLISH,COUNTER
2026.06.02 13:55_BUY,XAUUSD,PERIOD_M5,PERIOD_M15,2026.06.02 13:55:00,1780408500467,2026.06.02 13:55:00,BUY,OK,13,55,2,4532.33,4532.50,4532.41,17.0,0.3751,4528.53873596,4528.70784896,4529.29698877,4529.03713542,75.83,32.93,25.99,0.5733,0.5733,315.64,6.9641,0.053858,4530.64,4532.43,4529.56,4532.33,BULLISH,169.00,287.00,0.588850,0.909255,12.5037,12.5037,4525.66214935,4513.19274600,4525.96099227,4513.80479517,29.88,61.20,1215.62,26.8206,BULLISH,ALIGNED
2026.06.02 14:40_SELL,XAUUSD,PERIOD_M5,PERIOD_M15,2026.06.02 14:40:00,1780411200059,2026.06.02 14:40:00,SELL,OK,14,40,2,4527.36,4527.53,4527.44,17.0,0.3755,4529.56335277,4529.42671530,4529.12268222,4529.23883209,-44.07,-18.79,-11.61,-0.2565,0.2565,276.50,6.1072,0.061483,4529.93,4530.05,4526.20,4527.36,BEARISH,257.00,385.00,0.667532,1.392405,-3.0472,3.0472,4526.86103903,4515.12599508,4527.14094007,4515.70144626,27.99,57.55,1143.95,25.2670,BULLISH,COUNTER
2026.06.03 01:05_BUY,XAUUSD,PERIOD_M5,PERIOD_M15,2026.06.03 01:05:00,1780448700043,2026.06.03 01:05:00,BUY,OK,1,5,3,4490.18,4490.80,4490.49,62.0,1.3807,4487.00557086,4487.18503018,4487.55645669,4487.41911835,55.09,23.41,13.73,0.3058,0.3058,302.43,6.7349,0.205007,4480.04,4492.31,4480.04,4489.76,BULLISH,972.00,1227.00,0.792176,4.057156,6.1734,6.1734,4492.76238397,4501.52657134,4492.31739502,4500.99964697,-44.50,-52.69,-868.23,-19.3348,BEARISH,COUNTER
2026.06.03 02:00_SELL,XAUUSD,PERIOD_M5,PERIOD_M15,2026.06.03 02:00:00,1780452000017,2026.06.03 02:00:00,SELL,OK,2,0,3,4484.76,4485.01,4484.89,25.0,0.5574,4488.47599648,4488.31424209,4487.73679719,4487.99294736,-73.92,-32.13,-25.62,-0.5711,0.5711,386.29,8.6131,0.064719,4486.95,4488.25,4484.75,4484.78,BEARISH,217.00,350.00,0.620000,0.906065,-9.2672,9.2672,4491.58481724,4499.69949602,4490.93673941,4499.11441775,-64.81,-58.51,-817.77,-18.2339,BEARISH,ALIGNED
2026.06.03 03:35_BUY,XAUUSD,PERIOD_M5,PERIOD_M15,2026.06.03 03:35:00,1780457700060,2026.06.03 03:35:00,BUY,OK,3,35,3,4485.09,4485.27,4485.18,18.0,0.4013,4477.57834680,4477.96545977,4479.08067744,4478.61314524,150.23,64.77,46.75,1.0424,1.0424,534.21,11.9107,0.033694,4483.09,4485.26,4481.25,4485.09,BULLISH,200.00,401.00,0.498753,0.750635,16.9514,16.9514,4484.29972706,4494.56570872,4484.18451496,4494.11568093,-11.52,-45.00,-993.12,-22.1422,BEARISH,COUNTER
2026.06.03 04:15_SELL,XAUUSD,PERIOD_M5,PERIOD_M15,2026.06.03 04:15:00,1780460100006,2026.06.03 04:15:00,SELL,OK,4,15,3,4471.36,4471.57,4471.47,21.0,0.4696,4481.91625816,4481.49966880,4479.80500653,4480.57788073,-211.13,-92.18,-77.29,-1.7285,1.7285,596.64,13.3433,0.035197,4474.21,4477.48,4468.79,4471.36,BEARISH,285.00,869.00,0.327963,1.456483,-32.9681,32.9681,4485.37603152,4493.86826986,4484.04117138,4492.98559261,-133.49,-88.27,-894.44,-20.0033,BEARISH,ALIGNED
2026.06.03 05:25_BUY,XAUUSD,PERIOD_M5,PERIOD_M15,2026.06.03 05:25:00,1780464300071,2026.06.03 05:25:00,BUY,OK,5,25,3,4478.31,4478.52,4478.42,21.0,0.4689,4475.80449389,4475.96915268,4476.30359511,4476.18104789,49.91,21.19,12.25,0.2736,0.2736,522.07,11.6575,0.040224,4476.26,4478.65,4475.17,4478.30,BULLISH,204.00,348.00,0.586207,0.666575,-0.8708,-0.8708,4480.76078981,4490.52417898,4480.74357174,4490.13421117,-1.72,-39.00,-939.06,-20.9687,BEARISH,COUNTER
2026.06.03 07:30_SELL,XAUUSD,PERIOD_M5,PERIOD_M15,2026.06.03 07:30:00,1780471800004,2026.06.03 07:30:00,SELL,OK,7,30,3,4477.09,4477.30,4477.19,21.0,0.4690,4483.58887743,4482.88698587,4482.28910194,4482.35998715,-129.98,-52.70,-7.09,-0.1583,0.1583,265.21,5.9237,0.079181,4480.67,4480.80,4477.09,4477.09,BEARISH,358.00,371.00,0.964960,1.398869,-21.5968,21.5968,4482.30742343,4488.25473515,4481.81052596,4487.81690239,-49.69,-43.78,-600.64,-13.4155,BEARISH,ALIGNED
2026.06.03 13:15_BUY,XAUUSD,PERIOD_M5,PERIOD_M15,2026.06.03 13:15:00,1780492500044,2026.06.03 13:15:00,BUY,OK,13,15,3,4463.01,4463.18,4463.10,17.0,0.3809,4449.27691309,4450.20568682,4452.02353047,4451.36971529,274.66,116.40,65.38,1.4649,1.4649,666.71,14.9384,0.025498,4461.62,4465.16,4459.41,4463.01,BULLISH,139.00,575.00,0.241739,0.862438,44.9693,44.9693,4456.59977968,4469.44764253,4457.21027685,4469.19518596,61.05,-25.25,-1198.49,-26.8534,BEARISH,COUNTER
2026.06.03 15:25_SELL,XAUUSD,PERIOD_M5,PERIOD_M15,2026.06.03 15:25:00,1780500300041,2026.06.03 15:25:00,SELL,OK,15,25,3,4457.92,4458.09,4458.01,17.0,0.3813,4460.20127140,4460.00496298,4459.74501712,4459.81542089,-45.63,-18.95,-7.04,-0.1579,0.1579,412.00,9.2418,0.041262,4456.31,4462.36,4455.93,4457.92,BULLISH,161.00,643.00,0.250389,1.560680,-0.8972,0.8972,4458.95759809,4467.06440881,4458.96354113,4466.74894180,0.59,-31.55,-778.54,-17.4639,BEARISH,ALIGNED
2026.06.03 16:05_BUY,XAUUSD,PERIOD_M5,PERIOD_M15,2026.06.03 16:05:00,1780502700109,2026.06.03 16:05:00,BUY,OK,16,5,3,4463.25,4463.42,4463.34,17.0,0.3809,4458.39205441,4458.52199364,4459.36364352,4458.95181240,97.16,42.98,41.18,0.9227,0.9227,580.86,13.0140,0.029267,4460.37,4465.41,4458.00,4463.25,BULLISH,288.00,741.00,0.388664,1.275701,4.3709,4.3709,4458.42312551,4465.91409814,4458.60854213,4465.69668253,18.54,-21.74,-708.81,-15.8808,BEARISH,COUNTER
2026.06.03 16:25_SELL,XAUUSD,PERIOD_M5,PERIOD_M15,2026.06.03 16:25:00,1780503900034,2026.06.03 16:25:00,SELL,OK,16,25,3,4450.28,4450.45,4450.36,17.0,0.3820,4459.84514548,4459.35561413,4457.93811639,4458.53328557,-190.70,-82.23,-59.52,-1.3373,1.3373,646.79,14.5333,0.026284,4457.41,4458.14,4447.08,4450.31,BEARISH,710.00,1106.00,0.641953,1.709994,-27.3612,27.3612,4458.60854213,4465.69668253,4458.95915716,4465.56308713,35.06,-13.36,-660.39,-14.8391,BEARISH,ALIGNED
2026.06.03 17:55_BUY,XAUUSD,PERIOD_M5,PERIOD_M15,2026.06.03 17:55:00,1780509300028,2026.06.03 17:55:00,BUY,OK,17,55,3,4458.75,4458.92,4458.84,17.0,0.3813,4450.41180627,4450.74338730,4452.09744502,4451.47944300,168.56,73.61,61.80,1.3860,1.3860,785.50,17.6167,0.021642,4454.11,4459.60,4450.80,4458.84,BULLISH,473.00,880.00,0.537500,1.120306,15.8138,15.8138,4454.02048637,4462.01458073,4453.47091624,4461.47479325,-54.96,-53.98,-800.39,-17.9506,BEARISH,COUNTER
2026.06.03 18:15_SELL,XAUUSD,PERIOD_M5,PERIOD_M15,2026.06.03 18:15:00,1780510500038,2026.06.03 18:15:00,SELL,OK,18,15,3,4445.93,4446.10,4446.02,17.0,0.3824,4452.29445185,4451.81691435,4451.02156148,4451.28174032,-127.29,-53.52,-26.02,-0.5852,0.5852,645.21,14.5122,0.026348,4449.16,4452.04,4445.11,4445.93,BEARISH,323.00,693.00,0.466089,1.074062,-25.2178,25.2178,4453.82320993,4461.30597783,4453.07147565,4460.70299830,-75.17,-60.30,-763.15,-17.1649,BEARISH,ALIGNED
2026.06.03 22:00_BUY,XAUUSD,PERIOD_M5,PERIOD_M15,2026.06.03 22:00:00,1780524000036,2026.06.03 22:00:00,BUY,OK,22,0,3,4442.06,4442.23,4442.15,17.0,0.3827,4439.50091560,4439.71086613,4440.01273248,4439.92442375,51.18,21.36,8.83,0.1988,0.1988,265.71,5.9817,0.063978,4440.40,4442.93,4439.74,4442.06,BULLISH,166.00,319.00,0.520376,1.200538,4.6847,4.6847,4443.13253600,4451.84957220,4443.03038971,4451.46566741,-10.21,-38.39,-843.53,-18.9892,BEARISH,COUNTER
2026.06.04 01:05_SELL,XAUUSD,PERIOD_M5,PERIOD_M15,2026.06.04 01:05:00,1780535100018,2026.06.04 01:05:00,SELL,OK,1,5,4,4431.76,4433.01,4432.39,125.0,2.8202,4446.19941788,4444.96586805,4443.30153430,4443.76078913,-289.79,-120.51,-45.93,-1.0361,1.0361,375.21,8.4653,0.333143,4431.66,4439.93,4430.51,4431.71,BULLISH,5.00,942.00,0.005308,2.510565,-34.1810,34.1810,4444.35291038,4451.09471896,4444.31358558,4450.81414175,-3.93,-28.06,-650.06,-14.6660,BEARISH,ALIGNED
2026.06.04 02:05_BUY,XAUUSD,PERIOD_M5,PERIOD_M15,2026.06.04 02:05:00,1780538700093,2026.06.04 02:05:00,BUY,OK,2,5,4,4446.37,4446.62,4446.49,25.0,0.5622,4439.66921534,4439.70904710,4441.00937227,4440.31458828,134.02,60.55,69.48,1.5625,1.5625,609.93,13.7171,0.040988,4449.01,4450.29,4445.35,4446.37,BEARISH,264.00,494.00,0.534413,0.809931,17.4378,17.4378,4441.71984273,4448.93691222,4442.40271485,4448.93507252,68.29,-0.18,-653.24,-14.6910,BEARISH,COUNTER
2026.06.04 06:50_SELL,XAUUSD,PERIOD_M5,PERIOD_M15,2026.06.04 06:50:00,1780555800096,2026.06.04 06:50:00,SELL,OK,6,50,4,4459.75,4459.96,4459.85,21.0,0.4709,4466.87910676,4466.13158540,4465.45528541,4465.55235037,-142.38,-57.92,-9.71,-0.2176,0.2176,466.86,10.4680,0.044982,4460.99,4461.14,4458.23,4459.76,BEARISH,123.00,291.00,0.422680,0.623317,-17.8837,17.8837,4459.46614358,4455.01709928,4459.61127276,4455.25133068,14.51,23.42,435.99,9.7760,BULLISH,COUNTER
2026.06.04 07:15_BUY,XAUUSD,PERIOD_M5,PERIOD_M15,2026.06.04 07:15:00,1780557300005,2026.06.04 07:15:00,BUY,OK,7,15,4,4471.07,4471.25,4471.16,18.0,0.4026,4464.50947690,4465.00340644,4465.82158152,4465.55491494,131.21,55.15,26.67,0.5964,0.5964,393.43,8.7993,0.045752,4464.07,4471.13,4463.48,4471.07,BULLISH,700.00,765.00,0.915033,1.944444,16.2641,16.2641,4460.01115154,4455.58696477,4461.06437521,4456.19414262,105.32,60.72,487.02,10.8925,BULLISH,ALIGNED
2026.06.04 08:50_SELL,XAUUSD,PERIOD_M5,PERIOD_M15,2026.06.04 08:50:00,1780563000004,2026.06.04 08:50:00,SELL,OK,8,50,4,4467.53,4467.70,4467.61,17.0,0.3805,4474.36530084,4473.78556047,4472.99824067,4473.21687316,-136.71,-56.87,-21.86,-0.4894,0.4894,429.93,9.6232,0.039541,4474.62,4474.84,4467.29,4467.53,BEARISH,709.00,755.00,0.939073,1.756106,-13.1220,13.1220,4467.57917114,4460.09910807,4468.24972627,4460.66855481,67.06,56.94,758.12,16.9692,BULLISH,COUNTER
2026.06.04 09:15_BUY,XAUUSD,PERIOD_M5,PERIOD_M15,2026.06.04 09:15:00,1780564500108,2026.06.04 09:15:00,BUY,OK,9,15,4,4473.86,4473.94,4473.90,8.0,0.1788,4472.83574338,4472.93325057,4473.04059470,4473.01750052,20.49,8.42,2.31,0.0516,0.0516,461.71,10.3202,0.017327,4475.99,4477.14,4473.27,4473.86,BEARISH,213.00,387.00,0.550388,0.838181,10.4045,10.4045,4468.34118091,4461.00351345,4468.86678273,4461.50768939,52.56,50.42,735.91,16.4489,BULLISH,ALIGNED
2026.06.04 09:20_SELL,XAUUSD,PERIOD_M5,PERIOD_M15,2026.06.04 09:20:00,1780564800058,2026.06.04 09:20:00,SELL,OK,9,20,4,4469.49,4469.66,4469.57,17.0,0.3803,4473.04059470,4473.01750052,4472.33047576,4472.69681865,-71.01,-32.07,-36.63,-0.8196,0.8196,481.07,10.7632,0.035338,4473.86,4474.22,4466.74,4469.49,BEARISH,437.00,748.00,0.584225,1.554863,-9.4776,9.4776,4468.34118091,4461.00351345,4468.86678273,4461.50768939,52.56,50.42,735.91,16.4649,BULLISH,COUNTER
2026.06.04 12:10_BUY,XAUUSD,PERIOD_M5,PERIOD_M15,2026.06.04 12:10:00,1780575000083,2026.06.04 12:10:00,BUY,OK,12,10,4,4468.49,4468.66,4468.57,17.0,0.3804,4463.61849779,4464.12114584,4464.59079823,4464.51740531,97.23,39.63,7.34,0.1642,0.1642,498.29,11.1509,0.034117,4467.16,4469.44,4464.88,4468.48,BULLISH,132.00,456.00,0.289474,0.915138,11.1123,11.1123,4465.87983883,4462.52046912,4465.63985418,4462.55339190,-24.00,3.29,308.65,6.9070,BULLISH,ALIGNED
2026.06.04 12:15_SELL,XAUUSD,PERIOD_M5,PERIOD_M15,2026.06.04 12:15:00,1780575300013,2026.06.04 12:15:00,SELL,OK,12,15,4,4463.48,4463.65,4463.56,17.0,0.3809,4464.59079823,4464.51740531,4464.36663858,4464.42218665,-22.42,-9.52,-5.55,-0.1244,0.1244,500.71,11.2178,0.033951,4468.49,4468.89,4462.23,4463.47,BEARISH,502.00,666.00,0.753754,1.330100,0.2465,-0.2465,4465.63985418,4462.55339190,4465.43320140,4462.58933732,-20.67,3.59,284.39,6.3713,BULLISH,COUNTER
2026.06.04 12:20_BUY,XAUUSD,PERIOD_M5,PERIOD_M15,2026.06.04 12:20:00,1780575600368,2026.06.04 12:20:00,BUY,OK,12,20,4,4466.13,4466.30,4466.22,17.0,0.3806,4464.36663858,4464.42218665,4464.71331087,4464.57471513,34.67,15.25,13.86,0.3103,0.3103,499.36,11.1808,0.034044,4463.48,4466.19,4462.93,4466.10,BULLISH,262.00,326.00,0.803681,0.652839,-2.3729,-2.3729,4465.63985418,4462.55339190,4465.43320140,4462.58933732,-20.67,3.59,284.39,6.3675,BULLISH,ALIGNED
2026.06.04 17:10_SELL,XAUUSD,PERIOD_M5,PERIOD_M15,2026.06.04 17:10:00,1780593000012,2026.06.04 17:10:00,SELL,OK,17,10,4,4489.90,4490.07,4489.98,17.0,0.3786,4502.26752374,4501.42585290,4499.79401900,4500.37804809,-247.35,-104.78,-58.40,-1.3007,1.3007,742.86,16.5448,0.022885,4495.37,4499.86,4487.77,4489.90,BEARISH,547.00,1209.00,0.452440,1.627500,-19.2506,19.2506,4490.17926280,4476.98959460,4490.71552349,4477.72764971,53.63,73.81,1298.79,28.9263,BULLISH,COUNTER
2026.06.04 19:25_BUY,XAUUSD,PERIOD_M5,PERIOD_M15,2026.06.04 19:25:00,1780601100045,2026.06.04 19:25:00,BUY,OK,19,25,4,4484.30,4484.47,4484.39,17.0,0.3791,4478.46027051,4478.55900407,4479.62621641,4479.08000370,116.59,52.10,54.62,1.2180,1.2180,445.57,9.9361,0.038153,4483.42,4484.89,4480.30,4484.29,BULLISH,87.00,459.00,0.189542,1.030138,3.5470,3.5470,4482.14450106,4477.14428317,4481.85835810,4477.22254657,-28.61,7.83,463.58,10.3377,BULLISH,ALIGNED
2026.06.04 20:20_SELL,XAUUSD,PERIOD_M5,PERIOD_M15,2026.06.04 20:20:00,1780604400015,2026.06.04 20:20:00,SELL,OK,20,20,4,4475.58,4475.75,4475.66,17.0,0.3798,4480.14521205,4480.11295952,4479.23216964,4479.70087229,-91.30,-41.21,-46.87,-1.0472,1.0472,331.29,7.4019,0.051315,4476.13,4476.23,4474.02,4475.58,BEARISH,55.00,221.00,0.248869,0.667098,-12.9870,12.9870,4482.05934329,4477.83600034,4481.49464393,4477.76909837,-56.47,-6.69,372.55,8.3240,BULLISH,COUNTER
2026.06.04 22:10_BUY,XAUUSD,PERIOD_M5,PERIOD_M15,2026.06.04 22:10:00,1780611000110,2026.06.04 22:10:00,BUY,OK,22,10,4,4478.44,4478.61,4478.52,17.0,0.3796,4477.78480484,4477.81369120,4477.91384387,4477.86971928,12.90,5.60,4.41,0.0985,0.0985,291.86,6.5168,0.058248,4481.48,4481.48,4477.52,4478.43,BEARISH,305.00,396.00,0.770202,1.356828,0.3796,0.3796,4479.51938415,4477.64116258,4479.38515709,4477.65954837,-13.42,1.84,172.56,3.8531,BULLISH,ALIGNED
2026.06.05 01:05_SELL,XAUUSD,PERIOD_M5,PERIOD_M15,2026.06.05 01:05:00,1780621500016,2026.06.05 01:05:00,SELL,OK,1,5,5,4473.48,4474.38,4473.93,90.0,2.0117,4478.94950048,4478.55192738,4477.81160039,4478.07084308,-113.79,-48.11,-25.92,-0.5795,0.5795,337.79,7.5501,0.266441,4472.06,4475.10,4467.90,4473.26,BULLISH,120.00,720.00,0.166667,2.131529,-11.3658,11.3658,4479.20873475,4477.77863646,4479.35933144,4477.89672915,15.06,11.81,146.26,3.2692,BULLISH,COUNTER
2026.06.05 01:40_BUY,XAUUSD,PERIOD_M5,PERIOD_M15,2026.06.05 01:40:00,1780623600192,2026.06.05 01:40:00,BUY,OK,1,40,5,4479.15,4479.40,4479.27,25.0,0.5581,4477.82603169,4477.86028959,4478.09082535,4477.97753599,26.48,11.72,11.33,0.2529,0.2529,349.57,7.8042,0.071516,4478.11,4479.86,4477.52,4479.15,BULLISH,104.00,234.00,0.444444,0.669391,-0.2456,-0.2456,4478.97749035,4477.79685742,4478.95868174,4477.83541203,-1.88,3.86,112.33,2.5077,BULLISH,ALIGNED
2026.06.05 01:45_SELL,XAUUSD,PERIOD_M5,PERIOD_M15,2026.06.05 01:45:00,1780623900080,2026.06.05 01:45:00,SELL,OK,1,45,5,4475.20,4475.45,4475.32,25.0,0.5586,4478.09082535,4477.97753599,4477.51266028,4477.72503272,-57.82,-25.25,-21.24,-0.4745,0.4745,362.50,8.1000,0.068966,4479.15,4479.53,4475.20,4475.20,BEARISH,395.00,433.00,0.912240,1.194483,-7.9932,7.9932,4478.95868174,4477.83541203,4478.60071205,4477.73206254,-35.80,-10.33,86.86,1.9410,BULLISH,COUNTER
2026.06.05 08:00_BUY,XAUUSD,PERIOD_M5,PERIOD_M15,2026.06.05 08:00:00,1780646400020,2026.06.05 08:00:00,BUY,OK,8,0,5,4444.99,4445.16,4445.07,17.0,0.3824,4441.39794259,4441.78668875,4442.11035407,4442.07517159,71.24,28.85,3.52,0.0791,0.0791,337.57,7.5943,0.050360,4444.28,4446.43,4443.99,4444.96,BULLISH,68.00,244.00,0.278689,0.722810,9.2550,9.2550,4448.95567470,4460.21080243,4448.57513425,4459.61273174,-38.05,-59.81,-1103.76,-24.8311,BEARISH,COUNTER
2026.06.05 09:05_SELL,XAUUSD,PERIOD_M5,PERIOD_M15,2026.06.05 09:05:00,1780650300042,2026.06.05 09:05:00,SELL,OK,9,5,5,4437.52,4437.69,4437.60,17.0,0.3831,4443.88620564,4443.84221361,4442.61296451,4443.26746692,-127.32,-57.47,-65.45,-1.4749,1.4749,475.57,10.7168,0.035746,4439.99,4442.59,4435.34,4437.52,BEARISH,247.00,725.00,0.340690,1.524482,-22.6415,22.6415,4447.80986782,4458.04238352,4447.06511850,4457.33444691,-74.47,-70.79,-1026.93,-23.1416,BEARISH,ALIGNED
2026.06.05 09:40_BUY,XAUUSD,PERIOD_M5,PERIOD_M15,2026.06.05 09:40:00,1780652400036,2026.06.05 09:40:00,BUY,OK,9,40,5,4448.63,4448.80,4448.72,17.0,0.3821,4442.31618833,4442.52674367,4443.57895066,4443.08158515,126.28,55.48,49.74,1.1180,1.1180,606.64,13.6364,0.028023,4446.63,4450.08,4446.43,4448.63,BULLISH,200.00,365.00,0.547945,0.601672,10.1708,10.1708,4446.05129769,4456.51427253,4445.71307886,4455.96469321,-33.82,-54.96,-1025.16,-23.0440,BEARISH,COUNTER
2026.06.05 14:20_SELL,XAUUSD,PERIOD_M5,PERIOD_M15,2026.06.05 14:20:00,1780669200073,2026.06.05 14:20:00,SELL,OK,14,20,5,4461.79,4461.96,4461.88,17.0,0.3810,4464.71227857,4464.58659028,4464.12782286,4464.33235480,-58.45,-25.42,-20.45,-0.4584,0.4584,275.29,6.1697,0.061754,4461.40,4463.49,4460.92,4461.79,BULLISH,39.00,257.00,0.151751,0.933576,-4.7940,4.7940,4460.95722713,4459.66395116,4460.99939597,4459.73203151,4.22,6.81,126.74,2.8404,BULLISH,COUNTER
2026.06.05 14:50_BUY,XAUUSD,PERIOD_M5,PERIOD_M15,2026.06.05 14:50:00,1780671000029,2026.06.05 14:50:00,BUY,OK,14,50,5,4466.93,4467.10,4467.02,17.0,0.3806,4464.30299219,4464.32320818,4464.82839376,4464.56018925,52.54,23.70,26.82,0.6004,0.6004,327.86,7.3395,0.051852,4464.90,4467.19,4464.06,4466.93,BULLISH,203.00,313.00,0.648562,0.954684,3.8968,3.8968,4461.48231064,4459.98057929,4461.80970963,4460.17428207,32.74,19.37,163.54,3.6611,BULLISH,ALIGNED
2026.06.05 15:35_SELL,XAUUSD,PERIOD_M5,PERIOD_M15,2026.06.05 15:35:00,1780673700004,2026.06.05 15:35:00,SELL,OK,15,35,5,4452.89,4452.98,4452.93,9.0,0.2021,4467.78865696,4466.76033998,4464.80892556,4465.49939998,-297.97,-126.09,-69.05,-1.5506,1.5506,599.93,13.4727,0.015002,4464.79,4465.78,4447.01,4452.89,BEARISH,1190.00,1877.00,0.633990,3.128706,-44.9364,44.9364,4463.26100947,4460.91612889,4463.40662762,4461.06804540,14.56,15.19,233.86,5.2518,BULLISH,COUNTER
2026.06.05 20:55_BUY,XAUUSD,PERIOD_M5,PERIOD_M15,2026.06.05 20:55:00,1780692900014,2026.06.05 20:55:00,BUY,OK,20,55,5,4343.48,4343.65,4343.56,17.0,0.3914,4340.87106666,4341.14798958,4341.39285333,4341.35999053,52.18,21.20,3.29,0.0757,0.0757,618.71,14.2444,0.027476,4340.03,4343.71,4338.80,4343.48,BULLISH,345.00,491.00,0.702648,0.793581,-3.6823,-3.6823,4365.50823543,4404.08369341,4363.19697491,4401.61923485,-231.13,-246.45,-3842.23,-88.4579,BEARISH,COUNTER
2026.06.05 21:05_SELL,XAUUSD,PERIOD_M5,PERIOD_M15,2026.06.05 21:05:00,1780693500009,2026.06.05 21:05:00,SELL,OK,21,5,5,4333.68,4333.82,4333.75,14.0,0.3230,4341.47028267,4341.39817321,4339.91222613,4340.69652110,-155.81,-70.17,-78.43,-1.8097,1.8097,592.79,13.6784,0.023617,4341.78,4342.17,4333.63,4333.68,BEARISH,810.00,854.00,0.948478,1.440656,-14.6312,14.6312,4363.19697491,4401.61923485,4361.15726301,4399.27259819,-203.97,-234.66,-3811.53,-87.9500,BEARISH,ALIGNED
2026.06.08 01:45_BUY,XAUUSD,PERIOD_M5,PERIOD_M15,2026.06.08 01:45:00,1780883100055,2026.06.08 01:45:00,BUY,OK,1,45,1,4325.96,4326.23,4326.09,27.0,0.6241,4322.74755773,4323.03799224,4323.39004618,4323.30362931,64.25,26.56,8.64,0.1998,0.1998,872.50,20.1683,0.030946,4325.86,4326.68,4324.41,4325.96,BULLISH,10.00,227.00,0.044053,0.260172,21.3819,21.3819,4335.85164547,4373.52894254,4334.90958400,4371.66349381,-94.21,-186.54,-3675.39,-84.9586,BEARISH,COUNTER
2026.06.08 01:50_SELL,XAUUSD,PERIOD_M5,PERIOD_M15,2026.06.08 01:50:00,1780883400031,2026.06.08 01:50:00,SELL,OK,1,50,1,4322.48,4322.73,4322.60,25.0,0.5784,4323.39004618,4323.30362931,4323.20603694,4323.22784482,-18.40,-7.58,-2.18,-0.0505,0.0505,888.86,20.5630,0.028126,4325.96,4326.09,4319.56,4322.47,BEARISH,349.00,653.00,0.534456,0.734651,-1.9430,1.9430,4335.85164547,4373.52894254,4334.90958400,4371.66349381,-94.21,-186.54,-3675.39,-85.0272,BEARISH,ALIGNED
2026.06.08 02:10_BUY,XAUUSD,PERIOD_M5,PERIOD_M15,2026.06.08 02:10:00,1780884600019,2026.06.08 02:10:00,BUY,OK,2,10,1,4326.72,4326.97,4326.85,25.0,0.5778,4322.79021092,4322.97491722,4323.57616873,4323.31537929,78.60,34.05,26.08,0.6027,0.6027,918.14,21.2197,0.027229,4325.87,4327.17,4322.59,4326.72,BULLISH,85.00,458.00,0.185590,0.498833,8.0495,8.0495,4334.90958400,4371.66349381,4333.22771885,4369.52963131,-168.19,-213.39,-3630.19,-83.8993,BEARISH,COUNTER
2026.06.08 04:15_SELL,XAUUSD,PERIOD_M5,PERIOD_M15,2026.06.08 04:15:00,1780892100044,2026.06.08 04:15:00,SELL,OK,4,15,1,4327.03,4327.24,4327.14,21.0,0.4853,4342.04007256,4340.77950930,4339.03805805,4339.52955391,-300.20,-125.00,-49.15,-1.1358,1.1358,634.29,14.6583,0.033108,4337.00,4337.83,4326.56,4327.03,BEARISH,997.00,1127.00,0.884650,1.776802,-34.8674,34.8674,4338.23403443,4361.91716805,4337.16698353,4360.54904381,-106.71,-136.81,-2338.21,-54.0359,BEARISH,ALIGNED
2026.06.08 07:15_BUY,XAUUSD,PERIOD_M5,PERIOD_M15,2026.06.08 07:15:00,1780902900017,2026.06.08 07:15:00,BUY,OK,7,15,1,4318.75,4318.96,4318.85,21.0,0.4862,4313.72148939,4313.91493820,4314.72719151,4314.35448927,100.57,43.96,37.27,0.8630,0.8630,449.21,10.4012,0.046748,4318.04,4319.46,4316.60,4318.75,BULLISH,71.00,286.00,0.248252,0.636667,4.1001,4.1001,4321.52613750,4344.11583610,4321.26174346,4343.12109743,-26.44,-99.47,-2185.94,-50.6138,BEARISH,COUNTER
2026.06.08 07:45_SELL,XAUUSD,PERIOD_M5,PERIOD_M15,2026.06.08 07:45:00,1780904700039,2026.06.08 07:45:00,SELL,OK,7,45,1,4307.67,4307.88,4307.77,21.0,0.4875,4315.13453572,4314.92327304,4313.64162857,4314.26388459,-149.29,-65.94,-62.23,-1.4445,1.4445,441.00,10.2373,0.047619,4311.22,4312.03,4307.62,4307.67,BEARISH,355.00,441.00,0.804989,1.000000,-28.5417,28.5417,4321.14157741,4342.21438772,4319.85857004,4340.85970585,-128.30,-135.47,-2100.11,-48.7517,BEARISH,ALIGNED
2026.06.08 10:20_BUY,XAUUSD,PERIOD_M5,PERIOD_M15,2026.06.08 10:20:00,1780914000047,2026.06.08 10:20:00,BUY,OK,10,20,1,4306.35,4306.52,4306.44,17.0,0.3948,4300.72954072,4301.30465264,4301.85163258,4301.76241149,112.21,45.78,8.92,0.2072,0.2072,689.36,16.0076,0.024661,4305.20,4310.71,4300.49,4306.34,BULLISH,114.00,1022.00,0.111546,1.482541,16.7009,16.7009,4308.81313557,4328.99255705,4308.46807504,4328.05912344,-34.51,-93.34,-1959.10,-45.4925,BEARISH,COUNTER
2026.06.08 10:55_SELL,XAUUSD,PERIOD_M5,PERIOD_M15,2026.06.08 10:55:00,1780916100039,2026.06.08 10:55:00,SELL,OK,10,55,1,4296.52,4296.69,4296.60,17.0,0.3957,4303.75865645,4303.34229171,4302.31092516,4302.72208338,-144.77,-62.02,-41.12,-0.9569,0.9569,691.43,16.0924,0.024587,4298.52,4299.37,4295.64,4296.52,BEARISH,200.00,373.00,0.536193,0.539463,-26.0230,26.0230,4308.24635361,4327.19954997,4307.63812945,4326.20584213,-60.82,-99.37,-1856.77,-43.2148,BEARISH,ALIGNED
2026.06.08 13:00_BUY,XAUUSD,PERIOD_M5,PERIOD_M15,2026.06.08 13:00:00,1780923600005,2026.06.08 13:00:00,BUY,OK,13,0,1,4294.34,4294.51,4294.43,17.0,0.3959,4291.07540341,4291.16164249,4291.72832273,4291.45058408,65.29,28.89,27.77,0.6467,0.6467,736.50,17.1501,0.023082,4293.69,4295.69,4291.11,4294.34,BULLISH,65.00,458.00,0.141921,0.621860,1.1878,1.1878,4297.47644979,4316.12461973,4297.17774028,4315.27032092,-29.87,-85.43,-1809.26,-42.1304,BEARISH,COUNTER
2026.06.08 17:10_SELL,XAUUSD,PERIOD_M5,PERIOD_M15,2026.06.08 17:10:00,1780938600031,2026.06.08 17:10:00,SELL,OK,17,10,1,4320.56,4320.73,4320.65,17.0,0.3935,4329.96647103,4328.95184284,4328.08517683,4328.18894803,-188.13,-76.29,-10.38,-0.2402,0.2402,826.21,19.1225,0.020576,4322.35,4327.26,4319.02,4320.56,BEARISH,179.00,824.00,0.217233,0.997320,-31.7236,31.7236,4318.98243025,4318.55549280,4319.74029403,4318.88429701,75.79,32.88,85.60,1.9812,BULLISH,COUNTER
2026.06.08 18:10_BUY,XAUUSD,PERIOD_M5,PERIOD_M15,2026.06.08 18:10:00,1780942200005,2026.06.08 18:10:00,BUY,OK,18,10,1,4328.53,4328.70,4328.61,17.0,0.3927,4325.17835160,4325.19920289,4325.84868128,4325.50200263,67.03,30.28,34.67,0.8009,0.8009,733.07,16.9355,0.023190,4329.09,4330.79,4325.34,4328.53,BEARISH,56.00,545.00,0.102752,0.743447,4.6226,4.6226,4320.05632834,4319.11104506,4321.08429707,4319.57139624,102.80,46.04,151.29,3.4951,BULLISH,ALIGNED
2026.06.08 20:40_SELL,XAUUSD,PERIOD_M5,PERIOD_M15,2026.06.08 20:40:00,1780951200012,2026.06.08 20:40:00,SELL,OK,20,40,1,4334.98,4335.15,4335.06,17.0,0.3922,4338.23582934,4338.13340318,4337.58466347,4337.84673016,-65.12,-28.67,-26.21,-0.6045,0.6045,479.43,11.0593,0.035459,4335.65,4336.07,4332.08,4334.98,BEARISH,67.00,399.00,0.167920,0.832241,-1.4761,1.4761,4331.72984540,4325.29496705,4332.44319346,4325.84104678,71.33,54.61,660.21,15.2296,BULLISH,COUNTER
2026.06.08 21:05_BUY,XAUUSD,PERIOD_M5,PERIOD_M15,2026.06.08 21:05:00,1780952700006,2026.06.08 21:05:00,BUY,OK,21,5,1,4343.83,4344.00,4343.91,17.0,0.3914,4337.36064616,4337.56918596,4338.65651693,4338.13925996,129.59,57.01,51.73,1.1908,1.1908,420.57,9.6819,0.040421,4339.08,4344.95,4338.63,4343.84,BULLISH,476.00,632.00,0.753165,1.502717,15.6327,15.6327,4332.60288932,4326.16571161,4333.23594748,4326.67882096,63.31,51.31,655.71,15.0950,BULLISH,ALIGNED
2026.06.08 21:50_SELL,XAUUSD,PERIOD_M5,PERIOD_M15,2026.06.08 21:50:00,1780955400066,2026.06.08 21:50:00,SELL,OK,21,50,1,4334.66,4334.83,4334.74,17.0,0.3922,4339.73048405,4339.45181485,4338.71638724,4339.01619532,-101.41,-43.56,-29.98,-0.6916,0.6916,332.86,7.6788,0.051073,4336.72,4337.05,4334.56,4334.66,BEARISH,206.00,249.00,0.827309,0.748069,-13.9378,13.9378,4334.82520871,4327.85520535,4335.00566502,4328.20284436,18.05,34.76,680.28,15.6937,BULLISH,COUNTER
2026.06.09 04:15_BUY,XAUUSD,PERIOD_M5,PERIOD_M15,2026.06.09 04:15:00,1780978500005,2026.06.09 04:15:00,BUY,OK,4,15,2,4324.01,4324.22,4324.11,21.0,0.4856,4320.24898287,4320.53629067,4321.00118630,4320.85208243,75.22,31.58,14.91,0.3448,0.3448,459.21,10.6198,0.045730,4325.20,4326.81,4321.39,4324.01,BEARISH,119.00,542.00,0.219557,1.180277,9.5373,9.5373,4324.75262364,4325.90769816,4324.68189758,4325.83327863,-7.07,-7.44,-115.14,-2.6627,BEARISH,COUNTER
2026.06.09 07:20_SELL,XAUUSD,PERIOD_M5,PERIOD_M15,2026.06.09 07:20:00,1780989600277,2026.06.09 07:20:00,SELL,OK,7,20,2,4330.00,4330.21,4330.10,21.0,0.4850,4336.00233003,4335.64367490,4334.80186402,4335.13061355,-120.05,-51.31,-32.87,-0.7592,0.7592,410.71,9.4851,0.051130,4332.30,4332.90,4329.50,4330.00,BEARISH,230.00,340.00,0.676471,0.827826,-12.4786,12.4786,4332.66148127,4329.63113270,4332.62705449,4329.73579417,-3.44,10.47,289.13,6.6771,BULLISH,COUNTER
2026.06.09 08:35_BUY,XAUUSD,PERIOD_M5,PERIOD_M15,2026.06.09 08:35:00,1780994100002,2026.06.09 08:35:00,BUY,OK,8,35,2,4342.81,4342.98,4342.90,17.0,0.3914,4332.38849162,4332.54604784,4334.48079330,4333.48277076,209.23,93.67,99.80,2.2981,2.2981,463.00,10.6611,0.036717,4332.58,4344.18,4331.90,4342.85,BULLISH,1027.00,1228.00,0.836319,2.652268,21.5761,21.5761,4331.98254661,4329.86655439,4332.03944693,4329.97296402,5.69,10.64,206.65,4.7583,BULLISH,ALIGNED
2026.06.09 09:55_SELL,XAUUSD,PERIOD_M5,PERIOD_M15,2026.06.09 09:55:00,1780998900017,2026.06.09 09:55:00,SELL,OK,9,55,2,4335.32,4335.49,4335.40,17.0,0.3921,4339.38286450,4339.11368225,4338.57029160,4338.76880205,-81.26,-34.49,-19.85,-0.4579,0.4579,496.00,11.4407,0.034274,4339.65,4339.74,4334.83,4335.32,BEARISH,433.00,491.00,0.881874,0.989919,-5.9015,5.9015,4335.56723301,4331.89268736,4335.67511558,4332.08120943,10.79,18.85,359.39,8.2897,BULLISH,COUNTER
2026.06.09 11:40_BUY,XAUUSD,PERIOD_M5,PERIOD_M15,2026.06.09 11:40:00,1781005200050,2026.06.09 11:40:00,BUY,OK,11,40,2,4334.45,4334.62,4334.53,17.0,0.3922,4330.66992592,4331.03141226,4331.42594074,4331.34219297,75.60,31.08,8.37,0.1932,0.1932,463.79,10.6998,0.036655,4331.17,4334.82,4330.37,4334.45,BULLISH,328.00,445.00,0.737079,0.959495,5.5401,5.5401,4332.77222230,4331.47176448,4332.92915351,4331.58738156,15.69,11.56,134.18,3.0955,BULLISH,ALIGNED
2026.06.09 11:55_SELL,XAUUSD,PERIOD_M5,PERIOD_M15,2026.06.09 11:55:00,1781006100097,2026.06.09 11:55:00,SELL,OK,11,55,2,4329.99,4330.16,4330.07,17.0,0.3926,4331.36780207,4331.36644047,4331.09224166,4331.24130952,-27.56,-12.51,-14.91,-0.3443,0.3443,478.00,11.0391,0.035565,4328.22,4330.12,4325.89,4329.99,BULLISH,177.00,423.00,0.418440,0.884937,-10.2897,10.2897,4332.92915351,4331.58738156,4333.13304365,4331.72395483,20.39,13.66,140.91,3.2542,BULLISH,COUNTER
2026.06.09 13:00_BUY,XAUUSD,PERIOD_M5,PERIOD_M15,2026.06.09 13:00:00,1781010000043,2026.06.09 13:00:00,BUY,OK,13,0,2,4332.20,4332.37,4332.28,17.0,0.3924,4329.81300945,4329.98346114,4330.29040756,4330.18496467,47.74,20.15,10.54,0.2434,0.2434,438.86,10.1299,0.038737,4333.24,4333.44,4330.70,4332.20,BEARISH,104.00,274.00,0.379562,0.624349,11.6011,11.6011,4331.19152401,4331.06186922,4331.28756934,4331.10650180,9.60,4.46,18.11,0.4179,BULLISH,ALIGNED
2026.06.09 13:10_SELL,XAUUSD,PERIOD_M5,PERIOD_M15,2026.06.09 13:10:00,1781010600003,2026.06.09 13:10:00,SELL,OK,13,10,2,4327.25,4327.42,4327.34,17.0,0.3929,4330.38032605,4330.23542243,4329.75426084,4329.96402039,-62.61,-27.14,-20.98,-0.4847,0.4847,441.50,10.2026,0.038505,4330.77,4331.22,4325.46,4327.25,BEARISH,352.00,576.00,0.611111,1.304643,-13.8003,13.8003,4331.19152401,4331.06186922,4331.28756934,4331.10650180,9.60,4.46,18.11,0.4184,BULLISH,COUNTER
2026.06.09 13:15_BUY,XAUUSD,PERIOD_M5,PERIOD_M15,2026.06.09 13:15:00,1781010900000,2026.06.09 13:15:00,BUY,OK,13,15,2,4335.27,4335.36,4335.32,9.0,0.2076,4329.75426084,4329.96402039,4330.85740867,4330.44638217,110.31,48.24,41.10,0.9481,0.9481,479.29,11.0554,0.018778,4327.25,4335.79,4326.48,4335.27,BULLISH,802.00,931.00,0.861439,1.942474,7.0865,7.0865,4331.28756934,4331.10650180,4331.66684845,4331.26977624,37.93,16.33,39.71,0.9159,BULLISH,ALIGNED
2026.06.09 16:25_SELL,XAUUSD,PERIOD_M5,PERIOD_M15,2026.06.09 16:25:00,1781022300000,2026.06.09 16:25:00,SELL,OK,16,25,2,4333.47,4333.64,4333.56,17.0,0.3923,4338.99976959,4338.90359309,4337.89381567,4338.40963008,-110.60,-49.40,-51.58,-1.1903,1.1903,515.71,11.9005,0.032964,4333.99,4336.06,4331.52,4333.47,BEARISH,52.00,454.00,0.114537,0.880332,-18.2430,18.2430,4336.40365120,4333.81845983,4336.83758919,4334.09852023,43.39,28.01,273.91,6.3206,BULLISH,COUNTER
2026.06.09 21:20_BUY,XAUUSD,PERIOD_M5,PERIOD_M15,2026.06.09 21:20:00,1781040000027,2026.06.09 21:20:00,BUY,OK,21,20,2,4269.26,4269.43,4269.35,17.0,0.3982,4263.15858595,4263.79981292,4264.37886876,4264.29619357,122.03,49.64,8.27,0.1936,0.1936,608.14,14.2444,0.027954,4265.39,4270.00,4262.91,4269.26,BULLISH,387.00,709.00,0.545839,1.165844,15.9767,15.9767,4282.52425723,4305.10391991,4280.89242320,4303.54651129,-163.18,-155.74,-2265.41,-53.0622,BEARISH,COUNTER
2026.06.09 22:15_SELL,XAUUSD,PERIOD_M5,PERIOD_M15,2026.06.09 22:15:00,1781043300041,2026.06.09 22:15:00,SELL,OK,22,15,2,4258.76,4258.93,4258.85,17.0,0.3992,4267.32109407,4266.61008225,4265.60887525,4265.89643841,-171.22,-71.36,-28.76,-0.6752,0.6752,540.50,12.6912,0.031452,4265.05,4265.05,4257.94,4258.76,BEARISH,629.00,711.00,0.884669,1.315449,-26.2531,26.2531,4277.65008431,4299.57222039,4275.85102866,4297.97174116,-179.91,-160.05,-2212.07,-51.9406,BEARISH,ALIGNED
2026.06.10 08:30_BUY,XAUUSD,PERIOD_M5,PERIOD_M15,2026.06.10 08:30:00,1781080200033,2026.06.10 08:30:00,BUY,OK,8,30,3,4187.14,4187.31,4187.23,17.0,0.4060,4177.48714177,4178.40788608,4179.41771342,4179.20171462,193.06,79.38,21.60,0.5159,0.5159,442.93,10.5781,0.038381,4180.75,4187.28,4179.72,4187.14,BULLISH,639.00,756.00,0.845238,1.706821,17.8003,17.8003,4191.12915181,4225.78680333,4190.74923259,4224.27124242,-37.99,-151.56,-3352.20,-80.0578,BEARISH,COUNTER
2026.06.10 10:35_SELL,XAUUSD,PERIOD_M5,PERIOD_M15,2026.06.10 10:35:00,1781087700145,2026.06.10 10:35:00,SELL,OK,10,35,3,4194.70,4194.87,4194.78,17.0,0.4053,4201.05249755,4201.00578067,4199.78199804,4200.43252789,-127.05,-57.33,-65.05,-1.5508,1.5508,564.29,13.4521,0.030127,4194.89,4197.24,4191.81,4194.70,BEARISH,19.00,543.00,0.034991,0.962278,-9.5981,9.5981,4198.22359849,4219.72781555,4197.90611292,4218.75378357,-31.75,-97.40,-2084.77,-49.6990,BEARISH,ALIGNED
2026.06.10 13:55_BUY,XAUUSD,PERIOD_M5,PERIOD_M15,2026.06.10 13:55:00,1781099700043,2026.06.10 13:55:00,BUY,OK,13,55,3,4171.82,4172.01,4171.91,19.0,0.4554,4169.19940759,4169.50362787,4169.72352607,4169.71420716,52.41,21.06,0.93,0.0223,0.0223,661.79,15.8629,0.028710,4177.46,4178.68,4171.40,4171.82,BEARISH,564.00,728.00,0.774725,1.100054,10.5341,10.5341,4177.75709217,4200.23165281,4177.16308339,4199.10570564,-59.40,-112.59,-2194.26,-52.5960,BEARISH,COUNTER
2026.06.10 14:05_SELL,XAUUSD,PERIOD_M5,PERIOD_M15,2026.06.10 14:05:00,1781100300029,2026.06.10 14:05:00,SELL,OK,14,5,3,4161.40,4161.57,4161.48,17.0,0.4085,4170.71682086,4170.16655196,4168.85345669,4169.36959269,-186.34,-79.70,-51.61,-1.2403,1.2403,721.21,17.3307,0.023571,4174.69,4176.11,4160.01,4161.40,BEARISH,1329.00,1610.00,0.825466,2.232346,-38.4444,38.4444,4177.16308339,4199.10570564,4176.92755164,4198.14822699,-23.55,-95.75,-2122.07,-50.9930,BEARISH,ALIGNED
2026.06.10 16:45_BUY,XAUUSD,PERIOD_M5,PERIOD_M15,2026.06.10 16:45:00,1781109900005,2026.06.10 16:45:00,BUY,OK,16,45,3,4178.87,4179.03,4178.95,16.0,0.3829,4151.06089662,4151.82542669,4156.61871729,4154.28220609,555.78,245.68,233.65,5.5911,5.5911,1300.86,31.1288,0.012300,4166.11,4178.85,4163.47,4178.85,BULLISH,1274.00,1538.00,0.828349,1.182297,70.1004,70.1004,4160.62849010,4182.85921487,4162.36387200,4182.70199076,173.54,-15.72,-2033.81,-48.6680,BEARISH,COUNTER
2026.06.10 17:45_SELL,XAUUSD,PERIOD_M5,PERIOD_M15,2026.06.10 17:45:00,1781113500039,2026.06.10 17:45:00,SELL,OK,17,45,3,4149.87,4150.04,4149.95,17.0,0.4096,4165.00920312,4163.61828014,4161.98136250,4162.36843649,-302.78,-124.98,-38.71,-0.9327,0.9327,1129.93,27.2275,0.015045,4157.82,4161.40,4149.67,4149.87,BEARISH,795.00,1173.00,0.677749,1.038119,-27.0839,27.0839,4164.61153202,4181.42389662,4163.20757659,4180.18648891,-140.40,-123.74,-1697.89,-40.9135,BEARISH,ALIGNED
2026.06.11 03:30_BUY,XAUUSD,PERIOD_M5,PERIOD_M15,2026.06.11 03:30:00,1781148600021,2026.06.11 03:30:00,BUY,OK,3,30,4,4067.65,4067.88,4067.77,23.0,0.5654,4054.20953727,4054.98344589,4056.89762981,4056.13495081,268.81,115.15,76.27,1.8749,1.8749,1218.93,29.9656,0.018869,4061.64,4071.04,4057.43,4067.65,BULLISH,601.00,1361.00,0.441587,1.116554,38.0531,38.0531,4075.35710399,4112.83645621,4074.62309409,4111.06443832,-73.40,-177.20,-3644.13,-89.5857,BEARISH,COUNTER
2026.06.11 05:40_SELL,XAUUSD,PERIOD_M5,PERIOD_M15,2026.06.11 05:40:00,1781156400033,2026.06.11 05:40:00,SELL,OK,5,40,4,4067.13,4067.34,4067.24,21.0,0.5163,4089.33888564,4088.78812461,4084.89710851,4086.81920419,-444.18,-196.89,-192.21,-4.7258,4.7258,849.36,20.8829,0.024725,4073.36,4076.42,4065.15,4067.13,BEARISH,623.00,1127.00,0.552795,1.326886,-55.9898,55.9898,4083.83061730,4106.33964915,4083.70865374,4105.40672173,-12.20,-93.29,-2169.81,-53.3484,BEARISH,ALIGNED
2026.06.11 07:15_BUY,XAUUSD,PERIOD_M5,PERIOD_M15,2026.06.11 07:15:00,1781162100034,2026.06.11 07:15:00,BUY,OK,7,15,4,4082.77,4082.98,4082.88,21.0,0.5143,4072.09145708,4072.81093652,4074.22316567,4073.71448775,213.17,90.36,50.87,1.2459,1.2459,668.21,16.3663,0.031427,4079.94,4083.11,4078.09,4082.75,BULLISH,281.00,502.00,0.559761,0.751256,24.4058,24.4058,4075.99052371,4097.06062476,4076.63428336,4096.49942379,64.38,-56.12,-1986.51,-48.6548,BEARISH,COUNTER
2026.06.11 11:45_SELL,XAUUSD,PERIOD_M5,PERIOD_M15,2026.06.11 11:45:00,1781178300012,2026.06.11 11:45:00,SELL,OK,11,45,4,4090.67,4090.84,4090.76,17.0,0.4156,4100.64633075,4100.32268274,4098.65106460,4099.44516613,-199.53,-87.75,-79.41,-1.9412,1.9412,587.93,14.3721,0.028915,4095.36,4096.88,4090.30,4090.67,BEARISH,469.00,658.00,0.712766,1.119184,-16.6200,16.6200,4092.69924224,4095.22254008,4092.50598108,4095.04400910,-19.33,-17.85,-253.80,-6.2043,BEARISH,ALIGNED
2026.06.11 16:55_BUY,XAUUSD,PERIOD_M5,PERIOD_M15,2026.06.11 16:55:00,1781196900031,2026.06.11 16:55:00,BUY,OK,16,55,4,4085.12,4085.22,4085.17,10.0,0.2448,4077.30217057,4077.87148340,4078.85973645,4078.52771219,155.76,65.62,33.20,0.8128,0.8128,1011.00,24.7481,0.009891,4083.66,4092.57,4083.66,4085.09,BULLISH,143.00,891.00,0.160494,0.881306,30.7423,30.7423,4082.41558909,4088.25937469,4081.84458061,4087.79508549,-57.10,-46.43,-595.05,-14.5661,BEARISH,COUNTER
2026.06.11 17:10_SELL,XAUUSD,PERIOD_M5,PERIOD_M15,2026.06.11 17:10:00,1781197800031,2026.06.11 17:10:00,SELL,OK,17,10,4,4062.53,4062.66,4062.60,13.0,0.3200,4079.39503133,4078.87248941,4076.01602506,4077.38408128,-337.90,-148.84,-136.81,-3.3674,3.3674,1069.00,26.3132,0.012161,4078.00,4078.00,4060.46,4062.50,BEARISH,1550.00,1754.00,0.883694,1.640786,-55.2987,55.2987,4081.84458061,4087.79508549,4081.98128722,4087.61802331,13.67,-17.71,-563.67,-13.8747,BEARISH,ALIGNED
2026.06.11 18:10_BUY,XAUUSD,PERIOD_M5,PERIOD_M15,2026.06.11 18:10:00,1781201400007,2026.06.11 18:10:00,BUY,OK,18,10,4,4081.04,4081.21,4081.13,17.0,0.4166,4074.95133623,4075.41021244,4076.16906899,4075.92201131,121.77,51.18,24.71,0.6054,0.6054,1025.93,25.1384,0.016570,4073.50,4086.50,4072.16,4081.04,BULLISH,754.00,1434.00,0.525802,1.397758,9.8110,9.8110,4079.19299093,4085.73073301,4078.64413465,4085.24835132,-54.89,-48.24,-660.42,-16.1823,BEARISH,COUNTER
2026.06.11 19:55_SELL,XAUUSD,PERIOD_M5,PERIOD_M15,2026.06.11 19:55:00,1781207700011,2026.06.11 19:55:00,SELL,OK,19,55,4,4079.69,4079.84,4079.77,15.0,0.3677,4084.99262780,4084.71604506,4083.93210224,4084.25913187,-106.05,-45.69,-32.70,-0.8016,0.8016,714.21,17.5063,0.021002,4081.47,4082.42,4078.04,4079.69,BEARISH,178.00,438.00,0.406393,0.613261,-7.1768,7.1768,4082.57186448,4085.64294001,4082.51740119,4085.50007962,-5.45,-14.29,-298.27,-7.3109,BEARISH,ALIGNED
2026.06.11 20:30_BUY,XAUUSD,PERIOD_M5,PERIOD_M15,2026.06.11 20:30:00,1781209800014,2026.06.11 20:30:00,BUY,OK,20,30,4,4102.05,4102.22,4102.14,17.0,0.4144,4079.60032389,4081.47487979,4084.09025911,4083.34534527,448.99,187.05,74.49,1.8159,1.8159,727.79,17.7416,0.023359,4080.45,4102.41,4078.41,4102.05,BULLISH,2160.00,2400.00,0.900000,3.297674,63.8366,63.8366,4081.70245313,4084.93013885,4083.64031474,4085.60150596,193.79,67.14,-196.12,-4.7809,BEARISH,COUNTER
2026.06.12 03:45_SELL,XAUUSD,PERIOD_M5,PERIOD_M15,2026.06.12 03:45:00,1781235900027,2026.06.12 03:45:00,SELL,OK,3,45,5,4203.99,4204.20,4204.09,21.0,0.4995,4218.88131693,4217.69340855,4215.90305354,4216.44764414,-297.83,-124.58,-54.46,-1.2954,1.2954,833.14,19.8174,0.025206,4214.83,4215.00,4202.78,4203.99,BEARISH,1084.00,1222.00,0.887070,1.466735,-38.8354,38.8354,4193.00864912,4150.47079712,4194.05449206,4152.56958939,104.58,209.88,4148.49,98.6774,BULLISH,COUNTER
2026.06.12 06:20_BUY,XAUUSD,PERIOD_M5,PERIOD_M15,2026.06.12 06:20:00,1781245200008,2026.06.12 06:20:00,BUY,OK,6,20,5,4196.13,4196.34,4196.24,21.0,0.5004,4191.15336410,4191.67591990,4192.14869128,4192.08083627,99.53,40.49,6.79,0.1617,0.1617,593.79,14.1504,0.035366,4193.93,4201.31,4193.67,4196.13,BULLISH,220.00,764.00,0.287958,1.286659,10.2103,10.2103,4190.97934233,4163.59405127,4191.26035735,4164.78369632,28.10,118.96,2647.67,63.0962,BULLISH,ALIGNED
2026.06.12 07:25_SELL,XAUUSD,PERIOD_M5,PERIOD_M15,2026.06.12 07:25:00,1781249100063,2026.06.12 07:25:00,SELL,OK,7,25,5,4193.23,4193.44,4193.33,21.0,0.5008,4195.99518211,4195.73440489,4195.43814569,4195.50491354,-55.70,-22.95,-6.68,-0.1592,0.1592,539.64,12.8691,0.038915,4192.13,4193.52,4190.60,4193.21,BULLISH,108.00,292.00,0.369863,0.541099,-7.0302,7.0302,4193.46062748,4168.75163827,4193.54532962,4169.75549560,8.47,100.39,2378.98,56.7325,BULLISH,COUNTER
2026.06.12 11:00_BUY,XAUUSD,PERIOD_M5,PERIOD_M15,2026.06.12 11:00:00,1781262000007,2026.06.12 11:00:00,BUY,OK,11,0,5,4194.25,4194.39,4194.32,14.0,0.3338,4177.42909812,4178.79805442,4180.79327850,4180.20277675,336.42,140.47,59.05,1.4079,1.4079,680.71,16.2294,0.020567,4175.70,4194.33,4175.49,4194.25,BULLISH,1855.00,1884.00,0.984607,2.767681,26.7268,26.7268,4184.65074457,4175.28414500,4185.56495938,4176.02790402,91.42,74.38,953.71,22.7380,BULLISH,ALIGNED
2026.06.12 13:35_SELL,XAUUSD,PERIOD_M5,PERIOD_M15,2026.06.12 13:35:00,1781271300010,2026.06.12 13:35:00,SELL,OK,13,35,5,4214.69,4214.86,4214.77,17.0,0.4033,4217.39365456,4217.08773011,4216.85292365,4216.86975464,-54.07,-21.80,-1.68,-0.0399,0.0399,635.79,15.0847,0.026739,4206.80,4218.73,4206.53,4214.69,BULLISH,789.00,1220.00,0.646721,1.918886,-7.3024,7.3024,4205.91230201,4189.07824231,4205.99684467,4189.77321320,8.45,69.50,1622.36,38.4923,BULLISH,COUNTER
2026.06.12 18:05_BUY,XAUUSD,PERIOD_M5,PERIOD_M15,2026.06.12 18:05:00,1781287500002,2026.06.12 18:05:00,BUY,OK,18,5,5,4203.25,4203.42,4203.34,17.0,0.4044,4194.54421895,4194.72292769,4196.28537516,4195.49811608,174.12,77.52,78.73,1.8729,1.8729,1069.21,25.4373,0.015900,4203.98,4209.40,4200.25,4203.25,BEARISH,73.00,915.00,0.079781,0.855769,48.3622,48.3622,4197.90930868,4194.04972214,4198.48746976,4194.43914480,57.82,38.94,404.83,9.6312,BULLISH,ALIGNED
2026.06.12 22:05_SELL,XAUUSD,PERIOD_M5,PERIOD_M15,2026.06.12 22:05:00,1781301900074,2026.06.12 22:05:00,SELL,OK,22,5,5,4217.69,4217.86,4217.77,17.0,0.4031,4223.09104880,4222.45501820,4222.01083904,4222.02183473,-108.02,-43.32,-1.10,-0.0261,0.0261,471.07,11.1687,0.036088,4215.63,4218.46,4214.41,4217.69,BULLISH,206.00,405.00,0.508642,0.859742,-12.4084,12.4084,4216.29494567,4206.12909911,4216.22971275,4206.50089914,-6.52,37.18,972.88,23.0662,BULLISH,COUNTER
2026.06.15 01:05_BUY,XAUUSD,PERIOD_M5,PERIOD_M15,2026.06.15 01:05:00,1781485500054,2026.06.15 01:05:00,BUY,OK,1,5,1,4300.64,4302.04,4301.34,140.0,3.2548,4209.50546876,4213.56748671,4227.73237501,4221.48316973,1822.69,791.57,624.92,14.5285,14.5285,1081.36,25.1400,0.129467,4262.55,4302.70,4231.18,4300.64,BULLISH,3809.00,7152.00,0.532578,6.613911,222.6300,222.6300,4214.62642692,4206.92969388,4214.25533865,4207.07872550,-37.11,14.90,717.66,16.6846,BULLISH,ALIGNED
2026.06.15 08:45_SELL,XAUUSD,PERIOD_M5,PERIOD_M15,2026.06.15 08:45:00,1781513100038,2026.06.15 08:45:00,SELL,OK,8,45,1,4312.72,4312.89,4312.81,17.0,0.3942,4326.95688642,4326.71039394,4324.10950914,4325.43853995,-284.74,-127.19,-132.90,-3.0816,3.0816,416.79,9.6639,0.040788,4320.71,4320.98,4312.66,4312.72,BEARISH,799.00,832.00,0.960337,1.996230,-40.5287,40.5287,4316.29054326,4282.89574335,4315.95049152,4284.06532205,-34.01,116.96,3188.52,73.9314,BULLISH,COUNTER
2026.06.15 10:30_BUY,XAUUSD,PERIOD_M5,PERIOD_M15,2026.06.15 10:30:00,1781519400002,2026.06.15 10:30:00,BUY,OK,10,30,1,4316.71,4316.88,4316.80,17.0,0.3938,4311.95343720,4312.41281802,4312.90474976,4312.80347093,95.13,39.07,10.13,0.2346,0.2346,427.00,9.8916,0.039813,4316.42,4318.21,4315.54,4316.71,BULLISH,29.00,267.00,0.108614,0.625293,7.2098,7.2098,4312.74491123,4289.33038566,4313.12253873,4290.40409603,37.76,107.37,2271.84,52.6280,BULLISH,ALIGNED
2026.06.15 15:00_SELL,XAUUSD,PERIOD_M5,PERIOD_M15,2026.06.15 15:00:00,1781535600007,2026.06.15 15:00:00,SELL,OK,15,0,1,4335.27,4335.40,4335.34,13.0,0.2999,4338.77134991,4338.58072799,4338.07107993,4338.27975272,-70.03,-30.10,-20.87,-0.4813,0.4813,420.50,9.6994,0.030916,4335.95,4336.27,4333.88,4335.27,BEARISH,68.00,239.00,0.284519,0.568371,-7.3298,7.3298,4332.50279987,4312.78944409,4332.76634274,4313.67103452,26.35,88.16,1909.53,44.0458,BULLISH,COUNTER
2026.06.15 15:40_BUY,XAUUSD,PERIOD_M5,PERIOD_M15,2026.06.15 15:40:00,1781538000001,2026.06.15 15:40:00,BUY,OK,15,40,1,4344.03,4344.16,4344.09,13.0,0.2993,4336.24608491,4336.74316445,4337.80286793,4337.40560405,155.68,66.24,39.73,0.9145,0.9145,626.36,14.4186,0.020755,4342.45,4346.72,4340.58,4344.03,BULLISH,158.00,614.00,0.257329,0.980271,25.2244,25.2244,4332.61240534,4314.35648414,4333.05027150,4315.25270045,43.79,89.62,1779.76,40.9696,BULLISH,ALIGNED
2026.06.15 18:20_SELL,XAUUSD,PERIOD_M5,PERIOD_M15,2026.06.15 18:20:00,1781547600009,2026.06.15 18:20:00,SELL,OK,18,20,1,4351.52,4351.67,4351.60,15.0,0.3447,4356.17028168,4356.01808812,4355.24022535,4355.60917102,-93.01,-40.89,-36.89,-0.8478,0.8478,651.71,14.9764,0.023016,4351.05,4356.06,4350.42,4351.52,BULLISH,47.00,564.00,0.083333,0.865410,-7.7155,7.7155,4347.62929794,4328.52079680,4347.95507909,4329.40429497,32.58,88.35,1855.08,42.6298,BULLISH,COUNTER
2026.06.15 18:50_BUY,XAUUSD,PERIOD_M5,PERIOD_M15,2026.06.15 18:50:00,1781549400043,2026.06.15 18:50:00,BUY,OK,18,50,1,4356.91,4357.04,4356.98,13.0,0.2984,4355.25809304,4355.43248146,4355.58847443,4355.56680133,33.04,13.43,2.17,0.0497,0.0497,531.64,12.2021,0.024453,4357.47,4360.78,4356.86,4356.91,BEARISH,56.00,392.00,0.142857,0.737337,9.4882,9.4882,4348.53650013,4330.37118536,4349.38730964,4331.43388397,85.08,106.27,1795.34,41.2062,BULLISH,ALIGNED
2026.06.15 19:10_SELL,XAUUSD,PERIOD_M5,PERIOD_M15,2026.06.15 19:10:00,1781550600058,2026.06.15 19:10:00,SELL,OK,19,10,1,4352.28,4352.40,4352.34,12.0,0.2757,4356.12777891,4355.84155622,4355.35622313,4355.51686929,-77.16,-32.47,-16.06,-0.3691,0.3691,479.21,11.0105,0.025041,4357.11,4358.75,4352.23,4352.27,BEARISH,484.00,652.00,0.742331,1.360560,-10.0765,10.0765,4349.38730964,4331.43388397,4350.03613729,4332.40510421,64.88,97.12,1763.10,40.5093,BULLISH,COUNTER
2026.06.16 02:45_BUY,XAUUSD,PERIOD_M5,PERIOD_M15,2026.06.16 02:45:00,1781577900065,2026.06.16 02:45:00,BUY,OK,2,45,2,4318.20,4318.39,4318.30,19.0,0.4400,4314.38451850,4314.83158241,4315.14761480,4315.13780220,76.31,30.62,0.98,0.0227,0.0227,295.71,6.8479,0.064251,4315.15,4318.57,4313.51,4318.20,BULLISH,305.00,506.00,0.602767,1.711111,6.2333,6.2333,4322.42235059,4326.31411715,4322.02022196,4325.99591648,-40.21,-31.82,-397.57,-9.2066,BEARISH,COUNTER
2026.06.16 03:20_SELL,XAUUSD,PERIOD_M5,PERIOD_M15,2026.06.16 03:20:00,1781580000011,2026.06.16 03:20:00,SELL,OK,3,20,2,4311.63,4311.80,4311.72,17.0,0.3943,4315.61668417,4315.53407492,4314.81934734,4315.17915902,-79.73,-35.49,-35.98,-0.8345,0.8345,355.14,8.2367,0.047868,4313.47,4315.82,4310.06,4311.63,BEARISH,184.00,576.00,0.319444,1.621883,-9.4075,9.4075,4321.40877225,4325.58823348,4320.65555585,4325.11418511,-75.32,-47.40,-445.86,-10.3407,BEARISH,ALIGNED
2026.06.16 04:05_BUY,XAUUSD,PERIOD_M5,PERIOD_M15,2026.06.16 04:05:00,1781582700031,2026.06.16 04:05:00,BUY,OK,4,5,2,4322.17,4322.34,4322.26,17.0,0.3933,4313.68530119,4313.81442999,4315.38224095,4314.57402727,169.69,75.96,80.82,1.8699,1.8699,424.43,9.8196,0.040054,4319.19,4325.90,4316.60,4322.17,BULLISH,298.00,930.00,0.320430,2.191181,22.9113,22.9113,4318.67169084,4323.92722739,4318.72105362,4323.74145377,4.94,-18.58,-502.04,-11.6152,BEARISH,COUNTER
2026.06.16 05:00_SELL,XAUUSD,PERIOD_M5,PERIOD_M15,2026.06.16 05:00:00,1781586000015,2026.06.16 05:00:00,SELL,OK,5,0,2,4313.57,4313.74,4313.65,17.0,0.3941,4316.53498190,4316.19529423,4315.94598552,4315.95844930,-58.90,-23.68,-1.25,-0.0289,0.0289,525.71,12.1872,0.032337,4313.98,4314.17,4312.15,4313.59,BEARISH,39.00,202.00,0.193069,0.384239,-3.3372,3.3372,4318.51001045,4323.09274257,4318.04143802,4322.72008600,-46.86,-37.27,-467.86,-10.8461,BEARISH,ALIGNED
2026.06.16 06:00_BUY,XAUUSD,PERIOD_M5,PERIOD_M15,2026.06.16 06:00:00,1781589600082,2026.06.16 06:00:00,BUY,OK,6,0,2,4318.72,4318.89,4318.81,17.0,0.3936,4313.60975869,4313.96047745,4314.63180695,4314.39316132,102.20,43.27,23.86,0.5526,0.5526,398.14,9.2188,0.042698,4316.16,4320.86,4315.04,4318.72,BULLISH,256.00,582.00,0.439863,1.461787,15.3986,15.3986,4316.34866898,4321.44737241,4316.57451003,4321.34041663,22.58,-10.70,-476.59,-11.0352,BEARISH,COUNTER
2026.06.16 08:40_SELL,XAUUSD,PERIOD_M5,PERIOD_M15,2026.06.16 08:40:00,1781599200003,2026.06.16 08:40:00,SELL,OK,8,40,2,4316.88,4316.97,4316.93,9.0,0.2085,4325.07260376,4324.60708027,4323.43408300,4323.90461843,-163.85,-70.25,-47.05,-1.0900,1.0900,367.93,8.5229,0.024461,4321.92,4324.70,4316.84,4316.88,BEARISH,504.00,786.00,0.641221,2.136284,-20.0668,20.0668,4321.54684943,4322.42571692,4322.09286377,4322.61608096,54.60,19.04,-52.32,-1.2120,BEARISH,ALIGNED
2026.06.16 10:05_BUY,XAUUSD,PERIOD_M5,PERIOD_M15,2026.06.16 10:05:00,1781604300037,2026.06.16 10:05:00,BUY,OK,10,5,2,4326.82,4326.95,4326.89,13.0,0.3004,4319.12300985,4319.51843305,4320.66240788,4320.18221186,153.94,66.38,48.02,1.1098,1.1098,403.00,9.3139,0.032258,4323.91,4326.91,4322.63,4326.82,BULLISH,291.00,428.00,0.679907,1.062035,20.1941,20.1941,4320.08525193,4321.60168816,4320.44951365,4321.69221019,36.43,9.05,-124.27,-2.8720,BEARISH,COUNTER
2026.06.16 14:20_SELL,XAUUSD,PERIOD_M5,PERIOD_M15,2026.06.16 14:20:00,1781619600068,2026.06.16 14:20:00,SELL,OK,14,20,2,4340.78,4340.91,4340.84,13.0,0.2995,4344.25749098,4344.10625444,4343.56199278,4343.80386767,-69.55,-30.24,-24.19,-0.5572,0.5572,287.64,6.6264,0.045195,4341.62,4341.98,4338.72,4340.78,BEARISH,84.00,326.00,0.257669,1.133350,-8.0336,8.0336,4338.37506973,4331.05131182,4338.68411071,4331.46577018,30.90,41.45,721.83,16.6289,BULLISH,COUNTER
2026.06.16 15:30_BUY,XAUUSD,PERIOD_M5,PERIOD_M15,2026.06.16 15:30:00,1781623800015,2026.06.16 15:30:00,BUY,OK,15,30,2,4343.79,4343.92,4343.85,13.0,0.2993,4341.63193221,4341.86614492,4342.06354577,4342.04104084,43.16,17.49,2.25,0.0518,0.0518,427.93,9.8514,0.030379,4342.04,4343.89,4339.26,4343.79,BULLISH,175.00,463.00,0.377970,1.081956,-2.2786,-2.2786,4339.71939589,4332.98476288,4340.10707247,4333.40849767,38.77,42.37,669.86,15.4208,BULLISH,ALIGNED
2026.06.16 16:25_SELL,XAUUSD,PERIOD_M5,PERIOD_M15,2026.06.16 16:25:00,1781627100118,2026.06.16 16:25:00,SELL,OK,16,25,2,4338.28,4338.43,4338.35,15.0,0.3458,4345.27743376,4344.82082698,4343.87794701,4344.22620635,-139.95,-59.46,-34.83,-0.8027,0.8027,513.86,11.8445,0.029191,4340.56,4340.62,4333.29,4338.28,BEARISH,228.00,733.00,0.311050,1.426466,-11.4430,11.4430,4342.30978041,4334.85127370,4342.45551561,4335.20377277,14.57,35.25,725.17,16.7154,BULLISH,COUNTER
2026.06.16 19:00_BUY,XAUUSD,PERIOD_M5,PERIOD_M15,2026.06.16 19:00:00,1781636400060,2026.06.16 19:00:00,BUY,OK,19,0,2,4335.26,4335.30,4335.28,4.0,0.0923,4327.95216477,4328.09252080,4329.41573181,4328.74501891,146.36,65.25,67.07,1.5471,1.5471,530.29,12.2319,0.007543,4338.01,4343.49,4335.24,4335.27,BEARISH,274.00,825.00,0.332121,1.555765,19.9462,19.9462,4333.05300274,4332.89305975,4333.26414534,4332.98627309,21.11,9.32,27.79,0.6410,BULLISH,ALIGNED
2026.06.16 20:25_SELL,XAUUSD,PERIOD_M5,PERIOD_M15,2026.06.16 20:25:00,1781641500051,2026.06.16 20:25:00,SELL,OK,20,25,2,4328.51,4328.64,4328.58,13.0,0.3003,4338.19704071,4337.67436823,4336.25963257,4336.84124385,-193.74,-83.31,-58.16,-1.3437,1.3437,385.79,8.9125,0.033697,4331.30,4331.72,4325.34,4328.51,BEARISH,279.00,638.00,0.437304,1.653768,-26.1070,26.1070,4336.67723029,4334.57528367,4336.58035122,4334.61782156,-9.69,4.25,196.25,4.5339,BULLISH,COUNTER
2026.06.16 20:55_BUY,XAUUSD,PERIOD_M5,PERIOD_M15,2026.06.16 20:55:00,1781643300086,2026.06.16 20:55:00,BUY,OK,20,55,2,4339.40,4339.53,4339.47,13.0,0.2996,4336.91567800,4336.94024560,4337.41254240,4337.16385964,49.69,22.36,24.87,0.5731,0.5731,403.21,9.2918,0.032241,4337.32,4340.53,4336.80,4339.40,BULLISH,208.00,373.00,0.557641,0.925066,5.6261,5.6261,4336.40412729,4334.62222072,4336.60754374,4334.77585912,20.34,15.36,183.17,4.2210,BULLISH,ALIGNED
2026.06.16 22:45_SELL,XAUUSD,PERIOD_M5,PERIOD_M15,2026.06.16 22:45:00,1781649900070,2026.06.16 22:45:00,SELL,OK,22,45,2,4338.63,4338.67,4338.65,4.0,0.0922,4339.14980572,4339.11012969,4339.04184458,4339.06466335,-10.80,-4.55,-2.28,-0.0526,0.0526,241.93,5.5761,0.016534,4337.72,4339.27,4336.98,4338.61,BULLISH,89.00,229.00,0.388646,0.946560,-2.2583,2.2583,4338.22420802,4336.02755650,4338.26095011,4336.12882880,3.67,10.13,213.21,4.9143,BULLISH,COUNTER
2026.06.17 02:20_BUY,XAUUSD,PERIOD_M5,PERIOD_M15,2026.06.17 02:20:00,1781662800078,2026.06.17 02:20:00,BUY,OK,2,20,3,4335.91,4336.12,4336.01,21.0,0.4843,4334.60002409,4334.70160532,4334.86401927,4334.81236847,26.40,11.08,5.17,0.1191,0.1191,218.43,5.0375,0.096141,4336.65,4337.02,4335.78,4335.92,BEARISH,73.00,124.00,0.588710,0.567691,3.2991,3.2991,4336.19124111,4335.55326809,4336.23493243,4335.59627718,4.37,4.30,63.87,1.4729,BULLISH,ALIGNED
2026.06.17 02:50_SELL,XAUUSD,PERIOD_M5,PERIOD_M15,2026.06.17 02:50:00,1781664600153,2026.06.17 02:50:00,SELL,OK,2,50,3,4333.43,4333.64,4333.53,21.0,0.4846,4334.90348343,4334.90306721,4334.60878675,4334.76915201,-29.47,-13.39,-16.04,-0.3701,0.3701,189.00,4.3613,0.111111,4334.63,4335.05,4332.56,4333.43,BEARISH,120.00,249.00,0.481928,1.317460,-4.2443,4.2443,4336.22874839,4335.61877612,4336.07648664,4335.58000058,-15.23,-3.88,49.65,1.1457,BULLISH,COUNTER
2026.06.17 03:10_BUY,XAUUSD,PERIOD_M5,PERIOD_M15,2026.06.17 03:10:00,1781665800017,2026.06.17 03:10:00,BUY,OK,3,10,3,4338.13,4338.30,4338.22,17.0,0.3919,4333.72849881,4334.25646282,4334.61279905,4334.61042074,88.43,35.40,0.24,0.0055,0.0055,260.14,5.9965,0.065349,4334.50,4339.14,4333.70,4338.15,BULLISH,365.00,544.00,0.670956,2.091159,13.1565,13.1565,4336.07648664,4335.58000058,4335.59015458,4335.39921625,-48.63,-18.08,19.09,0.4401,BULLISH,ALIGNED
2026.06.17 05:50_SELL,XAUUSD,PERIOD_M5,PERIOD_M15,2026.06.17 05:50:00,1781675400060,2026.06.17 05:50:00,SELL,OK,5,50,3,4334.61,4334.78,4334.69,17.0,0.3922,4340.20013621,4340.05779813,4339.08210897,4339.56254375,-111.80,-49.53,-48.04,-1.1083,1.1083,356.00,8.2128,0.047753,4338.78,4338.88,4331.79,4334.61,BEARISH,417.00,709.00,0.588152,1.991573,-13.1787,13.1787,4338.73393750,4337.02490510,4338.73832440,4337.09373235,0.44,6.88,164.46,3.7940,BULLISH,COUNTER
2026.06.17 08:50_BUY,XAUUSD,PERIOD_M5,PERIOD_M15,2026.06.17 08:50:00,1781686200051,2026.06.17 08:50:00,BUY,OK,8,50,3,4331.89,4332.02,4331.95,13.0,0.3001,4327.41973918,4327.63300788,4328.31379135,4328.02000716,89.41,38.70,29.38,0.6782,0.6782,339.43,7.8355,0.038300,4329.76,4334.30,4329.17,4331.89,BULLISH,213.00,513.00,0.415205,1.511364,4.5728,4.5728,4331.38684394,4333.93943349,4331.23190642,4333.77553414,-15.49,-16.39,-254.36,-5.8718,BEARISH,COUNTER
2026.06.17 09:20_SELL,XAUUSD,PERIOD_M5,PERIOD_M15,2026.06.17 09:20:00,1781688000014,2026.06.17 09:20:00,SELL,OK,9,20,3,4323.83,4323.96,4323.90,13.0,0.3007,4328.38550475,4328.16045263,4327.47440380,4327.76677511,-91.11,-39.37,-29.24,-0.6762,0.6762,405.07,9.3682,0.032093,4329.54,4329.54,4323.36,4323.83,BEARISH,571.00,618.00,0.923948,1.525657,-9.6580,9.6580,4330.79362962,4333.49531712,4330.67423632,4333.34020664,-11.94,-15.51,-266.60,-6.1657,BEARISH,ALIGNED
2026.06.17 09:55_BUY,XAUUSD,PERIOD_M5,PERIOD_M15,2026.06.17 09:55:00,1781690100037,2026.06.17 09:55:00,BUY,OK,9,55,3,4329.40,4329.53,4329.47,13.0,0.3003,4327.08097459,4327.24227614,4327.54677967,4327.43934195,46.58,19.71,10.74,0.2482,0.2482,398.86,9.2126,0.032593,4329.30,4330.33,4327.84,4329.41,BULLISH,11.00,249.00,0.044177,0.624284,7.9982,7.9982,4330.07192810,4332.98764952,4329.84603018,4332.78029071,-22.59,-20.74,-293.43,-6.7774,BEARISH,COUNTER
2026.06.17 10:55_SELL,XAUUSD,PERIOD_M5,PERIOD_M15,2026.06.17 10:55:00,1781693700050,2026.06.17 10:55:00,SELL,OK,10,55,3,4325.37,4325.53,4325.45,16.0,0.3699,4328.30992863,4328.23344761,4327.72194290,4327.97313419,-58.80,-26.03,-25.12,-0.5807,0.5807,367.07,8.4863,0.043588,4326.48,4328.54,4325.26,4325.37,BEARISH,111.00,328.00,0.338415,0.893559,-13.0685,13.0685,4329.69633312,4332.38857937,4329.62430140,4332.25334096,-7.20,-13.52,-262.90,-6.0781,BEARISH,ALIGNED
2026.06.17 12:30_BUY,XAUUSD,PERIOD_M5,PERIOD_M15,2026.06.17 12:30:00,1781699400029,2026.06.17 12:30:00,BUY,OK,12,30,3,4332.01,4332.14,4332.08,13.0,0.3001,4324.79281309,4324.81689923,4326.23625047,4325.47081748,144.34,65.39,76.54,1.7669,1.7669,357.50,8.2524,0.036364,4327.38,4333.24,4327.38,4332.01,BULLISH,463.00,586.00,0.790102,1.639161,15.4439,15.4439,4326.96514182,4330.42995003,4327.44560450,4330.49191278,48.05,6.20,-304.63,-7.0320,BEARISH,COUNTER
2026.06.17 14:35_SELL,XAUUSD,PERIOD_M5,PERIOD_M15,2026.06.17 14:35:00,1781706900042,2026.06.17 14:35:00,SELL,OK,14,35,3,4325.73,4325.86,4325.80,13.0,0.3005,4329.43676054,4329.07018351,4328.69540843,4328.76653047,-74.14,-30.37,-7.11,-0.1644,0.1644,290.79,6.7221,0.044706,4328.90,4329.00,4325.69,4325.73,BEARISH,317.00,331.00,0.957704,1.138295,-10.4613,10.4613,4328.73398280,4330.36287872,4328.74979396,4330.30551092,1.58,-5.74,-155.57,-3.5964,BEARISH,ALIGNED
2026.06.17 15:40_BUY,XAUUSD,PERIOD_M5,PERIOD_M15,2026.06.17 15:40:00,1781710800045,2026.06.17 15:40:00,BUY,OK,15,40,3,4330.57,4330.70,4330.64,13.0,0.3002,4325.72944328,4326.29598570,4326.69755463,4326.68453245,96.81,38.85,1.30,0.0301,0.0301,386.07,8.9149,0.033673,4328.99,4332.17,4328.18,4330.57,BULLISH,158.00,399.00,0.395990,1.033488,8.6437,8.6437,4327.54831841,4329.61100628,4327.28847856,4329.42312369,-25.98,-18.79,-213.46,-4.9292,BEARISH,COUNTER
2026.06.17 21:05_SELL,XAUUSD,PERIOD_M5,PERIOD_M15,2026.06.17 21:05:00,1781730300003,2026.06.17 21:05:00,SELL,OK,21,5,3,4316.22,4316.35,4316.28,13.0,0.3012,4373.07425887,4367.05094082,4361.70340710,4362.42994620,-1137.09,-462.10,-72.65,-1.6833,1.6833,1019.64,23.6232,0.012750,4379.88,4379.88,4316.14,4316.22,BEARISH,6366.00,6374.00,0.998745,6.251208,-137.1272,137.1272,4353.83328333,4343.43977136,4356.31392302,4344.86879993,248.06,142.90,1144.51,26.5161,BULLISH,COUNTER
2026.06.18 02:15_BUY,XAUUSD,PERIOD_M5,PERIOD_M15,2026.06.18 02:15:00,1781748900017,2026.06.18 02:15:00,BUY,OK,2,15,4,4281.84,4281.97,4281.91,13.0,0.3036,4266.44272380,4266.46703909,4269.51017904,4267.85912644,306.75,139.21,165.11,3.8559,3.8559,549.21,12.8264,0.023670,4274.03,4282.32,4273.47,4281.78,BULLISH,775.00,885.00,0.875706,1.611393,35.2494,35.2494,4291.69421989,4314.72340247,4290.75000847,4313.43150433,-94.42,-129.19,-2268.15,-52.9706,BEARISH,COUNTER
2026.06.18 06:05_SELL,XAUUSD,PERIOD_M5,PERIOD_M15,2026.06.18 06:05:00,1781762700013,2026.06.18 06:05:00,SELL,OK,6,5,4,4312.12,4312.31,4312.22,19.0,0.4406,4317.22365861,4316.89766559,4316.20692689,4316.46515054,-101.67,-43.25,-25.82,-0.5988,0.5988,475.50,11.0268,0.039958,4310.94,4312.41,4309.09,4312.14,BULLISH,120.00,332.00,0.361446,0.698212,-2.3185,2.3185,4307.41334781,4311.82851013,4307.75017183,4311.79405876,33.68,-3.45,-404.39,-9.3777,BEARISH,ALIGNED
2026.06.18 06:40_BUY,XAUUSD,PERIOD_M5,PERIOD_M15,2026.06.18 06:40:00,1781764800138,2026.06.18 06:40:00,BUY,OK,6,40,4,4320.83,4321.00,4320.91,17.0,0.3934,4315.91313936,4315.97181173,4316.89451149,4316.41255612,98.14,44.07,48.20,1.1154,1.1154,486.86,11.2675,0.034918,4319.63,4322.64,4318.19,4320.82,BULLISH,119.00,445.00,0.267416,0.914026,11.0286,11.0286,4308.12253642,4311.78880155,4308.74991390,4311.90335835,62.74,11.46,-315.34,-7.2981,BEARISH,COUNTER
2026.06.18 07:25_SELL,XAUUSD,PERIOD_M5,PERIOD_M15,2026.06.18 07:25:00,1781767500046,2026.06.18 07:25:00,SELL,OK,7,25,4,4313.31,4313.48,4313.40,17.0,0.3941,4317.55041660,4317.25637574,4316.70233328,4316.89761431,-84.81,-35.88,-19.53,-0.4527,0.4527,401.00,9.2966,0.042394,4315.37,4315.43,4311.62,4313.31,BEARISH,206.00,381.00,0.540682,0.950125,-8.5939,8.5939,4310.67006558,4312.47387290,4311.31196409,4312.66744651,64.19,19.36,-135.55,-3.1425,BEARISH,ALIGNED
2026.06.18 08:20_BUY,XAUUSD,PERIOD_M5,PERIOD_M15,2026.06.18 08:20:00,1781770800001,2026.06.18 08:20:00,BUY,OK,8,20,4,4321.33,4321.46,4321.40,13.0,0.3008,4315.60029173,4315.77941369,4316.74623339,4316.28401244,114.59,50.46,46.22,1.0696,1.0696,415.00,9.6034,0.031325,4316.01,4322.63,4315.57,4321.33,BULLISH,532.00,706.00,0.753541,1.701205,14.4145,14.4145,4311.82224616,4312.73135577,4312.22107986,4312.85993005,39.88,12.86,-63.89,-1.4783,BEARISH,COUNTER
2026.06.18 08:50_SELL,XAUUSD,PERIOD_M5,PERIOD_M15,2026.06.18 08:50:00,1781772600045,2026.06.18 08:50:00,SELL,OK,8,50,4,4303.00,4303.13,4303.07,13.0,0.3021,4317.09753696,4316.91665450,4314.27802956,4315.65150409,-281.95,-126.52,-137.35,-3.1919,3.1919,511.00,11.8753,0.025440,4310.56,4311.76,4302.32,4303.00,BEARISH,756.00,944.00,0.800847,1.847358,-45.3891,45.3891,4313.26288178,4313.26385437,4313.00736923,4313.15860517,-25.55,-10.52,-15.12,-0.3515,BEARISH,ALIGNED
2026.06.18 16:20_BUY,XAUUSD,PERIOD_M5,PERIOD_M15,2026.06.18 16:20:00,1781799600074,2026.06.18 16:20:00,BUY,OK,16,20,4,4258.61,4258.69,4258.65,8.0,0.1879,4250.32642245,4250.54868478,4251.97313796,4251.27698616,164.67,72.83,69.62,1.6347,1.6347,797.14,18.7182,0.010036,4259.34,4261.90,4258.15,4258.56,BEARISH,78.00,375.00,0.208000,0.470430,27.5498,27.5498,4262.26264623,4281.78405843,4261.98525135,4280.90429143,-27.74,-87.98,-1891.90,-44.4250,BEARISH,COUNTER
2026.06.18 17:10_SELL,XAUUSD,PERIOD_M5,PERIOD_M15,2026.06.18 17:10:00,1781802600004,2026.06.18 17:10:00,SELL,OK,17,10,4,4243.64,4243.77,4243.70,13.0,0.3063,4257.85171296,4256.59980798,4255.00937037,4255.42164362,-284.23,-117.82,-41.23,-0.9715,0.9715,860.79,20.2838,0.015102,4247.33,4247.61,4240.24,4243.64,BEARISH,369.00,737.00,0.500678,0.856195,-41.1156,41.1156,4262.32724657,4279.59309640,4261.77417547,4278.68826909,-55.31,-90.48,-1691.41,-39.8569,BEARISH,ALIGNED
2026.06.18 20:55_BUY,XAUUSD,PERIOD_M5,PERIOD_M15,2026.06.18 20:55:00,1781816100030,2026.06.18 20:55:00,BUY,OK,20,55,4,4232.45,4232.58,4232.51,13.0,0.3071,4226.64180695,4227.21264598,4227.80744556,4227.69058726,116.56,47.79,11.69,0.2761,0.2761,448.79,10.6033,0.028967,4229.05,4233.19,4228.90,4232.47,BULLISH,342.00,429.00,0.797203,0.955913,19.2219,19.2219,4238.18747917,4258.81635328,4237.39152877,4257.67963354,-79.60,-113.67,-2028.81,-47.9339,BEARISH,COUNTER
2026.06.18 21:35_SELL,XAUUSD,PERIOD_M5,PERIOD_M15,2026.06.18 21:35:00,1781818500034,2026.06.18 21:35:00,SELL,OK,21,35,4,4222.70,4222.82,4222.76,12.0,0.2842,4228.13222922,4228.09988339,4227.04578338,4227.60898490,-108.64,-49.09,-56.32,-1.3337,1.3337,375.79,8.8991,0.031933,4226.37,4226.37,4221.88,4222.70,BEARISH,367.00,449.00,0.817372,1.194830,-13.1969,13.1969,4235.92635348,4255.50087663,4235.01717696,4254.35888147,-90.92,-114.20,-1934.17,-45.8035,BEARISH,ALIGNED
2026.06.19 09:20_BUY,XAUUSD,PERIOD_M5,PERIOD_M15,2026.06.19 09:20:00,1781860800017,2026.06.19 09:20:00,BUY,OK,9,20,5,4141.64,4141.77,4141.70,13.0,0.3139,4139.49294858,4139.50994129,4139.92235887,4139.70358299,42.94,19.36,21.88,0.5282,0.5282,606.07,14.6334,0.021450,4147.21,4147.41,4139.98,4141.64,BEARISH,557.00,743.00,0.749664,1.225928,8.4821,8.4821,4156.52214449,4187.37452107,4155.63622597,4185.79983397,-88.59,-157.47,-3016.36,-72.8290,BEARISH,COUNTER
2026.06.19 09:40_SELL,XAUUSD,PERIOD_M5,PERIOD_M15,2026.06.19 09:40:00,1781862000120,2026.06.19 09:40:00,SELL,OK,9,40,5,4133.73,4133.86,4133.80,13.0,0.3145,4140.41856774,4140.05943876,4139.08085419,4139.48403524,-133.77,-57.54,-40.32,-0.9753,0.9753,622.50,15.0588,0.020884,4138.77,4139.08,4132.88,4133.73,BEARISH,504.00,620.00,0.812903,0.995984,-23.0735,23.0735,4155.63622597,4185.79983397,4154.32039492,4184.07513460,-131.58,-172.47,-2975.47,-71.9792,BEARISH,ALIGNED
2026.06.19 09:50_BUY,XAUUSD,PERIOD_M5,PERIOD_M15,2026.06.19 09:50:00,1781862600013,2026.06.19 09:50:00,BUY,OK,9,50,5,4145.41,4145.65,4145.53,24.0,0.5789,4138.48668335,4139.17730476,4139.87134668,4139.74391342,138.47,56.66,12.74,0.3074,0.3074,624.71,15.0696,0.038418,4136.11,4145.41,4134.61,4145.41,BULLISH,930.00,1080.00,0.861111,1.728790,16.1402,16.1402,4154.32039492,4184.07513460,4152.58607160,4182.19414893,-173.43,-188.10,-2960.81,-71.4217,BEARISH,COUNTER
2026.06.19 13:05_SELL,XAUUSD,PERIOD_M5,PERIOD_M15,2026.06.19 13:05:00,1781874300007,2026.06.19 13:05:00,SELL,OK,13,5,5,4157.92,4157.96,4157.94,4.0,0.0962,4164.15576747,4163.90203517,4162.89861398,4163.35366834,-125.72,-54.84,-45.51,-1.0944,1.0944,402.00,9.6682,0.009950,4162.87,4163.16,4157.05,4157.87,BEARISH,500.00,611.00,0.818331,1.519900,-12.6827,12.6827,4159.91298324,4174.58787746,4160.19460388,4174.12835286,28.16,-45.95,-1393.37,-33.5112,BEARISH,ALIGNED
2026.06.19 15:10_BUY,XAUUSD,PERIOD_M5,PERIOD_M15,2026.06.19 15:10:00,1781881800035,2026.06.19 15:10:00,BUY,OK,15,10,5,4158.50,4158.65,4158.57,15.0,0.3607,4151.38583007,4151.80035995,4152.80866406,4152.40941814,142.28,60.91,39.92,0.9601,0.9601,453.86,10.9138,0.033050,4157.47,4158.86,4152.73,4158.50,BULLISH,103.00,613.00,0.168026,1.350645,20.7958,20.7958,4154.88799553,4168.22975411,4154.66913881,4167.61643042,-21.89,-61.33,-1294.73,-31.1340,BEARISH,COUNTER
2026.06.19 15:45_SELL,XAUUSD,PERIOD_M5,PERIOD_M15,2026.06.19 15:45:00,1781883900104,2026.06.19 15:45:00,SELL,OK,15,45,5,4152.32,4152.45,4152.39,13.0,0.3131,4152.72336307,4152.68814026,4152.64269046,4152.65467296,-8.07,-3.35,-1.20,-0.0289,0.0289,454.86,10.9541,0.028580,4150.91,4154.66,4148.82,4152.32,BULLISH,141.00,584.00,0.241438,1.283920,1.4693,-1.4693,4154.48389821,4166.54705476,4154.27781267,4165.98913104,-20.61,-55.79,-1171.13,-28.2038,BEARISH,ALIGNED
2026.06.19 15:55_BUY,XAUUSD,PERIOD_M5,PERIOD_M15,2026.06.19 15:55:00,1781884500019,2026.06.19 15:55:00,BUY,OK,15,55,5,4172.86,4172.99,4172.92,13.0,0.3115,4151.87615237,4152.30515724,4156.07292189,4154.17377931,419.68,186.86,189.91,4.5511,4.5511,616.36,14.7704,0.021092,4148.81,4174.63,4148.81,4172.86,BULLISH,2405.00,2582.00,0.931448,4.189130,52.9042,52.9042,4154.48389821,4166.54705476,4154.27781267,4165.98913104,-20.61,-55.79,-1171.13,-28.0650,BEARISH,COUNTER
2026.06.19 17:00_SELL,XAUUSD,PERIOD_M5,PERIOD_M15,2026.06.19 17:00:00,1781888400004,2026.06.19 17:00:00,SELL,OK,17,0,5,4151.46,4151.59,4151.52,13.0,0.3131,4161.49032727,4160.99091302,4159.49826182,4160.13083002,-199.21,-86.01,-63.26,-1.5237,1.5237,963.71,23.2135,0.013489,4158.18,4160.17,4150.61,4151.53,BEARISH,665.00,956.00,0.695607,0.991995,-16.9289,16.9289,4158.50414778,4166.22590199,4157.83994323,4165.64959211,-66.42,-57.63,-780.96,-18.8115,BEARISH,ALIGNED
2026.06.19 19:50_BUY,XAUUSD,PERIOD_M5,PERIOD_M15,2026.06.19 19:50:00,1781898600038,2026.06.19 19:50:00,BUY,OK,19,50,5,4157.03,4157.16,4157.09,13.0,0.3127,4149.28613093,4149.55443141,4150.83490474,4150.23402856,154.88,67.96,60.09,1.4454,1.4454,337.64,8.1221,0.038502,4151.66,4157.35,4151.25,4157.03,BULLISH,537.00,610.00,0.880328,1.806643,17.6156,17.6156,4151.95435584,4160.03224855,4151.92536957,4159.70353292,-2.90,-32.87,-777.82,-18.7106,BEARISH,COUNTER
2026.06.22 02:40_SELL,XAUUSD,PERIOD_M5,PERIOD_M15,2026.06.22 02:40:00,1782096000243,2026.06.22 02:40:00,SELL,OK,2,40,1,4144.84,4145.05,4144.94,21.0,0.5066,4155.05843374,4154.54556839,4153.01474700,4153.66324399,-204.37,-88.23,-64.85,-1.5645,1.5645,448.50,10.8204,0.046823,4147.77,4147.87,4142.45,4144.84,BEARISH,293.00,542.00,0.540590,1.208473,-30.4990,30.4990,4153.29143012,4158.41964053,4153.62748439,4158.35690953,33.61,-6.27,-472.94,-11.4101,BEARISH,ALIGNED
2026.06.22 03:20_BUY,XAUUSD,PERIOD_M5,PERIOD_M15,2026.06.22 03:20:00,1782098400042,2026.06.22 03:20:00,BUY,OK,3,20,1,4163.78,4163.95,4163.86,17.0,0.4083,4149.17833939,4150.16267115,4152.09867151,4151.40061014,292.03,123.79,69.81,1.6765,1.6765,723.29,17.3705,0.023504,4161.11,4170.54,4160.97,4163.78,BULLISH,267.00,957.00,0.278997,1.323129,40.2451,40.2451,4151.67175026,4157.17041898,4152.57063119,4157.32491236,89.89,15.45,-475.43,-11.4180,BEARISH,COUNTER
2026.06.22 06:10_SELL,XAUUSD,PERIOD_M5,PERIOD_M15,2026.06.22 06:10:00,1782108600042,2026.06.22 06:10:00,SELL,OK,6,10,1,4182.63,4182.80,4182.72,17.0,0.4064,4190.40193796,4190.13800737,4188.84955037,4189.45637034,-155.24,-68.16,-60.68,-1.4508,1.4508,556.14,13.2962,0.030568,4188.72,4189.91,4181.99,4182.64,BEARISH,608.00,792.00,0.767677,1.424095,-15.0158,15.0158,4177.79273024,4168.83959910,4178.80866069,4169.60902658,101.59,76.94,919.96,21.9944,BULLISH,COUNTER
2026.06.22 08:10_BUY,XAUUSD,PERIOD_M5,PERIOD_M15,2026.06.22 08:10:00,1782115800006,2026.06.22 08:10:00,BUY,OK,8,10,1,4183.77,4183.90,4183.84,13.0,0.3107,4178.94384419,4179.15042937,4179.90907535,4179.57039034,96.52,42.00,33.87,0.8095,0.8095,336.21,8.0360,0.038666,4181.70,4184.75,4179.41,4183.77,BULLISH,207.00,534.00,0.387640,1.588273,13.4749,13.4749,4177.54079998,4171.26020030,4177.94167617,4171.67156499,40.09,41.14,627.01,14.9865,BULLISH,ALIGNED
2026.06.22 10:55_SELL,XAUUSD,PERIOD_M5,PERIOD_M15,2026.06.22 10:55:00,1782125700008,2026.06.22 10:55:00,SELL,OK,10,55,1,4191.26,4191.39,4191.33,13.0,0.3102,4196.86924821,4196.55022777,4195.74739857,4196.06929798,-112.18,-48.09,-32.19,-0.7680,0.7680,412.07,9.8315,0.031548,4195.02,4196.15,4190.42,4191.26,BEARISH,376.00,573.00,0.656195,1.390536,-8.4867,8.4867,4189.61342100,4179.64954628,4190.07785710,4180.23152486,46.44,58.20,984.63,23.4922,BULLISH,COUNTER
2026.06.22 12:00_BUY,XAUUSD,PERIOD_M5,PERIOD_M15,2026.06.22 12:00:00,1782129600059,2026.06.22 12:00:00,BUY,OK,12,0,1,4197.45,4197.58,4197.51,13.0,0.3097,4193.24884540,4193.62577587,4194.07507632,4193.96706897,82.62,34.13,10.80,0.2573,0.2573,362.29,8.6310,0.035883,4195.58,4197.52,4194.71,4197.38,BULLISH,180.00,281.00,0.640569,0.775631,8.9183,8.9183,4190.57878062,4181.89923386,4191.22651580,4182.50632272,64.77,60.71,872.02,20.7747,BULLISH,ALIGNED
2026.06.22 14:40_SELL,XAUUSD,PERIOD_M5,PERIOD_M15,2026.06.22 14:40:00,1782139200039,2026.06.22 14:40:00,SELL,OK,14,40,1,4206.36,4206.49,4206.42,13.0,0.3091,4207.16337127,4207.10382148,4207.00269701,4207.03620134,-16.07,-6.76,-3.35,-0.0797,0.0797,392.86,9.3395,0.033091,4205.92,4206.38,4202.22,4206.36,BULLISH,44.00,416.00,0.105769,1.058909,-3.8023,3.8023,4201.05994414,4190.12607949,4201.34375898,4190.67172343,28.38,54.56,1067.20,25.3708,BULLISH,COUNTER
2026.06.22 15:05_BUY,XAUUSD,PERIOD_M5,PERIOD_M15,2026.06.22 15:05:00,1782140700013,2026.06.22 15:05:00,BUY,OK,15,5,1,4210.69,4210.82,4210.75,13.0,0.3087,4206.57345670,4206.77532228,4207.39676536,4207.13120207,82.33,35.59,26.56,0.6307,0.6307,416.14,9.8829,0.031239,4207.44,4211.00,4205.88,4210.69,BULLISH,325.00,512.00,0.634766,1.230347,13.2219,13.2219,4201.84721051,4191.29753820,4202.38366665,4191.93214454,53.65,63.46,1045.15,24.8210,BULLISH,ALIGNED
2026.06.22 15:40_SELL,XAUUSD,PERIOD_M5,PERIOD_M15,2026.06.22 15:40:00,1782142800011,2026.06.22 15:40:00,SELL,OK,15,40,1,4203.66,4203.79,4203.73,13.0,0.3092,4207.76126470,4207.49962924,4206.95701176,4207.15784477,-80.43,-34.18,-20.08,-0.4778,0.4778,406.86,9.6785,0.031952,4205.81,4206.11,4203.22,4203.74,BEARISH,207.00,289.00,0.716263,0.710323,-16.8850,16.8850,4202.85950792,4192.53794280,4203.39955479,4193.16508230,54.00,62.71,1023.45,24.3462,BULLISH,COUNTER
2026.06.22 17:10_BUY,XAUUSD,PERIOD_M5,PERIOD_M15,2026.06.22 17:10:00,1782148200069,2026.06.22 17:10:00,BUY,OK,17,10,1,4206.25,4206.38,4206.32,13.0,0.3091,4197.00484113,4197.91481112,4198.85387290,4198.67255556,184.90,75.77,18.13,0.4311,0.4311,723.64,17.2037,0.017965,4198.71,4210.74,4196.49,4206.25,BULLISH,754.00,1425.00,0.529123,1.969203,5.4948,5.4948,4199.43116236,4193.25938168,4199.47295642,4193.51862161,4.18,25.92,595.43,14.1557,BULLISH,ALIGNED
2026.06.22 17:25_SELL,XAUUSD,PERIOD_M5,PERIOD_M15,2026.06.22 17:25:00,1782149100040,2026.06.22 17:25:00,SELL,OK,17,25,1,4192.58,4192.71,4192.65,13.0,0.3101,4199.38367866,4199.00996328,4198.02294293,4198.42542116,-136.07,-58.45,-40.25,-0.9600,0.9600,768.71,18.3348,0.016911,4196.25,4196.75,4191.13,4192.58,BEARISH,367.00,562.00,0.653025,0.731091,-32.4993,32.4993,4199.47295642,4193.51862161,4200.03934152,4193.98534233,56.64,46.67,605.40,14.4396,BULLISH,COUNTER
2026.06.22 20:05_BUY,XAUUSD,PERIOD_M5,PERIOD_M15,2026.06.22 20:05:00,1782158700081,2026.06.22 20:05:00,BUY,OK,20,5,1,4189.33,4189.46,4189.40,13.0,0.3103,4184.76885497,4185.15173261,4185.68308398,4185.53248419,91.42,38.08,15.06,0.3595,0.3595,425.93,10.1668,0.030522,4189.96,4191.28,4188.27,4189.34,BEARISH,62.00,301.00,0.205980,0.706691,10.7292,10.7292,4191.19623890,4191.67708304,4191.07850186,4191.60974645,-11.77,-6.73,-53.12,-1.2681,BEARISH,COUNTER
2026.06.22 20:35_SELL,XAUUSD,PERIOD_M5,PERIOD_M15,2026.06.22 20:35:00,1782160500070,2026.06.22 20:35:00,SELL,OK,20,35,1,4179.00,4179.13,4179.07,13.0,0.3111,4186.69412416,4186.21998720,4185.15529933,4185.56362473,-153.88,-65.64,-40.83,-0.9771,0.9771,382.14,9.1442,0.034019,4184.14,4184.91,4177.69,4179.00,BEARISH,514.00,722.00,0.711911,1.889346,-25.0865,25.0865,4190.66626359,4191.41916816,4190.04471467,4191.13371059,-62.15,-28.55,-108.90,-2.6058,BEARISH,ALIGNED
2026.06.22 21:25_BUY,XAUUSD,PERIOD_M5,PERIOD_M15,2026.06.22 21:25:00,1782163500083,2026.06.22 21:25:00,BUY,OK,21,25,1,4188.65,4188.78,4188.72,13.0,0.3104,4184.00748379,4184.34554462,4184.93598703,4184.73685875,92.85,39.13,19.91,0.4754,0.4754,337.29,8.0522,0.038543,4185.55,4189.83,4185.51,4188.65,BULLISH,310.00,432.00,0.717593,1.280813,10.2285,10.2285,4188.66567346,4190.46369055,4188.21656170,4190.20825170,-44.91,-25.54,-199.17,-4.7549,BEARISH,COUNTER
2026.06.22 22:50_SELL,XAUUSD,PERIOD_M5,PERIOD_M15,2026.06.22 22:50:00,1782168600030,2026.06.22 22:50:00,SELL,OK,22,50,1,4185.45,4185.58,4185.51,13.0,0.3106,4188.01696974,4187.96304446,4187.50357579,4187.73458587,-51.34,-22.85,-23.10,-0.5519,0.5519,246.79,5.8962,0.052677,4184.50,4186.03,4184.18,4185.45,BULLISH,95.00,185.00,0.513514,0.749638,-3.8452,3.8452,4188.76173518,4190.09972364,4188.35585564,4189.88012663,-40.59,-21.96,-152.43,-3.6418,BEARISH,ALIGNED
2026.06.23 01:00_BUY,XAUUSD,PERIOD_M5,PERIOD_M15,2026.06.23 01:00:00,1782176400688,2026.06.23 01:00:00,BUY,OK,1,0,2,4189.24,4198.57,4193.90,933.0,22.2466,4187.46886063,4187.69780534,4188.09308851,4187.96073212,62.42,26.29,13.24,0.3156,0.3156,259.93,6.1978,3.589448,4187.31,4191.61,4186.16,4190.59,BULLISH,328.00,545.00,0.601835,2.096730,14.5537,14.5537,4188.35585564,4189.88012663,4188.56863129,4189.90796480,21.28,2.78,-133.93,-3.1935,BEARISH,COUNTER
2026.06.23 03:00_SELL,XAUUSD,PERIOD_M5,PERIOD_M15,2026.06.23 03:00:00,1782183600046,2026.06.23 03:00:00,SELL,OK,3,0,2,4187.57,4187.74,4187.65,17.0,0.4060,4191.23730696,4191.00044144,4190.49984557,4190.68676495,-73.75,-31.37,-18.69,-0.4464,0.4464,225.14,5.3763,0.075508,4187.44,4189.67,4187.28,4187.55,BULLISH,11.00,239.00,0.046025,1.061548,-17.7116,17.7116,4190.21839377,4190.36501753,4189.96426103,4190.25462468,-25.41,-11.04,-29.04,-0.6934,BEARISH,ALIGNED
2026.06.23 03:55_BUY,XAUUSD,PERIOD_M5,PERIOD_M15,2026.06.23 03:55:00,1782186900002,2026.06.23 03:55:00,BUY,OK,3,55,2,4191.63,4191.80,4191.72,17.0,0.4056,4187.60273190,4187.95910301,4188.40818552,4188.29282091,80.55,33.37,11.54,0.2752,0.2752,488.93,11.6642,0.034770,4191.17,4194.30,4190.16,4191.63,BULLISH,46.00,414.00,0.111111,0.846749,12.9473,12.9473,4188.44607309,4189.58276581,4188.85311375,4189.70579460,40.70,12.30,-85.27,-2.0342,BEARISH,COUNTER
2026.06.23 04:20_SELL,XAUUSD,PERIOD_M5,PERIOD_M15,2026.06.23 04:20:00,1782188400034,2026.06.23 04:20:00,SELL,OK,4,20,2,4173.57,4173.74,4173.65,17.0,0.4073,4188.52088879,4188.51652955,4185.53071103,4187.15775414,-299.02,-135.88,-162.70,-3.8984,3.8984,610.93,14.6377,0.027826,4185.30,4185.90,4172.17,4173.57,BEARISH,1173.00,1373.00,0.854334,2.247399,-39.0222,39.0222,4189.28519815,4189.85027324,4188.90565547,4189.67183115,-37.95,-17.84,-76.62,-1.8357,BEARISH,ALIGNED
2026.06.23 12:15_BUY,XAUUSD,PERIOD_M5,PERIOD_M15,2026.06.23 12:15:00,1782216900077,2026.06.23 12:15:00,BUY,OK,12,15,2,4111.10,4111.23,4111.16,13.0,0.3162,4106.19565579,4106.57620342,4107.17652464,4106.98745766,98.09,41.13,18.91,0.4599,0.4599,556.29,13.5311,0.023369,4109.88,4113.66,4109.27,4111.10,BULLISH,122.00,439.00,0.277904,0.789163,14.1037,14.1037,4118.38989460,4142.44172095,4117.69561892,4141.21263385,-69.43,-122.91,-2351.70,-57.2028,BEARISH,COUNTER
2026.06.23 15:05_SELL,XAUUSD,PERIOD_M5,PERIOD_M15,2026.06.23 15:05:00,1782227100051,2026.06.23 15:05:00,SELL,OK,15,5,2,4122.41,4122.54,4122.48,13.0,0.3153,4123.77401453,4123.64492960,4123.50121162,4123.53266327,-27.28,-11.23,-3.15,-0.0763,0.0763,539.57,13.0885,0.024093,4123.28,4127.42,4122.40,4122.41,BEARISH,87.00,502.00,0.173307,0.930368,1.3586,-1.3586,4121.83999941,4135.51198661,4121.97523756,4135.03151654,13.52,-48.05,-1305.63,-31.6710,BEARISH,ALIGNED
2026.06.23 16:45_BUY,XAUUSD,PERIOD_M5,PERIOD_M15,2026.06.23 16:45:00,1782233100022,2026.06.23 16:45:00,BUY,OK,16,45,2,4126.45,4126.58,4126.51,13.0,0.3150,4116.91268201,4117.61762139,4118.82014561,4118.42056490,190.75,80.29,39.96,0.9683,0.9683,748.14,18.1301,0.017376,4118.69,4128.76,4118.15,4126.45,BULLISH,776.00,1061.00,0.731385,1.418178,25.3887,25.3887,4118.80992344,4130.74888888,4119.53754977,4130.58030500,72.76,-16.86,-1104.28,-26.7605,BEARISH,COUNTER
2026.06.23 18:25_SELL,XAUUSD,PERIOD_M5,PERIOD_M15,2026.06.23 18:25:00,1782239100006,2026.06.23 18:25:00,SELL,OK,18,25,2,4125.01,4125.14,4125.08,13.0,0.3151,4128.53630237,4128.21016396,4127.82904189,4127.91833088,-70.73,-29.18,-8.93,-0.2165,0.2165,668.36,16.2023,0.019451,4127.59,4129.61,4123.81,4125.00,BEARISH,259.00,580.00,0.446552,0.867800,3.5164,-3.5164,4124.44723132,4130.88607854,4124.80939977,4130.78270291,36.22,-10.34,-597.33,-14.4805,BEARISH,ALIGNED
2026.06.23 18:35_BUY,XAUUSD,PERIOD_M5,PERIOD_M15,2026.06.23 18:35:00,1782239700003,2026.06.23 18:35:00,BUY,OK,18,35,2,4133.12,4133.25,4133.18,13.0,0.3145,4127.70723351,4127.85484625,4128.78978681,4128.33349659,108.26,47.87,45.63,1.1040,1.1040,637.93,15.4343,0.020378,4127.22,4136.20,4126.63,4133.12,BULLISH,590.00,957.00,0.616510,1.500168,13.3976,13.3976,4124.80939977,4130.78270291,4125.03898074,4130.64298907,22.96,-13.97,-560.40,-13.5586,BEARISH,COUNTER
2026.06.23 20:30_SELL,XAUUSD,PERIOD_M5,PERIOD_M15,2026.06.23 20:30:00,1782246600008,2026.06.23 20:30:00,SELL,OK,20,30,2,4131.08,4131.21,4131.15,13.0,0.3147,4136.05913203,4135.76897292,4135.06330563,4135.34270265,-99.58,-42.63,-27.94,-0.6763,0.6763,437.14,10.5816,0.029739,4133.56,4133.70,4129.97,4131.08,BEARISH,248.00,373.00,0.664879,0.853268,-17.9774,17.9774,4131.52025809,4132.41885885,4131.47832875,4132.36635458,-4.19,-5.25,-88.80,-2.1496,BEARISH,ALIGNED
2026.06.24 08:10_BUY,XAUUSD,PERIOD_M5,PERIOD_M15,2026.06.24 08:10:00,1782288600195,2026.06.24 08:10:00,BUY,OK,8,10,3,4069.49,4069.62,4069.55,13.0,0.3194,4062.96085389,4063.39945625,4064.26668311,4063.95314205,130.58,55.37,31.35,0.7705,0.7705,471.64,11.5895,0.027563,4062.04,4070.13,4060.83,4069.49,BULLISH,745.00,930.00,0.801075,1.971831,15.1846,15.1846,4076.24248016,4096.15235732,4075.12605348,4094.91187272,-111.64,-124.05,-1978.58,-48.6191,BEARISH,COUNTER
2026.06.24 10:55_SELL,XAUUSD,PERIOD_M5,PERIOD_M15,2026.06.24 10:55:00,1782298500088,2026.06.24 10:55:00,SELL,OK,10,55,3,4078.83,4078.95,4078.89,12.0,0.2942,4083.91154120,4083.60011245,4082.89723296,4083.16737495,-101.43,-43.27,-27.01,-0.6623,0.6623,513.79,12.5962,0.023356,4084.71,4085.58,4075.90,4078.84,BEARISH,587.00,968.00,0.606405,1.884054,-0.1471,0.1471,4080.87315805,4091.11510743,4081.02714300,4090.77686793,15.40,-33.82,-974.97,-23.9029,BEARISH,ALIGNED
2026.06.24 17:00_BUY,XAUUSD,PERIOD_M5,PERIOD_M15,2026.06.24 17:00:00,1782320400042,2026.06.24 17:00:00,BUY,OK,17,0,3,4038.31,4038.44,4038.38,13.0,0.3219,4005.44690346,4007.97322544,4012.04352277,4010.74202312,659.66,276.88,130.15,3.2228,3.2228,1521.93,37.6867,0.008542,4029.06,4041.98,4023.76,4038.43,BULLISH,937.00,1822.00,0.514270,1.197165,57.2290,57.2290,4031.16077655,4058.22101167,4031.85308355,4057.44489357,69.23,-77.61,-2559.18,-63.3716,BEARISH,COUNTER
2026.06.24 18:00_SELL,XAUUSD,PERIOD_M5,PERIOD_M15,2026.06.24 18:00:00,1782324000054,2026.06.24 18:00:00,SELL,OK,18,0,3,4008.03,4008.12,4008.07,9.0,0.2245,4016.13285085,4015.88253469,4014.51228068,4015.16866790,-162.06,-71.39,-65.64,-1.6377,1.6377,1095.21,27.3252,0.008218,4006.22,4008.34,4002.94,4008.03,BULLISH,181.00,540.00,0.335185,0.493054,-19.3983,19.3983,4028.69507613,4053.18346852,4026.72697364,4051.41274427,-196.81,-177.07,-2468.58,-61.5901,BEARISH,ALIGNED
2026.06.24 19:35_BUY,XAUUSD,PERIOD_M5,PERIOD_M15,2026.06.24 19:35:00,1782329700005,2026.06.24 19:35:00,BUY,OK,19,35,3,4014.93,4014.98,4014.95,5.0,0.1245,4007.71294030,4008.36206709,4009.15835224,4008.96006099,144.54,59.80,19.83,0.4939,0.4939,786.50,19.5893,0.006357,4016.07,4019.22,4013.09,4014.94,BEARISH,113.00,613.00,0.184339,0.779402,30.4541,30.4541,4018.34256350,4043.10285000,4018.12612888,4042.04273824,-21.64,-106.01,-2391.66,-59.5688,BEARISH,COUNTER
2026.06.24 20:00_SELL,XAUUSD,PERIOD_M5,PERIOD_M15,2026.06.24 20:00:00,1782331200093,2026.06.24 20:00:00,SELL,OK,20,0,3,4006.69,4006.82,4006.76,13.0,0.3245,4009.79692508,4009.53132504,4009.17154006,4009.27120458,-62.54,-26.01,-9.97,-0.2487,0.2487,706.14,17.6238,0.018410,4007.62,4009.06,4006.21,4006.67,BEARISH,95.00,285.00,0.333333,0.403601,-12.1649,12.1649,4017.49983090,4040.84694458,4016.46841843,4039.50667224,-103.14,-134.03,-2303.83,-57.4985,BEARISH,ALIGNED
2026.06.25 01:00_BUY,XAUUSD,PERIOD_M5,PERIOD_M15,2026.06.25 01:00:00,1782349200768,2026.06.25 01:00:00,BUY,OK,1,0,4,4001.11,4008.25,4004.68,714.0,17.8291,3983.76182253,3984.23266565,3984.62345803,3984.58151423,86.16,34.88,4.19,0.1047,0.1047,525.21,13.1150,1.359445,3990.63,3990.64,3984.73,3988.07,BEARISH,256.00,591.00,0.433164,1.125255,13.3325,13.3325,3995.01377188,4020.11004439,3994.35246027,4018.85357207,-66.13,-125.65,-2450.11,-61.1812,BEARISH,COUNTER
2026.06.25 03:35_SELL,XAUUSD,PERIOD_M5,PERIOD_M15,2026.06.25 03:35:00,1782358500007,2026.06.25 03:35:00,SELL,OK,3,35,4,3987.76,3987.90,3987.83,14.0,0.3511,4004.64727337,4003.75564157,4001.27981870,4002.30603779,-336.75,-144.96,-102.62,-2.5734,2.5734,679.14,17.0304,0.020614,3996.44,3996.48,3987.81,3987.81,BEARISH,863.00,867.00,0.995386,1.276609,-36.4033,36.4033,4000.05078294,4014.18790820,3999.70689885,4013.49191180,-34.39,-69.60,-1378.50,-34.5677,BEARISH,ALIGNED
2026.06.25 06:55_BUY,XAUUSD,PERIOD_M5,PERIOD_M15,2026.06.25 06:55:00,1782370500040,2026.06.25 06:55:00,BUY,OK,6,55,4,3997.37,3997.54,3997.45,17.0,0.4253,3977.96523264,3979.40445908,3981.84618611,3981.03769007,388.10,163.32,80.85,2.0225,2.0225,848.07,21.2153,0.020045,3986.59,3998.96,3986.39,3997.37,BULLISH,1078.00,1257.00,0.857597,1.482186,65.2658,65.2658,3985.82658393,4000.99551926,3984.81643308,3999.98471458,-101.02,-101.08,-1516.83,-37.9448,BEARISH,COUNTER
2026.06.25 08:45_SELL,XAUUSD,PERIOD_M5,PERIOD_M15,2026.06.25 08:45:00,1782377100063,2026.06.25 08:45:00,SELL,OK,8,45,4,3983.26,3983.39,3983.32,13.0,0.3264,3992.88335841,3991.89697253,3990.95868673,3991.11179320,-192.47,-78.52,-15.31,-0.3844,0.3844,623.50,15.6528,0.020850,3984.94,3986.58,3981.74,3983.26,BEARISH,168.00,484.00,0.347107,0.776263,-27.9639,27.9639,3989.73199210,3998.62970004,3989.11561190,3998.02696670,-61.64,-60.27,-891.14,-22.3716,BEARISH,ALIGNED
2026.06.25 11:05_BUY,XAUUSD,PERIOD_M5,PERIOD_M15,2026.06.25 11:05:00,1782385500002,2026.06.25 11:05:00,BUY,OK,11,5,4,3990.12,3990.25,3990.18,13.0,0.3258,3981.05101418,3981.95624950,3982.86681134,3982.69931773,181.58,74.31,16.75,0.4198,0.4198,713.50,17.8814,0.018220,3987.82,3995.30,3987.29,3990.13,BULLISH,231.00,801.00,0.288390,1.122635,31.8293,31.8293,3984.58413908,3993.40946487,3984.89231631,3993.19027017,30.82,-21.92,-829.80,-20.7959,BEARISH,COUNTER
2026.06.25 13:00_SELL,XAUUSD,PERIOD_M5,PERIOD_M15,2026.06.25 13:00:00,1782392400008,2026.06.25 13:00:00,SELL,OK,13,0,4,3988.27,3988.40,3988.34,13.0,0.3260,3991.37327839,3991.15205215,3990.75062271,3990.88913832,-62.27,-26.29,-13.85,-0.3473,0.3473,440.79,11.0519,0.029493,3990.96,3993.44,3987.58,3988.26,BEARISH,270.00,586.00,0.460751,1.329444,-0.4262,0.4262,3988.35284528,3992.85615342,3988.34400287,3992.67591211,-0.88,-18.02,-433.19,-10.8614,BEARISH,ALIGNED
2026.06.25 15:35_BUY,XAUUSD,PERIOD_M5,PERIOD_M15,2026.06.25 15:35:00,1782401700007,2026.06.25 15:35:00,BUY,OK,15,35,4,3995.17,3995.32,3995.24,15.0,0.3754,3982.56451499,3983.21958063,3985.08561199,3984.30598239,252.11,108.64,77.96,1.9514,1.9514,650.00,16.2693,0.023077,3984.11,4011.97,3983.81,3995.17,BULLISH,1106.00,2816.00,0.392756,4.332308,30.3282,30.3282,3985.21234584,3989.85206420,3985.10736053,3989.62688521,-10.50,-22.52,-451.95,-11.3123,BEARISH,COUNTER
2026.06.25 22:50_SELL,XAUUSD,PERIOD_M5,PERIOD_M15,2026.06.25 22:50:00,1782427800038,2026.06.25 22:50:00,SELL,OK,22,50,4,4026.65,4026.78,4026.72,13.0,0.3228,4035.67696314,4035.31855259,4033.88157051,4034.53504781,-179.54,-78.35,-65.35,-1.6229,1.6229,458.00,11.3740,0.028384,4034.52,4034.55,4026.01,4026.70,BEARISH,782.00,854.00,0.915691,1.864629,-17.7992,17.7992,4029.70112561,4016.49734994,4030.16006603,4017.20412053,45.89,70.68,1295.59,32.1750,BULLISH,COUNTER
2026.06.26 04:25_BUY,XAUUSD,PERIOD_M5,PERIOD_M15,2026.06.26 04:25:00,1782447900001,2026.06.26 04:25:00,BUY,OK,4,25,5,4022.93,4023.10,4023.01,17.0,0.4226,4019.58021517,4019.83500227,4020.24617213,4020.11454751,66.60,27.95,13.16,0.3272,0.3272,588.14,14.6195,0.028905,4024.68,4024.89,4021.71,4022.91,BEARISH,177.00,318.00,0.556604,0.540685,13.6655,13.6655,4023.97081984,4019.27740869,4023.56883700,4019.29594168,-40.20,1.85,427.29,10.6211,BULLISH,ALIGNED
2026.06.26 04:50_SELL,XAUUSD,PERIOD_M5,PERIOD_M15,2026.06.26 04:50:00,1782449400023,2026.06.26 04:50:00,SELL,OK,4,50,5,4016.37,4016.41,4016.39,4.0,0.0996,4020.78052811,4020.46712965,4019.87242248,4020.08284513,-90.81,-38.43,-21.04,-0.5239,0.5239,628.71,15.6537,0.006362,4020.57,4023.00,4014.45,4016.24,BEARISH,433.00,855.00,0.506433,1.359918,-10.2975,10.2975,4023.48513823,4019.42904201,4023.20750602,4019.47378546,-27.76,4.47,373.37,9.2962,BULLISH,COUNTER
2026.06.26 07:15_BUY,XAUUSD,PERIOD_M5,PERIOD_M15,2026.06.26 07:15:00,1782458100029,2026.06.26 07:15:00,BUY,OK,7,15,5,4008.50,4008.67,4008.59,17.0,0.4241,3999.90435177,4000.80783818,4001.62348142,4001.50712562,171.91,69.93,11.64,0.2903,0.2903,510.64,12.7387,0.033291,4000.98,4009.45,4000.88,4008.50,BULLISH,752.00,857.00,0.877480,1.678277,10.6137,10.6137,4010.29148677,4014.23018158,4010.12086898,4014.00546858,-17.06,-22.47,-388.46,-9.6907,BEARISH,COUNTER
2026.06.26 14:55_SELL,XAUUSD,PERIOD_M5,PERIOD_M15,2026.06.26 14:55:00,1782485700005,2026.06.26 14:55:00,SELL,OK,14,55,5,4044.69,4044.82,4044.76,13.0,0.3214,4049.50992356,4049.08083090,4048.54593885,4048.68166445,-96.40,-39.92,-13.57,-0.3356,0.3356,410.57,10.1507,0.031663,4045.83,4046.19,4042.69,4044.69,BEARISH,114.00,350.00,0.325714,0.852470,-9.4602,9.4602,4040.24664682,4029.29887647,4040.86791855,4029.98401856,62.13,68.51,1088.39,26.9087,BULLISH,COUNTER
2026.06.26 16:00_BUY,XAUUSD,PERIOD_M5,PERIOD_M15,2026.06.26 16:00:00,1782489600021,2026.06.26 16:00:00,BUY,OK,16,0,5,4059.00,4059.13,4059.07,13.0,0.3203,4044.97368854,4046.16742045,4047.77895084,4047.33401859,280.53,116.66,44.49,1.0961,1.0961,537.57,13.2437,0.024183,4046.05,4061.50,4046.03,4059.00,BULLISH,1295.00,1547.00,0.837104,2.877757,46.2588,46.2588,4042.32193445,4032.26820458,4043.91032164,4033.31651029,158.84,104.83,1059.38,26.0991,BULLISH,ALIGNED
2026.06.26 20:20_SELL,XAUUSD,PERIOD_M5,PERIOD_M15,2026.06.26 20:20:00,1782505200068,2026.06.26 20:20:00,SELL,OK,20,20,5,4081.65,4081.78,4081.72,13.0,0.3185,4085.45337387,4085.31624104,4084.69269910,4084.98294640,-76.07,-33.33,-29.02,-0.7111,0.7111,395.14,9.6808,0.032899,4083.45,4084.13,4081.49,4081.65,BEARISH,180.00,264.00,0.681818,0.668113,-7.4424,7.4424,4075.23172904,4055.90518224,4076.01442151,4056.98537117,78.27,108.02,1902.91,46.6202,BULLISH,COUNTER
2026.06.29 01:10_BUY,XAUUSD,PERIOD_M5,PERIOD_M15,2026.06.29 01:10:00,1782695400014,2026.06.29 01:10:00,BUY,OK,1,10,1,4076.14,4076.79,4076.47,65.0,1.5945,4071.27781905,4071.54688039,4072.25225524,4071.96534581,97.44,41.85,28.69,0.7038,0.7038,540.50,13.2590,0.120259,4075.64,4083.39,4072.76,4076.15,BULLISH,51.00,1063.00,0.047977,1.966698,6.4072,6.4072,4073.23669161,4062.03957342,4073.08938765,4062.41802153,-14.73,37.84,1067.14,26.1780,BULLISH,ALIGNED
2026.06.29 01:15_SELL,XAUUSD,PERIOD_M5,PERIOD_M15,2026.06.29 01:15:00,1782695700001,2026.06.29 01:15:00,SELL,OK,1,15,1,4069.78,4070.69,4070.24,91.0,2.2357,4072.25225524,4071.96534581,4071.75780419,4071.76667801,-49.45,-19.87,-0.89,-0.0218,0.0218,577.57,14.1901,0.157556,4076.14,4078.27,4069.78,4069.78,BEARISH,636.00,849.00,0.749117,1.469948,-4.6909,4.6909,4073.08938765,4062.41802153,4072.77420787,4062.70672656,-31.52,28.87,1006.75,24.7344,BULLISH,COUNTER
2026.06.29 03:55_BUY,XAUUSD,PERIOD_M5,PERIOD_M15,2026.06.29 03:55:00,1782705300018,2026.06.29 03:55:00,BUY,OK,3,55,1,4069.49,4069.66,4069.57,17.0,0.4177,4060.93066261,4061.04168309,4062.63653009,4061.80698463,170.59,76.53,82.95,2.0384,2.0384,614.64,15.1034,0.027658,4066.58,4069.55,4064.30,4069.46,BULLISH,288.00,525.00,0.548571,0.854155,21.6714,21.6714,4064.90361834,4061.88596012,4065.34708326,4062.18690286,44.35,30.09,316.02,7.7654,BULLISH,ALIGNED
2026.06.29 04:20_SELL,XAUUSD,PERIOD_M5,PERIOD_M15,2026.06.29 04:20:00,1782706800021,2026.06.29 04:20:00,SELL,OK,4,20,1,4058.44,4058.61,4058.53,17.0,0.4189,4061.91971472,4061.91943011,4061.22377178,4061.60311828,-69.59,-31.63,-37.93,-0.9347,0.9347,766.14,18.8774,0.022189,4054.87,4060.36,4054.64,4058.44,BULLISH,357.00,572.00,0.624126,0.746597,-15.1061,15.1061,4065.74069438,4062.47290667,4064.70158063,4062.17318484,-103.91,-29.97,252.84,6.2298,BULLISH,COUNTER
2026.06.29 05:05_BUY,XAUUSD,PERIOD_M5,PERIOD_M15,2026.06.29 05:05:00,1782709500010,2026.06.29 05:05:00,BUY,OK,5,5,1,4066.03,4066.24,4066.14,21.0,0.5165,4061.33927687,4061.41388642,4062.28142150,4061.83535129,94.21,42.15,44.61,1.0970,1.0970,767.14,18.8666,0.027374,4061.48,4070.52,4059.44,4066.05,BULLISH,457.00,1108.00,0.412455,1.444320,14.7535,14.7535,4064.13553426,4062.12276693,4063.88262623,4062.09756039,-25.29,-2.52,178.51,4.3901,BULLISH,ALIGNED
2026.06.29 07:20_SELL,XAUUSD,PERIOD_M5,PERIOD_M15,2026.06.29 07:20:00,1782717600048,2026.06.29 07:20:00,SELL,OK,7,20,1,4064.65,4064.84,4064.74,19.0,0.4674,4067.60053655,4067.31332237,4067.01042924,4067.07120216,-59.01,-24.21,-6.08,-0.1495,0.1495,418.21,10.2888,0.045431,4065.64,4065.67,4062.21,4064.65,BEARISH,99.00,346.00,0.286127,0.827327,-6.6382,6.6382,4065.83899768,4063.47391047,4065.82004552,4063.55885515,-1.90,8.49,226.12,5.5629,BULLISH,COUNTER
2026.06.29 09:20_BUY,XAUUSD,PERIOD_M5,PERIOD_M15,2026.06.29 09:20:00,1782724800049,2026.06.29 09:20:00,BUY,OK,9,20,1,4059.77,4059.90,4059.84,13.0,0.3202,4055.80246911,4055.91715526,4056.58597529,4056.26286842,78.35,34.57,32.31,0.7959,0.7959,596.79,14.6998,0.021783,4059.77,4060.32,4057.26,4059.72,BEARISH,5.00,306.00,0.016340,0.512747,2.2913,2.2913,4060.05121282,4061.40316974,4060.02443065,4061.33912387,-2.68,-6.40,-131.47,-3.2383,BEARISH,COUNTER
2026.06.29 11:45_SELL,XAUUSD,PERIOD_M5,PERIOD_M15,2026.06.29 11:45:00,1782733500000,2026.06.29 11:45:00,SELL,OK,11,45,1,4055.64,4055.85,4055.74,21.0,0.5178,4062.87117386,4062.25330581,4061.42493909,4061.65209619,-144.62,-60.12,-22.72,-0.5601,0.5601,414.57,10.2218,0.050655,4062.44,4062.75,4054.75,4055.64,BEARISH,680.00,800.00,0.850000,1.929704,-13.7151,13.7151,4061.34335902,4061.59427523,4060.80018197,4061.36077424,-54.32,-23.35,-56.06,-1.3822,BEARISH,ALIGNED
2026.06.29 15:05_BUY,XAUUSD,PERIOD_M5,PERIOD_M15,2026.06.29 15:05:00,1782745500050,2026.06.29 15:05:00,BUY,OK,15,5,1,4045.68,4045.81,4045.74,13.0,0.3213,4035.85613082,4036.61369947,4037.82090466,4037.43790861,196.48,82.42,38.30,0.9467,0.9467,469.64,11.6083,0.027681,4039.18,4047.90,4037.91,4045.68,BULLISH,650.00,999.00,0.650651,2.127148,26.1205,26.1205,4044.50223680,4052.60385231,4043.99535711,4052.07742673,-50.69,-52.64,-808.21,-19.9767,BEARISH,COUNTER
2026.06.29 16:40_SELL,XAUUSD,PERIOD_M5,PERIOD_M15,2026.06.29 16:40:00,1782751200000,2026.06.29 16:40:00,SELL,OK,16,40,1,4036.12,4036.25,4036.18,13.0,0.3221,4043.99933146,4043.17234962,4042.42346517,4042.53122692,-157.59,-64.11,-10.78,-0.2670,0.2670,567.71,14.0656,0.022899,4043.44,4044.08,4034.03,4036.12,BEARISH,732.00,1005.00,0.728358,1.770257,-18.6712,18.6712,4044.18399797,4050.68633460,4043.58742674,4050.18569402,-59.66,-50.06,-659.83,-16.3478,BEARISH,ALIGNED
2026.06.29 19:10_BUY,XAUUSD,PERIOD_M5,PERIOD_M15,2026.06.29 19:10:00,1782760200030,2026.06.29 19:10:00,BUY,OK,19,10,1,4027.47,4027.60,4027.53,13.0,0.3228,4025.26397325,4025.46225858,4025.70517860,4025.64478053,44.12,18.25,6.04,0.1500,0.1500,476.57,11.8328,0.027278,4026.31,4027.76,4024.40,4027.47,BULLISH,116.00,336.00,0.345238,0.705036,-2.1101,-2.1101,4031.95575830,4042.36031915,4031.47330513,4041.75363997,-48.25,-60.67,-1028.03,-25.5251,BEARISH,COUNTER
2026.06.29 19:15_SELL,XAUUSD,PERIOD_M5,PERIOD_M15,2026.06.29 19:15:00,1782760500077,2026.06.29 19:15:00,SELL,OK,19,15,1,4023.72,4023.85,4023.78,13.0,0.3231,4025.70517860,4025.64478053,4025.30814288,4025.46980048,-39.70,-17.50,-16.17,-0.4018,0.4018,468.93,11.6539,0.027723,4027.47,4027.90,4023.64,4023.72,BEARISH,375.00,426.00,0.880282,0.908454,-7.8721,7.8721,4031.47330513,4041.75363997,4030.73489512,4041.04643840,-73.84,-70.72,-1031.15,-25.6265,BEARISH,ALIGNED
2026.06.29 20:10_BUY,XAUUSD,PERIOD_M5,PERIOD_M15,2026.06.29 20:10:00,1782763800044,2026.06.29 20:10:00,BUY,OK,20,10,1,4030.50,4030.63,4030.57,13.0,0.3225,4024.33672456,4024.55826803,4025.56937965,4025.09842548,123.27,54.02,47.10,1.1685,1.1685,359.14,8.9105,0.036197,4025.36,4031.74,4025.31,4030.50,BULLISH,514.00,643.00,0.799378,1.790374,11.0033,11.0033,4029.24130870,4039.62315209,4028.73166025,4039.00616574,-50.96,-61.70,-1027.45,-25.4915,BEARISH,COUNTER
2026.06.29 20:45_SELL,XAUUSD,PERIOD_M5,PERIOD_M15,2026.06.29 20:45:00,1782765900053,2026.06.29 20:45:00,SELL,OK,20,45,1,4021.98,4021.98,4021.98,0.0,0.0000,4025.53082554,4025.48200213,4024.82266043,4025.16454739,-70.82,-31.75,-34.19,-0.8500,0.8500,353.00,8.7768,0.000000,4023.85,4024.64,4021.78,4021.99,BEARISH,186.00,286.00,0.650350,0.810198,-4.8957,4.8957,4028.30292370,4038.04023988,4027.70169287,4037.41081871,-60.12,-62.94,-970.91,-24.1402,BEARISH,ALIGNED
2026.06.30 01:20_BUY,XAUUSD,PERIOD_M5,PERIOD_M15,2026.06.30 01:20:00,1782782400040,2026.06.30 01:20:00,BUY,OK,1,20,2,4020.02,4020.23,4020.13,21.0,0.5224,4017.24656041,4017.26916402,4017.80124833,4017.51924002,55.47,25.01,28.20,0.7015,0.7015,401.79,9.9944,0.052267,4018.54,4020.21,4017.88,4020.02,BULLISH,148.00,233.00,0.635193,0.579911,4.7535,4.7535,4021.44507052,4031.39225579,4021.16839714,4030.88824576,-27.67,-50.40,-971.98,-24.1780,BEARISH,COUNTER
2026.06.30 01:35_SELL,XAUUSD,PERIOD_M5,PERIOD_M15,2026.06.30 01:35:00,1782783300009,2026.06.30 01:35:00,SELL,OK,1,35,2,4013.72,4014.07,4013.89,35.0,0.8720,4017.39759893,4017.38251241,4016.66207915,4017.04955674,-73.55,-33.30,-38.75,-0.9653,0.9653,374.93,9.3408,0.093351,4015.96,4015.96,4013.37,4013.72,BEARISH,224.00,259.00,0.864865,0.690798,-15.6716,15.6716,4021.16839714,4030.88824576,4020.67235931,4030.30282435,-49.60,-58.54,-963.05,-23.9928,BEARISH,ALIGNED
2026.06.30 02:15_BUY,XAUUSD,PERIOD_M5,PERIOD_M15,2026.06.30 02:15:00,1782785700326,2026.06.30 02:15:00,BUY,OK,2,15,2,4020.78,4020.99,4020.89,21.0,0.5223,4016.09172128,4016.20215427,4017.02937702,4016.61832206,93.77,41.62,41.11,1.0223,1.0223,345.00,8.5802,0.060870,4019.30,4021.46,4019.30,4020.78,BULLISH,148.00,216.00,0.685185,0.626087,16.5665,16.5665,4019.16154583,4028.91757066,4019.31568432,4028.59845024,15.41,-31.91,-928.28,-23.0864,BEARISH,COUNTER
2026.06.30 02:55_SELL,XAUUSD,PERIOD_M5,PERIOD_M15,2026.06.30 02:55:00,1782788100069,2026.06.30 02:55:00,SELL,OK,2,55,2,4015.55,4015.76,4015.66,21.0,0.5230,4017.37588830,4017.17599403,4017.01071064,4017.02817639,-36.52,-14.78,-1.75,-0.0435,0.0435,359.71,8.9578,0.058380,4016.70,4018.04,4014.74,4015.55,BEARISH,115.00,330.00,0.348485,0.917395,-7.6643,7.6643,4019.06752391,4028.13223650,4018.69537878,4027.62352135,-37.21,-50.87,-892.81,-22.2333,BEARISH,ALIGNED
2026.06.30 07:05_BUY,XAUUSD,PERIOD_M5,PERIOD_M15,2026.06.30 07:05:00,1782803100031,2026.06.30 07:05:00,BUY,OK,7,5,2,3971.80,3971.97,3971.89,17.0,0.4280,3966.56081427,3967.03432587,3967.60865142,3967.46756898,104.78,43.32,14.11,0.3552,0.3552,513.21,12.9212,0.033125,3969.89,3975.16,3969.27,3971.80,BULLISH,191.00,589.00,0.324278,1.147669,8.9712,8.9712,3980.11133716,4002.15373394,3979.13597172,4000.88770516,-97.54,-126.60,-2175.17,-54.7643,BEARISH,COUNTER
2026.06.30 11:50_SELL,XAUUSD,PERIOD_M5,PERIOD_M15,2026.06.30 11:50:00,1782820200003,2026.06.30 11:50:00,SELL,OK,11,50,2,4018.42,4018.55,4018.49,13.0,0.3235,4023.03912380,4022.53094509,4022.11729904,4022.15813190,-92.18,-37.28,-4.08,-0.1016,0.1016,489.86,12.1901,0.026538,4017.93,4019.59,4016.57,4018.43,BULLISH,50.00,302.00,0.165563,0.616506,-12.2534,12.2534,4008.07771815,4004.65124261,4009.01603071,4005.17197819,93.83,52.07,384.41,9.5659,BULLISH,COUNTER
2026.06.30 13:00_BUY,XAUUSD,PERIOD_M5,PERIOD_M15,2026.06.30 13:00:00,1782824400055,2026.06.30 13:00:00,BUY,OK,13,0,2,4023.86,4024.01,4023.94,15.0,0.3728,4018.69260306,4019.26898167,4019.72608245,4019.68634697,103.35,41.74,3.97,0.0987,0.0987,387.29,9.6246,0.038731,4021.92,4023.88,4020.25,4023.86,BULLISH,194.00,363.00,0.534435,0.937293,13.0642,13.0642,4011.84065219,4006.99767120,4012.98535198,4007.65893899,114.47,66.13,532.64,13.2368,BULLISH,ALIGNED
2026.06.30 15:25_SELL,XAUUSD,PERIOD_M5,PERIOD_M15,2026.06.30 15:25:00,1782833100013,2026.06.30 15:25:00,SELL,OK,15,25,2,4018.00,4018.13,4018.07,13.0,0.3235,4029.62594827,4029.31706628,4027.30875861,4028.29187843,-231.72,-102.52,-98.31,-2.4467,2.4467,427.14,10.6306,0.030435,4026.37,4026.64,4017.68,4018.04,BEARISH,833.00,896.00,0.929687,2.097659,-25.6926,25.6926,4023.11481017,4014.05128872,4023.45816158,4014.54810093,34.34,49.68,891.01,22.1750,BULLISH,COUNTER
2026.06.30 16:55_BUY,XAUUSD,PERIOD_M5,PERIOD_M15,2026.06.30 16:55:00,1782838500004,2026.06.30 16:55:00,BUY,OK,16,55,2,4028.85,4028.93,4028.89,8.0,0.1986,4021.65034514,4022.08207520,4023.08027611,4022.69279563,142.99,61.07,38.75,0.9618,0.9618,779.79,19.3549,0.010259,4023.81,4032.80,4023.63,4028.80,BULLISH,499.00,917.00,0.544166,1.175964,37.7712,37.7712,4021.70499340,4015.31329875,4022.03594641,4015.70022821,33.10,38.69,633.57,15.7257,BULLISH,ALIGNED
2026.06.30 18:25_SELL,XAUUSD,PERIOD_M5,PERIOD_M15,2026.06.30 18:25:00,1782843900007,2026.06.30 18:25:00,SELL,OK,18,25,2,4027.62,4027.77,4027.69,15.0,0.3724,4037.30529774,4037.12967497,4035.36823819,4036.26515906,-193.71,-86.45,-89.69,-2.2269,2.2269,762.64,18.9350,0.019668,4027.01,4029.09,4022.24,4027.62,BULLISH,61.00,685.00,0.089051,0.898192,-18.6858,18.6858,4030.49290833,4020.70274244,4031.01644087,4021.30224273,52.35,59.95,971.42,24.1185,BULLISH,COUNTER
2026.06.30 21:00_BUY,XAUUSD,PERIOD_M5,PERIOD_M15,2026.06.30 21:00:00,1782853200027,2026.06.30 21:00:00,BUY,OK,21,0,2,4030.82,4030.95,4030.89,13.0,0.3225,4028.30513945,4028.57654053,4028.80811156,4028.78049139,50.30,20.40,2.76,0.0685,0.0685,341.43,8.4703,0.038075,4031.26,4031.69,4029.96,4030.82,BEARISH,44.00,173.00,0.254335,0.506695,3.4000,3.4000,4029.10083383,4023.56645179,4029.26456395,4023.85090466,16.37,28.45,541.37,13.4304,BULLISH,ALIGNED
2026.06.30 22:05_SELL,XAUUSD,PERIOD_M5,PERIOD_M15,2026.06.30 22:05:00,1782857100101,2026.06.30 22:05:00,SELL,OK,22,5,2,4026.75,4026.88,4026.82,13.0,0.3228,4030.62837643,4030.33362502,4029.85270115,4030.00784092,-77.57,-32.58,-15.51,-0.3853,0.3853,219.29,5.4456,0.059283,4028.55,4029.51,4026.72,4026.75,BEARISH,180.00,279.00,0.645161,1.272313,-12.2034,12.2034,4029.85082649,4024.72229190,4029.72693825,4024.87239810,-12.39,15.01,485.45,12.0555,BULLISH,COUNTER
2026.07.01 11:00_BUY,XAUUSD,PERIOD_M5,PERIOD_M15,2026.07.01 11:00:00,1782903600014,2026.07.01 11:00:00,BUY,OK,11,0,3,3976.12,3976.26,3976.19,14.0,0.3521,3968.99276241,3969.21825966,3970.42020992,3969.84659969,142.74,62.83,57.36,1.4426,1.4426,551.86,13.8790,0.025369,3971.42,3978.47,3971.10,3976.13,BULLISH,471.00,737.00,0.639077,1.335491,12.6665,12.6665,3974.56331977,3988.89164942,3974.71252741,3988.39119258,14.92,-50.05,-1367.87,-34.4014,BEARISH,COUNTER
2026.07.01 19:35_SELL,XAUUSD,PERIOD_M5,PERIOD_M15,2026.07.01 19:35:00,1782934500008,2026.07.01 19:35:00,SELL,OK,19,35,3,4076.33,4076.46,4076.39,13.0,0.3189,4082.99539436,4082.80176858,4081.66231549,4082.21342598,-133.31,-58.83,-55.11,-1.3520,1.3520,471.36,11.5631,0.027580,4081.46,4083.40,4075.37,4076.33,BEARISH,513.00,803.00,0.638854,1.703591,-19.0739,19.0739,4062.06088792,4031.38134996,4063.90747002,4033.34482643,184.66,196.35,3056.26,74.9747,BULLISH,COUNTER
2026.07.02 03:30_BUY,XAUUSD,PERIOD_M5,PERIOD_M15,2026.07.02 03:30:00,1782963000004,2026.07.02 03:30:00,BUY,OK,3,30,4,4046.42,4046.59,4046.51,17.0,0.4201,4040.32721782,4040.38367332,4041.54577425,4040.93243029,121.86,54.88,61.33,1.5157,1.5157,440.50,10.8859,0.038593,4046.56,4048.57,4043.89,4046.42,BEARISH,14.00,468.00,0.029915,1.062429,3.8320,3.8320,4048.21761807,4043.86757831,4048.04641635,4043.96767328,-17.12,10.01,407.87,10.0797,BULLISH,ALIGNED
2026.07.02 05:10_SELL,XAUUSD,PERIOD_M5,PERIOD_M15,2026.07.02 05:10:00,1782969000011,2026.07.02 05:10:00,SELL,OK,5,10,4,4044.50,4044.67,4044.59,17.0,0.4203,4051.27178651,4050.47849095,4049.91742921,4049.93499177,-135.44,-54.35,-1.76,-0.0434,0.0434,736.00,18.1972,0.023098,4047.04,4047.28,4042.39,4044.50,BEARISH,254.00,489.00,0.519427,0.664402,-23.1629,23.1629,4049.51796852,4045.35456934,4049.59244771,4045.54850779,7.45,19.39,404.39,9.9984,BULLISH,COUNTER
2026.07.02 05:20_BUY,XAUUSD,PERIOD_M5,PERIOD_M15,2026.07.02 05:20:00,1782969600002,2026.07.02 05:20:00,BUY,OK,5,20,4,4054.04,4054.21,4054.13,17.0,0.4193,4049.56394337,4049.77271979,4050.45915469,4050.16065436,89.52,38.79,29.85,0.7363,0.7363,664.43,16.3890,0.025586,4048.15,4054.22,4047.85,4054.04,BULLISH,589.00,637.00,0.924647,0.958719,17.2966,17.2966,4049.59244771,4045.54850779,4049.45507173,4045.65052709,-13.74,10.20,380.45,9.3844,BULLISH,ALIGNED
2026.07.02 08:05_SELL,XAUUSD,PERIOD_M5,PERIOD_M15,2026.07.02 08:05:00,1782979500135,2026.07.02 08:05:00,SELL,OK,8,5,4,4059.25,4059.38,4059.32,13.0,0.3203,4063.63333421,4063.41782093,4062.76066736,4063.04074630,-87.27,-37.71,-28.01,-0.6900,0.6900,312.00,7.6860,0.041667,4060.75,4061.25,4057.76,4059.27,BEARISH,148.00,349.00,0.424069,1.118590,-6.9176,6.9176,4058.33021265,4051.29653675,4058.55971620,4051.66686865,22.95,37.03,689.28,16.9803,BULLISH,COUNTER
2026.07.02 09:00_BUY,XAUUSD,PERIOD_M5,PERIOD_M15,2026.07.02 09:00:00,1782982800040,2026.07.02 09:00:00,BUY,OK,9,0,4,4066.11,4066.24,4066.18,13.0,0.3197,4061.15980093,4061.35947329,4062.14984074,4061.79133936,99.00,43.19,35.85,0.8817,0.8817,487.21,11.9821,0.026682,4064.14,4067.72,4062.43,4066.11,BULLISH,197.00,529.00,0.372401,1.085765,10.4878,10.4878,4058.56419106,4052.43450641,4059.28283953,4052.97080027,71.86,53.63,631.20,15.5233,BULLISH,ALIGNED
2026.07.02 10:25_SELL,XAUUSD,PERIOD_M5,PERIOD_M15,2026.07.02 10:25:00,1782987900048,2026.07.02 10:25:00,SELL,OK,10,25,4,4061.65,4061.78,4061.72,13.0,0.3201,4069.72048020,4068.98495594,4068.10238416,4068.31632358,-161.81,-66.86,-21.39,-0.5267,0.5267,559.29,13.7697,0.023244,4065.18,4067.22,4061.49,4061.63,BEARISH,355.00,573.00,0.619546,1.024521,-25.2706,25.2706,4063.20151732,4055.65174015,4063.64232520,4056.12931897,44.08,47.76,751.30,18.4971,BULLISH,COUNTER
2026.07.02 10:45_BUY,XAUUSD,PERIOD_M5,PERIOD_M15,2026.07.02 10:45:00,1782989100071,2026.07.02 10:45:00,BUY,OK,10,45,4,4074.51,4074.62,4074.57,11.0,0.2700,4067.28914069,4067.75476603,4068.73331255,4068.36887821,144.42,61.41,36.44,0.8944,0.8944,546.21,13.4055,0.020139,4071.07,4075.55,4070.36,4074.51,BULLISH,344.00,519.00,0.662813,0.950177,29.8347,29.8347,4063.52305613,4056.37483587,4064.56943174,4057.08601878,104.64,71.12,748.34,18.3662,BULLISH,ALIGNED
2026.07.02 11:00_SELL,XAUUSD,PERIOD_M5,PERIOD_M15,2026.07.02 11:00:00,1782990000003,2026.07.02 11:00:00,SELL,OK,11,0,4,4064.67,4064.70,4064.68,3.0,0.0738,4068.42652003,4068.30295720,4067.67521603,4067.97268836,-75.13,-33.03,-29.75,-0.7318,0.7318,529.50,13.0268,0.005666,4066.37,4066.90,4063.62,4064.67,BEARISH,170.00,328.00,0.518293,0.619452,-24.1501,24.1501,4064.56943174,4057.08601878,4064.57900967,4057.38342981,0.96,29.74,719.56,17.7027,BULLISH,COUNTER
2026.07.02 11:10_BUY,XAUUSD,PERIOD_M5,PERIOD_M15,2026.07.02 11:10:00,1782990600006,2026.07.02 11:10:00,BUY,OK,11,10,4,4071.37,4071.45,4071.41,8.0,0.1965,4067.36617282,4067.80517124,4068.16693826,4068.12924658,80.08,32.41,3.77,0.0926,0.0926,539.64,13.2544,0.014825,4066.13,4071.88,4065.84,4071.37,BULLISH,524.00,604.00,0.867550,1.119259,12.2960,12.2960,4064.56943174,4057.08601878,4064.57900967,4057.38342981,0.96,29.74,719.56,17.6734,BULLISH,ALIGNED
2026.07.02 12:30_SELL,XAUUSD,PERIOD_M5,PERIOD_M15,2026.07.02 12:30:00,1782995400015,2026.07.02 12:30:00,SELL,OK,12,30,4,4067.73,4067.73,4067.73,0.0,0.0000,4072.24120505,4072.07588152,4071.33896404,4071.68080139,-90.22,-39.51,-34.18,-0.8404,0.8404,398.21,9.7896,0.000000,4067.62,4068.01,4066.22,4067.73,BULLISH,11.00,179.00,0.061453,0.449507,-11.2467,11.2467,4068.23937118,4060.36434348,4068.19085964,4060.65319276,-4.85,28.88,753.77,18.5304,BULLISH,COUNTER
2026.07.02 14:45_BUY,XAUUSD,PERIOD_M5,PERIOD_M15,2026.07.02 14:45:00,1783003500061,2026.07.02 14:45:00,BUY,OK,14,45,4,4071.18,4071.31,4071.24,13.0,0.3193,4064.84836022,4065.21511922,4066.11468818,4065.75738111,126.63,54.23,35.73,0.8776,0.8776,418.86,10.2882,0.031037,4066.87,4071.75,4065.11,4071.18,BULLISH,431.00,664.00,0.649096,1.585266,13.7988,13.7988,4066.62814483,4061.96632262,4067.06165485,4062.32764330,43.35,36.13,473.40,11.6279,BULLISH,ALIGNED
2026.07.02 15:20_SELL,XAUUSD,PERIOD_M5,PERIOD_M15,2026.07.02 15:20:00,1783005600057,2026.07.02 15:20:00,SELL,OK,15,20,4,4061.96,4062.08,4062.02,12.0,0.2954,4067.05229138,4066.61658939,4066.03183310,4066.19235399,-102.05,-42.42,-16.05,-0.3952,0.3952,458.71,11.2928,0.026160,4064.21,4064.89,4061.69,4061.95,BEARISH,226.00,320.00,0.706250,0.697602,-11.9258,11.9258,4066.89102105,4062.44302984,4066.63568571,4062.51232279,-25.53,6.93,412.34,10.1510,BULLISH,COUNTER
2026.07.02 15:25_BUY,XAUUSD,PERIOD_M5,PERIOD_M15,2026.07.02 15:25:00,1783005900014,2026.07.02 15:25:00,BUY,OK,15,25,4,4067.38,4067.52,4067.45,14.0,0.3442,4066.03183310,4066.19235399,4066.30346648,4066.30123090,27.16,10.89,0.22,0.0055,0.0055,480.57,11.8151,0.029132,4061.96,4068.81,4061.96,4067.39,BULLISH,543.00,685.00,0.792701,1.425386,-6.3882,-6.3882,4066.89102105,4062.44302984,4066.63568571,4062.51232279,-25.53,6.93,412.34,10.1375,BULLISH,ALIGNED
2026.07.02 15:30_SELL,XAUUSD,PERIOD_M5,PERIOD_M15,2026.07.02 15:30:00,1783006200002,2026.07.02 15:30:00,SELL,OK,15,30,4,4065.05,4065.41,4065.23,36.0,0.8856,4066.30346648,4066.30123090,4066.05277319,4066.18748264,-25.07,-11.37,-13.47,-0.3314,0.3314,496.43,12.2116,0.072518,4067.38,4069.66,4062.90,4065.05,BEARISH,233.00,676.00,0.344675,1.361727,2.0668,-2.0668,4066.63568571,4062.51232279,4066.48466803,4062.61183954,-15.10,9.95,387.28,9.5267,BULLISH,COUNTER
2026.07.02 15:35_BUY,XAUUSD,PERIOD_M5,PERIOD_M15,2026.07.02 15:35:00,1783006500005,2026.07.02 15:35:00,BUY,OK,15,35,4,4127.36,4127.49,4127.42,13.0,0.3150,4066.05277319,4066.18748264,4078.31421855,4071.74862058,1226.14,556.11,656.56,15.9072,15.9072,923.86,22.3834,0.014071,4065.05,4127.55,4065.04,4127.36,BULLISH,6231.00,6251.00,0.996801,6.766198,161.0310,161.0310,4066.63568571,4062.51232279,4066.48466803,4062.61183954,-15.10,9.95,387.28,9.3832,BULLISH,ALIGNED
2026.07.02 19:25_SELL,XAUUSD,PERIOD_M5,PERIOD_M15,2026.07.02 19:25:00,1783020300020,2026.07.02 19:25:00,SELL,OK,19,25,4,4117.09,4117.18,4117.14,9.0,0.2186,4125.17142470,4124.80213947,4123.55313976,4124.10012679,-161.83,-70.20,-54.70,-1.3286,1.3286,575.14,13.9695,0.015648,4123.45,4123.75,4116.08,4117.08,BEARISH,637.00,767.00,0.830508,1.333582,-13.3896,13.3896,4110.89085791,4089.51469592,4112.08220477,4090.84353137,119.13,132.88,2123.87,51.5861,BULLISH,COUNTER
2026.07.02 21:25_BUY,XAUUSD,PERIOD_M5,PERIOD_M15,2026.07.02 21:25:00,1783027500039,2026.07.02 21:25:00,BUY,OK,21,25,4,4118.02,4118.14,4118.08,12.0,0.2914,4115.12809712,4115.29390221,4115.70647770,4115.54172928,57.84,24.78,16.47,0.4001,0.4001,493.64,11.9872,0.024309,4117.01,4118.29,4115.86,4118.02,BULLISH,101.00,243.00,0.415638,0.492259,-10.7945,-10.7945,4112.41442681,4096.29991613,4113.06067188,4097.19795863,64.62,89.80,1586.27,38.5197,BULLISH,ALIGNED
2026.07.02 22:20_SELL,XAUUSD,PERIOD_M5,PERIOD_M15,2026.07.02 22:20:00,1783030800010,2026.07.02 22:20:00,SELL,OK,22,20,4,4111.83,4111.96,4111.90,13.0,0.3162,4118.78106749,4118.41249248,4117.39285399,4117.81499316,-138.82,-59.75,-42.21,-1.0266,1.0266,378.64,9.2085,0.034333,4114.48,4114.96,4111.64,4111.84,BEARISH,264.00,332.00,0.795181,0.876816,-15.6861,15.6861,4115.46814474,4100.04257469,4115.37403572,4100.60874823,-9.41,56.62,1476.53,35.9087,BULLISH,COUNTER
2026.07.03 01:00_BUY,XAUUSD,PERIOD_M5,PERIOD_M15,2026.07.03 01:00:00,1783040400419,2026.07.03 01:00:00,BUY,OK,1,0,5,4091.17,4150.10,4120.64,5893.0,143.0119,4116.37071014,4116.50549459,4117.36256811,4116.94408599,99.19,43.86,41.85,1.0156,1.0156,395.86,9.6067,14.886684,4123.85,4124.13,4119.75,4121.33,BEARISH,252.00,438.00,0.575342,1.106460,19.1323,19.1323,4114.95874579,4101.56716052,4115.56553190,4102.34217383,60.68,77.50,1322.34,32.0906,BULLISH,ALIGNED
2026.07.03 07:05_SELL,XAUUSD,PERIOD_M5,PERIOD_M15,2026.07.03 07:05:00,1783062300029,2026.07.03 07:05:00,SELL,OK,7,5,5,4174.49,4174.66,4174.57,17.0,0.4072,4178.52531671,4178.39164881,4177.71825337,4178.03695346,-80.71,-35.47,-31.87,-0.7634,0.7634,324.43,7.7715,0.052400,4176.04,4176.59,4173.09,4174.49,BEARISH,155.00,350.00,0.442857,1.078820,-4.7887,4.7887,4163.13631200,4137.36803518,4164.36523467,4138.88458282,122.89,151.65,2548.07,61.0377,BULLISH,COUNTER
2026.07.03 07:20_BUY,XAUUSD,PERIOD_M5,PERIOD_M15,2026.07.03 07:20:00,1783063200073,2026.07.03 07:20:00,BUY,OK,7,20,5,4181.33,4181.50,4181.41,17.0,0.4066,4177.79328216,4178.01963096,4178.50062572,4178.32057360,70.73,30.09,18.01,0.4306,0.4306,310.79,7.4325,0.054700,4177.77,4181.45,4176.66,4181.33,BULLISH,356.00,479.00,0.743215,1.541255,16.3852,16.3852,4164.36523467,4138.88458282,4165.64283136,4140.40989330,127.76,152.53,2523.29,60.3455,BULLISH,ALIGNED
2026.07.03 07:40_SELL,XAUUSD,PERIOD_M5,PERIOD_M15,2026.07.03 07:40:00,1783064400167,2026.07.03 07:40:00,SELL,OK,7,40,5,4176.46,4176.63,4176.55,17.0,0.4070,4178.29920037,4178.27688475,4177.93136030,4178.11171341,-36.78,-16.52,-18.04,-0.4318,0.4318,309.43,7.4087,0.054940,4177.36,4177.74,4175.38,4176.46,BEARISH,90.00,236.00,0.381356,0.762696,-5.2648,5.2648,4165.64283136,4140.40989330,4166.87113314,4141.90519160,122.83,149.53,2496.59,59.7765,BULLISH,COUNTER
2026.07.03 08:05_BUY,XAUUSD,PERIOD_M5,PERIOD_M15,2026.07.03 08:05:00,1783065900038,2026.07.03 08:05:00,BUY,OK,8,5,5,4180.70,4180.83,4180.76,13.0,0.3109,4177.41810918,4177.75344471,4178.07448734,4178.02131338,65.64,26.79,5.32,0.1272,0.1272,293.29,7.0151,0.044325,4178.87,4181.06,4177.02,4180.70,BULLISH,183.00,404.00,0.452970,1.377496,10.4158,10.4158,4167.86054903,4143.29165467,4168.90716341,4144.68609959,104.66,139.44,2422.11,57.9345,BULLISH,ALIGNED
2026.07.03 08:25_SELL,XAUUSD,PERIOD_M5,PERIOD_M15,2026.07.03 08:25:00,1783067100093,2026.07.03 08:25:00,SELL,OK,8,25,5,4174.50,4174.63,4174.57,13.0,0.3114,4178.47269752,4178.23524671,4177.67815802,4177.89567883,-79.45,-33.96,-21.75,-0.5211,0.5211,310.86,7.4465,0.041820,4179.20,4179.23,4173.07,4174.50,BEARISH,470.00,616.00,0.762987,1.981618,-10.9354,10.9354,4168.90716341,4144.68609959,4169.80743356,4146.00664470,90.03,132.05,2380.08,57.0138,BULLISH,COUNTER
2026.07.03 10:10_BUY,XAUUSD,PERIOD_M5,PERIOD_M15,2026.07.03 10:10:00,1783073400009,2026.07.03 10:10:00,BUY,OK,10,10,5,4180.39,4180.52,4180.45,13.0,0.3110,4171.75118024,4171.82643146,4173.47894419,4172.60493769,172.78,77.85,87.40,2.0907,2.0907,503.29,12.0390,0.025830,4174.99,4180.55,4174.84,4180.39,BULLISH,540.00,571.00,0.945709,1.134544,17.2530,17.2530,4169.72078432,4151.10705505,4170.03690010,4151.96717054,31.61,86.01,1806.97,43.2243,BULLISH,ALIGNED
2026.07.03 12:25_SELL,XAUUSD,PERIOD_M5,PERIOD_M15,2026.07.03 12:25:00,1783081500010,2026.07.03 12:25:00,SELL,OK,12,25,5,4173.47,4173.59,4173.53,12.0,0.2875,4179.49270780,4179.47962905,4178.28816624,4178.93329913,-120.45,-54.63,-64.51,-1.5458,1.5458,411.29,9.8546,0.029177,4175.97,4177.60,4173.39,4173.47,BEARISH,250.00,421.00,0.593824,1.023619,-9.5273,9.5273,4175.82231808,4159.68865586,4176.26114493,4160.50204190,43.88,81.34,1575.91,37.7596,BULLISH,COUNTER
2026.07.03 13:20_BUY,XAUUSD,PERIOD_M5,PERIOD_M15,2026.07.03 13:20:00,1783084800122,2026.07.03 13:20:00,BUY,OK,13,20,5,4180.32,4180.45,4180.39,13.0,0.3110,4176.01730842,4176.35711382,4176.87784674,4176.71737620,86.05,36.03,16.05,0.3839,0.3839,361.07,8.6373,0.036004,4179.85,4180.38,4177.92,4180.32,BULLISH,47.00,246.00,0.191057,0.681306,10.6565,10.6565,4175.18828129,4161.81618086,4175.63034974,4162.52260514,44.21,70.64,1310.77,31.3554,BULLISH,ALIGNED
2026.07.03 15:20_SELL,XAUUSD,PERIOD_M5,PERIOD_M15,2026.07.03 15:20:00,1783092000124,2026.07.03 15:20:00,SELL,OK,15,20,5,4175.59,4175.72,4175.66,13.0,0.3113,4180.92622021,4180.67076253,4179.85897616,4180.20887503,-106.72,-46.19,-34.99,-0.8379,0.8379,297.71,7.1298,0.043666,4178.01,4178.30,4175.15,4175.59,BEARISH,242.00,315.00,0.768254,1.058061,-6.7729,6.7729,4178.49209393,4167.05457640,4178.44618022,4167.48420086,-4.59,42.96,1096.20,26.2521,BULLISH,COUNTER
2026.07.03 18:10_BUY,XAUUSD,PERIOD_M5,PERIOD_M15,2026.07.03 18:10:00,1783102200014,2026.07.03 18:10:00,BUY,OK,18,10,5,4171.17,4171.30,4171.24,13.0,0.3117,4167.58258581,4167.65901218,4168.30006865,4167.97819289,71.75,31.92,32.19,0.7717,0.7717,417.14,10.0005,0.031164,4171.59,4172.50,4171.17,4171.17,BEARISH,42.00,133.00,0.315789,0.318836,6.1171,6.1171,4171.69390467,4167.80534780,4171.51829470,4167.88553024,-17.56,8.02,363.28,8.7091,BULLISH,ALIGNED
2026.07.03 18:45_SELL,XAUUSD,PERIOD_M5,PERIOD_M15,2026.07.03 18:45:00,1783104300008,2026.07.03 18:45:00,SELL,OK,18,45,5,4167.72,4167.85,4167.78,13.0,0.3119,4168.44988680,4168.37734309,4168.30390944,4168.31758463,-14.60,-5.98,-1.37,-0.0328,0.0328,296.43,7.1124,0.043855,4167.32,4168.89,4166.91,4167.72,BULLISH,40.00,198.00,0.202020,0.667952,0.6479,-0.6479,4171.18096233,4168.02724264,4170.85134687,4168.01519391,-32.96,-1.20,283.62,6.8049,BULLISH,COUNTER
2026.07.03 18:50_BUY,XAUUSD,PERIOD_M5,PERIOD_M15,2026.07.03 18:50:00,1783104600028,2026.07.03 18:50:00,BUY,OK,18,50,5,4168.51,4168.64,4168.58,13.0,0.3119,4168.30390944,4168.31758463,4168.33912755,4168.33234966,3.52,1.48,0.68,0.0163,0.0163,292.86,7.0254,0.044390,4167.72,4168.94,4167.03,4168.48,BULLISH,76.00,191.00,0.397906,0.652195,3.7678,3.7678,4171.18096233,4168.02724264,4170.85134687,4168.01519391,-32.96,-1.20,283.62,6.8037,BULLISH,ALIGNED
2026.07.03 18:55_SELL,XAUUSD,PERIOD_M5,PERIOD_M15,2026.07.03 18:55:00,1783104900086,2026.07.03 18:55:00,SELL,OK,18,55,5,4167.00,4167.13,4167.07,13.0,0.3120,4168.33912755,4168.33234966,4168.07130204,4168.21122697,-26.78,-12.11,-13.99,-0.3358,0.3358,285.93,6.8616,0.045466,4168.51,4168.58,4165.68,4167.00,BEARISH,151.00,290.00,0.520690,1.014239,-0.7679,0.7679,4171.18096233,4168.02724264,4170.85134687,4168.01519391,-32.96,-1.20,283.62,6.8061,BULLISH,COUNTER
2026.07.03 19:45_BUY,XAUUSD,PERIOD_M5,PERIOD_M15,2026.07.03 19:45:00,1783107900024,2026.07.03 19:45:00,BUY,OK,19,45,5,4170.24,4170.37,4170.31,13.0,0.3117,4167.22800953,4167.27242164,4167.83040763,4167.54220149,60.24,26.98,28.82,0.6911,0.6911,230.50,5.5272,0.056399,4169.18,4170.47,4168.07,4170.24,BULLISH,106.00,240.00,0.441667,1.041215,8.5920,8.5920,4169.40755514,4167.70218338,4169.48683561,4167.80170560,7.93,9.95,168.51,4.0408,BULLISH,ALIGNED
2026.07.06 03:10_SELL,XAUUSD,PERIOD_M5,PERIOD_M15,2026.07.06 03:10:00,1783307400030,2026.07.06 03:10:00,SELL,OK,3,10,1,4176.56,4176.73,4176.65,17.0,0.4070,4185.50803986,4185.46676741,4183.72243189,4184.65887946,-178.56,-80.79,-93.64,-2.2421,2.2421,673.00,16.1134,0.025260,4175.37,4178.79,4171.04,4176.58,BULLISH,121.00,775.00,0.156129,1.151560,-14.6078,14.6078,4180.50082213,4173.55039905,4180.74836288,4173.92489321,24.75,37.45,682.35,16.3372,BULLISH,COUNTER
2026.07.06 04:05_BUY,XAUUSD,PERIOD_M5,PERIOD_M15,2026.07.06 04:05:00,1783310700015,2026.07.06 04:05:00,BUY,OK,4,5,1,4187.14,4187.31,4187.23,17.0,0.4060,4182.02252140,4182.52338925,4183.04601712,4182.94308114,102.35,41.97,10.29,0.2458,0.2458,789.07,18.8447,0.021544,4179.61,4192.62,4172.52,4187.14,BULLISH,753.00,2010.00,0.374627,2.547298,4.4920,4.4920,4180.24471450,4174.45148729,4180.18426550,4174.65378191,-6.04,20.23,553.05,13.2080,BULLISH,ALIGNED
2026.07.06 04:10_SELL,XAUUSD,PERIOD_M5,PERIOD_M15,2026.07.06 04:10:00,1783311000006,2026.07.06 04:10:00,SELL,OK,4,10,1,4181.03,4181.21,4181.12,18.0,0.4305,4183.04601712,4182.94308114,4182.64281369,4182.76916467,-40.32,-17.39,-12.64,-0.3022,0.3022,842.14,20.1416,0.021374,4187.14,4187.32,4176.19,4181.03,BEARISH,611.00,1113.00,0.548967,1.321628,-5.9519,5.9519,4180.24471450,4174.45148729,4180.18426550,4174.65378191,-6.04,20.23,553.05,13.2273,BULLISH,COUNTER
2026.07.06 04:15_BUY,XAUUSD,PERIOD_M5,PERIOD_M15,2026.07.06 04:15:00,1783311300097,2026.07.06 04:15:00,BUY,OK,4,15,1,4188.82,4188.99,4188.90,17.0,0.4058,4182.64281369,4182.76916467,4183.87825095,4183.31924061,123.54,55.01,55.90,1.3345,1.3345,800.21,19.1032,0.021244,4181.03,4189.37,4180.12,4188.82,BULLISH,779.00,925.00,0.842162,1.155940,22.0355,22.0355,4180.18426550,4174.65378191,4181.00671641,4175.20931987,82.25,55.55,579.74,13.8399,BULLISH,ALIGNED
2026.07.06 05:15_SELL,XAUUSD,PERIOD_M5,PERIOD_M15,2026.07.06 05:15:00,1783314900120,2026.07.06 05:15:00,SELL,OK,5,15,1,4181.09,4181.15,4181.12,6.0,0.1435,4187.88451363,4187.37617050,4186.52561091,4186.80470046,-135.89,-57.15,-27.91,-0.6675,0.6675,783.50,18.7390,0.007658,4180.95,4181.95,4177.04,4181.09,BULLISH,14.00,491.00,0.028513,0.626675,-11.7534,11.7534,4183.62843406,4177.01716484,4183.38667843,4177.17688387,-24.18,15.97,620.98,14.8520,BULLISH,COUNTER
2026.07.06 10:40_BUY,XAUUSD,PERIOD_M5,PERIOD_M15,2026.07.06 10:40:00,1783334400032,2026.07.06 10:40:00,BUY,OK,10,40,1,4158.54,4158.69,4158.61,15.0,0.3607,4153.67741217,4153.85149587,4154.64992974,4154.27772352,97.25,42.62,37.22,0.8950,0.8950,431.71,10.3812,0.034745,4157.08,4158.76,4155.78,4158.54,BULLISH,146.00,298.00,0.489933,0.690271,9.7244,9.7244,4160.07978692,4166.90537291,4159.40171198,4166.35849554,-67.81,-54.69,-695.68,-16.7286,BEARISH,COUNTER
2026.07.06 11:35_SELL,XAUUSD,PERIOD_M5,PERIOD_M15,2026.07.06 11:35:00,1783337700009,2026.07.06 11:35:00,SELL,OK,11,35,1,4154.34,4154.47,4154.41,13.0,0.3129,4157.94133175,4157.52476071,4157.22106540,4157.23523701,-72.03,-28.95,-1.42,-0.0341,0.0341,387.71,9.3326,0.033530,4155.46,4156.19,4153.91,4154.34,BEARISH,112.00,228.00,0.491228,0.588062,-4.9322,4.9322,4160.03779316,4165.86202216,4159.60181286,4165.45409972,-43.60,-40.79,-585.23,-14.0869,BEARISH,ALIGNED
2026.07.06 13:35_BUY,XAUUSD,PERIOD_M5,PERIOD_M15,2026.07.06 13:35:00,1783344900010,2026.07.06 13:35:00,BUY,OK,13,35,1,4154.20,4154.31,4154.26,11.0,0.2648,4147.01002735,4147.39558658,4148.44802188,4148.01416962,143.80,61.86,43.39,1.0444,1.0444,381.57,9.1851,0.028828,4148.91,4154.48,4148.71,4154.20,BULLISH,529.00,577.00,0.916811,1.512168,11.0372,11.0372,4152.73950683,4160.74524219,4152.37860142,4160.28268367,-36.09,-46.26,-790.41,-19.0265,BEARISH,COUNTER
2026.07.06 15:30_SELL,XAUUSD,PERIOD_M5,PERIOD_M15,2026.07.06 15:30:00,1783351800022,2026.07.06 15:30:00,SELL,OK,15,30,1,4145.74,4145.87,4145.81,13.0,0.3136,4153.85303231,4153.64724213,4152.23042585,4152.92840194,-162.26,-71.88,-69.80,-1.6836,1.6836,382.71,9.2314,0.033968,4147.13,4149.73,4145.08,4145.74,BEARISH,139.00,465.00,0.298925,1.215006,-24.9032,24.9032,4153.68047275,4158.97366453,4152.92423725,4158.45469729,-75.62,-51.90,-553.05,-13.3399,BEARISH,ALIGNED
2026.07.06 18:30_BUY,XAUUSD,PERIOD_M5,PERIOD_M15,2026.07.06 18:30:37,1783362637517,2026.07.06 18:30:00,BUY,OK,18,30,1,4148.75,4148.88,4148.82,13.0,0.3133,4140.41619376,4140.45209031,4142.45895500,4141.37735483,204.28,92.53,108.16,2.6070,2.6070,606.36,14.6152,0.021440,4143.68,4151.00,4143.57,4150.63,BULLISH,695.00,743.00,0.935397,1.225350,26.3787,26.3787,4143.63183410,4151.60250322,4144.29832609,4151.56436584,66.65,-3.81,-726.60,-17.5135,BEARISH,COUNTER
2026.07.07 02:40_SELL,XAUUSD,PERIOD_M5,PERIOD_M15,2026.07.07 02:40:00,1783392000042,2026.07.07 02:40:00,SELL,OK,2,40,2,4163.10,4163.31,4163.20,21.0,0.5044,4164.50280241,4164.41333481,4164.22224193,4164.29394073,-28.06,-11.94,-7.17,-0.1722,0.1722,183.64,4.4111,0.114352,4164.60,4164.63,4162.63,4163.10,BEARISH,150.00,200.00,0.750000,1.089070,-1.6091,1.6091,4160.17709314,4156.59452754,4160.45832237,4156.85082058,28.12,25.63,360.75,8.6652,BULLISH,COUNTER
2026.07.07 09:45_BUY,XAUUSD,PERIOD_M5,PERIOD_M15,2026.07.07 09:45:00,1783417500110,2026.07.07 09:45:00,BUY,OK,9,45,2,4132.51,4132.66,4132.59,15.0,0.3630,4126.33561576,4126.44333388,4127.57049261,4126.99484898,123.49,55.15,57.56,1.3929,1.3929,443.07,10.7214,0.033855,4128.21,4132.51,4128.09,4132.51,BULLISH,430.00,442.00,0.972851,0.997582,13.9334,13.9334,4132.33011885,4141.64457263,4132.34725039,4141.28635409,1.71,-35.82,-893.91,-21.6308,BEARISH,COUNTER
2026.07.07 11:00_SELL,XAUUSD,PERIOD_M5,PERIOD_M15,2026.07.07 11:00:00,1783422000050,2026.07.07 11:00:00,SELL,OK,11,0,2,4124.73,4124.86,4124.80,13.0,0.3152,4128.05359062,4127.93627774,4127.39087249,4127.64570704,-66.27,-29.06,-25.48,-0.6178,0.6178,382.21,9.2663,0.034012,4126.84,4126.93,4124.55,4124.74,BEARISH,210.00,238.00,0.882353,0.622687,-13.5582,13.5582,4131.32341986,4139.50857291,4130.69642749,4138.92941319,-62.70,-57.92,-823.30,-19.9597,BEARISH,ALIGNED
2026.07.07 11:10_BUY,XAUUSD,PERIOD_M5,PERIOD_M15,2026.07.07 11:10:00,1783422600015,2026.07.07 11:10:00,BUY,OK,11,10,2,4130.25,4130.39,4130.32,14.0,0.3390,4127.60069800,4127.71791549,4128.13055840,4127.94810499,52.99,23.02,18.25,0.4417,0.4417,412.29,9.9819,0.033957,4128.44,4130.83,4127.56,4130.25,BULLISH,181.00,327.00,0.553517,0.793139,8.2630,8.2630,4131.32341986,4139.50857291,4130.69642749,4138.92941319,-62.70,-57.92,-823.30,-19.9330,BEARISH,COUNTER
2026.07.07 12:00_SELL,XAUUSD,PERIOD_M5,PERIOD_M15,2026.07.07 12:00:00,1783425600028,2026.07.07 12:00:00,SELL,OK,12,0,2,4125.99,4126.12,4126.06,13.0,0.3151,4130.34678657,4130.31166989,4129.47542926,4129.91879081,-87.14,-39.29,-44.34,-1.0745,1.0745,452.21,10.9600,0.028747,4123.98,4127.05,4122.28,4125.99,BULLISH,201.00,477.00,0.421384,1.054810,-12.3212,12.3212,4131.91777737,4138.54488449,4131.35322714,4138.05253608,-56.46,-49.23,-669.93,-16.2366,BEARISH,ALIGNED
2026.07.07 13:00_BUY,XAUUSD,PERIOD_M5,PERIOD_M15,2026.07.07 13:00:00,1783429200042,2026.07.07 13:00:00,BUY,OK,13,0,2,4131.28,4131.41,4131.34,13.0,0.3147,4128.75642924,4128.83510753,4129.26114339,4129.05737049,50.47,22.23,20.38,0.4932,0.4932,472.71,11.4421,0.027501,4130.24,4132.46,4129.52,4131.28,BULLISH,104.00,294.00,0.353741,0.621940,-4.1133,-4.1133,4130.37608087,4136.85572455,4130.46216841,4136.63706868,8.61,-21.87,-617.49,-14.9465,BEARISH,COUNTER
2026.07.07 17:10_SELL,XAUUSD,PERIOD_M5,PERIOD_M15,2026.07.07 17:10:00,1783444200000,2026.07.07 17:10:00,SELL,OK,17,10,2,4156.02,4156.17,4156.10,15.0,0.3609,4164.82669073,4164.20149008,4163.06535259,4163.45771826,-176.13,-74.38,-39.24,-0.9441,0.9441,885.79,21.3129,0.016934,4154.70,4158.22,4152.07,4156.02,BULLISH,132.00,615.00,0.214634,0.694299,-23.7164,23.7164,4154.05858804,4145.91139380,4154.47681775,4146.40310385,41.82,49.17,807.37,19.4262,BULLISH,COUNTER
2026.07.07 20:45_BUY,XAUUSD,PERIOD_M5,PERIOD_M15,2026.07.07 20:45:00,1783457100009,2026.07.07 20:45:00,BUY,OK,20,45,2,4147.11,4147.24,4147.17,13.0,0.3135,4145.22664129,4145.27861640,4145.60531303,4145.44601491,37.87,16.74,15.93,0.3841,0.3841,261.07,6.2952,0.049795,4146.10,4147.76,4145.88,4147.12,BULLISH,102.00,188.00,0.542553,0.720109,2.4360,2.4360,4147.96376318,4146.46363076,4147.88340478,4146.48937073,-8.04,2.57,139.40,3.3614,BULLISH,ALIGNED
2026.07.07 20:55_SELL,XAUUSD,PERIOD_M5,PERIOD_M15,2026.07.07 20:55:00,1783457700041,2026.07.07 20:55:00,SELL,OK,20,55,2,4143.75,4143.88,4143.82,13.0,0.3137,4145.55225042,4145.43637719,4145.19180034,4145.28307017,-36.05,-15.33,-9.13,-0.2203,0.2203,256.43,6.1882,0.050696,4145.34,4145.43,4143.08,4143.75,BEARISH,159.00,235.00,0.676596,0.916435,-5.6680,5.6680,4147.96376318,4146.46363076,4147.88340478,4146.48937073,-8.04,2.57,139.40,3.3641,BULLISH,COUNTER
2026.07.08 03:35_BUY,XAUUSD,PERIOD_M5,PERIOD_M15,2026.07.08 03:35:00,1783481700014,2026.07.08 03:35:00,BUY,OK,3,35,3,4109.71,4109.80,4109.76,9.0,0.2190,4102.69618257,4102.96939057,4104.09894606,4103.58217324,140.28,61.28,51.68,1.2574,1.2574,453.43,11.0330,0.019849,4105.50,4110.04,4103.84,4109.71,BULLISH,421.00,620.00,0.679032,1.367360,15.6460,15.6460,4113.84076881,4128.07551367,4113.04640988,4127.19019940,-79.44,-88.53,-1414.38,-34.4152,BEARISH,COUNTER
2026.07.08 04:30_SELL,XAUUSD,PERIOD_M5,PERIOD_M15,2026.07.08 04:30:00,1783485000006,2026.07.08 04:30:00,SELL,OK,4,30,3,4102.72,4102.89,4102.81,17.0,0.4144,4108.79031328,4108.24462671,4107.57625062,4107.74238792,-121.41,-50.22,-16.61,-0.4049,0.4049,732.79,17.8606,0.023199,4106.04,4110.31,4102.21,4102.72,BEARISH,332.00,810.00,0.409877,1.105371,-13.8253,13.8253,4113.27614138,4125.72398240,4112.27079458,4124.82186545,-100.53,-90.21,-1255.11,-30.5914,BEARISH,ALIGNED
2026.07.08 05:00_BUY,XAUUSD,PERIOD_M5,PERIOD_M15,2026.07.08 05:00:00,1783486800007,2026.07.08 05:00:00,BUY,OK,5,0,3,4111.27,4111.51,4111.39,24.0,0.5837,4106.18748500,4106.60451734,4107.18198800,4107.01865213,99.45,41.41,16.33,0.3973,0.3973,738.36,17.9588,0.032505,4108.93,4111.82,4107.48,4111.16,BULLISH,223.00,434.00,0.513825,0.587791,19.0821,19.0821,4111.41929034,4123.97904719,4111.39459602,4123.47633946,-2.47,-50.27,-1208.17,-29.3860,BEARISH,COUNTER
2026.07.08 09:55_SELL,XAUUSD,PERIOD_M5,PERIOD_M15,2026.07.08 09:55:00,1783504500004,2026.07.08 09:55:00,SELL,OK,9,55,3,4125.05,4125.06,4125.06,1.0,0.0242,4127.08265242,4126.91668420,4126.67212194,4126.74516745,-41.05,-17.15,-7.30,-0.1771,0.1771,387.43,9.3921,0.002581,4124.85,4126.80,4124.56,4125.03,BULLISH,18.00,224.00,0.080357,0.578171,-3.0051,3.0051,4123.66077458,4124.34247739,4123.93879605,4124.43022337,27.80,8.77,-49.14,-1.1913,BEARISH,ALIGNED
2026.07.08 14:55_BUY,XAUUSD,PERIOD_M5,PERIOD_M15,2026.07.08 14:55:00,1783522500021,2026.07.08 14:55:00,BUY,OK,14,55,3,4062.80,4063.06,4062.93,26.0,0.6399,4054.09856907,4054.38178672,4055.84085525,4055.14798793,174.23,76.62,69.29,1.7053,1.7053,675.00,16.6136,0.038519,4062.07,4063.98,4059.22,4062.81,BULLISH,74.00,476.00,0.155462,0.705185,49.9926,49.9926,4072.25370961,4095.69057244,4071.47335632,4094.45015783,-78.04,-124.04,-2297.68,-56.5523,BEARISH,COUNTER
2026.07.08 17:10_SELL,XAUUSD,PERIOD_M5,PERIOD_M15,2026.07.08 17:10:00,1783530600036,2026.07.08 17:10:00,SELL,OK,17,10,3,4063.63,4063.87,4063.75,24.0,0.5906,4070.99017276,4070.83090361,4069.51813821,4070.17627601,-147.20,-65.46,-65.81,-1.6195,1.6195,816.50,20.0923,0.029394,4066.06,4068.61,4060.85,4063.63,BEARISH,243.00,776.00,0.313144,0.950398,-15.5284,15.5284,4071.26190587,4088.01444054,4071.20553388,4087.33426640,-5.64,-68.02,-1612.87,-39.6893,BEARISH,ALIGNED
2026.07.08 19:45_BUY,XAUUSD,PERIOD_M5,PERIOD_M15,2026.07.08 19:45:00,1783539900033,2026.07.08 19:45:00,BUY,OK,19,45,3,4056.55,4056.86,4056.70,31.0,0.7642,4040.34035910,4040.49095053,4043.58228728,4041.95086412,324.19,145.99,163.14,4.0215,4.0215,578.57,14.2621,0.053580,4044.86,4057.39,4043.15,4056.55,BULLISH,1169.00,1424.00,0.820927,2.461235,31.9763,31.9763,4051.24325042,4071.83622548,4051.74865514,4071.23676566,50.54,-59.95,-1948.81,-48.0393,BEARISH,COUNTER
2026.07.09 01:20_SELL,XAUUSD,PERIOD_M5,PERIOD_M15,2026.07.09 01:20:00,1783560000085,2026.07.09 01:20:00,SELL,OK,1,20,4,4076.02,4076.45,4076.23,43.0,1.0549,4079.79023553,4079.59351413,4079.03618842,4079.26864921,-75.40,-32.49,-23.25,-0.5703,0.5703,447.50,10.9783,0.096089,4076.95,4078.92,4075.64,4076.02,BEARISH,93.00,328.00,0.283537,0.732961,6.6285,-6.6285,4071.06596990,4073.49826417,4071.62254420,4073.63205773,55.66,13.38,-200.95,-4.9298,BEARISH,ALIGNED
2026.07.09 03:15_BUY,XAUUSD,PERIOD_M5,PERIOD_M15,2026.07.09 03:15:00,1783566900029,2026.07.09 03:15:00,BUY,OK,3,15,4,4087.44,4087.70,4087.57,26.0,0.6361,4076.77166427,4076.80376131,4078.91733142,4077.77614664,214.57,97.24,114.12,2.7918,2.7918,352.00,8.6115,0.073864,4077.52,4087.53,4077.52,4087.50,BULLISH,998.00,1001.00,0.997003,2.843750,27.7957,27.7957,4073.90761360,4074.24238167,4075.20212659,4074.76228827,129.45,51.99,43.98,1.0760,BULLISH,ALIGNED
2026.07.09 03:55_SELL,XAUUSD,PERIOD_M5,PERIOD_M15,2026.07.09 03:55:00,1783569300064,2026.07.09 03:55:00,SELL,OK,3,55,4,4070.60,4070.87,4070.73,27.0,0.6633,4078.38211121,4078.14145563,4076.82568896,4077.45586875,-155.64,-68.56,-63.02,-1.5481,1.5481,576.07,14.1515,0.046869,4077.36,4077.91,4070.11,4070.60,BEARISH,676.00,780.00,0.866667,1.353999,-20.9113,20.9113,4075.46573358,4074.88808088,4075.60804467,4074.96933261,14.23,8.13,63.87,1.5690,BULLISH,COUNTER
2026.07.09 05:15_BUY,XAUUSD,PERIOD_M5,PERIOD_M15,2026.07.09 05:15:00,1783574100098,2026.07.09 05:15:00,BUY,OK,5,15,4,4078.46,4078.70,4078.58,24.0,0.5884,4073.16623041,4073.76987528,4074.22498433,4074.19625025,105.88,42.64,2.87,0.0705,0.0705,512.79,12.5727,0.046803,4074.85,4079.42,4074.81,4078.46,BULLISH,361.00,461.00,0.783080,0.899011,14.3888,14.3888,4074.21581043,4074.44961162,4074.62001896,4074.60688175,40.42,15.73,1.31,0.0322,BULLISH,ALIGNED
2026.07.09 05:45_SELL,XAUUSD,PERIOD_M5,PERIOD_M15,2026.07.09 05:45:00,1783575900090,2026.07.09 05:45:00,SELL,OK,5,45,4,4070.81,4071.02,4070.91,21.0,0.5159,4075.43528767,4075.08677397,4074.51023013,4074.69797634,-92.51,-38.88,-18.77,-0.4612,0.4612,435.64,10.7013,0.048205,4073.21,4074.47,4069.78,4070.81,BEARISH,240.00,469.00,0.511727,1.076570,-23.0869,23.0869,4075.15430287,4074.82739619,4074.74055974,4074.66985124,-41.37,-15.75,7.07,0.1737,BULLISH,COUNTER
2026.07.09 08:10_BUY,XAUUSD,PERIOD_M5,PERIOD_M15,2026.07.09 08:10:00,1783584600054,2026.07.09 08:10:00,BUY,OK,8,10,4,4068.12,4068.35,4068.23,23.0,0.5654,4062.66812481,4062.83194880,4063.75849985,4063.31268072,109.04,48.07,44.58,1.0959,1.0959,413.07,10.1536,0.055680,4066.29,4068.96,4066.26,4068.12,BULLISH,183.00,270.00,0.677778,0.653640,14.0310,14.0310,4066.83670648,4070.80267678,4066.57606777,4070.53982671,-26.06,-26.29,-396.38,-9.7432,BEARISH,COUNTER
2026.07.09 12:45_SELL,XAUUSD,PERIOD_M5,PERIOD_M15,2026.07.09 12:45:00,1783601100075,2026.07.09 12:45:00,SELL,OK,12,45,4,4103.78,4104.00,4103.89,22.0,0.5361,4107.89063543,4107.87020864,4107.06850834,4107.49837149,-82.21,-37.18,-42.99,-1.0475,1.0475,347.21,8.4606,0.063361,4106.10,4106.34,4103.05,4103.78,BEARISH,232.00,329.00,0.705167,0.947542,-11.1966,11.1966,4098.58543056,4086.75102937,4099.08015146,4087.41883214,49.47,66.78,1166.13,28.4153,BULLISH,COUNTER
2026.07.09 14:50_BUY,XAUUSD,PERIOD_M5,PERIOD_M15,2026.07.09 14:50:00,1783608600053,2026.07.09 14:50:00,BUY,OK,14,50,4,4106.17,4106.40,4106.28,23.0,0.5601,4103.36631640,4103.70174880,4103.92705312,4103.92613528,56.07,22.44,0.09,0.0022,0.0022,433.14,10.5483,0.053100,4106.26,4108.01,4104.85,4106.17,BEARISH,9.00,316.00,0.028481,0.729551,11.7278,11.7278,4101.08525406,4091.28421182,4101.57618224,4091.87071332,49.09,58.65,970.55,23.6356,BULLISH,ALIGNED
2026.07.09 20:20_SELL,XAUUSD,PERIOD_M5,PERIOD_M15,2026.07.09 20:20:00,1783628400020,2026.07.09 20:20:00,SELL,OK,20,20,4,4126.73,4126.93,4126.83,20.0,0.4846,4129.45160850,4129.12670683,4128.90728680,4128.90882439,-54.43,-21.79,-0.15,-0.0037,0.0037,346.93,8.4067,0.057649,4127.48,4128.19,4124.95,4126.73,BEARISH,75.00,324.00,0.231481,0.933910,-3.8757,3.8757,4123.32611998,4110.32311188,4123.72172760,4110.99593102,39.56,67.28,1272.58,30.8367,BULLISH,COUNTER
2026.07.09 20:30_BUY,XAUUSD,PERIOD_M5,PERIOD_M15,2026.07.09 20:30:00,1783629000032,2026.07.09 20:30:00,BUY,OK,20,30,4,4131.63,4131.86,4131.74,23.0,0.5567,4128.78782944,4128.85438581,4129.35626355,4129.10671437,56.84,25.23,24.95,0.6040,0.6040,357.21,8.6456,0.064387,4128.28,4131.94,4126.18,4131.63,BULLISH,335.00,576.00,0.581597,1.612478,10.0546,10.0546,4123.72172760,4110.99593102,4124.47489640,4111.80511020,75.32,80.92,1266.98,30.6645,BULLISH,ALIGNED
2026.07.09 21:25_SELL,XAUUSD,PERIOD_M5,PERIOD_M15,2026.07.09 21:25:00,1783632300045,2026.07.09 21:25:00,SELL,OK,21,25,4,4124.88,4125.06,4124.97,18.0,0.4364,4130.70254120,4130.62405206,4129.53603296,4130.10095642,-116.65,-52.31,-56.49,-1.3695,1.3695,369.57,8.9594,0.048705,4127.25,4127.27,4124.13,4124.87,BEARISH,238.00,314.00,0.757962,0.849633,-13.6545,13.6545,4126.23949569,4113.52281799,4126.46716277,4114.11525650,22.77,59.24,1235.19,29.9442,BULLISH,COUNTER
2026.07.10 02:20_BUY,XAUUSD,PERIOD_M5,PERIOD_M15,2026.07.10 02:20:00,1783650000014,2026.07.10 02:20:00,BUY,OK,2,20,5,4124.17,4124.50,4124.34,33.0,0.8001,4123.22274570,4123.33366505,4123.40819656,4123.40787731,18.55,7.42,0.03,0.0008,0.0008,164.57,3.9903,0.200521,4123.72,4124.35,4123.71,4124.15,BULLISH,43.00,64.00,0.671875,0.388889,2.2070,2.2070,4124.05632454,4117.26598263,4124.01953173,4117.51712057,-3.68,25.11,650.24,15.7660,BULLISH,ALIGNED
2026.07.10 02:25_SELL,XAUUSD,PERIOD_M5,PERIOD_M15,2026.07.10 02:25:00,1783650300051,2026.07.10 02:25:00,SELL,OK,2,25,5,4122.32,4122.64,4122.48,32.0,0.7762,4123.40819656,4123.40787731,4123.19055724,4123.30897938,-21.76,-9.89,-11.84,-0.2873,0.2873,174.57,4.2346,0.183306,4124.17,4125.00,4121.88,4122.32,BEARISH,185.00,312.00,0.592949,1.787234,-4.4615,4.4615,4124.05632454,4117.26598263,4124.01953173,4117.51712057,-3.68,25.11,650.24,15.7731,BULLISH,COUNTER
2026.07.10 04:00_BUY,XAUUSD,PERIOD_M5,PERIOD_M15,2026.07.10 04:00:00,1783656000051,2026.07.10 04:00:00,BUY,OK,4,0,5,4126.10,4126.53,4126.32,43.0,1.0421,4121.63212969,4121.87768900,4122.52170375,4122.25971727,88.96,38.20,26.20,0.6349,0.6349,402.21,9.7475,0.106908,4122.81,4128.19,4122.51,4126.08,BULLISH,327.00,568.00,0.575704,1.412183,7.1548,7.1548,4123.13558305,4118.49150100,4123.41600371,4118.78908919,28.04,29.76,462.69,11.2132,BULLISH,ALIGNED
2026.07.10 04:35_SELL,XAUUSD,PERIOD_M5,PERIOD_M15,2026.07.10 04:35:00,1783658100047,2026.07.10 04:35:00,SELL,OK,4,35,5,4119.97,4120.27,4120.12,30.0,0.7281,4123.24843383,4122.87651970,4122.59274706,4122.61229063,-65.57,-26.42,-1.95,-0.0474,0.0474,540.07,13.1081,0.055548,4121.64,4123.47,4118.66,4119.97,BEARISH,167.00,481.00,0.347193,0.890623,-14.5178,14.5178,4123.56305098,4119.03108570,4123.37990327,4119.13339606,-18.31,10.23,424.65,10.3068,BULLISH,COUNTER
2026.07.10 05:20_BUY,XAUUSD,PERIOD_M5,PERIOD_M15,2026.07.10 05:20:00,1783660800056,2026.07.10 05:20:00,BUY,OK,5,20,5,4127.25,4127.54,4127.40,29.0,0.7026,4120.06975501,4120.28169253,4121.50580401,4120.91517502,143.60,63.35,59.06,1.4310,1.4310,538.43,13.0452,0.053860,4124.78,4128.01,4123.89,4127.25,BULLISH,247.00,412.00,0.599515,0.765190,22.3893,22.3893,4121.74146276,4118.75952478,4122.03084726,4118.99562184,28.94,23.61,303.52,7.3539,BULLISH,ALIGNED
2026.07.10 06:50_SELL,XAUUSD,PERIOD_M5,PERIOD_M15,2026.07.10 06:50:00,1783666200518,2026.07.10 06:50:00,SELL,OK,6,50,5,4120.95,4121.36,4121.15,41.0,0.9949,4124.61401744,4124.46630469,4123.88121395,4124.14664063,-73.28,-31.97,-26.54,-0.6441,0.6441,395.50,9.5968,0.103666,4121.54,4122.29,4120.50,4120.95,BEARISH,59.00,179.00,0.329609,0.452592,-14.9741,14.9741,4123.65995027,4120.29727505,4123.45805025,4120.34600936,-20.19,4.87,311.20,7.5514,BULLISH,COUNTER
2026.07.10 09:25_BUY,XAUUSD,PERIOD_M5,PERIOD_M15,2026.07.10 09:25:00,1783675500088,2026.07.10 09:25:00,BUY,OK,9,25,5,4117.59,4118.01,4117.80,42.0,1.0200,4116.24109112,4116.25618443,4116.51087290,4116.37744039,26.98,12.13,13.34,0.3240,0.3240,418.07,10.1528,0.100461,4119.75,4119.80,4116.40,4117.59,BEARISH,216.00,340.00,0.635294,0.813258,0.0729,0.0729,4119.22496268,4119.21426087,4118.84258528,4119.05723103,-38.24,-15.70,-21.46,-0.5213,BEARISH,COUNTER
2026.07.10 09:30_SELL,XAUUSD,PERIOD_M5,PERIOD_M15,2026.07.10 09:30:00,1783675800038,2026.07.10 09:30:00,SELL,OK,9,30,5,4114.49,4114.76,4114.63,27.0,0.6562,4116.51087290,4116.37744039,4116.11869832,4116.21130945,-39.22,-16.61,-9.26,-0.2251,0.2251,426.79,10.3724,0.063264,4117.59,4118.31,4113.96,4114.55,BEARISH,304.00,435.00,0.698851,1.019247,-1.6038,1.6038,4118.84258528,4119.05723103,4118.43376763,4118.88047687,-40.88,-17.68,-44.67,-1.0857,BEARISH,ALIGNED
2026.07.10 13:05_BUY,XAUUSD,PERIOD_M5,PERIOD_M15,2026.07.10 13:05:00,1783688700078,2026.07.10 13:05:00,BUY,OK,13,5,5,4108.45,4108.70,4108.57,25.0,0.6085,4102.86893413,4103.19133115,4103.98914730,4103.67121014,112.02,47.99,31.79,0.7738,0.7738,306.14,7.4513,0.081661,4104.32,4108.49,4104.12,4108.47,BULLISH,415.00,437.00,0.949657,1.427438,12.0628,12.0628,4108.44088015,4113.47101690,4108.04841537,4113.11215349,-39.25,-35.89,-506.37,-12.3248,BEARISH,COUNTER
2026.07.10 14:30_SELL,XAUUSD,PERIOD_M5,PERIOD_M15,2026.07.10 14:30:00,1783693800015,2026.07.10 14:30:00,SELL,OK,14,30,5,4099.97,4100.43,4100.20,46.0,1.1219,4106.88167583,4106.39119281,4105.50534066,4105.81017528,-137.63,-58.10,-30.48,-0.7435,0.7435,341.86,8.3376,0.134559,4107.66,4108.15,4099.91,4100.00,BEARISH,766.00,824.00,0.929612,2.410364,-15.2936,15.2936,4107.63485817,4112.01527330,4106.90772882,4111.54408611,-72.71,-47.12,-463.64,-11.3076,BEARISH,ALIGNED
2026.07.10 15:15_BUY,XAUUSD,PERIOD_M5,PERIOD_M15,2026.07.10 15:15:00,1783696500006,2026.07.10 15:15:00,BUY,OK,15,15,5,4114.80,4115.34,4115.07,54.0,1.3122,4103.68336124,4104.38317164,4105.90668899,4105.33015603,222.33,94.70,57.65,1.4010,1.4010,456.64,11.0968,0.118254,4103.82,4117.18,4102.45,4114.80,BULLISH,1098.00,1473.00,0.745418,3.225716,30.5441,30.5441,4106.45072586,4110.99901221,4107.24589482,4111.14807055,79.52,14.91,-390.22,-9.4826,BEARISH,COUNTER
2026.07.10 15:40_SELL,XAUUSD,PERIOD_M5,PERIOD_M15,2026.07.10 15:40:00,1783698000056,2026.07.10 15:40:00,SELL,OK,15,40,5,4101.18,4101.55,4101.36,37.0,0.9021,4105.58726781,4105.45428388,4104.70581425,4105.06571262,-88.15,-38.86,-35.99,-0.8775,0.8775,540.64,13.1820,0.068437,4102.01,4102.84,4097.39,4101.18,BEARISH,83.00,545.00,0.152294,1.008059,-14.0250,14.0250,4107.24589482,4111.14807055,4107.12057151,4110.94344033,-12.53,-20.46,-382.29,-9.3210,BEARISH,ALIGNED
2026.07.10 17:20_BUY,XAUUSD,PERIOD_M5,PERIOD_M15,2026.07.10 17:20:00,1783704000105,2026.07.10 17:20:00,BUY,OK,17,20,5,4104.42,4104.83,4104.63,41.0,0.9989,4099.77747545,4100.29913452,4100.66398036,4100.65466775,88.65,35.55,0.93,0.0227,0.0227,668.00,16.2743,0.061377,4100.03,4105.21,4097.40,4104.21,BULLISH,418.00,781.00,0.535211,1.169162,8.0470,8.0470,4102.98377404,4108.18603515,4102.70436699,4107.86697494,-27.94,-31.91,-516.26,-12.5775,BEARISH,COUNTER
2026.07.10 17:35_SELL,XAUUSD,PERIOD_M5,PERIOD_M15,2026.07.10 17:35:00,1783704900028,2026.07.10 17:35:00,SELL,OK,17,35,5,4090.10,4090.67,4090.39,57.0,1.3935,4101.94894743,4101.26104772,4099.54715795,4100.23186157,-240.18,-102.92,-68.47,-1.6739,1.6739,890.79,21.7776,0.063988,4105.42,4107.79,4072.72,4089.94,BEARISH,1548.00,3507.00,0.441403,3.936974,-34.7692,34.7692,4102.70436699,4107.86697494,4102.96299870,4107.77101514,25.86,-9.60,-480.80,-11.7544,BEARISH,ALIGNED
2026.07.10 17:50_BUY,XAUUSD,PERIOD_M5,PERIOD_M15,2026.07.10 17:50:00,1783705800012,2026.07.10 17:50:00,BUY,OK,17,50,5,4107.32,4107.75,4107.53,43.0,1.0469,4098.82938109,4099.74732361,4100.52150487,4100.43302146,169.21,68.57,8.85,0.2154,0.2154,841.50,20.4867,0.051099,4099.08,4107.64,4098.49,4107.29,BULLISH,821.00,915.00,0.897268,1.087344,42.4212,42.4212,4102.96299870,4107.77101514,4102.59890359,4107.43254396,-36.41,-33.85,-483.36,-11.7677,BEARISH,COUNTER
2026.07.10 18:00_SELL,XAUUSD,PERIOD_M5,PERIOD_M15,2026.07.10 18:00:00,1783706400018,2026.07.10 18:00:00,SELL,OK,18,0,5,4092.75,4093.10,4092.93,35.0,0.8551,4100.68920389,4100.51729224,4099.10136312,4099.81117476,-158.78,-70.61,-70.98,-1.7342,1.7342,881.00,21.5249,0.039728,4101.36,4101.97,4091.37,4092.75,BEARISH,861.00,1060.00,0.812264,1.203178,-15.5886,15.5886,4102.59890359,4107.43254396,4101.66091277,4106.85675792,-93.80,-57.58,-519.58,-12.6947,BEARISH,ALIGNED
2026.07.10 18:25_BUY,XAUUSD,PERIOD_M5,PERIOD_M15,2026.07.10 18:25:00,1783707900078,2026.07.10 18:25:00,BUY,OK,18,25,5,4105.76,4106.01,4105.89,25.0,0.6089,4098.70871833,4099.34341969,4100.09497467,4099.91583608,138.63,57.24,17.91,0.4363,0.4363,929.57,22.6400,0.026894,4099.76,4106.84,4098.88,4105.64,BULLISH,588.00,796.00,0.738693,0.856309,17.2499,17.2499,4101.66091277,4106.85675792,4101.25225441,4106.48472820,-40.87,-37.20,-523.25,-12.7438,BEARISH,COUNTER
2026.07.10 20:10_SELL,XAUUSD,PERIOD_M5,PERIOD_M15,2026.07.10 20:10:00,1783714200073,2026.07.10 20:10:00,SELL,OK,20,10,5,4103.82,4104.21,4104.01,39.0,0.9503,4107.27064926,4107.22606744,4106.58451940,4106.91824313,-68.61,-30.78,-33.37,-0.8132,0.8132,329.00,8.0165,0.118541,4102.92,4105.40,4102.21,4103.84,BULLISH,92.00,319.00,0.288401,0.969605,-5.9665,5.9665,4104.98546206,4107.07910361,4104.91446567,4106.96776622,-7.10,-11.13,-205.33,-5.0032,BEARISH,ALIGNED
2026.07.10 22:50_BUY,XAUUSD,PERIOD_M5,PERIOD_M15,2026.07.10 22:50:00,1783723800060,2026.07.10 22:50:00,BUY,OK,22,50,5,4104.90,4105.18,4105.04,28.0,0.6821,4101.80532854,4102.10231170,4102.40826283,4102.34937428,60.29,24.71,5.89,0.1435,0.1435,225.07,5.4828,0.124405,4102.54,4105.09,4102.31,4104.82,BULLISH,228.00,278.00,0.820144,1.235163,8.0946,8.0946,4103.19348068,4105.45416635,4103.12933966,4105.33910100,-6.41,-11.51,-220.98,-5.3830,BEARISH,COUNTER
2026.07.13 01:05_SELL,XAUUSD,PERIOD_M5,PERIOD_M15,2026.07.13 01:05:00,1783904700011,2026.07.13 01:05:00,SELL,OK,1,5,1,4091.07,4091.99,4091.53,92.0,2.2485,4104.15928821,4103.18915229,4101.50743057,4102.07195663,-265.19,-111.72,-56.45,-1.3797,1.3797,546.21,13.3499,0.168432,4095.58,4103.13,4062.86,4090.90,BEARISH,468.00,4027.00,0.116216,7.372564,-33.9114,33.9114,4103.12933966,4105.33910100,4103.63606922,4105.46109704,50.67,12.20,-182.50,-4.4605,BEARISH,ALIGNED
2026.07.13 03:10_BUY,XAUUSD,PERIOD_M5,PERIOD_M15,2026.07.13 03:10:00,1783912200049,2026.07.13 03:10:00,BUY,OK,3,10,1,4088.43,4088.74,4088.59,31.0,0.7582,4079.41554554,4080.41864632,4081.21043643,4081.14331483,179.49,72.47,6.71,0.1642,0.1642,444.43,10.8700,0.069752,4083.94,4090.31,4083.59,4088.39,BULLISH,445.00,672.00,0.662202,1.512054,19.1885,19.1885,4090.21628957,4098.57928028,4089.65188104,4098.01891635,-56.44,-56.04,-836.70,-20.4644,BEARISH,COUNTER
2026.07.13 03:30_SELL,XAUUSD,PERIOD_M5,PERIOD_M15,2026.07.13 03:30:00,1783913400029,2026.07.13 03:30:00,SELL,OK,3,30,1,4074.44,4074.97,4074.70,53.0,1.3007,4082.31958345,4081.76842587,4080.74366676,4081.10220534,-157.59,-66.62,-35.85,-0.8799,0.8799,500.57,12.2849,0.105879,4082.36,4082.77,4073.99,4074.44,BEARISH,792.00,878.00,0.902050,1.753995,-30.0729,30.0729,4089.37360666,4097.57621375,4087.95135840,4096.66891125,-142.22,-90.73,-871.76,-21.3943,BEARISH,ALIGNED
2026.07.13 04:35_BUY,XAUUSD,PERIOD_M5,PERIOD_M15,2026.07.13 04:35:00,1783917300007,2026.07.13 04:35:00,BUY,OK,4,35,1,4084.61,4085.15,4084.88,54.0,1.3219,4075.71371761,4076.38574613,4077.49297409,4077.13340557,177.93,74.77,35.96,0.8802,0.8802,814.21,19.9324,0.066322,4079.77,4089.63,4077.57,4084.61,BULLISH,484.00,1206.00,0.401327,1.481183,27.5446,27.5446,4084.78181485,4094.28636014,4084.30449915,4093.71709112,-47.73,-56.93,-941.26,-23.0425,BEARISH,COUNTER
2026.07.13 05:05_SELL,XAUUSD,PERIOD_M5,PERIOD_M15,2026.07.13 05:05:00,1783919100085,2026.07.13 05:05:00,SELL,OK,5,5,1,4070.73,4071.09,4070.91,36.0,0.8843,4078.44363695,4078.20196470,4076.90090956,4077.52269518,-154.27,-67.93,-62.18,-1.5274,1.5274,753.50,18.5094,0.047777,4072.27,4074.50,4069.93,4070.73,BEARISH,154.00,457.00,0.336980,0.606503,-36.7375,36.7375,4084.31454685,4093.35210715,4083.15697096,4092.52104413,-115.76,-83.11,-936.41,-23.0024,BEARISH,ALIGNED
2026.07.13 08:15_BUY,XAUUSD,PERIOD_M5,PERIOD_M15,2026.07.13 08:15:00,1783930500001,2026.07.13 08:15:00,BUY,OK,8,15,1,4069.44,4069.75,4069.60,31.0,0.7617,4059.68796936,4059.73162835,4061.63837549,4060.61420759,195.04,88.26,102.42,2.5166,2.5166,448.43,11.0190,0.069130,4070.61,4072.93,4067.97,4069.44,BEARISH,117.00,496.00,0.235887,1.106085,26.0417,26.0417,4066.98377544,4080.51403009,4067.21770159,4080.07975440,23.39,-43.43,-1286.21,-31.6052,BEARISH,COUNTER
2026.07.13 09:00_SELL,XAUUSD,PERIOD_M5,PERIOD_M15,2026.07.13 09:00:00,1783933200017,2026.07.13 09:00:00,SELL,OK,9,0,1,4053.55,4053.86,4053.70,31.0,0.7647,4061.39411798,4061.13598421,4059.82529438,4060.44634928,-156.88,-68.96,-62.11,-1.5321,1.5321,612.00,15.0973,0.050654,4058.00,4058.77,4052.52,4053.55,BEARISH,445.00,625.00,0.712000,1.021242,-24.5599,24.5599,4066.07653123,4078.60071138,4064.88352826,4077.61833054,-119.30,-98.24,-1273.48,-31.4152,BEARISH,ALIGNED
2026.07.13 10:35_BUY,XAUUSD,PERIOD_M5,PERIOD_M15,2026.07.13 10:35:00,1783938900087,2026.07.13 10:35:00,BUY,OK,10,35,1,4059.74,4060.07,4059.90,33.0,0.8128,4057.07888187,4057.37206335,4057.60510549,4057.58460305,52.62,21.25,2.05,0.0505,0.0505,483.64,11.9127,0.068232,4058.78,4060.15,4056.17,4059.71,BULLISH,93.00,398.00,0.233668,0.822921,6.4085,6.4085,4061.64077852,4073.81106217,4061.36832342,4073.22160875,-27.25,-58.95,-1185.33,-29.1960,BEARISH,COUNTER
2026.07.13 13:10_SELL,XAUUSD,PERIOD_M5,PERIOD_M15,2026.07.13 13:10:00,1783948200078,2026.07.13 13:10:00,SELL,OK,13,10,1,4068.96,4069.38,4069.17,42.0,1.0322,4071.19790646,4071.05477044,4070.75032517,4070.86433676,-44.76,-19.04,-11.40,-0.2802,0.2802,299.79,7.3672,0.140100,4070.13,4070.29,4068.58,4068.96,BEARISH,117.00,171.00,0.684211,0.570407,-5.0847,5.0847,4067.63637811,4072.68598605,4067.68243734,4072.50692777,4.61,-17.91,-482.45,-11.8562,BEARISH,ALIGNED
2026.07.13 15:50_BUY,XAUUSD,PERIOD_M5,PERIOD_M15,2026.07.13 15:50:00,1783957800009,2026.07.13 15:50:00,BUY,OK,15,50,1,4065.66,4065.97,4065.81,31.0,0.7625,4060.77859307,4061.32370933,4061.75487446,4061.71791757,97.63,39.42,3.70,0.0909,0.0909,481.57,11.8444,0.064373,4062.73,4066.70,4062.73,4065.66,BULLISH,293.00,397.00,0.738035,0.824384,7.0395,7.0395,4063.06034108,4068.60669289,4063.02888002,4068.37623434,-3.15,-23.05,-534.74,-13.1520,BEARISH,COUNTER
2026.07.13 16:35_SELL,XAUUSD,PERIOD_M5,PERIOD_M15,2026.07.13 16:35:00,1783960500078,2026.07.13 16:35:00,SELL,OK,16,35,1,4058.54,4058.81,4058.68,27.0,0.6652,4062.44314195,4062.36897264,4061.63051356,4062.00633877,-81.26,-36.26,-37.58,-0.9260,0.9260,442.79,10.9096,0.060978,4062.14,4063.97,4056.64,4058.38,BEARISH,376.00,733.00,0.512960,1.655428,-6.3286,6.3286,4063.27711040,4068.07663155,4063.17738560,4067.84735188,-9.97,-22.93,-467.00,-11.5061,BEARISH,ALIGNED
2026.07.13 21:55_BUY,XAUUSD,PERIOD_M5,PERIOD_M15,2026.07.13 21:55:00,1783979700007,2026.07.13 21:55:00,BUY,OK,21,55,1,4003.66,4003.93,4003.80,27.0,0.6744,3997.36813694,3997.70680519,3998.63050955,3998.24982290,126.24,54.30,38.07,0.9508,0.9508,438.14,10.9432,0.061624,4001.56,4005.07,4000.46,4003.68,BULLISH,212.00,461.00,0.459870,1.052168,12.0284,12.0284,4011.63190123,4034.71327355,4010.53267254,4033.35549812,-109.92,-135.78,-2282.28,-57.0030,BEARISH,COUNTER
2026.07.13 22:40_SELL,XAUUSD,PERIOD_M5,PERIOD_M15,2026.07.13 22:40:00,1783982400076,2026.07.13 22:40:00,SELL,OK,22,40,1,3995.20,3995.49,3995.34,29.0,0.7258,3999.33030181,3999.05942837,3998.50024145,3998.70675306,-83.01,-35.27,-20.65,-0.5169,0.5169,407.21,10.1922,0.071216,3998.97,3999.24,3993.43,3995.18,BEARISH,379.00,581.00,0.652324,1.426767,-11.7753,11.7753,4008.54946664,4030.76384890,4007.57142219,4029.48997247,-97.80,-127.39,-2191.86,-54.8602,BEARISH,ALIGNED
2026.07.14 01:00_BUY,XAUUSD,PERIOD_M5,PERIOD_M15,2026.07.14 01:00:00,1783990800160,2026.07.14 01:00:00,BUY,OK,1,0,2,3977.51,4036.63,4007.07,5912.0,147.5392,3998.71684362,3998.74916834,3999.36747490,3999.04197122,65.06,29.28,32.55,0.8123,0.8123,405.79,10.1267,14.569266,4000.37,4002.34,3999.80,4001.97,BULLISH,160.00,254.00,0.629921,0.625946,7.2016,7.2016,4006.76366770,4028.29781669,4006.30712792,4027.26535329,-45.65,-103.25,-2095.82,-52.3031,BEARISH,COUNTER
2026.07.14 02:20_SELL,XAUUSD,PERIOD_M5,PERIOD_M15,2026.07.14 02:20:00,1783995600224,2026.07.14 02:20:00,SELL,OK,2,20,2,3999.35,3999.64,3999.49,29.0,0.7251,4001.81722035,4001.61441457,4001.33377628,4001.41310416,-48.34,-20.13,-7.93,-0.1983,0.1983,199.57,4.9899,0.145311,4000.19,4000.52,3998.73,3999.40,BEARISH,79.00,179.00,0.441341,0.896922,-3.5992,3.5992,4005.25521309,4023.70558140,4004.77281185,4022.78340174,-48.24,-92.22,-1801.06,-45.0322,BEARISH,ALIGNED
2026.07.14 03:45_BUY,XAUUSD,PERIOD_M5,PERIOD_M15,2026.07.14 03:45:00,1784000700014,2026.07.14 03:45:00,BUY,OK,3,45,2,4002.85,4003.26,4003.06,41.0,1.0242,3997.81144801,3997.86028881,3998.82915841,3998.31844437,101.77,45.82,51.07,1.2758,1.2758,691.86,17.2832,0.059261,4003.55,4005.58,3999.01,4002.90,BEARISH,65.00,657.00,0.098935,0.949618,19.0474,19.0474,4001.63467900,4018.08376706,4001.75518577,4017.48832521,12.05,-59.54,-1573.31,-39.3028,BEARISH,COUNTER
2026.07.14 04:15_SELL,XAUUSD,PERIOD_M5,PERIOD_M15,2026.07.14 04:15:00,1784002500017,2026.07.14 04:15:00,SELL,OK,4,15,2,3995.20,3995.48,3995.34,28.0,0.7008,3999.56143623,3999.14572295,3998.69114898,3998.78792996,-87.03,-35.78,-9.68,-0.2422,0.2422,753.36,18.8559,0.037167,3994.65,3998.85,3993.12,3995.21,BULLISH,56.00,573.00,0.097731,0.760595,-22.3518,22.3518,4001.98421569,4016.96564579,4001.33905229,4016.11248321,-64.52,-85.32,-1477.34,-36.9767,BEARISH,ALIGNED
2026.07.14 04:20_BUY,XAUUSD,PERIOD_M5,PERIOD_M15,2026.07.14 04:20:00,1784002800046,2026.07.14 04:20:00,BUY,OK,4,20,2,4002.98,4003.26,4003.12,28.0,0.6995,3998.69114898,3998.78792996,3999.54891919,3999.16902723,85.78,38.11,37.99,0.9490,0.9490,737.57,18.4249,0.037962,3995.20,4004.75,3995.01,4002.98,BULLISH,778.00,974.00,0.798768,1.320550,11.2543,11.2543,4001.98421569,4016.96564579,4001.33905229,4016.11248321,-64.52,-85.32,-1477.34,-36.9048,BEARISH,COUNTER
2026.07.14 04:30_SELL,XAUUSD,PERIOD_M5,PERIOD_M15,2026.07.14 04:30:00,1784003400048,2026.07.14 04:30:00,SELL,OK,4,30,2,3997.81,3998.09,3997.95,28.0,0.7004,3999.13713535,3999.01638839,3998.87170828,3998.90671672,-26.54,-10.97,-3.50,-0.0876,0.0876,696.21,17.4143,0.040218,3997.49,3999.58,3995.57,3997.81,BULLISH,32.00,401.00,0.079800,0.575972,6.5078,-6.5078,4001.33905229,4016.11248321,4001.00295208,4015.39473877,-33.61,-71.77,-1439.18,-35.9979,BEARISH,ALIGNED
2026.07.14 04:45_BUY,XAUUSD,PERIOD_M5,PERIOD_M15,2026.07.14 04:45:00,1784004300065,2026.07.14 04:45:00,BUY,OK,4,45,2,4001.97,4002.23,4002.10,26.0,0.6497,3998.53629330,3998.74389812,3999.22703464,3999.03899829,69.07,29.51,18.80,0.4698,0.4698,663.43,16.5770,0.039190,3997.51,4002.26,3995.09,4001.99,BULLISH,448.00,717.00,0.624826,1.080749,10.4557,10.4557,4001.00295208,4015.39473877,4001.09695664,4014.86906274,9.40,-52.57,-1377.21,-34.4122,BEARISH,COUNTER
2026.07.14 10:00_SELL,XAUUSD,PERIOD_M5,PERIOD_M15,2026.07.14 10:00:00,1784023200018,2026.07.14 10:00:00,SELL,OK,10,0,2,4023.89,4024.12,4024.01,23.0,0.5716,4025.42713581,4025.27816312,4025.12770865,4025.15560284,-29.94,-12.26,-2.79,-0.0693,0.0693,307.93,7.6523,0.074693,4023.42,4024.87,4022.99,4023.93,BULLISH,51.00,188.00,0.271277,0.610531,-3.1800,3.1800,4019.63760535,4018.15073672,4020.04640484,4018.37737450,40.88,22.66,166.90,4.1477,BULLISH,COUNTER
2026.07.14 10:05_BUY,XAUUSD,PERIOD_M5,PERIOD_M15,2026.07.14 10:05:00,1784023500006,2026.07.14 10:05:00,BUY,OK,10,5,2,4025.46,4025.74,4025.60,28.0,0.6955,4025.12770865,4025.15560284,4025.19416692,4025.18327531,6.65,2.77,1.09,0.0271,0.0271,328.79,8.1674,0.085162,4023.89,4025.82,4020.71,4025.46,BULLISH,157.00,511.00,0.307241,1.554204,2.7334,2.7334,4019.63760535,4018.15073672,4020.04640484,4018.37737450,40.88,22.66,166.90,4.1460,BULLISH,ALIGNED
2026.07.14 10:50_SELL,XAUUSD,PERIOD_M5,PERIOD_M15,2026.07.14 10:50:00,1784026200055,2026.07.14 10:50:00,SELL,OK,10,50,2,4023.57,4023.82,4023.70,25.0,0.6213,4025.80020709,4025.73894306,4025.32616567,4025.52903915,-47.40,-20.99,-20.29,-0.5042,0.5042,352.29,8.7553,0.070965,4023.65,4024.21,4022.19,4023.43,BEARISH,22.00,202.00,0.108911,0.573398,-5.6884,5.6884,4021.03794138,4018.92428150,4021.28670887,4019.10960379,24.88,18.53,217.71,5.4107,BULLISH,COUNTER
2026.07.14 13:55_BUY,XAUUSD,PERIOD_M5,PERIOD_M15,2026.07.14 13:55:00,1784037300139,2026.07.14 13:55:00,BUY,OK,13,55,2,4020.22,4020.44,4020.33,22.0,0.5472,4019.06729826,4019.11519899,4019.29783861,4019.21563544,23.05,10.04,8.22,0.2045,0.2045,336.57,8.3717,0.065365,4021.71,4021.90,4019.10,4020.22,BEARISH,149.00,280.00,0.532143,0.831919,2.9858,2.9858,4019.51053800,4018.96176592,4019.47239152,4018.96757902,-3.81,0.58,50.48,1.2556,BULLISH,ALIGNED
2026.07.14 14:10_SELL,XAUUSD,PERIOD_M5,PERIOD_M15,2026.07.14 14:10:00,1784038200002,2026.07.14 14:10:00,SELL,OK,14,10,2,4016.35,4016.64,4016.49,29.0,0.7220,4019.92301671,4019.53680615,4019.21241337,4019.24891468,-71.06,-28.79,-3.65,-0.0909,0.0909,333.07,8.2926,0.087068,4020.65,4021.82,4015.36,4016.37,BEARISH,428.00,646.00,0.662539,1.939524,-9.5766,9.5766,4019.47239152,4018.96757902,4019.67406852,4019.07041906,20.17,10.28,60.36,1.5029,BULLISH,COUNTER
2026.07.14 14:15_BUY,XAUUSD,PERIOD_M5,PERIOD_M15,2026.07.14 14:15:00,1784038500041,2026.07.14 14:15:00,BUY,OK,14,15,2,4022.84,4023.12,4022.98,28.0,0.6960,4019.21241337,4019.24891468,4019.93393069,4019.57355880,72.15,32.46,36.04,0.8958,0.8958,360.50,8.9610,0.077670,4016.35,4024.00,4016.25,4022.82,BULLISH,647.00,775.00,0.834839,2.149792,3.0585,3.0585,4019.67406852,4019.07041906,4019.97368104,4019.21746145,29.96,14.70,75.62,1.8797,BULLISH,ALIGNED
2026.07.14 18:50_SELL,XAUUSD,PERIOD_M5,PERIOD_M15,2026.07.14 18:50:00,1784055000023,2026.07.14 18:50:00,SELL,OK,18,50,2,4071.31,4071.61,4071.46,30.0,0.7368,4081.46801898,4080.74811209,4079.43241518,4079.88828372,-203.56,-85.98,-45.59,-1.1197,1.1197,727.43,17.8665,0.041241,4074.04,4076.48,4070.93,4071.29,BEARISH,275.00,555.00,0.495495,0.762962,-24.7954,24.7954,4064.84111145,4044.31773936,4065.72005322,4045.48449468,87.89,116.68,2023.56,49.7010,BULLISH,COUNTER
2026.07.15 02:40_BUY,XAUUSD,PERIOD_M5,PERIOD_M15,2026.07.15 02:40:00,1784083200084,2026.07.15 02:40:00,BUY,OK,2,40,3,4053.44,4053.75,4053.60,31.0,0.7648,4051.08286966,4051.26287382,4051.57229573,4051.46897620,48.94,20.61,10.33,0.2549,0.2549,243.29,6.0017,0.127422,4054.70,4056.03,4052.73,4053.53,BEARISH,117.00,330.00,0.354545,1.356430,9.7047,9.7047,4054.86173778,4051.12434237,4054.76633418,4051.23162306,-9.54,10.73,353.47,8.7199,BULLISH,ALIGNED
2026.07.15 04:35_SELL,XAUUSD,PERIOD_M5,PERIOD_M15,2026.07.15 04:35:00,1784090100110,2026.07.15 04:35:00,SELL,OK,4,35,3,4050.68,4050.91,4050.80,23.0,0.5678,4055.36222757,4054.89312211,4054.44578206,4054.51920192,-91.64,-37.39,-7.34,-0.1812,0.1812,410.00,10.1215,0.056098,4054.39,4054.70,4047.01,4050.78,BEARISH,361.00,769.00,0.469441,1.875610,-11.4168,11.4168,4055.10902775,4052.22346981,4055.04054892,4052.30843178,-6.85,8.50,273.21,6.7446,BULLISH,COUNTER
2026.07.15 09:55_BUY,XAUUSD,PERIOD_M5,PERIOD_M15,2026.07.15 09:55:00,1784109300096,2026.07.15 09:55:00,BUY,OK,9,55,3,4032.47,4032.92,4032.69,45.0,1.1159,4029.32254475,4029.60020032,4029.93003580,4029.85109120,60.75,25.09,7.89,0.1958,0.1958,419.14,10.3936,0.107362,4030.00,4033.76,4029.81,4032.36,BULLISH,236.00,395.00,0.597468,0.942399,8.4637,8.4637,4033.90463203,4040.87121593,4033.76895279,4040.54214864,-13.57,-32.91,-677.32,-16.7957,BEARISH,COUNTER
2026.07.15 10:25_SELL,XAUUSD,PERIOD_M5,PERIOD_M15,2026.07.15 10:25:00,1784111100010,2026.07.15 10:25:00,SELL,OK,10,25,3,4025.87,4026.16,4026.01,29.0,0.7203,4030.06277973,4030.03489944,4029.20822378,4029.64899949,-85.46,-38.59,-44.08,-1.0948,1.0948,395.93,9.8343,0.073246,4029.24,4029.79,4025.22,4025.79,BEARISH,345.00,457.00,0.754923,1.154249,-8.5624,8.5624,4033.60810014,4040.21029967,4033.20161441,4039.78401341,-40.65,-42.63,-658.24,-16.3497,BEARISH,ALIGNED
2026.07.15 11:50_BUY,XAUUSD,PERIOD_M5,PERIOD_M15,2026.07.15 11:50:00,1784116200026,2026.07.15 11:50:00,BUY,OK,11,50,3,4029.61,4030.01,4029.81,40.0,0.9926,4025.88661908,4025.93894626,4026.62529527,4026.26995114,73.87,33.10,35.53,0.8818,0.8818,409.14,10.1529,0.097765,4028.51,4030.09,4027.62,4029.58,BULLISH,107.00,247.00,0.433198,0.603701,4.1709,4.1709,4029.24263592,4036.76498691,4029.17381345,4036.44165409,-6.88,-32.33,-726.78,-18.0352,BEARISH,COUNTER
2026.07.15 18:10_SELL,XAUUSD,PERIOD_M5,PERIOD_M15,2026.07.15 18:10:00,1784139000038,2026.07.15 18:10:00,SELL,OK,18,10,3,4054.57,4054.81,4054.69,24.0,0.5919,4059.52253766,4059.06648784,4058.54003013,4058.66135259,-98.25,-40.51,-12.13,-0.2992,0.2992,517.36,12.7595,0.046390,4059.08,4059.35,4054.27,4054.61,BEARISH,447.00,508.00,0.879921,0.981914,-3.6488,3.6488,4049.28565603,4042.67804835,4050.34416498,4043.37302685,105.85,69.50,697.11,17.1928,BULLISH,COUNTER
2026.07.15 20:35_BUY,XAUUSD,PERIOD_M5,PERIOD_M15,2026.07.15 20:35:00,1784147700012,2026.07.15 20:35:00,BUY,OK,20,35,3,4054.73,4055.08,4054.90,35.0,0.8632,4038.39563524,4039.56657983,4041.66450819,4040.94598166,326.89,137.94,71.85,1.7720,1.7720,551.43,13.5991,0.063472,4047.30,4055.80,4046.84,4054.74,BULLISH,744.00,896.00,0.830357,1.624870,47.1540,47.1540,4043.40418493,4042.20315012,4043.79616732,4042.41165404,39.20,20.85,138.45,3.4144,BULLISH,ALIGNED
2026.07.15 22:30_SELL,XAUUSD,PERIOD_M5,PERIOD_M15,2026.07.15 22:30:00,1784154600019,2026.07.15 22:30:00,SELL,OK,22,30,3,4056.03,4056.27,4056.15,24.0,0.5917,4060.34165448,4060.25957816,4059.47932358,4059.87507106,-86.23,-38.45,-39.57,-0.9757,0.9757,442.07,10.8988,0.054290,4054.54,4057.90,4054.49,4056.03,BULLISH,149.00,341.00,0.436950,0.771369,-12.0170,12.0170,4054.29583781,4047.87594361,4054.46099611,4048.19571053,16.52,31.98,626.53,15.4464,BULLISH,COUNTER
2026.07.16 01:15_BUY,XAUUSD,PERIOD_M5,PERIOD_M15,2026.07.16 01:15:00,1784164500100,2026.07.16 01:15:00,BUY,OK,1,15,4,4063.34,4063.73,4063.53,39.0,0.9598,4057.39601800,4057.62451955,4058.60481440,4058.15319959,120.88,52.87,45.16,1.1114,1.1114,464.36,11.4274,0.083987,4063.06,4064.60,4063.02,4063.44,BULLISH,38.00,158.00,0.240506,0.340255,16.1701,16.1701,4054.40176779,4048.64569819,4055.26255181,4049.22586689,86.08,58.02,603.67,14.8557,BULLISH,ALIGNED
2026.07.16 02:25_SELL,XAUUSD,PERIOD_M5,PERIOD_M15,2026.07.16 02:25:00,1784168700109,2026.07.16 02:25:00,SELL,OK,2,25,4,4057.14,4057.53,4057.34,39.0,0.9612,4059.90640369,4059.61899716,4059.35512296,4059.39454288,-55.13,-22.45,-3.94,-0.0972,0.0972,205.57,5.0667,0.189715,4058.96,4059.11,4056.96,4057.15,BEARISH,181.00,215.00,0.841860,1.045865,-10.2922,10.2922,4056.59370293,4050.49521567,4056.93811218,4050.87618760,34.44,38.10,606.19,14.9407,BULLISH,COUNTER
2026.07.16 07:15_BUY,XAUUSD,PERIOD_M5,PERIOD_M15,2026.07.16 07:15:00,1784186100702,2026.07.16 07:15:00,BUY,OK,7,15,4,4036.87,4037.20,4037.03,33.0,0.8174,4033.64840276,4034.01647738,4034.29672221,4034.27770671,64.83,26.12,1.90,0.0471,0.0471,289.71,7.1764,0.113905,4032.02,4037.86,4031.92,4036.89,BULLISH,487.00,594.00,0.819865,2.050296,1.6600,1.6600,4040.97942528,4045.45982492,4040.58995621,4045.12375335,-38.95,-33.61,-453.38,-11.2305,BEARISH,COUNTER
2026.07.16 07:20_SELL,XAUUSD,PERIOD_M5,PERIOD_M15,2026.07.16 07:20:00,1784186400124,2026.07.16 07:20:00,SELL,OK,7,20,4,4033.30,4033.55,4033.43,25.0,0.6198,4034.29672221,4034.27770671,4034.09737777,4034.18882428,-19.93,-8.89,-9.14,-0.2267,0.2267,300.79,7.4573,0.083116,4036.87,4036.88,4032.73,4033.30,BEARISH,357.00,415.00,0.860241,1.379720,-1.4130,1.4130,4040.97942528,4045.45982492,4040.58995621,4045.12375335,-38.95,-33.61,-453.38,-11.2406,BEARISH,ALIGNED
2026.07.16 11:05_BUY,XAUUSD,PERIOD_M5,PERIOD_M15,2026.07.16 11:05:00,1784199900069,2026.07.16 11:05:00,BUY,OK,11,5,4,4029.95,4030.29,4030.12,34.0,0.8436,4027.87653111,4028.06879805,4028.29522489,4028.24163459,41.87,17.28,5.36,0.1330,0.1330,322.29,7.9969,0.105496,4030.52,4034.12,4029.51,4029.97,BEARISH,55.00,461.00,0.119306,1.430408,-1.6375,-1.6375,4031.60132149,4038.29954613,4031.50881468,4037.99877961,-9.25,-30.08,-649.00,-16.1037,BEARISH,COUNTER
2026.07.16 11:15_SELL,XAUUSD,PERIOD_M5,PERIOD_M15,2026.07.16 11:15:00,1784200500090,2026.07.16 11:15:00,SELL,OK,11,15,4,4025.68,4026.07,4025.88,39.0,0.9687,4028.31217991,4028.25421326,4027.78574393,4028.02019388,-52.64,-23.40,-23.44,-0.5824,0.5824,332.36,8.2555,0.117344,4028.38,4029.20,4025.35,4025.68,BEARISH,270.00,385.00,0.701299,1.158392,-12.2810,12.2810,4031.50881468,4037.99877961,4030.95368947,4037.51569022,-55.51,-48.31,-656.20,-16.2996,BEARISH,ALIGNED
2026.07.16 11:25_BUY,XAUUSD,PERIOD_M5,PERIOD_M15,2026.07.16 11:25:00,1784201100249,2026.07.16 11:25:00,BUY,OK,11,25,4,4031.53,4031.87,4031.70,34.0,0.8433,4028.07859514,4028.13199443,4028.76487611,4028.43908585,68.63,30.71,32.58,0.8081,0.8081,340.29,8.4403,0.099916,4029.23,4032.10,4028.99,4031.51,BULLISH,228.00,311.00,0.733119,0.913938,7.7699,7.7699,4031.50881468,4037.99877961,4030.95368947,4037.51569022,-55.51,-48.31,-656.20,-16.2760,BEARISH,COUNTER
2026.07.16 13:15_SELL,XAUUSD,PERIOD_M5,PERIOD_M15,2026.07.16 13:15:00,1784207700130,2026.07.16 13:15:00,SELL,OK,13,15,4,4031.73,4032.10,4031.91,37.0,0.9177,4032.79939157,4032.68915042,4032.58551325,4032.60195493,-21.39,-8.72,-1.64,-0.0408,0.0408,295.71,7.3343,0.125121,4032.32,4032.64,4029.53,4031.73,BEARISH,59.00,311.00,0.189711,1.051691,0.4217,-0.4217,4032.37111014,4036.61115131,4032.31005203,4036.41973361,-6.11,-19.14,-410.97,-10.1929,BEARISH,ALIGNED
2026.07.16 13:25_BUY,XAUUSD,PERIOD_M5,PERIOD_M15,2026.07.16 13:25:00,1784208300033,2026.07.16 13:25:00,BUY,OK,13,25,4,4034.54,4034.87,4034.70,33.0,0.8179,4032.55641060,4032.58723175,4032.95312848,4032.76475614,39.67,17.75,18.84,0.4669,0.4669,305.00,7.5594,0.108197,4032.42,4034.71,4031.36,4034.54,BULLISH,212.00,335.00,0.632836,1.098361,5.5055,5.5055,4032.37111014,4036.61115131,4032.31005203,4036.41973361,-6.11,-19.14,-410.97,-10.1858,BEARISH,COUNTER
2026.07.16 13:50_SELL,XAUUSD,PERIOD_M5,PERIOD_M15,2026.07.16 13:50:00,1784209800076,2026.07.16 13:50:00,SELL,OK,13,50,4,4030.82,4031.13,4030.98,31.0,0.7690,4032.91291343,4032.81322392,4032.50233074,4032.63565811,-41.06,-17.76,-13.33,-0.3308,0.3308,287.36,7.1287,0.107880,4033.06,4033.20,4030.61,4030.86,BEARISH,220.00,259.00,0.849421,0.901317,-6.9664,6.9664,4032.39766612,4036.29464602,4032.45979316,4036.16740500,6.21,-12.72,-370.76,-9.1978,BEARISH,ALIGNED
2026.07.16 14:55_BUY,XAUUSD,PERIOD_M5,PERIOD_M15,2026.07.16 14:55:00,1784213700004,2026.07.16 14:55:00,BUY,OK,14,55,4,4039.56,4039.90,4039.73,34.0,0.8416,4030.35726286,4030.51135620,4032.20581029,4031.33759654,184.85,82.62,86.82,2.1492,2.1492,495.71,12.2710,0.068588,4032.54,4040.10,4028.96,4039.60,BULLISH,706.00,1114.00,0.633752,2.247262,21.9811,21.9811,4031.06046661,4035.14963846,4031.42137455,4035.13788793,36.09,-1.18,-371.65,-9.1999,BEARISH,COUNTER
2026.07.16 15:25_SELL,XAUUSD,PERIOD_M5,PERIOD_M15,2026.07.16 15:25:00,1784215500031,2026.07.16 15:25:00,SELL,OK,15,25,4,4020.86,4021.21,4021.03,35.0,0.8704,4033.06613112,4032.43961059,4030.63490489,4031.39146417,-243.12,-104.81,-75.66,-1.8815,1.8815,789.71,19.6396,0.044320,4028.67,4029.07,4020.24,4020.91,BEARISH,776.00,883.00,0.878822,1.118126,-30.4721,30.4721,4032.08219602,4035.26424526,4032.04198688,4035.12290231,-4.02,-14.13,-308.09,-7.6620,BEARISH,ALIGNED
2026.07.16 18:25_BUY,XAUUSD,PERIOD_M5,PERIOD_M15,2026.07.16 18:25:00,1784226300004,2026.07.16 18:25:00,BUY,OK,18,25,4,4007.89,4008.13,4008.01,24.0,0.5988,3996.32734349,3997.36900758,3998.59187479,3998.30364325,226.45,93.46,28.82,0.7191,0.7191,692.07,17.2672,0.034679,3998.69,4009.10,3998.47,4007.65,BULLISH,896.00,1063.00,0.842897,1.535969,31.2628,31.2628,4009.11005872,4021.94809487,4007.56052932,4020.80660095,-154.95,-114.15,-1324.61,-33.0490,BEARISH,COUNTER
2026.07.16 19:15_SELL,XAUUSD,PERIOD_M5,PERIOD_M15,2026.07.16 19:15:00,1784229300010,2026.07.16 19:15:00,SELL,OK,19,15,4,3989.66,3990.04,3989.85,38.0,0.9524,4004.56374294,4003.38508236,4001.61499435,4002.15189306,-294.87,-123.32,-53.69,-1.3457,1.3457,639.36,16.0246,0.059435,3998.56,3998.72,3989.82,3989.82,BEARISH,874.00,890.00,0.982022,1.392023,-42.7507,42.7507,4008.04076348,4019.52802192,4006.30545267,4018.36300145,-173.53,-116.50,-1205.75,-30.2206,BEARISH,ALIGNED
2026.07.17 02:30_BUY,XAUUSD,PERIOD_M5,PERIOD_M15,2026.07.17 02:30:00,1784255400047,2026.07.17 02:30:00,BUY,OK,2,30,5,3978.29,3978.72,3978.51,43.0,1.0808,3977.89446991,3977.92142915,3977.97357592,3977.95493559,7.91,3.35,1.86,0.0469,0.0469,210.36,5.2873,0.204414,3978.32,3980.56,3978.11,3978.29,BEARISH,3.00,245.00,0.012245,1.164686,-4.4472,-4.4472,3983.51885137,3997.91633542,3983.02086553,3997.14667521,-49.80,-76.97,-1412.58,-35.5053,BEARISH,COUNTER
2026.07.17 02:35_SELL,XAUUSD,PERIOD_M5,PERIOD_M15,2026.07.17 02:35:00,1784255700018,2026.07.17 02:35:00,SELL,OK,2,35,5,3977.12,3977.50,3977.31,38.0,0.9554,3977.97357592,3977.95493559,3977.80086074,3977.87812327,-17.27,-7.68,-7.73,-0.1943,0.1943,223.36,5.6158,0.170131,3978.29,3978.62,3975.45,3977.11,BEARISH,118.00,317.00,0.372240,1.419252,-4.8755,4.8755,3983.51885137,3997.91633542,3983.02086553,3997.14667521,-49.80,-76.97,-1412.58,-35.5160,BEARISH,ALIGNED
2026.07.17 02:40_BUY,XAUUSD,PERIOD_M5,PERIOD_M15,2026.07.17 02:40:00,1784256000910,2026.07.17 02:40:00,BUY,OK,2,40,5,3979.57,3979.89,3979.73,32.0,0.8041,3977.80086074,3977.87812327,3978.15068859,3978.03011206,34.98,15.20,12.06,0.3030,0.3030,238.86,6.0018,0.133971,3977.12,3980.99,3977.12,3979.55,BULLISH,243.00,387.00,0.627907,1.620215,3.0918,3.0918,3983.51885137,3997.91633542,3983.02086553,3997.14667521,-49.80,-76.97,-1412.58,-35.4944,BEARISH,COUNTER
2026.07.17 05:00_SELL,XAUUSD,PERIOD_M5,PERIOD_M15,2026.07.17 05:00:00,1784264400050,2026.07.17 05:00:00,SELL,OK,5,0,5,3983.16,3983.44,3983.30,28.0,0.7029,3987.56264271,3987.04428197,3986.67811417,3986.68934724,-88.45,-35.49,-1.12,-0.0282,0.0282,525.79,13.1998,0.053254,3979.95,3983.37,3978.99,3983.14,BULLISH,319.00,438.00,0.728311,0.833039,-20.4945,20.4945,3985.96877950,3994.22112694,3985.69937193,3993.78657294,-26.94,-43.46,-808.72,-20.3028,BEARISH,ALIGNED
2026.07.17 06:15_BUY,XAUUSD,PERIOD_M5,PERIOD_M15,2026.07.17 06:15:00,1784268900052,2026.07.17 06:15:00,BUY,OK,6,15,5,3988.61,3988.93,3988.77,32.0,0.8023,3982.73875496,3982.79120609,3983.89300397,3983.31109644,115.42,51.99,58.19,1.4589,1.4589,489.07,12.2612,0.065430,3990.27,3990.65,3987.46,3988.51,BEARISH,176.00,319.00,0.551724,0.652256,23.6234,23.6234,3983.57736493,3991.65363361,3984.04713970,3991.53035386,46.98,-12.33,-748.32,-18.7607,BEARISH,COUNTER
2026.07.17 07:30_SELL,XAUUSD,PERIOD_M5,PERIOD_M15,2026.07.17 07:30:00,1784273400199,2026.07.17 07:30:00,SELL,OK,7,30,5,3986.19,3986.46,3986.32,27.0,0.6773,3990.07671665,3990.02595888,3989.29737332,3989.67632625,-77.93,-34.96,-37.90,-0.9506,0.9506,380.00,9.5326,0.071053,3986.67,3987.05,3985.14,3986.18,BEARISH,49.00,191.00,0.256545,0.502632,-6.4181,6.4181,3987.36099780,3991.95635151,3987.24852182,3991.72982792,-11.25,-22.65,-448.13,-11.2417,BEARISH,ALIGNED
2026.07.17 08:55_BUY,XAUUSD,PERIOD_M5,PERIOD_M15,2026.07.17 08:55:00,1784278500017,2026.07.17 08:55:00,BUY,OK,8,55,5,3989.80,3990.16,3989.98,36.0,0.9023,3983.76028342,3984.08314604,3984.96822674,3984.60286003,120.79,51.97,36.54,0.9157,0.9157,438.71,10.9954,0.082058,3987.99,3991.42,3987.15,3989.80,BULLISH,181.00,427.00,0.423888,0.973299,10.1612,10.1612,3985.05754789,3990.09462242,3985.20635286,3989.95836272,14.88,-13.63,-475.20,-11.9099,BEARISH,COUNTER
2026.07.17 11:20_SELL,XAUUSD,PERIOD_M5,PERIOD_M15,2026.07.17 11:20:00,1784287200086,2026.07.17 11:20:00,SELL,OK,11,20,5,3990.11,3990.36,3990.24,25.0,0.6265,3996.01305688,3995.80647277,3994.82844550,3995.28679343,-118.46,-51.97,-45.83,-1.1487,1.1487,401.43,10.0603,0.062278,3993.17,3994.70,3989.27,3990.09,BEARISH,308.00,543.00,0.567219,1.352669,-22.6049,22.6049,3991.90136491,3991.92742162,3992.02123492,3991.97575803,11.99,4.83,4.55,0.1140,BULLISH,COUNTER
2026.07.17 12:15_BUY,XAUUSD,PERIOD_M5,PERIOD_M15,2026.07.17 12:15:00,1784290500001,2026.07.17 12:15:00,BUY,OK,12,15,5,3997.91,3998.18,3998.05,27.0,0.6753,3994.38668982,3994.44335286,3995.08335186,3994.75486623,69.67,31.15,32.85,0.8216,0.8216,458.07,11.4574,0.058943,3995.84,3998.49,3995.23,3997.87,BULLISH,203.00,326.00,0.622699,0.711679,9.3387,9.3387,3992.36040064,3992.12479647,3992.88512439,3992.35009857,52.47,22.53,53.50,1.3382,BULLISH,ALIGNED
2026.07.17 13:55_SELL,XAUUSD,PERIOD_M5,PERIOD_M15,2026.07.17 13:55:00,1784296500068,2026.07.17 13:55:00,SELL,OK,13,55,5,3993.37,3993.64,3993.51,27.0,0.6761,3996.11085227,3996.10786639,3995.56268182,3995.85896945,-54.82,-24.89,-29.63,-0.7419,0.7419,297.57,7.4514,0.090735,3995.64,3995.83,3991.07,3993.37,BEARISH,227.00,476.00,0.476891,1.599616,-6.4815,6.4815,3994.56313349,3993.22870148,3994.73331126,3993.35110534,17.02,12.24,138.22,3.4611,BULLISH,COUNTER
2026.07.17 16:55_BUY,XAUUSD,PERIOD_M5,PERIOD_M15,2026.07.17 16:55:00,1784307300061,2026.07.17 16:55:00,BUY,OK,16,55,5,3989.03,3989.28,3989.16,25.0,0.6267,3979.50033727,3979.53432423,3981.40626981,3980.39756749,190.59,86.32,100.87,2.5286,2.5286,1023.64,25.6606,0.024423,3989.87,3994.09,3988.15,3989.03,BEARISH,84.00,594.00,0.141414,0.580281,-11.7184,-11.7184,3984.91045902,3989.28159280,3984.91422483,3989.11172642,0.38,-16.99,-419.75,-10.5223,BEARISH,COUNTER
2026.07.17 20:45_SELL,XAUUSD,PERIOD_M5,PERIOD_M15,2026.07.17 20:45:00,1784321100046,2026.07.17 20:45:00,SELL,OK,20,45,5,4010.88,4011.12,4011.00,24.0,0.5984,4014.12349141,4014.02993336,4013.47679313,4013.74448487,-64.67,-28.54,-26.77,-0.6674,0.6674,341.93,8.5248,0.070190,4012.34,4012.43,4009.62,4010.89,BEARISH,145.00,281.00,0.516014,0.821809,-7.3994,7.3994,4005.93615339,3998.72787725,4006.40794831,3999.20482324,47.18,47.69,720.31,17.9584,BULLISH,COUNTER
2026.07.17 22:55_BUY,XAUUSD,PERIOD_M5,PERIOD_M15,2026.07.17 22:55:00,1784328900036,2026.07.17 22:55:00,BUY,OK,22,55,5,4015.51,4015.74,4015.63,23.0,0.5728,4007.88761619,4008.76897419,4009.40609295,4009.37906745,151.85,61.01,2.70,0.0673,0.0673,309.93,7.7181,0.074211,4010.41,4015.82,4010.34,4015.48,BULLISH,507.00,548.00,0.925182,1.768149,22.2385,22.2385,4007.75345217,4001.67755598,4007.95979006,4002.00078908,20.63,32.32,595.90,14.8395,BULLISH,ALIGNED
2026.07.20 01:05_SELL,XAUUSD,PERIOD_M5,PERIOD_M15,2026.07.20 01:05:00,1784509500017,2026.07.20 01:05:00,SELL,OK,1,5,1,3996.25,3997.07,3996.66,82.0,2.0517,4010.55487436,4009.90369768,4007.66189949,4008.64790698,-289.30,-125.58,-98.60,-2.4671,2.4671,642.29,16.0706,0.127669,4000.49,4006.17,3964.89,3996.09,BEARISH,440.00,4128.00,0.106589,6.427046,-35.6822,35.6822,4007.95979006,4002.00078908,4008.64457196,4002.51644441,68.48,51.57,612.81,15.3331,BULLISH,COUNTER
2026.07.20 03:25_BUY,XAUUSD,PERIOD_M5,PERIOD_M15,2026.07.20 03:25:00,1784517900046,2026.07.20 03:25:00,BUY,OK,3,25,1,4002.54,4002.87,4002.70,33.0,0.8244,3993.95895637,3994.96433974,3995.69116510,3995.66030886,173.22,69.60,3.09,0.0771,0.0771,518.50,12.9537,0.063645,3999.99,4005.63,3998.85,4002.62,BULLISH,263.00,678.00,0.387906,1.307618,35.5779,35.5779,4000.65840165,4000.25519714,4000.22141101,4000.09107176,-43.70,-16.41,13.03,0.3256,BULLISH,ALIGNED
2026.07.20 08:05_SELL,XAUUSD,PERIOD_M5,PERIOD_M15,2026.07.20 08:05:00,1784534700029,2026.07.20 08:05:00,SELL,OK,8,5,1,4017.80,4018.01,4017.91,21.0,0.5227,4021.73476396,4021.39659359,4020.94781117,4021.06963054,-78.70,-32.70,-12.18,-0.3032,0.3032,291.93,7.2657,0.071935,4018.97,4021.13,4016.88,4017.80,BEARISH,117.00,425.00,0.275294,1.455836,-5.6715,5.6715,4014.69750962,4007.79520726,4015.09679442,4008.23029717,39.93,43.51,686.65,17.0897,BULLISH,COUNTER
2026.07.20 10:40_BUY,XAUUSD,PERIOD_M5,PERIOD_M15,2026.07.20 10:40:00,1784544000001,2026.07.20 10:40:00,BUY,OK,10,40,1,4016.39,4016.62,4016.51,23.0,0.5726,4007.33428263,4007.85557214,4009.14542610,4008.63142921,181.11,77.59,51.40,1.2797,1.2797,370.71,9.2298,0.062042,4012.94,4018.06,4012.89,4016.39,BULLISH,345.00,517.00,0.667311,1.394605,19.5582,19.5582,4010.17772695,4007.94082315,4009.84746724,4007.89255558,-33.03,-4.83,195.49,4.8672,BULLISH,ALIGNED
2026.07.20 15:10_SELL,XAUUSD,PERIOD_M5,PERIOD_M15,2026.07.20 15:10:00,1784560200131,2026.07.20 15:10:00,SELL,OK,15,10,1,4015.94,4016.45,4016.19,51.0,1.2699,4024.71865709,4024.32530905,4022.96292568,4023.56300823,-175.57,-76.23,-60.01,-1.4942,1.4942,578.21,14.3971,0.088203,4014.28,4017.43,4012.69,4015.94,BULLISH,166.00,474.00,0.350211,0.819765,-29.5444,29.5444,4020.24129863,4014.81990594,4020.71641305,4015.22814492,47.51,40.82,548.83,13.6653,BULLISH,COUNTER
2026.07.20 18:10_BUY,XAUUSD,PERIOD_M5,PERIOD_M15,2026.07.20 18:10:00,1784571000009,2026.07.20 18:10:00,BUY,OK,18,10,1,4019.29,4019.53,4019.41,24.0,0.5971,4007.98748152,4008.47531023,4010.24798522,4009.45846384,226.05,98.32,78.95,1.9643,1.9643,532.21,13.2411,0.045095,4009.34,4019.34,4006.77,4019.29,BULLISH,995.00,1257.00,0.791567,2.361831,27.9185,27.9185,4011.98545335,4012.67839243,4011.42969589,4012.42237704,-55.58,-25.60,-99.27,-2.4697,BEARISH,COUNTER
2026.07.20 19:45_SELL,XAUUSD,PERIOD_M5,PERIOD_M15,2026.07.20 19:45:00,1784576700065,2026.07.20 19:45:00,SELL,OK,19,45,1,4009.58,4009.83,4009.70,25.0,0.6235,4012.38738158,4012.35153326,4011.82390527,4012.09866660,-56.35,-25.29,-27.48,-0.6852,0.6852,378.43,9.4378,0.066063,4012.02,4012.40,4001.38,4009.57,BEARISH,245.00,1102.00,0.222323,2.912042,-7.2773,7.2773,4012.32668297,4012.65271264,4012.06414174,4012.53182195,-26.25,-12.09,-46.77,-1.1664,BEARISH,ALIGNED
2026.07.20 22:30_BUY,XAUUSD,PERIOD_M5,PERIOD_M15,2026.07.20 22:30:00,1784586600081,2026.07.20 22:30:00,BUY,OK,22,30,1,4012.97,4013.29,4013.13,32.0,0.7974,4006.97561135,4007.42946329,4008.15248908,4007.92314844,117.69,49.37,22.93,0.5715,0.5715,308.57,7.6890,0.103704,4007.85,4012.93,4006.84,4012.86,BULLISH,501.00,609.00,0.822660,1.973611,20.5262,20.5262,4009.13445367,4010.94103832,4009.48926760,4011.01629171,35.48,7.53,-152.70,-3.8051,BEARISH,COUNTER
2026.07.21 01:10_SELL,XAUUSD,PERIOD_M5,PERIOD_M15,2026.07.21 01:10:00,1784596200106,2026.07.21 01:10:00,SELL,OK,1,10,2,4006.00,4006.62,4006.31,62.0,1.5476,4008.37785256,4008.33144573,4007.93428205,4008.13404157,-44.36,-19.74,-19.98,-0.4986,0.4986,391.86,9.7810,0.158221,4007.95,4008.09,4005.63,4006.16,BEARISH,179.00,246.00,0.727642,0.627780,-8.4548,8.4548,4009.13409926,4010.81016263,4008.91085171,4010.65250919,-22.32,-15.77,-174.17,-4.3473,BEARISH,ALIGNED
2026.07.21 02:55_BUY,XAUUSD,PERIOD_M5,PERIOD_M15,2026.07.21 02:55:00,1784602500089,2026.07.21 02:55:00,BUY,OK,2,55,2,4007.74,4008.21,4007.97,47.0,1.1727,4005.73743041,4005.84581595,4006.14394433,4006.02074178,40.65,17.49,12.32,0.3074,0.3074,423.57,10.5682,0.110961,4006.90,4008.02,4005.79,4007.77,BULLISH,87.00,223.00,0.390135,0.526476,6.7914,6.7914,4006.82233042,4009.33427723,4006.87639419,4009.25803106,5.41,-7.62,-238.16,-5.9422,BEARISH,COUNTER
2026.07.21 11:10_SELL,XAUUSD,PERIOD_M5,PERIOD_M15,2026.07.21 11:10:00,1784632200038,2026.07.21 11:10:00,SELL,OK,11,10,2,4066.58,4066.90,4066.74,32.0,0.7869,4070.74203423,4070.44857648,4069.90962739,4070.09688771,-83.24,-35.17,-18.73,-0.4605,0.4605,338.43,8.3219,0.094555,4066.14,4069.65,4065.42,4066.58,BULLISH,44.00,423.00,0.104019,1.249894,-9.3848,9.3848,4057.92355143,4039.73073378,4059.19559415,4040.96795990,127.20,123.72,1822.76,44.8212,BULLISH,COUNTER
2026.07.21 13:25_BUY,XAUUSD,PERIOD_M5,PERIOD_M15,2026.07.21 13:25:00,1784640300089,2026.07.21 13:25:00,BUY,OK,13,25,2,4067.27,4067.72,4067.49,45.0,1.1063,4065.22832756,4065.23598272,4065.63666205,4065.42089338,40.83,18.49,21.58,0.5305,0.5305,382.14,9.3950,0.117757,4067.30,4069.12,4066.93,4067.27,BEARISH,3.00,219.00,0.013699,0.573084,14.2805,14.2805,4061.84376337,4047.28614859,4062.25483352,4048.02629962,41.11,74.02,1422.85,34.9811,BULLISH,ALIGNED
2026.07.21 14:00_SELL,XAUUSD,PERIOD_M5,PERIOD_M15,2026.07.21 14:00:00,1784642400043,2026.07.21 14:00:00,SELL,OK,14,0,2,4062.87,4063.25,4063.06,38.0,0.9353,4065.80308850,4065.74542979,4065.22247080,4065.48675436,-58.06,-25.87,-26.43,-0.6505,0.6505,359.79,8.8550,0.105618,4064.77,4065.13,4062.38,4062.90,BEARISH,187.00,275.00,0.680000,0.764344,-9.9583,9.9583,4063.08157574,4049.47048266,4063.06428281,4049.99713040,-1.73,52.66,1306.72,32.1609,BULLISH,COUNTER
2026.07.21 17:15_BUY,XAUUSD,PERIOD_M5,PERIOD_M15,2026.07.21 17:15:00,1784654100075,2026.07.21 17:15:00,BUY,OK,17,15,2,4065.78,4066.21,4065.99,43.0,1.0576,4053.68669859,4054.87112353,4056.12535887,4055.87193048,243.87,100.08,25.34,0.6233,0.6233,618.57,15.2133,0.069515,4054.86,4065.89,4054.86,4065.88,BULLISH,1102.00,1103.00,0.999093,1.783141,31.4819,31.4819,4057.21687726,4051.99690864,4058.04193657,4052.54134360,82.51,54.44,550.06,13.5283,BULLISH,ALIGNED
2026.07.21 20:05_SELL,XAUUSD,PERIOD_M5,PERIOD_M15,2026.07.21 20:05:00,1784664300114,2026.07.21 20:05:00,SELL,OK,20,5,2,4070.34,4070.56,4070.45,22.0,0.5405,4073.68495391,4073.51851580,4073.01996313,4073.23137800,-66.50,-28.71,-21.14,-0.5194,0.5194,286.14,7.0298,0.076885,4071.41,4072.23,4069.14,4070.36,BEARISH,105.00,309.00,0.339806,1.079880,-4.8866,4.8866,4067.94346411,4059.40697615,4068.27361039,4059.87768297,33.01,47.07,839.59,20.6265,BULLISH,COUNTER
2026.07.21 21:25_BUY,XAUUSD,PERIOD_M5,PERIOD_M15,2026.07.21 21:25:00,1784669100014,2026.07.21 21:25:00,BUY,OK,21,25,2,4081.11,4081.47,4081.29,36.0,0.8821,4070.56448627,4070.84409117,4072.69358902,4071.78644652,212.91,94.24,90.71,2.2227,2.2227,268.86,6.5876,0.133900,4073.25,4081.69,4072.39,4081.21,BULLISH,796.00,930.00,0.855914,3.459086,23.2086,23.2086,4068.74894287,4061.34279889,4069.00904355,4061.74033619,26.01,39.75,726.87,17.8098,BULLISH,ALIGNED
2026.07.22 02:45_SELL,XAUUSD,PERIOD_M5,PERIOD_M15,2026.07.22 02:45:00,1784688300414,2026.07.22 02:45:00,SELL,OK,2,45,3,4080.40,4080.72,4080.56,32.0,0.7842,4081.44320338,4081.36141261,4081.23656270,4081.27492056,-20.66,-8.65,-3.84,-0.0940,0.0940,201.07,4.9275,0.159147,4081.92,4082.34,4079.16,4080.41,BEARISH,151.00,318.00,0.474843,1.581528,-1.7397,1.7397,4078.50191473,4070.02672728,4078.68363714,4070.43391444,18.17,40.72,824.97,20.2171,BULLISH,COUNTER
2026.07.22 03:05_BUY,XAUUSD,PERIOD_M5,PERIOD_M15,2026.07.22 03:05:00,1784689500005,2026.07.22 03:05:00,BUY,OK,3,5,3,4082.72,4083.02,4082.87,30.0,0.7348,4080.89840010,4081.09480132,4081.25872008,4081.24072847,36.03,14.59,1.80,0.0441,0.0441,216.93,5.3131,0.138294,4080.55,4082.80,4076.62,4082.70,BULLISH,215.00,618.00,0.347896,2.848864,4.7540,4.7540,4078.68363714,4070.43391444,4078.86233836,4070.83101584,17.87,39.71,803.13,19.6708,BULLISH,ALIGNED
2026.07.22 07:35_SELL,XAUUSD,PERIOD_M5,PERIOD_M15,2026.07.22 07:35:00,1784705700121,2026.07.22 07:35:00,SELL,OK,7,35,3,4126.68,4127.02,4126.85,34.0,0.8239,4129.47881198,4129.23488062,4128.91904959,4129.00261875,-55.98,-23.23,-8.36,-0.2025,0.2025,268.14,6.4975,0.126798,4128.75,4129.01,4124.93,4126.68,BEARISH,207.00,408.00,0.507353,1.521577,-3.2219,3.2219,4116.63141701,4096.06337200,4117.78556777,4097.34520055,115.42,128.18,2044.04,49.5302,BULLISH,COUNTER
2026.07.22 08:45_BUY,XAUUSD,PERIOD_M5,PERIOD_M15,2026.07.22 08:45:00,1784709900032,2026.07.22 08:45:00,BUY,OK,8,45,3,4132.44,4132.73,4132.58,29.0,0.7017,4127.45336596,4127.57412709,4128.44469277,4128.01375190,99.13,43.96,43.09,1.0428,1.0428,317.64,7.6863,0.091298,4132.51,4133.18,4130.08,4132.41,BEARISH,10.00,310.00,0.032258,0.975939,21.1461,21.1461,4120.65451349,4101.66466426,4121.77408363,4102.87036370,111.96,120.57,1890.37,45.7431,BULLISH,ALIGNED
2026.07.22 09:30_SELL,XAUUSD,PERIOD_M5,PERIOD_M15,2026.07.22 09:30:00,1784712600046,2026.07.22 09:30:00,SELL,OK,9,30,3,4117.39,4117.77,4117.58,38.0,0.9229,4129.32227844,4129.06965746,4126.92182275,4128.00150678,-240.05,-106.82,-107.97,-2.6221,2.6221,447.57,10.8698,0.084903,4125.02,4125.29,4113.80,4117.32,BEARISH,770.00,1149.00,0.670148,2.567188,-30.1952,30.1952,4123.33075780,4104.98514542,4122.75830468,4105.46886521,-57.25,48.37,1728.94,41.9893,BULLISH,COUNTER
2026.07.22 12:05_BUY,XAUUSD,PERIOD_M5,PERIOD_M15,2026.07.22 12:05:00,1784721900024,2026.07.22 12:05:00,BUY,OK,12,5,3,4119.89,4120.13,4120.01,24.0,0.5825,4116.41855057,4116.62126806,4117.11684045,4116.92024369,69.83,29.90,19.66,0.4772,0.4772,314.43,7.6317,0.076329,4118.29,4120.52,4117.74,4119.91,BULLISH,162.00,278.00,0.582734,0.884144,12.8079,12.8079,4118.36916291,4108.50504789,4118.36352835,4108.88955582,-0.56,38.45,947.40,22.9950,BULLISH,ALIGNED
2026.07.22 12:45_SELL,XAUUSD,PERIOD_M5,PERIOD_M15,2026.07.22 12:45:00,1784724300650,2026.07.22 12:45:00,SELL,OK,12,45,3,4115.99,4116.26,4116.13,27.0,0.6560,4118.05011282,4117.87267554,4117.64209026,4117.70334140,-40.80,-16.93,-6.13,-0.1488,0.1488,343.57,8.3470,0.078586,4114.47,4118.90,4114.32,4116.01,BULLISH,154.00,458.00,0.336245,1.333056,-6.5797,6.5797,4118.68411277,4109.75735621,4118.42943537,4110.00255793,-25.47,24.52,842.69,20.4728,BULLISH,COUNTER
2026.07.22 13:25_BUY,XAUUSD,PERIOD_M5,PERIOD_M15,2026.07.22 13:25:00,1784726700055,2026.07.22 13:25:00,BUY,OK,13,25,3,4121.54,4121.85,4121.69,31.0,0.7521,4116.84110639,4117.10079348,4117.75688511,4117.49344861,91.58,39.27,26.34,0.6391,0.6391,355.43,8.6234,0.087219,4117.49,4121.74,4117.49,4121.42,BULLISH,393.00,425.00,0.924706,1.195740,12.8032,12.8032,4118.10282247,4110.19853605,4118.04160129,4110.48329934,-6.12,28.48,755.83,18.3378,BULLISH,ALIGNED
2026.07.22 16:00_SELL,XAUUSD,PERIOD_M5,PERIOD_M15,2026.07.22 16:00:00,1784736000039,2026.07.22 16:00:00,SELL,OK,16,0,3,4112.95,4113.13,4113.04,18.0,0.4376,4123.67739419,4122.96285942,4121.50391535,4122.03987220,-217.35,-92.30,-53.60,-1.3031,1.3031,489.43,11.8994,0.036778,4117.98,4118.30,4106.52,4112.81,BEARISH,517.00,1178.00,0.438879,2.406888,-34.8180,34.8180,4121.06179498,4114.30416073,4120.27590974,4114.24556620,-78.59,-5.86,603.03,14.6615,BULLISH,COUNTER
2026.07.22 16:20_BUY,XAUUSD,PERIOD_M5,PERIOD_M15,2026.07.22 16:20:00,1784737200014,2026.07.22 16:20:00,BUY,OK,16,20,3,4130.75,4130.97,4130.86,22.0,0.5326,4121.98208466,4122.08169962,4123.71366773,4122.85972693,173.16,77.80,85.39,2.0672,2.0672,550.14,13.3179,0.039990,4125.56,4131.38,4124.95,4130.64,BULLISH,508.00,643.00,0.790047,1.168787,27.6263,27.6263,4120.27590974,4114.24556620,4120.78963262,4114.69358321,51.37,44.80,609.60,14.7573,BULLISH,ALIGNED
2026.07.22 19:35_SELL,XAUUSD,PERIOD_M5,PERIOD_M15,2026.07.22 19:35:00,1784748900168,2026.07.22 19:35:00,SELL,OK,19,35,3,4146.15,4146.53,4146.34,38.0,0.9165,4154.67894895,4154.17826593,4152.97315916,4153.44842357,-170.58,-72.98,-47.53,-1.1462,1.1462,396.43,9.5609,0.095856,4149.10,4150.54,4146.02,4146.15,BEARISH,295.00,452.00,0.652655,1.140180,-21.2276,21.2276,4143.57764334,4129.05174106,4144.10739160,4129.83951592,52.97,78.78,1426.79,34.4108,BULLISH,COUNTER
2026.07.23 03:00_BUY,XAUUSD,PERIOD_M5,PERIOD_M15,2026.07.23 03:00:00,1784775600036,2026.07.23 03:00:00,BUY,OK,3,0,4,4133.42,4133.67,4133.55,25.0,0.6048,4124.94768735,4124.97689814,4126.62814988,4125.73808921,168.05,76.12,89.01,2.1533,2.1533,457.14,11.0593,0.054688,4131.29,4134.32,4130.73,4133.35,BULLISH,206.00,359.00,0.573816,0.785313,23.5715,23.5715,4130.92188561,4130.95654894,4131.15313460,4131.05040976,23.12,9.39,10.27,0.2485,BULLISH,ALIGNED
2026.07.23 04:45_SELL,XAUUSD,PERIOD_M5,PERIOD_M15,2026.07.23 04:45:00,1784781900017,2026.07.23 04:45:00,SELL,OK,4,45,4,4121.49,4121.88,4121.68,39.0,0.9462,4131.85691641,4130.83066572,4129.78953312,4129.98424156,-206.74,-84.64,-19.47,-0.4724,0.4724,570.21,13.8345,0.068395,4123.07,4127.55,4121.41,4121.52,BEARISH,155.00,614.00,0.252443,1.076788,-38.5261,38.5261,4131.51103239,4131.16130795,4130.55950550,4130.78321744,-95.15,-37.81,-22.37,-0.5428,BEARISH,ALIGNED
2026.07.23 06:05_BUY,XAUUSD,PERIOD_M5,PERIOD_M15,2026.07.23 06:05:00,1784786700043,2026.07.23 06:05:00,BUY,OK,6,5,4,4126.20,4126.45,4126.32,25.0,0.6059,4122.17304984,4122.49001586,4122.97443987,4122.82546896,80.14,33.55,14.90,0.3610,0.3610,453.36,10.9869,0.055144,4128.10,4129.09,4125.93,4126.18,BEARISH,192.00,316.00,0.607595,0.697022,8.4896,8.4896,4126.62421499,4128.97255265,4126.76000404,4128.93637411,13.58,-3.62,-217.64,-5.2744,BEARISH,COUNTER
2026.07.23 07:45_SELL,XAUUSD,PERIOD_M5,PERIOD_M15,2026.07.23 07:45:00,1784792700056,2026.07.23 07:45:00,SELL,OK,7,45,4,4123.19,4123.42,4123.31,23.0,0.5578,4126.89287284,4126.46381999,4126.14429827,4126.16256362,-74.86,-30.13,-1.83,-0.0443,0.0443,304.43,7.3831,0.075551,4125.79,4125.84,4123.13,4123.15,BEARISH,264.00,271.00,0.974170,0.890192,-16.1025,16.1025,4127.38641032,4128.76684665,4126.98294267,4128.54657815,-40.35,-22.03,-156.36,-3.7922,BEARISH,ALIGNED
2026.07.23 08:40_BUY,XAUUSD,PERIOD_M5,PERIOD_M15,2026.07.23 08:40:00,1784796000005,2026.07.23 08:40:00,BUY,OK,8,40,4,4126.24,4126.49,4126.36,25.0,0.6059,4124.24326884,4124.46486332,4124.64661507,4124.62805756,40.33,16.32,1.86,0.0450,0.0450,308.21,7.4694,0.081112,4127.52,4128.49,4126.14,4126.26,BEARISH,126.00,235.00,0.536170,0.762457,11.7192,11.7192,4126.23664922,4128.10636453,4126.17887310,4128.00925220,-5.78,-9.71,-183.04,-4.4358,BEARISH,COUNTER
2026.07.23 09:10_SELL,XAUUSD,PERIOD_M5,PERIOD_M15,2026.07.23 09:10:00,1784797800021,2026.07.23 09:10:00,SELL,OK,9,10,4,4122.42,4122.66,4122.54,24.0,0.5822,4124.94847483,4124.89255147,4124.44277986,4124.66777406,-50.57,-22.48,-22.50,-0.5458,0.5458,366.07,8.8798,0.065561,4124.04,4124.84,4121.08,4122.42,BEARISH,162.00,376.00,0.430851,1.027122,-6.8117,6.8117,4126.31898043,4127.99516388,4126.10288705,4127.84045157,-21.61,-15.47,-173.76,-4.2148,BEARISH,ALIGNED
2026.07.23 22:30_BUY,XAUUSD,PERIOD_M5,PERIOD_M15,2026.07.23 22:30:00,1784845800010,2026.07.23 22:30:00,BUY,OK,22,30,4,4048.24,4048.42,4048.33,18.0,0.4446,4045.37399891,4045.39448621,4045.94719913,4045.65316928,57.32,25.87,29.40,0.7263,0.7263,267.79,6.6147,0.067218,4048.04,4049.22,4047.03,4048.24,BULLISH,20.00,219.00,0.091324,0.817818,12.7625,12.7625,4049.96189804,4067.68432583,4049.79790775,4066.92180325,-16.40,-76.25,-1712.39,-42.2987,BEARISH,COUNTER
2026.07.24 02:55_SELL,XAUUSD,PERIOD_M5,PERIOD_M15,2026.07.24 02:55:00,1784861700126,2026.07.24 02:55:00,SELL,OK,2,55,5,4047.58,4047.89,4047.73,31.0,0.7659,4048.77166112,4048.66352292,4048.53332889,4048.56502083,-23.83,-9.85,-3.17,-0.0783,0.0783,174.86,4.3199,0.177288,4048.46,4049.49,4047.18,4047.58,BEARISH,88.00,231.00,0.380952,1.321078,-1.9514,1.9514,4049.33031980,4061.98473753,4049.22362267,4061.44455174,-10.67,-54.02,-1222.09,-30.1920,BEARISH,ALIGNED
2026.07.24 03:50_BUY,XAUUSD,PERIOD_M5,PERIOD_M15,2026.07.24 03:50:00,1784865000134,2026.07.24 03:50:00,BUY,OK,3,50,5,4048.85,4049.21,4049.03,36.0,0.8891,4047.00258658,4047.21039256,4047.36206927,4047.35490233,35.95,14.45,0.72,0.0177,0.0177,308.43,7.6173,0.116721,4049.20,4050.63,4048.76,4048.80,BEARISH,40.00,187.00,0.213904,0.606299,6.6731,6.6731,4048.14114544,4059.59095663,4048.23532207,4059.18072304,9.42,-41.02,-1094.54,-27.0322,BEARISH,COUNTER
2026.07.24 04:05_SELL,XAUUSD,PERIOD_M5,PERIOD_M15,2026.07.24 04:05:00,1784865900029,2026.07.24 04:05:00,SELL,OK,4,5,5,4043.86,4044.32,4044.09,46.0,1.1375,4048.08372433,4047.69991928,4047.23897946,4047.35083571,-84.47,-34.91,-11.19,-0.2766,0.2766,360.14,8.9054,0.127727,4049.65,4050.15,4040.04,4043.86,BEARISH,579.00,1011.00,0.572700,2.807219,-12.2011,12.2011,4048.23532207,4059.18072304,4048.37481520,4058.80892998,13.95,-37.18,-1043.41,-25.8009,BEARISH,ALIGNED
2026.07.24 09:20_BUY,XAUUSD,PERIOD_M5,PERIOD_M15,2026.07.24 09:20:00,1784884800073,2026.07.24 09:20:00,BUY,OK,9,20,5,4033.88,4034.32,4034.10,44.0,1.0907,4026.94265329,4027.44718990,4028.34012264,4028.03653627,139.75,58.93,30.36,0.7526,0.7526,457.64,11.3444,0.096145,4030.94,4034.02,4029.09,4033.93,BULLISH,299.00,493.00,0.606491,1.077259,21.8377,21.8377,4032.35911596,4044.04740846,4032.22300968,4043.53300029,-13.61,-51.44,-1131.00,-28.0360,BEARISH,COUNTER
2026.07.24 14:50_SELL,XAUUSD,PERIOD_M5,PERIOD_M15,2026.07.24 14:50:00,1784904600072,2026.07.24 14:50:00,SELL,OK,14,50,5,4055.17,4055.45,4055.31,28.0,0.6905,4058.74183292,4058.65968512,4058.03146633,4058.34425920,-71.04,-31.54,-31.28,-0.7713,0.7713,246.50,6.0785,0.113590,4055.24,4056.77,4053.70,4055.19,BEARISH,5.00,307.00,0.016287,1.245436,-11.4290,11.4290,4052.90818048,4049.26473353,4053.13025853,4049.49905770,22.21,23.43,363.12,8.9542,BULLISH,COUNTER
2026.07.24 16:55_BUY,XAUUSD,PERIOD_M5,PERIOD_M15,2026.07.24 16:55:00,1784912100056,2026.07.24 16:55:00,BUY,OK,16,55,5,4059.59,4059.91,4059.75,32.0,0.7882,4052.44187998,4053.08324143,4053.87950398,4053.67840130,143.76,59.52,20.11,0.4954,0.4954,515.14,12.6890,0.062119,4058.17,4061.03,4055.81,4059.63,BULLISH,146.00,522.00,0.279693,1.013311,8.6536,8.6536,4053.14849429,4050.51734696,4053.04482817,4050.57784316,-10.37,6.05,246.70,6.0767,BULLISH,ALIGNED
2026.07.24 19:50_SELL,XAUUSD,PERIOD_M5,PERIOD_M15,2026.07.24 19:50:00,1784922600081,2026.07.24 19:50:00,SELL,OK,19,50,5,4065.24,4065.56,4065.40,32.0,0.7871,4072.05226839,4071.36249511,4070.68981471,4070.80590465,-136.25,-55.66,-11.61,-0.2856,0.2856,353.50,8.6953,0.090523,4067.67,4067.68,4064.22,4065.24,BEARISH,243.00,346.00,0.702312,0.978784,-17.4837,17.4837,4064.93085036,4057.48789630,4065.19172175,4057.88719449,26.09,39.93,730.45,17.9675,BULLISH,COUNTER
2026.07.27 01:05_BUY,XAUUSD,PERIOD_M5,PERIOD_M15,2026.07.27 01:05:00,1785114300054,2026.07.27 01:05:00,BUY,OK,1,5,1,4089.13,4089.92,4089.53,79.0,1.9318,4054.33361299,4055.69250524,4061.26089039,4058.71773203,692.73,302.52,254.32,6.2187,6.2187,866.07,21.1778,0.091216,4088.39,4096.67,4009.11,4088.97,BULLISH,58.00,8756.00,0.006624,10.110021,83.3753,83.3753,4059.95741854,4058.20325139,4059.35861678,4058.02547683,-59.88,-17.78,133.31,3.2599,BULLISH,ALIGNED
2026.07.27 05:40_SELL,XAUUSD,PERIOD_M5,PERIOD_M15,2026.07.27 05:40:00,1785130800065,2026.07.27 05:40:00,SELL,OK,5,40,1,4097.73,4097.97,4097.85,24.0,0.5857,4103.56571831,4102.97930617,4102.40057465,4102.50300561,-116.51,-47.63,-10.24,-0.2500,0.2500,390.14,9.5207,0.061516,4099.97,4101.23,4097.68,4097.74,BEARISH,223.00,355.00,0.628169,0.909923,-15.2048,15.2048,4092.52183999,4077.75711028,4093.52737904,4078.75016478,100.55,99.31,1477.72,36.0609,BULLISH,COUNTER
2026.07.27 08:15_BUY,XAUUSD,PERIOD_M5,PERIOD_M15,2026.07.27 08:15:00,1785140100299,2026.07.27 08:15:00,BUY,OK,8,15,1,4094.70,4094.95,4094.82,25.0,0.6105,4090.84917280,4091.21547817,4091.62933824,4091.53679833,78.02,32.13,9.25,0.2260,0.2260,239.50,5.8488,0.104384,4093.38,4094.78,4092.37,4094.75,BULLISH,137.00,241.00,0.568465,1.006263,10.9528,10.9528,4091.60183026,4082.67854659,4091.90165595,4083.15193692,29.98,47.34,874.97,21.3677,BULLISH,ALIGNED
2026.07.27 08:25_SELL,XAUUSD,PERIOD_M5,PERIOD_M15,2026.07.27 08:25:00,1785140700110,2026.07.27 08:25:00,SELL,OK,8,25,1,4088.23,4088.48,4088.36,25.0,0.6115,4091.67547059,4091.56618030,4090.96437647,4091.25289118,-71.11,-31.33,-28.85,-0.7057,0.7057,257.29,6.2931,0.097168,4091.86,4091.92,4088.11,4088.12,BEARISH,374.00,381.00,0.981627,1.480844,-12.8012,12.8012,4091.60183026,4082.67854659,4091.90165595,4083.15193692,29.98,47.34,874.97,21.4016,BULLISH,COUNTER
2026.07.27 09:10_BUY,XAUUSD,PERIOD_M5,PERIOD_M15,2026.07.27 09:10:00,1785143400104,2026.07.27 09:10:00,BUY,OK,9,10,1,4093.77,4094.02,4093.89,25.0,0.6107,4090.31381631,4090.33504519,4091.00705305,4090.64822290,69.32,31.32,35.88,0.8765,0.8765,371.93,9.0850,0.067217,4093.70,4094.69,4091.62,4093.78,BULLISH,8.00,307.00,0.026059,0.825427,12.0572,12.0572,4091.11314694,4083.48935046,4091.30332342,4083.86663084,19.02,37.73,743.67,18.1653,BULLISH,ALIGNED
2026.07.27 11:00_SELL,XAUUSD,PERIOD_M5,PERIOD_M15,2026.07.27 11:00:00,1785150000070,2026.07.27 11:00:00,SELL,OK,11,0,1,4088.59,4088.99,4088.79,40.0,0.9783,4098.49631416,4097.68811149,4096.51505133,4096.86101045,-198.13,-82.71,-34.60,-0.8461,0.8461,377.64,9.2361,0.105920,4094.08,4094.79,4088.42,4088.59,BEARISH,549.00,637.00,0.861852,1.686779,-21.0631,21.0631,4094.94938691,4087.40130960,4094.34373102,4087.44792491,-60.57,4.66,689.58,16.8652,BULLISH,COUNTER
2026.07.27 12:50_BUY,XAUUSD,PERIOD_M5,PERIOD_M15,2026.07.27 12:50:00,1785156600040,2026.07.27 12:50:00,BUY,OK,12,50,1,4097.25,4097.49,4097.37,24.0,0.5857,4093.03480243,4093.31326828,4093.85984195,4093.66297116,82.50,34.97,19.69,0.4805,0.4805,312.07,7.6164,0.076905,4094.14,4097.89,4093.75,4097.16,BULLISH,302.00,414.00,0.729469,1.326619,13.1238,13.1238,4093.49409681,4088.50476348,4093.55465902,4088.72536099,6.06,22.06,482.93,11.7863,BULLISH,ALIGNED
2026.07.27 13:20_SELL,XAUUSD,PERIOD_M5,PERIOD_M15,2026.07.27 13:20:00,1785158400138,2026.07.27 13:20:00,SELL,OK,13,20,1,4091.03,4091.29,4091.16,26.0,0.6355,4093.95036101,4093.94515722,4093.36628881,4093.68014293,-58.41,-26.50,-31.39,-0.7672,0.7672,339.93,8.3089,0.076487,4090.81,4092.25,4089.15,4091.03,BULLISH,22.00,310.00,0.070968,0.911956,-9.8167,9.8167,4093.79516769,4089.01377820,4093.50991362,4089.08382612,-28.53,7.00,442.61,10.8187,BULLISH,COUNTER
2026.07.27 13:40_BUY,XAUUSD,PERIOD_M5,PERIOD_M15,2026.07.27 13:40:00,1785159600216,2026.07.27 13:40:00,BUY,OK,13,40,1,4098.03,4098.29,4098.16,26.0,0.6344,4093.73857987,4093.75230874,4094.59686390,4094.14118976,85.83,38.89,45.57,1.1119,1.1119,344.93,8.4167,0.075378,4095.93,4099.26,4094.95,4098.03,BULLISH,210.00,431.00,0.487239,1.249534,13.6838,13.6838,4093.50991362,4089.08382612,4093.46611232,4089.23936235,-4.38,15.55,422.67,10.3138,BULLISH,ALIGNED
2026.07.27 14:55_SELL,XAUUSD,PERIOD_M5,PERIOD_M15,2026.07.27 14:55:00,1785164100022,2026.07.27 14:55:00,SELL,OK,14,55,1,4094.30,4094.55,4094.43,25.0,0.6106,4097.39648916,4097.28526261,4096.77719133,4097.01387510,-61.93,-27.14,-23.67,-0.5781,0.5781,345.50,8.4383,0.072359,4095.65,4097.23,4093.99,4094.30,BEARISH,135.00,324.00,0.416667,0.937771,-6.0779,6.0779,4095.43448226,4090.75684445,4095.44738871,4090.94559565,1.29,18.88,450.18,10.9949,BULLISH,COUNTER
2026.07.27 19:00_BUY,XAUUSD,PERIOD_M5,PERIOD_M15,2026.07.27 19:00:00,1785178800055,2026.07.27 19:00:00,BUY,OK,19,0,1,4078.38,4078.62,4078.50,24.0,0.5885,4075.60558042,4075.85636617,4076.15846434,4076.08487834,55.29,22.85,7.36,0.1804,0.1804,367.36,9.0072,0.065332,4077.60,4079.45,4077.35,4078.37,BULLISH,77.00,210.00,0.366667,0.571651,5.6427,5.6427,4081.26332798,4085.26405211,4080.98777293,4084.99369713,-27.56,-27.04,-400.59,-9.8221,BEARISH,COUNTER
2026.07.27 20:15_SELL,XAUUSD,PERIOD_M5,PERIOD_M15,2026.07.27 20:15:00,1785183300027,2026.07.27 20:15:00,SELL,OK,20,15,1,4073.52,4073.75,4073.64,23.0,0.5646,4080.89513290,4080.71979100,4079.42010632,4080.06526454,-147.50,-65.45,-64.52,-1.5837,1.5837,461.14,11.3202,0.049876,4074.96,4076.04,4070.59,4073.52,BEARISH,144.00,545.00,0.264220,1.181846,-21.4586,21.4586,4082.08347827,4084.88743506,4081.26790891,4084.44165330,-81.56,-44.58,-317.37,-7.7909,BEARISH,ALIGNED
2026.07.27 22:10_BUY,XAUUSD,PERIOD_M5,PERIOD_M15,2026.07.27 22:10:00,1785190200081,2026.07.27 22:10:00,BUY,OK,22,10,1,4079.82,4080.02,4079.92,20.0,0.4902,4076.54195744,4076.60781893,4077.19956595,4076.90074448,65.76,29.29,29.88,0.7324,0.7324,271.00,6.6423,0.073801,4077.18,4080.02,4076.05,4079.83,BULLISH,265.00,397.00,0.667506,1.464945,5.3708,5.3708,4078.89041550,4082.62574742,4078.79894736,4082.44160046,-9.15,-18.41,-364.27,-8.9282,BEARISH,COUNTER
2026.07.28 01:20_SELL,XAUUSD,PERIOD_M5,PERIOD_M15,2026.07.28 01:20:00,1785201600090,2026.07.28 01:20:00,SELL,OK,1,20,2,4076.28,4076.60,4076.44,32.0,0.7850,4081.86611318,4081.42693262,4080.74289055,4080.95630238,-112.32,-47.06,-21.34,-0.5235,0.5235,425.93,10.4485,0.075130,4077.32,4077.32,4075.87,4076.25,BEARISH,107.00,145.00,0.737931,0.340433,-9.9013,9.9013,4080.58318776,4082.69270470,4080.25621750,4082.47534373,-32.70,-21.74,-221.91,-5.4438,BEARISH,ALIGNED
2026.07.28 06:50_BUY,XAUUSD,PERIOD_M5,PERIOD_M15,2026.07.28 06:50:00,1785221400021,2026.07.28 06:50:00,BUY,OK,6,50,2,4049.68,4049.94,4049.81,26.0,0.6420,4047.71113203,4047.86533275,4048.10890563,4048.03212068,39.78,16.68,7.68,0.1896,0.1896,290.57,7.1749,0.089479,4048.35,4050.60,4048.04,4049.70,BULLISH,135.00,256.00,0.527344,0.881023,-0.2222,-0.2222,4055.94790808,4067.52682246,4055.22525016,4066.77518236,-72.27,-75.16,-1154.99,-28.5197,BEARISH,COUNTER
2026.07.28 07:10_SELL,XAUUSD,PERIOD_M5,PERIOD_M15,2026.07.28 07:10:00,1785222600128,2026.07.28 07:10:00,SELL,OK,7,10,2,4046.29,4046.55,4046.42,26.0,0.6425,4048.43551968,4048.23704785,4048.00641574,4048.06004350,-42.91,-17.70,-5.36,-0.1325,0.1325,262.43,6.4855,0.099075,4047.79,4047.96,4045.51,4046.29,BEARISH,150.00,245.00,0.612245,0.933587,-8.0996,8.0996,4055.22525016,4066.77518236,4054.66855967,4066.09301835,-55.67,-68.22,-1142.45,-28.2335,BEARISH,ALIGNED
2026.07.28 09:20_BUY,XAUUSD,PERIOD_M5,PERIOD_M15,2026.07.28 09:20:00,1785230400023,2026.07.28 09:20:00,BUY,OK,9,20,2,4045.52,4045.80,4045.66,28.0,0.6921,4043.55187539,4043.60276350,4043.94950031,4043.77887591,39.76,17.61,17.06,0.4217,0.4217,345.29,8.5347,0.081092,4044.14,4047.05,4043.89,4045.54,BULLISH,140.00,316.00,0.443038,0.915184,-1.5076,-1.5076,4048.66611314,4060.00263913,4048.23695951,4059.38135917,-42.92,-62.13,-1114.44,-27.5466,BEARISH,COUNTER
2026.07.28 11:15_SELL,XAUUSD,PERIOD_M5,PERIOD_M15,2026.07.28 11:15:00,1785237300048,2026.07.28 11:15:00,SELL,OK,11,15,2,4044.33,4044.64,4044.48,31.0,0.7665,4049.09236439,4048.56673185,4048.14389151,4048.18339259,-94.85,-38.33,-3.95,-0.0977,0.0977,354.71,8.7703,0.087394,4048.40,4048.76,4042.90,4044.35,BEARISH,405.00,586.00,0.691126,1.652034,-7.1407,7.1407,4048.48663860,4056.78350387,4048.09267302,4056.29591548,-39.40,-48.76,-820.32,-20.2825,BEARISH,ALIGNED
2026.07.28 11:20_BUY,XAUUSD,PERIOD_M5,PERIOD_M15,2026.07.28 11:20:00,1785237600142,2026.07.28 11:20:00,BUY,OK,11,20,2,4048.55,4048.84,4048.70,29.0,0.7163,4048.14389151,4048.18339259,4048.22911321,4048.21853872,8.52,3.51,1.06,0.0261,0.0261,377.21,9.3169,0.076879,4044.33,4050.23,4044.16,4048.57,BULLISH,424.00,607.00,0.698517,1.609165,-6.2946,-6.2946,4048.48663860,4056.78350387,4048.09267302,4056.29591548,-39.40,-48.76,-820.32,-20.2614,BEARISH,COUNTER
2026.07.28 11:35_SELL,XAUUSD,PERIOD_M5,PERIOD_M15,2026.07.28 11:35:00,1785238500038,2026.07.28 11:35:00,SELL,OK,11,35,2,4045.66,4045.94,4045.80,28.0,0.6921,4048.92783245,4048.56416423,4048.27426596,4048.30014930,-65.36,-26.40,-2.59,-0.0640,0.0640,395.07,9.7650,0.070873,4049.61,4049.68,4044.59,4045.66,BEARISH,395.00,509.00,0.776031,1.288375,-7.1877,7.1877,4048.09267302,4056.29591548,4048.23718035,4056.03372272,14.45,-26.22,-779.65,-19.2707,BEARISH,ALIGNED
2026.07.28 15:25_BUY,XAUUSD,PERIOD_M5,PERIOD_M15,2026.07.28 15:25:00,1785252300000,2026.07.28 15:25:00,BUY,OK,15,25,2,4033.90,4034.17,4034.03,27.0,0.6693,4027.62889632,4027.64620849,4028.87711706,4028.21200772,124.82,56.58,66.51,1.6487,1.6487,398.86,9.8873,0.067693,4030.53,4034.22,4029.65,4033.87,BULLISH,334.00,457.00,0.730853,1.145774,18.9507,18.9507,4033.18061042,4044.59370483,4032.66340943,4043.93316739,-51.72,-66.05,-1126.98,-27.9367,BEARISH,COUNTER
2026.07.28 16:40_SELL,XAUUSD,PERIOD_M5,PERIOD_M15,2026.07.28 16:40:00,1785256800007,2026.07.28 16:40:00,SELL,OK,16,40,2,4021.95,4022.16,4022.05,21.0,0.5221,4031.42970123,4030.77535627,4029.53376098,4029.97305115,-189.59,-80.23,-43.93,-1.0922,1.0922,549.43,13.6604,0.038222,4030.98,4032.63,4021.74,4021.95,BEARISH,903.00,1089.00,0.829201,1.982059,-31.1808,31.1808,4032.58114654,4042.23875738,4032.23151354,4041.71606101,-34.96,-52.27,-948.45,-23.5813,BEARISH,ALIGNED
2026.07.28 18:15_BUY,XAUUSD,PERIOD_M5,PERIOD_M15,2026.07.28 18:15:00,1785262500006,2026.07.28 18:15:00,BUY,OK,18,15,2,4033.64,4033.93,4033.78,29.0,0.7189,4025.14894545,4025.44993325,4026.84115636,4026.19175750,169.22,74.18,64.94,1.6099,1.6099,610.29,15.1294,0.047519,4028.12,4036.42,4027.68,4033.61,BULLISH,549.00,874.00,0.628146,1.432116,22.8605,22.8605,4028.35435361,4037.86375213,4028.85489136,4037.69693832,50.05,-16.68,-884.20,-21.9200,BEARISH,COUNTER
2026.07.28 20:20_SELL,XAUUSD,PERIOD_M5,PERIOD_M15,2026.07.28 20:20:00,1785270000019,2026.07.28 20:20:00,SELL,OK,20,20,2,4035.46,4035.68,4035.57,22.0,0.5452,4039.13120371,4038.73339932,4038.39296297,4038.43399938,-73.82,-29.94,-4.10,-0.1017,0.1017,263.93,6.5401,0.083356,4036.96,4037.04,4035.41,4035.44,BEARISH,152.00,163.00,0.932515,0.617591,-10.9162,10.9162,4034.98796270,4038.52137097,4035.17577577,4038.46014074,18.78,-6.12,-328.44,-8.1385,BEARISH,ALIGNED
2026.07.29 02:55_BUY,XAUUSD,PERIOD_M5,PERIOD_M15,2026.07.29 02:55:00,1785293700097,2026.07.29 02:55:00,BUY,OK,2,55,3,4023.64,4023.99,4023.81,35.0,0.8698,4020.02969420,4020.37004988,4020.74175536,4020.66277262,71.21,29.27,7.90,0.1963,0.1963,367.07,9.1225,0.095349,4022.61,4024.40,4020.80,4023.59,BULLISH,98.00,360.00,0.272222,0.980736,12.0685,12.0685,4025.11157155,4031.25922815,4024.89523140,4030.92906234,-21.63,-33.02,-603.38,-14.9953,BEARISH,COUNTER
2026.07.29 03:15_SELL,XAUUSD,PERIOD_M5,PERIOD_M15,2026.07.29 03:15:00,1785294900034,2026.07.29 03:15:00,SELL,OK,3,15,3,4020.55,4020.90,4020.73,35.0,0.8705,4020.82129874,4020.79902526,4020.76703900,4020.77638660,-5.43,-2.26,-0.93,-0.0232,0.0232,455.93,11.3395,0.076766,4017.60,4022.04,4017.60,4020.55,BULLISH,295.00,444.00,0.664414,0.973837,-10.6588,10.6588,4024.88997127,4030.69027558,4024.47664067,4030.29261772,-41.33,-39.77,-581.60,-14.4650,BEARISH,ALIGNED
2026.07.29 03:20_BUY,XAUUSD,PERIOD_M5,PERIOD_M15,2026.07.29 03:20:00,1785295200145,2026.07.29 03:20:00,BUY,OK,3,20,3,4024.99,4025.19,4025.09,20.0,0.4969,4020.76703900,4020.77638660,4021.66163120,4021.18216963,89.46,40.58,47.95,1.1912,1.1912,475.07,11.8028,0.042099,4020.55,4026.29,4020.45,4025.24,BULLISH,469.00,584.00,0.803082,1.229289,8.4290,8.4290,4024.88997127,4030.69027558,4024.47664067,4030.29261772,-41.33,-39.77,-581.60,-14.4493,BEARISH,COUNTER
2026.07.29 04:05_SELL,XAUUSD,PERIOD_M5,PERIOD_M15,2026.07.29 04:05:00,1785297900005,2026.07.29 04:05:00,SELL,OK,4,5,3,4011.98,4012.31,4012.14,33.0,0.8225,4022.98719747,4022.40046398,4020.77775798,4021.44951271,-220.94,-95.10,-67.18,-1.6743,1.6743,521.93,13.0087,0.063227,4021.83,4021.83,4010.12,4011.94,BEARISH,989.00,1171.00,0.844577,2.243602,-22.9039,22.9039,4024.44060608,4029.82653408,4024.19197693,4029.51294451,-24.86,-31.36,-532.10,-13.2622,BEARISH,ALIGNED
2026.07.29 04:40_BUY,XAUUSD,PERIOD_M5,PERIOD_M15,2026.07.29 04:40:00,1785300000028,2026.07.29 04:40:00,BUY,OK,4,40,3,4029.21,4029.61,4029.41,40.0,0.9927,4018.87206379,4019.72896106,4020.92965103,4020.58632824,205.76,85.74,34.33,0.8520,0.8520,547.14,13.5787,0.073107,4024.18,4030.53,4022.57,4029.16,BULLISH,498.00,796.00,0.625628,1.454830,35.1428,35.1428,4023.12416960,4028.86459374,4022.66567726,4028.45068811,-45.85,-41.39,-578.50,-14.3570,BEARISH,COUNTER
2026.07.29 06:45_SELL,XAUUSD,PERIOD_M5,PERIOD_M15,2026.07.29 06:45:00,1785307500085,2026.07.29 06:45:00,SELL,OK,6,45,3,4026.04,4026.27,4026.15,23.0,0.5713,4027.84782522,4027.79098097,4027.48826018,4027.63270997,-35.96,-15.83,-14.44,-0.3588,0.3588,317.36,7.8824,0.072474,4027.11,4027.30,4025.21,4026.05,BEARISH,106.00,209.00,0.507177,0.658564,-2.1356,2.1356,4026.26686811,4028.65688729,4026.24621400,4028.55465641,-2.07,-10.22,-230.84,-5.7336,BEARISH,ALIGNED
2026.07.29 08:05_BUY,XAUUSD,PERIOD_M5,PERIOD_M15,2026.07.29 08:05:00,1785312300006,2026.07.29 08:05:00,BUY,OK,8,5,3,4028.95,4029.25,4029.10,30.0,0.7446,4025.51203359,4025.51848065,4026.19762687,4025.82952786,68.56,31.10,36.81,0.9136,0.9136,247.21,6.1357,0.121352,4027.20,4029.42,4026.60,4028.94,BULLISH,174.00,282.00,0.617021,1.140711,12.5500,12.5500,4025.54686286,4027.88550445,4025.70430449,4027.85862193,15.74,-2.69,-215.43,-5.3469,BEARISH,COUNTER
2026.07.29 11:25_SELL,XAUUSD,PERIOD_M5,PERIOD_M15,2026.07.29 11:25:00,1785324300114,2026.07.29 11:25:00,SELL,OK,11,25,3,4037.61,4037.90,4037.76,29.0,0.7182,4042.29288997,4041.97412833,4041.36231197,4041.58011666,-93.06,-39.40,-21.78,-0.5394,0.5394,243.50,6.0306,0.119097,4040.78,4040.78,4037.26,4037.64,BEARISH,314.00,352.00,0.892045,1.445585,-8.3148,8.3148,4036.56500949,4032.60536629,4036.79786573,4032.85652839,23.29,25.12,394.13,9.7612,BULLISH,COUNTER
2026.07.29 14:50_BUY,XAUUSD,PERIOD_M5,PERIOD_M15,2026.07.29 14:50:00,1785336600009,2026.07.29 14:50:00,BUY,OK,14,50,3,4034.51,4034.74,4034.63,23.0,0.5701,4030.97863739,4031.30973856,4031.68490991,4031.60067142,70.63,29.09,8.42,0.2088,0.2088,264.43,6.5540,0.086980,4030.92,4036.05,4030.48,4034.51,BULLISH,359.00,557.00,0.644524,2.106429,6.8457,6.8457,4033.45988326,4032.83121975,4033.21989438,4032.75705427,-24.00,-7.42,46.28,1.1472,BULLISH,ALIGNED
2026.07.29 15:10_SELL,XAUUSD,PERIOD_M5,PERIOD_M15,2026.07.29 15:10:00,1785337800037,2026.07.29 15:10:00,SELL,OK,15,10,3,4029.97,4030.23,4030.10,26.0,0.6451,4031.65979387,4031.62723623,4031.32183510,4031.47657839,-33.80,-15.07,-15.47,-0.3840,0.3840,271.00,6.7244,0.095941,4030.48,4031.27,4028.61,4029.97,BEARISH,51.00,266.00,0.191729,0.981550,-5.2578,5.2578,4033.21989438,4032.75705427,4033.17133301,4032.75520901,-4.86,-0.18,41.61,1.0325,BULLISH,COUNTER
2026.07.29 18:50_BUY,XAUUSD,PERIOD_M5,PERIOD_M15,2026.07.29 18:50:00,1785351000054,2026.07.29 18:50:00,BUY,OK,18,50,3,4012.58,4012.83,4012.70,25.0,0.6230,4008.73690710,4008.84229127,4009.50752568,4009.18299207,77.06,34.07,32.45,0.8088,0.8088,446.64,11.1307,0.055973,4010.54,4012.84,4009.42,4012.59,BULLISH,205.00,342.00,0.599415,0.765712,5.7851,5.7851,4015.28388060,4023.28250646,4014.83208245,4022.78280033,-45.18,-49.97,-795.07,-19.8139,BEARISH,COUNTER
2026.07.30 01:00_SELL,XAUUSD,PERIOD_M5,PERIOD_M15,2026.07.30 01:00:00,1785373200551,2026.07.30 01:00:00,SELL,OK,1,0,4,4027.47,4095.04,4061.26,6757.0,166.3771,4075.31918944,4075.02569371,4069.17335155,4072.25881246,-614.58,-276.69,-308.55,-7.5973,7.5973,1184.43,29.1641,5.704861,4061.49,4061.58,4044.20,4044.59,BEARISH,1690.00,1738.00,0.972382,1.467374,-60.5520,60.5520,4054.73499271,4039.31883493,4053.76880293,4039.52554729,-96.62,20.67,1424.33,35.0711,BULLISH,COUNTER
2026.07.30 01:35_BUY,XAUUSD,PERIOD_M5,PERIOD_M15,2026.07.30 01:35:00,1785375300118,2026.07.30 01:35:00,BUY,OK,1,35,4,4075.41,4075.95,4075.68,54.0,1.3249,4072.86107635,4073.00690028,4073.37086108,4073.22536389,50.98,21.85,14.55,0.3570,0.3570,1211.71,29.7304,0.044565,4074.71,4075.87,4072.70,4075.41,BULLISH,70.00,317.00,0.220820,0.261613,2.1598,2.1598,4055.89463122,4040.95944740,4057.68657110,4042.28299848,179.19,132.36,1540.36,37.7939,BULLISH,ALIGNED
2026.07.30 03:20_SELL,XAUUSD,PERIOD_M5,PERIOD_M15,2026.07.30 03:20:00,1785381600039,2026.07.30 03:20:00,SELL,OK,3,20,4,4077.49,4077.76,4077.63,27.0,0.6622,4085.37840802,4085.21816969,4083.78072642,4084.50651790,-159.77,-71.17,-72.58,-1.7799,1.7799,454.29,11.1409,0.059434,4081.31,4083.59,4077.30,4077.39,BEARISH,392.00,629.00,0.623211,1.384591,-8.2093,8.2093,4071.55064388,4052.10683403,4072.48582066,4053.25440916,93.52,114.76,1923.14,47.1633,BULLISH,COUNTER
2026.07.30 04:35_BUY,XAUUSD,PERIOD_M5,PERIOD_M15,2026.07.30 04:35:00,1785386100077,2026.07.30 04:35:00,BUY,OK,4,35,4,4086.03,4086.15,4086.09,12.0,0.2937,4078.36674763,4078.76466853,4079.89939811,4079.42515321,153.27,66.05,47.42,1.1606,1.1606,712.00,17.4250,0.016854,4081.19,4086.61,4080.60,4086.03,BULLISH,484.00,601.00,0.805324,0.844101,26.9198,26.9198,4072.45240591,4056.07345410,4073.28455773,4057.05841668,83.22,98.50,1622.61,39.7107,BULLISH,ALIGNED
2026.07.30 05:35_SELL,XAUUSD,PERIOD_M5,PERIOD_M15,2026.07.30 05:35:00,1785389700048,2026.07.30 05:35:00,SELL,OK,5,35,4,4076.36,4076.62,4076.49,26.0,0.6378,4084.02527010,4083.15743988,4082.49021608,4082.53858171,-153.51,-61.89,-4.84,-0.1186,0.1186,468.36,11.4892,0.055513,4082.66,4082.84,4075.37,4076.35,BEARISH,631.00,747.00,0.844712,1.594937,-14.2327,14.2327,4076.18382912,4060.16721264,4076.80251206,4061.05006705,61.87,88.29,1575.24,38.6422,BULLISH,COUNTER
2026.07.30 10:15_BUY,XAUUSD,PERIOD_M5,PERIOD_M15,2026.07.30 10:15:00,1785406500041,2026.07.30 10:15:00,BUY,OK,10,15,4,4046.73,4046.99,4046.86,26.0,0.6425,4039.58918774,4039.61375172,4041.00735019,4040.25613792,141.82,64.24,75.12,1.8563,1.8563,513.36,12.6853,0.050647,4045.46,4047.65,4043.91,4046.68,BULLISH,122.00,374.00,0.326203,0.728538,24.6983,24.6983,4048.42804272,4053.27972494,4048.26156246,4053.02091220,-16.65,-25.88,-475.93,-11.7606,BEARISH,COUNTER
2026.07.30 15:55_SELL,XAUUSD,PERIOD_M5,PERIOD_M15,2026.07.30 15:55:00,1785426900021,2026.07.30 15:55:00,SELL,OK,15,55,4,4069.95,4070.22,4070.09,27.0,0.6634,4076.65771728,4076.65540673,4075.32217382,4076.04855157,-133.55,-60.69,-72.64,-1.7847,1.7847,622.21,15.2875,0.043393,4075.34,4076.88,4067.15,4069.98,BEARISH,536.00,973.00,0.550874,1.563770,-19.4462,19.4462,4069.70871782,4062.45960890,4070.40788755,4063.03178110,69.92,57.22,737.61,18.1227,BULLISH,COUNTER
2026.07.30 16:30_BUY,XAUUSD,PERIOD_M5,PERIOD_M15,2026.07.30 16:30:00,1785429000004,2026.07.30 16:30:00,BUY,OK,16,30,4,4080.15,4080.41,4080.28,26.0,0.6372,4075.29588121,4075.32886618,4076.27670497,4075.77169652,98.08,44.28,50.50,1.2377,1.2377,795.86,19.5050,0.032669,4082.12,4082.84,4074.15,4080.20,BEARISH,192.00,869.00,0.220944,1.091905,8.8800,8.8800,4070.86405308,4063.78343192,4071.75319088,4064.42721891,88.91,64.38,732.60,17.9546,BULLISH,ALIGNED
2026.07.30 20:30_SELL,XAUUSD,PERIOD_M5,PERIOD_M15,2026.07.30 20:30:00,1785443400049,2026.07.30 20:30:00,SELL,OK,20,30,4,4101.66,4101.86,4101.76,20.0,0.4876,4108.06048948,4107.41879346,4106.78239158,4106.89617588,-127.81,-52.26,-11.38,-0.2774,0.2774,406.86,9.9191,0.049157,4107.99,4108.02,4098.53,4101.67,BEARISH,632.00,949.00,0.665964,2.332514,-7.8443,7.8443,4097.96515380,4082.46068121,4098.31799630,4083.21398783,35.28,75.33,1510.40,36.8232,BULLISH,COUNTER
2026.07.30 22:20_BUY,XAUUSD,PERIOD_M5,PERIOD_M15,2026.07.30 22:20:00,1785450000092,2026.07.30 22:20:00,BUY,OK,22,20,4,4110.65,4110.85,4110.75,20.0,0.4865,4103.44374944,4103.96072404,4104.90699955,4104.57884003,146.33,61.81,32.82,0.7983,0.7983,353.43,8.5977,0.056589,4104.72,4113.09,4102.96,4110.76,BULLISH,604.00,1013.00,0.596249,2.866209,17.6190,17.6190,4100.72768393,4087.60708345,4101.10599975,4088.27739390,37.83,67.03,1282.86,31.2075,BULLISH,ALIGNED
2026.07.31 02:25_SELL,XAUUSD,PERIOD_M5,PERIOD_M15,2026.07.31 02:25:00,1785464700237,2026.07.31 02:25:00,SELL,OK,2,25,5,4105.95,4106.30,4106.13,35.0,0.8524,4108.65729024,4108.58642279,4108.12583219,4108.35129345,-53.15,-23.51,-22.55,-0.5491,0.5491,191.86,4.6725,0.182427,4106.56,4106.99,4104.45,4106.00,BEARISH,56.00,254.00,0.220472,1.323902,-8.5169,8.5169,4105.53115530,4093.59297311,4105.69771194,4094.12971926,16.66,53.67,1156.80,28.1725,BULLISH,COUNTER
2026.07.31 07:40_BUY,XAUUSD,PERIOD_M5,PERIOD_M15,2026.07.31 07:40:00,1785483600128,2026.07.31 07:40:00,BUY,OK,7,40,5,4081.11,4081.43,4081.27,32.0,0.7841,4077.58228456,4077.83672550,4078.29782764,4078.13884136,71.55,30.21,15.90,0.3896,0.3896,248.36,6.0853,0.128847,4079.81,4081.25,4079.56,4081.16,BULLISH,135.00,169.00,0.798817,0.680472,6.6938,6.6938,4085.18740364,4089.11877528,4084.69241281,4088.76078409,-49.50,-35.80,-406.84,-9.9684,BEARISH,COUNTER
2026.07.31 07:50_SELL,XAUUSD,PERIOD_M5,PERIOD_M15,2026.07.31 07:50:00,1785484200127,2026.07.31 07:50:00,SELL,OK,7,50,5,4075.52,4075.87,4075.69,35.0,0.8587,4078.49426212,4078.24258305,4077.89140969,4077.99143914,-60.29,-25.11,-10.00,-0.2454,0.2454,246.64,6.0516,0.141906,4079.23,4079.56,4075.43,4075.48,BEARISH,375.00,413.00,0.907990,1.674486,-10.5153,10.5153,4084.69241281,4088.76078409,4084.17694493,4088.38898864,-51.55,-37.18,-421.20,-10.3345,BEARISH,ALIGNED
2026.07.31 08:00_BUY,XAUUSD,PERIOD_M5,PERIOD_M15,2026.07.31 08:00:00,1785484800032,2026.07.31 08:00:00,BUY,OK,8,0,5,4079.91,4080.21,4080.06,30.0,0.7353,4077.93112775,4078.00039922,4078.32690220,4078.17399929,39.58,17.36,15.29,0.3748,0.3748,249.50,6.1151,0.120240,4078.09,4080.03,4077.67,4079.91,BULLISH,182.00,236.00,0.771186,0.945892,1.5444,1.5444,4084.17694493,4088.38898864,4083.77056922,4088.05647928,-40.64,-33.25,-428.59,-10.5045,BEARISH,COUNTER
2026.07.31 08:50_SELL,XAUUSD,PERIOD_M5,PERIOD_M15,2026.07.31 08:50:01,1785487801028,2026.07.31 08:50:00,SELL,OK,8,50,5,4075.59,4075.88,4075.74,29.0,0.7115,4079.38346557,4079.25135274,4078.62877246,4078.92032067,-75.47,-33.10,-29.15,-0.7153,0.7153,296.14,7.2660,0.097926,4076.39,4076.43,4073.64,4075.61,BEARISH,78.00,279.00,0.279570,0.942113,-8.4088,8.4088,4083.14121426,4087.45894147,4082.49824147,4087.02486533,-64.30,-43.41,-452.66,-11.1063,BEARISH,ALIGNED
2026.07.31 09:15_BUY,XAUUSD,PERIOD_M5,PERIOD_M15,2026.07.31 09:15:00,1785489300030,2026.07.31 09:15:00,BUY,OK,9,15,5,4082.27,4082.58,4082.43,31.0,0.7594,4078.29180120,4078.52566742,4079.07944096,4078.86242493,78.76,33.68,21.70,0.5316,0.5316,317.93,7.7877,0.097506,4081.81,4082.74,4080.21,4082.23,BULLISH,42.00,253.00,0.166008,0.795776,19.5618,19.5618,4081.71364705,4086.52428238,4081.76282352,4086.35587915,4.92,-16.84,-459.31,-11.2508,BEARISH,COUNTER
2026.07.31 09:55_SELL,XAUUSD,PERIOD_M5,PERIOD_M15,2026.07.31 09:55:00,1785491700053,2026.07.31 09:55:00,SELL,OK,9,55,5,4078.51,4078.81,4078.66,30.0,0.7355,4079.70968244,4079.68982357,4079.46974595,4079.58256688,-23.99,-10.73,-11.28,-0.2766,0.2766,396.50,9.7213,0.075662,4077.85,4078.76,4076.29,4078.51,BULLISH,66.00,247.00,0.267206,0.622951,-0.8826,0.8826,4082.05493556,4086.29604075,4081.67351313,4085.97266660,-38.14,-32.34,-429.92,-10.5406,BEARISH,ALIGNED
2026.07.31 14:25_BUY,XAUUSD,PERIOD_M5,PERIOD_M15,2026.07.31 14:25:00,1785507900018,2026.07.31 14:25:00,BUY,OK,14,25,5,4060.64,4060.98,4060.81,34.0,0.8373,4055.82506892,4055.97125692,4056.78805514,4056.39568811,96.30,42.44,39.24,0.9662,0.9662,314.07,7.7342,0.108256,4056.77,4060.96,4056.01,4060.64,BULLISH,387.00,495.00,0.781818,1.576075,8.5774,8.5774,4062.40161648,4073.11707541,4061.87860539,4072.48150382,-52.30,-63.56,-1060.29,-26.1103,BEARISH,COUNTER
2026.07.31 14:40_SELL,XAUUSD,PERIOD_M5,PERIOD_M15,2026.07.31 14:40:00,1785508800025,2026.07.31 14:40:00,SELL,OK,14,40,5,4053.08,4053.39,4053.23,31.0,0.7648,4056.58835529,4056.39246951,4055.88868423,4056.09224501,-69.97,-30.02,-20.36,-0.5022,0.5022,330.79,8.1610,0.093716,4054.25,4055.63,4052.72,4053.09,BEARISH,116.00,291.00,0.398625,0.879724,-18.5931,18.5931,4061.87860539,4072.48150382,4061.58064297,4071.94301348,-29.80,-53.85,-1036.24,-25.5657,BEARISH,ALIGNED
2026.07.31 15:15_BUY,XAUUSD,PERIOD_M5,PERIOD_M15,2026.07.31 15:15:00,1785510900112,2026.07.31 15:15:00,BUY,OK,15,15,5,4059.03,4059.42,4059.23,39.0,0.9608,4055.45514308,4055.56635516,4056.17011446,4055.88123196,71.50,31.49,28.89,0.7117,0.7117,349.21,8.6030,0.111679,4057.11,4059.26,4055.44,4059.03,BULLISH,192.00,382.00,0.502618,1.093884,13.4202,13.4202,4059.99322474,4070.47150148,4059.90148905,4070.02281515,-9.17,-44.87,-1012.13,-24.9341,BEARISH,COUNTER
2026.07.31 15:25_SELL,XAUUSD,PERIOD_M5,PERIOD_M15,2026.07.31 15:25:00,1785511500010,2026.07.31 15:25:00,SELL,OK,15,25,5,4050.68,4050.93,4050.80,25.0,0.6172,4056.23009157,4055.93475633,4055.11207326,4055.45341485,-111.80,-48.13,-34.13,-0.8427,0.8427,390.21,9.6330,0.064067,4056.47,4058.33,4049.90,4050.64,BEARISH,583.00,843.00,0.691578,2.160351,-15.6766,15.6766,4059.99322474,4070.47150148,4059.90148905,4070.02281515,-9.17,-44.87,-1012.13,-24.9860,BEARISH,ALIGNED
2026.07.31 17:50_BUY,XAUUSD,PERIOD_M5,PERIOD_M15,2026.07.31 17:50:00,1785520200081,2026.07.31 17:50:00,BUY,OK,17,50,5,4043.95,4044.21,4044.08,26.0,0.6429,4036.91875123,4036.96031579,4038.31700099,4037.59210526,139.82,63.18,72.49,1.7925,1.7925,590.43,14.5998,0.044036,4041.35,4045.49,4040.87,4043.91,BULLISH,256.00,462.00,0.554113,0.782482,8.8359,8.8359,4045.55295479,4059.85304938,4045.15267338,4059.12743960,-40.03,-72.56,-1397.48,-34.5561,BEARISH,COUNTER
2026.07.31 20:10_SELL,XAUUSD,PERIOD_M5,PERIOD_M15,2026.07.31 20:10:00,1785528600074,2026.07.31 20:10:00,SELL,OK,20,10,5,4041.96,4042.19,4042.07,23.0,0.5690,4044.10244641,4043.86942593,4043.67395713,4043.69584176,-42.85,-17.36,-2.19,-0.0541,0.0541,308.29,7.6269,0.074606,4042.79,4044.35,4041.89,4041.96,BEARISH,83.00,246.00,0.337398,0.797961,-3.6355,3.6355,4045.04333197,4055.26748715,4044.87158606,4054.79582098,-17.17,-47.17,-992.42,-24.5523,BEARISH,ALIGNED
2026.07.31 20:15_BUY,XAUUSD,PERIOD_M5,PERIOD_M15,2026.07.31 20:15:00,1785528900014,2026.07.31 20:15:00,BUY,OK,20,15,5,4045.54,4045.76,4045.65,22.0,0.5438,4043.67395713,4043.69584176,4044.04516570,4043.86258342,37.12,16.67,18.26,0.4513,0.4513,324.64,8.0245,0.067767,4041.96,4046.38,4041.38,4045.53,BULLISH,357.00,500.00,0.714000,1.540154,5.6638,5.6638,4044.87158606,4054.79582098,4044.93429215,4054.43245546,6.27,-36.34,-949.82,-23.4775,BEARISH,COUNTER
2026.08.03 03:40_SELL,XAUUSD,PERIOD_M5,PERIOD_M15,2026.08.03 03:40:00,1785728400048,2026.08.03 03:40:00,SELL,OK,3,40,1,4059.83,4060.06,4059.94,23.0,0.5665,4068.48505519,4068.21348939,4066.75404415,4067.45135399,-173.10,-76.21,-69.73,-1.7175,1.7175,430.43,10.6018,0.053435,4064.54,4065.24,4059.32,4059.83,BEARISH,471.00,592.00,0.795608,1.375373,-16.9424,16.9424,4061.37876476,4058.14766909,4061.64173954,4058.38266245,26.30,23.50,325.91,8.0274,BULLISH,COUNTER
2026.08.03 05:50_BUY,XAUUSD,PERIOD_M5,PERIOD_M15,2026.08.03 05:50:00,1785736200003,2026.08.03 05:50:00,BUY,OK,5,50,1,4063.62,4063.86,4063.74,24.0,0.5906,4057.23453775,4057.35704242,4058.51363020,4057.92731129,127.91,57.03,58.63,1.4428,1.4428,582.71,14.3394,0.041187,4059.56,4067.00,4058.39,4063.63,BULLISH,407.00,861.00,0.472706,1.477568,19.3551,19.3551,4058.14195092,4057.52094850,4058.27700322,4057.60091131,13.51,8.00,67.61,1.6637,BULLISH,ALIGNED
2026.08.03 08:15_SELL,XAUUSD,PERIOD_M5,PERIOD_M15,2026.08.03 08:15:00,1785744900060,2026.08.03 08:15:00,SELL,OK,8,15,1,4057.45,4057.66,4057.55,21.0,0.5176,4065.52677475,4065.48464608,4063.91141980,4064.75422371,-161.54,-73.04,-84.28,-2.0771,2.0771,291.71,7.1894,0.071988,4060.86,4060.91,4056.72,4057.45,BEARISH,341.00,419.00,0.813842,1.436337,-15.7486,15.7486,4062.54535955,4059.90330178,4062.06008721,4059.80709387,-48.53,-9.62,225.30,5.5526,BULLISH,COUNTER
2026.08.03 09:05_BUY,XAUUSD,PERIOD_M5,PERIOD_M15,2026.08.03 09:05:00,1785747900026,2026.08.03 09:05:00,BUY,OK,9,5,1,4067.97,4068.23,4068.10,26.0,0.6391,4062.85810215,4062.92453419,4063.88048172,4063.38321290,102.24,45.87,49.73,1.2224,1.2224,453.64,11.1512,0.057314,4068.81,4071.13,4067.31,4067.97,BEARISH,84.00,382.00,0.219895,0.842072,19.3344,19.3344,4062.03576300,4059.96651764,4062.68092843,4060.31332087,64.52,34.68,236.76,5.8199,BULLISH,ALIGNED
2026.08.03 10:05_SELL,XAUUSD,PERIOD_M5,PERIOD_M15,2026.08.03 10:05:00,1785751500105,2026.08.03 10:05:00,SELL,OK,10,5,1,4060.81,4061.11,4060.96,30.0,0.7387,4064.82545525,4064.74963397,4064.06836420,4064.41239452,-75.71,-33.72,-34.40,-0.8472,0.8472,440.43,10.8454,0.068115,4063.82,4065.33,4059.76,4061.04,BEARISH,278.00,557.00,0.499102,1.264677,-6.0047,6.0047,4063.70570652,4061.02922667,4063.71659162,4061.13866876,1.09,10.94,257.79,6.3481,BULLISH,COUNTER
2026.08.03 14:50_BUY,XAUUSD,PERIOD_M5,PERIOD_M15,2026.08.03 14:50:00,1785768600038,2026.08.03 14:50:00,BUY,OK,14,50,1,4061.02,4061.25,4061.14,23.0,0.5663,4050.72356633,4051.51130503,4052.75885307,4052.36482276,203.53,85.35,39.40,0.9702,0.9702,356.43,8.7766,0.064529,4053.56,4060.90,4052.59,4060.90,BULLISH,734.00,831.00,0.883273,2.331463,24.8591,24.8591,4055.46858871,4058.00779302,4055.28681836,4057.83336976,-18.18,-17.44,-254.66,-6.2705,BEARISH,COUNTER
2026.08.03 15:35_SELL,XAUUSD,PERIOD_M5,PERIOD_M15,2026.08.03 15:35:00,1785771300004,2026.08.03 15:35:00,SELL,OK,15,35,1,4051.76,4051.98,4051.87,22.0,0.5430,4054.40478043,4054.25931854,4053.86782434,4054.02847140,-53.70,-23.08,-16.06,-0.3965,0.3965,433.36,10.6952,0.050766,4050.83,4052.90,4047.90,4051.72,BULLISH,89.00,500.00,0.178000,1.153783,1.3823,-1.3823,4055.96399417,4057.93221868,4055.47218520,4057.65252383,-49.18,-27.97,-218.03,-5.3811,BEARISH,ALIGNED
2026.08.03 18:50_BUY,XAUUSD,PERIOD_M5,PERIOD_M15,2026.08.03 18:50:00,1785783000042,2026.08.03 18:50:00,BUY,OK,18,50,1,4037.59,4037.79,4037.69,20.0,0.4953,4035.24223793,4035.25422178,4035.70979034,4035.46565616,46.76,21.14,24.41,0.6046,0.6046,423.79,10.4957,0.047194,4036.74,4040.95,4036.71,4037.58,BULLISH,84.00,424.00,0.198113,1.000506,10.8599,10.8599,4041.32542615,4049.30942232,4040.88871890,4048.81650380,-43.67,-49.29,-792.78,-19.6345,BEARISH,COUNTER
2026.08.03 20:10_SELL,XAUUSD,PERIOD_M5,PERIOD_M15,2026.08.03 20:10:00,1785787800155,2026.08.03 20:10:00,SELL,OK,20,10,1,4034.86,4035.04,4034.95,18.0,0.4461,4036.38958681,4036.34730323,4036.07966945,4036.21027566,-30.99,-13.70,-13.06,-0.3237,0.3237,234.71,5.8170,0.076689,4034.15,4035.11,4033.78,4034.84,BULLISH,69.00,133.00,0.518797,0.566646,-3.3695,3.3695,4039.64865162,4047.07945118,4039.38782766,4046.68064917,-26.08,-39.88,-729.28,-18.0741,BEARISH,ALIGNED
2026.08.03 21:25_BUY,XAUUSD,PERIOD_M5,PERIOD_M15,2026.08.03 21:25:00,1785792300113,2026.08.03 21:25:00,BUY,OK,21,25,1,4037.12,4037.31,4037.22,19.0,0.4706,4034.80320735,4034.97747476,4035.26656588,4035.17224978,46.34,19.48,9.43,0.2336,0.2336,270.36,6.6966,0.070277,4037.54,4038.58,4036.76,4037.12,BEARISH,42.00,182.00,0.230769,0.673184,1.6599,1.6599,4037.50602736,4044.77040535,4037.27116762,4044.38882083,-23.49,-38.16,-711.77,-17.6301,BEARISH,COUNTER
2026.08.04 04:05_SELL,XAUUSD,PERIOD_M5,PERIOD_M15,2026.08.04 04:05:00,1785816300001,2026.08.04 04:05:00,SELL,OK,4,5,2,4046.66,4046.96,4046.81,30.0,0.7413,4055.82634079,4055.77950051,4053.99507263,4054.95136410,-183.13,-82.81,-95.63,-2.3631,2.3631,462.21,11.4217,0.064905,4049.11,4050.63,4045.35,4046.67,BEARISH,244.00,528.00,0.462121,1.142327,-24.5278,24.5278,4050.94368292,4048.47632345,4050.77190360,4048.50234998,-17.18,2.60,226.96,5.6083,BULLISH,COUNTER
2026.08.04 04:50_BUY,XAUUSD,PERIOD_M5,PERIOD_M15,2026.08.04 04:50:00,1785819000178,2026.08.04 04:50:00,BUY,OK,4,50,2,4057.02,4057.38,4057.20,36.0,0.8873,4052.20408164,4052.73265141,4053.20926531,4053.14150128,100.52,40.88,6.78,0.1670,0.1670,453.71,11.1829,0.079345,4059.15,4060.59,4057.19,4057.23,BEARISH,192.00,340.00,0.564706,0.749370,20.3508,20.3508,4050.27863310,4048.46511431,4051.12352519,4048.88412943,84.49,41.90,223.94,5.5196,BULLISH,ALIGNED
2026.08.04 06:45_SELL,XAUUSD,PERIOD_M5,PERIOD_M15,2026.08.04 06:45:00,1785825900121,2026.08.04 06:45:00,SELL,OK,6,45,2,4052.87,4053.14,4053.01,27.0,0.6662,4058.29049291,4057.97728422,4057.20439433,4057.51207657,-108.61,-46.52,-30.77,-0.7591,0.7591,317.57,7.8355,0.085020,4056.17,4056.34,4052.65,4052.86,BEARISH,331.00,369.00,0.897019,1.161943,-12.1987,12.1987,4054.87265022,4051.25210884,4054.68096924,4051.31516340,-19.17,6.31,336.58,8.3045,BULLISH,COUNTER
2026.08.04 07:30_BUY,XAUUSD,PERIOD_M5,PERIOD_M15,2026.08.04 07:30:00,1785828600218,2026.08.04 07:30:00,BUY,OK,7,30,2,4061.41,4061.69,4061.55,28.0,0.6894,4055.93119331,4056.31025137,4057.01895465,4056.77022852,108.78,46.00,24.87,0.6124,0.6124,276.00,6.7954,0.101449,4057.83,4061.63,4057.63,4061.37,BULLISH,354.00,400.00,0.885000,1.449275,11.2897,11.2897,4054.68959160,4051.57262104,4055.32582097,4051.95683198,63.62,38.42,336.90,8.2948,BULLISH,ALIGNED
2026.08.04 09:35_SELL,XAUUSD,PERIOD_M5,PERIOD_M15,2026.08.04 09:35:00,1785836100106,2026.08.04 09:35:00,SELL,OK,9,35,2,4056.85,4057.03,4056.94,18.0,0.4437,4062.08258413,4061.62783882,4061.03606731,4061.19348983,-104.65,-43.43,-15.74,-0.3880,0.3880,349.07,8.6043,0.051565,4059.91,4059.93,4056.66,4056.85,BEARISH,306.00,327.00,0.935780,0.936771,-13.0473,13.0473,4058.92327235,4054.50942936,4059.00772261,4054.71729488,8.45,20.79,429.04,10.5755,BULLISH,COUNTER
2026.08.04 10:00_BUY,XAUUSD,PERIOD_M5,PERIOD_M15,2026.08.04 10:00:00,1785837600009,2026.08.04 10:00:00,BUY,OK,10,0,2,4063.40,4063.65,4063.53,25.0,0.6152,4060.53483717,4060.81937698,4061.10786973,4061.05397907,57.30,23.46,5.39,0.1326,0.1326,333.79,8.2142,0.074898,4060.38,4063.74,4058.82,4063.40,BULLISH,302.00,492.00,0.613821,1.474000,8.0293,8.0293,4059.11555855,4054.92994998,4059.52360059,4055.26210880,40.80,33.22,426.15,10.4872,BULLISH,ALIGNED
2026.08.04 11:40_SELL,XAUUSD,PERIOD_M5,PERIOD_M15,2026.08.04 11:40:00,1785843600020,2026.08.04 11:40:00,SELL,OK,11,40,2,4058.89,4059.14,4059.01,25.0,0.6159,4064.75202628,4064.29547998,4063.57962102,4063.80407271,-117.24,-49.14,-22.45,-0.5530,0.5530,378.21,9.3179,0.066100,4062.59,4064.45,4058.50,4058.89,BEARISH,370.00,595.00,0.621849,1.573182,-9.6731,9.6731,4061.44962517,4056.88449059,4061.63156563,4057.13843214,18.19,25.39,449.31,11.0695,BULLISH,COUNTER
2026.08.04 13:55_BUY,XAUUSD,PERIOD_M5,PERIOD_M15,2026.08.04 13:55:00,1785851700039,2026.08.04 13:55:00,BUY,OK,13,55,2,4054.89,4055.12,4055.01,23.0,0.5672,4051.55904519,4051.87141378,4052.22723615,4052.14673980,66.82,27.53,8.05,0.1985,0.1985,340.21,8.3900,0.067604,4058.14,4058.21,4053.31,4054.90,BEARISH,324.00,490.00,0.661224,1.440269,14.6457,14.6457,4055.80620608,4055.57253544,4055.50847217,4055.45910268,-29.77,-11.34,4.94,0.1217,BULLISH,ALIGNED
2026.08.04 18:25_SELL,XAUUSD,PERIOD_M5,PERIOD_M15,2026.08.04 18:25:00,1785867900016,2026.08.04 18:25:00,SELL,OK,18,25,2,4076.04,4076.27,4076.15,23.0,0.5643,4081.74964850,4081.11910973,4080.61171880,4080.65919066,-113.79,-45.99,-4.75,-0.1165,0.1165,546.79,13.4143,0.042064,4076.68,4077.90,4074.73,4076.06,BEARISH,62.00,317.00,0.195584,0.579752,-21.9094,21.9094,4073.14661255,4064.97894507,4074.18788755,4065.72800605,104.13,74.91,845.99,20.7546,BULLISH,COUNTER
2026.08.04 18:45_BUY,XAUUSD,PERIOD_M5,PERIOD_M15,2026.08.04 18:45:00,1785869100032,2026.08.04 18:45:00,BUY,OK,18,45,2,4083.97,4084.19,4084.08,22.0,0.5387,4080.39336003,4080.47862559,4081.11268802,4080.79784145,71.93,31.92,31.48,0.7709,0.7709,488.64,11.9646,0.045023,4083.44,4087.20,4083.33,4083.99,BULLISH,55.00,387.00,0.142119,0.791989,13.9028,13.9028,4074.58142207,4066.22180973,4075.47747711,4066.91860151,89.61,69.68,855.89,20.9567,BULLISH,ALIGNED
2026.08.04 21:05_SELL,XAUUSD,PERIOD_M5,PERIOD_M15,2026.08.04 21:05:00,1785877500149,2026.08.04 21:05:00,SELL,OK,21,5,2,4086.78,4087.04,4086.91,26.0,0.6362,4092.39349226,4091.86056018,4091.27079380,4091.39869107,-112.27,-46.19,-12.79,-0.3129,0.3129,436.36,10.6769,0.059584,4086.08,4088.53,4084.88,4086.78,BULLISH,70.00,365.00,0.191781,0.836471,-16.8796,16.8796,4084.82525769,4073.76351702,4084.94570933,4074.24690851,12.05,48.34,1069.88,26.1782,BULLISH,COUNTER
2026.08.05 01:50_BUY,XAUUSD,PERIOD_M5,PERIOD_M15,2026.08.05 01:50:00,1785894600022,2026.08.05 01:50:00,BUY,OK,1,50,3,4082.71,4083.00,4082.86,29.0,0.7103,4080.79283678,4080.87019751,4081.17626942,4081.03745228,38.34,16.73,13.88,0.3400,0.3400,408.00,9.9930,0.071078,4083.96,4084.53,4081.20,4082.71,BEARISH,125.00,333.00,0.375375,0.816176,4.6805,4.6805,4081.97147857,4076.33084638,4082.16086156,4076.63002888,18.94,29.92,553.08,13.5465,BULLISH,ALIGNED
2026.08.05 02:00_SELL,XAUUSD,PERIOD_M5,PERIOD_M15,2026.08.05 02:00:00,1785895200064,2026.08.05 02:00:00,SELL,OK,2,0,3,4075.79,4076.14,4075.97,35.0,0.8587,4081.14101554,4081.03404753,4080.04081243,4080.54367957,-110.02,-49.04,-50.29,-1.2337,1.2337,440.29,10.8020,0.079494,4080.96,4081.22,4075.58,4075.64,BEARISH,532.00,564.00,0.943262,1.280986,-20.3724,20.3724,4082.16086156,4076.63002888,4081.53982713,4076.59120421,-62.10,-3.88,494.86,12.1410,BULLISH,COUNTER
2026.08.05 03:30_BUY,XAUUSD,PERIOD_M5,PERIOD_M15,2026.08.05 03:30:00,1785900600067,2026.08.05 03:30:00,BUY,OK,3,30,3,4078.50,4078.96,4078.73,46.0,1.1278,4073.29760717,4073.78268891,4074.33408574,4074.20971719,103.65,42.70,12.44,0.3049,0.3049,281.43,6.8999,0.163452,4076.80,4078.88,4076.03,4078.48,BULLISH,168.00,285.00,0.589474,1.012690,16.5777,16.5777,4077.31508848,4075.53693652,4077.42603244,4075.65235077,11.09,11.54,177.37,4.3486,BULLISH,ALIGNED
2026.08.05 11:35_SELL,XAUUSD,PERIOD_M5,PERIOD_M15,2026.08.05 11:35:00,1785929700160,2026.08.05 11:35:00,SELL,OK,11,35,3,4165.12,4165.41,4165.26,29.0,0.6962,4166.12245084,4166.05949972,4165.92996067,4165.97772702,-19.25,-8.18,-4.78,-0.1147,0.1147,383.93,9.2174,0.075535,4164.33,4165.96,4162.72,4165.16,BULLISH,83.00,324.00,0.256173,0.843907,-3.3601,3.3601,4152.11018616,4124.63611074,4153.27397796,4126.19273385,116.38,155.66,2708.12,65.0169,BULLISH,COUNTER
2026.08.05 14:05_BUY,XAUUSD,PERIOD_M5,PERIOD_M15,2026.08.05 14:05:00,1785938700002,2026.08.05 14:05:00,BUY,OK,14,5,3,4164.04,4164.37,4164.20,33.0,0.7925,4156.80429751,4157.44622221,4158.25143801,4158.04565655,144.71,59.94,20.58,0.4942,0.4942,360.64,8.6605,0.091503,4161.17,4164.17,4160.74,4164.04,BULLISH,287.00,343.00,0.836735,0.951079,20.5270,20.5270,4155.86205826,4135.84548277,4156.38281461,4136.84487560,52.08,99.94,1953.79,46.9188,BULLISH,ALIGNED
2026.08.05 19:20_SELL,XAUUSD,PERIOD_M5,PERIOD_M15,2026.08.05 19:20:00,1785957600104,2026.08.05 19:20:00,SELL,OK,19,20,3,4233.69,4233.99,4233.84,30.0,0.7086,4240.13349317,4239.72378021,4238.85279454,4239.17889110,-128.07,-54.49,-32.61,-0.7702,0.7702,705.07,16.6532,0.042549,4234.30,4236.91,4232.61,4233.73,BEARISH,57.00,430.00,0.132558,0.609867,18.7420,-18.7420,4217.04869187,4181.68598116,4218.68786407,4183.74770739,163.92,206.17,3494.02,82.5259,BULLISH,COUNTER
2026.08.05 19:35_BUY,XAUUSD,PERIOD_M5,PERIOD_M15,2026.08.05 19:35:00,1785958500044,2026.08.05 19:35:00,BUY,OK,19,35,3,4240.88,4241.16,4241.02,28.0,0.6602,4239.31818850,4239.33222405,4239.63055080,4239.47293095,31.24,14.07,15.76,0.3717,0.3717,666.14,15.7071,0.042033,4241.31,4243.52,4238.93,4240.88,BEARISH,43.00,459.00,0.093682,0.689041,16.8882,16.8882,4218.68786407,4183.74770739,4220.84235321,4186.00505220,215.45,225.73,3483.73,82.1437,BULLISH,ALIGNED
2026.08.05 22:40_SELL,XAUUSD,PERIOD_M5,PERIOD_M15,2026.08.05 22:40:00,1785969600080,2026.08.05 22:40:00,SELL,OK,22,40,3,4250.24,4250.51,4250.38,27.0,0.6352,4254.88184716,4254.53133993,4253.95347772,4254.14121812,-92.84,-39.01,-18.77,-0.4417,0.4417,428.79,10.0882,0.062969,4249.69,4250.87,4248.26,4250.24,BULLISH,55.00,261.00,0.210728,0.608696,-12.0084,12.0084,4242.69137938,4209.62129096,4243.66172420,4211.31771092,97.03,169.64,3234.40,76.0968,BULLISH,COUNTER
2026.08.06 02:15_BUY,XAUUSD,PERIOD_M5,PERIOD_M15,2026.08.06 02:15:00,1785982500078,2026.08.06 02:15:00,BUY,OK,2,15,4,4256.19,4256.59,4256.39,40.0,0.9398,4250.12674541,4250.25686078,4251.33939633,4250.79623707,121.27,53.94,54.32,1.2761,1.2761,246.71,5.7963,0.162131,4252.01,4258.10,4251.94,4256.19,BULLISH,418.00,616.00,0.678571,2.496815,14.6825,14.6825,4246.02184315,4219.34400057,4246.99023904,4220.78894173,96.84,144.49,2620.13,61.5576,BULLISH,ALIGNED
2026.08.06 05:50_SELL,XAUUSD,PERIOD_M5,PERIOD_M15,2026.08.06 05:50:00,1785995400033,2026.08.06 05:50:00,SELL,OK,5,50,4,4276.51,4277.01,4276.76,50.0,1.1691,4289.23986144,4288.10914811,4286.69388915,4287.05468010,-254.60,-105.45,-36.08,-0.8436,0.8436,772.29,18.0577,0.064743,4285.75,4287.05,4274.76,4276.51,BEARISH,924.00,1229.00,0.751831,1.591380,-21.5598,21.5598,4274.46954129,4246.14469088,4275.54577545,4247.69862457,107.62,155.39,2784.72,65.1127,BULLISH,COUNTER
2026.08.06 09:00_BUY,XAUUSD,PERIOD_M5,PERIOD_M15,2026.08.06 09:00:00,1786006800065,2026.08.06 09:00:00,BUY,OK,9,0,4,4267.21,4267.44,4267.32,23.0,0.5390,4261.47366087,4261.89315796,4262.59292870,4262.36377996,111.93,47.06,22.91,0.5370,0.5370,454.57,10.6524,0.050597,4266.80,4267.70,4264.11,4267.07,BULLISH,27.00,359.00,0.075209,0.789755,8.6551,8.6551,4266.13498085,4253.52234420,4266.22403030,4254.05362482,8.90,53.13,1217.04,28.5200,BULLISH,ALIGNED
2026.08.06 09:20_SELL,XAUUSD,PERIOD_M5,PERIOD_M15,2026.08.06 09:20:00,1786008000069,2026.08.06 09:20:00,SELL,OK,9,20,4,4259.81,4260.05,4259.93,24.0,0.5634,4262.76549949,4262.57779111,4262.17439959,4262.32617373,-59.11,-25.16,-15.18,-0.3563,0.3563,512.36,12.0274,0.046842,4260.28,4261.20,4254.52,4259.81,BEARISH,47.00,668.00,0.070359,1.303778,-17.2948,17.2948,4266.22403030,4254.05362482,4265.67507503,4254.30485522,-54.90,25.12,1137.02,26.6911,BULLISH,COUNTER
2026.08.06 10:20_BUY,XAUUSD,PERIOD_M5,PERIOD_M15,2026.08.06 10:20:00,1786011600045,2026.08.06 10:20:00,BUY,OK,10,20,4,4264.37,4264.61,4264.49,24.0,0.5628,4258.13206548,4258.85144592,4259.37765239,4259.35222357,124.56,50.08,2.54,0.0596,0.0596,456.29,10.6997,0.052599,4263.18,4265.25,4261.13,4264.36,BULLISH,118.00,412.00,0.286408,0.902943,19.1720,19.1720,4263.34357193,4254.57734802,4263.32799365,4254.91470692,-1.56,33.74,841.33,19.7287,BULLISH,ALIGNED
2026.08.06 10:40_SELL,XAUUSD,PERIOD_M5,PERIOD_M15,2026.08.06 10:40:00,1786012800002,2026.08.06 10:40:00,SELL,OK,10,40,4,4256.71,4257.04,4256.88,33.0,0.7752,4260.15719802,4259.77762853,4259.46775842,4259.49875320,-68.94,-27.89,-3.10,-0.0728,0.0728,421.43,9.9000,0.078305,4259.80,4260.00,4256.48,4256.71,BEARISH,309.00,352.00,0.877841,0.835254,-11.8964,11.8964,4263.32799365,4254.91470692,4263.18247045,4255.18471841,-14.55,27.00,799.78,18.7878,BULLISH,COUNTER
2026.08.06 11:05_BUY,XAUUSD,PERIOD_M5,PERIOD_M15,2026.08.06 11:05:00,1786014300050,2026.08.06 11:05:00,BUY,OK,11,5,4,4261.31,4261.55,4261.43,24.0,0.5632,4258.98509785,4259.08268507,4259.45407828,4259.28698642,46.90,20.43,16.71,0.3921,0.3921,434.57,10.1978,0.055227,4262.71,4265.74,4260.22,4261.33,BEARISH,138.00,552.00,0.250000,1.270217,16.6657,16.6657,4262.39461612,4255.17394514,4262.41989077,4255.46751592,2.53,29.36,695.24,16.3147,BULLISH,ALIGNED
2026.08.06 13:15_SELL,XAUUSD,PERIOD_M5,PERIOD_M15,2026.08.06 13:15:00,1786022100020,2026.08.06 13:15:00,SELL,OK,13,15,4,4269.51,4269.75,4269.63,24.0,0.5621,4273.92821975,4273.54709720,4273.04457580,4273.18008837,-88.36,-36.70,-13.55,-0.3174,0.3174,418.29,9.7968,0.057377,4270.73,4271.00,4268.56,4269.51,BEARISH,122.00,244.00,0.500000,0.583333,-8.0039,8.0039,4269.30652494,4260.73267539,4269.32590352,4261.07688420,1.94,34.42,824.90,19.3202,BULLISH,COUNTER
2026.08.06 15:45_BUY,XAUUSD,PERIOD_M5,PERIOD_M15,2026.08.06 15:45:00,1786031100089,2026.08.06 15:45:00,BUY,OK,15,45,4,4267.26,4267.37,4267.32,11.0,0.2578,4263.46502582,4263.78679843,4264.17202066,4264.07890767,70.70,29.21,9.31,0.2182,0.2182,565.71,13.2569,0.019444,4270.28,4270.67,4266.32,4267.00,BEARISH,328.00,435.00,0.754023,0.768939,12.6243,12.6243,4265.90680197,4261.99217488,4266.01091607,4262.18856017,10.41,19.64,382.24,8.9573,BULLISH,ALIGNED
2026.08.06 15:50_SELL,XAUUSD,PERIOD_M5,PERIOD_M15,2026.08.06 15:50:00,1786031400099,2026.08.06 15:50:00,SELL,OK,15,50,4,4255.57,4255.87,4255.72,30.0,0.7049,4264.17202066,4264.07890767,4262.45161653,4263.30537061,-172.04,-77.35,-85.38,-2.0061,2.0061,618.21,14.5267,0.048527,4267.26,4267.64,4254.47,4255.57,BEARISH,1169.00,1317.00,0.887623,2.130329,-28.6097,28.6097,4265.90680197,4261.99217488,4266.01091607,4262.18856017,10.41,19.64,382.24,8.9817,BULLISH,COUNTER
2026.08.06 16:50_BUY,XAUUSD,PERIOD_M5,PERIOD_M15,2026.08.06 16:50:00,1786035000094,2026.08.06 16:50:00,BUY,OK,16,50,4,4263.76,4264.04,4263.90,28.0,0.6567,4254.14216473,4255.04042734,4256.05173179,4255.82675213,190.96,78.63,22.50,0.5276,0.5276,953.00,22.3504,0.029381,4270.22,4270.29,4262.63,4263.69,BEARISH,653.00,766.00,0.852480,0.803778,30.9136,30.9136,4260.63239751,4260.28023065,4261.56074060,4260.67630004,92.83,39.61,88.44,2.0743,BULLISH,ALIGNED
2026.08.06 18:25_SELL,XAUUSD,PERIOD_M5,PERIOD_M15,2026.08.06 18:25:00,1786040700017,2026.08.06 18:25:00,SELL,OK,18,25,4,4254.76,4255.00,4254.88,24.0,0.5641,4265.49834693,4264.80056053,4263.36267755,4263.89323685,-213.57,-90.73,-53.06,-1.2469,1.2469,721.07,16.9469,0.033284,4256.76,4258.17,4250.68,4254.82,BEARISH,194.00,749.00,0.259012,1.038732,-26.7215,26.7215,4264.77820832,4262.27953836,4264.68695038,4262.33994862,-9.13,6.04,234.70,5.5160,BULLISH,COUNTER
2026.08.06 20:55_BUY,XAUUSD,PERIOD_M5,PERIOD_M15,2026.08.06 20:55:00,1786049700063,2026.08.06 20:55:00,BUY,OK,20,55,4,4246.97,4247.19,4247.08,22.0,0.5180,4241.02244108,4241.33220781,4242.22595286,4241.85109801,120.35,51.89,37.49,0.8826,0.8826,375.79,8.8481,0.058544,4241.85,4248.04,4241.85,4247.04,BULLISH,519.00,619.00,0.838449,1.647215,11.7632,11.7632,4249.71904953,4255.51611816,4248.98199719,4254.98528999,-73.71,-53.08,-600.33,-14.1351,BEARISH,COUNTER
2026.08.06 22:30_SELL,XAUUSD,PERIOD_M5,PERIOD_M15,2026.08.06 22:30:00,1786055400021,2026.08.06 22:30:00,SELL,OK,22,30,4,4237.27,4237.59,4237.43,32.0,0.7552,4244.73572128,4244.57232980,4243.24257703,4243.90848163,-149.31,-66.38,-66.59,-1.5715,1.5715,386.64,9.1245,0.082764,4240.11,4241.81,4235.22,4237.27,BEARISH,284.00,659.00,0.430956,1.704415,-23.7794,23.7794,4247.38422047,4252.96092988,4246.42096138,4252.34559930,-96.33,-61.53,-592.46,-13.9817,BEARISH,ALIGNED
2026.08.07 02:10_BUY,XAUUSD,PERIOD_M5,PERIOD_M15,2026.08.07 02:10:00,1786068600046,2026.08.07 02:10:00,BUY,OK,2,10,5,4243.70,4244.49,4244.09,79.0,1.8614,4241.05137612,4241.25971494,4241.58110090,4241.48155904,52.97,22.18,9.95,0.2345,0.2345,430.93,10.1536,0.183325,4242.07,4245.48,4241.96,4243.70,BULLISH,163.00,352.00,0.463068,0.816841,4.2670,4.2670,4244.18921952,4250.24166750,4243.83786528,4249.85964132,-35.14,-38.20,-602.18,-14.1886,BEARISH,COUNTER
2026.08.07 03:30_SELL,XAUUSD,PERIOD_M5,PERIOD_M15,2026.08.07 03:30:00,1786073400040,2026.08.07 03:30:00,SELL,OK,3,30,5,4243.76,4244.30,4244.03,54.0,1.2724,4245.20923214,4245.07518710,4244.93738571,4244.96380646,-27.18,-11.14,-2.64,-0.0623,0.0623,368.36,8.6794,0.146597,4239.77,4244.02,4238.93,4243.85,BULLISH,408.00,509.00,0.801572,1.381811,-2.1438,2.1438,4244.99450826,4249.28823512,4244.88550748,4249.07497100,-10.90,-21.33,-418.95,-9.8714,BEARISH,ALIGNED
2026.08.07 04:35_BUY,XAUUSD,PERIOD_M5,PERIOD_M15,2026.08.07 04:35:00,1786077300022,2026.08.07 04:35:00,BUY,OK,4,35,5,4242.58,4243.32,4242.95,74.0,1.7441,4241.29431049,4241.44388507,4241.55344839,4241.54807734,25.91,10.42,0.54,0.0127,0.0127,587.64,13.8499,0.125927,4243.28,4245.05,4238.97,4242.59,BEARISH,69.00,608.00,0.113487,1.034642,-3.7934,-3.7934,4242.97027705,4247.74406302,4242.99977448,4247.56900172,2.95,-17.51,-456.92,-10.7690,BEARISH,COUNTER
2026.08.07 15:25_SELL,XAUUSD,PERIOD_M5,PERIOD_M15,2026.08.07 15:25:00,1786116300044,2026.08.07 15:25:00,SELL,OK,15,25,5,4310.82,4311.13,4310.98,31.0,0.7191,4319.02564408,4318.90481431,4317.38451527,4318.16983119,-164.11,-73.50,-78.53,-1.8217,1.8217,500.36,11.6066,0.061956,4314.35,4317.23,4310.31,4310.82,BEARISH,353.00,692.00,0.510116,1.383012,-19.1476,19.1476,4307.74428738,4287.90039111,4308.44006954,4288.96508166,69.58,106.47,1947.50,45.1754,BULLISH,COUNTER
2026.08.07 15:35_BUY,XAUUSD,PERIOD_M5,PERIOD_M15,2026.08.07 15:35:00,1786116900029,2026.08.07 15:35:00,BUY,OK,15,35,5,4359.75,4360.12,4359.93,37.0,0.8486,4315.67561221,4317.32166472,4324.47648977,4321.17242247,880.09,385.08,330.41,7.5782,7.5782,939.93,21.5583,0.039365,4308.36,4364.52,4308.36,4359.68,BULLISH,5132.00,5616.00,0.913818,5.974922,105.0680,105.0680,4308.44006954,4288.96508166,4308.47815815,4289.74449022,3.81,77.94,1873.37,42.9678,BULLISH,ALIGNED
2026.08.07 17:15_SELL,XAUUSD,PERIOD_M5,PERIOD_M15,2026.08.07 17:15:00,1786122900075,2026.08.07 17:15:00,SELL,OK,17,15,5,4334.41,4334.77,4334.59,36.0,0.8305,4347.05047083,4346.12876693,4344.52237666,4345.06342449,-252.81,-106.53,-54.10,-1.2482,1.2482,988.71,22.8099,0.036411,4337.72,4341.75,4327.22,4334.41,BEARISH,331.00,1453.00,0.227805,1.469585,-31.3704,31.3704,4329.76797607,4303.90164247,4330.21007358,4305.09804865,44.21,119.64,2511.20,57.9340,BULLISH,COUNTER
2026.08.07 17:25_BUY,XAUUSD,PERIOD_M5,PERIOD_M15,2026.08.07 17:25:00,1786123500020,2026.08.07 17:25:00,BUY,OK,17,25,5,4351.25,4351.63,4351.44,38.0,0.8733,4344.77990133,4345.13129499,4346.07392106,4345.68754090,129.40,55.62,38.64,0.8879,0.8879,1085.00,24.9343,0.035023,4345.81,4351.98,4343.53,4351.25,BULLISH,544.00,845.00,0.643787,0.778802,31.1915,31.1915,4329.76797607,4303.90164247,4330.21007358,4305.09804865,44.21,119.64,2511.20,57.7097,BULLISH,ALIGNED
2026.08.07 17:45_SELL,XAUUSD,PERIOD_M5,PERIOD_M15,2026.08.07 17:45:00,1786124700076,2026.08.07 17:45:00,SELL,OK,17,45,5,4343.97,4344.37,4344.17,40.0,0.9208,4346.06808758,4345.83944470,4345.64847007,4345.66949518,-41.96,-16.99,-2.10,-0.0484,0.0484,1019.50,23.4682,0.039235,4343.35,4350.01,4342.22,4343.97,BULLISH,62.00,779.00,0.079589,0.764100,-10.9457,10.9457,4331.97387610,4306.80910556,4333.11636409,4308.26639554,114.25,145.73,2485.00,57.2030,BULLISH,COUNTER
2026.08.07 18:15_BUY,XAUUSD,PERIOD_M5,PERIOD_M15,2026.08.07 18:15:00,1786126500039,2026.08.07 18:15:00,BUY,OK,18,15,5,4355.25,4355.72,4355.49,47.0,1.0791,4345.26290027,4345.32822117,4347.25832022,4346.22929198,199.54,90.11,102.90,2.3626,2.3626,846.29,19.4303,0.055537,4348.28,4355.90,4346.30,4355.24,BULLISH,696.00,960.00,0.725000,1.134369,31.7174,31.7174,4333.91194846,4309.56849768,4335.94319147,4311.35953698,203.12,179.10,2458.37,56.4430,BULLISH,ALIGNED
2026.08.07 19:00_SELL,XAUUSD,PERIOD_M5,PERIOD_M15,2026.08.07 19:00:00,1786129200029,2026.08.07 19:00:00,SELL,OK,19,0,5,4340.87,4341.33,4341.10,46.0,1.0596,4348.66306930,4348.19708611,4347.10845544,4347.53280555,-155.46,-66.43,-42.44,-0.9775,0.9775,632.00,14.5585,0.072785,4342.76,4345.02,4340.49,4340.89,BEARISH,187.00,453.00,0.412804,0.716772,-19.9331,19.9331,4338.55381433,4314.35831922,4338.77630820,4315.39877729,22.25,104.05,2337.75,53.8516,BULLISH,COUNTER
2026.08.07 21:10_BUY,XAUUSD,PERIOD_M5,PERIOD_M15,2026.08.07 21:10:00,1786137000673,2026.08.07 21:10:00,BUY,OK,21,10,5,4341.73,4342.20,4341.97,47.0,1.0825,4338.32806513,4338.71079801,4339.01045211,4338.98618001,68.24,27.54,2.43,0.0559,0.0559,432.36,9.9576,0.108706,4339.96,4342.93,4339.71,4341.74,BULLISH,178.00,322.00,0.552795,0.744755,1.7738,1.7738,4337.99655712,4320.78680327,4338.19307549,4321.54261490,19.65,75.58,1665.05,38.3478,BULLISH,ALIGNED
2026.08.07 21:15_SELL,XAUUSD,PERIOD_M5,PERIOD_M15,2026.08.07 21:15:00,1786137300126,2026.08.07 21:15:00,SELL,OK,21,15,5,4334.84,4335.31,4335.08,47.0,1.0842,4339.01045211,4338.98618001,4338.17836169,4338.61016364,-83.21,-37.60,-43.18,-0.9961,0.9961,433.71,10.0048,0.108366,4341.73,4342.48,4334.67,4334.85,BEARISH,688.00,781.00,0.880922,1.800725,-12.0044,12.0044,4338.19307549,4321.54261490,4337.87468735,4322.06447314,-31.84,52.19,1581.02,36.4705,BULLISH,COUNTER
2026.08.07 22:10_BUY,XAUUSD,PERIOD_M5,PERIOD_M15,2026.08.07 22:10:00,1786140600098,2026.08.07 22:10:00,BUY,OK,22,10,5,4344.64,4345.09,4344.86,45.0,1.0357,4336.71805280,4337.09298581,4338.30244224,4337.77907801,158.44,68.61,52.34,1.2046,1.2046,414.64,9.5433,0.108527,4340.24,4344.96,4339.92,4344.64,BULLISH,440.00,504.00,0.873016,1.215504,21.9833,21.9833,4337.21039032,4322.99870050,4337.03701982,4323.48463382,-17.34,48.59,1355.24,31.1917,BULLISH,ALIGNED
2026.08.10 01:25_SELL,XAUUSD,PERIOD_M5,PERIOD_M15,2026.08.10 01:25:00,1786325100074,2026.08.10 01:25:00,SELL,OK,1,25,1,4338.98,4339.88,4339.43,90.0,2.0740,4342.25079747,4342.03574895,4341.59863797,4341.75886268,-65.22,-27.69,-16.02,-0.3692,0.3692,723.79,16.6793,0.124346,4339.60,4340.30,4338.02,4338.99,BEARISH,61.00,228.00,0.267544,0.315010,0.2535,-0.2535,4339.94512872,4326.79285136,4340.26940218,4327.44215131,32.43,64.93,1282.73,29.5598,BULLISH,COUNTER
2026.08.10 01:30_BUY,XAUUSD,PERIOD_M5,PERIOD_M15,2026.08.10 01:30:00,1786325400043,2026.08.10 01:30:00,BUY,OK,1,30,1,4343.38,4344.26,4343.82,88.0,2.0259,4341.59863797,4341.75886268,4341.95491038,4341.90623880,35.63,14.74,4.87,0.1120,0.1120,709.36,16.3303,0.124056,4338.98,4343.82,4338.74,4343.38,BULLISH,440.00,508.00,0.866142,0.716141,0.0691,0.0691,4340.26940218,4327.44215131,4340.56564959,4328.06716498,29.62,62.50,1249.85,28.7730,BULLISH,ALIGNED
2026.08.10 01:40_SELL,XAUUSD,PERIOD_M5,PERIOD_M15,2026.08.10 01:40:00,1786326000997,2026.08.10 01:40:00,SELL,OK,1,40,1,4341.02,4341.96,4341.49,94.0,2.1652,4341.97592830,4341.92021709,4341.78474264,4341.83837918,-19.12,-8.18,-5.36,-0.1235,0.1235,724.14,16.6796,0.129809,4342.05,4342.74,4339.80,4341.02,BEARISH,103.00,294.00,0.350340,0.405997,4.6785,-4.6785,4340.26940218,4327.44215131,4340.56564959,4328.06716498,29.62,62.50,1249.85,28.7885,BULLISH,COUNTER
2026.08.10 01:55_BUY,XAUUSD,PERIOD_M5,PERIOD_M15,2026.08.10 01:55:00,1786326900173,2026.08.10 01:55:00,BUY,OK,1,55,1,4342.32,4343.26,4342.79,94.0,2.1645,4341.79743529,4341.81882576,4341.89994823,4341.86347797,10.25,4.47,3.65,0.0840,0.0840,709.64,16.3407,0.132461,4343.15,4343.62,4341.72,4342.31,BEARISH,84.00,190.00,0.442105,0.267740,2.9717,2.9717,4340.56564959,4328.06716498,4340.52796868,4328.54178597,-3.77,47.46,1198.62,27.6002,BULLISH,ALIGNED
2026.08.10 02:00_SELL,XAUUSD,PERIOD_M5,PERIOD_M15,2026.08.10 02:00:00,1786327200059,2026.08.10 02:00:00,SELL,OK,2,0,1,4341.33,4342.06,4341.69,73.0,1.6814,4341.89994823,4341.86347797,4341.75595859,4341.80134361,-14.40,-6.21,-4.54,-0.1045,0.1045,702.36,16.1770,0.103936,4342.32,4342.32,4341.04,4341.18,BEARISH,114.00,128.00,0.890625,0.182243,2.3271,-2.3271,4340.52796868,4328.54178597,4340.59006690,4329.03740220,6.21,49.56,1155.27,26.6087,BULLISH,COUNTER
2026.08.10 02:05_BUY,XAUUSD,PERIOD_M5,PERIOD_M15,2026.08.10 02:05:00,1786327500138,2026.08.10 02:05:00,BUY,OK,2,5,1,4346.75,4347.40,4347.07,65.0,1.4953,4341.75595859,4341.80134361,4342.79276687,4342.26849419,103.68,46.72,52.43,1.2060,1.2060,697.43,16.0436,0.093200,4341.33,4347.32,4340.78,4346.94,BULLISH,561.00,654.00,0.857798,0.937730,8.7494,8.7494,4340.52796868,4328.54178597,4340.59006690,4329.03740220,6.21,49.56,1155.27,26.5757,BULLISH,ALIGNED
2026.08.10 02:55_SELL,XAUUSD,PERIOD_M5,PERIOD_M15,2026.08.10 02:55:00,1786330500061,2026.08.10 02:55:00,SELL,OK,2,55,1,4340.13,4340.82,4340.48,69.0,1.5897,4343.31488554,4343.24104848,4342.67790843,4342.95822589,-63.70,-28.28,-28.03,-0.6458,0.6458,325.14,7.4910,0.212214,4341.86,4342.70,4340.12,4340.13,BEARISH,173.00,258.00,0.670543,0.793497,-5.8489,5.8489,4341.60297993,4330.35513367,4341.63888661,4330.81101079,3.59,45.59,1082.79,24.9463,BULLISH,COUNTER
2026.08.10 06:40_BUY,XAUUSD,PERIOD_M5,PERIOD_M15,2026.08.10 06:40:00,1786344000103,2026.08.10 06:40:00,BUY,OK,6,40,1,4326.06,4326.55,4326.31,49.0,1.1326,4324.00719421,4324.11266401,4324.41375537,4324.28787637,40.66,17.52,12.59,0.2910,0.2910,443.43,10.2496,0.110503,4327.87,4329.80,4325.59,4326.04,BEARISH,183.00,421.00,0.434679,0.949420,6.2683,6.2683,4329.22382285,4328.85732893,4329.03012544,4328.79194348,-19.37,-6.54,23.82,0.5505,BULLISH,ALIGNED
2026.08.10 11:40_SELL,XAUUSD,PERIOD_M5,PERIOD_M15,2026.08.10 11:40:00,1786362000019,2026.08.10 11:40:00,SELL,OK,11,40,1,4348.17,4348.61,4348.39,44.0,1.0119,4353.80491925,4353.22008211,4352.67793540,4352.76098373,-112.70,-45.91,-8.30,-0.1910,0.1910,364.21,8.3758,0.120808,4350.36,4351.40,4348.17,4348.17,BEARISH,219.00,323.00,0.678019,0.886841,-10.4073,10.4073,4345.90248514,4337.92477637,4346.81462941,4338.61321651,91.21,68.84,820.14,18.8608,BULLISH,COUNTER
2026.08.10 16:30_BUY,XAUUSD,PERIOD_M5,PERIOD_M15,2026.08.10 16:30:00,1786379400031,2026.08.10 16:30:00,BUY,OK,16,30,1,4335.02,4335.41,4335.22,39.0,0.8996,4332.57168852,4332.87049952,4333.07335081,4333.07136320,50.17,20.09,0.20,0.0046,0.0046,505.07,11.6504,0.077217,4330.60,4335.25,4330.13,4335.08,BULLISH,448.00,512.00,0.875000,1.013718,-4.5653,-4.5653,4337.30915220,4337.82536122,4337.09685199,4337.71769999,-21.23,-10.77,-62.08,-1.4321,BEARISH,COUNTER
2026.08.10 16:50_SELL,XAUUSD,PERIOD_M5,PERIOD_M15,2026.08.10 16:50:00,1786380600073,2026.08.10 16:50:00,SELL,OK,16,50,1,4327.34,4327.88,4327.61,54.0,1.2478,4333.91323562,4333.56771090,4332.59858849,4333.00155536,-131.46,-56.62,-40.30,-0.9312,0.9312,551.43,12.7421,0.097927,4330.83,4331.88,4324.80,4327.34,BEARISH,349.00,708.00,0.492938,1.283938,-22.0664,22.0664,4337.09685199,4337.71769999,4336.50286609,4337.44877058,-59.40,-26.89,-94.59,-2.1857,BEARISH,ALIGNED
2026.08.10 17:30_BUY,XAUUSD,PERIOD_M5,PERIOD_M15,2026.08.10 17:30:00,1786383000034,2026.08.10 17:30:00,BUY,OK,17,30,1,4345.36,4345.71,4345.53,35.0,0.8054,4330.48549048,4330.73775680,4333.45839239,4332.06614254,297.29,132.84,139.22,3.2039,3.2039,706.64,16.2614,0.049530,4338.19,4348.02,4338.15,4345.35,BULLISH,716.00,987.00,0.725431,1.396745,35.3576,35.3576,4334.27146181,4336.41602390,4335.32656068,4336.76637590,105.51,35.04,-143.98,-3.3133,BEARISH,COUNTER
2026.08.11 06:00_SELL,XAUUSD,PERIOD_M5,PERIOD_M15,2026.08.11 06:00:00,1786428000061,2026.08.11 06:00:00,SELL,OK,6,0,2,4410.65,4411.17,4410.91,52.0,1.1789,4419.61258383,4419.53046495,4417.83006706,4418.72769541,-178.25,-80.28,-89.76,-2.0350,2.0350,637.36,14.4496,0.081587,4411.40,4412.79,4407.88,4410.70,BEARISH,70.00,491.00,0.142566,0.770369,-17.0430,17.0430,4408.13232374,4384.93915438,4408.37686433,4385.94938362,24.45,101.02,2242.75,50.8455,BULLISH,COUNTER
2026.08.11 11:40_BUY,XAUUSD,PERIOD_M5,PERIOD_M15,2026.08.11 11:40:00,1786448400044,2026.08.11 11:40:00,BUY,OK,11,40,2,4374.64,4374.97,4374.81,33.0,0.7543,4365.39116280,4365.58905227,4367.24693024,4366.41459298,185.58,82.55,83.23,1.9026,1.9026,442.86,10.1229,0.074516,4371.10,4375.02,4370.64,4374.67,BULLISH,357.00,438.00,0.815068,0.989032,23.2098,23.2098,4379.14628565,4383.70727815,4378.18378225,4383.13209077,-96.25,-57.52,-494.83,-11.3109,BEARISH,COUNTER
2026.08.11 17:05_SELL,XAUUSD,PERIOD_M5,PERIOD_M15,2026.08.11 17:05:00,1786467900036,2026.08.11 17:05:00,SELL,OK,17,5,2,4384.80,4385.37,4385.09,57.0,1.2999,4393.25931614,4392.90797381,4391.57945291,4392.17633983,-167.99,-73.16,-59.69,-1.3612,1.3612,746.43,17.0220,0.076364,4388.94,4389.74,4381.07,4384.86,BEARISH,408.00,867.00,0.470588,1.161531,-22.3679,22.3679,4388.06074194,4384.92908320,4388.14257604,4385.08558974,8.18,15.65,305.70,6.9713,BULLISH,COUNTER
2026.08.11 17:55_BUY,XAUUSD,PERIOD_M5,PERIOD_M15,2026.08.11 17:55:00,1786470900101,2026.08.11 17:55:00,BUY,OK,17,55,2,4395.22,4395.66,4395.44,44.0,1.0010,4390.27472882,4390.36413183,4391.25778306,4390.80284712,98.31,43.87,45.49,1.0350,1.0350,662.43,15.0708,0.066422,4393.37,4395.44,4391.65,4395.19,BULLISH,182.00,379.00,0.480211,0.572137,7.7189,7.7189,4387.62800442,4385.10595193,4388.16343257,4385.42532636,53.54,31.94,273.81,6.2294,BULLISH,ALIGNED
2026.08.11 18:25_SELL,XAUUSD,PERIOD_M5,PERIOD_M15,2026.08.11 18:25:00,1786472700014,2026.08.11 18:25:00,SELL,OK,18,25,2,4383.92,4384.01,4383.97,9.0,0.2053,4391.12404795,4391.10447692,4389.68323836,4390.45134265,-144.08,-65.31,-76.81,-1.7521,1.7521,605.71,13.8166,0.014858,4386.20,4389.50,4383.31,4383.92,BEARISH,228.00,619.00,0.368336,1.021934,-15.9193,15.9193,4388.72215328,4385.76276454,4389.04575773,4386.01206789,32.36,24.93,303.37,6.9200,BULLISH,COUNTER
2026.08.12 01:05_BUY,XAUUSD,PERIOD_M5,PERIOD_M15,2026.08.12 01:05:00,1786496700012,2026.08.12 01:05:00,BUY,OK,1,5,3,4372.15,4373.22,4372.68,107.0,2.4470,4369.24863143,4369.57230040,4369.82890515,4369.80663673,58.03,23.43,2.23,0.0509,0.0509,497.71,11.3823,0.214983,4367.51,4372.74,4355.96,4372.15,BULLISH,464.00,1678.00,0.276520,3.371412,5.1947,5.1947,4374.90613884,4379.78310643,4374.49698276,4379.42337677,-40.92,-35.97,-492.64,-11.2663,BEARISH,COUNTER
2026.08.12 02:05_SELL,XAUUSD,PERIOD_M5,PERIOD_M15,2026.08.12 02:05:00,1786500300008,2026.08.12 02:05:00,SELL,OK,2,5,3,4364.54,4364.93,4364.74,39.0,0.8935,4373.56359518,4372.82115273,4371.75887614,4372.06832066,-180.47,-75.28,-30.94,-0.7090,0.7090,429.64,9.8435,0.090773,4369.21,4369.49,4363.14,4364.54,BEARISH,467.00,635.00,0.735433,1.477972,-23.6349,23.6349,4374.76831495,4378.97939867,4374.21323734,4378.58569676,-55.51,-39.37,-437.25,-10.0177,BEARISH,ALIGNED
2026.08.12 03:15_BUY,XAUUSD,PERIOD_M5,PERIOD_M15,2026.08.12 03:15:00,1786504500000,2026.08.12 03:15:00,BUY,OK,3,15,3,4378.03,4378.35,4378.19,32.0,0.7309,4369.80784831,4370.22622878,4371.43427865,4370.92748071,162.64,70.13,50.68,1.1576,1.1576,437.50,9.9927,0.073143,4370.75,4379.29,4370.19,4377.94,BULLISH,719.00,910.00,0.790110,2.080000,14.8463,14.8463,4372.71457059,4377.25612170,4373.21223053,4377.28294046,49.77,2.68,-407.07,-9.2977,BEARISH,COUNTER
2026.08.12 07:15_SELL,XAUUSD,PERIOD_M5,PERIOD_M15,2026.08.12 07:15:00,1786518900052,2026.08.12 07:15:00,SELL,OK,7,15,3,4397.39,4397.65,4397.52,26.0,0.5912,4403.00497368,4402.78259853,4401.87797894,4402.29054412,-112.70,-49.21,-41.26,-0.9382,0.9382,336.79,7.6585,0.077200,4399.97,4400.13,4396.50,4397.37,BEARISH,260.00,363.00,0.716253,1.077837,-11.0399,11.0399,4394.35901132,4386.86363241,4394.64577215,4387.27564682,28.68,41.20,737.01,16.7597,BULLISH,COUNTER
2026.08.12 08:10_BUY,XAUUSD,PERIOD_M5,PERIOD_M15,2026.08.12 08:10:00,1786522200000,2026.08.12 08:10:00,BUY,OK,8,10,3,4404.46,4404.76,4404.61,30.0,0.6811,4400.35987394,4400.73215623,4401.18989916,4401.07559658,83.00,34.34,11.43,0.2595,0.2595,262.21,5.9532,0.114410,4401.53,4404.70,4400.85,4404.51,BULLISH,298.00,385.00,0.774026,1.468265,11.1601,11.1601,4395.52839852,4388.21527413,4396.04283675,4388.71389084,51.44,49.86,732.89,16.6393,BULLISH,ALIGNED
2026.08.12 08:20_SELL,XAUUSD,PERIOD_M5,PERIOD_M15,2026.08.12 08:20:00,1786522800643,2026.08.12 08:20:00,SELL,OK,8,20,3,4398.61,4398.89,4398.75,28.0,0.6365,4401.09591932,4401.04326961,4400.58873546,4400.81751783,-50.72,-22.58,-22.88,-0.5201,0.5201,279.93,6.3638,0.100026,4400.72,4400.76,4396.98,4398.56,BEARISH,216.00,378.00,0.571429,1.350344,-6.4979,6.4979,4396.04283675,4388.71389084,4396.48828087,4389.18471865,44.54,47.08,730.36,16.6037,BULLISH,COUNTER
2026.08.12 09:55_BUY,XAUUSD,PERIOD_M5,PERIOD_M15,2026.08.12 09:55:00,1786528500078,2026.08.12 09:55:00,BUY,OK,9,55,3,4401.13,4401.49,4401.31,36.0,0.8179,4392.83752894,4392.99863680,4394.48602315,4393.73330618,164.85,73.47,75.27,1.7102,1.7102,428.79,9.7422,0.083958,4399.91,4403.10,4399.49,4401.08,BULLISH,117.00,361.00,0.324100,0.841912,16.4776,16.4776,4393.71321833,4389.24389761,4393.77957849,4389.44648986,6.64,20.26,433.31,9.8450,BULLISH,ALIGNED
2026.08.12 14:05_SELL,XAUUSD,PERIOD_M5,PERIOD_M15,2026.08.12 14:05:00,1786543500299,2026.08.12 14:05:00,SELL,OK,14,5,3,4411.14,4411.44,4411.29,30.0,0.6801,4413.68732374,4413.52393959,4413.14985899,4413.29449054,-53.75,-22.94,-14.46,-0.3279,0.3279,341.29,7.7366,0.087903,4412.64,4415.18,4410.77,4411.00,BEARISH,164.00,441.00,0.371882,1.292172,3.6740,-3.6740,4408.11544683,4399.35190889,4408.54540427,4399.87261834,43.00,52.07,867.28,19.6604,BULLISH,COUNTER
2026.08.12 14:55_BUY,XAUUSD,PERIOD_M5,PERIOD_M15,2026.08.12 14:55:00,1786546500264,2026.08.12 14:55:00,BUY,OK,14,55,3,4414.06,4414.38,4414.22,32.0,0.7249,4412.51789144,4412.57836311,4412.84231315,4412.72033010,32.44,14.20,12.20,0.2763,0.2763,335.86,7.6085,0.095279,4413.37,4414.29,4412.67,4414.14,BULLISH,77.00,162.00,0.475309,0.482348,5.9390,5.9390,4409.09304069,4400.76335895,4409.48703681,4401.25224684,39.40,48.89,823.48,18.6551,BULLISH,ALIGNED
2026.08.12 15:05_SELL,XAUUSD,PERIOD_M5,PERIOD_M15,2026.08.12 15:05:00,1786547100252,2026.08.12 15:05:00,SELL,OK,15,5,3,4408.45,4408.80,4408.63,35.0,0.7939,4412.81385052,4412.71848191,4411.96308042,4412.34043810,-85.08,-37.80,-37.74,-0.8560,0.8560,314.14,7.1256,0.111414,4412.68,4413.01,4407.72,4408.56,BEARISH,412.00,529.00,0.778828,1.683947,-10.7855,10.7855,4409.48703681,4401.25224684,4409.79303331,4401.70117833,30.60,44.89,809.19,18.3546,BULLISH,COUNTER
2026.08.12 15:30_BUY,XAUUSD,PERIOD_M5,PERIOD_M15,2026.08.12 15:30:00,1786548600021,2026.08.12 15:30:00,BUY,OK,15,30,3,4426.12,4427.95,4427.03,183.0,4.1337,4409.39137374,4410.85460290,4412.73709899,4412.24236627,334.57,138.78,49.47,1.1175,1.1175,451.71,10.2035,0.405123,4406.68,4426.45,4404.55,4426.12,BULLISH,1944.00,2190.00,0.887671,4.848197,39.6722,39.6722,4409.68226823,4401.97289683,4411.24776649,4402.91984205,156.55,94.69,832.79,18.8115,BULLISH,ALIGNED
2026.08.12 16:40_SELL,XAUUSD,PERIOD_M5,PERIOD_M15,2026.08.12 16:40:00,1786552800102,2026.08.12 16:40:00,SELL,OK,16,40,3,4411.91,4412.05,4411.98,14.0,0.3173,4420.99426051,4420.31111090,4419.17740841,4419.54737354,-181.69,-76.37,-37.00,-0.8385,0.8385,1312.00,29.7372,0.010671,4413.80,4419.84,4410.19,4411.91,BEARISH,189.00,965.00,0.195855,0.735518,-11.5463,11.5463,4415.82173527,4405.87231727,4416.06347477,4406.36203032,24.17,48.97,970.14,21.9889,BULLISH,COUNTER
2026.08.12 16:50_BUY,XAUUSD,PERIOD_M5,PERIOD_M15,2026.08.12 16:50:00,1786553400024,2026.08.12 16:50:00,BUY,OK,16,50,3,4427.96,4428.35,4428.16,39.0,0.8807,4418.64192673,4419.27033958,4420.46754138,4420.04303599,182.56,77.27,42.45,0.9587,0.9587,1026.14,23.1731,0.038006,4416.41,4428.04,4415.25,4427.77,BULLISH,1136.00,1279.00,0.888194,1.246415,31.6507,31.6507,4416.06347477,4406.36203032,4416.10504860,4406.75959775,4.16,39.76,934.55,21.1046,BULLISH,ALIGNED
2026.08.12 18:00_SELL,XAUUSD,PERIOD_M5,PERIOD_M15,2026.08.12 18:00:00,1786557600025,2026.08.12 18:00:00,SELL,OK,18,0,3,4422.07,4422.37,4422.22,30.0,0.6784,4424.78865755,4424.66572618,4424.24292604,4424.42884198,-54.57,-23.69,-18.59,-0.4204,0.4204,786.93,17.7949,0.038123,4422.71,4424.08,4418.80,4422.06,BEARISH,65.00,528.00,0.123106,0.670963,-6.3279,6.3279,4420.29408044,4410.03031252,4420.46226326,4410.50206497,16.82,47.18,996.02,22.5231,BULLISH,COUNTER
2026.08.12 19:25_BUY,XAUUSD,PERIOD_M5,PERIOD_M15,2026.08.12 19:25:00,1786562700015,2026.08.12 19:25:00,BUY,OK,19,25,3,4426.18,4426.38,4426.28,20.0,0.4518,4421.49196978,4421.76082997,4422.43157582,4422.16348179,93.96,40.27,26.81,0.6057,0.6057,525.79,11.8787,0.038038,4425.28,4426.40,4423.75,4426.19,BULLISH,91.00,265.00,0.343396,0.504008,15.2054,15.2054,4420.80358776,4412.14844189,4421.04610321,4412.58771868,24.25,43.93,845.84,19.1095,BULLISH,ALIGNED
2026.08.12 19:35_SELL,XAUUSD,PERIOD_M5,PERIOD_M15,2026.08.12 19:35:00,1786563300029,2026.08.12 19:35:00,SELL,OK,19,35,3,4413.23,4413.52,4413.38,29.0,0.6571,4422.56926066,4422.25043799,4420.66740853,4421.41494363,-190.19,-83.55,-74.75,-1.6938,1.6938,569.29,12.8991,0.050941,4423.09,4423.86,4413.06,4413.06,BEARISH,1003.00,1080.00,0.928704,1.897114,-27.5239,27.5239,4421.04610321,4412.58771868,4421.24361719,4413.00074932,19.75,41.30,824.29,18.6770,BULLISH,COUNTER
2026.08.12 21:40_BUY,XAUUSD,PERIOD_M5,PERIOD_M15,2026.08.12 21:40:00,1786570800156,2026.08.12 21:40:00,BUY,OK,21,40,3,4410.90,4411.15,4411.02,25.0,0.5668,4407.37617369,4407.54706759,4408.10893895,4407.86460690,73.28,31.75,24.43,0.5539,0.5539,403.14,9.1394,0.062013,4412.27,4412.92,4410.47,4411.04,BEARISH,123.00,245.00,0.502041,0.607725,0.9296,0.9296,4412.51568546,4410.82139638,4412.13228684,4410.72996907,-38.34,-9.14,140.23,3.1791,BULLISH,ALIGNED
2026.08.13 01:05_SELL,XAUUSD,PERIOD_M5,PERIOD_M15,2026.08.13 01:05:00,1786583100045,2026.08.13 01:05:00,SELL,OK,1,5,4,4405.16,4405.85,4405.51,69.0,1.5662,4413.04562643,4412.56261814,4411.46650114,4411.88874376,-157.91,-67.39,-42.22,-0.9584,0.9584,638.07,14.4835,0.108138,4403.56,4409.89,4360.52,4405.15,BULLISH,159.00,4937.00,0.032206,7.737378,-10.2502,10.2502,4413.10775314,4411.42834863,4413.16987189,4411.51978594,6.21,9.14,165.01,3.7455,BULLISH,COUNTER
2026.08.13 02:35_BUY,XAUUSD,PERIOD_M5,PERIOD_M15,2026.08.13 02:35:00,1786588500106,2026.08.13 02:35:00,BUY,OK,2,35,4,4408.74,4409.07,4408.90,33.0,0.7485,4405.68620472,4405.69455307,4406.29696378,4405.97141188,61.08,27.69,32.56,0.7384,0.7384,209.29,4.7469,0.157679,4408.25,4410.30,4408.18,4408.74,BULLISH,49.00,212.00,0.231132,1.012969,3.3808,3.3808,4408.85511859,4409.81230284,4408.79748825,4409.75103606,-5.76,-6.13,-95.35,-2.1628,BEARISH,COUNTER
2026.08.13 04:50_SELL,XAUUSD,PERIOD_M5,PERIOD_M15,2026.08.13 04:50:00,1786596600044,2026.08.13 04:50:00,SELL,OK,4,50,4,4412.78,4413.04,4412.91,26.0,0.5892,4425.04339713,4424.63218771,4422.58871770,4423.55380701,-245.47,-107.84,-96.51,-2.1870,2.1870,725.50,16.4404,0.035837,4419.22,4419.22,4410.18,4412.77,BEARISH,645.00,904.00,0.713496,1.246037,-35.0474,35.0474,4417.44494458,4413.62890807,4417.61494986,4413.84855873,17.00,21.97,376.64,8.5349,BULLISH,COUNTER
2026.08.13 08:30_BUY,XAUUSD,PERIOD_M5,PERIOD_M15,2026.08.13 08:30:00,1786609800085,2026.08.13 08:30:00,BUY,OK,8,30,4,4406.26,4406.54,4406.40,28.0,0.6354,4399.75432455,4400.41316005,4401.05945964,4400.94650914,130.51,53.33,11.30,0.2563,0.2563,382.64,8.6838,0.073175,4402.91,4407.23,4402.59,4406.28,BULLISH,337.00,464.00,0.726293,1.212619,3.9732,3.9732,4406.17488924,4409.34080762,4406.18489979,4409.22077595,1.00,-12.00,-303.59,-6.8897,BEARISH,COUNTER
2026.08.13 08:35_SELL,XAUUSD,PERIOD_M5,PERIOD_M15,2026.08.13 08:35:00,1786610100042,2026.08.13 08:35:00,SELL,OK,8,35,4,4397.42,4397.69,4397.56,27.0,0.6140,4401.05945964,4400.94650914,4400.33756771,4400.62864467,-72.19,-31.79,-29.11,-0.6619,0.6619,443.50,10.0851,0.060879,4406.26,4407.16,4393.32,4397.45,BEARISH,881.00,1384.00,0.636561,3.120631,-8.7247,8.7247,4406.17488924,4409.34080762,4406.18489979,4409.22077595,1.00,-12.00,-303.59,-6.9036,BEARISH,ALIGNED
2026.08.13 12:10_BUY,XAUUSD,PERIOD_M5,PERIOD_M15,2026.08.13 12:10:00,1786623000098,2026.08.13 12:10:00,BUY,OK,12,10,4,4377.00,4377.22,4377.11,22.0,0.5026,4374.18159509,4374.21485289,4374.74527607,4374.46804808,56.37,25.32,27.72,0.6334,0.6334,387.21,8.8463,0.056816,4374.19,4378.08,4372.39,4377.00,BULLISH,281.00,569.00,0.493849,1.469471,2.3309,2.3309,4383.40523957,4395.61489627,4382.68378818,4394.83901798,-72.15,-77.59,-1215.52,-27.7700,BEARISH,COUNTER
2026.08.13 16:35_SELL,XAUUSD,PERIOD_M5,PERIOD_M15,2026.08.13 16:35:00,1786638900029,2026.08.13 16:35:00,SELL,OK,16,35,4,4378.85,4379.10,4378.98,25.0,0.5709,4391.00214353,4390.74198497,4388.57171482,4389.66089542,-243.04,-108.11,-108.92,-2.4873,2.4873,806.36,18.4143,0.031004,4384.90,4389.74,4377.11,4378.85,BEARISH,605.00,1263.00,0.479018,1.566303,-30.5537,30.5537,4388.76169217,4391.86804862,4388.42248339,4391.60655651,-33.92,-26.15,-318.41,-7.2713,BEARISH,ALIGNED
2026.08.13 20:15_BUY,XAUUSD,PERIOD_M5,PERIOD_M15,2026.08.13 20:15:00,1786652100081,2026.08.13 20:15:00,BUY,OK,20,15,4,4371.50,4371.73,4371.61,23.0,0.5261,4366.29862045,4366.40157691,4367.31489636,4366.85416083,101.63,45.26,46.07,1.0539,1.0539,440.43,10.0747,0.052222,4371.96,4373.29,4371.03,4371.38,BEARISH,58.00,226.00,0.256637,0.513137,10.1215,10.1215,4372.83759340,4381.82901429,4372.69877498,4381.41924902,-13.88,-40.98,-872.05,-19.9479,BEARISH,COUNTER
2026.08.13 20:30_SELL,XAUUSD,PERIOD_M5,PERIOD_M15,2026.08.13 20:30:00,1786653000045,2026.08.13 20:30:00,SELL,OK,20,30,4,4363.13,4363.35,4363.24,22.0,0.5042,4367.47753367,4367.00988498,4366.60602694,4366.65625908,-87.15,-35.36,-5.02,-0.1151,0.1151,435.57,9.9828,0.050508,4367.98,4369.08,4362.36,4363.12,BEARISH,486.00,672.00,0.723214,1.542801,-18.8956,18.8956,4372.69877498,4381.41924902,4371.78651070,4380.70163142,-91.23,-71.76,-891.51,-20.4323,BEARISH,ALIGNED
2026.08.14 01:35_BUY,XAUUSD,PERIOD_M5,PERIOD_M15,2026.08.14 01:35:00,1786671300114,2026.08.14 01:35:00,BUY,OK,1,35,5,4357.27,4357.54,4357.41,27.0,0.6196,4354.32508098,4354.33411487,4354.92006478,4354.60374079,59.50,26.96,31.63,0.7259,0.7259,364.00,8.3536,0.074176,4357.16,4357.92,4355.77,4357.30,BULLISH,14.00,215.00,0.065116,0.590659,9.2804,9.2804,4359.80190904,4371.30681999,4359.55506056,4370.75400352,-24.68,-55.28,-1119.89,-25.7009,BEARISH,COUNTER
2026.08.14 02:05_SELL,XAUUSD,PERIOD_M5,PERIOD_M15,2026.08.14 02:05:00,1786673100025,2026.08.14 02:05:00,SELL,OK,2,5,5,4349.49,4349.88,4349.68,39.0,0.8966,4356.26184843,4355.64510179,4354.87947874,4355.07281981,-138.24,-57.23,-19.33,-0.4445,0.4445,428.00,9.8398,0.091121,4354.61,4355.13,4349.13,4349.35,BEARISH,526.00,600.00,0.876667,1.401869,-14.1659,14.1659,4359.63553098,4370.34796416,4359.15690898,4369.73078910,-47.86,-61.72,-1057.39,-24.3095,BEARISH,ALIGNED
2026.08.14 02:10_BUY,XAUUSD,PERIOD_M5,PERIOD_M15,2026.08.14 02:10:00,1786673400050,2026.08.14 02:10:00,BUY,OK,2,10,5,4359.34,4359.64,4359.49,30.0,0.6882,4354.87947874,4355.07281981,4355.77758299,4355.46347256,89.81,39.07,31.41,0.7205,0.7205,481.64,11.0481,0.062287,4349.49,4359.56,4349.40,4359.37,BULLISH,988.00,1016.00,0.972441,2.109447,7.2310,7.2310,4359.63553098,4370.34796416,4359.15690898,4369.73078910,-47.86,-61.72,-1057.39,-24.2549,BEARISH,COUNTER
2026.08.14 03:15_SELL,XAUUSD,PERIOD_M5,PERIOD_M15,2026.08.14 03:15:00,1786677300235,2026.08.14 03:15:00,SELL,OK,3,15,5,4352.08,4352.41,4352.24,33.0,0.7582,4358.99744474,4358.31687133,4357.61395579,4357.74988303,-138.35,-56.70,-13.59,-0.3123,0.3123,493.86,11.3472,0.066821,4358.02,4358.20,4350.24,4352.08,BEARISH,594.00,796.00,0.746231,1.611802,-9.8018,9.8018,4359.37835159,4368.28438815,4358.68327049,4367.64892195,-69.51,-63.55,-896.57,-20.6001,BEARISH,ALIGNED
2026.08.14 06:30_BUY,XAUUSD,PERIOD_M5,PERIOD_M15,2026.08.14 06:30:00,1786689000063,2026.08.14 06:30:00,BUY,OK,6,30,5,4325.68,4325.94,4325.81,26.0,0.6010,4320.44847075,4321.01190054,4321.50077660,4321.43900049,105.23,42.71,6.18,0.1428,0.1428,466.14,10.7759,0.055777,4325.10,4326.11,4324.37,4325.71,BULLISH,61.00,174.00,0.350575,0.373276,12.8236,12.8236,4332.51941507,4350.47429070,4331.87089935,4349.50314205,-64.85,-97.11,-1763.22,-40.7606,BEARISH,COUNTER
2026.08.14 08:10_SELL,XAUUSD,PERIOD_M5,PERIOD_M15,2026.08.14 08:10:00,1786695000009,2026.08.14 08:10:00,SELL,OK,8,10,5,4319.90,4320.21,4320.06,31.0,0.7176,4325.31215191,4324.68383384,4324.22372153,4324.24621258,-108.84,-43.76,-2.25,-0.0521,0.0521,245.29,5.6778,0.126383,4325.15,4325.63,4319.87,4319.87,BEARISH,528.00,576.00,0.916667,2.348282,-11.4225,11.4225,4329.20659228,4345.07757793,4328.98786920,4344.36512389,-21.87,-71.25,-1537.73,-35.5950,BEARISH,ALIGNED
2026.08.14 09:00_BUY,XAUUSD,PERIOD_M5,PERIOD_M15,2026.08.14 09:00:00,1786698000064,2026.08.14 09:00:00,BUY,OK,9,0,5,4333.62,4333.97,4333.80,35.0,0.8076,4322.53726893,4322.55288162,4324.71781515,4323.54261966,218.05,98.97,117.52,2.7117,2.7117,448.07,10.3390,0.078113,4329.50,4333.45,4329.01,4333.44,BULLISH,394.00,444.00,0.887387,0.990913,36.4313,36.4313,4326.31609274,4341.46668778,4326.99456010,4341.15191571,67.85,-31.48,-1415.74,-32.6673,BEARISH,COUNTER
2026.08.14 14:05_SELL,XAUUSD,PERIOD_M5,PERIOD_M15,2026.08.14 14:05:00,1786716300092,2026.08.14 14:05:00,SELL,OK,14,5,5,4349.15,4349.40,4349.27,25.0,0.5748,4351.21982131,4351.02034428,4350.80985705,4350.85213117,-41.00,-16.82,-4.23,-0.0972,0.0972,272.29,6.2605,0.091815,4349.33,4351.01,4348.33,4349.17,BEARISH,16.00,268.00,0.059701,0.984260,-5.1018,5.1018,4344.79934026,4343.52018889,4345.22797452,4343.74684815,42.86,22.67,148.11,3.4055,BULLISH,COUNTER
2026.08.14 14:20_BUY,XAUUSD,PERIOD_M5,PERIOD_M15,2026.08.14 14:20:00,1786717200081,2026.08.14 14:20:00,BUY,OK,14,20,5,4355.50,4355.72,4355.61,22.0,0.5051,4350.78390851,4350.83399270,4351.72512681,4351.25726609,94.12,42.33,46.79,1.0742,1.0742,278.79,6.4006,0.078914,4350.61,4355.52,4350.59,4355.49,BULLISH,488.00,493.00,0.989858,1.768383,14.5315,14.5315,4345.22797452,4343.74684815,4345.73959600,4344.01559920,51.16,26.88,172.40,3.9581,BULLISH,ALIGNED
2026.08.14 19:50_SELL,XAUUSD,PERIOD_M5,PERIOD_M15,2026.08.14 19:50:00,1786737000053,2026.08.14 19:50:00,SELL,OK,19,50,5,4387.02,4387.25,4387.14,23.0,0.5243,4387.85805381,4387.77628142,4387.68644305,4387.70571038,-17.16,-7.06,-1.93,-0.0439,0.0439,374.07,8.5266,0.061486,4385.78,4387.14,4385.28,4387.00,BULLISH,122.00,186.00,0.655914,0.497231,7.1626,-7.1626,4380.51456799,4366.24899394,4381.01889485,4367.01609222,50.43,76.71,1400.28,31.9179,BULLISH,COUNTER
2026.08.17 01:50_BUY,XAUUSD,PERIOD_M5,PERIOD_M15,2026.08.17 01:50:00,1786931400134,2026.08.17 01:50:00,BUY,OK,1,50,1,4380.64,4380.90,4380.77,26.0,0.5935,4376.34778270,4376.36926803,4377.22822616,4376.76751639,88.04,39.82,46.07,1.0517,1.0517,1029.93,23.5102,0.025244,4377.76,4380.99,4377.62,4380.75,BULLISH,299.00,337.00,0.887240,0.327207,7.8130,7.8130,4377.71558943,4371.65271785,4377.71981901,4371.89221911,0.42,23.95,582.76,13.3027,BULLISH,ALIGNED
2026.08.17 02:35_SELL,XAUUSD,PERIOD_M5,PERIOD_M15,2026.08.17 02:35:00,1786934100403,2026.08.17 02:35:00,SELL,OK,2,35,1,4370.99,4371.30,4371.15,31.0,0.7092,4378.62049467,4378.41440432,4377.09439573,4377.73945847,-152.61,-67.49,-64.51,-1.4757,1.4757,365.43,8.3600,0.084832,4374.72,4375.16,4369.59,4370.99,BEARISH,373.00,557.00,0.669659,1.524238,-20.2062,20.2062,4378.62193801,4372.72973398,4378.24842010,4372.80699931,-37.35,7.73,544.14,12.4485,BULLISH,COUNTER
2026.08.17 03:20_BUY,XAUUSD,PERIOD_M5,PERIOD_M15,2026.08.17 03:20:00,1786936800055,2026.08.17 03:20:00,BUY,OK,3,20,1,4384.63,4384.92,4384.77,29.0,0.6614,4374.12143498,4375.10774683,4376.20914798,4375.96704257,208.77,85.93,24.21,0.5522,0.5522,488.43,11.1392,0.059374,4378.75,4387.42,4378.26,4384.56,BULLISH,581.00,916.00,0.634279,1.875402,22.3096,22.3096,4376.62770897,4372.53615738,4376.83649860,4372.78258258,20.88,24.64,405.39,9.2454,BULLISH,ALIGNED
2026.08.17 05:35_SELL,XAUUSD,PERIOD_M5,PERIOD_M15,2026.08.17 05:35:00,1786944900028,2026.08.17 05:35:00,SELL,OK,5,35,1,4392.86,4393.11,4392.98,25.0,0.5691,4396.15061576,4396.08850892,4395.49249261,4395.79500811,-65.81,-29.35,-30.25,-0.6886,0.6886,546.07,12.4305,0.045782,4395.38,4398.15,4392.06,4392.86,BEARISH,252.00,609.00,0.413793,1.115239,-2.0256,2.0256,4389.37326122,4380.11724423,4389.94342682,4380.71499935,57.02,59.78,922.84,21.0072,BULLISH,COUNTER
2026.08.17 06:55_BUY,XAUUSD,PERIOD_M5,PERIOD_M15,2026.08.17 06:55:00,1786949700077,2026.08.17 06:55:00,BUY,OK,6,55,1,4395.03,4395.28,4395.15,25.0,0.5688,4393.44284936,4393.47880309,4393.75627949,4393.61800281,31.34,13.92,13.83,0.3146,0.3146,330.71,7.5245,0.075594,4394.88,4395.32,4393.91,4395.01,BULLISH,13.00,141.00,0.092199,0.426350,3.2547,3.2547,4390.72109248,4382.43092843,4391.13908367,4382.92814692,41.80,49.72,821.09,18.6818,BULLISH,ALIGNED
2026.08.17 07:35_SELL,XAUUSD,PERIOD_M5,PERIOD_M15,2026.08.17 07:35:00,1786952100120,2026.08.17 07:35:00,SELL,OK,7,35,1,4391.76,4392.02,4391.89,26.0,0.5920,4394.80294596,4394.61159916,4394.19835677,4394.35418106,-60.46,-25.74,-15.58,-0.3548,0.3548,320.93,7.3073,0.081015,4390.75,4391.96,4388.87,4391.78,BULLISH,103.00,309.00,0.333333,0.962831,-11.8717,11.8717,4392.32782133,4384.06191494,4392.17755263,4384.32419279,-15.03,26.23,785.34,17.8815,BULLISH,COUNTER
2026.08.17 07:50_BUY,XAUUSD,PERIOD_M5,PERIOD_M15,2026.08.17 07:50:00,1786953000686,2026.08.17 07:50:00,BUY,OK,7,50,1,4396.03,4396.27,4396.15,24.0,0.5459,4394.23414833,4394.32725707,4394.59331867,4394.48205188,35.92,15.48,11.13,0.2531,0.2531,313.36,7.1280,0.076590,4395.71,4397.86,4395.14,4396.03,BULLISH,32.00,272.00,0.117647,0.868019,9.6772,9.6772,4392.17755263,4384.32419279,4392.51111905,4384.76951856,33.36,44.53,774.16,17.6100,BULLISH,ALIGNED
2026.08.17 08:00_SELL,XAUUSD,PERIOD_M5,PERIOD_M15,2026.08.17 08:00:00,1786953600050,2026.08.17 08:00:00,SELL,OK,8,0,1,4390.71,4390.95,4390.83,24.0,0.5466,4394.69665493,4394.53913808,4393.89932395,4394.19103462,-79.73,-34.81,-29.17,-0.6644,0.6644,321.29,7.3172,0.074700,4395.12,4395.33,4389.85,4390.71,BEARISH,441.00,548.00,0.804745,1.705647,-11.3066,11.3066,4392.51111905,4384.76951856,4392.33958390,4385.00247862,-17.15,23.30,733.71,16.7101,BULLISH,COUNTER
2026.08.17 08:30_BUY,XAUUSD,PERIOD_M5,PERIOD_M15,2026.08.17 08:30:00,1786955400041,2026.08.17 08:30:00,BUY,OK,8,30,1,4399.33,4399.61,4399.47,28.0,0.6364,4392.93434807,4393.45835202,4394.21347846,4393.99213820,127.91,53.38,22.13,0.5031,0.5031,423.93,9.6359,0.066049,4395.29,4399.40,4394.36,4399.33,BULLISH,404.00,504.00,0.801587,1.188880,26.5745,26.5745,4391.89486162,4385.10708730,4392.60297004,4385.66484858,70.81,55.78,693.81,15.7704,BULLISH,ALIGNED
2026.08.17 11:45_SELL,XAUUSD,PERIOD_M5,PERIOD_M15,2026.08.17 11:45:00,1786967100055,2026.08.17 11:45:00,SELL,OK,11,45,1,4396.28,4396.51,4396.40,23.0,0.5232,4401.71251292,4401.44859511,4400.62601033,4400.97872282,-108.65,-46.99,-35.27,-0.8023,0.8023,363.64,8.2714,0.063249,4401.22,4401.34,4395.99,4396.28,BEARISH,494.00,535.00,0.923364,1.471224,-12.4269,12.4269,4398.81701224,4391.46655903,4398.57539203,4391.65532142,-24.16,18.88,692.01,15.7403,BULLISH,COUNTER
2026.08.17 13:30_BUY,XAUUSD,PERIOD_M5,PERIOD_M15,2026.08.17 13:30:00,1786973400023,2026.08.17 13:30:00,BUY,OK,13,30,1,4404.88,4405.44,4405.16,56.0,1.2712,4395.60943487,4396.42737356,4397.47754790,4397.20215778,186.81,77.48,27.54,0.6252,0.6252,363.50,8.2517,0.154058,4396.60,4405.49,4391.76,4404.95,BULLISH,835.00,1373.00,0.608157,3.777166,20.4506,20.4506,4397.42268693,4392.59633521,4398.13957389,4393.08079265,71.69,48.45,505.88,11.4838,BULLISH,ALIGNED
2026.08.17 15:00_SELL,XAUUSD,PERIOD_M5,PERIOD_M15,2026.08.17 15:00:00,1786978800046,2026.08.17 15:00:00,SELL,OK,15,0,1,4396.66,4396.84,4396.75,18.0,0.4094,4399.59867599,4399.30352447,4399.01294079,4399.06411315,-58.57,-23.94,-5.12,-0.1164,0.1164,320.07,7.2797,0.056237,4396.70,4397.62,4395.81,4396.67,BEARISH,3.00,181.00,0.016575,0.565499,-6.4553,6.4553,4398.91637251,4394.34084546,4398.70243227,4394.43218485,-21.39,9.13,427.02,9.7123,BULLISH,COUNTER
2026.08.17 16:55_BUY,XAUUSD,PERIOD_M5,PERIOD_M15,2026.08.17 16:55:00,1786985700028,2026.08.17 16:55:00,BUY,OK,16,55,1,4401.61,4401.94,4401.77,33.0,0.7497,4388.33242806,4388.76596199,4390.98394245,4389.93178363,265.15,116.58,105.22,2.3903,2.3903,564.43,12.8227,0.058466,4395.19,4407.54,4394.50,4401.59,BULLISH,640.00,1304.00,0.490798,2.310301,29.5766,29.5766,4392.83363684,4392.59310416,4392.15995714,4392.32513929,-67.37,-26.80,-16.52,-0.3753,BEARISH,COUNTER
2026.08.17 20:25_SELL,XAUUSD,PERIOD_M5,PERIOD_M15,2026.08.17 20:25:00,1786998300046,2026.08.17 20:25:00,SELL,OK,20,25,1,4416.69,4416.93,4416.81,24.0,0.5434,4422.97372060,4422.64253294,4421.71497648,4422.10048449,-125.87,-54.20,-38.55,-0.8728,0.8728,293.64,6.6483,0.081732,4419.44,4420.26,4415.80,4416.68,BEARISH,276.00,446.00,0.618834,1.518852,-12.6857,12.6857,4413.96186148,4404.04434178,4414.81692229,4404.78534799,85.51,74.10,1003.16,22.7123,BULLISH,COUNTER
2026.08.17 22:35_BUY,XAUUSD,PERIOD_M5,PERIOD_M15,2026.08.17 22:35:00,1787006100068,2026.08.17 22:35:00,BUY,OK,22,35,1,4416.33,4416.54,4416.43,21.0,0.4755,4410.48719951,4410.72716206,4411.65775961,4411.23742005,117.06,51.03,42.03,0.9518,0.9518,421.21,9.5374,0.049856,4414.47,4416.64,4413.97,4416.34,BULLISH,187.00,267.00,0.700375,0.633882,3.1031,3.1031,4411.94617604,4406.25313232,4412.18463547,4406.57457811,23.85,32.14,561.01,12.7027,BULLISH,ALIGNED
2026.08.18 01:55_SELL,XAUUSD,PERIOD_M5,PERIOD_M15,2026.08.18 01:55:00,1787018100066,2026.08.18 01:55:00,SELL,OK,1,55,2,4411.94,4412.24,4412.09,30.0,0.6799,4414.57959155,4414.35288618,4414.04767324,4414.13171471,-53.19,-22.12,-8.40,-0.1905,0.1905,329.29,7.4633,0.091106,4415.06,4415.45,4411.92,4411.92,BEARISH,314.00,353.00,0.889518,1.072017,-2.8551,2.8551,4413.68574678,4408.10426864,4413.77091375,4408.35821889,8.52,25.40,541.27,12.2679,BULLISH,COUNTER
2026.08.18 02:20_BUY,XAUUSD,PERIOD_M5,PERIOD_M15,2026.08.18 02:20:00,1787019600062,2026.08.18 02:20:00,BUY,OK,2,20,2,4417.56,4417.86,4417.71,30.0,0.6791,4413.82362296,4413.93997453,4414.57489837,4414.27088594,75.13,33.09,30.40,0.6882,0.6882,245.43,5.5556,0.122235,4414.72,4418.45,4414.72,4417.58,BULLISH,286.00,373.00,0.766756,1.519790,9.3804,9.3804,4413.57749339,4408.49083776,4413.68630355,4408.73511863,10.88,24.43,495.12,11.2076,BULLISH,ALIGNED
2026.08.18 04:40_SELL,XAUUSD,PERIOD_M5,PERIOD_M15,2026.08.18 04:40:00,1787028000061,2026.08.18 04:40:00,SELL,OK,4,40,2,4420.33,4420.67,4420.50,34.0,0.7691,4426.31268598,4426.01329279,4425.11614879,4425.49662981,-119.65,-51.67,-38.05,-0.8607,0.8607,468.86,10.6064,0.072517,4422.38,4423.52,4420.17,4420.33,BEARISH,205.00,335.00,0.611940,0.714503,-7.4373,7.4373,4421.42949159,4413.79992298,4421.75906382,4414.23482796,32.96,43.49,752.42,17.0212,BULLISH,COUNTER
2026.08.18 09:20_BUY,XAUUSD,PERIOD_M5,PERIOD_M15,2026.08.18 09:20:00,1787044800080,2026.08.18 09:20:00,BUY,OK,9,20,2,4395.19,4395.52,4395.35,33.0,0.7508,4393.31974209,4393.45599968,4393.70379367,4393.61818152,38.41,16.22,8.56,0.1948,0.1948,393.57,8.9543,0.083848,4395.12,4396.27,4393.56,4395.24,BULLISH,12.00,271.00,0.044280,0.688566,10.7276,10.7276,4399.33629792,4404.88668790,4398.93665050,4404.50446484,-39.96,-38.22,-556.78,-12.6675,BEARISH,COUNTER
2026.08.18 11:10_SELL,XAUUSD,PERIOD_M5,PERIOD_M15,2026.08.18 11:10:00,1787051400050,2026.08.18 11:10:00,SELL,OK,11,10,2,4390.76,4391.01,4390.89,25.0,0.5694,4397.93876365,4397.84071223,4396.52101092,4397.20519293,-141.78,-63.55,-68.42,-1.5582,1.5582,354.79,8.0801,0.070465,4394.37,4394.46,4389.91,4390.85,BEARISH,352.00,455.00,0.773626,1.282464,-17.0292,17.0292,4399.32963693,4403.47172471,4398.97252865,4403.16224531,-35.71,-30.95,-418.97,-9.5419,BEARISH,ALIGNED
2026.08.18 13:20_BUY,XAUUSD,PERIOD_M5,PERIOD_M15,2026.08.18 13:20:00,1787059200091,2026.08.18 13:20:00,BUY,OK,13,20,2,4395.54,4395.78,4395.66,24.0,0.5460,4393.04926664,4393.04945992,4393.53141331,4393.26859993,48.21,21.91,26.28,0.5979,0.5979,305.79,6.9565,0.078486,4394.50,4396.15,4394.09,4395.46,BULLISH,96.00,206.00,0.466019,0.673674,3.3910,3.3910,4395.00535070,4400.06480240,4394.95722206,4399.84657486,-4.81,-21.82,-488.94,-11.1231,BEARISH,COUNTER
2026.08.18 13:30_SELL,XAUUSD,PERIOD_M5,PERIOD_M15,2026.08.18 13:30:00,1787059800008,2026.08.18 13:30:00,SELL,OK,13,30,2,4391.99,4392.26,4392.13,27.0,0.6147,4393.14513065,4393.11690903,4392.91410452,4393.01446275,-23.10,-10.24,-10.04,-0.2285,0.2285,324.43,7.3866,0.083223,4391.63,4392.18,4389.63,4391.99,BULLISH,36.00,255.00,0.141176,0.785997,-5.7117,5.7117,4394.95722206,4399.84657486,4394.67462948,4399.53847388,-28.26,-30.81,-486.38,-11.0740,BEARISH,ALIGNED
2026.08.18 13:40_BUY,XAUUSD,PERIOD_M5,PERIOD_M15,2026.08.18 13:40:00,1787060400272,2026.08.18 13:40:00,BUY,OK,13,40,2,4397.47,4397.74,4397.60,27.0,0.6140,4393.05328362,4393.06860250,4393.94262689,4393.47145682,88.93,40.29,47.12,1.0714,1.0714,334.00,7.5950,0.080838,4393.59,4397.67,4393.45,4397.50,BULLISH,391.00,422.00,0.926540,1.263473,13.4347,13.4347,4394.95722206,4399.84657486,4394.67462948,4399.53847388,-28.26,-30.81,-486.38,-11.0602,BEARISH,COUNTER
2026.08.18 14:25_SELL,XAUUSD,PERIOD_M5,PERIOD_M15,2026.08.18 14:25:00,1787063100036,2026.08.18 14:25:00,SELL,OK,14,25,2,4390.32,4390.57,4390.44,25.0,0.5694,4394.57554188,4394.42792511,4393.72643350,4394.05538646,-84.91,-37.25,-32.90,-0.7492,0.7492,277.07,6.3108,0.090229,4393.12,4393.88,4390.24,4390.33,BEARISH,279.00,364.00,0.766484,1.313741,-7.3744,7.3744,4395.28621597,4399.42481961,4395.11705254,4399.19286590,-16.92,-23.20,-407.58,-9.2834,BEARISH,ALIGNED
2026.08.18 15:05_BUY,XAUUSD,PERIOD_M5,PERIOD_M15,2026.08.18 15:05:00,1787065500041,2026.08.18 15:05:00,BUY,OK,15,5,2,4396.57,4396.81,4396.69,24.0,0.5459,4392.46715388,4392.90991299,4393.29172310,4393.24446636,82.46,33.46,4.73,0.1075,0.1075,327.36,7.4455,0.073314,4395.91,4396.93,4391.44,4396.59,BULLISH,68.00,549.00,0.123862,1.677067,10.0178,10.0178,4394.27536501,4398.52166514,4394.43104453,4398.41924689,15.57,-10.24,-398.82,-9.0709,BEARISH,COUNTER
2026.08.18 15:10_SELL,XAUUSD,PERIOD_M5,PERIOD_M15,2026.08.18 15:10:00,1787065800053,2026.08.18 15:10:00,SELL,OK,15,10,2,4391.16,4391.41,4391.28,25.0,0.5693,4393.29172310,4393.24446636,4392.86937848,4393.05678760,-42.23,-18.77,-18.74,-0.4268,0.4268,365.64,8.3266,0.068373,4396.57,4397.03,4390.40,4391.18,BEARISH,539.00,663.00,0.812971,1.813245,0.8882,-0.8882,4394.27536501,4398.52166514,4394.43104453,4398.41924689,15.57,-10.24,-398.82,-9.0821,BEARISH,ALIGNED
2026.08.18 15:25_BUY,XAUUSD,PERIOD_M5,PERIOD_M15,2026.08.18 15:25:00,1787066700098,2026.08.18 15:25:00,BUY,OK,15,25,2,4395.81,4396.09,4395.95,28.0,0.6369,4392.90320223,4393.04122942,4393.45056178,4393.27748129,54.74,23.63,17.31,0.3937,0.3937,396.36,9.0164,0.070643,4392.84,4400.78,4392.81,4395.64,BULLISH,280.00,797.00,0.351317,2.010813,10.1567,10.1567,4394.43104453,4398.41924689,4394.29761172,4398.20790388,-13.34,-21.13,-391.03,-8.8952,BEARISH,COUNTER
2026.08.18 16:10_SELL,XAUUSD,PERIOD_M5,PERIOD_M15,2026.08.18 16:10:00,1787069400041,2026.08.18 16:10:00,SELL,OK,16,10,2,4388.97,4389.21,4389.09,24.0,0.5468,4394.38225259,4393.96693263,4393.30380207,4393.51448421,-107.85,-45.24,-21.07,-0.4800,0.4800,524.36,11.9468,0.045770,4395.66,4396.54,4388.76,4388.99,BEARISH,667.00,778.00,0.857326,1.483722,-9.2646,9.2646,4394.16462093,4397.85433957,4394.16608560,4397.71024782,0.15,-14.41,-354.42,-8.0749,BEARISH,ALIGNED
2026.08.18 16:15_BUY,XAUUSD,PERIOD_M5,PERIOD_M15,2026.08.18 16:15:00,1787069700012,2026.08.18 16:15:00,BUY,OK,16,15,2,4395.61,4396.10,4395.85,49.0,1.1147,4393.30380207,4393.51448421,4393.78104166,4393.71225837,47.72,19.78,6.88,0.1565,0.1565,540.57,12.2973,0.090645,4388.97,4395.97,4388.21,4395.69,BULLISH,672.00,776.00,0.865979,1.435518,3.4364,3.4364,4394.16608560,4397.71024782,4394.31122031,4397.63102241,14.51,-7.92,-331.98,-7.5521,BEARISH,COUNTER
2026.08.18 16:20_SELL,XAUUSD,PERIOD_M5,PERIOD_M15,2026.08.18 16:20:00,1787070000089,2026.08.18 16:20:00,SELL,OK,16,20,2,4391.01,4391.28,4391.15,27.0,0.6149,4393.78104166,4393.71225837,4393.20683332,4393.45750761,-57.42,-25.48,-25.07,-0.5709,0.5709,547.36,12.4650,0.049328,4395.61,4395.96,4388.38,4390.91,BEARISH,470.00,758.00,0.620053,1.384836,-10.7607,10.7607,4394.16608560,4397.71024782,4394.31122031,4397.63102241,14.51,-7.92,-331.98,-7.5602,BEARISH,ALIGNED
2026.08.18 16:40_BUY,XAUUSD,PERIOD_M5,PERIOD_M15,2026.08.18 16:40:00,1787071200021,2026.08.18 16:40:00,BUY,OK,16,40,2,4402.86,4403.14,4403.00,28.0,0.6359,4392.79525866,4393.10602375,4394.82820693,4394.00183977,203.29,89.58,82.64,1.8768,1.8768,705.86,16.0313,0.039668,4396.85,4403.39,4395.21,4402.96,BULLISH,611.00,818.00,0.746944,1.158875,30.2756,30.2756,4394.31122031,4397.63102241,4393.80158028,4397.29098232,-50.96,-34.00,-348.94,-7.9251,BEARISH,COUNTER
2026.08.18 17:40_SELL,XAUUSD,PERIOD_M5,PERIOD_M15,2026.08.18 17:40:00,1787074800037,2026.08.18 17:40:00,SELL,OK,17,40,2,4382.86,4383.11,4382.98,25.0,0.5704,4395.30650586,4395.29069562,4392.81120469,4394.15790511,-249.53,-113.28,-134.67,-3.0726,3.0726,971.07,22.1555,0.025745,4389.77,4390.06,4381.93,4382.83,BEARISH,694.00,813.00,0.853629,0.837220,-33.8811,33.8811,4394.36975911,4397.16195490,4394.34692491,4397.04305470,-2.28,-11.89,-269.61,-6.1514,BEARISH,ALIGNED
2026.08.19 03:20_BUY,XAUUSD,PERIOD_M5,PERIOD_M15,2026.08.19 03:20:00,1787109600049,2026.08.19 03:20:00,BUY,OK,3,20,3,4343.56,4343.90,4343.73,34.0,0.7827,4336.14253818,4336.23556294,4337.62203054,4336.89960267,147.95,66.40,72.24,1.6632,1.6632,447.14,10.2940,0.076038,4342.78,4346.34,4342.78,4343.54,BULLISH,76.00,356.00,0.213483,0.796166,15.4952,15.4952,4345.82191760,4363.52425892,4345.53887782,4362.71350366,-28.30,-81.08,-1717.46,-39.5389,BEARISH,COUNTER
2026.08.19 07:25_SELL,XAUUSD,PERIOD_M5,PERIOD_M15,2026.08.19 07:25:00,1787124300115,2026.08.19 07:25:00,SELL,OK,7,25,3,4351.71,4351.92,4351.82,21.0,0.4826,4354.71734865,4354.63989731,4354.10587892,4354.36899756,-61.15,-27.09,-26.31,-0.6046,0.6046,272.00,6.2503,0.077206,4352.34,4352.82,4350.80,4351.66,BEARISH,68.00,202.00,0.336634,0.742647,-6.2925,6.2925,4351.69520431,4358.00441572,4351.97566105,4357.87247784,28.05,-13.19,-589.68,-13.5502,BEARISH,ALIGNED
2026.08.19 09:55_BUY,XAUUSD,PERIOD_M5,PERIOD_M15,2026.08.19 09:55:00,1787133300038,2026.08.19 09:55:00,BUY,OK,9,55,3,4347.68,4347.94,4347.81,26.0,0.5980,4342.05794468,4342.48820893,4343.18235574,4342.96018994,112.44,47.20,22.22,0.5110,0.5110,519.00,11.9370,0.050096,4343.78,4347.81,4343.78,4347.68,BULLISH,390.00,403.00,0.967742,0.776493,8.6327,8.6327,4346.25377628,4353.32319366,4345.83627378,4352.87404881,-41.75,-44.91,-703.78,-16.1869,BEARISH,COUNTER
2026.08.19 15:05_SELL,XAUUSD,PERIOD_M5,PERIOD_M15,2026.08.19 15:05:00,1787151900290,2026.08.19 15:05:00,SELL,OK,15,5,3,4363.97,4364.29,4364.13,32.0,0.7333,4366.99313390,4366.69028005,4366.37850712,4366.43843640,-61.46,-25.18,-5.99,-0.1373,0.1373,330.29,7.5682,0.096886,4364.57,4365.31,4361.97,4363.92,BEARISH,65.00,334.00,0.194611,1.011246,-7.6249,7.6249,4361.27824875,4357.89162224,4361.59365363,4358.15430372,31.54,26.27,343.93,7.8810,BULLISH,COUNTER
2026.08.19 15:10_BUY,XAUUSD,PERIOD_M5,PERIOD_M15,2026.08.19 15:10:00,1787152200125,2026.08.19 15:10:00,BUY,OK,15,10,3,4367.80,4368.10,4367.95,30.0,0.6868,4366.37850712,4366.43843640,4366.66480569,4366.56312400,28.63,12.47,10.17,0.2328,0.2328,352.86,8.0783,0.085020,4363.97,4368.22,4363.38,4367.81,BULLISH,384.00,484.00,0.793388,1.371660,4.6498,4.6498,4361.27824875,4357.89162224,4361.59365363,4358.15430372,31.54,26.27,343.93,7.8741,BULLISH,ALIGNED
2026.08.19 20:45_SELL,XAUUSD,PERIOD_M5,PERIOD_M15,2026.08.19 20:45:00,1787172300034,2026.08.19 20:45:00,SELL,OK,20,45,3,4488.41,4488.82,4488.61,41.0,0.9134,4490.23714335,4490.20137750,4489.87171468,4490.03852500,-36.54,-16.29,-16.68,-0.3716,0.3716,403.71,8.9942,0.101557,4488.34,4491.43,4486.92,4488.41,BULLISH,7.00,451.00,0.015521,1.117127,0.9581,-0.9581,4468.69536446,4426.01130401,4470.57294880,4428.45831169,187.76,244.70,4211.46,93.8255,BULLISH,COUNTER
2026.08.19 21:05_BUY,XAUUSD,PERIOD_M5,PERIOD_M15,2026.08.19 21:05:00,1787173500042,2026.08.19 21:05:00,BUY,OK,21,5,3,4495.41,4495.89,4495.65,48.0,1.0677,4488.46231792,4489.28966566,4489.85185433,4489.84605969,138.95,55.64,0.58,0.0129,0.0129,436.79,9.7157,0.109894,4486.99,4495.67,4485.39,4495.41,BULLISH,842.00,1028.00,0.819066,2.353557,16.2875,16.2875,4470.57294880,4428.45831169,4472.12981082,4430.75092692,155.69,229.26,4137.89,92.0420,BULLISH,ALIGNED
2026.08.19 21:10_SELL,XAUUSD,PERIOD_M5,PERIOD_M15,2026.08.19 21:10:00,1787173800101,2026.08.19 21:10:00,SELL,OK,21,10,3,4488.71,4489.12,4488.91,41.0,0.9134,4489.85185433,4489.84605969,4489.62948347,4489.74550881,-22.24,-10.06,-11.60,-0.2585,0.2585,497.00,11.0717,0.082495,4495.41,4496.29,4485.93,4488.74,BEARISH,667.00,1036.00,0.643822,2.084507,5.7287,-5.7287,4470.57294880,4428.45831169,4472.12981082,4430.75092692,155.69,229.26,4137.89,92.1801,BULLISH,COUNTER
2026.08.19 21:55_BUY,XAUUSD,PERIOD_M5,PERIOD_M15,2026.08.19 21:55:00,1787176500006,2026.08.19 21:55:00,BUY,OK,21,55,3,4494.23,4494.61,4494.42,38.0,0.8455,4486.46844055,4487.20532044,4488.02075244,4487.84392767,155.23,63.86,17.68,0.3934,0.3934,596.21,13.2657,0.063735,4491.58,4496.76,4490.73,4494.23,BULLISH,265.00,603.00,0.439469,1.011381,22.4345,22.4345,4473.79066146,4434.65097867,4475.37155085,4436.83682265,158.09,218.58,3853.47,85.7390,BULLISH,ALIGNED
2026.08.20 03:00_SELL,XAUUSD,PERIOD_M5,PERIOD_M15,2026.08.20 03:00:00,1787194800034,2026.08.20 03:00:00,SELL,OK,3,0,4,4511.71,4511.95,4511.83,24.0,0.5319,4515.61855589,4515.41737727,4514.83284471,4515.07852479,-78.57,-33.89,-24.57,-0.5445,0.5445,320.36,7.1004,0.074916,4512.90,4513.25,4511.28,4511.69,BEARISH,121.00,197.00,0.614213,0.614939,-5.8702,5.8702,4502.77088604,4466.07473164,4503.62032546,4467.86356569,84.94,178.88,3575.68,79.2511,BULLISH,COUNTER
2026.08.20 03:20_BUY,XAUUSD,PERIOD_M5,PERIOD_M15,2026.08.20 03:20:00,1787196000105,2026.08.20 03:20:00,BUY,OK,3,20,4,4517.78,4518.07,4517.92,29.0,0.6419,4515.12257649,4515.14981577,4515.65406119,4515.38892343,53.15,23.91,26.51,0.5869,0.5869,381.64,8.4473,0.075987,4516.21,4521.13,4514.00,4517.78,BULLISH,157.00,713.00,0.220196,1.868239,6.6670,6.6670,4503.62032546,4467.86356569,4504.81648494,4469.75832782,119.62,189.48,3505.82,77.5979,BULLISH,ALIGNED
2026.08.20 03:25_SELL,XAUUSD,PERIOD_M5,PERIOD_M15,2026.08.20 03:25:00,1787196300018,2026.08.20 03:25:00,SELL,OK,3,25,4,4511.80,4512.13,4511.97,33.0,0.7314,4515.65406119,4515.38892343,4514.87724896,4515.05993039,-77.68,-32.90,-18.27,-0.4049,0.4049,421.86,9.3497,0.078226,4517.78,4517.99,4509.83,4511.77,BEARISH,601.00,816.00,0.736520,1.934304,-7.1761,7.1761,4503.62032546,4467.86356569,4504.81648494,4469.75832782,119.62,189.48,3505.82,77.7004,BULLISH,COUNTER
2026.08.20 06:45_BUY,XAUUSD,PERIOD_M5,PERIOD_M15,2026.08.20 06:45:00,1787208300023,2026.08.20 06:45:00,BUY,OK,6,45,4,4497.82,4498.10,4497.96,28.0,0.6225,4494.80279013,4494.83089187,4495.40623210,4495.10262897,60.34,27.17,30.36,0.6750,0.6750,419.71,9.3312,0.066712,4497.37,4498.57,4495.92,4497.82,BULLISH,45.00,265.00,0.169811,0.631382,9.6584,9.6584,4497.62703145,4480.34807333,4497.64540941,4481.03324693,1.84,68.52,1661.22,36.9327,BULLISH,ALIGNED
2026.08.20 07:30_SELL,XAUUSD,PERIOD_M5,PERIOD_M15,2026.08.20 07:30:00,1787211000040,2026.08.20 07:30:00,SELL,OK,7,30,4,4489.69,4490.14,4489.91,45.0,1.0022,4496.46347151,4496.10645561,4495.10677720,4495.52223237,-135.67,-58.42,-41.55,-0.9253,0.9253,339.79,7.5678,0.132436,4495.27,4495.30,4489.55,4489.68,BEARISH,559.00,575.00,0.972174,1.692243,-15.0119,15.0119,4497.63000634,4482.30683040,4496.87286288,4482.59597431,-75.71,28.91,1427.69,31.7977,BULLISH,COUNTER
2026.08.20 09:20_BUY,XAUUSD,PERIOD_M5,PERIOD_M15,2026.08.20 09:20:00,1787217600118,2026.08.20 09:20:00,BUY,OK,9,20,4,4493.53,4493.81,4493.67,28.0,0.6231,4486.32749513,4486.93510281,4487.75999610,4487.53100255,143.25,59.59,22.90,0.5096,0.5096,437.79,9.7423,0.063958,4492.72,4495.83,4491.80,4493.49,BULLISH,77.00,403.00,0.191067,0.920542,11.2734,11.2734,4491.01101761,4482.92989407,4491.17377784,4483.31381979,16.28,38.39,786.00,17.4912,BULLISH,ALIGNED
2026.08.20 10:20_SELL,XAUUSD,PERIOD_M5,PERIOD_M15,2026.08.20 10:20:00,1787221200024,2026.08.20 10:20:00,SELL,OK,10,20,4,4487.03,4487.26,4487.15,23.0,0.5126,4490.39581387,4490.06586685,4489.72665109,4489.79169714,-66.92,-27.42,-6.50,-0.1450,0.1450,318.50,7.0981,0.072214,4487.77,4490.38,4486.90,4487.05,BEARISH,72.00,348.00,0.206897,1.092622,-3.4755,3.4755,4491.74489172,4484.45222791,4491.36633060,4484.58233662,-37.86,13.01,678.40,15.1187,BULLISH,COUNTER
2026.08.20 10:55_BUY,XAUUSD,PERIOD_M5,PERIOD_M15,2026.08.20 10:55:00,1787223300126,2026.08.20 10:55:00,BUY,OK,10,55,4,4490.88,4491.14,4491.01,26.0,0.5789,4489.16448146,4489.27570753,4489.50358517,4489.41973411,33.91,14.40,8.39,0.1867,0.1867,355.86,7.9238,0.073063,4489.26,4490.93,4488.30,4490.86,BULLISH,160.00,263.00,0.608365,0.739061,1.7149,1.7149,4490.66096578,4484.55793126,4490.70563571,4484.81565945,4.47,25.77,589.00,13.1150,BULLISH,ALIGNED
2026.08.20 12:00_SELL,XAUUSD,PERIOD_M5,PERIOD_M15,2026.08.20 12:00:00,1787227200104,2026.08.20 12:00:00,SELL,OK,12,0,4,4489.28,4489.58,4489.43,30.0,0.6682,4491.40189325,4491.22494810,4490.96951460,4491.04449828,-43.24,-18.04,-7.50,-0.1670,0.1670,413.57,9.2121,0.072539,4491.73,4491.98,4487.54,4489.24,BEARISH,249.00,444.00,0.560811,1.073575,-2.8282,2.8282,4491.02440470,4485.83462793,4490.85446140,4485.96817193,-16.99,13.35,488.63,10.8840,BULLISH,COUNTER
2026.08.20 12:15_BUY,XAUUSD,PERIOD_M5,PERIOD_M15,2026.08.20 12:15:00,1787228100010,2026.08.20 12:15:00,BUY,OK,12,15,4,4492.32,4492.51,4492.41,19.0,0.4229,4491.03608934,4491.05867626,4491.29287148,4491.17334206,25.68,11.47,11.95,0.2661,0.2661,412.07,9.1726,0.046109,4491.55,4494.12,4491.31,4492.32,BULLISH,77.00,281.00,0.274021,0.681921,6.8608,6.8608,4490.85446140,4485.96817193,4490.99403650,4486.21726323,13.96,24.91,477.68,10.6330,BULLISH,ALIGNED
2026.08.20 12:20_SELL,XAUUSD,PERIOD_M5,PERIOD_M15,2026.08.20 12:20:00,1787228400122,2026.08.20 12:20:00,SELL,OK,12,20,4,4489.30,4489.54,4489.42,24.0,0.5346,4491.29287148,4491.17334206,4490.89229718,4491.00212914,-40.06,-17.12,-10.98,-0.2446,0.2446,421.21,9.3824,0.056978,4492.32,4493.81,4489.20,4489.29,BEARISH,303.00,461.00,0.657267,1.094455,-3.0508,3.0508,4490.85446140,4485.96817193,4490.99403650,4486.21726323,13.96,24.91,477.68,10.6401,BULLISH,COUNTER
2026.08.20 13:30_BUY,XAUUSD,PERIOD_M5,PERIOD_M15,2026.08.20 13:30:00,1787232600105,2026.08.20 13:30:00,BUY,OK,13,30,4,4493.79,4494.05,4493.92,26.0,0.5786,4488.35516085,4488.72047675,4489.43812868,4489.17952432,108.30,45.90,25.86,0.5755,0.5755,397.93,8.8548,0.065338,4488.91,4494.17,4488.27,4493.77,BULLISH,486.00,590.00,0.823729,1.482678,7.3935,7.3935,4489.99612297,4486.48043413,4490.35553983,4486.76629946,35.94,28.59,358.92,7.9869,BULLISH,ALIGNED
2026.08.20 14:10_SELL,XAUUSD,PERIOD_M5,PERIOD_M15,2026.08.20 14:10:00,1787235000077,2026.08.20 14:10:00,SELL,OK,14,10,4,4487.26,4487.53,4487.40,27.0,0.6017,4489.56368512,4489.52147977,4489.10694810,4489.31770888,-45.67,-20.38,-21.08,-0.4697,0.4697,346.36,7.7184,0.077954,4488.26,4488.44,4485.64,4487.28,BEARISH,98.00,280.00,0.350000,0.808414,-1.2701,1.2701,4490.42263127,4486.93467987,4490.39380925,4487.05959438,-2.88,12.49,333.42,7.4302,BULLISH,COUNTER
2026.08.20 16:20_BUY,XAUUSD,PERIOD_M5,PERIOD_M15,2026.08.20 16:20:00,1787242800132,2026.08.20 16:20:00,BUY,OK,16,20,4,4474.78,4475.06,4474.92,28.0,0.6257,4471.32986919,4471.71236614,4472.00589535,4471.98487831,67.60,27.25,2.10,0.0470,0.0470,729.00,16.2908,0.038409,4472.81,4476.65,4470.89,4474.71,BULLISH,190.00,576.00,0.329861,0.790123,-8.3734,-8.3734,4479.48716687,4482.73340150,4478.85124621,4482.34424850,-63.59,-38.92,-349.30,-7.8057,BEARISH,COUNTER
2026.08.20 19:40_SELL,XAUUSD,PERIOD_M5,PERIOD_M15,2026.08.20 19:40:00,1787254800071,2026.08.20 19:40:00,SELL,OK,19,40,4,4507.27,4507.55,4507.41,28.0,0.6212,4513.61886904,4513.13669813,4512.34709523,4512.60245284,-127.18,-53.42,-25.54,-0.5665,0.5665,715.43,15.8723,0.039137,4508.99,4512.67,4506.96,4507.26,BEARISH,173.00,571.00,0.302977,0.798123,-9.9961,9.9961,4499.75519153,4491.28882070,4500.65469710,4491.99121989,89.95,70.24,866.35,19.2205,BULLISH,COUNTER
2026.08.20 20:35_BUY,XAUUSD,PERIOD_M5,PERIOD_M15,2026.08.20 20:35:00,1787258100038,2026.08.20 20:35:00,BUY,OK,20,35,4,4518.16,4518.43,4518.30,27.0,0.5976,4510.87536668,4511.31196817,4512.33829335,4511.93724380,146.29,62.53,40.10,0.8876,0.8876,511.71,11.3254,0.052764,4512.99,4518.37,4510.79,4518.19,BULLISH,520.00,758.00,0.686016,1.481295,21.0704,21.0704,4502.93874391,4493.96666568,4503.88172068,4494.70679644,94.30,74.01,917.49,20.3062,BULLISH,ALIGNED
2026.08.21 01:20_SELL,XAUUSD,PERIOD_M5,PERIOD_M15,2026.08.21 01:20:00,1787275200064,2026.08.21 01:20:00,SELL,OK,1,20,5,4519.62,4520.07,4519.84,45.0,0.9956,4522.98851108,4522.81789507,4522.33480887,4522.53626825,-65.37,-28.16,-20.15,-0.4457,0.4457,507.14,11.2204,0.088732,4518.36,4520.04,4518.36,4519.72,BULLISH,136.00,168.00,0.809524,0.331268,1.2834,-1.2834,4515.73182518,4503.68677652,4515.98212754,4504.26219705,25.03,57.54,1171.99,25.9299,BULLISH,COUNTER
2026.08.21 02:00_BUY,XAUUSD,PERIOD_M5,PERIOD_M15,2026.08.21 02:00:00,1787277600074,2026.08.21 02:00:00,BUY,OK,2,0,5,4523.92,4524.42,4524.17,50.0,1.1052,4521.93323761,4521.99736189,4522.35459009,4522.18305627,42.14,18.57,17.15,0.3791,0.3791,399.21,8.8240,0.125246,4523.71,4524.29,4523.28,4524.04,BULLISH,33.00,101.00,0.326733,0.252997,3.1177,3.1177,4516.92958740,4505.56152830,4517.60676955,4506.28617425,67.72,72.46,1132.06,25.0225,BULLISH,ALIGNED
2026.08.21 03:10_SELL,XAUUSD,PERIOD_M5,PERIOD_M15,2026.08.21 03:10:00,1787281800047,2026.08.21 03:10:00,SELL,OK,3,10,5,4519.97,4520.39,4520.18,42.0,0.9292,4525.49488697,4525.11421316,4524.39390958,4524.64837560,-110.10,-46.58,-25.45,-0.5630,0.5630,430.93,9.5334,0.097464,4522.66,4522.92,4519.61,4519.99,BEARISH,267.00,331.00,0.806647,0.768109,-16.5434,16.5434,4520.15461963,4508.69365790,4520.72941776,4509.37978897,57.48,68.61,1134.96,25.1088,BULLISH,COUNTER
2026.08.21 04:25_BUY,XAUUSD,PERIOD_M5,PERIOD_M15,2026.08.21 04:25:00,1787286300141,2026.08.21 04:25:00,BUY,OK,4,25,5,4526.30,4526.83,4526.57,53.0,1.1709,4516.85455900,4517.92444012,4518.74764720,4518.68767284,189.31,76.32,6.00,0.1325,0.1325,506.07,11.1800,0.104728,4523.96,4529.78,4522.19,4526.32,BULLISH,236.00,759.00,0.310935,1.499788,28.1148,28.1148,4518.49275359,4510.08347642,4518.70391992,4510.50020284,21.12,41.67,820.37,18.1235,BULLISH,ALIGNED
2026.08.21 08:25_SELL,XAUUSD,PERIOD_M5,PERIOD_M15,2026.08.21 08:25:00,1787300700124,2026.08.21 08:25:00,SELL,OK,8,25,5,4533.80,4534.25,4534.02,45.0,0.9925,4537.99598502,4537.63276356,4537.14278802,4537.27796687,-85.32,-35.48,-13.52,-0.2981,0.2981,368.64,8.1306,0.122069,4533.60,4534.51,4532.60,4533.73,BULLISH,13.00,191.00,0.068063,0.518117,-6.4805,6.4805,4531.84893025,4521.23172007,4532.34998452,4521.85439771,50.11,62.27,1049.56,23.1485,BULLISH,COUNTER
2026.08.21 08:45_BUY,XAUUSD,PERIOD_M5,PERIOD_M15,2026.08.21 08:45:00,1787301900022,2026.08.21 08:45:00,BUY,OK,8,45,5,4543.03,4543.54,4543.28,51.0,1.1225,4536.20782747,4536.71222154,4537.57226197,4537.28656504,136.44,57.43,28.57,0.6288,0.6288,425.86,9.3733,0.119758,4536.26,4543.37,4535.68,4543.03,BULLISH,677.00,769.00,0.880364,1.805770,27.9005,27.9005,4532.16331932,4522.18912721,4533.19824129,4523.00641634,103.49,81.73,1019.18,22.4327,BULLISH,ALIGNED
2026.08.21 15:25_SELL,XAUUSD,PERIOD_M5,PERIOD_M15,2026.08.21 15:25:00,1787325900126,2026.08.21 15:25:00,SELL,OK,15,25,5,4585.59,4585.77,4585.68,18.0,0.3925,4593.72252811,4592.93398761,4592.09602249,4592.26635237,-162.65,-66.76,-17.03,-0.3714,0.3714,608.21,13.2633,0.029595,4587.86,4589.04,4581.94,4585.59,BEARISH,227.00,710.00,0.319718,1.167352,-17.5242,17.5242,4581.48900507,4559.56923061,4582.56433792,4560.87161373,107.53,130.24,2169.27,47.3054,BULLISH,COUNTER
2026.08.21 16:50_BUY,XAUUSD,PERIOD_M5,PERIOD_M15,2026.08.21 16:50:00,1787331000009,2026.08.21 16:50:00,BUY,OK,16,50,5,4589.83,4590.15,4589.99,32.0,0.6972,4582.96904528,4583.68090192,4584.34123623,4584.23991083,137.22,55.90,10.13,0.2208,0.2208,825.07,17.9755,0.038785,4587.59,4592.93,4583.00,4589.83,BULLISH,224.00,993.00,0.225579,1.203532,34.8061,34.8061,4582.01983704,4564.52795265,4582.55890018,4565.43587607,53.91,90.79,1712.30,37.3051,BULLISH,ALIGNED
2026.08.21 16:55_SELL,XAUUSD,PERIOD_M5,PERIOD_M15,2026.08.21 16:55:00,1787331300053,2026.08.21 16:55:00,SELL,OK,16,55,5,4581.11,4581.58,4581.34,47.0,1.0259,4584.34123623,4584.23991083,4583.69898898,4583.95719167,-64.22,-28.27,-25.82,-0.5636,0.5636,839.29,18.3196,0.056000,4589.83,4591.09,4576.73,4581.13,BEARISH,870.00,1436.00,0.605850,1.710979,-13.2978,13.2978,4582.01983704,4564.52795265,4582.55890018,4565.43587607,53.91,90.79,1712.30,37.3755,BULLISH,COUNTER
2026.08.21 17:05_BUY,XAUUSD,PERIOD_M5,PERIOD_M15,2026.08.21 17:05:00,1787331900089,2026.08.21 17:05:00,BUY,OK,17,5,5,4588.61,4588.99,4588.80,38.0,0.8281,4583.15719119,4583.68744697,4584.20375295,4584.11495179,104.66,42.75,8.88,0.1935,0.1935,870.50,18.9701,0.043653,4580.90,4588.78,4579.75,4588.39,BULLISH,749.00,903.00,0.829457,1.037335,-3.1374,-3.1374,4582.55890018,4565.43587607,4582.40948111,4566.04584172,-14.94,61.00,1636.36,35.6600,BULLISH,ALIGNED
2026.08.21 22:30_SELL,XAUUSD,PERIOD_M5,PERIOD_M15,2026.08.21 22:30:00,1787351400094,2026.08.21 22:30:00,SELL,OK,22,30,5,4618.12,4618.33,4618.23,21.0,0.4547,4622.65429183,4622.27191226,4621.73543346,4621.88901115,-91.89,-38.29,-15.36,-0.3325,0.3325,325.29,7.0435,0.064559,4622.28,4622.91,4617.86,4618.06,BEARISH,422.00,505.00,0.835644,1.552481,-10.1455,10.1455,4614.02609137,4594.07249112,4614.41027314,4595.01317774,38.42,94.07,1939.71,42.0012,BULLISH,COUNTER
2026.08.24 02:55_BUY,XAUUSD,PERIOD_M5,PERIOD_M15,2026.08.24 02:55:00,1787540100088,2026.08.24 02:55:00,BUY,OK,2,55,1,4622.26,4622.84,4622.55,58.0,1.2547,4612.19836922,4612.83151992,4614.23269538,4613.69865448,203.43,86.71,53.40,1.1553,1.1553,433.57,9.3795,0.133773,4614.91,4622.38,4614.89,4622.37,BULLISH,746.00,749.00,0.995995,1.727512,19.7474,19.7474,4613.37965819,4599.91062503,4612.88445265,4600.23491425,-49.52,32.43,1264.95,27.3648,BULLISH,ALIGNED
2026.08.24 03:35_SELL,XAUUSD,PERIOD_M5,PERIOD_M15,2026.08.24 03:35:00,1787542500038,2026.08.24 03:35:00,SELL,OK,3,35,1,4602.53,4603.20,4602.86,67.0,1.4556,4619.30214901,4618.12291386,4615.94571920,4616.70446714,-335.64,-141.84,-75.87,-1.6484,1.6484,862.64,18.7414,0.077668,4604.57,4608.89,4602.48,4602.52,BEARISH,205.00,641.00,0.319813,0.743065,-57.5912,57.5912,4616.16695557,4602.58353291,4615.06819789,4602.66378652,-109.88,8.03,1240.44,26.9493,BULLISH,COUNTER
2026.08.24 04:05_BUY,XAUUSD,PERIOD_M5,PERIOD_M15,2026.08.24 04:05:00,1787544300102,2026.08.24 04:05:00,BUY,OK,4,5,1,4622.29,4622.82,4622.56,53.0,1.1466,4614.88547407,4615.35503961,4616.37437926,4615.98912692,148.89,63.41,38.53,0.8334,0.8334,997.71,21.5836,0.053121,4621.67,4634.91,4618.60,4622.33,BULLISH,66.00,1631.00,0.040466,1.634737,17.6195,17.6195,4614.29979810,4602.83383411,4614.99219828,4603.56858571,69.24,73.48,1142.36,24.7128,BULLISH,ALIGNED
2026.08.24 04:40_SELL,XAUUSD,PERIOD_M5,PERIOD_M15,2026.08.24 04:40:00,1787546400053,2026.08.24 04:40:00,SELL,OK,4,40,1,4614.02,4614.47,4614.25,45.0,0.9752,4616.86189552,4616.75044242,4616.28351641,4616.49767492,-57.84,-25.28,-21.42,-0.4641,0.4641,853.93,18.5064,0.052698,4614.58,4620.85,4612.50,4613.97,BEARISH,61.00,835.00,0.073054,0.977834,-1.4952,1.4952,4615.64627463,4604.28589608,4615.52853419,4604.68291976,-11.77,39.70,1084.56,23.5046,BULLISH,COUNTER
2026.08.24 04:45_BUY,XAUUSD,PERIOD_M5,PERIOD_M15,2026.08.24 04:45:00,1787546700045,2026.08.24 04:45:00,BUY,OK,4,45,1,4618.07,4618.46,4618.26,39.0,0.8445,4616.28351641,4616.49767492,4616.66281313,4616.65061357,37.93,15.29,1.22,0.0264,0.0264,879.71,19.0486,0.044333,4614.02,4618.31,4608.29,4618.18,BULLISH,416.00,1002.00,0.415170,1.139006,8.1701,8.1701,4615.52853419,4604.68291976,4615.78105474,4605.21221703,25.25,52.93,1056.88,22.8849,BULLISH,ALIGNED
2026.08.24 07:35_SELL,XAUUSD,PERIOD_M5,PERIOD_M15,2026.08.24 07:35:00,1787556900271,2026.08.24 07:35:00,SELL,OK,7,35,1,4635.45,4635.89,4635.67,44.0,0.9492,4639.65330570,4639.48760401,4638.83064456,4639.12873092,-82.27,-35.89,-29.81,-0.6430,0.6430,496.50,10.7104,0.088620,4640.38,4640.73,4632.78,4635.54,BEARISH,484.00,795.00,0.608805,1.601208,-9.7843,9.7843,4632.31813231,4617.38361104,4633.08783399,4618.28621453,76.97,90.26,1480.16,31.9298,BULLISH,COUNTER
2026.08.24 08:15_BUY,XAUUSD,PERIOD_M5,PERIOD_M15,2026.08.24 08:15:00,1787559300037,2026.08.24 08:15:00,BUY,OK,8,15,1,4643.31,4643.73,4643.52,42.0,0.9045,4638.86315226,4638.88637995,4639.78052181,4639.30125450,91.74,41.49,47.93,1.0321,1.0321,457.64,9.8555,0.091775,4639.85,4643.53,4638.97,4643.45,BULLISH,360.00,456.00,0.789474,0.996410,10.0889,10.0889,4634.05915662,4619.83528685,4634.95352266,4620.76135403,89.44,92.61,1419.22,30.5634,BULLISH,ALIGNED
2026.08.24 08:35_SELL,XAUUSD,PERIOD_M5,PERIOD_M15,2026.08.24 08:35:00,1787560500023,2026.08.24 08:35:00,SELL,OK,8,35,1,4632.67,4632.89,4632.78,22.0,0.4749,4639.21082717,4639.20536026,4637.88066173,4638.60123660,-133.02,-60.41,-72.06,-1.5554,1.5554,481.79,10.3995,0.045663,4635.84,4639.43,4629.56,4632.56,BEARISH,328.00,987.00,0.332320,2.048629,-22.9152,22.9152,4634.95352266,4620.76135403,4635.04175860,4621.35424211,8.82,59.29,1368.75,29.5449,BULLISH,COUNTER
2026.08.24 09:05_BUY,XAUUSD,PERIOD_M5,PERIOD_M15,2026.08.24 09:05:00,1787562300039,2026.08.24 09:05:00,BUY,OK,9,5,1,4644.79,4645.20,4644.99,41.0,0.8827,4637.77612724,4638.07628118,4639.17890179,4638.68661925,140.28,61.03,49.23,1.0598,1.0598,571.29,12.2990,0.071768,4640.69,4645.86,4639.29,4644.79,BULLISH,410.00,657.00,0.624049,1.150038,13.3230,13.3230,4634.86921016,4621.81995810,4635.43404729,4622.56427347,56.48,74.43,1286.98,27.7068,BULLISH,ALIGNED
2026.08.24 10:45_SELL,XAUUSD,PERIOD_M5,PERIOD_M15,2026.08.24 10:45:00,1787568300011,2026.08.24 10:45:00,SELL,OK,10,45,1,4634.76,4634.97,4634.86,21.0,0.4531,4645.70930345,4645.56086613,4643.51944276,4644.57896921,-218.99,-98.19,-105.95,-2.2860,2.2860,634.57,13.6913,0.033093,4644.46,4644.98,4634.69,4634.76,BEARISH,970.00,1029.00,0.942663,1.621567,-16.7796,16.7796,4640.30918122,4627.63879928,4639.78068777,4627.91806206,-52.85,27.93,1186.26,25.5943,BULLISH,COUNTER
2026.08.24 12:10_BUY,XAUUSD,PERIOD_M5,PERIOD_M15,2026.08.24 12:10:00,1787573400833,2026.08.24 12:10:00,BUY,OK,12,10,1,4642.08,4642.36,4642.22,28.0,0.6032,4639.89092417,4640.07998528,4640.33473934,4640.26453207,44.38,18.45,7.02,0.1512,0.1512,617.93,13.3111,0.045313,4642.49,4644.66,4640.28,4642.11,BEARISH,38.00,438.00,0.086758,0.708820,1.1849,1.1849,4639.34741086,4629.47159708,4639.20384792,4629.79976975,-14.36,32.82,940.41,20.2577,BULLISH,ALIGNED
2026.08.24 12:20_SELL,XAUUSD,PERIOD_M5,PERIOD_M15,2026.08.24 12:20:00,1787574000057,2026.08.24 12:20:00,SELL,OK,12,20,1,4636.58,4636.96,4636.77,38.0,0.8195,4640.63979147,4640.40957461,4639.83183318,4640.06324964,-80.80,-34.63,-23.14,-0.4991,0.4991,576.64,12.4363,0.065899,4641.84,4641.95,4634.70,4636.60,BEARISH,524.00,725.00,0.722759,1.257277,-12.2569,12.2569,4639.20384792,4629.79976975,4639.45681478,4630.27271995,25.30,47.30,918.41,19.8071,BULLISH,COUNTER
2026.08.24 12:55_BUY,XAUUSD,PERIOD_M5,PERIOD_M15,2026.08.24 12:55:00,1787576100138,2026.08.24 12:55:00,BUY,OK,12,55,1,4644.24,4644.59,4644.41,35.0,0.7536,4639.18123256,4639.33700546,4640.18698604,4639.78000497,100.58,44.30,40.70,0.8763,0.8763,474.93,10.2258,0.073695,4643.94,4645.31,4641.60,4644.21,BULLISH,27.00,371.00,0.072776,0.781170,15.5920,15.5920,4639.11330861,4630.49143682,4639.10918398,4630.82785106,-0.41,33.64,828.13,17.8307,BULLISH,ALIGNED
2026.08.24 14:25_SELL,XAUUSD,PERIOD_M5,PERIOD_M15,2026.08.24 14:25:00,1787581500052,2026.08.24 14:25:00,SELL,OK,14,25,1,4641.22,4641.68,4641.45,46.0,0.9911,4643.93844738,4643.67557286,4643.39275790,4643.45142987,-54.57,-22.41,-5.87,-0.1264,0.1264,453.93,9.7799,0.101338,4644.58,4645.76,4640.33,4641.21,BEARISH,337.00,543.00,0.620626,1.196223,1.6378,-1.6378,4641.31964222,4633.36616066,4641.40634296,4633.71376220,8.67,34.76,769.26,16.5737,BULLISH,COUNTER
2026.08.24 14:30_BUY,XAUUSD,PERIOD_M5,PERIOD_M15,2026.08.24 14:30:00,1787581800034,2026.08.24 14:30:00,BUY,OK,14,30,1,4646.43,4646.80,4646.61,37.0,0.7963,4643.39275790,4643.45142987,4644.01020632,4643.72675443,61.74,27.53,28.35,0.6100,0.6100,486.86,10.4777,0.075998,4641.22,4647.55,4640.66,4646.48,BULLISH,526.00,689.00,0.763425,1.415200,9.1551,9.1551,4641.40634296,4633.71376220,4641.88954839,4634.21439898,48.32,50.06,767.51,16.5177,BULLISH,ALIGNED
2026.08.24 18:45_SELL,XAUUSD,PERIOD_M5,PERIOD_M15,2026.08.24 18:45:00,1787597100150,2026.08.24 18:45:00,SELL,OK,18,45,1,4660.60,4660.87,4660.74,27.0,0.5793,4671.65340420,4670.48017064,4669.45272336,4669.58651876,-220.07,-89.37,-13.38,-0.2871,0.2871,745.50,15.9953,0.036217,4668.38,4668.50,4659.57,4660.65,BEARISH,773.00,893.00,0.865622,1.197854,-32.3156,32.3156,4662.92970735,4649.68138202,4662.71259237,4650.11152390,-21.71,43.01,1260.11,27.0367,BULLISH,COUNTER
2026.08.24 22:30_BUY,XAUUSD,PERIOD_M5,PERIOD_M15,2026.08.24 22:30:00,1787610600082,2026.08.24 22:30:00,BUY,OK,22,30,1,4641.45,4641.61,4641.53,16.0,0.3447,4638.46826556,4638.67283179,4639.06461244,4638.92530163,59.63,25.25,13.93,0.3001,0.3001,537.43,11.5787,0.029771,4642.28,4642.88,4640.04,4641.45,BEARISH,83.00,284.00,0.292254,0.528442,11.2591,11.2591,4646.42635574,4646.95420768,4645.95241710,4646.73835640,-47.39,-21.59,-78.59,-1.6933,BEARISH,COUNTER
2026.08.25 04:25_SELL,XAUUSD,PERIOD_M5,PERIOD_M15,2026.08.25 04:25:00,1787631900143,2026.08.25 04:25:00,SELL,OK,4,25,2,4666.84,4667.33,4667.09,49.0,1.0499,4681.67204198,4680.23355664,4678.71763358,4679.02141513,-295.44,-121.21,-30.38,-0.6509,0.6509,822.71,17.6280,0.059559,4677.87,4677.89,4666.00,4666.90,BEARISH,1097.00,1189.00,0.922624,1.445216,-24.8582,24.8582,4668.61932829,4658.04086316,4669.51748750,4658.82553520,89.82,78.47,1069.20,22.9093,BULLISH,COUNTER
2026.08.25 08:20_BUY,XAUUSD,PERIOD_M5,PERIOD_M15,2026.08.25 08:20:00,1787646000014,2026.08.25 08:20:00,BUY,OK,8,20,2,4644.12,4644.54,4644.33,42.0,0.9043,4631.64353476,4633.11461248,4634.14682781,4634.11873862,250.33,100.41,2.81,0.0605,0.0605,459.64,9.8969,0.091375,4637.84,4644.18,4637.74,4644.16,BULLISH,632.00,644.00,0.981366,1.401088,32.3816,32.3816,4643.72221389,4649.86626935,4643.16962209,4649.39778820,-55.26,-46.85,-622.82,-13.4103,BEARISH,COUNTER
2026.08.25 10:10_SELL,XAUUSD,PERIOD_M5,PERIOD_M15,2026.08.25 10:10:00,1787652600021,2026.08.25 10:10:00,SELL,OK,10,10,2,4641.14,4641.43,4641.28,29.0,0.6248,4643.93842384,4643.60566648,4643.37673907,4643.38060589,-56.17,-22.51,-0.39,-0.0083,0.0083,455.57,9.8156,0.063656,4639.83,4642.01,4636.38,4641.13,BULLISH,130.00,563.00,0.230906,1.235811,0.1508,-0.1508,4644.59555675,4648.69274120,4643.99312277,4648.28400625,-60.24,-40.87,-429.09,-9.2450,BEARISH,ALIGNED
2026.08.25 12:50_BUY,XAUUSD,PERIOD_M5,PERIOD_M15,2026.08.25 12:50:00,1787662200096,2026.08.25 12:50:00,BUY,OK,12,50,2,4640.51,4640.81,4640.66,30.0,0.6465,4632.19228808,4632.29104227,4633.84583046,4633.03367479,165.35,74.26,81.22,1.7501,1.7501,608.71,13.1170,0.049284,4636.98,4640.57,4636.44,4640.46,BULLISH,348.00,413.00,0.842615,0.678479,7.5912,7.5912,4636.00240940,4642.87124331,4636.11075136,4642.64648867,10.83,-22.48,-653.57,-14.0836,BEARISH,COUNTER
2026.08.25 15:20_SELL,XAUUSD,PERIOD_M5,PERIOD_M15,2026.08.25 15:20:00,1787671200040,2026.08.25 15:20:00,SELL,OK,15,20,2,4635.62,4635.84,4635.73,22.0,0.4746,4640.17152599,4639.85175646,4639.26322079,4639.46796041,-90.83,-38.38,-20.47,-0.4417,0.4417,459.64,9.9152,0.047863,4638.90,4639.12,4632.98,4635.63,BEARISH,327.00,614.00,0.532573,1.335820,-2.0921,2.0921,4638.09627167,4641.56137923,4638.18996008,4641.46407024,9.37,-9.73,-327.41,-7.0628,BEARISH,ALIGNED
2026.08.25 16:00_BUY,XAUUSD,PERIOD_M5,PERIOD_M15,2026.08.25 16:00:00,1787673600088,2026.08.25 16:00:00,BUY,OK,16,0,2,4640.61,4641.30,4640.95,69.0,1.4868,4637.85114495,4638.17139621,4638.42291596,4638.40217837,57.18,23.08,2.07,0.0447,0.0447,548.93,11.8279,0.125699,4640.99,4641.25,4638.50,4640.71,BEARISH,28.00,275.00,0.101818,0.500976,5.0664,5.0664,4638.12688342,4641.18431859,4638.37289452,4641.16571786,24.60,-1.86,-279.28,-6.0178,BEARISH,COUNTER
2026.08.25 16:05_SELL,XAUUSD,PERIOD_M5,PERIOD_M15,2026.08.25 16:05:00,1787673900110,2026.08.25 16:05:00,SELL,OK,16,5,2,4634.50,4634.95,4634.73,45.0,0.9709,4638.42291596,4638.40217837,4637.63833277,4638.04743488,-78.46,-35.47,-40.91,-0.8827,0.8827,586.79,12.6606,0.076689,4640.61,4641.18,4630.01,4634.50,BEARISH,611.00,1117.00,0.547001,1.903591,-12.6068,12.6068,4638.12688342,4641.18431859,4638.37289452,4641.16571786,24.60,-1.86,-279.28,-6.0259,BEARISH,ALIGNED
2026.08.25 17:40_BUY,XAUUSD,PERIOD_M5,PERIOD_M15,2026.08.25 17:40:00,1787679600081,2026.08.25 17:40:00,BUY,OK,17,40,2,4636.51,4636.93,4636.72,42.0,0.9058,4622.62501962,4623.48169685,4625.41801570,4624.67336078,279.30,119.17,74.47,1.6060,1.6060,925.50,19.9602,0.045381,4629.62,4637.27,4629.56,4636.59,BULLISH,697.00,771.00,0.904021,0.833063,23.9324,23.9324,4629.99832214,4636.78391926,4629.41562479,4636.27788321,-58.27,-50.60,-686.23,-14.7998,BEARISH,COUNTER
2026.08.25 20:10_SELL,XAUUSD,PERIOD_M5,PERIOD_M15,2026.08.25 20:10:00,1787688600090,2026.08.25 20:10:00,SELL,OK,20,10,2,4636.10,4636.37,4636.24,27.0,0.5824,4642.98268850,4642.31183820,4641.60215080,4641.74530746,-138.05,-56.65,-14.32,-0.3088,0.3088,467.43,10.0821,0.057763,4640.25,4640.43,4635.06,4636.08,BEARISH,417.00,537.00,0.776536,1.148839,-16.4308,16.4308,4637.71583432,4638.30011557,4638.26289772,4638.50246398,54.71,20.23,-23.96,-0.5167,BEARISH,ALIGNED
2026.08.25 20:50_BUY,XAUUSD,PERIOD_M5,PERIOD_M15,2026.08.25 20:50:00,1787691000010,2026.08.25 20:50:00,BUY,OK,20,50,2,4645.92,4646.22,4646.07,30.0,0.6457,4640.80518373,4641.03210952,4641.82414698,4641.47464501,101.90,44.25,34.95,0.7523,0.7523,480.07,10.3328,0.062491,4642.83,4646.66,4642.69,4645.90,BULLISH,307.00,397.00,0.773300,0.826960,16.6445,16.6445,4638.10713396,4638.41897579,4638.55978787,4638.59313360,45.27,17.42,-3.33,-0.0718,BEARISH,COUNTER
2026.08.26 02:35_SELL,XAUUSD,PERIOD_M5,PERIOD_M15,2026.08.26 02:35:00,1787711700384,2026.08.26 02:35:00,SELL,OK,2,35,3,4660.14,4660.54,4660.34,40.0,0.8583,4666.18040698,4665.50053269,4664.95632558,4665.00593881,-122.41,-49.46,-4.96,-0.1065,0.1065,269.43,5.7813,0.148462,4660.83,4661.23,4658.25,4660.06,BEARISH,77.00,298.00,0.258389,1.106045,-15.2555,15.2555,4657.13063417,4648.39195172,4657.48295473,4648.87971832,35.23,48.78,860.32,18.4605,BULLISH,COUNTER
2026.08.26 05:00_BUY,XAUUSD,PERIOD_M5,PERIOD_M15,2026.08.26 05:00:00,1787720400042,2026.08.26 05:00:00,BUY,OK,5,0,3,4656.94,4657.37,4657.15,43.0,0.9233,4646.37599356,4646.81040379,4648.48279485,4647.72854890,210.68,91.81,75.42,1.6195,1.6195,681.29,14.6288,0.063116,4651.78,4660.75,4651.49,4656.91,BULLISH,513.00,926.00,0.553996,1.359195,26.5039,26.5039,4650.10022882,4647.89704185,4650.74877845,4648.25049119,64.85,35.34,249.83,5.3644,BULLISH,ALIGNED
2026.08.26 06:20_SELL,XAUUSD,PERIOD_M5,PERIOD_M15,2026.08.26 06:20:00,1787725200086,2026.08.26 06:20:00,SELL,OK,6,20,3,4647.44,4647.83,4647.64,39.0,0.8391,4656.07374323,4655.80047079,4654.31899459,4655.02770072,-175.47,-77.28,-70.87,-1.5249,1.5249,476.93,10.2617,0.081773,4648.10,4648.56,4645.82,4647.30,BEARISH,80.00,274.00,0.291971,0.574510,-20.2074,20.2074,4654.15980747,4650.14672058,4653.58649247,4650.06802565,-57.33,-7.87,351.85,7.5704,BULLISH,COUNTER
2026.08.26 15:05_BUY,XAUUSD,PERIOD_M5,PERIOD_M15,2026.08.26 15:05:00,1787756700007,2026.08.26 15:05:00,BUY,OK,15,5,3,4627.31,4627.67,4627.49,36.0,0.7780,4620.27862290,4620.49600099,4621.67489832,4621.11090999,139.63,61.49,56.40,1.2188,1.2188,395.86,8.5545,0.090942,4624.57,4629.13,4623.60,4627.26,BULLISH,269.00,553.00,0.486438,1.396969,19.3143,19.3143,4624.89992742,4633.51154027,4624.86850576,4633.16089163,-3.14,-35.06,-829.24,-17.9198,BEARISH,COUNTER
2026.08.26 15:55_SELL,XAUUSD,PERIOD_M5,PERIOD_M15,2026.08.26 15:55:00,1787759700032,2026.08.26 15:55:00,SELL,OK,15,55,3,4616.24,4616.57,4616.40,33.0,0.7148,4624.11163264,4623.36717095,4622.51330611,4622.70833723,-159.83,-65.88,-19.50,-0.4225,0.4225,708.86,15.3552,0.046554,4623.84,4626.22,4610.70,4616.12,BEARISH,772.00,1552.00,0.497423,2.189440,-12.7434,12.7434,4625.42805120,4632.75476386,4625.14918918,4632.35261626,-27.89,-40.21,-720.34,-15.6040,BEARISH,ALIGNED
2026.08.26 16:55_BUY,XAUUSD,PERIOD_M5,PERIOD_M15,2026.08.26 16:55:00,1787763300079,2026.08.26 16:55:00,BUY,OK,16,55,3,4623.75,4624.20,4623.98,45.0,0.9732,4616.96257630,4617.61474329,4618.32006104,4618.17249390,135.75,55.78,14.76,0.3191,0.3191,897.00,19.3989,0.050167,4625.40,4628.78,4622.52,4623.75,BEARISH,165.00,626.00,0.263578,0.697882,22.8257,22.8257,4621.76238512,4630.06805611,4621.55834844,4629.65832842,-20.40,-40.97,-810.00,-17.5174,BEARISH,COUNTER
2026.08.26 17:40_SELL,XAUUSD,PERIOD_M5,PERIOD_M15,2026.08.26 17:40:00,1787766000094,2026.08.26 17:40:00,SELL,OK,17,40,3,4617.00,4617.30,4617.15,30.0,0.6498,4620.11927099,4619.87551254,4619.46941679,4619.60228413,-64.99,-27.32,-13.29,-0.2878,0.2878,703.64,15.2398,0.042635,4618.21,4618.58,4612.68,4616.87,BEARISH,134.00,590.00,0.227119,0.838494,-8.9591,8.9591,4622.28000859,4629.35446618,4621.73810301,4628.85389888,-54.19,-50.06,-711.58,-15.4117,BEARISH,ALIGNED
2026.08.26 17:45_BUY,XAUUSD,PERIOD_M5,PERIOD_M15,2026.08.26 17:45:00,1787766300044,2026.08.26 17:45:00,BUY,OK,17,45,3,4621.84,4622.16,4622.00,32.0,0.6923,4619.46941679,4619.60228413,4619.95753343,4619.81207648,48.81,20.98,14.55,0.3147,0.3147,684.29,14.8050,0.046764,4617.00,4622.85,4616.81,4621.91,BULLISH,491.00,604.00,0.812914,0.882672,11.5237,11.5237,4621.73810301,4628.85389888,4621.75447415,4628.58158912,1.64,-27.23,-682.71,-14.7709,BEARISH,COUNTER
2026.08.26 17:50_SELL,XAUUSD,PERIOD_M5,PERIOD_M15,2026.08.26 17:50:00,1787766600120,2026.08.26 17:50:00,SELL,OK,17,50,3,4612.38,4612.77,4612.58,39.0,0.8455,4619.95753343,4619.81207648,4618.51602675,4619.17006953,-144.15,-64.20,-65.40,-1.4180,1.4180,729.93,15.8248,0.053430,4621.84,4622.77,4611.76,4612.75,BEARISH,909.00,1101.00,0.825613,1.508367,-11.8660,11.8660,4621.73810301,4628.85389888,4621.75447415,4628.58158912,1.64,-27.23,-682.71,-14.8011,BEARISH,ALIGNED
2026.08.26 20:55_BUY,XAUUSD,PERIOD_M5,PERIOD_M15,2026.08.26 20:55:00,1787777700095,2026.08.26 20:55:00,BUY,OK,20,55,3,4597.32,4597.62,4597.47,30.0,0.6525,4596.86851421,4596.90286085,4596.95881137,4596.94078259,9.03,3.79,1.80,0.0392,0.0392,415.79,9.0438,0.072153,4598.33,4599.35,4597.14,4597.32,BEARISH,101.00,221.00,0.457014,0.531524,1.5446,1.5446,4604.22699986,4616.88079230,4603.55109511,4616.10625143,-67.59,-77.45,-1255.52,-27.3088,BEARISH,COUNTER
2026.08.26 21:30_SELL,XAUUSD,PERIOD_M5,PERIOD_M15,2026.08.26 21:30:00,1787779800060,2026.08.26 21:30:00,SELL,OK,21,30,3,4594.72,4595.01,4594.86,29.0,0.6311,4597.62816201,4597.57967694,4597.05452961,4597.32334267,-57.36,-25.63,-26.88,-0.5850,0.5850,405.00,8.8142,0.071605,4593.92,4595.34,4592.99,4594.76,BULLISH,84.00,235.00,0.357447,0.580247,-11.8256,11.8256,4602.73293727,4614.79123017,4601.97360991,4614.00569174,-75.93,-78.55,-1203.21,-26.1859,BEARISH,ALIGNED
2026.08.27 01:05_BUY,XAUUSD,PERIOD_M5,PERIOD_M15,2026.08.27 01:05:00,1787792700052,2026.08.27 01:05:00,BUY,OK,1,5,4,4603.13,4604.00,4603.57,87.0,1.8898,4595.01489562,4595.40425351,4596.55991650,4596.07113955,154.50,66.69,48.88,1.0617,1.0617,379.43,8.2421,0.229292,4593.63,4606.31,4593.60,4602.74,BULLISH,911.00,1271.00,0.716758,3.349774,16.7354,16.7354,4599.56468502,4610.70926507,4599.06423883,4610.06615663,-50.04,-64.31,-1100.19,-23.8987,BEARISH,COUNTER
2026.08.27 03:45_SELL,XAUUSD,PERIOD_M5,PERIOD_M15,2026.08.27 03:45:00,1787802300015,2026.08.27 03:45:00,SELL,OK,3,45,4,4605.83,4606.72,4606.27,89.0,1.9321,4617.24211797,4616.37264026,4614.96369438,4615.41603660,-227.84,-95.66,-45.23,-0.9820,0.9820,481.21,10.4469,0.184949,4612.26,4613.24,4605.06,4605.85,BEARISH,641.00,818.00,0.783619,1.699866,-28.2751,28.2751,4610.06038446,4611.89722714,4609.65939547,4611.66008098,-40.10,-23.71,-200.07,-4.3434,BEARISH,ALIGNED
2026.08.27 04:15_BUY,XAUUSD,PERIOD_M5,PERIOD_M15,2026.08.27 04:15:00,1787804100217,2026.08.27 04:15:00,BUY,OK,4,15,4,4624.69,4625.18,4624.93,49.0,1.0595,4612.07176737,4613.34610210,4614.58541390,4614.37282009,251.36,102.67,21.26,0.4597,0.4597,639.64,13.8303,0.076605,4616.13,4624.88,4616.13,4624.64,BULLISH,851.00,875.00,0.972571,1.367951,42.7583,42.7583,4609.21088161,4611.39694055,4610.68032146,4611.91627621,146.94,51.93,-123.60,-2.6724,BEARISH,COUNTER
2026.08.27 06:55_SELL,XAUUSD,PERIOD_M5,PERIOD_M15,2026.08.27 06:55:00,1787813700054,2026.08.27 06:55:00,SELL,OK,6,55,4,4626.71,4627.01,4626.86,30.0,0.6484,4631.50016903,4631.06098269,4630.53613522,4630.66271154,-96.40,-39.83,-12.66,-0.2736,0.2736,389.00,8.4074,0.077121,4627.48,4627.80,4625.64,4626.68,BEARISH,80.00,216.00,0.370370,0.555270,-11.9597,11.9597,4623.31374138,4617.86724802,4623.86386125,4618.30735594,55.01,44.01,555.65,12.0092,BULLISH,COUNTER
2026.08.27 14:10_BUY,XAUUSD,PERIOD_M5,PERIOD_M15,2026.08.27 14:10:00,1787839800242,2026.08.27 14:10:00,BUY,OK,14,10,4,4590.60,4590.85,4590.73,25.0,0.5446,4585.78291582,4586.29301956,4586.74633266,4586.68456323,96.34,39.15,6.18,0.1346,0.1346,461.50,10.0529,0.054171,4588.95,4591.22,4588.83,4590.60,BULLISH,165.00,239.00,0.690377,0.517876,3.4866,3.4866,4595.85311951,4605.37709239,4595.30044146,4604.77602994,-55.27,-60.11,-947.56,-20.6407,BEARISH,COUNTER
2026.08.27 15:45_SELL,XAUUSD,PERIOD_M5,PERIOD_M15,2026.08.27 15:45:00,1787845500010,2026.08.27 15:45:00,SELL,OK,15,45,4,4587.51,4587.77,4587.64,26.0,0.5667,4593.82709391,4593.34369125,4592.55967513,4592.81153750,-126.74,-53.22,-25.19,-0.5490,0.5490,418.21,9.1161,0.062169,4589.01,4590.31,4587.00,4587.49,BEARISH,152.00,331.00,0.459215,0.791460,-16.7567,16.7567,4595.23511520,4602.71662848,4594.49748519,4602.11950580,-73.76,-59.71,-762.20,-16.6143,BEARISH,ALIGNED
2026.08.27 17:45_BUY,XAUUSD,PERIOD_M5,PERIOD_M15,2026.08.27 17:45:00,1787852700111,2026.08.27 17:45:00,BUY,OK,17,45,4,4595.34,4595.66,4595.50,32.0,0.6963,4581.53421569,4581.88191355,4584.27137255,4583.09446687,273.72,121.26,117.69,2.5610,2.5610,841.71,18.3161,0.038018,4589.41,4597.36,4586.83,4595.22,BULLISH,581.00,1053.00,0.551757,1.251018,30.6252,30.6252,4587.31092649,4596.88069949,4588.06417158,4596.81557402,75.32,-6.51,-875.14,-19.0434,BEARISH,COUNTER
2026.08.27 21:10_SELL,XAUUSD,PERIOD_M5,PERIOD_M15,2026.08.27 21:10:00,1787865000045,2026.08.27 21:10:00,SELL,OK,21,10,4,4604.62,4604.85,4604.74,23.0,0.4995,4608.07192260,4607.95741177,4607.38153808,4607.65401070,-69.04,-30.34,-27.25,-0.5917,0.5917,379.79,8.2477,0.060560,4603.06,4608.00,4602.79,4604.62,BULLISH,156.00,521.00,0.299424,1.371826,-7.1616,7.1616,4601.30834127,4600.22551449,4601.79611829,4600.46882765,48.78,24.33,132.73,2.8824,BULLISH,COUNTER
2026.08.27 22:00_BUY,XAUUSD,PERIOD_M5,PERIOD_M15,2026.08.27 22:00:00,1787868000103,2026.08.27 22:00:00,BUY,OK,22,0,4,4610.48,4610.58,4610.53,10.0,0.2169,4605.75593693,4606.19469605,4606.66874954,4606.56972368,91.28,37.50,9.90,0.2148,0.2148,351.71,7.6285,0.028432,4609.26,4610.74,4608.70,4610.32,BULLISH,106.00,204.00,0.519608,0.580016,12.6616,12.6616,4602.32851910,4600.85309529,4603.08961252,4601.22434646,76.11,37.13,186.53,4.0457,BULLISH,ALIGNED
2026.08.28 01:05_SELL,XAUUSD,PERIOD_M5,PERIOD_M15,2026.08.28 01:05:00,1787879100005,2026.08.28 01:05:00,SELL,OK,1,5,5,4601.82,4602.34,4602.08,52.0,1.1299,4609.02009822,4608.67371081,4607.51007857,4608.01882801,-151.00,-65.49,-50.87,-1.1055,1.1055,470.64,10.2267,0.110487,4597.75,4607.17,4594.97,4601.47,BULLISH,372.00,1220.00,0.304918,2.592199,-19.0012,19.0012,4604.92881462,4602.24943677,4605.33273704,4602.52083140,40.39,27.14,281.19,6.1101,BULLISH,COUNTER
2026.08.28 01:55_BUY,XAUUSD,PERIOD_M5,PERIOD_M15,2026.08.28 01:55:00,1787882100005,2026.08.28 01:55:00,BUY,OK,1,55,5,4608.90,4609.48,4609.19,58.0,1.2584,4607.56737481,4607.62324139,4607.83189985,4607.73840126,26.45,11.52,9.35,0.2029,0.2029,369.50,8.0166,0.156969,4607.39,4609.92,4606.55,4608.89,BULLISH,150.00,337.00,0.445104,0.912043,-0.6075,-0.6075,4605.48099336,4602.79666136,4605.68185114,4602.98463543,20.09,18.80,269.72,5.8518,BULLISH,ALIGNED
2026.08.28 02:15_SELL,XAUUSD,PERIOD_M5,PERIOD_M15,2026.08.28 02:15:00,1787883300185,2026.08.28 02:15:00,SELL,OK,2,15,5,4602.79,4603.18,4602.99,39.0,0.8473,4607.86033272,4607.83466662,4606.84826618,4607.37696965,-101.21,-45.77,-52.87,-1.1486,1.1486,259.79,5.6439,0.150124,4605.14,4605.39,4602.74,4602.80,BEARISH,234.00,265.00,0.883019,1.020071,-16.9175,16.9175,4606.15024627,4603.28327717,4605.83117519,4603.26432513,-31.91,-1.90,256.69,5.5765,BULLISH,COUNTER
2026.08.28 06:25_BUY,XAUUSD,PERIOD_M5,PERIOD_M15,2026.08.28 06:25:00,1787898300037,2026.08.28 06:25:00,BUY,OK,6,25,5,4589.52,4589.85,4589.69,33.0,0.7190,4585.73228880,4585.80131518,4586.47183104,4586.13119562,73.95,32.99,34.06,0.7422,0.7422,381.79,8.3183,0.086436,4587.13,4589.71,4585.69,4589.43,BULLISH,230.00,402.00,0.572139,1.052947,6.7810,6.7810,4591.26499715,4596.57228433,4590.58261647,4596.08317514,-68.24,-48.91,-550.06,-11.9846,BEARISH,COUNTER
2026.08.28 06:40_SELL,XAUUSD,PERIOD_M5,PERIOD_M15,2026.08.28 06:40:00,1787899200150,2026.08.28 06:40:00,SELL,OK,6,40,5,4582.90,4583.24,4583.07,34.0,0.7419,4586.25477186,4586.10561621,4585.57981749,4585.81237837,-67.50,-29.32,-23.26,-0.5074,0.5074,391.86,8.5501,0.086766,4584.24,4584.24,4582.20,4582.88,BEARISH,136.00,204.00,0.666667,0.520598,-14.2719,14.2719,4590.58261647,4596.08317514,4590.32522443,4595.76148200,-25.74,-32.17,-543.63,-11.8616,BEARISH,ALIGNED
2026.08.28 09:25_BUY,XAUUSD,PERIOD_M5,PERIOD_M15,2026.08.28 09:25:00,1787909100342,2026.08.28 09:25:00,BUY,OK,9,25,5,4583.47,4583.75,4583.61,28.0,0.6109,4579.24658080,4579.57905862,4580.08326464,4579.92914420,83.67,35.01,15.41,0.3362,0.3362,442.64,9.6571,0.063256,4582.71,4585.55,4582.05,4583.43,BULLISH,72.00,350.00,0.205714,0.790705,6.1345,6.1345,4583.36172547,4590.47260997,4583.21298971,4590.13250762,-14.87,-34.01,-691.95,-15.0962,BEARISH,COUNTER
2026.08.28 12:10_SELL,XAUUSD,PERIOD_M5,PERIOD_M15,2026.08.28 12:10:00,1787919000100,2026.08.28 12:10:00,SELL,OK,12,10,5,4601.72,4602.04,4601.88,32.0,0.6954,4605.36930598,4605.16159348,4604.63144478,4604.84508498,-73.79,-31.65,-21.36,-0.4642,0.4642,342.29,7.4380,0.093489,4604.08,4604.21,4601.18,4601.68,BEARISH,240.00,303.00,0.792079,0.885225,-6.3632,6.3632,4597.23843278,4594.88707826,4597.76810585,4595.19738892,52.97,31.03,257.07,5.5862,BULLISH,COUNTER
2026.08.28 12:55_BUY,XAUUSD,PERIOD_M5,PERIOD_M15,2026.08.28 12:55:00,1787921700048,2026.08.28 12:55:00,BUY,OK,12,55,5,4606.94,4607.17,4607.06,23.0,0.4992,4603.56043893,4603.90791666,4604.23635114,4604.18356060,67.59,27.56,5.28,0.1146,0.1146,293.36,6.3676,0.078403,4604.53,4607.15,4604.40,4606.94,BULLISH,241.00,275.00,0.876364,0.937424,7.2552,7.2552,4598.47502542,4595.69447551,4599.00121348,4596.02018235,52.62,32.57,298.10,6.4706,BULLISH,ALIGNED
2026.08.28 13:45_SELL,XAUUSD,PERIOD_M5,PERIOD_M15,2026.08.28 13:45:00,1787924700008,2026.08.28 13:45:00,SELL,OK,13,45,5,4602.80,4602.99,4602.90,19.0,0.4128,4605.28415218,4604.99828689,4604.78332175,4604.79662445,-50.08,-20.17,-1.33,-0.0289,0.0289,299.07,6.4975,0.063530,4603.78,4604.19,4601.76,4602.78,BEARISH,100.00,243.00,0.411523,0.812515,-5.3417,5.3417,4600.89537450,4597.18328526,4601.07486264,4597.40276427,17.95,21.95,367.21,7.9778,BULLISH,COUNTER
2026.08.28 16:10_BUY,XAUUSD,PERIOD_M5,PERIOD_M15,2026.08.28 16:10:00,1787933400045,2026.08.28 16:10:00,BUY,OK,16,10,5,4600.24,4600.53,4600.39,29.0,0.6304,4596.71333609,4596.84075198,4597.41266887,4597.14704726,69.93,30.63,26.56,0.5774,0.5774,551.64,11.9912,0.052570,4599.25,4605.32,4598.79,4600.21,BULLISH,96.00,653.00,0.147014,1.183737,8.7899,8.7899,4598.43335410,4597.15367139,4598.73589180,4597.32842937,30.25,17.48,140.75,3.0594,BULLISH,ALIGNED
2026.08.28 17:05_SELL,XAUUSD,PERIOD_M5,PERIOD_M15,2026.08.28 17:05:00,1787936700005,2026.08.28 17:05:00,SELL,OK,17,5,5,4577.11,4577.56,4577.34,45.0,0.9831,4604.99155256,4602.00380883,4599.43124204,4599.74800802,-556.03,-225.58,-31.68,-0.6920,0.6920,1093.64,23.8926,0.041147,4604.67,4631.13,4573.74,4577.19,BEARISH,2748.00,5739.00,0.478829,5.247600,-70.6760,70.6760,4599.75664419,4597.91977134,4600.22458284,4598.18448618,46.79,26.47,204.01,4.4570,BULLISH,COUNTER
