candidate_id,research_join_key,symbol,entry_timeframe,signal_time,signal_time_msc,signal_bar_time,side,gate_result,gate_reason,research_horizon_minutes,m15_fast_ema_bar1,m15_slow_ema_bar1,m15_trend,entry_bid,entry_ask,entry_mid,spread_points
P2F4_CANDIDATE_S1,1780282500130_BUY,XAUUSD,PERIOD_M5,2026.06.01 02:55:00,1780282500130,2026.06.01 02:55:00,BUY,REJECT,SIDE_NOT_SELL,10,0.00000000,0.00000000,UNKNOWN,4544.25,4544.50,4544.38,25.0
P2F4_CANDIDATE_S1,1780282800047_SELL,XAUUSD,PERIOD_M5,2026.06.01 03:00:00,1780282800047,2026.06.01 03:00:00,SELL,REJECT,M15_NOT_BEARISH,10,4546.00905441,4541.60292106,BULLISH,4539.57,4539.82,4539.69,25.0
P2F4_CANDIDATE_S1,1780283100023_BUY,XAUUSD,PERIOD_M5,2026.06.01 03:05:00,1780283100023,2026.06.01 03:05:00,BUY,REJECT,SIDE_NOT_SELL,10,0.00000000,0.00000000,UNKNOWN,4544.79,4545.00,4544.90,21.0
P2F4_CANDIDATE_S1,1780284000034_SELL,XAUUSD,PERIOD_M5,2026.06.01 03:20:00,1780284000034,2026.06.01 03:20:00,SELL,REJECT,M15_NOT_BEARISH,10,4545.50628732,4541.56868886,BULLISH,4538.34,4538.55,4538.44,21.0
P2F4_CANDIDATE_S1,1780284600027_BUY,XAUUSD,PERIOD_M5,2026.06.01 03:30:00,1780284600027,2026.06.01 03:30:00,BUY,REJECT,SIDE_NOT_SELL,10,0.00000000,0.00000000,UNKNOWN,4543.18,4543.39,4543.28,21.0
P2F4_CANDIDATE_S1,1780284900019_SELL,XAUUSD,PERIOD_M5,2026.06.01 03:35:00,1780284900019,2026.06.01 03:35:00,SELL,REJECT,M15_NOT_BEARISH,10,4545.28473615,4541.63187754,BULLISH,4538.08,4538.29,4538.18,21.0
P2F4_CANDIDATE_S1,1780302300127_BUY,XAUUSD,PERIOD_M5,2026.06.01 08:25:00,1780302300127,2026.06.01 08:25:00,BUY,REJECT,SIDE_NOT_SELL,10,0.00000000,0.00000000,UNKNOWN,4522.49,4522.66,4522.57,17.0
P2F4_CANDIDATE_S1,1780305300197_SELL,XAUUSD,PERIOD_M5,2026.06.01 09:15:00,1780305300197,2026.06.01 09:15:00,SELL,ELIGIBLE,S1_SELL_M15_BEARISH,10,4521.78371144,4529.24064770,BEARISH,4514.15,4514.32,4514.23,17.0
P2F4_CANDIDATE_S1,1780316400057_BUY,XAUUSD,PERIOD_M5,2026.06.01 12:20:00,1780316400057,2026.06.01 12:20:00,BUY,REJECT,SIDE_NOT_SELL,10,0.00000000,0.00000000,UNKNOWN,4505.67,4505.84,4505.76,17.0
P2F4_CANDIDATE_S1,1780316700002_SELL,XAUUSD,PERIOD_M5,2026.06.01 12:25:00,1780316700002,2026.06.01 12:25:00,SELL,ELIGIBLE,S1_SELL_M15_BEARISH,10,4507.07227562,4518.62396131,BEARISH,4499.65,4499.82,4499.73,17.0
P2F4_CANDIDATE_S1,1780320000009_BUY,XAUUSD,PERIOD_M5,2026.06.01 13:20:00,1780320000009,2026.06.01 13:20:00,BUY,REJECT,SIDE_NOT_SELL,10,0.00000000,0.00000000,UNKNOWN,4500.19,4500.36,4500.27,17.0
P2F4_CANDIDATE_S1,1780327500017_SELL,XAUUSD,PERIOD_M5,2026.06.01 15:25:00,1780327500017,2026.06.01 15:25:00,SELL,ELIGIBLE,S1_SELL_M15_BEARISH,10,4504.90080699,4512.81040158,BEARISH,4501.90,4502.07,4501.98,17.0
P2F4_CANDIDATE_S1,1780329000024_BUY,XAUUSD,PERIOD_M5,2026.06.01 15:50:00,1780329000024,2026.06.01 15:50:00,BUY,REJECT,SIDE_NOT_SELL,10,0.00000000,0.00000000,UNKNOWN,4506.75,4506.92,4506.84,17.0
P2F4_CANDIDATE_S1,1780329600032_SELL,XAUUSD,PERIOD_M5,2026.06.01 16:00:00,1780329600032,2026.06.01 16:00:00,SELL,ELIGIBLE,S1_SELL_M15_BEARISH,10,4504.91509072,4511.92994968,BEARISH,4502.25,4502.42,4502.34,17.0
P2F4_CANDIDATE_S1,1780338900016_BUY,XAUUSD,PERIOD_M5,2026.06.01 18:35:00,1780338900016,2026.06.01 18:35:00,BUY,REJECT,SIDE_NOT_SELL,10,0.00000000,0.00000000,UNKNOWN,4477.17,4477.34,4477.26,17.0
P2F4_CANDIDATE_S1,1780353900068_SELL,XAUUSD,PERIOD_M5,2026.06.01 22:45:00,1780353900068,2026.06.01 22:45:00,SELL,ELIGIBLE,S1_SELL_M15_BEARISH,10,4482.26911430,4488.91130560,BEARISH,4483.52,4483.69,4483.60,17.0
P2F4_CANDIDATE_S1,1780365900123_BUY,XAUUSD,PERIOD_M5,2026.06.02 02:05:00,1780365900123,2026.06.02 02:05:00,BUY,REJECT,SIDE_NOT_SELL,10,0.00000000,0.00000000,UNKNOWN,4486.38,4486.63,4486.51,25.0
P2F4_CANDIDATE_S1,1780368600011_SELL,XAUUSD,PERIOD_M5,2026.06.02 02:50:00,1780368600011,2026.06.02 02:50:00,SELL,ELIGIBLE,S1_SELL_M15_BEARISH,10,4483.33570828,4487.57689582,BEARISH,4481.12,4481.37,4481.24,25.0
P2F4_CANDIDATE_S1,1780370700078_BUY,XAUUSD,PERIOD_M5,2026.06.02 03:25:00,1780370700078,2026.06.02 03:25:00,BUY,REJECT,SIDE_NOT_SELL,10,0.00000000,0.00000000,UNKNOWN,4489.66,4489.87,4489.76,21.0
P2F4_CANDIDATE_S1,1780372800001_SELL,XAUUSD,PERIOD_M5,2026.06.02 04:00:00,1780372800001,2026.06.02 04:00:00,SELL,ELIGIBLE,S1_SELL_M15_BEARISH,10,4484.22108901,4487.21909401,BEARISH,4481.37,4481.58,4481.48,21.0
P2F4_CANDIDATE_S1,1780374600023_BUY,XAUUSD,PERIOD_M5,2026.06.02 04:30:00,1780374600023,2026.06.02 04:30:00,BUY,REJECT,SIDE_NOT_SELL,10,0.00000000,0.00000000,UNKNOWN,4486.39,4486.60,4486.50,21.0
P2F4_CANDIDATE_S1,1780375200009_SELL,XAUUSD,PERIOD_M5,2026.06.02 04:40:00,1780375200009,2026.06.02 04:40:00,SELL,ELIGIBLE,S1_SELL_M15_BEARISH,10,4484.91440619,4487.28646087,BEARISH,4481.86,4482.07,4481.97,21.0
P2F4_CANDIDATE_S1,1780380300294_BUY,XAUUSD,PERIOD_M5,2026.06.02 06:05:00,1780380300294,2026.06.02 06:05:00,BUY,REJECT,SIDE_NOT_SELL,10,0.00000000,0.00000000,UNKNOWN,4488.10,4488.31,4488.20,21.0
P2F4_CANDIDATE_S1,1780400700064_SELL,XAUUSD,PERIOD_M5,2026.06.02 11:45:00,1780400700064,2026.06.02 11:45:00,SELL,REJECT,M15_NOT_BEARISH,10,4522.70140250,4508.21580253,BULLISH,4528.79,4528.96,4528.88,17.0
P2F4_CANDIDATE_S1,1780408500467_BUY,XAUUSD,PERIOD_M5,2026.06.02 13:55:00,1780408500467,2026.06.02 13:55:00,BUY,REJECT,SIDE_NOT_SELL,10,0.00000000,0.00000000,UNKNOWN,4532.33,4532.50,4532.41,17.0
P2F4_CANDIDATE_S1,1780411200059_SELL,XAUUSD,PERIOD_M5,2026.06.02 14:40:00,1780411200059,2026.06.02 14:40:00,SELL,REJECT,M15_NOT_BEARISH,10,4527.14094007,4515.70144626,BULLISH,4527.36,4527.53,4527.44,17.0
P2F4_CANDIDATE_S1,1780448700043_BUY,XAUUSD,PERIOD_M5,2026.06.03 01:05:00,1780448700043,2026.06.03 01:05:00,BUY,REJECT,SIDE_NOT_SELL,10,0.00000000,0.00000000,UNKNOWN,4490.18,4490.80,4490.49,62.0
P2F4_CANDIDATE_S1,1780452000017_SELL,XAUUSD,PERIOD_M5,2026.06.03 02:00:00,1780452000017,2026.06.03 02:00:00,SELL,ELIGIBLE,S1_SELL_M15_BEARISH,10,4490.93673941,4499.11441775,BEARISH,4484.76,4485.01,4484.89,25.0
P2F4_CANDIDATE_S1,1780457700060_BUY,XAUUSD,PERIOD_M5,2026.06.03 03:35:00,1780457700060,2026.06.03 03:35:00,BUY,REJECT,SIDE_NOT_SELL,10,0.00000000,0.00000000,UNKNOWN,4485.09,4485.27,4485.18,18.0
P2F4_CANDIDATE_S1,1780460100006_SELL,XAUUSD,PERIOD_M5,2026.06.03 04:15:00,1780460100006,2026.06.03 04:15:00,SELL,ELIGIBLE,S1_SELL_M15_BEARISH,10,4484.04117138,4492.98559261,BEARISH,4471.36,4471.57,4471.47,21.0
P2F4_CANDIDATE_S1,1780464300071_BUY,XAUUSD,PERIOD_M5,2026.06.03 05:25:00,1780464300071,2026.06.03 05:25:00,BUY,REJECT,SIDE_NOT_SELL,10,0.00000000,0.00000000,UNKNOWN,4478.31,4478.52,4478.42,21.0
P2F4_CANDIDATE_S1,1780471800004_SELL,XAUUSD,PERIOD_M5,2026.06.03 07:30:00,1780471800004,2026.06.03 07:30:00,SELL,ELIGIBLE,S1_SELL_M15_BEARISH,10,4481.81052596,4487.81690239,BEARISH,4477.09,4477.30,4477.19,21.0
P2F4_CANDIDATE_S1,1780492500044_BUY,XAUUSD,PERIOD_M5,2026.06.03 13:15:00,1780492500044,2026.06.03 13:15:00,BUY,REJECT,SIDE_NOT_SELL,10,0.00000000,0.00000000,UNKNOWN,4463.01,4463.18,4463.10,17.0
P2F4_CANDIDATE_S1,1780500300041_SELL,XAUUSD,PERIOD_M5,2026.06.03 15:25:00,1780500300041,2026.06.03 15:25:00,SELL,ELIGIBLE,S1_SELL_M15_BEARISH,10,4458.96354113,4466.74894180,BEARISH,4457.92,4458.09,4458.01,17.0
P2F4_CANDIDATE_S1,1780502700109_BUY,XAUUSD,PERIOD_M5,2026.06.03 16:05:00,1780502700109,2026.06.03 16:05:00,BUY,REJECT,SIDE_NOT_SELL,10,0.00000000,0.00000000,UNKNOWN,4463.25,4463.42,4463.34,17.0
P2F4_CANDIDATE_S1,1780503900034_SELL,XAUUSD,PERIOD_M5,2026.06.03 16:25:00,1780503900034,2026.06.03 16:25:00,SELL,ELIGIBLE,S1_SELL_M15_BEARISH,10,4458.95915716,4465.56308713,BEARISH,4450.28,4450.45,4450.36,17.0
P2F4_CANDIDATE_S1,1780509300028_BUY,XAUUSD,PERIOD_M5,2026.06.03 17:55:00,1780509300028,2026.06.03 17:55:00,BUY,REJECT,SIDE_NOT_SELL,10,0.00000000,0.00000000,UNKNOWN,4458.75,4458.92,4458.84,17.0
P2F4_CANDIDATE_S1,1780510500038_SELL,XAUUSD,PERIOD_M5,2026.06.03 18:15:00,1780510500038,2026.06.03 18:15:00,SELL,ELIGIBLE,S1_SELL_M15_BEARISH,10,4453.07147565,4460.70299830,BEARISH,4445.93,4446.10,4446.02,17.0
P2F4_CANDIDATE_S1,1780524000036_BUY,XAUUSD,PERIOD_M5,2026.06.03 22:00:00,1780524000036,2026.06.03 22:00:00,BUY,REJECT,SIDE_NOT_SELL,10,0.00000000,0.00000000,UNKNOWN,4442.06,4442.23,4442.15,17.0
P2F4_CANDIDATE_S1,1780535100018_SELL,XAUUSD,PERIOD_M5,2026.06.04 01:05:00,1780535100018,2026.06.04 01:05:00,SELL,ELIGIBLE,S1_SELL_M15_BEARISH,10,4444.31358558,4450.81414175,BEARISH,4431.76,4433.01,4432.39,125.0
P2F4_CANDIDATE_S1,1780538700093_BUY,XAUUSD,PERIOD_M5,2026.06.04 02:05:00,1780538700093,2026.06.04 02:05:00,BUY,REJECT,SIDE_NOT_SELL,10,0.00000000,0.00000000,UNKNOWN,4446.37,4446.62,4446.49,25.0
P2F4_CANDIDATE_S1,1780555800096_SELL,XAUUSD,PERIOD_M5,2026.06.04 06:50:00,1780555800096,2026.06.04 06:50:00,SELL,REJECT,M15_NOT_BEARISH,10,4459.61127276,4455.25133068,BULLISH,4459.75,4459.96,4459.85,21.0
P2F4_CANDIDATE_S1,1780557300005_BUY,XAUUSD,PERIOD_M5,2026.06.04 07:15:00,1780557300005,2026.06.04 07:15:00,BUY,REJECT,SIDE_NOT_SELL,10,0.00000000,0.00000000,UNKNOWN,4471.07,4471.25,4471.16,18.0
P2F4_CANDIDATE_S1,1780563000004_SELL,XAUUSD,PERIOD_M5,2026.06.04 08:50:00,1780563000004,2026.06.04 08:50:00,SELL,REJECT,M15_NOT_BEARISH,10,4468.24972627,4460.66855481,BULLISH,4467.53,4467.70,4467.61,17.0
P2F4_CANDIDATE_S1,1780564500108_BUY,XAUUSD,PERIOD_M5,2026.06.04 09:15:00,1780564500108,2026.06.04 09:15:00,BUY,REJECT,SIDE_NOT_SELL,10,0.00000000,0.00000000,UNKNOWN,4473.86,4473.94,4473.90,8.0
P2F4_CANDIDATE_S1,1780564800058_SELL,XAUUSD,PERIOD_M5,2026.06.04 09:20:00,1780564800058,2026.06.04 09:20:00,SELL,REJECT,M15_NOT_BEARISH,10,4468.86678273,4461.50768939,BULLISH,4469.49,4469.66,4469.57,17.0
P2F4_CANDIDATE_S1,1780575000083_BUY,XAUUSD,PERIOD_M5,2026.06.04 12:10:00,1780575000083,2026.06.04 12:10:00,BUY,REJECT,SIDE_NOT_SELL,10,0.00000000,0.00000000,UNKNOWN,4468.49,4468.66,4468.57,17.0
P2F4_CANDIDATE_S1,1780575300013_SELL,XAUUSD,PERIOD_M5,2026.06.04 12:15:00,1780575300013,2026.06.04 12:15:00,SELL,REJECT,M15_NOT_BEARISH,10,4465.43320140,4462.58933732,BULLISH,4463.48,4463.65,4463.56,17.0
P2F4_CANDIDATE_S1,1780575600368_BUY,XAUUSD,PERIOD_M5,2026.06.04 12:20:00,1780575600368,2026.06.04 12:20:00,BUY,REJECT,SIDE_NOT_SELL,10,0.00000000,0.00000000,UNKNOWN,4466.13,4466.30,4466.22,17.0
P2F4_CANDIDATE_S1,1780593000012_SELL,XAUUSD,PERIOD_M5,2026.06.04 17:10:00,1780593000012,2026.06.04 17:10:00,SELL,REJECT,M15_NOT_BEARISH,10,4490.71552349,4477.72764971,BULLISH,4489.90,4490.07,4489.98,17.0
P2F4_CANDIDATE_S1,1780601100045_BUY,XAUUSD,PERIOD_M5,2026.06.04 19:25:00,1780601100045,2026.06.04 19:25:00,BUY,REJECT,SIDE_NOT_SELL,10,0.00000000,0.00000000,UNKNOWN,4484.30,4484.47,4484.39,17.0
P2F4_CANDIDATE_S1,1780604400015_SELL,XAUUSD,PERIOD_M5,2026.06.04 20:20:00,1780604400015,2026.06.04 20:20:00,SELL,REJECT,M15_NOT_BEARISH,10,4481.49464393,4477.76909837,BULLISH,4475.58,4475.75,4475.66,17.0
P2F4_CANDIDATE_S1,1780611000110_BUY,XAUUSD,PERIOD_M5,2026.06.04 22:10:00,1780611000110,2026.06.04 22:10:00,BUY,REJECT,SIDE_NOT_SELL,10,0.00000000,0.00000000,UNKNOWN,4478.44,4478.61,4478.52,17.0
P2F4_CANDIDATE_S1,1780621500016_SELL,XAUUSD,PERIOD_M5,2026.06.05 01:05:00,1780621500016,2026.06.05 01:05:00,SELL,REJECT,M15_NOT_BEARISH,10,4479.35933144,4477.89672915,BULLISH,4473.48,4474.38,4473.93,90.0
P2F4_CANDIDATE_S1,1780623600192_BUY,XAUUSD,PERIOD_M5,2026.06.05 01:40:00,1780623600192,2026.06.05 01:40:00,BUY,REJECT,SIDE_NOT_SELL,10,0.00000000,0.00000000,UNKNOWN,4479.15,4479.40,4479.27,25.0
P2F4_CANDIDATE_S1,1780623900080_SELL,XAUUSD,PERIOD_M5,2026.06.05 01:45:00,1780623900080,2026.06.05 01:45:00,SELL,REJECT,M15_NOT_BEARISH,10,4478.60071205,4477.73206254,BULLISH,4475.20,4475.45,4475.32,25.0
P2F4_CANDIDATE_S1,1780646400020_BUY,XAUUSD,PERIOD_M5,2026.06.05 08:00:00,1780646400020,2026.06.05 08:00:00,BUY,REJECT,SIDE_NOT_SELL,10,0.00000000,0.00000000,UNKNOWN,4444.99,4445.16,4445.07,17.0
P2F4_CANDIDATE_S1,1780650300042_SELL,XAUUSD,PERIOD_M5,2026.06.05 09:05:00,1780650300042,2026.06.05 09:05:00,SELL,ELIGIBLE,S1_SELL_M15_BEARISH,10,4447.06511850,4457.33444691,BEARISH,4437.52,4437.69,4437.60,17.0
P2F4_CANDIDATE_S1,1780652400036_BUY,XAUUSD,PERIOD_M5,2026.06.05 09:40:00,1780652400036,2026.06.05 09:40:00,BUY,REJECT,SIDE_NOT_SELL,10,0.00000000,0.00000000,UNKNOWN,4448.63,4448.80,4448.72,17.0
P2F4_CANDIDATE_S1,1780669200073_SELL,XAUUSD,PERIOD_M5,2026.06.05 14:20:00,1780669200073,2026.06.05 14:20:00,SELL,REJECT,M15_NOT_BEARISH,10,4460.99939597,4459.73203151,BULLISH,4461.79,4461.96,4461.88,17.0
P2F4_CANDIDATE_S1,1780671000029_BUY,XAUUSD,PERIOD_M5,2026.06.05 14:50:00,1780671000029,2026.06.05 14:50:00,BUY,REJECT,SIDE_NOT_SELL,10,0.00000000,0.00000000,UNKNOWN,4466.93,4467.10,4467.02,17.0
P2F4_CANDIDATE_S1,1780673700004_SELL,XAUUSD,PERIOD_M5,2026.06.05 15:35:00,1780673700004,2026.06.05 15:35:00,SELL,REJECT,M15_NOT_BEARISH,10,4463.40662762,4461.06804540,BULLISH,4452.89,4452.98,4452.93,9.0
P2F4_CANDIDATE_S1,1780692900014_BUY,XAUUSD,PERIOD_M5,2026.06.05 20:55:00,1780692900014,2026.06.05 20:55:00,BUY,REJECT,SIDE_NOT_SELL,10,0.00000000,0.00000000,UNKNOWN,4343.48,4343.65,4343.56,17.0
P2F4_CANDIDATE_S1,1780693500009_SELL,XAUUSD,PERIOD_M5,2026.06.05 21:05:00,1780693500009,2026.06.05 21:05:00,SELL,ELIGIBLE,S1_SELL_M15_BEARISH,10,4361.15726301,4399.27259819,BEARISH,4333.68,4333.82,4333.75,14.0
P2F4_CANDIDATE_S1,1780883100055_BUY,XAUUSD,PERIOD_M5,2026.06.08 01:45:00,1780883100055,2026.06.08 01:45:00,BUY,REJECT,SIDE_NOT_SELL,10,0.00000000,0.00000000,UNKNOWN,4325.96,4326.23,4326.09,27.0
P2F4_CANDIDATE_S1,1780883400031_SELL,XAUUSD,PERIOD_M5,2026.06.08 01:50:00,1780883400031,2026.06.08 01:50:00,SELL,ELIGIBLE,S1_SELL_M15_BEARISH,10,4334.90958400,4371.66349381,BEARISH,4322.48,4322.73,4322.60,25.0
P2F4_CANDIDATE_S1,1780884600019_BUY,XAUUSD,PERIOD_M5,2026.06.08 02:10:00,1780884600019,2026.06.08 02:10:00,BUY,REJECT,SIDE_NOT_SELL,10,0.00000000,0.00000000,UNKNOWN,4326.72,4326.97,4326.85,25.0
P2F4_CANDIDATE_S1,1780892100044_SELL,XAUUSD,PERIOD_M5,2026.06.08 04:15:00,1780892100044,2026.06.08 04:15:00,SELL,ELIGIBLE,S1_SELL_M15_BEARISH,10,4337.16698353,4360.54904381,BEARISH,4327.03,4327.24,4327.14,21.0
P2F4_CANDIDATE_S1,1780902900017_BUY,XAUUSD,PERIOD_M5,2026.06.08 07:15:00,1780902900017,2026.06.08 07:15:00,BUY,REJECT,SIDE_NOT_SELL,10,0.00000000,0.00000000,UNKNOWN,4318.75,4318.96,4318.85,21.0
P2F4_CANDIDATE_S1,1780904700039_SELL,XAUUSD,PERIOD_M5,2026.06.08 07:45:00,1780904700039,2026.06.08 07:45:00,SELL,ELIGIBLE,S1_SELL_M15_BEARISH,10,4319.85857004,4340.85970585,BEARISH,4307.67,4307.88,4307.77,21.0
P2F4_CANDIDATE_S1,1780914000047_BUY,XAUUSD,PERIOD_M5,2026.06.08 10:20:00,1780914000047,2026.06.08 10:20:00,BUY,REJECT,SIDE_NOT_SELL,10,0.00000000,0.00000000,UNKNOWN,4306.35,4306.52,4306.44,17.0
P2F4_CANDIDATE_S1,1780916100039_SELL,XAUUSD,PERIOD_M5,2026.06.08 10:55:00,1780916100039,2026.06.08 10:55:00,SELL,ELIGIBLE,S1_SELL_M15_BEARISH,10,4307.63812945,4326.20584213,BEARISH,4296.52,4296.69,4296.60,17.0
P2F4_CANDIDATE_S1,1780923600005_BUY,XAUUSD,PERIOD_M5,2026.06.08 13:00:00,1780923600005,2026.06.08 13:00:00,BUY,REJECT,SIDE_NOT_SELL,10,0.00000000,0.00000000,UNKNOWN,4294.34,4294.51,4294.43,17.0
P2F4_CANDIDATE_S1,1780938600031_SELL,XAUUSD,PERIOD_M5,2026.06.08 17:10:00,1780938600031,2026.06.08 17:10:00,SELL,REJECT,M15_NOT_BEARISH,10,4319.74029403,4318.88429701,BULLISH,4320.56,4320.73,4320.65,17.0
P2F4_CANDIDATE_S1,1780942200005_BUY,XAUUSD,PERIOD_M5,2026.06.08 18:10:00,1780942200005,2026.06.08 18:10:00,BUY,REJECT,SIDE_NOT_SELL,10,0.00000000,0.00000000,UNKNOWN,4328.53,4328.70,4328.61,17.0
P2F4_CANDIDATE_S1,1780951200012_SELL,XAUUSD,PERIOD_M5,2026.06.08 20:40:00,1780951200012,2026.06.08 20:40:00,SELL,REJECT,M15_NOT_BEARISH,10,4332.44319346,4325.84104678,BULLISH,4334.98,4335.15,4335.06,17.0
P2F4_CANDIDATE_S1,1780952700006_BUY,XAUUSD,PERIOD_M5,2026.06.08 21:05:00,1780952700006,2026.06.08 21:05:00,BUY,REJECT,SIDE_NOT_SELL,10,0.00000000,0.00000000,UNKNOWN,4343.83,4344.00,4343.91,17.0
P2F4_CANDIDATE_S1,1780955400066_SELL,XAUUSD,PERIOD_M5,2026.06.08 21:50:00,1780955400066,2026.06.08 21:50:00,SELL,REJECT,M15_NOT_BEARISH,10,4335.00566502,4328.20284436,BULLISH,4334.66,4334.83,4334.74,17.0
P2F4_CANDIDATE_S1,1780978500005_BUY,XAUUSD,PERIOD_M5,2026.06.09 04:15:00,1780978500005,2026.06.09 04:15:00,BUY,REJECT,SIDE_NOT_SELL,10,0.00000000,0.00000000,UNKNOWN,4324.01,4324.22,4324.11,21.0
P2F4_CANDIDATE_S1,1780989600277_SELL,XAUUSD,PERIOD_M5,2026.06.09 07:20:00,1780989600277,2026.06.09 07:20:00,SELL,REJECT,M15_NOT_BEARISH,10,4332.62705449,4329.73579417,BULLISH,4330.00,4330.21,4330.10,21.0
P2F4_CANDIDATE_S1,1780994100002_BUY,XAUUSD,PERIOD_M5,2026.06.09 08:35:00,1780994100002,2026.06.09 08:35:00,BUY,REJECT,SIDE_NOT_SELL,10,0.00000000,0.00000000,UNKNOWN,4342.81,4342.98,4342.90,17.0
P2F4_CANDIDATE_S1,1780998900017_SELL,XAUUSD,PERIOD_M5,2026.06.09 09:55:00,1780998900017,2026.06.09 09:55:00,SELL,REJECT,M15_NOT_BEARISH,10,4335.67511558,4332.08120943,BULLISH,4335.32,4335.49,4335.40,17.0
P2F4_CANDIDATE_S1,1781005200050_BUY,XAUUSD,PERIOD_M5,2026.06.09 11:40:00,1781005200050,2026.06.09 11:40:00,BUY,REJECT,SIDE_NOT_SELL,10,0.00000000,0.00000000,UNKNOWN,4334.45,4334.62,4334.53,17.0
P2F4_CANDIDATE_S1,1781006100097_SELL,XAUUSD,PERIOD_M5,2026.06.09 11:55:00,1781006100097,2026.06.09 11:55:00,SELL,REJECT,M15_NOT_BEARISH,10,4333.13304365,4331.72395483,BULLISH,4329.99,4330.16,4330.07,17.0
P2F4_CANDIDATE_S1,1781010000043_BUY,XAUUSD,PERIOD_M5,2026.06.09 13:00:00,1781010000043,2026.06.09 13:00:00,BUY,REJECT,SIDE_NOT_SELL,10,0.00000000,0.00000000,UNKNOWN,4332.20,4332.37,4332.28,17.0
P2F4_CANDIDATE_S1,1781010600003_SELL,XAUUSD,PERIOD_M5,2026.06.09 13:10:00,1781010600003,2026.06.09 13:10:00,SELL,REJECT,M15_NOT_BEARISH,10,4331.28756934,4331.10650180,BULLISH,4327.25,4327.42,4327.34,17.0
P2F4_CANDIDATE_S1,1781010900000_BUY,XAUUSD,PERIOD_M5,2026.06.09 13:15:00,1781010900000,2026.06.09 13:15:00,BUY,REJECT,SIDE_NOT_SELL,10,0.00000000,0.00000000,UNKNOWN,4335.27,4335.36,4335.32,9.0
P2F4_CANDIDATE_S1,1781022300000_SELL,XAUUSD,PERIOD_M5,2026.06.09 16:25:00,1781022300000,2026.06.09 16:25:00,SELL,REJECT,M15_NOT_BEARISH,10,4336.83758919,4334.09852023,BULLISH,4333.47,4333.64,4333.56,17.0
P2F4_CANDIDATE_S1,1781040000027_BUY,XAUUSD,PERIOD_M5,2026.06.09 21:20:00,1781040000027,2026.06.09 21:20:00,BUY,REJECT,SIDE_NOT_SELL,10,0.00000000,0.00000000,UNKNOWN,4269.26,4269.43,4269.35,17.0
P2F4_CANDIDATE_S1,1781043300041_SELL,XAUUSD,PERIOD_M5,2026.06.09 22:15:00,1781043300041,2026.06.09 22:15:00,SELL,ELIGIBLE,S1_SELL_M15_BEARISH,10,4275.85102866,4297.97174116,BEARISH,4258.76,4258.93,4258.85,17.0
P2F4_CANDIDATE_S1,1781080200033_BUY,XAUUSD,PERIOD_M5,2026.06.10 08:30:00,1781080200033,2026.06.10 08:30:00,BUY,REJECT,SIDE_NOT_SELL,10,0.00000000,0.00000000,UNKNOWN,4187.14,4187.31,4187.23,17.0
P2F4_CANDIDATE_S1,1781087700145_SELL,XAUUSD,PERIOD_M5,2026.06.10 10:35:00,1781087700145,2026.06.10 10:35:00,SELL,ELIGIBLE,S1_SELL_M15_BEARISH,10,4197.90611292,4218.75378357,BEARISH,4194.70,4194.87,4194.78,17.0
P2F4_CANDIDATE_S1,1781099700043_BUY,XAUUSD,PERIOD_M5,2026.06.10 13:55:00,1781099700043,2026.06.10 13:55:00,BUY,REJECT,SIDE_NOT_SELL,10,0.00000000,0.00000000,UNKNOWN,4171.82,4172.01,4171.91,19.0
P2F4_CANDIDATE_S1,1781100300029_SELL,XAUUSD,PERIOD_M5,2026.06.10 14:05:00,1781100300029,2026.06.10 14:05:00,SELL,ELIGIBLE,S1_SELL_M15_BEARISH,10,4176.92755164,4198.14822699,BEARISH,4161.40,4161.57,4161.48,17.0
P2F4_CANDIDATE_S1,1781109900005_BUY,XAUUSD,PERIOD_M5,2026.06.10 16:45:00,1781109900005,2026.06.10 16:45:00,BUY,REJECT,SIDE_NOT_SELL,10,0.00000000,0.00000000,UNKNOWN,4178.87,4179.03,4178.95,16.0
P2F4_CANDIDATE_S1,1781113500039_SELL,XAUUSD,PERIOD_M5,2026.06.10 17:45:00,1781113500039,2026.06.10 17:45:00,SELL,ELIGIBLE,S1_SELL_M15_BEARISH,10,4163.20757659,4180.18648891,BEARISH,4149.87,4150.04,4149.95,17.0
P2F4_CANDIDATE_S1,1781148600021_BUY,XAUUSD,PERIOD_M5,2026.06.11 03:30:00,1781148600021,2026.06.11 03:30:00,BUY,REJECT,SIDE_NOT_SELL,10,0.00000000,0.00000000,UNKNOWN,4067.65,4067.88,4067.77,23.0
P2F4_CANDIDATE_S1,1781156400033_SELL,XAUUSD,PERIOD_M5,2026.06.11 05:40:00,1781156400033,2026.06.11 05:40:00,SELL,ELIGIBLE,S1_SELL_M15_BEARISH,10,4083.70865374,4105.40672173,BEARISH,4067.13,4067.34,4067.24,21.0
P2F4_CANDIDATE_S1,1781162100034_BUY,XAUUSD,PERIOD_M5,2026.06.11 07:15:00,1781162100034,2026.06.11 07:15:00,BUY,REJECT,SIDE_NOT_SELL,10,0.00000000,0.00000000,UNKNOWN,4082.77,4082.98,4082.88,21.0
P2F4_CANDIDATE_S1,1781178300012_SELL,XAUUSD,PERIOD_M5,2026.06.11 11:45:00,1781178300012,2026.06.11 11:45:00,SELL,ELIGIBLE,S1_SELL_M15_BEARISH,10,4092.50598108,4095.04400910,BEARISH,4090.67,4090.84,4090.76,17.0
P2F4_CANDIDATE_S1,1781196900031_BUY,XAUUSD,PERIOD_M5,2026.06.11 16:55:00,1781196900031,2026.06.11 16:55:00,BUY,REJECT,SIDE_NOT_SELL,10,0.00000000,0.00000000,UNKNOWN,4085.12,4085.22,4085.17,10.0
P2F4_CANDIDATE_S1,1781197800031_SELL,XAUUSD,PERIOD_M5,2026.06.11 17:10:00,1781197800031,2026.06.11 17:10:00,SELL,ELIGIBLE,S1_SELL_M15_BEARISH,10,4081.98128722,4087.61802331,BEARISH,4062.53,4062.66,4062.60,13.0
P2F4_CANDIDATE_S1,1781201400007_BUY,XAUUSD,PERIOD_M5,2026.06.11 18:10:00,1781201400007,2026.06.11 18:10:00,BUY,REJECT,SIDE_NOT_SELL,10,0.00000000,0.00000000,UNKNOWN,4081.04,4081.21,4081.13,17.0
P2F4_CANDIDATE_S1,1781207700011_SELL,XAUUSD,PERIOD_M5,2026.06.11 19:55:00,1781207700011,2026.06.11 19:55:00,SELL,ELIGIBLE,S1_SELL_M15_BEARISH,10,4082.51740119,4085.50007962,BEARISH,4079.69,4079.84,4079.77,15.0
P2F4_CANDIDATE_S1,1781209800014_BUY,XAUUSD,PERIOD_M5,2026.06.11 20:30:00,1781209800014,2026.06.11 20:30:00,BUY,REJECT,SIDE_NOT_SELL,10,0.00000000,0.00000000,UNKNOWN,4102.05,4102.22,4102.14,17.0
P2F4_CANDIDATE_S1,1781235900027_SELL,XAUUSD,PERIOD_M5,2026.06.12 03:45:00,1781235900027,2026.06.12 03:45:00,SELL,REJECT,M15_NOT_BEARISH,10,4194.05449206,4152.56958939,BULLISH,4203.99,4204.20,4204.09,21.0
P2F4_CANDIDATE_S1,1781245200008_BUY,XAUUSD,PERIOD_M5,2026.06.12 06:20:00,1781245200008,2026.06.12 06:20:00,BUY,REJECT,SIDE_NOT_SELL,10,0.00000000,0.00000000,UNKNOWN,4196.13,4196.34,4196.24,21.0
P2F4_CANDIDATE_S1,1781249100063_SELL,XAUUSD,PERIOD_M5,2026.06.12 07:25:00,1781249100063,2026.06.12 07:25:00,SELL,REJECT,M15_NOT_BEARISH,10,4193.54532962,4169.75549560,BULLISH,4193.23,4193.44,4193.33,21.0
P2F4_CANDIDATE_S1,1781262000007_BUY,XAUUSD,PERIOD_M5,2026.06.12 11:00:00,1781262000007,2026.06.12 11:00:00,BUY,REJECT,SIDE_NOT_SELL,10,0.00000000,0.00000000,UNKNOWN,4194.25,4194.39,4194.32,14.0
P2F4_CANDIDATE_S1,1781271300010_SELL,XAUUSD,PERIOD_M5,2026.06.12 13:35:00,1781271300010,2026.06.12 13:35:00,SELL,REJECT,M15_NOT_BEARISH,10,4205.99684467,4189.77321320,BULLISH,4214.69,4214.86,4214.77,17.0
P2F4_CANDIDATE_S1,1781287500002_BUY,XAUUSD,PERIOD_M5,2026.06.12 18:05:00,1781287500002,2026.06.12 18:05:00,BUY,REJECT,SIDE_NOT_SELL,10,0.00000000,0.00000000,UNKNOWN,4203.25,4203.42,4203.34,17.0
P2F4_CANDIDATE_S1,1781301900074_SELL,XAUUSD,PERIOD_M5,2026.06.12 22:05:00,1781301900074,2026.06.12 22:05:00,SELL,REJECT,M15_NOT_BEARISH,10,4216.22971275,4206.50089914,BULLISH,4217.69,4217.86,4217.77,17.0
P2F4_CANDIDATE_S1,1781485500054_BUY,XAUUSD,PERIOD_M5,2026.06.15 01:05:00,1781485500054,2026.06.15 01:05:00,BUY,REJECT,SIDE_NOT_SELL,10,0.00000000,0.00000000,UNKNOWN,4300.64,4302.04,4301.34,140.0
P2F4_CANDIDATE_S1,1781513100038_SELL,XAUUSD,PERIOD_M5,2026.06.15 08:45:00,1781513100038,2026.06.15 08:45:00,SELL,REJECT,M15_NOT_BEARISH,10,4315.95049152,4284.06532205,BULLISH,4312.72,4312.89,4312.81,17.0
P2F4_CANDIDATE_S1,1781519400002_BUY,XAUUSD,PERIOD_M5,2026.06.15 10:30:00,1781519400002,2026.06.15 10:30:00,BUY,REJECT,SIDE_NOT_SELL,10,0.00000000,0.00000000,UNKNOWN,4316.71,4316.88,4316.80,17.0
P2F4_CANDIDATE_S1,1781535600007_SELL,XAUUSD,PERIOD_M5,2026.06.15 15:00:00,1781535600007,2026.06.15 15:00:00,SELL,REJECT,M15_NOT_BEARISH,10,4332.76634274,4313.67103452,BULLISH,4335.27,4335.40,4335.34,13.0
P2F4_CANDIDATE_S1,1781538000001_BUY,XAUUSD,PERIOD_M5,2026.06.15 15:40:00,1781538000001,2026.06.15 15:40:00,BUY,REJECT,SIDE_NOT_SELL,10,0.00000000,0.00000000,UNKNOWN,4344.03,4344.16,4344.09,13.0
P2F4_CANDIDATE_S1,1781547600009_SELL,XAUUSD,PERIOD_M5,2026.06.15 18:20:00,1781547600009,2026.06.15 18:20:00,SELL,REJECT,M15_NOT_BEARISH,10,4347.95507909,4329.40429497,BULLISH,4351.52,4351.67,4351.60,15.0
P2F4_CANDIDATE_S1,1781549400043_BUY,XAUUSD,PERIOD_M5,2026.06.15 18:50:00,1781549400043,2026.06.15 18:50:00,BUY,REJECT,SIDE_NOT_SELL,10,0.00000000,0.00000000,UNKNOWN,4356.91,4357.04,4356.98,13.0
P2F4_CANDIDATE_S1,1781550600058_SELL,XAUUSD,PERIOD_M5,2026.06.15 19:10:00,1781550600058,2026.06.15 19:10:00,SELL,REJECT,M15_NOT_BEARISH,10,4350.03613729,4332.40510421,BULLISH,4352.28,4352.40,4352.34,12.0
P2F4_CANDIDATE_S1,1781577900065_BUY,XAUUSD,PERIOD_M5,2026.06.16 02:45:00,1781577900065,2026.06.16 02:45:00,BUY,REJECT,SIDE_NOT_SELL,10,0.00000000,0.00000000,UNKNOWN,4318.20,4318.39,4318.30,19.0
P2F4_CANDIDATE_S1,1781580000011_SELL,XAUUSD,PERIOD_M5,2026.06.16 03:20:00,1781580000011,2026.06.16 03:20:00,SELL,ELIGIBLE,S1_SELL_M15_BEARISH,10,4320.65555585,4325.11418511,BEARISH,4311.63,4311.80,4311.72,17.0
P2F4_CANDIDATE_S1,1781582700031_BUY,XAUUSD,PERIOD_M5,2026.06.16 04:05:00,1781582700031,2026.06.16 04:05:00,BUY,REJECT,SIDE_NOT_SELL,10,0.00000000,0.00000000,UNKNOWN,4322.17,4322.34,4322.26,17.0
P2F4_CANDIDATE_S1,1781586000015_SELL,XAUUSD,PERIOD_M5,2026.06.16 05:00:00,1781586000015,2026.06.16 05:00:00,SELL,ELIGIBLE,S1_SELL_M15_BEARISH,10,4318.04143802,4322.72008600,BEARISH,4313.57,4313.74,4313.65,17.0
P2F4_CANDIDATE_S1,1781589600082_BUY,XAUUSD,PERIOD_M5,2026.06.16 06:00:00,1781589600082,2026.06.16 06:00:00,BUY,REJECT,SIDE_NOT_SELL,10,0.00000000,0.00000000,UNKNOWN,4318.72,4318.89,4318.81,17.0
P2F4_CANDIDATE_S1,1781599200003_SELL,XAUUSD,PERIOD_M5,2026.06.16 08:40:00,1781599200003,2026.06.16 08:40:00,SELL,ELIGIBLE,S1_SELL_M15_BEARISH,10,4322.09286377,4322.61608096,BEARISH,4316.88,4316.97,4316.93,9.0
P2F4_CANDIDATE_S1,1781604300037_BUY,XAUUSD,PERIOD_M5,2026.06.16 10:05:00,1781604300037,2026.06.16 10:05:00,BUY,REJECT,SIDE_NOT_SELL,10,0.00000000,0.00000000,UNKNOWN,4326.82,4326.95,4326.89,13.0
P2F4_CANDIDATE_S1,1781619600068_SELL,XAUUSD,PERIOD_M5,2026.06.16 14:20:00,1781619600068,2026.06.16 14:20:00,SELL,REJECT,M15_NOT_BEARISH,10,4338.68411071,4331.46577018,BULLISH,4340.78,4340.91,4340.84,13.0
P2F4_CANDIDATE_S1,1781623800015_BUY,XAUUSD,PERIOD_M5,2026.06.16 15:30:00,1781623800015,2026.06.16 15:30:00,BUY,REJECT,SIDE_NOT_SELL,10,0.00000000,0.00000000,UNKNOWN,4343.79,4343.92,4343.85,13.0
P2F4_CANDIDATE_S1,1781627100118_SELL,XAUUSD,PERIOD_M5,2026.06.16 16:25:00,1781627100118,2026.06.16 16:25:00,SELL,REJECT,M15_NOT_BEARISH,10,4342.45551561,4335.20377277,BULLISH,4338.28,4338.43,4338.35,15.0
P2F4_CANDIDATE_S1,1781636400060_BUY,XAUUSD,PERIOD_M5,2026.06.16 19:00:00,1781636400060,2026.06.16 19:00:00,BUY,REJECT,SIDE_NOT_SELL,10,0.00000000,0.00000000,UNKNOWN,4335.26,4335.30,4335.28,4.0
P2F4_CANDIDATE_S1,1781641500051_SELL,XAUUSD,PERIOD_M5,2026.06.16 20:25:00,1781641500051,2026.06.16 20:25:00,SELL,REJECT,M15_NOT_BEARISH,10,4336.58035122,4334.61782156,BULLISH,4328.51,4328.64,4328.58,13.0
P2F4_CANDIDATE_S1,1781643300086_BUY,XAUUSD,PERIOD_M5,2026.06.16 20:55:00,1781643300086,2026.06.16 20:55:00,BUY,REJECT,SIDE_NOT_SELL,10,0.00000000,0.00000000,UNKNOWN,4339.40,4339.53,4339.47,13.0
P2F4_CANDIDATE_S1,1781649900070_SELL,XAUUSD,PERIOD_M5,2026.06.16 22:45:00,1781649900070,2026.06.16 22:45:00,SELL,REJECT,M15_NOT_BEARISH,10,4338.26095011,4336.12882880,BULLISH,4338.63,4338.67,4338.65,4.0
P2F4_CANDIDATE_S1,1781662800078_BUY,XAUUSD,PERIOD_M5,2026.06.17 02:20:00,1781662800078,2026.06.17 02:20:00,BUY,REJECT,SIDE_NOT_SELL,10,0.00000000,0.00000000,UNKNOWN,4335.91,4336.12,4336.01,21.0
P2F4_CANDIDATE_S1,1781664600153_SELL,XAUUSD,PERIOD_M5,2026.06.17 02:50:00,1781664600153,2026.06.17 02:50:00,SELL,REJECT,M15_NOT_BEARISH,10,4336.07648664,4335.58000058,BULLISH,4333.43,4333.64,4333.53,21.0
P2F4_CANDIDATE_S1,1781665800017_BUY,XAUUSD,PERIOD_M5,2026.06.17 03:10:00,1781665800017,2026.06.17 03:10:00,BUY,REJECT,SIDE_NOT_SELL,10,0.00000000,0.00000000,UNKNOWN,4338.13,4338.30,4338.22,17.0
P2F4_CANDIDATE_S1,1781675400060_SELL,XAUUSD,PERIOD_M5,2026.06.17 05:50:00,1781675400060,2026.06.17 05:50:00,SELL,REJECT,M15_NOT_BEARISH,10,4338.73832440,4337.09373235,BULLISH,4334.61,4334.78,4334.69,17.0
P2F4_CANDIDATE_S1,1781686200051_BUY,XAUUSD,PERIOD_M5,2026.06.17 08:50:00,1781686200051,2026.06.17 08:50:00,BUY,REJECT,SIDE_NOT_SELL,10,0.00000000,0.00000000,UNKNOWN,4331.89,4332.02,4331.95,13.0
P2F4_CANDIDATE_S1,1781688000014_SELL,XAUUSD,PERIOD_M5,2026.06.17 09:20:00,1781688000014,2026.06.17 09:20:00,SELL,ELIGIBLE,S1_SELL_M15_BEARISH,10,4330.67423632,4333.34020664,BEARISH,4323.83,4323.96,4323.90,13.0
P2F4_CANDIDATE_S1,1781690100037_BUY,XAUUSD,PERIOD_M5,2026.06.17 09:55:00,1781690100037,2026.06.17 09:55:00,BUY,REJECT,SIDE_NOT_SELL,10,0.00000000,0.00000000,UNKNOWN,4329.40,4329.53,4329.47,13.0
P2F4_CANDIDATE_S1,1781693700050_SELL,XAUUSD,PERIOD_M5,2026.06.17 10:55:00,1781693700050,2026.06.17 10:55:00,SELL,ELIGIBLE,S1_SELL_M15_BEARISH,10,4329.62430140,4332.25334096,BEARISH,4325.37,4325.53,4325.45,16.0
P2F4_CANDIDATE_S1,1781699400029_BUY,XAUUSD,PERIOD_M5,2026.06.17 12:30:00,1781699400029,2026.06.17 12:30:00,BUY,REJECT,SIDE_NOT_SELL,10,0.00000000,0.00000000,UNKNOWN,4332.01,4332.14,4332.08,13.0
P2F4_CANDIDATE_S1,1781706900042_SELL,XAUUSD,PERIOD_M5,2026.06.17 14:35:00,1781706900042,2026.06.17 14:35:00,SELL,ELIGIBLE,S1_SELL_M15_BEARISH,10,4328.74979396,4330.30551092,BEARISH,4325.73,4325.86,4325.80,13.0
P2F4_CANDIDATE_S1,1781710800045_BUY,XAUUSD,PERIOD_M5,2026.06.17 15:40:00,1781710800045,2026.06.17 15:40:00,BUY,REJECT,SIDE_NOT_SELL,10,0.00000000,0.00000000,UNKNOWN,4330.57,4330.70,4330.64,13.0
P2F4_CANDIDATE_S1,1781730300003_SELL,XAUUSD,PERIOD_M5,2026.06.17 21:05:00,1781730300003,2026.06.17 21:05:00,SELL,REJECT,M15_NOT_BEARISH,10,4356.31392302,4344.86879993,BULLISH,4316.22,4316.35,4316.28,13.0
P2F4_CANDIDATE_S1,1781748900017_BUY,XAUUSD,PERIOD_M5,2026.06.18 02:15:00,1781748900017,2026.06.18 02:15:00,BUY,REJECT,SIDE_NOT_SELL,10,0.00000000,0.00000000,UNKNOWN,4281.84,4281.97,4281.91,13.0
P2F4_CANDIDATE_S1,1781762700013_SELL,XAUUSD,PERIOD_M5,2026.06.18 06:05:00,1781762700013,2026.06.18 06:05:00,SELL,ELIGIBLE,S1_SELL_M15_BEARISH,10,4307.75017183,4311.79405876,BEARISH,4312.12,4312.31,4312.22,19.0
P2F4_CANDIDATE_S1,1781764800138_BUY,XAUUSD,PERIOD_M5,2026.06.18 06:40:00,1781764800138,2026.06.18 06:40:00,BUY,REJECT,SIDE_NOT_SELL,10,0.00000000,0.00000000,UNKNOWN,4320.83,4321.00,4320.91,17.0
P2F4_CANDIDATE_S1,1781767500046_SELL,XAUUSD,PERIOD_M5,2026.06.18 07:25:00,1781767500046,2026.06.18 07:25:00,SELL,ELIGIBLE,S1_SELL_M15_BEARISH,10,4311.31196409,4312.66744651,BEARISH,4313.31,4313.48,4313.40,17.0
P2F4_CANDIDATE_S1,1781770800001_BUY,XAUUSD,PERIOD_M5,2026.06.18 08:20:00,1781770800001,2026.06.18 08:20:00,BUY,REJECT,SIDE_NOT_SELL,10,0.00000000,0.00000000,UNKNOWN,4321.33,4321.46,4321.40,13.0
P2F4_CANDIDATE_S1,1781772600045_SELL,XAUUSD,PERIOD_M5,2026.06.18 08:50:00,1781772600045,2026.06.18 08:50:00,SELL,ELIGIBLE,S1_SELL_M15_BEARISH,10,4313.00736923,4313.15860517,BEARISH,4303.00,4303.13,4303.07,13.0
P2F4_CANDIDATE_S1,1781799600074_BUY,XAUUSD,PERIOD_M5,2026.06.18 16:20:00,1781799600074,2026.06.18 16:20:00,BUY,REJECT,SIDE_NOT_SELL,10,0.00000000,0.00000000,UNKNOWN,4258.61,4258.69,4258.65,8.0
P2F4_CANDIDATE_S1,1781802600004_SELL,XAUUSD,PERIOD_M5,2026.06.18 17:10:00,1781802600004,2026.06.18 17:10:00,SELL,ELIGIBLE,S1_SELL_M15_BEARISH,10,4261.77417547,4278.68826909,BEARISH,4243.64,4243.77,4243.70,13.0
P2F4_CANDIDATE_S1,1781816100030_BUY,XAUUSD,PERIOD_M5,2026.06.18 20:55:00,1781816100030,2026.06.18 20:55:00,BUY,REJECT,SIDE_NOT_SELL,10,0.00000000,0.00000000,UNKNOWN,4232.45,4232.58,4232.51,13.0
P2F4_CANDIDATE_S1,1781818500034_SELL,XAUUSD,PERIOD_M5,2026.06.18 21:35:00,1781818500034,2026.06.18 21:35:00,SELL,ELIGIBLE,S1_SELL_M15_BEARISH,10,4235.01717696,4254.35888147,BEARISH,4222.70,4222.82,4222.76,12.0
P2F4_CANDIDATE_S1,1781860800017_BUY,XAUUSD,PERIOD_M5,2026.06.19 09:20:00,1781860800017,2026.06.19 09:20:00,BUY,REJECT,SIDE_NOT_SELL,10,0.00000000,0.00000000,UNKNOWN,4141.64,4141.77,4141.70,13.0
P2F4_CANDIDATE_S1,1781862000120_SELL,XAUUSD,PERIOD_M5,2026.06.19 09:40:00,1781862000120,2026.06.19 09:40:00,SELL,ELIGIBLE,S1_SELL_M15_BEARISH,10,4154.32039492,4184.07513460,BEARISH,4133.73,4133.86,4133.80,13.0
P2F4_CANDIDATE_S1,1781862600013_BUY,XAUUSD,PERIOD_M5,2026.06.19 09:50:00,1781862600013,2026.06.19 09:50:00,BUY,REJECT,SIDE_NOT_SELL,10,0.00000000,0.00000000,UNKNOWN,4145.41,4145.65,4145.53,24.0
P2F4_CANDIDATE_S1,1781874300007_SELL,XAUUSD,PERIOD_M5,2026.06.19 13:05:00,1781874300007,2026.06.19 13:05:00,SELL,ELIGIBLE,S1_SELL_M15_BEARISH,10,4160.19460388,4174.12835286,BEARISH,4157.92,4157.96,4157.94,4.0
P2F4_CANDIDATE_S1,1781881800035_BUY,XAUUSD,PERIOD_M5,2026.06.19 15:10:00,1781881800035,2026.06.19 15:10:00,BUY,REJECT,SIDE_NOT_SELL,10,0.00000000,0.00000000,UNKNOWN,4158.50,4158.65,4158.57,15.0
P2F4_CANDIDATE_S1,1781883900104_SELL,XAUUSD,PERIOD_M5,2026.06.19 15:45:00,1781883900104,2026.06.19 15:45:00,SELL,ELIGIBLE,S1_SELL_M15_BEARISH,10,4154.27781267,4165.98913104,BEARISH,4152.32,4152.45,4152.39,13.0
P2F4_CANDIDATE_S1,1781884500019_BUY,XAUUSD,PERIOD_M5,2026.06.19 15:55:00,1781884500019,2026.06.19 15:55:00,BUY,REJECT,SIDE_NOT_SELL,10,0.00000000,0.00000000,UNKNOWN,4172.86,4172.99,4172.92,13.0
P2F4_CANDIDATE_S1,1781888400004_SELL,XAUUSD,PERIOD_M5,2026.06.19 17:00:00,1781888400004,2026.06.19 17:00:00,SELL,ELIGIBLE,S1_SELL_M15_BEARISH,10,4157.83994323,4165.64959211,BEARISH,4151.46,4151.59,4151.52,13.0
P2F4_CANDIDATE_S1,1781898600038_BUY,XAUUSD,PERIOD_M5,2026.06.19 19:50:00,1781898600038,2026.06.19 19:50:00,BUY,REJECT,SIDE_NOT_SELL,10,0.00000000,0.00000000,UNKNOWN,4157.03,4157.16,4157.09,13.0
P2F4_CANDIDATE_S1,1782096000243_SELL,XAUUSD,PERIOD_M5,2026.06.22 02:40:00,1782096000243,2026.06.22 02:40:00,SELL,ELIGIBLE,S1_SELL_M15_BEARISH,10,4153.62748439,4158.35690953,BEARISH,4144.84,4145.05,4144.94,21.0
P2F4_CANDIDATE_S1,1782098400042_BUY,XAUUSD,PERIOD_M5,2026.06.22 03:20:00,1782098400042,2026.06.22 03:20:00,BUY,REJECT,SIDE_NOT_SELL,10,0.00000000,0.00000000,UNKNOWN,4163.78,4163.95,4163.86,17.0
P2F4_CANDIDATE_S1,1782108600042_SELL,XAUUSD,PERIOD_M5,2026.06.22 06:10:00,1782108600042,2026.06.22 06:10:00,SELL,REJECT,M15_NOT_BEARISH,10,4178.80866069,4169.60902658,BULLISH,4182.63,4182.80,4182.72,17.0
P2F4_CANDIDATE_S1,1782115800006_BUY,XAUUSD,PERIOD_M5,2026.06.22 08:10:00,1782115800006,2026.06.22 08:10:00,BUY,REJECT,SIDE_NOT_SELL,10,0.00000000,0.00000000,UNKNOWN,4183.77,4183.90,4183.84,13.0
P2F4_CANDIDATE_S1,1782125700008_SELL,XAUUSD,PERIOD_M5,2026.06.22 10:55:00,1782125700008,2026.06.22 10:55:00,SELL,REJECT,M15_NOT_BEARISH,10,4190.07785710,4180.23152486,BULLISH,4191.26,4191.39,4191.33,13.0
P2F4_CANDIDATE_S1,1782129600059_BUY,XAUUSD,PERIOD_M5,2026.06.22 12:00:00,1782129600059,2026.06.22 12:00:00,BUY,REJECT,SIDE_NOT_SELL,10,0.00000000,0.00000000,UNKNOWN,4197.45,4197.58,4197.51,13.0
P2F4_CANDIDATE_S1,1782139200039_SELL,XAUUSD,PERIOD_M5,2026.06.22 14:40:00,1782139200039,2026.06.22 14:40:00,SELL,REJECT,M15_NOT_BEARISH,10,4201.34375898,4190.67172343,BULLISH,4206.36,4206.49,4206.42,13.0
P2F4_CANDIDATE_S1,1782140700013_BUY,XAUUSD,PERIOD_M5,2026.06.22 15:05:00,1782140700013,2026.06.22 15:05:00,BUY,REJECT,SIDE_NOT_SELL,10,0.00000000,0.00000000,UNKNOWN,4210.69,4210.82,4210.75,13.0
P2F4_CANDIDATE_S1,1782142800011_SELL,XAUUSD,PERIOD_M5,2026.06.22 15:40:00,1782142800011,2026.06.22 15:40:00,SELL,REJECT,M15_NOT_BEARISH,10,4203.39955479,4193.16508230,BULLISH,4203.66,4203.79,4203.73,13.0
P2F4_CANDIDATE_S1,1782148200069_BUY,XAUUSD,PERIOD_M5,2026.06.22 17:10:00,1782148200069,2026.06.22 17:10:00,BUY,REJECT,SIDE_NOT_SELL,10,0.00000000,0.00000000,UNKNOWN,4206.25,4206.38,4206.32,13.0
P2F4_CANDIDATE_S1,1782149100040_SELL,XAUUSD,PERIOD_M5,2026.06.22 17:25:00,1782149100040,2026.06.22 17:25:00,SELL,REJECT,M15_NOT_BEARISH,10,4200.03934152,4193.98534233,BULLISH,4192.58,4192.71,4192.65,13.0
P2F4_CANDIDATE_S1,1782158700081_BUY,XAUUSD,PERIOD_M5,2026.06.22 20:05:00,1782158700081,2026.06.22 20:05:00,BUY,REJECT,SIDE_NOT_SELL,10,0.00000000,0.00000000,UNKNOWN,4189.33,4189.46,4189.40,13.0
P2F4_CANDIDATE_S1,1782160500070_SELL,XAUUSD,PERIOD_M5,2026.06.22 20:35:00,1782160500070,2026.06.22 20:35:00,SELL,ELIGIBLE,S1_SELL_M15_BEARISH,10,4190.04471467,4191.13371059,BEARISH,4179.00,4179.13,4179.07,13.0
P2F4_CANDIDATE_S1,1782163500083_BUY,XAUUSD,PERIOD_M5,2026.06.22 21:25:00,1782163500083,2026.06.22 21:25:00,BUY,REJECT,SIDE_NOT_SELL,10,0.00000000,0.00000000,UNKNOWN,4188.65,4188.78,4188.72,13.0
P2F4_CANDIDATE_S1,1782168600030_SELL,XAUUSD,PERIOD_M5,2026.06.22 22:50:00,1782168600030,2026.06.22 22:50:00,SELL,ELIGIBLE,S1_SELL_M15_BEARISH,10,4188.35585564,4189.88012663,BEARISH,4185.45,4185.58,4185.51,13.0
P2F4_CANDIDATE_S1,1782176400688_BUY,XAUUSD,PERIOD_M5,2026.06.23 01:00:00,1782176400688,2026.06.23 01:00:00,BUY,REJECT,SIDE_NOT_SELL,10,0.00000000,0.00000000,UNKNOWN,4189.24,4198.57,4193.90,933.0
P2F4_CANDIDATE_S1,1782183600046_SELL,XAUUSD,PERIOD_M5,2026.06.23 03:00:00,1782183600046,2026.06.23 03:00:00,SELL,ELIGIBLE,S1_SELL_M15_BEARISH,10,4189.96426103,4190.25462468,BEARISH,4187.57,4187.74,4187.65,17.0
P2F4_CANDIDATE_S1,1782186900002_BUY,XAUUSD,PERIOD_M5,2026.06.23 03:55:00,1782186900002,2026.06.23 03:55:00,BUY,REJECT,SIDE_NOT_SELL,10,0.00000000,0.00000000,UNKNOWN,4191.63,4191.80,4191.72,17.0
P2F4_CANDIDATE_S1,1782188400034_SELL,XAUUSD,PERIOD_M5,2026.06.23 04:20:00,1782188400034,2026.06.23 04:20:00,SELL,ELIGIBLE,S1_SELL_M15_BEARISH,10,4188.90565547,4189.67183115,BEARISH,4173.57,4173.74,4173.65,17.0
P2F4_CANDIDATE_S1,1782216900077_BUY,XAUUSD,PERIOD_M5,2026.06.23 12:15:00,1782216900077,2026.06.23 12:15:00,BUY,REJECT,SIDE_NOT_SELL,10,0.00000000,0.00000000,UNKNOWN,4111.10,4111.23,4111.16,13.0
P2F4_CANDIDATE_S1,1782227100051_SELL,XAUUSD,PERIOD_M5,2026.06.23 15:05:00,1782227100051,2026.06.23 15:05:00,SELL,ELIGIBLE,S1_SELL_M15_BEARISH,10,4121.97523756,4135.03151654,BEARISH,4122.41,4122.54,4122.48,13.0
P2F4_CANDIDATE_S1,1782233100022_BUY,XAUUSD,PERIOD_M5,2026.06.23 16:45:00,1782233100022,2026.06.23 16:45:00,BUY,REJECT,SIDE_NOT_SELL,10,0.00000000,0.00000000,UNKNOWN,4126.45,4126.58,4126.51,13.0
P2F4_CANDIDATE_S1,1782239100006_SELL,XAUUSD,PERIOD_M5,2026.06.23 18:25:00,1782239100006,2026.06.23 18:25:00,SELL,ELIGIBLE,S1_SELL_M15_BEARISH,10,4124.80939977,4130.78270291,BEARISH,4125.01,4125.14,4125.08,13.0
P2F4_CANDIDATE_S1,1782239700003_BUY,XAUUSD,PERIOD_M5,2026.06.23 18:35:00,1782239700003,2026.06.23 18:35:00,BUY,REJECT,SIDE_NOT_SELL,10,0.00000000,0.00000000,UNKNOWN,4133.12,4133.25,4133.18,13.0
P2F4_CANDIDATE_S1,1782246600008_SELL,XAUUSD,PERIOD_M5,2026.06.23 20:30:00,1782246600008,2026.06.23 20:30:00,SELL,ELIGIBLE,S1_SELL_M15_BEARISH,10,4131.47832875,4132.36635458,BEARISH,4131.08,4131.21,4131.15,13.0
P2F4_CANDIDATE_S1,1782288600195_BUY,XAUUSD,PERIOD_M5,2026.06.24 08:10:00,1782288600195,2026.06.24 08:10:00,BUY,REJECT,SIDE_NOT_SELL,10,0.00000000,0.00000000,UNKNOWN,4069.49,4069.62,4069.55,13.0
P2F4_CANDIDATE_S1,1782298500088_SELL,XAUUSD,PERIOD_M5,2026.06.24 10:55:00,1782298500088,2026.06.24 10:55:00,SELL,ELIGIBLE,S1_SELL_M15_BEARISH,10,4081.02714300,4090.77686793,BEARISH,4078.83,4078.95,4078.89,12.0
P2F4_CANDIDATE_S1,1782320400042_BUY,XAUUSD,PERIOD_M5,2026.06.24 17:00:00,1782320400042,2026.06.24 17:00:00,BUY,REJECT,SIDE_NOT_SELL,10,0.00000000,0.00000000,UNKNOWN,4038.31,4038.44,4038.38,13.0
P2F4_CANDIDATE_S1,1782324000054_SELL,XAUUSD,PERIOD_M5,2026.06.24 18:00:00,1782324000054,2026.06.24 18:00:00,SELL,ELIGIBLE,S1_SELL_M15_BEARISH,10,4026.72697364,4051.41274427,BEARISH,4008.03,4008.12,4008.07,9.0
P2F4_CANDIDATE_S1,1782329700005_BUY,XAUUSD,PERIOD_M5,2026.06.24 19:35:00,1782329700005,2026.06.24 19:35:00,BUY,REJECT,SIDE_NOT_SELL,10,0.00000000,0.00000000,UNKNOWN,4014.93,4014.98,4014.95,5.0
P2F4_CANDIDATE_S1,1782331200093_SELL,XAUUSD,PERIOD_M5,2026.06.24 20:00:00,1782331200093,2026.06.24 20:00:00,SELL,ELIGIBLE,S1_SELL_M15_BEARISH,10,4016.46841843,4039.50667224,BEARISH,4006.69,4006.82,4006.76,13.0
P2F4_CANDIDATE_S1,1782349200768_BUY,XAUUSD,PERIOD_M5,2026.06.25 01:00:00,1782349200768,2026.06.25 01:00:00,BUY,REJECT,SIDE_NOT_SELL,10,0.00000000,0.00000000,UNKNOWN,4001.11,4008.25,4004.68,714.0
P2F4_CANDIDATE_S1,1782358500007_SELL,XAUUSD,PERIOD_M5,2026.06.25 03:35:00,1782358500007,2026.06.25 03:35:00,SELL,ELIGIBLE,S1_SELL_M15_BEARISH,10,3999.70689885,4013.49191180,BEARISH,3987.76,3987.90,3987.83,14.0
P2F4_CANDIDATE_S1,1782370500040_BUY,XAUUSD,PERIOD_M5,2026.06.25 06:55:00,1782370500040,2026.06.25 06:55:00,BUY,REJECT,SIDE_NOT_SELL,10,0.00000000,0.00000000,UNKNOWN,3997.37,3997.54,3997.45,17.0
P2F4_CANDIDATE_S1,1782377100063_SELL,XAUUSD,PERIOD_M5,2026.06.25 08:45:00,1782377100063,2026.06.25 08:45:00,SELL,ELIGIBLE,S1_SELL_M15_BEARISH,10,3989.11561190,3998.02696670,BEARISH,3983.26,3983.39,3983.32,13.0
P2F4_CANDIDATE_S1,1782385500002_BUY,XAUUSD,PERIOD_M5,2026.06.25 11:05:00,1782385500002,2026.06.25 11:05:00,BUY,REJECT,SIDE_NOT_SELL,10,0.00000000,0.00000000,UNKNOWN,3990.12,3990.25,3990.18,13.0
P2F4_CANDIDATE_S1,1782392400008_SELL,XAUUSD,PERIOD_M5,2026.06.25 13:00:00,1782392400008,2026.06.25 13:00:00,SELL,ELIGIBLE,S1_SELL_M15_BEARISH,10,3988.34400287,3992.67591211,BEARISH,3988.27,3988.40,3988.34,13.0
P2F4_CANDIDATE_S1,1782401700007_BUY,XAUUSD,PERIOD_M5,2026.06.25 15:35:00,1782401700007,2026.06.25 15:35:00,BUY,REJECT,SIDE_NOT_SELL,10,0.00000000,0.00000000,UNKNOWN,3995.17,3995.32,3995.24,15.0
P2F4_CANDIDATE_S1,1782427800038_SELL,XAUUSD,PERIOD_M5,2026.06.25 22:50:00,1782427800038,2026.06.25 22:50:00,SELL,REJECT,M15_NOT_BEARISH,10,4030.16006603,4017.20412053,BULLISH,4026.65,4026.78,4026.72,13.0
P2F4_CANDIDATE_S1,1782447900001_BUY,XAUUSD,PERIOD_M5,2026.06.26 04:25:00,1782447900001,2026.06.26 04:25:00,BUY,REJECT,SIDE_NOT_SELL,10,0.00000000,0.00000000,UNKNOWN,4022.93,4023.10,4023.01,17.0
P2F4_CANDIDATE_S1,1782449400023_SELL,XAUUSD,PERIOD_M5,2026.06.26 04:50:00,1782449400023,2026.06.26 04:50:00,SELL,REJECT,M15_NOT_BEARISH,10,4023.20750602,4019.47378546,BULLISH,4016.37,4016.41,4016.39,4.0
P2F4_CANDIDATE_S1,1782458100029_BUY,XAUUSD,PERIOD_M5,2026.06.26 07:15:00,1782458100029,2026.06.26 07:15:00,BUY,REJECT,SIDE_NOT_SELL,10,0.00000000,0.00000000,UNKNOWN,4008.50,4008.67,4008.59,17.0
P2F4_CANDIDATE_S1,1782485700005_SELL,XAUUSD,PERIOD_M5,2026.06.26 14:55:00,1782485700005,2026.06.26 14:55:00,SELL,REJECT,M15_NOT_BEARISH,10,4040.86791855,4029.98401856,BULLISH,4044.69,4044.82,4044.76,13.0
P2F4_CANDIDATE_S1,1782489600021_BUY,XAUUSD,PERIOD_M5,2026.06.26 16:00:00,1782489600021,2026.06.26 16:00:00,BUY,REJECT,SIDE_NOT_SELL,10,0.00000000,0.00000000,UNKNOWN,4059.00,4059.13,4059.07,13.0
P2F4_CANDIDATE_S1,1782505200068_SELL,XAUUSD,PERIOD_M5,2026.06.26 20:20:00,1782505200068,2026.06.26 20:20:00,SELL,REJECT,M15_NOT_BEARISH,10,4076.01442151,4056.98537117,BULLISH,4081.65,4081.78,4081.72,13.0
P2F4_CANDIDATE_S1,1782695400014_BUY,XAUUSD,PERIOD_M5,2026.06.29 01:10:00,1782695400014,2026.06.29 01:10:00,BUY,REJECT,SIDE_NOT_SELL,10,0.00000000,0.00000000,UNKNOWN,4076.14,4076.79,4076.47,65.0
P2F4_CANDIDATE_S1,1782695700001_SELL,XAUUSD,PERIOD_M5,2026.06.29 01:15:00,1782695700001,2026.06.29 01:15:00,SELL,REJECT,M15_NOT_BEARISH,10,4072.77420787,4062.70672656,BULLISH,4069.78,4070.69,4070.24,91.0
P2F4_CANDIDATE_S1,1782705300018_BUY,XAUUSD,PERIOD_M5,2026.06.29 03:55:00,1782705300018,2026.06.29 03:55:00,BUY,REJECT,SIDE_NOT_SELL,10,0.00000000,0.00000000,UNKNOWN,4069.49,4069.66,4069.57,17.0
P2F4_CANDIDATE_S1,1782706800021_SELL,XAUUSD,PERIOD_M5,2026.06.29 04:20:00,1782706800021,2026.06.29 04:20:00,SELL,REJECT,M15_NOT_BEARISH,10,4064.70158063,4062.17318484,BULLISH,4058.44,4058.61,4058.53,17.0
P2F4_CANDIDATE_S1,1782709500010_BUY,XAUUSD,PERIOD_M5,2026.06.29 05:05:00,1782709500010,2026.06.29 05:05:00,BUY,REJECT,SIDE_NOT_SELL,10,0.00000000,0.00000000,UNKNOWN,4066.03,4066.24,4066.14,21.0
P2F4_CANDIDATE_S1,1782717600048_SELL,XAUUSD,PERIOD_M5,2026.06.29 07:20:00,1782717600048,2026.06.29 07:20:00,SELL,REJECT,M15_NOT_BEARISH,10,4065.82004552,4063.55885515,BULLISH,4064.65,4064.84,4064.74,19.0
P2F4_CANDIDATE_S1,1782724800049_BUY,XAUUSD,PERIOD_M5,2026.06.29 09:20:00,1782724800049,2026.06.29 09:20:00,BUY,REJECT,SIDE_NOT_SELL,10,0.00000000,0.00000000,UNKNOWN,4059.77,4059.90,4059.84,13.0
P2F4_CANDIDATE_S1,1782733500000_SELL,XAUUSD,PERIOD_M5,2026.06.29 11:45:00,1782733500000,2026.06.29 11:45:00,SELL,ELIGIBLE,S1_SELL_M15_BEARISH,10,4060.80018197,4061.36077424,BEARISH,4055.64,4055.85,4055.74,21.0
P2F4_CANDIDATE_S1,1782745500050_BUY,XAUUSD,PERIOD_M5,2026.06.29 15:05:00,1782745500050,2026.06.29 15:05:00,BUY,REJECT,SIDE_NOT_SELL,10,0.00000000,0.00000000,UNKNOWN,4045.68,4045.81,4045.74,13.0
P2F4_CANDIDATE_S1,1782751200000_SELL,XAUUSD,PERIOD_M5,2026.06.29 16:40:00,1782751200000,2026.06.29 16:40:00,SELL,ELIGIBLE,S1_SELL_M15_BEARISH,10,4043.58742674,4050.18569402,BEARISH,4036.12,4036.25,4036.18,13.0
P2F4_CANDIDATE_S1,1782760200030_BUY,XAUUSD,PERIOD_M5,2026.06.29 19:10:00,1782760200030,2026.06.29 19:10:00,BUY,REJECT,SIDE_NOT_SELL,10,0.00000000,0.00000000,UNKNOWN,4027.47,4027.60,4027.53,13.0
P2F4_CANDIDATE_S1,1782760500077_SELL,XAUUSD,PERIOD_M5,2026.06.29 19:15:00,1782760500077,2026.06.29 19:15:00,SELL,ELIGIBLE,S1_SELL_M15_BEARISH,10,4030.73489512,4041.04643840,BEARISH,4023.72,4023.85,4023.78,13.0
P2F4_CANDIDATE_S1,1782763800044_BUY,XAUUSD,PERIOD_M5,2026.06.29 20:10:00,1782763800044,2026.06.29 20:10:00,BUY,REJECT,SIDE_NOT_SELL,10,0.00000000,0.00000000,UNKNOWN,4030.50,4030.63,4030.57,13.0
P2F4_CANDIDATE_S1,1782765900053_SELL,XAUUSD,PERIOD_M5,2026.06.29 20:45:00,1782765900053,2026.06.29 20:45:00,SELL,ELIGIBLE,S1_SELL_M15_BEARISH,10,4027.70169287,4037.41081871,BEARISH,4021.98,4021.98,4021.98,0.0
P2F4_CANDIDATE_S1,1782782400040_BUY,XAUUSD,PERIOD_M5,2026.06.30 01:20:00,1782782400040,2026.06.30 01:20:00,BUY,REJECT,SIDE_NOT_SELL,10,0.00000000,0.00000000,UNKNOWN,4020.02,4020.23,4020.13,21.0
P2F4_CANDIDATE_S1,1782783300009_SELL,XAUUSD,PERIOD_M5,2026.06.30 01:35:00,1782783300009,2026.06.30 01:35:00,SELL,ELIGIBLE,S1_SELL_M15_BEARISH,10,4020.67235931,4030.30282435,BEARISH,4013.72,4014.07,4013.89,35.0
P2F4_CANDIDATE_S1,1782785700326_BUY,XAUUSD,PERIOD_M5,2026.06.30 02:15:00,1782785700326,2026.06.30 02:15:00,BUY,REJECT,SIDE_NOT_SELL,10,0.00000000,0.00000000,UNKNOWN,4020.78,4020.99,4020.89,21.0
P2F4_CANDIDATE_S1,1782788100069_SELL,XAUUSD,PERIOD_M5,2026.06.30 02:55:00,1782788100069,2026.06.30 02:55:00,SELL,ELIGIBLE,S1_SELL_M15_BEARISH,10,4018.69537878,4027.62352135,BEARISH,4015.55,4015.76,4015.66,21.0
P2F4_CANDIDATE_S1,1782803100031_BUY,XAUUSD,PERIOD_M5,2026.06.30 07:05:00,1782803100031,2026.06.30 07:05:00,BUY,REJECT,SIDE_NOT_SELL,10,0.00000000,0.00000000,UNKNOWN,3971.80,3971.97,3971.89,17.0
P2F4_CANDIDATE_S1,1782820200003_SELL,XAUUSD,PERIOD_M5,2026.06.30 11:50:00,1782820200003,2026.06.30 11:50:00,SELL,REJECT,M15_NOT_BEARISH,10,4009.01603071,4005.17197819,BULLISH,4018.42,4018.55,4018.49,13.0
P2F4_CANDIDATE_S1,1782824400055_BUY,XAUUSD,PERIOD_M5,2026.06.30 13:00:00,1782824400055,2026.06.30 13:00:00,BUY,REJECT,SIDE_NOT_SELL,10,0.00000000,0.00000000,UNKNOWN,4023.86,4024.01,4023.94,15.0
P2F4_CANDIDATE_S1,1782833100013_SELL,XAUUSD,PERIOD_M5,2026.06.30 15:25:00,1782833100013,2026.06.30 15:25:00,SELL,REJECT,M15_NOT_BEARISH,10,4023.45816158,4014.54810093,BULLISH,4018.00,4018.13,4018.07,13.0
P2F4_CANDIDATE_S1,1782838500004_BUY,XAUUSD,PERIOD_M5,2026.06.30 16:55:00,1782838500004,2026.06.30 16:55:00,BUY,REJECT,SIDE_NOT_SELL,10,0.00000000,0.00000000,UNKNOWN,4028.85,4028.93,4028.89,8.0
P2F4_CANDIDATE_S1,1782843900007_SELL,XAUUSD,PERIOD_M5,2026.06.30 18:25:00,1782843900007,2026.06.30 18:25:00,SELL,REJECT,M15_NOT_BEARISH,10,4031.01644087,4021.30224273,BULLISH,4027.62,4027.77,4027.69,15.0
P2F4_CANDIDATE_S1,1782853200027_BUY,XAUUSD,PERIOD_M5,2026.06.30 21:00:00,1782853200027,2026.06.30 21:00:00,BUY,REJECT,SIDE_NOT_SELL,10,0.00000000,0.00000000,UNKNOWN,4030.82,4030.95,4030.89,13.0
P2F4_CANDIDATE_S1,1782857100101_SELL,XAUUSD,PERIOD_M5,2026.06.30 22:05:00,1782857100101,2026.06.30 22:05:00,SELL,REJECT,M15_NOT_BEARISH,10,4029.72693825,4024.87239810,BULLISH,4026.75,4026.88,4026.82,13.0
P2F4_CANDIDATE_S1,1782903600014_BUY,XAUUSD,PERIOD_M5,2026.07.01 11:00:00,1782903600014,2026.07.01 11:00:00,BUY,REJECT,SIDE_NOT_SELL,10,0.00000000,0.00000000,UNKNOWN,3976.12,3976.26,3976.19,14.0
P2F4_CANDIDATE_S1,1782934500008_SELL,XAUUSD,PERIOD_M5,2026.07.01 19:35:00,1782934500008,2026.07.01 19:35:00,SELL,REJECT,M15_NOT_BEARISH,10,4063.90747002,4033.34482643,BULLISH,4076.33,4076.46,4076.39,13.0
P2F4_CANDIDATE_S1,1782963000004_BUY,XAUUSD,PERIOD_M5,2026.07.02 03:30:00,1782963000004,2026.07.02 03:30:00,BUY,REJECT,SIDE_NOT_SELL,10,0.00000000,0.00000000,UNKNOWN,4046.42,4046.59,4046.51,17.0
P2F4_CANDIDATE_S1,1782969000011_SELL,XAUUSD,PERIOD_M5,2026.07.02 05:10:00,1782969000011,2026.07.02 05:10:00,SELL,REJECT,M15_NOT_BEARISH,10,4049.59244771,4045.54850779,BULLISH,4044.50,4044.67,4044.59,17.0
P2F4_CANDIDATE_S1,1782969600002_BUY,XAUUSD,PERIOD_M5,2026.07.02 05:20:00,1782969600002,2026.07.02 05:20:00,BUY,REJECT,SIDE_NOT_SELL,10,0.00000000,0.00000000,UNKNOWN,4054.04,4054.21,4054.13,17.0
P2F4_CANDIDATE_S1,1782979500135_SELL,XAUUSD,PERIOD_M5,2026.07.02 08:05:00,1782979500135,2026.07.02 08:05:00,SELL,REJECT,M15_NOT_BEARISH,10,4058.55971620,4051.66686865,BULLISH,4059.25,4059.38,4059.32,13.0
P2F4_CANDIDATE_S1,1782982800040_BUY,XAUUSD,PERIOD_M5,2026.07.02 09:00:00,1782982800040,2026.07.02 09:00:00,BUY,REJECT,SIDE_NOT_SELL,10,0.00000000,0.00000000,UNKNOWN,4066.11,4066.24,4066.18,13.0
P2F4_CANDIDATE_S1,1782987900048_SELL,XAUUSD,PERIOD_M5,2026.07.02 10:25:00,1782987900048,2026.07.02 10:25:00,SELL,REJECT,M15_NOT_BEARISH,10,4063.64232520,4056.12931897,BULLISH,4061.65,4061.78,4061.72,13.0
P2F4_CANDIDATE_S1,1782989100071_BUY,XAUUSD,PERIOD_M5,2026.07.02 10:45:00,1782989100071,2026.07.02 10:45:00,BUY,REJECT,SIDE_NOT_SELL,10,0.00000000,0.00000000,UNKNOWN,4074.51,4074.62,4074.57,11.0
P2F4_CANDIDATE_S1,1782990000003_SELL,XAUUSD,PERIOD_M5,2026.07.02 11:00:00,1782990000003,2026.07.02 11:00:00,SELL,REJECT,M15_NOT_BEARISH,10,4064.57900967,4057.38342981,BULLISH,4064.67,4064.70,4064.68,3.0
P2F4_CANDIDATE_S1,1782990600006_BUY,XAUUSD,PERIOD_M5,2026.07.02 11:10:00,1782990600006,2026.07.02 11:10:00,BUY,REJECT,SIDE_NOT_SELL,10,0.00000000,0.00000000,UNKNOWN,4071.37,4071.45,4071.41,8.0
P2F4_CANDIDATE_S1,1782995400015_SELL,XAUUSD,PERIOD_M5,2026.07.02 12:30:00,1782995400015,2026.07.02 12:30:00,SELL,REJECT,M15_NOT_BEARISH,10,4068.19085964,4060.65319276,BULLISH,4067.73,4067.73,4067.73,0.0
P2F4_CANDIDATE_S1,1783003500061_BUY,XAUUSD,PERIOD_M5,2026.07.02 14:45:00,1783003500061,2026.07.02 14:45:00,BUY,REJECT,SIDE_NOT_SELL,10,0.00000000,0.00000000,UNKNOWN,4071.18,4071.31,4071.24,13.0
P2F4_CANDIDATE_S1,1783005600057_SELL,XAUUSD,PERIOD_M5,2026.07.02 15:20:00,1783005600057,2026.07.02 15:20:00,SELL,REJECT,M15_NOT_BEARISH,10,4066.63568571,4062.51232279,BULLISH,4061.96,4062.08,4062.02,12.0
P2F4_CANDIDATE_S1,1783005900014_BUY,XAUUSD,PERIOD_M5,2026.07.02 15:25:00,1783005900014,2026.07.02 15:25:00,BUY,REJECT,SIDE_NOT_SELL,10,0.00000000,0.00000000,UNKNOWN,4067.38,4067.52,4067.45,14.0
P2F4_CANDIDATE_S1,1783006200002_SELL,XAUUSD,PERIOD_M5,2026.07.02 15:30:00,1783006200002,2026.07.02 15:30:00,SELL,REJECT,M15_NOT_BEARISH,10,4066.48466803,4062.61183954,BULLISH,4065.05,4065.41,4065.23,36.0
P2F4_CANDIDATE_S1,1783006500005_BUY,XAUUSD,PERIOD_M5,2026.07.02 15:35:00,1783006500005,2026.07.02 15:35:00,BUY,REJECT,SIDE_NOT_SELL,10,0.00000000,0.00000000,UNKNOWN,4127.36,4127.49,4127.42,13.0
P2F4_CANDIDATE_S1,1783020300020_SELL,XAUUSD,PERIOD_M5,2026.07.02 19:25:00,1783020300020,2026.07.02 19:25:00,SELL,REJECT,M15_NOT_BEARISH,10,4112.08220477,4090.84353137,BULLISH,4117.09,4117.18,4117.14,9.0
P2F4_CANDIDATE_S1,1783027500039_BUY,XAUUSD,PERIOD_M5,2026.07.02 21:25:00,1783027500039,2026.07.02 21:25:00,BUY,REJECT,SIDE_NOT_SELL,10,0.00000000,0.00000000,UNKNOWN,4118.02,4118.14,4118.08,12.0
P2F4_CANDIDATE_S1,1783030800010_SELL,XAUUSD,PERIOD_M5,2026.07.02 22:20:00,1783030800010,2026.07.02 22:20:00,SELL,REJECT,M15_NOT_BEARISH,10,4115.37403572,4100.60874823,BULLISH,4111.83,4111.96,4111.90,13.0
P2F4_CANDIDATE_S1,1783040400419_BUY,XAUUSD,PERIOD_M5,2026.07.03 01:00:00,1783040400419,2026.07.03 01:00:00,BUY,REJECT,SIDE_NOT_SELL,10,0.00000000,0.00000000,UNKNOWN,4091.17,4150.10,4120.64,5893.0
P2F4_CANDIDATE_S1,1783062300029_SELL,XAUUSD,PERIOD_M5,2026.07.03 07:05:00,1783062300029,2026.07.03 07:05:00,SELL,REJECT,M15_NOT_BEARISH,10,4164.36523467,4138.88458282,BULLISH,4174.49,4174.66,4174.57,17.0
P2F4_CANDIDATE_S1,1783063200073_BUY,XAUUSD,PERIOD_M5,2026.07.03 07:20:00,1783063200073,2026.07.03 07:20:00,BUY,REJECT,SIDE_NOT_SELL,10,0.00000000,0.00000000,UNKNOWN,4181.33,4181.50,4181.41,17.0
P2F4_CANDIDATE_S1,1783064400167_SELL,XAUUSD,PERIOD_M5,2026.07.03 07:40:00,1783064400167,2026.07.03 07:40:00,SELL,REJECT,M15_NOT_BEARISH,10,4166.87113314,4141.90519160,BULLISH,4176.46,4176.63,4176.55,17.0
P2F4_CANDIDATE_S1,1783065900038_BUY,XAUUSD,PERIOD_M5,2026.07.03 08:05:00,1783065900038,2026.07.03 08:05:00,BUY,REJECT,SIDE_NOT_SELL,10,0.00000000,0.00000000,UNKNOWN,4180.70,4180.83,4180.76,13.0
P2F4_CANDIDATE_S1,1783067100093_SELL,XAUUSD,PERIOD_M5,2026.07.03 08:25:00,1783067100093,2026.07.03 08:25:00,SELL,REJECT,M15_NOT_BEARISH,10,4169.80743356,4146.00664470,BULLISH,4174.50,4174.63,4174.57,13.0
P2F4_CANDIDATE_S1,1783073400009_BUY,XAUUSD,PERIOD_M5,2026.07.03 10:10:00,1783073400009,2026.07.03 10:10:00,BUY,REJECT,SIDE_NOT_SELL,10,0.00000000,0.00000000,UNKNOWN,4180.39,4180.52,4180.45,13.0
P2F4_CANDIDATE_S1,1783081500010_SELL,XAUUSD,PERIOD_M5,2026.07.03 12:25:00,1783081500010,2026.07.03 12:25:00,SELL,REJECT,M15_NOT_BEARISH,10,4176.26114493,4160.50204190,BULLISH,4173.47,4173.59,4173.53,12.0
P2F4_CANDIDATE_S1,1783084800122_BUY,XAUUSD,PERIOD_M5,2026.07.03 13:20:00,1783084800122,2026.07.03 13:20:00,BUY,REJECT,SIDE_NOT_SELL,10,0.00000000,0.00000000,UNKNOWN,4180.32,4180.45,4180.39,13.0
P2F4_CANDIDATE_S1,1783092000124_SELL,XAUUSD,PERIOD_M5,2026.07.03 15:20:00,1783092000124,2026.07.03 15:20:00,SELL,REJECT,M15_NOT_BEARISH,10,4178.44618022,4167.48420086,BULLISH,4175.59,4175.72,4175.66,13.0
P2F4_CANDIDATE_S1,1783102200014_BUY,XAUUSD,PERIOD_M5,2026.07.03 18:10:00,1783102200014,2026.07.03 18:10:00,BUY,REJECT,SIDE_NOT_SELL,10,0.00000000,0.00000000,UNKNOWN,4171.17,4171.30,4171.24,13.0
P2F4_CANDIDATE_S1,1783104300008_SELL,XAUUSD,PERIOD_M5,2026.07.03 18:45:00,1783104300008,2026.07.03 18:45:00,SELL,REJECT,M15_NOT_BEARISH,10,4170.85134687,4168.01519391,BULLISH,4167.72,4167.85,4167.78,13.0
P2F4_CANDIDATE_S1,1783104600028_BUY,XAUUSD,PERIOD_M5,2026.07.03 18:50:00,1783104600028,2026.07.03 18:50:00,BUY,REJECT,SIDE_NOT_SELL,10,0.00000000,0.00000000,UNKNOWN,4168.51,4168.64,4168.58,13.0
P2F4_CANDIDATE_S1,1783104900086_SELL,XAUUSD,PERIOD_M5,2026.07.03 18:55:00,1783104900086,2026.07.03 18:55:00,SELL,REJECT,M15_NOT_BEARISH,10,4170.85134687,4168.01519391,BULLISH,4167.00,4167.13,4167.07,13.0
P2F4_CANDIDATE_S1,1783107900024_BUY,XAUUSD,PERIOD_M5,2026.07.03 19:45:00,1783107900024,2026.07.03 19:45:00,BUY,REJECT,SIDE_NOT_SELL,10,0.00000000,0.00000000,UNKNOWN,4170.24,4170.37,4170.31,13.0
P2F4_CANDIDATE_S1,1783307400030_SELL,XAUUSD,PERIOD_M5,2026.07.06 03:10:00,1783307400030,2026.07.06 03:10:00,SELL,REJECT,M15_NOT_BEARISH,10,4180.74836288,4173.92489321,BULLISH,4176.56,4176.73,4176.65,17.0
P2F4_CANDIDATE_S1,1783310700015_BUY,XAUUSD,PERIOD_M5,2026.07.06 04:05:00,1783310700015,2026.07.06 04:05:00,BUY,REJECT,SIDE_NOT_SELL,10,0.00000000,0.00000000,UNKNOWN,4187.14,4187.31,4187.23,17.0
P2F4_CANDIDATE_S1,1783311000006_SELL,XAUUSD,PERIOD_M5,2026.07.06 04:10:00,1783311000006,2026.07.06 04:10:00,SELL,REJECT,M15_NOT_BEARISH,10,4180.18426550,4174.65378191,BULLISH,4181.03,4181.21,4181.12,18.0
P2F4_CANDIDATE_S1,1783311300097_BUY,XAUUSD,PERIOD_M5,2026.07.06 04:15:00,1783311300097,2026.07.06 04:15:00,BUY,REJECT,SIDE_NOT_SELL,10,0.00000000,0.00000000,UNKNOWN,4188.82,4188.99,4188.90,17.0
P2F4_CANDIDATE_S1,1783314900120_SELL,XAUUSD,PERIOD_M5,2026.07.06 05:15:00,1783314900120,2026.07.06 05:15:00,SELL,REJECT,M15_NOT_BEARISH,10,4183.38667843,4177.17688387,BULLISH,4181.09,4181.15,4181.12,6.0
P2F4_CANDIDATE_S1,1783334400032_BUY,XAUUSD,PERIOD_M5,2026.07.06 10:40:00,1783334400032,2026.07.06 10:40:00,BUY,REJECT,SIDE_NOT_SELL,10,0.00000000,0.00000000,UNKNOWN,4158.54,4158.69,4158.61,15.0
P2F4_CANDIDATE_S1,1783337700009_SELL,XAUUSD,PERIOD_M5,2026.07.06 11:35:00,1783337700009,2026.07.06 11:35:00,SELL,ELIGIBLE,S1_SELL_M15_BEARISH,10,4159.60181286,4165.45409972,BEARISH,4154.34,4154.47,4154.41,13.0
P2F4_CANDIDATE_S1,1783344900010_BUY,XAUUSD,PERIOD_M5,2026.07.06 13:35:00,1783344900010,2026.07.06 13:35:00,BUY,REJECT,SIDE_NOT_SELL,10,0.00000000,0.00000000,UNKNOWN,4154.20,4154.31,4154.26,11.0
P2F4_CANDIDATE_S1,1783351800022_SELL,XAUUSD,PERIOD_M5,2026.07.06 15:30:00,1783351800022,2026.07.06 15:30:00,SELL,ELIGIBLE,S1_SELL_M15_BEARISH,10,4152.92423725,4158.45469729,BEARISH,4145.74,4145.87,4145.81,13.0
P2F4_CANDIDATE_S1,1783362637517_BUY,XAUUSD,PERIOD_M5,2026.07.06 18:30:37,1783362637517,2026.07.06 18:30:00,BUY,REJECT,SIDE_NOT_SELL,10,0.00000000,0.00000000,UNKNOWN,4148.75,4148.88,4148.82,13.0
P2F4_CANDIDATE_S1,1783392000042_SELL,XAUUSD,PERIOD_M5,2026.07.07 02:40:00,1783392000042,2026.07.07 02:40:00,SELL,REJECT,M15_NOT_BEARISH,10,4160.45832237,4156.85082058,BULLISH,4163.10,4163.31,4163.20,21.0
P2F4_CANDIDATE_S1,1783417500110_BUY,XAUUSD,PERIOD_M5,2026.07.07 09:45:00,1783417500110,2026.07.07 09:45:00,BUY,REJECT,SIDE_NOT_SELL,10,0.00000000,0.00000000,UNKNOWN,4132.51,4132.66,4132.59,15.0
P2F4_CANDIDATE_S1,1783422000050_SELL,XAUUSD,PERIOD_M5,2026.07.07 11:00:00,1783422000050,2026.07.07 11:00:00,SELL,ELIGIBLE,S1_SELL_M15_BEARISH,10,4130.69642749,4138.92941319,BEARISH,4124.73,4124.86,4124.80,13.0
P2F4_CANDIDATE_S1,1783422600015_BUY,XAUUSD,PERIOD_M5,2026.07.07 11:10:00,1783422600015,2026.07.07 11:10:00,BUY,REJECT,SIDE_NOT_SELL,10,0.00000000,0.00000000,UNKNOWN,4130.25,4130.39,4130.32,14.0
P2F4_CANDIDATE_S1,1783425600028_SELL,XAUUSD,PERIOD_M5,2026.07.07 12:00:00,1783425600028,2026.07.07 12:00:00,SELL,ELIGIBLE,S1_SELL_M15_BEARISH,10,4131.35322714,4138.05253608,BEARISH,4125.99,4126.12,4126.06,13.0
P2F4_CANDIDATE_S1,1783429200042_BUY,XAUUSD,PERIOD_M5,2026.07.07 13:00:00,1783429200042,2026.07.07 13:00:00,BUY,REJECT,SIDE_NOT_SELL,10,0.00000000,0.00000000,UNKNOWN,4131.28,4131.41,4131.34,13.0
P2F4_CANDIDATE_S1,1783444200000_SELL,XAUUSD,PERIOD_M5,2026.07.07 17:10:00,1783444200000,2026.07.07 17:10:00,SELL,REJECT,M15_NOT_BEARISH,10,4154.47681775,4146.40310385,BULLISH,4156.02,4156.17,4156.10,15.0
P2F4_CANDIDATE_S1,1783457100009_BUY,XAUUSD,PERIOD_M5,2026.07.07 20:45:00,1783457100009,2026.07.07 20:45:00,BUY,REJECT,SIDE_NOT_SELL,10,0.00000000,0.00000000,UNKNOWN,4147.11,4147.24,4147.17,13.0
P2F4_CANDIDATE_S1,1783457700041_SELL,XAUUSD,PERIOD_M5,2026.07.07 20:55:00,1783457700041,2026.07.07 20:55:00,SELL,REJECT,M15_NOT_BEARISH,10,4147.88340478,4146.48937073,BULLISH,4143.75,4143.88,4143.82,13.0
P2F4_CANDIDATE_S1,1783481700014_BUY,XAUUSD,PERIOD_M5,2026.07.08 03:35:00,1783481700014,2026.07.08 03:35:00,BUY,REJECT,SIDE_NOT_SELL,10,0.00000000,0.00000000,UNKNOWN,4109.71,4109.80,4109.76,9.0
P2F4_CANDIDATE_S1,1783485000006_SELL,XAUUSD,PERIOD_M5,2026.07.08 04:30:00,1783485000006,2026.07.08 04:30:00,SELL,ELIGIBLE,S1_SELL_M15_BEARISH,10,4112.27079458,4124.82186545,BEARISH,4102.72,4102.89,4102.81,17.0
P2F4_CANDIDATE_S1,1783486800007_BUY,XAUUSD,PERIOD_M5,2026.07.08 05:00:00,1783486800007,2026.07.08 05:00:00,BUY,REJECT,SIDE_NOT_SELL,10,0.00000000,0.00000000,UNKNOWN,4111.27,4111.51,4111.39,24.0
P2F4_CANDIDATE_S1,1783504500004_SELL,XAUUSD,PERIOD_M5,2026.07.08 09:55:00,1783504500004,2026.07.08 09:55:00,SELL,ELIGIBLE,S1_SELL_M15_BEARISH,10,4123.93879605,4124.43022337,BEARISH,4125.05,4125.06,4125.06,1.0
P2F4_CANDIDATE_S1,1783522500021_BUY,XAUUSD,PERIOD_M5,2026.07.08 14:55:00,1783522500021,2026.07.08 14:55:00,BUY,REJECT,SIDE_NOT_SELL,10,0.00000000,0.00000000,UNKNOWN,4062.80,4063.06,4062.93,26.0
P2F4_CANDIDATE_S1,1783530600036_SELL,XAUUSD,PERIOD_M5,2026.07.08 17:10:00,1783530600036,2026.07.08 17:10:00,SELL,ELIGIBLE,S1_SELL_M15_BEARISH,10,4071.20553388,4087.33426640,BEARISH,4063.63,4063.87,4063.75,24.0
P2F4_CANDIDATE_S1,1783539900033_BUY,XAUUSD,PERIOD_M5,2026.07.08 19:45:00,1783539900033,2026.07.08 19:45:00,BUY,REJECT,SIDE_NOT_SELL,10,0.00000000,0.00000000,UNKNOWN,4056.55,4056.86,4056.70,31.0
P2F4_CANDIDATE_S1,1783560000085_SELL,XAUUSD,PERIOD_M5,2026.07.09 01:20:00,1783560000085,2026.07.09 01:20:00,SELL,ELIGIBLE,S1_SELL_M15_BEARISH,10,4071.62254420,4073.63205773,BEARISH,4076.02,4076.45,4076.23,43.0
P2F4_CANDIDATE_S1,1783566900029_BUY,XAUUSD,PERIOD_M5,2026.07.09 03:15:00,1783566900029,2026.07.09 03:15:00,BUY,REJECT,SIDE_NOT_SELL,10,0.00000000,0.00000000,UNKNOWN,4087.44,4087.70,4087.57,26.0
P2F4_CANDIDATE_S1,1783569300064_SELL,XAUUSD,PERIOD_M5,2026.07.09 03:55:00,1783569300064,2026.07.09 03:55:00,SELL,REJECT,M15_NOT_BEARISH,10,4075.60804467,4074.96933261,BULLISH,4070.60,4070.87,4070.73,27.0
P2F4_CANDIDATE_S1,1783574100098_BUY,XAUUSD,PERIOD_M5,2026.07.09 05:15:00,1783574100098,2026.07.09 05:15:00,BUY,REJECT,SIDE_NOT_SELL,10,0.00000000,0.00000000,UNKNOWN,4078.46,4078.70,4078.58,24.0
P2F4_CANDIDATE_S1,1783575900090_SELL,XAUUSD,PERIOD_M5,2026.07.09 05:45:00,1783575900090,2026.07.09 05:45:00,SELL,REJECT,M15_NOT_BEARISH,10,4074.74055974,4074.66985124,BULLISH,4070.81,4071.02,4070.91,21.0
P2F4_CANDIDATE_S1,1783584600054_BUY,XAUUSD,PERIOD_M5,2026.07.09 08:10:00,1783584600054,2026.07.09 08:10:00,BUY,REJECT,SIDE_NOT_SELL,10,0.00000000,0.00000000,UNKNOWN,4068.12,4068.35,4068.23,23.0
P2F4_CANDIDATE_S1,1783601100075_SELL,XAUUSD,PERIOD_M5,2026.07.09 12:45:00,1783601100075,2026.07.09 12:45:00,SELL,REJECT,M15_NOT_BEARISH,10,4099.08015146,4087.41883214,BULLISH,4103.78,4104.00,4103.89,22.0
P2F4_CANDIDATE_S1,1783608600053_BUY,XAUUSD,PERIOD_M5,2026.07.09 14:50:00,1783608600053,2026.07.09 14:50:00,BUY,REJECT,SIDE_NOT_SELL,10,0.00000000,0.00000000,UNKNOWN,4106.17,4106.40,4106.28,23.0
P2F4_CANDIDATE_S1,1783628400020_SELL,XAUUSD,PERIOD_M5,2026.07.09 20:20:00,1783628400020,2026.07.09 20:20:00,SELL,REJECT,M15_NOT_BEARISH,10,4123.72172760,4110.99593102,BULLISH,4126.73,4126.93,4126.83,20.0
P2F4_CANDIDATE_S1,1783629000032_BUY,XAUUSD,PERIOD_M5,2026.07.09 20:30:00,1783629000032,2026.07.09 20:30:00,BUY,REJECT,SIDE_NOT_SELL,10,0.00000000,0.00000000,UNKNOWN,4131.63,4131.86,4131.74,23.0
P2F4_CANDIDATE_S1,1783632300045_SELL,XAUUSD,PERIOD_M5,2026.07.09 21:25:00,1783632300045,2026.07.09 21:25:00,SELL,REJECT,M15_NOT_BEARISH,10,4126.46716277,4114.11525650,BULLISH,4124.88,4125.06,4124.97,18.0
P2F4_CANDIDATE_S1,1783650000014_BUY,XAUUSD,PERIOD_M5,2026.07.10 02:20:00,1783650000014,2026.07.10 02:20:00,BUY,REJECT,SIDE_NOT_SELL,10,0.00000000,0.00000000,UNKNOWN,4124.17,4124.50,4124.34,33.0
P2F4_CANDIDATE_S1,1783650300051_SELL,XAUUSD,PERIOD_M5,2026.07.10 02:25:00,1783650300051,2026.07.10 02:25:00,SELL,REJECT,M15_NOT_BEARISH,10,4124.01953173,4117.51712057,BULLISH,4122.32,4122.64,4122.48,32.0
P2F4_CANDIDATE_S1,1783656000051_BUY,XAUUSD,PERIOD_M5,2026.07.10 04:00:00,1783656000051,2026.07.10 04:00:00,BUY,REJECT,SIDE_NOT_SELL,10,0.00000000,0.00000000,UNKNOWN,4126.10,4126.53,4126.32,43.0
P2F4_CANDIDATE_S1,1783658100047_SELL,XAUUSD,PERIOD_M5,2026.07.10 04:35:00,1783658100047,2026.07.10 04:35:00,SELL,REJECT,M15_NOT_BEARISH,10,4123.37990327,4119.13339606,BULLISH,4119.97,4120.27,4120.12,30.0
P2F4_CANDIDATE_S1,1783660800056_BUY,XAUUSD,PERIOD_M5,2026.07.10 05:20:00,1783660800056,2026.07.10 05:20:00,BUY,REJECT,SIDE_NOT_SELL,10,0.00000000,0.00000000,UNKNOWN,4127.25,4127.54,4127.40,29.0
P2F4_CANDIDATE_S1,1783666200518_SELL,XAUUSD,PERIOD_M5,2026.07.10 06:50:00,1783666200518,2026.07.10 06:50:00,SELL,REJECT,M15_NOT_BEARISH,10,4123.45805025,4120.34600936,BULLISH,4120.95,4121.36,4121.15,41.0
P2F4_CANDIDATE_S1,1783675500088_BUY,XAUUSD,PERIOD_M5,2026.07.10 09:25:00,1783675500088,2026.07.10 09:25:00,BUY,REJECT,SIDE_NOT_SELL,10,0.00000000,0.00000000,UNKNOWN,4117.59,4118.01,4117.80,42.0
P2F4_CANDIDATE_S1,1783675800038_SELL,XAUUSD,PERIOD_M5,2026.07.10 09:30:00,1783675800038,2026.07.10 09:30:00,SELL,ELIGIBLE,S1_SELL_M15_BEARISH,10,4118.43376763,4118.88047687,BEARISH,4114.49,4114.76,4114.63,27.0
P2F4_CANDIDATE_S1,1783688700078_BUY,XAUUSD,PERIOD_M5,2026.07.10 13:05:00,1783688700078,2026.07.10 13:05:00,BUY,REJECT,SIDE_NOT_SELL,10,0.00000000,0.00000000,UNKNOWN,4108.45,4108.70,4108.57,25.0
P2F4_CANDIDATE_S1,1783693800015_SELL,XAUUSD,PERIOD_M5,2026.07.10 14:30:00,1783693800015,2026.07.10 14:30:00,SELL,ELIGIBLE,S1_SELL_M15_BEARISH,10,4106.90772882,4111.54408611,BEARISH,4099.97,4100.43,4100.20,46.0
P2F4_CANDIDATE_S1,1783696500006_BUY,XAUUSD,PERIOD_M5,2026.07.10 15:15:00,1783696500006,2026.07.10 15:15:00,BUY,REJECT,SIDE_NOT_SELL,10,0.00000000,0.00000000,UNKNOWN,4114.80,4115.34,4115.07,54.0
P2F4_CANDIDATE_S1,1783698000056_SELL,XAUUSD,PERIOD_M5,2026.07.10 15:40:00,1783698000056,2026.07.10 15:40:00,SELL,ELIGIBLE,S1_SELL_M15_BEARISH,10,4107.12057151,4110.94344033,BEARISH,4101.18,4101.55,4101.36,37.0
P2F4_CANDIDATE_S1,1783704000105_BUY,XAUUSD,PERIOD_M5,2026.07.10 17:20:00,1783704000105,2026.07.10 17:20:00,BUY,REJECT,SIDE_NOT_SELL,10,0.00000000,0.00000000,UNKNOWN,4104.42,4104.83,4104.63,41.0
P2F4_CANDIDATE_S1,1783704900028_SELL,XAUUSD,PERIOD_M5,2026.07.10 17:35:00,1783704900028,2026.07.10 17:35:00,SELL,ELIGIBLE,S1_SELL_M15_BEARISH,10,4102.96299870,4107.77101514,BEARISH,4090.10,4090.67,4090.39,57.0
P2F4_CANDIDATE_S1,1783705800012_BUY,XAUUSD,PERIOD_M5,2026.07.10 17:50:00,1783705800012,2026.07.10 17:50:00,BUY,REJECT,SIDE_NOT_SELL,10,0.00000000,0.00000000,UNKNOWN,4107.32,4107.75,4107.53,43.0
P2F4_CANDIDATE_S1,1783706400018_SELL,XAUUSD,PERIOD_M5,2026.07.10 18:00:00,1783706400018,2026.07.10 18:00:00,SELL,ELIGIBLE,S1_SELL_M15_BEARISH,10,4101.66091277,4106.85675792,BEARISH,4092.75,4093.10,4092.93,35.0
P2F4_CANDIDATE_S1,1783707900078_BUY,XAUUSD,PERIOD_M5,2026.07.10 18:25:00,1783707900078,2026.07.10 18:25:00,BUY,REJECT,SIDE_NOT_SELL,10,0.00000000,0.00000000,UNKNOWN,4105.76,4106.01,4105.89,25.0
P2F4_CANDIDATE_S1,1783714200073_SELL,XAUUSD,PERIOD_M5,2026.07.10 20:10:00,1783714200073,2026.07.10 20:10:00,SELL,ELIGIBLE,S1_SELL_M15_BEARISH,10,4104.91446567,4106.96776622,BEARISH,4103.82,4104.21,4104.01,39.0
P2F4_CANDIDATE_S1,1783723800060_BUY,XAUUSD,PERIOD_M5,2026.07.10 22:50:00,1783723800060,2026.07.10 22:50:00,BUY,REJECT,SIDE_NOT_SELL,10,0.00000000,0.00000000,UNKNOWN,4104.90,4105.18,4105.04,28.0
P2F4_CANDIDATE_S1,1783904700011_SELL,XAUUSD,PERIOD_M5,2026.07.13 01:05:00,1783904700011,2026.07.13 01:05:00,SELL,ELIGIBLE,S1_SELL_M15_BEARISH,10,4103.63606922,4105.46109704,BEARISH,4091.07,4091.99,4091.53,92.0
P2F4_CANDIDATE_S1,1783912200049_BUY,XAUUSD,PERIOD_M5,2026.07.13 03:10:00,1783912200049,2026.07.13 03:10:00,BUY,REJECT,SIDE_NOT_SELL,10,0.00000000,0.00000000,UNKNOWN,4088.43,4088.74,4088.59,31.0
P2F4_CANDIDATE_S1,1783913400029_SELL,XAUUSD,PERIOD_M5,2026.07.13 03:30:00,1783913400029,2026.07.13 03:30:00,SELL,ELIGIBLE,S1_SELL_M15_BEARISH,10,4087.95135840,4096.66891125,BEARISH,4074.44,4074.97,4074.70,53.0
P2F4_CANDIDATE_S1,1783917300007_BUY,XAUUSD,PERIOD_M5,2026.07.13 04:35:00,1783917300007,2026.07.13 04:35:00,BUY,REJECT,SIDE_NOT_SELL,10,0.00000000,0.00000000,UNKNOWN,4084.61,4085.15,4084.88,54.0
P2F4_CANDIDATE_S1,1783919100085_SELL,XAUUSD,PERIOD_M5,2026.07.13 05:05:00,1783919100085,2026.07.13 05:05:00,SELL,ELIGIBLE,S1_SELL_M15_BEARISH,10,4083.15697096,4092.52104413,BEARISH,4070.73,4071.09,4070.91,36.0
P2F4_CANDIDATE_S1,1783930500001_BUY,XAUUSD,PERIOD_M5,2026.07.13 08:15:00,1783930500001,2026.07.13 08:15:00,BUY,REJECT,SIDE_NOT_SELL,10,0.00000000,0.00000000,UNKNOWN,4069.44,4069.75,4069.60,31.0
P2F4_CANDIDATE_S1,1783933200017_SELL,XAUUSD,PERIOD_M5,2026.07.13 09:00:00,1783933200017,2026.07.13 09:00:00,SELL,ELIGIBLE,S1_SELL_M15_BEARISH,10,4064.88352826,4077.61833054,BEARISH,4053.55,4053.86,4053.70,31.0
P2F4_CANDIDATE_S1,1783938900087_BUY,XAUUSD,PERIOD_M5,2026.07.13 10:35:00,1783938900087,2026.07.13 10:35:00,BUY,REJECT,SIDE_NOT_SELL,10,0.00000000,0.00000000,UNKNOWN,4059.74,4060.07,4059.90,33.0
P2F4_CANDIDATE_S1,1783948200078_SELL,XAUUSD,PERIOD_M5,2026.07.13 13:10:00,1783948200078,2026.07.13 13:10:00,SELL,ELIGIBLE,S1_SELL_M15_BEARISH,10,4067.68243734,4072.50692777,BEARISH,4068.96,4069.38,4069.17,42.0
P2F4_CANDIDATE_S1,1783957800009_BUY,XAUUSD,PERIOD_M5,2026.07.13 15:50:00,1783957800009,2026.07.13 15:50:00,BUY,REJECT,SIDE_NOT_SELL,10,0.00000000,0.00000000,UNKNOWN,4065.66,4065.97,4065.81,31.0
P2F4_CANDIDATE_S1,1783960500078_SELL,XAUUSD,PERIOD_M5,2026.07.13 16:35:00,1783960500078,2026.07.13 16:35:00,SELL,ELIGIBLE,S1_SELL_M15_BEARISH,10,4063.17738560,4067.84735188,BEARISH,4058.54,4058.81,4058.68,27.0
P2F4_CANDIDATE_S1,1783979700007_BUY,XAUUSD,PERIOD_M5,2026.07.13 21:55:00,1783979700007,2026.07.13 21:55:00,BUY,REJECT,SIDE_NOT_SELL,10,0.00000000,0.00000000,UNKNOWN,4003.66,4003.93,4003.80,27.0
P2F4_CANDIDATE_S1,1783982400076_SELL,XAUUSD,PERIOD_M5,2026.07.13 22:40:00,1783982400076,2026.07.13 22:40:00,SELL,ELIGIBLE,S1_SELL_M15_BEARISH,10,4007.57142219,4029.48997247,BEARISH,3995.20,3995.49,3995.34,29.0
P2F4_CANDIDATE_S1,1783990800160_BUY,XAUUSD,PERIOD_M5,2026.07.14 01:00:00,1783990800160,2026.07.14 01:00:00,BUY,REJECT,SIDE_NOT_SELL,10,0.00000000,0.00000000,UNKNOWN,3977.51,4036.63,4007.07,5912.0
P2F4_CANDIDATE_S1,1783995600224_SELL,XAUUSD,PERIOD_M5,2026.07.14 02:20:00,1783995600224,2026.07.14 02:20:00,SELL,ELIGIBLE,S1_SELL_M15_BEARISH,10,4004.77281185,4022.78340174,BEARISH,3999.35,3999.64,3999.49,29.0
P2F4_CANDIDATE_S1,1784000700014_BUY,XAUUSD,PERIOD_M5,2026.07.14 03:45:00,1784000700014,2026.07.14 03:45:00,BUY,REJECT,SIDE_NOT_SELL,10,0.00000000,0.00000000,UNKNOWN,4002.85,4003.26,4003.06,41.0
P2F4_CANDIDATE_S1,1784002500017_SELL,XAUUSD,PERIOD_M5,2026.07.14 04:15:00,1784002500017,2026.07.14 04:15:00,SELL,ELIGIBLE,S1_SELL_M15_BEARISH,10,4001.33905229,4016.11248321,BEARISH,3995.20,3995.48,3995.34,28.0
P2F4_CANDIDATE_S1,1784002800046_BUY,XAUUSD,PERIOD_M5,2026.07.14 04:20:00,1784002800046,2026.07.14 04:20:00,BUY,REJECT,SIDE_NOT_SELL,10,0.00000000,0.00000000,UNKNOWN,4002.98,4003.26,4003.12,28.0
P2F4_CANDIDATE_S1,1784003400048_SELL,XAUUSD,PERIOD_M5,2026.07.14 04:30:00,1784003400048,2026.07.14 04:30:00,SELL,ELIGIBLE,S1_SELL_M15_BEARISH,10,4001.00295208,4015.39473877,BEARISH,3997.81,3998.09,3997.95,28.0
P2F4_CANDIDATE_S1,1784004300065_BUY,XAUUSD,PERIOD_M5,2026.07.14 04:45:00,1784004300065,2026.07.14 04:45:00,BUY,REJECT,SIDE_NOT_SELL,10,0.00000000,0.00000000,UNKNOWN,4001.97,4002.23,4002.10,26.0
P2F4_CANDIDATE_S1,1784023200018_SELL,XAUUSD,PERIOD_M5,2026.07.14 10:00:00,1784023200018,2026.07.14 10:00:00,SELL,REJECT,M15_NOT_BEARISH,10,4020.04640484,4018.37737450,BULLISH,4023.89,4024.12,4024.01,23.0
P2F4_CANDIDATE_S1,1784023500006_BUY,XAUUSD,PERIOD_M5,2026.07.14 10:05:00,1784023500006,2026.07.14 10:05:00,BUY,REJECT,SIDE_NOT_SELL,10,0.00000000,0.00000000,UNKNOWN,4025.46,4025.74,4025.60,28.0
P2F4_CANDIDATE_S1,1784026200055_SELL,XAUUSD,PERIOD_M5,2026.07.14 10:50:00,1784026200055,2026.07.14 10:50:00,SELL,REJECT,M15_NOT_BEARISH,10,4021.28670887,4019.10960379,BULLISH,4023.57,4023.82,4023.70,25.0
P2F4_CANDIDATE_S1,1784037300139_BUY,XAUUSD,PERIOD_M5,2026.07.14 13:55:00,1784037300139,2026.07.14 13:55:00,BUY,REJECT,SIDE_NOT_SELL,10,0.00000000,0.00000000,UNKNOWN,4020.22,4020.44,4020.33,22.0
P2F4_CANDIDATE_S1,1784038200002_SELL,XAUUSD,PERIOD_M5,2026.07.14 14:10:00,1784038200002,2026.07.14 14:10:00,SELL,REJECT,M15_NOT_BEARISH,10,4019.67406852,4019.07041906,BULLISH,4016.35,4016.64,4016.49,29.0
P2F4_CANDIDATE_S1,1784038500041_BUY,XAUUSD,PERIOD_M5,2026.07.14 14:15:00,1784038500041,2026.07.14 14:15:00,BUY,REJECT,SIDE_NOT_SELL,10,0.00000000,0.00000000,UNKNOWN,4022.84,4023.12,4022.98,28.0
P2F4_CANDIDATE_S1,1784055000023_SELL,XAUUSD,PERIOD_M5,2026.07.14 18:50:00,1784055000023,2026.07.14 18:50:00,SELL,REJECT,M15_NOT_BEARISH,10,4065.72005322,4045.48449468,BULLISH,4071.31,4071.61,4071.46,30.0
P2F4_CANDIDATE_S1,1784083200084_BUY,XAUUSD,PERIOD_M5,2026.07.15 02:40:00,1784083200084,2026.07.15 02:40:00,BUY,REJECT,SIDE_NOT_SELL,10,0.00000000,0.00000000,UNKNOWN,4053.44,4053.75,4053.60,31.0
P2F4_CANDIDATE_S1,1784090100110_SELL,XAUUSD,PERIOD_M5,2026.07.15 04:35:00,1784090100110,2026.07.15 04:35:00,SELL,REJECT,M15_NOT_BEARISH,10,4055.04054892,4052.30843178,BULLISH,4050.68,4050.91,4050.80,23.0
P2F4_CANDIDATE_S1,1784109300096_BUY,XAUUSD,PERIOD_M5,2026.07.15 09:55:00,1784109300096,2026.07.15 09:55:00,BUY,REJECT,SIDE_NOT_SELL,10,0.00000000,0.00000000,UNKNOWN,4032.47,4032.92,4032.69,45.0
P2F4_CANDIDATE_S1,1784111100010_SELL,XAUUSD,PERIOD_M5,2026.07.15 10:25:00,1784111100010,2026.07.15 10:25:00,SELL,ELIGIBLE,S1_SELL_M15_BEARISH,10,4033.20161441,4039.78401341,BEARISH,4025.87,4026.16,4026.01,29.0
P2F4_CANDIDATE_S1,1784116200026_BUY,XAUUSD,PERIOD_M5,2026.07.15 11:50:00,1784116200026,2026.07.15 11:50:00,BUY,REJECT,SIDE_NOT_SELL,10,0.00000000,0.00000000,UNKNOWN,4029.61,4030.01,4029.81,40.0
P2F4_CANDIDATE_S1,1784139000038_SELL,XAUUSD,PERIOD_M5,2026.07.15 18:10:00,1784139000038,2026.07.15 18:10:00,SELL,REJECT,M15_NOT_BEARISH,10,4050.34416498,4043.37302685,BULLISH,4054.57,4054.81,4054.69,24.0
P2F4_CANDIDATE_S1,1784147700012_BUY,XAUUSD,PERIOD_M5,2026.07.15 20:35:00,1784147700012,2026.07.15 20:35:00,BUY,REJECT,SIDE_NOT_SELL,10,0.00000000,0.00000000,UNKNOWN,4054.73,4055.08,4054.90,35.0
P2F4_CANDIDATE_S1,1784154600019_SELL,XAUUSD,PERIOD_M5,2026.07.15 22:30:00,1784154600019,2026.07.15 22:30:00,SELL,REJECT,M15_NOT_BEARISH,10,4054.46099611,4048.19571053,BULLISH,4056.03,4056.27,4056.15,24.0
P2F4_CANDIDATE_S1,1784164500100_BUY,XAUUSD,PERIOD_M5,2026.07.16 01:15:00,1784164500100,2026.07.16 01:15:00,BUY,REJECT,SIDE_NOT_SELL,10,0.00000000,0.00000000,UNKNOWN,4063.34,4063.73,4063.53,39.0
P2F4_CANDIDATE_S1,1784168700109_SELL,XAUUSD,PERIOD_M5,2026.07.16 02:25:00,1784168700109,2026.07.16 02:25:00,SELL,REJECT,M15_NOT_BEARISH,10,4056.93811218,4050.87618760,BULLISH,4057.14,4057.53,4057.34,39.0
P2F4_CANDIDATE_S1,1784186100702_BUY,XAUUSD,PERIOD_M5,2026.07.16 07:15:00,1784186100702,2026.07.16 07:15:00,BUY,REJECT,SIDE_NOT_SELL,10,0.00000000,0.00000000,UNKNOWN,4036.87,4037.20,4037.03,33.0
P2F4_CANDIDATE_S1,1784186400124_SELL,XAUUSD,PERIOD_M5,2026.07.16 07:20:00,1784186400124,2026.07.16 07:20:00,SELL,ELIGIBLE,S1_SELL_M15_BEARISH,10,4040.58995621,4045.12375335,BEARISH,4033.30,4033.55,4033.43,25.0
P2F4_CANDIDATE_S1,1784199900069_BUY,XAUUSD,PERIOD_M5,2026.07.16 11:05:00,1784199900069,2026.07.16 11:05:00,BUY,REJECT,SIDE_NOT_SELL,10,0.00000000,0.00000000,UNKNOWN,4029.95,4030.29,4030.12,34.0
P2F4_CANDIDATE_S1,1784200500090_SELL,XAUUSD,PERIOD_M5,2026.07.16 11:15:00,1784200500090,2026.07.16 11:15:00,SELL,ELIGIBLE,S1_SELL_M15_BEARISH,10,4030.95368947,4037.51569022,BEARISH,4025.68,4026.07,4025.88,39.0
P2F4_CANDIDATE_S1,1784201100249_BUY,XAUUSD,PERIOD_M5,2026.07.16 11:25:00,1784201100249,2026.07.16 11:25:00,BUY,REJECT,SIDE_NOT_SELL,10,0.00000000,0.00000000,UNKNOWN,4031.53,4031.87,4031.70,34.0
P2F4_CANDIDATE_S1,1784207700130_SELL,XAUUSD,PERIOD_M5,2026.07.16 13:15:00,1784207700130,2026.07.16 13:15:00,SELL,ELIGIBLE,S1_SELL_M15_BEARISH,10,4032.31005203,4036.41973361,BEARISH,4031.73,4032.10,4031.91,37.0
P2F4_CANDIDATE_S1,1784208300033_BUY,XAUUSD,PERIOD_M5,2026.07.16 13:25:00,1784208300033,2026.07.16 13:25:00,BUY,REJECT,SIDE_NOT_SELL,10,0.00000000,0.00000000,UNKNOWN,4034.54,4034.87,4034.70,33.0
P2F4_CANDIDATE_S1,1784209800076_SELL,XAUUSD,PERIOD_M5,2026.07.16 13:50:00,1784209800076,2026.07.16 13:50:00,SELL,ELIGIBLE,S1_SELL_M15_BEARISH,10,4032.45979316,4036.16740500,BEARISH,4030.82,4031.13,4030.98,31.0
P2F4_CANDIDATE_S1,1784213700004_BUY,XAUUSD,PERIOD_M5,2026.07.16 14:55:00,1784213700004,2026.07.16 14:55:00,BUY,REJECT,SIDE_NOT_SELL,10,0.00000000,0.00000000,UNKNOWN,4039.56,4039.90,4039.73,34.0
P2F4_CANDIDATE_S1,1784215500031_SELL,XAUUSD,PERIOD_M5,2026.07.16 15:25:00,1784215500031,2026.07.16 15:25:00,SELL,ELIGIBLE,S1_SELL_M15_BEARISH,10,4032.04198688,4035.12290231,BEARISH,4020.86,4021.21,4021.03,35.0
P2F4_CANDIDATE_S1,1784226300004_BUY,XAUUSD,PERIOD_M5,2026.07.16 18:25:00,1784226300004,2026.07.16 18:25:00,BUY,REJECT,SIDE_NOT_SELL,10,0.00000000,0.00000000,UNKNOWN,4007.89,4008.13,4008.01,24.0
P2F4_CANDIDATE_S1,1784229300010_SELL,XAUUSD,PERIOD_M5,2026.07.16 19:15:00,1784229300010,2026.07.16 19:15:00,SELL,ELIGIBLE,S1_SELL_M15_BEARISH,10,4006.30545267,4018.36300145,BEARISH,3989.66,3990.04,3989.85,38.0
P2F4_CANDIDATE_S1,1784255400047_BUY,XAUUSD,PERIOD_M5,2026.07.17 02:30:00,1784255400047,2026.07.17 02:30:00,BUY,REJECT,SIDE_NOT_SELL,10,0.00000000,0.00000000,UNKNOWN,3978.29,3978.72,3978.51,43.0
P2F4_CANDIDATE_S1,1784255700018_SELL,XAUUSD,PERIOD_M5,2026.07.17 02:35:00,1784255700018,2026.07.17 02:35:00,SELL,ELIGIBLE,S1_SELL_M15_BEARISH,10,3983.02086553,3997.14667521,BEARISH,3977.12,3977.50,3977.31,38.0
P2F4_CANDIDATE_S1,1784256000910_BUY,XAUUSD,PERIOD_M5,2026.07.17 02:40:00,1784256000910,2026.07.17 02:40:00,BUY,REJECT,SIDE_NOT_SELL,10,0.00000000,0.00000000,UNKNOWN,3979.57,3979.89,3979.73,32.0
P2F4_CANDIDATE_S1,1784264400050_SELL,XAUUSD,PERIOD_M5,2026.07.17 05:00:00,1784264400050,2026.07.17 05:00:00,SELL,ELIGIBLE,S1_SELL_M15_BEARISH,10,3985.69937193,3993.78657294,BEARISH,3983.16,3983.44,3983.30,28.0
P2F4_CANDIDATE_S1,1784268900052_BUY,XAUUSD,PERIOD_M5,2026.07.17 06:15:00,1784268900052,2026.07.17 06:15:00,BUY,REJECT,SIDE_NOT_SELL,10,0.00000000,0.00000000,UNKNOWN,3988.61,3988.93,3988.77,32.0
P2F4_CANDIDATE_S1,1784273400199_SELL,XAUUSD,PERIOD_M5,2026.07.17 07:30:00,1784273400199,2026.07.17 07:30:00,SELL,ELIGIBLE,S1_SELL_M15_BEARISH,10,3987.24852182,3991.72982792,BEARISH,3986.19,3986.46,3986.32,27.0
P2F4_CANDIDATE_S1,1784278500017_BUY,XAUUSD,PERIOD_M5,2026.07.17 08:55:00,1784278500017,2026.07.17 08:55:00,BUY,REJECT,SIDE_NOT_SELL,10,0.00000000,0.00000000,UNKNOWN,3989.80,3990.16,3989.98,36.0
P2F4_CANDIDATE_S1,1784287200086_SELL,XAUUSD,PERIOD_M5,2026.07.17 11:20:00,1784287200086,2026.07.17 11:20:00,SELL,REJECT,M15_NOT_BEARISH,10,3992.02123492,3991.97575803,BULLISH,3990.11,3990.36,3990.24,25.0
P2F4_CANDIDATE_S1,1784290500001_BUY,XAUUSD,PERIOD_M5,2026.07.17 12:15:00,1784290500001,2026.07.17 12:15:00,BUY,REJECT,SIDE_NOT_SELL,10,0.00000000,0.00000000,UNKNOWN,3997.91,3998.18,3998.05,27.0
P2F4_CANDIDATE_S1,1784296500068_SELL,XAUUSD,PERIOD_M5,2026.07.17 13:55:00,1784296500068,2026.07.17 13:55:00,SELL,REJECT,M15_NOT_BEARISH,10,3994.73331126,3993.35110534,BULLISH,3993.37,3993.64,3993.51,27.0
P2F4_CANDIDATE_S1,1784307300061_BUY,XAUUSD,PERIOD_M5,2026.07.17 16:55:00,1784307300061,2026.07.17 16:55:00,BUY,REJECT,SIDE_NOT_SELL,10,0.00000000,0.00000000,UNKNOWN,3989.03,3989.28,3989.16,25.0
P2F4_CANDIDATE_S1,1784321100046_SELL,XAUUSD,PERIOD_M5,2026.07.17 20:45:00,1784321100046,2026.07.17 20:45:00,SELL,REJECT,M15_NOT_BEARISH,10,4006.40794831,3999.20482324,BULLISH,4010.88,4011.12,4011.00,24.0
P2F4_CANDIDATE_S1,1784328900036_BUY,XAUUSD,PERIOD_M5,2026.07.17 22:55:00,1784328900036,2026.07.17 22:55:00,BUY,REJECT,SIDE_NOT_SELL,10,0.00000000,0.00000000,UNKNOWN,4015.51,4015.74,4015.63,23.0
P2F4_CANDIDATE_S1,1784509500017_SELL,XAUUSD,PERIOD_M5,2026.07.20 01:05:00,1784509500017,2026.07.20 01:05:00,SELL,REJECT,M15_NOT_BEARISH,10,4008.64457196,4002.51644441,BULLISH,3996.25,3997.07,3996.66,82.0
P2F4_CANDIDATE_S1,1784517900046_BUY,XAUUSD,PERIOD_M5,2026.07.20 03:25:00,1784517900046,2026.07.20 03:25:00,BUY,REJECT,SIDE_NOT_SELL,10,0.00000000,0.00000000,UNKNOWN,4002.54,4002.87,4002.70,33.0
P2F4_CANDIDATE_S1,1784534700029_SELL,XAUUSD,PERIOD_M5,2026.07.20 08:05:00,1784534700029,2026.07.20 08:05:00,SELL,REJECT,M15_NOT_BEARISH,10,4015.09679442,4008.23029717,BULLISH,4017.80,4018.01,4017.91,21.0
P2F4_CANDIDATE_S1,1784544000001_BUY,XAUUSD,PERIOD_M5,2026.07.20 10:40:00,1784544000001,2026.07.20 10:40:00,BUY,REJECT,SIDE_NOT_SELL,10,0.00000000,0.00000000,UNKNOWN,4016.39,4016.62,4016.51,23.0
P2F4_CANDIDATE_S1,1784560200131_SELL,XAUUSD,PERIOD_M5,2026.07.20 15:10:00,1784560200131,2026.07.20 15:10:00,SELL,REJECT,M15_NOT_BEARISH,10,4020.71641305,4015.22814492,BULLISH,4015.94,4016.45,4016.19,51.0
P2F4_CANDIDATE_S1,1784571000009_BUY,XAUUSD,PERIOD_M5,2026.07.20 18:10:00,1784571000009,2026.07.20 18:10:00,BUY,REJECT,SIDE_NOT_SELL,10,0.00000000,0.00000000,UNKNOWN,4019.29,4019.53,4019.41,24.0
P2F4_CANDIDATE_S1,1784576700065_SELL,XAUUSD,PERIOD_M5,2026.07.20 19:45:00,1784576700065,2026.07.20 19:45:00,SELL,ELIGIBLE,S1_SELL_M15_BEARISH,10,4012.06414174,4012.53182195,BEARISH,4009.58,4009.83,4009.70,25.0
P2F4_CANDIDATE_S1,1784586600081_BUY,XAUUSD,PERIOD_M5,2026.07.20 22:30:00,1784586600081,2026.07.20 22:30:00,BUY,REJECT,SIDE_NOT_SELL,10,0.00000000,0.00000000,UNKNOWN,4012.97,4013.29,4013.13,32.0
P2F4_CANDIDATE_S1,1784596200106_SELL,XAUUSD,PERIOD_M5,2026.07.21 01:10:00,1784596200106,2026.07.21 01:10:00,SELL,ELIGIBLE,S1_SELL_M15_BEARISH,10,4008.91085171,4010.65250919,BEARISH,4006.00,4006.62,4006.31,62.0
P2F4_CANDIDATE_S1,1784602500089_BUY,XAUUSD,PERIOD_M5,2026.07.21 02:55:00,1784602500089,2026.07.21 02:55:00,BUY,REJECT,SIDE_NOT_SELL,10,0.00000000,0.00000000,UNKNOWN,4007.74,4008.21,4007.97,47.0
P2F4_CANDIDATE_S1,1784632200038_SELL,XAUUSD,PERIOD_M5,2026.07.21 11:10:00,1784632200038,2026.07.21 11:10:00,SELL,REJECT,M15_NOT_BEARISH,10,4059.19559415,4040.96795990,BULLISH,4066.58,4066.90,4066.74,32.0
P2F4_CANDIDATE_S1,1784640300089_BUY,XAUUSD,PERIOD_M5,2026.07.21 13:25:00,1784640300089,2026.07.21 13:25:00,BUY,REJECT,SIDE_NOT_SELL,10,0.00000000,0.00000000,UNKNOWN,4067.27,4067.72,4067.49,45.0
P2F4_CANDIDATE_S1,1784642400043_SELL,XAUUSD,PERIOD_M5,2026.07.21 14:00:00,1784642400043,2026.07.21 14:00:00,SELL,REJECT,M15_NOT_BEARISH,10,4063.06428281,4049.99713040,BULLISH,4062.87,4063.25,4063.06,38.0
P2F4_CANDIDATE_S1,1784654100075_BUY,XAUUSD,PERIOD_M5,2026.07.21 17:15:00,1784654100075,2026.07.21 17:15:00,BUY,REJECT,SIDE_NOT_SELL,10,0.00000000,0.00000000,UNKNOWN,4065.78,4066.21,4065.99,43.0
P2F4_CANDIDATE_S1,1784664300114_SELL,XAUUSD,PERIOD_M5,2026.07.21 20:05:00,1784664300114,2026.07.21 20:05:00,SELL,REJECT,M15_NOT_BEARISH,10,4068.27361039,4059.87768297,BULLISH,4070.34,4070.56,4070.45,22.0
P2F4_CANDIDATE_S1,1784669100014_BUY,XAUUSD,PERIOD_M5,2026.07.21 21:25:00,1784669100014,2026.07.21 21:25:00,BUY,REJECT,SIDE_NOT_SELL,10,0.00000000,0.00000000,UNKNOWN,4081.11,4081.47,4081.29,36.0
P2F4_CANDIDATE_S1,1784688300414_SELL,XAUUSD,PERIOD_M5,2026.07.22 02:45:00,1784688300414,2026.07.22 02:45:00,SELL,REJECT,M15_NOT_BEARISH,10,4078.68363714,4070.43391444,BULLISH,4080.40,4080.72,4080.56,32.0
P2F4_CANDIDATE_S1,1784689500005_BUY,XAUUSD,PERIOD_M5,2026.07.22 03:05:00,1784689500005,2026.07.22 03:05:00,BUY,REJECT,SIDE_NOT_SELL,10,0.00000000,0.00000000,UNKNOWN,4082.72,4083.02,4082.87,30.0
P2F4_CANDIDATE_S1,1784705700121_SELL,XAUUSD,PERIOD_M5,2026.07.22 07:35:00,1784705700121,2026.07.22 07:35:00,SELL,REJECT,M15_NOT_BEARISH,10,4117.78556777,4097.34520055,BULLISH,4126.68,4127.02,4126.85,34.0
P2F4_CANDIDATE_S1,1784709900032_BUY,XAUUSD,PERIOD_M5,2026.07.22 08:45:00,1784709900032,2026.07.22 08:45:00,BUY,REJECT,SIDE_NOT_SELL,10,0.00000000,0.00000000,UNKNOWN,4132.44,4132.73,4132.58,29.0
P2F4_CANDIDATE_S1,1784712600046_SELL,XAUUSD,PERIOD_M5,2026.07.22 09:30:00,1784712600046,2026.07.22 09:30:00,SELL,REJECT,M15_NOT_BEARISH,10,4122.75830468,4105.46886521,BULLISH,4117.39,4117.77,4117.58,38.0
P2F4_CANDIDATE_S1,1784721900024_BUY,XAUUSD,PERIOD_M5,2026.07.22 12:05:00,1784721900024,2026.07.22 12:05:00,BUY,REJECT,SIDE_NOT_SELL,10,0.00000000,0.00000000,UNKNOWN,4119.89,4120.13,4120.01,24.0
P2F4_CANDIDATE_S1,1784724300650_SELL,XAUUSD,PERIOD_M5,2026.07.22 12:45:00,1784724300650,2026.07.22 12:45:00,SELL,REJECT,M15_NOT_BEARISH,10,4118.42943537,4110.00255793,BULLISH,4115.99,4116.26,4116.13,27.0
P2F4_CANDIDATE_S1,1784726700055_BUY,XAUUSD,PERIOD_M5,2026.07.22 13:25:00,1784726700055,2026.07.22 13:25:00,BUY,REJECT,SIDE_NOT_SELL,10,0.00000000,0.00000000,UNKNOWN,4121.54,4121.85,4121.69,31.0
P2F4_CANDIDATE_S1,1784736000039_SELL,XAUUSD,PERIOD_M5,2026.07.22 16:00:00,1784736000039,2026.07.22 16:00:00,SELL,REJECT,M15_NOT_BEARISH,10,4120.27590974,4114.24556620,BULLISH,4112.95,4113.13,4113.04,18.0
P2F4_CANDIDATE_S1,1784737200014_BUY,XAUUSD,PERIOD_M5,2026.07.22 16:20:00,1784737200014,2026.07.22 16:20:00,BUY,REJECT,SIDE_NOT_SELL,10,0.00000000,0.00000000,UNKNOWN,4130.75,4130.97,4130.86,22.0
P2F4_CANDIDATE_S1,1784748900168_SELL,XAUUSD,PERIOD_M5,2026.07.22 19:35:00,1784748900168,2026.07.22 19:35:00,SELL,REJECT,M15_NOT_BEARISH,10,4144.10739160,4129.83951592,BULLISH,4146.15,4146.53,4146.34,38.0
P2F4_CANDIDATE_S1,1784775600036_BUY,XAUUSD,PERIOD_M5,2026.07.23 03:00:00,1784775600036,2026.07.23 03:00:00,BUY,REJECT,SIDE_NOT_SELL,10,0.00000000,0.00000000,UNKNOWN,4133.42,4133.67,4133.55,25.0
P2F4_CANDIDATE_S1,1784781900017_SELL,XAUUSD,PERIOD_M5,2026.07.23 04:45:00,1784781900017,2026.07.23 04:45:00,SELL,ELIGIBLE,S1_SELL_M15_BEARISH,10,4130.55950550,4130.78321744,BEARISH,4121.49,4121.88,4121.68,39.0
P2F4_CANDIDATE_S1,1784786700043_BUY,XAUUSD,PERIOD_M5,2026.07.23 06:05:00,1784786700043,2026.07.23 06:05:00,BUY,REJECT,SIDE_NOT_SELL,10,0.00000000,0.00000000,UNKNOWN,4126.20,4126.45,4126.32,25.0
P2F4_CANDIDATE_S1,1784792700056_SELL,XAUUSD,PERIOD_M5,2026.07.23 07:45:00,1784792700056,2026.07.23 07:45:00,SELL,ELIGIBLE,S1_SELL_M15_BEARISH,10,4126.98294267,4128.54657815,BEARISH,4123.19,4123.42,4123.31,23.0
P2F4_CANDIDATE_S1,1784796000005_BUY,XAUUSD,PERIOD_M5,2026.07.23 08:40:00,1784796000005,2026.07.23 08:40:00,BUY,REJECT,SIDE_NOT_SELL,10,0.00000000,0.00000000,UNKNOWN,4126.24,4126.49,4126.36,25.0
P2F4_CANDIDATE_S1,1784797800021_SELL,XAUUSD,PERIOD_M5,2026.07.23 09:10:00,1784797800021,2026.07.23 09:10:00,SELL,ELIGIBLE,S1_SELL_M15_BEARISH,10,4126.10288705,4127.84045157,BEARISH,4122.42,4122.66,4122.54,24.0
P2F4_CANDIDATE_S1,1784845800010_BUY,XAUUSD,PERIOD_M5,2026.07.23 22:30:00,1784845800010,2026.07.23 22:30:00,BUY,REJECT,SIDE_NOT_SELL,10,0.00000000,0.00000000,UNKNOWN,4048.24,4048.42,4048.33,18.0
P2F4_CANDIDATE_S1,1784861700126_SELL,XAUUSD,PERIOD_M5,2026.07.24 02:55:00,1784861700126,2026.07.24 02:55:00,SELL,ELIGIBLE,S1_SELL_M15_BEARISH,10,4049.22362267,4061.44455174,BEARISH,4047.58,4047.89,4047.73,31.0
P2F4_CANDIDATE_S1,1784865000134_BUY,XAUUSD,PERIOD_M5,2026.07.24 03:50:00,1784865000134,2026.07.24 03:50:00,BUY,REJECT,SIDE_NOT_SELL,10,0.00000000,0.00000000,UNKNOWN,4048.85,4049.21,4049.03,36.0
P2F4_CANDIDATE_S1,1784865900029_SELL,XAUUSD,PERIOD_M5,2026.07.24 04:05:00,1784865900029,2026.07.24 04:05:00,SELL,ELIGIBLE,S1_SELL_M15_BEARISH,10,4048.37481520,4058.80892998,BEARISH,4043.86,4044.32,4044.09,46.0
P2F4_CANDIDATE_S1,1784884800073_BUY,XAUUSD,PERIOD_M5,2026.07.24 09:20:00,1784884800073,2026.07.24 09:20:00,BUY,REJECT,SIDE_NOT_SELL,10,0.00000000,0.00000000,UNKNOWN,4033.88,4034.32,4034.10,44.0
P2F4_CANDIDATE_S1,1784904600072_SELL,XAUUSD,PERIOD_M5,2026.07.24 14:50:00,1784904600072,2026.07.24 14:50:00,SELL,REJECT,M15_NOT_BEARISH,10,4053.13025853,4049.49905770,BULLISH,4055.17,4055.45,4055.31,28.0
P2F4_CANDIDATE_S1,1784912100056_BUY,XAUUSD,PERIOD_M5,2026.07.24 16:55:00,1784912100056,2026.07.24 16:55:00,BUY,REJECT,SIDE_NOT_SELL,10,0.00000000,0.00000000,UNKNOWN,4059.59,4059.91,4059.75,32.0
P2F4_CANDIDATE_S1,1784922600081_SELL,XAUUSD,PERIOD_M5,2026.07.24 19:50:00,1784922600081,2026.07.24 19:50:00,SELL,REJECT,M15_NOT_BEARISH,10,4065.19172175,4057.88719449,BULLISH,4065.24,4065.56,4065.40,32.0
P2F4_CANDIDATE_S1,1785114300054_BUY,XAUUSD,PERIOD_M5,2026.07.27 01:05:00,1785114300054,2026.07.27 01:05:00,BUY,REJECT,SIDE_NOT_SELL,10,0.00000000,0.00000000,UNKNOWN,4089.13,4089.92,4089.53,79.0
P2F4_CANDIDATE_S1,1785130800065_SELL,XAUUSD,PERIOD_M5,2026.07.27 05:40:00,1785130800065,2026.07.27 05:40:00,SELL,REJECT,M15_NOT_BEARISH,10,4093.52737904,4078.75016478,BULLISH,4097.73,4097.97,4097.85,24.0
P2F4_CANDIDATE_S1,1785140100299_BUY,XAUUSD,PERIOD_M5,2026.07.27 08:15:00,1785140100299,2026.07.27 08:15:00,BUY,REJECT,SIDE_NOT_SELL,10,0.00000000,0.00000000,UNKNOWN,4094.70,4094.95,4094.82,25.0
P2F4_CANDIDATE_S1,1785140700110_SELL,XAUUSD,PERIOD_M5,2026.07.27 08:25:00,1785140700110,2026.07.27 08:25:00,SELL,REJECT,M15_NOT_BEARISH,10,4091.90165595,4083.15193692,BULLISH,4088.23,4088.48,4088.36,25.0
P2F4_CANDIDATE_S1,1785143400104_BUY,XAUUSD,PERIOD_M5,2026.07.27 09:10:00,1785143400104,2026.07.27 09:10:00,BUY,REJECT,SIDE_NOT_SELL,10,0.00000000,0.00000000,UNKNOWN,4093.77,4094.02,4093.89,25.0
P2F4_CANDIDATE_S1,1785150000070_SELL,XAUUSD,PERIOD_M5,2026.07.27 11:00:00,1785150000070,2026.07.27 11:00:00,SELL,REJECT,M15_NOT_BEARISH,10,4094.34373102,4087.44792491,BULLISH,4088.59,4088.99,4088.79,40.0
P2F4_CANDIDATE_S1,1785156600040_BUY,XAUUSD,PERIOD_M5,2026.07.27 12:50:00,1785156600040,2026.07.27 12:50:00,BUY,REJECT,SIDE_NOT_SELL,10,0.00000000,0.00000000,UNKNOWN,4097.25,4097.49,4097.37,24.0
P2F4_CANDIDATE_S1,1785158400138_SELL,XAUUSD,PERIOD_M5,2026.07.27 13:20:00,1785158400138,2026.07.27 13:20:00,SELL,REJECT,M15_NOT_BEARISH,10,4093.50991362,4089.08382612,BULLISH,4091.03,4091.29,4091.16,26.0
P2F4_CANDIDATE_S1,1785159600216_BUY,XAUUSD,PERIOD_M5,2026.07.27 13:40:00,1785159600216,2026.07.27 13:40:00,BUY,REJECT,SIDE_NOT_SELL,10,0.00000000,0.00000000,UNKNOWN,4098.03,4098.29,4098.16,26.0
P2F4_CANDIDATE_S1,1785164100022_SELL,XAUUSD,PERIOD_M5,2026.07.27 14:55:00,1785164100022,2026.07.27 14:55:00,SELL,REJECT,M15_NOT_BEARISH,10,4095.44738871,4090.94559565,BULLISH,4094.30,4094.55,4094.43,25.0
P2F4_CANDIDATE_S1,1785178800055_BUY,XAUUSD,PERIOD_M5,2026.07.27 19:00:00,1785178800055,2026.07.27 19:00:00,BUY,REJECT,SIDE_NOT_SELL,10,0.00000000,0.00000000,UNKNOWN,4078.38,4078.62,4078.50,24.0
P2F4_CANDIDATE_S1,1785183300027_SELL,XAUUSD,PERIOD_M5,2026.07.27 20:15:00,1785183300027,2026.07.27 20:15:00,SELL,ELIGIBLE,S1_SELL_M15_BEARISH,10,4081.26790891,4084.44165330,BEARISH,4073.52,4073.75,4073.64,23.0
P2F4_CANDIDATE_S1,1785190200081_BUY,XAUUSD,PERIOD_M5,2026.07.27 22:10:00,1785190200081,2026.07.27 22:10:00,BUY,REJECT,SIDE_NOT_SELL,10,0.00000000,0.00000000,UNKNOWN,4079.82,4080.02,4079.92,20.0
P2F4_CANDIDATE_S1,1785201600090_SELL,XAUUSD,PERIOD_M5,2026.07.28 01:20:00,1785201600090,2026.07.28 01:20:00,SELL,ELIGIBLE,S1_SELL_M15_BEARISH,10,4080.25621750,4082.47534373,BEARISH,4076.28,4076.60,4076.44,32.0
P2F4_CANDIDATE_S1,1785221400021_BUY,XAUUSD,PERIOD_M5,2026.07.28 06:50:00,1785221400021,2026.07.28 06:50:00,BUY,REJECT,SIDE_NOT_SELL,10,0.00000000,0.00000000,UNKNOWN,4049.68,4049.94,4049.81,26.0
P2F4_CANDIDATE_S1,1785222600128_SELL,XAUUSD,PERIOD_M5,2026.07.28 07:10:00,1785222600128,2026.07.28 07:10:00,SELL,ELIGIBLE,S1_SELL_M15_BEARISH,10,4054.66855967,4066.09301835,BEARISH,4046.29,4046.55,4046.42,26.0
P2F4_CANDIDATE_S1,1785230400023_BUY,XAUUSD,PERIOD_M5,2026.07.28 09:20:00,1785230400023,2026.07.28 09:20:00,BUY,REJECT,SIDE_NOT_SELL,10,0.00000000,0.00000000,UNKNOWN,4045.52,4045.80,4045.66,28.0
P2F4_CANDIDATE_S1,1785237300048_SELL,XAUUSD,PERIOD_M5,2026.07.28 11:15:00,1785237300048,2026.07.28 11:15:00,SELL,ELIGIBLE,S1_SELL_M15_BEARISH,10,4048.09267302,4056.29591548,BEARISH,4044.33,4044.64,4044.48,31.0
P2F4_CANDIDATE_S1,1785237600142_BUY,XAUUSD,PERIOD_M5,2026.07.28 11:20:00,1785237600142,2026.07.28 11:20:00,BUY,REJECT,SIDE_NOT_SELL,10,0.00000000,0.00000000,UNKNOWN,4048.55,4048.84,4048.70,29.0
P2F4_CANDIDATE_S1,1785238500038_SELL,XAUUSD,PERIOD_M5,2026.07.28 11:35:00,1785238500038,2026.07.28 11:35:00,SELL,ELIGIBLE,S1_SELL_M15_BEARISH,10,4048.23718035,4056.03372272,BEARISH,4045.66,4045.94,4045.80,28.0
P2F4_CANDIDATE_S1,1785252300000_BUY,XAUUSD,PERIOD_M5,2026.07.28 15:25:00,1785252300000,2026.07.28 15:25:00,BUY,REJECT,SIDE_NOT_SELL,10,0.00000000,0.00000000,UNKNOWN,4033.90,4034.17,4034.03,27.0
P2F4_CANDIDATE_S1,1785256800007_SELL,XAUUSD,PERIOD_M5,2026.07.28 16:40:00,1785256800007,2026.07.28 16:40:00,SELL,ELIGIBLE,S1_SELL_M15_BEARISH,10,4032.23151354,4041.71606101,BEARISH,4021.95,4022.16,4022.05,21.0
P2F4_CANDIDATE_S1,1785262500006_BUY,XAUUSD,PERIOD_M5,2026.07.28 18:15:00,1785262500006,2026.07.28 18:15:00,BUY,REJECT,SIDE_NOT_SELL,10,0.00000000,0.00000000,UNKNOWN,4033.64,4033.93,4033.78,29.0
P2F4_CANDIDATE_S1,1785270000019_SELL,XAUUSD,PERIOD_M5,2026.07.28 20:20:00,1785270000019,2026.07.28 20:20:00,SELL,ELIGIBLE,S1_SELL_M15_BEARISH,10,4035.17577577,4038.46014074,BEARISH,4035.46,4035.68,4035.57,22.0
P2F4_CANDIDATE_S1,1785293700097_BUY,XAUUSD,PERIOD_M5,2026.07.29 02:55:00,1785293700097,2026.07.29 02:55:00,BUY,REJECT,SIDE_NOT_SELL,10,0.00000000,0.00000000,UNKNOWN,4023.64,4023.99,4023.81,35.0
P2F4_CANDIDATE_S1,1785294900034_SELL,XAUUSD,PERIOD_M5,2026.07.29 03:15:00,1785294900034,2026.07.29 03:15:00,SELL,ELIGIBLE,S1_SELL_M15_BEARISH,10,4024.47664067,4030.29261772,BEARISH,4020.55,4020.90,4020.73,35.0
P2F4_CANDIDATE_S1,1785295200145_BUY,XAUUSD,PERIOD_M5,2026.07.29 03:20:00,1785295200145,2026.07.29 03:20:00,BUY,REJECT,SIDE_NOT_SELL,10,0.00000000,0.00000000,UNKNOWN,4024.99,4025.19,4025.09,20.0
P2F4_CANDIDATE_S1,1785297900005_SELL,XAUUSD,PERIOD_M5,2026.07.29 04:05:00,1785297900005,2026.07.29 04:05:00,SELL,ELIGIBLE,S1_SELL_M15_BEARISH,10,4024.19197693,4029.51294451,BEARISH,4011.98,4012.31,4012.14,33.0
P2F4_CANDIDATE_S1,1785300000028_BUY,XAUUSD,PERIOD_M5,2026.07.29 04:40:00,1785300000028,2026.07.29 04:40:00,BUY,REJECT,SIDE_NOT_SELL,10,0.00000000,0.00000000,UNKNOWN,4029.21,4029.61,4029.41,40.0
P2F4_CANDIDATE_S1,1785307500085_SELL,XAUUSD,PERIOD_M5,2026.07.29 06:45:00,1785307500085,2026.07.29 06:45:00,SELL,ELIGIBLE,S1_SELL_M15_BEARISH,10,4026.24621400,4028.55465641,BEARISH,4026.04,4026.27,4026.15,23.0
P2F4_CANDIDATE_S1,1785312300006_BUY,XAUUSD,PERIOD_M5,2026.07.29 08:05:00,1785312300006,2026.07.29 08:05:00,BUY,REJECT,SIDE_NOT_SELL,10,0.00000000,0.00000000,UNKNOWN,4028.95,4029.25,4029.10,30.0
P2F4_CANDIDATE_S1,1785324300114_SELL,XAUUSD,PERIOD_M5,2026.07.29 11:25:00,1785324300114,2026.07.29 11:25:00,SELL,REJECT,M15_NOT_BEARISH,10,4036.79786573,4032.85652839,BULLISH,4037.61,4037.90,4037.76,29.0
P2F4_CANDIDATE_S1,1785336600009_BUY,XAUUSD,PERIOD_M5,2026.07.29 14:50:00,1785336600009,2026.07.29 14:50:00,BUY,REJECT,SIDE_NOT_SELL,10,0.00000000,0.00000000,UNKNOWN,4034.51,4034.74,4034.63,23.0
P2F4_CANDIDATE_S1,1785337800037_SELL,XAUUSD,PERIOD_M5,2026.07.29 15:10:00,1785337800037,2026.07.29 15:10:00,SELL,REJECT,M15_NOT_BEARISH,10,4033.17133301,4032.75520901,BULLISH,4029.97,4030.23,4030.10,26.0
P2F4_CANDIDATE_S1,1785351000054_BUY,XAUUSD,PERIOD_M5,2026.07.29 18:50:00,1785351000054,2026.07.29 18:50:00,BUY,REJECT,SIDE_NOT_SELL,10,0.00000000,0.00000000,UNKNOWN,4012.58,4012.83,4012.70,25.0
P2F4_CANDIDATE_S1,1785373200551_SELL,XAUUSD,PERIOD_M5,2026.07.30 01:00:00,1785373200551,2026.07.30 01:00:00,SELL,REJECT,M15_NOT_BEARISH,10,4053.76880293,4039.52554729,BULLISH,4027.47,4095.04,4061.26,6757.0
P2F4_CANDIDATE_S1,1785375300118_BUY,XAUUSD,PERIOD_M5,2026.07.30 01:35:00,1785375300118,2026.07.30 01:35:00,BUY,REJECT,SIDE_NOT_SELL,10,0.00000000,0.00000000,UNKNOWN,4075.41,4075.95,4075.68,54.0
P2F4_CANDIDATE_S1,1785381600039_SELL,XAUUSD,PERIOD_M5,2026.07.30 03:20:00,1785381600039,2026.07.30 03:20:00,SELL,REJECT,M15_NOT_BEARISH,10,4072.48582066,4053.25440916,BULLISH,4077.49,4077.76,4077.63,27.0
P2F4_CANDIDATE_S1,1785386100077_BUY,XAUUSD,PERIOD_M5,2026.07.30 04:35:00,1785386100077,2026.07.30 04:35:00,BUY,REJECT,SIDE_NOT_SELL,10,0.00000000,0.00000000,UNKNOWN,4086.03,4086.15,4086.09,12.0
P2F4_CANDIDATE_S1,1785389700048_SELL,XAUUSD,PERIOD_M5,2026.07.30 05:35:00,1785389700048,2026.07.30 05:35:00,SELL,REJECT,M15_NOT_BEARISH,10,4076.80251206,4061.05006705,BULLISH,4076.36,4076.62,4076.49,26.0
P2F4_CANDIDATE_S1,1785406500041_BUY,XAUUSD,PERIOD_M5,2026.07.30 10:15:00,1785406500041,2026.07.30 10:15:00,BUY,REJECT,SIDE_NOT_SELL,10,0.00000000,0.00000000,UNKNOWN,4046.73,4046.99,4046.86,26.0
P2F4_CANDIDATE_S1,1785426900021_SELL,XAUUSD,PERIOD_M5,2026.07.30 15:55:00,1785426900021,2026.07.30 15:55:00,SELL,REJECT,M15_NOT_BEARISH,10,4070.40788755,4063.03178110,BULLISH,4069.95,4070.22,4070.09,27.0
P2F4_CANDIDATE_S1,1785429000004_BUY,XAUUSD,PERIOD_M5,2026.07.30 16:30:00,1785429000004,2026.07.30 16:30:00,BUY,REJECT,SIDE_NOT_SELL,10,0.00000000,0.00000000,UNKNOWN,4080.15,4080.41,4080.28,26.0
P2F4_CANDIDATE_S1,1785443400049_SELL,XAUUSD,PERIOD_M5,2026.07.30 20:30:00,1785443400049,2026.07.30 20:30:00,SELL,REJECT,M15_NOT_BEARISH,10,4098.31799630,4083.21398783,BULLISH,4101.66,4101.86,4101.76,20.0
P2F4_CANDIDATE_S1,1785450000092_BUY,XAUUSD,PERIOD_M5,2026.07.30 22:20:00,1785450000092,2026.07.30 22:20:00,BUY,REJECT,SIDE_NOT_SELL,10,0.00000000,0.00000000,UNKNOWN,4110.65,4110.85,4110.75,20.0
P2F4_CANDIDATE_S1,1785464700237_SELL,XAUUSD,PERIOD_M5,2026.07.31 02:25:00,1785464700237,2026.07.31 02:25:00,SELL,REJECT,M15_NOT_BEARISH,10,4105.69771194,4094.12971926,BULLISH,4105.95,4106.30,4106.13,35.0
P2F4_CANDIDATE_S1,1785483600128_BUY,XAUUSD,PERIOD_M5,2026.07.31 07:40:00,1785483600128,2026.07.31 07:40:00,BUY,REJECT,SIDE_NOT_SELL,10,0.00000000,0.00000000,UNKNOWN,4081.11,4081.43,4081.27,32.0
P2F4_CANDIDATE_S1,1785484200127_SELL,XAUUSD,PERIOD_M5,2026.07.31 07:50:00,1785484200127,2026.07.31 07:50:00,SELL,ELIGIBLE,S1_SELL_M15_BEARISH,10,4084.17694493,4088.38898864,BEARISH,4075.52,4075.87,4075.69,35.0
P2F4_CANDIDATE_S1,1785484800032_BUY,XAUUSD,PERIOD_M5,2026.07.31 08:00:00,1785484800032,2026.07.31 08:00:00,BUY,REJECT,SIDE_NOT_SELL,10,0.00000000,0.00000000,UNKNOWN,4079.91,4080.21,4080.06,30.0
P2F4_CANDIDATE_S1,1785487801028_SELL,XAUUSD,PERIOD_M5,2026.07.31 08:50:01,1785487801028,2026.07.31 08:50:00,SELL,ELIGIBLE,S1_SELL_M15_BEARISH,10,4082.49824147,4087.02486533,BEARISH,4075.59,4075.88,4075.74,29.0
P2F4_CANDIDATE_S1,1785489300030_BUY,XAUUSD,PERIOD_M5,2026.07.31 09:15:00,1785489300030,2026.07.31 09:15:00,BUY,REJECT,SIDE_NOT_SELL,10,0.00000000,0.00000000,UNKNOWN,4082.27,4082.58,4082.43,31.0
P2F4_CANDIDATE_S1,1785491700053_SELL,XAUUSD,PERIOD_M5,2026.07.31 09:55:00,1785491700053,2026.07.31 09:55:00,SELL,ELIGIBLE,S1_SELL_M15_BEARISH,10,4081.67351313,4085.97266660,BEARISH,4078.51,4078.81,4078.66,30.0
P2F4_CANDIDATE_S1,1785507900018_BUY,XAUUSD,PERIOD_M5,2026.07.31 14:25:00,1785507900018,2026.07.31 14:25:00,BUY,REJECT,SIDE_NOT_SELL,10,0.00000000,0.00000000,UNKNOWN,4060.64,4060.98,4060.81,34.0
P2F4_CANDIDATE_S1,1785508800025_SELL,XAUUSD,PERIOD_M5,2026.07.31 14:40:00,1785508800025,2026.07.31 14:40:00,SELL,ELIGIBLE,S1_SELL_M15_BEARISH,10,4061.58064297,4071.94301348,BEARISH,4053.08,4053.39,4053.23,31.0
P2F4_CANDIDATE_S1,1785510900112_BUY,XAUUSD,PERIOD_M5,2026.07.31 15:15:00,1785510900112,2026.07.31 15:15:00,BUY,REJECT,SIDE_NOT_SELL,10,0.00000000,0.00000000,UNKNOWN,4059.03,4059.42,4059.23,39.0
P2F4_CANDIDATE_S1,1785511500010_SELL,XAUUSD,PERIOD_M5,2026.07.31 15:25:00,1785511500010,2026.07.31 15:25:00,SELL,ELIGIBLE,S1_SELL_M15_BEARISH,10,4059.90148905,4070.02281515,BEARISH,4050.68,4050.93,4050.80,25.0
P2F4_CANDIDATE_S1,1785520200081_BUY,XAUUSD,PERIOD_M5,2026.07.31 17:50:00,1785520200081,2026.07.31 17:50:00,BUY,REJECT,SIDE_NOT_SELL,10,0.00000000,0.00000000,UNKNOWN,4043.95,4044.21,4044.08,26.0
P2F4_CANDIDATE_S1,1785528600074_SELL,XAUUSD,PERIOD_M5,2026.07.31 20:10:00,1785528600074,2026.07.31 20:10:00,SELL,ELIGIBLE,S1_SELL_M15_BEARISH,10,4044.87158606,4054.79582098,BEARISH,4041.96,4042.19,4042.07,23.0
P2F4_CANDIDATE_S1,1785528900014_BUY,XAUUSD,PERIOD_M5,2026.07.31 20:15:00,1785528900014,2026.07.31 20:15:00,BUY,REJECT,SIDE_NOT_SELL,10,0.00000000,0.00000000,UNKNOWN,4045.54,4045.76,4045.65,22.0
P2F4_CANDIDATE_S1,1785728400048_SELL,XAUUSD,PERIOD_M5,2026.08.03 03:40:00,1785728400048,2026.08.03 03:40:00,SELL,REJECT,M15_NOT_BEARISH,10,4061.64173954,4058.38266245,BULLISH,4059.83,4060.06,4059.94,23.0
P2F4_CANDIDATE_S1,1785736200003_BUY,XAUUSD,PERIOD_M5,2026.08.03 05:50:00,1785736200003,2026.08.03 05:50:00,BUY,REJECT,SIDE_NOT_SELL,10,0.00000000,0.00000000,UNKNOWN,4063.62,4063.86,4063.74,24.0
P2F4_CANDIDATE_S1,1785744900060_SELL,XAUUSD,PERIOD_M5,2026.08.03 08:15:00,1785744900060,2026.08.03 08:15:00,SELL,REJECT,M15_NOT_BEARISH,10,4062.06008721,4059.80709387,BULLISH,4057.45,4057.66,4057.55,21.0
P2F4_CANDIDATE_S1,1785747900026_BUY,XAUUSD,PERIOD_M5,2026.08.03 09:05:00,1785747900026,2026.08.03 09:05:00,BUY,REJECT,SIDE_NOT_SELL,10,0.00000000,0.00000000,UNKNOWN,4067.97,4068.23,4068.10,26.0
P2F4_CANDIDATE_S1,1785751500105_SELL,XAUUSD,PERIOD_M5,2026.08.03 10:05:00,1785751500105,2026.08.03 10:05:00,SELL,REJECT,M15_NOT_BEARISH,10,4063.71659162,4061.13866876,BULLISH,4060.81,4061.11,4060.96,30.0
P2F4_CANDIDATE_S1,1785768600038_BUY,XAUUSD,PERIOD_M5,2026.08.03 14:50:00,1785768600038,2026.08.03 14:50:00,BUY,REJECT,SIDE_NOT_SELL,10,0.00000000,0.00000000,UNKNOWN,4061.02,4061.25,4061.14,23.0
P2F4_CANDIDATE_S1,1785771300004_SELL,XAUUSD,PERIOD_M5,2026.08.03 15:35:00,1785771300004,2026.08.03 15:35:00,SELL,ELIGIBLE,S1_SELL_M15_BEARISH,10,4055.47218520,4057.65252383,BEARISH,4051.76,4051.98,4051.87,22.0
P2F4_CANDIDATE_S1,1785783000042_BUY,XAUUSD,PERIOD_M5,2026.08.03 18:50:00,1785783000042,2026.08.03 18:50:00,BUY,REJECT,SIDE_NOT_SELL,10,0.00000000,0.00000000,UNKNOWN,4037.59,4037.79,4037.69,20.0
P2F4_CANDIDATE_S1,1785787800155_SELL,XAUUSD,PERIOD_M5,2026.08.03 20:10:00,1785787800155,2026.08.03 20:10:00,SELL,ELIGIBLE,S1_SELL_M15_BEARISH,10,4039.38782766,4046.68064917,BEARISH,4034.86,4035.04,4034.95,18.0
P2F4_CANDIDATE_S1,1785792300113_BUY,XAUUSD,PERIOD_M5,2026.08.03 21:25:00,1785792300113,2026.08.03 21:25:00,BUY,REJECT,SIDE_NOT_SELL,10,0.00000000,0.00000000,UNKNOWN,4037.12,4037.31,4037.22,19.0
P2F4_CANDIDATE_S1,1785816300001_SELL,XAUUSD,PERIOD_M5,2026.08.04 04:05:00,1785816300001,2026.08.04 04:05:00,SELL,REJECT,M15_NOT_BEARISH,10,4050.77190360,4048.50234998,BULLISH,4046.66,4046.96,4046.81,30.0
P2F4_CANDIDATE_S1,1785819000178_BUY,XAUUSD,PERIOD_M5,2026.08.04 04:50:00,1785819000178,2026.08.04 04:50:00,BUY,REJECT,SIDE_NOT_SELL,10,0.00000000,0.00000000,UNKNOWN,4057.02,4057.38,4057.20,36.0
P2F4_CANDIDATE_S1,1785825900121_SELL,XAUUSD,PERIOD_M5,2026.08.04 06:45:00,1785825900121,2026.08.04 06:45:00,SELL,REJECT,M15_NOT_BEARISH,10,4054.68096924,4051.31516340,BULLISH,4052.87,4053.14,4053.01,27.0
P2F4_CANDIDATE_S1,1785828600218_BUY,XAUUSD,PERIOD_M5,2026.08.04 07:30:00,1785828600218,2026.08.04 07:30:00,BUY,REJECT,SIDE_NOT_SELL,10,0.00000000,0.00000000,UNKNOWN,4061.41,4061.69,4061.55,28.0
P2F4_CANDIDATE_S1,1785836100106_SELL,XAUUSD,PERIOD_M5,2026.08.04 09:35:00,1785836100106,2026.08.04 09:35:00,SELL,REJECT,M15_NOT_BEARISH,10,4059.00772261,4054.71729488,BULLISH,4056.85,4057.03,4056.94,18.0
P2F4_CANDIDATE_S1,1785837600009_BUY,XAUUSD,PERIOD_M5,2026.08.04 10:00:00,1785837600009,2026.08.04 10:00:00,BUY,REJECT,SIDE_NOT_SELL,10,0.00000000,0.00000000,UNKNOWN,4063.40,4063.65,4063.53,25.0
P2F4_CANDIDATE_S1,1785843600020_SELL,XAUUSD,PERIOD_M5,2026.08.04 11:40:00,1785843600020,2026.08.04 11:40:00,SELL,REJECT,M15_NOT_BEARISH,10,4061.63156563,4057.13843214,BULLISH,4058.89,4059.14,4059.01,25.0
P2F4_CANDIDATE_S1,1785851700039_BUY,XAUUSD,PERIOD_M5,2026.08.04 13:55:00,1785851700039,2026.08.04 13:55:00,BUY,REJECT,SIDE_NOT_SELL,10,0.00000000,0.00000000,UNKNOWN,4054.89,4055.12,4055.01,23.0
P2F4_CANDIDATE_S1,1785867900016_SELL,XAUUSD,PERIOD_M5,2026.08.04 18:25:00,1785867900016,2026.08.04 18:25:00,SELL,REJECT,M15_NOT_BEARISH,10,4074.18788755,4065.72800605,BULLISH,4076.04,4076.27,4076.15,23.0
P2F4_CANDIDATE_S1,1785869100032_BUY,XAUUSD,PERIOD_M5,2026.08.04 18:45:00,1785869100032,2026.08.04 18:45:00,BUY,REJECT,SIDE_NOT_SELL,10,0.00000000,0.00000000,UNKNOWN,4083.97,4084.19,4084.08,22.0
P2F4_CANDIDATE_S1,1785877500149_SELL,XAUUSD,PERIOD_M5,2026.08.04 21:05:00,1785877500149,2026.08.04 21:05:00,SELL,REJECT,M15_NOT_BEARISH,10,4084.94570933,4074.24690851,BULLISH,4086.78,4087.04,4086.91,26.0
P2F4_CANDIDATE_S1,1785894600022_BUY,XAUUSD,PERIOD_M5,2026.08.05 01:50:00,1785894600022,2026.08.05 01:50:00,BUY,REJECT,SIDE_NOT_SELL,10,0.00000000,0.00000000,UNKNOWN,4082.71,4083.00,4082.86,29.0
P2F4_CANDIDATE_S1,1785895200064_SELL,XAUUSD,PERIOD_M5,2026.08.05 02:00:00,1785895200064,2026.08.05 02:00:00,SELL,REJECT,M15_NOT_BEARISH,10,4081.53982713,4076.59120421,BULLISH,4075.79,4076.14,4075.97,35.0
P2F4_CANDIDATE_S1,1785900600067_BUY,XAUUSD,PERIOD_M5,2026.08.05 03:30:00,1785900600067,2026.08.05 03:30:00,BUY,REJECT,SIDE_NOT_SELL,10,0.00000000,0.00000000,UNKNOWN,4078.50,4078.96,4078.73,46.0
P2F4_CANDIDATE_S1,1785929700160_SELL,XAUUSD,PERIOD_M5,2026.08.05 11:35:00,1785929700160,2026.08.05 11:35:00,SELL,REJECT,M15_NOT_BEARISH,10,4153.27397796,4126.19273385,BULLISH,4165.12,4165.41,4165.26,29.0
P2F4_CANDIDATE_S1,1785938700002_BUY,XAUUSD,PERIOD_M5,2026.08.05 14:05:00,1785938700002,2026.08.05 14:05:00,BUY,REJECT,SIDE_NOT_SELL,10,0.00000000,0.00000000,UNKNOWN,4164.04,4164.37,4164.20,33.0
P2F4_CANDIDATE_S1,1785957600104_SELL,XAUUSD,PERIOD_M5,2026.08.05 19:20:00,1785957600104,2026.08.05 19:20:00,SELL,REJECT,M15_NOT_BEARISH,10,4218.68786407,4183.74770739,BULLISH,4233.69,4233.99,4233.84,30.0
P2F4_CANDIDATE_S1,1785958500044_BUY,XAUUSD,PERIOD_M5,2026.08.05 19:35:00,1785958500044,2026.08.05 19:35:00,BUY,REJECT,SIDE_NOT_SELL,10,0.00000000,0.00000000,UNKNOWN,4240.88,4241.16,4241.02,28.0
P2F4_CANDIDATE_S1,1785969600080_SELL,XAUUSD,PERIOD_M5,2026.08.05 22:40:00,1785969600080,2026.08.05 22:40:00,SELL,REJECT,M15_NOT_BEARISH,10,4243.66172420,4211.31771092,BULLISH,4250.24,4250.51,4250.38,27.0
P2F4_CANDIDATE_S1,1785982500078_BUY,XAUUSD,PERIOD_M5,2026.08.06 02:15:00,1785982500078,2026.08.06 02:15:00,BUY,REJECT,SIDE_NOT_SELL,10,0.00000000,0.00000000,UNKNOWN,4256.19,4256.59,4256.39,40.0
P2F4_CANDIDATE_S1,1785995400033_SELL,XAUUSD,PERIOD_M5,2026.08.06 05:50:00,1785995400033,2026.08.06 05:50:00,SELL,REJECT,M15_NOT_BEARISH,10,4275.54577545,4247.69862457,BULLISH,4276.51,4277.01,4276.76,50.0
P2F4_CANDIDATE_S1,1786006800065_BUY,XAUUSD,PERIOD_M5,2026.08.06 09:00:00,1786006800065,2026.08.06 09:00:00,BUY,REJECT,SIDE_NOT_SELL,10,0.00000000,0.00000000,UNKNOWN,4267.21,4267.44,4267.32,23.0
P2F4_CANDIDATE_S1,1786008000069_SELL,XAUUSD,PERIOD_M5,2026.08.06 09:20:00,1786008000069,2026.08.06 09:20:00,SELL,REJECT,M15_NOT_BEARISH,10,4265.67507503,4254.30485522,BULLISH,4259.81,4260.05,4259.93,24.0
P2F4_CANDIDATE_S1,1786011600045_BUY,XAUUSD,PERIOD_M5,2026.08.06 10:20:00,1786011600045,2026.08.06 10:20:00,BUY,REJECT,SIDE_NOT_SELL,10,0.00000000,0.00000000,UNKNOWN,4264.37,4264.61,4264.49,24.0
P2F4_CANDIDATE_S1,1786012800002_SELL,XAUUSD,PERIOD_M5,2026.08.06 10:40:00,1786012800002,2026.08.06 10:40:00,SELL,REJECT,M15_NOT_BEARISH,10,4263.18247045,4255.18471841,BULLISH,4256.71,4257.04,4256.88,33.0
P2F4_CANDIDATE_S1,1786014300050_BUY,XAUUSD,PERIOD_M5,2026.08.06 11:05:00,1786014300050,2026.08.06 11:05:00,BUY,REJECT,SIDE_NOT_SELL,10,0.00000000,0.00000000,UNKNOWN,4261.31,4261.55,4261.43,24.0
P2F4_CANDIDATE_S1,1786022100020_SELL,XAUUSD,PERIOD_M5,2026.08.06 13:15:00,1786022100020,2026.08.06 13:15:00,SELL,REJECT,M15_NOT_BEARISH,10,4269.32590352,4261.07688420,BULLISH,4269.51,4269.75,4269.63,24.0
P2F4_CANDIDATE_S1,1786031100089_BUY,XAUUSD,PERIOD_M5,2026.08.06 15:45:00,1786031100089,2026.08.06 15:45:00,BUY,REJECT,SIDE_NOT_SELL,10,0.00000000,0.00000000,UNKNOWN,4267.26,4267.37,4267.32,11.0
P2F4_CANDIDATE_S1,1786031400099_SELL,XAUUSD,PERIOD_M5,2026.08.06 15:50:00,1786031400099,2026.08.06 15:50:00,SELL,REJECT,M15_NOT_BEARISH,10,4266.01091607,4262.18856017,BULLISH,4255.57,4255.87,4255.72,30.0
P2F4_CANDIDATE_S1,1786035000094_BUY,XAUUSD,PERIOD_M5,2026.08.06 16:50:00,1786035000094,2026.08.06 16:50:00,BUY,REJECT,SIDE_NOT_SELL,10,0.00000000,0.00000000,UNKNOWN,4263.76,4264.04,4263.90,28.0
P2F4_CANDIDATE_S1,1786040700017_SELL,XAUUSD,PERIOD_M5,2026.08.06 18:25:00,1786040700017,2026.08.06 18:25:00,SELL,REJECT,M15_NOT_BEARISH,10,4264.68695038,4262.33994862,BULLISH,4254.76,4255.00,4254.88,24.0
P2F4_CANDIDATE_S1,1786049700063_BUY,XAUUSD,PERIOD_M5,2026.08.06 20:55:00,1786049700063,2026.08.06 20:55:00,BUY,REJECT,SIDE_NOT_SELL,10,0.00000000,0.00000000,UNKNOWN,4246.97,4247.19,4247.08,22.0
P2F4_CANDIDATE_S1,1786055400021_SELL,XAUUSD,PERIOD_M5,2026.08.06 22:30:00,1786055400021,2026.08.06 22:30:00,SELL,ELIGIBLE,S1_SELL_M15_BEARISH,10,4246.42096138,4252.34559930,BEARISH,4237.27,4237.59,4237.43,32.0
P2F4_CANDIDATE_S1,1786068600046_BUY,XAUUSD,PERIOD_M5,2026.08.07 02:10:00,1786068600046,2026.08.07 02:10:00,BUY,REJECT,SIDE_NOT_SELL,10,0.00000000,0.00000000,UNKNOWN,4243.70,4244.49,4244.09,79.0
P2F4_CANDIDATE_S1,1786073400040_SELL,XAUUSD,PERIOD_M5,2026.08.07 03:30:00,1786073400040,2026.08.07 03:30:00,SELL,ELIGIBLE,S1_SELL_M15_BEARISH,10,4244.88550748,4249.07497100,BEARISH,4243.76,4244.30,4244.03,54.0
P2F4_CANDIDATE_S1,1786077300022_BUY,XAUUSD,PERIOD_M5,2026.08.07 04:35:00,1786077300022,2026.08.07 04:35:00,BUY,REJECT,SIDE_NOT_SELL,10,0.00000000,0.00000000,UNKNOWN,4242.58,4243.32,4242.95,74.0
P2F4_CANDIDATE_S1,1786116300044_SELL,XAUUSD,PERIOD_M5,2026.08.07 15:25:00,1786116300044,2026.08.07 15:25:00,SELL,REJECT,M15_NOT_BEARISH,10,4308.44006954,4288.96508166,BULLISH,4310.82,4311.13,4310.98,31.0
P2F4_CANDIDATE_S1,1786116900029_BUY,XAUUSD,PERIOD_M5,2026.08.07 15:35:00,1786116900029,2026.08.07 15:35:00,BUY,REJECT,SIDE_NOT_SELL,10,0.00000000,0.00000000,UNKNOWN,4359.75,4360.12,4359.93,37.0
P2F4_CANDIDATE_S1,1786122900075_SELL,XAUUSD,PERIOD_M5,2026.08.07 17:15:00,1786122900075,2026.08.07 17:15:00,SELL,REJECT,M15_NOT_BEARISH,10,4330.21007358,4305.09804865,BULLISH,4334.41,4334.77,4334.59,36.0
P2F4_CANDIDATE_S1,1786123500020_BUY,XAUUSD,PERIOD_M5,2026.08.07 17:25:00,1786123500020,2026.08.07 17:25:00,BUY,REJECT,SIDE_NOT_SELL,10,0.00000000,0.00000000,UNKNOWN,4351.25,4351.63,4351.44,38.0
P2F4_CANDIDATE_S1,1786124700076_SELL,XAUUSD,PERIOD_M5,2026.08.07 17:45:00,1786124700076,2026.08.07 17:45:00,SELL,REJECT,M15_NOT_BEARISH,10,4333.11636409,4308.26639554,BULLISH,4343.97,4344.37,4344.17,40.0
P2F4_CANDIDATE_S1,1786126500039_BUY,XAUUSD,PERIOD_M5,2026.08.07 18:15:00,1786126500039,2026.08.07 18:15:00,BUY,REJECT,SIDE_NOT_SELL,10,0.00000000,0.00000000,UNKNOWN,4355.25,4355.72,4355.49,47.0
P2F4_CANDIDATE_S1,1786129200029_SELL,XAUUSD,PERIOD_M5,2026.08.07 19:00:00,1786129200029,2026.08.07 19:00:00,SELL,REJECT,M15_NOT_BEARISH,10,4338.77630820,4315.39877729,BULLISH,4340.87,4341.33,4341.10,46.0
P2F4_CANDIDATE_S1,1786137000673_BUY,XAUUSD,PERIOD_M5,2026.08.07 21:10:00,1786137000673,2026.08.07 21:10:00,BUY,REJECT,SIDE_NOT_SELL,10,0.00000000,0.00000000,UNKNOWN,4341.73,4342.20,4341.97,47.0
P2F4_CANDIDATE_S1,1786137300126_SELL,XAUUSD,PERIOD_M5,2026.08.07 21:15:00,1786137300126,2026.08.07 21:15:00,SELL,REJECT,M15_NOT_BEARISH,10,4337.87468735,4322.06447314,BULLISH,4334.84,4335.31,4335.08,47.0
P2F4_CANDIDATE_S1,1786140600098_BUY,XAUUSD,PERIOD_M5,2026.08.07 22:10:00,1786140600098,2026.08.07 22:10:00,BUY,REJECT,SIDE_NOT_SELL,10,0.00000000,0.00000000,UNKNOWN,4344.64,4345.09,4344.86,45.0
P2F4_CANDIDATE_S1,1786325100074_SELL,XAUUSD,PERIOD_M5,2026.08.10 01:25:00,1786325100074,2026.08.10 01:25:00,SELL,REJECT,M15_NOT_BEARISH,10,4340.26940218,4327.44215131,BULLISH,4338.98,4339.88,4339.43,90.0
P2F4_CANDIDATE_S1,1786325400043_BUY,XAUUSD,PERIOD_M5,2026.08.10 01:30:00,1786325400043,2026.08.10 01:30:00,BUY,REJECT,SIDE_NOT_SELL,10,0.00000000,0.00000000,UNKNOWN,4343.38,4344.26,4343.82,88.0
P2F4_CANDIDATE_S1,1786326000997_SELL,XAUUSD,PERIOD_M5,2026.08.10 01:40:00,1786326000997,2026.08.10 01:40:00,SELL,REJECT,M15_NOT_BEARISH,10,4340.56564959,4328.06716498,BULLISH,4341.02,4341.96,4341.49,94.0
P2F4_CANDIDATE_S1,1786326900173_BUY,XAUUSD,PERIOD_M5,2026.08.10 01:55:00,1786326900173,2026.08.10 01:55:00,BUY,REJECT,SIDE_NOT_SELL,10,0.00000000,0.00000000,UNKNOWN,4342.32,4343.26,4342.79,94.0
P2F4_CANDIDATE_S1,1786327200059_SELL,XAUUSD,PERIOD_M5,2026.08.10 02:00:00,1786327200059,2026.08.10 02:00:00,SELL,REJECT,M15_NOT_BEARISH,10,4340.59006690,4329.03740220,BULLISH,4341.33,4342.06,4341.69,73.0
P2F4_CANDIDATE_S1,1786327500138_BUY,XAUUSD,PERIOD_M5,2026.08.10 02:05:00,1786327500138,2026.08.10 02:05:00,BUY,REJECT,SIDE_NOT_SELL,10,0.00000000,0.00000000,UNKNOWN,4346.75,4347.40,4347.07,65.0
P2F4_CANDIDATE_S1,1786330500061_SELL,XAUUSD,PERIOD_M5,2026.08.10 02:55:00,1786330500061,2026.08.10 02:55:00,SELL,REJECT,M15_NOT_BEARISH,10,4341.63888661,4330.81101079,BULLISH,4340.13,4340.82,4340.48,69.0
P2F4_CANDIDATE_S1,1786344000103_BUY,XAUUSD,PERIOD_M5,2026.08.10 06:40:00,1786344000103,2026.08.10 06:40:00,BUY,REJECT,SIDE_NOT_SELL,10,0.00000000,0.00000000,UNKNOWN,4326.06,4326.55,4326.31,49.0
P2F4_CANDIDATE_S1,1786362000019_SELL,XAUUSD,PERIOD_M5,2026.08.10 11:40:00,1786362000019,2026.08.10 11:40:00,SELL,REJECT,M15_NOT_BEARISH,10,4346.81462941,4338.61321651,BULLISH,4348.17,4348.61,4348.39,44.0
P2F4_CANDIDATE_S1,1786379400031_BUY,XAUUSD,PERIOD_M5,2026.08.10 16:30:00,1786379400031,2026.08.10 16:30:00,BUY,REJECT,SIDE_NOT_SELL,10,0.00000000,0.00000000,UNKNOWN,4335.02,4335.41,4335.22,39.0
P2F4_CANDIDATE_S1,1786380600073_SELL,XAUUSD,PERIOD_M5,2026.08.10 16:50:00,1786380600073,2026.08.10 16:50:00,SELL,ELIGIBLE,S1_SELL_M15_BEARISH,10,4336.50286609,4337.44877058,BEARISH,4327.34,4327.88,4327.61,54.0
P2F4_CANDIDATE_S1,1786383000034_BUY,XAUUSD,PERIOD_M5,2026.08.10 17:30:00,1786383000034,2026.08.10 17:30:00,BUY,REJECT,SIDE_NOT_SELL,10,0.00000000,0.00000000,UNKNOWN,4345.36,4345.71,4345.53,35.0
P2F4_CANDIDATE_S1,1786428000061_SELL,XAUUSD,PERIOD_M5,2026.08.11 06:00:00,1786428000061,2026.08.11 06:00:00,SELL,REJECT,M15_NOT_BEARISH,10,4408.37686433,4385.94938362,BULLISH,4410.65,4411.17,4410.91,52.0
P2F4_CANDIDATE_S1,1786448400044_BUY,XAUUSD,PERIOD_M5,2026.08.11 11:40:00,1786448400044,2026.08.11 11:40:00,BUY,REJECT,SIDE_NOT_SELL,10,0.00000000,0.00000000,UNKNOWN,4374.64,4374.97,4374.81,33.0
P2F4_CANDIDATE_S1,1786467900036_SELL,XAUUSD,PERIOD_M5,2026.08.11 17:05:00,1786467900036,2026.08.11 17:05:00,SELL,REJECT,M15_NOT_BEARISH,10,4388.14257604,4385.08558974,BULLISH,4384.80,4385.37,4385.09,57.0
P2F4_CANDIDATE_S1,1786470900101_BUY,XAUUSD,PERIOD_M5,2026.08.11 17:55:00,1786470900101,2026.08.11 17:55:00,BUY,REJECT,SIDE_NOT_SELL,10,0.00000000,0.00000000,UNKNOWN,4395.22,4395.66,4395.44,44.0
P2F4_CANDIDATE_S1,1786472700014_SELL,XAUUSD,PERIOD_M5,2026.08.11 18:25:00,1786472700014,2026.08.11 18:25:00,SELL,REJECT,M15_NOT_BEARISH,10,4389.04575773,4386.01206789,BULLISH,4383.92,4384.01,4383.97,9.0
P2F4_CANDIDATE_S1,1786496700012_BUY,XAUUSD,PERIOD_M5,2026.08.12 01:05:00,1786496700012,2026.08.12 01:05:00,BUY,REJECT,SIDE_NOT_SELL,10,0.00000000,0.00000000,UNKNOWN,4372.15,4373.22,4372.68,107.0
P2F4_CANDIDATE_S1,1786500300008_SELL,XAUUSD,PERIOD_M5,2026.08.12 02:05:00,1786500300008,2026.08.12 02:05:00,SELL,ELIGIBLE,S1_SELL_M15_BEARISH,10,4374.21323734,4378.58569676,BEARISH,4364.54,4364.93,4364.74,39.0
P2F4_CANDIDATE_S1,1786504500000_BUY,XAUUSD,PERIOD_M5,2026.08.12 03:15:00,1786504500000,2026.08.12 03:15:00,BUY,REJECT,SIDE_NOT_SELL,10,0.00000000,0.00000000,UNKNOWN,4378.03,4378.35,4378.19,32.0
P2F4_CANDIDATE_S1,1786518900052_SELL,XAUUSD,PERIOD_M5,2026.08.12 07:15:00,1786518900052,2026.08.12 07:15:00,SELL,REJECT,M15_NOT_BEARISH,10,4394.64577215,4387.27564682,BULLISH,4397.39,4397.65,4397.52,26.0
P2F4_CANDIDATE_S1,1786522200000_BUY,XAUUSD,PERIOD_M5,2026.08.12 08:10:00,1786522200000,2026.08.12 08:10:00,BUY,REJECT,SIDE_NOT_SELL,10,0.00000000,0.00000000,UNKNOWN,4404.46,4404.76,4404.61,30.0
P2F4_CANDIDATE_S1,1786522800643_SELL,XAUUSD,PERIOD_M5,2026.08.12 08:20:00,1786522800643,2026.08.12 08:20:00,SELL,REJECT,M15_NOT_BEARISH,10,4396.48828087,4389.18471865,BULLISH,4398.61,4398.89,4398.75,28.0
P2F4_CANDIDATE_S1,1786528500078_BUY,XAUUSD,PERIOD_M5,2026.08.12 09:55:00,1786528500078,2026.08.12 09:55:00,BUY,REJECT,SIDE_NOT_SELL,10,0.00000000,0.00000000,UNKNOWN,4401.13,4401.49,4401.31,36.0
P2F4_CANDIDATE_S1,1786543500299_SELL,XAUUSD,PERIOD_M5,2026.08.12 14:05:00,1786543500299,2026.08.12 14:05:00,SELL,REJECT,M15_NOT_BEARISH,10,4408.54540427,4399.87261834,BULLISH,4411.14,4411.44,4411.29,30.0
P2F4_CANDIDATE_S1,1786546500264_BUY,XAUUSD,PERIOD_M5,2026.08.12 14:55:00,1786546500264,2026.08.12 14:55:00,BUY,REJECT,SIDE_NOT_SELL,10,0.00000000,0.00000000,UNKNOWN,4414.06,4414.38,4414.22,32.0
P2F4_CANDIDATE_S1,1786547100252_SELL,XAUUSD,PERIOD_M5,2026.08.12 15:05:00,1786547100252,2026.08.12 15:05:00,SELL,REJECT,M15_NOT_BEARISH,10,4409.79303331,4401.70117833,BULLISH,4408.45,4408.80,4408.63,35.0
P2F4_CANDIDATE_S1,1786548600021_BUY,XAUUSD,PERIOD_M5,2026.08.12 15:30:00,1786548600021,2026.08.12 15:30:00,BUY,REJECT,SIDE_NOT_SELL,10,0.00000000,0.00000000,UNKNOWN,4426.12,4427.95,4427.03,183.0
P2F4_CANDIDATE_S1,1786552800102_SELL,XAUUSD,PERIOD_M5,2026.08.12 16:40:00,1786552800102,2026.08.12 16:40:00,SELL,REJECT,M15_NOT_BEARISH,10,4416.06347477,4406.36203032,BULLISH,4411.91,4412.05,4411.98,14.0
P2F4_CANDIDATE_S1,1786553400024_BUY,XAUUSD,PERIOD_M5,2026.08.12 16:50:00,1786553400024,2026.08.12 16:50:00,BUY,REJECT,SIDE_NOT_SELL,10,0.00000000,0.00000000,UNKNOWN,4427.96,4428.35,4428.16,39.0
P2F4_CANDIDATE_S1,1786557600025_SELL,XAUUSD,PERIOD_M5,2026.08.12 18:00:00,1786557600025,2026.08.12 18:00:00,SELL,REJECT,M15_NOT_BEARISH,10,4420.46226326,4410.50206497,BULLISH,4422.07,4422.37,4422.22,30.0
P2F4_CANDIDATE_S1,1786562700015_BUY,XAUUSD,PERIOD_M5,2026.08.12 19:25:00,1786562700015,2026.08.12 19:25:00,BUY,REJECT,SIDE_NOT_SELL,10,0.00000000,0.00000000,UNKNOWN,4426.18,4426.38,4426.28,20.0
P2F4_CANDIDATE_S1,1786563300029_SELL,XAUUSD,PERIOD_M5,2026.08.12 19:35:00,1786563300029,2026.08.12 19:35:00,SELL,REJECT,M15_NOT_BEARISH,10,4421.24361719,4413.00074932,BULLISH,4413.23,4413.52,4413.38,29.0
P2F4_CANDIDATE_S1,1786570800156_BUY,XAUUSD,PERIOD_M5,2026.08.12 21:40:00,1786570800156,2026.08.12 21:40:00,BUY,REJECT,SIDE_NOT_SELL,10,0.00000000,0.00000000,UNKNOWN,4410.90,4411.15,4411.02,25.0
P2F4_CANDIDATE_S1,1786583100045_SELL,XAUUSD,PERIOD_M5,2026.08.13 01:05:00,1786583100045,2026.08.13 01:05:00,SELL,REJECT,M15_NOT_BEARISH,10,4413.16987189,4411.51978594,BULLISH,4405.16,4405.85,4405.51,69.0
P2F4_CANDIDATE_S1,1786588500106_BUY,XAUUSD,PERIOD_M5,2026.08.13 02:35:00,1786588500106,2026.08.13 02:35:00,BUY,REJECT,SIDE_NOT_SELL,10,0.00000000,0.00000000,UNKNOWN,4408.74,4409.07,4408.90,33.0
P2F4_CANDIDATE_S1,1786596600044_SELL,XAUUSD,PERIOD_M5,2026.08.13 04:50:00,1786596600044,2026.08.13 04:50:00,SELL,REJECT,M15_NOT_BEARISH,10,4417.61494986,4413.84855873,BULLISH,4412.78,4413.04,4412.91,26.0
P2F4_CANDIDATE_S1,1786609800085_BUY,XAUUSD,PERIOD_M5,2026.08.13 08:30:00,1786609800085,2026.08.13 08:30:00,BUY,REJECT,SIDE_NOT_SELL,10,0.00000000,0.00000000,UNKNOWN,4406.26,4406.54,4406.40,28.0
P2F4_CANDIDATE_S1,1786610100042_SELL,XAUUSD,PERIOD_M5,2026.08.13 08:35:00,1786610100042,2026.08.13 08:35:00,SELL,ELIGIBLE,S1_SELL_M15_BEARISH,10,4406.18489979,4409.22077595,BEARISH,4397.42,4397.69,4397.56,27.0
P2F4_CANDIDATE_S1,1786623000098_BUY,XAUUSD,PERIOD_M5,2026.08.13 12:10:00,1786623000098,2026.08.13 12:10:00,BUY,REJECT,SIDE_NOT_SELL,10,0.00000000,0.00000000,UNKNOWN,4377.00,4377.22,4377.11,22.0
P2F4_CANDIDATE_S1,1786638900029_SELL,XAUUSD,PERIOD_M5,2026.08.13 16:35:00,1786638900029,2026.08.13 16:35:00,SELL,ELIGIBLE,S1_SELL_M15_BEARISH,10,4388.42248339,4391.60655651,BEARISH,4378.85,4379.10,4378.98,25.0
P2F4_CANDIDATE_S1,1786652100081_BUY,XAUUSD,PERIOD_M5,2026.08.13 20:15:00,1786652100081,2026.08.13 20:15:00,BUY,REJECT,SIDE_NOT_SELL,10,0.00000000,0.00000000,UNKNOWN,4371.50,4371.73,4371.61,23.0
P2F4_CANDIDATE_S1,1786653000045_SELL,XAUUSD,PERIOD_M5,2026.08.13 20:30:00,1786653000045,2026.08.13 20:30:00,SELL,ELIGIBLE,S1_SELL_M15_BEARISH,10,4371.78651070,4380.70163142,BEARISH,4363.13,4363.35,4363.24,22.0
P2F4_CANDIDATE_S1,1786671300114_BUY,XAUUSD,PERIOD_M5,2026.08.14 01:35:00,1786671300114,2026.08.14 01:35:00,BUY,REJECT,SIDE_NOT_SELL,10,0.00000000,0.00000000,UNKNOWN,4357.27,4357.54,4357.41,27.0
P2F4_CANDIDATE_S1,1786673100025_SELL,XAUUSD,PERIOD_M5,2026.08.14 02:05:00,1786673100025,2026.08.14 02:05:00,SELL,ELIGIBLE,S1_SELL_M15_BEARISH,10,4359.15690898,4369.73078910,BEARISH,4349.49,4349.88,4349.68,39.0
P2F4_CANDIDATE_S1,1786673400050_BUY,XAUUSD,PERIOD_M5,2026.08.14 02:10:00,1786673400050,2026.08.14 02:10:00,BUY,REJECT,SIDE_NOT_SELL,10,0.00000000,0.00000000,UNKNOWN,4359.34,4359.64,4359.49,30.0
P2F4_CANDIDATE_S1,1786677300235_SELL,XAUUSD,PERIOD_M5,2026.08.14 03:15:00,1786677300235,2026.08.14 03:15:00,SELL,ELIGIBLE,S1_SELL_M15_BEARISH,10,4358.68327049,4367.64892195,BEARISH,4352.08,4352.41,4352.24,33.0
P2F4_CANDIDATE_S1,1786689000063_BUY,XAUUSD,PERIOD_M5,2026.08.14 06:30:00,1786689000063,2026.08.14 06:30:00,BUY,REJECT,SIDE_NOT_SELL,10,0.00000000,0.00000000,UNKNOWN,4325.68,4325.94,4325.81,26.0
P2F4_CANDIDATE_S1,1786695000009_SELL,XAUUSD,PERIOD_M5,2026.08.14 08:10:00,1786695000009,2026.08.14 08:10:00,SELL,ELIGIBLE,S1_SELL_M15_BEARISH,10,4328.98786920,4344.36512389,BEARISH,4319.90,4320.21,4320.06,31.0
P2F4_CANDIDATE_S1,1786698000064_BUY,XAUUSD,PERIOD_M5,2026.08.14 09:00:00,1786698000064,2026.08.14 09:00:00,BUY,REJECT,SIDE_NOT_SELL,10,0.00000000,0.00000000,UNKNOWN,4333.62,4333.97,4333.80,35.0
P2F4_CANDIDATE_S1,1786716300092_SELL,XAUUSD,PERIOD_M5,2026.08.14 14:05:00,1786716300092,2026.08.14 14:05:00,SELL,REJECT,M15_NOT_BEARISH,10,4345.22797452,4343.74684815,BULLISH,4349.15,4349.40,4349.27,25.0
P2F4_CANDIDATE_S1,1786717200081_BUY,XAUUSD,PERIOD_M5,2026.08.14 14:20:00,1786717200081,2026.08.14 14:20:00,BUY,REJECT,SIDE_NOT_SELL,10,0.00000000,0.00000000,UNKNOWN,4355.50,4355.72,4355.61,22.0
P2F4_CANDIDATE_S1,1786737000053_SELL,XAUUSD,PERIOD_M5,2026.08.14 19:50:00,1786737000053,2026.08.14 19:50:00,SELL,REJECT,M15_NOT_BEARISH,10,4381.01889485,4367.01609222,BULLISH,4387.02,4387.25,4387.14,23.0
P2F4_CANDIDATE_S1,1786931400134_BUY,XAUUSD,PERIOD_M5,2026.08.17 01:50:00,1786931400134,2026.08.17 01:50:00,BUY,REJECT,SIDE_NOT_SELL,10,0.00000000,0.00000000,UNKNOWN,4380.64,4380.90,4380.77,26.0
P2F4_CANDIDATE_S1,1786934100403_SELL,XAUUSD,PERIOD_M5,2026.08.17 02:35:00,1786934100403,2026.08.17 02:35:00,SELL,REJECT,M15_NOT_BEARISH,10,4378.24842010,4372.80699931,BULLISH,4370.99,4371.30,4371.15,31.0
P2F4_CANDIDATE_S1,1786936800055_BUY,XAUUSD,PERIOD_M5,2026.08.17 03:20:00,1786936800055,2026.08.17 03:20:00,BUY,REJECT,SIDE_NOT_SELL,10,0.00000000,0.00000000,UNKNOWN,4384.63,4384.92,4384.77,29.0
P2F4_CANDIDATE_S1,1786944900028_SELL,XAUUSD,PERIOD_M5,2026.08.17 05:35:00,1786944900028,2026.08.17 05:35:00,SELL,REJECT,M15_NOT_BEARISH,10,4389.94342682,4380.71499935,BULLISH,4392.86,4393.11,4392.98,25.0
P2F4_CANDIDATE_S1,1786949700077_BUY,XAUUSD,PERIOD_M5,2026.08.17 06:55:00,1786949700077,2026.08.17 06:55:00,BUY,REJECT,SIDE_NOT_SELL,10,0.00000000,0.00000000,UNKNOWN,4395.03,4395.28,4395.15,25.0
P2F4_CANDIDATE_S1,1786952100120_SELL,XAUUSD,PERIOD_M5,2026.08.17 07:35:00,1786952100120,2026.08.17 07:35:00,SELL,REJECT,M15_NOT_BEARISH,10,4392.17755263,4384.32419279,BULLISH,4391.76,4392.02,4391.89,26.0
P2F4_CANDIDATE_S1,1786953000686_BUY,XAUUSD,PERIOD_M5,2026.08.17 07:50:00,1786953000686,2026.08.17 07:50:00,BUY,REJECT,SIDE_NOT_SELL,10,0.00000000,0.00000000,UNKNOWN,4396.03,4396.27,4396.15,24.0
P2F4_CANDIDATE_S1,1786953600050_SELL,XAUUSD,PERIOD_M5,2026.08.17 08:00:00,1786953600050,2026.08.17 08:00:00,SELL,REJECT,M15_NOT_BEARISH,10,4392.33958390,4385.00247862,BULLISH,4390.71,4390.95,4390.83,24.0
P2F4_CANDIDATE_S1,1786955400041_BUY,XAUUSD,PERIOD_M5,2026.08.17 08:30:00,1786955400041,2026.08.17 08:30:00,BUY,REJECT,SIDE_NOT_SELL,10,0.00000000,0.00000000,UNKNOWN,4399.33,4399.61,4399.47,28.0
P2F4_CANDIDATE_S1,1786967100055_SELL,XAUUSD,PERIOD_M5,2026.08.17 11:45:00,1786967100055,2026.08.17 11:45:00,SELL,REJECT,M15_NOT_BEARISH,10,4398.57539203,4391.65532142,BULLISH,4396.28,4396.51,4396.40,23.0
P2F4_CANDIDATE_S1,1786973400023_BUY,XAUUSD,PERIOD_M5,2026.08.17 13:30:00,1786973400023,2026.08.17 13:30:00,BUY,REJECT,SIDE_NOT_SELL,10,0.00000000,0.00000000,UNKNOWN,4404.88,4405.44,4405.16,56.0
P2F4_CANDIDATE_S1,1786978800046_SELL,XAUUSD,PERIOD_M5,2026.08.17 15:00:00,1786978800046,2026.08.17 15:00:00,SELL,REJECT,M15_NOT_BEARISH,10,4398.70243227,4394.43218485,BULLISH,4396.66,4396.84,4396.75,18.0
P2F4_CANDIDATE_S1,1786985700028_BUY,XAUUSD,PERIOD_M5,2026.08.17 16:55:00,1786985700028,2026.08.17 16:55:00,BUY,REJECT,SIDE_NOT_SELL,10,0.00000000,0.00000000,UNKNOWN,4401.61,4401.94,4401.77,33.0
P2F4_CANDIDATE_S1,1786998300046_SELL,XAUUSD,PERIOD_M5,2026.08.17 20:25:00,1786998300046,2026.08.17 20:25:00,SELL,REJECT,M15_NOT_BEARISH,10,4414.81692229,4404.78534799,BULLISH,4416.69,4416.93,4416.81,24.0
P2F4_CANDIDATE_S1,1787006100068_BUY,XAUUSD,PERIOD_M5,2026.08.17 22:35:00,1787006100068,2026.08.17 22:35:00,BUY,REJECT,SIDE_NOT_SELL,10,0.00000000,0.00000000,UNKNOWN,4416.33,4416.54,4416.43,21.0
P2F4_CANDIDATE_S1,1787018100066_SELL,XAUUSD,PERIOD_M5,2026.08.18 01:55:00,1787018100066,2026.08.18 01:55:00,SELL,REJECT,M15_NOT_BEARISH,10,4413.77091375,4408.35821889,BULLISH,4411.94,4412.24,4412.09,30.0
P2F4_CANDIDATE_S1,1787019600062_BUY,XAUUSD,PERIOD_M5,2026.08.18 02:20:00,1787019600062,2026.08.18 02:20:00,BUY,REJECT,SIDE_NOT_SELL,10,0.00000000,0.00000000,UNKNOWN,4417.56,4417.86,4417.71,30.0
P2F4_CANDIDATE_S1,1787028000061_SELL,XAUUSD,PERIOD_M5,2026.08.18 04:40:00,1787028000061,2026.08.18 04:40:00,SELL,REJECT,M15_NOT_BEARISH,10,4421.75906382,4414.23482796,BULLISH,4420.33,4420.67,4420.50,34.0
P2F4_CANDIDATE_S1,1787044800080_BUY,XAUUSD,PERIOD_M5,2026.08.18 09:20:00,1787044800080,2026.08.18 09:20:00,BUY,REJECT,SIDE_NOT_SELL,10,0.00000000,0.00000000,UNKNOWN,4395.19,4395.52,4395.35,33.0
P2F4_CANDIDATE_S1,1787051400050_SELL,XAUUSD,PERIOD_M5,2026.08.18 11:10:00,1787051400050,2026.08.18 11:10:00,SELL,ELIGIBLE,S1_SELL_M15_BEARISH,10,4398.97252865,4403.16224531,BEARISH,4390.76,4391.01,4390.89,25.0
P2F4_CANDIDATE_S1,1787059200091_BUY,XAUUSD,PERIOD_M5,2026.08.18 13:20:00,1787059200091,2026.08.18 13:20:00,BUY,REJECT,SIDE_NOT_SELL,10,0.00000000,0.00000000,UNKNOWN,4395.54,4395.78,4395.66,24.0
P2F4_CANDIDATE_S1,1787059800008_SELL,XAUUSD,PERIOD_M5,2026.08.18 13:30:00,1787059800008,2026.08.18 13:30:00,SELL,ELIGIBLE,S1_SELL_M15_BEARISH,10,4394.67462948,4399.53847388,BEARISH,4391.99,4392.26,4392.13,27.0
P2F4_CANDIDATE_S1,1787060400272_BUY,XAUUSD,PERIOD_M5,2026.08.18 13:40:00,1787060400272,2026.08.18 13:40:00,BUY,REJECT,SIDE_NOT_SELL,10,0.00000000,0.00000000,UNKNOWN,4397.47,4397.74,4397.60,27.0
P2F4_CANDIDATE_S1,1787063100036_SELL,XAUUSD,PERIOD_M5,2026.08.18 14:25:00,1787063100036,2026.08.18 14:25:00,SELL,ELIGIBLE,S1_SELL_M15_BEARISH,10,4395.11705254,4399.19286590,BEARISH,4390.32,4390.57,4390.44,25.0
P2F4_CANDIDATE_S1,1787065500041_BUY,XAUUSD,PERIOD_M5,2026.08.18 15:05:00,1787065500041,2026.08.18 15:05:00,BUY,REJECT,SIDE_NOT_SELL,10,0.00000000,0.00000000,UNKNOWN,4396.57,4396.81,4396.69,24.0
P2F4_CANDIDATE_S1,1787065800053_SELL,XAUUSD,PERIOD_M5,2026.08.18 15:10:00,1787065800053,2026.08.18 15:10:00,SELL,ELIGIBLE,S1_SELL_M15_BEARISH,10,4394.43104453,4398.41924689,BEARISH,4391.16,4391.41,4391.28,25.0
P2F4_CANDIDATE_S1,1787066700098_BUY,XAUUSD,PERIOD_M5,2026.08.18 15:25:00,1787066700098,2026.08.18 15:25:00,BUY,REJECT,SIDE_NOT_SELL,10,0.00000000,0.00000000,UNKNOWN,4395.81,4396.09,4395.95,28.0
P2F4_CANDIDATE_S1,1787069400041_SELL,XAUUSD,PERIOD_M5,2026.08.18 16:10:00,1787069400041,2026.08.18 16:10:00,SELL,ELIGIBLE,S1_SELL_M15_BEARISH,10,4394.16608560,4397.71024782,BEARISH,4388.97,4389.21,4389.09,24.0
P2F4_CANDIDATE_S1,1787069700012_BUY,XAUUSD,PERIOD_M5,2026.08.18 16:15:00,1787069700012,2026.08.18 16:15:00,BUY,REJECT,SIDE_NOT_SELL,10,0.00000000,0.00000000,UNKNOWN,4395.61,4396.10,4395.85,49.0
P2F4_CANDIDATE_S1,1787070000089_SELL,XAUUSD,PERIOD_M5,2026.08.18 16:20:00,1787070000089,2026.08.18 16:20:00,SELL,ELIGIBLE,S1_SELL_M15_BEARISH,10,4394.31122031,4397.63102241,BEARISH,4391.01,4391.28,4391.15,27.0
P2F4_CANDIDATE_S1,1787071200021_BUY,XAUUSD,PERIOD_M5,2026.08.18 16:40:00,1787071200021,2026.08.18 16:40:00,BUY,REJECT,SIDE_NOT_SELL,10,0.00000000,0.00000000,UNKNOWN,4402.86,4403.14,4403.00,28.0
P2F4_CANDIDATE_S1,1787074800037_SELL,XAUUSD,PERIOD_M5,2026.08.18 17:40:00,1787074800037,2026.08.18 17:40:00,SELL,ELIGIBLE,S1_SELL_M15_BEARISH,10,4394.34692491,4397.04305470,BEARISH,4382.86,4383.11,4382.98,25.0
P2F4_CANDIDATE_S1,1787109600049_BUY,XAUUSD,PERIOD_M5,2026.08.19 03:20:00,1787109600049,2026.08.19 03:20:00,BUY,REJECT,SIDE_NOT_SELL,10,0.00000000,0.00000000,UNKNOWN,4343.56,4343.90,4343.73,34.0
P2F4_CANDIDATE_S1,1787124300115_SELL,XAUUSD,PERIOD_M5,2026.08.19 07:25:00,1787124300115,2026.08.19 07:25:00,SELL,ELIGIBLE,S1_SELL_M15_BEARISH,10,4351.97566105,4357.87247784,BEARISH,4351.71,4351.92,4351.82,21.0
P2F4_CANDIDATE_S1,1787133300038_BUY,XAUUSD,PERIOD_M5,2026.08.19 09:55:00,1787133300038,2026.08.19 09:55:00,BUY,REJECT,SIDE_NOT_SELL,10,0.00000000,0.00000000,UNKNOWN,4347.68,4347.94,4347.81,26.0
P2F4_CANDIDATE_S1,1787151900290_SELL,XAUUSD,PERIOD_M5,2026.08.19 15:05:00,1787151900290,2026.08.19 15:05:00,SELL,REJECT,M15_NOT_BEARISH,10,4361.59365363,4358.15430372,BULLISH,4363.97,4364.29,4364.13,32.0
P2F4_CANDIDATE_S1,1787152200125_BUY,XAUUSD,PERIOD_M5,2026.08.19 15:10:00,1787152200125,2026.08.19 15:10:00,BUY,REJECT,SIDE_NOT_SELL,10,0.00000000,0.00000000,UNKNOWN,4367.80,4368.10,4367.95,30.0
P2F4_CANDIDATE_S1,1787172300034_SELL,XAUUSD,PERIOD_M5,2026.08.19 20:45:00,1787172300034,2026.08.19 20:45:00,SELL,REJECT,M15_NOT_BEARISH,10,4470.57294880,4428.45831169,BULLISH,4488.41,4488.82,4488.61,41.0
P2F4_CANDIDATE_S1,1787173500042_BUY,XAUUSD,PERIOD_M5,2026.08.19 21:05:00,1787173500042,2026.08.19 21:05:00,BUY,REJECT,SIDE_NOT_SELL,10,0.00000000,0.00000000,UNKNOWN,4495.41,4495.89,4495.65,48.0
P2F4_CANDIDATE_S1,1787173800101_SELL,XAUUSD,PERIOD_M5,2026.08.19 21:10:00,1787173800101,2026.08.19 21:10:00,SELL,REJECT,M15_NOT_BEARISH,10,4472.12981082,4430.75092692,BULLISH,4488.71,4489.12,4488.91,41.0
P2F4_CANDIDATE_S1,1787176500006_BUY,XAUUSD,PERIOD_M5,2026.08.19 21:55:00,1787176500006,2026.08.19 21:55:00,BUY,REJECT,SIDE_NOT_SELL,10,0.00000000,0.00000000,UNKNOWN,4494.23,4494.61,4494.42,38.0
P2F4_CANDIDATE_S1,1787194800034_SELL,XAUUSD,PERIOD_M5,2026.08.20 03:00:00,1787194800034,2026.08.20 03:00:00,SELL,REJECT,M15_NOT_BEARISH,10,4503.62032546,4467.86356569,BULLISH,4511.71,4511.95,4511.83,24.0
P2F4_CANDIDATE_S1,1787196000105_BUY,XAUUSD,PERIOD_M5,2026.08.20 03:20:00,1787196000105,2026.08.20 03:20:00,BUY,REJECT,SIDE_NOT_SELL,10,0.00000000,0.00000000,UNKNOWN,4517.78,4518.07,4517.92,29.0
P2F4_CANDIDATE_S1,1787196300018_SELL,XAUUSD,PERIOD_M5,2026.08.20 03:25:00,1787196300018,2026.08.20 03:25:00,SELL,REJECT,M15_NOT_BEARISH,10,4504.81648494,4469.75832782,BULLISH,4511.80,4512.13,4511.97,33.0
P2F4_CANDIDATE_S1,1787208300023_BUY,XAUUSD,PERIOD_M5,2026.08.20 06:45:00,1787208300023,2026.08.20 06:45:00,BUY,REJECT,SIDE_NOT_SELL,10,0.00000000,0.00000000,UNKNOWN,4497.82,4498.10,4497.96,28.0
P2F4_CANDIDATE_S1,1787211000040_SELL,XAUUSD,PERIOD_M5,2026.08.20 07:30:00,1787211000040,2026.08.20 07:30:00,SELL,REJECT,M15_NOT_BEARISH,10,4496.87286288,4482.59597431,BULLISH,4489.69,4490.14,4489.91,45.0
P2F4_CANDIDATE_S1,1787217600118_BUY,XAUUSD,PERIOD_M5,2026.08.20 09:20:00,1787217600118,2026.08.20 09:20:00,BUY,REJECT,SIDE_NOT_SELL,10,0.00000000,0.00000000,UNKNOWN,4493.53,4493.81,4493.67,28.0
P2F4_CANDIDATE_S1,1787221200024_SELL,XAUUSD,PERIOD_M5,2026.08.20 10:20:00,1787221200024,2026.08.20 10:20:00,SELL,REJECT,M15_NOT_BEARISH,10,4491.36633060,4484.58233662,BULLISH,4487.03,4487.26,4487.15,23.0
P2F4_CANDIDATE_S1,1787223300126_BUY,XAUUSD,PERIOD_M5,2026.08.20 10:55:00,1787223300126,2026.08.20 10:55:00,BUY,REJECT,SIDE_NOT_SELL,10,0.00000000,0.00000000,UNKNOWN,4490.88,4491.14,4491.01,26.0
P2F4_CANDIDATE_S1,1787227200104_SELL,XAUUSD,PERIOD_M5,2026.08.20 12:00:00,1787227200104,2026.08.20 12:00:00,SELL,REJECT,M15_NOT_BEARISH,10,4490.85446140,4485.96817193,BULLISH,4489.28,4489.58,4489.43,30.0
P2F4_CANDIDATE_S1,1787228100010_BUY,XAUUSD,PERIOD_M5,2026.08.20 12:15:00,1787228100010,2026.08.20 12:15:00,BUY,REJECT,SIDE_NOT_SELL,10,0.00000000,0.00000000,UNKNOWN,4492.32,4492.51,4492.41,19.0
P2F4_CANDIDATE_S1,1787228400122_SELL,XAUUSD,PERIOD_M5,2026.08.20 12:20:00,1787228400122,2026.08.20 12:20:00,SELL,REJECT,M15_NOT_BEARISH,10,4490.99403650,4486.21726323,BULLISH,4489.30,4489.54,4489.42,24.0
P2F4_CANDIDATE_S1,1787232600105_BUY,XAUUSD,PERIOD_M5,2026.08.20 13:30:00,1787232600105,2026.08.20 13:30:00,BUY,REJECT,SIDE_NOT_SELL,10,0.00000000,0.00000000,UNKNOWN,4493.79,4494.05,4493.92,26.0
P2F4_CANDIDATE_S1,1787235000077_SELL,XAUUSD,PERIOD_M5,2026.08.20 14:10:00,1787235000077,2026.08.20 14:10:00,SELL,REJECT,M15_NOT_BEARISH,10,4490.39380925,4487.05959438,BULLISH,4487.26,4487.53,4487.40,27.0
P2F4_CANDIDATE_S1,1787242800132_BUY,XAUUSD,PERIOD_M5,2026.08.20 16:20:00,1787242800132,2026.08.20 16:20:00,BUY,REJECT,SIDE_NOT_SELL,10,0.00000000,0.00000000,UNKNOWN,4474.78,4475.06,4474.92,28.0
P2F4_CANDIDATE_S1,1787254800071_SELL,XAUUSD,PERIOD_M5,2026.08.20 19:40:00,1787254800071,2026.08.20 19:40:00,SELL,REJECT,M15_NOT_BEARISH,10,4500.65469710,4491.99121989,BULLISH,4507.27,4507.55,4507.41,28.0
P2F4_CANDIDATE_S1,1787258100038_BUY,XAUUSD,PERIOD_M5,2026.08.20 20:35:00,1787258100038,2026.08.20 20:35:00,BUY,REJECT,SIDE_NOT_SELL,10,0.00000000,0.00000000,UNKNOWN,4518.16,4518.43,4518.30,27.0
P2F4_CANDIDATE_S1,1787275200064_SELL,XAUUSD,PERIOD_M5,2026.08.21 01:20:00,1787275200064,2026.08.21 01:20:00,SELL,REJECT,M15_NOT_BEARISH,10,4515.98212754,4504.26219705,BULLISH,4519.62,4520.07,4519.84,45.0
P2F4_CANDIDATE_S1,1787277600074_BUY,XAUUSD,PERIOD_M5,2026.08.21 02:00:00,1787277600074,2026.08.21 02:00:00,BUY,REJECT,SIDE_NOT_SELL,10,0.00000000,0.00000000,UNKNOWN,4523.92,4524.42,4524.17,50.0
P2F4_CANDIDATE_S1,1787281800047_SELL,XAUUSD,PERIOD_M5,2026.08.21 03:10:00,1787281800047,2026.08.21 03:10:00,SELL,REJECT,M15_NOT_BEARISH,10,4520.72941776,4509.37978897,BULLISH,4519.97,4520.39,4520.18,42.0
P2F4_CANDIDATE_S1,1787286300141_BUY,XAUUSD,PERIOD_M5,2026.08.21 04:25:00,1787286300141,2026.08.21 04:25:00,BUY,REJECT,SIDE_NOT_SELL,10,0.00000000,0.00000000,UNKNOWN,4526.30,4526.83,4526.57,53.0
P2F4_CANDIDATE_S1,1787300700124_SELL,XAUUSD,PERIOD_M5,2026.08.21 08:25:00,1787300700124,2026.08.21 08:25:00,SELL,REJECT,M15_NOT_BEARISH,10,4532.34998452,4521.85439771,BULLISH,4533.80,4534.25,4534.02,45.0
P2F4_CANDIDATE_S1,1787301900022_BUY,XAUUSD,PERIOD_M5,2026.08.21 08:45:00,1787301900022,2026.08.21 08:45:00,BUY,REJECT,SIDE_NOT_SELL,10,0.00000000,0.00000000,UNKNOWN,4543.03,4543.54,4543.28,51.0
P2F4_CANDIDATE_S1,1787325900126_SELL,XAUUSD,PERIOD_M5,2026.08.21 15:25:00,1787325900126,2026.08.21 15:25:00,SELL,REJECT,M15_NOT_BEARISH,10,4582.56433792,4560.87161373,BULLISH,4585.59,4585.77,4585.68,18.0
P2F4_CANDIDATE_S1,1787331000009_BUY,XAUUSD,PERIOD_M5,2026.08.21 16:50:00,1787331000009,2026.08.21 16:50:00,BUY,REJECT,SIDE_NOT_SELL,10,0.00000000,0.00000000,UNKNOWN,4589.83,4590.15,4589.99,32.0
P2F4_CANDIDATE_S1,1787331300053_SELL,XAUUSD,PERIOD_M5,2026.08.21 16:55:00,1787331300053,2026.08.21 16:55:00,SELL,REJECT,M15_NOT_BEARISH,10,4582.55890018,4565.43587607,BULLISH,4581.11,4581.58,4581.34,47.0
P2F4_CANDIDATE_S1,1787331900089_BUY,XAUUSD,PERIOD_M5,2026.08.21 17:05:00,1787331900089,2026.08.21 17:05:00,BUY,REJECT,SIDE_NOT_SELL,10,0.00000000,0.00000000,UNKNOWN,4588.61,4588.99,4588.80,38.0
P2F4_CANDIDATE_S1,1787351400094_SELL,XAUUSD,PERIOD_M5,2026.08.21 22:30:00,1787351400094,2026.08.21 22:30:00,SELL,REJECT,M15_NOT_BEARISH,10,4614.41027314,4595.01317774,BULLISH,4618.12,4618.33,4618.23,21.0
P2F4_CANDIDATE_S1,1787540100088_BUY,XAUUSD,PERIOD_M5,2026.08.24 02:55:00,1787540100088,2026.08.24 02:55:00,BUY,REJECT,SIDE_NOT_SELL,10,0.00000000,0.00000000,UNKNOWN,4622.26,4622.84,4622.55,58.0
P2F4_CANDIDATE_S1,1787542500038_SELL,XAUUSD,PERIOD_M5,2026.08.24 03:35:00,1787542500038,2026.08.24 03:35:00,SELL,REJECT,M15_NOT_BEARISH,10,4615.06819789,4602.66378652,BULLISH,4602.53,4603.20,4602.86,67.0
P2F4_CANDIDATE_S1,1787544300102_BUY,XAUUSD,PERIOD_M5,2026.08.24 04:05:00,1787544300102,2026.08.24 04:05:00,BUY,REJECT,SIDE_NOT_SELL,10,0.00000000,0.00000000,UNKNOWN,4622.29,4622.82,4622.56,53.0
P2F4_CANDIDATE_S1,1787546400053_SELL,XAUUSD,PERIOD_M5,2026.08.24 04:40:00,1787546400053,2026.08.24 04:40:00,SELL,REJECT,M15_NOT_BEARISH,10,4615.52853419,4604.68291976,BULLISH,4614.02,4614.47,4614.25,45.0
P2F4_CANDIDATE_S1,1787546700045_BUY,XAUUSD,PERIOD_M5,2026.08.24 04:45:00,1787546700045,2026.08.24 04:45:00,BUY,REJECT,SIDE_NOT_SELL,10,0.00000000,0.00000000,UNKNOWN,4618.07,4618.46,4618.26,39.0
P2F4_CANDIDATE_S1,1787556900271_SELL,XAUUSD,PERIOD_M5,2026.08.24 07:35:00,1787556900271,2026.08.24 07:35:00,SELL,REJECT,M15_NOT_BEARISH,10,4633.08783399,4618.28621453,BULLISH,4635.45,4635.89,4635.67,44.0
P2F4_CANDIDATE_S1,1787559300037_BUY,XAUUSD,PERIOD_M5,2026.08.24 08:15:00,1787559300037,2026.08.24 08:15:00,BUY,REJECT,SIDE_NOT_SELL,10,0.00000000,0.00000000,UNKNOWN,4643.31,4643.73,4643.52,42.0
P2F4_CANDIDATE_S1,1787560500023_SELL,XAUUSD,PERIOD_M5,2026.08.24 08:35:00,1787560500023,2026.08.24 08:35:00,SELL,REJECT,M15_NOT_BEARISH,10,4635.04175860,4621.35424211,BULLISH,4632.67,4632.89,4632.78,22.0
P2F4_CANDIDATE_S1,1787562300039_BUY,XAUUSD,PERIOD_M5,2026.08.24 09:05:00,1787562300039,2026.08.24 09:05:00,BUY,REJECT,SIDE_NOT_SELL,10,0.00000000,0.00000000,UNKNOWN,4644.79,4645.20,4644.99,41.0
P2F4_CANDIDATE_S1,1787568300011_SELL,XAUUSD,PERIOD_M5,2026.08.24 10:45:00,1787568300011,2026.08.24 10:45:00,SELL,REJECT,M15_NOT_BEARISH,10,4639.78068777,4627.91806206,BULLISH,4634.76,4634.97,4634.86,21.0
P2F4_CANDIDATE_S1,1787573400833_BUY,XAUUSD,PERIOD_M5,2026.08.24 12:10:00,1787573400833,2026.08.24 12:10:00,BUY,REJECT,SIDE_NOT_SELL,10,0.00000000,0.00000000,UNKNOWN,4642.08,4642.36,4642.22,28.0
P2F4_CANDIDATE_S1,1787574000057_SELL,XAUUSD,PERIOD_M5,2026.08.24 12:20:00,1787574000057,2026.08.24 12:20:00,SELL,REJECT,M15_NOT_BEARISH,10,4639.45681478,4630.27271995,BULLISH,4636.58,4636.96,4636.77,38.0
P2F4_CANDIDATE_S1,1787576100138_BUY,XAUUSD,PERIOD_M5,2026.08.24 12:55:00,1787576100138,2026.08.24 12:55:00,BUY,REJECT,SIDE_NOT_SELL,10,0.00000000,0.00000000,UNKNOWN,4644.24,4644.59,4644.41,35.0
P2F4_CANDIDATE_S1,1787581500052_SELL,XAUUSD,PERIOD_M5,2026.08.24 14:25:00,1787581500052,2026.08.24 14:25:00,SELL,REJECT,M15_NOT_BEARISH,10,4641.40634296,4633.71376220,BULLISH,4641.22,4641.68,4641.45,46.0
P2F4_CANDIDATE_S1,1787581800034_BUY,XAUUSD,PERIOD_M5,2026.08.24 14:30:00,1787581800034,2026.08.24 14:30:00,BUY,REJECT,SIDE_NOT_SELL,10,0.00000000,0.00000000,UNKNOWN,4646.43,4646.80,4646.61,37.0
P2F4_CANDIDATE_S1,1787597100150_SELL,XAUUSD,PERIOD_M5,2026.08.24 18:45:00,1787597100150,2026.08.24 18:45:00,SELL,REJECT,M15_NOT_BEARISH,10,4662.71259237,4650.11152390,BULLISH,4660.60,4660.87,4660.74,27.0
P2F4_CANDIDATE_S1,1787610600082_BUY,XAUUSD,PERIOD_M5,2026.08.24 22:30:00,1787610600082,2026.08.24 22:30:00,BUY,REJECT,SIDE_NOT_SELL,10,0.00000000,0.00000000,UNKNOWN,4641.45,4641.61,4641.53,16.0
P2F4_CANDIDATE_S1,1787631900143_SELL,XAUUSD,PERIOD_M5,2026.08.25 04:25:00,1787631900143,2026.08.25 04:25:00,SELL,REJECT,M15_NOT_BEARISH,10,4669.51748750,4658.82553520,BULLISH,4666.84,4667.33,4667.09,49.0
P2F4_CANDIDATE_S1,1787646000014_BUY,XAUUSD,PERIOD_M5,2026.08.25 08:20:00,1787646000014,2026.08.25 08:20:00,BUY,REJECT,SIDE_NOT_SELL,10,0.00000000,0.00000000,UNKNOWN,4644.12,4644.54,4644.33,42.0
P2F4_CANDIDATE_S1,1787652600021_SELL,XAUUSD,PERIOD_M5,2026.08.25 10:10:00,1787652600021,2026.08.25 10:10:00,SELL,ELIGIBLE,S1_SELL_M15_BEARISH,10,4643.99312277,4648.28400625,BEARISH,4641.14,4641.43,4641.28,29.0
P2F4_CANDIDATE_S1,1787662200096_BUY,XAUUSD,PERIOD_M5,2026.08.25 12:50:00,1787662200096,2026.08.25 12:50:00,BUY,REJECT,SIDE_NOT_SELL,10,0.00000000,0.00000000,UNKNOWN,4640.51,4640.81,4640.66,30.0
P2F4_CANDIDATE_S1,1787671200040_SELL,XAUUSD,PERIOD_M5,2026.08.25 15:20:00,1787671200040,2026.08.25 15:20:00,SELL,ELIGIBLE,S1_SELL_M15_BEARISH,10,4638.18996008,4641.46407024,BEARISH,4635.62,4635.84,4635.73,22.0
P2F4_CANDIDATE_S1,1787673600088_BUY,XAUUSD,PERIOD_M5,2026.08.25 16:00:00,1787673600088,2026.08.25 16:00:00,BUY,REJECT,SIDE_NOT_SELL,10,0.00000000,0.00000000,UNKNOWN,4640.61,4641.30,4640.95,69.0
P2F4_CANDIDATE_S1,1787673900110_SELL,XAUUSD,PERIOD_M5,2026.08.25 16:05:00,1787673900110,2026.08.25 16:05:00,SELL,ELIGIBLE,S1_SELL_M15_BEARISH,10,4638.37289452,4641.16571786,BEARISH,4634.50,4634.95,4634.73,45.0
P2F4_CANDIDATE_S1,1787679600081_BUY,XAUUSD,PERIOD_M5,2026.08.25 17:40:00,1787679600081,2026.08.25 17:40:00,BUY,REJECT,SIDE_NOT_SELL,10,0.00000000,0.00000000,UNKNOWN,4636.51,4636.93,4636.72,42.0
P2F4_CANDIDATE_S1,1787688600090_SELL,XAUUSD,PERIOD_M5,2026.08.25 20:10:00,1787688600090,2026.08.25 20:10:00,SELL,ELIGIBLE,S1_SELL_M15_BEARISH,10,4638.26289772,4638.50246398,BEARISH,4636.10,4636.37,4636.24,27.0
P2F4_CANDIDATE_S1,1787691000010_BUY,XAUUSD,PERIOD_M5,2026.08.25 20:50:00,1787691000010,2026.08.25 20:50:00,BUY,REJECT,SIDE_NOT_SELL,10,0.00000000,0.00000000,UNKNOWN,4645.92,4646.22,4646.07,30.0
P2F4_CANDIDATE_S1,1787711700384_SELL,XAUUSD,PERIOD_M5,2026.08.26 02:35:00,1787711700384,2026.08.26 02:35:00,SELL,REJECT,M15_NOT_BEARISH,10,4657.48295473,4648.87971832,BULLISH,4660.14,4660.54,4660.34,40.0
P2F4_CANDIDATE_S1,1787720400042_BUY,XAUUSD,PERIOD_M5,2026.08.26 05:00:00,1787720400042,2026.08.26 05:00:00,BUY,REJECT,SIDE_NOT_SELL,10,0.00000000,0.00000000,UNKNOWN,4656.94,4657.37,4657.15,43.0
P2F4_CANDIDATE_S1,1787725200086_SELL,XAUUSD,PERIOD_M5,2026.08.26 06:20:00,1787725200086,2026.08.26 06:20:00,SELL,REJECT,M15_NOT_BEARISH,10,4653.58649247,4650.06802565,BULLISH,4647.44,4647.83,4647.64,39.0
P2F4_CANDIDATE_S1,1787756700007_BUY,XAUUSD,PERIOD_M5,2026.08.26 15:05:00,1787756700007,2026.08.26 15:05:00,BUY,REJECT,SIDE_NOT_SELL,10,0.00000000,0.00000000,UNKNOWN,4627.31,4627.67,4627.49,36.0
P2F4_CANDIDATE_S1,1787759700032_SELL,XAUUSD,PERIOD_M5,2026.08.26 15:55:00,1787759700032,2026.08.26 15:55:00,SELL,ELIGIBLE,S1_SELL_M15_BEARISH,10,4625.14918918,4632.35261626,BEARISH,4616.24,4616.57,4616.40,33.0
P2F4_CANDIDATE_S1,1787763300079_BUY,XAUUSD,PERIOD_M5,2026.08.26 16:55:00,1787763300079,2026.08.26 16:55:00,BUY,REJECT,SIDE_NOT_SELL,10,0.00000000,0.00000000,UNKNOWN,4623.75,4624.20,4623.98,45.0
P2F4_CANDIDATE_S1,1787766000094_SELL,XAUUSD,PERIOD_M5,2026.08.26 17:40:00,1787766000094,2026.08.26 17:40:00,SELL,ELIGIBLE,S1_SELL_M15_BEARISH,10,4621.73810301,4628.85389888,BEARISH,4617.00,4617.30,4617.15,30.0
P2F4_CANDIDATE_S1,1787766300044_BUY,XAUUSD,PERIOD_M5,2026.08.26 17:45:00,1787766300044,2026.08.26 17:45:00,BUY,REJECT,SIDE_NOT_SELL,10,0.00000000,0.00000000,UNKNOWN,4621.84,4622.16,4622.00,32.0
P2F4_CANDIDATE_S1,1787766600120_SELL,XAUUSD,PERIOD_M5,2026.08.26 17:50:00,1787766600120,2026.08.26 17:50:00,SELL,ELIGIBLE,S1_SELL_M15_BEARISH,10,4621.75447415,4628.58158912,BEARISH,4612.38,4612.77,4612.58,39.0
P2F4_CANDIDATE_S1,1787777700095_BUY,XAUUSD,PERIOD_M5,2026.08.26 20:55:00,1787777700095,2026.08.26 20:55:00,BUY,REJECT,SIDE_NOT_SELL,10,0.00000000,0.00000000,UNKNOWN,4597.32,4597.62,4597.47,30.0
P2F4_CANDIDATE_S1,1787779800060_SELL,XAUUSD,PERIOD_M5,2026.08.26 21:30:00,1787779800060,2026.08.26 21:30:00,SELL,ELIGIBLE,S1_SELL_M15_BEARISH,10,4601.97360991,4614.00569174,BEARISH,4594.72,4595.01,4594.86,29.0
P2F4_CANDIDATE_S1,1787792700052_BUY,XAUUSD,PERIOD_M5,2026.08.27 01:05:00,1787792700052,2026.08.27 01:05:00,BUY,REJECT,SIDE_NOT_SELL,10,0.00000000,0.00000000,UNKNOWN,4603.13,4604.00,4603.57,87.0
P2F4_CANDIDATE_S1,1787802300015_SELL,XAUUSD,PERIOD_M5,2026.08.27 03:45:00,1787802300015,2026.08.27 03:45:00,SELL,ELIGIBLE,S1_SELL_M15_BEARISH,10,4609.65939547,4611.66008098,BEARISH,4605.83,4606.72,4606.27,89.0
P2F4_CANDIDATE_S1,1787804100217_BUY,XAUUSD,PERIOD_M5,2026.08.27 04:15:00,1787804100217,2026.08.27 04:15:00,BUY,REJECT,SIDE_NOT_SELL,10,0.00000000,0.00000000,UNKNOWN,4624.69,4625.18,4624.93,49.0
P2F4_CANDIDATE_S1,1787813700054_SELL,XAUUSD,PERIOD_M5,2026.08.27 06:55:00,1787813700054,2026.08.27 06:55:00,SELL,REJECT,M15_NOT_BEARISH,10,4623.86386125,4618.30735594,BULLISH,4626.71,4627.01,4626.86,30.0
P2F4_CANDIDATE_S1,1787839800242_BUY,XAUUSD,PERIOD_M5,2026.08.27 14:10:00,1787839800242,2026.08.27 14:10:00,BUY,REJECT,SIDE_NOT_SELL,10,0.00000000,0.00000000,UNKNOWN,4590.60,4590.85,4590.73,25.0
P2F4_CANDIDATE_S1,1787845500010_SELL,XAUUSD,PERIOD_M5,2026.08.27 15:45:00,1787845500010,2026.08.27 15:45:00,SELL,ELIGIBLE,S1_SELL_M15_BEARISH,10,4594.49748519,4602.11950580,BEARISH,4587.51,4587.77,4587.64,26.0
P2F4_CANDIDATE_S1,1787852700111_BUY,XAUUSD,PERIOD_M5,2026.08.27 17:45:00,1787852700111,2026.08.27 17:45:00,BUY,REJECT,SIDE_NOT_SELL,10,0.00000000,0.00000000,UNKNOWN,4595.34,4595.66,4595.50,32.0
P2F4_CANDIDATE_S1,1787865000045_SELL,XAUUSD,PERIOD_M5,2026.08.27 21:10:00,1787865000045,2026.08.27 21:10:00,SELL,REJECT,M15_NOT_BEARISH,10,4601.79611829,4600.46882765,BULLISH,4604.62,4604.85,4604.74,23.0
P2F4_CANDIDATE_S1,1787868000103_BUY,XAUUSD,PERIOD_M5,2026.08.27 22:00:00,1787868000103,2026.08.27 22:00:00,BUY,REJECT,SIDE_NOT_SELL,10,0.00000000,0.00000000,UNKNOWN,4610.48,4610.58,4610.53,10.0
P2F4_CANDIDATE_S1,1787879100005_SELL,XAUUSD,PERIOD_M5,2026.08.28 01:05:00,1787879100005,2026.08.28 01:05:00,SELL,REJECT,M15_NOT_BEARISH,10,4605.33273704,4602.52083140,BULLISH,4601.82,4602.34,4602.08,52.0
P2F4_CANDIDATE_S1,1787882100005_BUY,XAUUSD,PERIOD_M5,2026.08.28 01:55:00,1787882100005,2026.08.28 01:55:00,BUY,REJECT,SIDE_NOT_SELL,10,0.00000000,0.00000000,UNKNOWN,4608.90,4609.48,4609.19,58.0
P2F4_CANDIDATE_S1,1787883300185_SELL,XAUUSD,PERIOD_M5,2026.08.28 02:15:00,1787883300185,2026.08.28 02:15:00,SELL,REJECT,M15_NOT_BEARISH,10,4605.83117519,4603.26432513,BULLISH,4602.79,4603.18,4602.99,39.0
P2F4_CANDIDATE_S1,1787898300037_BUY,XAUUSD,PERIOD_M5,2026.08.28 06:25:00,1787898300037,2026.08.28 06:25:00,BUY,REJECT,SIDE_NOT_SELL,10,0.00000000,0.00000000,UNKNOWN,4589.52,4589.85,4589.69,33.0
P2F4_CANDIDATE_S1,1787899200150_SELL,XAUUSD,PERIOD_M5,2026.08.28 06:40:00,1787899200150,2026.08.28 06:40:00,SELL,ELIGIBLE,S1_SELL_M15_BEARISH,10,4590.32522443,4595.76148200,BEARISH,4582.90,4583.24,4583.07,34.0
P2F4_CANDIDATE_S1,1787909100342_BUY,XAUUSD,PERIOD_M5,2026.08.28 09:25:00,1787909100342,2026.08.28 09:25:00,BUY,REJECT,SIDE_NOT_SELL,10,0.00000000,0.00000000,UNKNOWN,4583.47,4583.75,4583.61,28.0
P2F4_CANDIDATE_S1,1787919000100_SELL,XAUUSD,PERIOD_M5,2026.08.28 12:10:00,1787919000100,2026.08.28 12:10:00,SELL,REJECT,M15_NOT_BEARISH,10,4597.76810585,4595.19738892,BULLISH,4601.72,4602.04,4601.88,32.0
P2F4_CANDIDATE_S1,1787921700048_BUY,XAUUSD,PERIOD_M5,2026.08.28 12:55:00,1787921700048,2026.08.28 12:55:00,BUY,REJECT,SIDE_NOT_SELL,10,0.00000000,0.00000000,UNKNOWN,4606.94,4607.17,4607.06,23.0
P2F4_CANDIDATE_S1,1787924700008_SELL,XAUUSD,PERIOD_M5,2026.08.28 13:45:00,1787924700008,2026.08.28 13:45:00,SELL,REJECT,M15_NOT_BEARISH,10,4601.07486264,4597.40276427,BULLISH,4602.80,4602.99,4602.90,19.0
P2F4_CANDIDATE_S1,1787933400045_BUY,XAUUSD,PERIOD_M5,2026.08.28 16:10:00,1787933400045,2026.08.28 16:10:00,BUY,REJECT,SIDE_NOT_SELL,10,0.00000000,0.00000000,UNKNOWN,4600.24,4600.53,4600.39,29.0
P2F4_CANDIDATE_S1,1787936700005_SELL,XAUUSD,PERIOD_M5,2026.08.28 17:05:00,1787936700005,2026.08.28 17:05:00,SELL,REJECT,M15_NOT_BEARISH,10,4600.22458284,4598.18448618,BULLISH,4577.11,4577.56,4577.34,45.0
