candidate_id,research_join_key,symbol,entry_timeframe,signal_time,signal_time_msc,signal_bar_time,side,gate_result,gate_reason,research_horizon_minutes,m15_fast_ema_bar1,m15_slow_ema_bar1,m15_trend,entry_bid,entry_ask,entry_mid,spread_points
P2F4_CANDIDATE_S1,1770696300038_BUY,XAUUSD,PERIOD_M5,2026.02.10 04:05:00,1770696300038,2026.02.10 04:05:00,BUY,REJECT,SIDE_NOT_SELL,10,0.00000000,0.00000000,UNKNOWN,5036.87,5036.95,5036.91,8.0
P2F4_CANDIDATE_S1,1770700500091_SELL,XAUUSD,PERIOD_M5,2026.02.10 05:15:00,1770700500091,2026.02.10 05:15:00,SELL,ELIGIBLE,S1_SELL_M15_BEARISH,10,5039.12797633,5039.70115035,BEARISH,5026.88,5026.93,5026.91,5.0
P2F4_CANDIDATE_S1,1770706800009_BUY,XAUUSD,PERIOD_M5,2026.02.10 07:00:00,1770706800009,2026.02.10 07:00:00,BUY,REJECT,SIDE_NOT_SELL,10,0.00000000,0.00000000,UNKNOWN,5031.71,5031.80,5031.76,9.0
P2F4_CANDIDATE_S1,1770708000060_SELL,XAUUSD,PERIOD_M5,2026.02.10 07:20:00,1770708000060,2026.02.10 07:20:00,SELL,ELIGIBLE,S1_SELL_M15_BEARISH,10,5032.75063357,5036.28923617,BEARISH,5023.59,5023.63,5023.61,4.0
P2F4_CANDIDATE_S1,1770709800198_BUY,XAUUSD,PERIOD_M5,2026.02.10 07:50:00,1770709800198,2026.02.10 07:50:00,BUY,REJECT,SIDE_NOT_SELL,10,0.00000000,0.00000000,UNKNOWN,5034.58,5034.75,5034.66,17.0
P2F4_CANDIDATE_S1,1770713700081_SELL,XAUUSD,PERIOD_M5,2026.02.10 08:55:00,1770713700081,2026.02.10 08:55:00,SELL,ELIGIBLE,S1_SELL_M15_BEARISH,10,5032.31901768,5035.29716304,BEARISH,5022.23,5022.35,5022.29,12.0
P2F4_CANDIDATE_S1,1770717600049_BUY,XAUUSD,PERIOD_M5,2026.02.10 10:00:00,1770717600049,2026.02.10 10:00:00,BUY,REJECT,SIDE_NOT_SELL,10,0.00000000,0.00000000,UNKNOWN,5034.10,5034.14,5034.12,4.0
P2F4_CANDIDATE_S1,1770732900073_SELL,XAUUSD,PERIOD_M5,2026.02.10 14:15:00,1770732900073,2026.02.10 14:15:00,SELL,REJECT,M15_NOT_BEARISH,10,5044.78689278,5040.58527278,BULLISH,5044.03,5044.15,5044.09,12.0
P2F4_CANDIDATE_S1,1770738000073_BUY,XAUUSD,PERIOD_M5,2026.02.10 15:40:00,1770738000073,2026.02.10 15:40:00,BUY,REJECT,SIDE_NOT_SELL,10,0.00000000,0.00000000,UNKNOWN,5049.05,5049.24,5049.15,19.0
P2F4_CANDIDATE_S1,1770742800022_SELL,XAUUSD,PERIOD_M5,2026.02.10 17:00:00,1770742800022,2026.02.10 17:00:00,SELL,REJECT,M15_NOT_BEARISH,10,5047.34259366,5043.05742088,BULLISH,5039.70,5039.80,5039.75,10.0
P2F4_CANDIDATE_S1,1770751500018_BUY,XAUUSD,PERIOD_M5,2026.02.10 19:25:00,1770751500018,2026.02.10 19:25:00,BUY,REJECT,SIDE_NOT_SELL,10,0.00000000,0.00000000,UNKNOWN,5034.07,5034.23,5034.15,16.0
P2F4_CANDIDATE_S1,1770754200012_SELL,XAUUSD,PERIOD_M5,2026.02.10 20:10:00,1770754200012,2026.02.10 20:10:00,SELL,ELIGIBLE,S1_SELL_M15_BEARISH,10,5032.75828267,5036.57645135,BEARISH,5021.00,5021.11,5021.06,11.0
P2F4_CANDIDATE_S1,1770759300055_BUY,XAUUSD,PERIOD_M5,2026.02.10 21:35:00,1770759300055,2026.02.10 21:35:00,BUY,REJECT,SIDE_NOT_SELL,10,0.00000000,0.00000000,UNKNOWN,5026.44,5026.64,5026.54,20.0
P2F4_CANDIDATE_S1,1770767100003_SELL,XAUUSD,PERIOD_M5,2026.02.10 23:45:00,1770767100003,2026.02.10 23:45:00,SELL,ELIGIBLE,S1_SELL_M15_BEARISH,10,5026.70198435,5030.76148294,BEARISH,5024.06,5024.50,5024.28,44.0
P2F4_CANDIDATE_S1,1770771900003_BUY,XAUUSD,PERIOD_M5,2026.02.11 01:05:00,1770771900003,2026.02.11 01:05:00,BUY,REJECT,SIDE_NOT_SELL,10,0.00000000,0.00000000,UNKNOWN,5033.56,5033.83,5033.69,27.0
P2F4_CANDIDATE_S1,1770792900004_SELL,XAUUSD,PERIOD_M5,2026.02.11 06:55:00,1770792900004,2026.02.11 06:55:00,SELL,REJECT,M15_NOT_BEARISH,10,5048.21538260,5041.20636612,BULLISH,5048.62,5048.83,5048.73,21.0
P2F4_CANDIDATE_S1,1770795600051_BUY,XAUUSD,PERIOD_M5,2026.02.11 07:40:00,1770795600051,2026.02.11 07:40:00,BUY,REJECT,SIDE_NOT_SELL,10,0.00000000,0.00000000,UNKNOWN,5062.31,5062.48,5062.40,17.0
P2F4_CANDIDATE_S1,1770797100022_SELL,XAUUSD,PERIOD_M5,2026.02.11 08:05:00,1770797100022,2026.02.11 08:05:00,SELL,REJECT,M15_NOT_BEARISH,10,5050.14347393,5043.30921404,BULLISH,5050.84,5050.92,5050.88,8.0
P2F4_CANDIDATE_S1,1770797400005_BUY,XAUUSD,PERIOD_M5,2026.02.11 08:10:00,1770797400005,2026.02.11 08:10:00,BUY,REJECT,SIDE_NOT_SELL,10,0.00000000,0.00000000,UNKNOWN,5055.59,5055.68,5055.64,9.0
P2F4_CANDIDATE_S1,1770803400030_SELL,XAUUSD,PERIOD_M5,2026.02.11 09:50:00,1770803400030,2026.02.11 09:50:00,SELL,REJECT,M15_NOT_BEARISH,10,5053.99776810,5046.82814377,BULLISH,5052.55,5052.60,5052.58,5.0
P2F4_CANDIDATE_S1,1770809700023_BUY,XAUUSD,PERIOD_M5,2026.02.11 11:35:00,1770809700023,2026.02.11 11:35:00,BUY,REJECT,SIDE_NOT_SELL,10,0.00000000,0.00000000,UNKNOWN,5057.99,5058.14,5058.07,15.0
P2F4_CANDIDATE_S1,1770820800020_SELL,XAUUSD,PERIOD_M5,2026.02.11 14:40:00,1770820800020,2026.02.11 14:40:00,SELL,REJECT,M15_NOT_BEARISH,10,5082.35499691,5065.02217355,BULLISH,5083.94,5083.98,5083.96,4.0
P2F4_CANDIDATE_S1,1770834900068_BUY,XAUUSD,PERIOD_M5,2026.02.11 18:35:00,1770834900068,2026.02.11 18:35:00,BUY,REJECT,SIDE_NOT_SELL,10,0.00000000,0.00000000,UNKNOWN,5074.86,5074.98,5074.92,12.0
P2F4_CANDIDATE_S1,1770841800035_SELL,XAUUSD,PERIOD_M5,2026.02.11 20:30:00,1770841800035,2026.02.11 20:30:00,SELL,REJECT,M15_NOT_BEARISH,10,5074.62835426,5069.07817301,BULLISH,5073.71,5073.85,5073.78,14.0
P2F4_CANDIDATE_S1,1770842700033_BUY,XAUUSD,PERIOD_M5,2026.02.11 20:45:00,1770842700033,2026.02.11 20:45:00,BUY,REJECT,SIDE_NOT_SELL,10,0.00000000,0.00000000,UNKNOWN,5083.46,5083.59,5083.52,13.0
P2F4_CANDIDATE_S1,1770849300044_SELL,XAUUSD,PERIOD_M5,2026.02.11 22:35:00,1770849300044,2026.02.11 22:35:00,SELL,REJECT,M15_NOT_BEARISH,10,5080.91725570,5073.71841055,BULLISH,5080.23,5080.43,5080.33,20.0
P2F4_CANDIDATE_S1,1770849600037_BUY,XAUUSD,PERIOD_M5,2026.02.11 22:40:00,1770849600037,2026.02.11 22:40:00,BUY,REJECT,SIDE_NOT_SELL,10,0.00000000,0.00000000,UNKNOWN,5085.05,5085.17,5085.11,12.0
P2F4_CANDIDATE_S1,1770852900041_SELL,XAUUSD,PERIOD_M5,2026.02.11 23:35:00,1770852900041,2026.02.11 23:35:00,SELL,REJECT,M15_NOT_BEARISH,10,5082.53433363,5075.52210642,BULLISH,5076.90,5077.34,5077.12,44.0
P2F4_CANDIDATE_S1,1770858300025_BUY,XAUUSD,PERIOD_M5,2026.02.12 01:05:00,1770858300025,2026.02.12 01:05:00,BUY,REJECT,SIDE_NOT_SELL,10,0.00000000,0.00000000,UNKNOWN,5095.49,5095.76,5095.63,27.0
P2F4_CANDIDATE_S1,1770858600033_SELL,XAUUSD,PERIOD_M5,2026.02.12 01:10:00,1770858600033,2026.02.12 01:10:00,SELL,REJECT,M15_NOT_BEARISH,10,5082.51059964,5076.04692715,BULLISH,5082.62,5082.66,5082.64,4.0
P2F4_CANDIDATE_S1,1770869100070_BUY,XAUUSD,PERIOD_M5,2026.02.12 04:05:00,1770869100070,2026.02.12 04:05:00,BUY,REJECT,SIDE_NOT_SELL,10,0.00000000,0.00000000,UNKNOWN,5068.81,5068.97,5068.89,16.0
P2F4_CANDIDATE_S1,1770871800022_SELL,XAUUSD,PERIOD_M5,2026.02.12 04:50:00,1770871800022,2026.02.12 04:50:00,SELL,ELIGIBLE,S1_SELL_M15_BEARISH,10,5066.24253879,5069.49494498,BEARISH,5060.38,5060.56,5060.47,18.0
P2F4_CANDIDATE_S1,1770872100029_BUY,XAUUSD,PERIOD_M5,2026.02.12 04:55:00,1770872100029,2026.02.12 04:55:00,BUY,REJECT,SIDE_NOT_SELL,10,0.00000000,0.00000000,UNKNOWN,5065.84,5065.88,5065.86,4.0
P2F4_CANDIDATE_S1,1770875400069_SELL,XAUUSD,PERIOD_M5,2026.02.12 05:50:00,1770875400069,2026.02.12 05:50:00,SELL,ELIGIBLE,S1_SELL_M15_BEARISH,10,5065.79591599,5068.82485803,BEARISH,5058.85,5059.04,5058.94,19.0
P2F4_CANDIDATE_S1,1770879600013_BUY,XAUUSD,PERIOD_M5,2026.02.12 07:00:00,1770879600013,2026.02.12 07:00:00,BUY,REJECT,SIDE_NOT_SELL,10,0.00000000,0.00000000,UNKNOWN,5069.53,5069.72,5069.63,19.0
P2F4_CANDIDATE_S1,1770885000014_SELL,XAUUSD,PERIOD_M5,2026.02.12 08:30:00,1770885000014,2026.02.12 08:30:00,SELL,ELIGIBLE,S1_SELL_M15_BEARISH,10,5065.89619091,5067.61275037,BEARISH,5055.50,5055.70,5055.60,20.0
P2F4_CANDIDATE_S1,1770890700017_BUY,XAUUSD,PERIOD_M5,2026.02.12 10:05:00,1770890700017,2026.02.12 10:05:00,BUY,REJECT,SIDE_NOT_SELL,10,0.00000000,0.00000000,UNKNOWN,5068.82,5068.88,5068.85,6.0
P2F4_CANDIDATE_S1,1770892800280_SELL,XAUUSD,PERIOD_M5,2026.02.12 10:40:00,1770892800280,2026.02.12 10:40:00,SELL,ELIGIBLE,S1_SELL_M15_BEARISH,10,5063.82495450,5066.05582595,BEARISH,5060.02,5060.16,5060.09,14.0
P2F4_CANDIDATE_S1,1770893700009_BUY,XAUUSD,PERIOD_M5,2026.02.12 10:55:00,1770893700009,2026.02.12 10:55:00,BUY,REJECT,SIDE_NOT_SELL,10,0.00000000,0.00000000,UNKNOWN,5066.92,5067.01,5066.97,9.0
P2F4_CANDIDATE_S1,1770899100042_SELL,XAUUSD,PERIOD_M5,2026.02.12 12:25:00,1770899100042,2026.02.12 12:25:00,SELL,ELIGIBLE,S1_SELL_M15_BEARISH,10,5066.98259490,5067.01694032,BEARISH,5064.73,5064.86,5064.80,13.0
P2F4_CANDIDATE_S1,1770905100080_BUY,XAUUSD,PERIOD_M5,2026.02.12 14:05:00,1770905100080,2026.02.12 14:05:00,BUY,REJECT,SIDE_NOT_SELL,10,0.00000000,0.00000000,UNKNOWN,5065.14,5065.24,5065.19,10.0
P2F4_CANDIDATE_S1,1770905400061_SELL,XAUUSD,PERIOD_M5,2026.02.12 14:10:00,1770905400061,2026.02.12 14:10:00,SELL,ELIGIBLE,S1_SELL_M15_BEARISH,10,5064.80794383,5065.92961011,BEARISH,5061.27,5061.41,5061.34,14.0
P2F4_CANDIDATE_S1,1770909600027_BUY,XAUUSD,PERIOD_M5,2026.02.12 15:20:00,1770909600027,2026.02.12 15:20:00,BUY,REJECT,SIDE_NOT_SELL,10,0.00000000,0.00000000,UNKNOWN,5069.95,5070.08,5070.01,13.0
P2F4_CANDIDATE_S1,1770913800023_SELL,XAUUSD,PERIOD_M5,2026.02.12 16:30:00,1770913800023,2026.02.12 16:30:00,SELL,ELIGIBLE,S1_SELL_M15_BEARISH,10,5064.71023191,5065.37971817,BEARISH,5059.96,5060.16,5060.06,20.0
P2F4_CANDIDATE_S1,1770917700022_BUY,XAUUSD,PERIOD_M5,2026.02.12 17:35:00,1770917700022,2026.02.12 17:35:00,BUY,REJECT,SIDE_NOT_SELL,10,0.00000000,0.00000000,UNKNOWN,5069.52,5069.68,5069.60,16.0
P2F4_CANDIDATE_S1,1770919800044_SELL,XAUUSD,PERIOD_M5,2026.02.12 18:10:00,1770919800044,2026.02.12 18:10:00,SELL,ELIGIBLE,S1_SELL_M15_BEARISH,10,5063.21367836,5064.42798976,BEARISH,5050.12,5050.27,5050.19,15.0
P2F4_CANDIDATE_S1,1770933000001_BUY,XAUUSD,PERIOD_M5,2026.02.12 21:50:00,1770933000001,2026.02.12 21:50:00,BUY,REJECT,SIDE_NOT_SELL,10,0.00000000,0.00000000,UNKNOWN,4953.97,4954.07,4954.02,10.0
P2F4_CANDIDATE_S1,1770934800047_SELL,XAUUSD,PERIOD_M5,2026.02.12 22:20:00,1770934800047,2026.02.12 22:20:00,SELL,ELIGIBLE,S1_SELL_M15_BEARISH,10,4963.99884875,5004.27309425,BEARISH,4937.60,4937.80,4937.70,20.0
P2F4_CANDIDATE_S1,1770948600003_BUY,XAUUSD,PERIOD_M5,2026.02.13 02:10:00,1770948600003,2026.02.13 02:10:00,BUY,REJECT,SIDE_NOT_SELL,10,0.00000000,0.00000000,UNKNOWN,4943.27,4943.39,4943.33,12.0
P2F4_CANDIDATE_S1,1770965700033_SELL,XAUUSD,PERIOD_M5,2026.02.13 06:55:00,1770965700033,2026.02.13 06:55:00,SELL,ELIGIBLE,S1_SELL_M15_BEARISH,10,4970.63463273,4973.74822894,BEARISH,4975.18,4975.44,4975.31,26.0
P2F4_CANDIDATE_S1,1770974700012_BUY,XAUUSD,PERIOD_M5,2026.02.13 09:25:00,1770974700012,2026.02.13 09:25:00,BUY,REJECT,SIDE_NOT_SELL,10,0.00000000,0.00000000,UNKNOWN,4966.27,4966.31,4966.29,4.0
P2F4_CANDIDATE_S1,1770982200032_SELL,XAUUSD,PERIOD_M5,2026.02.13 11:30:00,1770982200032,2026.02.13 11:30:00,SELL,ELIGIBLE,S1_SELL_M15_BEARISH,10,4971.82596803,4972.08048890,BEARISH,4964.98,4965.07,4965.02,9.0
P2F4_CANDIDATE_S1,1770992400231_BUY,XAUUSD,PERIOD_M5,2026.02.13 14:20:00,1770992400231,2026.02.13 14:20:00,BUY,REJECT,SIDE_NOT_SELL,10,0.00000000,0.00000000,UNKNOWN,4967.25,4967.36,4967.31,11.0
P2F4_CANDIDATE_S1,1771005600027_SELL,XAUUSD,PERIOD_M5,2026.02.13 18:00:00,1771005600027,2026.02.13 18:00:00,SELL,REJECT,M15_NOT_BEARISH,10,4984.60463907,4977.00956709,BULLISH,4976.83,4976.94,4976.89,11.0
P2F4_CANDIDATE_S1,1771006800045_BUY,XAUUSD,PERIOD_M5,2026.02.13 18:20:00,1771006800045,2026.02.13 18:20:00,BUY,REJECT,SIDE_NOT_SELL,10,0.00000000,0.00000000,UNKNOWN,5007.23,5007.27,5007.25,4.0
P2F4_CANDIDATE_S1,1771021500037_SELL,XAUUSD,PERIOD_M5,2026.02.13 22:25:00,1771021500037,2026.02.13 22:25:00,SELL,REJECT,M15_NOT_BEARISH,10,5019.54684221,5000.91864612,BULLISH,5031.28,5031.53,5031.40,25.0
P2F4_CANDIDATE_S1,1771024200029_BUY,XAUUSD,PERIOD_M5,2026.02.13 23:10:00,1771024200029,2026.02.13 23:10:00,BUY,REJECT,SIDE_NOT_SELL,10,0.00000000,0.00000000,UNKNOWN,5032.41,5032.66,5032.53,25.0
P2F4_CANDIDATE_S1,1771204200055_SELL,XAUUSD,PERIOD_M5,2026.02.16 01:10:00,1771204200055,2026.02.16 01:10:00,SELL,REJECT,M15_NOT_BEARISH,10,5027.31939458,5009.11326054,BULLISH,5023.02,5023.23,5023.13,21.0
P2F4_CANDIDATE_S1,1771212000069_BUY,XAUUSD,PERIOD_M5,2026.02.16 03:20:00,1771212000069,2026.02.16 03:20:00,BUY,REJECT,SIDE_NOT_SELL,10,0.00000000,0.00000000,UNKNOWN,5029.03,5029.22,5029.13,19.0
P2F4_CANDIDATE_S1,1771216200066_SELL,XAUUSD,PERIOD_M5,2026.02.16 04:30:00,1771216200066,2026.02.16 04:30:00,SELL,REJECT,M15_NOT_BEARISH,10,5023.50978567,5014.60080913,BULLISH,5019.57,5019.74,5019.65,17.0
P2F4_CANDIDATE_S1,1771228200019_BUY,XAUUSD,PERIOD_M5,2026.02.16 07:50:00,1771228200019,2026.02.16 07:50:00,BUY,REJECT,SIDE_NOT_SELL,10,0.00000000,0.00000000,UNKNOWN,4986.98,4987.11,4987.05,13.0
P2F4_CANDIDATE_S1,1771245300032_SELL,XAUUSD,PERIOD_M5,2026.02.16 12:35:00,1771245300032,2026.02.16 12:35:00,SELL,REJECT,M15_NOT_BEARISH,10,5004.38184191,5003.69769263,BULLISH,5006.36,5006.53,5006.44,17.0
P2F4_CANDIDATE_S1,1771267200003_BUY,XAUUSD,PERIOD_M5,2026.02.16 18:40:00,1771267200003,2026.02.16 18:40:00,BUY,REJECT,SIDE_NOT_SELL,10,0.00000000,0.00000000,UNKNOWN,4987.30,4987.40,4987.35,10.0
P2F4_CANDIDATE_S1,1771292400019_SELL,XAUUSD,PERIOD_M5,2026.02.17 01:40:00,1771292400019,2026.02.17 01:40:00,SELL,ELIGIBLE,S1_SELL_M15_BEARISH,10,4992.20186035,4994.85362246,BEARISH,4989.92,4990.14,4990.03,22.0
P2F4_CANDIDATE_S1,1771302600039_BUY,XAUUSD,PERIOD_M5,2026.02.17 04:30:00,1771302600039,2026.02.17 04:30:00,BUY,REJECT,SIDE_NOT_SELL,10,0.00000000,0.00000000,UNKNOWN,4965.49,4965.60,4965.55,11.0
P2F4_CANDIDATE_S1,1771303500080_SELL,XAUUSD,PERIOD_M5,2026.02.17 04:45:00,1771303500080,2026.02.17 04:45:00,SELL,ELIGIBLE,S1_SELL_M15_BEARISH,10,4971.42089245,4982.72642124,BEARISH,4961.03,4961.21,4961.12,18.0
P2F4_CANDIDATE_S1,1771304400095_BUY,XAUUSD,PERIOD_M5,2026.02.17 05:00:00,1771304400095,2026.02.17 05:00:00,BUY,REJECT,SIDE_NOT_SELL,10,0.00000000,0.00000000,UNKNOWN,4967.15,4967.25,4967.20,10.0
P2F4_CANDIDATE_S1,1771305300049_SELL,XAUUSD,PERIOD_M5,2026.02.17 05:15:00,1771305300049,2026.02.17 05:15:00,SELL,ELIGIBLE,S1_SELL_M15_BEARISH,10,4970.11383713,4981.30949535,BEARISH,4961.56,4961.77,4961.67,21.0
P2F4_CANDIDATE_S1,1771320900129_BUY,XAUUSD,PERIOD_M5,2026.02.17 09:35:00,1771320900129,2026.02.17 09:35:00,BUY,REJECT,SIDE_NOT_SELL,10,0.00000000,0.00000000,UNKNOWN,4910.41,4910.45,4910.43,4.0
P2F4_CANDIDATE_S1,1771332900006_SELL,XAUUSD,PERIOD_M5,2026.02.17 12:55:00,1771332900006,2026.02.17 12:55:00,SELL,ELIGIBLE,S1_SELL_M15_BEARISH,10,4923.97688544,4939.60737047,BEARISH,4912.15,4912.19,4912.17,4.0
P2F4_CANDIDATE_S1,1771334700053_BUY,XAUUSD,PERIOD_M5,2026.02.17 13:25:00,1771334700053,2026.02.17 13:25:00,BUY,REJECT,SIDE_NOT_SELL,10,0.00000000,0.00000000,UNKNOWN,4927.53,4927.67,4927.60,14.0
P2F4_CANDIDATE_S1,1771341300017_SELL,XAUUSD,PERIOD_M5,2026.02.17 15:15:00,1771341300017,2026.02.17 15:15:00,SELL,ELIGIBLE,S1_SELL_M15_BEARISH,10,4927.91853478,4936.35218282,BEARISH,4922.29,4922.37,4922.33,8.0
P2F4_CANDIDATE_S1,1771352400022_BUY,XAUUSD,PERIOD_M5,2026.02.17 18:20:00,1771352400022,2026.02.17 18:20:00,BUY,REJECT,SIDE_NOT_SELL,10,0.00000000,0.00000000,UNKNOWN,4885.10,4885.24,4885.17,14.0
P2F4_CANDIDATE_S1,1771354500039_SELL,XAUUSD,PERIOD_M5,2026.02.17 18:55:00,1771354500039,2026.02.17 18:55:00,SELL,ELIGIBLE,S1_SELL_M15_BEARISH,10,4891.11304747,4912.51095232,BEARISH,4876.29,4876.46,4876.38,17.0
P2F4_CANDIDATE_S1,1771359900024_BUY,XAUUSD,PERIOD_M5,2026.02.17 20:25:00,1771359900024,2026.02.17 20:25:00,BUY,REJECT,SIDE_NOT_SELL,10,0.00000000,0.00000000,UNKNOWN,4885.64,4885.82,4885.73,18.0
P2F4_CANDIDATE_S1,1771365900046_SELL,XAUUSD,PERIOD_M5,2026.02.17 22:05:00,1771365900046,2026.02.17 22:05:00,SELL,ELIGIBLE,S1_SELL_M15_BEARISH,10,4883.19765108,4898.64778700,BEARISH,4879.02,4879.20,4879.11,18.0
P2F4_CANDIDATE_S1,1771382700035_BUY,XAUUSD,PERIOD_M5,2026.02.18 02:45:00,1771382700035,2026.02.18 02:45:00,BUY,REJECT,SIDE_NOT_SELL,10,0.00000000,0.00000000,UNKNOWN,4878.28,4878.35,4878.32,7.0
P2F4_CANDIDATE_S1,1771403700027_SELL,XAUUSD,PERIOD_M5,2026.02.18 08:35:00,1771403700027,2026.02.18 08:35:00,SELL,REJECT,M15_NOT_BEARISH,10,4919.48069461,4906.63670737,BULLISH,4927.23,4927.32,4927.27,9.0
P2F4_CANDIDATE_S1,1771404600208_BUY,XAUUSD,PERIOD_M5,2026.02.18 08:50:00,1771404600208,2026.02.18 08:50:00,BUY,REJECT,SIDE_NOT_SELL,10,0.00000000,0.00000000,UNKNOWN,4935.74,4935.84,4935.79,10.0
P2F4_CANDIDATE_S1,1771408800011_SELL,XAUUSD,PERIOD_M5,2026.02.18 10:00:00,1771408800011,2026.02.18 10:00:00,SELL,REJECT,M15_NOT_BEARISH,10,4926.03654466,4912.47576947,BULLISH,4930.30,4930.43,4930.36,13.0
P2F4_CANDIDATE_S1,1771423800004_BUY,XAUUSD,PERIOD_M5,2026.02.18 14:10:00,1771423800004,2026.02.18 14:10:00,BUY,REJECT,SIDE_NOT_SELL,10,0.00000000,0.00000000,UNKNOWN,4924.07,4924.15,4924.11,8.0
P2F4_CANDIDATE_S1,1771446300014_SELL,XAUUSD,PERIOD_M5,2026.02.18 20:25:00,1771446300014,2026.02.18 20:25:00,SELL,REJECT,M15_NOT_BEARISH,10,4985.43832399,4958.63267442,BULLISH,4994.47,4994.61,4994.54,14.0
P2F4_CANDIDATE_S1,1771473300113_BUY,XAUUSD,PERIOD_M5,2026.02.19 03:55:00,1771473300113,2026.02.19 03:55:00,BUY,REJECT,SIDE_NOT_SELL,10,0.00000000,0.00000000,UNKNOWN,4973.90,4974.02,4973.96,12.0
P2F4_CANDIDATE_S1,1771477500137_SELL,XAUUSD,PERIOD_M5,2026.02.19 05:05:00,1771477500137,2026.02.19 05:05:00,SELL,REJECT,M15_NOT_BEARISH,10,4972.91275200,4969.99094250,BULLISH,4967.64,4967.77,4967.70,13.0
P2F4_CANDIDATE_S1,1771479300051_BUY,XAUUSD,PERIOD_M5,2026.02.19 05:35:00,1771479300051,2026.02.19 05:35:00,BUY,REJECT,SIDE_NOT_SELL,10,0.00000000,0.00000000,UNKNOWN,4976.95,4976.99,4976.97,4.0
P2F4_CANDIDATE_S1,1771500600023_SELL,XAUUSD,PERIOD_M5,2026.02.19 11:30:00,1771500600023,2026.02.19 11:30:00,SELL,REJECT,M15_NOT_BEARISH,10,5005.36256095,4991.42288943,BULLISH,5000.62,5000.76,5000.69,14.0
P2F4_CANDIDATE_S1,1771515600004_BUY,XAUUSD,PERIOD_M5,2026.02.19 15:40:00,1771515600004,2026.02.19 15:40:00,BUY,REJECT,SIDE_NOT_SELL,10,0.00000000,0.00000000,UNKNOWN,4994.70,4994.81,4994.76,11.0
P2F4_CANDIDATE_S1,1771517700047_SELL,XAUUSD,PERIOD_M5,2026.02.19 16:15:00,1771517700047,2026.02.19 16:15:00,SELL,REJECT,M15_NOT_BEARISH,10,4990.01157153,4989.64661385,BULLISH,4972.87,4973.01,4972.94,14.0
P2F4_CANDIDATE_S1,1771519800023_BUY,XAUUSD,PERIOD_M5,2026.02.19 16:50:00,1771519800023,2026.02.19 16:50:00,BUY,REJECT,SIDE_NOT_SELL,10,0.00000000,0.00000000,UNKNOWN,4999.85,4999.89,4999.87,4.0
P2F4_CANDIDATE_S1,1771527600053_SELL,XAUUSD,PERIOD_M5,2026.02.19 19:00:00,1771527600053,2026.02.19 19:00:00,SELL,REJECT,M15_NOT_BEARISH,10,4998.80326344,4994.33872315,BULLISH,4995.11,4995.23,4995.17,12.0
P2F4_CANDIDATE_S1,1771538700002_BUY,XAUUSD,PERIOD_M5,2026.02.19 22:05:00,1771538700002,2026.02.19 22:05:00,BUY,REJECT,SIDE_NOT_SELL,10,0.00000000,0.00000000,UNKNOWN,4989.93,4990.07,4990.00,14.0
P2F4_CANDIDATE_S1,1771552500027_SELL,XAUUSD,PERIOD_M5,2026.02.20 01:55:00,1771552500027,2026.02.20 01:55:00,SELL,REJECT,M15_NOT_BEARISH,10,4994.86557774,4993.45919153,BULLISH,4992.43,4992.64,4992.53,21.0
P2F4_CANDIDATE_S1,1771556100144_BUY,XAUUSD,PERIOD_M5,2026.02.20 02:55:00,1771556100144,2026.02.20 02:55:00,BUY,REJECT,SIDE_NOT_SELL,10,0.00000000,0.00000000,UNKNOWN,5000.90,5000.94,5000.92,4.0
P2F4_CANDIDATE_S1,1771560000098_SELL,XAUUSD,PERIOD_M5,2026.02.20 04:00:00,1771560000098,2026.02.20 04:00:00,SELL,REJECT,M15_NOT_BEARISH,10,4997.12636360,4994.89693251,BULLISH,4997.10,4997.28,4997.19,18.0
P2F4_CANDIDATE_S1,1771560300047_BUY,XAUUSD,PERIOD_M5,2026.02.20 04:05:00,1771560300047,2026.02.20 04:05:00,BUY,REJECT,SIDE_NOT_SELL,10,0.00000000,0.00000000,UNKNOWN,5004.25,5004.35,5004.30,10.0
P2F4_CANDIDATE_S1,1771561200156_SELL,XAUUSD,PERIOD_M5,2026.02.20 04:20:00,1771561200156,2026.02.20 04:20:00,SELL,REJECT,M15_NOT_BEARISH,10,4997.10861469,4994.97705281,BULLISH,4994.70,4994.90,4994.80,20.0
P2F4_CANDIDATE_S1,1771569900099_BUY,XAUUSD,PERIOD_M5,2026.02.20 06:45:00,1771569900099,2026.02.20 06:45:00,BUY,REJECT,SIDE_NOT_SELL,10,0.00000000,0.00000000,UNKNOWN,4998.92,4999.03,4998.98,11.0
P2F4_CANDIDATE_S1,1771581300026_SELL,XAUUSD,PERIOD_M5,2026.02.20 09:55:00,1771581300026,2026.02.20 09:55:00,SELL,REJECT,M15_NOT_BEARISH,10,5009.14109732,5001.99611458,BULLISH,5012.02,5012.13,5012.08,11.0
P2F4_CANDIDATE_S1,1771583700023_BUY,XAUUSD,PERIOD_M5,2026.02.20 10:35:00,1771583700023,2026.02.20 10:35:00,BUY,REJECT,SIDE_NOT_SELL,10,0.00000000,0.00000000,UNKNOWN,5021.47,5021.51,5021.49,4.0
P2F4_CANDIDATE_S1,1771590600032_SELL,XAUUSD,PERIOD_M5,2026.02.20 12:30:00,1771590600032,2026.02.20 12:30:00,SELL,REJECT,M15_NOT_BEARISH,10,5020.79690190,5010.44878814,BULLISH,5026.58,5026.63,5026.60,5.0
P2F4_CANDIDATE_S1,1771590900020_BUY,XAUUSD,PERIOD_M5,2026.02.20 12:35:00,1771590900020,2026.02.20 12:35:00,BUY,REJECT,SIDE_NOT_SELL,10,0.00000000,0.00000000,UNKNOWN,5033.50,5033.57,5033.53,7.0
P2F4_CANDIDATE_S1,1771594800178_SELL,XAUUSD,PERIOD_M5,2026.02.20 13:40:00,1771594800178,2026.02.20 13:40:00,SELL,REJECT,M15_NOT_BEARISH,10,5024.48031372,5013.65128350,BULLISH,5026.41,5026.53,5026.47,12.0
P2F4_CANDIDATE_S1,1771600200069_BUY,XAUUSD,PERIOD_M5,2026.02.20 15:10:00,1771600200069,2026.02.20 15:10:00,BUY,REJECT,SIDE_NOT_SELL,10,0.00000000,0.00000000,UNKNOWN,5026.76,5026.89,5026.83,13.0
P2F4_CANDIDATE_S1,1771607700030_SELL,XAUUSD,PERIOD_M5,2026.02.20 17:15:00,1771607700030,2026.02.20 17:15:00,SELL,REJECT,M15_NOT_BEARISH,10,5032.70318956,5022.40070506,BULLISH,5022.67,5022.71,5022.69,4.0
P2F4_CANDIDATE_S1,1771609800067_BUY,XAUUSD,PERIOD_M5,2026.02.20 17:50:00,1771609800067,2026.02.20 17:50:00,BUY,REJECT,SIDE_NOT_SELL,10,0.00000000,0.00000000,UNKNOWN,5047.28,5047.32,5047.30,4.0
P2F4_CANDIDATE_S1,1771827300247_SELL,XAUUSD,PERIOD_M5,2026.02.23 06:15:00,1771827300247,2026.02.23 06:15:00,SELL,REJECT,M15_NOT_BEARISH,10,5151.59309154,5115.75301518,BULLISH,5162.39,5162.49,5162.44,10.0
P2F4_CANDIDATE_S1,1771845300058_BUY,XAUUSD,PERIOD_M5,2026.02.23 11:15:00,1771845300058,2026.02.23 11:15:00,BUY,REJECT,SIDE_NOT_SELL,10,0.00000000,0.00000000,UNKNOWN,5145.98,5146.10,5146.04,12.0
P2F4_CANDIDATE_S1,1771855800010_SELL,XAUUSD,PERIOD_M5,2026.02.23 14:10:00,1771855800010,2026.02.23 14:10:00,SELL,REJECT,M15_NOT_BEARISH,10,5149.45749055,5139.26169474,BULLISH,5149.12,5149.22,5149.17,10.0
P2F4_CANDIDATE_S1,1771857600055_BUY,XAUUSD,PERIOD_M5,2026.02.23 14:40:00,1771857600055,2026.02.23 14:40:00,BUY,REJECT,SIDE_NOT_SELL,10,0.00000000,0.00000000,UNKNOWN,5158.16,5158.33,5158.24,17.0
P2F4_CANDIDATE_S1,1771860600006_SELL,XAUUSD,PERIOD_M5,2026.02.23 15:30:00,1771860600006,2026.02.23 15:30:00,SELL,REJECT,M15_NOT_BEARISH,10,5152.23749889,5142.74772978,BULLISH,5149.84,5149.96,5149.90,12.0
P2F4_CANDIDATE_S1,1771863600000_BUY,XAUUSD,PERIOD_M5,2026.02.23 16:20:00,1771863600000,2026.02.23 16:20:00,BUY,REJECT,SIDE_NOT_SELL,10,0.00000000,0.00000000,UNKNOWN,5159.70,5159.83,5159.76,13.0
P2F4_CANDIDATE_S1,1771899300243_SELL,XAUUSD,PERIOD_M5,2026.02.24 02:15:00,1771899300243,2026.02.24 02:15:00,SELL,REJECT,M15_NOT_BEARISH,10,5225.12140300,5202.12277384,BULLISH,5229.98,5230.07,5230.02,9.0
P2F4_CANDIDATE_S1,1771910400021_BUY,XAUUSD,PERIOD_M5,2026.02.24 05:20:00,1771910400021,2026.02.24 05:20:00,BUY,REJECT,SIDE_NOT_SELL,10,0.00000000,0.00000000,UNKNOWN,5187.24,5187.44,5187.34,20.0
P2F4_CANDIDATE_S1,1771911000195_SELL,XAUUSD,PERIOD_M5,2026.02.24 05:30:00,1771911000195,2026.02.24 05:30:00,SELL,REJECT,M15_NOT_BEARISH,10,5197.13896427,5196.66474445,BULLISH,5182.63,5182.84,5182.74,21.0
P2F4_CANDIDATE_S1,1771919700056_BUY,XAUUSD,PERIOD_M5,2026.02.24 07:55:00,1771919700056,2026.02.24 07:55:00,BUY,REJECT,SIDE_NOT_SELL,10,0.00000000,0.00000000,UNKNOWN,5180.90,5181.01,5180.95,11.0
P2F4_CANDIDATE_S1,1771922100025_SELL,XAUUSD,PERIOD_M5,2026.02.24 08:35:00,1771922100025,2026.02.24 08:35:00,SELL,ELIGIBLE,S1_SELL_M15_BEARISH,10,5180.36005662,5187.57011723,BEARISH,5166.50,5166.54,5166.52,4.0
P2F4_CANDIDATE_S1,1771925400006_BUY,XAUUSD,PERIOD_M5,2026.02.24 09:30:00,1771925400006,2026.02.24 09:30:00,BUY,REJECT,SIDE_NOT_SELL,10,0.00000000,0.00000000,UNKNOWN,5183.47,5183.51,5183.49,4.0
P2F4_CANDIDATE_S1,1771928400011_SELL,XAUUSD,PERIOD_M5,2026.02.24 10:20:00,1771928400011,2026.02.24 10:20:00,SELL,ELIGIBLE,S1_SELL_M15_BEARISH,10,5178.02236271,5184.63440316,BEARISH,5168.61,5168.65,5168.63,4.0
P2F4_CANDIDATE_S1,1771929600059_BUY,XAUUSD,PERIOD_M5,2026.02.24 10:40:00,1771929600059,2026.02.24 10:40:00,BUY,REJECT,SIDE_NOT_SELL,10,0.00000000,0.00000000,UNKNOWN,5178.89,5179.06,5178.98,17.0
P2F4_CANDIDATE_S1,1771930200117_SELL,XAUUSD,PERIOD_M5,2026.02.24 10:50:00,1771930200117,2026.02.24 10:50:00,SELL,ELIGIBLE,S1_SELL_M15_BEARISH,10,5177.06329464,5183.71458746,BEARISH,5172.52,5172.59,5172.56,7.0
P2F4_CANDIDATE_S1,1771931411215_BUY,XAUUSD,PERIOD_M5,2026.02.24 11:10:11,1771931411215,2026.02.24 11:10:00,BUY,REJECT,SIDE_NOT_SELL,10,0.00000000,0.00000000,UNKNOWN,5176.30,5176.63,5176.47,33.0
P2F4_CANDIDATE_S1,1771931700157_SELL,XAUUSD,PERIOD_M5,2026.02.24 11:15:00,1771931700157,2026.02.24 11:15:00,SELL,ELIGIBLE,S1_SELL_M15_BEARISH,10,5176.32296908,5182.89039004,BEARISH,5172.49,5172.66,5172.57,17.0
P2F4_CANDIDATE_S1,1771935600056_BUY,XAUUSD,PERIOD_M5,2026.02.24 12:20:00,1771935600056,2026.02.24 12:20:00,BUY,REJECT,SIDE_NOT_SELL,10,0.00000000,0.00000000,UNKNOWN,5173.94,5174.10,5174.02,16.0
P2F4_CANDIDATE_S1,1771936500014_SELL,XAUUSD,PERIOD_M5,2026.02.24 12:35:00,1771936500014,2026.02.24 12:35:00,SELL,ELIGIBLE,S1_SELL_M15_BEARISH,10,5174.82861984,5180.96933579,BEARISH,5167.28,5167.45,5167.36,17.0
P2F4_CANDIDATE_S1,1771938600033_BUY,XAUUSD,PERIOD_M5,2026.02.24 13:10:00,1771938600033,2026.02.24 13:10:00,BUY,REJECT,SIDE_NOT_SELL,10,0.00000000,0.00000000,UNKNOWN,5173.59,5173.76,5173.68,17.0
P2F4_CANDIDATE_S1,1771941900062_SELL,XAUUSD,PERIOD_M5,2026.02.24 14:05:00,1771941900062,2026.02.24 14:05:00,SELL,ELIGIBLE,S1_SELL_M15_BEARISH,10,5174.63151781,5179.54154348,BEARISH,5169.67,5169.80,5169.74,13.0
P2F4_CANDIDATE_S1,1771953900043_BUY,XAUUSD,PERIOD_M5,2026.02.24 17:25:00,1771953900043,2026.02.24 17:25:00,BUY,REJECT,SIDE_NOT_SELL,10,0.00000000,0.00000000,UNKNOWN,5143.74,5143.86,5143.80,12.0
P2F4_CANDIDATE_S1,1771968000070_SELL,XAUUSD,PERIOD_M5,2026.02.24 21:20:00,1771968000070,2026.02.24 21:20:00,SELL,ELIGIBLE,S1_SELL_M15_BEARISH,10,5154.12792698,5159.09503482,BEARISH,5149.03,5149.16,5149.09,13.0
P2F4_CANDIDATE_S1,1771971900032_BUY,XAUUSD,PERIOD_M5,2026.02.24 22:25:00,1771971900032,2026.02.24 22:25:00,BUY,REJECT,SIDE_NOT_SELL,10,0.00000000,0.00000000,UNKNOWN,5164.98,5165.16,5165.07,18.0
P2F4_CANDIDATE_S1,1771975500019_SELL,XAUUSD,PERIOD_M5,2026.02.24 23:25:00,1771975500019,2026.02.24 23:25:00,SELL,ELIGIBLE,S1_SELL_M15_BEARISH,10,5157.51220874,5159.22650285,BEARISH,5153.88,5154.13,5154.01,25.0
P2F4_CANDIDATE_S1,1771987200015_BUY,XAUUSD,PERIOD_M5,2026.02.25 02:40:00,1771987200015,2026.02.25 02:40:00,BUY,REJECT,SIDE_NOT_SELL,10,0.00000000,0.00000000,UNKNOWN,5152.47,5152.51,5152.49,4.0
P2F4_CANDIDATE_S1,1771999800014_SELL,XAUUSD,PERIOD_M5,2026.02.25 06:10:00,1771999800014,2026.02.25 06:10:00,SELL,REJECT,M15_NOT_BEARISH,10,5173.40910863,5165.33964855,BULLISH,5175.10,5175.22,5175.16,12.0
P2F4_CANDIDATE_S1,1772001000105_BUY,XAUUSD,PERIOD_M5,2026.02.25 06:30:00,1772001000105,2026.02.25 06:30:00,BUY,REJECT,SIDE_NOT_SELL,10,0.00000000,0.00000000,UNKNOWN,5182.97,5183.01,5182.99,4.0
P2F4_CANDIDATE_S1,1772001300108_SELL,XAUUSD,PERIOD_M5,2026.02.25 06:35:00,1772001300108,2026.02.25 06:35:00,SELL,REJECT,M15_NOT_BEARISH,10,5174.97203677,5166.62032917,BULLISH,5181.44,5181.64,5181.54,20.0
P2F4_CANDIDATE_S1,1772001600007_BUY,XAUUSD,PERIOD_M5,2026.02.25 06:40:00,1772001600007,2026.02.25 06:40:00,BUY,REJECT,SIDE_NOT_SELL,10,0.00000000,0.00000000,UNKNOWN,5182.66,5182.70,5182.68,4.0
P2F4_CANDIDATE_S1,1772010300002_SELL,XAUUSD,PERIOD_M5,2026.02.25 09:05:00,1772010300002,2026.02.25 09:05:00,SELL,REJECT,M15_NOT_BEARISH,10,5186.43034270,5175.23534386,BULLISH,5188.60,5188.64,5188.62,4.0
P2F4_CANDIDATE_S1,1772010600010_BUY,XAUUSD,PERIOD_M5,2026.02.25 09:10:00,1772010600010,2026.02.25 09:10:00,BUY,REJECT,SIDE_NOT_SELL,10,0.00000000,0.00000000,UNKNOWN,5193.39,5193.43,5193.41,4.0
P2F4_CANDIDATE_S1,1772010900030_SELL,XAUUSD,PERIOD_M5,2026.02.25 09:15:00,1772010900030,2026.02.25 09:15:00,SELL,REJECT,M15_NOT_BEARISH,10,5186.67602434,5175.77552645,BULLISH,5189.00,5189.04,5189.02,4.0
P2F4_CANDIDATE_S1,1772015400063_BUY,XAUUSD,PERIOD_M5,2026.02.25 10:30:00,1772015400063,2026.02.25 10:30:00,BUY,REJECT,SIDE_NOT_SELL,10,0.00000000,0.00000000,UNKNOWN,5193.61,5193.65,5193.63,4.0
P2F4_CANDIDATE_S1,1772017200006_SELL,XAUUSD,PERIOD_M5,2026.02.25 11:00:00,1772017200006,2026.02.25 11:00:00,SELL,REJECT,M15_NOT_BEARISH,10,5187.68563018,5178.91068138,BULLISH,5185.65,5185.69,5185.67,4.0
P2F4_CANDIDATE_S1,1772019900002_BUY,XAUUSD,PERIOD_M5,2026.02.25 11:45:00,1772019900002,2026.02.25 11:45:00,BUY,REJECT,SIDE_NOT_SELL,10,0.00000000,0.00000000,UNKNOWN,5191.00,5191.06,5191.03,6.0
P2F4_CANDIDATE_S1,1772021400030_SELL,XAUUSD,PERIOD_M5,2026.02.25 12:10:00,1772021400030,2026.02.25 12:10:00,SELL,REJECT,M15_NOT_BEARISH,10,5188.17829285,5180.39333165,BULLISH,5184.47,5184.51,5184.49,4.0
P2F4_CANDIDATE_S1,1772028600087_BUY,XAUUSD,PERIOD_M5,2026.02.25 14:10:00,1772028600087,2026.02.25 14:10:00,BUY,REJECT,SIDE_NOT_SELL,10,0.00000000,0.00000000,UNKNOWN,5180.98,5181.09,5181.03,11.0
P2F4_CANDIDATE_S1,1772037000039_SELL,XAUUSD,PERIOD_M5,2026.02.25 16:30:00,1772037000039,2026.02.25 16:30:00,SELL,REJECT,M15_NOT_BEARISH,10,5182.99752840,5180.70010766,BULLISH,5177.78,5177.87,5177.82,9.0
P2F4_CANDIDATE_S1,1772039100052_BUY,XAUUSD,PERIOD_M5,2026.02.25 17:05:00,1772039100052,2026.02.25 17:05:00,BUY,REJECT,SIDE_NOT_SELL,10,0.00000000,0.00000000,UNKNOWN,5198.77,5198.90,5198.84,13.0
P2F4_CANDIDATE_S1,1772052600032_SELL,XAUUSD,PERIOD_M5,2026.02.25 20:50:00,1772052600032,2026.02.25 20:50:00,SELL,REJECT,M15_NOT_BEARISH,10,5200.19215000,5191.19046911,BULLISH,5201.17,5201.21,5201.19,4.0
P2F4_CANDIDATE_S1,1772073000043_BUY,XAUUSD,PERIOD_M5,2026.02.26 02:30:00,1772073000043,2026.02.26 02:30:00,BUY,REJECT,SIDE_NOT_SELL,10,0.00000000,0.00000000,UNKNOWN,5185.52,5185.56,5185.54,4.0
P2F4_CANDIDATE_S1,1772080500027_SELL,XAUUSD,PERIOD_M5,2026.02.26 04:35:00,1772080500027,2026.02.26 04:35:00,SELL,ELIGIBLE,S1_SELL_M15_BEARISH,10,5182.75745595,5184.70004782,BEARISH,5178.92,5178.96,5178.94,4.0
P2F4_CANDIDATE_S1,1772082600056_BUY,XAUUSD,PERIOD_M5,2026.02.26 05:10:00,1772082600056,2026.02.26 05:10:00,BUY,REJECT,SIDE_NOT_SELL,10,0.00000000,0.00000000,UNKNOWN,5186.02,5186.15,5186.09,13.0
P2F4_CANDIDATE_S1,1772095800084_SELL,XAUUSD,PERIOD_M5,2026.02.26 08:50:00,1772095800084,2026.02.26 08:50:00,SELL,REJECT,M15_NOT_BEARISH,10,5192.72810715,5189.19954832,BULLISH,5192.90,5193.05,5192.98,15.0
P2F4_CANDIDATE_S1,1772106900137_BUY,XAUUSD,PERIOD_M5,2026.02.26 11:55:00,1772106900137,2026.02.26 11:55:00,BUY,REJECT,SIDE_NOT_SELL,10,0.00000000,0.00000000,UNKNOWN,5186.79,5186.93,5186.86,14.0
P2F4_CANDIDATE_S1,1772109300063_SELL,XAUUSD,PERIOD_M5,2026.02.26 12:35:00,1772109300063,2026.02.26 12:35:00,SELL,ELIGIBLE,S1_SELL_M15_BEARISH,10,5185.23934174,5186.60169120,BEARISH,5176.84,5176.88,5176.86,4.0
P2F4_CANDIDATE_S1,1772116500026_BUY,XAUUSD,PERIOD_M5,2026.02.26 14:35:00,1772116500026,2026.02.26 14:35:00,BUY,REJECT,SIDE_NOT_SELL,10,0.00000000,0.00000000,UNKNOWN,5183.00,5183.05,5183.02,5.0
P2F4_CANDIDATE_S1,1772119200066_SELL,XAUUSD,PERIOD_M5,2026.02.26 15:20:00,1772119200066,2026.02.26 15:20:00,SELL,ELIGIBLE,S1_SELL_M15_BEARISH,10,5178.91495494,5182.53889994,BEARISH,5171.74,5171.80,5171.77,6.0
P2F4_CANDIDATE_S1,1772119500026_BUY,XAUUSD,PERIOD_M5,2026.02.26 15:25:00,1772119500026,2026.02.26 15:25:00,BUY,REJECT,SIDE_NOT_SELL,10,0.00000000,0.00000000,UNKNOWN,5178.22,5178.34,5178.28,12.0
P2F4_CANDIDATE_S1,1772119800033_SELL,XAUUSD,PERIOD_M5,2026.02.26 15:30:00,1772119800033,2026.02.26 15:30:00,SELL,ELIGIBLE,S1_SELL_M15_BEARISH,10,5178.50210209,5182.22678622,BEARISH,5174.58,5175.00,5174.79,42.0
P2F4_CANDIDATE_S1,1772128200032_BUY,XAUUSD,PERIOD_M5,2026.02.26 17:50:00,1772128200032,2026.02.26 17:50:00,BUY,REJECT,SIDE_NOT_SELL,10,0.00000000,0.00000000,UNKNOWN,5182.52,5182.59,5182.56,7.0
P2F4_CANDIDATE_S1,1772135100062_SELL,XAUUSD,PERIOD_M5,2026.02.26 19:45:00,1772135100062,2026.02.26 19:45:00,SELL,ELIGIBLE,S1_SELL_M15_BEARISH,10,5174.92113677,5177.56008940,BEARISH,5174.82,5174.90,5174.86,8.0
P2F4_CANDIDATE_S1,1772138700031_BUY,XAUUSD,PERIOD_M5,2026.02.26 20:45:00,1772138700031,2026.02.26 20:45:00,BUY,REJECT,SIDE_NOT_SELL,10,0.00000000,0.00000000,UNKNOWN,5181.12,5181.25,5181.18,13.0
P2F4_CANDIDATE_S1,1772148900107_SELL,XAUUSD,PERIOD_M5,2026.02.26 23:35:00,1772148900107,2026.02.26 23:35:00,SELL,REJECT,M15_NOT_BEARISH,10,5185.91645355,5182.01369208,BULLISH,5184.94,5185.36,5185.15,42.0
P2F4_CANDIDATE_S1,1772159100015_BUY,XAUUSD,PERIOD_M5,2026.02.27 02:25:00,1772159100015,2026.02.27 02:25:00,BUY,REJECT,SIDE_NOT_SELL,10,0.00000000,0.00000000,UNKNOWN,5192.55,5192.61,5192.58,6.0
P2F4_CANDIDATE_S1,1772159700023_SELL,XAUUSD,PERIOD_M5,2026.02.27 02:35:00,1772159700023,2026.02.27 02:35:00,SELL,REJECT,M15_NOT_BEARISH,10,5185.86390779,5183.05137719,BULLISH,5182.20,5182.41,5182.31,21.0
P2F4_CANDIDATE_S1,1772163900044_BUY,XAUUSD,PERIOD_M5,2026.02.27 03:45:00,1772163900044,2026.02.27 03:45:00,BUY,REJECT,SIDE_NOT_SELL,10,0.00000000,0.00000000,UNKNOWN,5188.47,5188.64,5188.56,17.0
P2F4_CANDIDATE_S1,1772167200088_SELL,XAUUSD,PERIOD_M5,2026.02.27 04:40:00,1772167200088,2026.02.27 04:40:00,SELL,REJECT,M15_NOT_BEARISH,10,5185.37790870,5183.33525884,BULLISH,5178.60,5178.64,5178.62,4.0
P2F4_CANDIDATE_S1,1772170500636_BUY,XAUUSD,PERIOD_M5,2026.02.27 05:35:00,1772170500636,2026.02.27 05:35:00,BUY,REJECT,SIDE_NOT_SELL,10,0.00000000,0.00000000,UNKNOWN,5187.79,5187.95,5187.87,16.0
P2F4_CANDIDATE_S1,1772175300001_SELL,XAUUSD,PERIOD_M5,2026.02.27 06:55:00,1772175300001,2026.02.27 06:55:00,SELL,REJECT,M15_NOT_BEARISH,10,5185.54137530,5183.96313465,BULLISH,5183.13,5183.29,5183.21,16.0
P2F4_CANDIDATE_S1,1772177100025_BUY,XAUUSD,PERIOD_M5,2026.02.27 07:25:00,1772177100025,2026.02.27 07:25:00,BUY,REJECT,SIDE_NOT_SELL,10,0.00000000,0.00000000,UNKNOWN,5189.04,5189.13,5189.09,9.0
P2F4_CANDIDATE_S1,1772182800017_SELL,XAUUSD,PERIOD_M5,2026.02.27 09:00:00,1772182800017,2026.02.27 09:00:00,SELL,REJECT,M15_NOT_BEARISH,10,5189.26057763,5186.29401983,BULLISH,5185.67,5185.84,5185.76,17.0
P2F4_CANDIDATE_S1,1772199300135_BUY,XAUUSD,PERIOD_M5,2026.02.27 13:35:00,1772199300135,2026.02.27 13:35:00,BUY,REJECT,SIDE_NOT_SELL,10,0.00000000,0.00000000,UNKNOWN,5178.97,5179.07,5179.02,10.0
P2F4_CANDIDATE_S1,1772219700031_SELL,XAUUSD,PERIOD_M5,2026.02.27 19:15:00,1772219700031,2026.02.27 19:15:00,SELL,REJECT,M15_NOT_BEARISH,10,5223.42258467,5206.68471683,BULLISH,5231.39,5231.49,5231.44,10.0
P2F4_CANDIDATE_S1,1772222100172_BUY,XAUUSD,PERIOD_M5,2026.02.27 19:55:00,1772222100172,2026.02.27 19:55:00,BUY,REJECT,SIDE_NOT_SELL,10,0.00000000,0.00000000,UNKNOWN,5234.95,5235.12,5235.03,17.0
P2F4_CANDIDATE_S1,1772223900053_SELL,XAUUSD,PERIOD_M5,2026.02.27 20:25:00,1772223900053,2026.02.27 20:25:00,SELL,REJECT,M15_NOT_BEARISH,10,5226.61605235,5210.57647699,BULLISH,5228.21,5228.25,5228.23,4.0
P2F4_CANDIDATE_S1,1772225100002_BUY,XAUUSD,PERIOD_M5,2026.02.27 20:45:00,1772225100002,2026.02.27 20:45:00,BUY,REJECT,SIDE_NOT_SELL,10,0.00000000,0.00000000,UNKNOWN,5239.78,5239.92,5239.85,14.0
P2F4_CANDIDATE_S1,1772421000028_SELL,XAUUSD,PERIOD_M5,2026.03.02 03:10:00,1772421000028,2026.03.02 03:10:00,SELL,REJECT,M15_NOT_BEARISH,10,5314.41897675,5268.01684631,BULLISH,5327.43,5327.64,5327.53,21.0
P2F4_CANDIDATE_S1,1772426700084_BUY,XAUUSD,PERIOD_M5,2026.03.02 04:45:00,1772426700084,2026.03.02 04:45:00,BUY,REJECT,SIDE_NOT_SELL,10,0.00000000,0.00000000,UNKNOWN,5350.55,5350.76,5350.66,21.0
P2F4_CANDIDATE_S1,1772435400033_SELL,XAUUSD,PERIOD_M5,2026.03.02 07:10:00,1772435400033,2026.03.02 07:10:00,SELL,REJECT,M15_NOT_BEARISH,10,5343.71502195,5305.86527401,BULLISH,5347.41,5347.62,5347.51,21.0
P2F4_CANDIDATE_S1,1772437500153_BUY,XAUUSD,PERIOD_M5,2026.03.02 07:45:00,1772437500153,2026.03.02 07:45:00,BUY,REJECT,SIDE_NOT_SELL,10,0.00000000,0.00000000,UNKNOWN,5360.78,5360.99,5360.89,21.0
P2F4_CANDIDATE_S1,1772449500035_SELL,XAUUSD,PERIOD_M5,2026.03.02 11:05:00,1772449500035,2026.03.02 11:05:00,SELL,REJECT,M15_NOT_BEARISH,10,5384.44984936,5345.85714879,BULLISH,5392.52,5392.66,5392.59,14.0
P2F4_CANDIDATE_S1,1772458800009_BUY,XAUUSD,PERIOD_M5,2026.03.02 13:40:00,1772458800009,2026.03.02 13:40:00,BUY,REJECT,SIDE_NOT_SELL,10,0.00000000,0.00000000,UNKNOWN,5396.00,5396.10,5396.05,10.0
P2F4_CANDIDATE_S1,1772459100020_SELL,XAUUSD,PERIOD_M5,2026.03.02 13:45:00,1772459100020,2026.03.02 13:45:00,SELL,REJECT,M15_NOT_BEARISH,10,5389.39346821,5362.35727918,BULLISH,5389.20,5389.30,5389.25,10.0
P2F4_CANDIDATE_S1,1772461800040_BUY,XAUUSD,PERIOD_M5,2026.03.02 14:30:00,1772461800040,2026.03.02 14:30:00,BUY,REJECT,SIDE_NOT_SELL,10,0.00000000,0.00000000,UNKNOWN,5394.04,5394.11,5394.07,7.0
P2F4_CANDIDATE_S1,1772467500041_SELL,XAUUSD,PERIOD_M5,2026.03.02 16:05:00,1772467500041,2026.03.02 16:05:00,SELL,REJECT,M15_NOT_BEARISH,10,5391.82826720,5371.70070810,BULLISH,5377.09,5377.16,5377.13,7.0
P2F4_CANDIDATE_S1,1772484900025_BUY,XAUUSD,PERIOD_M5,2026.03.02 20:55:00,1772484900025,2026.03.02 20:55:00,BUY,REJECT,SIDE_NOT_SELL,10,0.00000000,0.00000000,UNKNOWN,5315.44,5315.57,5315.50,13.0
P2F4_CANDIDATE_S1,1772495400108_SELL,XAUUSD,PERIOD_M5,2026.03.02 23:50:00,1772495400108,2026.03.02 23:50:00,SELL,ELIGIBLE,S1_SELL_M15_BEARISH,10,5329.00966178,5337.30292384,BEARISH,5327.23,5327.96,5327.59,73.0
P2F4_CANDIDATE_S1,1772500200008_BUY,XAUUSD,PERIOD_M5,2026.03.03 01:10:00,1772500200008,2026.03.03 01:10:00,BUY,REJECT,SIDE_NOT_SELL,10,0.00000000,0.00000000,UNKNOWN,5337.44,5337.65,5337.55,21.0
P2F4_CANDIDATE_S1,1772510700003_SELL,XAUUSD,PERIOD_M5,2026.03.03 04:05:00,1772510700003,2026.03.03 04:05:00,SELL,REJECT,M15_NOT_BEARISH,10,5346.01038003,5342.59679371,BULLISH,5347.97,5348.12,5348.05,15.0
P2F4_CANDIDATE_S1,1772512800056_BUY,XAUUSD,PERIOD_M5,2026.03.03 04:40:00,1772512800056,2026.03.03 04:40:00,BUY,REJECT,SIDE_NOT_SELL,10,0.00000000,0.00000000,UNKNOWN,5358.78,5358.84,5358.81,6.0
P2F4_CANDIDATE_S1,1772521500006_SELL,XAUUSD,PERIOD_M5,2026.03.03 07:05:00,1772521500006,2026.03.03 07:05:00,SELL,REJECT,M15_NOT_BEARISH,10,5359.47413579,5351.04755200,BULLISH,5362.17,5362.23,5362.20,6.0
P2F4_CANDIDATE_S1,1772531700034_BUY,XAUUSD,PERIOD_M5,2026.03.03 09:55:00,1772531700034,2026.03.03 09:55:00,BUY,REJECT,SIDE_NOT_SELL,10,0.00000000,0.00000000,UNKNOWN,5329.63,5329.67,5329.65,4.0
P2F4_CANDIDATE_S1,1772533800012_SELL,XAUUSD,PERIOD_M5,2026.03.03 10:30:00,1772533800012,2026.03.03 10:30:00,SELL,ELIGIBLE,S1_SELL_M15_BEARISH,10,5330.08152744,5338.61794080,BEARISH,5312.34,5312.43,5312.39,9.0
P2F4_CANDIDATE_S1,1772549400017_BUY,XAUUSD,PERIOD_M5,2026.03.03 14:50:00,1772549400017,2026.03.03 14:50:00,BUY,REJECT,SIDE_NOT_SELL,10,0.00000000,0.00000000,UNKNOWN,5202.42,5202.48,5202.45,6.0
P2F4_CANDIDATE_S1,1772550600012_SELL,XAUUSD,PERIOD_M5,2026.03.03 15:10:00,1772550600012,2026.03.03 15:10:00,SELL,ELIGIBLE,S1_SELL_M15_BEARISH,10,5232.03783200,5279.17638907,BEARISH,5152.70,5152.84,5152.77,14.0
P2F4_CANDIDATE_S1,1772561700036_BUY,XAUUSD,PERIOD_M5,2026.03.03 18:15:00,1772561700036,2026.03.03 18:15:00,BUY,REJECT,SIDE_NOT_SELL,10,0.00000000,0.00000000,UNKNOWN,5108.14,5108.32,5108.23,18.0
P2F4_CANDIDATE_S1,1772566200026_SELL,XAUUSD,PERIOD_M5,2026.03.03 19:30:00,1772566200026,2026.03.03 19:30:00,SELL,ELIGIBLE,S1_SELL_M15_BEARISH,10,5121.03507843,5188.99710217,BEARISH,5083.15,5083.19,5083.17,4.0
P2F4_CANDIDATE_S1,1772569200013_BUY,XAUUSD,PERIOD_M5,2026.03.03 20:20:00,1772569200013,2026.03.03 20:20:00,BUY,REJECT,SIDE_NOT_SELL,10,0.00000000,0.00000000,UNKNOWN,5100.13,5100.29,5100.21,16.0
P2F4_CANDIDATE_S1,1772578200046_SELL,XAUUSD,PERIOD_M5,2026.03.03 22:50:00,1772578200046,2026.03.03 22:50:00,SELL,ELIGIBLE,S1_SELL_M15_BEARISH,10,5115.94226691,5158.02240715,BEARISH,5104.64,5104.82,5104.73,18.0
P2F4_CANDIDATE_S1,1772587200013_BUY,XAUUSD,PERIOD_M5,2026.03.04 01:20:00,1772587200013,2026.03.04 01:20:00,BUY,REJECT,SIDE_NOT_SELL,10,0.00000000,0.00000000,UNKNOWN,5121.85,5122.10,5121.98,25.0
P2F4_CANDIDATE_S1,1772601000125_SELL,XAUUSD,PERIOD_M5,2026.03.04 05:10:00,1772601000125,2026.03.04 05:10:00,SELL,ELIGIBLE,S1_SELL_M15_BEARISH,10,5146.45278538,5148.53687980,BEARISH,5152.52,5152.65,5152.59,13.0
P2F4_CANDIDATE_S1,1772603400006_BUY,XAUUSD,PERIOD_M5,2026.03.04 05:50:00,1772603400006,2026.03.04 05:50:00,BUY,REJECT,SIDE_NOT_SELL,10,0.00000000,0.00000000,UNKNOWN,5166.72,5166.87,5166.80,15.0
P2F4_CANDIDATE_S1,1772607000009_SELL,XAUUSD,PERIOD_M5,2026.03.04 06:50:00,1772607000009,2026.03.04 06:50:00,SELL,REJECT,M15_NOT_BEARISH,10,5156.38582902,5152.78153685,BULLISH,5155.31,5155.50,5155.41,19.0
P2F4_CANDIDATE_S1,1772615100026_BUY,XAUUSD,PERIOD_M5,2026.03.04 09:05:00,1772615100026,2026.03.04 09:05:00,BUY,REJECT,SIDE_NOT_SELL,10,0.00000000,0.00000000,UNKNOWN,5167.32,5167.36,5167.34,4.0
P2F4_CANDIDATE_S1,1772619600027_SELL,XAUUSD,PERIOD_M5,2026.03.04 10:20:00,1772619600027,2026.03.04 10:20:00,SELL,REJECT,M15_NOT_BEARISH,10,5158.69161702,5155.24790928,BULLISH,5154.59,5154.73,5154.66,14.0
P2F4_CANDIDATE_S1,1772620500073_BUY,XAUUSD,PERIOD_M5,2026.03.04 10:35:00,1772620500073,2026.03.04 10:35:00,BUY,REJECT,SIDE_NOT_SELL,10,0.00000000,0.00000000,UNKNOWN,5165.36,5165.50,5165.43,14.0
P2F4_CANDIDATE_S1,1772634300033_SELL,XAUUSD,PERIOD_M5,2026.03.04 14:25:00,1772634300033,2026.03.04 14:25:00,SELL,REJECT,M15_NOT_BEARISH,10,5182.12956240,5169.60106618,BULLISH,5179.30,5179.45,5179.38,15.0
P2F4_CANDIDATE_S1,1772638200057_BUY,XAUUSD,PERIOD_M5,2026.03.04 15:30:00,1772638200057,2026.03.04 15:30:00,BUY,REJECT,SIDE_NOT_SELL,10,0.00000000,0.00000000,UNKNOWN,5192.33,5192.43,5192.38,10.0
P2F4_CANDIDATE_S1,1772640000008_SELL,XAUUSD,PERIOD_M5,2026.03.04 16:00:00,1772640000008,2026.03.04 16:00:00,SELL,REJECT,M15_NOT_BEARISH,10,5181.14800423,5172.13879150,BULLISH,5167.96,5168.07,5168.01,11.0
P2F4_CANDIDATE_S1,1772661600016_BUY,XAUUSD,PERIOD_M5,2026.03.04 22:00:00,1772661600016,2026.03.04 22:00:00,BUY,REJECT,SIDE_NOT_SELL,10,0.00000000,0.00000000,UNKNOWN,5137.85,5137.93,5137.89,8.0
P2F4_CANDIDATE_S1,1772662800108_SELL,XAUUSD,PERIOD_M5,2026.03.04 22:20:00,1772662800108,2026.03.04 22:20:00,SELL,ELIGIBLE,S1_SELL_M15_BEARISH,10,5139.35577858,5151.24417761,BEARISH,5128.15,5128.27,5128.21,12.0
P2F4_CANDIDATE_S1,1772663400070_BUY,XAUUSD,PERIOD_M5,2026.03.04 22:30:00,1772663400070,2026.03.04 22:30:00,BUY,REJECT,SIDE_NOT_SELL,10,0.00000000,0.00000000,UNKNOWN,5137.29,5137.36,5137.32,7.0
P2F4_CANDIDATE_S1,1772692200033_SELL,XAUUSD,PERIOD_M5,2026.03.05 06:30:00,1772692200033,2026.03.05 06:30:00,SELL,REJECT,M15_NOT_BEARISH,10,5174.93056256,5165.00215018,BULLISH,5178.41,5178.59,5178.50,18.0
P2F4_CANDIDATE_S1,1772701800082_BUY,XAUUSD,PERIOD_M5,2026.03.05 09:10:00,1772701800082,2026.03.05 09:10:00,BUY,REJECT,SIDE_NOT_SELL,10,0.00000000,0.00000000,UNKNOWN,5164.90,5165.05,5164.98,15.0
P2F4_CANDIDATE_S1,1772705400131_SELL,XAUUSD,PERIOD_M5,2026.03.05 10:10:00,1772705400131,2026.03.05 10:10:00,SELL,REJECT,M15_NOT_BEARISH,10,5163.75784960,5163.08846147,BULLISH,5148.86,5148.95,5148.90,9.0
P2F4_CANDIDATE_S1,1772707800047_BUY,XAUUSD,PERIOD_M5,2026.03.05 10:50:00,1772707800047,2026.03.05 10:50:00,BUY,REJECT,SIDE_NOT_SELL,10,0.00000000,0.00000000,UNKNOWN,5168.31,5168.37,5168.34,6.0
P2F4_CANDIDATE_S1,1772712300010_SELL,XAUUSD,PERIOD_M5,2026.03.05 12:05:00,1772712300010,2026.03.05 12:05:00,SELL,REJECT,M15_NOT_BEARISH,10,5162.92396306,5162.63326149,BULLISH,5150.04,5150.08,5150.06,4.0
P2F4_CANDIDATE_S1,1772715600063_BUY,XAUUSD,PERIOD_M5,2026.03.05 13:00:00,1772715600063,2026.03.05 13:00:00,BUY,REJECT,SIDE_NOT_SELL,10,0.00000000,0.00000000,UNKNOWN,5164.66,5164.77,5164.72,11.0
P2F4_CANDIDATE_S1,1772723100020_SELL,XAUUSD,PERIOD_M5,2026.03.05 15:05:00,1772723100020,2026.03.05 15:05:00,SELL,REJECT,M15_NOT_BEARISH,10,5162.56858013,5162.40319525,BULLISH,5154.39,5154.49,5154.44,10.0
P2F4_CANDIDATE_S1,1772743500044_BUY,XAUUSD,PERIOD_M5,2026.03.05 20:45:00,1772743500044,2026.03.05 20:45:00,BUY,REJECT,SIDE_NOT_SELL,10,0.00000000,0.00000000,UNKNOWN,5083.25,5083.32,5083.28,7.0
P2F4_CANDIDATE_S1,1772744400016_SELL,XAUUSD,PERIOD_M5,2026.03.05 21:00:00,1772744400016,2026.03.05 21:00:00,SELL,ELIGIBLE,S1_SELL_M15_BEARISH,10,5087.62113271,5115.36568973,BEARISH,5069.51,5069.65,5069.58,14.0
P2F4_CANDIDATE_S1,1772744700014_BUY,XAUUSD,PERIOD_M5,2026.03.05 21:05:00,1772744700014,2026.03.05 21:05:00,BUY,REJECT,SIDE_NOT_SELL,10,0.00000000,0.00000000,UNKNOWN,5078.52,5078.68,5078.60,16.0
P2F4_CANDIDATE_S1,1772745600001_SELL,XAUUSD,PERIOD_M5,2026.03.05 21:20:00,1772745600001,2026.03.05 21:20:00,SELL,ELIGIBLE,S1_SELL_M15_BEARISH,10,5086.27531055,5113.72350581,BEARISH,5070.25,5070.31,5070.28,6.0
P2F4_CANDIDATE_S1,1772749200085_BUY,XAUUSD,PERIOD_M5,2026.03.05 22:20:00,1772749200085,2026.03.05 22:20:00,BUY,REJECT,SIDE_NOT_SELL,10,0.00000000,0.00000000,UNKNOWN,5090.81,5090.96,5090.89,15.0
P2F4_CANDIDATE_S1,1772765100036_SELL,XAUUSD,PERIOD_M5,2026.03.06 02:45:00,1772765100036,2026.03.06 02:45:00,SELL,ELIGIBLE,S1_SELL_M15_BEARISH,10,5084.36735913,5097.53643410,BEARISH,5083.70,5083.79,5083.74,9.0
P2F4_CANDIDATE_S1,1772768100029_BUY,XAUUSD,PERIOD_M5,2026.03.06 03:35:00,1772768100029,2026.03.06 03:35:00,BUY,REJECT,SIDE_NOT_SELL,10,0.00000000,0.00000000,UNKNOWN,5099.17,5099.37,5099.27,20.0
P2F4_CANDIDATE_S1,1772781000011_SELL,XAUUSD,PERIOD_M5,2026.03.06 07:10:00,1772781000011,2026.03.06 07:10:00,SELL,REJECT,M15_NOT_BEARISH,10,5119.11081488,5110.63677844,BULLISH,5122.94,5123.06,5123.00,12.0
P2F4_CANDIDATE_S1,1772804100032_BUY,XAUUSD,PERIOD_M5,2026.03.06 13:35:00,1772804100032,2026.03.06 13:35:00,BUY,REJECT,SIDE_NOT_SELL,10,0.00000000,0.00000000,UNKNOWN,5093.39,5093.47,5093.43,8.0
P2F4_CANDIDATE_S1,1772804700014_SELL,XAUUSD,PERIOD_M5,2026.03.06 13:45:00,1772804700014,2026.03.06 13:45:00,SELL,ELIGIBLE,S1_SELL_M15_BEARISH,10,5097.18968099,5104.30990222,BEARISH,5081.23,5081.39,5081.31,16.0
P2F4_CANDIDATE_S1,1772807700000_BUY,XAUUSD,PERIOD_M5,2026.03.06 14:35:00,1772807700000,2026.03.06 14:35:00,BUY,REJECT,SIDE_NOT_SELL,10,0.00000000,0.00000000,UNKNOWN,5091.37,5091.41,5091.39,4.0
P2F4_CANDIDATE_S1,1772809200011_SELL,XAUUSD,PERIOD_M5,2026.03.06 15:00:00,1772809200011,2026.03.06 15:00:00,SELL,ELIGIBLE,S1_SELL_M15_BEARISH,10,5093.36126292,5101.22185186,BEARISH,5083.44,5083.48,5083.46,4.0
P2F4_CANDIDATE_S1,1772811300002_BUY,XAUUSD,PERIOD_M5,2026.03.06 15:35:00,1772811300002,2026.03.06 15:35:00,BUY,REJECT,SIDE_NOT_SELL,10,0.00000000,0.00000000,UNKNOWN,5123.75,5124.21,5123.98,46.0
P2F4_CANDIDATE_S1,1772815800087_SELL,XAUUSD,PERIOD_M5,2026.03.06 16:50:00,1772815800087,2026.03.06 16:50:00,SELL,ELIGIBLE,S1_SELL_M15_BEARISH,10,5093.80235644,5099.40195947,BEARISH,5090.74,5090.79,5090.76,5.0
P2F4_CANDIDATE_S1,1772816100037_BUY,XAUUSD,PERIOD_M5,2026.03.06 16:55:00,1772816100037,2026.03.06 16:55:00,BUY,REJECT,SIDE_NOT_SELL,10,0.00000000,0.00000000,UNKNOWN,5104.06,5104.10,5104.08,4.0
P2F4_CANDIDATE_S1,1772836200036_SELL,XAUUSD,PERIOD_M5,2026.03.06 22:30:00,1772836200036,2026.03.06 22:30:00,SELL,REJECT,M15_NOT_BEARISH,10,5147.78906932,5130.75143389,BULLISH,5153.78,5153.96,5153.87,18.0
P2F4_CANDIDATE_S1,1772838600037_BUY,XAUUSD,PERIOD_M5,2026.03.06 23:10:00,1772838600037,2026.03.06 23:10:00,BUY,REJECT,SIDE_NOT_SELL,10,0.00000000,0.00000000,UNKNOWN,5162.68,5162.93,5162.81,25.0
P2F4_CANDIDATE_S1,1773018300037_SELL,XAUUSD,PERIOD_M5,2026.03.09 01:05:00,1773018300037,2026.03.09 01:05:00,SELL,REJECT,M15_NOT_BEARISH,10,5155.76140428,5138.02426417,BULLISH,5117.80,5118.06,5117.93,26.0
P2F4_CANDIDATE_S1,1773027900029_BUY,XAUUSD,PERIOD_M5,2026.03.09 03:45:00,1773027900029,2026.03.09 03:45:00,BUY,REJECT,SIDE_NOT_SELL,10,0.00000000,0.00000000,UNKNOWN,5080.33,5080.37,5080.35,4.0
P2F4_CANDIDATE_S1,1773046800000_SELL,XAUUSD,PERIOD_M5,2026.03.09 09:00:00,1773046800000,2026.03.09 09:00:00,SELL,ELIGIBLE,S1_SELL_M15_BEARISH,10,5102.70706938,5105.61172855,BEARISH,5097.71,5097.89,5097.80,18.0
P2F4_CANDIDATE_S1,1773054900028_BUY,XAUUSD,PERIOD_M5,2026.03.09 11:15:00,1773054900028,2026.03.09 11:15:00,BUY,REJECT,SIDE_NOT_SELL,10,0.00000000,0.00000000,UNKNOWN,5112.78,5112.93,5112.85,15.0
P2F4_CANDIDATE_S1,1773059100076_SELL,XAUUSD,PERIOD_M5,2026.03.09 12:25:00,1773059100076,2026.03.09 12:25:00,SELL,ELIGIBLE,S1_SELL_M15_BEARISH,10,5103.92313937,5104.75030262,BEARISH,5102.41,5102.54,5102.48,13.0
P2F4_CANDIDATE_S1,1773066000051_BUY,XAUUSD,PERIOD_M5,2026.03.09 14:20:00,1773066000051,2026.03.09 14:20:00,BUY,REJECT,SIDE_NOT_SELL,10,0.00000000,0.00000000,UNKNOWN,5098.89,5098.93,5098.91,4.0
P2F4_CANDIDATE_S1,1773069300009_SELL,XAUUSD,PERIOD_M5,2026.03.09 15:15:00,1773069300009,2026.03.09 15:15:00,SELL,ELIGIBLE,S1_SELL_M15_BEARISH,10,5097.86013450,5100.93979370,BEARISH,5092.61,5092.78,5092.69,17.0
P2F4_CANDIDATE_S1,1773070500012_BUY,XAUUSD,PERIOD_M5,2026.03.09 15:35:00,1773070500012,2026.03.09 15:35:00,BUY,REJECT,SIDE_NOT_SELL,10,0.00000000,0.00000000,UNKNOWN,5109.20,5109.34,5109.27,14.0
P2F4_CANDIDATE_S1,1773071100047_SELL,XAUUSD,PERIOD_M5,2026.03.09 15:45:00,1773071100047,2026.03.09 15:45:00,SELL,ELIGIBLE,S1_SELL_M15_BEARISH,10,5095.52310330,5099.73395797,BEARISH,5076.09,5076.22,5076.16,13.0
P2F4_CANDIDATE_S1,1773074700029_BUY,XAUUSD,PERIOD_M5,2026.03.09 16:45:00,1773074700029,2026.03.09 16:45:00,BUY,REJECT,SIDE_NOT_SELL,10,0.00000000,0.00000000,UNKNOWN,5112.49,5112.66,5112.57,17.0
P2F4_CANDIDATE_S1,1773076800031_SELL,XAUUSD,PERIOD_M5,2026.03.09 17:20:00,1773076800031,2026.03.09 17:20:00,SELL,ELIGIBLE,S1_SELL_M15_BEARISH,10,5092.59437998,5097.26627164,BEARISH,5084.10,5084.27,5084.19,17.0
P2F4_CANDIDATE_S1,1773077100043_BUY,XAUUSD,PERIOD_M5,2026.03.09 17:25:00,1773077100043,2026.03.09 17:25:00,BUY,REJECT,SIDE_NOT_SELL,10,0.00000000,0.00000000,UNKNOWN,5097.70,5097.90,5097.80,20.0
P2F4_CANDIDATE_S1,1773084600088_SELL,XAUUSD,PERIOD_M5,2026.03.09 19:30:00,1773084600088,2026.03.09 19:30:00,SELL,ELIGIBLE,S1_SELL_M15_BEARISH,10,5097.55044649,5098.38104679,BEARISH,5095.05,5095.22,5095.14,17.0
P2F4_CANDIDATE_S1,1773087900057_BUY,XAUUSD,PERIOD_M5,2026.03.09 20:25:00,1773087900057,2026.03.09 20:25:00,BUY,REJECT,SIDE_NOT_SELL,10,0.00000000,0.00000000,UNKNOWN,5105.92,5106.07,5105.99,15.0
P2F4_CANDIDATE_S1,1773108900000_SELL,XAUUSD,PERIOD_M5,2026.03.10 02:15:00,1773108900000,2026.03.10 02:15:00,SELL,REJECT,M15_NOT_BEARISH,10,5129.98832673,5116.64585005,BULLISH,5136.85,5137.02,5136.94,17.0
P2F4_CANDIDATE_S1,1773112200057_BUY,XAUUSD,PERIOD_M5,2026.03.10 03:10:00,1773112200057,2026.03.10 03:10:00,BUY,REJECT,SIDE_NOT_SELL,10,0.00000000,0.00000000,UNKNOWN,5143.78,5143.98,5143.88,20.0
P2F4_CANDIDATE_S1,1773120900021_SELL,XAUUSD,PERIOD_M5,2026.03.10 05:35:00,1773120900021,2026.03.10 05:35:00,SELL,REJECT,M15_NOT_BEARISH,10,5155.50657042,5135.27159831,BULLISH,5163.83,5164.02,5163.93,19.0
P2F4_CANDIDATE_S1,1773126300006_BUY,XAUUSD,PERIOD_M5,2026.03.10 07:05:00,1773126300006,2026.03.10 07:05:00,BUY,REJECT,SIDE_NOT_SELL,10,0.00000000,0.00000000,UNKNOWN,5168.74,5168.78,5168.76,4.0
P2F4_CANDIDATE_S1,1773134700060_SELL,XAUUSD,PERIOD_M5,2026.03.10 09:25:00,1773134700060,2026.03.10 09:25:00,SELL,REJECT,M15_NOT_BEARISH,10,5168.39201345,5151.28169756,BULLISH,5159.79,5159.91,5159.85,12.0
P2F4_CANDIDATE_S1,1773136200033_BUY,XAUUSD,PERIOD_M5,2026.03.10 09:50:00,1773136200033,2026.03.10 09:50:00,BUY,REJECT,SIDE_NOT_SELL,10,0.00000000,0.00000000,UNKNOWN,5178.57,5178.74,5178.65,17.0
P2F4_CANDIDATE_S1,1773144600021_SELL,XAUUSD,PERIOD_M5,2026.03.10 12:10:00,1773144600021,2026.03.10 12:10:00,SELL,REJECT,M15_NOT_BEARISH,10,5178.65557443,5162.61642591,BULLISH,5182.26,5182.36,5182.31,10.0
P2F4_CANDIDATE_S1,1773148500082_BUY,XAUUSD,PERIOD_M5,2026.03.10 13:15:00,1773148500082,2026.03.10 13:15:00,BUY,REJECT,SIDE_NOT_SELL,10,0.00000000,0.00000000,UNKNOWN,5187.22,5187.36,5187.29,14.0
P2F4_CANDIDATE_S1,1773150600060_SELL,XAUUSD,PERIOD_M5,2026.03.10 13:50:00,1773150600060,2026.03.10 13:50:00,SELL,REJECT,M15_NOT_BEARISH,10,5178.44530381,5166.40110618,BULLISH,5172.52,5172.68,5172.60,16.0
P2F4_CANDIDATE_S1,1773153600092_BUY,XAUUSD,PERIOD_M5,2026.03.10 14:40:00,1773153600092,2026.03.10 14:40:00,BUY,REJECT,SIDE_NOT_SELL,10,0.00000000,0.00000000,UNKNOWN,5180.63,5180.80,5180.72,17.0
P2F4_CANDIDATE_S1,1773173100013_SELL,XAUUSD,PERIOD_M5,2026.03.10 20:05:00,1773173100013,2026.03.10 20:05:00,SELL,REJECT,M15_NOT_BEARISH,10,5218.80252504,5198.28302233,BULLISH,5221.54,5221.71,5221.63,17.0
P2F4_CANDIDATE_S1,1773195600005_BUY,XAUUSD,PERIOD_M5,2026.03.11 02:20:00,1773195600005,2026.03.11 02:20:00,BUY,REJECT,SIDE_NOT_SELL,10,0.00000000,0.00000000,UNKNOWN,5202.80,5202.90,5202.85,10.0
P2F4_CANDIDATE_S1,1773202200031_SELL,XAUUSD,PERIOD_M5,2026.03.11 04:10:00,1773202200031,2026.03.11 04:10:00,SELL,REJECT,M15_NOT_BEARISH,10,5205.99227081,5200.87756809,BULLISH,5197.44,5197.65,5197.55,21.0
P2F4_CANDIDATE_S1,1773204900003_BUY,XAUUSD,PERIOD_M5,2026.03.11 04:55:00,1773204900003,2026.03.11 04:55:00,BUY,REJECT,SIDE_NOT_SELL,10,0.00000000,0.00000000,UNKNOWN,5219.85,5220.05,5219.95,20.0
P2F4_CANDIDATE_S1,1773207600265_SELL,XAUUSD,PERIOD_M5,2026.03.11 05:40:00,1773207600265,2026.03.11 05:40:00,SELL,REJECT,M15_NOT_BEARISH,10,5207.18803454,5202.48543214,BULLISH,5207.80,5208.01,5207.91,21.0
P2F4_CANDIDATE_S1,1773217800088_BUY,XAUUSD,PERIOD_M5,2026.03.11 08:30:00,1773217800088,2026.03.11 08:30:00,BUY,REJECT,SIDE_NOT_SELL,10,0.00000000,0.00000000,UNKNOWN,5206.58,5206.73,5206.65,15.0
P2F4_CANDIDATE_S1,1773218400036_SELL,XAUUSD,PERIOD_M5,2026.03.11 08:40:00,1773218400036,2026.03.11 08:40:00,SELL,REJECT,M15_NOT_BEARISH,10,5205.39898864,5203.33093092,BULLISH,5202.63,5202.80,5202.72,17.0
P2F4_CANDIDATE_S1,1773229500039_BUY,XAUUSD,PERIOD_M5,2026.03.11 11:45:00,1773229500039,2026.03.11 11:45:00,BUY,REJECT,SIDE_NOT_SELL,10,0.00000000,0.00000000,UNKNOWN,5191.65,5191.88,5191.76,23.0
P2F4_CANDIDATE_S1,1773232500125_SELL,XAUUSD,PERIOD_M5,2026.03.11 12:35:00,1773232500125,2026.03.11 12:35:00,SELL,ELIGIBLE,S1_SELL_M15_BEARISH,10,5193.60784469,5197.56960610,BEARISH,5184.35,5184.61,5184.48,26.0
P2F4_CANDIDATE_S1,1773238800032_BUY,XAUUSD,PERIOD_M5,2026.03.11 14:20:00,1773238800032,2026.03.11 14:20:00,BUY,REJECT,SIDE_NOT_SELL,10,0.00000000,0.00000000,UNKNOWN,5194.21,5194.41,5194.31,20.0
P2F4_CANDIDATE_S1,1773240000000_SELL,XAUUSD,PERIOD_M5,2026.03.11 14:40:00,1773240000000,2026.03.11 14:40:00,SELL,ELIGIBLE,S1_SELL_M15_BEARISH,10,5189.38198703,5194.28275851,BEARISH,5177.44,5177.61,5177.52,17.0
P2F4_CANDIDATE_S1,1773245700028_BUY,XAUUSD,PERIOD_M5,2026.03.11 16:15:00,1773245700028,2026.03.11 16:15:00,BUY,REJECT,SIDE_NOT_SELL,10,0.00000000,0.00000000,UNKNOWN,5189.99,5190.16,5190.07,17.0
P2F4_CANDIDATE_S1,1773249300020_SELL,XAUUSD,PERIOD_M5,2026.03.11 17:15:00,1773249300020,2026.03.11 17:15:00,SELL,ELIGIBLE,S1_SELL_M15_BEARISH,10,5182.99135604,5189.01131090,BEARISH,5170.81,5170.95,5170.88,14.0
P2F4_CANDIDATE_S1,1773255900050_BUY,XAUUSD,PERIOD_M5,2026.03.11 19:05:00,1773255900050,2026.03.11 19:05:00,BUY,REJECT,SIDE_NOT_SELL,10,0.00000000,0.00000000,UNKNOWN,5178.32,5178.45,5178.39,13.0
P2F4_CANDIDATE_S1,1773257400001_SELL,XAUUSD,PERIOD_M5,2026.03.11 19:30:00,1773257400001,2026.03.11 19:30:00,SELL,ELIGIBLE,S1_SELL_M15_BEARISH,10,5176.57595431,5183.84647369,BEARISH,5172.09,5172.22,5172.16,13.0
P2F4_CANDIDATE_S1,1773260400048_BUY,XAUUSD,PERIOD_M5,2026.03.11 20:20:00,1773260400048,2026.03.11 20:20:00,BUY,REJECT,SIDE_NOT_SELL,10,0.00000000,0.00000000,UNKNOWN,5176.90,5177.07,5176.98,17.0
P2F4_CANDIDATE_S1,1773273635063_SELL,XAUUSD,PERIOD_M5,2026.03.12 00:00:35,1773273635063,2026.03.12 00:00:00,SELL,ELIGIBLE,S1_SELL_M15_BEARISH,10,5176.25051147,5180.31313833,BEARISH,5178.97,5179.17,5179.07,20.0
P2F4_CANDIDATE_S1,1773273900189_BUY,XAUUSD,PERIOD_M5,2026.03.12 00:05:00,1773273900189,2026.03.12 00:05:00,BUY,REJECT,SIDE_NOT_SELL,10,0.00000000,0.00000000,UNKNOWN,5178.02,5178.24,5178.13,22.0
P2F4_CANDIDATE_S1,1773274200651_SELL,XAUUSD,PERIOD_M5,2026.03.12 00:10:00,1773274200651,2026.03.12 00:10:00,SELL,ELIGIBLE,S1_SELL_M15_BEARISH,10,5176.25051147,5180.31313833,BEARISH,5173.30,5173.46,5173.38,16.0
P2F4_CANDIDATE_S1,1773284100130_BUY,XAUUSD,PERIOD_M5,2026.03.12 02:55:00,1773284100130,2026.03.12 02:55:00,BUY,REJECT,SIDE_NOT_SELL,10,0.00000000,0.00000000,UNKNOWN,5155.02,5155.21,5155.11,19.0
P2F4_CANDIDATE_S1,1773291000076_SELL,XAUUSD,PERIOD_M5,2026.03.12 04:50:00,1773291000076,2026.03.12 04:50:00,SELL,ELIGIBLE,S1_SELL_M15_BEARISH,10,5161.80929434,5168.33021536,BEARISH,5150.63,5150.84,5150.74,21.0
P2F4_CANDIDATE_S1,1773301800059_BUY,XAUUSD,PERIOD_M5,2026.03.12 07:50:00,1773301800059,2026.03.12 07:50:00,BUY,REJECT,SIDE_NOT_SELL,10,0.00000000,0.00000000,UNKNOWN,5156.71,5156.82,5156.76,11.0
P2F4_CANDIDATE_S1,1773321000075_SELL,XAUUSD,PERIOD_M5,2026.03.12 13:10:00,1773321000075,2026.03.12 13:10:00,SELL,REJECT,M15_NOT_BEARISH,10,5176.20900377,5170.23990640,BULLISH,5181.81,5181.98,5181.90,17.0
P2F4_CANDIDATE_S1,1773327300101_BUY,XAUUSD,PERIOD_M5,2026.03.12 14:55:00,1773327300101,2026.03.12 14:55:00,BUY,REJECT,SIDE_NOT_SELL,10,0.00000000,0.00000000,UNKNOWN,5183.81,5183.98,5183.90,17.0
P2F4_CANDIDATE_S1,1773329400022_SELL,XAUUSD,PERIOD_M5,2026.03.12 15:30:00,1773329400022,2026.03.12 15:30:00,SELL,REJECT,M15_NOT_BEARISH,10,5176.51035838,5172.37526636,BULLISH,5171.36,5171.53,5171.44,17.0
P2F4_CANDIDATE_S1,1773361800138_BUY,XAUUSD,PERIOD_M5,2026.03.13 00:30:00,1773361800138,2026.03.13 00:30:00,BUY,REJECT,SIDE_NOT_SELL,10,0.00000000,0.00000000,UNKNOWN,5092.57,5092.73,5092.65,16.0
P2F4_CANDIDATE_S1,1773378300068_SELL,XAUUSD,PERIOD_M5,2026.03.13 05:05:00,1773378300068,2026.03.13 05:05:00,SELL,ELIGIBLE,S1_SELL_M15_BEARISH,10,5110.39553386,5116.84403087,BEARISH,5112.38,5112.53,5112.45,15.0
P2F4_CANDIDATE_S1,1773382200007_BUY,XAUUSD,PERIOD_M5,2026.03.13 06:10:00,1773382200007,2026.03.13 06:10:00,BUY,REJECT,SIDE_NOT_SELL,10,0.00000000,0.00000000,UNKNOWN,5115.30,5115.44,5115.37,14.0
P2F4_CANDIDATE_S1,1773382800013_SELL,XAUUSD,PERIOD_M5,2026.03.13 06:20:00,1773382800013,2026.03.13 06:20:00,SELL,ELIGIBLE,S1_SELL_M15_BEARISH,10,5111.26831821,5116.05002757,BEARISH,5111.38,5111.59,5111.49,21.0
P2F4_CANDIDATE_S1,1773399900042_BUY,XAUUSD,PERIOD_M5,2026.03.13 11:05:00,1773399900042,2026.03.13 11:05:00,BUY,REJECT,SIDE_NOT_SELL,10,0.00000000,0.00000000,UNKNOWN,5093.80,5093.89,5093.85,9.0
P2F4_CANDIDATE_S1,1773417600041_SELL,XAUUSD,PERIOD_M5,2026.03.13 16:00:00,1773417600041,2026.03.13 16:00:00,SELL,REJECT,M15_NOT_BEARISH,10,5102.80854260,5102.38306168,BULLISH,5101.74,5101.78,5101.76,4.0
P2F4_CANDIDATE_S1,1773429900000_BUY,XAUUSD,PERIOD_M5,2026.03.13 19:25:00,1773429900000,2026.03.13 19:25:00,BUY,REJECT,SIDE_NOT_SELL,10,0.00000000,0.00000000,UNKNOWN,5055.03,5055.15,5055.09,12.0
P2F4_CANDIDATE_S1,1773431700027_SELL,XAUUSD,PERIOD_M5,2026.03.13 19:55:00,1773431700027,2026.03.13 19:55:00,SELL,ELIGIBLE,S1_SELL_M15_BEARISH,10,5063.98334069,5080.86376920,BEARISH,5045.80,5045.91,5045.85,11.0
P2F4_CANDIDATE_S1,1773627300035_BUY,XAUUSD,PERIOD_M5,2026.03.16 02:15:00,1773627300035,2026.03.16 02:15:00,BUY,REJECT,SIDE_NOT_SELL,10,0.00000000,0.00000000,UNKNOWN,5022.59,5022.77,5022.68,18.0
P2F4_CANDIDATE_S1,1773630900002_SELL,XAUUSD,PERIOD_M5,2026.03.16 03:15:00,1773630900002,2026.03.16 03:15:00,SELL,ELIGIBLE,S1_SELL_M15_BEARISH,10,5017.26159725,5039.82858472,BEARISH,4986.51,4986.70,4986.60,19.0
P2F4_CANDIDATE_S1,1773634200009_BUY,XAUUSD,PERIOD_M5,2026.03.16 04:10:00,1773634200009,2026.03.16 04:10:00,BUY,REJECT,SIDE_NOT_SELL,10,0.00000000,0.00000000,UNKNOWN,5013.66,5013.87,5013.76,21.0
P2F4_CANDIDATE_S1,1773636300021_SELL,XAUUSD,PERIOD_M5,2026.03.16 04:45:00,1773636300021,2026.03.16 04:45:00,SELL,ELIGIBLE,S1_SELL_M15_BEARISH,10,5013.04736392,5032.91398799,BEARISH,5006.02,5006.12,5006.07,10.0
P2F4_CANDIDATE_S1,1773639600027_BUY,XAUUSD,PERIOD_M5,2026.03.16 05:40:00,1773639600027,2026.03.16 05:40:00,BUY,REJECT,SIDE_NOT_SELL,10,0.00000000,0.00000000,UNKNOWN,5013.79,5013.83,5013.81,4.0
P2F4_CANDIDATE_S1,1773645000144_SELL,XAUUSD,PERIOD_M5,2026.03.16 07:10:00,1773645000144,2026.03.16 07:10:00,SELL,ELIGIBLE,S1_SELL_M15_BEARISH,10,5014.40409742,5027.40778476,BEARISH,5012.70,5012.83,5012.76,13.0
P2F4_CANDIDATE_S1,1773647700096_BUY,XAUUSD,PERIOD_M5,2026.03.16 07:55:00,1773647700096,2026.03.16 07:55:00,BUY,REJECT,SIDE_NOT_SELL,10,0.00000000,0.00000000,UNKNOWN,5020.06,5020.11,5020.09,5.0
P2F4_CANDIDATE_S1,1773651600077_SELL,XAUUSD,PERIOD_M5,2026.03.16 09:00:00,1773651600077,2026.03.16 09:00:00,SELL,ELIGIBLE,S1_SELL_M15_BEARISH,10,5016.88091043,5025.00060793,BEARISH,5012.16,5012.34,5012.25,18.0
P2F4_CANDIDATE_S1,1773665400067_BUY,XAUUSD,PERIOD_M5,2026.03.16 12:50:00,1773665400067,2026.03.16 12:50:00,BUY,REJECT,SIDE_NOT_SELL,10,0.00000000,0.00000000,UNKNOWN,4994.72,4994.76,4994.74,4.0
P2F4_CANDIDATE_S1,1773678900026_SELL,XAUUSD,PERIOD_M5,2026.03.16 16:35:00,1773678900026,2026.03.16 16:35:00,SELL,REJECT,M15_NOT_BEARISH,10,5013.86115366,5012.80387400,BULLISH,5010.93,5011.02,5010.98,9.0
P2F4_CANDIDATE_S1,1773688800064_BUY,XAUUSD,PERIOD_M5,2026.03.16 19:20:00,1773688800064,2026.03.16 19:20:00,BUY,REJECT,SIDE_NOT_SELL,10,0.00000000,0.00000000,UNKNOWN,5001.13,5001.25,5001.19,12.0
P2F4_CANDIDATE_S1,1773690000072_SELL,XAUUSD,PERIOD_M5,2026.03.16 19:40:00,1773690000072,2026.03.16 19:40:00,SELL,ELIGIBLE,S1_SELL_M15_BEARISH,10,4999.47439116,5005.40966427,BEARISH,4986.44,4986.64,4986.54,20.0
P2F4_CANDIDATE_S1,1773692100063_BUY,XAUUSD,PERIOD_M5,2026.03.16 20:15:00,1773692100063,2026.03.16 20:15:00,BUY,REJECT,SIDE_NOT_SELL,10,0.00000000,0.00000000,UNKNOWN,4998.93,4999.10,4999.02,17.0
P2F4_CANDIDATE_S1,1773701700097_SELL,XAUUSD,PERIOD_M5,2026.03.16 22:55:00,1773701700097,2026.03.16 22:55:00,SELL,REJECT,M15_NOT_BEARISH,10,5006.82202315,5006.61590699,BULLISH,5006.28,5006.55,5006.41,27.0
P2F4_CANDIDATE_S1,1773711000086_BUY,XAUUSD,PERIOD_M5,2026.03.17 01:30:00,1773711000086,2026.03.17 01:30:00,BUY,REJECT,SIDE_NOT_SELL,10,0.00000000,0.00000000,UNKNOWN,5009.43,5009.76,5009.60,33.0
P2F4_CANDIDATE_S1,1773714300021_SELL,XAUUSD,PERIOD_M5,2026.03.17 02:25:00,1773714300021,2026.03.17 02:25:00,SELL,REJECT,M15_NOT_BEARISH,10,5006.66515034,5006.46795586,BULLISH,5004.54,5004.70,5004.62,16.0
P2F4_CANDIDATE_S1,1773717600219_BUY,XAUUSD,PERIOD_M5,2026.03.17 03:20:00,1773717600219,2026.03.17 03:20:00,BUY,REJECT,SIDE_NOT_SELL,10,0.00000000,0.00000000,UNKNOWN,5008.81,5009.02,5008.92,21.0
P2F4_CANDIDATE_S1,1773734100051_SELL,XAUUSD,PERIOD_M5,2026.03.17 07:55:00,1773734100051,2026.03.17 07:55:00,SELL,REJECT,M15_NOT_BEARISH,10,5027.37306739,5018.39834583,BULLISH,5026.77,5026.94,5026.85,17.0
P2F4_CANDIDATE_S1,1773740400060_BUY,XAUUSD,PERIOD_M5,2026.03.17 09:40:00,1773740400060,2026.03.17 09:40:00,BUY,REJECT,SIDE_NOT_SELL,10,0.00000000,0.00000000,UNKNOWN,5026.83,5026.96,5026.90,13.0
P2F4_CANDIDATE_S1,1773746100023_SELL,XAUUSD,PERIOD_M5,2026.03.17 11:15:00,1773746100023,2026.03.17 11:15:00,SELL,REJECT,M15_NOT_BEARISH,10,5020.81917113,5018.30179333,BULLISH,5013.84,5013.99,5013.91,15.0
P2F4_CANDIDATE_S1,1773755400060_BUY,XAUUSD,PERIOD_M5,2026.03.17 13:50:00,1773755400060,2026.03.17 13:50:00,BUY,REJECT,SIDE_NOT_SELL,10,0.00000000,0.00000000,UNKNOWN,5009.65,5009.82,5009.73,17.0
P2F4_CANDIDATE_S1,1773756000030_SELL,XAUUSD,PERIOD_M5,2026.03.17 14:00:00,1773756000030,2026.03.17 14:00:00,SELL,ELIGIBLE,S1_SELL_M15_BEARISH,10,5010.90745782,5014.06292286,BEARISH,5003.25,5003.42,5003.34,17.0
P2F4_CANDIDATE_S1,1773757200009_BUY,XAUUSD,PERIOD_M5,2026.03.17 14:20:00,1773757200009,2026.03.17 14:20:00,BUY,REJECT,SIDE_NOT_SELL,10,0.00000000,0.00000000,UNKNOWN,5013.02,5013.19,5013.10,17.0
P2F4_CANDIDATE_S1,1773764700021_SELL,XAUUSD,PERIOD_M5,2026.03.17 16:25:00,1773764700021,2026.03.17 16:25:00,SELL,ELIGIBLE,S1_SELL_M15_BEARISH,10,5014.56963338,5014.88312412,BEARISH,5009.56,5009.73,5009.65,17.0
P2F4_CANDIDATE_S1,1773774300041_BUY,XAUUSD,PERIOD_M5,2026.03.17 19:05:00,1773774300041,2026.03.17 19:05:00,BUY,REJECT,SIDE_NOT_SELL,10,0.00000000,0.00000000,UNKNOWN,5004.92,5005.09,5005.01,17.0
P2F4_CANDIDATE_S1,1773777000002_SELL,XAUUSD,PERIOD_M5,2026.03.17 19:50:00,1773777000002,2026.03.17 19:50:00,SELL,ELIGIBLE,S1_SELL_M15_BEARISH,10,5004.26669472,5009.02559423,BEARISH,4999.77,4999.94,4999.85,17.0
P2F4_CANDIDATE_S1,1773777900002_BUY,XAUUSD,PERIOD_M5,2026.03.17 20:05:00,1773777900002,2026.03.17 20:05:00,BUY,REJECT,SIDE_NOT_SELL,10,0.00000000,0.00000000,UNKNOWN,5006.00,5006.17,5006.09,17.0
P2F4_CANDIDATE_S1,1773782400069_SELL,XAUUSD,PERIOD_M5,2026.03.17 21:20:00,1773782400069,2026.03.17 21:20:00,SELL,ELIGIBLE,S1_SELL_M15_BEARISH,10,5003.90878792,5007.85557286,BEARISH,5000.65,5000.82,5000.73,17.0
P2F4_CANDIDATE_S1,1773785700066_BUY,XAUUSD,PERIOD_M5,2026.03.17 22:15:00,1773785700066,2026.03.17 22:15:00,BUY,REJECT,SIDE_NOT_SELL,10,0.00000000,0.00000000,UNKNOWN,5003.72,5003.97,5003.85,25.0
P2F4_CANDIDATE_S1,1773792600866_SELL,XAUUSD,PERIOD_M5,2026.03.18 00:10:00,1773792600866,2026.03.18 00:10:00,SELL,ELIGIBLE,S1_SELL_M15_BEARISH,10,5003.49262431,5006.63703096,BEARISH,5001.09,5001.25,5001.17,16.0
P2F4_CANDIDATE_S1,1773798300125_BUY,XAUUSD,PERIOD_M5,2026.03.18 01:45:00,1773798300125,2026.03.18 01:45:00,BUY,REJECT,SIDE_NOT_SELL,10,0.00000000,0.00000000,UNKNOWN,5002.27,5002.52,5002.40,25.0
P2F4_CANDIDATE_S1,1773805800012_SELL,XAUUSD,PERIOD_M5,2026.03.18 03:50:00,1773805800012,2026.03.18 03:50:00,SELL,ELIGIBLE,S1_SELL_M15_BEARISH,10,5003.98070896,5005.25142076,BEARISH,4998.93,4999.14,4999.03,21.0
P2F4_CANDIDATE_S1,1773819600101_BUY,XAUUSD,PERIOD_M5,2026.03.18 07:40:00,1773819600101,2026.03.18 07:40:00,BUY,REJECT,SIDE_NOT_SELL,10,0.00000000,0.00000000,UNKNOWN,4997.33,4997.50,4997.41,17.0
P2F4_CANDIDATE_S1,1773827400048_SELL,XAUUSD,PERIOD_M5,2026.03.18 09:50:00,1773827400048,2026.03.18 09:50:00,SELL,REJECT,M15_NOT_BEARISH,10,5001.78821087,5001.73425566,BULLISH,4995.74,4995.91,4995.82,17.0
P2F4_CANDIDATE_S1,1773858300003_BUY,XAUUSD,PERIOD_M5,2026.03.18 18:25:00,1773858300003,2026.03.18 18:25:00,BUY,REJECT,SIDE_NOT_SELL,10,0.00000000,0.00000000,UNKNOWN,4877.92,4878.10,4878.01,18.0
P2F4_CANDIDATE_S1,1773866100059_SELL,XAUUSD,PERIOD_M5,2026.03.18 20:35:00,1773866100059,2026.03.18 20:35:00,SELL,ELIGIBLE,S1_SELL_M15_BEARISH,10,4889.03384483,4918.23536432,BEARISH,4877.00,4877.17,4877.09,17.0
P2F4_CANDIDATE_S1,1773882300053_BUY,XAUUSD,PERIOD_M5,2026.03.19 01:05:00,1773882300053,2026.03.19 01:05:00,BUY,REJECT,SIDE_NOT_SELL,10,0.00000000,0.00000000,UNKNOWN,4833.60,4833.85,4833.73,25.0
P2F4_CANDIDATE_S1,1773900000002_SELL,XAUUSD,PERIOD_M5,2026.03.19 06:00:00,1773900000002,2026.03.19 06:00:00,SELL,ELIGIBLE,S1_SELL_M15_BEARISH,10,4851.60932239,4864.49997010,BEARISH,4850.86,4851.07,4850.97,21.0
P2F4_CANDIDATE_S1,1773936600053_BUY,XAUUSD,PERIOD_M5,2026.03.19 16:10:00,1773936600053,2026.03.19 16:10:00,BUY,REJECT,SIDE_NOT_SELL,10,0.00000000,0.00000000,UNKNOWN,4625.44,4625.61,4625.52,17.0
P2F4_CANDIDATE_S1,1773941700023_SELL,XAUUSD,PERIOD_M5,2026.03.19 17:35:00,1773941700023,2026.03.19 17:35:00,SELL,ELIGIBLE,S1_SELL_M15_BEARISH,10,4625.95867919,4693.45299228,BEARISH,4579.56,4579.73,4579.65,17.0
P2F4_CANDIDATE_S1,1773944100012_BUY,XAUUSD,PERIOD_M5,2026.03.19 18:15:00,1773944100012,2026.03.19 18:15:00,BUY,REJECT,SIDE_NOT_SELL,10,0.00000000,0.00000000,UNKNOWN,4604.96,4605.13,4605.05,17.0
P2F4_CANDIDATE_S1,1773945300027_SELL,XAUUSD,PERIOD_M5,2026.03.19 18:35:00,1773945300027,2026.03.19 18:35:00,SELL,ELIGIBLE,S1_SELL_M15_BEARISH,10,4615.49355655,4678.68494356,BEARISH,4593.69,4593.86,4593.77,17.0
P2F4_CANDIDATE_S1,1773948900034_BUY,XAUUSD,PERIOD_M5,2026.03.19 19:35:00,1773948900034,2026.03.19 19:35:00,BUY,REJECT,SIDE_NOT_SELL,10,0.00000000,0.00000000,UNKNOWN,4606.52,4606.69,4606.60,17.0
P2F4_CANDIDATE_S1,1773968400028_SELL,XAUUSD,PERIOD_M5,2026.03.20 01:00:00,1773968400028,2026.03.20 01:00:00,SELL,ELIGIBLE,S1_SELL_M15_BEARISH,10,4639.22957168,4653.38360882,BEARISH,4636.47,4636.62,4636.55,15.0
P2F4_CANDIDATE_S1,1773972600023_BUY,XAUUSD,PERIOD_M5,2026.03.20 02:10:00,1773972600023,2026.03.20 02:10:00,BUY,REJECT,SIDE_NOT_SELL,10,0.00000000,0.00000000,UNKNOWN,4656.95,4657.16,4657.06,21.0
P2F4_CANDIDATE_S1,1773992100078_SELL,XAUUSD,PERIOD_M5,2026.03.20 07:35:00,1773992100078,2026.03.20 07:35:00,SELL,REJECT,M15_NOT_BEARISH,10,4701.10096077,4680.33658347,BULLISH,4702.81,4702.98,4702.90,17.0
P2F4_CANDIDATE_S1,1774000200055_BUY,XAUUSD,PERIOD_M5,2026.03.20 09:50:00,1774000200055,2026.03.20 09:50:00,BUY,REJECT,SIDE_NOT_SELL,10,0.00000000,0.00000000,UNKNOWN,4697.91,4698.09,4698.00,18.0
P2F4_CANDIDATE_S1,1774004700029_SELL,XAUUSD,PERIOD_M5,2026.03.20 11:05:00,1774004700029,2026.03.20 11:05:00,SELL,REJECT,M15_NOT_BEARISH,10,4698.30279301,4686.84432289,BULLISH,4687.20,4687.38,4687.29,18.0
P2F4_CANDIDATE_S1,1774015200007_BUY,XAUUSD,PERIOD_M5,2026.03.20 14:00:00,1774015200007,2026.03.20 14:00:00,BUY,REJECT,SIDE_NOT_SELL,10,0.00000000,0.00000000,UNKNOWN,4671.65,4671.82,4671.73,17.0
P2F4_CANDIDATE_S1,1774019700066_SELL,XAUUSD,PERIOD_M5,2026.03.20 15:15:00,1774019700066,2026.03.20 15:15:00,SELL,ELIGIBLE,S1_SELL_M15_BEARISH,10,4675.30155943,4678.61105287,BEARISH,4662.09,4662.27,4662.18,18.0
P2F4_CANDIDATE_S1,1774031100007_BUY,XAUUSD,PERIOD_M5,2026.03.20 18:25:00,1774031100007,2026.03.20 18:25:00,BUY,REJECT,SIDE_NOT_SELL,10,0.00000000,0.00000000,UNKNOWN,4596.63,4596.80,4596.72,17.0
P2F4_CANDIDATE_S1,1774034700037_SELL,XAUUSD,PERIOD_M5,2026.03.20 19:25:00,1774034700037,2026.03.20 19:25:00,SELL,ELIGIBLE,S1_SELL_M15_BEARISH,10,4600.56390578,4634.17837441,BEARISH,4570.03,4570.21,4570.12,18.0
P2F4_CANDIDATE_S1,1774225500148_BUY,XAUUSD,PERIOD_M5,2026.03.23 00:25:00,1774225500148,2026.03.23 00:25:00,BUY,REJECT,SIDE_NOT_SELL,10,0.00000000,0.00000000,UNKNOWN,4527.53,4527.69,4527.61,16.0
P2F4_CANDIDATE_S1,1774227600025_SELL,XAUUSD,PERIOD_M5,2026.03.23 01:00:00,1774227600025,2026.03.23 01:00:00,SELL,ELIGIBLE,S1_SELL_M15_BEARISH,10,4525.54587008,4571.95909446,BEARISH,4498.05,4498.30,4498.18,25.0
P2F4_CANDIDATE_S1,1774237500139_BUY,XAUUSD,PERIOD_M5,2026.03.23 03:45:00,1774237500139,2026.03.23 03:45:00,BUY,REJECT,SIDE_NOT_SELL,10,0.00000000,0.00000000,UNKNOWN,4435.45,4435.66,4435.56,21.0
P2F4_CANDIDATE_S1,1774237800019_SELL,XAUUSD,PERIOD_M5,2026.03.23 03:50:00,1774237800019,2026.03.23 03:50:00,SELL,ELIGIBLE,S1_SELL_M15_BEARISH,10,4458.80340469,4521.54380364,BEARISH,4412.87,4413.09,4412.98,22.0
P2F4_CANDIDATE_S1,1774248300034_BUY,XAUUSD,PERIOD_M5,2026.03.23 06:45:00,1774248300034,2026.03.23 06:45:00,BUY,REJECT,SIDE_NOT_SELL,10,0.00000000,0.00000000,UNKNOWN,4375.29,4375.50,4375.40,21.0
P2F4_CANDIDATE_S1,1774248900012_SELL,XAUUSD,PERIOD_M5,2026.03.23 06:55:00,1774248900012,2026.03.23 06:55:00,SELL,ELIGIBLE,S1_SELL_M15_BEARISH,10,4394.24196718,4462.99152127,BEARISH,4354.22,4354.42,4354.32,20.0
P2F4_CANDIDATE_S1,1774249800002_BUY,XAUUSD,PERIOD_M5,2026.03.23 07:10:00,1774249800002,2026.03.23 07:10:00,BUY,REJECT,SIDE_NOT_SELL,10,0.00000000,0.00000000,UNKNOWN,4374.57,4374.61,4374.59,4.0
P2F4_CANDIDATE_S1,1774250700030_SELL,XAUUSD,PERIOD_M5,2026.03.23 07:25:00,1774250700030,2026.03.23 07:25:00,SELL,ELIGIBLE,S1_SELL_M15_BEARISH,10,4389.86619082,4455.84432241,BEARISH,4354.42,4354.60,4354.51,18.0
P2F4_CANDIDATE_S1,1774261200028_BUY,XAUUSD,PERIOD_M5,2026.03.23 10:20:00,1774261200028,2026.03.23 10:20:00,BUY,REJECT,SIDE_NOT_SELL,10,0.00000000,0.00000000,UNKNOWN,4219.74,4219.92,4219.83,18.0
P2F4_CANDIDATE_S1,1774287300014_SELL,XAUUSD,PERIOD_M5,2026.03.23 17:35:00,1774287300014,2026.03.23 17:35:00,SELL,REJECT,M15_NOT_BEARISH,10,4416.90086902,4387.33990111,BULLISH,4433.31,4433.49,4433.40,18.0
P2F4_CANDIDATE_S1,1774294500000_BUY,XAUUSD,PERIOD_M5,2026.03.23 19:35:00,1774294500000,2026.03.23 19:35:00,BUY,REJECT,SIDE_NOT_SELL,10,0.00000000,0.00000000,UNKNOWN,4428.74,4428.91,4428.82,17.0
P2F4_CANDIDATE_S1,1774301100047_SELL,XAUUSD,PERIOD_M5,2026.03.23 21:25:00,1774301100047,2026.03.23 21:25:00,SELL,REJECT,M15_NOT_BEARISH,10,4415.30149469,4397.34837861,BULLISH,4402.58,4402.76,4402.67,18.0
P2F4_CANDIDATE_S1,1774313400324_BUY,XAUUSD,PERIOD_M5,2026.03.24 00:50:00,1774313400324,2026.03.24 00:50:00,BUY,REJECT,SIDE_NOT_SELL,10,0.00000000,0.00000000,UNKNOWN,4413.80,4413.95,4413.88,15.0
P2F4_CANDIDATE_S1,1774319100054_SELL,XAUUSD,PERIOD_M5,2026.03.24 02:25:00,1774319100054,2026.03.24 02:25:00,SELL,REJECT,M15_NOT_BEARISH,10,4420.48625659,4407.56193598,BULLISH,4406.17,4406.38,4406.27,21.0
P2F4_CANDIDATE_S1,1774327800002_BUY,XAUUSD,PERIOD_M5,2026.03.24 04:50:00,1774327800002,2026.03.24 04:50:00,BUY,REJECT,SIDE_NOT_SELL,10,0.00000000,0.00000000,UNKNOWN,4363.80,4364.01,4363.91,21.0
P2F4_CANDIDATE_S1,1774330800114_SELL,XAUUSD,PERIOD_M5,2026.03.24 05:40:00,1774330800114,2026.03.24 05:40:00,SELL,ELIGIBLE,S1_SELL_M15_BEARISH,10,4369.54530878,4383.99053164,BEARISH,4342.09,4342.30,4342.19,21.0
P2F4_CANDIDATE_S1,1774338600042_BUY,XAUUSD,PERIOD_M5,2026.03.24 07:50:00,1774338600042,2026.03.24 07:50:00,BUY,REJECT,SIDE_NOT_SELL,10,0.00000000,0.00000000,UNKNOWN,4363.36,4363.54,4363.45,18.0
P2F4_CANDIDATE_S1,1774358700015_SELL,XAUUSD,PERIOD_M5,2026.03.24 13:25:00,1774358700015,2026.03.24 13:25:00,SELL,REJECT,M15_NOT_BEARISH,10,4408.71319396,4394.40901511,BULLISH,4415.95,4416.12,4416.03,17.0
P2F4_CANDIDATE_S1,1774359300001_BUY,XAUUSD,PERIOD_M5,2026.03.24 13:35:00,1774359300001,2026.03.24 13:35:00,BUY,REJECT,SIDE_NOT_SELL,10,0.00000000,0.00000000,UNKNOWN,4427.65,4427.82,4427.73,17.0
P2F4_CANDIDATE_S1,1774360500005_SELL,XAUUSD,PERIOD_M5,2026.03.24 13:55:00,1774360500005,2026.03.24 13:55:00,SELL,REJECT,M15_NOT_BEARISH,10,4410.35737646,4396.19561141,BULLISH,4400.71,4400.89,4400.80,18.0
P2F4_CANDIDATE_S1,1774368900026_BUY,XAUUSD,PERIOD_M5,2026.03.24 16:15:00,1774368900026,2026.03.24 16:15:00,BUY,REJECT,SIDE_NOT_SELL,10,0.00000000,0.00000000,UNKNOWN,4395.13,4395.31,4395.22,18.0
P2F4_CANDIDATE_S1,1774379400004_SELL,XAUUSD,PERIOD_M5,2026.03.24 19:10:00,1774379400004,2026.03.24 19:10:00,SELL,REJECT,M15_NOT_BEARISH,10,4409.14311641,4400.83855658,BULLISH,4391.90,4392.07,4391.98,17.0
P2F4_CANDIDATE_S1,1774384500006_BUY,XAUUSD,PERIOD_M5,2026.03.24 20:35:00,1774384500006,2026.03.24 20:35:00,BUY,REJECT,SIDE_NOT_SELL,10,0.00000000,0.00000000,UNKNOWN,4414.49,4414.66,4414.57,17.0
P2F4_CANDIDATE_S1,1774386000005_SELL,XAUUSD,PERIOD_M5,2026.03.24 21:00:00,1774386000005,2026.03.24 21:00:00,SELL,REJECT,M15_NOT_BEARISH,10,4400.83057296,4398.94082670,BULLISH,4389.45,4389.62,4389.53,17.0
P2F4_CANDIDATE_S1,1774386600010_BUY,XAUUSD,PERIOD_M5,2026.03.24 21:10:00,1774386600010,2026.03.24 21:10:00,BUY,REJECT,SIDE_NOT_SELL,10,0.00000000,0.00000000,UNKNOWN,4404.58,4404.75,4404.66,17.0
P2F4_CANDIDATE_S1,1774389900046_SELL,XAUUSD,PERIOD_M5,2026.03.24 22:05:00,1774389900046,2026.03.24 22:05:00,SELL,REJECT,M15_NOT_BEARISH,10,4401.59362364,4399.58275914,BULLISH,4399.48,4399.73,4399.60,25.0
P2F4_CANDIDATE_S1,1774390800008_BUY,XAUUSD,PERIOD_M5,2026.03.24 22:20:00,1774390800008,2026.03.24 22:20:00,BUY,REJECT,SIDE_NOT_SELL,10,0.00000000,0.00000000,UNKNOWN,4409.71,4409.96,4409.84,25.0
P2F4_CANDIDATE_S1,1774416300026_SELL,XAUUSD,PERIOD_M5,2026.03.25 05:25:00,1774416300026,2026.03.25 05:25:00,SELL,REJECT,M15_NOT_BEARISH,10,4548.50787730,4491.38869786,BULLISH,4577.20,4577.41,4577.31,21.0
P2F4_CANDIDATE_S1,1774431000052_BUY,XAUUSD,PERIOD_M5,2026.03.25 09:30:00,1774431000052,2026.03.25 09:30:00,BUY,REJECT,SIDE_NOT_SELL,10,0.00000000,0.00000000,UNKNOWN,4561.16,4561.33,4561.24,17.0
P2F4_CANDIDATE_S1,1774431600037_SELL,XAUUSD,PERIOD_M5,2026.03.25 09:40:00,1774431600037,2026.03.25 09:40:00,SELL,REJECT,M15_NOT_BEARISH,10,4556.18950166,4525.29989270,BULLISH,4547.01,4547.18,4547.10,17.0
P2F4_CANDIDATE_S1,1774434000042_BUY,XAUUSD,PERIOD_M5,2026.03.25 10:20:00,1774434000042,2026.03.25 10:20:00,BUY,REJECT,SIDE_NOT_SELL,10,0.00000000,0.00000000,UNKNOWN,4563.29,4563.46,4563.38,17.0
P2F4_CANDIDATE_S1,1774439100013_SELL,XAUUSD,PERIOD_M5,2026.03.25 11:45:00,1774439100013,2026.03.25 11:45:00,SELL,REJECT,M15_NOT_BEARISH,10,4556.37862837,4534.63860796,BULLISH,4550.83,4551.00,4550.91,17.0
P2F4_CANDIDATE_S1,1774443300037_BUY,XAUUSD,PERIOD_M5,2026.03.25 12:55:00,1774443300037,2026.03.25 12:55:00,BUY,REJECT,SIDE_NOT_SELL,10,0.00000000,0.00000000,UNKNOWN,4561.48,4561.67,4561.57,19.0
P2F4_CANDIDATE_S1,1774449000026_SELL,XAUUSD,PERIOD_M5,2026.03.25 14:30:00,1774449000026,2026.03.25 14:30:00,SELL,REJECT,M15_NOT_BEARISH,10,4562.69212239,4545.43907221,BULLISH,4544.93,4544.97,4544.95,4.0
P2F4_CANDIDATE_S1,1774452900046_BUY,XAUUSD,PERIOD_M5,2026.03.25 15:35:00,1774452900046,2026.03.25 15:35:00,BUY,REJECT,SIDE_NOT_SELL,10,0.00000000,0.00000000,UNKNOWN,4568.59,4568.76,4568.68,17.0
P2F4_CANDIDATE_S1,1774453800009_SELL,XAUUSD,PERIOD_M5,2026.03.25 15:50:00,1774453800009,2026.03.25 15:50:00,SELL,REJECT,M15_NOT_BEARISH,10,4560.52175692,4547.45562068,BULLISH,4552.25,4552.42,4552.34,17.0
P2F4_CANDIDATE_S1,1774456800004_BUY,XAUUSD,PERIOD_M5,2026.03.25 16:40:00,1774456800004,2026.03.25 16:40:00,BUY,REJECT,SIDE_NOT_SELL,10,0.00000000,0.00000000,UNKNOWN,4564.96,4565.13,4565.05,17.0
P2F4_CANDIDATE_S1,1774458900006_SELL,XAUUSD,PERIOD_M5,2026.03.25 17:15:00,1774458900006,2026.03.25 17:15:00,SELL,REJECT,M15_NOT_BEARISH,10,4559.24693214,4549.58388635,BULLISH,4549.82,4549.99,4549.90,17.0
P2F4_CANDIDATE_S1,1774461300019_BUY,XAUUSD,PERIOD_M5,2026.03.25 17:55:00,1774461300019,2026.03.25 17:55:00,BUY,REJECT,SIDE_NOT_SELL,10,0.00000000,0.00000000,UNKNOWN,4561.93,4562.10,4562.02,17.0
P2F4_CANDIDATE_S1,1774462500003_SELL,XAUUSD,PERIOD_M5,2026.03.25 18:15:00,1774462500003,2026.03.25 18:15:00,SELL,REJECT,M15_NOT_BEARISH,10,4558.62816123,4550.75734995,BULLISH,4553.77,4553.94,4553.85,17.0
P2F4_CANDIDATE_S1,1774467600026_BUY,XAUUSD,PERIOD_M5,2026.03.25 19:40:00,1774467600026,2026.03.25 19:40:00,BUY,REJECT,SIDE_NOT_SELL,10,0.00000000,0.00000000,UNKNOWN,4561.81,4561.98,4561.90,17.0
P2F4_CANDIDATE_S1,1774468500007_SELL,XAUUSD,PERIOD_M5,2026.03.25 19:55:00,1774468500007,2026.03.25 19:55:00,SELL,REJECT,M15_NOT_BEARISH,10,4557.18488920,4551.73642979,BULLISH,4547.84,4548.01,4547.93,17.0
P2F4_CANDIDATE_S1,1774485900081_BUY,XAUUSD,PERIOD_M5,2026.03.26 00:45:00,1774485900081,2026.03.26 00:45:00,BUY,REJECT,SIDE_NOT_SELL,10,0.00000000,0.00000000,UNKNOWN,4532.30,4532.46,4532.38,16.0
P2F4_CANDIDATE_S1,1774487100044_SELL,XAUUSD,PERIOD_M5,2026.03.26 01:05:00,1774487100044,2026.03.26 01:05:00,SELL,ELIGIBLE,S1_SELL_M15_BEARISH,10,4528.52662892,4538.37019120,BEARISH,4504.51,4504.76,4504.64,25.0
P2F4_CANDIDATE_S1,1774491300046_BUY,XAUUSD,PERIOD_M5,2026.03.26 02:15:00,1774491300046,2026.03.26 02:15:00,BUY,REJECT,SIDE_NOT_SELL,10,0.00000000,0.00000000,UNKNOWN,4527.70,4527.91,4527.81,21.0
P2F4_CANDIDATE_S1,1774499700030_SELL,XAUUSD,PERIOD_M5,2026.03.26 04:35:00,1774499700030,2026.03.26 04:35:00,SELL,ELIGIBLE,S1_SELL_M15_BEARISH,10,4527.26744956,4532.51355910,BEARISH,4523.54,4523.75,4523.65,21.0
P2F4_CANDIDATE_S1,1774506600062_BUY,XAUUSD,PERIOD_M5,2026.03.26 06:30:00,1774506600062,2026.03.26 06:30:00,BUY,REJECT,SIDE_NOT_SELL,10,0.00000000,0.00000000,UNKNOWN,4520.83,4521.06,4520.94,23.0
P2F4_CANDIDATE_S1,1774509300030_SELL,XAUUSD,PERIOD_M5,2026.03.26 07:15:00,1774509300030,2026.03.26 07:15:00,SELL,ELIGIBLE,S1_SELL_M15_BEARISH,10,4519.33476021,4526.34745619,BEARISH,4508.79,4508.96,4508.88,17.0
P2F4_CANDIDATE_S1,1774528200024_BUY,XAUUSD,PERIOD_M5,2026.03.26 12:30:00,1774528200024,2026.03.26 12:30:00,BUY,REJECT,SIDE_NOT_SELL,10,0.00000000,0.00000000,UNKNOWN,4441.86,4442.03,4441.94,17.0
P2F4_CANDIDATE_S1,1774533300023_SELL,XAUUSD,PERIOD_M5,2026.03.26 13:55:00,1774533300023,2026.03.26 13:55:00,SELL,ELIGIBLE,S1_SELL_M15_BEARISH,10,4443.89734652,4470.30269989,BEARISH,4427.45,4427.62,4427.53,17.0
P2F4_CANDIDATE_S1,1774536000000_BUY,XAUUSD,PERIOD_M5,2026.03.26 14:40:00,1774536000000,2026.03.26 14:40:00,BUY,REJECT,SIDE_NOT_SELL,10,0.00000000,0.00000000,UNKNOWN,4444.81,4445.13,4444.97,32.0
P2F4_CANDIDATE_S1,1774536900013_SELL,XAUUSD,PERIOD_M5,2026.03.26 14:55:00,1774536900013,2026.03.26 14:55:00,SELL,ELIGIBLE,S1_SELL_M15_BEARISH,10,4440.99588523,4465.06294342,BEARISH,4432.56,4432.69,4432.63,13.0
P2F4_CANDIDATE_S1,1774538100009_BUY,XAUUSD,PERIOD_M5,2026.03.26 15:15:00,1774538100009,2026.03.26 15:15:00,BUY,REJECT,SIDE_NOT_SELL,10,0.00000000,0.00000000,UNKNOWN,4438.57,4438.74,4438.65,17.0
P2F4_CANDIDATE_S1,1774546500025_SELL,XAUUSD,PERIOD_M5,2026.03.26 17:35:00,1774546500025,2026.03.26 17:35:00,SELL,ELIGIBLE,S1_SELL_M15_BEARISH,10,4449.26466511,4460.46815894,BEARISH,4442.52,4442.69,4442.60,17.0
P2F4_CANDIDATE_S1,1774563900052_BUY,XAUUSD,PERIOD_M5,2026.03.26 22:25:00,1774563900052,2026.03.26 22:25:00,BUY,REJECT,SIDE_NOT_SELL,10,0.00000000,0.00000000,UNKNOWN,4399.99,4400.24,4400.11,25.0
P2F4_CANDIDATE_S1,1774578300027_SELL,XAUUSD,PERIOD_M5,2026.03.27 02:25:00,1774578300027,2026.03.27 02:25:00,SELL,ELIGIBLE,S1_SELL_M15_BEARISH,10,4399.98750170,4414.96430344,BEARISH,4389.76,4389.97,4389.86,21.0
P2F4_CANDIDATE_S1,1774582200012_BUY,XAUUSD,PERIOD_M5,2026.03.27 03:30:00,1774582200012,2026.03.27 03:30:00,BUY,REJECT,SIDE_NOT_SELL,10,0.00000000,0.00000000,UNKNOWN,4406.36,4406.57,4406.47,21.0
P2F4_CANDIDATE_S1,1774603500062_SELL,XAUUSD,PERIOD_M5,2026.03.27 09:25:00,1774603500062,2026.03.27 09:25:00,SELL,REJECT,M15_NOT_BEARISH,10,4445.39741797,4432.05559739,BULLISH,4454.91,4455.08,4454.99,17.0
P2F4_CANDIDATE_S1,1774620900094_BUY,XAUUSD,PERIOD_M5,2026.03.27 14:15:00,1774620900094,2026.03.27 14:15:00,BUY,REJECT,SIDE_NOT_SELL,10,0.00000000,0.00000000,UNKNOWN,4424.76,4424.93,4424.85,17.0
P2F4_CANDIDATE_S1,1774625700020_SELL,XAUUSD,PERIOD_M5,2026.03.27 15:35:00,1774625700020,2026.03.27 15:35:00,SELL,ELIGIBLE,S1_SELL_M15_BEARISH,10,4428.58167600,4429.71323671,BEARISH,4418.43,4418.60,4418.52,17.0
P2F4_CANDIDATE_S1,1774626300070_BUY,XAUUSD,PERIOD_M5,2026.03.27 15:45:00,1774626300070,2026.03.27 15:45:00,BUY,REJECT,SIDE_NOT_SELL,10,0.00000000,0.00000000,UNKNOWN,4428.83,4429.00,4428.91,17.0
P2F4_CANDIDATE_S1,1774639200027_SELL,XAUUSD,PERIOD_M5,2026.03.27 19:20:00,1774639200027,2026.03.27 19:20:00,SELL,REJECT,M15_NOT_BEARISH,10,4490.50747822,4462.60136794,BULLISH,4500.87,4501.04,4500.95,17.0
P2F4_CANDIDATE_S1,1774643700097_BUY,XAUUSD,PERIOD_M5,2026.03.27 20:35:00,1774643700097,2026.03.27 20:35:00,BUY,REJECT,SIDE_NOT_SELL,10,0.00000000,0.00000000,UNKNOWN,4514.11,4514.20,4514.15,9.0
P2F4_CANDIDATE_S1,1774650000093_SELL,XAUUSD,PERIOD_M5,2026.03.27 22:20:00,1774650000093,2026.03.27 22:20:00,SELL,REJECT,M15_NOT_BEARISH,10,4504.14277743,4480.14960572,BULLISH,4508.20,4508.45,4508.32,25.0
P2F4_CANDIDATE_S1,1774845300029_BUY,XAUUSD,PERIOD_M5,2026.03.30 04:35:00,1774845300029,2026.03.30 04:35:00,BUY,REJECT,SIDE_NOT_SELL,10,0.00000000,0.00000000,UNKNOWN,4467.72,4467.93,4467.83,21.0
P2F4_CANDIDATE_S1,1774856400011_SELL,XAUUSD,PERIOD_M5,2026.03.30 07:40:00,1774856400011,2026.03.30 07:40:00,SELL,REJECT,M15_NOT_BEARISH,10,4483.52970905,4479.04396387,BULLISH,4487.82,4488.03,4487.92,21.0
P2F4_CANDIDATE_S1,1774857600031_BUY,XAUUSD,PERIOD_M5,2026.03.30 08:00:00,1774857600031,2026.03.30 08:00:00,BUY,REJECT,SIDE_NOT_SELL,10,0.00000000,0.00000000,UNKNOWN,4496.77,4496.94,4496.85,17.0
P2F4_CANDIDATE_S1,1774867500012_SELL,XAUUSD,PERIOD_M5,2026.03.30 10:45:00,1774867500012,2026.03.30 10:45:00,SELL,REJECT,M15_NOT_BEARISH,10,4511.72834709,4495.67556161,BULLISH,4521.34,4521.51,4521.43,17.0
P2F4_CANDIDATE_S1,1774868700019_BUY,XAUUSD,PERIOD_M5,2026.03.30 11:05:00,1774868700019,2026.03.30 11:05:00,BUY,REJECT,SIDE_NOT_SELL,10,0.00000000,0.00000000,UNKNOWN,4527.81,4527.98,4527.90,17.0
P2F4_CANDIDATE_S1,1774874100002_SELL,XAUUSD,PERIOD_M5,2026.03.30 12:35:00,1774874100002,2026.03.30 12:35:00,SELL,REJECT,M15_NOT_BEARISH,10,4521.55363487,4504.36556018,BULLISH,4526.38,4526.55,4526.47,17.0
P2F4_CANDIDATE_S1,1774874400045_BUY,XAUUSD,PERIOD_M5,2026.03.30 12:40:00,1774874400045,2026.03.30 12:40:00,BUY,REJECT,SIDE_NOT_SELL,10,0.00000000,0.00000000,UNKNOWN,4533.81,4533.98,4533.90,17.0
P2F4_CANDIDATE_S1,1774878000082_SELL,XAUUSD,PERIOD_M5,2026.03.30 13:40:00,1774878000082,2026.03.30 13:40:00,SELL,REJECT,M15_NOT_BEARISH,10,4525.42632437,4508.66158590,BULLISH,4531.25,4531.42,4531.34,17.0
P2F4_CANDIDATE_S1,1774878300008_BUY,XAUUSD,PERIOD_M5,2026.03.30 13:45:00,1774878300008,2026.03.30 13:45:00,BUY,REJECT,SIDE_NOT_SELL,10,0.00000000,0.00000000,UNKNOWN,4533.42,4533.69,4533.56,27.0
P2F4_CANDIDATE_S1,1774879500084_SELL,XAUUSD,PERIOD_M5,2026.03.30 14:05:00,1774879500084,2026.03.30 14:05:00,SELL,REJECT,M15_NOT_BEARISH,10,4526.77547188,4510.52377845,BULLISH,4527.21,4527.41,4527.31,20.0
P2F4_CANDIDATE_S1,1774880100000_BUY,XAUUSD,PERIOD_M5,2026.03.30 14:15:00,1774880100000,2026.03.30 14:15:00,BUY,REJECT,SIDE_NOT_SELL,10,0.00000000,0.00000000,UNKNOWN,4538.57,4538.74,4538.65,17.0
P2F4_CANDIDATE_S1,1774889100001_SELL,XAUUSD,PERIOD_M5,2026.03.30 16:45:00,1774889100001,2026.03.30 16:45:00,SELL,REJECT,M15_NOT_BEARISH,10,4549.10312726,4528.02776107,BULLISH,4544.19,4544.36,4544.27,17.0
P2F4_CANDIDATE_S1,1774896000072_BUY,XAUUSD,PERIOD_M5,2026.03.30 18:40:00,1774896000072,2026.03.30 18:40:00,BUY,REJECT,SIDE_NOT_SELL,10,0.00000000,0.00000000,UNKNOWN,4548.93,4549.10,4549.02,17.0
P2F4_CANDIDATE_S1,1774901100037_SELL,XAUUSD,PERIOD_M5,2026.03.30 20:05:00,1774901100037,2026.03.30 20:05:00,SELL,REJECT,M15_NOT_BEARISH,10,4541.51715006,4531.77242658,BULLISH,4532.62,4532.79,4532.70,17.0
P2F4_CANDIDATE_S1,1774920900030_BUY,XAUUSD,PERIOD_M5,2026.03.31 01:35:00,1774920900030,2026.03.31 01:35:00,BUY,REJECT,SIDE_NOT_SELL,10,0.00000000,0.00000000,UNKNOWN,4512.92,4513.17,4513.05,25.0
P2F4_CANDIDATE_S1,1774922700021_SELL,XAUUSD,PERIOD_M5,2026.03.31 02:05:00,1774922700021,2026.03.31 02:05:00,SELL,ELIGIBLE,S1_SELL_M15_BEARISH,10,4516.85997858,4522.20475297,BEARISH,4502.35,4502.39,4502.37,4.0
P2F4_CANDIDATE_S1,1774925100002_BUY,XAUUSD,PERIOD_M5,2026.03.31 02:45:00,1774925100002,2026.03.31 02:45:00,BUY,REJECT,SIDE_NOT_SELL,10,0.00000000,0.00000000,UNKNOWN,4518.37,4518.62,4518.49,25.0
P2F4_CANDIDATE_S1,1774927500006_SELL,XAUUSD,PERIOD_M5,2026.03.31 03:25:00,1774927500006,2026.03.31 03:25:00,SELL,ELIGIBLE,S1_SELL_M15_BEARISH,10,4514.67218247,4520.13885415,BEARISH,4493.69,4493.90,4493.80,21.0
P2F4_CANDIDATE_S1,1774928400022_BUY,XAUUSD,PERIOD_M5,2026.03.31 03:40:00,1774928400022,2026.03.31 03:40:00,BUY,REJECT,SIDE_NOT_SELL,10,0.00000000,0.00000000,UNKNOWN,4530.34,4530.55,4530.44,21.0
P2F4_CANDIDATE_S1,1774937700120_SELL,XAUUSD,PERIOD_M5,2026.03.31 06:15:00,1774937700120,2026.03.31 06:15:00,SELL,REJECT,M15_NOT_BEARISH,10,4556.75074840,4540.04113426,BULLISH,4569.84,4570.05,4569.94,21.0
P2F4_CANDIDATE_S1,1774944300047_BUY,XAUUSD,PERIOD_M5,2026.03.31 08:05:00,1774944300047,2026.03.31 08:05:00,BUY,REJECT,SIDE_NOT_SELL,10,0.00000000,0.00000000,UNKNOWN,4568.96,4569.13,4569.05,17.0
P2F4_CANDIDATE_S1,1774944900036_SELL,XAUUSD,PERIOD_M5,2026.03.31 08:15:00,1774944900036,2026.03.31 08:15:00,SELL,REJECT,M15_NOT_BEARISH,10,4557.81000367,4545.14489431,BULLISH,4550.39,4550.56,4550.48,17.0
P2F4_CANDIDATE_S1,1774946100041_BUY,XAUUSD,PERIOD_M5,2026.03.31 08:35:00,1774946100041,2026.03.31 08:35:00,BUY,REJECT,SIDE_NOT_SELL,10,0.00000000,0.00000000,UNKNOWN,4575.59,4575.76,4575.68,17.0
P2F4_CANDIDATE_S1,1774948500006_SELL,XAUUSD,PERIOD_M5,2026.03.31 09:15:00,1774948500006,2026.03.31 09:15:00,SELL,REJECT,M15_NOT_BEARISH,10,4560.66260554,4548.31615658,BULLISH,4559.42,4559.59,4559.51,17.0
P2F4_CANDIDATE_S1,1774955100000_BUY,XAUUSD,PERIOD_M5,2026.03.31 11:05:00,1774955100000,2026.03.31 11:05:00,BUY,REJECT,SIDE_NOT_SELL,10,0.00000000,0.00000000,UNKNOWN,4568.28,4568.45,4568.36,17.0
P2F4_CANDIDATE_S1,1774960500059_SELL,XAUUSD,PERIOD_M5,2026.03.31 12:35:00,1774960500059,2026.03.31 12:35:00,SELL,REJECT,M15_NOT_BEARISH,10,4563.10810873,4554.34472037,BULLISH,4557.07,4557.24,4557.15,17.0
P2F4_CANDIDATE_S1,1774967100068_BUY,XAUUSD,PERIOD_M5,2026.03.31 14:25:00,1774967100068,2026.03.31 14:25:00,BUY,REJECT,SIDE_NOT_SELL,10,0.00000000,0.00000000,UNKNOWN,4575.82,4575.99,4575.90,17.0
P2F4_CANDIDATE_S1,1775018400017_SELL,XAUUSD,PERIOD_M5,2026.04.01 04:40:00,1775018400017,2026.04.01 04:40:00,SELL,REJECT,M15_NOT_BEARISH,10,4687.08025321,4650.39862836,BULLISH,4686.47,4686.68,4686.58,21.0
P2F4_CANDIDATE_S1,1775031900043_BUY,XAUUSD,PERIOD_M5,2026.04.01 08:25:00,1775031900043,2026.04.01 08:25:00,BUY,REJECT,SIDE_NOT_SELL,10,0.00000000,0.00000000,UNKNOWN,4684.42,4684.59,4684.51,17.0
P2F4_CANDIDATE_S1,1775046300002_SELL,XAUUSD,PERIOD_M5,2026.04.01 12:25:00,1775046300002,2026.04.01 12:25:00,SELL,REJECT,M15_NOT_BEARISH,10,4711.81826076,4689.36740445,BULLISH,4720.98,4721.15,4721.06,17.0
P2F4_CANDIDATE_S1,1775050200099_BUY,XAUUSD,PERIOD_M5,2026.04.01 13:30:00,1775050200099,2026.04.01 13:30:00,BUY,REJECT,SIDE_NOT_SELL,10,0.00000000,0.00000000,UNKNOWN,4728.29,4728.57,4728.43,28.0
P2F4_CANDIDATE_S1,1775058600014_SELL,XAUUSD,PERIOD_M5,2026.04.01 15:50:00,1775058600014,2026.04.01 15:50:00,SELL,REJECT,M15_NOT_BEARISH,10,4732.48893596,4709.79065765,BULLISH,4733.77,4733.94,4733.85,17.0
P2F4_CANDIDATE_S1,1775061600017_BUY,XAUUSD,PERIOD_M5,2026.04.01 16:40:00,1775061600017,2026.04.01 16:40:00,BUY,REJECT,SIDE_NOT_SELL,10,0.00000000,0.00000000,UNKNOWN,4746.03,4746.20,4746.11,17.0
P2F4_CANDIDATE_S1,1775077200085_SELL,XAUUSD,PERIOD_M5,2026.04.01 21:00:00,1775077200085,2026.04.01 21:00:00,SELL,REJECT,M15_NOT_BEARISH,10,4768.49541500,4742.95576235,BULLISH,4774.30,4774.47,4774.39,17.0
P2F4_CANDIDATE_S1,1775083500006_BUY,XAUUSD,PERIOD_M5,2026.04.01 22:45:00,1775083500006,2026.04.01 22:45:00,BUY,REJECT,SIDE_NOT_SELL,10,0.00000000,0.00000000,UNKNOWN,4769.30,4769.59,4769.44,29.0
P2F4_CANDIDATE_S1,1775091900033_SELL,XAUUSD,PERIOD_M5,2026.04.02 01:05:00,1775091900033,2026.04.02 01:05:00,SELL,REJECT,M15_NOT_BEARISH,10,4765.20254282,4748.21631203,BULLISH,4759.54,4761.31,4760.43,177.0
P2F4_CANDIDATE_S1,1775093400170_BUY,XAUUSD,PERIOD_M5,2026.04.02 01:30:00,1775093400170,2026.04.02 01:30:00,BUY,REJECT,SIDE_NOT_SELL,10,0.00000000,0.00000000,UNKNOWN,4772.78,4773.03,4772.90,25.0
P2F4_CANDIDATE_S1,1775102700027_SELL,XAUUSD,PERIOD_M5,2026.04.02 04:05:00,1775102700027,2026.04.02 04:05:00,SELL,REJECT,M15_NOT_BEARISH,10,4779.21825087,4761.92134013,BULLISH,4743.32,4743.73,4743.52,41.0
P2F4_CANDIDATE_S1,1775126100023_BUY,XAUUSD,PERIOD_M5,2026.04.02 10:35:00,1775126100023,2026.04.02 10:35:00,BUY,REJECT,SIDE_NOT_SELL,10,0.00000000,0.00000000,UNKNOWN,4631.98,4632.15,4632.06,17.0
P2F4_CANDIDATE_S1,1775131500013_SELL,XAUUSD,PERIOD_M5,2026.04.02 12:05:00,1775131500013,2026.04.02 12:05:00,SELL,ELIGIBLE,S1_SELL_M15_BEARISH,10,4640.01841304,4677.33579359,BEARISH,4618.59,4618.76,4618.68,17.0
P2F4_CANDIDATE_S1,1775139000068_BUY,XAUUSD,PERIOD_M5,2026.04.02 14:10:00,1775139000068,2026.04.02 14:10:00,BUY,REJECT,SIDE_NOT_SELL,10,0.00000000,0.00000000,UNKNOWN,4625.71,4625.88,4625.80,17.0
P2F4_CANDIDATE_S1,1775140200057_SELL,XAUUSD,PERIOD_M5,2026.04.02 14:30:00,1775140200057,2026.04.02 14:30:00,SELL,ELIGIBLE,S1_SELL_M15_BEARISH,10,4628.45084535,4659.04677944,BEARISH,4614.83,4615.00,4614.91,17.0
P2F4_CANDIDATE_S1,1775143800007_BUY,XAUUSD,PERIOD_M5,2026.04.02 15:30:00,1775143800007,2026.04.02 15:30:00,BUY,REJECT,SIDE_NOT_SELL,10,0.00000000,0.00000000,UNKNOWN,4626.25,4626.78,4626.51,53.0
P2F4_CANDIDATE_S1,1775145600001_SELL,XAUUSD,PERIOD_M5,2026.04.02 16:00:00,1775145600001,2026.04.02 16:00:00,SELL,ELIGIBLE,S1_SELL_M15_BEARISH,10,4620.28261464,4648.59270764,BEARISH,4601.94,4602.11,4602.02,17.0
P2F4_CANDIDATE_S1,1775148900014_BUY,XAUUSD,PERIOD_M5,2026.04.02 16:55:00,1775148900014,2026.04.02 16:55:00,BUY,REJECT,SIDE_NOT_SELL,10,0.00000000,0.00000000,UNKNOWN,4635.62,4635.79,4635.70,17.0
P2F4_CANDIDATE_S1,1775157600018_SELL,XAUUSD,PERIOD_M5,2026.04.02 19:20:00,1775157600018,2026.04.02 19:20:00,SELL,ELIGIBLE,S1_SELL_M15_BEARISH,10,4647.04406699,4650.42776347,BEARISH,4646.47,4646.64,4646.56,17.0
P2F4_CANDIDATE_S1,1775160300008_BUY,XAUUSD,PERIOD_M5,2026.04.02 20:05:00,1775160300008,2026.04.02 20:05:00,BUY,REJECT,SIDE_NOT_SELL,10,0.00000000,0.00000000,UNKNOWN,4663.48,4663.65,4663.56,17.0
P2F4_CANDIDATE_S1,1775161800026_SELL,XAUUSD,PERIOD_M5,2026.04.02 20:30:00,1775161800026,2026.04.02 20:30:00,SELL,ELIGIBLE,S1_SELL_M15_BEARISH,10,4650.98278546,4651.61759665,BEARISH,4651.91,4652.08,4651.99,17.0
P2F4_CANDIDATE_S1,1775166300041_BUY,XAUUSD,PERIOD_M5,2026.04.02 21:45:00,1775166300041,2026.04.02 21:45:00,BUY,REJECT,SIDE_NOT_SELL,10,0.00000000,0.00000000,UNKNOWN,4662.58,4662.75,4662.66,17.0
P2F4_CANDIDATE_S1,1775437500008_SELL,XAUUSD,PERIOD_M5,2026.04.06 01:05:00,1775437500008,2026.04.06 01:05:00,SELL,REJECT,M15_NOT_BEARISH,10,4659.13133233,4655.29164527,BULLISH,4637.03,4638.80,4637.91,177.0
P2F4_CANDIDATE_S1,1775448600018_BUY,XAUUSD,PERIOD_M5,2026.04.06 04:10:00,1775448600018,2026.04.06 04:10:00,BUY,REJECT,SIDE_NOT_SELL,10,0.00000000,0.00000000,UNKNOWN,4637.70,4637.91,4637.81,21.0
P2F4_CANDIDATE_S1,1775456400003_SELL,XAUUSD,PERIOD_M5,2026.04.06 06:20:00,1775456400003,2026.04.06 06:20:00,SELL,ELIGIBLE,S1_SELL_M15_BEARISH,10,4637.84671819,4642.29655021,BEARISH,4626.84,4627.05,4626.94,21.0
P2F4_CANDIDATE_S1,1775459100043_BUY,XAUUSD,PERIOD_M5,2026.04.06 07:05:00,1775459100043,2026.04.06 07:05:00,BUY,REJECT,SIDE_NOT_SELL,10,0.00000000,0.00000000,UNKNOWN,4647.99,4648.22,4648.10,23.0
P2F4_CANDIDATE_S1,1775468400026_SELL,XAUUSD,PERIOD_M5,2026.04.06 09:40:00,1775468400026,2026.04.06 09:40:00,SELL,REJECT,M15_NOT_BEARISH,10,4650.42610024,4646.77410998,BULLISH,4654.87,4655.04,4654.95,17.0
P2F4_CANDIDATE_S1,1775469300021_BUY,XAUUSD,PERIOD_M5,2026.04.06 09:55:00,1775469300021,2026.04.06 09:55:00,BUY,REJECT,SIDE_NOT_SELL,10,0.00000000,0.00000000,UNKNOWN,4662.19,4662.49,4662.34,30.0
P2F4_CANDIDATE_S1,1775470500019_SELL,XAUUSD,PERIOD_M5,2026.04.06 10:15:00,1775470500019,2026.04.06 10:15:00,SELL,REJECT,M15_NOT_BEARISH,10,4652.32207986,4648.02352207,BULLISH,4651.92,4652.11,4652.01,19.0
P2F4_CANDIDATE_S1,1775472600005_BUY,XAUUSD,PERIOD_M5,2026.04.06 10:50:00,1775472600005,2026.04.06 10:50:00,BUY,REJECT,SIDE_NOT_SELL,10,0.00000000,0.00000000,UNKNOWN,4672.18,4672.35,4672.27,17.0
P2F4_CANDIDATE_S1,1775482200008_SELL,XAUUSD,PERIOD_M5,2026.04.06 13:30:00,1775482200008,2026.04.06 13:30:00,SELL,REJECT,M15_NOT_BEARISH,10,4680.51707841,4664.86960118,BULLISH,4689.83,4690.00,4689.91,17.0
P2F4_CANDIDATE_S1,1775496000007_BUY,XAUUSD,PERIOD_M5,2026.04.06 17:20:00,1775496000007,2026.04.06 17:20:00,BUY,REJECT,SIDE_NOT_SELL,10,0.00000000,0.00000000,UNKNOWN,4683.26,4683.43,4683.35,17.0
P2F4_CANDIDATE_S1,1775499000066_SELL,XAUUSD,PERIOD_M5,2026.04.06 18:10:00,1775499000066,2026.04.06 18:10:00,SELL,REJECT,M15_NOT_BEARISH,10,4678.69816937,4671.96625274,BULLISH,4667.47,4667.64,4667.56,17.0
P2F4_CANDIDATE_S1,1775523900035_BUY,XAUUSD,PERIOD_M5,2026.04.07 01:05:00,1775523900035,2026.04.07 01:05:00,BUY,REJECT,SIDE_NOT_SELL,10,0.00000000,0.00000000,UNKNOWN,4661.55,4662.35,4661.95,80.0
P2F4_CANDIDATE_S1,1775528700018_SELL,XAUUSD,PERIOD_M5,2026.04.07 02:25:00,1775528700018,2026.04.07 02:25:00,SELL,ELIGIBLE,S1_SELL_M15_BEARISH,10,4659.76484184,4663.46053781,BEARISH,4653.70,4653.95,4653.82,25.0
P2F4_CANDIDATE_S1,1775532600074_BUY,XAUUSD,PERIOD_M5,2026.04.07 03:30:00,1775532600074,2026.04.07 03:30:00,BUY,REJECT,SIDE_NOT_SELL,10,0.00000000,0.00000000,UNKNOWN,4659.08,4659.29,4659.18,21.0
P2F4_CANDIDATE_S1,1775534400022_SELL,XAUUSD,PERIOD_M5,2026.04.07 04:00:00,1775534400022,2026.04.07 04:00:00,SELL,ELIGIBLE,S1_SELL_M15_BEARISH,10,4658.55120621,4661.94897288,BEARISH,4654.83,4655.04,4654.93,21.0
P2F4_CANDIDATE_S1,1775534700045_BUY,XAUUSD,PERIOD_M5,2026.04.07 04:05:00,1775534700045,2026.04.07 04:05:00,BUY,REJECT,SIDE_NOT_SELL,10,0.00000000,0.00000000,UNKNOWN,4661.56,4661.77,4661.67,21.0
P2F4_CANDIDATE_S1,1775535000013_SELL,XAUUSD,PERIOD_M5,2026.04.07 04:10:00,1775535000013,2026.04.07 04:10:00,SELL,ELIGIBLE,S1_SELL_M15_BEARISH,10,4658.55120621,4661.94897288,BEARISH,4644.46,4644.67,4644.57,21.0
P2F4_CANDIDATE_S1,1775541300048_BUY,XAUUSD,PERIOD_M5,2026.04.07 05:55:00,1775541300048,2026.04.07 05:55:00,BUY,REJECT,SIDE_NOT_SELL,10,0.00000000,0.00000000,UNKNOWN,4650.68,4650.89,4650.78,21.0
P2F4_CANDIDATE_S1,1775550600040_SELL,XAUUSD,PERIOD_M5,2026.04.07 08:30:00,1775550600040,2026.04.07 08:30:00,SELL,ELIGIBLE,S1_SELL_M15_BEARISH,10,4649.13188934,4653.82890208,BEARISH,4632.62,4632.79,4632.70,17.0
P2F4_CANDIDATE_S1,1775555100011_BUY,XAUUSD,PERIOD_M5,2026.04.07 09:45:00,1775555100011,2026.04.07 09:45:00,BUY,REJECT,SIDE_NOT_SELL,10,0.00000000,0.00000000,UNKNOWN,4652.54,4652.71,4652.63,17.0
P2F4_CANDIDATE_S1,1775558100018_SELL,XAUUSD,PERIOD_M5,2026.04.07 10:35:00,1775558100018,2026.04.07 10:35:00,SELL,ELIGIBLE,S1_SELL_M15_BEARISH,10,4647.21983532,4651.48385298,BEARISH,4642.79,4642.96,4642.88,17.0
P2F4_CANDIDATE_S1,1775560200082_BUY,XAUUSD,PERIOD_M5,2026.04.07 11:10:00,1775560200082,2026.04.07 11:10:00,BUY,REJECT,SIDE_NOT_SELL,10,0.00000000,0.00000000,UNKNOWN,4651.54,4651.71,4651.63,17.0
P2F4_CANDIDATE_S1,1775568600080_SELL,XAUUSD,PERIOD_M5,2026.04.07 13:30:00,1775568600080,2026.04.07 13:30:00,SELL,REJECT,M15_NOT_BEARISH,10,4665.11645944,4659.26936624,BULLISH,4668.18,4668.35,4668.27,17.0
P2F4_CANDIDATE_S1,1775575500014_BUY,XAUUSD,PERIOD_M5,2026.04.07 15:25:00,1775575500014,2026.04.07 15:25:00,BUY,REJECT,SIDE_NOT_SELL,10,0.00000000,0.00000000,UNKNOWN,4666.88,4667.05,4666.97,17.0
P2F4_CANDIDATE_S1,1775577000009_SELL,XAUUSD,PERIOD_M5,2026.04.07 15:50:00,1775577000009,2026.04.07 15:50:00,SELL,REJECT,M15_NOT_BEARISH,10,4659.82752707,4658.19465382,BULLISH,4648.99,4649.16,4649.07,17.0
P2F4_CANDIDATE_S1,1775586600001_BUY,XAUUSD,PERIOD_M5,2026.04.07 18:30:00,1775586600001,2026.04.07 18:30:00,BUY,REJECT,SIDE_NOT_SELL,10,0.00000000,0.00000000,UNKNOWN,4653.13,4653.30,4653.22,17.0
P2F4_CANDIDATE_S1,1775599500020_SELL,XAUUSD,PERIOD_M5,2026.04.07 22:05:00,1775599500020,2026.04.07 22:05:00,SELL,REJECT,M15_NOT_BEARISH,10,4664.23831531,4659.35742905,BULLISH,4665.28,4665.99,4665.64,71.0
P2F4_CANDIDATE_S1,1775600400005_BUY,XAUUSD,PERIOD_M5,2026.04.07 22:20:00,1775600400005,2026.04.07 22:20:00,BUY,REJECT,SIDE_NOT_SELL,10,0.00000000,0.00000000,UNKNOWN,4690.11,4690.28,4690.19,17.0
P2F4_CANDIDATE_S1,1775622600029_SELL,XAUUSD,PERIOD_M5,2026.04.08 04:30:00,1775622600029,2026.04.08 04:30:00,SELL,REJECT,M15_NOT_BEARISH,10,4775.13552991,4724.36203203,BULLISH,4793.84,4794.05,4793.94,21.0
P2F4_CANDIDATE_S1,1775625000064_BUY,XAUUSD,PERIOD_M5,2026.04.08 05:10:00,1775625000064,2026.04.08 05:10:00,BUY,REJECT,SIDE_NOT_SELL,10,0.00000000,0.00000000,UNKNOWN,4816.47,4816.69,4816.58,22.0
P2F4_CANDIDATE_S1,1775627400018_SELL,XAUUSD,PERIOD_M5,2026.04.08 05:50:00,1775627400018,2026.04.08 05:50:00,SELL,REJECT,M15_NOT_BEARISH,10,4788.40266411,4739.64970814,BULLISH,4805.92,4806.13,4806.02,21.0
P2F4_CANDIDATE_S1,1775635500137_BUY,XAUUSD,PERIOD_M5,2026.04.08 08:05:00,1775635500137,2026.04.08 08:05:00,BUY,REJECT,SIDE_NOT_SELL,10,0.00000000,0.00000000,UNKNOWN,4805.89,4806.06,4805.98,17.0
P2F4_CANDIDATE_S1,1775643300061_SELL,XAUUSD,PERIOD_M5,2026.04.08 10:15:00,1775643300061,2026.04.08 10:15:00,SELL,REJECT,M15_NOT_BEARISH,10,4812.26024543,4777.87060215,BULLISH,4812.54,4812.71,4812.63,17.0
P2F4_CANDIDATE_S1,1775659800003_BUY,XAUUSD,PERIOD_M5,2026.04.08 14:50:00,1775659800003,2026.04.08 14:50:00,BUY,REJECT,SIDE_NOT_SELL,10,0.00000000,0.00000000,UNKNOWN,4796.27,4796.42,4796.35,15.0
P2F4_CANDIDATE_S1,1775661900016_SELL,XAUUSD,PERIOD_M5,2026.04.08 15:25:00,1775661900016,2026.04.08 15:25:00,SELL,REJECT,M15_NOT_BEARISH,10,4796.25768987,4787.30431357,BULLISH,4769.51,4769.68,4769.60,17.0
P2F4_CANDIDATE_S1,1775662800017_BUY,XAUUSD,PERIOD_M5,2026.04.08 15:40:00,1775662800017,2026.04.08 15:40:00,BUY,REJECT,SIDE_NOT_SELL,10,0.00000000,0.00000000,UNKNOWN,4796.68,4796.85,4796.77,17.0
P2F4_CANDIDATE_S1,1775666100008_SELL,XAUUSD,PERIOD_M5,2026.04.08 16:35:00,1775666100008,2026.04.08 16:35:00,SELL,REJECT,M15_NOT_BEARISH,10,4794.85990660,4788.26514605,BULLISH,4782.72,4782.89,4782.81,17.0
P2F4_CANDIDATE_S1,1775678400045_BUY,XAUUSD,PERIOD_M5,2026.04.08 20:00:00,1775678400045,2026.04.08 20:00:00,BUY,REJECT,SIDE_NOT_SELL,10,0.00000000,0.00000000,UNKNOWN,4760.51,4760.68,4760.60,17.0
P2F4_CANDIDATE_S1,1775679900028_SELL,XAUUSD,PERIOD_M5,2026.04.08 20:25:00,1775679900028,2026.04.08 20:25:00,SELL,ELIGIBLE,S1_SELL_M15_BEARISH,10,4765.87767960,4774.77727860,BEARISH,4748.77,4748.94,4748.85,17.0
P2F4_CANDIDATE_S1,1775696402238_BUY,XAUUSD,PERIOD_M5,2026.04.09 01:00:02,1775696402238,2026.04.09 01:00:00,BUY,REJECT,SIDE_NOT_SELL,10,0.00000000,0.00000000,UNKNOWN,4719.09,4720.42,4719.76,133.0
P2F4_CANDIDATE_S1,1775697300009_SELL,XAUUSD,PERIOD_M5,2026.04.09 01:15:00,1775697300009,2026.04.09 01:15:00,SELL,ELIGIBLE,S1_SELL_M15_BEARISH,10,4735.02189245,4755.17114482,BEARISH,4712.32,4712.57,4712.44,25.0
P2F4_CANDIDATE_S1,1775706600007_BUY,XAUUSD,PERIOD_M5,2026.04.09 03:50:00,1775706600007,2026.04.09 03:50:00,BUY,REJECT,SIDE_NOT_SELL,10,0.00000000,0.00000000,UNKNOWN,4715.91,4716.12,4716.01,21.0
P2F4_CANDIDATE_S1,1775706900022_SELL,XAUUSD,PERIOD_M5,2026.04.09 03:55:00,1775706900022,2026.04.09 03:55:00,SELL,ELIGIBLE,S1_SELL_M15_BEARISH,10,4720.25749069,4740.86838005,BEARISH,4709.61,4709.82,4709.72,21.0
P2F4_CANDIDATE_S1,1775707800123_BUY,XAUUSD,PERIOD_M5,2026.04.09 04:10:00,1775707800123,2026.04.09 04:10:00,BUY,REJECT,SIDE_NOT_SELL,10,0.00000000,0.00000000,UNKNOWN,4715.94,4716.15,4716.05,21.0
P2F4_CANDIDATE_S1,1775715300152_SELL,XAUUSD,PERIOD_M5,2026.04.09 06:15:00,1775715300152,2026.04.09 06:15:00,SELL,ELIGIBLE,S1_SELL_M15_BEARISH,10,4719.91357201,4733.75069208,BEARISH,4712.56,4712.79,4712.68,23.0
P2F4_CANDIDATE_S1,1775719200015_BUY,XAUUSD,PERIOD_M5,2026.04.09 07:20:00,1775719200015,2026.04.09 07:20:00,BUY,REJECT,SIDE_NOT_SELL,10,0.00000000,0.00000000,UNKNOWN,4720.37,4720.58,4720.48,21.0
P2F4_CANDIDATE_S1,1775724900020_SELL,XAUUSD,PERIOD_M5,2026.04.09 08:55:00,1775724900020,2026.04.09 08:55:00,SELL,ELIGIBLE,S1_SELL_M15_BEARISH,10,4719.53477266,4728.80286871,BEARISH,4708.64,4708.81,4708.73,17.0
P2F4_CANDIDATE_S1,1775729700019_BUY,XAUUSD,PERIOD_M5,2026.04.09 10:15:00,1775729700019,2026.04.09 10:15:00,BUY,REJECT,SIDE_NOT_SELL,10,0.00000000,0.00000000,UNKNOWN,4724.52,4724.69,4724.60,17.0
P2F4_CANDIDATE_S1,1775730300004_SELL,XAUUSD,PERIOD_M5,2026.04.09 10:25:00,1775730300004,2026.04.09 10:25:00,SELL,ELIGIBLE,S1_SELL_M15_BEARISH,10,4718.49999234,4726.29956823,BEARISH,4713.60,4713.77,4713.69,17.0
P2F4_CANDIDATE_S1,1775731200192_BUY,XAUUSD,PERIOD_M5,2026.04.09 10:40:00,1775731200192,2026.04.09 10:40:00,BUY,REJECT,SIDE_NOT_SELL,10,0.00000000,0.00000000,UNKNOWN,4729.32,4729.49,4729.40,17.0
P2F4_CANDIDATE_S1,1775748900013_SELL,XAUUSD,PERIOD_M5,2026.04.09 15:35:00,1775748900013,2026.04.09 15:35:00,SELL,REJECT,M15_NOT_BEARISH,10,4735.89767415,4731.42468450,BULLISH,4742.32,4742.49,4742.40,17.0
P2F4_CANDIDATE_S1,1775750400015_BUY,XAUUSD,PERIOD_M5,2026.04.09 16:00:00,1775750400015,2026.04.09 16:00:00,BUY,REJECT,SIDE_NOT_SELL,10,0.00000000,0.00000000,UNKNOWN,4745.93,4746.10,4746.02,17.0
P2F4_CANDIDATE_S1,1775769300034_SELL,XAUUSD,PERIOD_M5,2026.04.09 21:15:00,1775769300034,2026.04.09 21:15:00,SELL,REJECT,M15_NOT_BEARISH,10,4779.66672217,4760.58595637,BULLISH,4783.91,4784.08,4783.99,17.0
P2F4_CANDIDATE_S1,1775794800023_BUY,XAUUSD,PERIOD_M5,2026.04.10 04:20:00,1775794800023,2026.04.10 04:20:00,BUY,REJECT,SIDE_NOT_SELL,10,0.00000000,0.00000000,UNKNOWN,4763.70,4763.91,4763.81,21.0
P2F4_CANDIDATE_S1,1775798100104_SELL,XAUUSD,PERIOD_M5,2026.04.10 05:15:00,1775798100104,2026.04.10 05:15:00,SELL,REJECT,M15_NOT_BEARISH,10,4763.72109760,4762.43644717,BULLISH,4752.36,4752.57,4752.47,21.0
P2F4_CANDIDATE_S1,1775802000052_BUY,XAUUSD,PERIOD_M5,2026.04.10 06:20:00,1775802000052,2026.04.10 06:20:00,BUY,REJECT,SIDE_NOT_SELL,10,0.00000000,0.00000000,UNKNOWN,4761.68,4761.89,4761.78,21.0
P2F4_CANDIDATE_S1,1775808900155_SELL,XAUUSD,PERIOD_M5,2026.04.10 08:15:00,1775808900155,2026.04.10 08:15:00,SELL,ELIGIBLE,S1_SELL_M15_BEARISH,10,4761.37705107,4761.37729085,BEARISH,4759.89,4760.06,4759.98,17.0
P2F4_CANDIDATE_S1,1775810400000_BUY,XAUUSD,PERIOD_M5,2026.04.10 08:40:00,1775810400000,2026.04.10 08:40:00,BUY,REJECT,SIDE_NOT_SELL,10,0.00000000,0.00000000,UNKNOWN,4765.13,4765.30,4765.22,17.0
P2F4_CANDIDATE_S1,1775812500080_SELL,XAUUSD,PERIOD_M5,2026.04.10 09:15:00,1775812500080,2026.04.10 09:15:00,SELL,REJECT,M15_NOT_BEARISH,10,4761.42564894,4761.41127050,BULLISH,4756.30,4756.47,4756.39,17.0
P2F4_CANDIDATE_S1,1775823900007_BUY,XAUUSD,PERIOD_M5,2026.04.10 12:25:00,1775823900007,2026.04.10 12:25:00,BUY,REJECT,SIDE_NOT_SELL,10,0.00000000,0.00000000,UNKNOWN,4753.16,4753.32,4753.24,16.0
P2F4_CANDIDATE_S1,1775826900166_SELL,XAUUSD,PERIOD_M5,2026.04.10 13:15:00,1775826900166,2026.04.10 13:15:00,SELL,ELIGIBLE,S1_SELL_M15_BEARISH,10,4751.03027360,4755.37392222,BEARISH,4747.14,4747.31,4747.23,17.0
P2F4_CANDIDATE_S1,1775827200101_BUY,XAUUSD,PERIOD_M5,2026.04.10 13:20:00,1775827200101,2026.04.10 13:20:00,BUY,REJECT,SIDE_NOT_SELL,10,0.00000000,0.00000000,UNKNOWN,4752.21,4752.38,4752.30,17.0
P2F4_CANDIDATE_S1,1775846400033_SELL,XAUUSD,PERIOD_M5,2026.04.10 18:40:00,1775846400033,2026.04.10 18:40:00,SELL,REJECT,M15_NOT_BEARISH,10,4771.67484967,4764.89204416,BULLISH,4760.55,4760.72,4760.64,17.0
P2F4_CANDIDATE_S1,1775856600000_BUY,XAUUSD,PERIOD_M5,2026.04.10 21:30:00,1775856600000,2026.04.10 21:30:00,BUY,REJECT,SIDE_NOT_SELL,10,0.00000000,0.00000000,UNKNOWN,4765.89,4766.06,4765.98,17.0
P2F4_CANDIDATE_S1,1775861100025_SELL,XAUUSD,PERIOD_M5,2026.04.10 22:45:00,1775861100025,2026.04.10 22:45:00,SELL,REJECT,M15_NOT_BEARISH,10,4765.24203412,4764.18550647,BULLISH,4763.84,4764.01,4763.93,17.0
P2F4_CANDIDATE_S1,1776051600097_BUY,XAUUSD,PERIOD_M5,2026.04.13 03:40:00,1776051600097,2026.04.13 03:40:00,BUY,REJECT,SIDE_NOT_SELL,10,0.00000000,0.00000000,UNKNOWN,4677.30,4677.51,4677.41,21.0
P2F4_CANDIDATE_S1,1776064800072_SELL,XAUUSD,PERIOD_M5,2026.04.13 07:20:00,1776064800072,2026.04.13 07:20:00,SELL,ELIGIBLE,S1_SELL_M15_BEARISH,10,4712.70671731,4723.59310387,BEARISH,4712.30,4712.51,4712.41,21.0
P2F4_CANDIDATE_S1,1776066600035_BUY,XAUUSD,PERIOD_M5,2026.04.13 07:50:00,1776066600035,2026.04.13 07:50:00,BUY,REJECT,SIDE_NOT_SELL,10,0.00000000,0.00000000,UNKNOWN,4718.90,4719.11,4719.00,21.0
P2F4_CANDIDATE_S1,1776080700032_SELL,XAUUSD,PERIOD_M5,2026.04.13 11:45:00,1776080700032,2026.04.13 11:45:00,SELL,REJECT,M15_NOT_BEARISH,10,4725.23209619,4725.20495810,BULLISH,4721.44,4721.61,4721.52,17.0
P2F4_CANDIDATE_S1,1776089100036_BUY,XAUUSD,PERIOD_M5,2026.04.13 14:05:00,1776089100036,2026.04.13 14:05:00,BUY,REJECT,SIDE_NOT_SELL,10,0.00000000,0.00000000,UNKNOWN,4725.24,4725.41,4725.32,17.0
P2F4_CANDIDATE_S1,1776091200016_SELL,XAUUSD,PERIOD_M5,2026.04.13 14:40:00,1776091200016,2026.04.13 14:40:00,SELL,ELIGIBLE,S1_SELL_M15_BEARISH,10,4720.73630417,4722.73873401,BEARISH,4712.28,4712.45,4712.36,17.0
P2F4_CANDIDATE_S1,1776095700016_BUY,XAUUSD,PERIOD_M5,2026.04.13 15:55:00,1776095700016,2026.04.13 15:55:00,BUY,REJECT,SIDE_NOT_SELL,10,0.00000000,0.00000000,UNKNOWN,4723.68,4723.85,4723.77,17.0
P2F4_CANDIDATE_S1,1776101100018_SELL,XAUUSD,PERIOD_M5,2026.04.13 17:25:00,1776101100018,2026.04.13 17:25:00,SELL,REJECT,M15_NOT_BEARISH,10,4722.76596105,4722.60193223,BULLISH,4717.25,4717.41,4717.33,16.0
P2F4_CANDIDATE_S1,1776108000003_BUY,XAUUSD,PERIOD_M5,2026.04.13 19:20:00,1776108000003,2026.04.13 19:20:00,BUY,REJECT,SIDE_NOT_SELL,10,0.00000000,0.00000000,UNKNOWN,4725.89,4726.06,4725.98,17.0
P2F4_CANDIDATE_S1,1776115200019_SELL,XAUUSD,PERIOD_M5,2026.04.13 21:20:00,1776115200019,2026.04.13 21:20:00,SELL,REJECT,M15_NOT_BEARISH,10,4727.46027611,4724.39775003,BULLISH,4724.60,4724.77,4724.69,17.0
P2F4_CANDIDATE_S1,1776117000062_BUY,XAUUSD,PERIOD_M5,2026.04.13 21:50:00,1776117000062,2026.04.13 21:50:00,BUY,REJECT,SIDE_NOT_SELL,10,0.00000000,0.00000000,UNKNOWN,4735.72,4735.89,4735.81,17.0
P2F4_CANDIDATE_S1,1776148500089_SELL,XAUUSD,PERIOD_M5,2026.04.14 06:35:00,1776148500089,2026.04.14 06:35:00,SELL,REJECT,M15_NOT_BEARISH,10,4763.75702720,4749.89327405,BULLISH,4767.60,4767.81,4767.70,21.0
P2F4_CANDIDATE_S1,1776149700052_BUY,XAUUSD,PERIOD_M5,2026.04.14 06:55:00,1776149700052,2026.04.14 06:55:00,BUY,REJECT,SIDE_NOT_SELL,10,0.00000000,0.00000000,UNKNOWN,4771.51,4771.72,4771.61,21.0
P2F4_CANDIDATE_S1,1776150000039_SELL,XAUUSD,PERIOD_M5,2026.04.14 07:00:00,1776150000039,2026.04.14 07:00:00,SELL,REJECT,M15_NOT_BEARISH,10,4764.50028757,4751.27392964,BULLISH,4768.19,4768.40,4768.30,21.0
P2F4_CANDIDATE_S1,1776151200041_BUY,XAUUSD,PERIOD_M5,2026.04.14 07:20:00,1776151200041,2026.04.14 07:20:00,BUY,REJECT,SIDE_NOT_SELL,10,0.00000000,0.00000000,UNKNOWN,4773.70,4773.91,4773.81,21.0
P2F4_CANDIDATE_S1,1776154500011_SELL,XAUUSD,PERIOD_M5,2026.04.14 08:15:00,1776154500011,2026.04.14 08:15:00,SELL,REJECT,M15_NOT_BEARISH,10,4767.23299813,4754.95245539,BULLISH,4765.55,4765.71,4765.63,16.0
P2F4_CANDIDATE_S1,1776159900011_BUY,XAUUSD,PERIOD_M5,2026.04.14 09:45:00,1776159900011,2026.04.14 09:45:00,BUY,REJECT,SIDE_NOT_SELL,10,0.00000000,0.00000000,UNKNOWN,4769.63,4769.80,4769.72,17.0
P2F4_CANDIDATE_S1,1776170400002_SELL,XAUUSD,PERIOD_M5,2026.04.14 12:40:00,1776170400002,2026.04.14 12:40:00,SELL,REJECT,M15_NOT_BEARISH,10,4777.02209460,4766.02940143,BULLISH,4778.96,4779.13,4779.05,17.0
P2F4_CANDIDATE_S1,1776172800155_BUY,XAUUSD,PERIOD_M5,2026.04.14 13:20:00,1776172800155,2026.04.14 13:20:00,BUY,REJECT,SIDE_NOT_SELL,10,0.00000000,0.00000000,UNKNOWN,4787.11,4787.28,4787.19,17.0
P2F4_CANDIDATE_S1,1776174000026_SELL,XAUUSD,PERIOD_M5,2026.04.14 13:40:00,1776174000026,2026.04.14 13:40:00,SELL,REJECT,M15_NOT_BEARISH,10,4778.32676606,4768.21646435,BULLISH,4763.08,4763.23,4763.15,15.0
P2F4_CANDIDATE_S1,1776183300004_BUY,XAUUSD,PERIOD_M5,2026.04.14 16:15:00,1776183300004,2026.04.14 16:15:00,BUY,REJECT,SIDE_NOT_SELL,10,0.00000000,0.00000000,UNKNOWN,4781.99,4782.16,4782.07,17.0
P2F4_CANDIDATE_S1,1776218100055_SELL,XAUUSD,PERIOD_M5,2026.04.15 01:55:00,1776218100055,2026.04.15 01:55:00,SELL,REJECT,M15_NOT_BEARISH,10,4830.32114548,4809.31269721,BULLISH,4836.28,4836.36,4836.32,8.0
P2F4_CANDIDATE_S1,1776220800023_BUY,XAUUSD,PERIOD_M5,2026.04.15 02:40:00,1776220800023,2026.04.15 02:40:00,BUY,REJECT,SIDE_NOT_SELL,10,0.00000000,0.00000000,UNKNOWN,4842.29,4842.54,4842.41,25.0
P2F4_CANDIDATE_S1,1776222300059_SELL,XAUUSD,PERIOD_M5,2026.04.15 03:05:00,1776222300059,2026.04.15 03:05:00,SELL,REJECT,M15_NOT_BEARISH,10,4833.24760782,4814.45028767,BULLISH,4838.21,4838.42,4838.32,21.0
P2F4_CANDIDATE_S1,1776226500033_BUY,XAUUSD,PERIOD_M5,2026.04.15 04:15:00,1776226500033,2026.04.15 04:15:00,BUY,REJECT,SIDE_NOT_SELL,10,0.00000000,0.00000000,UNKNOWN,4850.26,4850.47,4850.36,21.0
P2F4_CANDIDATE_S1,1776231000070_SELL,XAUUSD,PERIOD_M5,2026.04.15 05:30:00,1776231000070,2026.04.15 05:30:00,SELL,REJECT,M15_NOT_BEARISH,10,4838.34578120,4823.15578263,BULLISH,4834.69,4834.90,4834.80,21.0
P2F4_CANDIDATE_S1,1776241200019_BUY,XAUUSD,PERIOD_M5,2026.04.15 08:20:00,1776241200019,2026.04.15 08:20:00,BUY,REJECT,SIDE_NOT_SELL,10,0.00000000,0.00000000,UNKNOWN,4829.97,4830.16,4830.07,19.0
P2F4_CANDIDATE_S1,1776241500024_SELL,XAUUSD,PERIOD_M5,2026.04.15 08:25:00,1776241500024,2026.04.15 08:25:00,SELL,REJECT,M15_NOT_BEARISH,10,4829.57914568,4823.88760023,BULLISH,4825.38,4825.47,4825.43,9.0
P2F4_CANDIDATE_S1,1776242100070_BUY,XAUUSD,PERIOD_M5,2026.04.15 08:35:00,1776242100070,2026.04.15 08:35:00,BUY,REJECT,SIDE_NOT_SELL,10,0.00000000,0.00000000,UNKNOWN,4827.08,4827.25,4827.16,17.0
P2F4_CANDIDATE_S1,1776242400025_SELL,XAUUSD,PERIOD_M5,2026.04.15 08:40:00,1776242400025,2026.04.15 08:40:00,SELL,REJECT,M15_NOT_BEARISH,10,4829.25827467,4823.97867473,BULLISH,4820.11,4820.28,4820.19,17.0
P2F4_CANDIDATE_S1,1776254400042_BUY,XAUUSD,PERIOD_M5,2026.04.15 12:00:00,1776254400042,2026.04.15 12:00:00,BUY,REJECT,SIDE_NOT_SELL,10,0.00000000,0.00000000,UNKNOWN,4818.44,4818.61,4818.52,17.0
P2F4_CANDIDATE_S1,1776255000026_SELL,XAUUSD,PERIOD_M5,2026.04.15 12:10:00,1776255000026,2026.04.15 12:10:00,SELL,ELIGIBLE,S1_SELL_M15_BEARISH,10,4817.41820020,4819.65338625,BEARISH,4806.14,4806.31,4806.23,17.0
P2F4_CANDIDATE_S1,1776262800160_BUY,XAUUSD,PERIOD_M5,2026.04.15 14:20:00,1776262800160,2026.04.15 14:20:00,BUY,REJECT,SIDE_NOT_SELL,10,0.00000000,0.00000000,UNKNOWN,4804.19,4804.36,4804.27,17.0
P2F4_CANDIDATE_S1,1776275700005_SELL,XAUUSD,PERIOD_M5,2026.04.15 17:55:00,1776275700005,2026.04.15 17:55:00,SELL,REJECT,M15_NOT_BEARISH,10,4816.02125389,4815.30911720,BULLISH,4814.79,4814.96,4814.88,17.0
P2F4_CANDIDATE_S1,1776291000020_BUY,XAUUSD,PERIOD_M5,2026.04.15 22:10:00,1776291000020,2026.04.15 22:10:00,BUY,REJECT,SIDE_NOT_SELL,10,0.00000000,0.00000000,UNKNOWN,4802.09,4802.26,4802.18,17.0
P2F4_CANDIDATE_S1,1776301203684_SELL,XAUUSD,PERIOD_M5,2026.04.16 01:00:03,1776301203684,2026.04.16 01:00:00,SELL,ELIGIBLE,S1_SELL_M15_BEARISH,10,4801.37215561,4806.82665515,BEARISH,4790.26,4791.34,4790.80,108.0
P2F4_CANDIDATE_S1,1776303300008_BUY,XAUUSD,PERIOD_M5,2026.04.16 01:35:00,1776303300008,2026.04.16 01:35:00,BUY,REJECT,SIDE_NOT_SELL,10,0.00000000,0.00000000,UNKNOWN,4800.93,4801.16,4801.05,23.0
P2F4_CANDIDATE_S1,1776314400007_SELL,XAUUSD,PERIOD_M5,2026.04.16 04:40:00,1776314400007,2026.04.16 04:40:00,SELL,REJECT,M15_NOT_BEARISH,10,4816.90380779,4812.31263109,BULLISH,4813.02,4813.20,4813.11,18.0
P2F4_CANDIDATE_S1,1776320100067_BUY,XAUUSD,PERIOD_M5,2026.04.16 06:15:00,1776320100067,2026.04.16 06:15:00,BUY,REJECT,SIDE_NOT_SELL,10,0.00000000,0.00000000,UNKNOWN,4826.56,4826.77,4826.67,21.0
P2F4_CANDIDATE_S1,1776329700014_SELL,XAUUSD,PERIOD_M5,2026.04.16 08:55:00,1776329700014,2026.04.16 08:55:00,SELL,REJECT,M15_NOT_BEARISH,10,4824.93024891,4818.78416534,BULLISH,4826.08,4826.25,4826.16,17.0
P2F4_CANDIDATE_S1,1776333900073_BUY,XAUUSD,PERIOD_M5,2026.04.16 10:05:00,1776333900073,2026.04.16 10:05:00,BUY,REJECT,SIDE_NOT_SELL,10,0.00000000,0.00000000,UNKNOWN,4828.91,4829.08,4828.99,17.0
P2F4_CANDIDATE_S1,1776334800004_SELL,XAUUSD,PERIOD_M5,2026.04.16 10:20:00,1776334800004,2026.04.16 10:20:00,SELL,REJECT,M15_NOT_BEARISH,10,4823.99760596,4819.61438978,BULLISH,4821.16,4821.51,4821.34,35.0
P2F4_CANDIDATE_S1,1776335400025_BUY,XAUUSD,PERIOD_M5,2026.04.16 10:30:00,1776335400025,2026.04.16 10:30:00,BUY,REJECT,SIDE_NOT_SELL,10,0.00000000,0.00000000,UNKNOWN,4828.24,4828.41,4828.32,17.0
P2F4_CANDIDATE_S1,1776337200018_SELL,XAUUSD,PERIOD_M5,2026.04.16 11:00:00,1776337200018,2026.04.16 11:00:00,SELL,REJECT,M15_NOT_BEARISH,10,4824.36116394,4820.28504047,BULLISH,4821.11,4821.28,4821.19,17.0
P2F4_CANDIDATE_S1,1776348300010_BUY,XAUUSD,PERIOD_M5,2026.04.16 14:05:00,1776348300010,2026.04.16 14:05:00,BUY,REJECT,SIDE_NOT_SELL,10,0.00000000,0.00000000,UNKNOWN,4820.00,4820.17,4820.09,17.0
P2F4_CANDIDATE_S1,1776358500013_SELL,XAUUSD,PERIOD_M5,2026.04.16 16:55:00,1776358500013,2026.04.16 16:55:00,SELL,ELIGIBLE,S1_SELL_M15_BEARISH,10,4816.54968325,4817.13998313,BEARISH,4794.50,4794.67,4794.59,17.0
P2F4_CANDIDATE_S1,1776364800026_BUY,XAUUSD,PERIOD_M5,2026.04.16 18:40:00,1776364800026,2026.04.16 18:40:00,BUY,REJECT,SIDE_NOT_SELL,10,0.00000000,0.00000000,UNKNOWN,4806.66,4806.83,4806.74,17.0
P2F4_CANDIDATE_S1,1776367800031_SELL,XAUUSD,PERIOD_M5,2026.04.16 19:30:00,1776367800031,2026.04.16 19:30:00,SELL,ELIGIBLE,S1_SELL_M15_BEARISH,10,4805.74367695,4810.96891263,BEARISH,4799.32,4799.49,4799.40,17.0
P2F4_CANDIDATE_S1,1776377400017_BUY,XAUUSD,PERIOD_M5,2026.04.16 22:10:00,1776377400017,2026.04.16 22:10:00,BUY,REJECT,SIDE_NOT_SELL,10,0.00000000,0.00000000,UNKNOWN,4793.39,4793.56,4793.48,17.0
P2F4_CANDIDATE_S1,1776394800031_SELL,XAUUSD,PERIOD_M5,2026.04.17 03:00:00,1776394800031,2026.04.17 03:00:00,SELL,ELIGIBLE,S1_SELL_M15_BEARISH,10,4794.37475524,4800.03740735,BEARISH,4791.76,4791.91,4791.84,15.0
P2F4_CANDIDATE_S1,1776397200042_BUY,XAUUSD,PERIOD_M5,2026.04.17 03:40:00,1776397200042,2026.04.17 03:40:00,BUY,REJECT,SIDE_NOT_SELL,10,0.00000000,0.00000000,UNKNOWN,4796.31,4796.52,4796.42,21.0
P2F4_CANDIDATE_S1,1776399000008_SELL,XAUUSD,PERIOD_M5,2026.04.17 04:10:00,1776399000008,2026.04.17 04:10:00,SELL,ELIGIBLE,S1_SELL_M15_BEARISH,10,4794.37637454,4799.18004756,BEARISH,4783.25,4783.46,4783.35,21.0
P2F4_CANDIDATE_S1,1776402900005_BUY,XAUUSD,PERIOD_M5,2026.04.17 05:15:00,1776402900005,2026.04.17 05:15:00,BUY,REJECT,SIDE_NOT_SELL,10,0.00000000,0.00000000,UNKNOWN,4791.39,4791.53,4791.46,14.0
P2F4_CANDIDATE_S1,1776416400062_SELL,XAUUSD,PERIOD_M5,2026.04.17 09:00:00,1776416400062,2026.04.17 09:00:00,SELL,ELIGIBLE,S1_SELL_M15_BEARISH,10,4795.51681884,4796.19827660,BEARISH,4794.24,4794.41,4794.32,17.0
P2F4_CANDIDATE_S1,1776426300019_BUY,XAUUSD,PERIOD_M5,2026.04.17 11:45:00,1776426300019,2026.04.17 11:45:00,BUY,REJECT,SIDE_NOT_SELL,10,0.00000000,0.00000000,UNKNOWN,4796.85,4797.12,4796.99,27.0
P2F4_CANDIDATE_S1,1776431400081_SELL,XAUUSD,PERIOD_M5,2026.04.17 13:10:00,1776431400081,2026.04.17 13:10:00,SELL,ELIGIBLE,S1_SELL_M15_BEARISH,10,4791.52328155,4793.12400562,BEARISH,4789.06,4789.23,4789.15,17.0
P2F4_CANDIDATE_S1,1776436500029_BUY,XAUUSD,PERIOD_M5,2026.04.17 14:35:00,1776436500029,2026.04.17 14:35:00,BUY,REJECT,SIDE_NOT_SELL,10,0.00000000,0.00000000,UNKNOWN,4793.35,4793.52,4793.44,17.0
P2F4_CANDIDATE_S1,1776456000057_SELL,XAUUSD,PERIOD_M5,2026.04.17 20:00:00,1776456000057,2026.04.17 20:00:00,SELL,REJECT,M15_NOT_BEARISH,10,4855.14260680,4831.02663044,BULLISH,4866.97,4867.14,4867.06,17.0
P2F4_CANDIDATE_S1,1776657900013_BUY,XAUUSD,PERIOD_M5,2026.04.20 04:05:00,1776657900013,2026.04.20 04:05:00,BUY,REJECT,SIDE_NOT_SELL,10,0.00000000,0.00000000,UNKNOWN,4787.67,4787.88,4787.77,21.0
P2F4_CANDIDATE_S1,1776665700047_SELL,XAUUSD,PERIOD_M5,2026.04.20 06:15:00,1776665700047,2026.04.20 06:15:00,SELL,ELIGIBLE,S1_SELL_M15_BEARISH,10,4797.19588986,4809.51310529,BEARISH,4791.58,4791.79,4791.68,21.0
P2F4_CANDIDATE_S1,1776679200020_BUY,XAUUSD,PERIOD_M5,2026.04.20 10:00:00,1776679200020,2026.04.20 10:00:00,BUY,REJECT,SIDE_NOT_SELL,10,0.00000000,0.00000000,UNKNOWN,4795.40,4795.57,4795.48,17.0
P2F4_CANDIDATE_S1,1776683100027_SELL,XAUUSD,PERIOD_M5,2026.04.20 11:05:00,1776683100027,2026.04.20 11:05:00,SELL,ELIGIBLE,S1_SELL_M15_BEARISH,10,4792.74329576,4799.91703969,BEARISH,4788.69,4788.86,4788.77,17.0
P2F4_CANDIDATE_S1,1776686100053_BUY,XAUUSD,PERIOD_M5,2026.04.20 11:55:00,1776686100053,2026.04.20 11:55:00,BUY,REJECT,SIDE_NOT_SELL,10,0.00000000,0.00000000,UNKNOWN,4793.76,4793.93,4793.85,17.0
P2F4_CANDIDATE_S1,1776688500042_SELL,XAUUSD,PERIOD_M5,2026.04.20 12:35:00,1776688500042,2026.04.20 12:35:00,SELL,ELIGIBLE,S1_SELL_M15_BEARISH,10,4792.94926750,4798.45418805,BEARISH,4786.16,4786.31,4786.24,15.0
P2F4_CANDIDATE_S1,1776690600035_BUY,XAUUSD,PERIOD_M5,2026.04.20 13:10:00,1776690600035,2026.04.20 13:10:00,BUY,REJECT,SIDE_NOT_SELL,10,0.00000000,0.00000000,UNKNOWN,4797.80,4797.97,4797.89,17.0
P2F4_CANDIDATE_S1,1776694200012_SELL,XAUUSD,PERIOD_M5,2026.04.20 14:10:00,1776694200012,2026.04.20 14:10:00,SELL,ELIGIBLE,S1_SELL_M15_BEARISH,10,4793.86740292,4797.68225857,BEARISH,4792.66,4792.82,4792.74,16.0
P2F4_CANDIDATE_S1,1776696600052_BUY,XAUUSD,PERIOD_M5,2026.04.20 14:50:00,1776696600052,2026.04.20 14:50:00,BUY,REJECT,SIDE_NOT_SELL,10,0.00000000,0.00000000,UNKNOWN,4801.71,4801.84,4801.77,13.0
P2F4_CANDIDATE_S1,1776708000021_SELL,XAUUSD,PERIOD_M5,2026.04.20 18:00:00,1776708000021,2026.04.20 18:00:00,SELL,REJECT,M15_NOT_BEARISH,10,4808.53617233,4803.82316305,BULLISH,4805.38,4805.55,4805.47,17.0
P2F4_CANDIDATE_S1,1776715500096_BUY,XAUUSD,PERIOD_M5,2026.04.20 20:05:00,1776715500096,2026.04.20 20:05:00,BUY,REJECT,SIDE_NOT_SELL,10,0.00000000,0.00000000,UNKNOWN,4807.50,4807.67,4807.59,17.0
P2F4_CANDIDATE_S1,1776740100142_SELL,XAUUSD,PERIOD_M5,2026.04.21 02:55:00,1776740100142,2026.04.21 02:55:00,SELL,REJECT,M15_NOT_BEARISH,10,4819.09880530,4812.01996977,BULLISH,4820.61,4820.86,4820.73,25.0
P2F4_CANDIDATE_S1,1776741000013_BUY,XAUUSD,PERIOD_M5,2026.04.21 03:10:00,1776741000013,2026.04.21 03:10:00,BUY,REJECT,SIDE_NOT_SELL,10,0.00000000,0.00000000,UNKNOWN,4828.31,4828.52,4828.42,21.0
P2F4_CANDIDATE_S1,1776742500143_SELL,XAUUSD,PERIOD_M5,2026.04.21 03:35:00,1776742500143,2026.04.21 03:35:00,SELL,REJECT,M15_NOT_BEARISH,10,4820.18665647,4813.30011341,BULLISH,4818.03,4818.24,4818.14,21.0
P2F4_CANDIDATE_S1,1776768600001_BUY,XAUUSD,PERIOD_M5,2026.04.21 10:50:00,1776768600001,2026.04.21 10:50:00,BUY,REJECT,SIDE_NOT_SELL,10,0.00000000,0.00000000,UNKNOWN,4790.46,4790.63,4790.55,17.0
P2F4_CANDIDATE_S1,1776770100006_SELL,XAUUSD,PERIOD_M5,2026.04.21 11:15:00,1776770100006,2026.04.21 11:15:00,SELL,ELIGIBLE,S1_SELL_M15_BEARISH,10,4788.79041709,4798.19866193,BEARISH,4775.94,4776.21,4776.07,27.0
P2F4_CANDIDATE_S1,1776771000075_BUY,XAUUSD,PERIOD_M5,2026.04.21 11:30:00,1776771000075,2026.04.21 11:30:00,BUY,REJECT,SIDE_NOT_SELL,10,0.00000000,0.00000000,UNKNOWN,4787.30,4787.44,4787.37,14.0
P2F4_CANDIDATE_S1,1776774600018_SELL,XAUUSD,PERIOD_M5,2026.04.21 12:30:00,1776774600018,2026.04.21 12:30:00,SELL,ELIGIBLE,S1_SELL_M15_BEARISH,10,4787.66674965,4796.01436364,BEARISH,4782.31,4782.47,4782.39,16.0
P2F4_CANDIDATE_S1,1776776100072_BUY,XAUUSD,PERIOD_M5,2026.04.21 12:55:00,1776776100072,2026.04.21 12:55:00,BUY,REJECT,SIDE_NOT_SELL,10,0.00000000,0.00000000,UNKNOWN,4787.50,4787.67,4787.59,17.0
P2F4_CANDIDATE_S1,1776776400034_SELL,XAUUSD,PERIOD_M5,2026.04.21 13:00:00,1776776400034,2026.04.21 13:00:00,SELL,ELIGIBLE,S1_SELL_M15_BEARISH,10,4787.24461819,4795.19748831,BEARISH,4783.72,4783.89,4783.81,17.0
P2F4_CANDIDATE_S1,1776779100038_BUY,XAUUSD,PERIOD_M5,2026.04.21 13:45:00,1776779100038,2026.04.21 13:45:00,BUY,REJECT,SIDE_NOT_SELL,10,0.00000000,0.00000000,UNKNOWN,4786.26,4786.43,4786.35,17.0
P2F4_CANDIDATE_S1,1776780900019_SELL,XAUUSD,PERIOD_M5,2026.04.21 14:15:00,1776780900019,2026.04.21 14:15:00,SELL,ELIGIBLE,S1_SELL_M15_BEARISH,10,4786.29056572,4793.30981084,BEARISH,4781.77,4781.94,4781.85,17.0
P2F4_CANDIDATE_S1,1776782400098_BUY,XAUUSD,PERIOD_M5,2026.04.21 14:40:00,1776782400098,2026.04.21 14:40:00,BUY,REJECT,SIDE_NOT_SELL,10,0.00000000,0.00000000,UNKNOWN,4789.94,4790.11,4790.02,17.0
P2F4_CANDIDATE_S1,1776785400004_SELL,XAUUSD,PERIOD_M5,2026.04.21 15:30:00,1776785400004,2026.04.21 15:30:00,SELL,ELIGIBLE,S1_SELL_M15_BEARISH,10,4787.14666792,4792.45439016,BEARISH,4780.77,4781.16,4780.97,39.0
P2F4_CANDIDATE_S1,1776790200015_BUY,XAUUSD,PERIOD_M5,2026.04.21 16:50:00,1776790200015,2026.04.21 16:50:00,BUY,REJECT,SIDE_NOT_SELL,10,0.00000000,0.00000000,UNKNOWN,4788.91,4789.08,4788.99,17.0
P2F4_CANDIDATE_S1,1776791700086_SELL,XAUUSD,PERIOD_M5,2026.04.21 17:15:00,1776791700086,2026.04.21 17:15:00,SELL,ELIGIBLE,S1_SELL_M15_BEARISH,10,4782.60085293,4788.90234090,BEARISH,4778.42,4778.54,4778.48,12.0
P2F4_CANDIDATE_S1,1776810600041_BUY,XAUUSD,PERIOD_M5,2026.04.21 22:30:00,1776810600041,2026.04.21 22:30:00,BUY,REJECT,SIDE_NOT_SELL,10,0.00000000,0.00000000,UNKNOWN,4713.90,4714.07,4713.98,17.0
P2F4_CANDIDATE_S1,1776811200021_SELL,XAUUSD,PERIOD_M5,2026.04.21 22:40:00,1776811200021,2026.04.21 22:40:00,SELL,ELIGIBLE,S1_SELL_M15_BEARISH,10,4722.92349838,4749.36439938,BEARISH,4701.19,4701.36,4701.27,17.0
P2F4_CANDIDATE_S1,1776820500010_BUY,XAUUSD,PERIOD_M5,2026.04.22 01:15:00,1776820500010,2026.04.22 01:15:00,BUY,REJECT,SIDE_NOT_SELL,10,0.00000000,0.00000000,UNKNOWN,4721.83,4722.08,4721.95,25.0
P2F4_CANDIDATE_S1,1776843600143_SELL,XAUUSD,PERIOD_M5,2026.04.22 07:40:00,1776843600143,2026.04.22 07:40:00,SELL,REJECT,M15_NOT_BEARISH,10,4748.87238263,4745.94591819,BULLISH,4753.76,4753.97,4753.86,21.0
P2F4_CANDIDATE_S1,1776844200027_BUY,XAUUSD,PERIOD_M5,2026.04.22 07:50:00,1776844200027,2026.04.22 07:50:00,BUY,REJECT,SIDE_NOT_SELL,10,0.00000000,0.00000000,UNKNOWN,4758.07,4758.16,4758.11,9.0
P2F4_CANDIDATE_S1,1776844500064_SELL,XAUUSD,PERIOD_M5,2026.04.22 07:55:00,1776844500064,2026.04.22 07:55:00,SELL,REJECT,M15_NOT_BEARISH,10,4749.59596524,4746.35862728,BULLISH,4755.03,4755.19,4755.11,16.0
P2F4_CANDIDATE_S1,1776846000007_BUY,XAUUSD,PERIOD_M5,2026.04.22 08:20:00,1776846000007,2026.04.22 08:20:00,BUY,REJECT,SIDE_NOT_SELL,10,0.00000000,0.00000000,UNKNOWN,4768.57,4768.74,4768.65,17.0
P2F4_CANDIDATE_S1,1776855000033_SELL,XAUUSD,PERIOD_M5,2026.04.22 10:50:00,1776855000033,2026.04.22 10:50:00,SELL,REJECT,M15_NOT_BEARISH,10,4760.15364154,4753.23126564,BULLISH,4761.20,4761.37,4761.28,17.0
P2F4_CANDIDATE_S1,1776866400003_BUY,XAUUSD,PERIOD_M5,2026.04.22 14:00:00,1776866400003,2026.04.22 14:00:00,BUY,REJECT,SIDE_NOT_SELL,10,0.00000000,0.00000000,UNKNOWN,4759.23,4759.40,4759.31,17.0
P2F4_CANDIDATE_S1,1776869100055_SELL,XAUUSD,PERIOD_M5,2026.04.22 14:45:00,1776869100055,2026.04.22 14:45:00,SELL,REJECT,M15_NOT_BEARISH,10,4756.52840649,4754.51891831,BULLISH,4748.60,4748.77,4748.69,17.0
P2F4_CANDIDATE_S1,1776876600098_BUY,XAUUSD,PERIOD_M5,2026.04.22 16:50:00,1776876600098,2026.04.22 16:50:00,BUY,REJECT,SIDE_NOT_SELL,10,0.00000000,0.00000000,UNKNOWN,4756.82,4756.99,4756.90,17.0
P2F4_CANDIDATE_S1,1776877800023_SELL,XAUUSD,PERIOD_M5,2026.04.22 17:10:00,1776877800023,2026.04.22 17:10:00,SELL,ELIGIBLE,S1_SELL_M15_BEARISH,10,4752.58855045,4753.08203936,BEARISH,4746.13,4746.30,4746.22,17.0
P2F4_CANDIDATE_S1,1776888900029_BUY,XAUUSD,PERIOD_M5,2026.04.22 20:15:00,1776888900029,2026.04.22 20:15:00,BUY,REJECT,SIDE_NOT_SELL,10,0.00000000,0.00000000,UNKNOWN,4735.28,4735.45,4735.36,17.0
P2F4_CANDIDATE_S1,1776893400039_SELL,XAUUSD,PERIOD_M5,2026.04.22 21:30:00,1776893400039,2026.04.22 21:30:00,SELL,ELIGIBLE,S1_SELL_M15_BEARISH,10,4736.50843964,4743.06536191,BEARISH,4730.24,4730.41,4730.32,17.0
P2F4_CANDIDATE_S1,1776894000014_BUY,XAUUSD,PERIOD_M5,2026.04.22 21:40:00,1776894000014,2026.04.22 21:40:00,BUY,REJECT,SIDE_NOT_SELL,10,0.00000000,0.00000000,UNKNOWN,4737.96,4738.07,4738.01,11.0
P2F4_CANDIDATE_S1,1776907200045_SELL,XAUUSD,PERIOD_M5,2026.04.23 01:20:00,1776907200045,2026.04.23 01:20:00,SELL,ELIGIBLE,S1_SELL_M15_BEARISH,10,4738.18113825,4742.30390670,BEARISH,4736.26,4736.51,4736.39,25.0
P2F4_CANDIDATE_S1,1776915300171_BUY,XAUUSD,PERIOD_M5,2026.04.23 03:35:00,1776915300171,2026.04.23 03:35:00,BUY,REJECT,SIDE_NOT_SELL,10,0.00000000,0.00000000,UNKNOWN,4746.95,4747.13,4747.04,18.0
P2F4_CANDIDATE_S1,1776919200001_SELL,XAUUSD,PERIOD_M5,2026.04.23 04:40:00,1776919200001,2026.04.23 04:40:00,SELL,ELIGIBLE,S1_SELL_M15_BEARISH,10,4733.39078301,4737.63915975,BEARISH,4732.67,4732.88,4732.77,21.0
P2F4_CANDIDATE_S1,1776932100073_BUY,XAUUSD,PERIOD_M5,2026.04.23 08:15:00,1776932100073,2026.04.23 08:15:00,BUY,REJECT,SIDE_NOT_SELL,10,0.00000000,0.00000000,UNKNOWN,4707.81,4707.98,4707.90,17.0
P2F4_CANDIDATE_S1,1776933600214_SELL,XAUUSD,PERIOD_M5,2026.04.23 08:40:00,1776933600214,2026.04.23 08:40:00,SELL,ELIGIBLE,S1_SELL_M15_BEARISH,10,4711.69054204,4723.17385535,BEARISH,4702.96,4703.13,4703.05,17.0
P2F4_CANDIDATE_S1,1776934200033_BUY,XAUUSD,PERIOD_M5,2026.04.23 08:50:00,1776934200033,2026.04.23 08:50:00,BUY,REJECT,SIDE_NOT_SELL,10,0.00000000,0.00000000,UNKNOWN,4710.51,4710.68,4710.60,17.0
P2F4_CANDIDATE_S1,1776940200025_SELL,XAUUSD,PERIOD_M5,2026.04.23 10:30:00,1776940200025,2026.04.23 10:30:00,SELL,ELIGIBLE,S1_SELL_M15_BEARISH,10,4711.22902645,4719.78642500,BEARISH,4706.11,4706.30,4706.20,19.0
P2F4_CANDIDATE_S1,1776941100093_BUY,XAUUSD,PERIOD_M5,2026.04.23 10:45:00,1776941100093,2026.04.23 10:45:00,BUY,REJECT,SIDE_NOT_SELL,10,0.00000000,0.00000000,UNKNOWN,4713.75,4713.92,4713.84,17.0
P2F4_CANDIDATE_S1,1776944700034_SELL,XAUUSD,PERIOD_M5,2026.04.23 11:45:00,1776944700034,2026.04.23 11:45:00,SELL,ELIGIBLE,S1_SELL_M15_BEARISH,10,4712.14350748,4718.71264985,BEARISH,4703.82,4703.99,4703.90,17.0
P2F4_CANDIDATE_S1,1776954000008_BUY,XAUUSD,PERIOD_M5,2026.04.23 14:20:00,1776954000008,2026.04.23 14:20:00,BUY,REJECT,SIDE_NOT_SELL,10,0.00000000,0.00000000,UNKNOWN,4702.36,4702.53,4702.44,17.0
P2F4_CANDIDATE_S1,1776964500015_SELL,XAUUSD,PERIOD_M5,2026.04.23 17:15:00,1776964500015,2026.04.23 17:15:00,SELL,REJECT,M15_NOT_BEARISH,10,4719.33076355,4716.85337173,BULLISH,4724.26,4724.43,4724.35,17.0
P2F4_CANDIDATE_S1,1776965100037_BUY,XAUUSD,PERIOD_M5,2026.04.23 17:25:00,1776965100037,2026.04.23 17:25:00,BUY,REJECT,SIDE_NOT_SELL,10,0.00000000,0.00000000,UNKNOWN,4730.61,4730.71,4730.66,10.0
P2F4_CANDIDATE_S1,1776970200021_SELL,XAUUSD,PERIOD_M5,2026.04.23 18:50:00,1776970200021,2026.04.23 18:50:00,SELL,REJECT,M15_NOT_BEARISH,10,4724.73505220,4719.95095436,BULLISH,4724.84,4725.00,4724.92,16.0
P2F4_CANDIDATE_S1,1776973500073_BUY,XAUUSD,PERIOD_M5,2026.04.23 19:45:00,1776973500073,2026.04.23 19:45:00,BUY,REJECT,SIDE_NOT_SELL,10,0.00000000,0.00000000,UNKNOWN,4734.02,4734.19,4734.10,17.0
P2F4_CANDIDATE_S1,1776975000027_SELL,XAUUSD,PERIOD_M5,2026.04.23 20:10:00,1776975000027,2026.04.23 20:10:00,SELL,REJECT,M15_NOT_BEARISH,10,4725.55862242,4721.11156880,BULLISH,4710.60,4710.77,4710.69,17.0
P2F4_CANDIDATE_S1,1776980400014_BUY,XAUUSD,PERIOD_M5,2026.04.23 21:40:00,1776980400014,2026.04.23 21:40:00,BUY,REJECT,SIDE_NOT_SELL,10,0.00000000,0.00000000,UNKNOWN,4714.11,4714.25,4714.18,14.0
P2F4_CANDIDATE_S1,1776980700137_SELL,XAUUSD,PERIOD_M5,2026.04.23 21:45:00,1776980700137,2026.04.23 21:45:00,SELL,ELIGIBLE,S1_SELL_M15_BEARISH,10,4716.72303783,4717.80698582,BEARISH,4711.36,4711.53,4711.44,17.0
P2F4_CANDIDATE_S1,1776999000141_BUY,XAUUSD,PERIOD_M5,2026.04.24 02:50:00,1776999000141,2026.04.24 02:50:00,BUY,REJECT,SIDE_NOT_SELL,10,0.00000000,0.00000000,UNKNOWN,4696.89,4697.13,4697.01,24.0
P2F4_CANDIDATE_S1,1776999900091_SELL,XAUUSD,PERIOD_M5,2026.04.24 03:05:00,1776999900091,2026.04.24 03:05:00,SELL,ELIGIBLE,S1_SELL_M15_BEARISH,10,4700.88797889,4708.63465210,BEARISH,4691.93,4691.99,4691.96,6.0
P2F4_CANDIDATE_S1,1777000200073_BUY,XAUUSD,PERIOD_M5,2026.04.24 03:10:00,1777000200073,2026.04.24 03:10:00,BUY,REJECT,SIDE_NOT_SELL,10,0.00000000,0.00000000,UNKNOWN,4696.32,4696.53,4696.42,21.0
P2F4_CANDIDATE_S1,1777005600031_SELL,XAUUSD,PERIOD_M5,2026.04.24 04:40:00,1777005600031,2026.04.24 04:40:00,SELL,ELIGIBLE,S1_SELL_M15_BEARISH,10,4701.84286986,4707.42138284,BEARISH,4695.99,4696.20,4696.09,21.0
P2F4_CANDIDATE_S1,1777019100017_BUY,XAUUSD,PERIOD_M5,2026.04.24 08:25:00,1777019100017,2026.04.24 08:25:00,BUY,REJECT,SIDE_NOT_SELL,10,0.00000000,0.00000000,UNKNOWN,4676.29,4676.46,4676.38,17.0
P2F4_CANDIDATE_S1,1777023300011_SELL,XAUUSD,PERIOD_M5,2026.04.24 09:35:00,1777023300011,2026.04.24 09:35:00,SELL,ELIGIBLE,S1_SELL_M15_BEARISH,10,4680.19887892,4690.89727546,BEARISH,4672.05,4672.22,4672.14,17.0
P2F4_CANDIDATE_S1,1777026000102_BUY,XAUUSD,PERIOD_M5,2026.04.24 10:20:00,1777026000102,2026.04.24 10:20:00,BUY,REJECT,SIDE_NOT_SELL,10,0.00000000,0.00000000,UNKNOWN,4681.41,4681.58,4681.49,17.0
P2F4_CANDIDATE_S1,1777034400014_SELL,XAUUSD,PERIOD_M5,2026.04.24 12:40:00,1777034400014,2026.04.24 12:40:00,SELL,ELIGIBLE,S1_SELL_M15_BEARISH,10,4684.79854404,4689.01033668,BEARISH,4682.90,4683.07,4682.98,17.0
P2F4_CANDIDATE_S1,1777039800032_BUY,XAUUSD,PERIOD_M5,2026.04.24 14:10:00,1777039800032,2026.04.24 14:10:00,BUY,REJECT,SIDE_NOT_SELL,10,0.00000000,0.00000000,UNKNOWN,4696.29,4696.34,4696.32,5.0
P2F4_CANDIDATE_S1,1777046100008_SELL,XAUUSD,PERIOD_M5,2026.04.24 15:55:00,1777046100008,2026.04.24 15:55:00,SELL,REJECT,M15_NOT_BEARISH,10,4694.63489681,4691.93721897,BULLISH,4693.60,4693.77,4693.69,17.0
P2F4_CANDIDATE_S1,1777047300009_BUY,XAUUSD,PERIOD_M5,2026.04.24 16:15:00,1777047300009,2026.04.24 16:15:00,BUY,REJECT,SIDE_NOT_SELL,10,0.00000000,0.00000000,UNKNOWN,4702.99,4703.16,4703.07,17.0
P2F4_CANDIDATE_S1,1777047900028_SELL,XAUUSD,PERIOD_M5,2026.04.24 16:25:00,1777047900028,2026.04.24 16:25:00,SELL,REJECT,M15_NOT_BEARISH,10,4695.95582256,4692.70195415,BULLISH,4696.22,4696.39,4696.31,17.0
P2F4_CANDIDATE_S1,1777049100036_BUY,XAUUSD,PERIOD_M5,2026.04.24 16:45:00,1777049100036,2026.04.24 16:45:00,BUY,REJECT,SIDE_NOT_SELL,10,0.00000000,0.00000000,UNKNOWN,4708.30,4708.47,4708.39,17.0
P2F4_CANDIDATE_S1,1777063200029_SELL,XAUUSD,PERIOD_M5,2026.04.24 20:40:00,1777063200029,2026.04.24 20:40:00,SELL,REJECT,M15_NOT_BEARISH,10,4718.52849509,4707.51554550,BULLISH,4721.66,4721.73,4721.69,7.0
P2F4_CANDIDATE_S1,1777262400010_BUY,XAUUSD,PERIOD_M5,2026.04.27 04:00:00,1777262400010,2026.04.27 04:00:00,BUY,REJECT,SIDE_NOT_SELL,10,0.00000000,0.00000000,UNKNOWN,4697.78,4697.99,4697.89,21.0
P2F4_CANDIDATE_S1,1777278000036_SELL,XAUUSD,PERIOD_M5,2026.04.27 08:20:00,1777278000036,2026.04.27 08:20:00,SELL,REJECT,M15_NOT_BEARISH,10,4714.14516405,4708.33221348,BULLISH,4718.06,4718.23,4718.15,17.0
P2F4_CANDIDATE_S1,1777284900196_BUY,XAUUSD,PERIOD_M5,2026.04.27 10:15:00,1777284900196,2026.04.27 10:15:00,BUY,REJECT,SIDE_NOT_SELL,10,0.00000000,0.00000000,UNKNOWN,4717.06,4717.33,4717.19,27.0
P2F4_CANDIDATE_S1,1777287300035_SELL,XAUUSD,PERIOD_M5,2026.04.27 10:55:00,1777287300035,2026.04.27 10:55:00,SELL,REJECT,M15_NOT_BEARISH,10,4714.18989925,4710.23344450,BULLISH,4712.05,4712.30,4712.18,25.0
P2F4_CANDIDATE_S1,1777297500002_BUY,XAUUSD,PERIOD_M5,2026.04.27 13:45:00,1777297500002,2026.04.27 13:45:00,BUY,REJECT,SIDE_NOT_SELL,10,0.00000000,0.00000000,UNKNOWN,4709.03,4709.20,4709.11,17.0
P2F4_CANDIDATE_S1,1777299600006_SELL,XAUUSD,PERIOD_M5,2026.04.27 14:20:00,1777299600006,2026.04.27 14:20:00,SELL,ELIGIBLE,S1_SELL_M15_BEARISH,10,4708.29328284,4708.72946552,BEARISH,4704.06,4704.23,4704.15,17.0
P2F4_CANDIDATE_S1,1777302900012_BUY,XAUUSD,PERIOD_M5,2026.04.27 15:15:00,1777302900012,2026.04.27 15:15:00,BUY,REJECT,SIDE_NOT_SELL,10,0.00000000,0.00000000,UNKNOWN,4708.91,4709.08,4708.99,17.0
P2F4_CANDIDATE_S1,1777304400054_SELL,XAUUSD,PERIOD_M5,2026.04.27 15:40:00,1777304400054,2026.04.27 15:40:00,SELL,ELIGIBLE,S1_SELL_M15_BEARISH,10,4707.35648318,4708.19743164,BEARISH,4701.60,4701.77,4701.69,17.0
P2F4_CANDIDATE_S1,1777322100008_BUY,XAUUSD,PERIOD_M5,2026.04.27 20:35:00,1777322100008,2026.04.27 20:35:00,BUY,REJECT,SIDE_NOT_SELL,10,0.00000000,0.00000000,UNKNOWN,4685.09,4685.26,4685.18,17.0
P2F4_CANDIDATE_S1,1777329600095_SELL,XAUUSD,PERIOD_M5,2026.04.27 22:40:00,1777329600095,2026.04.27 22:40:00,SELL,ELIGIBLE,S1_SELL_M15_BEARISH,10,4682.89313831,4690.89396047,BEARISH,4677.56,4677.73,4677.65,17.0
P2F4_CANDIDATE_S1,1777338600004_BUY,XAUUSD,PERIOD_M5,2026.04.28 01:10:00,1777338600004,2026.04.28 01:10:00,BUY,REJECT,SIDE_NOT_SELL,10,0.00000000,0.00000000,UNKNOWN,4688.90,4689.15,4689.02,25.0
P2F4_CANDIDATE_S1,1777349100017_SELL,XAUUSD,PERIOD_M5,2026.04.28 04:05:00,1777349100017,2026.04.28 04:05:00,SELL,ELIGIBLE,S1_SELL_M15_BEARISH,10,4689.17799148,4690.70615388,BEARISH,4689.34,4689.55,4689.44,21.0
P2F4_CANDIDATE_S1,1777392000015_BUY,XAUUSD,PERIOD_M5,2026.04.28 16:00:00,1777392000015,2026.04.28 16:00:00,BUY,REJECT,SIDE_NOT_SELL,10,0.00000000,0.00000000,UNKNOWN,4593.78,4593.95,4593.86,17.0
P2F4_CANDIDATE_S1,1777392600017_SELL,XAUUSD,PERIOD_M5,2026.04.28 16:10:00,1777392600017,2026.04.28 16:10:00,SELL,ELIGIBLE,S1_SELL_M15_BEARISH,10,4602.29422951,4629.12799812,BEARISH,4573.11,4573.15,4573.13,4.0
P2F4_CANDIDATE_S1,1777401600069_BUY,XAUUSD,PERIOD_M5,2026.04.28 18:40:00,1777401600069,2026.04.28 18:40:00,BUY,REJECT,SIDE_NOT_SELL,10,0.00000000,0.00000000,UNKNOWN,4578.81,4578.93,4578.87,12.0
P2F4_CANDIDATE_S1,1777426800238_SELL,XAUUSD,PERIOD_M5,2026.04.29 01:40:00,1777426800238,2026.04.29 01:40:00,SELL,ELIGIBLE,S1_SELL_M15_BEARISH,10,4593.48722655,4601.56814326,BEARISH,4594.18,4594.43,4594.31,25.0
P2F4_CANDIDATE_S1,1777431900106_BUY,XAUUSD,PERIOD_M5,2026.04.29 03:05:00,1777431900106,2026.04.29 03:05:00,BUY,REJECT,SIDE_NOT_SELL,10,0.00000000,0.00000000,UNKNOWN,4606.48,4606.69,4606.58,21.0
P2F4_CANDIDATE_S1,1777435500035_SELL,XAUUSD,PERIOD_M5,2026.04.29 04:05:00,1777435500035,2026.04.29 04:05:00,SELL,ELIGIBLE,S1_SELL_M15_BEARISH,10,4596.26253817,4600.13086415,BEARISH,4582.65,4582.85,4582.75,20.0
P2F4_CANDIDATE_S1,1777439700006_BUY,XAUUSD,PERIOD_M5,2026.04.29 05:15:00,1777439700006,2026.04.29 05:15:00,BUY,REJECT,SIDE_NOT_SELL,10,0.00000000,0.00000000,UNKNOWN,4600.99,4601.20,4601.09,21.0
P2F4_CANDIDATE_S1,1777445700158_SELL,XAUUSD,PERIOD_M5,2026.04.29 06:55:00,1777445700158,2026.04.29 06:55:00,SELL,ELIGIBLE,S1_SELL_M15_BEARISH,10,4595.09336858,4597.83815211,BEARISH,4595.07,4595.28,4595.17,21.0
P2F4_CANDIDATE_S1,1777446300007_BUY,XAUUSD,PERIOD_M5,2026.04.29 07:05:00,1777446300007,2026.04.29 07:05:00,BUY,REJECT,SIDE_NOT_SELL,10,0.00000000,0.00000000,UNKNOWN,4597.78,4597.99,4597.89,21.0
P2F4_CANDIDATE_S1,1777452000029_SELL,XAUUSD,PERIOD_M5,2026.04.29 08:40:00,1777452000029,2026.04.29 08:40:00,SELL,ELIGIBLE,S1_SELL_M15_BEARISH,10,4598.15423285,4598.61948565,BEARISH,4595.46,4595.63,4595.55,17.0
P2F4_CANDIDATE_S1,1777465200103_BUY,XAUUSD,PERIOD_M5,2026.04.29 12:20:00,1777465200103,2026.04.29 12:20:00,BUY,REJECT,SIDE_NOT_SELL,10,0.00000000,0.00000000,UNKNOWN,4579.62,4579.76,4579.69,14.0
P2F4_CANDIDATE_S1,1777465800083_SELL,XAUUSD,PERIOD_M5,2026.04.29 12:30:00,1777465800083,2026.04.29 12:30:00,SELL,ELIGIBLE,S1_SELL_M15_BEARISH,10,4578.67583844,4587.82271144,BEARISH,4565.74,4565.78,4565.76,4.0
P2F4_CANDIDATE_S1,1777469700005_BUY,XAUUSD,PERIOD_M5,2026.04.29 13:35:00,1777469700005,2026.04.29 13:35:00,BUY,REJECT,SIDE_NOT_SELL,10,0.00000000,0.00000000,UNKNOWN,4573.26,4573.43,4573.35,17.0
P2F4_CANDIDATE_S1,1777470900034_SELL,XAUUSD,PERIOD_M5,2026.04.29 13:55:00,1777470900034,2026.04.29 13:55:00,SELL,ELIGIBLE,S1_SELL_M15_BEARISH,10,4573.19627205,4583.57700988,BEARISH,4566.54,4566.71,4566.63,17.0
P2F4_CANDIDATE_S1,1777471200050_BUY,XAUUSD,PERIOD_M5,2026.04.29 14:00:00,1777471200050,2026.04.29 14:00:00,BUY,REJECT,SIDE_NOT_SELL,10,0.00000000,0.00000000,UNKNOWN,4569.83,4569.98,4569.90,15.0
P2F4_CANDIDATE_S1,1777472700059_SELL,XAUUSD,PERIOD_M5,2026.04.29 14:25:00,1777472700059,2026.04.29 14:25:00,SELL,ELIGIBLE,S1_SELL_M15_BEARISH,10,4572.41722043,4582.45057313,BEARISH,4566.22,4566.39,4566.31,17.0
P2F4_CANDIDATE_S1,1777485900001_BUY,XAUUSD,PERIOD_M5,2026.04.29 18:05:00,1777485900001,2026.04.29 18:05:00,BUY,REJECT,SIDE_NOT_SELL,10,0.00000000,0.00000000,UNKNOWN,4542.98,4543.10,4543.04,12.0
P2F4_CANDIDATE_S1,1777493100042_SELL,XAUUSD,PERIOD_M5,2026.04.29 20:05:00,1777493100042,2026.04.29 20:05:00,SELL,ELIGIBLE,S1_SELL_M15_BEARISH,10,4549.06486288,4560.71267544,BEARISH,4545.09,4545.20,4545.15,11.0
P2F4_CANDIDATE_S1,1777493700080_BUY,XAUUSD,PERIOD_M5,2026.04.29 20:15:00,1777493700080,2026.04.29 20:15:00,BUY,REJECT,SIDE_NOT_SELL,10,0.00000000,0.00000000,UNKNOWN,4550.65,4550.72,4550.68,7.0
P2F4_CANDIDATE_S1,1777494900097_SELL,XAUUSD,PERIOD_M5,2026.04.29 20:35:00,1777494900097,2026.04.29 20:35:00,SELL,ELIGIBLE,S1_SELL_M15_BEARISH,10,4549.02670181,4559.80480343,BEARISH,4544.39,4544.47,4544.43,8.0
P2F4_CANDIDATE_S1,1777501200021_BUY,XAUUSD,PERIOD_M5,2026.04.29 22:20:00,1777501200021,2026.04.29 22:20:00,BUY,REJECT,SIDE_NOT_SELL,10,0.00000000,0.00000000,UNKNOWN,4547.46,4547.63,4547.55,17.0
P2F4_CANDIDATE_S1,1777527900074_SELL,XAUUSD,PERIOD_M5,2026.04.30 05:45:00,1777527900074,2026.04.30 05:45:00,SELL,REJECT,M15_NOT_BEARISH,10,4563.90949488,4559.32624404,BULLISH,4562.31,4562.51,4562.41,20.0
P2F4_CANDIDATE_S1,1777538100005_BUY,XAUUSD,PERIOD_M5,2026.04.30 08:35:00,1777538100005,2026.04.30 08:35:00,BUY,REJECT,SIDE_NOT_SELL,10,0.00000000,0.00000000,UNKNOWN,4562.32,4562.49,4562.40,17.0
P2F4_CANDIDATE_S1,1777563000078_SELL,XAUUSD,PERIOD_M5,2026.04.30 15:30:00,1777563000078,2026.04.30 15:30:00,SELL,REJECT,M15_NOT_BEARISH,10,4621.45236785,4598.31887870,BULLISH,4629.83,4630.08,4629.95,25.0
P2F4_CANDIDATE_S1,1777564800058_BUY,XAUUSD,PERIOD_M5,2026.04.30 16:00:00,1777564800058,2026.04.30 16:00:00,BUY,REJECT,SIDE_NOT_SELL,10,0.00000000,0.00000000,UNKNOWN,4639.61,4639.78,4639.69,17.0
P2F4_CANDIDATE_S1,1777567200020_SELL,XAUUSD,PERIOD_M5,2026.04.30 16:40:00,1777567200020,2026.04.30 16:40:00,SELL,REJECT,M15_NOT_BEARISH,10,4626.01478700,4603.76072061,BULLISH,4624.11,4624.28,4624.19,17.0
P2F4_CANDIDATE_S1,1777580400023_BUY,XAUUSD,PERIOD_M5,2026.04.30 20:20:00,1777580400023,2026.04.30 20:20:00,BUY,REJECT,SIDE_NOT_SELL,10,0.00000000,0.00000000,UNKNOWN,4617.84,4617.88,4617.86,4.0
P2F4_CANDIDATE_S1,1777589700037_SELL,XAUUSD,PERIOD_M5,2026.04.30 22:55:00,1777589700037,2026.04.30 22:55:00,SELL,REJECT,M15_NOT_BEARISH,10,4619.30033143,4612.78871316,BULLISH,4617.25,4617.42,4617.34,17.0
P2F4_CANDIDATE_S1,1777597500027_BUY,XAUUSD,PERIOD_M5,2026.05.01 01:05:00,1777597500027,2026.05.01 01:05:00,BUY,REJECT,SIDE_NOT_SELL,10,0.00000000,0.00000000,UNKNOWN,4628.67,4629.26,4628.97,59.0
P2F4_CANDIDATE_S1,1777605300124_SELL,XAUUSD,PERIOD_M5,2026.05.01 03:15:00,1777605300124,2026.05.01 03:15:00,SELL,REJECT,M15_NOT_BEARISH,10,4624.92975783,4617.89747153,BULLISH,4622.36,4622.57,4622.47,21.0
P2F4_CANDIDATE_S1,1777612200498_BUY,XAUUSD,PERIOD_M5,2026.05.01 05:10:00,1777612200498,2026.05.01 05:10:00,BUY,REJECT,SIDE_NOT_SELL,10,0.00000000,0.00000000,UNKNOWN,4626.23,4626.44,4626.33,21.0
P2F4_CANDIDATE_S1,1777615200035_SELL,XAUUSD,PERIOD_M5,2026.05.01 06:00:00,1777615200035,2026.05.01 06:00:00,SELL,REJECT,M15_NOT_BEARISH,10,4623.36758227,4619.47278488,BULLISH,4619.12,4619.33,4619.23,21.0
P2F4_CANDIDATE_S1,1777617300048_BUY,XAUUSD,PERIOD_M5,2026.05.01 06:35:00,1777617300048,2026.05.01 06:35:00,BUY,REJECT,SIDE_NOT_SELL,10,0.00000000,0.00000000,UNKNOWN,4630.26,4630.47,4630.36,21.0
P2F4_CANDIDATE_S1,1777619700165_SELL,XAUUSD,PERIOD_M5,2026.05.01 07:15:00,1777619700165,2026.05.01 07:15:00,SELL,REJECT,M15_NOT_BEARISH,10,4623.76119532,4620.35761364,BULLISH,4621.75,4621.96,4621.85,21.0
P2F4_CANDIDATE_S1,1777645500151_BUY,XAUUSD,PERIOD_M5,2026.05.01 14:25:00,1777645500151,2026.05.01 14:25:00,BUY,REJECT,SIDE_NOT_SELL,10,0.00000000,0.00000000,UNKNOWN,4573.26,4573.43,4573.35,17.0
P2F4_CANDIDATE_S1,1777667400013_SELL,XAUUSD,PERIOD_M5,2026.05.01 20:30:00,1777667400013,2026.05.01 20:30:00,SELL,REJECT,M15_NOT_BEARISH,10,4626.84312674,4613.25279744,BULLISH,4631.77,4631.94,4631.85,17.0
P2F4_CANDIDATE_S1,1777858800118_BUY,XAUUSD,PERIOD_M5,2026.05.04 01:40:00,1777858800118,2026.05.04 01:40:00,BUY,REJECT,SIDE_NOT_SELL,10,0.00000000,0.00000000,UNKNOWN,4625.52,4625.74,4625.63,22.0
P2F4_CANDIDATE_S1,1777860300103_SELL,XAUUSD,PERIOD_M5,2026.05.04 02:05:00,1777860300103,2026.05.04 02:05:00,SELL,REJECT,M15_NOT_BEARISH,10,4622.75326865,4616.87802363,BULLISH,4619.26,4619.51,4619.39,25.0
P2F4_CANDIDATE_S1,1777871100150_BUY,XAUUSD,PERIOD_M5,2026.05.04 05:05:00,1777871100150,2026.05.04 05:05:00,BUY,REJECT,SIDE_NOT_SELL,10,0.00000000,0.00000000,UNKNOWN,4613.24,4613.45,4613.34,21.0
P2F4_CANDIDATE_S1,1777872300036_SELL,XAUUSD,PERIOD_M5,2026.05.04 05:25:00,1777872300036,2026.05.04 05:25:00,SELL,ELIGIBLE,S1_SELL_M15_BEARISH,10,4611.73153067,4613.39200804,BEARISH,4598.42,4598.63,4598.52,21.0
P2F4_CANDIDATE_S1,1777874700282_BUY,XAUUSD,PERIOD_M5,2026.05.04 06:05:00,1777874700282,2026.05.04 06:05:00,BUY,REJECT,SIDE_NOT_SELL,10,0.00000000,0.00000000,UNKNOWN,4605.32,4605.53,4605.42,21.0
P2F4_CANDIDATE_S1,1777881600022_SELL,XAUUSD,PERIOD_M5,2026.05.04 08:00:00,1777881600022,2026.05.04 08:00:00,SELL,ELIGIBLE,S1_SELL_M15_BEARISH,10,4609.07094070,4611.24047008,BEARISH,4605.97,4606.14,4606.06,17.0
P2F4_CANDIDATE_S1,1777899000057_BUY,XAUUSD,PERIOD_M5,2026.05.04 12:50:00,1777899000057,2026.05.04 12:50:00,BUY,REJECT,SIDE_NOT_SELL,10,0.00000000,0.00000000,UNKNOWN,4582.00,4582.17,4582.09,17.0
P2F4_CANDIDATE_S1,1777899300047_SELL,XAUUSD,PERIOD_M5,2026.05.04 12:55:00,1777899300047,2026.05.04 12:55:00,SELL,ELIGIBLE,S1_SELL_M15_BEARISH,10,4587.87742711,4597.87330798,BEARISH,4579.21,4579.38,4579.30,17.0
P2F4_CANDIDATE_S1,1777908000048_BUY,XAUUSD,PERIOD_M5,2026.05.04 15:20:00,1777908000048,2026.05.04 15:20:00,BUY,REJECT,SIDE_NOT_SELL,10,0.00000000,0.00000000,UNKNOWN,4573.37,4573.54,4573.45,17.0
P2F4_CANDIDATE_S1,1777912200005_SELL,XAUUSD,PERIOD_M5,2026.05.04 16:30:00,1777912200005,2026.05.04 16:30:00,SELL,ELIGIBLE,S1_SELL_M15_BEARISH,10,4568.49830916,4581.74732505,BEARISH,4561.07,4561.24,4561.15,17.0
P2F4_CANDIDATE_S1,1777912500049_BUY,XAUUSD,PERIOD_M5,2026.05.04 16:35:00,1777912500049,2026.05.04 16:35:00,BUY,REJECT,SIDE_NOT_SELL,10,0.00000000,0.00000000,UNKNOWN,4569.83,4570.00,4569.91,17.0
P2F4_CANDIDATE_S1,1777913400016_SELL,XAUUSD,PERIOD_M5,2026.05.04 16:50:00,1777913400016,2026.05.04 16:50:00,SELL,ELIGIBLE,S1_SELL_M15_BEARISH,10,4568.20799400,4581.10821427,BEARISH,4561.52,4561.69,4561.60,17.0
P2F4_CANDIDATE_S1,1777915500008_BUY,XAUUSD,PERIOD_M5,2026.05.04 17:25:00,1777915500008,2026.05.04 17:25:00,BUY,REJECT,SIDE_NOT_SELL,10,0.00000000,0.00000000,UNKNOWN,4576.98,4577.15,4577.06,17.0
P2F4_CANDIDATE_S1,1777918200034_SELL,XAUUSD,PERIOD_M5,2026.05.04 18:10:00,1777918200034,2026.05.04 18:10:00,SELL,ELIGIBLE,S1_SELL_M15_BEARISH,10,4567.53261704,4578.44297449,BEARISH,4557.95,4558.12,4558.03,17.0
P2F4_CANDIDATE_S1,1777933800006_BUY,XAUUSD,PERIOD_M5,2026.05.04 22:30:00,1777933800006,2026.05.04 22:30:00,BUY,REJECT,SIDE_NOT_SELL,10,0.00000000,0.00000000,UNKNOWN,4522.40,4522.57,4522.48,17.0
P2F4_CANDIDATE_S1,1777945800279_SELL,XAUUSD,PERIOD_M5,2026.05.05 01:50:00,1777945800279,2026.05.05 01:50:00,SELL,ELIGIBLE,S1_SELL_M15_BEARISH,10,4524.45326912,4543.48586642,BEARISH,4518.33,4518.39,4518.36,6.0
P2F4_CANDIDATE_S1,1777947900418_BUY,XAUUSD,PERIOD_M5,2026.05.05 02:25:00,1777947900418,2026.05.05 02:25:00,BUY,REJECT,SIDE_NOT_SELL,10,0.00000000,0.00000000,UNKNOWN,4521.57,4521.76,4521.66,19.0
P2F4_CANDIDATE_S1,1777950000022_SELL,XAUUSD,PERIOD_M5,2026.05.05 03:00:00,1777950000022,2026.05.05 03:00:00,SELL,ELIGIBLE,S1_SELL_M15_BEARISH,10,4522.44343512,4539.10896846,BEARISH,4519.01,4519.26,4519.14,25.0
P2F4_CANDIDATE_S1,1777950300523_BUY,XAUUSD,PERIOD_M5,2026.05.05 03:05:00,1777950300523,2026.05.05 03:05:00,BUY,REJECT,SIDE_NOT_SELL,10,0.00000000,0.00000000,UNKNOWN,4522.91,4523.12,4523.01,21.0
P2F4_CANDIDATE_S1,1777952100018_SELL,XAUUSD,PERIOD_M5,2026.05.05 03:35:00,1777952100018,2026.05.05 03:35:00,SELL,ELIGIBLE,S1_SELL_M15_BEARISH,10,4522.40176889,4537.82235036,BEARISH,4518.15,4518.26,4518.20,11.0
P2F4_CANDIDATE_S1,1777952700012_BUY,XAUUSD,PERIOD_M5,2026.05.05 03:45:00,1777952700012,2026.05.05 03:45:00,BUY,REJECT,SIDE_NOT_SELL,10,0.00000000,0.00000000,UNKNOWN,4523.91,4524.12,4524.01,21.0
P2F4_CANDIDATE_S1,1777963800131_SELL,XAUUSD,PERIOD_M5,2026.05.05 06:50:00,1777963800131,2026.05.05 06:50:00,SELL,ELIGIBLE,S1_SELL_M15_BEARISH,10,4534.06404613,4537.87927391,BEARISH,4536.43,4536.64,4536.53,21.0
P2F4_CANDIDATE_S1,1777968600053_BUY,XAUUSD,PERIOD_M5,2026.05.05 08:10:00,1777968600053,2026.05.05 08:10:00,BUY,REJECT,SIDE_NOT_SELL,10,0.00000000,0.00000000,UNKNOWN,4543.15,4543.32,4543.23,17.0
P2F4_CANDIDATE_S1,1777987800018_SELL,XAUUSD,PERIOD_M5,2026.05.05 13:30:00,1777987800018,2026.05.05 13:30:00,SELL,REJECT,M15_NOT_BEARISH,10,4549.35772405,4544.64384212,BULLISH,4547.91,4548.08,4547.99,17.0
P2F4_CANDIDATE_S1,1777991400028_BUY,XAUUSD,PERIOD_M5,2026.05.05 14:30:00,1777991400028,2026.05.05 14:30:00,BUY,REJECT,SIDE_NOT_SELL,10,0.00000000,0.00000000,UNKNOWN,4556.09,4556.26,4556.18,17.0
P2F4_CANDIDATE_S1,1778006700050_SELL,XAUUSD,PERIOD_M5,2026.05.05 18:45:00,1778006700050,2026.05.05 18:45:00,SELL,REJECT,M15_NOT_BEARISH,10,4571.52950256,4560.10040046,BULLISH,4572.99,4573.16,4573.07,17.0
P2F4_CANDIDATE_S1,1778032800042_BUY,XAUUSD,PERIOD_M5,2026.05.06 02:00:00,1778032800042,2026.05.06 02:00:00,BUY,REJECT,SIDE_NOT_SELL,10,0.00000000,0.00000000,UNKNOWN,4573.37,4573.62,4573.49,25.0
P2F4_CANDIDATE_S1,1778079300051_SELL,XAUUSD,PERIOD_M5,2026.05.06 14:55:00,1778079300051,2026.05.06 14:55:00,SELL,REJECT,M15_NOT_BEARISH,10,4691.69586043,4659.60196964,BULLISH,4698.07,4698.24,4698.15,17.0
P2F4_CANDIDATE_S1,1778085600012_BUY,XAUUSD,PERIOD_M5,2026.05.06 16:40:00,1778085600012,2026.05.06 16:40:00,BUY,REJECT,SIDE_NOT_SELL,10,0.00000000,0.00000000,UNKNOWN,4694.35,4694.52,4694.44,17.0
P2F4_CANDIDATE_S1,1778092200022_SELL,XAUUSD,PERIOD_M5,2026.05.06 18:30:00,1778092200022,2026.05.06 18:30:00,SELL,REJECT,M15_NOT_BEARISH,10,4695.74568494,4675.61932405,BULLISH,4695.47,4695.63,4695.55,16.0
P2F4_CANDIDATE_S1,1778102700062_BUY,XAUUSD,PERIOD_M5,2026.05.06 21:25:00,1778102700062,2026.05.06 21:25:00,BUY,REJECT,SIDE_NOT_SELL,10,0.00000000,0.00000000,UNKNOWN,4687.87,4688.02,4687.94,15.0
P2F4_CANDIDATE_S1,1778121300409_SELL,XAUUSD,PERIOD_M5,2026.05.07 02:35:00,1778121300409,2026.05.07 02:35:00,SELL,REJECT,M15_NOT_BEARISH,10,4692.73537332,4685.11292031,BULLISH,4693.02,4693.27,4693.15,25.0
P2F4_CANDIDATE_S1,1778122500090_BUY,XAUUSD,PERIOD_M5,2026.05.07 02:55:00,1778122500090,2026.05.07 02:55:00,BUY,REJECT,SIDE_NOT_SELL,10,0.00000000,0.00000000,UNKNOWN,4696.76,4696.94,4696.85,18.0
P2F4_CANDIDATE_S1,1778124900035_SELL,XAUUSD,PERIOD_M5,2026.05.07 03:35:00,1778124900035,2026.05.07 03:35:00,SELL,REJECT,M15_NOT_BEARISH,10,4693.84894589,4686.74438211,BULLISH,4692.04,4692.12,4692.08,8.0
P2F4_CANDIDATE_S1,1778127300080_BUY,XAUUSD,PERIOD_M5,2026.05.07 04:15:00,1778127300080,2026.05.07 04:15:00,BUY,REJECT,SIDE_NOT_SELL,10,0.00000000,0.00000000,UNKNOWN,4709.58,4709.79,4709.68,21.0
P2F4_CANDIDATE_S1,1778136001566_SELL,XAUUSD,PERIOD_M5,2026.05.07 06:40:01,1778136001566,2026.05.07 06:40:00,SELL,REJECT,M15_NOT_BEARISH,10,4701.51000254,4693.45050662,BULLISH,4704.77,4704.97,4704.87,20.0
P2F4_CANDIDATE_S1,1778143200031_BUY,XAUUSD,PERIOD_M5,2026.05.07 08:40:00,1778143200031,2026.05.07 08:40:00,BUY,REJECT,SIDE_NOT_SELL,10,0.00000000,0.00000000,UNKNOWN,4705.18,4705.29,4705.24,11.0
P2F4_CANDIDATE_S1,1778155200017_SELL,XAUUSD,PERIOD_M5,2026.05.07 12:00:00,1778155200017,2026.05.07 12:00:00,SELL,REJECT,M15_NOT_BEARISH,10,4726.13120990,4711.15158106,BULLISH,4731.18,4731.35,4731.27,17.0
P2F4_CANDIDATE_S1,1778157900019_BUY,XAUUSD,PERIOD_M5,2026.05.07 12:45:00,1778157900019,2026.05.07 12:45:00,BUY,REJECT,SIDE_NOT_SELL,10,0.00000000,0.00000000,UNKNOWN,4737.93,4737.97,4737.95,4.0
P2F4_CANDIDATE_S1,1778158500008_SELL,XAUUSD,PERIOD_M5,2026.05.07 12:55:00,1778158500008,2026.05.07 12:55:00,SELL,REJECT,M15_NOT_BEARISH,10,4728.67371004,4713.94589427,BULLISH,4733.85,4733.96,4733.91,11.0
P2F4_CANDIDATE_S1,1778161500027_BUY,XAUUSD,PERIOD_M5,2026.05.07 13:45:00,1778161500027,2026.05.07 13:45:00,BUY,REJECT,SIDE_NOT_SELL,10,0.00000000,0.00000000,UNKNOWN,4739.09,4739.26,4739.18,17.0
P2F4_CANDIDATE_S1,1778163300031_SELL,XAUUSD,PERIOD_M5,2026.05.07 14:15:00,1778163300031,2026.05.07 14:15:00,SELL,REJECT,M15_NOT_BEARISH,10,4730.91520351,4718.13849143,BULLISH,4730.20,4730.37,4730.28,17.0
P2F4_CANDIDATE_S1,1778165100093_BUY,XAUUSD,PERIOD_M5,2026.05.07 14:45:00,1778165100093,2026.05.07 14:45:00,BUY,REJECT,SIDE_NOT_SELL,10,0.00000000,0.00000000,UNKNOWN,4736.82,4736.99,4736.90,17.0
P2F4_CANDIDATE_S1,1778178600028_SELL,XAUUSD,PERIOD_M5,2026.05.07 18:30:00,1778178600028,2026.05.07 18:30:00,SELL,REJECT,M15_NOT_BEARISH,10,4745.29412448,4732.51065131,BULLISH,4740.02,4740.46,4740.24,44.0
P2F4_CANDIDATE_S1,1778208300009_BUY,XAUUSD,PERIOD_M5,2026.05.08 02:45:00,1778208300009,2026.05.08 02:45:00,BUY,REJECT,SIDE_NOT_SELL,10,0.00000000,0.00000000,UNKNOWN,4697.74,4697.99,4697.86,25.0
P2F4_CANDIDATE_S1,1778224800015_SELL,XAUUSD,PERIOD_M5,2026.05.08 07:20:00,1778224800015,2026.05.08 07:20:00,SELL,ELIGIBLE,S1_SELL_M15_BEARISH,10,4714.04909039,4714.43612025,BEARISH,4715.97,4716.18,4716.08,21.0
P2F4_CANDIDATE_S1,1778229300002_BUY,XAUUSD,PERIOD_M5,2026.05.08 08:35:00,1778229300002,2026.05.08 08:35:00,BUY,REJECT,SIDE_NOT_SELL,10,0.00000000,0.00000000,UNKNOWN,4724.23,4724.40,4724.31,17.0
P2F4_CANDIDATE_S1,1778235300006_SELL,XAUUSD,PERIOD_M5,2026.05.08 10:15:00,1778235300006,2026.05.08 10:15:00,SELL,REJECT,M15_NOT_BEARISH,10,4719.71460949,4717.11312372,BULLISH,4715.18,4715.42,4715.30,24.0
P2F4_CANDIDATE_S1,1778240400010_BUY,XAUUSD,PERIOD_M5,2026.05.08 11:40:00,1778240400010,2026.05.08 11:40:00,BUY,REJECT,SIDE_NOT_SELL,10,0.00000000,0.00000000,UNKNOWN,4721.41,4721.58,4721.49,17.0
P2F4_CANDIDATE_S1,1778244000019_SELL,XAUUSD,PERIOD_M5,2026.05.08 12:40:00,1778244000019,2026.05.08 12:40:00,SELL,REJECT,M15_NOT_BEARISH,10,4716.62552017,4716.14265066,BULLISH,4713.33,4713.50,4713.41,17.0
P2F4_CANDIDATE_S1,1778246700028_BUY,XAUUSD,PERIOD_M5,2026.05.08 13:25:00,1778246700028,2026.05.08 13:25:00,BUY,REJECT,SIDE_NOT_SELL,10,0.00000000,0.00000000,UNKNOWN,4721.47,4721.64,4721.56,17.0
P2F4_CANDIDATE_S1,1778252400081_SELL,XAUUSD,PERIOD_M5,2026.05.08 15:00:00,1778252400081,2026.05.08 15:00:00,SELL,REJECT,M15_NOT_BEARISH,10,4718.70818445,4717.28920709,BULLISH,4717.72,4717.89,4717.81,17.0
P2F4_CANDIDATE_S1,1778255100016_BUY,XAUUSD,PERIOD_M5,2026.05.08 15:45:00,1778255100016,2026.05.08 15:45:00,BUY,REJECT,SIDE_NOT_SELL,10,0.00000000,0.00000000,UNKNOWN,4723.88,4724.05,4723.97,17.0
P2F4_CANDIDATE_S1,1778261700034_SELL,XAUUSD,PERIOD_M5,2026.05.08 17:35:00,1778261700034,2026.05.08 17:35:00,SELL,REJECT,M15_NOT_BEARISH,10,4723.62454077,4719.96635491,BULLISH,4722.26,4722.43,4722.35,17.0
P2F4_CANDIDATE_S1,1778271300025_BUY,XAUUSD,PERIOD_M5,2026.05.08 20:15:00,1778271300025,2026.05.08 20:15:00,BUY,REJECT,SIDE_NOT_SELL,10,0.00000000,0.00000000,UNKNOWN,4715.24,4715.41,4715.32,17.0
P2F4_CANDIDATE_S1,1778461500040_SELL,XAUUSD,PERIOD_M5,2026.05.11 01:05:00,1778461500040,2026.05.11 01:05:00,SELL,REJECT,M15_NOT_BEARISH,10,4721.36399137,4719.66533706,BULLISH,4686.76,4687.36,4687.06,60.0
P2F4_CANDIDATE_S1,1778473500019_BUY,XAUUSD,PERIOD_M5,2026.05.11 04:25:00,1778473500019,2026.05.11 04:25:00,BUY,REJECT,SIDE_NOT_SELL,10,0.00000000,0.00000000,UNKNOWN,4703.08,4703.29,4703.18,21.0
P2F4_CANDIDATE_S1,1778475600056_SELL,XAUUSD,PERIOD_M5,2026.05.11 05:00:00,1778475600056,2026.05.11 05:00:00,SELL,ELIGIBLE,S1_SELL_M15_BEARISH,10,4696.62140151,4705.84790626,BEARISH,4685.69,4685.90,4685.80,21.0
P2F4_CANDIDATE_S1,1778478000084_BUY,XAUUSD,PERIOD_M5,2026.05.11 05:40:00,1778478000084,2026.05.11 05:40:00,BUY,REJECT,SIDE_NOT_SELL,10,0.00000000,0.00000000,UNKNOWN,4699.03,4699.22,4699.13,19.0
P2F4_CANDIDATE_S1,1778478300161_SELL,XAUUSD,PERIOD_M5,2026.05.11 05:45:00,1778478300161,2026.05.11 05:45:00,SELL,ELIGIBLE,S1_SELL_M15_BEARISH,10,4694.31299135,4703.79219413,BEARISH,4688.52,4688.61,4688.57,9.0
P2F4_CANDIDATE_S1,1778493000032_BUY,XAUUSD,PERIOD_M5,2026.05.11 09:50:00,1778493000032,2026.05.11 09:50:00,BUY,REJECT,SIDE_NOT_SELL,10,0.00000000,0.00000000,UNKNOWN,4673.80,4673.97,4673.89,17.0
P2F4_CANDIDATE_S1,1778496900015_SELL,XAUUSD,PERIOD_M5,2026.05.11 10:55:00,1778496900015,2026.05.11 10:55:00,SELL,ELIGIBLE,S1_SELL_M15_BEARISH,10,4675.64287069,4687.13831278,BEARISH,4669.16,4669.33,4669.24,17.0
P2F4_CANDIDATE_S1,1778498700122_BUY,XAUUSD,PERIOD_M5,2026.05.11 11:25:00,1778498700122,2026.05.11 11:25:00,BUY,REJECT,SIDE_NOT_SELL,10,0.00000000,0.00000000,UNKNOWN,4676.64,4676.81,4676.73,17.0
P2F4_CANDIDATE_S1,1778499600088_SELL,XAUUSD,PERIOD_M5,2026.05.11 11:40:00,1778499600088,2026.05.11 11:40:00,SELL,ELIGIBLE,S1_SELL_M15_BEARISH,10,4674.34842350,4685.26515790,BEARISH,4670.17,4670.34,4670.26,17.0
P2F4_CANDIDATE_S1,1778508300034_BUY,XAUUSD,PERIOD_M5,2026.05.11 14:05:00,1778508300034,2026.05.11 14:05:00,BUY,REJECT,SIDE_NOT_SELL,10,0.00000000,0.00000000,UNKNOWN,4671.12,4671.29,4671.20,17.0
P2F4_CANDIDATE_S1,1778527800014_SELL,XAUUSD,PERIOD_M5,2026.05.11 19:30:00,1778527800014,2026.05.11 19:30:00,SELL,REJECT,M15_NOT_BEARISH,10,4715.99947191,4700.59557274,BULLISH,4723.91,4724.10,4724.01,19.0
P2F4_CANDIDATE_S1,1778533500145_BUY,XAUUSD,PERIOD_M5,2026.05.11 21:05:00,1778533500145,2026.05.11 21:05:00,BUY,REJECT,SIDE_NOT_SELL,10,0.00000000,0.00000000,UNKNOWN,4724.46,4724.63,4724.55,17.0
P2F4_CANDIDATE_S1,1778558700005_SELL,XAUUSD,PERIOD_M5,2026.05.12 04:05:00,1778558700005,2026.05.12 04:05:00,SELL,REJECT,M15_NOT_BEARISH,10,4745.35298622,4727.14866879,BULLISH,4743.71,4743.92,4743.82,21.0
P2F4_CANDIDATE_S1,1778586600036_BUY,XAUUSD,PERIOD_M5,2026.05.12 11:50:00,1778586600036,2026.05.12 11:50:00,BUY,REJECT,SIDE_NOT_SELL,10,0.00000000,0.00000000,UNKNOWN,4703.60,4703.79,4703.69,19.0
P2F4_CANDIDATE_S1,1778587800013_SELL,XAUUSD,PERIOD_M5,2026.05.12 12:10:00,1778587800013,2026.05.12 12:10:00,SELL,ELIGIBLE,S1_SELL_M15_BEARISH,10,4707.53800401,4715.52711684,BEARISH,4699.47,4699.62,4699.55,15.0
P2F4_CANDIDATE_S1,1778591400060_BUY,XAUUSD,PERIOD_M5,2026.05.12 13:10:00,1778591400060,2026.05.12 13:10:00,BUY,REJECT,SIDE_NOT_SELL,10,0.00000000,0.00000000,UNKNOWN,4707.76,4707.95,4707.85,19.0
P2F4_CANDIDATE_S1,1778592900057_SELL,XAUUSD,PERIOD_M5,2026.05.12 13:35:00,1778592900057,2026.05.12 13:35:00,SELL,ELIGIBLE,S1_SELL_M15_BEARISH,10,4704.08292928,4712.15621989,BEARISH,4695.41,4695.58,4695.49,17.0
P2F4_CANDIDATE_S1,1778596800034_BUY,XAUUSD,PERIOD_M5,2026.05.12 14:40:00,1778596800034,2026.05.12 14:40:00,BUY,REJECT,SIDE_NOT_SELL,10,0.00000000,0.00000000,UNKNOWN,4704.45,4704.62,4704.53,17.0
P2F4_CANDIDATE_S1,1778600100002_SELL,XAUUSD,PERIOD_M5,2026.05.12 15:35:00,1778600100002,2026.05.12 15:35:00,SELL,ELIGIBLE,S1_SELL_M15_BEARISH,10,4701.68468545,4708.61507040,BEARISH,4692.72,4692.81,4692.77,9.0
P2F4_CANDIDATE_S1,1778600700019_BUY,XAUUSD,PERIOD_M5,2026.05.12 15:45:00,1778600700019,2026.05.12 15:45:00,BUY,REJECT,SIDE_NOT_SELL,10,0.00000000,0.00000000,UNKNOWN,4702.82,4702.99,4702.90,17.0
P2F4_CANDIDATE_S1,1778602500026_SELL,XAUUSD,PERIOD_M5,2026.05.12 16:15:00,1778602500026,2026.05.12 16:15:00,SELL,ELIGIBLE,S1_SELL_M15_BEARISH,10,4700.91715339,4707.52887289,BEARISH,4689.00,4689.17,4689.09,17.0
P2F4_CANDIDATE_S1,1778616300001_BUY,XAUUSD,PERIOD_M5,2026.05.12 20:05:00,1778616300001,2026.05.12 20:05:00,BUY,REJECT,SIDE_NOT_SELL,10,0.00000000,0.00000000,UNKNOWN,4676.18,4676.35,4676.27,17.0
P2F4_CANDIDATE_S1,1778644800025_SELL,XAUUSD,PERIOD_M5,2026.05.13 04:00:00,1778644800025,2026.05.13 04:00:00,SELL,REJECT,M15_NOT_BEARISH,10,4710.26550339,4702.66871755,BULLISH,4714.57,4714.78,4714.67,21.0
P2F4_CANDIDATE_S1,1778655000001_BUY,XAUUSD,PERIOD_M5,2026.05.13 06:50:00,1778655000001,2026.05.13 06:50:00,BUY,REJECT,SIDE_NOT_SELL,10,0.00000000,0.00000000,UNKNOWN,4702.60,4702.81,4702.70,21.0
P2F4_CANDIDATE_S1,1778655300117_SELL,XAUUSD,PERIOD_M5,2026.05.13 06:55:00,1778655300117,2026.05.13 06:55:00,SELL,REJECT,M15_NOT_BEARISH,10,4703.43442030,4701.91782790,BULLISH,4697.31,4697.52,4697.42,21.0
P2F4_CANDIDATE_S1,1778657100093_BUY,XAUUSD,PERIOD_M5,2026.05.13 07:25:00,1778657100093,2026.05.13 07:25:00,BUY,REJECT,SIDE_NOT_SELL,10,0.00000000,0.00000000,UNKNOWN,4701.33,4701.54,4701.43,21.0
P2F4_CANDIDATE_S1,1778661900004_SELL,XAUUSD,PERIOD_M5,2026.05.13 08:45:00,1778661900004,2026.05.13 08:45:00,SELL,ELIGIBLE,S1_SELL_M15_BEARISH,10,4701.20072529,4701.21388615,BEARISH,4696.91,4697.04,4696.98,13.0
P2F4_CANDIDATE_S1,1778662800023_BUY,XAUUSD,PERIOD_M5,2026.05.13 09:00:00,1778662800023,2026.05.13 09:00:00,BUY,REJECT,SIDE_NOT_SELL,10,0.00000000,0.00000000,UNKNOWN,4704.08,4704.25,4704.16,17.0
P2F4_CANDIDATE_S1,1778667000010_SELL,XAUUSD,PERIOD_M5,2026.05.13 10:10:00,1778667000010,2026.05.13 10:10:00,SELL,REJECT,M15_NOT_BEARISH,10,4703.59003536,4702.32449212,BULLISH,4698.64,4698.81,4698.73,17.0
P2F4_CANDIDATE_S1,1778668200011_BUY,XAUUSD,PERIOD_M5,2026.05.13 10:30:00,1778668200011,2026.05.13 10:30:00,BUY,REJECT,SIDE_NOT_SELL,10,0.00000000,0.00000000,UNKNOWN,4707.63,4707.80,4707.72,17.0
P2F4_CANDIDATE_S1,1778668800005_SELL,XAUUSD,PERIOD_M5,2026.05.13 10:40:00,1778668800005,2026.05.13 10:40:00,SELL,REJECT,M15_NOT_BEARISH,10,4703.85102668,4702.52626127,BULLISH,4703.52,4703.69,4703.60,17.0
P2F4_CANDIDATE_S1,1778677800034_BUY,XAUUSD,PERIOD_M5,2026.05.13 13:10:00,1778677800034,2026.05.13 13:10:00,BUY,REJECT,SIDE_NOT_SELL,10,0.00000000,0.00000000,UNKNOWN,4708.73,4708.90,4708.81,17.0
P2F4_CANDIDATE_S1,1778679900025_SELL,XAUUSD,PERIOD_M5,2026.05.13 13:45:00,1778679900025,2026.05.13 13:45:00,SELL,ELIGIBLE,S1_SELL_M15_BEARISH,10,4699.50492368,4700.70812682,BEARISH,4695.74,4695.91,4695.82,17.0
P2F4_CANDIDATE_S1,1778682900040_BUY,XAUUSD,PERIOD_M5,2026.05.13 14:35:00,1778682900040,2026.05.13 14:35:00,BUY,REJECT,SIDE_NOT_SELL,10,0.00000000,0.00000000,UNKNOWN,4702.33,4702.50,4702.41,17.0
P2F4_CANDIDATE_S1,1778685300019_SELL,XAUUSD,PERIOD_M5,2026.05.13 15:15:00,1778685300019,2026.05.13 15:15:00,SELL,ELIGIBLE,S1_SELL_M15_BEARISH,10,4698.68980876,4700.07370007,BEARISH,4693.94,4694.25,4694.09,31.0
P2F4_CANDIDATE_S1,1778695800085_BUY,XAUUSD,PERIOD_M5,2026.05.13 18:10:00,1778695800085,2026.05.13 18:10:00,BUY,REJECT,SIDE_NOT_SELL,10,0.00000000,0.00000000,UNKNOWN,4688.55,4688.68,4688.61,13.0
P2F4_CANDIDATE_S1,1778704500016_SELL,XAUUSD,PERIOD_M5,2026.05.13 20:35:00,1778704500016,2026.05.13 20:35:00,SELL,ELIGIBLE,S1_SELL_M15_BEARISH,10,4694.58430621,4695.35004344,BEARISH,4690.44,4690.61,4690.52,17.0
P2F4_CANDIDATE_S1,1778721000048_BUY,XAUUSD,PERIOD_M5,2026.05.14 01:10:00,1778721000048,2026.05.14 01:10:00,BUY,REJECT,SIDE_NOT_SELL,10,0.00000000,0.00000000,UNKNOWN,4689.89,4690.26,4690.08,37.0
P2F4_CANDIDATE_S1,1778727900112_SELL,XAUUSD,PERIOD_M5,2026.05.14 03:05:00,1778727900112,2026.05.14 03:05:00,SELL,REJECT,M15_NOT_BEARISH,10,4694.27062598,4694.20121700,BULLISH,4691.79,4692.00,4691.90,21.0
P2F4_CANDIDATE_S1,1778728500014_BUY,XAUUSD,PERIOD_M5,2026.05.14 03:15:00,1778728500014,2026.05.14 03:15:00,BUY,REJECT,SIDE_NOT_SELL,10,0.00000000,0.00000000,UNKNOWN,4697.63,4697.84,4697.74,21.0
P2F4_CANDIDATE_S1,1778732100023_SELL,XAUUSD,PERIOD_M5,2026.05.14 04:15:00,1778732100023,2026.05.14 04:15:00,SELL,REJECT,M15_NOT_BEARISH,10,4695.83463639,4694.96833353,BULLISH,4688.92,4689.13,4689.02,21.0
P2F4_CANDIDATE_S1,1778737200041_BUY,XAUUSD,PERIOD_M5,2026.05.14 05:40:00,1778737200041,2026.05.14 05:40:00,BUY,REJECT,SIDE_NOT_SELL,10,0.00000000,0.00000000,UNKNOWN,4695.21,4695.42,4695.32,21.0
P2F4_CANDIDATE_S1,1778737500045_SELL,XAUUSD,PERIOD_M5,2026.05.14 05:45:00,1778737500045,2026.05.14 05:45:00,SELL,ELIGIBLE,S1_SELL_M15_BEARISH,10,4693.52260241,4694.04754323,BEARISH,4691.81,4692.02,4691.92,21.0
P2F4_CANDIDATE_S1,1778743800005_BUY,XAUUSD,PERIOD_M5,2026.05.14 07:30:00,1778743800005,2026.05.14 07:30:00,BUY,REJECT,SIDE_NOT_SELL,10,0.00000000,0.00000000,UNKNOWN,4702.38,4702.59,4702.49,21.0
P2F4_CANDIDATE_S1,1778749800032_SELL,XAUUSD,PERIOD_M5,2026.05.14 09:10:00,1778749800032,2026.05.14 09:10:00,SELL,ELIGIBLE,S1_SELL_M15_BEARISH,10,4693.04241237,4693.16565275,BEARISH,4690.62,4690.79,4690.70,17.0
P2F4_CANDIDATE_S1,1778752500123_BUY,XAUUSD,PERIOD_M5,2026.05.14 09:55:00,1778752500123,2026.05.14 09:55:00,BUY,REJECT,SIDE_NOT_SELL,10,0.00000000,0.00000000,UNKNOWN,4699.81,4699.98,4699.90,17.0
P2F4_CANDIDATE_S1,1778759400018_SELL,XAUUSD,PERIOD_M5,2026.05.14 11:50:00,1778759400018,2026.05.14 11:50:00,SELL,REJECT,M15_NOT_BEARISH,10,4696.95755181,4695.07642147,BULLISH,4695.19,4695.36,4695.27,17.0
P2F4_CANDIDATE_S1,1778763600110_BUY,XAUUSD,PERIOD_M5,2026.05.14 13:00:00,1778763600110,2026.05.14 13:00:00,BUY,REJECT,SIDE_NOT_SELL,10,0.00000000,0.00000000,UNKNOWN,4699.55,4699.72,4699.64,17.0
P2F4_CANDIDATE_S1,1778765100013_SELL,XAUUSD,PERIOD_M5,2026.05.14 13:25:00,1778765100013,2026.05.14 13:25:00,SELL,REJECT,M15_NOT_BEARISH,10,4696.28995274,4695.11933127,BULLISH,4694.39,4694.56,4694.48,17.0
P2F4_CANDIDATE_S1,1778770500006_BUY,XAUUSD,PERIOD_M5,2026.05.14 14:55:00,1778770500006,2026.05.14 14:55:00,BUY,REJECT,SIDE_NOT_SELL,10,0.00000000,0.00000000,UNKNOWN,4704.13,4704.30,4704.22,17.0
P2F4_CANDIDATE_S1,1778775900096_SELL,XAUUSD,PERIOD_M5,2026.05.14 16:25:00,1778775900096,2026.05.14 16:25:00,SELL,REJECT,M15_NOT_BEARISH,10,4698.48130865,4696.51762096,BULLISH,4694.84,4695.01,4694.93,17.0
P2F4_CANDIDATE_S1,1778829300263_BUY,XAUUSD,PERIOD_M5,2026.05.15 07:15:00,1778829300263,2026.05.15 07:15:00,BUY,REJECT,SIDE_NOT_SELL,10,0.00000000,0.00000000,UNKNOWN,4620.07,4620.28,4620.17,21.0
P2F4_CANDIDATE_S1,1778829600067_SELL,XAUUSD,PERIOD_M5,2026.05.15 07:20:00,1778829600067,2026.05.15 07:20:00,SELL,ELIGIBLE,S1_SELL_M15_BEARISH,10,4626.16662151,4647.51797891,BEARISH,4614.20,4614.41,4614.31,21.0
P2F4_CANDIDATE_S1,1778840700026_BUY,XAUUSD,PERIOD_M5,2026.05.15 10:25:00,1778840700026,2026.05.15 10:25:00,BUY,REJECT,SIDE_NOT_SELL,10,0.00000000,0.00000000,UNKNOWN,4582.49,4582.66,4582.57,17.0
P2F4_CANDIDATE_S1,1778842200058_SELL,XAUUSD,PERIOD_M5,2026.05.15 10:50:00,1778842200058,2026.05.15 10:50:00,SELL,ELIGIBLE,S1_SELL_M15_BEARISH,10,4591.14875044,4619.16327155,BEARISH,4574.84,4574.88,4574.86,4.0
P2F4_CANDIDATE_S1,1778853000011_BUY,XAUUSD,PERIOD_M5,2026.05.15 13:50:00,1778853000011,2026.05.15 13:50:00,BUY,REJECT,SIDE_NOT_SELL,10,0.00000000,0.00000000,UNKNOWN,4559.55,4559.65,4559.60,10.0
P2F4_CANDIDATE_S1,1778856600009_SELL,XAUUSD,PERIOD_M5,2026.05.15 14:50:00,1778856600009,2026.05.15 14:50:00,SELL,ELIGIBLE,S1_SELL_M15_BEARISH,10,4564.00425308,4589.82597396,BEARISH,4556.57,4556.73,4556.65,16.0
P2F4_CANDIDATE_S1,1778865900035_BUY,XAUUSD,PERIOD_M5,2026.05.15 17:25:00,1778865900035,2026.05.15 17:25:00,BUY,REJECT,SIDE_NOT_SELL,10,0.00000000,0.00000000,UNKNOWN,4558.36,4558.53,4558.44,17.0
P2F4_CANDIDATE_S1,1778870100003_SELL,XAUUSD,PERIOD_M5,2026.05.15 18:35:00,1778870100003,2026.05.15 18:35:00,SELL,ELIGIBLE,S1_SELL_M15_BEARISH,10,4551.86621768,4570.84253642,BEARISH,4543.75,4543.92,4543.84,17.0
P2F4_CANDIDATE_S1,1778875500005_BUY,XAUUSD,PERIOD_M5,2026.05.15 20:05:00,1778875500005,2026.05.15 20:05:00,BUY,REJECT,SIDE_NOT_SELL,10,0.00000000,0.00000000,UNKNOWN,4550.12,4550.29,4550.20,17.0
P2F4_CANDIDATE_S1,1778883300079_SELL,XAUUSD,PERIOD_M5,2026.05.15 22:15:00,1778883300079,2026.05.15 22:15:00,SELL,ELIGIBLE,S1_SELL_M15_BEARISH,10,4553.41386183,4562.53080241,BEARISH,4550.44,4550.61,4550.52,17.0
P2F4_CANDIDATE_S1,1779080100142_BUY,XAUUSD,PERIOD_M5,2026.05.18 04:55:00,1779080100142,2026.05.18 04:55:00,BUY,REJECT,SIDE_NOT_SELL,10,0.00000000,0.00000000,UNKNOWN,4530.32,4530.53,4530.42,21.0
P2F4_CANDIDATE_S1,1779094800031_SELL,XAUUSD,PERIOD_M5,2026.05.18 09:00:00,1779094800031,2026.05.18 09:00:00,SELL,ELIGIBLE,S1_SELL_M15_BEARISH,10,4536.21584130,4540.98922717,BEARISH,4530.94,4531.04,4530.99,10.0
P2F4_CANDIDATE_S1,1779097800010_BUY,XAUUSD,PERIOD_M5,2026.05.18 09:50:00,1779097800010,2026.05.18 09:50:00,BUY,REJECT,SIDE_NOT_SELL,10,0.00000000,0.00000000,UNKNOWN,4543.78,4543.91,4543.84,13.0
P2F4_CANDIDATE_S1,1779107400072_SELL,XAUUSD,PERIOD_M5,2026.05.18 12:30:00,1779107400072,2026.05.18 12:30:00,SELL,REJECT,M15_NOT_BEARISH,10,4543.79663047,4543.05883101,BULLISH,4544.85,4544.89,4544.87,4.0
P2F4_CANDIDATE_S1,1779115200004_BUY,XAUUSD,PERIOD_M5,2026.05.18 14:40:00,1779115200004,2026.05.18 14:40:00,BUY,REJECT,SIDE_NOT_SELL,10,0.00000000,0.00000000,UNKNOWN,4556.01,4556.18,4556.10,17.0
P2F4_CANDIDATE_S1,1779125700002_SELL,XAUUSD,PERIOD_M5,2026.05.18 17:35:00,1779125700002,2026.05.18 17:35:00,SELL,REJECT,M15_NOT_BEARISH,10,4558.07777251,4550.73808720,BULLISH,4549.45,4549.59,4549.52,14.0
P2F4_CANDIDATE_S1,1779134100057_BUY,XAUUSD,PERIOD_M5,2026.05.18 19:55:00,1779134100057,2026.05.18 19:55:00,BUY,REJECT,SIDE_NOT_SELL,10,0.00000000,0.00000000,UNKNOWN,4553.04,4553.23,4553.14,19.0
P2F4_CANDIDATE_S1,1779138300036_SELL,XAUUSD,PERIOD_M5,2026.05.18 21:05:00,1779138300036,2026.05.18 21:05:00,SELL,REJECT,M15_NOT_BEARISH,10,4549.27384960,4548.57622634,BULLISH,4545.85,4546.02,4545.94,17.0
P2F4_CANDIDATE_S1,1779142200000_BUY,XAUUSD,PERIOD_M5,2026.05.18 22:10:00,1779142200000,2026.05.18 22:10:00,BUY,REJECT,SIDE_NOT_SELL,10,0.00000000,0.00000000,UNKNOWN,4556.99,4557.16,4557.07,17.0
P2F4_CANDIDATE_S1,1779162000065_SELL,XAUUSD,PERIOD_M5,2026.05.19 03:40:00,1779162000065,2026.05.19 03:40:00,SELL,REJECT,M15_NOT_BEARISH,10,4568.26548571,4558.65665651,BULLISH,4568.80,4569.01,4568.91,21.0
P2F4_CANDIDATE_S1,1779182400065_BUY,XAUUSD,PERIOD_M5,2026.05.19 09:20:00,1779182400065,2026.05.19 09:20:00,BUY,REJECT,SIDE_NOT_SELL,10,0.00000000,0.00000000,UNKNOWN,4550.05,4550.16,4550.10,11.0
P2F4_CANDIDATE_S1,1779187500003_SELL,XAUUSD,PERIOD_M5,2026.05.19 10:45:00,1779187500003,2026.05.19 10:45:00,SELL,ELIGIBLE,S1_SELL_M15_BEARISH,10,4547.67695873,4551.54136709,BEARISH,4542.13,4542.30,4542.22,17.0
P2F4_CANDIDATE_S1,1779187800027_BUY,XAUUSD,PERIOD_M5,2026.05.19 10:50:00,1779187800027,2026.05.19 10:50:00,BUY,REJECT,SIDE_NOT_SELL,10,0.00000000,0.00000000,UNKNOWN,4550.97,4551.14,4551.06,17.0
P2F4_CANDIDATE_S1,1779189900013_SELL,XAUUSD,PERIOD_M5,2026.05.19 11:25:00,1779189900013,2026.05.19 11:25:00,SELL,ELIGIBLE,S1_SELL_M15_BEARISH,10,4548.37478934,4551.55252686,BEARISH,4540.64,4540.81,4540.73,17.0
P2F4_CANDIDATE_S1,1779204300020_BUY,XAUUSD,PERIOD_M5,2026.05.19 15:25:00,1779204300020,2026.05.19 15:25:00,BUY,REJECT,SIDE_NOT_SELL,10,0.00000000,0.00000000,UNKNOWN,4543.84,4544.01,4543.93,17.0
P2F4_CANDIDATE_S1,1779206400022_SELL,XAUUSD,PERIOD_M5,2026.05.19 16:00:00,1779206400022,2026.05.19 16:00:00,SELL,ELIGIBLE,S1_SELL_M15_BEARISH,10,4540.47892265,4545.03863464,BEARISH,4537.12,4537.29,4537.20,17.0
P2F4_CANDIDATE_S1,1779216300004_BUY,XAUUSD,PERIOD_M5,2026.05.19 18:45:00,1779216300004,2026.05.19 18:45:00,BUY,REJECT,SIDE_NOT_SELL,10,0.00000000,0.00000000,UNKNOWN,4502.12,4502.29,4502.20,17.0
P2F4_CANDIDATE_S1,1779223800118_SELL,XAUUSD,PERIOD_M5,2026.05.19 20:50:00,1779223800118,2026.05.19 20:50:00,SELL,ELIGIBLE,S1_SELL_M15_BEARISH,10,4508.86380117,4522.12755865,BEARISH,4500.78,4500.95,4500.86,17.0
P2F4_CANDIDATE_S1,1779244500038_BUY,XAUUSD,PERIOD_M5,2026.05.20 02:35:00,1779244500038,2026.05.20 02:35:00,BUY,REJECT,SIDE_NOT_SELL,10,0.00000000,0.00000000,UNKNOWN,4493.27,4493.54,4493.41,27.0
P2F4_CANDIDATE_S1,1779247200024_SELL,XAUUSD,PERIOD_M5,2026.05.20 03:20:00,1779247200024,2026.05.20 03:20:00,SELL,ELIGIBLE,S1_SELL_M15_BEARISH,10,4491.66884102,4505.16719329,BEARISH,4483.66,4483.87,4483.76,21.0
P2F4_CANDIDATE_S1,1779247500006_BUY,XAUUSD,PERIOD_M5,2026.05.20 03:25:00,1779247500006,2026.05.20 03:25:00,BUY,REJECT,SIDE_NOT_SELL,10,0.00000000,0.00000000,UNKNOWN,4491.30,4491.51,4491.41,21.0
P2F4_CANDIDATE_S1,1779251400063_SELL,XAUUSD,PERIOD_M5,2026.05.20 04:30:00,1779251400063,2026.05.20 04:30:00,SELL,ELIGIBLE,S1_SELL_M15_BEARISH,10,4492.34686548,4503.19039094,BEARISH,4473.55,4473.76,4473.66,21.0
P2F4_CANDIDATE_S1,1779264900030_BUY,XAUUSD,PERIOD_M5,2026.05.20 08:15:00,1779264900030,2026.05.20 08:15:00,BUY,REJECT,SIDE_NOT_SELL,10,0.00000000,0.00000000,UNKNOWN,4469.46,4469.63,4469.55,17.0
P2F4_CANDIDATE_S1,1779270300017_SELL,XAUUSD,PERIOD_M5,2026.05.20 09:45:00,1779270300017,2026.05.20 09:45:00,SELL,ELIGIBLE,S1_SELL_M15_BEARISH,10,4471.31690457,4483.29992366,BEARISH,4467.05,4467.22,4467.14,17.0
P2F4_CANDIDATE_S1,1779270600000_BUY,XAUUSD,PERIOD_M5,2026.05.20 09:50:00,1779270600000,2026.05.20 09:50:00,BUY,REJECT,SIDE_NOT_SELL,10,0.00000000,0.00000000,UNKNOWN,4473.90,4474.07,4473.98,17.0
P2F4_CANDIDATE_S1,1779280200036_SELL,XAUUSD,PERIOD_M5,2026.05.20 12:30:00,1779280200036,2026.05.20 12:30:00,SELL,ELIGIBLE,S1_SELL_M15_BEARISH,10,4477.35008291,4482.27836562,BEARISH,4474.16,4474.33,4474.24,17.0
P2F4_CANDIDATE_S1,1779280800038_BUY,XAUUSD,PERIOD_M5,2026.05.20 12:40:00,1779280800038,2026.05.20 12:40:00,BUY,REJECT,SIDE_NOT_SELL,10,0.00000000,0.00000000,UNKNOWN,4483.26,4483.43,4483.35,17.0
P2F4_CANDIDATE_S1,1779294600003_SELL,XAUUSD,PERIOD_M5,2026.05.20 16:30:00,1779294600003,2026.05.20 16:30:00,SELL,REJECT,M15_NOT_BEARISH,10,4492.34318998,4488.40304802,BULLISH,4489.53,4489.63,4489.58,10.0
P2F4_CANDIDATE_S1,1779298200000_BUY,XAUUSD,PERIOD_M5,2026.05.20 17:30:00,1779298200000,2026.05.20 17:30:00,BUY,REJECT,SIDE_NOT_SELL,10,0.00000000,0.00000000,UNKNOWN,4506.97,4507.14,4507.06,17.0
P2F4_CANDIDATE_S1,1779326700013_SELL,XAUUSD,PERIOD_M5,2026.05.21 01:25:00,1779326700013,2026.05.21 01:25:00,SELL,REJECT,M15_NOT_BEARISH,10,4533.60757384,4517.23267193,BULLISH,4536.98,4537.23,4537.10,25.0
P2F4_CANDIDATE_S1,1779331500250_BUY,XAUUSD,PERIOD_M5,2026.05.21 02:45:00,1779331500250,2026.05.21 02:45:00,BUY,REJECT,SIDE_NOT_SELL,10,0.00000000,0.00000000,UNKNOWN,4542.90,4543.15,4543.02,25.0
P2F4_CANDIDATE_S1,1779341400010_SELL,XAUUSD,PERIOD_M5,2026.05.21 05:30:00,1779341400010,2026.05.21 05:30:00,SELL,REJECT,M15_NOT_BEARISH,10,4547.41335430,4532.91543134,BULLISH,4540.18,4540.36,4540.27,18.0
P2F4_CANDIDATE_S1,1779350700061_BUY,XAUUSD,PERIOD_M5,2026.05.21 08:05:00,1779350700061,2026.05.21 08:05:00,BUY,REJECT,SIDE_NOT_SELL,10,0.00000000,0.00000000,UNKNOWN,4538.16,4538.33,4538.24,17.0
P2F4_CANDIDATE_S1,1779351000132_SELL,XAUUSD,PERIOD_M5,2026.05.21 08:10:00,1779351000132,2026.05.21 08:10:00,SELL,REJECT,M15_NOT_BEARISH,10,4540.19255284,4533.86881431,BULLISH,4531.77,4531.94,4531.85,17.0
P2F4_CANDIDATE_S1,1779355800084_BUY,XAUUSD,PERIOD_M5,2026.05.21 09:30:00,1779355800084,2026.05.21 09:30:00,BUY,REJECT,SIDE_NOT_SELL,10,0.00000000,0.00000000,UNKNOWN,4533.06,4533.23,4533.15,17.0
P2F4_CANDIDATE_S1,1779356100010_SELL,XAUUSD,PERIOD_M5,2026.05.21 09:35:00,1779356100010,2026.05.21 09:35:00,SELL,REJECT,M15_NOT_BEARISH,10,4535.17012587,4532.79751162,BULLISH,4529.77,4529.94,4529.85,17.0
P2F4_CANDIDATE_S1,1779362100045_BUY,XAUUSD,PERIOD_M5,2026.05.21 11:15:00,1779362100045,2026.05.21 11:15:00,BUY,REJECT,SIDE_NOT_SELL,10,0.00000000,0.00000000,UNKNOWN,4534.25,4534.42,4534.34,17.0
P2F4_CANDIDATE_S1,1779370200003_SELL,XAUUSD,PERIOD_M5,2026.05.21 13:30:00,1779370200003,2026.05.21 13:30:00,SELL,ELIGIBLE,S1_SELL_M15_BEARISH,10,4529.74397377,4530.39520766,BEARISH,4518.08,4518.25,4518.16,17.0
P2F4_CANDIDATE_S1,1779386100036_BUY,XAUUSD,PERIOD_M5,2026.05.21 17:55:00,1779386100036,2026.05.21 17:55:00,BUY,REJECT,SIDE_NOT_SELL,10,0.00000000,0.00000000,UNKNOWN,4509.13,4509.30,4509.22,17.0
P2F4_CANDIDATE_S1,1779387000016_SELL,XAUUSD,PERIOD_M5,2026.05.21 18:10:00,1779387000016,2026.05.21 18:10:00,SELL,ELIGIBLE,S1_SELL_M15_BEARISH,10,4511.58109769,4519.29755977,BEARISH,4501.64,4501.81,4501.73,17.0
P2F4_CANDIDATE_S1,1779387300010_BUY,XAUUSD,PERIOD_M5,2026.05.21 18:15:00,1779387300010,2026.05.21 18:15:00,BUY,REJECT,SIDE_NOT_SELL,10,0.00000000,0.00000000,UNKNOWN,4509.98,4510.15,4510.06,17.0
P2F4_CANDIDATE_S1,1779388200005_SELL,XAUUSD,PERIOD_M5,2026.05.21 18:30:00,1779388200005,2026.05.21 18:30:00,SELL,ELIGIBLE,S1_SELL_M15_BEARISH,10,4510.66683961,4518.32423722,BEARISH,4503.43,4503.60,4503.52,17.0
P2F4_CANDIDATE_S1,1779388800043_BUY,XAUUSD,PERIOD_M5,2026.05.21 18:40:00,1779388800043,2026.05.21 18:40:00,BUY,REJECT,SIDE_NOT_SELL,10,0.00000000,0.00000000,UNKNOWN,4509.32,4509.49,4509.40,17.0
P2F4_CANDIDATE_S1,1779401100045_SELL,XAUUSD,PERIOD_M5,2026.05.21 22:05:00,1779401100045,2026.05.21 22:05:00,SELL,REJECT,M15_NOT_BEARISH,10,4529.27234218,4524.48719547,BULLISH,4535.85,4536.02,4535.94,17.0
P2F4_CANDIDATE_S1,1779402000015_BUY,XAUUSD,PERIOD_M5,2026.05.21 22:20:00,1779402000015,2026.05.21 22:20:00,BUY,REJECT,SIDE_NOT_SELL,10,0.00000000,0.00000000,UNKNOWN,4541.49,4541.66,4541.57,17.0
P2F4_CANDIDATE_S1,1779417300639_SELL,XAUUSD,PERIOD_M5,2026.05.22 02:35:00,1779417300639,2026.05.22 02:35:00,SELL,REJECT,M15_NOT_BEARISH,10,4537.05968931,4530.06077964,BULLISH,4537.62,4537.87,4537.74,25.0
P2F4_CANDIDATE_S1,1779432600311_BUY,XAUUSD,PERIOD_M5,2026.05.22 06:50:00,1779432600311,2026.05.22 06:50:00,BUY,REJECT,SIDE_NOT_SELL,10,0.00000000,0.00000000,UNKNOWN,4529.30,4529.51,4529.41,21.0
P2F4_CANDIDATE_S1,1779437700067_SELL,XAUUSD,PERIOD_M5,2026.05.22 08:15:00,1779437700067,2026.05.22 08:15:00,SELL,ELIGIBLE,S1_SELL_M15_BEARISH,10,4528.37322911,4528.71196992,BEARISH,4525.47,4525.64,4525.56,17.0
P2F4_CANDIDATE_S1,1779438900139_BUY,XAUUSD,PERIOD_M5,2026.05.22 08:35:00,1779438900139,2026.05.22 08:35:00,BUY,REJECT,SIDE_NOT_SELL,10,0.00000000,0.00000000,UNKNOWN,4528.73,4528.90,4528.81,17.0
P2F4_CANDIDATE_S1,1779440400034_SELL,XAUUSD,PERIOD_M5,2026.05.22 09:00:00,1779440400034,2026.05.22 09:00:00,SELL,ELIGIBLE,S1_SELL_M15_BEARISH,10,4527.05562666,4528.13465959,BEARISH,4511.14,4511.30,4511.22,16.0
P2F4_CANDIDATE_S1,1779444300026_BUY,XAUUSD,PERIOD_M5,2026.05.22 10:05:00,1779444300026,2026.05.22 10:05:00,BUY,REJECT,SIDE_NOT_SELL,10,0.00000000,0.00000000,UNKNOWN,4526.22,4526.37,4526.30,15.0
P2F4_CANDIDATE_S1,1779444900008_SELL,XAUUSD,PERIOD_M5,2026.05.22 10:15:00,1779444900008,2026.05.22 10:15:00,SELL,ELIGIBLE,S1_SELL_M15_BEARISH,10,4526.10268004,4527.49565871,BEARISH,4522.49,4522.66,4522.57,17.0
P2F4_CANDIDATE_S1,1779445800025_BUY,XAUUSD,PERIOD_M5,2026.05.22 10:30:00,1779445800025,2026.05.22 10:30:00,BUY,REJECT,SIDE_NOT_SELL,10,0.00000000,0.00000000,UNKNOWN,4525.92,4526.09,4526.01,17.0
P2F4_CANDIDATE_S1,1779446100115_SELL,XAUUSD,PERIOD_M5,2026.05.22 10:35:00,1779446100115,2026.05.22 10:35:00,SELL,ELIGIBLE,S1_SELL_M15_BEARISH,10,4526.08052004,4527.43190738,BEARISH,4522.59,4522.76,4522.68,17.0
P2F4_CANDIDATE_S1,1779448800009_BUY,XAUUSD,PERIOD_M5,2026.05.22 11:20:00,1779448800009,2026.05.22 11:20:00,BUY,REJECT,SIDE_NOT_SELL,10,0.00000000,0.00000000,UNKNOWN,4528.14,4528.31,4528.23,17.0
P2F4_CANDIDATE_S1,1779450000031_SELL,XAUUSD,PERIOD_M5,2026.05.22 11:40:00,1779450000031,2026.05.22 11:40:00,SELL,ELIGIBLE,S1_SELL_M15_BEARISH,10,4525.29775943,4526.85503656,BEARISH,4521.97,4522.14,4522.06,17.0
P2F4_CANDIDATE_S1,1779454200106_BUY,XAUUSD,PERIOD_M5,2026.05.22 12:50:00,1779454200106,2026.05.22 12:50:00,BUY,REJECT,SIDE_NOT_SELL,10,0.00000000,0.00000000,UNKNOWN,4528.57,4528.74,4528.65,17.0
P2F4_CANDIDATE_S1,1779457200038_SELL,XAUUSD,PERIOD_M5,2026.05.22 13:40:00,1779457200038,2026.05.22 13:40:00,SELL,ELIGIBLE,S1_SELL_M15_BEARISH,10,4525.28576538,4526.28978847,BEARISH,4518.15,4518.32,4518.23,17.0
P2F4_CANDIDATE_S1,1779462000040_BUY,XAUUSD,PERIOD_M5,2026.05.22 15:00:00,1779462000040,2026.05.22 15:00:00,BUY,REJECT,SIDE_NOT_SELL,10,0.00000000,0.00000000,UNKNOWN,4520.68,4520.85,4520.77,17.0
P2F4_CANDIDATE_S1,1779465000017_SELL,XAUUSD,PERIOD_M5,2026.05.22 15:50:00,1779465000017,2026.05.22 15:50:00,SELL,ELIGIBLE,S1_SELL_M15_BEARISH,10,4521.81405298,4524.06869905,BEARISH,4518.68,4518.85,4518.77,17.0
P2F4_CANDIDATE_S1,1779465600000_BUY,XAUUSD,PERIOD_M5,2026.05.22 16:00:00,1779465600000,2026.05.22 16:00:00,BUY,REJECT,SIDE_NOT_SELL,10,0.00000000,0.00000000,UNKNOWN,4528.14,4528.31,4528.23,17.0
P2F4_CANDIDATE_S1,1779468300003_SELL,XAUUSD,PERIOD_M5,2026.05.22 16:45:00,1779468300003,2026.05.22 16:45:00,SELL,ELIGIBLE,S1_SELL_M15_BEARISH,10,4522.39736240,4524.03884435,BEARISH,4517.76,4517.93,4517.85,17.0
P2F4_CANDIDATE_S1,1779474300041_BUY,XAUUSD,PERIOD_M5,2026.05.22 18:25:00,1779474300041,2026.05.22 18:25:00,BUY,REJECT,SIDE_NOT_SELL,10,0.00000000,0.00000000,UNKNOWN,4514.40,4514.57,4514.48,17.0
P2F4_CANDIDATE_S1,1779484500097_SELL,XAUUSD,PERIOD_M5,2026.05.22 21:15:00,1779484500097,2026.05.22 21:15:00,SELL,ELIGIBLE,S1_SELL_M15_BEARISH,10,4517.68814142,4519.61652987,BEARISH,4513.84,4514.01,4513.93,17.0
P2F4_CANDIDATE_S1,1779671100025_BUY,XAUUSD,PERIOD_M5,2026.05.25 01:05:00,1779671100025,2026.05.25 01:05:00,BUY,REJECT,SIDE_NOT_SELL,10,0.00000000,0.00000000,UNKNOWN,4550.76,4551.10,4550.93,34.0
P2F4_CANDIDATE_S1,1779682800003_SELL,XAUUSD,PERIOD_M5,2026.05.25 04:20:00,1779682800003,2026.05.25 04:20:00,SELL,REJECT,M15_NOT_BEARISH,10,4553.81696087,4537.96506573,BULLISH,4566.30,4566.51,4566.41,21.0
P2F4_CANDIDATE_S1,1779683100114_BUY,XAUUSD,PERIOD_M5,2026.05.25 04:25:00,1779683100114,2026.05.25 04:25:00,BUY,REJECT,SIDE_NOT_SELL,10,0.00000000,0.00000000,UNKNOWN,4571.36,4571.57,4571.47,21.0
P2F4_CANDIDATE_S1,1779684300049_SELL,XAUUSD,PERIOD_M5,2026.05.25 04:45:00,1779684300049,2026.05.25 04:45:00,SELL,REJECT,M15_NOT_BEARISH,10,4556.42594756,4540.30143899,BULLISH,4563.43,4563.64,4563.53,21.0
P2F4_CANDIDATE_S1,1779695400087_BUY,XAUUSD,PERIOD_M5,2026.05.25 07:50:00,1779695400087,2026.05.25 07:50:00,BUY,REJECT,SIDE_NOT_SELL,10,0.00000000,0.00000000,UNKNOWN,4563.87,4564.08,4563.98,21.0
P2F4_CANDIDATE_S1,1779697500304_SELL,XAUUSD,PERIOD_M5,2026.05.25 08:25:00,1779697500304,2026.05.25 08:25:00,SELL,REJECT,M15_NOT_BEARISH,10,4561.17703267,4549.90282894,BULLISH,4556.62,4556.79,4556.70,17.0
P2F4_CANDIDATE_S1,1779703200030_BUY,XAUUSD,PERIOD_M5,2026.05.25 10:00:00,1779703200030,2026.05.25 10:00:00,BUY,REJECT,SIDE_NOT_SELL,10,0.00000000,0.00000000,UNKNOWN,4562.47,4562.64,4562.56,17.0
P2F4_CANDIDATE_S1,1779705000012_SELL,XAUUSD,PERIOD_M5,2026.05.25 10:30:00,1779705000012,2026.05.25 10:30:00,SELL,REJECT,M15_NOT_BEARISH,10,4558.50453463,4551.88683285,BULLISH,4554.50,4554.67,4554.59,17.0
P2F4_CANDIDATE_S1,1779705600138_BUY,XAUUSD,PERIOD_M5,2026.05.25 10:40:00,1779705600138,2026.05.25 10:40:00,BUY,REJECT,SIDE_NOT_SELL,10,0.00000000,0.00000000,UNKNOWN,4558.90,4559.07,4558.98,17.0
P2F4_CANDIDATE_S1,1779708600062_SELL,XAUUSD,PERIOD_M5,2026.05.25 11:30:00,1779708600062,2026.05.25 11:30:00,SELL,REJECT,M15_NOT_BEARISH,10,4558.97959255,4553.10059988,BULLISH,4554.95,4555.12,4555.03,17.0
P2F4_CANDIDATE_S1,1779712500021_BUY,XAUUSD,PERIOD_M5,2026.05.25 12:35:00,1779712500021,2026.05.25 12:35:00,BUY,REJECT,SIDE_NOT_SELL,10,0.00000000,0.00000000,UNKNOWN,4565.11,4565.28,4565.19,17.0
P2F4_CANDIDATE_S1,1779721800042_SELL,XAUUSD,PERIOD_M5,2026.05.25 15:10:00,1779721800042,2026.05.25 15:10:00,SELL,REJECT,M15_NOT_BEARISH,10,4566.06240138,4559.14223087,BULLISH,4560.27,4560.44,4560.35,17.0
P2F4_CANDIDATE_S1,1779729000203_BUY,XAUUSD,PERIOD_M5,2026.05.25 17:10:00,1779729000203,2026.05.25 17:10:00,BUY,REJECT,SIDE_NOT_SELL,10,0.00000000,0.00000000,UNKNOWN,4569.56,4569.73,4569.65,17.0
P2F4_CANDIDATE_S1,1779741900170_SELL,XAUUSD,PERIOD_M5,2026.05.25 20:45:00,1779741900170,2026.05.25 20:45:00,SELL,REJECT,M15_NOT_BEARISH,10,4569.11888485,4564.75313782,BULLISH,4566.85,4567.02,4566.94,17.0
P2F4_CANDIDATE_S1,1779757800006_BUY,XAUUSD,PERIOD_M5,2026.05.26 01:10:00,1779757800006,2026.05.26 01:10:00,BUY,REJECT,SIDE_NOT_SELL,10,0.00000000,0.00000000,UNKNOWN,4572.57,4572.82,4572.69,25.0
P2F4_CANDIDATE_S1,1779762900292_SELL,XAUUSD,PERIOD_M5,2026.05.26 02:35:00,1779762900292,2026.05.26 02:35:00,SELL,REJECT,M15_NOT_BEARISH,10,4571.11827047,4567.12561727,BULLISH,4560.66,4560.91,4560.78,25.0
P2F4_CANDIDATE_S1,1779777300030_BUY,XAUUSD,PERIOD_M5,2026.05.26 06:35:00,1779777300030,2026.05.26 06:35:00,BUY,REJECT,SIDE_NOT_SELL,10,0.00000000,0.00000000,UNKNOWN,4544.43,4544.64,4544.53,21.0
P2F4_CANDIDATE_S1,1779780300109_SELL,XAUUSD,PERIOD_M5,2026.05.26 07:25:00,1779780300109,2026.05.26 07:25:00,SELL,ELIGIBLE,S1_SELL_M15_BEARISH,10,4545.13927434,4553.70097590,BEARISH,4535.47,4535.68,4535.58,21.0
P2F4_CANDIDATE_S1,1779788700169_BUY,XAUUSD,PERIOD_M5,2026.05.26 09:45:00,1779788700169,2026.05.26 09:45:00,BUY,REJECT,SIDE_NOT_SELL,10,0.00000000,0.00000000,UNKNOWN,4533.80,4533.97,4533.89,17.0
P2F4_CANDIDATE_S1,1779789000100_SELL,XAUUSD,PERIOD_M5,2026.05.26 09:50:00,1779789000100,2026.05.26 09:50:00,SELL,ELIGIBLE,S1_SELL_M15_BEARISH,10,4535.65098426,4545.85785463,BEARISH,4529.63,4529.80,4529.72,17.0
P2F4_CANDIDATE_S1,1779793200005_BUY,XAUUSD,PERIOD_M5,2026.05.26 11:00:00,1779793200005,2026.05.26 11:00:00,BUY,REJECT,SIDE_NOT_SELL,10,0.00000000,0.00000000,UNKNOWN,4538.24,4538.41,4538.32,17.0
P2F4_CANDIDATE_S1,1779794700225_SELL,XAUUSD,PERIOD_M5,2026.05.26 11:25:00,1779794700225,2026.05.26 11:25:00,SELL,ELIGIBLE,S1_SELL_M15_BEARISH,10,4533.27099054,4542.54556601,BEARISH,4527.18,4527.35,4527.27,17.0
P2F4_CANDIDATE_S1,1779801600095_BUY,XAUUSD,PERIOD_M5,2026.05.26 13:20:00,1779801600095,2026.05.26 13:20:00,BUY,REJECT,SIDE_NOT_SELL,10,0.00000000,0.00000000,UNKNOWN,4528.16,4528.33,4528.24,17.0
P2F4_CANDIDATE_S1,1779806100020_SELL,XAUUSD,PERIOD_M5,2026.05.26 14:35:00,1779806100020,2026.05.26 14:35:00,SELL,ELIGIBLE,S1_SELL_M15_BEARISH,10,4528.85146580,4536.05083798,BEARISH,4519.43,4519.60,4519.52,17.0
P2F4_CANDIDATE_S1,1779811500022_BUY,XAUUSD,PERIOD_M5,2026.05.26 16:05:00,1779811500022,2026.05.26 16:05:00,BUY,REJECT,SIDE_NOT_SELL,10,0.00000000,0.00000000,UNKNOWN,4523.46,4523.63,4523.55,17.0
P2F4_CANDIDATE_S1,1779815400043_SELL,XAUUSD,PERIOD_M5,2026.05.26 17:10:00,1779815400043,2026.05.26 17:10:00,SELL,ELIGIBLE,S1_SELL_M15_BEARISH,10,4520.84800462,4529.24151241,BEARISH,4515.55,4515.72,4515.64,17.0
P2F4_CANDIDATE_S1,1779817500019_BUY,XAUUSD,PERIOD_M5,2026.05.26 17:45:00,1779817500019,2026.05.26 17:45:00,BUY,REJECT,SIDE_NOT_SELL,10,0.00000000,0.00000000,UNKNOWN,4521.41,4521.58,4521.49,17.0
P2F4_CANDIDATE_S1,1779818100092_SELL,XAUUSD,PERIOD_M5,2026.05.26 17:55:00,1779818100092,2026.05.26 17:55:00,SELL,ELIGIBLE,S1_SELL_M15_BEARISH,10,4519.86661092,4527.84125648,BEARISH,4515.85,4516.02,4515.94,17.0
P2F4_CANDIDATE_S1,1779833400053_BUY,XAUUSD,PERIOD_M5,2026.05.26 22:10:00,1779833400053,2026.05.26 22:10:00,BUY,REJECT,SIDE_NOT_SELL,10,0.00000000,0.00000000,UNKNOWN,4500.54,4500.71,4500.63,17.0
P2F4_CANDIDATE_S1,1779856800083_SELL,XAUUSD,PERIOD_M5,2026.05.27 04:40:00,1779856800083,2026.05.27 04:40:00,SELL,ELIGIBLE,S1_SELL_M15_BEARISH,10,4512.85192761,4513.87780741,BEARISH,4511.89,4512.34,4512.11,45.0
P2F4_CANDIDATE_S1,1779868200050_BUY,XAUUSD,PERIOD_M5,2026.05.27 07:50:00,1779868200050,2026.05.27 07:50:00,BUY,REJECT,SIDE_NOT_SELL,10,0.00000000,0.00000000,UNKNOWN,4516.61,4516.82,4516.72,21.0
P2F4_CANDIDATE_S1,1779870900086_SELL,XAUUSD,PERIOD_M5,2026.05.27 08:35:00,1779870900086,2026.05.27 08:35:00,SELL,ELIGIBLE,S1_SELL_M15_BEARISH,10,4507.16689236,4509.94854498,BEARISH,4496.67,4496.84,4496.76,17.0
P2F4_CANDIDATE_S1,1779881400080_BUY,XAUUSD,PERIOD_M5,2026.05.27 11:30:00,1779881400080,2026.05.27 11:30:00,BUY,REJECT,SIDE_NOT_SELL,10,0.00000000,0.00000000,UNKNOWN,4489.11,4489.28,4489.19,17.0
P2F4_CANDIDATE_S1,1779887100101_SELL,XAUUSD,PERIOD_M5,2026.05.27 13:05:00,1779887100101,2026.05.27 13:05:00,SELL,ELIGIBLE,S1_SELL_M15_BEARISH,10,4492.45465229,4499.34624164,BEARISH,4486.50,4486.67,4486.59,17.0
P2F4_CANDIDATE_S1,1779902100028_BUY,XAUUSD,PERIOD_M5,2026.05.27 17:15:00,1779902100028,2026.05.27 17:15:00,BUY,REJECT,SIDE_NOT_SELL,10,0.00000000,0.00000000,UNKNOWN,4448.06,4448.23,4448.15,17.0
P2F4_CANDIDATE_S1,1779905700077_SELL,XAUUSD,PERIOD_M5,2026.05.27 18:15:00,1779905700077,2026.05.27 18:15:00,SELL,ELIGIBLE,S1_SELL_M15_BEARISH,10,4443.84644155,4465.34508701,BEARISH,4432.04,4432.15,4432.09,11.0
P2F4_CANDIDATE_S1,1779907200009_BUY,XAUUSD,PERIOD_M5,2026.05.27 18:40:00,1779907200009,2026.05.27 18:40:00,BUY,REJECT,SIDE_NOT_SELL,10,0.00000000,0.00000000,UNKNOWN,4440.79,4440.96,4440.88,17.0
P2F4_CANDIDATE_S1,1779907500037_SELL,XAUUSD,PERIOD_M5,2026.05.27 18:45:00,1779907500037,2026.05.27 18:45:00,SELL,ELIGIBLE,S1_SELL_M15_BEARISH,10,4442.23692834,4463.01187002,BEARISH,4434.10,4434.27,4434.19,17.0
P2F4_CANDIDATE_S1,1779909000002_BUY,XAUUSD,PERIOD_M5,2026.05.27 19:10:00,1779909000002,2026.05.27 19:10:00,BUY,REJECT,SIDE_NOT_SELL,10,0.00000000,0.00000000,UNKNOWN,4436.98,4437.15,4437.06,17.0
P2F4_CANDIDATE_S1,1779934800021_SELL,XAUUSD,PERIOD_M5,2026.05.28 02:20:00,1779934800021,2026.05.28 02:20:00,SELL,ELIGIBLE,S1_SELL_M15_BEARISH,10,4452.41810386,4456.77367391,BEARISH,4453.71,4453.96,4453.84,25.0
P2F4_CANDIDATE_S1,1779940800038_BUY,XAUUSD,PERIOD_M5,2026.05.28 04:00:00,1779940800038,2026.05.28 04:00:00,BUY,REJECT,SIDE_NOT_SELL,10,0.00000000,0.00000000,UNKNOWN,4457.08,4457.29,4457.18,21.0
P2F4_CANDIDATE_S1,1779941100029_SELL,XAUUSD,PERIOD_M5,2026.05.28 04:05:00,1779941100029,2026.05.28 04:05:00,SELL,ELIGIBLE,S1_SELL_M15_BEARISH,10,4451.26834298,4455.09765755,BEARISH,4445.86,4446.07,4445.97,21.0
P2F4_CANDIDATE_S1,1779957600004_BUY,XAUUSD,PERIOD_M5,2026.05.28 08:40:00,1779957600004,2026.05.28 08:40:00,BUY,REJECT,SIDE_NOT_SELL,10,0.00000000,0.00000000,UNKNOWN,4391.24,4391.41,4391.32,17.0
P2F4_CANDIDATE_S1,1779976200048_SELL,XAUUSD,PERIOD_M5,2026.05.28 13:50:00,1779976200048,2026.05.28 13:50:00,SELL,ELIGIBLE,S1_SELL_M15_BEARISH,10,4392.11428335,4403.67432782,BEARISH,4380.93,4381.10,4381.02,17.0
P2F4_CANDIDATE_S1,1779981300038_BUY,XAUUSD,PERIOD_M5,2026.05.28 15:15:00,1779981300038,2026.05.28 15:15:00,BUY,REJECT,SIDE_NOT_SELL,10,0.00000000,0.00000000,UNKNOWN,4392.65,4392.82,4392.73,17.0
P2F4_CANDIDATE_S1,1779981600010_SELL,XAUUSD,PERIOD_M5,2026.05.28 15:20:00,1779981600010,2026.05.28 15:20:00,SELL,ELIGIBLE,S1_SELL_M15_BEARISH,10,4389.95227407,4400.12781133,BEARISH,4388.35,4388.52,4388.44,17.0
P2F4_CANDIDATE_S1,1779982800007_BUY,XAUUSD,PERIOD_M5,2026.05.28 15:40:00,1779982800007,2026.05.28 15:40:00,BUY,REJECT,SIDE_NOT_SELL,10,0.00000000,0.00000000,UNKNOWN,4398.62,4398.79,4398.70,17.0
P2F4_CANDIDATE_S1,1780005600018_SELL,XAUUSD,PERIOD_M5,2026.05.28 22:00:00,1780005600018,2026.05.28 22:00:00,SELL,REJECT,M15_NOT_BEARISH,10,4485.37324524,4453.82275351,BULLISH,4501.07,4501.24,4501.15,17.0
P2F4_CANDIDATE_S1,1780024800049_BUY,XAUUSD,PERIOD_M5,2026.05.29 03:20:00,1780024800049,2026.05.29 03:20:00,BUY,REJECT,SIDE_NOT_SELL,10,0.00000000,0.00000000,UNKNOWN,4499.11,4499.32,4499.22,21.0
P2F4_CANDIDATE_S1,1780034700189_SELL,XAUUSD,PERIOD_M5,2026.05.29 06:05:00,1780034700189,2026.05.29 06:05:00,SELL,REJECT,M15_NOT_BEARISH,10,4500.33922138,4482.58338573,BULLISH,4501.58,4501.79,4501.68,21.0
P2F4_CANDIDATE_S1,1780038900016_BUY,XAUUSD,PERIOD_M5,2026.05.29 07:15:00,1780038900016,2026.05.29 07:15:00,BUY,REJECT,SIDE_NOT_SELL,10,0.00000000,0.00000000,UNKNOWN,4502.42,4502.63,4502.52,21.0
P2F4_CANDIDATE_S1,1780053900138_SELL,XAUUSD,PERIOD_M5,2026.05.29 11:25:00,1780053900138,2026.05.29 11:25:00,SELL,REJECT,M15_NOT_BEARISH,10,4513.57027823,4499.99755464,BULLISH,4515.35,4515.52,4515.44,17.0
P2F4_CANDIDATE_S1,1780056600302_BUY,XAUUSD,PERIOD_M5,2026.05.29 12:10:00,1780056600302,2026.05.29 12:10:00,BUY,REJECT,SIDE_NOT_SELL,10,0.00000000,0.00000000,UNKNOWN,4523.80,4523.97,4523.89,17.0
P2F4_CANDIDATE_S1,1780065600051_SELL,XAUUSD,PERIOD_M5,2026.05.29 14:40:00,1780065600051,2026.05.29 14:40:00,SELL,REJECT,M15_NOT_BEARISH,10,4525.44502797,4511.69788173,BULLISH,4528.36,4528.53,4528.44,17.0
P2F4_CANDIDATE_S1,1780066500006_BUY,XAUUSD,PERIOD_M5,2026.05.29 14:55:00,1780066500006,2026.05.29 14:55:00,BUY,REJECT,SIDE_NOT_SELL,10,0.00000000,0.00000000,UNKNOWN,4534.02,4534.19,4534.10,17.0
P2F4_CANDIDATE_S1,1780067700056_SELL,XAUUSD,PERIOD_M5,2026.05.29 15:15:00,1780067700056,2026.05.29 15:15:00,SELL,REJECT,M15_NOT_BEARISH,10,4527.28767810,4514.06314485,BULLISH,4528.38,4528.55,4528.47,17.0
P2F4_CANDIDATE_S1,1780072800069_BUY,XAUUSD,PERIOD_M5,2026.05.29 16:40:00,1780072800069,2026.05.29 16:40:00,BUY,REJECT,SIDE_NOT_SELL,10,0.00000000,0.00000000,UNKNOWN,4531.48,4531.65,4531.56,17.0
P2F4_CANDIDATE_S1,1780086600048_SELL,XAUUSD,PERIOD_M5,2026.05.29 20:30:00,1780086600048,2026.05.29 20:30:00,SELL,REJECT,M15_NOT_BEARISH,10,4555.14616324,4536.88496985,BULLISH,4561.78,4562.13,4561.95,35.0
P2F4_CANDIDATE_S1,1780282500130_BUY,XAUUSD,PERIOD_M5,2026.06.01 02:55:00,1780282500130,2026.06.01 02:55:00,BUY,REJECT,SIDE_NOT_SELL,10,0.00000000,0.00000000,UNKNOWN,4544.25,4544.50,4544.38,25.0
P2F4_CANDIDATE_S1,1780282800047_SELL,XAUUSD,PERIOD_M5,2026.06.01 03:00:00,1780282800047,2026.06.01 03:00:00,SELL,REJECT,M15_NOT_BEARISH,10,4546.00905441,4541.60292106,BULLISH,4539.57,4539.82,4539.69,25.0
P2F4_CANDIDATE_S1,1780283100023_BUY,XAUUSD,PERIOD_M5,2026.06.01 03:05:00,1780283100023,2026.06.01 03:05:00,BUY,REJECT,SIDE_NOT_SELL,10,0.00000000,0.00000000,UNKNOWN,4544.79,4545.00,4544.90,21.0
P2F4_CANDIDATE_S1,1780284000034_SELL,XAUUSD,PERIOD_M5,2026.06.01 03:20:00,1780284000034,2026.06.01 03:20:00,SELL,REJECT,M15_NOT_BEARISH,10,4545.50628732,4541.56868886,BULLISH,4538.34,4538.55,4538.44,21.0
P2F4_CANDIDATE_S1,1780284600027_BUY,XAUUSD,PERIOD_M5,2026.06.01 03:30:00,1780284600027,2026.06.01 03:30:00,BUY,REJECT,SIDE_NOT_SELL,10,0.00000000,0.00000000,UNKNOWN,4543.18,4543.39,4543.28,21.0
P2F4_CANDIDATE_S1,1780284900019_SELL,XAUUSD,PERIOD_M5,2026.06.01 03:35:00,1780284900019,2026.06.01 03:35:00,SELL,REJECT,M15_NOT_BEARISH,10,4545.28473615,4541.63187754,BULLISH,4538.08,4538.29,4538.18,21.0
P2F4_CANDIDATE_S1,1780302300127_BUY,XAUUSD,PERIOD_M5,2026.06.01 08:25:00,1780302300127,2026.06.01 08:25:00,BUY,REJECT,SIDE_NOT_SELL,10,0.00000000,0.00000000,UNKNOWN,4522.49,4522.66,4522.57,17.0
P2F4_CANDIDATE_S1,1780305300197_SELL,XAUUSD,PERIOD_M5,2026.06.01 09:15:00,1780305300197,2026.06.01 09:15:00,SELL,ELIGIBLE,S1_SELL_M15_BEARISH,10,4521.78371144,4529.24064770,BEARISH,4514.15,4514.32,4514.23,17.0
P2F4_CANDIDATE_S1,1780316400057_BUY,XAUUSD,PERIOD_M5,2026.06.01 12:20:00,1780316400057,2026.06.01 12:20:00,BUY,REJECT,SIDE_NOT_SELL,10,0.00000000,0.00000000,UNKNOWN,4505.67,4505.84,4505.76,17.0
P2F4_CANDIDATE_S1,1780316700002_SELL,XAUUSD,PERIOD_M5,2026.06.01 12:25:00,1780316700002,2026.06.01 12:25:00,SELL,ELIGIBLE,S1_SELL_M15_BEARISH,10,4507.07227562,4518.62396131,BEARISH,4499.65,4499.82,4499.73,17.0
P2F4_CANDIDATE_S1,1780320000009_BUY,XAUUSD,PERIOD_M5,2026.06.01 13:20:00,1780320000009,2026.06.01 13:20:00,BUY,REJECT,SIDE_NOT_SELL,10,0.00000000,0.00000000,UNKNOWN,4500.19,4500.36,4500.27,17.0
P2F4_CANDIDATE_S1,1780327500017_SELL,XAUUSD,PERIOD_M5,2026.06.01 15:25:00,1780327500017,2026.06.01 15:25:00,SELL,ELIGIBLE,S1_SELL_M15_BEARISH,10,4504.90080699,4512.81040158,BEARISH,4501.90,4502.07,4501.98,17.0
P2F4_CANDIDATE_S1,1780329000024_BUY,XAUUSD,PERIOD_M5,2026.06.01 15:50:00,1780329000024,2026.06.01 15:50:00,BUY,REJECT,SIDE_NOT_SELL,10,0.00000000,0.00000000,UNKNOWN,4506.75,4506.92,4506.84,17.0
P2F4_CANDIDATE_S1,1780329600032_SELL,XAUUSD,PERIOD_M5,2026.06.01 16:00:00,1780329600032,2026.06.01 16:00:00,SELL,ELIGIBLE,S1_SELL_M15_BEARISH,10,4504.91509072,4511.92994968,BEARISH,4502.25,4502.42,4502.34,17.0
P2F4_CANDIDATE_S1,1780338900016_BUY,XAUUSD,PERIOD_M5,2026.06.01 18:35:00,1780338900016,2026.06.01 18:35:00,BUY,REJECT,SIDE_NOT_SELL,10,0.00000000,0.00000000,UNKNOWN,4477.17,4477.34,4477.26,17.0
P2F4_CANDIDATE_S1,1780353900068_SELL,XAUUSD,PERIOD_M5,2026.06.01 22:45:00,1780353900068,2026.06.01 22:45:00,SELL,ELIGIBLE,S1_SELL_M15_BEARISH,10,4482.26911430,4488.91130560,BEARISH,4483.52,4483.69,4483.60,17.0
P2F4_CANDIDATE_S1,1780365900123_BUY,XAUUSD,PERIOD_M5,2026.06.02 02:05:00,1780365900123,2026.06.02 02:05:00,BUY,REJECT,SIDE_NOT_SELL,10,0.00000000,0.00000000,UNKNOWN,4486.38,4486.63,4486.51,25.0
P2F4_CANDIDATE_S1,1780368600011_SELL,XAUUSD,PERIOD_M5,2026.06.02 02:50:00,1780368600011,2026.06.02 02:50:00,SELL,ELIGIBLE,S1_SELL_M15_BEARISH,10,4483.33570828,4487.57689582,BEARISH,4481.12,4481.37,4481.24,25.0
P2F4_CANDIDATE_S1,1780370700078_BUY,XAUUSD,PERIOD_M5,2026.06.02 03:25:00,1780370700078,2026.06.02 03:25:00,BUY,REJECT,SIDE_NOT_SELL,10,0.00000000,0.00000000,UNKNOWN,4489.66,4489.87,4489.76,21.0
P2F4_CANDIDATE_S1,1780372800001_SELL,XAUUSD,PERIOD_M5,2026.06.02 04:00:00,1780372800001,2026.06.02 04:00:00,SELL,ELIGIBLE,S1_SELL_M15_BEARISH,10,4484.22108901,4487.21909401,BEARISH,4481.37,4481.58,4481.48,21.0
P2F4_CANDIDATE_S1,1780374600023_BUY,XAUUSD,PERIOD_M5,2026.06.02 04:30:00,1780374600023,2026.06.02 04:30:00,BUY,REJECT,SIDE_NOT_SELL,10,0.00000000,0.00000000,UNKNOWN,4486.39,4486.60,4486.50,21.0
P2F4_CANDIDATE_S1,1780375200009_SELL,XAUUSD,PERIOD_M5,2026.06.02 04:40:00,1780375200009,2026.06.02 04:40:00,SELL,ELIGIBLE,S1_SELL_M15_BEARISH,10,4484.91440619,4487.28646087,BEARISH,4481.86,4482.07,4481.97,21.0
P2F4_CANDIDATE_S1,1780380300294_BUY,XAUUSD,PERIOD_M5,2026.06.02 06:05:00,1780380300294,2026.06.02 06:05:00,BUY,REJECT,SIDE_NOT_SELL,10,0.00000000,0.00000000,UNKNOWN,4488.10,4488.31,4488.20,21.0
P2F4_CANDIDATE_S1,1780400700064_SELL,XAUUSD,PERIOD_M5,2026.06.02 11:45:00,1780400700064,2026.06.02 11:45:00,SELL,REJECT,M15_NOT_BEARISH,10,4522.70140250,4508.21580253,BULLISH,4528.79,4528.96,4528.88,17.0
P2F4_CANDIDATE_S1,1780408500467_BUY,XAUUSD,PERIOD_M5,2026.06.02 13:55:00,1780408500467,2026.06.02 13:55:00,BUY,REJECT,SIDE_NOT_SELL,10,0.00000000,0.00000000,UNKNOWN,4532.33,4532.50,4532.41,17.0
P2F4_CANDIDATE_S1,1780411200059_SELL,XAUUSD,PERIOD_M5,2026.06.02 14:40:00,1780411200059,2026.06.02 14:40:00,SELL,REJECT,M15_NOT_BEARISH,10,4527.14094007,4515.70144626,BULLISH,4527.36,4527.53,4527.44,17.0
P2F4_CANDIDATE_S1,1780448700043_BUY,XAUUSD,PERIOD_M5,2026.06.03 01:05:00,1780448700043,2026.06.03 01:05:00,BUY,REJECT,SIDE_NOT_SELL,10,0.00000000,0.00000000,UNKNOWN,4490.18,4490.80,4490.49,62.0
P2F4_CANDIDATE_S1,1780452000017_SELL,XAUUSD,PERIOD_M5,2026.06.03 02:00:00,1780452000017,2026.06.03 02:00:00,SELL,ELIGIBLE,S1_SELL_M15_BEARISH,10,4490.93673941,4499.11441775,BEARISH,4484.76,4485.01,4484.89,25.0
P2F4_CANDIDATE_S1,1780457700060_BUY,XAUUSD,PERIOD_M5,2026.06.03 03:35:00,1780457700060,2026.06.03 03:35:00,BUY,REJECT,SIDE_NOT_SELL,10,0.00000000,0.00000000,UNKNOWN,4485.09,4485.27,4485.18,18.0
P2F4_CANDIDATE_S1,1780460100006_SELL,XAUUSD,PERIOD_M5,2026.06.03 04:15:00,1780460100006,2026.06.03 04:15:00,SELL,ELIGIBLE,S1_SELL_M15_BEARISH,10,4484.04117138,4492.98559261,BEARISH,4471.36,4471.57,4471.47,21.0
P2F4_CANDIDATE_S1,1780464300071_BUY,XAUUSD,PERIOD_M5,2026.06.03 05:25:00,1780464300071,2026.06.03 05:25:00,BUY,REJECT,SIDE_NOT_SELL,10,0.00000000,0.00000000,UNKNOWN,4478.31,4478.52,4478.42,21.0
P2F4_CANDIDATE_S1,1780471800004_SELL,XAUUSD,PERIOD_M5,2026.06.03 07:30:00,1780471800004,2026.06.03 07:30:00,SELL,ELIGIBLE,S1_SELL_M15_BEARISH,10,4481.81052596,4487.81690239,BEARISH,4477.09,4477.30,4477.19,21.0
P2F4_CANDIDATE_S1,1780492500044_BUY,XAUUSD,PERIOD_M5,2026.06.03 13:15:00,1780492500044,2026.06.03 13:15:00,BUY,REJECT,SIDE_NOT_SELL,10,0.00000000,0.00000000,UNKNOWN,4463.01,4463.18,4463.10,17.0
P2F4_CANDIDATE_S1,1780500300041_SELL,XAUUSD,PERIOD_M5,2026.06.03 15:25:00,1780500300041,2026.06.03 15:25:00,SELL,ELIGIBLE,S1_SELL_M15_BEARISH,10,4458.96354113,4466.74894180,BEARISH,4457.92,4458.09,4458.01,17.0
P2F4_CANDIDATE_S1,1780502700109_BUY,XAUUSD,PERIOD_M5,2026.06.03 16:05:00,1780502700109,2026.06.03 16:05:00,BUY,REJECT,SIDE_NOT_SELL,10,0.00000000,0.00000000,UNKNOWN,4463.25,4463.42,4463.34,17.0
P2F4_CANDIDATE_S1,1780503900034_SELL,XAUUSD,PERIOD_M5,2026.06.03 16:25:00,1780503900034,2026.06.03 16:25:00,SELL,ELIGIBLE,S1_SELL_M15_BEARISH,10,4458.95915716,4465.56308713,BEARISH,4450.28,4450.45,4450.36,17.0
P2F4_CANDIDATE_S1,1780509300028_BUY,XAUUSD,PERIOD_M5,2026.06.03 17:55:00,1780509300028,2026.06.03 17:55:00,BUY,REJECT,SIDE_NOT_SELL,10,0.00000000,0.00000000,UNKNOWN,4458.75,4458.92,4458.84,17.0
P2F4_CANDIDATE_S1,1780510500038_SELL,XAUUSD,PERIOD_M5,2026.06.03 18:15:00,1780510500038,2026.06.03 18:15:00,SELL,ELIGIBLE,S1_SELL_M15_BEARISH,10,4453.07147565,4460.70299830,BEARISH,4445.93,4446.10,4446.02,17.0
P2F4_CANDIDATE_S1,1780524000036_BUY,XAUUSD,PERIOD_M5,2026.06.03 22:00:00,1780524000036,2026.06.03 22:00:00,BUY,REJECT,SIDE_NOT_SELL,10,0.00000000,0.00000000,UNKNOWN,4442.06,4442.23,4442.15,17.0
P2F4_CANDIDATE_S1,1780535100018_SELL,XAUUSD,PERIOD_M5,2026.06.04 01:05:00,1780535100018,2026.06.04 01:05:00,SELL,ELIGIBLE,S1_SELL_M15_BEARISH,10,4444.31358558,4450.81414175,BEARISH,4431.76,4433.01,4432.39,125.0
P2F4_CANDIDATE_S1,1780538700093_BUY,XAUUSD,PERIOD_M5,2026.06.04 02:05:00,1780538700093,2026.06.04 02:05:00,BUY,REJECT,SIDE_NOT_SELL,10,0.00000000,0.00000000,UNKNOWN,4446.37,4446.62,4446.49,25.0
P2F4_CANDIDATE_S1,1780555800096_SELL,XAUUSD,PERIOD_M5,2026.06.04 06:50:00,1780555800096,2026.06.04 06:50:00,SELL,REJECT,M15_NOT_BEARISH,10,4459.61127276,4455.25133068,BULLISH,4459.75,4459.96,4459.85,21.0
P2F4_CANDIDATE_S1,1780557300005_BUY,XAUUSD,PERIOD_M5,2026.06.04 07:15:00,1780557300005,2026.06.04 07:15:00,BUY,REJECT,SIDE_NOT_SELL,10,0.00000000,0.00000000,UNKNOWN,4471.07,4471.25,4471.16,18.0
P2F4_CANDIDATE_S1,1780563000004_SELL,XAUUSD,PERIOD_M5,2026.06.04 08:50:00,1780563000004,2026.06.04 08:50:00,SELL,REJECT,M15_NOT_BEARISH,10,4468.24972627,4460.66855481,BULLISH,4467.53,4467.70,4467.61,17.0
P2F4_CANDIDATE_S1,1780564500108_BUY,XAUUSD,PERIOD_M5,2026.06.04 09:15:00,1780564500108,2026.06.04 09:15:00,BUY,REJECT,SIDE_NOT_SELL,10,0.00000000,0.00000000,UNKNOWN,4473.86,4473.94,4473.90,8.0
P2F4_CANDIDATE_S1,1780564800058_SELL,XAUUSD,PERIOD_M5,2026.06.04 09:20:00,1780564800058,2026.06.04 09:20:00,SELL,REJECT,M15_NOT_BEARISH,10,4468.86678273,4461.50768939,BULLISH,4469.49,4469.66,4469.57,17.0
P2F4_CANDIDATE_S1,1780575000083_BUY,XAUUSD,PERIOD_M5,2026.06.04 12:10:00,1780575000083,2026.06.04 12:10:00,BUY,REJECT,SIDE_NOT_SELL,10,0.00000000,0.00000000,UNKNOWN,4468.49,4468.66,4468.57,17.0
P2F4_CANDIDATE_S1,1780575300013_SELL,XAUUSD,PERIOD_M5,2026.06.04 12:15:00,1780575300013,2026.06.04 12:15:00,SELL,REJECT,M15_NOT_BEARISH,10,4465.43320140,4462.58933732,BULLISH,4463.48,4463.65,4463.56,17.0
P2F4_CANDIDATE_S1,1780575600368_BUY,XAUUSD,PERIOD_M5,2026.06.04 12:20:00,1780575600368,2026.06.04 12:20:00,BUY,REJECT,SIDE_NOT_SELL,10,0.00000000,0.00000000,UNKNOWN,4466.13,4466.30,4466.22,17.0
P2F4_CANDIDATE_S1,1780593000012_SELL,XAUUSD,PERIOD_M5,2026.06.04 17:10:00,1780593000012,2026.06.04 17:10:00,SELL,REJECT,M15_NOT_BEARISH,10,4490.71552349,4477.72764971,BULLISH,4489.90,4490.07,4489.98,17.0
P2F4_CANDIDATE_S1,1780601100045_BUY,XAUUSD,PERIOD_M5,2026.06.04 19:25:00,1780601100045,2026.06.04 19:25:00,BUY,REJECT,SIDE_NOT_SELL,10,0.00000000,0.00000000,UNKNOWN,4484.30,4484.47,4484.39,17.0
P2F4_CANDIDATE_S1,1780604400015_SELL,XAUUSD,PERIOD_M5,2026.06.04 20:20:00,1780604400015,2026.06.04 20:20:00,SELL,REJECT,M15_NOT_BEARISH,10,4481.49464393,4477.76909837,BULLISH,4475.58,4475.75,4475.66,17.0
P2F4_CANDIDATE_S1,1780611000110_BUY,XAUUSD,PERIOD_M5,2026.06.04 22:10:00,1780611000110,2026.06.04 22:10:00,BUY,REJECT,SIDE_NOT_SELL,10,0.00000000,0.00000000,UNKNOWN,4478.44,4478.61,4478.52,17.0
P2F4_CANDIDATE_S1,1780621500016_SELL,XAUUSD,PERIOD_M5,2026.06.05 01:05:00,1780621500016,2026.06.05 01:05:00,SELL,REJECT,M15_NOT_BEARISH,10,4479.35933144,4477.89672915,BULLISH,4473.48,4474.38,4473.93,90.0
P2F4_CANDIDATE_S1,1780623600192_BUY,XAUUSD,PERIOD_M5,2026.06.05 01:40:00,1780623600192,2026.06.05 01:40:00,BUY,REJECT,SIDE_NOT_SELL,10,0.00000000,0.00000000,UNKNOWN,4479.15,4479.40,4479.27,25.0
P2F4_CANDIDATE_S1,1780623900080_SELL,XAUUSD,PERIOD_M5,2026.06.05 01:45:00,1780623900080,2026.06.05 01:45:00,SELL,REJECT,M15_NOT_BEARISH,10,4478.60071205,4477.73206254,BULLISH,4475.20,4475.45,4475.32,25.0
P2F4_CANDIDATE_S1,1780646400020_BUY,XAUUSD,PERIOD_M5,2026.06.05 08:00:00,1780646400020,2026.06.05 08:00:00,BUY,REJECT,SIDE_NOT_SELL,10,0.00000000,0.00000000,UNKNOWN,4444.99,4445.16,4445.07,17.0
P2F4_CANDIDATE_S1,1780650300042_SELL,XAUUSD,PERIOD_M5,2026.06.05 09:05:00,1780650300042,2026.06.05 09:05:00,SELL,ELIGIBLE,S1_SELL_M15_BEARISH,10,4447.06511850,4457.33444691,BEARISH,4437.52,4437.69,4437.60,17.0
P2F4_CANDIDATE_S1,1780652400036_BUY,XAUUSD,PERIOD_M5,2026.06.05 09:40:00,1780652400036,2026.06.05 09:40:00,BUY,REJECT,SIDE_NOT_SELL,10,0.00000000,0.00000000,UNKNOWN,4448.63,4448.80,4448.72,17.0
P2F4_CANDIDATE_S1,1780669200073_SELL,XAUUSD,PERIOD_M5,2026.06.05 14:20:00,1780669200073,2026.06.05 14:20:00,SELL,REJECT,M15_NOT_BEARISH,10,4460.99939597,4459.73203151,BULLISH,4461.79,4461.96,4461.88,17.0
P2F4_CANDIDATE_S1,1780671000029_BUY,XAUUSD,PERIOD_M5,2026.06.05 14:50:00,1780671000029,2026.06.05 14:50:00,BUY,REJECT,SIDE_NOT_SELL,10,0.00000000,0.00000000,UNKNOWN,4466.93,4467.10,4467.02,17.0
P2F4_CANDIDATE_S1,1780673700004_SELL,XAUUSD,PERIOD_M5,2026.06.05 15:35:00,1780673700004,2026.06.05 15:35:00,SELL,REJECT,M15_NOT_BEARISH,10,4463.40662762,4461.06804540,BULLISH,4452.89,4452.98,4452.93,9.0
P2F4_CANDIDATE_S1,1780692900014_BUY,XAUUSD,PERIOD_M5,2026.06.05 20:55:00,1780692900014,2026.06.05 20:55:00,BUY,REJECT,SIDE_NOT_SELL,10,0.00000000,0.00000000,UNKNOWN,4343.48,4343.65,4343.56,17.0
P2F4_CANDIDATE_S1,1780693500009_SELL,XAUUSD,PERIOD_M5,2026.06.05 21:05:00,1780693500009,2026.06.05 21:05:00,SELL,ELIGIBLE,S1_SELL_M15_BEARISH,10,4361.15726301,4399.27259819,BEARISH,4333.68,4333.82,4333.75,14.0
P2F4_CANDIDATE_S1,1780883100055_BUY,XAUUSD,PERIOD_M5,2026.06.08 01:45:00,1780883100055,2026.06.08 01:45:00,BUY,REJECT,SIDE_NOT_SELL,10,0.00000000,0.00000000,UNKNOWN,4325.96,4326.23,4326.09,27.0
P2F4_CANDIDATE_S1,1780883400031_SELL,XAUUSD,PERIOD_M5,2026.06.08 01:50:00,1780883400031,2026.06.08 01:50:00,SELL,ELIGIBLE,S1_SELL_M15_BEARISH,10,4334.90958400,4371.66349381,BEARISH,4322.48,4322.73,4322.60,25.0
P2F4_CANDIDATE_S1,1780884600019_BUY,XAUUSD,PERIOD_M5,2026.06.08 02:10:00,1780884600019,2026.06.08 02:10:00,BUY,REJECT,SIDE_NOT_SELL,10,0.00000000,0.00000000,UNKNOWN,4326.72,4326.97,4326.85,25.0
P2F4_CANDIDATE_S1,1780892100044_SELL,XAUUSD,PERIOD_M5,2026.06.08 04:15:00,1780892100044,2026.06.08 04:15:00,SELL,ELIGIBLE,S1_SELL_M15_BEARISH,10,4337.16698353,4360.54904381,BEARISH,4327.03,4327.24,4327.14,21.0
P2F4_CANDIDATE_S1,1780902900017_BUY,XAUUSD,PERIOD_M5,2026.06.08 07:15:00,1780902900017,2026.06.08 07:15:00,BUY,REJECT,SIDE_NOT_SELL,10,0.00000000,0.00000000,UNKNOWN,4318.75,4318.96,4318.85,21.0
P2F4_CANDIDATE_S1,1780904700039_SELL,XAUUSD,PERIOD_M5,2026.06.08 07:45:00,1780904700039,2026.06.08 07:45:00,SELL,ELIGIBLE,S1_SELL_M15_BEARISH,10,4319.85857004,4340.85970585,BEARISH,4307.67,4307.88,4307.77,21.0
P2F4_CANDIDATE_S1,1780914000047_BUY,XAUUSD,PERIOD_M5,2026.06.08 10:20:00,1780914000047,2026.06.08 10:20:00,BUY,REJECT,SIDE_NOT_SELL,10,0.00000000,0.00000000,UNKNOWN,4306.35,4306.52,4306.44,17.0
P2F4_CANDIDATE_S1,1780916100039_SELL,XAUUSD,PERIOD_M5,2026.06.08 10:55:00,1780916100039,2026.06.08 10:55:00,SELL,ELIGIBLE,S1_SELL_M15_BEARISH,10,4307.63812945,4326.20584213,BEARISH,4296.52,4296.69,4296.60,17.0
P2F4_CANDIDATE_S1,1780923600005_BUY,XAUUSD,PERIOD_M5,2026.06.08 13:00:00,1780923600005,2026.06.08 13:00:00,BUY,REJECT,SIDE_NOT_SELL,10,0.00000000,0.00000000,UNKNOWN,4294.34,4294.51,4294.43,17.0
P2F4_CANDIDATE_S1,1780938600031_SELL,XAUUSD,PERIOD_M5,2026.06.08 17:10:00,1780938600031,2026.06.08 17:10:00,SELL,REJECT,M15_NOT_BEARISH,10,4319.74029403,4318.88429701,BULLISH,4320.56,4320.73,4320.65,17.0
P2F4_CANDIDATE_S1,1780942200005_BUY,XAUUSD,PERIOD_M5,2026.06.08 18:10:00,1780942200005,2026.06.08 18:10:00,BUY,REJECT,SIDE_NOT_SELL,10,0.00000000,0.00000000,UNKNOWN,4328.53,4328.70,4328.61,17.0
P2F4_CANDIDATE_S1,1780951200012_SELL,XAUUSD,PERIOD_M5,2026.06.08 20:40:00,1780951200012,2026.06.08 20:40:00,SELL,REJECT,M15_NOT_BEARISH,10,4332.44319346,4325.84104678,BULLISH,4334.98,4335.15,4335.06,17.0
P2F4_CANDIDATE_S1,1780952700006_BUY,XAUUSD,PERIOD_M5,2026.06.08 21:05:00,1780952700006,2026.06.08 21:05:00,BUY,REJECT,SIDE_NOT_SELL,10,0.00000000,0.00000000,UNKNOWN,4343.83,4344.00,4343.91,17.0
P2F4_CANDIDATE_S1,1780955400066_SELL,XAUUSD,PERIOD_M5,2026.06.08 21:50:00,1780955400066,2026.06.08 21:50:00,SELL,REJECT,M15_NOT_BEARISH,10,4335.00566502,4328.20284436,BULLISH,4334.66,4334.83,4334.74,17.0
P2F4_CANDIDATE_S1,1780978500005_BUY,XAUUSD,PERIOD_M5,2026.06.09 04:15:00,1780978500005,2026.06.09 04:15:00,BUY,REJECT,SIDE_NOT_SELL,10,0.00000000,0.00000000,UNKNOWN,4324.01,4324.22,4324.11,21.0
P2F4_CANDIDATE_S1,1780989600277_SELL,XAUUSD,PERIOD_M5,2026.06.09 07:20:00,1780989600277,2026.06.09 07:20:00,SELL,REJECT,M15_NOT_BEARISH,10,4332.62705449,4329.73579417,BULLISH,4330.00,4330.21,4330.10,21.0
P2F4_CANDIDATE_S1,1780994100002_BUY,XAUUSD,PERIOD_M5,2026.06.09 08:35:00,1780994100002,2026.06.09 08:35:00,BUY,REJECT,SIDE_NOT_SELL,10,0.00000000,0.00000000,UNKNOWN,4342.81,4342.98,4342.90,17.0
P2F4_CANDIDATE_S1,1780998900017_SELL,XAUUSD,PERIOD_M5,2026.06.09 09:55:00,1780998900017,2026.06.09 09:55:00,SELL,REJECT,M15_NOT_BEARISH,10,4335.67511558,4332.08120943,BULLISH,4335.32,4335.49,4335.40,17.0
P2F4_CANDIDATE_S1,1781005200050_BUY,XAUUSD,PERIOD_M5,2026.06.09 11:40:00,1781005200050,2026.06.09 11:40:00,BUY,REJECT,SIDE_NOT_SELL,10,0.00000000,0.00000000,UNKNOWN,4334.45,4334.62,4334.53,17.0
P2F4_CANDIDATE_S1,1781006100097_SELL,XAUUSD,PERIOD_M5,2026.06.09 11:55:00,1781006100097,2026.06.09 11:55:00,SELL,REJECT,M15_NOT_BEARISH,10,4333.13304365,4331.72395483,BULLISH,4329.99,4330.16,4330.07,17.0
P2F4_CANDIDATE_S1,1781010000043_BUY,XAUUSD,PERIOD_M5,2026.06.09 13:00:00,1781010000043,2026.06.09 13:00:00,BUY,REJECT,SIDE_NOT_SELL,10,0.00000000,0.00000000,UNKNOWN,4332.20,4332.37,4332.28,17.0
P2F4_CANDIDATE_S1,1781010600003_SELL,XAUUSD,PERIOD_M5,2026.06.09 13:10:00,1781010600003,2026.06.09 13:10:00,SELL,REJECT,M15_NOT_BEARISH,10,4331.28756934,4331.10650180,BULLISH,4327.25,4327.42,4327.34,17.0
P2F4_CANDIDATE_S1,1781010900000_BUY,XAUUSD,PERIOD_M5,2026.06.09 13:15:00,1781010900000,2026.06.09 13:15:00,BUY,REJECT,SIDE_NOT_SELL,10,0.00000000,0.00000000,UNKNOWN,4335.27,4335.36,4335.32,9.0
P2F4_CANDIDATE_S1,1781022300000_SELL,XAUUSD,PERIOD_M5,2026.06.09 16:25:00,1781022300000,2026.06.09 16:25:00,SELL,REJECT,M15_NOT_BEARISH,10,4336.83758919,4334.09852023,BULLISH,4333.47,4333.64,4333.56,17.0
P2F4_CANDIDATE_S1,1781040000027_BUY,XAUUSD,PERIOD_M5,2026.06.09 21:20:00,1781040000027,2026.06.09 21:20:00,BUY,REJECT,SIDE_NOT_SELL,10,0.00000000,0.00000000,UNKNOWN,4269.26,4269.43,4269.35,17.0
P2F4_CANDIDATE_S1,1781043300041_SELL,XAUUSD,PERIOD_M5,2026.06.09 22:15:00,1781043300041,2026.06.09 22:15:00,SELL,ELIGIBLE,S1_SELL_M15_BEARISH,10,4275.85102866,4297.97174116,BEARISH,4258.76,4258.93,4258.85,17.0
P2F4_CANDIDATE_S1,1781080200033_BUY,XAUUSD,PERIOD_M5,2026.06.10 08:30:00,1781080200033,2026.06.10 08:30:00,BUY,REJECT,SIDE_NOT_SELL,10,0.00000000,0.00000000,UNKNOWN,4187.14,4187.31,4187.23,17.0
P2F4_CANDIDATE_S1,1781087700145_SELL,XAUUSD,PERIOD_M5,2026.06.10 10:35:00,1781087700145,2026.06.10 10:35:00,SELL,ELIGIBLE,S1_SELL_M15_BEARISH,10,4197.90611292,4218.75378357,BEARISH,4194.70,4194.87,4194.78,17.0
P2F4_CANDIDATE_S1,1781099700043_BUY,XAUUSD,PERIOD_M5,2026.06.10 13:55:00,1781099700043,2026.06.10 13:55:00,BUY,REJECT,SIDE_NOT_SELL,10,0.00000000,0.00000000,UNKNOWN,4171.82,4172.01,4171.91,19.0
P2F4_CANDIDATE_S1,1781100300029_SELL,XAUUSD,PERIOD_M5,2026.06.10 14:05:00,1781100300029,2026.06.10 14:05:00,SELL,ELIGIBLE,S1_SELL_M15_BEARISH,10,4176.92755164,4198.14822699,BEARISH,4161.40,4161.57,4161.48,17.0
P2F4_CANDIDATE_S1,1781109900005_BUY,XAUUSD,PERIOD_M5,2026.06.10 16:45:00,1781109900005,2026.06.10 16:45:00,BUY,REJECT,SIDE_NOT_SELL,10,0.00000000,0.00000000,UNKNOWN,4178.87,4179.03,4178.95,16.0
P2F4_CANDIDATE_S1,1781113500039_SELL,XAUUSD,PERIOD_M5,2026.06.10 17:45:00,1781113500039,2026.06.10 17:45:00,SELL,ELIGIBLE,S1_SELL_M15_BEARISH,10,4163.20757659,4180.18648891,BEARISH,4149.87,4150.04,4149.95,17.0
P2F4_CANDIDATE_S1,1781148600021_BUY,XAUUSD,PERIOD_M5,2026.06.11 03:30:00,1781148600021,2026.06.11 03:30:00,BUY,REJECT,SIDE_NOT_SELL,10,0.00000000,0.00000000,UNKNOWN,4067.65,4067.88,4067.77,23.0
P2F4_CANDIDATE_S1,1781156400033_SELL,XAUUSD,PERIOD_M5,2026.06.11 05:40:00,1781156400033,2026.06.11 05:40:00,SELL,ELIGIBLE,S1_SELL_M15_BEARISH,10,4083.70865374,4105.40672173,BEARISH,4067.13,4067.34,4067.24,21.0
P2F4_CANDIDATE_S1,1781162100034_BUY,XAUUSD,PERIOD_M5,2026.06.11 07:15:00,1781162100034,2026.06.11 07:15:00,BUY,REJECT,SIDE_NOT_SELL,10,0.00000000,0.00000000,UNKNOWN,4082.77,4082.98,4082.88,21.0
P2F4_CANDIDATE_S1,1781178300012_SELL,XAUUSD,PERIOD_M5,2026.06.11 11:45:00,1781178300012,2026.06.11 11:45:00,SELL,ELIGIBLE,S1_SELL_M15_BEARISH,10,4092.50598108,4095.04400910,BEARISH,4090.67,4090.84,4090.76,17.0
P2F4_CANDIDATE_S1,1781196900031_BUY,XAUUSD,PERIOD_M5,2026.06.11 16:55:00,1781196900031,2026.06.11 16:55:00,BUY,REJECT,SIDE_NOT_SELL,10,0.00000000,0.00000000,UNKNOWN,4085.12,4085.22,4085.17,10.0
P2F4_CANDIDATE_S1,1781197800031_SELL,XAUUSD,PERIOD_M5,2026.06.11 17:10:00,1781197800031,2026.06.11 17:10:00,SELL,ELIGIBLE,S1_SELL_M15_BEARISH,10,4081.98128722,4087.61802331,BEARISH,4062.53,4062.66,4062.60,13.0
P2F4_CANDIDATE_S1,1781201400007_BUY,XAUUSD,PERIOD_M5,2026.06.11 18:10:00,1781201400007,2026.06.11 18:10:00,BUY,REJECT,SIDE_NOT_SELL,10,0.00000000,0.00000000,UNKNOWN,4081.04,4081.21,4081.13,17.0
P2F4_CANDIDATE_S1,1781207700011_SELL,XAUUSD,PERIOD_M5,2026.06.11 19:55:00,1781207700011,2026.06.11 19:55:00,SELL,ELIGIBLE,S1_SELL_M15_BEARISH,10,4082.51740119,4085.50007962,BEARISH,4079.69,4079.84,4079.77,15.0
P2F4_CANDIDATE_S1,1781209800014_BUY,XAUUSD,PERIOD_M5,2026.06.11 20:30:00,1781209800014,2026.06.11 20:30:00,BUY,REJECT,SIDE_NOT_SELL,10,0.00000000,0.00000000,UNKNOWN,4102.05,4102.22,4102.14,17.0
P2F4_CANDIDATE_S1,1781235900027_SELL,XAUUSD,PERIOD_M5,2026.06.12 03:45:00,1781235900027,2026.06.12 03:45:00,SELL,REJECT,M15_NOT_BEARISH,10,4194.05449206,4152.56958939,BULLISH,4203.99,4204.20,4204.09,21.0
P2F4_CANDIDATE_S1,1781245200008_BUY,XAUUSD,PERIOD_M5,2026.06.12 06:20:00,1781245200008,2026.06.12 06:20:00,BUY,REJECT,SIDE_NOT_SELL,10,0.00000000,0.00000000,UNKNOWN,4196.13,4196.34,4196.24,21.0
P2F4_CANDIDATE_S1,1781249100063_SELL,XAUUSD,PERIOD_M5,2026.06.12 07:25:00,1781249100063,2026.06.12 07:25:00,SELL,REJECT,M15_NOT_BEARISH,10,4193.54532962,4169.75549560,BULLISH,4193.23,4193.44,4193.33,21.0
P2F4_CANDIDATE_S1,1781262000007_BUY,XAUUSD,PERIOD_M5,2026.06.12 11:00:00,1781262000007,2026.06.12 11:00:00,BUY,REJECT,SIDE_NOT_SELL,10,0.00000000,0.00000000,UNKNOWN,4194.25,4194.39,4194.32,14.0
P2F4_CANDIDATE_S1,1781271300010_SELL,XAUUSD,PERIOD_M5,2026.06.12 13:35:00,1781271300010,2026.06.12 13:35:00,SELL,REJECT,M15_NOT_BEARISH,10,4205.99684467,4189.77321320,BULLISH,4214.69,4214.86,4214.77,17.0
P2F4_CANDIDATE_S1,1781287500002_BUY,XAUUSD,PERIOD_M5,2026.06.12 18:05:00,1781287500002,2026.06.12 18:05:00,BUY,REJECT,SIDE_NOT_SELL,10,0.00000000,0.00000000,UNKNOWN,4203.25,4203.42,4203.34,17.0
P2F4_CANDIDATE_S1,1781301900074_SELL,XAUUSD,PERIOD_M5,2026.06.12 22:05:00,1781301900074,2026.06.12 22:05:00,SELL,REJECT,M15_NOT_BEARISH,10,4216.22971275,4206.50089914,BULLISH,4217.69,4217.86,4217.77,17.0
P2F4_CANDIDATE_S1,1781485500054_BUY,XAUUSD,PERIOD_M5,2026.06.15 01:05:00,1781485500054,2026.06.15 01:05:00,BUY,REJECT,SIDE_NOT_SELL,10,0.00000000,0.00000000,UNKNOWN,4300.64,4302.04,4301.34,140.0
P2F4_CANDIDATE_S1,1781513100038_SELL,XAUUSD,PERIOD_M5,2026.06.15 08:45:00,1781513100038,2026.06.15 08:45:00,SELL,REJECT,M15_NOT_BEARISH,10,4315.95049152,4284.06532205,BULLISH,4312.72,4312.89,4312.81,17.0
P2F4_CANDIDATE_S1,1781519400002_BUY,XAUUSD,PERIOD_M5,2026.06.15 10:30:00,1781519400002,2026.06.15 10:30:00,BUY,REJECT,SIDE_NOT_SELL,10,0.00000000,0.00000000,UNKNOWN,4316.71,4316.88,4316.80,17.0
P2F4_CANDIDATE_S1,1781535600007_SELL,XAUUSD,PERIOD_M5,2026.06.15 15:00:00,1781535600007,2026.06.15 15:00:00,SELL,REJECT,M15_NOT_BEARISH,10,4332.76634274,4313.67103452,BULLISH,4335.27,4335.40,4335.34,13.0
P2F4_CANDIDATE_S1,1781538000001_BUY,XAUUSD,PERIOD_M5,2026.06.15 15:40:00,1781538000001,2026.06.15 15:40:00,BUY,REJECT,SIDE_NOT_SELL,10,0.00000000,0.00000000,UNKNOWN,4344.03,4344.16,4344.09,13.0
P2F4_CANDIDATE_S1,1781547600009_SELL,XAUUSD,PERIOD_M5,2026.06.15 18:20:00,1781547600009,2026.06.15 18:20:00,SELL,REJECT,M15_NOT_BEARISH,10,4347.95507909,4329.40429497,BULLISH,4351.52,4351.67,4351.60,15.0
P2F4_CANDIDATE_S1,1781549400043_BUY,XAUUSD,PERIOD_M5,2026.06.15 18:50:00,1781549400043,2026.06.15 18:50:00,BUY,REJECT,SIDE_NOT_SELL,10,0.00000000,0.00000000,UNKNOWN,4356.91,4357.04,4356.98,13.0
P2F4_CANDIDATE_S1,1781550600058_SELL,XAUUSD,PERIOD_M5,2026.06.15 19:10:00,1781550600058,2026.06.15 19:10:00,SELL,REJECT,M15_NOT_BEARISH,10,4350.03613729,4332.40510421,BULLISH,4352.28,4352.40,4352.34,12.0
P2F4_CANDIDATE_S1,1781577900065_BUY,XAUUSD,PERIOD_M5,2026.06.16 02:45:00,1781577900065,2026.06.16 02:45:00,BUY,REJECT,SIDE_NOT_SELL,10,0.00000000,0.00000000,UNKNOWN,4318.20,4318.39,4318.30,19.0
P2F4_CANDIDATE_S1,1781580000011_SELL,XAUUSD,PERIOD_M5,2026.06.16 03:20:00,1781580000011,2026.06.16 03:20:00,SELL,ELIGIBLE,S1_SELL_M15_BEARISH,10,4320.65555585,4325.11418511,BEARISH,4311.63,4311.80,4311.72,17.0
P2F4_CANDIDATE_S1,1781582700031_BUY,XAUUSD,PERIOD_M5,2026.06.16 04:05:00,1781582700031,2026.06.16 04:05:00,BUY,REJECT,SIDE_NOT_SELL,10,0.00000000,0.00000000,UNKNOWN,4322.17,4322.34,4322.26,17.0
P2F4_CANDIDATE_S1,1781586000015_SELL,XAUUSD,PERIOD_M5,2026.06.16 05:00:00,1781586000015,2026.06.16 05:00:00,SELL,ELIGIBLE,S1_SELL_M15_BEARISH,10,4318.04143802,4322.72008600,BEARISH,4313.57,4313.74,4313.65,17.0
P2F4_CANDIDATE_S1,1781589600082_BUY,XAUUSD,PERIOD_M5,2026.06.16 06:00:00,1781589600082,2026.06.16 06:00:00,BUY,REJECT,SIDE_NOT_SELL,10,0.00000000,0.00000000,UNKNOWN,4318.72,4318.89,4318.81,17.0
P2F4_CANDIDATE_S1,1781599200003_SELL,XAUUSD,PERIOD_M5,2026.06.16 08:40:00,1781599200003,2026.06.16 08:40:00,SELL,ELIGIBLE,S1_SELL_M15_BEARISH,10,4322.09286377,4322.61608096,BEARISH,4316.88,4316.97,4316.93,9.0
P2F4_CANDIDATE_S1,1781604300037_BUY,XAUUSD,PERIOD_M5,2026.06.16 10:05:00,1781604300037,2026.06.16 10:05:00,BUY,REJECT,SIDE_NOT_SELL,10,0.00000000,0.00000000,UNKNOWN,4326.82,4326.95,4326.89,13.0
P2F4_CANDIDATE_S1,1781619600068_SELL,XAUUSD,PERIOD_M5,2026.06.16 14:20:00,1781619600068,2026.06.16 14:20:00,SELL,REJECT,M15_NOT_BEARISH,10,4338.68411071,4331.46577018,BULLISH,4340.78,4340.91,4340.84,13.0
P2F4_CANDIDATE_S1,1781623800015_BUY,XAUUSD,PERIOD_M5,2026.06.16 15:30:00,1781623800015,2026.06.16 15:30:00,BUY,REJECT,SIDE_NOT_SELL,10,0.00000000,0.00000000,UNKNOWN,4343.79,4343.92,4343.85,13.0
P2F4_CANDIDATE_S1,1781627100118_SELL,XAUUSD,PERIOD_M5,2026.06.16 16:25:00,1781627100118,2026.06.16 16:25:00,SELL,REJECT,M15_NOT_BEARISH,10,4342.45551561,4335.20377277,BULLISH,4338.28,4338.43,4338.35,15.0
P2F4_CANDIDATE_S1,1781636400060_BUY,XAUUSD,PERIOD_M5,2026.06.16 19:00:00,1781636400060,2026.06.16 19:00:00,BUY,REJECT,SIDE_NOT_SELL,10,0.00000000,0.00000000,UNKNOWN,4335.26,4335.30,4335.28,4.0
P2F4_CANDIDATE_S1,1781641500051_SELL,XAUUSD,PERIOD_M5,2026.06.16 20:25:00,1781641500051,2026.06.16 20:25:00,SELL,REJECT,M15_NOT_BEARISH,10,4336.58035122,4334.61782156,BULLISH,4328.51,4328.64,4328.58,13.0
P2F4_CANDIDATE_S1,1781643300086_BUY,XAUUSD,PERIOD_M5,2026.06.16 20:55:00,1781643300086,2026.06.16 20:55:00,BUY,REJECT,SIDE_NOT_SELL,10,0.00000000,0.00000000,UNKNOWN,4339.40,4339.53,4339.47,13.0
P2F4_CANDIDATE_S1,1781649900070_SELL,XAUUSD,PERIOD_M5,2026.06.16 22:45:00,1781649900070,2026.06.16 22:45:00,SELL,REJECT,M15_NOT_BEARISH,10,4338.26095011,4336.12882880,BULLISH,4338.63,4338.67,4338.65,4.0
P2F4_CANDIDATE_S1,1781662800078_BUY,XAUUSD,PERIOD_M5,2026.06.17 02:20:00,1781662800078,2026.06.17 02:20:00,BUY,REJECT,SIDE_NOT_SELL,10,0.00000000,0.00000000,UNKNOWN,4335.91,4336.12,4336.01,21.0
P2F4_CANDIDATE_S1,1781664600153_SELL,XAUUSD,PERIOD_M5,2026.06.17 02:50:00,1781664600153,2026.06.17 02:50:00,SELL,REJECT,M15_NOT_BEARISH,10,4336.07648664,4335.58000058,BULLISH,4333.43,4333.64,4333.53,21.0
P2F4_CANDIDATE_S1,1781665800017_BUY,XAUUSD,PERIOD_M5,2026.06.17 03:10:00,1781665800017,2026.06.17 03:10:00,BUY,REJECT,SIDE_NOT_SELL,10,0.00000000,0.00000000,UNKNOWN,4338.13,4338.30,4338.22,17.0
P2F4_CANDIDATE_S1,1781675400060_SELL,XAUUSD,PERIOD_M5,2026.06.17 05:50:00,1781675400060,2026.06.17 05:50:00,SELL,REJECT,M15_NOT_BEARISH,10,4338.73832440,4337.09373235,BULLISH,4334.61,4334.78,4334.69,17.0
P2F4_CANDIDATE_S1,1781686200051_BUY,XAUUSD,PERIOD_M5,2026.06.17 08:50:00,1781686200051,2026.06.17 08:50:00,BUY,REJECT,SIDE_NOT_SELL,10,0.00000000,0.00000000,UNKNOWN,4331.89,4332.02,4331.95,13.0
P2F4_CANDIDATE_S1,1781688000014_SELL,XAUUSD,PERIOD_M5,2026.06.17 09:20:00,1781688000014,2026.06.17 09:20:00,SELL,ELIGIBLE,S1_SELL_M15_BEARISH,10,4330.67423632,4333.34020664,BEARISH,4323.83,4323.96,4323.90,13.0
P2F4_CANDIDATE_S1,1781690100037_BUY,XAUUSD,PERIOD_M5,2026.06.17 09:55:00,1781690100037,2026.06.17 09:55:00,BUY,REJECT,SIDE_NOT_SELL,10,0.00000000,0.00000000,UNKNOWN,4329.40,4329.53,4329.47,13.0
P2F4_CANDIDATE_S1,1781693700050_SELL,XAUUSD,PERIOD_M5,2026.06.17 10:55:00,1781693700050,2026.06.17 10:55:00,SELL,ELIGIBLE,S1_SELL_M15_BEARISH,10,4329.62430140,4332.25334096,BEARISH,4325.37,4325.53,4325.45,16.0
P2F4_CANDIDATE_S1,1781699400029_BUY,XAUUSD,PERIOD_M5,2026.06.17 12:30:00,1781699400029,2026.06.17 12:30:00,BUY,REJECT,SIDE_NOT_SELL,10,0.00000000,0.00000000,UNKNOWN,4332.01,4332.14,4332.08,13.0
P2F4_CANDIDATE_S1,1781706900042_SELL,XAUUSD,PERIOD_M5,2026.06.17 14:35:00,1781706900042,2026.06.17 14:35:00,SELL,ELIGIBLE,S1_SELL_M15_BEARISH,10,4328.74979396,4330.30551092,BEARISH,4325.73,4325.86,4325.80,13.0
P2F4_CANDIDATE_S1,1781710800045_BUY,XAUUSD,PERIOD_M5,2026.06.17 15:40:00,1781710800045,2026.06.17 15:40:00,BUY,REJECT,SIDE_NOT_SELL,10,0.00000000,0.00000000,UNKNOWN,4330.57,4330.70,4330.64,13.0
P2F4_CANDIDATE_S1,1781730300003_SELL,XAUUSD,PERIOD_M5,2026.06.17 21:05:00,1781730300003,2026.06.17 21:05:00,SELL,REJECT,M15_NOT_BEARISH,10,4356.31392302,4344.86879993,BULLISH,4316.22,4316.35,4316.28,13.0
P2F4_CANDIDATE_S1,1781748900017_BUY,XAUUSD,PERIOD_M5,2026.06.18 02:15:00,1781748900017,2026.06.18 02:15:00,BUY,REJECT,SIDE_NOT_SELL,10,0.00000000,0.00000000,UNKNOWN,4281.84,4281.97,4281.91,13.0
P2F4_CANDIDATE_S1,1781762700013_SELL,XAUUSD,PERIOD_M5,2026.06.18 06:05:00,1781762700013,2026.06.18 06:05:00,SELL,ELIGIBLE,S1_SELL_M15_BEARISH,10,4307.75017183,4311.79405876,BEARISH,4312.12,4312.31,4312.22,19.0
P2F4_CANDIDATE_S1,1781764800138_BUY,XAUUSD,PERIOD_M5,2026.06.18 06:40:00,1781764800138,2026.06.18 06:40:00,BUY,REJECT,SIDE_NOT_SELL,10,0.00000000,0.00000000,UNKNOWN,4320.83,4321.00,4320.91,17.0
P2F4_CANDIDATE_S1,1781767500046_SELL,XAUUSD,PERIOD_M5,2026.06.18 07:25:00,1781767500046,2026.06.18 07:25:00,SELL,ELIGIBLE,S1_SELL_M15_BEARISH,10,4311.31196409,4312.66744651,BEARISH,4313.31,4313.48,4313.40,17.0
P2F4_CANDIDATE_S1,1781770800001_BUY,XAUUSD,PERIOD_M5,2026.06.18 08:20:00,1781770800001,2026.06.18 08:20:00,BUY,REJECT,SIDE_NOT_SELL,10,0.00000000,0.00000000,UNKNOWN,4321.33,4321.46,4321.40,13.0
P2F4_CANDIDATE_S1,1781772600045_SELL,XAUUSD,PERIOD_M5,2026.06.18 08:50:00,1781772600045,2026.06.18 08:50:00,SELL,ELIGIBLE,S1_SELL_M15_BEARISH,10,4313.00736923,4313.15860517,BEARISH,4303.00,4303.13,4303.07,13.0
P2F4_CANDIDATE_S1,1781799600074_BUY,XAUUSD,PERIOD_M5,2026.06.18 16:20:00,1781799600074,2026.06.18 16:20:00,BUY,REJECT,SIDE_NOT_SELL,10,0.00000000,0.00000000,UNKNOWN,4258.61,4258.69,4258.65,8.0
P2F4_CANDIDATE_S1,1781802600004_SELL,XAUUSD,PERIOD_M5,2026.06.18 17:10:00,1781802600004,2026.06.18 17:10:00,SELL,ELIGIBLE,S1_SELL_M15_BEARISH,10,4261.77417547,4278.68826909,BEARISH,4243.64,4243.77,4243.70,13.0
P2F4_CANDIDATE_S1,1781816100030_BUY,XAUUSD,PERIOD_M5,2026.06.18 20:55:00,1781816100030,2026.06.18 20:55:00,BUY,REJECT,SIDE_NOT_SELL,10,0.00000000,0.00000000,UNKNOWN,4232.45,4232.58,4232.51,13.0
P2F4_CANDIDATE_S1,1781818500034_SELL,XAUUSD,PERIOD_M5,2026.06.18 21:35:00,1781818500034,2026.06.18 21:35:00,SELL,ELIGIBLE,S1_SELL_M15_BEARISH,10,4235.01717696,4254.35888147,BEARISH,4222.70,4222.82,4222.76,12.0
P2F4_CANDIDATE_S1,1781860800017_BUY,XAUUSD,PERIOD_M5,2026.06.19 09:20:00,1781860800017,2026.06.19 09:20:00,BUY,REJECT,SIDE_NOT_SELL,10,0.00000000,0.00000000,UNKNOWN,4141.64,4141.77,4141.70,13.0
P2F4_CANDIDATE_S1,1781862000120_SELL,XAUUSD,PERIOD_M5,2026.06.19 09:40:00,1781862000120,2026.06.19 09:40:00,SELL,ELIGIBLE,S1_SELL_M15_BEARISH,10,4154.32039492,4184.07513460,BEARISH,4133.73,4133.86,4133.80,13.0
P2F4_CANDIDATE_S1,1781862600013_BUY,XAUUSD,PERIOD_M5,2026.06.19 09:50:00,1781862600013,2026.06.19 09:50:00,BUY,REJECT,SIDE_NOT_SELL,10,0.00000000,0.00000000,UNKNOWN,4145.41,4145.65,4145.53,24.0
P2F4_CANDIDATE_S1,1781874300007_SELL,XAUUSD,PERIOD_M5,2026.06.19 13:05:00,1781874300007,2026.06.19 13:05:00,SELL,ELIGIBLE,S1_SELL_M15_BEARISH,10,4160.19460388,4174.12835286,BEARISH,4157.92,4157.96,4157.94,4.0
P2F4_CANDIDATE_S1,1781881800035_BUY,XAUUSD,PERIOD_M5,2026.06.19 15:10:00,1781881800035,2026.06.19 15:10:00,BUY,REJECT,SIDE_NOT_SELL,10,0.00000000,0.00000000,UNKNOWN,4158.50,4158.65,4158.57,15.0
P2F4_CANDIDATE_S1,1781883900104_SELL,XAUUSD,PERIOD_M5,2026.06.19 15:45:00,1781883900104,2026.06.19 15:45:00,SELL,ELIGIBLE,S1_SELL_M15_BEARISH,10,4154.27781267,4165.98913104,BEARISH,4152.32,4152.45,4152.39,13.0
P2F4_CANDIDATE_S1,1781884500019_BUY,XAUUSD,PERIOD_M5,2026.06.19 15:55:00,1781884500019,2026.06.19 15:55:00,BUY,REJECT,SIDE_NOT_SELL,10,0.00000000,0.00000000,UNKNOWN,4172.86,4172.99,4172.92,13.0
P2F4_CANDIDATE_S1,1781888400004_SELL,XAUUSD,PERIOD_M5,2026.06.19 17:00:00,1781888400004,2026.06.19 17:00:00,SELL,ELIGIBLE,S1_SELL_M15_BEARISH,10,4157.83994323,4165.64959211,BEARISH,4151.46,4151.59,4151.52,13.0
P2F4_CANDIDATE_S1,1781898600038_BUY,XAUUSD,PERIOD_M5,2026.06.19 19:50:00,1781898600038,2026.06.19 19:50:00,BUY,REJECT,SIDE_NOT_SELL,10,0.00000000,0.00000000,UNKNOWN,4157.03,4157.16,4157.09,13.0
P2F4_CANDIDATE_S1,1782096000243_SELL,XAUUSD,PERIOD_M5,2026.06.22 02:40:00,1782096000243,2026.06.22 02:40:00,SELL,ELIGIBLE,S1_SELL_M15_BEARISH,10,4153.62748439,4158.35690953,BEARISH,4144.84,4145.05,4144.94,21.0
P2F4_CANDIDATE_S1,1782098400042_BUY,XAUUSD,PERIOD_M5,2026.06.22 03:20:00,1782098400042,2026.06.22 03:20:00,BUY,REJECT,SIDE_NOT_SELL,10,0.00000000,0.00000000,UNKNOWN,4163.78,4163.95,4163.86,17.0
P2F4_CANDIDATE_S1,1782108600042_SELL,XAUUSD,PERIOD_M5,2026.06.22 06:10:00,1782108600042,2026.06.22 06:10:00,SELL,REJECT,M15_NOT_BEARISH,10,4178.80866069,4169.60902658,BULLISH,4182.63,4182.80,4182.72,17.0
P2F4_CANDIDATE_S1,1782115800006_BUY,XAUUSD,PERIOD_M5,2026.06.22 08:10:00,1782115800006,2026.06.22 08:10:00,BUY,REJECT,SIDE_NOT_SELL,10,0.00000000,0.00000000,UNKNOWN,4183.77,4183.90,4183.84,13.0
P2F4_CANDIDATE_S1,1782125700008_SELL,XAUUSD,PERIOD_M5,2026.06.22 10:55:00,1782125700008,2026.06.22 10:55:00,SELL,REJECT,M15_NOT_BEARISH,10,4190.07785710,4180.23152486,BULLISH,4191.26,4191.39,4191.33,13.0
P2F4_CANDIDATE_S1,1782129600059_BUY,XAUUSD,PERIOD_M5,2026.06.22 12:00:00,1782129600059,2026.06.22 12:00:00,BUY,REJECT,SIDE_NOT_SELL,10,0.00000000,0.00000000,UNKNOWN,4197.45,4197.58,4197.51,13.0
P2F4_CANDIDATE_S1,1782139200039_SELL,XAUUSD,PERIOD_M5,2026.06.22 14:40:00,1782139200039,2026.06.22 14:40:00,SELL,REJECT,M15_NOT_BEARISH,10,4201.34375898,4190.67172343,BULLISH,4206.36,4206.49,4206.42,13.0
P2F4_CANDIDATE_S1,1782140700013_BUY,XAUUSD,PERIOD_M5,2026.06.22 15:05:00,1782140700013,2026.06.22 15:05:00,BUY,REJECT,SIDE_NOT_SELL,10,0.00000000,0.00000000,UNKNOWN,4210.69,4210.82,4210.75,13.0
P2F4_CANDIDATE_S1,1782142800011_SELL,XAUUSD,PERIOD_M5,2026.06.22 15:40:00,1782142800011,2026.06.22 15:40:00,SELL,REJECT,M15_NOT_BEARISH,10,4203.39955479,4193.16508230,BULLISH,4203.66,4203.79,4203.73,13.0
P2F4_CANDIDATE_S1,1782148200069_BUY,XAUUSD,PERIOD_M5,2026.06.22 17:10:00,1782148200069,2026.06.22 17:10:00,BUY,REJECT,SIDE_NOT_SELL,10,0.00000000,0.00000000,UNKNOWN,4206.25,4206.38,4206.32,13.0
P2F4_CANDIDATE_S1,1782149100040_SELL,XAUUSD,PERIOD_M5,2026.06.22 17:25:00,1782149100040,2026.06.22 17:25:00,SELL,REJECT,M15_NOT_BEARISH,10,4200.03934152,4193.98534233,BULLISH,4192.58,4192.71,4192.65,13.0
P2F4_CANDIDATE_S1,1782158700081_BUY,XAUUSD,PERIOD_M5,2026.06.22 20:05:00,1782158700081,2026.06.22 20:05:00,BUY,REJECT,SIDE_NOT_SELL,10,0.00000000,0.00000000,UNKNOWN,4189.33,4189.46,4189.40,13.0
P2F4_CANDIDATE_S1,1782160500070_SELL,XAUUSD,PERIOD_M5,2026.06.22 20:35:00,1782160500070,2026.06.22 20:35:00,SELL,ELIGIBLE,S1_SELL_M15_BEARISH,10,4190.04471467,4191.13371059,BEARISH,4179.00,4179.13,4179.07,13.0
P2F4_CANDIDATE_S1,1782163500083_BUY,XAUUSD,PERIOD_M5,2026.06.22 21:25:00,1782163500083,2026.06.22 21:25:00,BUY,REJECT,SIDE_NOT_SELL,10,0.00000000,0.00000000,UNKNOWN,4188.65,4188.78,4188.72,13.0
P2F4_CANDIDATE_S1,1782168600030_SELL,XAUUSD,PERIOD_M5,2026.06.22 22:50:00,1782168600030,2026.06.22 22:50:00,SELL,ELIGIBLE,S1_SELL_M15_BEARISH,10,4188.35585564,4189.88012663,BEARISH,4185.45,4185.58,4185.51,13.0
P2F4_CANDIDATE_S1,1782176400688_BUY,XAUUSD,PERIOD_M5,2026.06.23 01:00:00,1782176400688,2026.06.23 01:00:00,BUY,REJECT,SIDE_NOT_SELL,10,0.00000000,0.00000000,UNKNOWN,4189.24,4198.57,4193.90,933.0
P2F4_CANDIDATE_S1,1782183600046_SELL,XAUUSD,PERIOD_M5,2026.06.23 03:00:00,1782183600046,2026.06.23 03:00:00,SELL,ELIGIBLE,S1_SELL_M15_BEARISH,10,4189.96426103,4190.25462468,BEARISH,4187.57,4187.74,4187.65,17.0
P2F4_CANDIDATE_S1,1782186900002_BUY,XAUUSD,PERIOD_M5,2026.06.23 03:55:00,1782186900002,2026.06.23 03:55:00,BUY,REJECT,SIDE_NOT_SELL,10,0.00000000,0.00000000,UNKNOWN,4191.63,4191.80,4191.72,17.0
P2F4_CANDIDATE_S1,1782188400034_SELL,XAUUSD,PERIOD_M5,2026.06.23 04:20:00,1782188400034,2026.06.23 04:20:00,SELL,ELIGIBLE,S1_SELL_M15_BEARISH,10,4188.90565547,4189.67183115,BEARISH,4173.57,4173.74,4173.65,17.0
P2F4_CANDIDATE_S1,1782216900077_BUY,XAUUSD,PERIOD_M5,2026.06.23 12:15:00,1782216900077,2026.06.23 12:15:00,BUY,REJECT,SIDE_NOT_SELL,10,0.00000000,0.00000000,UNKNOWN,4111.10,4111.23,4111.16,13.0
P2F4_CANDIDATE_S1,1782227100051_SELL,XAUUSD,PERIOD_M5,2026.06.23 15:05:00,1782227100051,2026.06.23 15:05:00,SELL,ELIGIBLE,S1_SELL_M15_BEARISH,10,4121.97523756,4135.03151654,BEARISH,4122.41,4122.54,4122.48,13.0
P2F4_CANDIDATE_S1,1782233100022_BUY,XAUUSD,PERIOD_M5,2026.06.23 16:45:00,1782233100022,2026.06.23 16:45:00,BUY,REJECT,SIDE_NOT_SELL,10,0.00000000,0.00000000,UNKNOWN,4126.45,4126.58,4126.51,13.0
P2F4_CANDIDATE_S1,1782239100006_SELL,XAUUSD,PERIOD_M5,2026.06.23 18:25:00,1782239100006,2026.06.23 18:25:00,SELL,ELIGIBLE,S1_SELL_M15_BEARISH,10,4124.80939977,4130.78270291,BEARISH,4125.01,4125.14,4125.08,13.0
P2F4_CANDIDATE_S1,1782239700003_BUY,XAUUSD,PERIOD_M5,2026.06.23 18:35:00,1782239700003,2026.06.23 18:35:00,BUY,REJECT,SIDE_NOT_SELL,10,0.00000000,0.00000000,UNKNOWN,4133.12,4133.25,4133.18,13.0
P2F4_CANDIDATE_S1,1782246600008_SELL,XAUUSD,PERIOD_M5,2026.06.23 20:30:00,1782246600008,2026.06.23 20:30:00,SELL,ELIGIBLE,S1_SELL_M15_BEARISH,10,4131.47832875,4132.36635458,BEARISH,4131.08,4131.21,4131.15,13.0
P2F4_CANDIDATE_S1,1782288600195_BUY,XAUUSD,PERIOD_M5,2026.06.24 08:10:00,1782288600195,2026.06.24 08:10:00,BUY,REJECT,SIDE_NOT_SELL,10,0.00000000,0.00000000,UNKNOWN,4069.49,4069.62,4069.55,13.0
P2F4_CANDIDATE_S1,1782298500088_SELL,XAUUSD,PERIOD_M5,2026.06.24 10:55:00,1782298500088,2026.06.24 10:55:00,SELL,ELIGIBLE,S1_SELL_M15_BEARISH,10,4081.02714300,4090.77686793,BEARISH,4078.83,4078.95,4078.89,12.0
P2F4_CANDIDATE_S1,1782320400042_BUY,XAUUSD,PERIOD_M5,2026.06.24 17:00:00,1782320400042,2026.06.24 17:00:00,BUY,REJECT,SIDE_NOT_SELL,10,0.00000000,0.00000000,UNKNOWN,4038.31,4038.44,4038.38,13.0
P2F4_CANDIDATE_S1,1782324000054_SELL,XAUUSD,PERIOD_M5,2026.06.24 18:00:00,1782324000054,2026.06.24 18:00:00,SELL,ELIGIBLE,S1_SELL_M15_BEARISH,10,4026.72697364,4051.41274427,BEARISH,4008.03,4008.12,4008.07,9.0
P2F4_CANDIDATE_S1,1782329700005_BUY,XAUUSD,PERIOD_M5,2026.06.24 19:35:00,1782329700005,2026.06.24 19:35:00,BUY,REJECT,SIDE_NOT_SELL,10,0.00000000,0.00000000,UNKNOWN,4014.93,4014.98,4014.95,5.0
P2F4_CANDIDATE_S1,1782331200093_SELL,XAUUSD,PERIOD_M5,2026.06.24 20:00:00,1782331200093,2026.06.24 20:00:00,SELL,ELIGIBLE,S1_SELL_M15_BEARISH,10,4016.46841843,4039.50667224,BEARISH,4006.69,4006.82,4006.76,13.0
P2F4_CANDIDATE_S1,1782349200768_BUY,XAUUSD,PERIOD_M5,2026.06.25 01:00:00,1782349200768,2026.06.25 01:00:00,BUY,REJECT,SIDE_NOT_SELL,10,0.00000000,0.00000000,UNKNOWN,4001.11,4008.25,4004.68,714.0
P2F4_CANDIDATE_S1,1782358500007_SELL,XAUUSD,PERIOD_M5,2026.06.25 03:35:00,1782358500007,2026.06.25 03:35:00,SELL,ELIGIBLE,S1_SELL_M15_BEARISH,10,3999.70689885,4013.49191180,BEARISH,3987.76,3987.90,3987.83,14.0
P2F4_CANDIDATE_S1,1782370500040_BUY,XAUUSD,PERIOD_M5,2026.06.25 06:55:00,1782370500040,2026.06.25 06:55:00,BUY,REJECT,SIDE_NOT_SELL,10,0.00000000,0.00000000,UNKNOWN,3997.37,3997.54,3997.45,17.0
P2F4_CANDIDATE_S1,1782377100063_SELL,XAUUSD,PERIOD_M5,2026.06.25 08:45:00,1782377100063,2026.06.25 08:45:00,SELL,ELIGIBLE,S1_SELL_M15_BEARISH,10,3989.11561190,3998.02696670,BEARISH,3983.26,3983.39,3983.32,13.0
P2F4_CANDIDATE_S1,1782385500002_BUY,XAUUSD,PERIOD_M5,2026.06.25 11:05:00,1782385500002,2026.06.25 11:05:00,BUY,REJECT,SIDE_NOT_SELL,10,0.00000000,0.00000000,UNKNOWN,3990.12,3990.25,3990.18,13.0
P2F4_CANDIDATE_S1,1782392400008_SELL,XAUUSD,PERIOD_M5,2026.06.25 13:00:00,1782392400008,2026.06.25 13:00:00,SELL,ELIGIBLE,S1_SELL_M15_BEARISH,10,3988.34400287,3992.67591211,BEARISH,3988.27,3988.40,3988.34,13.0
P2F4_CANDIDATE_S1,1782401700007_BUY,XAUUSD,PERIOD_M5,2026.06.25 15:35:00,1782401700007,2026.06.25 15:35:00,BUY,REJECT,SIDE_NOT_SELL,10,0.00000000,0.00000000,UNKNOWN,3995.17,3995.32,3995.24,15.0
P2F4_CANDIDATE_S1,1782427800038_SELL,XAUUSD,PERIOD_M5,2026.06.25 22:50:00,1782427800038,2026.06.25 22:50:00,SELL,REJECT,M15_NOT_BEARISH,10,4030.16006603,4017.20412053,BULLISH,4026.65,4026.78,4026.72,13.0
P2F4_CANDIDATE_S1,1782447900001_BUY,XAUUSD,PERIOD_M5,2026.06.26 04:25:00,1782447900001,2026.06.26 04:25:00,BUY,REJECT,SIDE_NOT_SELL,10,0.00000000,0.00000000,UNKNOWN,4022.93,4023.10,4023.01,17.0
P2F4_CANDIDATE_S1,1782449400023_SELL,XAUUSD,PERIOD_M5,2026.06.26 04:50:00,1782449400023,2026.06.26 04:50:00,SELL,REJECT,M15_NOT_BEARISH,10,4023.20750602,4019.47378546,BULLISH,4016.37,4016.41,4016.39,4.0
P2F4_CANDIDATE_S1,1782458100029_BUY,XAUUSD,PERIOD_M5,2026.06.26 07:15:00,1782458100029,2026.06.26 07:15:00,BUY,REJECT,SIDE_NOT_SELL,10,0.00000000,0.00000000,UNKNOWN,4008.50,4008.67,4008.59,17.0
P2F4_CANDIDATE_S1,1782485700005_SELL,XAUUSD,PERIOD_M5,2026.06.26 14:55:00,1782485700005,2026.06.26 14:55:00,SELL,REJECT,M15_NOT_BEARISH,10,4040.86791855,4029.98401856,BULLISH,4044.69,4044.82,4044.76,13.0
P2F4_CANDIDATE_S1,1782489600021_BUY,XAUUSD,PERIOD_M5,2026.06.26 16:00:00,1782489600021,2026.06.26 16:00:00,BUY,REJECT,SIDE_NOT_SELL,10,0.00000000,0.00000000,UNKNOWN,4059.00,4059.13,4059.07,13.0
P2F4_CANDIDATE_S1,1782505200068_SELL,XAUUSD,PERIOD_M5,2026.06.26 20:20:00,1782505200068,2026.06.26 20:20:00,SELL,REJECT,M15_NOT_BEARISH,10,4076.01442151,4056.98537117,BULLISH,4081.65,4081.78,4081.72,13.0
P2F4_CANDIDATE_S1,1782695400014_BUY,XAUUSD,PERIOD_M5,2026.06.29 01:10:00,1782695400014,2026.06.29 01:10:00,BUY,REJECT,SIDE_NOT_SELL,10,0.00000000,0.00000000,UNKNOWN,4076.14,4076.79,4076.47,65.0
P2F4_CANDIDATE_S1,1782695700001_SELL,XAUUSD,PERIOD_M5,2026.06.29 01:15:00,1782695700001,2026.06.29 01:15:00,SELL,REJECT,M15_NOT_BEARISH,10,4072.77420787,4062.70672656,BULLISH,4069.78,4070.69,4070.24,91.0
P2F4_CANDIDATE_S1,1782705300018_BUY,XAUUSD,PERIOD_M5,2026.06.29 03:55:00,1782705300018,2026.06.29 03:55:00,BUY,REJECT,SIDE_NOT_SELL,10,0.00000000,0.00000000,UNKNOWN,4069.49,4069.66,4069.57,17.0
P2F4_CANDIDATE_S1,1782706800021_SELL,XAUUSD,PERIOD_M5,2026.06.29 04:20:00,1782706800021,2026.06.29 04:20:00,SELL,REJECT,M15_NOT_BEARISH,10,4064.70158063,4062.17318484,BULLISH,4058.44,4058.61,4058.53,17.0
P2F4_CANDIDATE_S1,1782709500010_BUY,XAUUSD,PERIOD_M5,2026.06.29 05:05:00,1782709500010,2026.06.29 05:05:00,BUY,REJECT,SIDE_NOT_SELL,10,0.00000000,0.00000000,UNKNOWN,4066.03,4066.24,4066.14,21.0
P2F4_CANDIDATE_S1,1782717600048_SELL,XAUUSD,PERIOD_M5,2026.06.29 07:20:00,1782717600048,2026.06.29 07:20:00,SELL,REJECT,M15_NOT_BEARISH,10,4065.82004552,4063.55885515,BULLISH,4064.65,4064.84,4064.74,19.0
P2F4_CANDIDATE_S1,1782724800049_BUY,XAUUSD,PERIOD_M5,2026.06.29 09:20:00,1782724800049,2026.06.29 09:20:00,BUY,REJECT,SIDE_NOT_SELL,10,0.00000000,0.00000000,UNKNOWN,4059.77,4059.90,4059.84,13.0
P2F4_CANDIDATE_S1,1782733500000_SELL,XAUUSD,PERIOD_M5,2026.06.29 11:45:00,1782733500000,2026.06.29 11:45:00,SELL,ELIGIBLE,S1_SELL_M15_BEARISH,10,4060.80018197,4061.36077424,BEARISH,4055.64,4055.85,4055.74,21.0
P2F4_CANDIDATE_S1,1782745500050_BUY,XAUUSD,PERIOD_M5,2026.06.29 15:05:00,1782745500050,2026.06.29 15:05:00,BUY,REJECT,SIDE_NOT_SELL,10,0.00000000,0.00000000,UNKNOWN,4045.68,4045.81,4045.74,13.0
P2F4_CANDIDATE_S1,1782751200000_SELL,XAUUSD,PERIOD_M5,2026.06.29 16:40:00,1782751200000,2026.06.29 16:40:00,SELL,ELIGIBLE,S1_SELL_M15_BEARISH,10,4043.58742674,4050.18569402,BEARISH,4036.12,4036.25,4036.18,13.0
P2F4_CANDIDATE_S1,1782760200030_BUY,XAUUSD,PERIOD_M5,2026.06.29 19:10:00,1782760200030,2026.06.29 19:10:00,BUY,REJECT,SIDE_NOT_SELL,10,0.00000000,0.00000000,UNKNOWN,4027.47,4027.60,4027.53,13.0
P2F4_CANDIDATE_S1,1782760500077_SELL,XAUUSD,PERIOD_M5,2026.06.29 19:15:00,1782760500077,2026.06.29 19:15:00,SELL,ELIGIBLE,S1_SELL_M15_BEARISH,10,4030.73489512,4041.04643840,BEARISH,4023.72,4023.85,4023.78,13.0
P2F4_CANDIDATE_S1,1782763800044_BUY,XAUUSD,PERIOD_M5,2026.06.29 20:10:00,1782763800044,2026.06.29 20:10:00,BUY,REJECT,SIDE_NOT_SELL,10,0.00000000,0.00000000,UNKNOWN,4030.50,4030.63,4030.57,13.0
P2F4_CANDIDATE_S1,1782765900053_SELL,XAUUSD,PERIOD_M5,2026.06.29 20:45:00,1782765900053,2026.06.29 20:45:00,SELL,ELIGIBLE,S1_SELL_M15_BEARISH,10,4027.70169287,4037.41081871,BEARISH,4021.98,4021.98,4021.98,0.0
